Incident Reference,fold,new_date_utc,LAD21CD,y,prediction_eta,training_mean_baseline,prediction_source,target_scale,run_id,purpose
FREP-12471-O,0,2023-01-19,E09000010,0.0,2.459480914683521,1.730123126926894,OOF_date_group_diagnostic,log_D,R03_smoke_v3,non_inferential_smoke
FREP-157466-Z,0,2021-12-19,E06000055,0.0,2.043598185510679,1.730123126926894,OOF_date_group_diagnostic,log_D,R03_smoke_v3,non_inferential_smoke
FREP-164894-Z,0,2021-05-09,E07000098,0.0,1.7162545672220813,1.730123126926894,OOF_date_group_diagnostic,log_D,R03_smoke_v3,non_inferential_smoke
FREP-19197-U,0,2021-10-22,E09000021,3.2535992609265865,1.8820701178618773,1.730123126926894,OOF_date_group_diagnostic,log_D,R03_smoke_v3,non_inferential_smoke
FREP-205270-J,0,2024-01-25,E09000005,0.0,2.069972181005644,1.730123126926894,OOF_date_group_diagnostic,log_D,R03_smoke_v3,non_inferential_smoke
FREP-213716-J,0,2023-12-02,E09000026,0.0,2.4004415541837245,1.730123126926894,OOF_date_group_diagnostic,log_D,R03_smoke_v3,non_inferential_smoke
FREP-226846-Z,0,2021-04-24,E07000011,0.0,1.3065137197861025,1.730123126926894,OOF_date_group_diagnostic,log_D,R03_smoke_v3,non_inferential_smoke
FREP-232427-Z,0,2021-04-22,E06000060,1.1989602625023918,1.6941739976322228,1.730123126926894,OOF_date_group_diagnostic,log_D,R03_smoke_v3,non_inferential_smoke
FREP-237941-Z,0,2021-06-02,E06000031,0.0,1.9552150947721603,1.730123126926894,OOF_date_group_diagnostic,log_D,R03_smoke_v3,non_inferential_smoke
FREP-239992-Z,0,2021-06-01,E07000241,2.2353763433005955,1.9253549937161216,1.730123126926894,OOF_date_group_diagnostic,log_D,R03_smoke_v3,non_inferential_smoke
FREP-246493-Z,0,2021-07-02,E07000066,3.351072994479587,2.179723219857578,1.730123126926894,OOF_date_group_diagnostic,log_D,R03_smoke_v3,non_inferential_smoke
FREP-249562-G,0,2021-04-22,E07000227,2.403937587254333,1.3025518649701397,1.730123126926894,OOF_date_group_diagnostic,log_D,R03_smoke_v3,non_inferential_smoke
FREP-250419-G,0,2021-05-09,E07000110,1.9266787871274256,1.68245869719043,1.730123126926894,OOF_date_group_diagnostic,log_D,R03_smoke_v3,non_inferential_smoke
FREP-250745-G,0,2021-05-15,E07000208,1.377926111449374,2.0323799536913767,1.730123126926894,OOF_date_group_diagnostic,log_D,R03_smoke_v3,non_inferential_smoke
FREP-253463-Z,0,2021-08-04,E07000102,2.5915163848462583,2.018093588989154,1.730123126926894,OOF_date_group_diagnostic,log_D,R03_smoke_v3,non_inferential_smoke
FREP-255133-Z,0,2021-08-12,E07000096,2.9652730660692823,1.9491299458908915,1.730123126926894,OOF_date_group_diagnostic,log_D,R03_smoke_v3,non_inferential_smoke
FREP-255955-Z,0,2021-08-17,E07000070,1.9694406464655074,1.609106997801865,1.730123126926894,OOF_date_group_diagnostic,log_D,R03_smoke_v3,non_inferential_smoke
FREP-256351-G,0,2021-10-07,E07000217,3.1668805297498204,1.4887762354769645,1.730123126926894,OOF_date_group_diagnostic,log_D,R03_smoke_v3,non_inferential_smoke
FREP-257464-G,0,2021-11-15,E07000107,2.4709204078132605,1.3596130320757873,1.730123126926894,OOF_date_group_diagnostic,log_D,R03_smoke_v3,non_inferential_smoke
FREP-258670-Z,0,2021-09-02,E09000014,2.2755564206061263,2.0395513579718405,1.730123126926894,OOF_date_group_diagnostic,log_D,R03_smoke_v3,non_inferential_smoke
FREP-260356-G,0,2021-12-11,E07000223,1.9855886328734895,2.1336707243379194,1.730123126926894,OOF_date_group_diagnostic,log_D,R03_smoke_v3,non_inferential_smoke
FREP-261320-G,0,2021-12-22,E09000027,-1.791759469228055,2.0174834863854563,1.730123126926894,OOF_date_group_diagnostic,log_D,R03_smoke_v3,non_inferential_smoke
FREP-261723-Z,0,2021-09-23,E06000055,1.9647786333596962,1.7687159028185138,1.730123126926894,OOF_date_group_diagnostic,log_D,R03_smoke_v3,non_inferential_smoke
FREP-262060-J,0,2021-04-22,E09000004,1.466337068793427,1.9294040954417229,1.730123126926894,OOF_date_group_diagnostic,log_D,R03_smoke_v3,non_inferential_smoke
FREP-262732-G,0,2022-01-10,E07000212,1.4891517465595985,2.211032771282189,1.730123126926894,OOF_date_group_diagnostic,log_D,R03_smoke_v3,non_inferential_smoke
FREP-263307-G,0,2022-01-15,E07000227,0.6241543090729939,1.5500365745215834,1.730123126926894,OOF_date_group_diagnostic,log_D,R03_smoke_v3,non_inferential_smoke
FREP-266908-G,0,2022-02-18,E07000108,1.8794650496471605,2.082647788887179,1.730123126926894,OOF_date_group_diagnostic,log_D,R03_smoke_v3,non_inferential_smoke
FREP-267413-J,0,2021-07-02,E09000002,2.3207523969494948,2.260869718478312,1.730123126926894,OOF_date_group_diagnostic,log_D,R03_smoke_v3,non_inferential_smoke
FREP-267894-J,0,2021-07-19,E09000025,0.9360933591703348,1.7844582795521102,1.730123126926894,OOF_date_group_diagnostic,log_D,R03_smoke_v3,non_inferential_smoke
FREP-268286-Z,0,2021-11-04,E07000203,2.1766438696361985,0.9380933663912173,1.730123126926894,OOF_date_group_diagnostic,log_D,R03_smoke_v3,non_inferential_smoke
FREP-270607-Z,0,2021-11-21,E09000003,1.1837700970084166,1.5645062492889341,1.730123126926894,OOF_date_group_diagnostic,log_D,R03_smoke_v3,non_inferential_smoke
FREP-274307-G,0,2022-03-26,E07000114,-1.1499055830556604,1.463413764453728,1.730123126926894,OOF_date_group_diagnostic,log_D,R03_smoke_v3,non_inferential_smoke
FREP-275680-Z,0,2021-12-20,E07000076,2.0815227078836607,1.3646471588328077,1.730123126926894,OOF_date_group_diagnostic,log_D,R03_smoke_v3,non_inferential_smoke
FREP-278126-Z,0,2022-01-08,E07000243,1.462483499477437,2.3090137030031013,1.730123126926894,OOF_date_group_diagnostic,log_D,R03_smoke_v3,non_inferential_smoke
FREP-278139-G,0,2022-05-08,E07000113,1.0930412436186543,1.4122404397215838,1.730123126926894,OOF_date_group_diagnostic,log_D,R03_smoke_v3,non_inferential_smoke
FREP-278309-Z,0,2022-01-10,E07000096,2.683302031413016,2.4951740465516457,1.730123126926894,OOF_date_group_diagnostic,log_D,R03_smoke_v3,non_inferential_smoke
FREP-278661-G,0,2022-05-12,E07000114,2.8641038310755547,1.9111712354745023,1.730123126926894,OOF_date_group_diagnostic,log_D,R03_smoke_v3,non_inferential_smoke
FREP-279167-G,0,2022-05-17,E07000063,0.8183103235139513,1.7181329101604434,1.730123126926894,OOF_date_group_diagnostic,log_D,R03_smoke_v3,non_inferential_smoke
FREP-281246-G,0,2022-06-08,E07000065,2.4807312783775197,1.4820858139964677,1.730123126926894,OOF_date_group_diagnostic,log_D,R03_smoke_v3,non_inferential_smoke
FREP-284283-G,0,2022-07-10,E07000217,0.6505875661411494,1.6979715802729212,1.730123126926894,OOF_date_group_diagnostic,log_D,R03_smoke_v3,non_inferential_smoke
FREP-285914-G,0,2022-07-23,E09000008,2.479335604738545,2.181699703190396,1.730123126926894,OOF_date_group_diagnostic,log_D,R03_smoke_v3,non_inferential_smoke
FREP-286152-Z,0,2022-02-18,E07000076,2.5468376075184906,1.4330908207529358,1.730123126926894,OOF_date_group_diagnostic,log_D,R03_smoke_v3,non_inferential_smoke
FREP-286182-Z,0,2022-02-18,E07000069,1.3694872428035094,2.126230525672517,1.730123126926894,OOF_date_group_diagnostic,log_D,R03_smoke_v3,non_inferential_smoke
FREP-288567-J,0,2022-05-17,E09000019,2.1262456078776384,1.3759408582422632,1.730123126926894,OOF_date_group_diagnostic,log_D,R03_smoke_v3,non_inferential_smoke
FREP-290034-G,0,2022-09-04,E07000106,2.7397641765917378,1.614648677840846,1.730123126926894,OOF_date_group_diagnostic,log_D,R03_smoke_v3,non_inferential_smoke
FREP-290384-J,0,2022-06-12,E09000026,2.7942278973432626,1.9460044336738405,1.730123126926894,OOF_date_group_diagnostic,log_D,R03_smoke_v3,non_inferential_smoke
FREP-292922-G,0,2022-10-05,E07000226,0.9619012431262074,2.0362900094162533,1.730123126926894,OOF_date_group_diagnostic,log_D,R03_smoke_v3,non_inferential_smoke
FREP-293100-G,0,2022-10-02,E07000211,2.524394421295119,1.6820647233762456,1.730123126926894,OOF_date_group_diagnostic,log_D,R03_smoke_v3,non_inferential_smoke
FREP-293374-J,0,2022-07-23,E09000013,2.4159137783010487,2.198439279841969,1.730123126926894,OOF_date_group_diagnostic,log_D,R03_smoke_v3,non_inferential_smoke
FREP-294417-J,0,2022-08-08,E09000012,2.0390534807745477,1.5142813978451892,1.730123126926894,OOF_date_group_diagnostic,log_D,R03_smoke_v3,non_inferential_smoke
FREP-295203-J,0,2022-08-19,E09000023,1.9459101490553132,1.6820293632747862,1.730123126926894,OOF_date_group_diagnostic,log_D,R03_smoke_v3,non_inferential_smoke
FREP-295351-G,0,2022-10-23,E07000112,1.8055527913603908,2.248799940554599,1.730123126926894,OOF_date_group_diagnostic,log_D,R03_smoke_v3,non_inferential_smoke
FREP-295445-Z,0,2022-03-21,E07000145,2.3092296357127142,1.609951966564672,1.730123126926894,OOF_date_group_diagnostic,log_D,R03_smoke_v3,non_inferential_smoke
FREP-296060-Z,0,2022-03-24,E07000011,5.150880211607584,0.7005385379076214,1.730123126926894,OOF_date_group_diagnostic,log_D,R03_smoke_v3,non_inferential_smoke
FREP-296681-Z,0,2022-09-23,E07000241,0.0,2.2042108607166377,1.730123126926894,OOF_date_group_diagnostic,log_D,R03_smoke_v3,non_inferential_smoke
FREP-297946-Z,0,2022-04-05,E07000146,1.5651376535375203,1.3438316696954606,1.730123126926894,OOF_date_group_diagnostic,log_D,R03_smoke_v3,non_inferential_smoke
FREP-298290-J,0,2022-09-30,E09000031,1.8191584434161694,2.059545968674674,1.730123126926894,OOF_date_group_diagnostic,log_D,R03_smoke_v3,non_inferential_smoke
FREP-299114-Z,0,2022-04-10,E07000011,4.686903771014761,1.7342632052614908,1.730123126926894,OOF_date_group_diagnostic,log_D,R03_smoke_v3,non_inferential_smoke
FREP-300924-Z,0,2022-04-21,E07000071,2.7767467323884447,1.778614865234709,1.730123126926894,OOF_date_group_diagnostic,log_D,R03_smoke_v3,non_inferential_smoke
FREP-300995-G,0,2022-12-08,E09000006,3.5322256440685598,2.4825836586850722,1.730123126926894,OOF_date_group_diagnostic,log_D,R03_smoke_v3,non_inferential_smoke
FREP-304019-G,0,2022-12-30,E07000105,2.066862759472976,2.176756896109063,1.730123126926894,OOF_date_group_diagnostic,log_D,R03_smoke_v3,non_inferential_smoke
FREP-304021-J,0,2022-12-06,E09000032,5.441695949393384,2.1739925141751937,1.730123126926894,OOF_date_group_diagnostic,log_D,R03_smoke_v3,non_inferential_smoke
FREP-307296-J,0,2023-01-10,E09000024,2.8410258837930096,2.0348277309218923,1.730123126926894,OOF_date_group_diagnostic,log_D,R03_smoke_v3,non_inferential_smoke
FREP-308522-G,0,2023-02-01,E07000223,3.106080330722856,1.9128354279182058,1.730123126926894,OOF_date_group_diagnostic,log_D,R03_smoke_v3,non_inferential_smoke
FREP-310213-Z,0,2022-06-16,E07000146,2.0815227078836607,0.8899329304556117,1.730123126926894,OOF_date_group_diagnostic,log_D,R03_smoke_v3,non_inferential_smoke
FREP-310456-J,0,2023-02-13,E09000022,4.078102256120678,1.3492636602113046,1.730123126926894,OOF_date_group_diagnostic,log_D,R03_smoke_v3,non_inferential_smoke
FREP-310464-J,0,2023-02-13,E09000021,3.505557396986398,1.3038825350237233,1.730123126926894,OOF_date_group_diagnostic,log_D,R03_smoke_v3,non_inferential_smoke
FREP-310567-Z,0,2022-06-18,E09000014,6.820234681452642,1.74771060319171,1.730123126926894,OOF_date_group_diagnostic,log_D,R03_smoke_v3,non_inferential_smoke
FREP-313905-J,0,2023-03-28,E09000031,2.4709204078132605,1.3365417660956038,1.730123126926894,OOF_date_group_diagnostic,log_D,R03_smoke_v3,non_inferential_smoke
FREP-315316-G,0,2023-04-12,E06000043,-1.791759469228055,1.6406451521746195,1.730123126926894,OOF_date_group_diagnostic,log_D,R03_smoke_v3,non_inferential_smoke
FREP-316510-G,0,2023-04-23,E07000062,2.6878474937846906,1.7154696313798932,1.730123126926894,OOF_date_group_diagnostic,log_D,R03_smoke_v3,non_inferential_smoke
FREP-316958-Z,0,2022-07-20,E07000011,1.0589470322756782,1.7023432869118924,1.730123126926894,OOF_date_group_diagnostic,log_D,R03_smoke_v3,non_inferential_smoke
FREP-317598-J,0,2023-05-19,E09000019,2.359280436670591,1.7814652083038194,1.730123126926894,OOF_date_group_diagnostic,log_D,R03_smoke_v3,non_inferential_smoke
FREP-318465-G,0,2023-05-14,E07000109,3.6185463992680287,1.6779363194360384,1.730123126926894,OOF_date_group_diagnostic,log_D,R03_smoke_v3,non_inferential_smoke
FREP-319160-G,0,2023-05-21,E07000226,-0.2657031657330056,1.8761577821967856,1.730123126926894,OOF_date_group_diagnostic,log_D,R03_smoke_v3,non_inferential_smoke
FREP-321000-J,0,2023-06-30,E09000031,0.0,1.8171725135255157,1.730123126926894,OOF_date_group_diagnostic,log_D,R03_smoke_v3,non_inferential_smoke
FREP-322397-J,0,2023-07-16,E09000019,0.30010459245033816,2.231873788925083,1.730123126926894,OOF_date_group_diagnostic,log_D,R03_smoke_v3,non_inferential_smoke
FREP-322860-Z,0,2022-08-19,E07000098,3.380994674344636,1.6835764133191446,1.730123126926894,OOF_date_group_diagnostic,log_D,R03_smoke_v3,non_inferential_smoke
FREP-324593-J,0,2023-08-14,E09000001,1.9459101490553132,1.7908519848098277,1.730123126926894,OOF_date_group_diagnostic,log_D,R03_smoke_v3,non_inferential_smoke
FREP-326060-J,0,2023-09-04,E09000019,2.060513531794317,1.2031133245697683,1.730123126926894,OOF_date_group_diagnostic,log_D,R03_smoke_v3,non_inferential_smoke
FREP-326538-J,0,2023-09-10,E09000031,1.7404661748405046,1.1996709815516509,1.730123126926894,OOF_date_group_diagnostic,log_D,R03_smoke_v3,non_inferential_smoke
FREP-330546-G,0,2023-08-26,E07000226,1.3904523712685544,1.929751752501277,1.730123126926894,OOF_date_group_diagnostic,log_D,R03_smoke_v3,non_inferential_smoke
FREP-331431-Z,0,2022-09-30,E07000098,3.2108436531709366,2.090518882742488,1.730123126926894,OOF_date_group_diagnostic,log_D,R03_smoke_v3,non_inferential_smoke
FREP-331730-G,0,2023-09-06,E07000105,2.8716796248840124,1.5940940178231742,1.730123126926894,OOF_date_group_diagnostic,log_D,R03_smoke_v3,non_inferential_smoke
FREP-335088-Z,0,2022-10-21,E07000203,0.03278982282299097,1.1761731966254938,1.730123126926894,OOF_date_group_diagnostic,log_D,R03_smoke_v3,non_inferential_smoke
FREP-336291-G,0,2023-10-16,E07000110,1.8692347813963457,1.691336904092351,1.730123126926894,OOF_date_group_diagnostic,log_D,R03_smoke_v3,non_inferential_smoke
FREP-337997-Z,0,2022-11-02,E07000200,1.5151272329628591,1.1033751123837785,1.730123126926894,OOF_date_group_diagnostic,log_D,R03_smoke_v3,non_inferential_smoke
FREP-340035-J,0,2024-02-17,E09000011,1.136764054632486,1.846528888547154,1.730123126926894,OOF_date_group_diagnostic,log_D,R03_smoke_v3,non_inferential_smoke
FREP-340086-J,0,2024-02-18,E09000028,2.5257286443082556,1.834996774258115,1.730123126926894,OOF_date_group_diagnostic,log_D,R03_smoke_v3,non_inferential_smoke
FREP-341221-Z,0,2022-11-18,E07000203,0.949080554697146,0.9446958120292456,1.730123126926894,OOF_date_group_diagnostic,log_D,R03_smoke_v3,non_inferential_smoke
FREP-341290-Z,0,2022-11-18,E07000071,0.0,1.5767095227111194,1.730123126926894,OOF_date_group_diagnostic,log_D,R03_smoke_v3,non_inferential_smoke
FREP-341537-Z,0,2022-11-18,E07000075,3.0963314721101067,1.5971529106236337,1.730123126926894,OOF_date_group_diagnostic,log_D,R03_smoke_v3,non_inferential_smoke
FREP-341688-G,0,2023-11-25,E07000065,2.720198335037858,1.181167481640212,1.730123126926894,OOF_date_group_diagnostic,log_D,R03_smoke_v3,non_inferential_smoke
FREP-342168-G,0,2023-11-29,E07000114,3.636708581785027,1.6825452172377502,1.730123126926894,OOF_date_group_diagnostic,log_D,R03_smoke_v3,non_inferential_smoke
FREP-342222-G,0,2023-11-29,E07000210,0.7339691750802005,1.6860597512148208,1.730123126926894,OOF_date_group_diagnostic,log_D,R03_smoke_v3,non_inferential_smoke
FREP-349387-Z,0,2022-12-28,E06000033,2.3639937211226894,1.9926858653078712,1.730123126926894,OOF_date_group_diagnostic,log_D,R03_smoke_v3,non_inferential_smoke
FREP-352152-Z,0,2023-01-12,E07000067,2.4524408485384233,1.4021086831119207,1.730123126926894,OOF_date_group_diagnostic,log_D,R03_smoke_v3,non_inferential_smoke
FREP-353751-G,0,2024-02-23,E07000228,2.641435452020226,2.2357416686200775,1.730123126926894,OOF_date_group_diagnostic,log_D,R03_smoke_v3,non_inferential_smoke
FREP-353899-G,0,2024-02-24,E07000215,2.7547217204113568,2.4369138689511347,1.730123126926894,OOF_date_group_diagnostic,log_D,R03_smoke_v3,non_inferential_smoke
FREP-356240-Z,0,2023-01-31,E07000070,3.195265959229067,1.5804575767697238,1.730123126926894,OOF_date_group_diagnostic,log_D,R03_smoke_v3,non_inferential_smoke
FREP-356477-Z,0,2023-02-01,E07000012,0.0,1.1978324954420363,1.730123126926894,OOF_date_group_diagnostic,log_D,R03_smoke_v3,non_inferential_smoke
FREP-356575-G,0,2024-03-16,E07000065,2.6695403463403347,1.2130349376460454,1.730123126926894,OOF_date_group_diagnostic,log_D,R03_smoke_v3,non_inferential_smoke
FREP-356634-G,0,2024-03-16,E07000064,3.0633909220278057,1.0059338824439168,1.730123126926894,OOF_date_group_diagnostic,log_D,R03_smoke_v3,non_inferential_smoke
FREP-361482-Z,0,2023-03-04,E06000055,-0.38077249551779285,1.3924362415240643,1.730123126926894,OOF_date_group_diagnostic,log_D,R03_smoke_v3,non_inferential_smoke
FREP-366352-Z,0,2023-03-29,E07000147,-0.2657031657330056,0.7799057505005944,1.730123126926894,OOF_date_group_diagnostic,log_D,R03_smoke_v3,non_inferential_smoke
FREP-366388-Z,0,2023-03-29,E07000011,3.12968024606373,0.7732798675199246,1.730123126926894,OOF_date_group_diagnostic,log_D,R03_smoke_v3,non_inferential_smoke
FREP-368454-Z,0,2023-04-12,E09000003,1.4469189829363254,1.7908283727507177,1.730123126926894,OOF_date_group_diagnostic,log_D,R03_smoke_v3,non_inferential_smoke
FREP-368721-Z,0,2023-04-12,E07000143,2.6544149852695784,1.5999580451153552,1.730123126926894,OOF_date_group_diagnostic,log_D,R03_smoke_v3,non_inferential_smoke
FREP-372264-Z,0,2023-05-06,E07000012,1.2669476034873244,1.1044432196320726,1.730123126926894,OOF_date_group_diagnostic,log_D,R03_smoke_v3,non_inferential_smoke
FREP-376948-Z,0,2023-06-04,E09000015,2.8810693652338513,1.8555465225991734,1.730123126926894,OOF_date_group_diagnostic,log_D,R03_smoke_v3,non_inferential_smoke
FREP-376983-Z,0,2023-06-04,E07000242,2.690112500415543,1.5562295581952772,1.730123126926894,OOF_date_group_diagnostic,log_D,R03_smoke_v3,non_inferential_smoke
FREP-377791-Z,0,2023-06-08,E09000003,3.188416617383492,1.793948881847896,1.730123126926894,OOF_date_group_diagnostic,log_D,R03_smoke_v3,non_inferential_smoke
FREP-3783-I,0,2021-09-02,E09000015,0.9162907318741551,1.838128538486003,1.730123126926894,OOF_date_group_diagnostic,log_D,R03_smoke_v3,non_inferential_smoke
FREP-386313-Z,0,2023-07-20,E07000069,1.9763931657803893,1.9346979519480785,1.730123126926894,OOF_date_group_diagnostic,log_D,R03_smoke_v3,non_inferential_smoke
FREP-386386-Z,0,2023-07-20,E09000010,2.8164062257398346,2.4405886504474847,1.730123126926894,OOF_date_group_diagnostic,log_D,R03_smoke_v3,non_inferential_smoke
FREP-393036-Z,0,2023-08-22,E07000077,1.9506607518139112,1.4389872785305753,1.730123126926894,OOF_date_group_diagnostic,log_D,R03_smoke_v3,non_inferential_smoke
FREP-393400-Z,0,2023-08-23,E07000147,1.7945333961107803,1.0920098448325262,1.730123126926894,OOF_date_group_diagnostic,log_D,R03_smoke_v3,non_inferential_smoke
FREP-396816-Z,0,2023-09-15,E07000242,0.28768207245178085,1.411259029735516,1.730123126926894,OOF_date_group_diagnostic,log_D,R03_smoke_v3,non_inferential_smoke
FREP-404478-Z,0,2023-10-25,E07000146,1.402823663071101,1.4574263390592685,1.730123126926894,OOF_date_group_diagnostic,log_D,R03_smoke_v3,non_inferential_smoke
FREP-411626-Z,0,2023-12-04,E09000014,3.42859635585027,2.2734079450832345,1.730123126926894,OOF_date_group_diagnostic,log_D,R03_smoke_v3,non_inferential_smoke
FREP-412382-Z,0,2023-12-07,E09000016,1.1989602625023918,2.1655077097420534,1.730123126926894,OOF_date_group_diagnostic,log_D,R03_smoke_v3,non_inferential_smoke
FREP-413237-Z,0,2023-12-11,E07000077,1.4350845252893227,1.6208636196648483,1.730123126926894,OOF_date_group_diagnostic,log_D,R03_smoke_v3,non_inferential_smoke
FREP-418381-Z,0,2024-01-09,E06000055,1.410986973710262,2.4453872218333426,1.730123126926894,OOF_date_group_diagnostic,log_D,R03_smoke_v3,non_inferential_smoke
FREP-418978-Z,0,2024-01-12,E07000077,1.943526357700037,1.7621066157170608,1.730123126926894,OOF_date_group_diagnostic,log_D,R03_smoke_v3,non_inferential_smoke
FREP-429303-Z,0,2024-03-04,E06000033,2.1498223384416355,1.4794694164633044,1.730123126926894,OOF_date_group_diagnostic,log_D,R03_smoke_v3,non_inferential_smoke
FREP-431111-Z,0,2024-03-16,E07000009,1.2762934659055623,0.8510473533424263,1.730123126926894,OOF_date_group_diagnostic,log_D,R03_smoke_v3,non_inferential_smoke
FREP-48280-C,0,2021-06-02,E09000003,2.330524461683287,1.3889316673705616,1.730123126926894,OOF_date_group_diagnostic,log_D,R03_smoke_v3,non_inferential_smoke
FREP-52668-C,0,2021-09-24,E09000003,-1.791759469228055,1.473202248288177,1.730123126926894,OOF_date_group_diagnostic,log_D,R03_smoke_v3,non_inferential_smoke
FREP-55897-C,0,2021-11-04,E07000200,3.332799571186515,1.2619982216559817,1.730123126926894,OOF_date_group_diagnostic,log_D,R03_smoke_v3,non_inferential_smoke
FREP-58757-V,0,2021-05-09,E07000116,1.955388893009857,1.8290834968393261,1.730123126926894,OOF_date_group_diagnostic,log_D,R03_smoke_v3,non_inferential_smoke
FREP-62587-V,0,2021-06-27,E07000113,3.713165479994092,1.2637132058240275,1.730123126926894,OOF_date_group_diagnostic,log_D,R03_smoke_v3,non_inferential_smoke
FREP-62685-C,0,2022-04-07,E07000068,1.7635885922613586,2.18922872619562,1.730123126926894,OOF_date_group_diagnostic,log_D,R03_smoke_v3,non_inferential_smoke
FREP-63029-V,0,2021-07-02,E09000008,2.1766438696361985,2.0550575287149986,1.730123126926894,OOF_date_group_diagnostic,log_D,R03_smoke_v3,non_inferential_smoke
FREP-65702-C,0,2022-08-09,E09000003,0.0,1.6593350237176423,1.730123126926894,OOF_date_group_diagnostic,log_D,R03_smoke_v3,non_inferential_smoke
FREP-71674-V,0,2021-10-07,E06000035,2.2192034840549946,1.5330358225625114,1.730123126926894,OOF_date_group_diagnostic,log_D,R03_smoke_v3,non_inferential_smoke
FREP-72515-V,0,2022-03-24,E06000035,0.0,0.9150480710444693,1.730123126926894,OOF_date_group_diagnostic,log_D,R03_smoke_v3,non_inferential_smoke
FREP-73160-V,0,2021-10-22,E07000111,3.5751506887855933,1.662429197194445,1.730123126926894,OOF_date_group_diagnostic,log_D,R03_smoke_v3,non_inferential_smoke
FREP-7604-O,0,2021-08-04,E07000071,0.8183103235139513,1.6766271883278687,1.730123126926894,OOF_date_group_diagnostic,log_D,R03_smoke_v3,non_inferential_smoke
FREP-76926-V,0,2022-02-18,E07000115,3.896232319521822,2.317652043601354,1.730123126926894,OOF_date_group_diagnostic,log_D,R03_smoke_v3,non_inferential_smoke
FREP-77294-C,0,2023-07-16,E09000015,2.0562582062241788,2.2086882011898483,1.730123126926894,OOF_date_group_diagnostic,log_D,R03_smoke_v3,non_inferential_smoke
FREP-82020-C,0,2023-10-14,E06000060,1.5858280467949668,1.9602740002911112,1.730123126926894,OOF_date_group_diagnostic,log_D,R03_smoke_v3,non_inferential_smoke
FREP-82901-C,0,2023-10-24,E07000010,1.6454483499571335,1.611070322225659,1.730123126926894,OOF_date_group_diagnostic,log_D,R03_smoke_v3,non_inferential_smoke
FREP-84638-C,0,2023-11-29,E09000003,0.0,1.6837080501414774,1.730123126926894,OOF_date_group_diagnostic,log_D,R03_smoke_v3,non_inferential_smoke
FREP-87395-C,0,2024-01-06,E06000031,1.9045919997245824,2.2772456872875693,1.730123126926894,OOF_date_group_diagnostic,log_D,R03_smoke_v3,non_inferential_smoke
FREP-13390-O,1,2023-05-22,E07000098,0.0,1.3900960532546838,1.7990085844513328,OOF_date_group_diagnostic,log_D,R03_smoke_v3,non_inferential_smoke
FREP-16671-O,1,2024-03-08,E07000076,0.0,1.4869496654993801,1.7990085844513328,OOF_date_group_diagnostic,log_D,R03_smoke_v3,non_inferential_smoke
FREP-221775-Z,1,2023-03-08,E07000147,1.2039728043259361,1.4278100648869216,1.7990085844513328,OOF_date_group_diagnostic,log_D,R03_smoke_v3,non_inferential_smoke
FREP-227420-G,1,2022-03-03,E07000208,0.0,1.7458586287427929,1.7990085844513328,OOF_date_group_diagnostic,log_D,R03_smoke_v3,non_inferential_smoke
FREP-229188-Z,1,2021-04-05,E07000069,0.8960880245566357,2.0105592785888566,1.7990085844513328,OOF_date_group_diagnostic,log_D,R03_smoke_v3,non_inferential_smoke
FREP-244103-Z,1,2021-06-21,E07000009,1.442989704796436,1.896125159108096,1.7990085844513328,OOF_date_group_diagnostic,log_D,R03_smoke_v3,non_inferential_smoke
FREP-245417-Z,1,2021-06-28,E07000179,0.5596157879354227,1.8016473290539206,1.7990085844513328,OOF_date_group_diagnostic,log_D,R03_smoke_v3,non_inferential_smoke
FREP-248489-Z,1,2021-07-13,E07000071,3.865979066926739,1.9516758324888626,1.7990085844513328,OOF_date_group_diagnostic,log_D,R03_smoke_v3,non_inferential_smoke
FREP-251622-Z,1,2021-07-27,E07000203,1.0055218656020977,1.5744503572789474,1.7990085844513328,OOF_date_group_diagnostic,log_D,R03_smoke_v3,non_inferential_smoke
FREP-251729-G,1,2021-05-29,E07000108,3.0641694351072197,1.6861469845211494,1.7990085844513328,OOF_date_group_diagnostic,log_D,R03_smoke_v3,non_inferential_smoke
FREP-251733-G,1,2021-05-29,E07000111,2.8154087194227095,1.4753612136972833,1.7990085844513328,OOF_date_group_diagnostic,log_D,R03_smoke_v3,non_inferential_smoke
FREP-253133-G,1,2021-06-21,E09000021,-1.791759469228055,2.0953895171243837,1.7990085844513328,OOF_date_group_diagnostic,log_D,R03_smoke_v3,non_inferential_smoke
FREP-253328-G,1,2021-06-28,E07000207,0.3483066942682158,2.1337151744639984,1.7990085844513328,OOF_date_group_diagnostic,log_D,R03_smoke_v3,non_inferential_smoke
FREP-253896-G,1,2021-07-13,E09000021,2.187922184673906,1.9820231825358428,1.7990085844513328,OOF_date_group_diagnostic,log_D,R03_smoke_v3,non_inferential_smoke
FREP-255184-G,1,2021-08-23,E09000021,0.0,1.663843728968554,1.7990085844513328,OOF_date_group_diagnostic,log_D,R03_smoke_v3,non_inferential_smoke
FREP-256923-Z,1,2021-08-23,E07000077,1.6454483499571335,1.5850899852953817,1.7990085844513328,OOF_date_group_diagnostic,log_D,R03_smoke_v3,non_inferential_smoke
FREP-258469-Z,1,2021-09-01,E09000003,2.6366735382599824,1.4822456238853317,1.7990085844513328,OOF_date_group_diagnostic,log_D,R03_smoke_v3,non_inferential_smoke
FREP-258555-G,1,2021-11-26,E06000043,2.0476928433652555,1.5340238296376005,1.7990085844513328,OOF_date_group_diagnostic,log_D,R03_smoke_v3,non_inferential_smoke
FREP-258615-G,1,2021-11-26,E09000021,2.445241393395569,1.7609864897954182,1.7990085844513328,OOF_date_group_diagnostic,log_D,R03_smoke_v3,non_inferential_smoke
FREP-258657-Z,1,2021-09-01,E06000060,2.7767467323884447,1.3768626171581477,1.7990085844513328,OOF_date_group_diagnostic,log_D,R03_smoke_v3,non_inferential_smoke
FREP-259364-G,1,2021-12-02,E07000207,2.461012329588564,2.0201211361124263,1.7990085844513328,OOF_date_group_diagnostic,log_D,R03_smoke_v3,non_inferential_smoke
FREP-260544-Z,1,2021-09-15,E07000074,1.667706820558076,1.4490081092427052,1.7990085844513328,OOF_date_group_diagnostic,log_D,R03_smoke_v3,non_inferential_smoke
FREP-261164-G,1,2021-12-21,E07000113,3.1127742939856553,1.7457921003562742,1.7990085844513328,OOF_date_group_diagnostic,log_D,R03_smoke_v3,non_inferential_smoke
FREP-262421-Z,1,2021-09-29,E07000068,2.4595888418037104,2.01178973850673,1.7990085844513328,OOF_date_group_diagnostic,log_D,R03_smoke_v3,non_inferential_smoke
FREP-263499-Z,1,2021-10-05,E07000144,1.6389967146756448,2.1493308978262293,1.7990085844513328,OOF_date_group_diagnostic,log_D,R03_smoke_v3,non_inferential_smoke
FREP-266354-Z,1,2021-10-23,E09000010,2.325650365925042,2.1630090447633594,1.7990085844513328,OOF_date_group_diagnostic,log_D,R03_smoke_v3,non_inferential_smoke
FREP-269519-J,1,2021-07-28,E09000022,1.9339339580085977,2.060715347554051,1.7990085844513328,OOF_date_group_diagnostic,log_D,R03_smoke_v3,non_inferential_smoke
FREP-270587-G,1,2022-02-24,E07000229,0.3483066942682158,2.2554806662952824,1.7990085844513328,OOF_date_group_diagnostic,log_D,R03_smoke_v3,non_inferential_smoke
FREP-271602-J,1,2021-08-24,E09000013,5.261221061906861,1.5398652555482126,1.7990085844513328,OOF_date_group_diagnostic,log_D,R03_smoke_v3,non_inferential_smoke
FREP-274264-J,1,2021-10-08,E09000019,-1.0498221244986778,1.7103003203067848,1.7990085844513328,OOF_date_group_diagnostic,log_D,R03_smoke_v3,non_inferential_smoke
FREP-275106-Z,1,2021-12-16,E09000003,0.676340062243564,1.457688342711407,1.7990085844513328,OOF_date_group_diagnostic,log_D,R03_smoke_v3,non_inferential_smoke
FREP-275886-G,1,2022-04-11,E07000113,0.08004270767353636,1.338271565598136,1.7990085844513328,OOF_date_group_diagnostic,log_D,R03_smoke_v3,non_inferential_smoke
FREP-277514-Z,1,2022-01-05,E09000002,2.1262456078776384,2.3395033834029375,1.7990085844513328,OOF_date_group_diagnostic,log_D,R03_smoke_v3,non_inferential_smoke
FREP-277968-J,1,2021-11-18,E09000001,0.0,2.1551997890634738,1.7990085844513328,OOF_date_group_diagnostic,log_D,R03_smoke_v3,non_inferential_smoke
FREP-278532-Z,1,2022-01-11,E07000098,2.463853240590168,1.8754017902389721,1.7990085844513328,OOF_date_group_diagnostic,log_D,R03_smoke_v3,non_inferential_smoke
FREP-281034-G,1,2022-06-06,E07000211,2.9444389791664403,2.287592622386527,1.7990085844513328,OOF_date_group_diagnostic,log_D,R03_smoke_v3,non_inferential_smoke
FREP-283236-J,1,2022-01-24,E09000022,2.2530446474339096,1.823891165650961,1.7990085844513328,OOF_date_group_diagnostic,log_D,R03_smoke_v3,non_inferential_smoke
FREP-283247-Z,1,2022-02-06,E09000005,1.5077742586576002,2.1943467110797137,1.7990085844513328,OOF_date_group_diagnostic,log_D,R03_smoke_v3,non_inferential_smoke
FREP-286370-J,1,2022-03-19,E09000007,1.5114575040738967,1.4861221486284986,1.7990085844513328,OOF_date_group_diagnostic,log_D,R03_smoke_v3,non_inferential_smoke
FREP-286918-J,1,2022-10-19,E09000024,0.0,2.1871254697326754,1.7990085844513328,OOF_date_group_diagnostic,log_D,R03_smoke_v3,non_inferential_smoke
FREP-287258-G,1,2022-08-07,E07000215,2.1953710086868963,1.6621194594354884,1.7990085844513328,OOF_date_group_diagnostic,log_D,R03_smoke_v3,non_inferential_smoke
FREP-289950-G,1,2022-09-03,E07000063,1.6422277352570913,1.920594855726042,1.7990085844513328,OOF_date_group_diagnostic,log_D,R03_smoke_v3,non_inferential_smoke
FREP-289956-J,1,2022-06-07,E09000011,1.466337068793427,2.0904037934243314,1.7990085844513328,OOF_date_group_diagnostic,log_D,R03_smoke_v3,non_inferential_smoke
FREP-290873-Z,1,2022-02-24,E07000203,1.1735135968412274,1.8190580268839767,1.7990085844513328,OOF_date_group_diagnostic,log_D,R03_smoke_v3,non_inferential_smoke
FREP-290975-Z,1,2022-02-24,E09000014,2.785011242238338,2.372639034540545,1.7990085844513328,OOF_date_group_diagnostic,log_D,R03_smoke_v3,non_inferential_smoke
FREP-295236-Z,1,2022-03-19,E09000005,2.468099531471619,1.623548696087035,1.7990085844513328,OOF_date_group_diagnostic,log_D,R03_smoke_v3,non_inferential_smoke
FREP-295280-Z,1,2022-03-19,E09000015,-0.5679840376059393,1.3354942845926188,1.7990085844513328,OOF_date_group_diagnostic,log_D,R03_smoke_v3,non_inferential_smoke
FREP-296599-J,1,2022-09-07,E09000033,3.1986731175506815,1.687724742550957,1.7990085844513328,OOF_date_group_diagnostic,log_D,R03_smoke_v3,non_inferential_smoke
FREP-298916-Z,1,2022-04-08,E09000003,2.1061646118205894,1.622322066593279,1.7990085844513328,OOF_date_group_diagnostic,log_D,R03_smoke_v3,non_inferential_smoke
FREP-300421-G,1,2022-12-03,E07000105,5.060588802482344,2.1114931366348046,1.7990085844513328,OOF_date_group_diagnostic,log_D,R03_smoke_v3,non_inferential_smoke
FREP-301678-Z,1,2022-04-26,E07000143,2.3764549415605014,1.359991977820639,1.7990085844513328,OOF_date_group_diagnostic,log_D,R03_smoke_v3,non_inferential_smoke
FREP-301988-G,1,2022-12-15,E07000061,3.0803797476142756,2.509147038905581,1.7990085844513328,OOF_date_group_diagnostic,log_D,R03_smoke_v3,non_inferential_smoke
FREP-302374-J,1,2022-11-17,E09000031,1.8536904269585455,1.629761578370699,1.7990085844513328,OOF_date_group_diagnostic,log_D,R03_smoke_v3,non_inferential_smoke
FREP-303138-Z,1,2022-05-06,E07000099,2.1897895988487015,1.5573078091588632,1.7990085844513328,OOF_date_group_diagnostic,log_D,R03_smoke_v3,non_inferential_smoke
FREP-303177-Z,1,2022-05-06,E07000076,0.6241543090729939,1.1668122172623736,1.7990085844513328,OOF_date_group_diagnostic,log_D,R03_smoke_v3,non_inferential_smoke
FREP-304562-Z,1,2022-05-15,E06000060,2.03688192726104,1.4442357865651116,1.7990085844513328,OOF_date_group_diagnostic,log_D,R03_smoke_v3,non_inferential_smoke
FREP-305483-Z,1,2022-05-19,E07000008,2.2389350659175897,1.6739438697133218,1.7990085844513328,OOF_date_group_diagnostic,log_D,R03_smoke_v3,non_inferential_smoke
FREP-305945-J,1,2022-12-23,E09000013,2.545531271604435,1.942437153992743,1.7990085844513328,OOF_date_group_diagnostic,log_D,R03_smoke_v3,non_inferential_smoke
FREP-308191-Z,1,2022-06-10,E07000070,0.0,1.8869722948850427,1.7990085844513328,OOF_date_group_diagnostic,log_D,R03_smoke_v3,non_inferential_smoke
FREP-308681-J,1,2023-01-24,E09000013,2.686713063714079,1.914133786418949,1.7990085844513328,OOF_date_group_diagnostic,log_D,R03_smoke_v3,non_inferential_smoke
FREP-309957-J,1,2023-02-07,E09000026,4.256794044864054,1.9038818751156152,1.7990085844513328,OOF_date_group_diagnostic,log_D,R03_smoke_v3,non_inferential_smoke
FREP-309977-G,1,2023-02-16,E07000208,3.0015486588754308,2.0135057593192385,1.7990085844513328,OOF_date_group_diagnostic,log_D,R03_smoke_v3,non_inferential_smoke
FREP-311896-Z,1,2022-06-24,E07000066,0.0,2.3320303631558397,1.7990085844513328,OOF_date_group_diagnostic,log_D,R03_smoke_v3,non_inferential_smoke
FREP-312682-G,1,2023-03-14,E07000207,2.1766438696361985,1.5732422749226314,1.7990085844513328,OOF_date_group_diagnostic,log_D,R03_smoke_v3,non_inferential_smoke
FREP-314682-G,1,2023-04-04,E07000223,1.8431916428603257,1.8218179407382127,1.7990085844513328,OOF_date_group_diagnostic,log_D,R03_smoke_v3,non_inferential_smoke
FREP-316721-G,1,2023-04-25,E07000111,1.7107904066943878,1.4841660322811305,1.7990085844513328,OOF_date_group_diagnostic,log_D,R03_smoke_v3,non_inferential_smoke
FREP-316775-Z,1,2022-07-19,E06000056,1.9070703157390494,0.990767146249294,1.7990085844513328,OOF_date_group_diagnostic,log_D,R03_smoke_v3,non_inferential_smoke
FREP-316852-Z,1,2022-07-19,E09000014,0.6330432564902398,1.8166173273415809,1.7990085844513328,OOF_date_group_diagnostic,log_D,R03_smoke_v3,non_inferential_smoke
FREP-318347-Z,1,2022-07-26,E07000143,1.2669476034873244,1.948162820438709,1.7990085844513328,OOF_date_group_diagnostic,log_D,R03_smoke_v3,non_inferential_smoke
FREP-318682-Z,1,2022-07-28,E06000032,1.622683139184121,2.0437073519821234,1.7990085844513328,OOF_date_group_diagnostic,log_D,R03_smoke_v3,non_inferential_smoke
FREP-320952-Z,1,2022-08-10,E07000074,1.8794650496471605,1.4864685897772096,1.7990085844513328,OOF_date_group_diagnostic,log_D,R03_smoke_v3,non_inferential_smoke
FREP-321809-G,1,2023-06-14,E07000113,3.8147776209893105,1.6536758936799698,1.7990085844513328,OOF_date_group_diagnostic,log_D,R03_smoke_v3,non_inferential_smoke
FREP-322164-G,1,2023-06-17,E07000065,1.9694406464655074,1.4574262012632575,1.7990085844513328,OOF_date_group_diagnostic,log_D,R03_smoke_v3,non_inferential_smoke
FREP-322357-Z,1,2022-08-17,E06000060,1.8794650496471605,1.491532989885462,1.7990085844513328,OOF_date_group_diagnostic,log_D,R03_smoke_v3,non_inferential_smoke
FREP-325267-Z,1,2022-08-30,E07000143,2.0237526358192475,1.4029466484309459,1.7990085844513328,OOF_date_group_diagnostic,log_D,R03_smoke_v3,non_inferential_smoke
FREP-325748-Z,1,2022-09-02,E07000200,0.0,1.4025872264102026,1.7990085844513328,OOF_date_group_diagnostic,log_D,R03_smoke_v3,non_inferential_smoke
FREP-326069-Z,1,2022-09-03,E06000031,2.2582848340974655,1.7614770147092509,1.7990085844513328,OOF_date_group_diagnostic,log_D,R03_smoke_v3,non_inferential_smoke
FREP-329763-G,1,2023-08-20,E09000006,0.5108256237659907,1.338348085830278,1.7990085844513328,OOF_date_group_diagnostic,log_D,R03_smoke_v3,non_inferential_smoke
FREP-329769-J,1,2023-10-27,E09000005,2.294216843323529,2.174569031961511,1.7990085844513328,OOF_date_group_diagnostic,log_D,R03_smoke_v3,non_inferential_smoke
FREP-333888-J,1,2023-12-14,E09000023,6.225613977598726,1.7653889761329016,1.7990085844513328,OOF_date_group_diagnostic,log_D,R03_smoke_v3,non_inferential_smoke
FREP-334301-Z,1,2022-10-19,E07000076,-0.38077249551779285,1.7013915648026834,1.7990085844513328,OOF_date_group_diagnostic,log_D,R03_smoke_v3,non_inferential_smoke
FREP-334401-J,1,2023-12-14,E09000012,2.0412203288596382,1.6695001292533542,1.7990085844513328,OOF_date_group_diagnostic,log_D,R03_smoke_v3,non_inferential_smoke
FREP-334680-Z,1,2022-10-19,E06000055,1.3306054552593019,2.1199497931035127,1.7990085844513328,OOF_date_group_diagnostic,log_D,R03_smoke_v3,non_inferential_smoke
FREP-334739-Z,1,2022-10-19,E07000067,1.9482882714602807,1.7083477698505143,1.7990085844513328,OOF_date_group_diagnostic,log_D,R03_smoke_v3,non_inferential_smoke
FREP-337731-J,1,2024-01-24,E09000005,4.276666119016055,2.0847256532222187,1.7990085844513328,OOF_date_group_diagnostic,log_D,R03_smoke_v3,non_inferential_smoke
FREP-338651-Z,1,2022-11-05,E06000056,0.6678293725756554,1.050938399361933,1.7990085844513328,OOF_date_group_diagnostic,log_D,R03_smoke_v3,non_inferential_smoke
FREP-338704-Z,1,2022-11-05,E07000076,0.8823891801984737,1.2140300578173633,1.7990085844513328,OOF_date_group_diagnostic,log_D,R03_smoke_v3,non_inferential_smoke
FREP-338972-G,1,2023-11-05,E07000227,0.0,1.1277804973850318,1.7990085844513328,OOF_date_group_diagnostic,log_D,R03_smoke_v3,non_inferential_smoke
FREP-339049-G,1,2023-11-05,E07000112,-1.0986122886681098,1.7758398036701755,1.7990085844513328,OOF_date_group_diagnostic,log_D,R03_smoke_v3,non_inferential_smoke
FREP-339052-G,1,2023-11-05,E06000035,3.0765439162904045,1.3221494852017739,1.7990085844513328,OOF_date_group_diagnostic,log_D,R03_smoke_v3,non_inferential_smoke
FREP-341043-G,1,2023-11-20,E07000227,0.19611487892629037,0.9760387901689964,1.7990085844513328,OOF_date_group_diagnostic,log_D,R03_smoke_v3,non_inferential_smoke
FREP-341864-J,1,2024-03-06,E09000033,0.8544153281560676,1.9150332772418481,1.7990085844513328,OOF_date_group_diagnostic,log_D,R03_smoke_v3,non_inferential_smoke
FREP-341954-J,1,2024-03-08,E09000032,2.112231364502827,1.8197967986764307,1.7990085844513328,OOF_date_group_diagnostic,log_D,R03_smoke_v3,non_inferential_smoke
FREP-342862-Z,1,2022-11-25,E09000005,2.7332846722807513,1.7505272805507113,1.7990085844513328,OOF_date_group_diagnostic,log_D,R03_smoke_v3,non_inferential_smoke
FREP-346509-Z,1,2022-12-15,E07000076,2.502801139664551,1.9300368635609235,1.7990085844513328,OOF_date_group_diagnostic,log_D,R03_smoke_v3,non_inferential_smoke
FREP-347570-Z,1,2023-01-24,E07000076,-2.4849066497880004,1.4964801795550986,1.7990085844513328,OOF_date_group_diagnostic,log_D,R03_smoke_v3,non_inferential_smoke
FREP-351352-Z,1,2023-01-08,E07000010,1.589235205116581,1.6916097026537813,1.7990085844513328,OOF_date_group_diagnostic,log_D,R03_smoke_v3,non_inferential_smoke
FREP-351359-Z,1,2023-01-08,E07000008,2.169053700369523,1.905798471110715,1.7990085844513328,OOF_date_group_diagnostic,log_D,R03_smoke_v3,non_inferential_smoke
FREP-353538-G,1,2024-02-25,E07000065,0.0,2.0560565436684586,1.7990085844513328,OOF_date_group_diagnostic,log_D,R03_smoke_v3,non_inferential_smoke
FREP-357139-Z,1,2023-02-05,E07000072,0.8109302162163288,1.7578919109092213,1.7990085844513328,OOF_date_group_diagnostic,log_D,R03_smoke_v3,non_inferential_smoke
FREP-362261-Z,1,2023-03-08,E07000095,1.5720821258903315,1.9314458124282183,1.7990085844513328,OOF_date_group_diagnostic,log_D,R03_smoke_v3,non_inferential_smoke
FREP-367207-Z,1,2023-04-03,E07000200,3.0508515727750707,1.316824905947848,1.7990085844513328,OOF_date_group_diagnostic,log_D,R03_smoke_v3,non_inferential_smoke
FREP-367427-Z,1,2023-04-04,E09000015,3.100092288878234,1.374701500462718,1.7990085844513328,OOF_date_group_diagnostic,log_D,R03_smoke_v3,non_inferential_smoke
FREP-372341-Z,1,2023-05-07,E07000067,4.210892267270491,1.0389118740645176,1.7990085844513328,OOF_date_group_diagnostic,log_D,R03_smoke_v3,non_inferential_smoke
FREP-373646-Z,1,2023-05-22,E09000014,0.0,1.5159198515912535,1.7990085844513328,OOF_date_group_diagnostic,log_D,R03_smoke_v3,non_inferential_smoke
FREP-374789-Z,1,2023-05-22,E07000074,2.0710732920093196,1.4384053760729831,1.7990085844513328,OOF_date_group_diagnostic,log_D,R03_smoke_v3,non_inferential_smoke
FREP-377499-Z,1,2023-12-08,E09000003,0.0,1.6232220664284405,1.7990085844513328,OOF_date_group_diagnostic,log_D,R03_smoke_v3,non_inferential_smoke
FREP-379649-Z,1,2023-06-18,E07000200,0.4803664162812822,1.7634236186708896,1.7990085844513328,OOF_date_group_diagnostic,log_D,R03_smoke_v3,non_inferential_smoke
FREP-380437-Z,1,2023-06-21,E06000055,3.5155176386914535,1.7807368973175395,1.7990085844513328,OOF_date_group_diagnostic,log_D,R03_smoke_v3,non_inferential_smoke
FREP-385586-Z,1,2023-07-15,E07000144,2.2547944291576973,2.1981320226411705,1.7990085844513328,OOF_date_group_diagnostic,log_D,R03_smoke_v3,non_inferential_smoke
FREP-385666-Z,1,2023-07-15,E07000149,2.921367858265129,1.823610949910642,1.7990085844513328,OOF_date_group_diagnostic,log_D,R03_smoke_v3,non_inferential_smoke
FREP-385676-Z,1,2023-07-15,E07000147,1.6613976513648114,1.9278300121145628,1.7990085844513328,OOF_date_group_diagnostic,log_D,R03_smoke_v3,non_inferential_smoke
FREP-385870-Z,1,2023-08-10,E07000149,0.0,1.0573906030492146,1.7990085844513328,OOF_date_group_diagnostic,log_D,R03_smoke_v3,non_inferential_smoke
FREP-386750-Z,1,2023-08-09,E06000056,0.0,0.8848725212230002,1.7990085844513328,OOF_date_group_diagnostic,log_D,R03_smoke_v3,non_inferential_smoke
FREP-388833-Z,1,2023-07-25,E06000056,0.0,1.468439685581715,1.7990085844513328,OOF_date_group_diagnostic,log_D,R03_smoke_v3,non_inferential_smoke
FREP-390800-Z,1,2023-08-09,E07000147,2.3092296357127142,1.2468541066548207,1.7990085844513328,OOF_date_group_diagnostic,log_D,R03_smoke_v3,non_inferential_smoke
FREP-397658-Z,1,2023-09-13,E07000179,2.33214389523559,1.170314858038595,1.7990085844513328,OOF_date_group_diagnostic,log_D,R03_smoke_v3,non_inferential_smoke
FREP-397773-Z,1,2023-09-16,E09000003,0.0,1.1154909326457962,1.7990085844513328,OOF_date_group_diagnostic,log_D,R03_smoke_v3,non_inferential_smoke
FREP-403859-Z,1,2023-10-21,E07000071,1.4469189829363254,1.9955664630370278,1.7990085844513328,OOF_date_group_diagnostic,log_D,R03_smoke_v3,non_inferential_smoke
FREP-403915-Z,1,2023-10-21,E07000243,1.864080130807681,2.238044471754087,1.7990085844513328,OOF_date_group_diagnostic,log_D,R03_smoke_v3,non_inferential_smoke
FREP-411149-Z,1,2023-12-01,E09000002,0.5690945318899664,2.205476201555853,1.7990085844513328,OOF_date_group_diagnostic,log_D,R03_smoke_v3,non_inferential_smoke
FREP-421822-Z,1,2024-01-24,E07000067,1.9339339580085977,1.6876397518781963,1.7990085844513328,OOF_date_group_diagnostic,log_D,R03_smoke_v3,non_inferential_smoke
FREP-431495-Z,1,2024-03-19,E07000071,1.4701758451005926,1.670420609077178,1.7990085844513328,OOF_date_group_diagnostic,log_D,R03_smoke_v3,non_inferential_smoke
FREP-46345-C,1,2021-04-14,E06000031,2.749405386784124,1.9032791423078965,1.7990085844513328,OOF_date_group_diagnostic,log_D,R03_smoke_v3,non_inferential_smoke
FREP-54999-C,1,2021-10-21,E09000003,2.740840023925201,1.927673726276638,1.7990085844513328,OOF_date_group_diagnostic,log_D,R03_smoke_v3,non_inferential_smoke
FREP-57127-C,1,2021-11-26,E06000060,0.4054651081081644,1.5495698519309904,1.7990085844513328,OOF_date_group_diagnostic,log_D,R03_smoke_v3,non_inferential_smoke
FREP-57398-V,1,2021-04-20,E09000006,5.278964638032222,1.6883999649467678,1.7990085844513328,OOF_date_group_diagnostic,log_D,R03_smoke_v3,non_inferential_smoke
FREP-58664-V,1,2021-05-08,E07000116,1.9740810260220096,1.9592526965204327,1.7990085844513328,OOF_date_group_diagnostic,log_D,R03_smoke_v3,non_inferential_smoke
FREP-58802-V,1,2021-05-10,E07000106,-0.1823215567939546,1.7695392624617936,1.7990085844513328,OOF_date_group_diagnostic,log_D,R03_smoke_v3,non_inferential_smoke
FREP-59862-C,1,2022-01-29,E07000147,0.5306282510621704,1.61236241398921,1.7990085844513328,OOF_date_group_diagnostic,log_D,R03_smoke_v3,non_inferential_smoke
FREP-63299-C,1,2022-04-29,E07000011,-0.8362480242006186,1.501612733165397,1.7990085844513328,OOF_date_group_diagnostic,log_D,R03_smoke_v3,non_inferential_smoke
FREP-64917-N,1,2021-04-20,E09000030,0.0,1.5311688019874552,1.7990085844513328,OOF_date_group_diagnostic,log_D,R03_smoke_v3,non_inferential_smoke
FREP-66010-C,1,2023-09-30,E07000072,0.0,1.4723877189046657,1.7990085844513328,OOF_date_group_diagnostic,log_D,R03_smoke_v3,non_inferential_smoke
FREP-67893-V,1,2021-08-24,E07000112,2.0519846954467966,1.9659735481930882,1.7990085844513328,OOF_date_group_diagnostic,log_D,R03_smoke_v3,non_inferential_smoke
FREP-70663-C,1,2023-02-03,E09000005,1.692552819144607,1.751902821463807,1.7990085844513328,OOF_date_group_diagnostic,log_D,R03_smoke_v3,non_inferential_smoke
FREP-71983-C,1,2023-03-08,E06000060,1.8110172858324696,1.5160968260128973,1.7990085844513328,OOF_date_group_diagnostic,log_D,R03_smoke_v3,non_inferential_smoke
FREP-75767-V,1,2021-12-16,E07000112,-0.1823215567939546,2.0754672919333563,1.7990085844513328,OOF_date_group_diagnostic,log_D,R03_smoke_v3,non_inferential_smoke
FREP-78710-C,1,2023-09-01,E07000010,2.138103454328422,1.2611109164790737,1.7990085844513328,OOF_date_group_diagnostic,log_D,R03_smoke_v3,non_inferential_smoke
FREP-82606-C,1,2023-10-21,E07000066,1.9624394510065237,2.2434802913297145,1.7990085844513328,OOF_date_group_diagnostic,log_D,R03_smoke_v3,non_inferential_smoke
FREP-8368-I,1,2024-02-04,E09000015,0.0,2.001781279788166,1.7990085844513328,OOF_date_group_diagnostic,log_D,R03_smoke_v3,non_inferential_smoke
FREP-88173-C,1,2024-02-22,E07000070,0.0,2.074132142644662,1.7990085844513328,OOF_date_group_diagnostic,log_D,R03_smoke_v3,non_inferential_smoke
FREP-88983-V,1,2024-01-24,E07000114,0.0,2.138692478406985,1.7990085844513328,OOF_date_group_diagnostic,log_D,R03_smoke_v3,non_inferential_smoke
FREP-90585-C,1,2024-02-20,E06000060,3.8698111566188365,1.811937383769831,1.7990085844513328,OOF_date_group_diagnostic,log_D,R03_smoke_v3,non_inferential_smoke
FREP-9152-I,1,2024-01-08,E09000014,3.131136910560194,2.373451255423944,1.7990085844513328,OOF_date_group_diagnostic,log_D,R03_smoke_v3,non_inferential_smoke
FREP-15108-O,2,2023-11-02,E06000055,0.0,1.4285275369579216,1.7687958948511835,OOF_date_group_diagnostic,log_D,R03_smoke_v3,non_inferential_smoke
FREP-15160-O,2,2023-09-07,E07000241,0.0,1.5709759787666062,1.7687958948511835,OOF_date_group_diagnostic,log_D,R03_smoke_v3,non_inferential_smoke
FREP-159912-J,2,2022-04-28,E07000072,0.0,1.7226485671014817,1.7687958948511835,OOF_date_group_diagnostic,log_D,R03_smoke_v3,non_inferential_smoke
FREP-228813-Z,2,2021-04-01,E07000099,2.9338568698359038,1.7928139558602212,1.7687958948511835,OOF_date_group_diagnostic,log_D,R03_smoke_v3,non_inferential_smoke
FREP-233715-Z,2,2021-04-28,E09000010,0.8685000680378065,1.9865010947085067,1.7687958948511835,OOF_date_group_diagnostic,log_D,R03_smoke_v3,non_inferential_smoke
FREP-234038-Z,2,2021-04-30,E07000011,0.31237468504215243,1.8890595591103276,1.7687958948511835,OOF_date_group_diagnostic,log_D,R03_smoke_v3,non_inferential_smoke
FREP-234116-Z,2,2021-04-30,E07000202,1.1420974006078486,1.7158219705064588,1.7687958948511835,OOF_date_group_diagnostic,log_D,R03_smoke_v3,non_inferential_smoke
FREP-238564-Z,2,2021-05-23,E09000003,2.8213788864092133,1.7351025139896008,1.7687958948511835,OOF_date_group_diagnostic,log_D,R03_smoke_v3,non_inferential_smoke
FREP-238589-Z,2,2021-05-23,E07000070,2.310883895808741,1.6969644365889258,1.7687958948511835,OOF_date_group_diagnostic,log_D,R03_smoke_v3,non_inferential_smoke
FREP-244334-Z,2,2021-06-22,E09000003,2.348195604246098,1.9976811347582095,1.7687958948511835,OOF_date_group_diagnostic,log_D,R03_smoke_v3,non_inferential_smoke
FREP-244955-Z,2,2021-06-24,E09000015,2.1400661634962708,1.8785020070763045,1.7687958948511835,OOF_date_group_diagnostic,log_D,R03_smoke_v3,non_inferential_smoke
FREP-250580-Z,2,2021-07-22,E07000010,2.915064370486536,1.2532016730701159,1.7687958948511835,OOF_date_group_diagnostic,log_D,R03_smoke_v3,non_inferential_smoke
FREP-250816-Z,2,2021-07-23,E07000066,1.7520942128356236,2.1695929349363294,1.7687958948511835,OOF_date_group_diagnostic,log_D,R03_smoke_v3,non_inferential_smoke
FREP-251058-G,2,2021-05-21,E07000110,0.2751032902449208,3.1066069932494513,1.7687958948511835,OOF_date_group_diagnostic,log_D,R03_smoke_v3,non_inferential_smoke
FREP-256626-G,2,2021-10-15,E07000209,1.0355541527009728,1.7689239232706364,1.7687958948511835,OOF_date_group_diagnostic,log_D,R03_smoke_v3,non_inferential_smoke
FREP-258735-G,2,2021-11-27,E07000210,1.5686159179138452,2.3832792221274355,1.7687958948511835,OOF_date_group_diagnostic,log_D,R03_smoke_v3,non_inferential_smoke
FREP-259546-G,2,2021-12-05,E07000064,4.295015257684252,1.579134194948347,1.7687958948511835,OOF_date_group_diagnostic,log_D,R03_smoke_v3,non_inferential_smoke
FREP-260095-G,2,2021-12-09,E09000008,4.253245844807957,1.74830734381423,1.7687958948511835,OOF_date_group_diagnostic,log_D,R03_smoke_v3,non_inferential_smoke
FREP-260162-Z,2,2021-09-13,E07000011,1.575536360758419,1.3627796822361846,1.7687958948511835,OOF_date_group_diagnostic,log_D,R03_smoke_v3,non_inferential_smoke
FREP-260755-Z,2,2021-09-17,E07000012,3.2676659890376327,1.07278622334815,1.7687958948511835,OOF_date_group_diagnostic,log_D,R03_smoke_v3,non_inferential_smoke
FREP-262013-J,2,2021-05-23,E09000011,0.0,1.8943653701562553,1.7687958948511835,OOF_date_group_diagnostic,log_D,R03_smoke_v3,non_inferential_smoke
FREP-265393-G,2,2022-02-04,E07000113,3.3099345558151674,1.5739660397077901,1.7687958948511835,OOF_date_group_diagnostic,log_D,R03_smoke_v3,non_inferential_smoke
FREP-265726-J,2,2021-06-11,E09000028,3.8398106713142215,1.596107059860957,1.7687958948511835,OOF_date_group_diagnostic,log_D,R03_smoke_v3,non_inferential_smoke
FREP-267584-Z,2,2021-10-31,E07000096,-0.2441969605120421,2.2305678193516427,1.7687958948511835,OOF_date_group_diagnostic,log_D,R03_smoke_v3,non_inferential_smoke
FREP-267943-J,2,2021-07-11,E09000022,2.2300144001592104,1.6129085706875732,1.7687958948511835,OOF_date_group_diagnostic,log_D,R03_smoke_v3,non_inferential_smoke
FREP-270339-J,2,2021-08-08,E09000019,0.6061358035703155,1.7640519762337408,1.7687958948511835,OOF_date_group_diagnostic,log_D,R03_smoke_v3,non_inferential_smoke
FREP-270376-J,2,2021-08-08,E09000019,3.5170031551815204,1.8068285954365018,1.7687958948511835,OOF_date_group_diagnostic,log_D,R03_smoke_v3,non_inferential_smoke
FREP-270402-J,2,2021-08-08,E09000024,2.178532444324067,2.2015945309597096,1.7687958948511835,OOF_date_group_diagnostic,log_D,R03_smoke_v3,non_inferential_smoke
FREP-271719-Z,2,2021-11-27,E07000076,1.442989704796436,1.51942482336916,1.7687958948511835,OOF_date_group_diagnostic,log_D,R03_smoke_v3,non_inferential_smoke
FREP-272077-G,2,2022-03-04,E07000224,1.33500106673234,1.6671786678133373,1.7687958948511835,OOF_date_group_diagnostic,log_D,R03_smoke_v3,non_inferential_smoke
FREP-272207-Z,2,2021-11-30,E07000146,1.536867219599265,1.0746759191455422,1.7687958948511835,OOF_date_group_diagnostic,log_D,R03_smoke_v3,non_inferential_smoke
FREP-273055-Z,2,2021-12-05,E07000144,1.6894806201076369,1.7280058870039414,1.7687958948511835,OOF_date_group_diagnostic,log_D,R03_smoke_v3,non_inferential_smoke
FREP-273726-G,2,2022-03-20,E09000021,-0.1823215567939546,1.6027414172346155,1.7687958948511835,OOF_date_group_diagnostic,log_D,R03_smoke_v3,non_inferential_smoke
FREP-274967-Z,2,2021-12-15,E07000200,1.6956156086751528,1.2564556871424468,1.7687958948511835,OOF_date_group_diagnostic,log_D,R03_smoke_v3,non_inferential_smoke
FREP-275978-G,2,2022-04-12,E07000109,4.541697763032518,1.6587500464383307,1.7687958948511835,OOF_date_group_diagnostic,log_D,R03_smoke_v3,non_inferential_smoke
FREP-276135-J,2,2021-10-26,E09000024,1.749199854809259,2.222704899622613,1.7687958948511835,OOF_date_group_diagnostic,log_D,R03_smoke_v3,non_inferential_smoke
FREP-277752-G,2,2022-05-03,E09000029,0.5784842722398056,2.1353850088106987,1.7687958948511835,OOF_date_group_diagnostic,log_D,R03_smoke_v3,non_inferential_smoke
FREP-279140-Z,2,2022-01-14,E07000076,0.7259370033829363,1.8067465438400034,1.7687958948511835,OOF_date_group_diagnostic,log_D,R03_smoke_v3,non_inferential_smoke
FREP-279988-G,2,2022-05-25,E07000217,2.1897895988487015,1.8284902856937704,1.7687958948511835,OOF_date_group_diagnostic,log_D,R03_smoke_v3,non_inferential_smoke
FREP-280104-G,2,2022-05-25,E07000207,-0.916290731874155,1.8271005323445926,1.7687958948511835,OOF_date_group_diagnostic,log_D,R03_smoke_v3,non_inferential_smoke
FREP-280134-Z,2,2022-02-01,E09000003,0.0,1.8578542347325064,1.7687958948511835,OOF_date_group_diagnostic,log_D,R03_smoke_v3,non_inferential_smoke
FREP-281689-G,2,2022-06-14,E07000064,-0.5978370007556204,2.0981002772140975,1.7687958948511835,OOF_date_group_diagnostic,log_D,R03_smoke_v3,non_inferential_smoke
FREP-281924-Z,2,2022-01-30,E09000016,2.4876805766707255,2.1427098412697694,1.7687958948511835,OOF_date_group_diagnostic,log_D,R03_smoke_v3,non_inferential_smoke
FREP-282061-Z,2,2022-03-14,E06000034,1.2947271675944,1.7036446460677575,1.7687958948511835,OOF_date_group_diagnostic,log_D,R03_smoke_v3,non_inferential_smoke
FREP-282080-Z,2,2022-01-31,E07000143,1.1260112628562242,1.8897974017130585,1.7687958948511835,OOF_date_group_diagnostic,log_D,R03_smoke_v3,non_inferential_smoke
FREP-282900-Z,2,2022-02-04,E09000015,2.290849836775625,2.1984203113686065,1.7687958948511835,OOF_date_group_diagnostic,log_D,R03_smoke_v3,non_inferential_smoke
FREP-282965-Z,2,2022-02-04,E07000103,6.073274922305548,2.0653074634523643,1.7687958948511835,OOF_date_group_diagnostic,log_D,R03_smoke_v3,non_inferential_smoke
FREP-285140-G,2,2022-07-18,E07000217,3.073464622094343,1.8139825749959715,1.7687958948511835,OOF_date_group_diagnostic,log_D,R03_smoke_v3,non_inferential_smoke
FREP-286090-G,2,2022-07-25,E07000114,3.2523106009544382,2.027226045094142,1.7687958948511835,OOF_date_group_diagnostic,log_D,R03_smoke_v3,non_inferential_smoke
FREP-286667-J,2,2022-04-12,E09000002,2.8631528086548506,1.8368166990516828,1.7687958948511835,OOF_date_group_diagnostic,log_D,R03_smoke_v3,non_inferential_smoke
FREP-290334-G,2,2022-09-06,E07000110,0.5784842722398056,1.7813843977231816,1.7687958948511835,OOF_date_group_diagnostic,log_D,R03_smoke_v3,non_inferential_smoke
FREP-290551-J,2,2022-06-14,E09000007,-2.70805020110221,1.9160513924039742,1.7687958948511835,OOF_date_group_diagnostic,log_D,R03_smoke_v3,non_inferential_smoke
FREP-292257-J,2,2022-07-09,E09000031,1.6894806201076369,1.6109296424516115,1.7687958948511835,OOF_date_group_diagnostic,log_D,R03_smoke_v3,non_inferential_smoke
FREP-294742-J,2,2022-08-14,E09000032,2.217390246930814,1.5129997284831789,1.7687958948511835,OOF_date_group_diagnostic,log_D,R03_smoke_v3,non_inferential_smoke
FREP-295699-G,2,2022-10-26,E07000211,2.3009170358933484,1.8224412292381333,1.7687958948511835,OOF_date_group_diagnostic,log_D,R03_smoke_v3,non_inferential_smoke
FREP-295770-G,2,2022-10-26,E07000106,2.834193255942565,1.7260076611901998,1.7687958948511835,OOF_date_group_diagnostic,log_D,R03_smoke_v3,non_inferential_smoke
FREP-297133-G,2,2023-03-13,E07000111,1.252762968495368,1.8630011619119415,1.7687958948511835,OOF_date_group_diagnostic,log_D,R03_smoke_v3,non_inferential_smoke
FREP-298294-G,2,2022-11-15,E07000112,2.280680257605996,1.9524299054114396,1.7687958948511835,OOF_date_group_diagnostic,log_D,R03_smoke_v3,non_inferential_smoke
FREP-299967-Z,2,2022-04-14,E09000002,2.4973291697865574,2.052804238915915,1.7687958948511835,OOF_date_group_diagnostic,log_D,R03_smoke_v3,non_inferential_smoke
FREP-301473-J,2,2022-11-07,E09000026,3.2859112262043593,1.5803499548200066,1.7687958948511835,OOF_date_group_diagnostic,log_D,R03_smoke_v3,non_inferential_smoke
FREP-302184-G,2,2023-02-17,E06000035,0.0,1.717437309569398,1.7687958948511835,OOF_date_group_diagnostic,log_D,R03_smoke_v3,non_inferential_smoke
FREP-302488-Z,2,2022-05-03,E09000014,3.4350618956149117,2.2130558269206615,1.7687958948511835,OOF_date_group_diagnostic,log_D,R03_smoke_v3,non_inferential_smoke
FREP-304332-J,2,2022-12-10,E09000033,3.8180785592516044,2.2690069597142988,1.7687958948511835,OOF_date_group_diagnostic,log_D,R03_smoke_v3,non_inferential_smoke
FREP-305625-J,2,2022-12-21,E09000023,3.648057459593681,1.820660662135562,1.7687958948511835,OOF_date_group_diagnostic,log_D,R03_smoke_v3,non_inferential_smoke
FREP-305777-J,2,2022-12-22,E09000007,3.963982744358857,1.7673870537026253,1.7687958948511835,OOF_date_group_diagnostic,log_D,R03_smoke_v3,non_inferential_smoke
FREP-305832-J,2,2022-12-22,E09000030,-1.6094379124341003,1.63898939160339,1.7687958948511835,OOF_date_group_diagnostic,log_D,R03_smoke_v3,non_inferential_smoke
FREP-307690-Z,2,2022-06-25,E09000015,0.0,2.038813426146342,1.7687958948511835,OOF_date_group_diagnostic,log_D,R03_smoke_v3,non_inferential_smoke
FREP-307856-J,2,2023-01-17,E09000031,1.62924053973028,2.151408180448183,1.7687958948511835,OOF_date_group_diagnostic,log_D,R03_smoke_v3,non_inferential_smoke
FREP-312750-Z,2,2022-06-28,E06000060,3.8645819308280096,2.138338294837544,1.7687958948511835,OOF_date_group_diagnostic,log_D,R03_smoke_v3,non_inferential_smoke
FREP-314526-G,2,2023-04-02,E07000209,0.06453852113757116,1.8016206615823742,1.7687958948511835,OOF_date_group_diagnostic,log_D,R03_smoke_v3,non_inferential_smoke
FREP-314982-G,2,2023-04-07,E09000027,0.0,1.6596696784641727,1.7687958948511835,OOF_date_group_diagnostic,log_D,R03_smoke_v3,non_inferential_smoke
FREP-315005-G,2,2023-04-07,E07000108,0.7884573603642703,1.9216860581313149,1.7687958948511835,OOF_date_group_diagnostic,log_D,R03_smoke_v3,non_inferential_smoke
FREP-315495-Z,2,2022-07-13,E06000060,1.9717635278816472,1.8111197433279198,1.7687958948511835,OOF_date_group_diagnostic,log_D,R03_smoke_v3,non_inferential_smoke
FREP-317050-J,2,2023-05-11,E09000022,0.5596157879354227,1.8072346790935452,1.7687958948511835,OOF_date_group_diagnostic,log_D,R03_smoke_v3,non_inferential_smoke
FREP-318275-J,2,2023-05-27,E09000026,2.075266170269355,1.7538374047361716,1.7687958948511835,OOF_date_group_diagnostic,log_D,R03_smoke_v3,non_inferential_smoke
FREP-319902-Z,2,2022-08-03,E07000096,-0.6603573577369544,2.0294477065840932,1.7687958948511835,OOF_date_group_diagnostic,log_D,R03_smoke_v3,non_inferential_smoke
FREP-320352-J,2,2023-06-22,E09000025,3.3381392456950185,1.4909582269588348,1.7687958948511835,OOF_date_group_diagnostic,log_D,R03_smoke_v3,non_inferential_smoke
FREP-321776-J,2,2023-07-08,E09000033,0.31237468504215243,1.8230570853828603,1.7687958948511835,OOF_date_group_diagnostic,log_D,R03_smoke_v3,non_inferential_smoke
FREP-322217-Z,2,2022-08-16,E07000146,1.6357552207514738,1.5645301525458857,1.7687958948511835,OOF_date_group_diagnostic,log_D,R03_smoke_v3,non_inferential_smoke
FREP-322391-G,2,2023-06-19,E06000035,2.122261538862764,1.614561069657944,1.7687958948511835,OOF_date_group_diagnostic,log_D,R03_smoke_v3,non_inferential_smoke
FREP-324045-Z,2,2022-08-24,E07000242,1.2479896897427103,1.5038822328542292,1.7687958948511835,OOF_date_group_diagnostic,log_D,R03_smoke_v3,non_inferential_smoke
FREP-324086-J,2,2023-08-07,E09000033,0.9295359586241757,2.0977417464116206,1.7687958948511835,OOF_date_group_diagnostic,log_D,R03_smoke_v3,non_inferential_smoke
FREP-326504-J,2,2023-09-09,E09000025,1.7805861686299298,1.3108986183448113,1.7687958948511835,OOF_date_group_diagnostic,log_D,R03_smoke_v3,non_inferential_smoke
FREP-327026-G,2,2023-07-28,E07000105,2.408445483693523,2.091420806829489,1.7687958948511835,OOF_date_group_diagnostic,log_D,R03_smoke_v3,non_inferential_smoke
FREP-327160-Z,2,2022-09-08,E07000072,4.323249263971382,1.8412235365488536,1.7687958948511835,OOF_date_group_diagnostic,log_D,R03_smoke_v3,non_inferential_smoke
FREP-327749-Z,2,2022-09-11,E07000071,0.0,1.8870752101514374,1.7687958948511835,OOF_date_group_diagnostic,log_D,R03_smoke_v3,non_inferential_smoke
FREP-328162-G,2,2023-08-07,E07000116,1.2992829841302609,1.947217095885963,1.7687958948511835,OOF_date_group_diagnostic,log_D,R03_smoke_v3,non_inferential_smoke
FREP-328267-G,2,2023-08-07,E07000116,1.104152469043725,2.0351307381569366,1.7687958948511835,OOF_date_group_diagnostic,log_D,R03_smoke_v3,non_inferential_smoke
FREP-328587-Z,2,2022-09-15,E09000014,2.278975227354912,1.9700126068386021,1.7687958948511835,OOF_date_group_diagnostic,log_D,R03_smoke_v3,non_inferential_smoke
FREP-331278-G,2,2023-09-02,E09000008,-0.456758402495715,1.4914900559700182,1.7687958948511835,OOF_date_group_diagnostic,log_D,R03_smoke_v3,non_inferential_smoke
FREP-336338-Z,2,2022-10-26,E06000034,2.629487878599108,1.873120013924673,1.7687958948511835,OOF_date_group_diagnostic,log_D,R03_smoke_v3,non_inferential_smoke
FREP-337509-Z,2,2022-11-01,E09000016,1.5440101071116452,1.8975920573864342,1.7687958948511835,OOF_date_group_diagnostic,log_D,R03_smoke_v3,non_inferential_smoke
FREP-337543-J,2,2024-03-25,E09000021,0.0,1.4873213304120405,1.7687958948511835,OOF_date_group_diagnostic,log_D,R03_smoke_v3,non_inferential_smoke
FREP-338010-G,2,2023-10-28,E07000210,2.8631528086548506,1.826499060838582,1.7687958948511835,OOF_date_group_diagnostic,log_D,R03_smoke_v3,non_inferential_smoke
FREP-339238-Z,2,2022-11-08,E07000011,1.3437347467010947,1.4394935029959628,1.7687958948511835,OOF_date_group_diagnostic,log_D,R03_smoke_v3,non_inferential_smoke
FREP-339282-J,2,2024-02-09,E09000033,2.0519846954467966,1.9608508729775467,1.7687958948511835,OOF_date_group_diagnostic,log_D,R03_smoke_v3,non_inferential_smoke
FREP-339778-G,2,2023-11-10,E09000008,-1.791759469228055,1.4954341154554438,1.7687958948511835,OOF_date_group_diagnostic,log_D,R03_smoke_v3,non_inferential_smoke
FREP-341539-J,2,2024-03-03,E09000026,1.943526357700037,1.754188894273584,1.7687958948511835,OOF_date_group_diagnostic,log_D,R03_smoke_v3,non_inferential_smoke
FREP-346980-G,2,2024-01-07,E07000209,2.766319109226186,2.197418471840522,1.7687958948511835,OOF_date_group_diagnostic,log_D,R03_smoke_v3,non_inferential_smoke
FREP-348966-G,2,2024-01-21,E06000035,2.3608540011180215,2.84631766230446,1.7687958948511835,OOF_date_group_diagnostic,log_D,R03_smoke_v3,non_inferential_smoke
FREP-353232-Z,2,2023-01-17,E07000146,0.7884573603642703,1.9271483942036511,1.7687958948511835,OOF_date_group_diagnostic,log_D,R03_smoke_v3,non_inferential_smoke
FREP-353362-Z,2,2023-01-17,E07000145,1.8484548129046001,2.219385001576739,1.7687958948511835,OOF_date_group_diagnostic,log_D,R03_smoke_v3,non_inferential_smoke
FREP-353479-Z,2,2023-01-17,E07000066,2.774669888443606,2.4607190624906488,1.7687958948511835,OOF_date_group_diagnostic,log_D,R03_smoke_v3,non_inferential_smoke
FREP-356208-Z,2,2023-02-14,E06000033,0.0,1.7045230382243226,1.7687958948511835,OOF_date_group_diagnostic,log_D,R03_smoke_v3,non_inferential_smoke
FREP-356472-G,2,2024-03-15,E07000112,3.2188758248682006,1.9031874190458204,1.7687958948511835,OOF_date_group_diagnostic,log_D,R03_smoke_v3,non_inferential_smoke
FREP-356551-G,2,2024-03-15,E07000208,2.8622008809294686,1.689575410164706,1.7687958948511835,OOF_date_group_diagnostic,log_D,R03_smoke_v3,non_inferential_smoke
FREP-357029-Z,2,2023-02-14,E09000014,0.0,2.0850199526881177,1.7687958948511835,OOF_date_group_diagnostic,log_D,R03_smoke_v3,non_inferential_smoke
FREP-363383-Z,2,2023-03-13,E06000060,1.8562979903656263,2.0217162634067076,1.7687958948511835,OOF_date_group_diagnostic,log_D,R03_smoke_v3,non_inferential_smoke
FREP-373532-Z,2,2023-05-13,E09000003,3.807032791570515,1.972918078715692,1.7687958948511835,OOF_date_group_diagnostic,log_D,R03_smoke_v3,non_inferential_smoke
FREP-387579-Z,2,2023-07-26,E07000096,2.7245795030534206,2.3241482729239586,1.7687958948511835,OOF_date_group_diagnostic,log_D,R03_smoke_v3,non_inferential_smoke
FREP-387902-Z,2,2023-07-28,E09000003,2.7652703414321014,2.004723934898155,1.7687958948511835,OOF_date_group_diagnostic,log_D,R03_smoke_v3,non_inferential_smoke
FREP-394314-Z,2,2023-08-28,E06000060,-0.6603573577369544,2.2795843535039,1.7687958948511835,OOF_date_group_diagnostic,log_D,R03_smoke_v3,non_inferential_smoke
FREP-400377-Z,2,2023-10-03,E07000241,5.772634595497505,2.0957085302153433,1.7687958948511835,OOF_date_group_diagnostic,log_D,R03_smoke_v3,non_inferential_smoke
FREP-404878-Z,2,2023-10-28,E06000060,-1.529395204760564,1.7103647706017497,1.7687958948511835,OOF_date_group_diagnostic,log_D,R03_smoke_v3,non_inferential_smoke
FREP-404982-Z,2,2023-10-29,E06000034,3.742420221041966,1.8829726129162747,1.7687958948511835,OOF_date_group_diagnostic,log_D,R03_smoke_v3,non_inferential_smoke
FREP-407346-Z,2,2024-02-02,E07000066,0.0,2.3550992166521785,1.7687958948511835,OOF_date_group_diagnostic,log_D,R03_smoke_v3,non_inferential_smoke
FREP-414952-Z,2,2023-12-21,E07000242,1.3862943611198906,1.5752205637116505,1.7687958948511835,OOF_date_group_diagnostic,log_D,R03_smoke_v3,non_inferential_smoke
FREP-416325-Z,2,2023-12-31,E07000242,2.2335922215070942,1.6983486124788256,1.7687958948511835,OOF_date_group_diagnostic,log_D,R03_smoke_v3,non_inferential_smoke
FREP-420671-Z,2,2024-01-21,E07000203,1.7861884241785997,2.027649222207172,1.7687958948511835,OOF_date_group_diagnostic,log_D,R03_smoke_v3,non_inferential_smoke
FREP-420754-Z,2,2024-01-21,E07000070,0.5690945318899664,2.3582738485170855,1.7687958948511835,OOF_date_group_diagnostic,log_D,R03_smoke_v3,non_inferential_smoke
FREP-42379-M,2,2022-03-29,E09000025,1.957744606702316,1.4149910173027422,1.7687958948511835,OOF_date_group_diagnostic,log_D,R03_smoke_v3,non_inferential_smoke
FREP-46168-M,2,2023-11-02,E09000032,2.775708849576025,1.5579514176703495,1.7687958948511835,OOF_date_group_diagnostic,log_D,R03_smoke_v3,non_inferential_smoke
FREP-46549-M,2,2023-12-24,E09000026,2.7589545309639774,1.8331201742075751,1.7687958948511835,OOF_date_group_diagnostic,log_D,R03_smoke_v3,non_inferential_smoke
FREP-50508-C,2,2023-05-24,E06000056,0.9555114450274363,1.1798650292364612,1.7687958948511835,OOF_date_group_diagnostic,log_D,R03_smoke_v3,non_inferential_smoke
FREP-51730-C,2,2021-09-12,E07000010,0.9096017437233584,1.3293024006322929,1.7687958948511835,OOF_date_group_diagnostic,log_D,R03_smoke_v3,non_inferential_smoke
FREP-52282-C,2,2021-09-17,E09000031,2.9712688013756168,1.3729299845569636,1.7687958948511835,OOF_date_group_diagnostic,log_D,R03_smoke_v3,non_inferential_smoke
FREP-55241-C,2,2021-10-26,E09000003,3.405078728370128,1.83799004133078,1.7687958948511835,OOF_date_group_diagnostic,log_D,R03_smoke_v3,non_inferential_smoke
FREP-57380-C,2,2021-11-30,E07000242,1.2431935174792172,1.3802651057950062,1.7687958948511835,OOF_date_group_diagnostic,log_D,R03_smoke_v3,non_inferential_smoke
FREP-57604-C,2,2021-06-24,E07000096,1.80005827204275,2.230509955360846,1.7687958948511835,OOF_date_group_diagnostic,log_D,R03_smoke_v3,non_inferential_smoke
FREP-59447-C,2,2022-01-14,E07000242,2.8134107167600364,2.289344219630505,1.7687958948511835,OOF_date_group_diagnostic,log_D,R03_smoke_v3,non_inferential_smoke
FREP-65504-V,2,2021-07-29,E07000116,1.136764054632486,2.0154939983252262,1.7687958948511835,OOF_date_group_diagnostic,log_D,R03_smoke_v3,non_inferential_smoke
FREP-66429-V,2,2021-08-08,E07000110,2.2282206777051834,2.078820819077755,1.7687958948511835,OOF_date_group_diagnostic,log_D,R03_smoke_v3,non_inferential_smoke
FREP-71057-C,2,2023-02-15,E07000068,3.1112906141882632,1.851187075041406,1.7687958948511835,OOF_date_group_diagnostic,log_D,R03_smoke_v3,non_inferential_smoke
FREP-71560-C,2,2023-03-01,E07000010,0.0,1.1924353821414897,1.7687958948511835,OOF_date_group_diagnostic,log_D,R03_smoke_v3,non_inferential_smoke
FREP-71760-C,2,2023-03-06,E09000014,2.614959778036198,1.9691309672945436,1.7687958948511835,OOF_date_group_diagnostic,log_D,R03_smoke_v3,non_inferential_smoke
FREP-76085-C,2,2023-06-22,E07000075,1.9242486522741338,2.1564085110299858,1.7687958948511835,OOF_date_group_diagnostic,log_D,R03_smoke_v3,non_inferential_smoke
FREP-76207-C,2,2023-06-25,E06000031,3.0757749812275277,1.779608849726308,1.7687958948511835,OOF_date_group_diagnostic,log_D,R03_smoke_v3,non_inferential_smoke
FREP-7849-I,2,2023-09-19,E07000068,0.550046336919272,1.8520295666132873,1.7687958948511835,OOF_date_group_diagnostic,log_D,R03_smoke_v3,non_inferential_smoke
FREP-81477-V,2,2022-10-01,E07000112,0.5108256237659907,1.9578196968140242,1.7687958948511835,OOF_date_group_diagnostic,log_D,R03_smoke_v3,non_inferential_smoke
FREP-83630-C,2,2023-11-02,E06000056,1.9070703157390494,0.9225875792088641,1.7687958948511835,OOF_date_group_diagnostic,log_D,R03_smoke_v3,non_inferential_smoke
FREP-85296-V,2,2023-04-26,E07000065,1.4853852637641216,1.4542170877709648,1.7687958948511835,OOF_date_group_diagnostic,log_D,R03_smoke_v3,non_inferential_smoke
FREP-88796-V,2,2023-12-31,E07000113,1.4508328822574619,1.568032968858169,1.7687958948511835,OOF_date_group_diagnostic,log_D,R03_smoke_v3,non_inferential_smoke
FREP-89946-C,2,2024-02-10,E07000103,3.0696021221204464,2.0401971436984194,1.7687958948511835,OOF_date_group_diagnostic,log_D,R03_smoke_v3,non_inferential_smoke
FREP-90643-C,2,2024-02-21,E06000060,1.919370593820701,2.2777619074968336,1.7687958948511835,OOF_date_group_diagnostic,log_D,R03_smoke_v3,non_inferential_smoke
FREP-13157-W,3,2021-05-20,E07000065,2.4553061800117097,1.530523496362714,1.7951407778653246,OOF_date_group_diagnostic,log_D,R03_smoke_v3,non_inferential_smoke
FREP-14132-W,3,2022-02-21,E07000211,1.2335316065674804,2.0832860642369204,1.7951407778653246,OOF_date_group_diagnostic,log_D,R03_smoke_v3,non_inferential_smoke
FREP-244414-Z,3,2021-06-20,E07000012,-0.958850346292951,1.7487023116827158,1.7951407778653246,OOF_date_group_diagnostic,log_D,R03_smoke_v3,non_inferential_smoke
FREP-246558-J,3,2021-05-17,E09000024,0.5596157879354227,1.988636391273896,1.7951407778653246,OOF_date_group_diagnostic,log_D,R03_smoke_v3,non_inferential_smoke
FREP-249665-G,3,2021-04-26,E06000035,3.3416832541297476,1.6519818963363124,1.7951407778653246,OOF_date_group_diagnostic,log_D,R03_smoke_v3,non_inferential_smoke
FREP-249750-G,3,2021-04-16,E07000065,-1.791759469228055,1.7304353686849887,1.7951407778653246,OOF_date_group_diagnostic,log_D,R03_smoke_v3,non_inferential_smoke
FREP-251494-G,3,2021-05-26,E07000229,0.31237468504215243,1.7979210165588848,1.7951407778653246,OOF_date_group_diagnostic,log_D,R03_smoke_v3,non_inferential_smoke
FREP-253092-G,3,2021-06-20,E07000108,2.6258755929131943,2.0028758366055404,1.7951407778653246,OOF_date_group_diagnostic,log_D,R03_smoke_v3,non_inferential_smoke
FREP-254449-G,3,2021-07-26,E07000210,1.7889778262661782,1.8523165922109124,1.7951407778653246,OOF_date_group_diagnostic,log_D,R03_smoke_v3,non_inferential_smoke
FREP-255439-Z,3,2021-08-14,E07000143,1.6094379124341003,1.3743140847561868,1.7951407778653246,OOF_date_group_diagnostic,log_D,R03_smoke_v3,non_inferential_smoke
FREP-256477-Z,3,2021-08-20,E07000012,0.6151856390902335,1.2632983238141688,1.7951407778653246,OOF_date_group_diagnostic,log_D,R03_smoke_v3,non_inferential_smoke
FREP-260348-Z,3,2021-09-14,E07000008,1.2286654169163074,1.7848946959992158,1.7951407778653246,OOF_date_group_diagnostic,log_D,R03_smoke_v3,non_inferential_smoke
FREP-260384-G,3,2021-12-12,E07000064,1.9969653198555974,1.649315006498869,1.7951407778653246,OOF_date_group_diagnostic,log_D,R03_smoke_v3,non_inferential_smoke
FREP-260881-Z,3,2021-09-18,E07000075,0.6931471805599453,1.7005437702305952,1.7951407778653246,OOF_date_group_diagnostic,log_D,R03_smoke_v3,non_inferential_smoke
FREP-260963-Z,3,2021-09-19,E07000074,2.489064659936664,1.5698825601727646,1.7951407778653246,OOF_date_group_diagnostic,log_D,R03_smoke_v3,non_inferential_smoke
FREP-261775-G,3,2021-12-30,E09000029,2.8949907037524594,1.8747323057685734,1.7951407778653246,OOF_date_group_diagnostic,log_D,R03_smoke_v3,non_inferential_smoke
FREP-262134-J,3,2021-04-23,E09000031,2.211930724725915,1.6598271305499965,1.7951407778653246,OOF_date_group_diagnostic,log_D,R03_smoke_v3,non_inferential_smoke
FREP-262902-J,3,2021-05-26,E09000006,0.0,1.7470889706566608,1.7951407778653246,OOF_date_group_diagnostic,log_D,R03_smoke_v3,non_inferential_smoke
FREP-263344-G,3,2022-01-16,E07000215,2.21375387928743,1.9621545113319097,1.7951407778653246,OOF_date_group_diagnostic,log_D,R03_smoke_v3,non_inferential_smoke
FREP-265215-Z,3,2021-10-18,E07000242,1.2335316065674804,1.916669694940585,1.7951407778653246,OOF_date_group_diagnostic,log_D,R03_smoke_v3,non_inferential_smoke
FREP-266428-J,3,2021-06-20,E09000033,0.03278982282299097,2.0392392792134655,1.7951407778653246,OOF_date_group_diagnostic,log_D,R03_smoke_v3,non_inferential_smoke
FREP-266429-J,3,2021-06-20,E09000024,2.10209956557242,2.320710383402376,1.7951407778653246,OOF_date_group_diagnostic,log_D,R03_smoke_v3,non_inferential_smoke
FREP-266860-Z,3,2021-10-27,E07000202,2.2738426241283918,1.9451002257458108,1.7951407778653246,OOF_date_group_diagnostic,log_D,R03_smoke_v3,non_inferential_smoke
FREP-266940-Z,3,2021-10-27,E07000076,-0.8362480242006186,1.5101909714440704,1.7951407778653246,OOF_date_group_diagnostic,log_D,R03_smoke_v3,non_inferential_smoke
FREP-267751-J,3,2021-07-07,E09000023,1.4271163556401458,2.1866228534695327,1.7951407778653246,OOF_date_group_diagnostic,log_D,R03_smoke_v3,non_inferential_smoke
FREP-269237-J,3,2021-07-26,E09000025,5.387091078601464,1.9310158752872648,1.7951407778653246,OOF_date_group_diagnostic,log_D,R03_smoke_v3,non_inferential_smoke
FREP-269330-J,3,2021-07-26,E09000023,2.785011242238338,1.9429806154051619,1.7951407778653246,OOF_date_group_diagnostic,log_D,R03_smoke_v3,non_inferential_smoke
FREP-269527-Z,3,2021-11-13,E06000055,2.4524408485384233,1.454086775315845,1.7951407778653246,OOF_date_group_diagnostic,log_D,R03_smoke_v3,non_inferential_smoke
FREP-269979-J,3,2021-08-03,E09000011,2.9856819377004897,1.8729058163635657,1.7951407778653246,OOF_date_group_diagnostic,log_D,R03_smoke_v3,non_inferential_smoke
FREP-270175-J,3,2021-08-06,E09000022,4.847462556141062,1.6276427294377986,1.7951407778653246,OOF_date_group_diagnostic,log_D,R03_smoke_v3,non_inferential_smoke
FREP-271244-G,3,2022-02-26,E07000112,0.6330432564902398,2.2769566331464386,1.7951407778653246,OOF_date_group_diagnostic,log_D,R03_smoke_v3,non_inferential_smoke
FREP-271723-J,3,2023-04-21,E09000025,0.0,1.5956217364560523,1.7951407778653246,OOF_date_group_diagnostic,log_D,R03_smoke_v3,non_inferential_smoke
FREP-271945-Z,3,2021-11-29,E07000076,0.7654678421395714,1.3680907586496875,1.7951407778653246,OOF_date_group_diagnostic,log_D,R03_smoke_v3,non_inferential_smoke
FREP-271948-Z,3,2021-11-29,E06000033,1.5187835441659694,1.5924556663118308,1.7951407778653246,OOF_date_group_diagnostic,log_D,R03_smoke_v3,non_inferential_smoke
FREP-273874-Z,3,2021-12-08,E07000202,0.45953232937844013,2.2179002189406996,1.7951407778653246,OOF_date_group_diagnostic,log_D,R03_smoke_v3,non_inferential_smoke
FREP-274205-Z,3,2021-12-10,E06000060,1.3128272092380182,2.1514145435147016,1.7951407778653246,OOF_date_group_diagnostic,log_D,R03_smoke_v3,non_inferential_smoke
FREP-275174-G,3,2022-04-04,E07000209,2.0390534807745477,1.609523948905859,1.7951407778653246,OOF_date_group_diagnostic,log_D,R03_smoke_v3,non_inferential_smoke
FREP-276387-G,3,2022-04-16,E09000027,0.42744401482693967,1.2327931837940231,1.7951407778653246,OOF_date_group_diagnostic,log_D,R03_smoke_v3,non_inferential_smoke
FREP-276402-G,3,2022-04-16,E07000216,1.252762968495368,1.1285680258848716,1.7951407778653246,OOF_date_group_diagnostic,log_D,R03_smoke_v3,non_inferential_smoke
FREP-277228-Z,3,2022-01-03,E09000003,2.483516795498946,1.7195843453642907,1.7951407778653246,OOF_date_group_diagnostic,log_D,R03_smoke_v3,non_inferential_smoke
FREP-277951-G,3,2022-05-05,E07000110,2.918671227417529,1.5997997050670383,1.7951407778653246,OOF_date_group_diagnostic,log_D,R03_smoke_v3,non_inferential_smoke
FREP-278966-Z,3,2022-01-13,E07000103,2.302585092994046,2.205960194617083,1.7951407778653246,OOF_date_group_diagnostic,log_D,R03_smoke_v3,non_inferential_smoke
FREP-279565-G,3,2022-05-21,E07000113,4.0389492990005325,1.5285132258801488,1.7951407778653246,OOF_date_group_diagnostic,log_D,R03_smoke_v3,non_inferential_smoke
FREP-280568-G,3,2022-05-30,E09000008,2.856470206220483,1.6468489171293321,1.7951407778653246,OOF_date_group_diagnostic,log_D,R03_smoke_v3,non_inferential_smoke
FREP-280669-Z,3,2022-01-22,E07000240,2.6649107084415924,2.0062661171295146,1.7951407778653246,OOF_date_group_diagnostic,log_D,R03_smoke_v3,non_inferential_smoke
FREP-286573-G,3,2022-07-30,E07000111,2.1242555574696285,2.0332528645236616,1.7951407778653246,OOF_date_group_diagnostic,log_D,R03_smoke_v3,non_inferential_smoke
FREP-287140-Z,3,2022-03-09,E07000143,1.1837700970084166,1.1952075923558187,1.7951407778653246,OOF_date_group_diagnostic,log_D,R03_smoke_v3,non_inferential_smoke
FREP-287202-Z,3,2022-02-21,E06000056,0.7339691750802005,1.6473316795124378,1.7951407778653246,OOF_date_group_diagnostic,log_D,R03_smoke_v3,non_inferential_smoke
FREP-289681-G,3,2022-08-31,E07000106,3.022860940942244,1.6308863024418583,1.7951407778653246,OOF_date_group_diagnostic,log_D,R03_smoke_v3,non_inferential_smoke
FREP-291587-G,3,2022-09-17,E07000228,1.6582280766035324,2.0002399649062763,1.7951407778653246,OOF_date_group_diagnostic,log_D,R03_smoke_v3,non_inferential_smoke
FREP-294602-Z,3,2022-03-16,E07000202,1.737537915061416,1.4738933008102595,1.7951407778653246,OOF_date_group_diagnostic,log_D,R03_smoke_v3,non_inferential_smoke
FREP-294762-Z,3,2022-03-16,E07000008,1.9694406464655074,1.4338783756646072,1.7951407778653246,OOF_date_group_diagnostic,log_D,R03_smoke_v3,non_inferential_smoke
FREP-295298-J,3,2022-08-21,E09000011,2.1498223384416355,1.6175365700497186,1.7951407778653246,OOF_date_group_diagnostic,log_D,R03_smoke_v3,non_inferential_smoke
FREP-295420-J,3,2022-08-23,E09000001,3.380994674344636,1.6906214888198263,1.7951407778653246,OOF_date_group_diagnostic,log_D,R03_smoke_v3,non_inferential_smoke
FREP-295458-J,3,2022-08-23,E09000004,1.536867219599265,1.914696071094095,1.7951407778653246,OOF_date_group_diagnostic,log_D,R03_smoke_v3,non_inferential_smoke
FREP-296101-J,3,2022-09-01,E09000026,2.338595530517079,1.8950562030249458,1.7951407778653246,OOF_date_group_diagnostic,log_D,R03_smoke_v3,non_inferential_smoke
FREP-297906-J,3,2022-09-25,E09000023,1.213923135179104,1.9899485215140211,1.7951407778653246,OOF_date_group_diagnostic,log_D,R03_smoke_v3,non_inferential_smoke
FREP-298473-Z,3,2022-04-06,E07000102,2.7047112998366956,2.189003674432041,1.7951407778653246,OOF_date_group_diagnostic,log_D,R03_smoke_v3,non_inferential_smoke
FREP-299105-J,3,2022-10-27,E09000011,0.0,1.8775761155924393,1.7951407778653246,OOF_date_group_diagnostic,log_D,R03_smoke_v3,non_inferential_smoke
FREP-299352-G,3,2022-11-23,E07000224,2.54422322694442,1.770794920560384,1.7951407778653246,OOF_date_group_diagnostic,log_D,R03_smoke_v3,non_inferential_smoke
FREP-299368-J,3,2022-10-13,E09000023,1.168345626682785,2.058087712804517,1.7951407778653246,OOF_date_group_diagnostic,log_D,R03_smoke_v3,non_inferential_smoke
FREP-301358-G,3,2022-12-11,E07000064,2.954910279033736,2.1928903194143308,1.7951407778653246,OOF_date_group_diagnostic,log_D,R03_smoke_v3,non_inferential_smoke
FREP-302756-J,3,2022-11-22,E07000072,2.0541237336955462,1.7207794767898181,1.7951407778653246,OOF_date_group_diagnostic,log_D,R03_smoke_v3,non_inferential_smoke
FREP-304121-G,3,2022-12-31,E07000111,2.0519846954467966,1.9165502824961647,1.7951407778653246,OOF_date_group_diagnostic,log_D,R03_smoke_v3,non_inferential_smoke
FREP-304364-G,3,2023-01-01,E07000112,1.0704414117014134,1.9485347759985279,1.7951407778653246,OOF_date_group_diagnostic,log_D,R03_smoke_v3,non_inferential_smoke
FREP-304847-G,3,2023-01-05,E07000228,-1.791759469228055,1.5158053708690267,1.7951407778653246,OOF_date_group_diagnostic,log_D,R03_smoke_v3,non_inferential_smoke
FREP-305855-Z,3,2022-05-21,E07000149,0.9619012431262074,1.5646480435671355,1.7951407778653246,OOF_date_group_diagnostic,log_D,R03_smoke_v3,non_inferential_smoke
FREP-306241-G,3,2023-01-14,E07000064,2.2755564206061263,1.6630617829342567,1.7951407778653246,OOF_date_group_diagnostic,log_D,R03_smoke_v3,non_inferential_smoke
FREP-306499-J,3,2023-01-01,E09000007,2.341805806147327,1.8790599571625666,1.7951407778653246,OOF_date_group_diagnostic,log_D,R03_smoke_v3,non_inferential_smoke
FREP-309633-J,3,2023-08-01,E09000022,0.0,1.460404822227226,1.7951407778653246,OOF_date_group_diagnostic,log_D,R03_smoke_v3,non_inferential_smoke
FREP-310138-Z,3,2022-06-30,E07000143,-1.791759469228055,1.9627251724721626,1.7951407778653246,OOF_date_group_diagnostic,log_D,R03_smoke_v3,non_inferential_smoke
FREP-310972-G,3,2023-02-26,E09000008,1.2901505005669882,2.054299801144043,1.7951407778653246,OOF_date_group_diagnostic,log_D,R03_smoke_v3,non_inferential_smoke
FREP-310991-J,3,2023-02-20,E09000012,2.302585092994046,1.7840118463272228,1.7951407778653246,OOF_date_group_diagnostic,log_D,R03_smoke_v3,non_inferential_smoke
FREP-311761-Z,3,2022-06-23,E09000003,1.410986973710262,1.8168884460125998,1.7951407778653246,OOF_date_group_diagnostic,log_D,R03_smoke_v3,non_inferential_smoke
FREP-312936-Z,3,2022-06-30,E06000032,1.6454483499571335,2.181522272043578,1.7951407778653246,OOF_date_group_diagnostic,log_D,R03_smoke_v3,non_inferential_smoke
FREP-312990-Z,3,2022-06-30,E06000060,3.2632116386882526,1.9993328139943234,1.7951407778653246,OOF_date_group_diagnostic,log_D,R03_smoke_v3,non_inferential_smoke
FREP-315847-Z,3,2022-07-15,E07000241,2.159484249353372,2.2202731935436315,1.7951407778653246,OOF_date_group_diagnostic,log_D,R03_smoke_v3,non_inferential_smoke
FREP-315970-Z,3,2022-07-15,E07000241,0.22314355131420976,2.2507335788085587,1.7951407778653246,OOF_date_group_diagnostic,log_D,R03_smoke_v3,non_inferential_smoke
FREP-316430-J,3,2023-05-03,E09000024,0.016529301951210506,1.9187364526299293,1.7951407778653246,OOF_date_group_diagnostic,log_D,R03_smoke_v3,non_inferential_smoke
FREP-316465-G,3,2023-04-22,E07000116,2.772588722239781,1.8425026363504282,1.7951407778653246,OOF_date_group_diagnostic,log_D,R03_smoke_v3,non_inferential_smoke
FREP-316592-J,3,2023-05-05,E09000012,1.9070703157390494,1.552583749748825,1.7951407778653246,OOF_date_group_diagnostic,log_D,R03_smoke_v3,non_inferential_smoke
FREP-318326-J,3,2023-05-29,E09000019,1.2716314527997508,1.526892171019834,1.7951407778653246,OOF_date_group_diagnostic,log_D,R03_smoke_v3,non_inferential_smoke
FREP-318331-J,3,2023-06-09,E09000023,-0.5108256237659907,1.9612024540166844,1.7951407778653246,OOF_date_group_diagnostic,log_D,R03_smoke_v3,non_inferential_smoke
FREP-318552-J,3,2023-06-01,E09000020,5.272743115428606,2.368498824169552,1.7951407778653246,OOF_date_group_diagnostic,log_D,R03_smoke_v3,non_inferential_smoke
FREP-319174-J,3,2023-06-09,E09000033,1.3523928094442093,1.8458836365963411,1.7951407778653246,OOF_date_group_diagnostic,log_D,R03_smoke_v3,non_inferential_smoke
FREP-322892-J,3,2023-07-23,E09000012,2.7024791560527546,2.017527841216027,1.7951407778653246,OOF_date_group_diagnostic,log_D,R03_smoke_v3,non_inferential_smoke
FREP-327336-G,3,2023-07-31,E07000063,2.2335922215070942,2.28891900736028,1.7951407778653246,OOF_date_group_diagnostic,log_D,R03_smoke_v3,non_inferential_smoke
FREP-327400-J,3,2023-09-20,E09000023,1.4739999415389962,1.8774400554708128,1.7951407778653246,OOF_date_group_diagnostic,log_D,R03_smoke_v3,non_inferential_smoke
FREP-327418-J,3,2023-09-20,E09000030,2.4321502973486893,1.8863289236112313,1.7951407778653246,OOF_date_group_diagnostic,log_D,R03_smoke_v3,non_inferential_smoke
FREP-328065-J,3,2023-10-01,E09000001,2.0835995518284998,1.7018188638904967,1.7951407778653246,OOF_date_group_diagnostic,log_D,R03_smoke_v3,non_inferential_smoke
FREP-330597-Z,3,2022-09-26,E09000016,2.4581633248124892,2.0781678789633333,1.7951407778653246,OOF_date_group_diagnostic,log_D,R03_smoke_v3,non_inferential_smoke
FREP-333396-G,3,2023-09-22,E07000116,2.064750826269832,1.9318686453587164,1.7951407778653246,OOF_date_group_diagnostic,log_D,R03_smoke_v3,non_inferential_smoke
FREP-339383-G,3,2023-11-08,E07000106,-1.791759469228055,1.5404219295781285,1.7951407778653246,OOF_date_group_diagnostic,log_D,R03_smoke_v3,non_inferential_smoke
FREP-340896-Z,3,2022-11-16,E07000145,-0.6603573577369544,2.0174535097594886,1.7951407778653246,OOF_date_group_diagnostic,log_D,R03_smoke_v3,non_inferential_smoke
FREP-341915-G,3,2023-11-27,E09000008,3.0895261528403517,1.5433141415773552,1.7951407778653246,OOF_date_group_diagnostic,log_D,R03_smoke_v3,non_inferential_smoke
FREP-342381-Z,3,2022-11-23,E07000098,3.008977500304012,1.405738657049417,1.7951407778653246,OOF_date_group_diagnostic,log_D,R03_smoke_v3,non_inferential_smoke
FREP-344336-G,3,2023-12-15,E07000111,-1.791759469228055,1.8465739786174808,1.7951407778653246,OOF_date_group_diagnostic,log_D,R03_smoke_v3,non_inferential_smoke
FREP-348918-Z,3,2022-12-25,E09000003,1.824549292051046,1.8865198798802871,1.7951407778653246,OOF_date_group_diagnostic,log_D,R03_smoke_v3,non_inferential_smoke
FREP-349956-Z,3,2022-12-31,E07000076,1.8191584434161694,1.5590069519514804,1.7951407778653246,OOF_date_group_diagnostic,log_D,R03_smoke_v3,non_inferential_smoke
FREP-352054-G,3,2024-02-08,E07000063,2.613739521630969,2.658715325402038,1.7951407778653246,OOF_date_group_diagnostic,log_D,R03_smoke_v3,non_inferential_smoke
FREP-353064-G,3,2024-02-16,E07000207,2.8949907037524594,2.138976070999281,1.7951407778653246,OOF_date_group_diagnostic,log_D,R03_smoke_v3,non_inferential_smoke
FREP-354703-G,3,2024-02-29,E07000215,3.174575565971621,2.2548804899612453,1.7951407778653246,OOF_date_group_diagnostic,log_D,R03_smoke_v3,non_inferential_smoke
FREP-355588-G,3,2024-03-07,E07000228,1.7972996496036704,1.2947663578298954,1.7951407778653246,OOF_date_group_diagnostic,log_D,R03_smoke_v3,non_inferential_smoke
FREP-357450-G,3,2024-03-24,E07000113,1.5040773967762742,1.1939813917979938,1.7951407778653246,OOF_date_group_diagnostic,log_D,R03_smoke_v3,non_inferential_smoke
FREP-358944-Z,3,2023-02-21,E06000031,0.0,1.9314172786208512,1.7951407778653246,OOF_date_group_diagnostic,log_D,R03_smoke_v3,non_inferential_smoke
FREP-362980-Z,3,2023-03-11,E07000143,2.446685436967803,1.1949019604260673,1.7951407778653246,OOF_date_group_diagnostic,log_D,R03_smoke_v3,non_inferential_smoke
FREP-365262-Z,3,2023-03-22,E07000203,0.16833531481921474,0.8223163724663216,1.7951407778653246,OOF_date_group_diagnostic,log_D,R03_smoke_v3,non_inferential_smoke
FREP-366469-Z,3,2023-03-30,E07000068,2.3826278006675823,1.2948787108347068,1.7951407778653246,OOF_date_group_diagnostic,log_D,R03_smoke_v3,non_inferential_smoke
FREP-366647-Z,3,2023-03-30,E06000060,2.8458779068975377,1.1817308053901527,1.7951407778653246,OOF_date_group_diagnostic,log_D,R03_smoke_v3,non_inferential_smoke
FREP-370142-Z,3,2023-04-21,E07000146,1.3609765531356006,1.4667558097587345,1.7951407778653246,OOF_date_group_diagnostic,log_D,R03_smoke_v3,non_inferential_smoke
FREP-372928-Z,3,2023-05-10,E07000075,2.6968769005040847,1.7672892709262769,1.7951407778653246,OOF_date_group_diagnostic,log_D,R03_smoke_v3,non_inferential_smoke
FREP-377873-Z,3,2023-06-09,E07000143,1.6357552207514738,1.795214099781341,1.7951407778653246,OOF_date_group_diagnostic,log_D,R03_smoke_v3,non_inferential_smoke
FREP-385208-Z,3,2023-07-13,E07000069,2.613739521630969,1.9909514583705292,1.7951407778653246,OOF_date_group_diagnostic,log_D,R03_smoke_v3,non_inferential_smoke
FREP-386713-Z,3,2023-07-23,E09000010,2.2704061946298104,2.312466393172467,1.7951407778653246,OOF_date_group_diagnostic,log_D,R03_smoke_v3,non_inferential_smoke
FREP-389196-Z,3,2023-08-02,E07000240,3.2727324976589114,1.6878243288039116,1.7951407778653246,OOF_date_group_diagnostic,log_D,R03_smoke_v3,non_inferential_smoke
FREP-401796-Z,3,2023-10-12,E07000143,0.676340062243564,1.7459386510737165,1.7951407778653246,OOF_date_group_diagnostic,log_D,R03_smoke_v3,non_inferential_smoke
FREP-402894-Z,3,2023-10-18,E07000144,-0.10536051565782628,2.02101090351813,1.7951407778653246,OOF_date_group_diagnostic,log_D,R03_smoke_v3,non_inferential_smoke
FREP-405431-Z,3,2023-11-04,E06000055,0.0,1.6548770495864447,1.7951407778653246,OOF_date_group_diagnostic,log_D,R03_smoke_v3,non_inferential_smoke
FREP-411538-Z,3,2023-12-03,E06000060,1.824549292051046,2.047019231562329,1.7951407778653246,OOF_date_group_diagnostic,log_D,R03_smoke_v3,non_inferential_smoke
FREP-412086-Z,3,2023-12-06,E06000055,1.2855527913183589,2.281402836690294,1.7951407778653246,OOF_date_group_diagnostic,log_D,R03_smoke_v3,non_inferential_smoke
FREP-413446-Z,3,2023-12-13,E07000146,-0.33314444652853825,1.8248024127702307,1.7951407778653246,OOF_date_group_diagnostic,log_D,R03_smoke_v3,non_inferential_smoke
FREP-420239-Z,3,2024-01-19,E07000200,2.598979106047848,2.2504009164699132,1.7951407778653246,OOF_date_group_diagnostic,log_D,R03_smoke_v3,non_inferential_smoke
FREP-420338-Z,3,2024-01-19,E06000060,3.2523106009544382,2.0611921900676977,1.7951407778653246,OOF_date_group_diagnostic,log_D,R03_smoke_v3,non_inferential_smoke
FREP-420342-Z,3,2024-01-19,E07000066,1.8299112351924312,2.4225271614343464,1.7951407778653246,OOF_date_group_diagnostic,log_D,R03_smoke_v3,non_inferential_smoke
FREP-422867-Z,3,2024-01-29,E06000033,0.9682504708048661,1.7107676882605034,1.7951407778653246,OOF_date_group_diagnostic,log_D,R03_smoke_v3,non_inferential_smoke
FREP-42387-M,3,2022-03-30,E09000019,2.367123614131617,1.3984963817665192,1.7951407778653246,OOF_date_group_diagnostic,log_D,R03_smoke_v3,non_inferential_smoke
FREP-426119-Z,3,2024-02-15,E07000066,-0.40546510810816444,2.3279062003071926,1.7951407778653246,OOF_date_group_diagnostic,log_D,R03_smoke_v3,non_inferential_smoke
FREP-427141-Z,3,2024-03-18,E07000072,0.0,1.320983819386745,1.7951407778653246,OOF_date_group_diagnostic,log_D,R03_smoke_v3,non_inferential_smoke
FREP-42889-M,3,2023-02-21,E09000022,0.0,1.8437185949201769,1.7951407778653246,OOF_date_group_diagnostic,log_D,R03_smoke_v3,non_inferential_smoke
FREP-431319-Z,3,2024-03-18,E07000066,2.508243329967236,1.702404805881865,1.7951407778653246,OOF_date_group_diagnostic,log_D,R03_smoke_v3,non_inferential_smoke
FREP-46423-C,3,2021-04-16,E09000003,1.5224265354444706,1.7010015956991076,1.7951407778653246,OOF_date_group_diagnostic,log_D,R03_smoke_v3,non_inferential_smoke
FREP-5076-I,3,2022-07-27,E06000060,1.4853852637641216,2.112885880839305,1.7951407778653246,OOF_date_group_diagnostic,log_D,R03_smoke_v3,non_inferential_smoke
FREP-51318-C,3,2021-09-08,E07000241,2.4821250068261236,1.6951586130447056,1.7951407778653246,OOF_date_group_diagnostic,log_D,R03_smoke_v3,non_inferential_smoke
FREP-53387-C,3,2021-10-01,E06000056,0.7498425242364906,1.521392910691495,1.7951407778653246,OOF_date_group_diagnostic,log_D,R03_smoke_v3,non_inferential_smoke
FREP-60451-C,3,2022-02-15,E09000010,2.388762789235098,2.573286297165027,1.7951407778653246,OOF_date_group_diagnostic,log_D,R03_smoke_v3,non_inferential_smoke
FREP-71393-N,3,2023-08-01,E09000022,0.0,1.4465952087933651,1.7951407778653246,OOF_date_group_diagnostic,log_D,R03_smoke_v3,non_inferential_smoke
FREP-71924-N,3,2023-08-01,E09000032,0.0,1.6647864756356414,1.7951407778653246,OOF_date_group_diagnostic,log_D,R03_smoke_v3,non_inferential_smoke
FREP-72131-N,3,2022-10-06,E09000019,1.9832976811269336,2.116509406808291,1.7951407778653246,OOF_date_group_diagnostic,log_D,R03_smoke_v3,non_inferential_smoke
FREP-74485-N,3,2023-10-15,E09000012,2.4553061800117097,2.1876210361821102,1.7951407778653246,OOF_date_group_diagnostic,log_D,R03_smoke_v3,non_inferential_smoke
FREP-74902-V,3,2021-11-09,E07000114,2.4292177439274116,1.4882418029631856,1.7951407778653246,OOF_date_group_diagnostic,log_D,R03_smoke_v3,non_inferential_smoke
FREP-79222-C,3,2023-09-18,E07000148,0.0,1.7202355469458195,1.7951407778653246,OOF_date_group_diagnostic,log_D,R03_smoke_v3,non_inferential_smoke
FREP-81586-V,3,2022-10-11,E07000210,3.4657359027997265,2.010988307105068,1.7951407778653246,OOF_date_group_diagnostic,log_D,R03_smoke_v3,non_inferential_smoke
FREP-84938-V,3,2023-04-15,E07000215,3.2101713842380546,1.7741646943806584,1.7951407778653246,OOF_date_group_diagnostic,log_D,R03_smoke_v3,non_inferential_smoke
FREP-87895-V,3,2023-11-03,E07000105,1.540445040947149,1.6038234710680395,1.7951407778653246,OOF_date_group_diagnostic,log_D,R03_smoke_v3,non_inferential_smoke
FREP-11745-O,4,2022-10-12,E07000066,0.0,1.9584667461025365,1.7170947119970061,OOF_date_group_diagnostic,log_D,R03_smoke_v3,non_inferential_smoke
FREP-13211-O,4,2023-05-04,E07000099,0.0,1.5457974753998254,1.7170947119970061,OOF_date_group_diagnostic,log_D,R03_smoke_v3,non_inferential_smoke
FREP-20904-U,4,2022-11-03,E06000035,2.1061646118205894,1.5741520418762367,1.7170947119970061,OOF_date_group_diagnostic,log_D,R03_smoke_v3,non_inferential_smoke
FREP-22456-U,4,2023-12-05,E07000208,3.3339886319687055,2.071668500961364,1.7170947119970061,OOF_date_group_diagnostic,log_D,R03_smoke_v3,non_inferential_smoke
FREP-230324-Z,4,2021-04-11,E07000148,2.4849066497880004,1.822974307689045,1.7170947119970061,OOF_date_group_diagnostic,log_D,R03_smoke_v3,non_inferential_smoke
FREP-230401-Z,4,2021-04-12,E07000096,0.19611487892629037,2.248241790520308,1.7170947119970061,OOF_date_group_diagnostic,log_D,R03_smoke_v3,non_inferential_smoke
FREP-231661-Z,4,2021-04-17,E07000072,2.8458779068975377,1.7138683752071262,1.7170947119970061,OOF_date_group_diagnostic,log_D,R03_smoke_v3,non_inferential_smoke
FREP-235157-Z,4,2021-05-05,E09000015,1.6582280766035324,2.082768705010744,1.7170947119970061,OOF_date_group_diagnostic,log_D,R03_smoke_v3,non_inferential_smoke
FREP-236688-Z,4,2021-05-14,E09000010,2.5751535276357784,2.216019306744062,1.7170947119970061,OOF_date_group_diagnostic,log_D,R03_smoke_v3,non_inferential_smoke
FREP-237009-Z,4,2021-05-16,E07000073,2.34660197841082,2.217508614752695,1.7170947119970061,OOF_date_group_diagnostic,log_D,R03_smoke_v3,non_inferential_smoke
FREP-239862-J,4,2021-07-14,E09000007,0.0,2.147704038126706,1.7170947119970061,OOF_date_group_diagnostic,log_D,R03_smoke_v3,non_inferential_smoke
FREP-241315-Z,4,2021-06-07,E06000056,0.9808292530117262,1.2064398383132673,1.7170947119970061,OOF_date_group_diagnostic,log_D,R03_smoke_v3,non_inferential_smoke
FREP-243485-J,4,2022-05-23,E09000028,0.0,1.7061414811338231,1.7170947119970061,OOF_date_group_diagnostic,log_D,R03_smoke_v3,non_inferential_smoke
FREP-244956-Z,4,2022-11-12,E07000095,0.0,1.517057564201693,1.7170947119970061,OOF_date_group_diagnostic,log_D,R03_smoke_v3,non_inferential_smoke
FREP-247951-Z,4,2021-07-10,E07000203,2.834193255942565,1.81821566576774,1.7170947119970061,OOF_date_group_diagnostic,log_D,R03_smoke_v3,non_inferential_smoke
FREP-248113-Z,4,2021-07-12,E07000011,1.929103030738932,2.0424946118035767,1.7170947119970061,OOF_date_group_diagnostic,log_D,R03_smoke_v3,non_inferential_smoke
FREP-252712-Z,4,2021-08-01,E07000076,1.0531499145913523,1.302793192727091,1.7170947119970061,OOF_date_group_diagnostic,log_D,R03_smoke_v3,non_inferential_smoke
FREP-253830-Z,4,2021-08-11,E09000003,0.125163142954006,1.4847918015059114,1.7170947119970061,OOF_date_group_diagnostic,log_D,R03_smoke_v3,non_inferential_smoke
FREP-255327-Z,4,2021-08-13,E06000056,1.1474024528375417,1.274492550524998,1.7170947119970061,OOF_date_group_diagnostic,log_D,R03_smoke_v3,non_inferential_smoke
FREP-258143-Z,4,2021-08-30,E07000240,2.744060638625243,1.8283243925897628,1.7170947119970061,OOF_date_group_diagnostic,log_D,R03_smoke_v3,non_inferential_smoke
FREP-258869-G,4,2021-11-28,E07000215,3.1724827852984903,1.8655484587214677,1.7170947119970061,OOF_date_group_diagnostic,log_D,R03_smoke_v3,non_inferential_smoke
FREP-262002-Z,4,2021-09-27,E07000179,2.322387720290225,1.9403739737522578,1.7170947119970061,OOF_date_group_diagnostic,log_D,R03_smoke_v3,non_inferential_smoke
FREP-262015-Z,4,2021-09-27,E07000076,-1.0986122886681098,1.4656067354411777,1.7170947119970061,OOF_date_group_diagnostic,log_D,R03_smoke_v3,non_inferential_smoke
FREP-262621-G,4,2022-01-09,E07000212,3.6014134283326604,2.222413014411497,1.7170947119970061,OOF_date_group_diagnostic,log_D,R03_smoke_v3,non_inferential_smoke
FREP-263717-J,4,2021-05-14,E09000012,2.402430427963762,1.9059088907512165,1.7170947119970061,OOF_date_group_diagnostic,log_D,R03_smoke_v3,non_inferential_smoke
FREP-264514-G,4,2022-01-26,E09000029,3.0688278286245416,1.7904839633223526,1.7170947119970061,OOF_date_group_diagnostic,log_D,R03_smoke_v3,non_inferential_smoke
FREP-264550-Z,4,2021-10-12,E07000147,1.8299112351924312,1.3529740310358076,1.7170947119970061,OOF_date_group_diagnostic,log_D,R03_smoke_v3,non_inferential_smoke
FREP-264583-Z,4,2021-10-12,E06000033,3.054001181677967,1.3406966685071062,1.7170947119970061,OOF_date_group_diagnostic,log_D,R03_smoke_v3,non_inferential_smoke
FREP-265347-J,4,2021-06-07,E09000019,1.462483499477437,1.6240330903878517,1.7170947119970061,OOF_date_group_diagnostic,log_D,R03_smoke_v3,non_inferential_smoke
FREP-268115-J,4,2021-07-12,E09000033,-0.03390155167568134,2.300494030157267,1.7170947119970061,OOF_date_group_diagnostic,log_D,R03_smoke_v3,non_inferential_smoke
FREP-269982-G,4,2022-02-22,E09000029,4.401011934584962,1.7677561825039967,1.7170947119970061,OOF_date_group_diagnostic,log_D,R03_smoke_v3,non_inferential_smoke
FREP-271719-G,4,2022-03-02,E07000113,1.4271163556401458,1.5027773700190987,1.7170947119970061,OOF_date_group_diagnostic,log_D,R03_smoke_v3,non_inferential_smoke
FREP-271792-Z,4,2021-11-28,E07000143,2.8810693652338513,1.589449882845314,1.7170947119970061,OOF_date_group_diagnostic,log_D,R03_smoke_v3,non_inferential_smoke
FREP-272692-J,4,2021-09-11,E09000033,2.028148247292285,1.4848786561828968,1.7170947119970061,OOF_date_group_diagnostic,log_D,R03_smoke_v3,non_inferential_smoke
FREP-273209-J,4,2021-09-20,E09000022,1.9242486522741338,1.5386179826067317,1.7170947119970061,OOF_date_group_diagnostic,log_D,R03_smoke_v3,non_inferential_smoke
FREP-274885-G,4,2022-04-01,E07000106,2.686713063714079,2.0975130446508645,1.7170947119970061,OOF_date_group_diagnostic,log_D,R03_smoke_v3,non_inferential_smoke
FREP-274941-G,4,2022-04-01,E07000112,2.147878703233064,2.3562552090062865,1.7170947119970061,OOF_date_group_diagnostic,log_D,R03_smoke_v3,non_inferential_smoke
FREP-275754-G,4,2022-04-09,E07000228,2.114245463874528,1.8660824892371004,1.7170947119970061,OOF_date_group_diagnostic,log_D,R03_smoke_v3,non_inferential_smoke
FREP-276464-J,4,2021-10-29,E09000013,3.50955340629978,1.669691267236934,1.7170947119970061,OOF_date_group_diagnostic,log_D,R03_smoke_v3,non_inferential_smoke
FREP-276783-Z,4,2021-12-29,E07000071,1.8458266904983307,1.812461836930136,1.7170947119970061,OOF_date_group_diagnostic,log_D,R03_smoke_v3,non_inferential_smoke
FREP-277083-J,4,2021-11-05,E09000028,2.03688192726104,1.4373075483026156,1.7170947119970061,OOF_date_group_diagnostic,log_D,R03_smoke_v3,non_inferential_smoke
FREP-277761-J,4,2021-11-14,E09000020,2.373354163882253,1.6704231195671515,1.7170947119970061,OOF_date_group_diagnostic,log_D,R03_smoke_v3,non_inferential_smoke
FREP-277781-G,4,2022-05-09,E07000228,0.6418538861723947,1.5529389896220853,1.7170947119970061,OOF_date_group_diagnostic,log_D,R03_smoke_v3,non_inferential_smoke
FREP-278232-Z,4,2022-01-09,E07000242,2.0455399900041544,1.9330170519536725,1.7170947119970061,OOF_date_group_diagnostic,log_D,R03_smoke_v3,non_inferential_smoke
FREP-278247-Z,4,2022-01-09,E06000055,2.302585092994046,1.8442522624943214,1.7170947119970061,OOF_date_group_diagnostic,log_D,R03_smoke_v3,non_inferential_smoke
FREP-281286-J,4,2021-12-28,E09000025,2.204604684633842,1.920439265473995,1.7170947119970061,OOF_date_group_diagnostic,log_D,R03_smoke_v3,non_inferential_smoke
FREP-282321-G,4,2022-06-19,E07000105,0.7884573603642703,2.0322375917004996,1.7170947119970061,OOF_date_group_diagnostic,log_D,R03_smoke_v3,non_inferential_smoke
FREP-282655-Z,4,2022-02-02,E07000102,1.9624394510065237,2.166900955938046,1.7170947119970061,OOF_date_group_diagnostic,log_D,R03_smoke_v3,non_inferential_smoke
FREP-284834-G,4,2022-07-16,E07000115,1.2669476034873244,2.0730581253597213,1.7170947119970061,OOF_date_group_diagnostic,log_D,R03_smoke_v3,non_inferential_smoke
FREP-284899-J,4,2022-02-14,E09000032,3.282163564104119,1.9726348156923392,1.7170947119970061,OOF_date_group_diagnostic,log_D,R03_smoke_v3,non_inferential_smoke
FREP-289341-G,4,2022-08-27,E07000210,0.9682504708048661,1.7850327555689227,1.7170947119970061,OOF_date_group_diagnostic,log_D,R03_smoke_v3,non_inferential_smoke
FREP-290198-Z,4,2022-02-22,E07000145,2.8735646395797834,2.1485693969619803,1.7170947119970061,OOF_date_group_diagnostic,log_D,R03_smoke_v3,non_inferential_smoke
FREP-291100-G,4,2022-09-12,E09000029,0.03278982282299097,1.8123710769824146,1.7170947119970061,OOF_date_group_diagnostic,log_D,R03_smoke_v3,non_inferential_smoke
FREP-291492-G,4,2022-09-16,E07000065,2.136136885356381,1.5851326423368655,1.7170947119970061,OOF_date_group_diagnostic,log_D,R03_smoke_v3,non_inferential_smoke
FREP-292120-J,4,2022-07-07,E09000031,2.3963789722804063,2.0999683521669055,1.7170947119970061,OOF_date_group_diagnostic,log_D,R03_smoke_v3,non_inferential_smoke
FREP-292189-G,4,2022-09-24,E07000106,3.952844999948401,1.8197001440934513,1.7170947119970061,OOF_date_group_diagnostic,log_D,R03_smoke_v3,non_inferential_smoke
FREP-292827-Z,4,2022-03-05,E07000076,1.6956156086751528,1.2443494946850018,1.7170947119970061,OOF_date_group_diagnostic,log_D,R03_smoke_v3,non_inferential_smoke
FREP-296729-G,4,2022-11-04,E07000114,0.0,1.7983651111912857,1.7170947119970061,OOF_date_group_diagnostic,log_D,R03_smoke_v3,non_inferential_smoke
FREP-302437-G,4,2022-12-18,E09000008,1.561647248597752,2.0435726439536386,1.7170947119970061,OOF_date_group_diagnostic,log_D,R03_smoke_v3,non_inferential_smoke
FREP-303816-Z,4,2022-05-10,E07000145,2.585254623622282,2.0469749668389596,1.7170947119970061,OOF_date_group_diagnostic,log_D,R03_smoke_v3,non_inferential_smoke
FREP-304494-J,4,2022-12-12,E09000025,1.3652409519220583,2.4172004938424934,1.7170947119970061,OOF_date_group_diagnostic,log_D,R03_smoke_v3,non_inferential_smoke
FREP-304572-J,4,2022-12-12,E09000007,0.9870598027623623,2.593567703531224,1.7170947119970061,OOF_date_group_diagnostic,log_D,R03_smoke_v3,non_inferential_smoke
FREP-306841-G,4,2023-01-18,E06000035,2.0171227772805778,1.5468276667554097,1.7170947119970061,OOF_date_group_diagnostic,log_D,R03_smoke_v3,non_inferential_smoke
FREP-307750-J,4,2023-01-16,E09000012,2.498699971920336,1.7292744644588247,1.7170947119970061,OOF_date_group_diagnostic,log_D,R03_smoke_v3,non_inferential_smoke
FREP-309296-Z,4,2022-06-11,E07000149,2.4009209937149074,1.7414586964147052,1.7170947119970061,OOF_date_group_diagnostic,log_D,R03_smoke_v3,non_inferential_smoke
FREP-309514-J,4,2023-02-02,E09000026,2.3749057545736716,1.7246887756519549,1.7170947119970061,OOF_date_group_diagnostic,log_D,R03_smoke_v3,non_inferential_smoke
FREP-311422-Z,4,2022-06-22,E07000067,0.3483066942682158,1.5510529653542329,1.7170947119970061,OOF_date_group_diagnostic,log_D,R03_smoke_v3,non_inferential_smoke
FREP-312202-Z,4,2022-06-26,E06000031,2.7002420186543983,1.973728569564892,1.7170947119970061,OOF_date_group_diagnostic,log_D,R03_smoke_v3,non_inferential_smoke
FREP-312825-G,4,2023-03-15,E07000114,2.1262456078776384,1.612862194295246,1.7170947119970061,OOF_date_group_diagnostic,log_D,R03_smoke_v3,non_inferential_smoke
FREP-313544-G,4,2023-03-23,E07000215,1.2286654169163074,1.55105367023488,1.7170947119970061,OOF_date_group_diagnostic,log_D,R03_smoke_v3,non_inferential_smoke
FREP-315171-G,4,2023-04-10,E07000116,2.9347430019275613,1.5855716072210928,1.7170947119970061,OOF_date_group_diagnostic,log_D,R03_smoke_v3,non_inferential_smoke
FREP-315988-Z,4,2022-07-16,E07000067,0.6678293725756554,2.180380633795565,1.7170947119970061,OOF_date_group_diagnostic,log_D,R03_smoke_v3,non_inferential_smoke
FREP-316032-Z,4,2022-07-16,E09000017,5.038790738845111,2.216937691061002,1.7170947119970061,OOF_date_group_diagnostic,log_D,R03_smoke_v3,non_inferential_smoke
FREP-316113-G,4,2023-04-18,E09000008,-0.8362480242006186,1.2766836998766316,1.7170947119970061,OOF_date_group_diagnostic,log_D,R03_smoke_v3,non_inferential_smoke
FREP-317580-G,4,2023-05-04,E06000035,2.960968281117651,1.2157383086855968,1.7170947119970061,OOF_date_group_diagnostic,log_D,R03_smoke_v3,non_inferential_smoke
FREP-317850-G,4,2023-05-08,E07000061,2.820386330496462,1.7357240527062354,1.7170947119970061,OOF_date_group_diagnostic,log_D,R03_smoke_v3,non_inferential_smoke
FREP-320747-J,4,2023-06-27,E09000033,5.485142655188135,1.4886381769558408,1.7170947119970061,OOF_date_group_diagnostic,log_D,R03_smoke_v3,non_inferential_smoke
FREP-323071-G,4,2023-06-27,E07000114,1.0589470322756782,1.7009748018170636,1.7170947119970061,OOF_date_group_diagnostic,log_D,R03_smoke_v3,non_inferential_smoke
FREP-323419-J,4,2023-07-29,E09000023,3.5253796515605695,1.885370911349053,1.7170947119970061,OOF_date_group_diagnostic,log_D,R03_smoke_v3,non_inferential_smoke
FREP-324846-Z,4,2022-08-27,E07000075,1.0355541527009728,1.8428168550083646,1.7170947119970061,OOF_date_group_diagnostic,log_D,R03_smoke_v3,non_inferential_smoke
FREP-324948-Z,4,2022-08-28,E06000033,2.4069451083182885,1.5638868901678178,1.7170947119970061,OOF_date_group_diagnostic,log_D,R03_smoke_v3,non_inferential_smoke
FREP-325749-J,4,2023-08-30,E09000012,0.597003320007043,1.5418461442565745,1.7170947119970061,OOF_date_group_diagnostic,log_D,R03_smoke_v3,non_inferential_smoke
FREP-327547-J,4,2023-09-21,E09000021,2.217390246930814,1.4724226546453036,1.7170947119970061,OOF_date_group_diagnostic,log_D,R03_smoke_v3,non_inferential_smoke
FREP-328762-Z,4,2022-09-16,E07000147,1.6613976513648114,1.739119724320908,1.7170947119970061,OOF_date_group_diagnostic,log_D,R03_smoke_v3,non_inferential_smoke
FREP-329593-G,4,2023-08-18,E07000062,2.5230584157523768,1.5205006268804848,1.7170947119970061,OOF_date_group_diagnostic,log_D,R03_smoke_v3,non_inferential_smoke
FREP-330612-G,4,2023-08-27,E09000008,2.582738899025035,1.5743190126762843,1.7170947119970061,OOF_date_group_diagnostic,log_D,R03_smoke_v3,non_inferential_smoke
FREP-331467-J,4,2023-11-15,E09000007,1.377926111449374,1.442200684071103,1.7170947119970061,OOF_date_group_diagnostic,log_D,R03_smoke_v3,non_inferential_smoke
FREP-331595-J,4,2023-11-15,E09000028,2.468099531471619,1.3642942896078316,1.7170947119970061,OOF_date_group_diagnostic,log_D,R03_smoke_v3,non_inferential_smoke
FREP-331920-Z,4,2022-10-03,E07000146,2.686713063714079,1.5477451601802572,1.7170947119970061,OOF_date_group_diagnostic,log_D,R03_smoke_v3,non_inferential_smoke
FREP-333642-Z,4,2022-10-12,E06000032,2.4379897300002487,1.7389187510924817,1.7170947119970061,OOF_date_group_diagnostic,log_D,R03_smoke_v3,non_inferential_smoke
FREP-337137-G,4,2023-10-22,E06000035,2.8094026953624978,1.4726958046183736,1.7170947119970061,OOF_date_group_diagnostic,log_D,R03_smoke_v3,non_inferential_smoke
FREP-337209-G,4,2023-10-22,E07000227,2.910537427490759,1.3853180048753235,1.7170947119970061,OOF_date_group_diagnostic,log_D,R03_smoke_v3,non_inferential_smoke
FREP-338283-G,4,2023-10-30,E07000112,3.3256353614397343,1.8597141330386386,1.7170947119970061,OOF_date_group_diagnostic,log_D,R03_smoke_v3,non_inferential_smoke
FREP-338817-J,4,2024-02-05,E09000028,3.3214324131932926,1.7807733310887361,1.7170947119970061,OOF_date_group_diagnostic,log_D,R03_smoke_v3,non_inferential_smoke
FREP-339706-Z,4,2022-11-09,E07000146,0.3364722366212129,1.1958593979441734,1.7170947119970061,OOF_date_group_diagnostic,log_D,R03_smoke_v3,non_inferential_smoke
FREP-340765-G,4,2023-11-18,E07000063,2.2512917986064953,1.5074608756065246,1.7170947119970061,OOF_date_group_diagnostic,log_D,R03_smoke_v3,non_inferential_smoke
FREP-341551-G,4,2023-11-24,E07000210,2.1081909549658215,1.2199582117614653,1.7170947119970061,OOF_date_group_diagnostic,log_D,R03_smoke_v3,non_inferential_smoke
FREP-343639-G,4,2023-12-10,E07000211,3.0757749812275277,1.7777338380280407,1.7170947119970061,OOF_date_group_diagnostic,log_D,R03_smoke_v3,non_inferential_smoke
FREP-351259-Z,4,2023-01-07,E09000003,4.038361927471164,1.3256714619626033,1.7170947119970061,OOF_date_group_diagnostic,log_D,R03_smoke_v3,non_inferential_smoke
FREP-352798-G,4,2024-02-14,E07000211,3.0023768162726596,1.819123900056791,1.7170947119970061,OOF_date_group_diagnostic,log_D,R03_smoke_v3,non_inferential_smoke
FREP-352938-Z,4,2023-01-16,E07000076,1.919370593820701,1.352491480232391,1.7170947119970061,OOF_date_group_diagnostic,log_D,R03_smoke_v3,non_inferential_smoke
FREP-356534-Z,4,2023-02-02,E07000146,0.6330432564902398,1.1677814596125449,1.7170947119970061,OOF_date_group_diagnostic,log_D,R03_smoke_v3,non_inferential_smoke
FREP-356535-Z,4,2023-02-02,E07000011,1.3173014896329391,1.3859252091598264,1.7170947119970061,OOF_date_group_diagnostic,log_D,R03_smoke_v3,non_inferential_smoke
FREP-357339-Z,4,2023-02-06,E07000099,2.112231364502827,1.8838336764569037,1.7170947119970061,OOF_date_group_diagnostic,log_D,R03_smoke_v3,non_inferential_smoke
FREP-363929-Z,4,2023-03-16,E07000145,0.8892620594862357,1.6124995922122332,1.7170947119970061,OOF_date_group_diagnostic,log_D,R03_smoke_v3,non_inferential_smoke
FREP-364061-Z,4,2023-03-16,E09000002,0.9994056385846617,1.6290637115966207,1.7170947119970061,OOF_date_group_diagnostic,log_D,R03_smoke_v3,non_inferential_smoke
FREP-369677-Z,4,2023-04-18,E07000066,3.1015926642534684,1.7155726217123353,1.7170947119970061,OOF_date_group_diagnostic,log_D,R03_smoke_v3,non_inferential_smoke
FREP-372470-Z,4,2023-05-09,E09000016,2.38723256705433,1.6615311034824287,1.7170947119970061,OOF_date_group_diagnostic,log_D,R03_smoke_v3,non_inferential_smoke
FREP-374154-Z,4,2023-06-07,E07000072,0.0,1.506571497072726,1.7170947119970061,OOF_date_group_diagnostic,log_D,R03_smoke_v3,non_inferential_smoke
FREP-376748-Z,4,2023-06-02,E06000055,4.965405451121581,1.6092324668427487,1.7170947119970061,OOF_date_group_diagnostic,log_D,R03_smoke_v3,non_inferential_smoke
FREP-383612-Z,4,2023-07-05,E07000066,2.2389350659175897,2.2446458100371385,1.7170947119970061,OOF_date_group_diagnostic,log_D,R03_smoke_v3,non_inferential_smoke
FREP-385453-Z,4,2023-07-14,E07000149,-0.5679840376059393,1.7920503970528046,1.7170947119970061,OOF_date_group_diagnostic,log_D,R03_smoke_v3,non_inferential_smoke
FREP-386645-Z,4,2023-07-22,E07000012,1.4469189829363254,1.5966171086894758,1.7170947119970061,OOF_date_group_diagnostic,log_D,R03_smoke_v3,non_inferential_smoke
FREP-390916-Z,4,2023-08-21,E07000143,0.1823215567939546,1.2290695933929798,1.7170947119970061,OOF_date_group_diagnostic,log_D,R03_smoke_v3,non_inferential_smoke
FREP-396993-Z,4,2023-09-11,E07000147,-0.3101549283038396,1.118611806711168,1.7170947119970061,OOF_date_group_diagnostic,log_D,R03_smoke_v3,non_inferential_smoke
FREP-399870-Z,4,2023-09-29,E07000010,3.042933875038285,1.261699028382362,1.7170947119970061,OOF_date_group_diagnostic,log_D,R03_smoke_v3,non_inferential_smoke
FREP-405304-Z,4,2023-10-31,E06000033,3.5529642701341375,1.4234179650917969,1.7170947119970061,OOF_date_group_diagnostic,log_D,R03_smoke_v3,non_inferential_smoke
FREP-412042-Z,4,2023-12-05,E06000033,2.0104486701928845,1.6686179029301251,1.7170947119970061,OOF_date_group_diagnostic,log_D,R03_smoke_v3,non_inferential_smoke
FREP-418685-Z,4,2024-01-11,E06000056,2.2442495159810822,1.6049942413629814,1.7170947119970061,OOF_date_group_diagnostic,log_D,R03_smoke_v3,non_inferential_smoke
FREP-421185-Z,4,2024-01-22,E07000203,0.7808527609790508,1.3205287310831324,1.7170947119970061,OOF_date_group_diagnostic,log_D,R03_smoke_v3,non_inferential_smoke
FREP-421292-Z,4,2024-01-22,E07000147,0.6931471805599453,1.6490260054736459,1.7170947119970061,OOF_date_group_diagnostic,log_D,R03_smoke_v3,non_inferential_smoke
FREP-424031-Z,4,2024-02-05,E07000073,2.766319109226186,2.2520861952686144,1.7170947119970061,OOF_date_group_diagnostic,log_D,R03_smoke_v3,non_inferential_smoke
FREP-42494-M,4,2022-04-09,E09000011,2.570064458128307,2.1489717976062734,1.7170947119970061,OOF_date_group_diagnostic,log_D,R03_smoke_v3,non_inferential_smoke
FREP-425784-Z,4,2024-02-14,E07000066,2.7245795030534206,2.0615919547667048,1.7170947119970061,OOF_date_group_diagnostic,log_D,R03_smoke_v3,non_inferential_smoke
FREP-430101-Z,4,2024-03-10,E07000076,1.2039728043259361,1.4253550451633616,1.7170947119970061,OOF_date_group_diagnostic,log_D,R03_smoke_v3,non_inferential_smoke
FREP-430280-Z,4,2024-03-11,E07000011,1.3945931639345857,1.5370881986073095,1.7170947119970061,OOF_date_group_diagnostic,log_D,R03_smoke_v3,non_inferential_smoke
FREP-430770-Z,4,2024-03-29,E07000070,0.0,1.4667700964400296,1.7170947119970061,OOF_date_group_diagnostic,log_D,R03_smoke_v3,non_inferential_smoke
FREP-432703-Z,4,2024-03-27,E06000060,1.698669046162043,1.8889932492087236,1.7170947119970061,OOF_date_group_diagnostic,log_D,R03_smoke_v3,non_inferential_smoke
FREP-54157-C,4,2021-10-12,E07000099,2.6775909936175015,1.718041899233042,1.7170947119970061,OOF_date_group_diagnostic,log_D,R03_smoke_v3,non_inferential_smoke
FREP-57239-V,4,2021-04-17,E07000216,-0.08701137698962981,1.226145519604885,1.7170947119970061,OOF_date_group_diagnostic,log_D,R03_smoke_v3,non_inferential_smoke
FREP-57577-C,4,2021-12-07,E07000010,-0.1823215567939546,2.0289448874660247,1.7170947119970061,OOF_date_group_diagnostic,log_D,R03_smoke_v3,non_inferential_smoke
FREP-58249-C,4,2021-12-14,E07000242,2.0104486701928845,1.7760235247341682,1.7170947119970061,OOF_date_group_diagnostic,log_D,R03_smoke_v3,non_inferential_smoke
FREP-60479-V,4,2021-06-07,E07000061,3.963982744358857,1.997080214574956,1.7170947119970061,OOF_date_group_diagnostic,log_D,R03_smoke_v3,non_inferential_smoke
FREP-62197-V,4,2021-06-23,E07000217,2.439444275711243,1.732469239587751,1.7170947119970061,OOF_date_group_diagnostic,log_D,R03_smoke_v3,non_inferential_smoke
FREP-66850-C,4,2022-10-07,E07000148,1.8971199848858813,1.863279162402795,1.7170947119970061,OOF_date_group_diagnostic,log_D,R03_smoke_v3,non_inferential_smoke
FREP-67978-C,4,2022-12-20,E06000033,0.0,1.7716947264325558,1.7170947119970061,OOF_date_group_diagnostic,log_D,R03_smoke_v3,non_inferential_smoke
FREP-69432-N,4,2022-03-07,E09000033,0.0,1.810679974360182,1.7170947119970061,OOF_date_group_diagnostic,log_D,R03_smoke_v3,non_inferential_smoke
FREP-73381-N,4,2023-04-20,E09000007,2.8716796248840124,1.7445916355384403,1.7170947119970061,OOF_date_group_diagnostic,log_D,R03_smoke_v3,non_inferential_smoke
FREP-77626-V,4,2022-03-07,E07000109,1.3217558399823195,2.0404555415897305,1.7170947119970061,OOF_date_group_diagnostic,log_D,R03_smoke_v3,non_inferential_smoke
FREP-78758-V,4,2022-05-09,E09000021,1.9482882714602807,1.3306659306111954,1.7170947119970061,OOF_date_group_diagnostic,log_D,R03_smoke_v3,non_inferential_smoke
FREP-80121-C,4,2023-09-21,E07000012,3.176663976058891,1.223680386536905,1.7170947119970061,OOF_date_group_diagnostic,log_D,R03_smoke_v3,non_inferential_smoke
FREP-80389-V,4,2022-08-01,E07000217,1.7316555451583497,1.8808579583178928,1.7170947119970061,OOF_date_group_diagnostic,log_D,R03_smoke_v3,non_inferential_smoke
FREP-8877-I,4,2023-12-12,E06000033,2.7694588292308535,1.6575485108263615,1.7170947119970061,OOF_date_group_diagnostic,log_D,R03_smoke_v3,non_inferential_smoke
FREP-90053-C,4,2024-01-22,E07000143,5.987372854204725,1.9588958922453126,1.7170947119970061,OOF_date_group_diagnostic,log_D,R03_smoke_v3,non_inferential_smoke
