LAD23CD,LAD23NM,births,year,deaths,internal_in,internal_net,internal_out,international_in,international_net,international_out,natchange,other_change,population
E06000001,Hartlepool,,2011,,,,,,,,,,92088
E06000001,Hartlepool,1146.0,2012,911.0,2395.0,-2.0,2397.0,144.0,55.0,89.0,235.0,-32.0,92344
E06000001,Hartlepool,1083.0,2013,918.0,2651.0,-62.0,2713.0,142.0,58.0,84.0,165.0,-40.0,92465
E06000001,Hartlepool,1069.0,2014,886.0,2496.0,-328.0,2824.0,163.0,68.0,95.0,183.0,-30.0,92358
E06000001,Hartlepool,1021.0,2015,1105.0,2559.0,-141.0,2700.0,122.0,30.0,92.0,-84.0,-38.0,92125
E06000001,Hartlepool,1071.0,2016,1013.0,2749.0,90.0,2659.0,160.0,56.0,104.0,58.0,-69.0,92260
E06000001,Hartlepool,1021.0,2017,1020.0,3182.0,50.0,3132.0,157.0,63.0,94.0,1.0,-68.0,92306
E06000001,Hartlepool,1009.0,2018,1052.0,3320.0,-14.0,3334.0,162.0,42.0,120.0,-43.0,-3.0,92288
E06000001,Hartlepool,1013.0,2019,994.0,3606.0,66.0,3540.0,166.0,61.0,105.0,19.0,-33.0,92401
E06000001,Hartlepool,974.0,2020,1159.0,3045.0,-75.0,3120.0,171.0,-8.0,179.0,-185.0,69.0,92202
E06000001,Hartlepool,893.0,2021,1062.0,3832.0,462.0,3370.0,171.0,48.0,123.0,-169.0,32.0,92575
E06000001,Hartlepool,887.0,2022,1109.0,4084.0,706.0,3378.0,1165.0,1080.0,85.0,-222.0,22.0,94161
E06000001,Hartlepool,904.0,2023,1104.0,4380.0,1068.0,3312.0,1011.0,922.0,89.0,-200.0,-9.0,95942
E06000001,Hartlepool,932.0,2024,1054.0,4543.0,1400.0,3143.0,1097.0,947.0,150.0,-122.0,13.0,98180
E06000002,Middlesbrough,,2011,,,,,,,,,,138368
E06000002,Middlesbrough,2023.0,2012,1431.0,6873.0,-1096.0,7969.0,824.0,-31.0,855.0,592.0,639.0,138472
E06000002,Middlesbrough,2037.0,2013,1442.0,7102.0,-1327.0,8429.0,936.0,156.0,780.0,595.0,692.0,138588
E06000002,Middlesbrough,2003.0,2014,1311.0,6900.0,-1204.0,8104.0,1094.0,298.0,796.0,692.0,656.0,139030
E06000002,Middlesbrough,1953.0,2015,1494.0,7505.0,-1018.0,8523.0,1190.0,477.0,713.0,459.0,654.0,139602
E06000002,Middlesbrough,1883.0,2016,1415.0,7392.0,-876.0,8268.0,1541.0,818.0,723.0,468.0,637.0,140649
E06000002,Middlesbrough,1980.0,2017,1471.0,8366.0,-875.0,9241.0,1024.0,287.0,737.0,509.0,643.0,141213
E06000002,Middlesbrough,1883.0,2018,1574.0,7739.0,-2011.0,9750.0,1701.0,954.0,747.0,309.0,592.0,141057
E06000002,Middlesbrough,1791.0,2019,1413.0,7909.0,-1359.0,9268.0,2417.0,1512.0,905.0,378.0,546.0,142134
E06000002,Middlesbrough,1782.0,2020,1753.0,7033.0,-1019.0,8052.0,3250.0,904.0,2346.0,29.0,411.0,142459
E06000002,Middlesbrough,1695.0,2021,1499.0,7782.0,-1010.0,8792.0,3623.0,2017.0,1606.0,196.0,281.0,143943
E06000002,Middlesbrough,1763.0,2022,1573.0,7721.0,-1858.0,9579.0,7995.0,7052.0,943.0,190.0,12.0,149339
E06000002,Middlesbrough,1817.0,2023,1576.0,7650.0,-2878.0,10528.0,8398.0,6926.0,1472.0,241.0,11.0,153639
E06000002,Middlesbrough,1859.0,2024,1534.0,7589.0,-3483.0,11072.0,7685.0,5673.0,2012.0,325.0,7.0,156161
E06000003,Redcar and Cleveland,,2011,,,,,,,,,,135164
E06000003,Redcar and Cleveland,1640.0,2012,1413.0,4268.0,-562.0,4830.0,163.0,-20.0,183.0,227.0,142.0,134951
E06000003,Redcar and Cleveland,1594.0,2013,1511.0,4524.0,-349.0,4873.0,138.0,-14.0,152.0,83.0,167.0,134838
E06000003,Redcar and Cleveland,1478.0,2014,1307.0,4569.0,-74.0,4643.0,181.0,2.0,179.0,171.0,169.0,135106
E06000003,Redcar and Cleveland,1469.0,2015,1549.0,4934.0,194.0,4740.0,179.0,-7.0,186.0,-80.0,157.0,135370
E06000003,Redcar and Cleveland,1411.0,2016,1535.0,4828.0,-21.0,4849.0,201.0,-10.0,211.0,-124.0,129.0,135344
E06000003,Redcar and Cleveland,1447.0,2017,1545.0,5727.0,200.0,5527.0,183.0,-22.0,205.0,-98.0,160.0,135584
E06000003,Redcar and Cleveland,1397.0,2018,1616.0,5878.0,735.0,5143.0,215.0,-23.0,238.0,-219.0,199.0,136276
E06000003,Redcar and Cleveland,1317.0,2019,1549.0,5760.0,484.0,5276.0,222.0,8.0,214.0,-232.0,163.0,136699
E06000003,Redcar and Cleveland,1298.0,2020,1788.0,4840.0,210.0,4630.0,174.0,-57.0,231.0,-490.0,209.0,136571
E06000003,Redcar and Cleveland,1175.0,2021,1725.0,5477.0,404.0,5073.0,158.0,-4.0,162.0,-550.0,184.0,136605
E06000003,Redcar and Cleveland,1312.0,2022,1672.0,5451.0,280.0,5171.0,842.0,704.0,138.0,-360.0,4.0,137233
E06000003,Redcar and Cleveland,1252.0,2023,1883.0,5878.0,801.0,5077.0,826.0,686.0,140.0,-631.0,26.0,138115
E06000003,Redcar and Cleveland,1175.0,2024,1688.0,5894.0,1025.0,4869.0,790.0,620.0,170.0,-513.0,-19.0,139228
E06000004,Stockton-on-Tees,,2011,,,,,,,,,,191824
E06000004,Stockton-on-Tees,2470.0,2012,1673.0,7350.0,-299.0,7649.0,651.0,143.0,508.0,797.0,372.0,192837
E06000004,Stockton-on-Tees,2462.0,2013,1723.0,7474.0,-302.0,7776.0,790.0,308.0,482.0,739.0,341.0,193923
E06000004,Stockton-on-Tees,2295.0,2014,1651.0,7483.0,-149.0,7632.0,806.0,253.0,553.0,644.0,442.0,195113
E06000004,Stockton-on-Tees,2361.0,2015,1873.0,7657.0,-346.0,8003.0,803.0,202.0,601.0,488.0,333.0,195790
E06000004,Stockton-on-Tees,2243.0,2016,1887.0,7588.0,-376.0,7964.0,836.0,244.0,592.0,356.0,398.0,196412
E06000004,Stockton-on-Tees,2264.0,2017,1878.0,8570.0,-415.0,8985.0,810.0,168.0,642.0,386.0,495.0,197046
E06000004,Stockton-on-Tees,2102.0,2018,1971.0,8597.0,-529.0,9126.0,791.0,140.0,651.0,131.0,721.0,197509
E06000004,Stockton-on-Tees,2109.0,2019,1896.0,8550.0,-1584.0,10134.0,527.0,15.0,512.0,213.0,707.0,196860
E06000004,Stockton-on-Tees,2024.0,2020,2058.0,7628.0,-939.0,8567.0,567.0,-89.0,656.0,-34.0,590.0,196388
E06000004,Stockton-on-Tees,1817.0,2021,2060.0,9125.0,231.0,8894.0,585.0,62.0,523.0,-243.0,594.0,197032
E06000004,Stockton-on-Tees,1945.0,2022,2017.0,9379.0,900.0,8479.0,3242.0,2835.0,407.0,-72.0,58.0,200753
E06000004,Stockton-on-Tees,1920.0,2023,2088.0,9366.0,498.0,8868.0,3124.0,2647.0,477.0,-168.0,38.0,203768
E06000004,Stockton-on-Tees,1994.0,2024,1924.0,9525.0,640.0,8885.0,2983.0,2307.0,676.0,70.0,15.0,206800
E06000005,Darlington,,2011,,,,,,,,,,105584
E06000005,Darlington,1337.0,2012,1047.0,4040.0,-332.0,4372.0,298.0,57.0,241.0,290.0,-42.0,105557
E06000005,Darlington,1304.0,2013,1086.0,3968.0,-201.0,4169.0,318.0,94.0,224.0,218.0,-77.0,105591
E06000005,Darlington,1225.0,2014,1053.0,4259.0,29.0,4230.0,340.0,89.0,251.0,172.0,-56.0,105825
E06000005,Darlington,1234.0,2015,1134.0,4261.0,-1.0,4262.0,398.0,131.0,267.0,100.0,-67.0,105988
E06000005,Darlington,1198.0,2016,1156.0,4212.0,105.0,4107.0,424.0,143.0,281.0,42.0,-20.0,106258
E06000005,Darlington,1118.0,2017,1095.0,5091.0,296.0,4795.0,381.0,95.0,286.0,23.0,-131.0,106541
E06000005,Darlington,1124.0,2018,1176.0,4992.0,-109.0,5101.0,368.0,55.0,313.0,-52.0,-24.0,106411
E06000005,Darlington,1095.0,2019,1188.0,5538.0,286.0,5252.0,339.0,13.0,326.0,-93.0,-85.0,106532
E06000005,Darlington,1040.0,2020,1311.0,5166.0,656.0,4510.0,389.0,-40.0,429.0,-271.0,-50.0,106827
E06000005,Darlington,1029.0,2021,1211.0,6523.0,1613.0,4910.0,393.0,24.0,369.0,-182.0,-72.0,108210
E06000005,Darlington,1060.0,2022,1286.0,5985.0,824.0,5161.0,881.0,655.0,226.0,-226.0,-2.0,109461
E06000005,Darlington,1006.0,2023,1311.0,5828.0,874.0,4954.0,1145.0,906.0,239.0,-305.0,-11.0,110925
E06000005,Darlington,1063.0,2024,1248.0,6066.0,835.0,5231.0,1203.0,914.0,289.0,-185.0,0.0,112489
E06000006,Halton,,2011,,,,,,,,,,125722
E06000006,Halton,1592.0,2012,1195.0,3845.0,-518.0,4363.0,246.0,52.0,194.0,397.0,-57.0,125596
E06000006,Halton,1652.0,2013,1244.0,3876.0,-84.0,3960.0,230.0,43.0,187.0,408.0,-74.0,125889
E06000006,Halton,1552.0,2014,1140.0,4320.0,65.0,4255.0,250.0,50.0,200.0,412.0,-81.0,126335
E06000006,Halton,1542.0,2015,1243.0,3945.0,-179.0,4124.0,319.0,100.0,219.0,299.0,-91.0,126464
E06000006,Halton,1530.0,2016,1195.0,3981.0,-149.0,4130.0,546.0,298.0,248.0,335.0,-97.0,126851
E06000006,Halton,1478.0,2017,1254.0,4634.0,-8.0,4642.0,399.0,92.0,307.0,224.0,-121.0,127038
E06000006,Halton,1453.0,2018,1249.0,5242.0,668.0,4574.0,418.0,92.0,326.0,204.0,-129.0,127873
E06000006,Halton,1392.0,2019,1181.0,5009.0,319.0,4690.0,525.0,186.0,339.0,211.0,-133.0,128456
E06000006,Halton,1330.0,2020,1419.0,4550.0,265.0,4285.0,343.0,-51.0,394.0,-89.0,-73.0,128508
E06000006,Halton,1291.0,2021,1213.0,5222.0,63.0,5159.0,332.0,30.0,302.0,78.0,-109.0,128570
E06000006,Halton,1297.0,2022,1397.0,5191.0,-314.0,5505.0,1569.0,1282.0,287.0,-100.0,11.0,129449
E06000006,Halton,1203.0,2023,1369.0,5148.0,-152.0,5300.0,1534.0,1243.0,291.0,-166.0,10.0,130384
E06000006,Halton,1197.0,2024,1339.0,5332.0,137.0,5195.0,1530.0,1173.0,357.0,-142.0,-9.0,131543
E06000007,Warrington,,2011,,,,,,,,,,202709
E06000007,Warrington,2489.0,2012,1813.0,7775.0,114.0,7661.0,1056.0,302.0,754.0,676.0,113.0,203914
E06000007,Warrington,2376.0,2013,1958.0,7853.0,683.0,7170.0,1384.0,701.0,683.0,418.0,189.0,205905
E06000007,Warrington,2391.0,2014,1764.0,9002.0,704.0,8298.0,1497.0,604.0,893.0,627.0,216.0,208056
E06000007,Warrington,2350.0,2015,2003.0,8348.0,617.0,7731.0,1299.0,403.0,896.0,347.0,152.0,209575
E06000007,Warrington,2367.0,2016,1899.0,8064.0,-20.0,8084.0,1523.0,620.0,903.0,468.0,230.0,210873
E06000007,Warrington,2185.0,2017,1982.0,9268.0,394.0,8874.0,1457.0,477.0,980.0,203.0,190.0,212137
E06000007,Warrington,2206.0,2018,1999.0,8703.0,-606.0,9309.0,1307.0,154.0,1153.0,207.0,116.0,212008
E06000007,Warrington,2116.0,2019,1944.0,9411.0,-147.0,9558.0,1199.0,-26.0,1225.0,172.0,238.0,212245
E06000007,Warrington,2052.0,2020,2229.0,8117.0,-383.0,8500.0,1021.0,-109.0,1130.0,-177.0,51.0,211627
E06000007,Warrington,1881.0,2021,2153.0,9816.0,-277.0,10093.0,1061.0,-112.0,1173.0,-272.0,216.0,211182
E06000007,Warrington,1942.0,2022,2064.0,9300.0,-800.0,10100.0,2312.0,1420.0,892.0,-122.0,76.0,211756
E06000007,Warrington,1879.0,2023,2276.0,9819.0,137.0,9682.0,2798.0,2041.0,757.0,-397.0,61.0,213598
E06000007,Warrington,1757.0,2024,2204.0,10171.0,694.0,9477.0,2389.0,1549.0,840.0,-447.0,-3.0,215391
E06000008,Blackburn with Darwen,,2011,,,,,,,,,,147657
E06000008,Blackburn with Darwen,2382.0,2012,1227.0,5353.0,-1187.0,6540.0,691.0,216.0,475.0,1155.0,691.0,148532
E06000008,Blackburn with Darwen,2277.0,2013,1238.0,5064.0,-1422.0,6486.0,725.0,319.0,406.0,1039.0,680.0,149148
E06000008,Blackburn with Darwen,2190.0,2014,1176.0,5416.0,-1591.0,7007.0,733.0,290.0,443.0,1014.0,718.0,149579
E06000008,Blackburn with Darwen,2159.0,2015,1279.0,5396.0,-988.0,6384.0,857.0,386.0,471.0,880.0,633.0,150490
E06000008,Blackburn with Darwen,2188.0,2016,1268.0,5357.0,-1089.0,6446.0,1001.0,531.0,470.0,920.0,645.0,151497
E06000008,Blackburn with Darwen,2092.0,2017,1354.0,5628.0,-1011.0,6639.0,908.0,401.0,507.0,738.0,687.0,152312
E06000008,Blackburn with Darwen,2001.0,2018,1297.0,5469.0,-1369.0,6838.0,1032.0,444.0,588.0,704.0,696.0,152787
E06000008,Blackburn with Darwen,2023.0,2019,1259.0,6017.0,-835.0,6852.0,1208.0,613.0,595.0,764.0,737.0,154066
E06000008,Blackburn with Darwen,1910.0,2020,1449.0,5470.0,-696.0,6166.0,1047.0,11.0,1036.0,461.0,722.0,154564
E06000008,Blackburn with Darwen,1927.0,2021,1553.0,6260.0,-1034.0,7294.0,1095.0,243.0,852.0,374.0,807.0,154954
E06000008,Blackburn with Darwen,1903.0,2022,1457.0,6384.0,-886.0,7270.0,2217.0,1752.0,465.0,446.0,2.0,156268
E06000008,Blackburn with Darwen,1817.0,2023,1479.0,7270.0,452.0,6818.0,2572.0,2133.0,439.0,338.0,-2.0,159189
E06000008,Blackburn with Darwen,1911.0,2024,1394.0,7885.0,373.0,7512.0,3046.0,2468.0,578.0,517.0,-7.0,162540
E06000009,Blackpool,,2011,,,,,,,,,,142080
E06000009,Blackpool,1811.0,2012,1822.0,9341.0,-150.0,9491.0,485.0,137.0,348.0,-11.0,509.0,142565
E06000009,Blackpool,1768.0,2013,1866.0,9109.0,-473.0,9582.0,558.0,244.0,314.0,-98.0,495.0,142733
E06000009,Blackpool,1728.0,2014,1751.0,9521.0,-1202.0,10723.0,621.0,271.0,350.0,-23.0,474.0,142253
E06000009,Blackpool,1778.0,2015,1960.0,8980.0,-897.0,9877.0,594.0,206.0,388.0,-182.0,408.0,141788
E06000009,Blackpool,1672.0,2016,1865.0,9325.0,-321.0,9646.0,728.0,337.0,391.0,-193.0,385.0,141996
E06000009,Blackpool,1688.0,2017,1929.0,8620.0,-188.0,8808.0,639.0,253.0,386.0,-241.0,301.0,142121
E06000009,Blackpool,1618.0,2018,1926.0,8153.0,-378.0,8531.0,626.0,169.0,457.0,-308.0,276.0,141880
E06000009,Blackpool,1615.0,2019,1806.0,8540.0,232.0,8308.0,706.0,213.0,493.0,-191.0,273.0,142407
E06000009,Blackpool,1531.0,2020,2055.0,7325.0,-542.0,7867.0,711.0,-5.0,716.0,-524.0,224.0,141560
E06000009,Blackpool,1424.0,2021,2010.0,8082.0,-322.0,8404.0,769.0,177.0,592.0,-586.0,147.0,140976
E06000009,Blackpool,1438.0,2022,1995.0,8338.0,289.0,8049.0,1387.0,997.0,390.0,-557.0,-25.0,141680
E06000009,Blackpool,1486.0,2023,2085.0,8058.0,207.0,7851.0,2137.0,1802.0,335.0,-599.0,-20.0,143070
E06000009,Blackpool,1364.0,2024,1934.0,8214.0,-110.0,8324.0,2218.0,1799.0,419.0,-570.0,2.0,144191
E06000010,"Kingston upon Hull, City of",,2011,,,,,,,,,,256123
E06000010,"Kingston upon Hull, City of",3914.0,2012,2376.0,10336.0,-1247.0,11583.0,2408.0,929.0,1479.0,1538.0,742.0,258085
E06000010,"Kingston upon Hull, City of",3776.0,2013,2423.0,9599.0,-2494.0,12093.0,2831.0,1479.0,1352.0,1353.0,671.0,259094
E06000010,"Kingston upon Hull, City of",3622.0,2014,2397.0,10671.0,-1519.0,12190.0,2882.0,1349.0,1533.0,1225.0,747.0,260896
E06000010,"Kingston upon Hull, City of",3501.0,2015,2637.0,10663.0,-1366.0,12029.0,2796.0,1358.0,1438.0,864.0,959.0,262711
E06000010,"Kingston upon Hull, City of",3552.0,2016,2515.0,11151.0,-1011.0,12162.0,3268.0,1863.0,1405.0,1037.0,738.0,265338
E06000010,"Kingston upon Hull, City of",3562.0,2017,2607.0,12802.0,-769.0,13571.0,2910.0,1323.0,1587.0,955.0,719.0,267566
E06000010,"Kingston upon Hull, City of",3311.0,2018,2557.0,11970.0,-1804.0,13774.0,2897.0,1055.0,1842.0,754.0,652.0,268223
E06000010,"Kingston upon Hull, City of",3257.0,2019,2515.0,12388.0,-1938.0,14326.0,3254.0,1097.0,2157.0,742.0,625.0,268749
E06000010,"Kingston upon Hull, City of",3183.0,2020,2774.0,11352.0,-2597.0,13949.0,2906.0,429.0,2477.0,409.0,601.0,267591
E06000010,"Kingston upon Hull, City of",3009.0,2021,2699.0,11876.0,-2657.0,14533.0,2481.0,604.0,1877.0,310.0,668.0,266516
E06000010,"Kingston upon Hull, City of",3202.0,2022,2704.0,11769.0,-2893.0,14662.0,6483.0,4740.0,1743.0,498.0,-93.0,268768
E06000010,"Kingston upon Hull, City of",3067.0,2023,2749.0,11716.0,-2425.0,14141.0,7925.0,6335.0,1590.0,318.0,73.0,273069
E06000010,"Kingston upon Hull, City of",3119.0,2024,2590.0,11713.0,-3660.0,15373.0,7640.0,5540.0,2100.0,529.0,-77.0,275401
E06000011,East Riding of Yorkshire,,2011,,,,,,,,,,334673
E06000011,East Riding of Yorkshire,3208.0,2012,3695.0,16560.0,1010.0,15550.0,1090.0,221.0,869.0,-487.0,-445.0,334972
E06000011,East Riding of Yorkshire,2958.0,2013,3793.0,15728.0,508.0,15220.0,1180.0,361.0,819.0,-835.0,-434.0,334572
E06000011,East Riding of Yorkshire,3007.0,2014,3531.0,17640.0,1695.0,15945.0,1149.0,302.0,847.0,-524.0,-420.0,335625
E06000011,East Riding of Yorkshire,2969.0,2015,3925.0,16363.0,323.0,16040.0,1222.0,338.0,884.0,-956.0,-595.0,334735
E06000011,East Riding of Yorkshire,2910.0,2016,3835.0,17520.0,2719.0,14801.0,1178.0,261.0,917.0,-925.0,-467.0,336323
E06000011,East Riding of Yorkshire,2877.0,2017,3979.0,19215.0,1860.0,17355.0,1025.0,75.0,950.0,-1102.0,-459.0,336697
E06000011,East Riding of Yorkshire,2834.0,2018,4024.0,18743.0,2341.0,16402.0,984.0,-41.0,1025.0,-1190.0,-615.0,337192
E06000011,East Riding of Yorkshire,2683.0,2019,3726.0,19513.0,3388.0,16125.0,917.0,-132.0,1049.0,-1043.0,-461.0,338944
E06000011,East Riding of Yorkshire,2669.0,2020,4385.0,17946.0,3844.0,14102.0,875.0,-178.0,1053.0,-1716.0,156.0,341050
E06000011,East Riding of Yorkshire,2592.0,2021,4279.0,20336.0,4177.0,16159.0,823.0,-27.0,850.0,-1687.0,-368.0,343145
E06000011,East Riding of Yorkshire,2554.0,2022,4271.0,19486.0,4601.0,14885.0,1286.0,558.0,728.0,-1717.0,13.0,346600
E06000011,East Riding of Yorkshire,2613.0,2023,4630.0,19308.0,5726.0,13582.0,1543.0,849.0,694.0,-2017.0,79.0,351237
E06000011,East Riding of Yorkshire,2594.0,2024,4402.0,19753.0,5938.0,13815.0,1265.0,548.0,717.0,-1808.0,-31.0,355884
E06000012,North East Lincolnshire,,2011,,,,,,,,,,159735
E06000012,North East Lincolnshire,2032.0,2012,1643.0,4653.0,-591.0,5244.0,432.0,54.0,378.0,389.0,-179.0,159408
E06000012,North East Lincolnshire,1929.0,2013,1708.0,4486.0,-234.0,4720.0,499.0,179.0,320.0,221.0,-118.0,159456
E06000012,North East Lincolnshire,1920.0,2014,1573.0,5569.0,-495.0,6064.0,614.0,278.0,336.0,347.0,-166.0,159420
E06000012,North East Lincolnshire,1961.0,2015,1669.0,4137.0,-756.0,4893.0,663.0,298.0,365.0,292.0,-114.0,159140
E06000012,North East Lincolnshire,1877.0,2016,1697.0,4357.0,-828.0,5185.0,846.0,497.0,349.0,180.0,-112.0,158877
E06000012,North East Lincolnshire,1820.0,2017,1827.0,5390.0,-244.0,5634.0,667.0,227.0,440.0,-7.0,-154.0,158699
E06000012,North East Lincolnshire,1794.0,2018,1775.0,5034.0,-399.0,5433.0,750.0,248.0,502.0,19.0,-107.0,158460
E06000012,North East Lincolnshire,1635.0,2019,1724.0,5176.0,-452.0,5628.0,679.0,124.0,555.0,-89.0,-86.0,157957
E06000012,North East Lincolnshire,1653.0,2020,1730.0,4402.0,-486.0,4888.0,561.0,-52.0,613.0,-77.0,-29.0,157313
E06000012,North East Lincolnshire,1520.0,2021,1989.0,5639.0,494.0,5145.0,692.0,-39.0,731.0,-469.0,-111.0,157188
E06000012,North East Lincolnshire,1501.0,2022,1904.0,5569.0,512.0,5057.0,953.0,517.0,436.0,-403.0,28.0,157842
E06000012,North East Lincolnshire,1472.0,2023,1978.0,5445.0,577.0,4868.0,1111.0,756.0,355.0,-506.0,-6.0,158663
E06000012,North East Lincolnshire,1447.0,2024,1898.0,5562.0,918.0,4644.0,1165.0,759.0,406.0,-451.0,22.0,159911
E06000013,North Lincolnshire,,2011,,,,,,,,,,167516
E06000013,North Lincolnshire,1928.0,2012,1647.0,5556.0,131.0,5425.0,723.0,216.0,507.0,281.0,-170.0,167974
E06000013,North Lincolnshire,1894.0,2013,1713.0,5184.0,-179.0,5363.0,880.0,480.0,400.0,181.0,-147.0,168309
E06000013,North Lincolnshire,1772.0,2014,1652.0,6189.0,37.0,6152.0,1019.0,550.0,469.0,120.0,-200.0,168816
E06000013,North Lincolnshire,1801.0,2015,1838.0,5499.0,20.0,5479.0,1060.0,533.0,527.0,-37.0,-120.0,169212
E06000013,North Lincolnshire,1811.0,2016,1717.0,5866.0,345.0,5521.0,1178.0,633.0,545.0,94.0,-110.0,170174
E06000013,North Lincolnshire,1757.0,2017,1804.0,6523.0,77.0,6446.0,1148.0,543.0,605.0,-47.0,-131.0,170616
E06000013,North Lincolnshire,1716.0,2018,1846.0,6453.0,-131.0,6584.0,1124.0,101.0,1023.0,-130.0,-72.0,170384
E06000013,North Lincolnshire,1579.0,2019,1838.0,6527.0,16.0,6511.0,1087.0,153.0,934.0,-259.0,-11.0,170283
E06000013,North Lincolnshire,1582.0,2020,1836.0,5678.0,-82.0,5760.0,838.0,-10.0,848.0,-254.0,97.0,170034
E06000013,North Lincolnshire,1568.0,2021,1796.0,6554.0,113.0,6441.0,832.0,26.0,806.0,-228.0,-16.0,169929
E06000013,North Lincolnshire,1608.0,2022,1942.0,6297.0,130.0,6167.0,1126.0,403.0,723.0,-334.0,-3.0,170125
E06000013,North Lincolnshire,1527.0,2023,2091.0,6236.0,353.0,5883.0,1239.0,559.0,680.0,-564.0,4.0,170477
E06000013,North Lincolnshire,1469.0,2024,1913.0,6603.0,997.0,5606.0,1100.0,325.0,775.0,-444.0,-19.0,171336
E06000014,York,,2011,,,,,,,,,,197783
E06000014,York,2117.0,2012,1775.0,13975.0,920.0,13055.0,2890.0,551.0,2339.0,342.0,-439.0,199157
E06000014,York,2051.0,2013,1822.0,14082.0,1237.0,12845.0,3130.0,904.0,2226.0,229.0,-359.0,201168
E06000014,York,2044.0,2014,1723.0,15039.0,294.0,14745.0,3316.0,807.0,2509.0,321.0,-384.0,202206
E06000014,York,1993.0,2015,1867.0,15016.0,358.0,14658.0,3402.0,893.0,2509.0,126.0,-371.0,203212
E06000014,York,2006.0,2016,1808.0,14690.0,-1016.0,15706.0,3239.0,838.0,2401.0,198.0,-340.0,202892
E06000014,York,1911.0,2017,1867.0,18160.0,565.0,17595.0,2925.0,537.0,2388.0,44.0,-492.0,203546
E06000014,York,1861.0,2018,1877.0,18426.0,559.0,17867.0,2955.0,575.0,2380.0,-16.0,-758.0,203906
E06000014,York,1736.0,2019,1826.0,18711.0,197.0,18514.0,3517.0,954.0,2563.0,-90.0,-1090.0,203877
E06000014,York,1682.0,2020,2073.0,16558.0,-1140.0,17698.0,3433.0,1101.0,2332.0,-391.0,-1278.0,202169
E06000014,York,1671.0,2021,1854.0,18204.0,-970.0,19174.0,3296.0,2018.0,1278.0,-183.0,-1183.0,201851
E06000014,York,1583.0,2022,1925.0,17736.0,-68.0,17804.0,5238.0,3351.0,1887.0,-342.0,-44.0,204748
E06000014,York,1515.0,2023,2001.0,17828.0,-796.0,18624.0,4758.0,3219.0,1539.0,-486.0,61.0,206746
E06000014,York,1506.0,2024,1981.0,18492.0,-751.0,19243.0,5482.0,3818.0,1664.0,-475.0,-37.0,209301
E06000015,Derby,,2011,,,,,,,,,,248943
E06000015,Derby,3756.0,2012,2099.0,12629.0,-470.0,13099.0,2222.0,861.0,1361.0,1657.0,813.0,251804
E06000015,Derby,3565.0,2013,2249.0,12052.0,-1397.0,13449.0,2635.0,1282.0,1353.0,1316.0,807.0,253812
E06000015,Derby,3447.0,2014,2146.0,13440.0,-1653.0,15093.0,2498.0,953.0,1545.0,1301.0,907.0,255320
E06000015,Derby,3447.0,2015,2284.0,13452.0,-771.0,14223.0,2540.0,894.0,1646.0,1163.0,800.0,257406
E06000015,Derby,3312.0,2016,2259.0,13179.0,-548.0,13727.0,2796.0,1217.0,1579.0,1053.0,755.0,259883
E06000015,Derby,3251.0,2017,2334.0,15427.0,-1615.0,17042.0,2730.0,1137.0,1593.0,917.0,782.0,261104
E06000015,Derby,3151.0,2018,2512.0,15494.0,-1214.0,16708.0,3135.0,1195.0,1940.0,639.0,671.0,262395
E06000015,Derby,3121.0,2019,2331.0,15390.0,-1893.0,17283.0,3197.0,1058.0,2139.0,790.0,664.0,263014
E06000015,Derby,2926.0,2020,2704.0,13722.0,-2176.0,15898.0,3196.0,498.0,2698.0,222.0,441.0,261999
E06000015,Derby,2941.0,2021,2465.0,15340.0,-2694.0,18034.0,3051.0,909.0,2142.0,476.0,570.0,261260
E06000015,Derby,2894.0,2022,2552.0,14569.0,-2016.0,16585.0,6565.0,4735.0,1830.0,342.0,0.0,264321
E06000015,Derby,2863.0,2023,2553.0,14033.0,-2451.0,16484.0,9017.0,7723.0,1294.0,310.0,0.0,269903
E06000015,Derby,2898.0,2024,2501.0,14075.0,-2908.0,16983.0,8295.0,6739.0,1556.0,397.0,18.0,274149
E06000016,Leicester,,2011,,,,,,,,,,329627
E06000016,Leicester,5375.0,2012,2309.0,19142.0,-2643.0,21785.0,7418.0,2706.0,4712.0,3066.0,1343.0,334099
E06000016,Leicester,5144.0,2013,2521.0,18714.0,-2675.0,21389.0,7746.0,3493.0,4253.0,2623.0,1312.0,338852
E06000016,Leicester,5177.0,2014,2431.0,19660.0,-4416.0,24076.0,8763.0,4328.0,4435.0,2746.0,1407.0,342917
E06000016,Leicester,5187.0,2015,2561.0,20712.0,-2215.0,22927.0,9910.0,5305.0,4605.0,2626.0,1220.0,349853
E06000016,Leicester,5211.0,2016,2584.0,20625.0,-2425.0,23050.0,9961.0,5599.0,4362.0,2627.0,1135.0,356789
E06000016,Leicester,5018.0,2017,2634.0,24261.0,-2495.0,26756.0,8860.0,4213.0,4647.0,2384.0,1004.0,361895
E06000016,Leicester,4805.0,2018,2533.0,24077.0,-3523.0,27600.0,10728.0,5716.0,5012.0,2272.0,734.0,367094
E06000016,Leicester,4642.0,2019,2470.0,23792.0,-6070.0,29862.0,12060.0,6175.0,5885.0,2172.0,405.0,369776
E06000016,Leicester,4485.0,2020,2868.0,20996.0,-6304.0,27300.0,12493.0,3698.0,8795.0,1617.0,135.0,368922
E06000016,Leicester,4189.0,2021,2937.0,20577.0,-10201.0,30778.0,11925.0,6696.0,5229.0,1252.0,271.0,366940
E06000016,Leicester,4431.0,2022,2827.0,20809.0,-9237.0,30046.0,18533.0,13786.0,4747.0,1604.0,-7.0,373086
E06000016,Leicester,4379.0,2023,2856.0,21971.0,-8422.0,30393.0,21626.0,16538.0,5088.0,1523.0,-29.0,382696
E06000016,Leicester,4494.0,2024,2649.0,22231.0,-9305.0,31536.0,19851.0,13110.0,6741.0,1845.0,2.0,388348
E06000017,Rutland,,2011,,,,,,,,,,37581
E06000017,Rutland,316.0,2012,382.0,2518.0,-136.0,2654.0,117.0,-27.0,144.0,-66.0,-238.0,37114
E06000017,Rutland,342.0,2013,327.0,2603.0,221.0,2382.0,132.0,-5.0,137.0,15.0,488.0,37833
E06000017,Rutland,335.0,2014,321.0,2819.0,79.0,2740.0,150.0,-6.0,156.0,14.0,374.0,38294
E06000017,Rutland,349.0,2015,392.0,2899.0,471.0,2428.0,122.0,-44.0,166.0,-43.0,-240.0,38438
E06000017,Rutland,344.0,2016,354.0,2673.0,277.0,2396.0,138.0,-34.0,172.0,-10.0,373.0,39044
E06000017,Rutland,321.0,2017,363.0,3732.0,795.0,2937.0,137.0,-54.0,191.0,-42.0,88.0,39831
E06000017,Rutland,329.0,2018,425.0,3277.0,251.0,3026.0,138.0,-92.0,230.0,-96.0,159.0,40053
E06000017,Rutland,312.0,2019,371.0,3299.0,284.0,3015.0,119.0,-104.0,223.0,-59.0,1.0,40175
E06000017,Rutland,267.0,2020,415.0,2895.0,277.0,2618.0,102.0,-101.0,203.0,-148.0,430.0,40633
E06000017,Rutland,276.0,2021,431.0,3661.0,685.0,2976.0,81.0,-86.0,167.0,-155.0,265.0,41342
E06000017,Rutland,276.0,2022,414.0,2828.0,-123.0,2951.0,314.0,187.0,127.0,-138.0,-103.0,41165
E06000017,Rutland,272.0,2023,504.0,2760.0,-78.0,2838.0,327.0,217.0,110.0,-232.0,-265.0,40807
E06000017,Rutland,240.0,2024,428.0,2976.0,338.0,2638.0,312.0,208.0,104.0,-188.0,278.0,41443
E06000018,Nottingham,,2011,,,,,,,,,,303899
E06000018,Nottingham,4445.0,2012,2338.0,27909.0,-698.0,28607.0,7301.0,2439.0,4862.0,2107.0,-311.0,307436
E06000018,Nottingham,4303.0,2013,2351.0,27918.0,-4055.0,31973.0,8251.0,3814.0,4437.0,1952.0,-466.0,308681
E06000018,Nottingham,4283.0,2014,2213.0,30975.0,-2290.0,33265.0,8290.0,2761.0,5529.0,2070.0,-883.0,310339
E06000018,Nottingham,4222.0,2015,2472.0,31660.0,-1043.0,32703.0,8300.0,3316.0,4984.0,1750.0,-1097.0,313265
E06000018,Nottingham,4380.0,2016,2397.0,30930.0,-622.0,31552.0,8971.0,4184.0,4787.0,1983.0,-1185.0,317625
E06000018,Nottingham,4196.0,2017,2344.0,36144.0,236.0,35908.0,7660.0,2418.0,5242.0,1852.0,-1753.0,320378
E06000018,Nottingham,4004.0,2018,2442.0,35879.0,-924.0,36803.0,8774.0,3647.0,5127.0,1562.0,-2340.0,322323
E06000018,Nottingham,3878.0,2019,2264.0,37267.0,-1980.0,39247.0,10549.0,4415.0,6134.0,1614.0,-3212.0,323160
E06000018,Nottingham,3673.0,2020,2651.0,37121.0,-935.0,38056.0,10367.0,3638.0,6729.0,1022.0,-4063.0,322822
E06000018,Nottingham,3342.0,2021,2668.0,38611.0,-2774.0,41385.0,8048.0,3796.0,4252.0,674.0,-4540.0,319978
E06000018,Nottingham,3555.0,2022,2581.0,39543.0,-2920.0,42463.0,12705.0,8574.0,4131.0,974.0,-34.0,326572
E06000018,Nottingham,3379.0,2023,2593.0,34508.0,-11646.0,46154.0,16491.0,11509.0,4982.0,786.0,-35.0,327186
E06000018,Nottingham,3303.0,2024,2484.0,36658.0,-7154.0,43812.0,16768.0,10201.0,6567.0,819.0,25.0,331077
E06000019,"Herefordshire, County of",,2011,,,,,,,,,,183619
E06000019,"Herefordshire, County of",1888.0,2012,1947.0,7340.0,436.0,6904.0,1334.0,504.0,830.0,-59.0,-292.0,184208
E06000019,"Herefordshire, County of",1869.0,2013,1892.0,6800.0,87.0,6713.0,1367.0,599.0,768.0,-23.0,-123.0,184748
E06000019,"Herefordshire, County of",1771.0,2014,1833.0,7938.0,530.0,7408.0,1512.0,675.0,837.0,-62.0,-368.0,185523
E06000019,"Herefordshire, County of",1747.0,2015,2140.0,7488.0,114.0,7374.0,1645.0,846.0,799.0,-393.0,-312.0,185778
E06000019,"Herefordshire, County of",1749.0,2016,2098.0,7594.0,166.0,7428.0,1782.0,999.0,783.0,-349.0,-369.0,186225
E06000019,"Herefordshire, County of",1716.0,2017,2110.0,8395.0,638.0,7757.0,1487.0,562.0,925.0,-394.0,-344.0,186687
E06000019,"Herefordshire, County of",1765.0,2018,2175.0,7862.0,432.0,7430.0,1466.0,146.0,1320.0,-410.0,-344.0,186511
E06000019,"Herefordshire, County of",1671.0,2019,2069.0,7968.0,525.0,7443.0,1425.0,28.0,1397.0,-398.0,-293.0,186373
E06000019,"Herefordshire, County of",1550.0,2020,2265.0,7367.0,611.0,6756.0,1157.0,-123.0,1280.0,-715.0,-260.0,185886
E06000019,"Herefordshire, County of",1517.0,2021,2207.0,10541.0,2869.0,7672.0,1041.0,-142.0,1183.0,-690.0,-401.0,187522
E06000019,"Herefordshire, County of",1555.0,2022,2309.0,8916.0,1386.0,7530.0,1458.0,355.0,1103.0,-754.0,9.0,188518
E06000019,"Herefordshire, County of",1505.0,2023,2494.0,8420.0,1336.0,7084.0,2130.0,1095.0,1035.0,-989.0,85.0,190045
E06000019,"Herefordshire, County of",1572.0,2024,2367.0,8287.0,1152.0,7135.0,1793.0,638.0,1155.0,-795.0,7.0,191047
E06000020,Telford and Wrekin,,2011,,,,,,,,,,166831
E06000020,Telford and Wrekin,2262.0,2012,1324.0,6650.0,-292.0,6942.0,745.0,202.0,543.0,938.0,285.0,167964
E06000020,Telford and Wrekin,2197.0,2013,1415.0,6807.0,-211.0,7018.0,804.0,292.0,512.0,782.0,187.0,169014
E06000020,Telford and Wrekin,2141.0,2014,1324.0,7392.0,65.0,7327.0,954.0,394.0,560.0,817.0,320.0,170610
E06000020,Telford and Wrekin,2040.0,2015,1451.0,8008.0,886.0,7122.0,1174.0,558.0,616.0,589.0,255.0,172898
E06000020,Telford and Wrekin,2082.0,2016,1423.0,7874.0,806.0,7068.0,1441.0,780.0,661.0,659.0,209.0,175352
E06000020,Telford and Wrekin,2096.0,2017,1497.0,8846.0,894.0,7952.0,1271.0,497.0,774.0,599.0,186.0,177528
E06000020,Telford and Wrekin,2061.0,2018,1607.0,8613.0,880.0,7733.0,1303.0,459.0,844.0,454.0,227.0,179548
E06000020,Telford and Wrekin,2017.0,2019,1507.0,9128.0,1526.0,7602.0,1240.0,233.0,1007.0,510.0,264.0,182081
E06000020,Telford and Wrekin,1994.0,2020,1717.0,8206.0,892.0,7314.0,1052.0,44.0,1008.0,277.0,189.0,183483
E06000020,Telford and Wrekin,1969.0,2021,1656.0,9995.0,1636.0,8359.0,1101.0,197.0,904.0,313.0,228.0,185857
E06000020,Telford and Wrekin,2060.0,2022,1801.0,9962.0,1913.0,8049.0,1676.0,941.0,735.0,259.0,30.0,189000
E06000020,Telford and Wrekin,1941.0,2023,1843.0,9922.0,1845.0,8077.0,2167.0,1525.0,642.0,98.0,-51.0,192417
E06000020,Telford and Wrekin,1929.0,2024,1680.0,9933.0,1754.0,8179.0,2332.0,1552.0,780.0,249.0,-20.0,195952
E06000021,Stoke-on-Trent,,2011,,,,,,,,,,248719
E06000021,Stoke-on-Trent,3720.0,2012,2397.0,10898.0,-830.0,11728.0,1493.0,288.0,1205.0,1323.0,822.0,250322
E06000021,Stoke-on-Trent,3640.0,2013,2448.0,10292.0,-1547.0,11839.0,1906.0,847.0,1059.0,1192.0,754.0,251568
E06000021,Stoke-on-Trent,3677.0,2014,2328.0,11080.0,-1263.0,12343.0,2128.0,941.0,1187.0,1349.0,721.0,253316
E06000021,Stoke-on-Trent,3442.0,2015,2591.0,10602.0,-1691.0,12293.0,2175.0,982.0,1193.0,851.0,637.0,254095
E06000021,Stoke-on-Trent,3502.0,2016,2469.0,10819.0,-1113.0,11932.0,2639.0,1541.0,1098.0,1033.0,612.0,256168
E06000021,Stoke-on-Trent,3345.0,2017,2601.0,12404.0,-352.0,12756.0,2240.0,1059.0,1181.0,744.0,616.0,258235
E06000021,Stoke-on-Trent,3271.0,2018,2781.0,11826.0,-1207.0,13033.0,2251.0,893.0,1358.0,490.0,432.0,258843
E06000021,Stoke-on-Trent,3317.0,2019,2506.0,11706.0,-1692.0,13398.0,2353.0,798.0,1555.0,811.0,421.0,259181
E06000021,Stoke-on-Trent,3168.0,2020,2821.0,10864.0,-1327.0,12191.0,2201.0,283.0,1918.0,347.0,382.0,258866
E06000021,Stoke-on-Trent,3023.0,2021,2880.0,12208.0,-2073.0,14281.0,2456.0,759.0,1697.0,143.0,407.0,258102
E06000021,Stoke-on-Trent,3024.0,2022,2760.0,12034.0,-1225.0,13259.0,4753.0,3477.0,1276.0,264.0,6.0,260624
E06000021,Stoke-on-Trent,3018.0,2023,2780.0,12642.0,-788.0,13430.0,6986.0,5742.0,1244.0,238.0,6.0,265822
E06000021,Stoke-on-Trent,3082.0,2024,2688.0,13137.0,-1045.0,14182.0,7026.0,5257.0,1769.0,394.0,-3.0,270425
E06000022,Bath and North East Somerset,,2011,,,,,,,,,,175538
E06000022,Bath and North East Somerset,1846.0,2012,1581.0,13430.0,368.0,13062.0,2705.0,591.0,2114.0,265.0,-164.0,176598
E06000022,Bath and North East Somerset,1848.0,2013,1632.0,14490.0,1194.0,13296.0,2902.0,890.0,2012.0,216.0,-155.0,178743
E06000022,Bath and North East Somerset,1744.0,2014,1535.0,15767.0,253.0,15514.0,3179.0,961.0,2218.0,209.0,-101.0,180065
E06000022,Bath and North East Somerset,1715.0,2015,1682.0,16485.0,1460.0,15025.0,3529.0,1080.0,2449.0,33.0,-77.0,182561
E06000022,Bath and North East Somerset,1874.0,2016,1701.0,16219.0,1515.0,14704.0,3834.0,1367.0,2467.0,173.0,-109.0,185507
E06000022,Bath and North East Somerset,1709.0,2017,1739.0,17986.0,921.0,17065.0,3303.0,597.0,2706.0,-30.0,-101.0,186894
E06000022,Bath and North East Somerset,1734.0,2018,1600.0,18912.0,1821.0,17091.0,3390.0,738.0,2652.0,134.0,-98.0,189489
E06000022,Bath and North East Somerset,1666.0,2019,1634.0,18744.0,251.0,18493.0,3652.0,561.0,3091.0,32.0,-157.0,190176
E06000022,Bath and North East Somerset,1688.0,2020,1795.0,18791.0,1506.0,17285.0,3197.0,579.0,2618.0,-107.0,-180.0,191974
E06000022,Bath and North East Somerset,1727.0,2021,1790.0,19451.0,-277.0,19728.0,2113.0,589.0,1524.0,-63.0,196.0,192419
E06000022,Bath and North East Somerset,1712.0,2022,1725.0,19870.0,1228.0,18642.0,3755.0,1857.0,1898.0,-13.0,-24.0,195467
E06000022,Bath and North East Somerset,1599.0,2023,1890.0,19332.0,825.0,18507.0,4281.0,2260.0,2021.0,-291.0,3.0,198264
E06000022,Bath and North East Somerset,1542.0,2024,1751.0,19195.0,-36.0,19231.0,4264.0,1997.0,2267.0,-209.0,12.0,200028
E06000023,"Bristol, City of",,2011,,,,,,,,,,428074
E06000023,"Bristol, City of",6867.0,2012,3328.0,30493.0,424.0,30069.0,6856.0,1768.0,5088.0,3539.0,-541.0,433264
E06000023,"Bristol, City of",6632.0,2013,3403.0,31489.0,544.0,30945.0,7549.0,2751.0,4798.0,3229.0,-804.0,438984
E06000023,"Bristol, City of",6421.0,2014,3307.0,34273.0,-105.0,34378.0,8090.0,2787.0,5303.0,3114.0,-946.0,443834
E06000023,"Bristol, City of",6376.0,2015,3361.0,35605.0,2377.0,33228.0,8972.0,3771.0,5201.0,3015.0,-1207.0,451790
E06000023,"Bristol, City of",6388.0,2016,3327.0,34310.0,1874.0,32436.0,9861.0,4267.0,5594.0,3061.0,-1404.0,459588
E06000023,"Bristol, City of",6205.0,2017,3401.0,38561.0,777.0,37784.0,8363.0,1812.0,6551.0,2804.0,-1868.0,463113
E06000023,"Bristol, City of",5850.0,2018,3489.0,38885.0,1027.0,37858.0,9169.0,2525.0,6644.0,2361.0,-2000.0,467026
E06000023,"Bristol, City of",5669.0,2019,3366.0,40535.0,661.0,39874.0,9911.0,2325.0,7586.0,2303.0,-2395.0,469920
E06000023,"Bristol, City of",5428.0,2020,3554.0,37339.0,291.0,37048.0,9005.0,1926.0,7079.0,1874.0,-2160.0,471851
E06000023,"Bristol, City of",5315.0,2021,3421.0,41964.0,-3403.0,45367.0,7248.0,2929.0,4319.0,1894.0,-1986.0,471285
E06000023,"Bristol, City of",5181.0,2022,3646.0,41507.0,-769.0,42276.0,12817.0,7623.0,5194.0,1535.0,-35.0,479639
E06000023,"Bristol, City of",4971.0,2023,3585.0,40388.0,-3224.0,43612.0,14416.0,8625.0,5791.0,1386.0,-50.0,486376
E06000023,"Bristol, City of",4942.0,2024,3368.0,41305.0,-3614.0,44919.0,15434.0,10070.0,5364.0,1574.0,-7.0,494399
E06000024,North Somerset,,2011,,,,,,,,,,203091
E06000024,North Somerset,2369.0,2012,2248.0,9783.0,1052.0,8731.0,957.0,267.0,690.0,121.0,-66.0,204465
E06000024,North Somerset,2265.0,2013,2226.0,10465.0,1775.0,8690.0,786.0,191.0,595.0,39.0,-67.0,206403
E06000024,North Somerset,2238.0,2014,2146.0,11526.0,1898.0,9628.0,971.0,304.0,667.0,92.0,-80.0,208617
E06000024,North Somerset,2190.0,2015,2407.0,10872.0,1965.0,8907.0,1001.0,310.0,691.0,-217.0,-122.0,210553
E06000024,North Somerset,2248.0,2016,2373.0,10310.0,1928.0,8382.0,1143.0,417.0,726.0,-125.0,-113.0,212660
E06000024,North Somerset,2137.0,2017,2410.0,11120.0,1221.0,9899.0,1014.0,202.0,812.0,-273.0,-109.0,213701
E06000024,North Somerset,2000.0,2018,2455.0,10811.0,1117.0,9694.0,1001.0,59.0,942.0,-455.0,-62.0,214360
E06000024,North Somerset,2070.0,2019,2233.0,10997.0,1346.0,9651.0,996.0,5.0,991.0,-163.0,-8.0,215540
E06000024,North Somerset,1976.0,2020,2500.0,9548.0,900.0,8648.0,748.0,-144.0,892.0,-524.0,78.0,215850
E06000024,North Somerset,1948.0,2021,2360.0,12229.0,2009.0,10220.0,721.0,-88.0,809.0,-412.0,26.0,217385
E06000024,North Somerset,1944.0,2022,2546.0,11405.0,1627.0,9778.0,1420.0,646.0,774.0,-602.0,8.0,219064
E06000024,North Somerset,1850.0,2023,2658.0,11620.0,2341.0,9279.0,1996.0,1326.0,670.0,-808.0,4.0,221927
E06000024,North Somerset,1871.0,2024,2532.0,11620.0,2355.0,9265.0,1699.0,950.0,749.0,-661.0,7.0,224578
E06000025,South Gloucestershire,,2011,,,,,,,,,,263417
E06000025,South Gloucestershire,3137.0,2012,2022.0,15504.0,985.0,14519.0,1929.0,581.0,1348.0,1115.0,-357.0,265741
E06000025,South Gloucestershire,3122.0,2013,2169.0,16604.0,1043.0,15561.0,2171.0,928.0,1243.0,953.0,-498.0,268167
E06000025,South Gloucestershire,3112.0,2014,1937.0,16807.0,-680.0,17487.0,2552.0,1104.0,1448.0,1175.0,74.0,269840
E06000025,South Gloucestershire,3105.0,2015,2215.0,16634.0,909.0,15725.0,2313.0,910.0,1403.0,890.0,-360.0,272189
E06000025,South Gloucestershire,3150.0,2016,2209.0,16627.0,1746.0,14881.0,2664.0,1221.0,1443.0,941.0,-289.0,275808
E06000025,South Gloucestershire,3138.0,2017,2319.0,18205.0,1438.0,16767.0,2268.0,693.0,1575.0,819.0,-379.0,278379
E06000025,South Gloucestershire,3182.0,2018,2424.0,18779.0,2152.0,16627.0,2497.0,832.0,1665.0,758.0,-402.0,281719
E06000025,South Gloucestershire,3149.0,2019,2156.0,19012.0,1497.0,17515.0,2551.0,693.0,1858.0,993.0,-339.0,284563
E06000025,South Gloucestershire,3002.0,2020,2481.0,18074.0,1828.0,16246.0,2569.0,679.0,1890.0,521.0,-409.0,287182
E06000025,South Gloucestershire,3010.0,2021,2409.0,20944.0,2166.0,18778.0,2402.0,1132.0,1270.0,601.0,-195.0,290886
E06000025,South Gloucestershire,3013.0,2022,2588.0,19805.0,1250.0,18555.0,4361.0,2883.0,1478.0,425.0,-53.0,295391
E06000025,South Gloucestershire,2967.0,2023,2742.0,19525.0,800.0,18725.0,5363.0,4015.0,1348.0,225.0,4.0,300435
E06000025,South Gloucestershire,2885.0,2024,2636.0,20800.0,2461.0,18339.0,4512.0,3167.0,1345.0,249.0,20.0,306332
E06000026,Plymouth,,2011,,,,,,,,,,256589
E06000026,Plymouth,3354.0,2012,2337.0,14942.0,-294.0,15236.0,1966.0,370.0,1596.0,1017.0,204.0,257886
E06000026,Plymouth,3271.0,2013,2444.0,14150.0,-226.0,14376.0,2081.0,608.0,1473.0,827.0,454.0,259549
E06000026,Plymouth,3107.0,2014,2209.0,15649.0,-103.0,15752.0,2368.0,667.0,1701.0,898.0,969.0,261980
E06000026,Plymouth,3108.0,2015,2404.0,15041.0,-1063.0,16104.0,2435.0,817.0,1618.0,704.0,650.0,263088
E06000026,Plymouth,3106.0,2016,2447.0,15692.0,-566.0,16258.0,2313.0,785.0,1528.0,659.0,474.0,264440
E06000026,Plymouth,2815.0,2017,2524.0,16920.0,-88.0,17008.0,1777.0,200.0,1577.0,291.0,451.0,265294
E06000026,Plymouth,2820.0,2018,2683.0,16852.0,186.0,16666.0,1949.0,326.0,1623.0,137.0,-254.0,265689
E06000026,Plymouth,2738.0,2019,2573.0,15908.0,-872.0,16780.0,1989.0,366.0,1623.0,165.0,-307.0,265041
E06000026,Plymouth,2587.0,2020,2589.0,14555.0,-422.0,14977.0,1962.0,352.0,1610.0,-2.0,-139.0,264830
E06000026,Plymouth,2482.0,2021,2547.0,15325.0,-293.0,15618.0,1626.0,445.0,1181.0,-65.0,-149.0,264768
E06000026,Plymouth,2531.0,2022,2758.0,15242.0,416.0,14826.0,3851.0,2754.0,1097.0,-227.0,-204.0,267507
E06000026,Plymouth,2391.0,2023,2773.0,14841.0,-36.0,14877.0,4809.0,3842.0,967.0,-382.0,-326.0,270605
E06000026,Plymouth,2321.0,2024,2658.0,14026.0,-1681.0,15707.0,5098.0,3757.0,1341.0,-337.0,-277.0,272067
E06000027,Torbay,,2011,,,,,,,,,,131193
E06000027,Torbay,1457.0,2012,1691.0,6856.0,559.0,6297.0,468.0,68.0,400.0,-234.0,220.0,131806
E06000027,Torbay,1452.0,2013,1730.0,7006.0,1021.0,5985.0,518.0,172.0,346.0,-278.0,199.0,132920
E06000027,Torbay,1434.0,2014,1725.0,8028.0,1213.0,6815.0,530.0,116.0,414.0,-291.0,259.0,134217
E06000027,Torbay,1444.0,2015,1847.0,7500.0,892.0,6608.0,561.0,153.0,408.0,-403.0,193.0,135052
E06000027,Torbay,1409.0,2016,1832.0,7522.0,1249.0,6273.0,593.0,171.0,422.0,-423.0,123.0,136172
E06000027,Torbay,1291.0,2017,1825.0,8430.0,1471.0,6959.0,496.0,47.0,449.0,-534.0,173.0,137329
E06000027,Torbay,1257.0,2018,1834.0,7914.0,1140.0,6774.0,510.0,24.0,486.0,-577.0,184.0,138100
E06000027,Torbay,1267.0,2019,1741.0,7916.0,946.0,6970.0,458.0,-33.0,491.0,-474.0,215.0,138754
E06000027,Torbay,1107.0,2020,1818.0,6490.0,509.0,5981.0,424.0,-56.0,480.0,-711.0,199.0,138695
E06000027,Torbay,1107.0,2021,1850.0,7963.0,1201.0,6762.0,423.0,59.0,364.0,-743.0,228.0,139440
E06000027,Torbay,1061.0,2022,1991.0,7142.0,576.0,6566.0,725.0,346.0,379.0,-930.0,3.0,139435
E06000027,Torbay,988.0,2023,2005.0,6550.0,423.0,6127.0,1215.0,888.0,327.0,-1017.0,15.0,139744
E06000027,Torbay,970.0,2024,1888.0,6856.0,505.0,6351.0,1106.0,778.0,328.0,-918.0,17.0,140126
E06000030,Swindon,,2011,,,,,,,,,,209709
E06000030,Swindon,3073.0,2012,1634.0,8042.0,331.0,7711.0,1819.0,701.0,1118.0,1439.0,621.0,212801
E06000030,Swindon,3005.0,2013,1664.0,7904.0,107.0,7797.0,2095.0,1095.0,1000.0,1341.0,650.0,215994
E06000030,Swindon,2900.0,2014,1607.0,8602.0,-47.0,8649.0,2157.0,1071.0,1086.0,1293.0,687.0,218998
E06000030,Swindon,2841.0,2015,1667.0,8262.0,-440.0,8702.0,2532.0,1396.0,1136.0,1174.0,677.0,221805
E06000030,Swindon,2869.0,2016,1778.0,8308.0,-622.0,8930.0,2835.0,1582.0,1253.0,1091.0,642.0,224498
E06000030,Swindon,2821.0,2017,1747.0,9696.0,56.0,9640.0,2623.0,1296.0,1327.0,1074.0,756.0,227680
E06000030,Swindon,2764.0,2018,1782.0,9187.0,-479.0,9666.0,2755.0,1327.0,1428.0,982.0,664.0,230174
E06000030,Swindon,2623.0,2019,1702.0,9260.0,-693.0,9953.0,2529.0,701.0,1828.0,921.0,831.0,231934
E06000030,Swindon,2527.0,2020,1966.0,8301.0,-641.0,8942.0,1997.0,7.0,1990.0,561.0,713.0,232574
E06000030,Swindon,2545.0,2021,1833.0,9286.0,-806.0,10092.0,2280.0,431.0,1849.0,712.0,849.0,233760
E06000030,Swindon,2498.0,2022,1918.0,9241.0,-682.0,9923.0,3651.0,2353.0,1298.0,580.0,35.0,236046
E06000030,Swindon,2425.0,2023,2014.0,9306.0,-275.0,9581.0,5045.0,4020.0,1025.0,411.0,16.0,240218
E06000030,Swindon,2391.0,2024,1911.0,9566.0,-166.0,9732.0,4416.0,3247.0,1169.0,480.0,96.0,243875
E06000031,Peterborough,,2011,,,,,,,,,,184457
E06000031,Peterborough,3273.0,2012,1488.0,8552.0,-654.0,9206.0,3496.0,1821.0,1675.0,1785.0,1266.0,188675
E06000031,Peterborough,3208.0,2013,1478.0,8215.0,-1168.0,9383.0,3704.0,2078.0,1626.0,1730.0,1173.0,192488
E06000031,Peterborough,3132.0,2014,1375.0,8437.0,-1431.0,9868.0,3540.0,1591.0,1949.0,1757.0,1361.0,195766
E06000031,Peterborough,3169.0,2015,1582.0,9111.0,-543.0,9654.0,3954.0,1987.0,1967.0,1587.0,1449.0,200246
E06000031,Peterborough,3149.0,2016,1487.0,9194.0,-666.0,9860.0,4511.0,2481.0,2030.0,1662.0,1368.0,205091
E06000031,Peterborough,3017.0,2017,1700.0,10519.0,-913.0,11432.0,3775.0,1579.0,2196.0,1317.0,1163.0,208237
E06000031,Peterborough,3010.0,2018,1630.0,10660.0,-715.0,11375.0,3255.0,690.0,2565.0,1380.0,1445.0,211037
E06000031,Peterborough,2774.0,2019,1579.0,10532.0,-1396.0,11928.0,3505.0,852.0,2653.0,1195.0,1338.0,213026
E06000031,Peterborough,2765.0,2020,1722.0,9030.0,-1626.0,10656.0,3164.0,130.0,3034.0,1043.0,1145.0,213718
E06000031,Peterborough,2685.0,2021,1729.0,11049.0,-436.0,11485.0,3175.0,742.0,2433.0,956.0,1490.0,216470
E06000031,Peterborough,2643.0,2022,1813.0,10599.0,-820.0,11419.0,3992.0,1593.0,2399.0,830.0,-56.0,218017
E06000031,Peterborough,2581.0,2023,1853.0,11026.0,-729.0,11755.0,5372.0,3393.0,1979.0,728.0,-126.0,221283
E06000031,Peterborough,2538.0,2024,1685.0,11137.0,-980.0,12117.0,4944.0,2568.0,2376.0,853.0,-69.0,223655
E06000032,Luton,,2011,,,,,,,,,,203641
E06000032,Luton,3544.0,2012,1376.0,9158.0,-2682.0,11840.0,4518.0,1532.0,2986.0,2168.0,1214.0,205873
E06000032,Luton,3451.0,2013,1458.0,9577.0,-1823.0,11400.0,4947.0,2407.0,2540.0,1993.0,1174.0,209624
E06000032,Luton,3538.0,2014,1342.0,10353.0,-2132.0,12485.0,5511.0,2809.0,2702.0,2196.0,1252.0,213749
E06000032,Luton,3504.0,2015,1467.0,10398.0,-2106.0,12504.0,5542.0,2732.0,2810.0,2037.0,1200.0,217612
E06000032,Luton,3613.0,2016,1427.0,9556.0,-3431.0,12987.0,6444.0,3345.0,3099.0,2186.0,1240.0,220952
E06000032,Luton,3557.0,2017,1549.0,10105.0,-5970.0,16075.0,5335.0,2377.0,2958.0,2008.0,1385.0,220752
E06000032,Luton,3249.0,2018,1602.0,10005.0,-4817.0,14822.0,5592.0,2650.0,2942.0,1647.0,1300.0,221532
E06000032,Luton,3299.0,2019,1422.0,9638.0,-5324.0,14962.0,7107.0,3711.0,3396.0,1877.0,1310.0,223106
E06000032,Luton,3227.0,2020,1676.0,9236.0,-3480.0,12716.0,6931.0,1714.0,5217.0,1551.0,1241.0,224132
E06000032,Luton,3206.0,2021,1671.0,10117.0,-4678.0,14795.0,6906.0,2864.0,4042.0,1535.0,1105.0,224958
E06000032,Luton,3347.0,2022,1611.0,10347.0,-5563.0,15910.0,9323.0,6412.0,2911.0,1736.0,3.0,227546
E06000032,Luton,3359.0,2023,1578.0,10345.0,-6580.0,16925.0,13340.0,10900.0,2440.0,1781.0,-7.0,233640
E06000032,Luton,3639.0,2024,1434.0,10905.0,-6932.0,17837.0,13516.0,10200.0,3316.0,2205.0,-23.0,239090
E06000033,Southend-on-Sea,,2011,,,,,,,,,,174274
E06000033,Southend-on-Sea,2309.0,2012,1748.0,8869.0,337.0,8532.0,895.0,169.0,726.0,561.0,-145.0,175196
E06000033,Southend-on-Sea,2216.0,2013,1775.0,8719.0,660.0,8059.0,900.0,184.0,716.0,441.0,-131.0,176350
E06000033,Southend-on-Sea,2287.0,2014,1746.0,9725.0,1545.0,8180.0,1032.0,322.0,710.0,541.0,-148.0,178610
E06000033,Southend-on-Sea,2192.0,2015,1877.0,9076.0,75.0,9001.0,1080.0,332.0,748.0,315.0,-129.0,179203
E06000033,Southend-on-Sea,2292.0,2016,1896.0,8879.0,640.0,8239.0,1129.0,365.0,764.0,396.0,-139.0,180465
E06000033,Southend-on-Sea,2213.0,2017,2030.0,10442.0,701.0,9741.0,1002.0,201.0,801.0,183.0,-145.0,181405
E06000033,Southend-on-Sea,2187.0,2018,2114.0,10000.0,335.0,9665.0,1007.0,181.0,826.0,73.0,-117.0,181877
E06000033,Southend-on-Sea,2050.0,2019,1840.0,10221.0,-90.0,10311.0,1097.0,205.0,892.0,210.0,-87.0,182115
E06000033,Southend-on-Sea,1968.0,2020,2098.0,8396.0,-663.0,9059.0,956.0,-24.0,980.0,-130.0,-22.0,181276
E06000033,Southend-on-Sea,1867.0,2021,2204.0,10342.0,-611.0,10953.0,1109.0,354.0,755.0,-337.0,-27.0,180655
E06000033,Southend-on-Sea,1915.0,2022,1877.0,9011.0,-1082.0,10093.0,1898.0,1198.0,700.0,38.0,1.0,180810
E06000033,Southend-on-Sea,1816.0,2023,2016.0,9693.0,94.0,9599.0,2635.0,2084.0,551.0,-200.0,-17.0,182771
E06000033,Southend-on-Sea,1784.0,2024,1917.0,10129.0,572.0,9557.0,2668.0,2032.0,636.0,-133.0,14.0,185256
E06000034,Thurrock,,2011,,,,,,,,,,158268
E06000034,Thurrock,2441.0,2012,1168.0,7056.0,48.0,7008.0,1067.0,300.0,767.0,1273.0,137.0,160026
E06000034,Thurrock,2352.0,2013,1150.0,6868.0,-193.0,7061.0,1113.0,488.0,625.0,1202.0,179.0,161702
E06000034,Thurrock,2359.0,2014,1154.0,7995.0,718.0,7277.0,1415.0,665.0,750.0,1205.0,161.0,164451
E06000034,Thurrock,2453.0,2015,1226.0,7943.0,15.0,7928.0,1665.0,796.0,869.0,1227.0,133.0,166622
E06000034,Thurrock,2514.0,2016,1201.0,7804.0,141.0,7663.0,1894.0,781.0,1113.0,1313.0,120.0,168977
E06000034,Thurrock,2463.0,2017,1293.0,10060.0,86.0,9974.0,1651.0,589.0,1062.0,1170.0,144.0,170966
E06000034,Thurrock,2484.0,2018,1296.0,9906.0,146.0,9760.0,1776.0,651.0,1125.0,1188.0,162.0,173113
E06000034,Thurrock,2417.0,2019,1163.0,10143.0,-65.0,10208.0,1806.0,450.0,1356.0,1254.0,172.0,174924
E06000034,Thurrock,2433.0,2020,1488.0,8762.0,-273.0,9035.0,1378.0,30.0,1348.0,945.0,177.0,175803
E06000034,Thurrock,2221.0,2021,1387.0,9620.0,-1305.0,10925.0,1496.0,330.0,1166.0,834.0,271.0,175933
E06000034,Thurrock,2312.0,2022,1370.0,9623.0,-943.0,10566.0,2205.0,849.0,1356.0,942.0,-3.0,176778
E06000034,Thurrock,2156.0,2023,1345.0,10034.0,-159.0,10193.0,2782.0,1844.0,938.0,811.0,6.0,179280
E06000034,Thurrock,2138.0,2024,1254.0,9982.0,-601.0,10583.0,2564.0,1433.0,1131.0,884.0,-7.0,180989
E06000035,Medway,,2011,,,,,,,,,,264885
E06000035,Medway,3643.0,2012,2104.0,13028.0,1520.0,11508.0,1783.0,310.0,1473.0,1539.0,-110.0,268144
E06000035,Medway,3512.0,2013,2080.0,12967.0,960.0,12007.0,1823.0,516.0,1307.0,1432.0,32.0,271084
E06000035,Medway,3605.0,2014,2098.0,14104.0,646.0,13458.0,2150.0,766.0,1384.0,1507.0,-26.0,273977
E06000035,Medway,3580.0,2015,2378.0,13821.0,102.0,13719.0,2296.0,864.0,1432.0,1202.0,-108.0,276037
E06000035,Medway,3640.0,2016,2182.0,13400.0,-872.0,14272.0,2402.0,978.0,1424.0,1458.0,-97.0,277504
E06000035,Medway,3644.0,2017,2190.0,14097.0,-808.0,14905.0,2134.0,685.0,1449.0,1454.0,-183.0,278652
E06000035,Medway,3456.0,2018,2342.0,13708.0,-1275.0,14983.0,2109.0,503.0,1606.0,1114.0,-167.0,278827
E06000035,Medway,3486.0,2019,2294.0,13975.0,-684.0,14659.0,2363.0,739.0,1624.0,1192.0,-222.0,279852
E06000035,Medway,3341.0,2020,2406.0,13145.0,-379.0,13524.0,2161.0,187.0,1974.0,935.0,-231.0,280364
E06000035,Medway,3137.0,2021,2744.0,14993.0,-1203.0,16196.0,2311.0,757.0,1554.0,393.0,-408.0,279903
E06000035,Medway,3361.0,2022,2425.0,15736.0,-100.0,15836.0,3522.0,2115.0,1407.0,936.0,-104.0,282750
E06000035,Medway,3254.0,2023,2557.0,15468.0,9.0,15459.0,5850.0,4570.0,1280.0,697.0,-23.0,288003
E06000035,Medway,3202.0,2024,2504.0,15814.0,-12.0,15826.0,5510.0,3939.0,1571.0,698.0,27.0,292655
E06000036,Bracknell Forest,,2011,,,,,,,,,,113696
E06000036,Bracknell Forest,1599.0,2012,746.0,6893.0,251.0,6642.0,865.0,208.0,657.0,853.0,92.0,115100
E06000036,Bracknell Forest,1534.0,2013,707.0,7404.0,257.0,7147.0,850.0,201.0,649.0,827.0,167.0,116552
E06000036,Bracknell Forest,1495.0,2014,671.0,7459.0,163.0,7296.0,1013.0,259.0,754.0,824.0,181.0,117979
E06000036,Bracknell Forest,1487.0,2015,754.0,7411.0,-48.0,7459.0,1021.0,258.0,763.0,733.0,156.0,119078
E06000036,Bracknell Forest,1448.0,2016,703.0,7009.0,-944.0,7953.0,1146.0,406.0,740.0,745.0,268.0,119553
E06000036,Bracknell Forest,1375.0,2017,714.0,7194.0,-592.0,7786.0,1031.0,191.0,840.0,661.0,351.0,120164
E06000036,Bracknell Forest,1430.0,2018,730.0,7164.0,-117.0,7281.0,1057.0,195.0,862.0,700.0,104.0,121046
E06000036,Bracknell Forest,1350.0,2019,760.0,7254.0,-333.0,7587.0,994.0,78.0,916.0,590.0,279.0,121660
E06000036,Bracknell Forest,1382.0,2020,813.0,7285.0,745.0,6540.0,760.0,-114.0,874.0,569.0,328.0,123188
E06000036,Bracknell Forest,1378.0,2021,812.0,9527.0,1146.0,8381.0,926.0,59.0,867.0,566.0,236.0,125195
E06000036,Bracknell Forest,1458.0,2022,880.0,8488.0,497.0,7991.0,1512.0,865.0,647.0,578.0,25.0,127160
E06000036,Bracknell Forest,1349.0,2023,860.0,8386.0,329.0,8057.0,1786.0,1223.0,563.0,489.0,-102.0,129099
E06000036,Bracknell Forest,1313.0,2024,859.0,8350.0,302.0,8048.0,1565.0,955.0,610.0,454.0,-4.0,130806
E06000037,West Berkshire,,2011,,,,,,,,,,154148
E06000037,West Berkshire,1931.0,2012,1107.0,8621.0,-151.0,8772.0,926.0,113.0,813.0,824.0,238.0,155172
E06000037,West Berkshire,1851.0,2013,1203.0,8937.0,380.0,8557.0,961.0,190.0,771.0,648.0,399.0,156789
E06000037,West Berkshire,1795.0,2014,1134.0,9167.0,-453.0,9620.0,1096.0,324.0,772.0,661.0,342.0,157663
E06000037,West Berkshire,1782.0,2015,1228.0,9381.0,-19.0,9400.0,1198.0,359.0,839.0,554.0,338.0,158895
E06000037,West Berkshire,1761.0,2016,1187.0,9423.0,166.0,9257.0,1351.0,494.0,857.0,574.0,422.0,160551
E06000037,West Berkshire,1690.0,2017,1236.0,8929.0,-896.0,9825.0,1148.0,237.0,911.0,454.0,383.0,160729
E06000037,West Berkshire,1686.0,2018,1214.0,8652.0,-718.0,9370.0,1135.0,61.0,1074.0,472.0,409.0,160953
E06000037,West Berkshire,1545.0,2019,1172.0,8799.0,-744.0,9543.0,1026.0,-120.0,1146.0,373.0,421.0,160883
E06000037,West Berkshire,1544.0,2020,1390.0,7869.0,-289.0,8158.0,752.0,-144.0,896.0,154.0,422.0,161026
E06000037,West Berkshire,1446.0,2021,1329.0,10706.0,274.0,10432.0,817.0,-74.0,891.0,117.0,521.0,161864
E06000037,West Berkshire,1495.0,2022,1411.0,9167.0,-267.0,9434.0,1520.0,822.0,698.0,84.0,-19.0,162484
E06000037,West Berkshire,1486.0,2023,1420.0,9494.0,398.0,9096.0,1821.0,1221.0,600.0,66.0,20.0,164189
E06000037,West Berkshire,1421.0,2024,1409.0,9208.0,139.0,9069.0,1380.0,748.0,632.0,12.0,24.0,165112
E06000038,Reading,,2011,,,,,,,,,,155339
E06000038,Reading,2577.0,2012,1077.0,13222.0,-785.0,14007.0,4350.0,1559.0,2791.0,1500.0,1452.0,159065
E06000038,Reading,2725.0,2013,1153.0,14160.0,-815.0,14975.0,4433.0,1804.0,2629.0,1572.0,1463.0,163089
E06000038,Reading,2627.0,2014,1014.0,13800.0,-1931.0,15731.0,5191.0,2282.0,2909.0,1613.0,1247.0,166300
E06000038,Reading,2492.0,2015,1115.0,14166.0,-2410.0,16576.0,5591.0,2641.0,2950.0,1377.0,1312.0,169220
E06000038,Reading,2532.0,2016,1064.0,13967.0,-3046.0,17013.0,5837.0,2915.0,2922.0,1468.0,1193.0,171750
E06000038,Reading,2457.0,2017,1200.0,13602.0,-2960.0,16562.0,5271.0,1895.0,3376.0,1257.0,1105.0,173047
E06000038,Reading,2290.0,2018,1082.0,13655.0,-2868.0,16523.0,5506.0,2057.0,3449.0,1208.0,1040.0,174484
E06000038,Reading,2168.0,2019,1069.0,13999.0,-3769.0,17768.0,5593.0,1385.0,4208.0,1099.0,1089.0,174288
E06000038,Reading,2125.0,2020,1321.0,12913.0,-3213.0,16126.0,4443.0,885.0,3558.0,804.0,1115.0,173879
E06000038,Reading,2002.0,2021,1207.0,14834.0,-4266.0,19100.0,4344.0,1615.0,2729.0,795.0,1348.0,173371
E06000038,Reading,2006.0,2022,1211.0,14572.0,-2373.0,16945.0,6858.0,4394.0,2464.0,795.0,-9.0,176178
E06000038,Reading,2064.0,2023,1194.0,14715.0,-3229.0,17944.0,8414.0,6054.0,2360.0,870.0,-10.0,179863
E06000038,Reading,1965.0,2024,1190.0,15873.0,-3226.0,19099.0,7927.0,5504.0,2423.0,775.0,-9.0,182907
E06000039,Slough,,2011,,,,,,,,,,140713
E06000039,Slough,2739.0,2012,785.0,6779.0,-1288.0,8067.0,2840.0,1040.0,1800.0,1954.0,676.0,143095
E06000039,Slough,2659.0,2013,805.0,6666.0,-1749.0,8415.0,2637.0,992.0,1645.0,1854.0,688.0,144880
E06000039,Slough,2618.0,2014,730.0,7308.0,-1507.0,8815.0,3093.0,1321.0,1772.0,1888.0,731.0,147313
E06000039,Slough,2566.0,2015,815.0,7772.0,-1440.0,9212.0,3508.0,1746.0,1762.0,1751.0,734.0,150104
E06000039,Slough,2652.0,2016,847.0,7899.0,-1819.0,9718.0,3707.0,1690.0,2017.0,1805.0,785.0,152565
E06000039,Slough,2591.0,2017,818.0,8631.0,-1647.0,10278.0,3029.0,1098.0,1931.0,1773.0,784.0,154573
E06000039,Slough,2447.0,2018,858.0,7975.0,-2282.0,10257.0,3235.0,1292.0,1943.0,1589.0,743.0,155915
E06000039,Slough,2378.0,2019,804.0,8170.0,-1965.0,10135.0,3591.0,1368.0,2223.0,1574.0,740.0,157632
E06000039,Slough,2367.0,2020,972.0,7350.0,-1698.0,9048.0,2873.0,290.0,2583.0,1395.0,662.0,158281
E06000039,Slough,2183.0,2021,954.0,8586.0,-2775.0,11361.0,3296.0,1054.0,2242.0,1229.0,659.0,158448
E06000039,Slough,2176.0,2022,932.0,8713.0,-2661.0,11374.0,4568.0,2705.0,1863.0,1244.0,-4.0,159732
E06000039,Slough,2289.0,2023,914.0,9211.0,-2658.0,11869.0,6797.0,5504.0,1293.0,1375.0,-13.0,163940
E06000039,Slough,2379.0,2024,910.0,10102.0,-2972.0,13074.0,6557.0,4932.0,1625.0,1469.0,-10.0,167359
E06000040,Windsor and Maidenhead,,2011,,,,,,,,,,145098
E06000040,Windsor and Maidenhead,1877.0,2012,1208.0,9710.0,311.0,9399.0,1545.0,221.0,1324.0,669.0,343.0,146642
E06000040,Windsor and Maidenhead,1702.0,2013,1200.0,9607.0,-424.0,10031.0,1564.0,297.0,1267.0,502.0,508.0,147525
E06000040,Windsor and Maidenhead,1696.0,2014,1170.0,10428.0,227.0,10201.0,1618.0,158.0,1460.0,526.0,500.0,148936
E06000040,Windsor and Maidenhead,1649.0,2015,1291.0,10449.0,-193.0,10642.0,1738.0,314.0,1424.0,358.0,628.0,150043
E06000040,Windsor and Maidenhead,1705.0,2016,1217.0,10747.0,445.0,10302.0,1979.0,511.0,1468.0,488.0,598.0,152085
E06000040,Windsor and Maidenhead,1676.0,2017,1233.0,10149.0,-573.0,10722.0,1712.0,81.0,1631.0,443.0,612.0,152648
E06000040,Windsor and Maidenhead,1623.0,2018,1272.0,10227.0,-85.0,10312.0,1771.0,-21.0,1792.0,351.0,577.0,153470
E06000040,Windsor and Maidenhead,1554.0,2019,1312.0,10154.0,-136.0,10290.0,1648.0,-288.0,1936.0,242.0,605.0,153893
E06000040,Windsor and Maidenhead,1492.0,2020,1508.0,9304.0,-323.0,9627.0,1309.0,-277.0,1586.0,-16.0,714.0,153991
E06000040,Windsor and Maidenhead,1449.0,2021,1278.0,11511.0,-1006.0,12517.0,1512.0,-24.0,1536.0,171.0,790.0,153922
E06000040,Windsor and Maidenhead,1421.0,2022,1347.0,11108.0,-152.0,11260.0,2321.0,1194.0,1127.0,74.0,31.0,155069
E06000040,Windsor and Maidenhead,1366.0,2023,1420.0,11202.0,274.0,10928.0,3000.0,1947.0,1053.0,-54.0,-62.0,157174
E06000040,Windsor and Maidenhead,1353.0,2024,1309.0,11130.0,313.0,10817.0,2632.0,1465.0,1167.0,44.0,-53.0,158943
E06000041,Wokingham,,2011,,,,,,,,,,154943
E06000041,Wokingham,1967.0,2012,1056.0,11220.0,830.0,10390.0,1259.0,54.0,1205.0,911.0,300.0,157038
E06000041,Wokingham,1912.0,2013,1202.0,11100.0,331.0,10769.0,1204.0,58.0,1146.0,710.0,235.0,158372
E06000041,Wokingham,1770.0,2014,1117.0,11263.0,-96.0,11359.0,1547.0,305.0,1242.0,653.0,342.0,159576
E06000041,Wokingham,1744.0,2015,1190.0,12390.0,998.0,11392.0,1745.0,395.0,1350.0,554.0,250.0,161773
E06000041,Wokingham,1886.0,2016,1193.0,12194.0,590.0,11604.0,2003.0,589.0,1414.0,693.0,152.0,163797
E06000041,Wokingham,1785.0,2017,1167.0,12047.0,583.0,11464.0,1757.0,237.0,1520.0,618.0,429.0,165664
E06000041,Wokingham,1702.0,2018,1167.0,12765.0,1790.0,10975.0,1936.0,295.0,1641.0,535.0,450.0,168734
E06000041,Wokingham,1769.0,2019,1133.0,13024.0,1772.0,11252.0,1988.0,205.0,1783.0,636.0,442.0,171789
E06000041,Wokingham,1685.0,2020,1397.0,12316.0,2226.0,10090.0,1550.0,-90.0,1640.0,288.0,495.0,174708
E06000041,Wokingham,1711.0,2021,1234.0,15110.0,2164.0,12946.0,1591.0,297.0,1294.0,477.0,585.0,178231
E06000041,Wokingham,1794.0,2022,1353.0,12881.0,982.0,11899.0,2996.0,1667.0,1329.0,441.0,-3.0,181318
E06000041,Wokingham,1635.0,2023,1423.0,12756.0,575.0,12181.0,3634.0,2442.0,1192.0,212.0,14.0,184561
E06000041,Wokingham,1726.0,2024,1248.0,12919.0,446.0,12473.0,2900.0,1729.0,1171.0,478.0,-14.0,187200
E06000042,Milton Keynes,,2011,,,,,,,,,,249895
E06000042,Milton Keynes,3947.0,2012,1595.0,11593.0,562.0,11031.0,2576.0,588.0,1988.0,2352.0,606.0,254003
E06000042,Milton Keynes,3861.0,2013,1701.0,12240.0,1694.0,10546.0,2887.0,1087.0,1800.0,2160.0,728.0,259672
E06000042,Milton Keynes,3814.0,2014,1617.0,12501.0,737.0,11764.0,3619.0,1616.0,2003.0,2197.0,726.0,264948
E06000042,Milton Keynes,3740.0,2015,1790.0,12126.0,140.0,11986.0,4183.0,2080.0,2103.0,1950.0,665.0,269783
E06000042,Milton Keynes,3782.0,2016,1726.0,12044.0,-883.0,12927.0,4676.0,2506.0,2170.0,2056.0,769.0,274231
E06000042,Milton Keynes,3531.0,2017,1770.0,13760.0,-1803.0,15563.0,3902.0,1430.0,2472.0,1761.0,969.0,276588
E06000042,Milton Keynes,3542.0,2018,1865.0,13751.0,-1158.0,14909.0,3730.0,883.0,2847.0,1677.0,902.0,278892
E06000042,Milton Keynes,3371.0,2019,1801.0,13769.0,-799.0,14568.0,3760.0,749.0,3011.0,1570.0,1022.0,281434
E06000042,Milton Keynes,3223.0,2020,2048.0,12531.0,-197.0,12728.0,3137.0,110.0,3027.0,1175.0,1185.0,283707
E06000042,Milton Keynes,3297.0,2021,1908.0,16598.0,1187.0,15411.0,3475.0,891.0,2584.0,1389.0,1138.0,288312
E06000042,Milton Keynes,3181.0,2022,1973.0,15001.0,-153.0,15154.0,5412.0,3152.0,2260.0,1208.0,65.0,292584
E06000042,Milton Keynes,3128.0,2023,2045.0,16132.0,1095.0,15037.0,7342.0,5425.0,1917.0,1083.0,-14.0,300173
E06000042,Milton Keynes,3215.0,2024,1987.0,15676.0,351.0,15325.0,6524.0,4289.0,2235.0,1228.0,-157.0,305884
E06000043,Brighton and Hove,,2011,,,,,,,,,,272952
E06000043,Brighton and Hove,3205.0,2012,2124.0,21136.0,-1133.0,22269.0,5947.0,1621.0,4326.0,1081.0,-470.0,274051
E06000043,Brighton and Hove,3096.0,2013,2121.0,20426.0,-1092.0,21518.0,6191.0,2004.0,4187.0,975.0,-444.0,275494
E06000043,Brighton and Hove,2958.0,2014,1943.0,21124.0,-1974.0,23098.0,6700.0,1957.0,4743.0,1015.0,-493.0,275999
E06000043,Brighton and Hove,2989.0,2015,2124.0,22633.0,-874.0,23507.0,6539.0,1953.0,4586.0,865.0,-592.0,277351
E06000043,Brighton and Hove,2935.0,2016,2115.0,23195.0,-580.0,23775.0,7355.0,2916.0,4439.0,820.0,-711.0,279796
E06000043,Brighton and Hove,2747.0,2017,2241.0,24466.0,-1427.0,25893.0,6607.0,1511.0,5096.0,506.0,-886.0,279500
E06000043,Brighton and Hove,2630.0,2018,2207.0,25799.0,612.0,25187.0,6731.0,1710.0,5021.0,423.0,-995.0,281250
E06000043,Brighton and Hove,2436.0,2019,2127.0,24721.0,-2082.0,26803.0,7119.0,1564.0,5555.0,309.0,-1121.0,279920
E06000043,Brighton and Hove,2379.0,2020,2250.0,22934.0,-1885.0,24819.0,5883.0,1391.0,4492.0,129.0,-1059.0,278496
E06000043,Brighton and Hove,2213.0,2021,2239.0,26402.0,-2416.0,28818.0,4066.0,1509.0,2557.0,-26.0,-1109.0,276454
E06000043,Brighton and Hove,2257.0,2022,2177.0,25383.0,-1423.0,26806.0,6643.0,2893.0,3750.0,80.0,-4.0,278000
E06000043,Brighton and Hove,2054.0,2023,2216.0,26031.0,-557.0,26588.0,7516.0,3853.0,3663.0,-162.0,1.0,281135
E06000043,Brighton and Hove,2108.0,2024,2018.0,25933.0,-905.0,26838.0,7157.0,3568.0,3589.0,90.0,-18.0,283870
E06000044,Portsmouth,,2011,,,,,,,,,,205433
E06000044,Portsmouth,2724.0,2012,1598.0,13507.0,-1301.0,14808.0,2912.0,769.0,2143.0,1126.0,-298.0,205729
E06000044,Portsmouth,2755.0,2013,1733.0,12807.0,-1639.0,14446.0,3235.0,1234.0,2001.0,1022.0,-441.0,205905
E06000044,Portsmouth,2718.0,2014,1672.0,13542.0,-1476.0,15018.0,3417.0,1106.0,2311.0,1046.0,-381.0,206200
E06000044,Portsmouth,2726.0,2015,1780.0,14519.0,-351.0,14870.0,3818.0,1550.0,2268.0,946.0,-472.0,207873
E06000044,Portsmouth,2642.0,2016,1702.0,14356.0,-161.0,14517.0,3988.0,1724.0,2264.0,940.0,-425.0,209951
E06000044,Portsmouth,2496.0,2017,1787.0,15848.0,31.0,15817.0,3517.0,1086.0,2431.0,709.0,-812.0,210965
E06000044,Portsmouth,2428.0,2018,1777.0,15369.0,-894.0,16263.0,3727.0,1372.0,2355.0,651.0,-879.0,211215
E06000044,Portsmouth,2287.0,2019,1744.0,15309.0,-2019.0,17328.0,4330.0,1627.0,2703.0,543.0,-954.0,210412
E06000044,Portsmouth,2302.0,2020,1783.0,13738.0,-1905.0,15643.0,4552.0,1491.0,3061.0,519.0,-1375.0,209142
E06000044,Portsmouth,2262.0,2021,1901.0,14306.0,-3627.0,17933.0,3985.0,2251.0,1734.0,361.0,-1008.0,207119
E06000044,Portsmouth,2080.0,2022,1787.0,13408.0,-2498.0,15906.0,6670.0,4533.0,2137.0,293.0,152.0,209599
E06000044,Portsmouth,2172.0,2023,1893.0,14359.0,-3092.0,17451.0,8822.0,7038.0,1784.0,279.0,152.0,213976
E06000044,Portsmouth,2104.0,2024,1687.0,12765.0,-5519.0,18284.0,7864.0,5389.0,2475.0,417.0,58.0,214321
E06000045,Southampton,,2011,,,,,,,,,,235870
E06000045,Southampton,3438.0,2012,1831.0,18339.0,-638.0,18977.0,5366.0,1523.0,3843.0,1607.0,-265.0,238097
E06000045,Southampton,3328.0,2013,1900.0,17558.0,-2181.0,19739.0,5913.0,2361.0,3552.0,1428.0,-221.0,239484
E06000045,Southampton,3290.0,2014,1780.0,17731.0,-2608.0,20339.0,6851.0,3228.0,3623.0,1510.0,-384.0,241230
E06000045,Southampton,3337.0,2015,1838.0,19760.0,-896.0,20656.0,7289.0,3353.0,3936.0,1499.0,-520.0,244666
E06000045,Southampton,3246.0,2016,1831.0,19588.0,-735.0,20323.0,7928.0,3960.0,3968.0,1415.0,-644.0,248662
E06000045,Southampton,3148.0,2017,1950.0,20223.0,-1156.0,21379.0,7105.0,2547.0,4558.0,1198.0,-759.0,250492
E06000045,Southampton,3083.0,2018,1966.0,19349.0,-2508.0,21857.0,7155.0,2652.0,4503.0,1117.0,-950.0,250803
E06000045,Southampton,2951.0,2019,1843.0,18921.0,-3583.0,22504.0,7575.0,2303.0,5272.0,1108.0,-1203.0,249428
E06000045,Southampton,2873.0,2020,1991.0,16907.0,-3598.0,20505.0,8275.0,3231.0,5044.0,882.0,-1264.0,248679
E06000045,Southampton,2750.0,2021,1951.0,17956.0,-5083.0,23039.0,7404.0,4548.0,2856.0,799.0,-1271.0,247672
E06000045,Southampton,2754.0,2022,2029.0,18846.0,-1565.0,20411.0,9295.0,5379.0,3916.0,725.0,-33.0,252178
E06000045,Southampton,2624.0,2023,2023.0,17950.0,-3042.0,20992.0,12207.0,7632.0,4575.0,601.0,18.0,257387
E06000045,Southampton,2557.0,2024,1990.0,18088.0,-3050.0,21138.0,11270.0,4510.0,6760.0,567.0,10.0,259424
E06000046,Isle of Wight,,2011,,,,,,,,,,138392
E06000046,Isle of Wight,1343.0,2012,1690.0,5063.0,705.0,4358.0,460.0,25.0,435.0,-347.0,-143.0,138632
E06000046,Isle of Wight,1269.0,2013,1883.0,4842.0,628.0,4214.0,446.0,51.0,395.0,-614.0,-551.0,138146
E06000046,Isle of Wight,1292.0,2014,1578.0,5640.0,1144.0,4496.0,513.0,86.0,427.0,-286.0,-191.0,138899
E06000046,Isle of Wight,1323.0,2015,1787.0,5551.0,1066.0,4485.0,469.0,43.0,426.0,-464.0,-228.0,139316
E06000046,Isle of Wight,1218.0,2016,1748.0,5505.0,961.0,4544.0,554.0,124.0,430.0,-530.0,-221.0,139650
E06000046,Isle of Wight,1209.0,2017,1844.0,7540.0,2574.0,4966.0,488.0,-11.0,499.0,-635.0,-301.0,141277
E06000046,Isle of Wight,1130.0,2018,1849.0,6844.0,1328.0,5516.0,508.0,27.0,481.0,-719.0,-248.0,141665
E06000046,Isle of Wight,1111.0,2019,1781.0,6553.0,1114.0,5439.0,472.0,-16.0,488.0,-670.0,-329.0,141764
E06000046,Isle of Wight,986.0,2020,1934.0,5356.0,397.0,4959.0,445.0,-89.0,534.0,-948.0,-209.0,140915
E06000046,Isle of Wight,1005.0,2021,2056.0,6692.0,1666.0,5026.0,480.0,2.0,478.0,-1051.0,-647.0,140885
E06000046,Isle of Wight,999.0,2022,1878.0,4988.0,255.0,4733.0,750.0,396.0,354.0,-879.0,99.0,140756
E06000046,Isle of Wight,974.0,2023,2063.0,4958.0,719.0,4239.0,1031.0,678.0,353.0,-1089.0,217.0,141281
E06000046,Isle of Wight,924.0,2024,1801.0,4895.0,660.0,4235.0,947.0,585.0,362.0,-877.0,11.0,141660
E06000047,County Durham,,2011,,,,,,,,,,512994
E06000047,County Durham,5717.0,2012,5209.0,17957.0,58.0,17899.0,2699.0,308.0,2391.0,508.0,-746.0,513122
E06000047,County Durham,5598.0,2013,5641.0,18246.0,230.0,18016.0,2829.0,636.0,2193.0,-43.0,-766.0,513179
E06000047,County Durham,5397.0,2014,5185.0,19377.0,676.0,18701.0,2871.0,419.0,2452.0,212.0,-882.0,513604
E06000047,County Durham,5293.0,2015,5578.0,19982.0,924.0,19058.0,3044.0,640.0,2404.0,-285.0,-959.0,513924
E06000047,County Durham,5341.0,2016,5526.0,19501.0,887.0,18614.0,3169.0,683.0,2486.0,-185.0,-878.0,514431
E06000047,County Durham,5156.0,2017,5725.0,24546.0,2750.0,21796.0,2985.0,379.0,2606.0,-569.0,-1080.0,515911
E06000047,County Durham,4987.0,2018,5784.0,25003.0,2552.0,22451.0,2911.0,260.0,2651.0,-797.0,-1278.0,516648
E06000047,County Durham,4835.0,2019,5440.0,28256.0,3541.0,24715.0,3654.0,650.0,3004.0,-605.0,-1672.0,518562
E06000047,County Durham,4692.0,2020,6580.0,25844.0,3018.0,22826.0,4011.0,1277.0,2734.0,-1888.0,-1765.0,519204
E06000047,County Durham,4598.0,2021,6092.0,29440.0,4007.0,25433.0,3077.0,1541.0,1536.0,-1494.0,-1811.0,521447
E06000047,County Durham,4625.0,2022,6354.0,29571.0,5092.0,24479.0,4879.0,2928.0,1951.0,-1729.0,17.0,527755
E06000047,County Durham,4392.0,2023,6457.0,29099.0,4513.0,24586.0,5959.0,3677.0,2282.0,-2065.0,117.0,533997
E06000047,County Durham,4541.0,2024,6137.0,27750.0,2373.0,25377.0,6038.0,3212.0,2826.0,-1596.0,25.0,538011
E06000049,Cheshire East,,2011,,,,,,,,,,370736
E06000049,Cheshire East,4065.0,2012,3561.0,15608.0,893.0,14715.0,1619.0,135.0,1484.0,504.0,233.0,372501
E06000049,Cheshire East,3871.0,2013,3757.0,14798.0,583.0,14215.0,1908.0,395.0,1513.0,114.0,363.0,373956
E06000049,Cheshire East,3849.0,2014,3481.0,16398.0,1374.0,15024.0,2099.0,547.0,1552.0,368.0,329.0,376574
E06000049,Cheshire East,3731.0,2015,3882.0,16498.0,1204.0,15294.0,2182.0,541.0,1641.0,-151.0,343.0,378511
E06000049,Cheshire East,3890.0,2016,3843.0,16835.0,1467.0,15368.0,2632.0,996.0,1636.0,47.0,393.0,381414
E06000049,Cheshire East,3772.0,2017,3860.0,18566.0,2198.0,16368.0,2128.0,318.0,1810.0,-88.0,379.0,384221
E06000049,Cheshire East,3835.0,2018,4213.0,18576.0,2501.0,16075.0,2185.0,109.0,2076.0,-378.0,438.0,386891
E06000049,Cheshire East,3562.0,2019,3890.0,19256.0,3547.0,15709.0,2042.0,-91.0,2133.0,-328.0,537.0,390556
E06000049,Cheshire East,3629.0,2020,4664.0,17350.0,3460.0,13890.0,1921.0,-309.0,2230.0,-1035.0,531.0,393203
E06000049,Cheshire East,3578.0,2021,3940.0,23665.0,7108.0,16557.0,2059.0,-108.0,2167.0,-362.0,633.0,400474
E06000049,Cheshire East,3730.0,2022,4347.0,21049.0,4908.0,16141.0,3763.0,2300.0,1463.0,-617.0,18.0,407083
E06000049,Cheshire East,3669.0,2023,4621.0,20806.0,4961.0,15845.0,5190.0,3693.0,1497.0,-952.0,51.0,414836
E06000049,Cheshire East,3603.0,2024,4324.0,20058.0,4323.0,15735.0,4470.0,2884.0,1586.0,-721.0,-24.0,421298
E06000050,Cheshire West and Chester,,2011,,,,,,,,,,329526
E06000050,Cheshire West and Chester,3756.0,2012,3313.0,14392.0,242.0,14150.0,1497.0,116.0,1381.0,443.0,904.0,331231
E06000050,Cheshire West and Chester,3631.0,2013,3288.0,14326.0,684.0,13642.0,1717.0,447.0,1270.0,343.0,771.0,333476
E06000050,Cheshire West and Chester,3567.0,2014,3103.0,15954.0,878.0,15076.0,2043.0,603.0,1440.0,464.0,1016.0,336437
E06000050,Cheshire West and Chester,3521.0,2015,3366.0,16275.0,1283.0,14992.0,2114.0,464.0,1650.0,155.0,842.0,339181
E06000050,Cheshire West and Chester,3573.0,2016,3430.0,17001.0,1984.0,15017.0,1968.0,347.0,1621.0,143.0,769.0,342424
E06000050,Cheshire West and Chester,3525.0,2017,3504.0,18310.0,2523.0,15787.0,1968.0,265.0,1703.0,21.0,807.0,346040
E06000050,Cheshire West and Chester,3429.0,2018,3403.0,18959.0,3033.0,15926.0,1967.0,68.0,1899.0,26.0,909.0,350076
E06000050,Cheshire West and Chester,3331.0,2019,3447.0,18653.0,2381.0,16272.0,1893.0,-45.0,1938.0,-116.0,1066.0,353362
E06000050,Cheshire West and Chester,3321.0,2020,3899.0,16085.0,1055.0,15030.0,1886.0,-118.0,2004.0,-578.0,1017.0,354738
E06000050,Cheshire West and Chester,3263.0,2021,3664.0,19398.0,1575.0,17823.0,2088.0,518.0,1570.0,-401.0,1300.0,357730
E06000050,Cheshire West and Chester,3330.0,2022,3666.0,18977.0,2368.0,16609.0,3669.0,2306.0,1363.0,-336.0,8.0,362076
E06000050,Cheshire West and Chester,3092.0,2023,3953.0,19176.0,2265.0,16911.0,4551.0,3254.0,1297.0,-861.0,-69.0,366665
E06000050,Cheshire West and Chester,3116.0,2024,3814.0,19076.0,2652.0,16424.0,4512.0,3107.0,1405.0,-698.0,-74.0,371652
E06000051,Shropshire,,2011,,,,,,,,,,307108
E06000051,Shropshire,2950.0,2012,3133.0,12891.0,1288.0,11603.0,961.0,0.0,961.0,-183.0,-292.0,307921
E06000051,Shropshire,2835.0,2013,3268.0,12409.0,1415.0,10994.0,1030.0,106.0,924.0,-433.0,-828.0,308181
E06000051,Shropshire,2838.0,2014,3092.0,13843.0,1873.0,11970.0,1145.0,211.0,934.0,-254.0,-575.0,309436
E06000051,Shropshire,2786.0,2015,3280.0,13692.0,1827.0,11865.0,1270.0,249.0,1021.0,-494.0,-267.0,310751
E06000051,Shropshire,2905.0,2016,3420.0,13813.0,2522.0,11291.0,1300.0,273.0,1027.0,-515.0,-195.0,312836
E06000051,Shropshire,2898.0,2017,3573.0,15972.0,3267.0,12705.0,1247.0,109.0,1138.0,-675.0,-305.0,315232
E06000051,Shropshire,2742.0,2018,3643.0,15500.0,3185.0,12315.0,1212.0,-75.0,1287.0,-901.0,-329.0,317112
E06000051,Shropshire,2587.0,2019,3415.0,16134.0,3809.0,12325.0,1109.0,-156.0,1265.0,-828.0,-208.0,319729
E06000051,Shropshire,2611.0,2020,3886.0,14268.0,2846.0,11422.0,1092.0,-281.0,1373.0,-1275.0,35.0,321054
E06000051,Shropshire,2588.0,2021,3695.0,18171.0,4867.0,13304.0,1032.0,-211.0,1243.0,-1107.0,66.0,324669
E06000051,Shropshire,2637.0,2022,3860.0,15913.0,2788.0,13125.0,2048.0,1148.0,900.0,-1223.0,-30.0,327352
E06000051,Shropshire,2493.0,2023,4160.0,14962.0,2561.0,12401.0,2384.0,1555.0,829.0,-1667.0,-243.0,329558
E06000051,Shropshire,2454.0,2024,3869.0,15228.0,2692.0,12536.0,2480.0,1647.0,833.0,-1415.0,-27.0,332455
E06000052,Cornwall,,2011,,,,,,,,,,533760
E06000052,Cornwall,5831.0,2012,5814.0,23754.0,4298.0,19456.0,2153.0,101.0,2052.0,17.0,-765.0,537411
E06000052,Cornwall,5639.0,2013,6101.0,22088.0,3129.0,18959.0,2377.0,430.0,1947.0,-462.0,-447.0,540061
E06000052,Cornwall,5430.0,2014,5729.0,24179.0,4275.0,19904.0,2530.0,325.0,2205.0,-299.0,-584.0,543778
E06000052,Cornwall,5417.0,2015,6182.0,24139.0,4925.0,19214.0,2505.0,280.0,2225.0,-765.0,-884.0,547334
E06000052,Cornwall,5377.0,2016,6151.0,24717.0,4834.0,19883.0,2919.0,619.0,2300.0,-774.0,-810.0,551203
E06000052,Cornwall,5189.0,2017,6259.0,28785.0,7727.0,21058.0,2601.0,115.0,2486.0,-1070.0,-1054.0,556921
E06000052,Cornwall,5146.0,2018,6762.0,27526.0,6051.0,21475.0,2446.0,-249.0,2695.0,-1616.0,-1146.0,559961
E06000052,Cornwall,4872.0,2019,6152.0,28280.0,6666.0,21614.0,2400.0,-454.0,2854.0,-1280.0,-1198.0,563695
E06000052,Cornwall,4716.0,2020,6505.0,24743.0,4487.0,20256.0,1970.0,-434.0,2404.0,-1789.0,-914.0,565045
E06000052,Cornwall,4671.0,2021,6459.0,31628.0,10031.0,21597.0,1889.0,-6.0,1895.0,-1788.0,-1334.0,571948
E06000052,Cornwall,4707.0,2022,6968.0,26379.0,5207.0,21172.0,2724.0,783.0,1941.0,-2261.0,-86.0,575591
E06000052,Cornwall,4456.0,2023,7275.0,25978.0,5322.0,20656.0,3434.0,1607.0,1827.0,-2819.0,-320.0,579381
E06000052,Cornwall,4241.0,2024,6833.0,25065.0,5117.0,19948.0,3186.0,1352.0,1834.0,-2592.0,31.0,583289
E06000053,Isles of Scilly,,2011,,,,,,,,,,2224
E06000053,Isles of Scilly,11.0,2012,16.0,223.0,37.0,186.0,8.0,4.0,4.0,-5.0,-11.0,2249
E06000053,Isles of Scilly,25.0,2013,26.0,180.0,-29.0,209.0,0.0,-3.0,3.0,-1.0,-2.0,2214
E06000053,Isles of Scilly,22.0,2014,15.0,210.0,-10.0,220.0,4.0,3.0,1.0,7.0,-26.0,2188
E06000053,Isles of Scilly,29.0,2015,25.0,232.0,55.0,177.0,3.0,2.0,1.0,4.0,-11.0,2238
E06000053,Isles of Scilly,13.0,2016,18.0,210.0,12.0,198.0,26.0,24.0,2.0,-5.0,-33.0,2236
E06000053,Isles of Scilly,16.0,2017,26.0,219.0,-37.0,256.0,1.0,-3.0,4.0,-10.0,-16.0,2170
E06000053,Isles of Scilly,14.0,2018,18.0,265.0,40.0,225.0,10.0,-5.0,15.0,-4.0,-35.0,2166
E06000053,Isles of Scilly,17.0,2019,15.0,251.0,-16.0,267.0,0.0,-17.0,17.0,2.0,-37.0,2098
E06000053,Isles of Scilly,13.0,2020,17.0,181.0,-18.0,199.0,0.0,-1.0,1.0,-4.0,-45.0,2030
E06000053,Isles of Scilly,17.0,2021,24.0,517.0,303.0,214.0,0.0,0.0,0.0,-7.0,-55.0,2271
E06000053,Isles of Scilly,20.0,2022,20.0,433.0,80.0,353.0,4.0,-14.0,18.0,0.0,3.0,2340
E06000053,Isles of Scilly,15.0,2023,19.0,419.0,93.0,326.0,13.0,5.0,8.0,-4.0,-1.0,2433
E06000053,Isles of Scilly,14.0,2024,27.0,405.0,-61.0,466.0,14.0,6.0,8.0,-13.0,1.0,2366
E06000054,Wiltshire,,2011,,,,,,,,,,474319
E06000054,Wiltshire,5443.0,2012,4195.0,22007.0,1743.0,20264.0,2065.0,-264.0,2329.0,1248.0,-240.0,476806
E06000054,Wiltshire,5199.0,2013,4439.0,22045.0,1989.0,20056.0,2289.0,133.0,2156.0,760.0,-183.0,479505
E06000054,Wiltshire,5201.0,2014,4164.0,24650.0,2742.0,21908.0,2617.0,314.0,2303.0,1037.0,746.0,484344
E06000054,Wiltshire,5168.0,2015,4752.0,23639.0,2630.0,21009.0,2600.0,159.0,2441.0,416.0,828.0,488377
E06000054,Wiltshire,5172.0,2016,4559.0,23548.0,2691.0,20857.0,2999.0,522.0,2477.0,613.0,503.0,492706
E06000054,Wiltshire,4918.0,2017,4724.0,28096.0,3114.0,24982.0,2754.0,33.0,2721.0,194.0,1130.0,497177
E06000054,Wiltshire,4887.0,2018,4852.0,26810.0,1518.0,25292.0,2702.0,-284.0,2986.0,35.0,257.0,498703
E06000054,Wiltshire,4680.0,2019,4464.0,27929.0,2955.0,24974.0,3668.0,642.0,3026.0,216.0,469.0,502985
E06000054,Wiltshire,4678.0,2020,5188.0,25182.0,2457.0,22725.0,2163.0,-897.0,3060.0,-510.0,3012.0,507047
E06000054,Wiltshire,4514.0,2021,4908.0,31332.0,5263.0,26069.0,2029.0,-498.0,2527.0,-394.0,1822.0,513240
E06000054,Wiltshire,4567.0,2022,5194.0,26213.0,1628.0,24585.0,3813.0,1905.0,1908.0,-627.0,39.0,516185
E06000054,Wiltshire,4426.0,2023,5419.0,25814.0,2914.0,22900.0,4008.0,2251.0,1757.0,-993.0,-578.0,519779
E06000054,Wiltshire,4316.0,2024,5127.0,25297.0,2795.0,22502.0,3906.0,2177.0,1729.0,-811.0,-240.0,523700
E06000055,Bedford,,2011,,,,,,,,,,157840
E06000055,Bedford,2137.0,2012,1275.0,8758.0,538.0,8220.0,1456.0,514.0,942.0,862.0,590.0,160344
E06000055,Bedford,2106.0,2013,1382.0,9017.0,1277.0,7740.0,1600.0,737.0,863.0,724.0,590.0,163672
E06000055,Bedford,2130.0,2014,1272.0,9147.0,830.0,8317.0,1809.0,864.0,945.0,858.0,632.0,166856
E06000055,Bedford,2107.0,2015,1461.0,9408.0,973.0,8435.0,2060.0,1109.0,951.0,646.0,565.0,170149
E06000055,Bedford,2215.0,2016,1453.0,9491.0,930.0,8561.0,2341.0,1243.0,1098.0,762.0,619.0,173703
E06000055,Bedford,2139.0,2017,1444.0,10285.0,-271.0,10556.0,1991.0,800.0,1191.0,695.0,610.0,175537
E06000055,Bedford,2250.0,2018,1541.0,10287.0,677.0,9610.0,2063.0,711.0,1352.0,709.0,654.0,178288
E06000055,Bedford,2103.0,2019,1480.0,10187.0,531.0,9656.0,2201.0,562.0,1639.0,623.0,647.0,180651
E06000055,Bedford,2090.0,2020,1692.0,9120.0,533.0,8587.0,1859.0,108.0,1751.0,398.0,656.0,182346
E06000055,Bedford,2140.0,2021,1737.0,12092.0,1824.0,10268.0,1922.0,411.0,1511.0,403.0,812.0,185796
E06000055,Bedford,2086.0,2022,1615.0,10396.0,440.0,9956.0,2210.0,936.0,1274.0,471.0,-19.0,187624
E06000055,Bedford,2063.0,2023,1692.0,10906.0,1284.0,9622.0,3320.0,2352.0,968.0,371.0,-56.0,191575
E06000055,Bedford,2084.0,2024,1583.0,10726.0,807.0,9919.0,3254.0,2121.0,1133.0,501.0,-28.0,194976
E06000056,Central Bedfordshire,,2011,,,,,,,,,,255644
E06000056,Central Bedfordshire,3275.0,2012,1893.0,15739.0,2374.0,13365.0,1697.0,506.0,1191.0,1382.0,-382.0,259524
E06000056,Central Bedfordshire,3313.0,2013,2055.0,15343.0,2197.0,13146.0,1957.0,834.0,1123.0,1258.0,-388.0,263425
E06000056,Central Bedfordshire,3190.0,2014,1878.0,16615.0,2043.0,14572.0,2021.0,647.0,1374.0,1312.0,-361.0,267066
E06000056,Central Bedfordshire,3251.0,2015,2048.0,16544.0,2446.0,14098.0,2039.0,697.0,1342.0,1203.0,-450.0,270962
E06000056,Central Bedfordshire,3319.0,2016,2031.0,16400.0,2042.0,14358.0,2260.0,885.0,1375.0,1288.0,-268.0,274909
E06000056,Central Bedfordshire,3271.0,2017,2020.0,19072.0,1304.0,17768.0,1995.0,469.0,1526.0,1251.0,-278.0,277655
E06000056,Central Bedfordshire,3255.0,2018,2225.0,18705.0,1523.0,17182.0,2157.0,563.0,1594.0,1030.0,-357.0,280414
E06000056,Central Bedfordshire,3365.0,2019,2166.0,19253.0,2658.0,16595.0,2409.0,616.0,1793.0,1199.0,-199.0,284688
E06000056,Central Bedfordshire,3353.0,2020,2547.0,17171.0,3420.0,13751.0,2159.0,433.0,1726.0,806.0,-242.0,289105
E06000056,Central Bedfordshire,3240.0,2021,2369.0,22679.0,4646.0,18033.0,2503.0,1354.0,1149.0,871.0,-325.0,295651
E06000056,Central Bedfordshire,3479.0,2022,2465.0,20953.0,3934.0,17019.0,2784.0,1202.0,1582.0,1014.0,28.0,301829
E06000056,Central Bedfordshire,3531.0,2023,2559.0,21051.0,4739.0,16312.0,2999.0,1939.0,1060.0,972.0,-97.0,309382
E06000056,Central Bedfordshire,3532.0,2024,2460.0,20204.0,3971.0,16233.0,2673.0,1497.0,1176.0,1072.0,-45.0,315877
E06000057,Northumberland,,2011,,,,,,,,,,316278
E06000057,Northumberland,3105.0,2012,3285.0,9727.0,385.0,9342.0,581.0,-112.0,693.0,-180.0,-447.0,315924
E06000057,Northumberland,2950.0,2013,3569.0,9477.0,114.0,9363.0,621.0,-42.0,663.0,-619.0,-364.0,315013
E06000057,Northumberland,2796.0,2014,3290.0,10466.0,1224.0,9242.0,671.0,-34.0,705.0,-494.0,-435.0,315274
E06000057,Northumberland,2707.0,2015,3739.0,10392.0,739.0,9653.0,600.0,-102.0,702.0,-1032.0,-691.0,314188
E06000057,Northumberland,2869.0,2016,3528.0,10573.0,1088.0,9485.0,687.0,-40.0,727.0,-659.0,-250.0,314327
E06000057,Northumberland,2747.0,2017,3586.0,13255.0,2779.0,10476.0,614.0,-166.0,780.0,-839.0,-438.0,315663
E06000057,Northumberland,2738.0,2018,3802.0,13327.0,2161.0,11166.0,666.0,-138.0,804.0,-1064.0,-469.0,316153
E06000057,Northumberland,2599.0,2019,3494.0,14078.0,3344.0,10734.0,616.0,-168.0,784.0,-895.0,-407.0,318027
E06000057,Northumberland,2433.0,2020,3979.0,12162.0,2707.0,9455.0,546.0,-223.0,769.0,-1546.0,-475.0,318490
E06000057,Northumberland,2533.0,2021,3944.0,15091.0,4922.0,10169.0,470.0,-146.0,616.0,-1411.0,-323.0,321532
E06000057,Northumberland,2508.0,2022,3922.0,13335.0,3228.0,10107.0,1718.0,1184.0,534.0,-1414.0,97.0,324627
E06000057,Northumberland,2500.0,2023,4121.0,13561.0,3613.0,9948.0,1797.0,1264.0,533.0,-1621.0,-18.0,327865
E06000057,Northumberland,2451.0,2024,3991.0,13591.0,3734.0,9857.0,1961.0,1397.0,564.0,-1540.0,-36.0,331420
E06000058,"Bournemouth, Christchurch and Poole",,2011,,,,,,,,,,379441
E06000058,"Bournemouth, Christchurch and Poole",4564.0,2012,4121.0,22727.0,1103.0,21624.0,3403.0,803.0,2600.0,443.0,675.0,382465
E06000058,"Bournemouth, Christchurch and Poole",4353.0,2013,4419.0,22094.0,1217.0,20877.0,3742.0,1154.0,2588.0,-66.0,713.0,385483
E06000058,"Bournemouth, Christchurch and Poole",4303.0,2014,4072.0,24447.0,2097.0,22350.0,4091.0,1293.0,2798.0,231.0,623.0,389727
E06000058,"Bournemouth, Christchurch and Poole",4232.0,2015,4584.0,23411.0,851.0,22560.0,4468.0,1645.0,2823.0,-352.0,628.0,392499
E06000058,"Bournemouth, Christchurch and Poole",4227.0,2016,4363.0,23920.0,2054.0,21866.0,4834.0,2048.0,2786.0,-136.0,601.0,397066
E06000058,"Bournemouth, Christchurch and Poole",4104.0,2017,4412.0,27243.0,1288.0,25955.0,3959.0,833.0,3126.0,-308.0,495.0,399374
E06000058,"Bournemouth, Christchurch and Poole",3886.0,2018,4572.0,27273.0,330.0,26943.0,3835.0,629.0,3206.0,-686.0,417.0,400064
E06000058,"Bournemouth, Christchurch and Poole",3696.0,2019,4057.0,26385.0,-631.0,27016.0,4901.0,901.0,4000.0,-361.0,209.0,400182
E06000058,"Bournemouth, Christchurch and Poole",3570.0,2020,4487.0,23863.0,-532.0,24395.0,4333.0,736.0,3597.0,-917.0,95.0,399564
E06000058,"Bournemouth, Christchurch and Poole",3623.0,2021,4773.0,27051.0,1147.0,25904.0,2801.0,345.0,2456.0,-1150.0,249.0,400155
E06000058,"Bournemouth, Christchurch and Poole",3455.0,2022,4605.0,26062.0,961.0,25101.0,5558.0,2783.0,2775.0,-1150.0,35.0,402784
E06000058,"Bournemouth, Christchurch and Poole",3272.0,2023,4686.0,23754.0,-1044.0,24798.0,8802.0,6350.0,2452.0,-1414.0,-50.0,406626
E06000058,"Bournemouth, Christchurch and Poole",3153.0,2024,4438.0,23834.0,-794.0,24628.0,7568.0,4424.0,3144.0,-1285.0,-4.0,408967
E06000059,Dorset,,2011,,,,,,,,,,365897
E06000059,Dorset,3296.0,2012,4121.0,19143.0,2174.0,16969.0,1158.0,-157.0,1315.0,-825.0,-517.0,366572
E06000059,Dorset,3166.0,2013,4278.0,19073.0,2309.0,16764.0,1161.0,-114.0,1275.0,-1112.0,-4.0,367651
E06000059,Dorset,3084.0,2014,4063.0,21756.0,3017.0,18739.0,1443.0,133.0,1310.0,-979.0,-1128.0,368694
E06000059,Dorset,3105.0,2015,4566.0,20466.0,3360.0,17106.0,1479.0,88.0,1391.0,-1461.0,47.0,370728
E06000059,Dorset,3109.0,2016,4483.0,20071.0,2797.0,17274.0,1573.0,170.0,1403.0,-1374.0,95.0,372416
E06000059,Dorset,3039.0,2017,4617.0,24736.0,3945.0,20791.0,1363.0,-120.0,1483.0,-1578.0,12.0,374675
E06000059,Dorset,2943.0,2018,4780.0,24325.0,3513.0,20812.0,1270.0,-343.0,1613.0,-1837.0,-404.0,375604
E06000059,Dorset,2797.0,2019,4455.0,24339.0,3744.0,20595.0,1236.0,-343.0,1579.0,-1658.0,352.0,377699
E06000059,Dorset,2741.0,2020,4878.0,20370.0,2148.0,18222.0,1058.0,-410.0,1468.0,-2137.0,370.0,377670
E06000059,Dorset,2628.0,2021,4778.0,25907.0,5913.0,19994.0,1001.0,-232.0,1233.0,-2150.0,44.0,381245
E06000059,Dorset,2738.0,2022,4956.0,22124.0,3134.0,18990.0,2149.0,1023.0,1126.0,-2218.0,325.0,383509
E06000059,Dorset,2459.0,2023,5288.0,21326.0,4221.0,17105.0,2375.0,1363.0,1012.0,-2829.0,-113.0,386151
E06000059,Dorset,2512.0,2024,5170.0,21419.0,4750.0,16669.0,2799.0,1791.0,1008.0,-2658.0,-87.0,389947
E06000060,Buckinghamshire,,2011,,,,,,,,,,506550
E06000060,Buckinghamshire,6156.0,2012,3873.0,25224.0,2486.0,22738.0,3079.0,239.0,2840.0,2283.0,547.0,512105
E06000060,Buckinghamshire,6009.0,2013,3915.0,26886.0,2717.0,24169.0,3053.0,358.0,2695.0,2094.0,644.0,517918
E06000060,Buckinghamshire,5832.0,2014,3939.0,27436.0,1977.0,25459.0,3759.0,925.0,2834.0,1893.0,900.0,523613
E06000060,Buckinghamshire,6119.0,2015,4357.0,28493.0,2586.0,25907.0,4199.0,1178.0,3021.0,1762.0,860.0,529999
E06000060,Buckinghamshire,6183.0,2016,4054.0,27523.0,630.0,26893.0,4707.0,1534.0,3173.0,2129.0,1227.0,535519
E06000060,Buckinghamshire,5906.0,2017,4261.0,30433.0,-441.0,30874.0,4234.0,837.0,3397.0,1645.0,1202.0,538762
E06000060,Buckinghamshire,5964.0,2018,4546.0,29930.0,-149.0,30079.0,4293.0,534.0,3759.0,1418.0,1418.0,541983
E06000060,Buckinghamshire,5703.0,2019,4212.0,30678.0,1064.0,29614.0,3929.0,-58.0,3987.0,1491.0,1379.0,545859
E06000060,Buckinghamshire,5649.0,2020,4913.0,28271.0,1263.0,27008.0,3587.0,-403.0,3990.0,736.0,1611.0,549066
E06000060,Buckinghamshire,5683.0,2021,4756.0,36130.0,3895.0,32235.0,2696.0,-398.0,3094.0,927.0,1671.0,555161
E06000060,Buckinghamshire,5744.0,2022,4756.0,32648.0,1896.0,30752.0,6104.0,3175.0,2929.0,988.0,-40.0,561180
E06000060,Buckinghamshire,5542.0,2023,5011.0,32537.0,3375.0,29162.0,7300.0,4783.0,2517.0,531.0,-19.0,569850
E06000060,Buckinghamshire,5592.0,2024,4646.0,33077.0,3922.0,29155.0,6829.0,4106.0,2723.0,946.0,-52.0,578772
E06000061,North Northamptonshire,,2011,,,,,,,,,,317959
E06000061,North Northamptonshire,4289.0,2012,2730.0,12639.0,1504.0,11135.0,2233.0,813.0,1420.0,1559.0,481.0,322316
E06000061,North Northamptonshire,4091.0,2013,2836.0,11950.0,1075.0,10875.0,2499.0,1198.0,1301.0,1255.0,-56.0,325788
E06000061,North Northamptonshire,4076.0,2014,2686.0,13089.0,1433.0,11656.0,2927.0,1436.0,1491.0,1390.0,602.0,330649
E06000061,North Northamptonshire,4029.0,2015,2989.0,13123.0,1362.0,11761.0,3199.0,1660.0,1539.0,1040.0,539.0,335250
E06000061,North Northamptonshire,4174.0,2016,2990.0,13607.0,2449.0,11158.0,4055.0,2297.0,1758.0,1184.0,467.0,341647
E06000061,North Northamptonshire,4073.0,2017,3204.0,17125.0,2761.0,14364.0,3725.0,1789.0,1936.0,869.0,638.0,347704
E06000061,North Northamptonshire,4000.0,2018,3198.0,16156.0,1773.0,14383.0,3504.0,1058.0,2446.0,802.0,661.0,351998
E06000061,North Northamptonshire,3952.0,2019,3039.0,15911.0,944.0,14967.0,3185.0,255.0,2930.0,913.0,738.0,354848
E06000061,North Northamptonshire,3835.0,2020,3546.0,13634.0,542.0,13092.0,2712.0,-24.0,2736.0,289.0,782.0,356437
E06000061,North Northamptonshire,3722.0,2021,3364.0,16625.0,2059.0,14566.0,2953.0,432.0,2521.0,358.0,1132.0,360418
E06000061,North Northamptonshire,3748.0,2022,3499.0,15700.0,1598.0,14102.0,2701.0,457.0,2244.0,249.0,452.0,363174
E06000061,North Northamptonshire,3633.0,2023,3678.0,16400.0,2172.0,14228.0,3970.0,2034.0,1936.0,-45.0,947.0,368282
E06000061,North Northamptonshire,3596.0,2024,3353.0,17403.0,3513.0,13890.0,3840.0,1640.0,2200.0,243.0,193.0,373871
E06000062,West Northamptonshire,,2011,,,,,,,,,,376008
E06000062,West Northamptonshire,5047.0,2012,3048.0,16913.0,81.0,16832.0,3241.0,1168.0,2073.0,1999.0,1571.0,380827
E06000062,West Northamptonshire,4966.0,2013,3188.0,15819.0,-258.0,16077.0,3577.0,1624.0,1953.0,1778.0,1728.0,385699
E06000062,West Northamptonshire,4796.0,2014,3023.0,17402.0,-319.0,17721.0,4341.0,2179.0,2162.0,1773.0,1692.0,391024
E06000062,West Northamptonshire,4874.0,2015,3235.0,17634.0,82.0,17552.0,5523.0,3310.0,2213.0,1639.0,1884.0,397939
E06000062,West Northamptonshire,4939.0,2016,3162.0,17513.0,-58.0,17571.0,6328.0,3609.0,2719.0,1777.0,1752.0,405019
E06000062,West Northamptonshire,4843.0,2017,3224.0,23138.0,15.0,23123.0,5693.0,2842.0,2851.0,1619.0,2237.0,411732
E06000062,West Northamptonshire,4852.0,2018,3506.0,21431.0,-625.0,22056.0,6232.0,2771.0,3461.0,1346.0,2018.0,417242
E06000062,West Northamptonshire,4628.0,2019,3102.0,21834.0,-620.0,22454.0,5943.0,1929.0,4014.0,1526.0,2091.0,422168
E06000062,West Northamptonshire,4711.0,2020,3924.0,18507.0,-2289.0,20796.0,4854.0,98.0,4756.0,787.0,1795.0,422559
E06000062,West Northamptonshire,4411.0,2021,3459.0,21718.0,-1043.0,22761.0,6168.0,2181.0,3987.0,952.0,2058.0,426707
E06000062,West Northamptonshire,4541.0,2022,3578.0,20519.0,-1423.0,21942.0,7108.0,3397.0,3711.0,963.0,38.0,429682
E06000062,West Northamptonshire,4474.0,2023,3762.0,21258.0,-121.0,21379.0,9632.0,6432.0,3200.0,712.0,82.0,436787
E06000062,West Northamptonshire,4435.0,2024,3697.0,20940.0,-1728.0,22668.0,7908.0,4038.0,3870.0,738.0,-24.0,439811
E06000063,Cumberland,,2011,,,,,,,,,,274546
E06000063,Cumberland,2987.0,2012,2900.0,7037.0,-169.0,7206.0,579.0,79.0,500.0,87.0,-258.0,274285
E06000063,Cumberland,2862.0,2013,3088.0,6942.0,-9.0,6951.0,629.0,118.0,511.0,-226.0,-136.0,274032
E06000063,Cumberland,2858.0,2014,2806.0,7585.0,185.0,7400.0,645.0,48.0,597.0,52.0,-178.0,274139
E06000063,Cumberland,2815.0,2015,3121.0,7675.0,403.0,7272.0,744.0,167.0,577.0,-306.0,-208.0,274195
E06000063,Cumberland,2839.0,2016,2975.0,7617.0,36.0,7581.0,861.0,252.0,609.0,-136.0,-155.0,274192
E06000063,Cumberland,2734.0,2017,3207.0,7585.0,162.0,7423.0,743.0,114.0,629.0,-473.0,-537.0,273458
E06000063,Cumberland,2540.0,2018,3210.0,7701.0,558.0,7143.0,778.0,82.0,696.0,-670.0,-172.0,273256
E06000063,Cumberland,2477.0,2019,2935.0,7518.0,368.0,7150.0,743.0,-2.0,745.0,-458.0,-155.0,273009
E06000063,Cumberland,2401.0,2020,3495.0,6893.0,732.0,6161.0,632.0,-132.0,764.0,-1094.0,-71.0,272444
E06000063,Cumberland,2433.0,2021,3530.0,9264.0,2500.0,6764.0,631.0,-12.0,643.0,-1097.0,-47.0,273788
E06000063,Cumberland,2340.0,2022,3478.0,8780.0,2134.0,6646.0,1242.0,689.0,553.0,-1138.0,-28.0,275445
E06000063,Cumberland,2310.0,2023,3591.0,8813.0,2189.0,6624.0,2065.0,1533.0,532.0,-1281.0,184.0,278070
E06000063,Cumberland,2276.0,2024,3363.0,8849.0,2039.0,6810.0,2015.0,1445.0,570.0,-1087.0,28.0,280495
E06000064,Westmorland and Furness,,2011,,,,,,,,,,225271
E06000064,Westmorland and Furness,2015.0,2012,2405.0,7497.0,-506.0,8003.0,699.0,80.0,619.0,-390.0,95.0,224550
E06000064,Westmorland and Furness,2033.0,2013,2539.0,7647.0,-256.0,7903.0,791.0,229.0,562.0,-506.0,31.0,224048
E06000064,Westmorland and Furness,1951.0,2014,2458.0,8495.0,262.0,8233.0,811.0,200.0,611.0,-507.0,161.0,224164
E06000064,Westmorland and Furness,1958.0,2015,2550.0,8752.0,602.0,8150.0,924.0,249.0,675.0,-592.0,100.0,224523
E06000064,Westmorland and Furness,1967.0,2016,2519.0,8813.0,368.0,8445.0,1055.0,398.0,657.0,-552.0,17.0,224754
E06000064,Westmorland and Furness,1948.0,2017,2552.0,9122.0,831.0,8291.0,890.0,175.0,715.0,-604.0,79.0,225235
E06000064,Westmorland and Furness,1811.0,2018,2604.0,8979.0,1018.0,7961.0,863.0,61.0,802.0,-793.0,164.0,225685
E06000064,Westmorland and Furness,1920.0,2019,2391.0,9231.0,861.0,8370.0,804.0,-109.0,913.0,-471.0,196.0,226162
E06000064,Westmorland and Furness,1743.0,2020,2956.0,8390.0,1129.0,7261.0,614.0,-171.0,785.0,-1213.0,88.0,225995
E06000064,Westmorland and Furness,1689.0,2021,2781.0,10358.0,1965.0,8393.0,664.0,-139.0,803.0,-1092.0,212.0,226941
E06000064,Westmorland and Furness,1780.0,2022,2709.0,9496.0,1195.0,8301.0,1091.0,517.0,574.0,-929.0,8.0,227732
E06000064,Westmorland and Furness,1642.0,2023,2897.0,9300.0,1143.0,8157.0,1582.0,1083.0,499.0,-1255.0,-57.0,228646
E06000064,Westmorland and Furness,1608.0,2024,2696.0,9363.0,1529.0,7834.0,1559.0,1040.0,519.0,-1088.0,58.0,230185
E06000065,North Yorkshire,,2011,,,,,,,,,,601206
E06000065,North Yorkshire,6026.0,2012,5983.0,25605.0,2363.0,23242.0,2416.0,403.0,2013.0,43.0,-52.0,603963
E06000065,North Yorkshire,5664.0,2013,6446.0,24945.0,1615.0,23330.0,2353.0,441.0,1912.0,-782.0,-1086.0,604151
E06000065,North Yorkshire,5695.0,2014,5932.0,26329.0,1656.0,24673.0,2423.0,413.0,2010.0,-237.0,-2311.0,603672
E06000065,North Yorkshire,5615.0,2015,6373.0,26243.0,1844.0,24399.0,2235.0,174.0,2061.0,-758.0,-1221.0,603711
E06000065,North Yorkshire,5718.0,2016,6476.0,26417.0,2012.0,24405.0,2827.0,725.0,2102.0,-758.0,80.0,605770
E06000065,North Yorkshire,5505.0,2017,6500.0,33099.0,2763.0,30336.0,2701.0,385.0,2316.0,-995.0,-632.0,607291
E06000065,North Yorkshire,5374.0,2018,6774.0,32162.0,2639.0,29523.0,2506.0,13.0,2493.0,-1400.0,-808.0,607735
E06000065,North Yorkshire,5229.0,2019,6258.0,32887.0,3729.0,29158.0,2601.0,53.0,2548.0,-1029.0,172.0,610660
E06000065,North Yorkshire,4925.0,2020,7395.0,28692.0,3153.0,25539.0,2225.0,-583.0,2808.0,-2470.0,139.0,610899
E06000065,North Yorkshire,4970.0,2021,6578.0,36455.0,9002.0,27453.0,2268.0,-280.0,2548.0,-1608.0,614.0,618627
E06000065,North Yorkshire,5099.0,2022,7149.0,32235.0,5606.0,26629.0,4433.0,2623.0,1810.0,-2050.0,-751.0,624055
E06000065,North Yorkshire,4921.0,2023,7487.0,30976.0,4307.0,26669.0,5096.0,3414.0,1682.0,-2566.0,-364.0,628846
E06000065,North Yorkshire,4753.0,2024,7094.0,30994.0,5363.0,25631.0,4863.0,3132.0,1731.0,-2341.0,270.0,635270
E06000066,Somerset,,2011,,,,,,,,,,531581
E06000066,Somerset,5748.0,2012,5420.0,22639.0,3203.0,19436.0,2529.0,401.0,2128.0,328.0,329.0,535842
E06000066,Somerset,5599.0,2013,5807.0,22246.0,3219.0,19027.0,2707.0,643.0,2064.0,-208.0,-31.0,539465
E06000066,Somerset,5617.0,2014,5461.0,25835.0,3629.0,22206.0,3010.0,854.0,2156.0,156.0,208.0,544312
E06000066,Somerset,5555.0,2015,6077.0,23347.0,3628.0,19719.0,3226.0,953.0,2273.0,-522.0,421.0,548792
E06000066,Somerset,5570.0,2016,5998.0,23770.0,4551.0,19219.0,3687.0,1320.0,2367.0,-428.0,571.0,554806
E06000066,Somerset,5394.0,2017,6063.0,25722.0,3562.0,22160.0,3164.0,567.0,2597.0,-669.0,629.0,558895
E06000066,Somerset,5338.0,2018,6372.0,25583.0,3706.0,21877.0,3083.0,71.0,3012.0,-1034.0,521.0,562159
E06000066,Somerset,5139.0,2019,5973.0,25276.0,3332.0,21944.0,2933.0,-108.0,3041.0,-834.0,438.0,564987
E06000066,Somerset,5081.0,2020,6607.0,22225.0,2553.0,19672.0,2375.0,-545.0,2920.0,-1526.0,841.0,566310
E06000066,Somerset,4953.0,2021,6498.0,29847.0,7575.0,22272.0,2631.0,63.0,2568.0,-1545.0,697.0,573100
E06000066,Somerset,4955.0,2022,6979.0,25561.0,3947.0,21614.0,4573.0,2400.0,2173.0,-2024.0,-74.0,577349
E06000066,Somerset,4812.0,2023,7141.0,24980.0,4328.0,20652.0,5486.0,3603.0,1883.0,-2329.0,11.0,582962
E06000066,Somerset,4654.0,2024,6663.0,25283.0,4469.0,20814.0,4936.0,2922.0,2014.0,-2009.0,-16.0,588328
E07000008,Cambridge,,2011,,,,,,,,,,122725
E07000008,Cambridge,1527.0,2012,841.0,14771.0,-772.0,15543.0,5038.0,1601.0,3437.0,686.0,439.0,124679
E07000008,Cambridge,1441.0,2013,913.0,15019.0,-433.0,15452.0,5830.0,2573.0,3257.0,528.0,472.0,127819
E07000008,Cambridge,1391.0,2014,792.0,15522.0,-809.0,16331.0,5824.0,2124.0,3700.0,599.0,699.0,130432
E07000008,Cambridge,1441.0,2015,902.0,16477.0,-571.0,17048.0,6369.0,2657.0,3712.0,539.0,597.0,133654
E07000008,Cambridge,1418.0,2016,872.0,16348.0,-1741.0,18089.0,6532.0,3016.0,3516.0,546.0,579.0,136054
E07000008,Cambridge,1351.0,2017,848.0,18203.0,-754.0,18957.0,6118.0,2019.0,4099.0,503.0,640.0,138462
E07000008,Cambridge,1362.0,2018,864.0,18569.0,-392.0,18961.0,6782.0,2492.0,4290.0,498.0,666.0,141726
E07000008,Cambridge,1348.0,2019,803.0,18402.0,-1733.0,20135.0,7038.0,2063.0,4975.0,545.0,552.0,143153
E07000008,Cambridge,1314.0,2020,847.0,16846.0,-2148.0,18994.0,6424.0,1960.0,4464.0,467.0,309.0,143741
E07000008,Cambridge,1252.0,2021,769.0,19002.0,-3210.0,22212.0,6371.0,3244.0,3127.0,483.0,764.0,145022
E07000008,Cambridge,1240.0,2022,868.0,19527.0,-1063.0,20590.0,7078.0,3610.0,3468.0,372.0,-13.0,147928
E07000008,Cambridge,1180.0,2023,961.0,17913.0,-3715.0,21628.0,7481.0,4354.0,3127.0,219.0,56.0,148842
E07000008,Cambridge,1158.0,2024,842.0,18291.0,-2894.0,21185.0,7439.0,3098.0,4341.0,316.0,-10.0,149352
E07000009,East Cambridgeshire,,2011,,,,,,,,,,84245
E07000009,East Cambridgeshire,1083.0,2012,644.0,5246.0,705.0,4541.0,552.0,221.0,331.0,439.0,-509.0,85101
E07000009,East Cambridgeshire,1092.0,2013,619.0,4753.0,307.0,4446.0,580.0,241.0,339.0,473.0,-639.0,85483
E07000009,East Cambridgeshire,1000.0,2014,649.0,4997.0,363.0,4634.0,638.0,270.0,368.0,351.0,-151.0,86316
E07000009,East Cambridgeshire,1041.0,2015,725.0,4888.0,169.0,4719.0,702.0,307.0,395.0,316.0,-351.0,86757
E07000009,East Cambridgeshire,1035.0,2016,736.0,4716.0,40.0,4676.0,780.0,366.0,414.0,299.0,-510.0,86952
E07000009,East Cambridgeshire,959.0,2017,730.0,5498.0,-61.0,5559.0,576.0,130.0,446.0,229.0,-234.0,87016
E07000009,East Cambridgeshire,948.0,2018,804.0,5581.0,207.0,5374.0,538.0,-15.0,553.0,144.0,-467.0,86885
E07000009,East Cambridgeshire,845.0,2019,715.0,5769.0,449.0,5320.0,545.0,-54.0,599.0,130.0,-400.0,87010
E07000009,East Cambridgeshire,827.0,2020,857.0,5200.0,653.0,4547.0,343.0,-98.0,441.0,-30.0,-587.0,86948
E07000009,East Cambridgeshire,812.0,2021,781.0,6802.0,1397.0,5405.0,328.0,-25.0,353.0,31.0,-226.0,88125
E07000009,East Cambridgeshire,851.0,2022,783.0,6113.0,975.0,5138.0,570.0,198.0,372.0,68.0,-18.0,89348
E07000009,East Cambridgeshire,827.0,2023,849.0,6564.0,1315.0,5249.0,782.0,427.0,355.0,-22.0,245.0,91313
E07000009,East Cambridgeshire,860.0,2024,839.0,6275.0,1393.0,4882.0,646.0,247.0,399.0,21.0,-68.0,92906
E07000010,Fenland,,2011,,,,,,,,,,95461
E07000010,Fenland,1196.0,2012,1018.0,5100.0,-52.0,5152.0,1292.0,854.0,438.0,178.0,-12.0,96429
E07000010,Fenland,1171.0,2013,1019.0,5021.0,14.0,5007.0,1548.0,1000.0,548.0,152.0,-39.0,97556
E07000010,Fenland,1146.0,2014,1051.0,5755.0,508.0,5247.0,1103.0,406.0,697.0,95.0,6.0,98571
E07000010,Fenland,1133.0,2015,1120.0,5551.0,554.0,4997.0,1358.0,851.0,507.0,13.0,2.0,99991
E07000010,Fenland,1156.0,2016,1138.0,5330.0,187.0,5143.0,1445.0,927.0,518.0,18.0,-48.0,101075
E07000010,Fenland,1154.0,2017,1189.0,6439.0,533.0,5906.0,1156.0,502.0,654.0,-35.0,-46.0,102029
E07000010,Fenland,1131.0,2018,1169.0,6091.0,333.0,5758.0,842.0,88.0,754.0,-38.0,-66.0,102346
E07000010,Fenland,1003.0,2019,1141.0,5920.0,106.0,5814.0,928.0,201.0,727.0,-138.0,-28.0,102487
E07000010,Fenland,1050.0,2020,1353.0,5336.0,-3.0,5339.0,713.0,53.0,660.0,-303.0,-6.0,102228
E07000010,Fenland,967.0,2021,1264.0,6743.0,913.0,5830.0,566.0,-22.0,588.0,-297.0,-91.0,102731
E07000010,Fenland,1069.0,2022,1246.0,6418.0,809.0,5609.0,378.0,-216.0,594.0,-177.0,-128.0,103019
E07000010,Fenland,1029.0,2023,1320.0,6263.0,723.0,5540.0,731.0,227.0,504.0,-291.0,22.0,103700
E07000010,Fenland,988.0,2024,1222.0,6374.0,1169.0,5205.0,717.0,122.0,595.0,-234.0,139.0,104896
E07000011,Huntingdonshire,,2011,,,,,,,,,,170039
E07000011,Huntingdonshire,2142.0,2012,1263.0,9183.0,732.0,8451.0,845.0,196.0,649.0,879.0,-409.0,171437
E07000011,Huntingdonshire,2047.0,2013,1345.0,8996.0,802.0,8194.0,864.0,238.0,626.0,702.0,-639.0,172540
E07000011,Huntingdonshire,2002.0,2014,1248.0,9696.0,979.0,8717.0,1068.0,391.0,677.0,754.0,-381.0,174283
E07000011,Huntingdonshire,1944.0,2015,1393.0,9245.0,129.0,9116.0,1071.0,391.0,680.0,551.0,293.0,175647
E07000011,Huntingdonshire,2086.0,2016,1436.0,8915.0,52.0,8863.0,1157.0,444.0,713.0,650.0,-368.0,176425
E07000011,Huntingdonshire,1850.0,2017,1475.0,10343.0,20.0,10323.0,938.0,146.0,792.0,375.0,-223.0,176743
E07000011,Huntingdonshire,1907.0,2018,1571.0,10049.0,65.0,9984.0,908.0,2.0,906.0,336.0,-237.0,176909
E07000011,Huntingdonshire,1850.0,2019,1463.0,10182.0,-108.0,10290.0,922.0,-26.0,948.0,387.0,-194.0,176968
E07000011,Huntingdonshire,1822.0,2020,1685.0,9750.0,1034.0,8716.0,715.0,-109.0,824.0,137.0,-214.0,177816
E07000011,Huntingdonshire,1742.0,2021,1618.0,13386.0,2858.0,10528.0,835.0,92.0,743.0,124.0,937.0,181827
E07000011,Huntingdonshire,1894.0,2022,1630.0,11427.0,1724.0,9703.0,1230.0,547.0,683.0,264.0,-245.0,184117
E07000011,Huntingdonshire,1665.0,2023,1767.0,12043.0,2236.0,9807.0,1793.0,1211.0,582.0,-102.0,-349.0,187113
E07000011,Huntingdonshire,1723.0,2024,1589.0,11726.0,2340.0,9386.0,1555.0,924.0,631.0,134.0,108.0,190619
E07000012,South Cambridgeshire,,2011,,,,,,,,,,149842
E07000012,South Cambridgeshire,1786.0,2012,984.0,11191.0,797.0,10394.0,985.0,105.0,880.0,802.0,-413.0,151133
E07000012,South Cambridgeshire,1769.0,2013,1111.0,10873.0,800.0,10073.0,1031.0,183.0,848.0,658.0,-1176.0,151598
E07000012,South Cambridgeshire,1766.0,2014,1158.0,11423.0,1007.0,10416.0,1230.0,343.0,887.0,608.0,-133.0,153423
E07000012,South Cambridgeshire,1726.0,2015,1249.0,11204.0,863.0,10341.0,1287.0,297.0,990.0,477.0,-98.0,154962
E07000012,South Cambridgeshire,1837.0,2016,1145.0,11440.0,852.0,10588.0,1352.0,388.0,964.0,692.0,-114.0,156780
E07000012,South Cambridgeshire,1641.0,2017,1211.0,12199.0,-188.0,12387.0,1305.0,247.0,1058.0,430.0,-54.0,157215
E07000012,South Cambridgeshire,1632.0,2018,1224.0,12002.0,50.0,11952.0,1414.0,226.0,1188.0,408.0,-89.0,157810
E07000012,South Cambridgeshire,1582.0,2019,1181.0,12576.0,770.0,11806.0,1298.0,41.0,1257.0,401.0,9.0,159031
E07000012,South Cambridgeshire,1572.0,2020,1277.0,11607.0,1310.0,10297.0,1095.0,-81.0,1176.0,295.0,-7.0,160548
E07000012,South Cambridgeshire,1590.0,2021,1283.0,14498.0,1863.0,12635.0,1270.0,254.0,1016.0,307.0,70.0,163042
E07000012,South Cambridgeshire,1585.0,2022,1337.0,13178.0,1239.0,11939.0,2076.0,1200.0,876.0,248.0,-2.0,165727
E07000012,South Cambridgeshire,1514.0,2023,1485.0,13384.0,1493.0,11891.0,2928.0,2105.0,823.0,29.0,-26.0,169328
E07000012,South Cambridgeshire,1674.0,2024,1378.0,13318.0,1452.0,11866.0,2398.0,1490.0,908.0,296.0,-22.0,172544
E07000032,Amber Valley,,2011,,,,,,,,,,122521
E07000032,Amber Valley,1248.0,2012,1211.0,5472.0,208.0,5264.0,203.0,5.0,198.0,37.0,-333.0,122438
E07000032,Amber Valley,1343.0,2013,1233.0,5766.0,624.0,5142.0,200.0,-9.0,209.0,110.0,-307.0,122856
E07000032,Amber Valley,1226.0,2014,1246.0,6273.0,561.0,5712.0,202.0,-10.0,212.0,-20.0,-369.0,123018
E07000032,Amber Valley,1201.0,2015,1368.0,6066.0,336.0,5730.0,220.0,-2.0,222.0,-167.0,-350.0,122835
E07000032,Amber Valley,1215.0,2016,1285.0,6240.0,957.0,5283.0,228.0,6.0,222.0,-70.0,-317.0,123411
E07000032,Amber Valley,1209.0,2017,1320.0,7641.0,1334.0,6307.0,205.0,-41.0,246.0,-111.0,-368.0,124225
E07000032,Amber Valley,1204.0,2018,1329.0,7377.0,1070.0,6307.0,215.0,-41.0,256.0,-125.0,-325.0,124804
E07000032,Amber Valley,1168.0,2019,1255.0,7860.0,1525.0,6335.0,196.0,-105.0,301.0,-87.0,-346.0,125791
E07000032,Amber Valley,1097.0,2020,1425.0,6755.0,805.0,5950.0,172.0,-98.0,270.0,-328.0,-217.0,125953
E07000032,Amber Valley,1092.0,2021,1483.0,7976.0,1321.0,6655.0,123.0,-133.0,256.0,-391.0,-308.0,126442
E07000032,Amber Valley,1159.0,2022,1407.0,7244.0,702.0,6542.0,292.0,122.0,170.0,-248.0,13.0,127031
E07000032,Amber Valley,1106.0,2023,1489.0,7624.0,1485.0,6139.0,440.0,277.0,163.0,-383.0,-2.0,128408
E07000032,Amber Valley,1087.0,2024,1446.0,7818.0,2154.0,5664.0,414.0,252.0,162.0,-359.0,-4.0,130451
E07000033,Bolsover,,2011,,,,,,,,,,76029
E07000033,Bolsover,886.0,2012,847.0,3462.0,380.0,3082.0,255.0,208.0,47.0,39.0,-151.0,76505
E07000033,Bolsover,929.0,2013,836.0,3250.0,4.0,3246.0,403.0,340.0,63.0,93.0,-131.0,76811
E07000033,Bolsover,847.0,2014,837.0,3569.0,219.0,3350.0,284.0,175.0,109.0,10.0,-141.0,77074
E07000033,Bolsover,876.0,2015,886.0,3611.0,417.0,3194.0,435.0,318.0,117.0,-10.0,-174.0,77625
E07000033,Bolsover,849.0,2016,877.0,3744.0,101.0,3643.0,470.0,359.0,111.0,-28.0,-187.0,77870
E07000033,Bolsover,811.0,2017,877.0,5521.0,800.0,4721.0,307.0,93.0,214.0,-66.0,-253.0,78444
E07000033,Bolsover,831.0,2018,905.0,5301.0,423.0,4878.0,219.0,10.0,209.0,-74.0,-237.0,78566
E07000033,Bolsover,827.0,2019,829.0,5633.0,836.0,4797.0,217.0,41.0,176.0,-2.0,-263.0,79178
E07000033,Bolsover,817.0,2020,901.0,5036.0,758.0,4278.0,253.0,19.0,234.0,-84.0,-224.0,79647
E07000033,Bolsover,786.0,2021,1039.0,5896.0,1310.0,4586.0,212.0,18.0,194.0,-253.0,-249.0,80473
E07000033,Bolsover,796.0,2022,954.0,5710.0,1146.0,4564.0,184.0,25.0,159.0,-158.0,4.0,81490
E07000033,Bolsover,796.0,2023,996.0,5756.0,1290.0,4466.0,311.0,180.0,131.0,-200.0,11.0,82771
E07000033,Bolsover,800.0,2024,959.0,5534.0,992.0,4542.0,330.0,168.0,162.0,-159.0,1.0,83773
E07000034,Chesterfield,,2011,,,,,,,,,,103788
E07000034,Chesterfield,1225.0,2012,1090.0,3366.0,-87.0,3453.0,144.0,48.0,96.0,135.0,-49.0,103835
E07000034,Chesterfield,1170.0,2013,1191.0,3602.0,268.0,3334.0,159.0,78.0,81.0,-21.0,-58.0,104102
E07000034,Chesterfield,1162.0,2014,1059.0,3679.0,69.0,3610.0,177.0,84.0,93.0,103.0,-73.0,104285
E07000034,Chesterfield,1073.0,2015,1178.0,3694.0,221.0,3473.0,210.0,110.0,100.0,-105.0,-96.0,104415
E07000034,Chesterfield,1053.0,2016,1154.0,3721.0,48.0,3673.0,196.0,94.0,102.0,-101.0,-109.0,104347
E07000034,Chesterfield,1109.0,2017,1248.0,5369.0,66.0,5303.0,211.0,108.0,103.0,-139.0,-146.0,104236
E07000034,Chesterfield,1047.0,2018,1325.0,5278.0,159.0,5119.0,177.0,60.0,117.0,-278.0,-121.0,104056
E07000034,Chesterfield,1024.0,2019,1146.0,5489.0,302.0,5187.0,201.0,43.0,158.0,-122.0,-125.0,104154
E07000034,Chesterfield,992.0,2020,1249.0,4582.0,-49.0,4631.0,203.0,0.0,203.0,-257.0,-87.0,103761
E07000034,Chesterfield,931.0,2021,1227.0,5656.0,293.0,5363.0,227.0,25.0,202.0,-296.0,-110.0,103673
E07000034,Chesterfield,974.0,2022,1246.0,5586.0,458.0,5128.0,394.0,319.0,75.0,-272.0,-3.0,104175
E07000034,Chesterfield,968.0,2023,1306.0,5810.0,900.0,4910.0,662.0,581.0,81.0,-338.0,7.0,105325
E07000034,Chesterfield,894.0,2024,1283.0,5658.0,575.0,5083.0,639.0,531.0,108.0,-389.0,3.0,106045
E07000035,Derbyshire Dales,,2011,,,,,,,,,,71104
E07000035,Derbyshire Dales,599.0,2012,752.0,2937.0,421.0,2516.0,136.0,-54.0,190.0,-153.0,-46.0,71272
E07000035,Derbyshire Dales,521.0,2013,750.0,2845.0,182.0,2663.0,135.0,-40.0,175.0,-229.0,-37.0,71148
E07000035,Derbyshire Dales,518.0,2014,791.0,3161.0,340.0,2821.0,171.0,-9.0,180.0,-273.0,-52.0,71154
E07000035,Derbyshire Dales,521.0,2015,854.0,3111.0,300.0,2811.0,151.0,-39.0,190.0,-333.0,-189.0,70893
E07000035,Derbyshire Dales,525.0,2016,838.0,3217.0,327.0,2890.0,164.0,-37.0,201.0,-313.0,13.0,70883
E07000035,Derbyshire Dales,513.0,2017,809.0,4860.0,611.0,4249.0,136.0,-72.0,208.0,-296.0,-34.0,71092
E07000035,Derbyshire Dales,446.0,2018,771.0,4627.0,497.0,4130.0,163.0,-60.0,223.0,-325.0,-74.0,71130
E07000035,Derbyshire Dales,468.0,2019,786.0,4861.0,511.0,4350.0,138.0,-61.0,199.0,-318.0,-72.0,71190
E07000035,Derbyshire Dales,477.0,2020,865.0,4188.0,364.0,3824.0,153.0,-60.0,213.0,-388.0,-134.0,70972
E07000035,Derbyshire Dales,456.0,2021,852.0,5568.0,1054.0,4514.0,109.0,-53.0,162.0,-396.0,82.0,71659
E07000035,Derbyshire Dales,464.0,2022,895.0,4644.0,196.0,4448.0,366.0,241.0,125.0,-431.0,106.0,71771
E07000035,Derbyshire Dales,451.0,2023,921.0,4555.0,395.0,4160.0,334.0,208.0,126.0,-470.0,42.0,71946
E07000035,Derbyshire Dales,393.0,2024,869.0,4300.0,232.0,4068.0,215.0,98.0,117.0,-476.0,-43.0,71757
E07000036,Erewash,,2011,,,,,,,,,,112249
E07000036,Erewash,1377.0,2012,997.0,5471.0,235.0,5236.0,163.0,22.0,141.0,380.0,-170.0,112716
E07000036,Erewash,1252.0,2013,1093.0,5448.0,98.0,5350.0,154.0,43.0,111.0,159.0,-145.0,112871
E07000036,Erewash,1300.0,2014,1078.0,6611.0,660.0,5951.0,195.0,65.0,130.0,222.0,-179.0,113639
E07000036,Erewash,1303.0,2015,1164.0,5832.0,320.0,5512.0,200.0,57.0,143.0,139.0,-171.0,113984
E07000036,Erewash,1256.0,2016,1147.0,5571.0,257.0,5314.0,223.0,67.0,156.0,109.0,-168.0,114249
E07000036,Erewash,1201.0,2017,1201.0,6533.0,61.0,6472.0,194.0,6.0,188.0,0.0,-187.0,114129
E07000036,Erewash,1161.0,2018,1164.0,6391.0,191.0,6200.0,182.0,-1.0,183.0,-3.0,-135.0,114181
E07000036,Erewash,1072.0,2019,1133.0,6441.0,-249.0,6690.0,198.0,3.0,195.0,-61.0,-163.0,113711
E07000036,Erewash,1048.0,2020,1312.0,5921.0,16.0,5905.0,172.0,-33.0,205.0,-264.0,-82.0,113348
E07000036,Erewash,1013.0,2021,1307.0,6732.0,81.0,6651.0,182.0,9.0,173.0,-294.0,-105.0,113039
E07000036,Erewash,1017.0,2022,1320.0,6445.0,45.0,6400.0,359.0,210.0,149.0,-303.0,6.0,112997
E07000036,Erewash,1020.0,2023,1262.0,6458.0,452.0,6006.0,1075.0,941.0,134.0,-242.0,8.0,114156
E07000036,Erewash,922.0,2024,1278.0,6236.0,-92.0,6328.0,703.0,549.0,154.0,-356.0,-4.0,114253
E07000037,High Peak,,2011,,,,,,,,,,90982
E07000037,High Peak,986.0,2012,829.0,3227.0,-22.0,3249.0,163.0,-6.0,169.0,157.0,-128.0,90983
E07000037,High Peak,918.0,2013,863.0,3092.0,-35.0,3127.0,179.0,23.0,156.0,55.0,-96.0,90930
E07000037,High Peak,840.0,2014,761.0,3472.0,-9.0,3481.0,172.0,-5.0,177.0,79.0,-135.0,90860
E07000037,High Peak,886.0,2015,915.0,3419.0,53.0,3366.0,193.0,25.0,168.0,-29.0,-143.0,90766
E07000037,High Peak,877.0,2016,819.0,3549.0,86.0,3463.0,214.0,44.0,170.0,58.0,-142.0,90812
E07000037,High Peak,862.0,2017,871.0,4960.0,389.0,4571.0,226.0,22.0,204.0,-9.0,-223.0,90991
E07000037,High Peak,860.0,2018,920.0,4711.0,160.0,4551.0,202.0,6.0,196.0,-60.0,-202.0,90895
E07000037,High Peak,848.0,2019,935.0,5016.0,572.0,4444.0,189.0,-32.0,221.0,-87.0,-178.0,91170
E07000037,High Peak,788.0,2020,1003.0,4255.0,139.0,4116.0,159.0,-45.0,204.0,-215.0,-140.0,90909
E07000037,High Peak,778.0,2021,985.0,5239.0,555.0,4684.0,117.0,-53.0,170.0,-207.0,-125.0,91079
E07000037,High Peak,768.0,2022,967.0,4479.0,157.0,4322.0,258.0,128.0,130.0,-199.0,-10.0,91155
E07000037,High Peak,762.0,2023,985.0,4703.0,675.0,4028.0,280.0,155.0,125.0,-223.0,-10.0,91752
E07000037,High Peak,737.0,2024,977.0,4530.0,346.0,4184.0,231.0,96.0,135.0,-240.0,5.0,91959
E07000038,North East Derbyshire,,2011,,,,,,,,,,99100
E07000038,North East Derbyshire,973.0,2012,1032.0,3974.0,383.0,3591.0,107.0,-19.0,126.0,-59.0,-85.0,99320
E07000038,North East Derbyshire,882.0,2013,1071.0,3753.0,-7.0,3760.0,116.0,11.0,105.0,-189.0,-44.0,99091
E07000038,North East Derbyshire,860.0,2014,985.0,4213.0,189.0,4024.0,133.0,12.0,121.0,-125.0,-84.0,99083
E07000038,North East Derbyshire,891.0,2015,1132.0,4203.0,426.0,3777.0,106.0,-7.0,113.0,-241.0,-88.0,99173
E07000038,North East Derbyshire,890.0,2016,1097.0,4578.0,869.0,3709.0,141.0,11.0,130.0,-207.0,-91.0,99755
E07000038,North East Derbyshire,926.0,2017,1222.0,6225.0,605.0,5620.0,104.0,-29.0,133.0,-296.0,-138.0,99897
E07000038,North East Derbyshire,865.0,2018,1230.0,6242.0,735.0,5507.0,103.0,-43.0,146.0,-365.0,-124.0,100100
E07000038,North East Derbyshire,878.0,2019,1173.0,6405.0,693.0,5712.0,116.0,-26.0,142.0,-295.0,-101.0,100371
E07000038,North East Derbyshire,810.0,2020,1303.0,5828.0,1215.0,4613.0,130.0,-46.0,176.0,-493.0,-69.0,100978
E07000038,North East Derbyshire,916.0,2021,1246.0,7504.0,1754.0,5750.0,111.0,-41.0,152.0,-330.0,-67.0,102294
E07000038,North East Derbyshire,939.0,2022,1299.0,6920.0,1747.0,5173.0,234.0,144.0,90.0,-360.0,-1.0,103824
E07000038,North East Derbyshire,881.0,2023,1274.0,6658.0,1249.0,5409.0,278.0,189.0,89.0,-393.0,-7.0,104862
E07000038,North East Derbyshire,927.0,2024,1218.0,6951.0,1928.0,5023.0,232.0,139.0,93.0,-291.0,8.0,106646
E07000039,South Derbyshire,,2011,,,,,,,,,,94915
E07000039,South Derbyshire,1133.0,2012,749.0,6207.0,770.0,5437.0,163.0,-10.0,173.0,384.0,-538.0,95521
E07000039,South Derbyshire,1128.0,2013,876.0,6047.0,950.0,5097.0,163.0,-4.0,167.0,252.0,-526.0,96193
E07000039,South Derbyshire,1090.0,2014,775.0,7333.0,1273.0,6060.0,167.0,-6.0,173.0,315.0,-562.0,97213
E07000039,South Derbyshire,1092.0,2015,922.0,6497.0,836.0,5661.0,179.0,14.0,165.0,170.0,-551.0,97682
E07000039,South Derbyshire,1131.0,2016,888.0,6562.0,1110.0,5452.0,230.0,58.0,172.0,243.0,-463.0,98630
E07000039,South Derbyshire,1090.0,2017,872.0,8453.0,1665.0,6788.0,196.0,-28.0,224.0,218.0,-617.0,99868
E07000039,South Derbyshire,1122.0,2018,891.0,8185.0,1711.0,6474.0,203.0,-16.0,219.0,231.0,-600.0,101194
E07000039,South Derbyshire,1080.0,2019,865.0,9235.0,2604.0,6631.0,212.0,-36.0,248.0,215.0,-662.0,103315
E07000039,South Derbyshire,1111.0,2020,1009.0,8301.0,2392.0,5909.0,203.0,-39.0,242.0,102.0,-505.0,105265
E07000039,South Derbyshire,1088.0,2021,942.0,10113.0,3289.0,6824.0,223.0,-2.0,225.0,146.0,-647.0,108051
E07000039,South Derbyshire,1214.0,2022,938.0,9147.0,2630.0,6517.0,429.0,278.0,151.0,276.0,0.0,111235
E07000039,South Derbyshire,1167.0,2023,1039.0,9280.0,2570.0,6710.0,637.0,463.0,174.0,128.0,17.0,114413
E07000039,South Derbyshire,1193.0,2024,965.0,8934.0,2491.0,6443.0,506.0,325.0,181.0,228.0,36.0,117493
E07000040,East Devon,,2011,,,,,,,,,,133272
E07000040,East Devon,1143.0,2012,1875.0,7703.0,1547.0,6156.0,481.0,-46.0,527.0,-732.0,76.0,134117
E07000040,East Devon,1098.0,2013,1899.0,7809.0,1476.0,6333.0,524.0,8.0,516.0,-801.0,-37.0,134763
E07000040,East Devon,1153.0,2014,1825.0,9481.0,2617.0,6864.0,551.0,3.0,548.0,-672.0,-140.0,136571
E07000040,East Devon,1127.0,2015,1886.0,9370.0,2779.0,6591.0,583.0,41.0,542.0,-759.0,-44.0,138588
E07000040,East Devon,1223.0,2016,1914.0,9593.0,2994.0,6599.0,641.0,71.0,570.0,-691.0,-45.0,140917
E07000040,East Devon,1128.0,2017,1926.0,11264.0,3184.0,8080.0,582.0,-13.0,595.0,-798.0,-6.0,143284
E07000040,East Devon,1158.0,2018,1919.0,10702.0,2697.0,8005.0,557.0,-94.0,651.0,-761.0,25.0,145151
E07000040,East Devon,1158.0,2019,1829.0,10801.0,2752.0,8049.0,509.0,-113.0,622.0,-671.0,227.0,147346
E07000040,East Devon,1118.0,2020,1924.0,9392.0,2023.0,7369.0,405.0,-167.0,572.0,-806.0,196.0,148592
E07000040,East Devon,1224.0,2021,1867.0,11966.0,4108.0,7858.0,350.0,-103.0,453.0,-643.0,111.0,152065
E07000040,East Devon,1233.0,2022,1969.0,10220.0,2450.0,7770.0,766.0,340.0,426.0,-736.0,188.0,154307
E07000040,East Devon,1075.0,2023,2167.0,9629.0,2263.0,7366.0,1488.0,1089.0,399.0,-1092.0,-189.0,156378
E07000040,East Devon,1146.0,2024,1953.0,9392.0,1883.0,7509.0,1165.0,782.0,383.0,-807.0,3.0,158239
E07000041,Exeter,,2011,,,,,,,,,,117063
E07000041,Exeter,1507.0,2012,1004.0,10789.0,395.0,10394.0,2854.0,419.0,2435.0,503.0,-400.0,117980
E07000041,Exeter,1386.0,2013,1035.0,11154.0,303.0,10851.0,3066.0,714.0,2352.0,351.0,-354.0,118994
E07000041,Exeter,1387.0,2014,953.0,13003.0,303.0,12700.0,2977.0,469.0,2508.0,434.0,-411.0,119789
E07000041,Exeter,1300.0,2015,1111.0,13117.0,1135.0,11982.0,3129.0,850.0,2279.0,189.0,-380.0,121583
E07000041,Exeter,1339.0,2016,1096.0,13283.0,712.0,12571.0,3270.0,1084.0,2186.0,243.0,-275.0,123347
E07000041,Exeter,1323.0,2017,1082.0,15029.0,1070.0,13959.0,3018.0,569.0,2449.0,241.0,-410.0,124817
E07000041,Exeter,1243.0,2018,1129.0,15046.0,1022.0,14024.0,2729.0,326.0,2403.0,114.0,-521.0,125758
E07000041,Exeter,1207.0,2019,1099.0,15576.0,480.0,15096.0,3175.0,646.0,2529.0,108.0,-680.0,126312
E07000041,Exeter,1145.0,2020,1114.0,14368.0,465.0,13903.0,3652.0,1341.0,2311.0,31.0,-804.0,127345
E07000041,Exeter,1132.0,2021,1059.0,16100.0,436.0,15664.0,3419.0,2389.0,1030.0,73.0,-716.0,129527
E07000041,Exeter,1148.0,2022,1144.0,17521.0,2168.0,15353.0,4775.0,2771.0,2004.0,4.0,-12.0,134458
E07000041,Exeter,1084.0,2023,1180.0,15003.0,-1566.0,16569.0,5467.0,3022.0,2445.0,-96.0,-110.0,135708
E07000041,Exeter,1083.0,2024,1222.0,16907.0,871.0,16036.0,5227.0,2006.0,3221.0,-139.0,-47.0,138399
E07000042,Mid Devon,,2011,,,,,,,,,,77936
E07000042,Mid Devon,843.0,2012,713.0,4630.0,283.0,4347.0,301.0,57.0,244.0,130.0,-88.0,78318
E07000042,Mid Devon,863.0,2013,719.0,4588.0,122.0,4466.0,290.0,93.0,197.0,144.0,-105.0,78572
E07000042,Mid Devon,809.0,2014,671.0,5253.0,256.0,4997.0,335.0,101.0,234.0,138.0,-98.0,78969
E07000042,Mid Devon,802.0,2015,784.0,4775.0,240.0,4535.0,314.0,65.0,249.0,18.0,-125.0,79167
E07000042,Mid Devon,761.0,2016,800.0,4952.0,353.0,4599.0,369.0,55.0,314.0,-39.0,-88.0,79448
E07000042,Mid Devon,751.0,2017,815.0,5609.0,807.0,4802.0,310.0,-15.0,325.0,-64.0,-122.0,80054
E07000042,Mid Devon,780.0,2018,828.0,5803.0,993.0,4810.0,387.0,-43.0,430.0,-48.0,-98.0,80858
E07000042,Mid Devon,758.0,2019,782.0,5708.0,660.0,5048.0,373.0,11.0,362.0,-24.0,-71.0,81434
E07000042,Mid Devon,778.0,2020,820.0,4978.0,854.0,4124.0,262.0,-49.0,311.0,-42.0,-67.0,82130
E07000042,Mid Devon,705.0,2021,864.0,6238.0,1313.0,4925.0,161.0,-61.0,222.0,-159.0,-52.0,83171
E07000042,Mid Devon,676.0,2022,869.0,5346.0,638.0,4708.0,541.0,226.0,315.0,-193.0,-2.0,83840
E07000042,Mid Devon,641.0,2023,921.0,5188.0,520.0,4668.0,414.0,179.0,235.0,-280.0,7.0,84266
E07000042,Mid Devon,686.0,2024,891.0,5249.0,800.0,4449.0,378.0,132.0,246.0,-205.0,0.0,84993
E07000043,North Devon,,2011,,,,,,,,,,93976
E07000043,North Devon,1004.0,2012,1066.0,4638.0,-44.0,4682.0,252.0,-44.0,296.0,-62.0,-84.0,93742
E07000043,North Devon,1001.0,2013,1103.0,4724.0,46.0,4678.0,261.0,-16.0,277.0,-102.0,-60.0,93610
E07000043,North Devon,983.0,2014,1056.0,5307.0,169.0,5138.0,301.0,3.0,298.0,-73.0,31.0,93740
E07000043,North Devon,868.0,2015,1163.0,5207.0,383.0,4824.0,321.0,48.0,273.0,-295.0,-17.0,93859
E07000043,North Devon,909.0,2016,1089.0,5422.0,732.0,4690.0,332.0,4.0,328.0,-180.0,-8.0,94407
E07000043,North Devon,923.0,2017,1167.0,6966.0,1242.0,5724.0,339.0,8.0,331.0,-244.0,-57.0,95356
E07000043,North Devon,889.0,2018,1240.0,6776.0,1110.0,5666.0,357.0,-18.0,375.0,-351.0,-45.0,96052
E07000043,North Devon,821.0,2019,1107.0,6927.0,1636.0,5291.0,338.0,-42.0,380.0,-286.0,-35.0,97325
E07000043,North Devon,828.0,2020,1106.0,5836.0,704.0,5132.0,262.0,-118.0,380.0,-278.0,-11.0,97622
E07000043,North Devon,768.0,2021,1124.0,7315.0,2133.0,5182.0,248.0,-67.0,315.0,-356.0,66.0,99398
E07000043,North Devon,801.0,2022,1179.0,6283.0,1193.0,5090.0,526.0,285.0,241.0,-378.0,11.0,100509
E07000043,North Devon,774.0,2023,1390.0,5374.0,421.0,4953.0,601.0,391.0,210.0,-616.0,-41.0,100664
E07000043,North Devon,751.0,2024,1298.0,5350.0,760.0,4590.0,555.0,350.0,205.0,-547.0,-5.0,101222
E07000044,South Hams,,2011,,,,,,,,,,83563
E07000044,South Hams,699.0,2012,893.0,5531.0,376.0,5155.0,360.0,-27.0,387.0,-194.0,-195.0,83523
E07000044,South Hams,669.0,2013,926.0,5525.0,567.0,4958.0,357.0,-31.0,388.0,-257.0,65.0,83867
E07000044,South Hams,687.0,2014,856.0,6277.0,477.0,5800.0,384.0,-4.0,388.0,-169.0,50.0,84221
E07000044,South Hams,678.0,2015,949.0,5895.0,629.0,5266.0,383.0,-46.0,429.0,-271.0,83.0,84616
E07000044,South Hams,636.0,2016,957.0,5682.0,257.0,5425.0,380.0,-43.0,423.0,-321.0,45.0,84554
E07000044,South Hams,612.0,2017,914.0,6823.0,1066.0,5757.0,381.0,-62.0,443.0,-302.0,-73.0,85183
E07000044,South Hams,612.0,2018,980.0,6699.0,1116.0,5583.0,378.0,-125.0,503.0,-368.0,68.0,85874
E07000044,South Hams,622.0,2019,924.0,6858.0,975.0,5883.0,297.0,-211.0,508.0,-302.0,122.0,86458
E07000044,South Hams,595.0,2020,952.0,6454.0,1435.0,5019.0,251.0,-198.0,449.0,-357.0,33.0,87371
E07000044,South Hams,585.0,2021,921.0,7927.0,2177.0,5750.0,223.0,-116.0,339.0,-336.0,65.0,89161
E07000044,South Hams,608.0,2022,995.0,6266.0,846.0,5420.0,470.0,169.0,301.0,-387.0,6.0,89795
E07000044,South Hams,598.0,2023,1049.0,6613.0,1339.0,5274.0,534.0,245.0,289.0,-451.0,9.0,90937
E07000044,South Hams,571.0,2024,986.0,6659.0,1420.0,5239.0,440.0,176.0,264.0,-415.0,30.0,92148
E07000045,Teignbridge,,2011,,,,,,,,,,124271
E07000045,Teignbridge,1197.0,2012,1490.0,7029.0,1042.0,5987.0,370.0,21.0,349.0,-293.0,-211.0,124830
E07000045,Teignbridge,1238.0,2013,1476.0,7188.0,1344.0,5844.0,370.0,22.0,348.0,-238.0,-204.0,125754
E07000045,Teignbridge,1143.0,2014,1477.0,8641.0,1942.0,6699.0,371.0,26.0,345.0,-334.0,-152.0,127236
E07000045,Teignbridge,1186.0,2015,1543.0,8276.0,1863.0,6413.0,399.0,41.0,358.0,-357.0,-217.0,128566
E07000045,Teignbridge,1169.0,2016,1566.0,8101.0,1647.0,6454.0,427.0,45.0,382.0,-397.0,-193.0,129668
E07000045,Teignbridge,1148.0,2017,1517.0,9847.0,2439.0,7408.0,391.0,24.0,367.0,-369.0,-190.0,131572
E07000045,Teignbridge,1164.0,2018,1638.0,9239.0,1844.0,7395.0,359.0,-57.0,416.0,-474.0,-178.0,132707
E07000045,Teignbridge,1158.0,2019,1548.0,9390.0,1892.0,7498.0,331.0,-92.0,423.0,-390.0,-152.0,133965
E07000045,Teignbridge,1115.0,2020,1584.0,7546.0,553.0,6993.0,307.0,-74.0,381.0,-469.0,-106.0,133869
E07000045,Teignbridge,1027.0,2021,1573.0,9452.0,2077.0,7375.0,253.0,-59.0,312.0,-546.0,-152.0,135189
E07000045,Teignbridge,1099.0,2022,1719.0,8071.0,1196.0,6875.0,517.0,200.0,317.0,-620.0,21.0,135986
E07000045,Teignbridge,988.0,2023,1668.0,8235.0,1654.0,6581.0,628.0,356.0,272.0,-680.0,47.0,137363
E07000045,Teignbridge,955.0,2024,1540.0,7948.0,1441.0,6507.0,552.0,274.0,278.0,-585.0,55.0,138548
E07000046,Torridge,,2011,,,,,,,,,,63973
E07000046,Torridge,683.0,2012,727.0,4134.0,922.0,3212.0,157.0,-17.0,174.0,-44.0,-146.0,64688
E07000046,Torridge,625.0,2013,776.0,3942.0,465.0,3477.0,138.0,-26.0,164.0,-151.0,-116.0,64860
E07000046,Torridge,622.0,2014,727.0,4549.0,672.0,3877.0,174.0,-5.0,179.0,-105.0,-116.0,65306
E07000046,Torridge,565.0,2015,796.0,4584.0,896.0,3688.0,179.0,-13.0,192.0,-231.0,-150.0,65808
E07000046,Torridge,635.0,2016,821.0,4649.0,1038.0,3611.0,162.0,-37.0,199.0,-186.0,-111.0,66512
E07000046,Torridge,604.0,2017,834.0,5566.0,1462.0,4104.0,146.0,-71.0,217.0,-230.0,-144.0,67529
E07000046,Torridge,550.0,2018,867.0,5151.0,772.0,4379.0,160.0,-64.0,224.0,-317.0,-133.0,67787
E07000046,Torridge,542.0,2019,856.0,5013.0,548.0,4465.0,136.0,-61.0,197.0,-314.0,-123.0,67837
E07000046,Torridge,519.0,2020,848.0,4452.0,288.0,4164.0,122.0,-85.0,207.0,-329.0,-80.0,67631
E07000046,Torridge,517.0,2021,799.0,5601.0,1288.0,4313.0,96.0,-69.0,165.0,-282.0,-124.0,68444
E07000046,Torridge,492.0,2022,867.0,4462.0,467.0,3995.0,281.0,154.0,127.0,-375.0,6.0,68696
E07000046,Torridge,507.0,2023,930.0,4487.0,868.0,3619.0,259.0,149.0,110.0,-423.0,1.0,69291
E07000046,Torridge,472.0,2024,893.0,4267.0,845.0,3422.0,222.0,115.0,107.0,-421.0,11.0,69841
E07000047,West Devon,,2011,,,,,,,,,,53655
E07000047,West Devon,487.0,2012,588.0,3624.0,280.0,3344.0,117.0,19.0,98.0,-101.0,85.0,53938
E07000047,West Devon,495.0,2013,676.0,3437.0,159.0,3278.0,114.0,24.0,90.0,-181.0,71.0,54011
E07000047,West Devon,465.0,2014,573.0,4038.0,449.0,3589.0,135.0,35.0,100.0,-108.0,15.0,54402
E07000047,West Devon,464.0,2015,602.0,3753.0,307.0,3446.0,142.0,40.0,102.0,-138.0,12.0,54623
E07000047,West Devon,463.0,2016,665.0,3809.0,426.0,3383.0,174.0,69.0,105.0,-202.0,31.0,54947
E07000047,West Devon,444.0,2017,629.0,4241.0,701.0,3540.0,146.0,36.0,110.0,-185.0,58.0,55557
E07000047,West Devon,411.0,2018,713.0,3992.0,341.0,3651.0,131.0,15.0,116.0,-302.0,36.0,55647
E07000047,West Devon,398.0,2019,626.0,4046.0,464.0,3582.0,92.0,-22.0,114.0,-228.0,4.0,55865
E07000047,West Devon,382.0,2020,702.0,3791.0,689.0,3102.0,106.0,-18.0,124.0,-320.0,20.0,56236
E07000047,West Devon,397.0,2021,678.0,4920.0,1549.0,3371.0,100.0,-24.0,124.0,-281.0,0.0,57480
E07000047,West Devon,420.0,2022,730.0,4142.0,841.0,3301.0,247.0,166.0,81.0,-310.0,41.0,58218
E07000047,West Devon,364.0,2023,762.0,4085.0,851.0,3234.0,251.0,175.0,76.0,-398.0,74.0,58920
E07000047,West Devon,386.0,2024,715.0,4003.0,749.0,3254.0,223.0,132.0,91.0,-329.0,-549.0,58923
E07000061,Eastbourne,,2011,,,,,,,,,,99308
E07000061,Eastbourne,1202.0,2012,1238.0,6722.0,519.0,6203.0,788.0,283.0,505.0,-36.0,-84.0,99990
E07000061,Eastbourne,1151.0,2013,1365.0,6533.0,669.0,5864.0,818.0,319.0,499.0,-214.0,-102.0,100662
E07000061,Eastbourne,1114.0,2014,1210.0,7145.0,626.0,6519.0,814.0,265.0,549.0,-96.0,-129.0,101328
E07000061,Eastbourne,1114.0,2015,1342.0,7024.0,801.0,6223.0,809.0,241.0,568.0,-228.0,-146.0,101996
E07000061,Eastbourne,1044.0,2016,1261.0,6758.0,542.0,6216.0,982.0,446.0,536.0,-217.0,-157.0,102610
E07000061,Eastbourne,1042.0,2017,1340.0,7538.0,518.0,7020.0,912.0,307.0,605.0,-298.0,-173.0,102964
E07000061,Eastbourne,967.0,2018,1403.0,7095.0,10.0,7085.0,848.0,177.0,671.0,-436.0,-171.0,102544
E07000061,Eastbourne,931.0,2019,1287.0,7351.0,608.0,6743.0,839.0,129.0,710.0,-356.0,-171.0,102754
E07000061,Eastbourne,925.0,2020,1362.0,6235.0,-171.0,6406.0,704.0,-20.0,724.0,-437.0,-142.0,101984
E07000061,Eastbourne,893.0,2021,1443.0,7373.0,208.0,7165.0,785.0,127.0,658.0,-550.0,-168.0,101601
E07000061,Eastbourne,838.0,2022,1285.0,6941.0,385.0,6556.0,1280.0,752.0,528.0,-447.0,13.0,102304
E07000061,Eastbourne,803.0,2023,1417.0,6843.0,503.0,6340.0,2146.0,1669.0,477.0,-614.0,0.0,103862
E07000061,Eastbourne,826.0,2024,1315.0,6674.0,-8.0,6682.0,1514.0,893.0,621.0,-489.0,1.0,104259
E07000062,Hastings,,2011,,,,,,,,,,90173
E07000062,Hastings,1167.0,2012,966.0,4908.0,36.0,4872.0,475.0,139.0,336.0,201.0,-56.0,90493
E07000062,Hastings,1222.0,2013,971.0,4824.0,212.0,4612.0,429.0,104.0,325.0,251.0,-66.0,90994
E07000062,Hastings,1157.0,2014,924.0,5068.0,31.0,5037.0,502.0,176.0,326.0,233.0,-78.0,91356
E07000062,Hastings,1085.0,2015,1055.0,5113.0,315.0,4798.0,508.0,167.0,341.0,30.0,-73.0,91795
E07000062,Hastings,1083.0,2016,1008.0,5088.0,312.0,4776.0,622.0,240.0,382.0,75.0,-75.0,92347
E07000062,Hastings,1088.0,2017,1019.0,5300.0,-452.0,5752.0,501.0,140.0,361.0,69.0,-88.0,92016
E07000062,Hastings,1071.0,2018,1028.0,5517.0,-13.0,5530.0,431.0,-1.0,432.0,43.0,-82.0,91963
E07000062,Hastings,1030.0,2019,953.0,5271.0,-420.0,5691.0,464.0,38.0,426.0,77.0,-88.0,91570
E07000062,Hastings,987.0,2020,1043.0,4732.0,-259.0,4991.0,419.0,-43.0,462.0,-56.0,-82.0,91130
E07000062,Hastings,887.0,2021,1174.0,5785.0,187.0,5598.0,470.0,71.0,399.0,-287.0,-127.0,90974
E07000062,Hastings,909.0,2022,1048.0,4857.0,-607.0,5464.0,778.0,494.0,284.0,-139.0,12.0,90734
E07000062,Hastings,863.0,2023,1174.0,5152.0,101.0,5051.0,928.0,696.0,232.0,-311.0,1.0,91221
E07000062,Hastings,800.0,2024,1059.0,4833.0,-329.0,5162.0,843.0,584.0,259.0,-259.0,2.0,91219
E07000063,Lewes,,2011,,,,,,,,,,97584
E07000063,Lewes,1011.0,2012,996.0,6317.0,1210.0,5107.0,371.0,-25.0,396.0,15.0,-252.0,98532
E07000063,Lewes,931.0,2013,1120.0,6156.0,1216.0,4940.0,372.0,29.0,343.0,-189.0,-373.0,99215
E07000063,Lewes,867.0,2014,1013.0,6482.0,770.0,5712.0,411.0,4.0,407.0,-146.0,-236.0,99607
E07000063,Lewes,931.0,2015,1075.0,6138.0,651.0,5487.0,370.0,-32.0,402.0,-144.0,-365.0,99717
E07000063,Lewes,864.0,2016,1102.0,6466.0,925.0,5541.0,437.0,20.0,417.0,-238.0,-362.0,100062
E07000063,Lewes,895.0,2017,1113.0,6930.0,920.0,6010.0,402.0,-13.0,415.0,-218.0,-317.0,100434
E07000063,Lewes,911.0,2018,1169.0,6788.0,694.0,6094.0,449.0,39.0,410.0,-258.0,-320.0,100589
E07000063,Lewes,816.0,2019,1134.0,6972.0,976.0,5996.0,379.0,-82.0,461.0,-318.0,-352.0,100813
E07000063,Lewes,810.0,2020,1316.0,6246.0,516.0,5730.0,316.0,-111.0,427.0,-506.0,-269.0,100443
E07000063,Lewes,752.0,2021,1188.0,7141.0,548.0,6593.0,293.0,-65.0,358.0,-436.0,-324.0,100166
E07000063,Lewes,769.0,2022,1227.0,6512.0,704.0,5808.0,594.0,265.0,329.0,-458.0,16.0,100693
E07000063,Lewes,743.0,2023,1264.0,6528.0,917.0,5611.0,766.0,480.0,286.0,-521.0,36.0,101605
E07000063,Lewes,747.0,2024,1258.0,6679.0,1007.0,5672.0,581.0,312.0,269.0,-511.0,-50.0,102363
E07000064,Rother,,2011,,,,,,,,,,90729
E07000064,Rother,725.0,2012,1302.0,5965.0,953.0,5012.0,248.0,6.0,242.0,-577.0,-376.0,90735
E07000064,Rother,730.0,2013,1369.0,5796.0,776.0,5020.0,217.0,-7.0,224.0,-639.0,-378.0,90487
E07000064,Rother,685.0,2014,1299.0,6998.0,1785.0,5213.0,286.0,46.0,240.0,-614.0,-435.0,91269
E07000064,Rother,728.0,2015,1468.0,6836.0,1611.0,5225.0,311.0,65.0,246.0,-740.0,-454.0,91751
E07000064,Rother,719.0,2016,1336.0,6824.0,1579.0,5245.0,322.0,58.0,264.0,-617.0,-457.0,92314
E07000064,Rother,721.0,2017,1341.0,7434.0,1691.0,5743.0,298.0,9.0,289.0,-620.0,-490.0,92904
E07000064,Rother,741.0,2018,1343.0,6931.0,984.0,5947.0,276.0,-7.0,283.0,-602.0,-447.0,92832
E07000064,Rother,702.0,2019,1354.0,6833.0,838.0,5995.0,251.0,-8.0,259.0,-652.0,-429.0,92581
E07000064,Rother,687.0,2020,1403.0,6446.0,1297.0,5149.0,213.0,-50.0,263.0,-716.0,-378.0,92734
E07000064,Rother,660.0,2021,1609.0,8131.0,2132.0,5999.0,248.0,-52.0,300.0,-949.0,-456.0,93409
E07000064,Rother,631.0,2022,1440.0,7076.0,1338.0,5738.0,625.0,379.0,246.0,-809.0,6.0,94323
E07000064,Rother,642.0,2023,1512.0,6301.0,1071.0,5230.0,788.0,560.0,228.0,-870.0,5.0,95089
E07000064,Rother,655.0,2024,1465.0,6287.0,1319.0,4968.0,731.0,534.0,197.0,-810.0,1.0,96133
E07000065,Wealden,,2011,,,,,,,,,,149415
E07000065,Wealden,1312.0,2012,1618.0,9693.0,1894.0,7799.0,530.0,9.0,521.0,-306.0,-404.0,150608
E07000065,Wealden,1293.0,2013,1630.0,9373.0,1868.0,7505.0,536.0,30.0,506.0,-337.0,-344.0,151825
E07000065,Wealden,1328.0,2014,1573.0,10762.0,2754.0,8008.0,586.0,63.0,523.0,-245.0,-380.0,154017
E07000065,Wealden,1378.0,2015,1734.0,10105.0,2010.0,8095.0,617.0,71.0,546.0,-356.0,-381.0,155361
E07000065,Wealden,1392.0,2016,1733.0,9577.0,1320.0,8257.0,646.0,76.0,570.0,-341.0,-360.0,156056
E07000065,Wealden,1301.0,2017,1800.0,10330.0,1216.0,9114.0,562.0,-22.0,584.0,-499.0,-372.0,156379
E07000065,Wealden,1288.0,2018,1894.0,10558.0,1441.0,9117.0,552.0,-82.0,634.0,-606.0,-341.0,156791
E07000065,Wealden,1301.0,2019,1708.0,10659.0,1568.0,9091.0,494.0,-87.0,581.0,-407.0,-322.0,157543
E07000065,Wealden,1224.0,2020,1923.0,9897.0,1865.0,8032.0,429.0,-154.0,583.0,-699.0,-264.0,158291
E07000065,Wealden,1261.0,2021,1941.0,13112.0,3572.0,9540.0,387.0,-116.0,503.0,-680.0,-356.0,160711
E07000065,Wealden,1372.0,2022,1873.0,11305.0,2445.0,8860.0,935.0,455.0,480.0,-501.0,-19.0,163091
E07000065,Wealden,1280.0,2023,1982.0,10295.0,1735.0,8560.0,1109.0,702.0,407.0,-702.0,35.0,164861
E07000065,Wealden,1337.0,2024,1820.0,10130.0,1999.0,8131.0,920.0,528.0,392.0,-483.0,3.0,166908
E07000066,Basildon,,2011,,,,,,,,,,174971
E07000066,Basildon,2386.0,2012,1483.0,8119.0,430.0,7689.0,559.0,70.0,489.0,903.0,248.0,176622
E07000066,Basildon,2457.0,2013,1545.0,8283.0,959.0,7324.0,613.0,215.0,398.0,912.0,236.0,178944
E07000066,Basildon,2400.0,2014,1463.0,8887.0,858.0,8029.0,847.0,337.0,510.0,937.0,241.0,181317
E07000066,Basildon,2402.0,2015,1601.0,8832.0,40.0,8792.0,933.0,375.0,558.0,801.0,201.0,182734
E07000066,Basildon,2551.0,2016,1519.0,8820.0,325.0,8495.0,980.0,353.0,627.0,1032.0,207.0,184651
E07000066,Basildon,2449.0,2017,1607.0,9761.0,-807.0,10568.0,1002.0,389.0,613.0,842.0,224.0,185299
E07000066,Basildon,2437.0,2018,1677.0,10174.0,92.0,10082.0,1048.0,302.0,746.0,760.0,215.0,186668
E07000066,Basildon,2564.0,2019,1553.0,10231.0,-469.0,10700.0,1134.0,313.0,821.0,1011.0,191.0,187714
E07000066,Basildon,2407.0,2020,1824.0,8631.0,-713.0,9344.0,922.0,0.0,922.0,583.0,212.0,187796
E07000066,Basildon,2293.0,2021,1765.0,10197.0,-1186.0,11383.0,1075.0,305.0,770.0,528.0,275.0,187718
E07000066,Basildon,2280.0,2022,1597.0,10058.0,-802.0,10860.0,1823.0,1185.0,638.0,683.0,9.0,188793
E07000066,Basildon,2163.0,2023,1752.0,10500.0,-15.0,10515.0,2429.0,1930.0,499.0,411.0,1.0,191120
E07000066,Basildon,2165.0,2024,1492.0,10254.0,69.0,10185.0,2361.0,1768.0,593.0,673.0,2.0,193632
E07000067,Braintree,,2011,,,,,,,,,,147514
E07000067,Braintree,1767.0,2012,1344.0,7316.0,528.0,6788.0,427.0,4.0,423.0,423.0,-26.0,148443
E07000067,Braintree,1720.0,2013,1374.0,7103.0,349.0,6754.0,475.0,111.0,364.0,346.0,36.0,149285
E07000067,Braintree,1621.0,2014,1291.0,7776.0,479.0,7297.0,574.0,179.0,395.0,330.0,41.0,150314
E07000067,Braintree,1636.0,2015,1498.0,7810.0,155.0,7655.0,624.0,219.0,405.0,138.0,82.0,150908
E07000067,Braintree,1678.0,2016,1455.0,7786.0,388.0,7398.0,669.0,265.0,404.0,223.0,64.0,151848
E07000067,Braintree,1667.0,2017,1454.0,8763.0,227.0,8536.0,517.0,68.0,449.0,213.0,66.0,152422
E07000067,Braintree,1701.0,2018,1594.0,8239.0,-198.0,8437.0,416.0,-93.0,509.0,107.0,115.0,152353
E07000067,Braintree,1591.0,2019,1514.0,9151.0,966.0,8185.0,421.0,-102.0,523.0,77.0,145.0,153439
E07000067,Braintree,1537.0,2020,1623.0,8122.0,650.0,7472.0,340.0,-74.0,414.0,-86.0,178.0,154107
E07000067,Braintree,1450.0,2021,1647.0,10321.0,1577.0,8744.0,321.0,-15.0,336.0,-197.0,221.0,155693
E07000067,Braintree,1666.0,2022,1552.0,9922.0,1675.0,8247.0,544.0,173.0,371.0,114.0,1.0,157656
E07000067,Braintree,1569.0,2023,1711.0,9717.0,2370.0,7347.0,920.0,606.0,314.0,-142.0,4.0,160494
E07000067,Braintree,1589.0,2024,1507.0,9938.0,2574.0,7364.0,1501.0,1155.0,346.0,82.0,-1.0,164304
E07000068,Brentwood,,2011,,,,,,,,,,73841
E07000068,Brentwood,797.0,2012,728.0,4420.0,202.0,4218.0,344.0,56.0,288.0,69.0,87.0,74255
E07000068,Brentwood,835.0,2013,696.0,4416.0,398.0,4018.0,322.0,29.0,293.0,139.0,91.0,74912
E07000068,Brentwood,822.0,2014,734.0,5242.0,986.0,4256.0,400.0,107.0,293.0,88.0,100.0,76193
E07000068,Brentwood,896.0,2015,808.0,4839.0,237.0,4602.0,431.0,94.0,337.0,88.0,78.0,76690
E07000068,Brentwood,855.0,2016,756.0,4684.0,129.0,4555.0,508.0,154.0,354.0,99.0,91.0,77163
E07000068,Brentwood,853.0,2017,775.0,4928.0,-481.0,5409.0,418.0,49.0,369.0,78.0,141.0,76950
E07000068,Brentwood,843.0,2018,831.0,4956.0,-232.0,5188.0,415.0,10.0,405.0,12.0,114.0,76854
E07000068,Brentwood,834.0,2019,696.0,5328.0,117.0,5211.0,434.0,-17.0,451.0,138.0,139.0,77231
E07000068,Brentwood,854.0,2020,844.0,4543.0,35.0,4508.0,345.0,-73.0,418.0,10.0,136.0,77339
E07000068,Brentwood,771.0,2021,817.0,5770.0,-365.0,6135.0,425.0,47.0,378.0,-46.0,136.0,77111
E07000068,Brentwood,936.0,2022,788.0,5238.0,-252.0,5490.0,621.0,309.0,312.0,148.0,0.0,77316
E07000068,Brentwood,795.0,2023,810.0,5664.0,549.0,5115.0,782.0,518.0,264.0,-15.0,13.0,78381
E07000068,Brentwood,853.0,2024,733.0,5598.0,400.0,5198.0,701.0,427.0,274.0,120.0,-2.0,79326
E07000069,Castle Point,,2011,,,,,,,,,,87964
E07000069,Castle Point,806.0,2012,978.0,4295.0,362.0,3933.0,84.0,-31.0,115.0,-172.0,-4.0,88119
E07000069,Castle Point,861.0,2013,1039.0,4174.0,415.0,3759.0,84.0,-6.0,90.0,-178.0,27.0,88377
E07000069,Castle Point,828.0,2014,945.0,4465.0,381.0,4084.0,118.0,12.0,106.0,-117.0,1.0,88654
E07000069,Castle Point,843.0,2015,1045.0,4464.0,418.0,4046.0,114.0,9.0,105.0,-202.0,-25.0,88854
E07000069,Castle Point,870.0,2016,1046.0,4529.0,656.0,3873.0,165.0,59.0,106.0,-176.0,-3.0,89390
E07000069,Castle Point,862.0,2017,1049.0,4952.0,71.0,4881.0,121.0,6.0,115.0,-187.0,-5.0,89275
E07000069,Castle Point,849.0,2018,1064.0,4967.0,262.0,4705.0,132.0,18.0,114.0,-215.0,1.0,89341
E07000069,Castle Point,826.0,2019,1061.0,4912.0,478.0,4434.0,137.0,21.0,116.0,-235.0,14.0,89619
E07000069,Castle Point,811.0,2020,1141.0,4354.0,506.0,3848.0,89.0,-14.0,103.0,-330.0,1.0,89782
E07000069,Castle Point,800.0,2021,1260.0,5315.0,337.0,4978.0,115.0,17.0,98.0,-460.0,36.0,89712
E07000069,Castle Point,874.0,2022,1084.0,4519.0,167.0,4352.0,180.0,96.0,84.0,-210.0,14.0,89779
E07000069,Castle Point,775.0,2023,1116.0,4620.0,524.0,4096.0,264.0,177.0,87.0,-341.0,1.0,90140
E07000069,Castle Point,791.0,2024,1105.0,4594.0,576.0,4018.0,268.0,176.0,92.0,-314.0,3.0,90581
E07000070,Chelmsford,,2011,,,,,,,,,,168491
E07000070,Chelmsford,2030.0,2012,1373.0,8457.0,-38.0,8495.0,906.0,144.0,762.0,657.0,47.0,169301
E07000070,Chelmsford,1905.0,2013,1416.0,8571.0,429.0,8142.0,1048.0,294.0,754.0,489.0,-32.0,170481
E07000070,Chelmsford,1923.0,2014,1266.0,9117.0,393.0,8724.0,1186.0,401.0,785.0,657.0,196.0,172128
E07000070,Chelmsford,1928.0,2015,1467.0,9465.0,123.0,9342.0,1419.0,628.0,791.0,461.0,57.0,173397
E07000070,Chelmsford,1927.0,2016,1423.0,9683.0,492.0,9191.0,1472.0,584.0,888.0,504.0,160.0,175137
E07000070,Chelmsford,2016.0,2017,1502.0,11878.0,1053.0,10825.0,1253.0,327.0,926.0,514.0,71.0,177102
E07000070,Chelmsford,1958.0,2018,1521.0,10870.0,260.0,10610.0,1257.0,246.0,1011.0,437.0,-28.0,178017
E07000070,Chelmsford,1866.0,2019,1549.0,11801.0,804.0,10997.0,1691.0,608.0,1083.0,317.0,136.0,179882
E07000070,Chelmsford,1773.0,2020,1704.0,10675.0,432.0,10243.0,1202.0,35.0,1167.0,69.0,70.0,180488
E07000070,Chelmsford,1855.0,2021,1599.0,12750.0,458.0,12292.0,1348.0,444.0,904.0,256.0,181.0,181827
E07000070,Chelmsford,1923.0,2022,1660.0,11708.0,193.0,11515.0,1958.0,1197.0,761.0,263.0,-9.0,183471
E07000070,Chelmsford,1835.0,2023,1764.0,11597.0,297.0,11300.0,2866.0,2185.0,681.0,71.0,36.0,186060
E07000070,Chelmsford,1781.0,2024,1571.0,11472.0,340.0,11132.0,2965.0,2168.0,797.0,210.0,25.0,188803
E07000071,Colchester,,2011,,,,,,,,,,173614
E07000071,Colchester,2263.0,2012,1416.0,10768.0,1272.0,9496.0,2429.0,657.0,1772.0,847.0,-550.0,175840
E07000071,Colchester,2307.0,2013,1475.0,10125.0,317.0,9808.0,2561.0,894.0,1667.0,832.0,-575.0,177308
E07000071,Colchester,2245.0,2014,1448.0,11683.0,1532.0,10151.0,2778.0,945.0,1833.0,797.0,-168.0,180414
E07000071,Colchester,2216.0,2015,1542.0,12191.0,1399.0,10792.0,2790.0,1069.0,1721.0,674.0,-314.0,183242
E07000071,Colchester,2248.0,2016,1620.0,11850.0,589.0,11261.0,2981.0,1290.0,1691.0,628.0,-388.0,185361
E07000071,Colchester,2163.0,2017,1569.0,13810.0,1087.0,12723.0,2533.0,627.0,1906.0,594.0,-492.0,187177
E07000071,Colchester,2216.0,2018,1651.0,14198.0,1109.0,13089.0,2537.0,803.0,1734.0,565.0,-553.0,189101
E07000071,Colchester,2072.0,2019,1600.0,13782.0,491.0,13291.0,3155.0,1013.0,2142.0,472.0,-607.0,190470
E07000071,Colchester,2083.0,2020,1606.0,13558.0,737.0,12821.0,2831.0,773.0,2058.0,477.0,-478.0,191979
E07000071,Colchester,1979.0,2021,1761.0,14595.0,-1042.0,15637.0,3390.0,2280.0,1110.0,218.0,-777.0,192658
E07000071,Colchester,2019.0,2022,1651.0,13674.0,-1105.0,14779.0,4240.0,2583.0,1657.0,368.0,-29.0,194475
E07000071,Colchester,1929.0,2023,1803.0,12958.0,-901.0,13859.0,5779.0,4752.0,1027.0,126.0,45.0,198497
E07000071,Colchester,2025.0,2024,1608.0,12329.0,-2487.0,14816.0,5042.0,3865.0,1177.0,417.0,-70.0,200222
E07000072,Epping Forest,,2011,,,,,,,,,,124880
E07000072,Epping Forest,1623.0,2012,1181.0,7776.0,765.0,7011.0,615.0,96.0,519.0,442.0,416.0,126599
E07000072,Epping Forest,1606.0,2013,1166.0,7575.0,460.0,7115.0,622.0,144.0,478.0,440.0,425.0,128068
E07000072,Epping Forest,1488.0,2014,1216.0,8676.0,977.0,7699.0,800.0,276.0,524.0,272.0,447.0,130040
E07000072,Epping Forest,1559.0,2015,1384.0,8286.0,0.0,8286.0,804.0,220.0,584.0,175.0,413.0,130848
E07000072,Epping Forest,1626.0,2016,1255.0,7807.0,-323.0,8130.0,992.0,308.0,684.0,371.0,383.0,131587
E07000072,Epping Forest,1571.0,2017,1257.0,9145.0,-219.0,9364.0,877.0,234.0,643.0,314.0,460.0,132376
E07000072,Epping Forest,1610.0,2018,1309.0,9140.0,-9.0,9149.0,942.0,245.0,697.0,301.0,460.0,133373
E07000072,Epping Forest,1631.0,2019,1218.0,9212.0,-235.0,9447.0,962.0,193.0,769.0,413.0,462.0,134206
E07000072,Epping Forest,1619.0,2020,1558.0,8182.0,-107.0,8289.0,717.0,-19.0,736.0,61.0,428.0,134569
E07000072,Epping Forest,1501.0,2021,1299.0,10149.0,-613.0,10762.0,783.0,173.0,610.0,202.0,610.0,134941
E07000072,Epping Forest,1544.0,2022,1253.0,9030.0,-462.0,9492.0,925.0,102.0,823.0,291.0,17.0,134889
E07000072,Epping Forest,1497.0,2023,1361.0,8963.0,135.0,8828.0,1518.0,1010.0,508.0,136.0,6.0,136176
E07000072,Epping Forest,1380.0,2024,1255.0,9324.0,537.0,8787.0,1198.0,614.0,584.0,125.0,-1.0,137451
E07000073,Harlow,,2011,,,,,,,,,,82177
E07000073,Harlow,1308.0,2012,730.0,3626.0,-153.0,3779.0,726.0,368.0,358.0,578.0,508.0,83478
E07000073,Harlow,1367.0,2013,689.0,3598.0,-278.0,3876.0,769.0,373.0,396.0,678.0,492.0,84743
E07000073,Harlow,1258.0,2014,652.0,4178.0,105.0,4073.0,949.0,551.0,398.0,606.0,526.0,86531
E07000073,Harlow,1312.0,2015,734.0,4098.0,-326.0,4424.0,932.0,527.0,405.0,578.0,487.0,87797
E07000073,Harlow,1222.0,2016,708.0,3995.0,-494.0,4489.0,1058.0,623.0,435.0,514.0,473.0,88913
E07000073,Harlow,1275.0,2017,755.0,4726.0,-529.0,5255.0,853.0,390.0,463.0,520.0,530.0,89824
E07000073,Harlow,1187.0,2018,755.0,4836.0,-508.0,5344.0,963.0,424.0,539.0,432.0,523.0,90695
E07000073,Harlow,1210.0,2019,753.0,5035.0,-244.0,5279.0,1116.0,475.0,641.0,457.0,569.0,91952
E07000073,Harlow,1165.0,2020,830.0,4426.0,-402.0,4828.0,697.0,48.0,649.0,335.0,482.0,92415
E07000073,Harlow,1211.0,2021,797.0,5188.0,-371.0,5559.0,990.0,364.0,626.0,414.0,606.0,93428
E07000073,Harlow,1230.0,2022,743.0,5240.0,25.0,5215.0,1155.0,501.0,654.0,487.0,6.0,94447
E07000073,Harlow,1216.0,2023,841.0,5667.0,407.0,5260.0,1602.0,1202.0,400.0,375.0,-2.0,96429
E07000073,Harlow,1283.0,2024,762.0,5616.0,247.0,5369.0,1546.0,1039.0,507.0,521.0,-1.0,98235
E07000074,Maldon,,2011,,,,,,,,,,61720
E07000074,Maldon,574.0,2012,638.0,3230.0,291.0,2939.0,136.0,12.0,124.0,-64.0,-17.0,61942
E07000074,Maldon,537.0,2013,572.0,3109.0,268.0,2841.0,142.0,13.0,129.0,-35.0,-4.0,62184
E07000074,Maldon,545.0,2014,605.0,3645.0,673.0,2972.0,160.0,17.0,143.0,-60.0,-7.0,62807
E07000074,Maldon,538.0,2015,708.0,3428.0,105.0,3323.0,187.0,55.0,132.0,-170.0,-1.0,62796
E07000074,Maldon,576.0,2016,626.0,3666.0,583.0,3083.0,156.0,11.0,145.0,-50.0,-21.0,63319
E07000074,Maldon,509.0,2017,630.0,4293.0,554.0,3739.0,146.0,-4.0,150.0,-121.0,-5.0,63743
E07000074,Maldon,621.0,2018,724.0,3926.0,363.0,3563.0,145.0,-7.0,152.0,-103.0,19.0,64015
E07000074,Maldon,511.0,2019,680.0,4035.0,641.0,3394.0,146.0,-18.0,164.0,-169.0,12.0,64481
E07000074,Maldon,512.0,2020,753.0,3818.0,834.0,2984.0,122.0,-33.0,155.0,-241.0,49.0,65090
E07000074,Maldon,553.0,2021,702.0,5319.0,1655.0,3664.0,99.0,-25.0,124.0,-149.0,40.0,66611
E07000074,Maldon,613.0,2022,737.0,4448.0,1050.0,3398.0,188.0,84.0,104.0,-124.0,3.0,67624
E07000074,Maldon,539.0,2023,819.0,4108.0,974.0,3134.0,199.0,81.0,118.0,-280.0,1.0,68400
E07000074,Maldon,568.0,2024,770.0,3868.0,887.0,2981.0,165.0,44.0,121.0,-202.0,2.0,69131
E07000075,Rochford,,2011,,,,,,,,,,83333
E07000075,Rochford,771.0,2012,743.0,4436.0,455.0,3981.0,73.0,-17.0,90.0,28.0,-217.0,83582
E07000075,Rochford,755.0,2013,802.0,4149.0,252.0,3897.0,61.0,-21.0,82.0,-47.0,-394.0,83372
E07000075,Rochford,764.0,2014,677.0,4870.0,895.0,3975.0,80.0,-15.0,95.0,87.0,-228.0,84111
E07000075,Rochford,763.0,2015,793.0,4621.0,416.0,4205.0,113.0,20.0,93.0,-30.0,-226.0,84291
E07000075,Rochford,754.0,2016,829.0,4591.0,568.0,4023.0,109.0,14.0,95.0,-75.0,-230.0,84568
E07000075,Rochford,805.0,2017,856.0,5119.0,407.0,4712.0,88.0,-6.0,94.0,-51.0,-246.0,84672
E07000075,Rochford,769.0,2018,923.0,5308.0,866.0,4442.0,100.0,-4.0,104.0,-154.0,-251.0,85129
E07000075,Rochford,773.0,2019,792.0,5071.0,416.0,4655.0,85.0,-6.0,91.0,-19.0,-230.0,85290
E07000075,Rochford,796.0,2020,941.0,4363.0,250.0,4113.0,83.0,-27.0,110.0,-145.0,-155.0,85213
E07000075,Rochford,755.0,2021,977.0,6202.0,1395.0,4807.0,76.0,-5.0,81.0,-222.0,-200.0,86181
E07000075,Rochford,802.0,2022,897.0,5433.0,1101.0,4332.0,160.0,83.0,77.0,-95.0,2.0,87272
E07000075,Rochford,817.0,2023,1040.0,5454.0,1125.0,4329.0,456.0,383.0,73.0,-223.0,3.0,88560
E07000075,Rochford,814.0,2024,928.0,5131.0,1003.0,4128.0,442.0,363.0,79.0,-114.0,3.0,89815
E07000076,Tendring,,2011,,,,,,,,,,138062
E07000076,Tendring,1412.0,2012,2015.0,6515.0,946.0,5569.0,295.0,-21.0,316.0,-603.0,-106.0,138278
E07000076,Tendring,1287.0,2013,2078.0,6665.0,1459.0,5206.0,287.0,48.0,239.0,-791.0,-132.0,138862
E07000076,Tendring,1407.0,2014,1962.0,7618.0,1952.0,5666.0,388.0,139.0,249.0,-555.0,-123.0,140275
E07000076,Tendring,1358.0,2015,2131.0,7816.0,2136.0,5680.0,358.0,88.0,270.0,-773.0,-195.0,141531
E07000076,Tendring,1293.0,2016,2187.0,7618.0,2388.0,5230.0,433.0,173.0,260.0,-894.0,-175.0,143023
E07000076,Tendring,1339.0,2017,2185.0,8603.0,2358.0,6245.0,337.0,42.0,295.0,-846.0,-254.0,144323
E07000076,Tendring,1343.0,2018,2309.0,8005.0,1955.0,6050.0,350.0,30.0,320.0,-966.0,-214.0,145128
E07000076,Tendring,1253.0,2019,2139.0,7806.0,1681.0,6125.0,299.0,-14.0,313.0,-886.0,-213.0,145696
E07000076,Tendring,1255.0,2020,2360.0,7313.0,1877.0,5436.0,266.0,-26.0,292.0,-1105.0,-187.0,146255
E07000076,Tendring,1231.0,2021,2487.0,9953.0,4164.0,5789.0,195.0,-10.0,205.0,-1256.0,-228.0,148925
E07000076,Tendring,1268.0,2022,2281.0,9032.0,3441.0,5591.0,451.0,182.0,269.0,-1013.0,-5.0,151530
E07000076,Tendring,1300.0,2023,2481.0,8280.0,2991.0,5289.0,1204.0,960.0,244.0,-1181.0,21.0,154321
E07000076,Tendring,1201.0,2024,2264.0,7706.0,2561.0,5145.0,1193.0,942.0,251.0,-1063.0,-2.0,156759
E07000077,Uttlesford,,2011,,,,,,,,,,80032
E07000077,Uttlesford,839.0,2012,604.0,5407.0,1069.0,4338.0,335.0,65.0,270.0,235.0,-253.0,81148
E07000077,Uttlesford,878.0,2013,636.0,5475.0,1164.0,4311.0,345.0,26.0,319.0,242.0,-216.0,82364
E07000077,Uttlesford,873.0,2014,656.0,6007.0,1334.0,4673.0,428.0,97.0,331.0,217.0,-280.0,83732
E07000077,Uttlesford,903.0,2015,692.0,5904.0,839.0,5065.0,459.0,92.0,367.0,211.0,-252.0,84622
E07000077,Uttlesford,923.0,2016,732.0,6031.0,1033.0,4998.0,469.0,102.0,367.0,191.0,-383.0,85565
E07000077,Uttlesford,870.0,2017,756.0,6917.0,1146.0,5771.0,408.0,10.0,398.0,114.0,-324.0,86511
E07000077,Uttlesford,923.0,2018,732.0,6962.0,1353.0,5609.0,405.0,-41.0,446.0,191.0,-303.0,87711
E07000077,Uttlesford,900.0,2019,692.0,7163.0,1744.0,5419.0,426.0,-62.0,488.0,208.0,-240.0,89361
E07000077,Uttlesford,928.0,2020,799.0,6128.0,1293.0,4835.0,279.0,-129.0,408.0,129.0,-172.0,90482
E07000077,Uttlesford,825.0,2021,736.0,7834.0,1651.0,6183.0,277.0,-52.0,329.0,89.0,-249.0,91921
E07000077,Uttlesford,860.0,2022,757.0,6315.0,258.0,6057.0,653.0,339.0,314.0,103.0,29.0,92650
E07000077,Uttlesford,858.0,2023,858.0,6352.0,759.0,5593.0,806.0,567.0,239.0,0.0,-66.0,93910
E07000077,Uttlesford,833.0,2024,777.0,6339.0,831.0,5508.0,609.0,352.0,257.0,56.0,-43.0,95106
E07000078,Cheltenham,,2011,,,,,,,,,,115645
E07000078,Cheltenham,1425.0,2012,1003.0,8092.0,-306.0,8398.0,1073.0,104.0,969.0,422.0,153.0,116018
E07000078,Cheltenham,1326.0,2013,1059.0,7961.0,-500.0,8461.0,1116.0,194.0,922.0,267.0,185.0,116164
E07000078,Cheltenham,1431.0,2014,1033.0,9056.0,71.0,8985.0,1213.0,281.0,932.0,398.0,180.0,117094
E07000078,Cheltenham,1335.0,2015,1138.0,8740.0,-50.0,8790.0,1214.0,255.0,959.0,197.0,197.0,117693
E07000078,Cheltenham,1287.0,2016,1161.0,9092.0,590.0,8502.0,1307.0,320.0,987.0,126.0,224.0,118953
E07000078,Cheltenham,1270.0,2017,1158.0,10140.0,-67.0,10207.0,1154.0,75.0,1079.0,112.0,230.0,119303
E07000078,Cheltenham,1233.0,2018,1161.0,10143.0,60.0,10083.0,1061.0,-94.0,1155.0,72.0,259.0,119600
E07000078,Cheltenham,1188.0,2019,1151.0,9879.0,-362.0,10241.0,1012.0,-134.0,1146.0,37.0,318.0,119459
E07000078,Cheltenham,1113.0,2020,1272.0,9059.0,-437.0,9496.0,744.0,-285.0,1029.0,-159.0,346.0,118924
E07000078,Cheltenham,1050.0,2021,1172.0,10523.0,-267.0,10790.0,759.0,-154.0,913.0,-122.0,457.0,118838
E07000078,Cheltenham,1119.0,2022,1243.0,9415.0,-61.0,9476.0,1672.0,944.0,728.0,-124.0,20.0,119617
E07000078,Cheltenham,1042.0,2023,1307.0,9177.0,-64.0,9241.0,2386.0,1717.0,669.0,-265.0,-146.0,120859
E07000078,Cheltenham,1026.0,2024,1222.0,9120.0,-345.0,9465.0,2083.0,1343.0,740.0,-196.0,78.0,121739
E07000079,Cotswold,,2011,,,,,,,,,,83180
E07000079,Cotswold,711.0,2012,839.0,5899.0,502.0,5397.0,511.0,-63.0,574.0,-128.0,-8.0,83483
E07000079,Cotswold,698.0,2013,870.0,6072.0,674.0,5398.0,464.0,-33.0,497.0,-172.0,34.0,83986
E07000079,Cotswold,731.0,2014,868.0,6950.0,716.0,6234.0,575.0,56.0,519.0,-137.0,35.0,84656
E07000079,Cotswold,667.0,2015,932.0,6637.0,831.0,5806.0,588.0,18.0,570.0,-265.0,53.0,85293
E07000079,Cotswold,747.0,2016,884.0,6542.0,736.0,5806.0,626.0,87.0,539.0,-137.0,15.0,85994
E07000079,Cotswold,738.0,2017,924.0,8384.0,1708.0,6676.0,596.0,-22.0,618.0,-186.0,46.0,87540
E07000079,Cotswold,768.0,2018,961.0,7958.0,1515.0,6443.0,577.0,-76.0,653.0,-193.0,28.0,88814
E07000079,Cotswold,765.0,2019,890.0,7827.0,1007.0,6820.0,524.0,-140.0,664.0,-125.0,76.0,89632
E07000079,Cotswold,725.0,2020,1054.0,6854.0,594.0,6260.0,420.0,-175.0,595.0,-329.0,102.0,89824
E07000079,Cotswold,714.0,2021,1024.0,9100.0,1560.0,7540.0,356.0,-118.0,474.0,-310.0,120.0,91076
E07000079,Cotswold,750.0,2022,1062.0,6816.0,184.0,6632.0,837.0,391.0,446.0,-312.0,29.0,91368
E07000079,Cotswold,688.0,2023,1089.0,6624.0,103.0,6521.0,870.0,453.0,417.0,-401.0,-12.0,91511
E07000079,Cotswold,647.0,2024,1043.0,6499.0,223.0,6276.0,670.0,325.0,345.0,-396.0,-2.0,91661
E07000080,Forest of Dean,,2011,,,,,,,,,,82200
E07000080,Forest of Dean,788.0,2012,841.0,4252.0,412.0,3840.0,209.0,-61.0,270.0,-53.0,-61.0,82437
E07000080,Forest of Dean,760.0,2013,907.0,4387.0,417.0,3970.0,206.0,-53.0,259.0,-147.0,18.0,82672
E07000080,Forest of Dean,762.0,2014,832.0,5121.0,837.0,4284.0,223.0,-27.0,250.0,-70.0,-35.0,83377
E07000080,Forest of Dean,774.0,2015,924.0,4999.0,1078.0,3921.0,267.0,19.0,248.0,-150.0,11.0,84335
E07000080,Forest of Dean,813.0,2016,907.0,5083.0,935.0,4148.0,277.0,26.0,251.0,-94.0,-67.0,85135
E07000080,Forest of Dean,791.0,2017,980.0,5255.0,616.0,4639.0,269.0,-17.0,286.0,-189.0,12.0,85557
E07000080,Forest of Dean,761.0,2018,918.0,5323.0,768.0,4555.0,264.0,-22.0,286.0,-157.0,-13.0,86133
E07000080,Forest of Dean,752.0,2019,909.0,5203.0,426.0,4777.0,295.0,-29.0,324.0,-157.0,-99.0,86274
E07000080,Forest of Dean,722.0,2020,936.0,4652.0,473.0,4179.0,235.0,-84.0,319.0,-214.0,5.0,86454
E07000080,Forest of Dean,723.0,2021,977.0,6152.0,1048.0,5104.0,214.0,-72.0,286.0,-254.0,-62.0,87114
E07000080,Forest of Dean,758.0,2022,1051.0,5922.0,998.0,4924.0,394.0,178.0,216.0,-293.0,-66.0,87931
E07000080,Forest of Dean,744.0,2023,1042.0,5712.0,1095.0,4617.0,526.0,325.0,201.0,-298.0,-3.0,89050
E07000080,Forest of Dean,746.0,2024,1016.0,5323.0,857.0,4466.0,700.0,488.0,212.0,-270.0,-372.0,89753
E07000081,Gloucester,,2011,,,,,,,,,,121921
E07000081,Gloucester,1818.0,2012,947.0,6514.0,119.0,6395.0,707.0,281.0,426.0,871.0,275.0,123467
E07000081,Gloucester,1886.0,2013,1052.0,6687.0,68.0,6619.0,828.0,478.0,350.0,834.0,100.0,124947
E07000081,Gloucester,1703.0,2014,1046.0,7299.0,-119.0,7418.0,845.0,402.0,443.0,657.0,280.0,126167
E07000081,Gloucester,1773.0,2015,1138.0,7444.0,503.0,6941.0,953.0,503.0,450.0,635.0,224.0,128032
E07000081,Gloucester,1828.0,2016,1143.0,7194.0,206.0,6988.0,1010.0,570.0,440.0,685.0,223.0,129716
E07000081,Gloucester,1652.0,2017,1129.0,7913.0,17.0,7896.0,887.0,401.0,486.0,523.0,241.0,130898
E07000081,Gloucester,1701.0,2018,1130.0,7675.0,-603.0,8278.0,846.0,264.0,582.0,571.0,190.0,131320
E07000081,Gloucester,1514.0,2019,1161.0,8088.0,-426.0,8514.0,890.0,261.0,629.0,353.0,268.0,131776
E07000081,Gloucester,1435.0,2020,1307.0,7388.0,-112.0,7500.0,722.0,36.0,686.0,128.0,284.0,132112
E07000081,Gloucester,1387.0,2021,1167.0,8479.0,-317.0,8796.0,835.0,191.0,644.0,220.0,358.0,132564
E07000081,Gloucester,1464.0,2022,1314.0,8236.0,-87.0,8323.0,1593.0,1067.0,526.0,150.0,-4.0,133690
E07000081,Gloucester,1416.0,2023,1330.0,8199.0,-206.0,8405.0,3087.0,2678.0,409.0,86.0,54.0,136302
E07000081,Gloucester,1456.0,2024,1301.0,8360.0,-336.0,8696.0,3044.0,2526.0,518.0,155.0,-49.0,138598
E07000082,Stroud,,2011,,,,,,,,,,113074
E07000082,Stroud,1152.0,2012,1129.0,5700.0,431.0,5269.0,293.0,-48.0,341.0,23.0,-152.0,113328
E07000082,Stroud,1056.0,2013,1259.0,6144.0,898.0,5246.0,304.0,-31.0,335.0,-203.0,-97.0,113895
E07000082,Stroud,1037.0,2014,1209.0,7304.0,1637.0,5667.0,358.0,-2.0,360.0,-172.0,-147.0,115211
E07000082,Stroud,1113.0,2015,1229.0,7125.0,1809.0,5316.0,342.0,-19.0,361.0,-116.0,-115.0,116770
E07000082,Stroud,1117.0,2016,1207.0,6447.0,584.0,5863.0,410.0,32.0,378.0,-90.0,-83.0,117213
E07000082,Stroud,1076.0,2017,1291.0,7300.0,755.0,6545.0,361.0,-38.0,399.0,-215.0,-102.0,117613
E07000082,Stroud,1084.0,2018,1272.0,7499.0,937.0,6562.0,349.0,-91.0,440.0,-188.0,-99.0,118172
E07000082,Stroud,1042.0,2019,1194.0,7628.0,1026.0,6602.0,287.0,-131.0,418.0,-152.0,-83.0,118832
E07000082,Stroud,1008.0,2020,1334.0,6980.0,1129.0,5851.0,266.0,-128.0,394.0,-326.0,4.0,119511
E07000082,Stroud,934.0,2021,1266.0,9041.0,2415.0,6626.0,232.0,-93.0,325.0,-332.0,-8.0,121493
E07000082,Stroud,1066.0,2022,1361.0,8050.0,1784.0,6266.0,568.0,281.0,287.0,-295.0,19.0,123282
E07000082,Stroud,995.0,2023,1364.0,7462.0,1260.0,6202.0,678.0,414.0,264.0,-369.0,-131.0,124456
E07000082,Stroud,972.0,2024,1324.0,7097.0,1208.0,5889.0,636.0,373.0,263.0,-352.0,-5.0,125680
E07000083,Tewkesbury,,2011,,,,,,,,,,82269
E07000083,Tewkesbury,892.0,2012,786.0,5434.0,396.0,5038.0,301.0,49.0,252.0,106.0,-252.0,82568
E07000083,Tewkesbury,929.0,2013,850.0,6068.0,1143.0,4925.0,315.0,70.0,245.0,79.0,-311.0,83549
E07000083,Tewkesbury,979.0,2014,784.0,6904.0,1394.0,5510.0,311.0,27.0,284.0,195.0,-339.0,84826
E07000083,Tewkesbury,953.0,2015,841.0,6318.0,835.0,5483.0,326.0,45.0,281.0,112.0,-270.0,85548
E07000083,Tewkesbury,1002.0,2016,820.0,6637.0,1548.0,5089.0,345.0,32.0,313.0,182.0,-245.0,87065
E07000083,Tewkesbury,993.0,2017,902.0,8081.0,2003.0,6078.0,329.0,-4.0,333.0,91.0,-354.0,88801
E07000083,Tewkesbury,1051.0,2018,848.0,8140.0,1959.0,6181.0,304.0,-59.0,363.0,203.0,-290.0,90614
E07000083,Tewkesbury,1014.0,2019,868.0,8454.0,2363.0,6091.0,276.0,-98.0,374.0,146.0,-322.0,92703
E07000083,Tewkesbury,962.0,2020,979.0,6909.0,1365.0,5544.0,230.0,-104.0,334.0,-17.0,-200.0,93747
E07000083,Tewkesbury,956.0,2021,884.0,8542.0,1855.0,6687.0,245.0,-71.0,316.0,72.0,-203.0,95400
E07000083,Tewkesbury,993.0,2022,967.0,7685.0,1356.0,6329.0,495.0,239.0,256.0,26.0,29.0,97050
E07000083,Tewkesbury,982.0,2023,995.0,7910.0,2098.0,5812.0,606.0,388.0,218.0,-13.0,23.0,99546
E07000083,Tewkesbury,984.0,2024,938.0,8022.0,2087.0,5935.0,485.0,256.0,229.0,46.0,14.0,101949
E07000084,Basingstoke and Deane,,2011,,,,,,,,,,168550
E07000084,Basingstoke and Deane,2407.0,2012,1209.0,8448.0,872.0,7576.0,1140.0,240.0,900.0,1198.0,412.0,171272
E07000084,Basingstoke and Deane,2285.0,2013,1205.0,8258.0,214.0,8044.0,1049.0,224.0,825.0,1080.0,510.0,173300
E07000084,Basingstoke and Deane,2112.0,2014,1223.0,8731.0,12.0,8719.0,1337.0,491.0,846.0,889.0,452.0,175144
E07000084,Basingstoke and Deane,2140.0,2015,1407.0,8784.0,108.0,8676.0,1290.0,420.0,870.0,733.0,433.0,176838
E07000084,Basingstoke and Deane,2211.0,2016,1315.0,8220.0,-435.0,8655.0,1477.0,565.0,912.0,896.0,488.0,178352
E07000084,Basingstoke and Deane,2098.0,2017,1371.0,9108.0,-722.0,9830.0,1223.0,191.0,1032.0,727.0,535.0,179083
E07000084,Basingstoke and Deane,1936.0,2018,1475.0,8861.0,-509.0,9370.0,1285.0,253.0,1032.0,461.0,540.0,179828
E07000084,Basingstoke and Deane,1949.0,2019,1344.0,9424.0,167.0,9257.0,1370.0,249.0,1121.0,605.0,547.0,181396
E07000084,Basingstoke and Deane,1971.0,2020,1583.0,8849.0,876.0,7973.0,1116.0,-88.0,1204.0,388.0,553.0,183125
E07000084,Basingstoke and Deane,1935.0,2021,1523.0,11140.0,1240.0,9900.0,1466.0,310.0,1156.0,412.0,626.0,185713
E07000084,Basingstoke and Deane,2029.0,2022,1471.0,9739.0,307.0,9432.0,2228.0,1430.0,798.0,558.0,39.0,188047
E07000084,Basingstoke and Deane,1940.0,2023,1532.0,9947.0,571.0,9376.0,2735.0,2045.0,690.0,408.0,-23.0,191048
E07000084,Basingstoke and Deane,1972.0,2024,1470.0,9168.0,-43.0,9211.0,2291.0,1553.0,738.0,502.0,50.0,193110
E07000085,East Hampshire,,2011,,,,,,,,,,116010
E07000085,East Hampshire,1215.0,2012,1088.0,6945.0,340.0,6605.0,472.0,-37.0,509.0,127.0,101.0,116541
E07000085,East Hampshire,1129.0,2013,1121.0,7222.0,789.0,6433.0,468.0,8.0,460.0,8.0,-3.0,117343
E07000085,East Hampshire,1130.0,2014,1081.0,7648.0,530.0,7118.0,589.0,82.0,507.0,49.0,11.0,118015
E07000085,East Hampshire,1057.0,2015,1110.0,7884.0,843.0,7041.0,589.0,37.0,552.0,-53.0,-82.0,118760
E07000085,East Hampshire,1051.0,2016,1164.0,7716.0,556.0,7160.0,608.0,67.0,541.0,-113.0,-453.0,118817
E07000085,East Hampshire,1072.0,2017,1160.0,8089.0,594.0,7495.0,576.0,39.0,537.0,-88.0,89.0,119451
E07000085,East Hampshire,1037.0,2018,1250.0,8138.0,1249.0,6889.0,614.0,-6.0,620.0,-213.0,166.0,120647
E07000085,East Hampshire,1084.0,2019,1203.0,8639.0,1695.0,6944.0,475.0,-198.0,673.0,-119.0,129.0,122154
E07000085,East Hampshire,1093.0,2020,1289.0,7865.0,1763.0,6102.0,442.0,-176.0,618.0,-196.0,180.0,123725
E07000085,East Hampshire,1055.0,2021,1252.0,10208.0,2526.0,7682.0,465.0,-27.0,492.0,-197.0,165.0,126192
E07000085,East Hampshire,1073.0,2022,1206.0,8436.0,955.0,7481.0,749.0,323.0,426.0,-133.0,50.0,127387
E07000085,East Hampshire,1033.0,2023,1387.0,8261.0,1178.0,7083.0,1153.0,756.0,397.0,-354.0,-22.0,128945
E07000085,East Hampshire,989.0,2024,1341.0,7934.0,1008.0,6926.0,731.0,365.0,366.0,-352.0,9.0,129975
E07000086,Eastleigh,,2011,,,,,,,,,,125852
E07000086,Eastleigh,1520.0,2012,946.0,7127.0,291.0,6836.0,327.0,-26.0,353.0,574.0,-208.0,126483
E07000086,Eastleigh,1569.0,2013,1063.0,7022.0,441.0,6581.0,303.0,-17.0,320.0,506.0,-165.0,127248
E07000086,Eastleigh,1574.0,2014,981.0,7454.0,469.0,6985.0,448.0,100.0,348.0,593.0,-155.0,128255
E07000086,Eastleigh,1496.0,2015,1054.0,7076.0,-355.0,7431.0,403.0,62.0,341.0,442.0,-121.0,128283
E07000086,Eastleigh,1467.0,2016,1018.0,7494.0,146.0,7348.0,481.0,91.0,390.0,449.0,-161.0,128808
E07000086,Eastleigh,1399.0,2017,1021.0,7926.0,315.0,7611.0,414.0,4.0,410.0,378.0,-119.0,129386
E07000086,Eastleigh,1391.0,2018,1138.0,8143.0,1008.0,7135.0,462.0,40.0,422.0,253.0,-170.0,130517
E07000086,Eastleigh,1458.0,2019,1114.0,8767.0,1391.0,7376.0,441.0,29.0,412.0,344.0,-106.0,132175
E07000086,Eastleigh,1415.0,2020,1196.0,8075.0,1842.0,6233.0,379.0,-73.0,452.0,219.0,-73.0,134090
E07000086,Eastleigh,1348.0,2021,1216.0,10361.0,2749.0,7612.0,433.0,15.0,418.0,132.0,-23.0,136963
E07000086,Eastleigh,1452.0,2022,1218.0,8720.0,1345.0,7375.0,908.0,585.0,323.0,234.0,-3.0,139124
E07000086,Eastleigh,1374.0,2023,1302.0,8516.0,1233.0,7283.0,885.0,599.0,286.0,72.0,-31.0,140997
E07000086,Eastleigh,1290.0,2024,1292.0,8478.0,1473.0,7005.0,762.0,453.0,309.0,-2.0,12.0,142933
E07000087,Fareham,,2011,,,,,,,,,,111931
E07000087,Fareham,1142.0,2012,1116.0,6938.0,1087.0,5851.0,355.0,-35.0,390.0,26.0,24.0,113033
E07000087,Fareham,1045.0,2013,1194.0,6688.0,593.0,6095.0,306.0,-70.0,376.0,-149.0,3.0,113410
E07000087,Fareham,1041.0,2014,1131.0,7222.0,778.0,6444.0,371.0,-21.0,392.0,-90.0,79.0,114156
E07000087,Fareham,1065.0,2015,1194.0,7068.0,361.0,6707.0,376.0,-15.0,391.0,-129.0,107.0,114480
E07000087,Fareham,1095.0,2016,1169.0,6808.0,585.0,6223.0,428.0,22.0,406.0,-74.0,89.0,115102
E07000087,Fareham,1044.0,2017,1206.0,6731.0,325.0,6406.0,349.0,-102.0,451.0,-162.0,69.0,115232
E07000087,Fareham,982.0,2018,1225.0,6563.0,265.0,6298.0,351.0,-137.0,488.0,-243.0,-2.0,115115
E07000087,Fareham,941.0,2019,1160.0,6373.0,2.0,6371.0,329.0,-152.0,481.0,-219.0,133.0,114879
E07000087,Fareham,922.0,2020,1264.0,5628.0,178.0,5450.0,265.0,-177.0,442.0,-342.0,239.0,114777
E07000087,Fareham,879.0,2021,1322.0,7222.0,463.0,6759.0,275.0,-103.0,378.0,-443.0,258.0,114952
E07000087,Fareham,925.0,2022,1237.0,6068.0,-189.0,6257.0,537.0,236.0,301.0,-312.0,-61.0,114626
E07000087,Fareham,823.0,2023,1369.0,6376.0,372.0,6004.0,652.0,388.0,264.0,-546.0,-64.0,114776
E07000087,Fareham,812.0,2024,1355.0,6526.0,966.0,5560.0,532.0,285.0,247.0,-543.0,-56.0,115428
E07000088,Gosport,,2011,,,,,,,,,,82669
E07000088,Gosport,1036.0,2012,789.0,4092.0,242.0,3850.0,174.0,4.0,170.0,247.0,-99.0,83063
E07000088,Gosport,1004.0,2013,873.0,3934.0,12.0,3922.0,172.0,-2.0,174.0,131.0,-189.0,83015
E07000088,Gosport,922.0,2014,754.0,4301.0,402.0,3899.0,208.0,28.0,180.0,168.0,-44.0,83569
E07000088,Gosport,961.0,2015,827.0,4331.0,222.0,4109.0,212.0,12.0,200.0,134.0,-103.0,83834
E07000088,Gosport,932.0,2016,809.0,4255.0,396.0,3859.0,255.0,70.0,185.0,123.0,53.0,84476
E07000088,Gosport,938.0,2017,814.0,4278.0,-155.0,4433.0,216.0,5.0,211.0,124.0,-204.0,84246
E07000088,Gosport,895.0,2018,890.0,3924.0,-379.0,4303.0,178.0,-61.0,239.0,5.0,-111.0,83700
E07000088,Gosport,824.0,2019,837.0,3827.0,-345.0,4172.0,190.0,-38.0,228.0,-13.0,-282.0,83022
E07000088,Gosport,854.0,2020,969.0,3429.0,-290.0,3719.0,209.0,-45.0,254.0,-115.0,16.0,82588
E07000088,Gosport,794.0,2021,871.0,4150.0,-178.0,4328.0,193.0,14.0,179.0,-77.0,-178.0,82169
E07000088,Gosport,764.0,2022,913.0,3858.0,122.0,3736.0,350.0,214.0,136.0,-149.0,34.0,82390
E07000088,Gosport,751.0,2023,953.0,4035.0,309.0,3726.0,498.0,376.0,122.0,-202.0,-131.0,82742
E07000088,Gosport,748.0,2024,969.0,3827.0,-3.0,3830.0,442.0,311.0,131.0,-221.0,92.0,82921
E07000089,Hart,,2011,,,,,,,,,,91662
E07000089,Hart,1055.0,2012,593.0,5925.0,321.0,5604.0,425.0,-59.0,484.0,462.0,-32.0,92354
E07000089,Hart,997.0,2013,635.0,5886.0,232.0,5654.0,416.0,-20.0,436.0,362.0,87.0,93015
E07000089,Hart,969.0,2014,638.0,6198.0,276.0,5922.0,494.0,26.0,468.0,331.0,293.0,93941
E07000089,Hart,1033.0,2015,667.0,6216.0,95.0,6121.0,526.0,34.0,492.0,366.0,330.0,94766
E07000089,Hart,962.0,2016,688.0,6401.0,299.0,6102.0,562.0,42.0,520.0,274.0,179.0,95560
E07000089,Hart,970.0,2017,716.0,6589.0,372.0,6217.0,491.0,-71.0,562.0,254.0,207.0,96322
E07000089,Hart,941.0,2018,764.0,6587.0,432.0,6155.0,541.0,-57.0,598.0,177.0,148.0,97022
E07000089,Hart,915.0,2019,734.0,6478.0,333.0,6145.0,488.0,-155.0,643.0,181.0,346.0,97727
E07000089,Hart,902.0,2020,769.0,5666.0,139.0,5527.0,375.0,-185.0,560.0,133.0,485.0,98299
E07000089,Hart,925.0,2021,741.0,8106.0,1543.0,6563.0,389.0,-105.0,494.0,184.0,341.0,100262
E07000089,Hart,922.0,2022,759.0,6666.0,202.0,6464.0,723.0,356.0,367.0,163.0,-8.0,100975
E07000089,Hart,890.0,2023,872.0,6751.0,808.0,5943.0,774.0,449.0,325.0,18.0,55.0,102305
E07000089,Hart,866.0,2024,790.0,6697.0,635.0,6062.0,617.0,276.0,341.0,76.0,-130.0,103162
E07000090,Havant,,2011,,,,,,,,,,120783
E07000090,Havant,1353.0,2012,1271.0,5978.0,268.0,5710.0,219.0,14.0,205.0,82.0,-183.0,120964
E07000090,Havant,1274.0,2013,1351.0,6071.0,379.0,5692.0,223.0,29.0,194.0,-77.0,-190.0,121105
E07000090,Havant,1264.0,2014,1232.0,6541.0,546.0,5995.0,291.0,77.0,214.0,32.0,-246.0,121514
E07000090,Havant,1255.0,2015,1343.0,6777.0,855.0,5922.0,325.0,110.0,215.0,-88.0,-202.0,122189
E07000090,Havant,1336.0,2016,1331.0,6883.0,1010.0,5873.0,365.0,142.0,223.0,5.0,-303.0,123043
E07000090,Havant,1320.0,2017,1364.0,7286.0,1069.0,6217.0,322.0,38.0,284.0,-44.0,-270.0,123836
E07000090,Havant,1235.0,2018,1427.0,6892.0,697.0,6195.0,348.0,95.0,253.0,-192.0,-336.0,124100
E07000090,Havant,1206.0,2019,1311.0,6848.0,411.0,6437.0,300.0,19.0,281.0,-105.0,-326.0,124099
E07000090,Havant,1204.0,2020,1484.0,5994.0,486.0,5508.0,242.0,-41.0,283.0,-280.0,-246.0,124018
E07000090,Havant,1106.0,2021,1471.0,7860.0,1116.0,6744.0,267.0,52.0,215.0,-365.0,-354.0,124467
E07000090,Havant,1201.0,2022,1532.0,6814.0,446.0,6368.0,444.0,192.0,252.0,-331.0,29.0,124803
E07000090,Havant,1184.0,2023,1611.0,7321.0,1329.0,5992.0,584.0,354.0,230.0,-427.0,-22.0,126037
E07000090,Havant,1083.0,2024,1497.0,6844.0,1092.0,5752.0,486.0,266.0,220.0,-414.0,4.0,126985
E07000091,New Forest,,2011,,,,,,,,,,176789
E07000091,New Forest,1671.0,2012,2094.0,8736.0,935.0,7801.0,595.0,-23.0,618.0,-423.0,-248.0,177030
E07000091,New Forest,1649.0,2013,2100.0,8724.0,924.0,7800.0,665.0,103.0,562.0,-451.0,-244.0,177362
E07000091,New Forest,1496.0,2014,1965.0,9281.0,1077.0,8204.0,690.0,105.0,585.0,-469.0,-200.0,177875
E07000091,New Forest,1502.0,2015,2238.0,9144.0,823.0,8321.0,700.0,103.0,597.0,-736.0,-252.0,177813
E07000091,New Forest,1468.0,2016,2107.0,9065.0,721.0,8344.0,762.0,182.0,580.0,-639.0,-222.0,177855
E07000091,New Forest,1434.0,2017,2209.0,9747.0,698.0,9049.0,735.0,101.0,634.0,-775.0,-263.0,177616
E07000091,New Forest,1402.0,2018,2312.0,9694.0,1040.0,8654.0,654.0,-30.0,684.0,-910.0,-191.0,177525
E07000091,New Forest,1401.0,2019,2129.0,9285.0,575.0,8710.0,612.0,-70.0,682.0,-728.0,-191.0,177111
E07000091,New Forest,1298.0,2020,2372.0,8152.0,134.0,8018.0,489.0,-132.0,621.0,-1074.0,-102.0,175937
E07000091,New Forest,1281.0,2021,2287.0,10789.0,1574.0,9215.0,446.0,-105.0,551.0,-1006.0,-183.0,176217
E07000091,New Forest,1256.0,2022,2316.0,8875.0,473.0,8402.0,789.0,276.0,513.0,-1060.0,31.0,175937
E07000091,New Forest,1163.0,2023,2342.0,8177.0,361.0,7816.0,1058.0,589.0,469.0,-1179.0,16.0,175724
E07000091,New Forest,1161.0,2024,2409.0,8579.0,1164.0,7415.0,908.0,450.0,458.0,-1248.0,26.0,176116
E07000092,Rushmoor,,2011,,,,,,,,,,94354
E07000092,Rushmoor,1416.0,2012,644.0,5909.0,-753.0,6662.0,1145.0,481.0,664.0,772.0,727.0,95581
E07000092,Rushmoor,1369.0,2013,692.0,5691.0,-875.0,6566.0,966.0,424.0,542.0,677.0,537.0,96344
E07000092,Rushmoor,1351.0,2014,648.0,6072.0,-851.0,6923.0,1027.0,439.0,588.0,703.0,429.0,97064
E07000092,Rushmoor,1373.0,2015,672.0,6187.0,-819.0,7006.0,1105.0,488.0,617.0,701.0,248.0,97682
E07000092,Rushmoor,1413.0,2016,705.0,6208.0,-949.0,7157.0,1218.0,569.0,649.0,708.0,1375.0,99385
E07000092,Rushmoor,1270.0,2017,690.0,6811.0,-1125.0,7936.0,974.0,337.0,637.0,580.0,413.0,99590
E07000092,Rushmoor,1299.0,2018,712.0,6110.0,-1450.0,7560.0,1041.0,282.0,759.0,587.0,363.0,99372
E07000092,Rushmoor,1288.0,2019,677.0,6402.0,-1136.0,7538.0,1229.0,359.0,870.0,611.0,550.0,99756
E07000092,Rushmoor,1212.0,2020,755.0,5853.0,-439.0,6292.0,812.0,-90.0,902.0,457.0,456.0,100140
E07000092,Rushmoor,1271.0,2021,829.0,6975.0,-1016.0,7991.0,955.0,165.0,790.0,442.0,365.0,100096
E07000092,Rushmoor,1196.0,2022,717.0,6734.0,-810.0,7544.0,1392.0,910.0,482.0,479.0,434.0,101109
E07000092,Rushmoor,1199.0,2023,791.0,7171.0,-22.0,7193.0,2176.0,1738.0,438.0,408.0,146.0,103379
E07000092,Rushmoor,1229.0,2024,726.0,7396.0,180.0,7216.0,2256.0,1768.0,488.0,503.0,-79.0,105751
E07000093,Test Valley,,2011,,,,,,,,,,116698
E07000093,Test Valley,1312.0,2012,1021.0,6602.0,257.0,6345.0,516.0,51.0,465.0,291.0,165.0,117462
E07000093,Test Valley,1295.0,2013,1038.0,7229.0,1074.0,6155.0,572.0,131.0,441.0,257.0,144.0,119068
E07000093,Test Valley,1213.0,2014,1075.0,7714.0,1039.0,6675.0,638.0,134.0,504.0,138.0,99.0,120478
E07000093,Test Valley,1318.0,2015,1052.0,8039.0,1216.0,6823.0,606.0,95.0,511.0,266.0,201.0,122256
E07000093,Test Valley,1373.0,2016,1103.0,8256.0,1314.0,6942.0,666.0,142.0,524.0,270.0,173.0,124155
E07000093,Test Valley,1335.0,2017,1129.0,8192.0,709.0,7483.0,612.0,-6.0,618.0,206.0,186.0,125250
E07000093,Test Valley,1280.0,2018,1153.0,8117.0,963.0,7154.0,645.0,51.0,594.0,127.0,83.0,126474
E07000093,Test Valley,1271.0,2019,1156.0,8371.0,1052.0,7319.0,609.0,-53.0,662.0,115.0,64.0,127652
E07000093,Test Valley,1307.0,2020,1316.0,7680.0,1024.0,6656.0,514.0,-165.0,679.0,-9.0,356.0,128858
E07000093,Test Valley,1215.0,2021,1230.0,10081.0,2243.0,7838.0,492.0,-102.0,594.0,-15.0,174.0,131158
E07000093,Test Valley,1277.0,2022,1267.0,8779.0,1308.0,7471.0,935.0,461.0,474.0,10.0,11.0,132948
E07000093,Test Valley,1303.0,2023,1283.0,8047.0,626.0,7421.0,1120.0,704.0,416.0,20.0,38.0,134336
E07000093,Test Valley,1224.0,2024,1287.0,7533.0,411.0,7122.0,910.0,488.0,422.0,-63.0,29.0,135201
E07000094,Winchester,,2011,,,,,,,,,,116820
E07000094,Winchester,1274.0,2012,946.0,10035.0,691.0,9344.0,1001.0,-49.0,1050.0,328.0,-1.0,117789
E07000094,Winchester,1201.0,2013,1026.0,9918.0,697.0,9221.0,1002.0,-34.0,1036.0,175.0,109.0,118736
E07000094,Winchester,1242.0,2014,1043.0,10547.0,922.0,9625.0,1245.0,146.0,1099.0,199.0,-66.0,119937
E07000094,Winchester,1205.0,2015,1121.0,11218.0,1139.0,10079.0,1157.0,83.0,1074.0,84.0,197.0,121440
E07000094,Winchester,1209.0,2016,1068.0,11102.0,805.0,10297.0,1226.0,175.0,1051.0,141.0,283.0,122844
E07000094,Winchester,1167.0,2017,1127.0,11589.0,952.0,10637.0,1075.0,-59.0,1134.0,40.0,-6.0,123771
E07000094,Winchester,1098.0,2018,1149.0,11045.0,267.0,10778.0,1124.0,-4.0,1128.0,-51.0,-106.0,123877
E07000094,Winchester,1088.0,2019,1074.0,11460.0,413.0,11047.0,1087.0,-116.0,1203.0,14.0,219.0,124407
E07000094,Winchester,1062.0,2020,1240.0,11119.0,1151.0,9968.0,1011.0,-73.0,1084.0,-178.0,447.0,125754
E07000094,Winchester,1070.0,2021,1158.0,13716.0,1738.0,11978.0,842.0,92.0,750.0,-88.0,425.0,127921
E07000094,Winchester,1111.0,2022,1089.0,12543.0,1686.0,10857.0,1717.0,1023.0,694.0,22.0,-45.0,130607
E07000094,Winchester,1072.0,2023,1194.0,12353.0,1437.0,10916.0,2195.0,1431.0,764.0,-122.0,-100.0,133253
E07000094,Winchester,1177.0,2024,1181.0,11834.0,1276.0,10558.0,1840.0,914.0,926.0,-4.0,193.0,135632
E07000095,Broxbourne,,2011,,,,,,,,,,93702
E07000095,Broxbourne,1303.0,2012,702.0,5084.0,294.0,4790.0,535.0,191.0,344.0,601.0,202.0,94990
E07000095,Broxbourne,1248.0,2013,761.0,4847.0,-246.0,5093.0,542.0,253.0,289.0,487.0,228.0,95712
E07000095,Broxbourne,1203.0,2014,643.0,5452.0,-43.0,5495.0,674.0,318.0,356.0,560.0,229.0,96776
E07000095,Broxbourne,1274.0,2015,732.0,5493.0,-552.0,6045.0,665.0,287.0,378.0,542.0,222.0,97275
E07000095,Broxbourne,1262.0,2016,760.0,5265.0,-175.0,5440.0,780.0,353.0,427.0,502.0,198.0,98153
E07000095,Broxbourne,1217.0,2017,740.0,6147.0,-955.0,7102.0,635.0,177.0,458.0,477.0,244.0,98096
E07000095,Broxbourne,1270.0,2018,793.0,6141.0,-662.0,6803.0,667.0,165.0,502.0,477.0,241.0,98317
E07000095,Broxbourne,1199.0,2019,792.0,6536.0,-154.0,6690.0,685.0,40.0,645.0,407.0,259.0,98869
E07000095,Broxbourne,1128.0,2020,909.0,5816.0,-17.0,5833.0,550.0,-14.0,564.0,219.0,254.0,99311
E07000095,Broxbourne,1119.0,2021,876.0,6948.0,-736.0,7684.0,484.0,45.0,439.0,243.0,279.0,99142
E07000095,Broxbourne,1175.0,2022,810.0,6386.0,-576.0,6962.0,524.0,23.0,501.0,365.0,-2.0,98952
E07000095,Broxbourne,1099.0,2023,845.0,7024.0,527.0,6497.0,1358.0,1004.0,354.0,254.0,10.0,100747
E07000095,Broxbourne,1097.0,2024,777.0,6946.0,204.0,6742.0,1057.0,627.0,430.0,320.0,2.0,101900
E07000096,Dacorum,,2011,,,,,,,,,,145298
E07000096,Dacorum,1881.0,2012,1174.0,8008.0,863.0,7145.0,744.0,46.0,698.0,707.0,-88.0,146826
E07000096,Dacorum,1885.0,2013,1281.0,7940.0,578.0,7362.0,766.0,70.0,696.0,604.0,-21.0,148057
E07000096,Dacorum,1910.0,2014,1141.0,8463.0,255.0,8208.0,977.0,270.0,707.0,769.0,29.0,149380
E07000096,Dacorum,1870.0,2015,1181.0,8420.0,229.0,8191.0,1125.0,391.0,734.0,689.0,217.0,150906
E07000096,Dacorum,1929.0,2016,1235.0,8704.0,476.0,8228.0,1211.0,402.0,809.0,694.0,-16.0,152462
E07000096,Dacorum,1902.0,2017,1257.0,9670.0,-129.0,9799.0,1117.0,295.0,822.0,645.0,9.0,153282
E07000096,Dacorum,1958.0,2018,1278.0,8969.0,-255.0,9224.0,1117.0,154.0,963.0,680.0,121.0,153982
E07000096,Dacorum,1809.0,2019,1228.0,9160.0,-317.0,9477.0,1105.0,56.0,1049.0,581.0,65.0,154367
E07000096,Dacorum,1834.0,2020,1459.0,8510.0,61.0,8449.0,859.0,-109.0,968.0,375.0,121.0,154815
E07000096,Dacorum,1761.0,2021,1343.0,10782.0,-207.0,10989.0,897.0,26.0,871.0,418.0,159.0,155211
E07000096,Dacorum,1725.0,2022,1322.0,10208.0,11.0,10197.0,1408.0,676.0,732.0,403.0,-2.0,156299
E07000096,Dacorum,1693.0,2023,1395.0,10216.0,493.0,9723.0,2260.0,1635.0,625.0,298.0,29.0,158754
E07000096,Dacorum,1715.0,2024,1329.0,10188.0,957.0,9231.0,2026.0,1319.0,707.0,386.0,4.0,161420
E07000098,Hertsmere,,2011,,,,,,,,,,100379
E07000098,Hertsmere,1340.0,2012,898.0,6817.0,142.0,6675.0,827.0,206.0,621.0,442.0,220.0,101389
E07000098,Hertsmere,1268.0,2013,895.0,7040.0,85.0,6955.0,739.0,152.0,587.0,373.0,202.0,102201
E07000098,Hertsmere,1359.0,2014,856.0,7621.0,142.0,7479.0,1056.0,470.0,586.0,503.0,225.0,103541
E07000098,Hertsmere,1312.0,2015,984.0,7478.0,-170.0,7648.0,1133.0,514.0,619.0,328.0,201.0,104414
E07000098,Hertsmere,1333.0,2016,886.0,7368.0,-139.0,7507.0,1244.0,443.0,801.0,447.0,207.0,105372
E07000098,Hertsmere,1306.0,2017,897.0,8260.0,-361.0,8621.0,978.0,305.0,673.0,409.0,195.0,105920
E07000098,Hertsmere,1204.0,2018,978.0,8139.0,-227.0,8366.0,1018.0,302.0,716.0,226.0,237.0,106458
E07000098,Hertsmere,1242.0,2019,926.0,8176.0,-13.0,8189.0,1089.0,239.0,850.0,316.0,234.0,107234
E07000098,Hertsmere,1189.0,2020,1181.0,7795.0,179.0,7616.0,816.0,-22.0,838.0,8.0,213.0,107612
E07000098,Hertsmere,1202.0,2021,975.0,9318.0,-153.0,9471.0,795.0,135.0,660.0,227.0,308.0,108129
E07000098,Hertsmere,1136.0,2022,914.0,8719.0,-473.0,9192.0,1256.0,464.0,792.0,222.0,-32.0,108310
E07000098,Hertsmere,1083.0,2023,953.0,8891.0,125.0,8766.0,1400.0,901.0,499.0,130.0,17.0,109483
E07000098,Hertsmere,1093.0,2024,939.0,8695.0,-144.0,8839.0,1293.0,715.0,578.0,154.0,4.0,110212
E07000099,North Hertfordshire,,2011,,,,,,,,,,127494
E07000099,North Hertfordshire,1639.0,2012,1240.0,7968.0,827.0,7141.0,472.0,-7.0,479.0,399.0,-171.0,128542
E07000099,North Hertfordshire,1605.0,2013,1256.0,7855.0,726.0,7129.0,474.0,42.0,432.0,349.0,-199.0,129460
E07000099,North Hertfordshire,1628.0,2014,1175.0,8655.0,1183.0,7472.0,570.0,135.0,435.0,453.0,-169.0,131062
E07000099,North Hertfordshire,1522.0,2015,1309.0,8352.0,433.0,7919.0,609.0,134.0,475.0,213.0,-180.0,131662
E07000099,North Hertfordshire,1578.0,2016,1179.0,8176.0,990.0,7186.0,666.0,197.0,469.0,399.0,-145.0,133103
E07000099,North Hertfordshire,1481.0,2017,1240.0,9511.0,394.0,9117.0,605.0,73.0,532.0,241.0,-182.0,133629
E07000099,North Hertfordshire,1524.0,2018,1341.0,8739.0,-404.0,9143.0,589.0,-4.0,593.0,183.0,-121.0,133283
E07000099,North Hertfordshire,1448.0,2019,1233.0,9025.0,-145.0,9170.0,531.0,-67.0,598.0,215.0,-91.0,133195
E07000099,North Hertfordshire,1481.0,2020,1326.0,7895.0,-200.0,8095.0,463.0,-89.0,552.0,155.0,-7.0,133054
E07000099,North Hertfordshire,1362.0,2021,1283.0,10570.0,411.0,10159.0,585.0,55.0,530.0,79.0,-16.0,133583
E07000099,North Hertfordshire,1388.0,2022,1351.0,9389.0,251.0,9138.0,801.0,379.0,422.0,37.0,5.0,134255
E07000099,North Hertfordshire,1292.0,2023,1279.0,9707.0,791.0,8916.0,1035.0,700.0,335.0,13.0,-7.0,135752
E07000099,North Hertfordshire,1273.0,2024,1293.0,9416.0,685.0,8731.0,1161.0,794.0,367.0,-20.0,-10.0,137201
E07000102,Three Rivers,,2011,,,,,,,,,,87921
E07000102,Three Rivers,1064.0,2012,757.0,6160.0,798.0,5362.0,448.0,35.0,413.0,307.0,54.0,89115
E07000102,Three Rivers,1027.0,2013,797.0,5955.0,321.0,5634.0,445.0,71.0,374.0,230.0,77.0,89814
E07000102,Three Rivers,1043.0,2014,707.0,6642.0,372.0,6270.0,508.0,95.0,413.0,336.0,106.0,90723
E07000102,Three Rivers,1039.0,2015,834.0,6862.0,813.0,6049.0,548.0,97.0,451.0,205.0,123.0,91961
E07000102,Three Rivers,1068.0,2016,765.0,6226.0,434.0,5792.0,643.0,114.0,529.0,303.0,147.0,92959
E07000102,Three Rivers,1063.0,2017,842.0,6991.0,-318.0,7309.0,611.0,139.0,472.0,221.0,74.0,93075
E07000102,Three Rivers,945.0,2018,829.0,6914.0,-211.0,7125.0,596.0,75.0,521.0,116.0,154.0,93209
E07000102,Three Rivers,987.0,2019,789.0,6869.0,-87.0,6956.0,576.0,6.0,570.0,198.0,117.0,93443
E07000102,Three Rivers,992.0,2020,881.0,6330.0,97.0,6233.0,472.0,-82.0,554.0,111.0,226.0,93795
E07000102,Three Rivers,943.0,2021,787.0,7932.0,-155.0,8087.0,499.0,-55.0,554.0,156.0,193.0,93934
E07000102,Three Rivers,911.0,2022,722.0,7282.0,-257.0,7539.0,789.0,352.0,437.0,189.0,13.0,94231
E07000102,Three Rivers,815.0,2023,843.0,7345.0,314.0,7031.0,907.0,532.0,375.0,-28.0,44.0,95093
E07000102,Three Rivers,824.0,2024,755.0,7350.0,288.0,7062.0,837.0,429.0,408.0,69.0,-72.0,95807
E07000103,Watford,,2011,,,,,,,,,,90653
E07000103,Watford,1515.0,2012,700.0,6843.0,770.0,6073.0,1226.0,391.0,835.0,815.0,437.0,93066
E07000103,Watford,1494.0,2013,726.0,7439.0,989.0,6450.0,1252.0,460.0,792.0,768.0,449.0,95732
E07000103,Watford,1493.0,2014,634.0,7481.0,206.0,7275.0,1660.0,791.0,869.0,859.0,513.0,98101
E07000103,Watford,1494.0,2015,777.0,7004.0,-779.0,7783.0,1779.0,935.0,844.0,717.0,475.0,99449
E07000103,Watford,1508.0,2016,705.0,6620.0,-1129.0,7749.0,1921.0,863.0,1058.0,803.0,472.0,100458
E07000103,Watford,1456.0,2017,773.0,7723.0,-1276.0,8999.0,1640.0,581.0,1059.0,683.0,511.0,100957
E07000103,Watford,1439.0,2018,745.0,7436.0,-1196.0,8632.0,1824.0,707.0,1117.0,694.0,496.0,101658
E07000103,Watford,1363.0,2019,719.0,7513.0,-1335.0,8848.0,1967.0,676.0,1291.0,644.0,529.0,102172
E07000103,Watford,1368.0,2020,845.0,6879.0,-984.0,7863.0,1634.0,145.0,1489.0,523.0,466.0,102322
E07000103,Watford,1282.0,2021,760.0,8531.0,-1383.0,9914.0,1762.0,516.0,1246.0,522.0,530.0,102507
E07000103,Watford,1365.0,2022,696.0,8131.0,-1181.0,9312.0,2055.0,1045.0,1010.0,669.0,-2.0,103038
E07000103,Watford,1316.0,2023,785.0,8839.0,-455.0,9294.0,2882.0,2140.0,742.0,531.0,7.0,105261
E07000103,Watford,1333.0,2024,708.0,8866.0,-484.0,9350.0,2677.0,1782.0,895.0,625.0,-13.0,107171
E07000105,Ashford,,2011,,,,,,,,,,118405
E07000105,Ashford,1532.0,2012,919.0,6549.0,972.0,5577.0,744.0,207.0,537.0,613.0,-6.0,120191
E07000105,Ashford,1554.0,2013,1045.0,6742.0,985.0,5757.0,684.0,184.0,500.0,509.0,-19.0,121850
E07000105,Ashford,1435.0,2014,971.0,7333.0,1031.0,6302.0,882.0,350.0,532.0,464.0,-13.0,123682
E07000105,Ashford,1525.0,2015,1126.0,6910.0,278.0,6632.0,813.0,243.0,570.0,399.0,-22.0,124580
E07000105,Ashford,1488.0,2016,1067.0,7283.0,1036.0,6247.0,868.0,303.0,565.0,421.0,-13.0,126327
E07000105,Ashford,1584.0,2017,1065.0,7330.0,997.0,6333.0,801.0,208.0,593.0,519.0,-2.0,128049
E07000105,Ashford,1520.0,2018,1156.0,7192.0,1043.0,6149.0,902.0,238.0,664.0,364.0,7.0,129701
E07000105,Ashford,1389.0,2019,1203.0,7117.0,427.0,6690.0,844.0,136.0,708.0,186.0,16.0,130466
E07000105,Ashford,1427.0,2020,1268.0,6740.0,817.0,5923.0,707.0,-70.0,777.0,159.0,59.0,131431
E07000105,Ashford,1410.0,2021,1272.0,8686.0,1488.0,7198.0,865.0,165.0,700.0,138.0,-1.0,133221
E07000105,Ashford,1464.0,2022,1169.0,8312.0,1176.0,7136.0,1639.0,1126.0,513.0,295.0,0.0,135818
E07000105,Ashford,1356.0,2023,1309.0,8068.0,1231.0,6837.0,2360.0,1906.0,454.0,47.0,8.0,139010
E07000105,Ashford,1416.0,2024,1244.0,7439.0,438.0,7001.0,2110.0,1326.0,784.0,172.0,-10.0,140936
E07000106,Canterbury,,2011,,,,,,,,,,150600
E07000106,Canterbury,1512.0,2012,1568.0,13674.0,1018.0,12656.0,2833.0,773.0,2060.0,-56.0,-625.0,151710
E07000106,Canterbury,1336.0,2013,1515.0,14604.0,2018.0,12586.0,2985.0,996.0,1989.0,-179.0,-1070.0,153475
E07000106,Canterbury,1435.0,2014,1470.0,14981.0,1674.0,13307.0,3072.0,1003.0,2069.0,-35.0,-966.0,155151
E07000106,Canterbury,1385.0,2015,1684.0,15283.0,963.0,14320.0,3050.0,1128.0,1922.0,-299.0,-800.0,156143
E07000106,Canterbury,1370.0,2016,1564.0,14839.0,614.0,14225.0,3204.0,1362.0,1842.0,-194.0,-645.0,157280
E07000106,Canterbury,1325.0,2017,1651.0,15555.0,884.0,14671.0,2730.0,752.0,1978.0,-326.0,-646.0,157944
E07000106,Canterbury,1350.0,2018,1753.0,14765.0,-344.0,15109.0,2764.0,764.0,2000.0,-403.0,-705.0,157256
E07000106,Canterbury,1276.0,2019,1612.0,15454.0,162.0,15292.0,3042.0,879.0,2163.0,-336.0,-852.0,157109
E07000106,Canterbury,1254.0,2020,1769.0,14774.0,873.0,13901.0,2617.0,563.0,2054.0,-515.0,-843.0,157187
E07000106,Canterbury,1262.0,2021,1785.0,16303.0,109.0,16194.0,1941.0,829.0,1112.0,-523.0,-971.0,156631
E07000106,Canterbury,1244.0,2022,1701.0,15363.0,281.0,15082.0,3637.0,2240.0,1397.0,-457.0,28.0,158723
E07000106,Canterbury,1254.0,2023,1851.0,15063.0,-482.0,15545.0,4767.0,3197.0,1570.0,-597.0,-15.0,160826
E07000106,Canterbury,1183.0,2024,1674.0,14658.0,-1096.0,15754.0,4708.0,2880.0,1828.0,-491.0,-19.0,162100
E07000107,Dartford,,2011,,,,,,,,,,97604
E07000107,Dartford,1527.0,2012,879.0,6474.0,663.0,5811.0,653.0,154.0,499.0,648.0,-5.0,99064
E07000107,Dartford,1467.0,2013,881.0,6553.0,866.0,5687.0,641.0,247.0,394.0,586.0,-7.0,100756
E07000107,Dartford,1476.0,2014,751.0,7371.0,961.0,6410.0,775.0,323.0,452.0,725.0,0.0,102765
E07000107,Dartford,1505.0,2015,939.0,7292.0,795.0,6497.0,775.0,277.0,498.0,566.0,-24.0,104379
E07000107,Dartford,1503.0,2016,935.0,7163.0,625.0,6538.0,885.0,335.0,550.0,568.0,-2.0,105905
E07000107,Dartford,1546.0,2017,896.0,8818.0,1643.0,7175.0,753.0,172.0,581.0,650.0,2.0,108372
E07000107,Dartford,1643.0,2018,932.0,9016.0,1517.0,7499.0,879.0,203.0,676.0,711.0,15.0,110818
E07000107,Dartford,1670.0,2019,886.0,9736.0,2104.0,7632.0,929.0,215.0,714.0,784.0,7.0,113928
E07000107,Dartford,1675.0,2020,987.0,8057.0,882.0,7175.0,832.0,-4.0,836.0,688.0,78.0,115572
E07000107,Dartford,1647.0,2021,889.0,9258.0,144.0,9114.0,993.0,266.0,727.0,758.0,79.0,116819
E07000107,Dartford,1642.0,2022,890.0,9631.0,530.0,9101.0,1565.0,945.0,620.0,752.0,-4.0,119042
E07000107,Dartford,1625.0,2023,938.0,9456.0,293.0,9163.0,2413.0,1944.0,469.0,687.0,0.0,121966
E07000107,Dartford,1526.0,2024,886.0,9937.0,788.0,9149.0,2199.0,1619.0,580.0,640.0,-2.0,125011
E07000108,Dover,,2011,,,,,,,,,,111718
E07000108,Dover,1241.0,2012,1258.0,4960.0,-5.0,4965.0,512.0,33.0,479.0,-17.0,-200.0,111529
E07000108,Dover,1211.0,2013,1184.0,5370.0,479.0,4891.0,536.0,105.0,431.0,27.0,-161.0,111979
E07000108,Dover,1141.0,2014,1212.0,5627.0,784.0,4843.0,589.0,94.0,495.0,-71.0,-245.0,112541
E07000108,Dover,1147.0,2015,1352.0,5445.0,381.0,5064.0,476.0,-24.0,500.0,-205.0,-229.0,112464
E07000108,Dover,1158.0,2016,1264.0,5813.0,1176.0,4637.0,508.0,-13.0,521.0,-106.0,-156.0,113365
E07000108,Dover,1127.0,2017,1358.0,5999.0,1483.0,4516.0,447.0,-117.0,564.0,-231.0,-165.0,114335
E07000108,Dover,1112.0,2018,1321.0,5994.0,1273.0,4721.0,443.0,-122.0,565.0,-209.0,-129.0,115148
E07000108,Dover,1056.0,2019,1270.0,6156.0,1255.0,4901.0,417.0,-180.0,597.0,-214.0,-107.0,115902
E07000108,Dover,1074.0,2020,1395.0,5162.0,784.0,4378.0,387.0,-164.0,551.0,-321.0,-67.0,116134
E07000108,Dover,1035.0,2021,1468.0,6525.0,1123.0,5402.0,326.0,-179.0,505.0,-433.0,-96.0,116549
E07000108,Dover,1098.0,2022,1431.0,6196.0,940.0,5256.0,702.0,304.0,398.0,-333.0,-15.0,117445
E07000108,Dover,1032.0,2023,1488.0,6238.0,1176.0,5062.0,967.0,593.0,374.0,-456.0,23.0,118781
E07000108,Dover,1001.0,2024,1348.0,5942.0,838.0,5104.0,899.0,530.0,369.0,-347.0,-34.0,119768
E07000109,Gravesham,,2011,,,,,,,,,,101766
E07000109,Gravesham,1455.0,2012,824.0,5182.0,330.0,4852.0,829.0,333.0,496.0,631.0,-56.0,103004
E07000109,Gravesham,1390.0,2013,895.0,5016.0,47.0,4969.0,796.0,332.0,464.0,495.0,-41.0,103837
E07000109,Gravesham,1487.0,2014,872.0,5844.0,597.0,5247.0,937.0,423.0,514.0,615.0,-38.0,105434
E07000109,Gravesham,1421.0,2015,882.0,5553.0,14.0,5539.0,966.0,450.0,516.0,539.0,-33.0,106404
E07000109,Gravesham,1380.0,2016,853.0,5032.0,-567.0,5599.0,1151.0,515.0,636.0,527.0,-56.0,106823
E07000109,Gravesham,1413.0,2017,942.0,5336.0,-994.0,6330.0,993.0,350.0,643.0,471.0,-107.0,106543
E07000109,Gravesham,1351.0,2018,937.0,5783.0,-465.0,6248.0,1003.0,299.0,704.0,414.0,-65.0,106726
E07000109,Gravesham,1313.0,2019,909.0,6296.0,80.0,6216.0,1039.0,247.0,792.0,404.0,-109.0,107348
E07000109,Gravesham,1304.0,2020,1065.0,5461.0,-391.0,5852.0,821.0,31.0,790.0,239.0,-81.0,107146
E07000109,Gravesham,1293.0,2021,1075.0,6157.0,-649.0,6806.0,927.0,258.0,669.0,218.0,-90.0,106883
E07000109,Gravesham,1277.0,2022,977.0,6621.0,-554.0,7175.0,1049.0,369.0,680.0,300.0,-1.0,106997
E07000109,Gravesham,1291.0,2023,1022.0,6881.0,297.0,6584.0,1959.0,1515.0,444.0,269.0,-19.0,109059
E07000109,Gravesham,1290.0,2024,921.0,6688.0,-56.0,6744.0,1851.0,1294.0,557.0,369.0,5.0,110671
E07000110,Maidstone,,2011,,,,,,,,,,155764
E07000110,Maidstone,1988.0,2012,1389.0,9122.0,1025.0,8097.0,1142.0,352.0,790.0,599.0,-283.0,157457
E07000110,Maidstone,1965.0,2013,1394.0,9130.0,1041.0,8089.0,1272.0,527.0,745.0,571.0,-288.0,159308
E07000110,Maidstone,1887.0,2014,1395.0,10079.0,1198.0,8881.0,1577.0,784.0,793.0,492.0,-215.0,161567
E07000110,Maidstone,2039.0,2015,1486.0,9880.0,1276.0,8604.0,1904.0,1015.0,889.0,553.0,-299.0,164112
E07000110,Maidstone,1974.0,2016,1437.0,9373.0,420.0,8953.0,2084.0,1192.0,892.0,537.0,-308.0,165953
E07000110,Maidstone,2046.0,2017,1558.0,10088.0,1237.0,8851.0,1776.0,695.0,1081.0,488.0,-258.0,168115
E07000110,Maidstone,2068.0,2018,1612.0,10442.0,1292.0,9150.0,1739.0,459.0,1280.0,456.0,-348.0,169974
E07000110,Maidstone,1935.0,2019,1527.0,10518.0,1291.0,9227.0,1937.0,515.0,1422.0,408.0,-372.0,171816
E07000110,Maidstone,1865.0,2020,1627.0,9601.0,1583.0,8018.0,1601.0,-39.0,1640.0,238.0,-326.0,173272
E07000110,Maidstone,1911.0,2021,1746.0,13152.0,3368.0,9784.0,1379.0,75.0,1304.0,165.0,-183.0,176697
E07000110,Maidstone,2030.0,2022,1631.0,12505.0,2588.0,9917.0,1627.0,432.0,1195.0,399.0,28.0,180144
E07000110,Maidstone,1998.0,2023,1692.0,11905.0,2351.0,9554.0,2461.0,1471.0,990.0,306.0,9.0,184281
E07000110,Maidstone,1869.0,2024,1698.0,11778.0,2153.0,9625.0,2344.0,1202.0,1142.0,171.0,-40.0,187767
E07000111,Sevenoaks,,2011,,,,,,,,,,115351
E07000111,Sevenoaks,1375.0,2012,1003.0,7412.0,611.0,6801.0,521.0,-73.0,594.0,372.0,-11.0,116250
E07000111,Sevenoaks,1279.0,2013,1051.0,7244.0,230.0,7014.0,547.0,-23.0,570.0,228.0,11.0,116696
E07000111,Sevenoaks,1234.0,2014,995.0,8149.0,371.0,7778.0,619.0,33.0,586.0,239.0,37.0,117376
E07000111,Sevenoaks,1329.0,2015,1096.0,7959.0,121.0,7838.0,614.0,-42.0,656.0,233.0,47.0,117735
E07000111,Sevenoaks,1243.0,2016,1006.0,7512.0,124.0,7388.0,796.0,154.0,642.0,237.0,39.0,118289
E07000111,Sevenoaks,1256.0,2017,1095.0,7885.0,-37.0,7922.0,702.0,21.0,681.0,161.0,55.0,118489
E07000111,Sevenoaks,1228.0,2018,1111.0,8099.0,675.0,7424.0,585.0,-210.0,795.0,117.0,94.0,119165
E07000111,Sevenoaks,1254.0,2019,1121.0,8247.0,359.0,7888.0,536.0,-201.0,737.0,133.0,119.0,119575
E07000111,Sevenoaks,1165.0,2020,1252.0,7714.0,598.0,7116.0,484.0,-203.0,687.0,-87.0,168.0,120051
E07000111,Sevenoaks,1266.0,2021,1202.0,9725.0,650.0,9075.0,493.0,-105.0,598.0,64.0,163.0,120823
E07000111,Sevenoaks,1250.0,2022,1214.0,8448.0,-157.0,8605.0,944.0,488.0,456.0,36.0,4.0,121194
E07000111,Sevenoaks,1117.0,2023,1238.0,8110.0,137.0,7973.0,942.0,550.0,392.0,-121.0,14.0,121774
E07000111,Sevenoaks,1135.0,2024,1221.0,8488.0,749.0,7739.0,739.0,329.0,410.0,-86.0,-18.0,122748
E07000112,Folkestone and Hythe,,2011,,,,,,,,,,108199
E07000112,Folkestone and Hythe,1171.0,2012,1225.0,5558.0,399.0,5159.0,502.0,-3.0,505.0,-54.0,-356.0,108185
E07000112,Folkestone and Hythe,1137.0,2013,1190.0,5408.0,123.0,5285.0,460.0,68.0,392.0,-53.0,-424.0,107899
E07000112,Folkestone and Hythe,1125.0,2014,1181.0,6163.0,617.0,5546.0,592.0,123.0,469.0,-56.0,-430.0,108153
E07000112,Folkestone and Hythe,1018.0,2015,1337.0,6053.0,830.0,5223.0,510.0,102.0,408.0,-319.0,-439.0,108327
E07000112,Folkestone and Hythe,1106.0,2016,1289.0,6192.0,1288.0,4904.0,550.0,125.0,425.0,-183.0,-322.0,109235
E07000112,Folkestone and Hythe,1045.0,2017,1271.0,5652.0,384.0,5268.0,463.0,-10.0,473.0,-226.0,-288.0,109095
E07000112,Folkestone and Hythe,1039.0,2018,1363.0,6148.0,1309.0,4839.0,477.0,-21.0,498.0,-324.0,-331.0,109728
E07000112,Folkestone and Hythe,979.0,2019,1333.0,5985.0,716.0,5269.0,460.0,-41.0,501.0,-354.0,-390.0,109659
E07000112,Folkestone and Hythe,985.0,2020,1436.0,5205.0,644.0,4561.0,445.0,-102.0,547.0,-451.0,-163.0,109587
E07000112,Folkestone and Hythe,958.0,2021,1468.0,6829.0,1385.0,5444.0,404.0,11.0,393.0,-510.0,-433.0,110040
E07000112,Folkestone and Hythe,970.0,2022,1391.0,6209.0,197.0,6012.0,865.0,507.0,358.0,-421.0,49.0,110372
E07000112,Folkestone and Hythe,926.0,2023,1548.0,6083.0,628.0,5455.0,1430.0,1105.0,325.0,-622.0,3.0,111486
E07000112,Folkestone and Hythe,930.0,2024,1396.0,6006.0,521.0,5485.0,1249.0,938.0,311.0,-466.0,-68.0,112411
E07000113,Swale,,2011,,,,,,,,,,136324
E07000113,Swale,1738.0,2012,1183.0,6304.0,431.0,5873.0,668.0,260.0,408.0,555.0,124.0,137694
E07000113,Swale,1746.0,2013,1227.0,6292.0,538.0,5754.0,625.0,236.0,389.0,519.0,148.0,139135
E07000113,Swale,1710.0,2014,1223.0,7276.0,992.0,6284.0,827.0,415.0,412.0,487.0,-37.0,140992
E07000113,Swale,1687.0,2015,1353.0,6794.0,668.0,6126.0,1083.0,669.0,414.0,334.0,60.0,142723
E07000113,Swale,1798.0,2016,1274.0,7308.0,1424.0,5884.0,921.0,443.0,478.0,524.0,70.0,145184
E07000113,Swale,1787.0,2017,1348.0,7126.0,792.0,6334.0,867.0,344.0,523.0,439.0,87.0,146846
E07000113,Swale,1742.0,2018,1366.0,7177.0,979.0,6198.0,949.0,169.0,780.0,376.0,30.0,148400
E07000113,Swale,1778.0,2019,1351.0,7490.0,858.0,6632.0,795.0,2.0,793.0,427.0,66.0,149753
E07000113,Swale,1675.0,2020,1533.0,6725.0,918.0,5807.0,565.0,-43.0,608.0,142.0,-186.0,150584
E07000113,Swale,1566.0,2021,1618.0,8650.0,1769.0,6881.0,495.0,-7.0,502.0,-52.0,-76.0,152218
E07000113,Swale,1679.0,2022,1453.0,8556.0,1982.0,6574.0,585.0,53.0,532.0,226.0,29.0,154508
E07000113,Swale,1652.0,2023,1570.0,7846.0,1224.0,6622.0,1014.0,581.0,433.0,82.0,-215.0,156180
E07000113,Swale,1567.0,2024,1432.0,8080.0,1638.0,6442.0,937.0,427.0,510.0,135.0,-1.0,158379
E07000114,Thanet,,2011,,,,,,,,,,134402
E07000114,Thanet,1728.0,2012,1689.0,6506.0,1031.0,5475.0,968.0,297.0,671.0,39.0,-39.0,135730
E07000114,Thanet,1642.0,2013,1662.0,6363.0,841.0,5522.0,917.0,392.0,525.0,-20.0,-27.0,136916
E07000114,Thanet,1598.0,2014,1678.0,7248.0,1522.0,5726.0,978.0,393.0,585.0,-80.0,-56.0,138695
E07000114,Thanet,1594.0,2015,1747.0,6904.0,1109.0,5795.0,805.0,147.0,658.0,-153.0,-130.0,139668
E07000114,Thanet,1628.0,2016,1713.0,6507.0,703.0,5804.0,888.0,233.0,655.0,-85.0,-146.0,140373
E07000114,Thanet,1546.0,2017,1748.0,6362.0,585.0,5777.0,714.0,87.0,627.0,-202.0,-163.0,140680
E07000114,Thanet,1597.0,2018,1799.0,6114.0,354.0,5760.0,809.0,113.0,696.0,-202.0,-97.0,140848
E07000114,Thanet,1474.0,2019,1629.0,6087.0,117.0,5970.0,721.0,-25.0,746.0,-155.0,-161.0,140624
E07000114,Thanet,1451.0,2020,1977.0,5329.0,-30.0,5359.0,622.0,-53.0,675.0,-526.0,-70.0,139945
E07000114,Thanet,1311.0,2021,1896.0,7283.0,1497.0,5786.0,649.0,-60.0,709.0,-585.0,-139.0,140658
E07000114,Thanet,1381.0,2022,1753.0,6115.0,-37.0,6152.0,976.0,440.0,536.0,-372.0,10.0,140699
E07000114,Thanet,1308.0,2023,1885.0,5885.0,0.0,5885.0,1338.0,912.0,426.0,-577.0,15.0,141049
E07000114,Thanet,1260.0,2024,1868.0,6746.0,1328.0,5418.0,1395.0,926.0,469.0,-608.0,-4.0,142691
E07000115,Tonbridge and Malling,,2011,,,,,,,,,,121087
E07000115,Tonbridge and Malling,1412.0,2012,908.0,7879.0,526.0,7353.0,479.0,21.0,458.0,504.0,-92.0,122046
E07000115,Tonbridge and Malling,1432.0,2013,958.0,7737.0,487.0,7250.0,488.0,45.0,443.0,474.0,-46.0,123006
E07000115,Tonbridge and Malling,1396.0,2014,895.0,9141.0,1085.0,8056.0,545.0,94.0,451.0,501.0,-83.0,124603
E07000115,Tonbridge and Malling,1384.0,2015,979.0,8740.0,690.0,8050.0,561.0,99.0,462.0,405.0,-85.0,125712
E07000115,Tonbridge and Malling,1373.0,2016,1021.0,8708.0,944.0,7764.0,660.0,157.0,503.0,352.0,-75.0,127090
E07000115,Tonbridge and Malling,1494.0,2017,1035.0,8857.0,1215.0,7642.0,515.0,5.0,510.0,459.0,-89.0,128680
E07000115,Tonbridge and Malling,1515.0,2018,1122.0,8858.0,1135.0,7723.0,549.0,-25.0,574.0,393.0,-34.0,130149
E07000115,Tonbridge and Malling,1432.0,2019,1099.0,8970.0,1111.0,7859.0,531.0,-25.0,556.0,333.0,-66.0,131502
E07000115,Tonbridge and Malling,1411.0,2020,1130.0,7604.0,168.0,7436.0,435.0,-131.0,566.0,281.0,-29.0,131791
E07000115,Tonbridge and Malling,1376.0,2021,1229.0,9949.0,513.0,9436.0,387.0,-50.0,437.0,147.0,-38.0,132363
E07000115,Tonbridge and Malling,1380.0,2022,1166.0,9482.0,647.0,8835.0,781.0,428.0,353.0,214.0,3.0,133655
E07000115,Tonbridge and Malling,1310.0,2023,1308.0,9355.0,1073.0,8282.0,1016.0,689.0,327.0,2.0,13.0,135432
E07000115,Tonbridge and Malling,1289.0,2024,1216.0,8959.0,910.0,8049.0,793.0,443.0,350.0,73.0,-5.0,136853
E07000116,Tunbridge Wells,,2011,,,,,,,,,,115246
E07000116,Tunbridge Wells,1353.0,2012,896.0,7244.0,210.0,7034.0,772.0,9.0,763.0,457.0,-520.0,115402
E07000116,Tunbridge Wells,1273.0,2013,996.0,6821.0,-174.0,6995.0,852.0,146.0,706.0,277.0,-487.0,115164
E07000116,Tunbridge Wells,1232.0,2014,913.0,7496.0,3.0,7493.0,1016.0,210.0,806.0,319.0,-468.0,115228
E07000116,Tunbridge Wells,1234.0,2015,1045.0,7343.0,-275.0,7618.0,998.0,171.0,827.0,189.0,-544.0,114769
E07000116,Tunbridge Wells,1196.0,2016,1053.0,7745.0,477.0,7268.0,1016.0,186.0,830.0,143.0,-377.0,115198
E07000116,Tunbridge Wells,1205.0,2017,1033.0,7854.0,529.0,7325.0,900.0,22.0,878.0,172.0,-362.0,115559
E07000116,Tunbridge Wells,1189.0,2018,1106.0,7441.0,-254.0,7695.0,830.0,-146.0,976.0,83.0,-302.0,114940
E07000116,Tunbridge Wells,1176.0,2019,1071.0,8203.0,618.0,7585.0,793.0,-225.0,1018.0,105.0,-280.0,115158
E07000116,Tunbridge Wells,1130.0,2020,1164.0,7532.0,623.0,6909.0,640.0,-262.0,902.0,-34.0,-214.0,115271
E07000116,Tunbridge Wells,1067.0,2021,1094.0,9913.0,895.0,9018.0,603.0,-162.0,765.0,-27.0,-327.0,115650
E07000116,Tunbridge Wells,1142.0,2022,1152.0,8606.0,-111.0,8717.0,1382.0,733.0,649.0,-10.0,1.0,116263
E07000116,Tunbridge Wells,1084.0,2023,1148.0,8729.0,543.0,8186.0,1551.0,999.0,552.0,-64.0,0.0,117741
E07000116,Tunbridge Wells,1099.0,2024,1058.0,8615.0,1122.0,7493.0,1366.0,774.0,592.0,41.0,16.0,119694
E07000117,Burnley,,2011,,,,,,,,,,87032
E07000117,Burnley,1223.0,2012,959.0,3816.0,-283.0,4099.0,221.0,54.0,167.0,264.0,496.0,87563
E07000117,Burnley,1207.0,2013,960.0,3494.0,-604.0,4098.0,271.0,119.0,152.0,247.0,470.0,87795
E07000117,Burnley,1203.0,2014,889.0,4218.0,34.0,4184.0,305.0,119.0,186.0,314.0,524.0,88786
E07000117,Burnley,1135.0,2015,954.0,3711.0,-294.0,4005.0,305.0,98.0,207.0,181.0,459.0,89230
E07000117,Burnley,1210.0,2016,896.0,3723.0,-359.0,4082.0,443.0,237.0,206.0,314.0,469.0,89891
E07000117,Burnley,1215.0,2017,953.0,4152.0,-86.0,4238.0,572.0,334.0,238.0,262.0,501.0,90902
E07000117,Burnley,1135.0,2018,960.0,3905.0,52.0,3853.0,773.0,355.0,418.0,175.0,510.0,91994
E07000117,Burnley,1125.0,2019,915.0,4048.0,-236.0,4284.0,844.0,451.0,393.0,210.0,530.0,92949
E07000117,Burnley,1125.0,2020,1043.0,3965.0,316.0,3649.0,865.0,21.0,844.0,82.0,559.0,93927
E07000117,Burnley,1039.0,2021,1144.0,4505.0,182.0,4323.0,801.0,118.0,683.0,-105.0,612.0,94734
E07000117,Burnley,1074.0,2022,1073.0,4667.0,252.0,4415.0,1271.0,896.0,375.0,1.0,11.0,95894
E07000117,Burnley,1051.0,2023,1136.0,5088.0,674.0,4414.0,1334.0,943.0,391.0,-85.0,-1.0,97425
E07000117,Burnley,1070.0,2024,1059.0,5683.0,619.0,5064.0,1657.0,1164.0,493.0,11.0,14.0,99233
E07000118,Chorley,,2011,,,,,,,,,,107591
E07000118,Chorley,1256.0,2012,1000.0,5640.0,1280.0,4360.0,203.0,-4.0,207.0,256.0,-207.0,108916
E07000118,Chorley,1245.0,2013,989.0,5642.0,1183.0,4459.0,258.0,54.0,204.0,256.0,-249.0,110160
E07000118,Chorley,1212.0,2014,1009.0,5911.0,1081.0,4830.0,236.0,1.0,235.0,203.0,-271.0,111174
E07000118,Chorley,1236.0,2015,1044.0,6008.0,1128.0,4880.0,268.0,23.0,245.0,192.0,-99.0,112418
E07000118,Chorley,1243.0,2016,1017.0,6064.0,1113.0,4951.0,249.0,-13.0,262.0,226.0,-151.0,113593
E07000118,Chorley,1247.0,2017,1166.0,6591.0,1357.0,5234.0,266.0,-24.0,290.0,81.0,-197.0,114810
E07000118,Chorley,1108.0,2018,1157.0,6402.0,1255.0,5147.0,280.0,-54.0,334.0,-49.0,-223.0,115739
E07000118,Chorley,1144.0,2019,1096.0,6539.0,1170.0,5369.0,279.0,-44.0,323.0,48.0,-151.0,116762
E07000118,Chorley,1095.0,2020,1348.0,5809.0,1074.0,4735.0,219.0,-100.0,319.0,-253.0,-305.0,117178
E07000118,Chorley,1041.0,2021,1148.0,6799.0,1086.0,5713.0,202.0,-58.0,260.0,-107.0,-191.0,117908
E07000118,Chorley,1103.0,2022,1233.0,6388.0,475.0,5913.0,544.0,326.0,218.0,-130.0,98.0,118677
E07000118,Chorley,991.0,2023,1440.0,6330.0,1106.0,5224.0,586.0,390.0,196.0,-449.0,99.0,119823
E07000118,Chorley,976.0,2024,1340.0,6341.0,887.0,5454.0,697.0,496.0,201.0,-364.0,-3.0,120839
E07000119,Fylde,,2011,,,,,,,,,,76098
E07000119,Fylde,677.0,2012,997.0,4806.0,272.0,4534.0,418.0,-153.0,571.0,-320.0,4.0,75901
E07000119,Fylde,644.0,2013,1048.0,5208.0,816.0,4392.0,429.0,-97.0,526.0,-404.0,37.0,76253
E07000119,Fylde,620.0,2014,1016.0,5838.0,1225.0,4613.0,422.0,-160.0,582.0,-396.0,-15.0,76907
E07000119,Fylde,619.0,2015,1060.0,5592.0,862.0,4730.0,413.0,-201.0,614.0,-441.0,8.0,77135
E07000119,Fylde,645.0,2016,1033.0,5941.0,1237.0,4704.0,443.0,-172.0,615.0,-388.0,74.0,77886
E07000119,Fylde,625.0,2017,1110.0,5578.0,1137.0,4441.0,415.0,-221.0,636.0,-485.0,106.0,78423
E07000119,Fylde,586.0,2018,1101.0,5631.0,1536.0,4095.0,410.0,-285.0,695.0,-515.0,32.0,79191
E07000119,Fylde,632.0,2019,1052.0,5657.0,1285.0,4372.0,358.0,-275.0,633.0,-420.0,71.0,79852
E07000119,Fylde,570.0,2020,1217.0,5416.0,1333.0,4083.0,345.0,-317.0,662.0,-647.0,-45.0,80176
E07000119,Fylde,567.0,2021,1149.0,6628.0,2168.0,4460.0,259.0,-318.0,577.0,-582.0,306.0,81750
E07000119,Fylde,619.0,2022,1208.0,6209.0,1656.0,4553.0,631.0,282.0,349.0,-589.0,-49.0,83050
E07000119,Fylde,561.0,2023,1220.0,6138.0,1699.0,4439.0,670.0,300.0,370.0,-659.0,-180.0,84210
E07000119,Fylde,612.0,2024,1178.0,5890.0,1472.0,4418.0,623.0,271.0,352.0,-566.0,60.0,85447
E07000120,Hyndburn,,2011,,,,,,,,,,80549
E07000120,Hyndburn,1106.0,2012,762.0,3279.0,-786.0,4065.0,160.0,66.0,94.0,344.0,189.0,80362
E07000120,Hyndburn,1167.0,2013,857.0,3144.0,-690.0,3834.0,227.0,156.0,71.0,310.0,178.0,80316
E07000120,Hyndburn,1090.0,2014,779.0,3811.0,-189.0,4000.0,197.0,101.0,96.0,311.0,168.0,80707
E07000120,Hyndburn,1093.0,2015,867.0,3358.0,-412.0,3770.0,208.0,121.0,87.0,226.0,139.0,80781
E07000120,Hyndburn,1065.0,2016,822.0,3642.0,-69.0,3711.0,213.0,132.0,81.0,243.0,155.0,81242
E07000120,Hyndburn,1068.0,2017,830.0,3691.0,-327.0,4018.0,188.0,108.0,80.0,238.0,131.0,81392
E07000120,Hyndburn,1028.0,2018,891.0,3751.0,33.0,3718.0,195.0,78.0,117.0,137.0,138.0,81778
E07000120,Hyndburn,1022.0,2019,826.0,3795.0,-240.0,4035.0,191.0,73.0,118.0,196.0,147.0,81954
E07000120,Hyndburn,970.0,2020,914.0,3535.0,-72.0,3607.0,230.0,6.0,224.0,56.0,200.0,82144
E07000120,Hyndburn,935.0,2021,916.0,4226.0,-124.0,4350.0,226.0,49.0,177.0,19.0,183.0,82271
E07000120,Hyndburn,986.0,2022,920.0,4454.0,329.0,4125.0,860.0,749.0,111.0,66.0,-17.0,83398
E07000120,Hyndburn,924.0,2023,961.0,4695.0,577.0,4118.0,938.0,799.0,139.0,-37.0,10.0,84747
E07000120,Hyndburn,951.0,2024,992.0,5179.0,436.0,4743.0,1100.0,906.0,194.0,-41.0,10.0,86058
E07000121,Lancaster,,2011,,,,,,,,,,137823
E07000121,Lancaster,1578.0,2012,1440.0,9172.0,-380.0,9552.0,2238.0,721.0,1517.0,138.0,150.0,138452
E07000121,Lancaster,1515.0,2013,1507.0,8845.0,-780.0,9625.0,2332.0,907.0,1425.0,8.0,108.0,138695
E07000121,Lancaster,1481.0,2014,1443.0,9617.0,-633.0,10250.0,2282.0,540.0,1742.0,38.0,-171.0,138469
E07000121,Lancaster,1496.0,2015,1551.0,9207.0,-1121.0,10328.0,2362.0,735.0,1627.0,-55.0,74.0,138102
E07000121,Lancaster,1493.0,2016,1477.0,9935.0,-309.0,10244.0,2506.0,948.0,1558.0,16.0,-185.0,138572
E07000121,Lancaster,1339.0,2017,1527.0,10069.0,213.0,9856.0,1695.0,291.0,1404.0,-188.0,-210.0,138678
E07000121,Lancaster,1360.0,2018,1503.0,10424.0,709.0,9715.0,1560.0,103.0,1457.0,-143.0,-352.0,138995
E07000121,Lancaster,1407.0,2019,1475.0,10599.0,203.0,10396.0,2659.0,1153.0,1506.0,-68.0,-488.0,139795
E07000121,Lancaster,1309.0,2020,1534.0,10384.0,675.0,9709.0,2936.0,1278.0,1658.0,-225.0,-642.0,140881
E07000121,Lancaster,1252.0,2021,1645.0,11407.0,248.0,11159.0,3180.0,2299.0,881.0,-393.0,-684.0,142351
E07000121,Lancaster,1274.0,2022,1622.0,11364.0,709.0,10655.0,3145.0,1591.0,1554.0,-348.0,63.0,144366
E07000121,Lancaster,1300.0,2023,1765.0,11362.0,198.0,11164.0,2680.0,966.0,1714.0,-465.0,-9.0,145056
E07000121,Lancaster,1166.0,2024,1656.0,10574.0,-647.0,11221.0,2291.0,1108.0,1183.0,-490.0,-21.0,145006
E07000122,Pendle,,2011,,,,,,,,,,89576
E07000122,Pendle,1286.0,2012,829.0,3390.0,-749.0,4139.0,459.0,217.0,242.0,457.0,372.0,89873
E07000122,Pendle,1293.0,2013,825.0,3463.0,-330.0,3793.0,564.0,346.0,218.0,468.0,363.0,90720
E07000122,Pendle,1249.0,2014,837.0,3352.0,-1163.0,4515.0,723.0,436.0,287.0,412.0,398.0,90803
E07000122,Pendle,1281.0,2015,885.0,3363.0,-610.0,3973.0,850.0,560.0,290.0,396.0,382.0,91531
E07000122,Pendle,1277.0,2016,835.0,3415.0,-478.0,3893.0,967.0,643.0,324.0,442.0,364.0,92502
E07000122,Pendle,1207.0,2017,925.0,3787.0,-572.0,4359.0,835.0,408.0,427.0,282.0,446.0,93066
E07000122,Pendle,1162.0,2018,936.0,3748.0,-363.0,4111.0,1018.0,494.0,524.0,226.0,449.0,93872
E07000122,Pendle,1174.0,2019,851.0,4029.0,-319.0,4348.0,1046.0,505.0,541.0,323.0,515.0,94896
E07000122,Pendle,1191.0,2020,982.0,3446.0,-538.0,3984.0,980.0,21.0,959.0,209.0,511.0,95099
E07000122,Pendle,1058.0,2021,992.0,4292.0,-90.0,4382.0,877.0,141.0,736.0,66.0,603.0,95819
E07000122,Pendle,1151.0,2022,950.0,4310.0,-476.0,4786.0,1451.0,969.0,482.0,201.0,-4.0,96509
E07000122,Pendle,1100.0,2023,947.0,4676.0,300.0,4376.0,1354.0,921.0,433.0,153.0,-2.0,97881
E07000122,Pendle,1146.0,2024,979.0,5148.0,638.0,4510.0,1638.0,1102.0,536.0,167.0,-11.0,99777
E07000123,Preston,,2011,,,,,,,,,,140054
E07000123,Preston,1842.0,2012,1158.0,9979.0,-1024.0,11003.0,1938.0,343.0,1595.0,684.0,159.0,140216
E07000123,Preston,1880.0,2013,1243.0,9349.0,-1216.0,10565.0,2062.0,616.0,1446.0,637.0,49.0,140302
E07000123,Preston,1909.0,2014,1220.0,10153.0,-1449.0,11602.0,2221.0,656.0,1565.0,689.0,-40.0,140158
E07000123,Preston,1908.0,2015,1250.0,10563.0,-1118.0,11681.0,2379.0,945.0,1434.0,658.0,-28.0,140615
E07000123,Preston,1884.0,2016,1188.0,10659.0,-1930.0,12589.0,2444.0,1113.0,1331.0,696.0,-26.0,140468
E07000123,Preston,1832.0,2017,1224.0,10029.0,-23.0,10052.0,2256.0,888.0,1368.0,608.0,-207.0,141734
E07000123,Preston,1732.0,2018,1300.0,9522.0,-314.0,9836.0,2341.0,906.0,1435.0,432.0,-341.0,142417
E07000123,Preston,1806.0,2019,1198.0,9690.0,-143.0,9833.0,3566.0,1935.0,1631.0,608.0,-193.0,144624
E07000123,Preston,1724.0,2020,1457.0,9906.0,111.0,9795.0,3741.0,1316.0,2425.0,267.0,-406.0,145912
E07000123,Preston,1762.0,2021,1386.0,10647.0,-234.0,10881.0,3631.0,2015.0,1616.0,376.0,-283.0,147786
E07000123,Preston,1746.0,2022,1439.0,11098.0,-24.0,11122.0,5900.0,4452.0,1448.0,307.0,29.0,152550
E07000123,Preston,1747.0,2023,1405.0,11396.0,369.0,11027.0,6921.0,5281.0,1640.0,342.0,-225.0,158317
E07000123,Preston,1764.0,2024,1374.0,11700.0,-132.0,11832.0,6226.0,4249.0,1977.0,390.0,40.0,162864
E07000124,Ribble Valley,,2011,,,,,,,,,,57292
E07000124,Ribble Valley,475.0,2012,560.0,3324.0,439.0,2885.0,173.0,-18.0,191.0,-85.0,-119.0,57509
E07000124,Ribble Valley,452.0,2013,550.0,3147.0,386.0,2761.0,178.0,-17.0,195.0,-98.0,-88.0,57692
E07000124,Ribble Valley,422.0,2014,580.0,3556.0,529.0,3027.0,155.0,-61.0,216.0,-158.0,-91.0,57911
E07000124,Ribble Valley,457.0,2015,595.0,3567.0,596.0,2971.0,199.0,-15.0,214.0,-138.0,-79.0,58275
E07000124,Ribble Valley,456.0,2016,569.0,3662.0,548.0,3114.0,178.0,-24.0,202.0,-113.0,-75.0,58611
E07000124,Ribble Valley,483.0,2017,618.0,3948.0,718.0,3230.0,192.0,-53.0,245.0,-135.0,-75.0,59066
E07000124,Ribble Valley,474.0,2018,651.0,3763.0,712.0,3051.0,155.0,-95.0,250.0,-177.0,-54.0,59452
E07000124,Ribble Valley,441.0,2019,601.0,3917.0,754.0,3163.0,142.0,-89.0,231.0,-160.0,-54.0,59903
E07000124,Ribble Valley,512.0,2020,670.0,3938.0,1161.0,2777.0,129.0,-70.0,199.0,-158.0,-56.0,60780
E07000124,Ribble Valley,467.0,2021,724.0,4971.0,1602.0,3369.0,133.0,-182.0,315.0,-257.0,-78.0,61865
E07000124,Ribble Valley,492.0,2022,636.0,4733.0,1314.0,3419.0,385.0,202.0,183.0,-144.0,-2.0,63235
E07000124,Ribble Valley,452.0,2023,638.0,4776.0,1490.0,3286.0,366.0,187.0,179.0,-186.0,10.0,64736
E07000124,Ribble Valley,481.0,2024,671.0,4594.0,1105.0,3489.0,316.0,133.0,183.0,-190.0,10.0,65794
E07000125,Rossendale,,2011,,,,,,,,,,68053
E07000125,Rossendale,869.0,2012,625.0,3276.0,-128.0,3404.0,83.0,-2.0,85.0,244.0,-23.0,68144
E07000125,Rossendale,830.0,2013,650.0,3208.0,175.0,3033.0,73.0,8.0,65.0,180.0,-2.0,68505
E07000125,Rossendale,823.0,2014,606.0,3686.0,207.0,3479.0,97.0,15.0,82.0,217.0,-13.0,68931
E07000125,Rossendale,808.0,2015,709.0,3387.0,135.0,3252.0,91.0,15.0,76.0,99.0,16.0,69196
E07000125,Rossendale,798.0,2016,611.0,3529.0,126.0,3403.0,76.0,-5.0,81.0,187.0,-29.0,69475
E07000125,Rossendale,757.0,2017,656.0,4089.0,509.0,3580.0,78.0,-7.0,85.0,101.0,6.0,70084
E07000125,Rossendale,776.0,2018,684.0,3867.0,312.0,3555.0,109.0,13.0,96.0,92.0,14.0,70515
E07000125,Rossendale,744.0,2019,699.0,4080.0,270.0,3810.0,127.0,43.0,84.0,45.0,11.0,70884
E07000125,Rossendale,717.0,2020,788.0,3268.0,-30.0,3298.0,127.0,-13.0,140.0,-71.0,41.0,70811
E07000125,Rossendale,694.0,2021,730.0,4034.0,208.0,3826.0,95.0,-3.0,98.0,-36.0,28.0,71008
E07000125,Rossendale,710.0,2022,800.0,3895.0,-76.0,3971.0,491.0,417.0,74.0,-90.0,5.0,71264
E07000125,Rossendale,674.0,2023,797.0,4155.0,471.0,3684.0,410.0,351.0,59.0,-123.0,-1.0,71962
E07000125,Rossendale,678.0,2024,748.0,4629.0,756.0,3873.0,474.0,394.0,80.0,-70.0,3.0,73045
E07000126,South Ribble,,2011,,,,,,,,,,109181
E07000126,South Ribble,1235.0,2012,984.0,4727.0,-561.0,5288.0,207.0,33.0,174.0,251.0,-25.0,108879
E07000126,South Ribble,1214.0,2013,1004.0,5184.0,-189.0,5373.0,187.0,15.0,172.0,210.0,1.0,108916
E07000126,South Ribble,1182.0,2014,905.0,5596.0,140.0,5456.0,232.0,56.0,176.0,277.0,-32.0,109357
E07000126,South Ribble,1195.0,2015,1006.0,5600.0,355.0,5245.0,182.0,-7.0,189.0,189.0,-21.0,109873
E07000126,South Ribble,1229.0,2016,981.0,5321.0,137.0,5184.0,201.0,20.0,181.0,248.0,-25.0,110253
E07000126,South Ribble,1156.0,2017,1065.0,5481.0,41.0,5440.0,204.0,23.0,181.0,91.0,-60.0,110348
E07000126,South Ribble,1104.0,2018,1077.0,5486.0,-4.0,5490.0,204.0,6.0,198.0,27.0,-43.0,110334
E07000126,South Ribble,1039.0,2019,1014.0,5628.0,124.0,5504.0,228.0,28.0,200.0,25.0,-34.0,110477
E07000126,South Ribble,987.0,2020,1113.0,5209.0,327.0,4882.0,146.0,-32.0,178.0,-126.0,-33.0,110613
E07000126,South Ribble,988.0,2021,1097.0,6237.0,660.0,5577.0,174.0,20.0,154.0,-109.0,19.0,111203
E07000126,South Ribble,978.0,2022,1149.0,6592.0,930.0,5662.0,544.0,388.0,156.0,-171.0,1.0,112351
E07000126,South Ribble,963.0,2023,1207.0,6563.0,1269.0,5294.0,750.0,605.0,145.0,-244.0,-24.0,113957
E07000126,South Ribble,993.0,2024,1082.0,6820.0,1585.0,5235.0,804.0,641.0,163.0,-89.0,19.0,116113
E07000127,West Lancashire,,2011,,,,,,,,,,110617
E07000127,West Lancashire,1112.0,2012,1031.0,5364.0,-74.0,5438.0,547.0,158.0,389.0,81.0,258.0,111040
E07000127,West Lancashire,1160.0,2013,1135.0,5595.0,346.0,5249.0,524.0,97.0,427.0,25.0,227.0,111735
E07000127,West Lancashire,1074.0,2014,1113.0,6453.0,395.0,6058.0,629.0,202.0,427.0,-39.0,251.0,112544
E07000127,West Lancashire,1080.0,2015,1075.0,6457.0,593.0,5864.0,639.0,174.0,465.0,5.0,220.0,113536
E07000127,West Lancashire,1001.0,2016,1240.0,6755.0,504.0,6251.0,641.0,203.0,438.0,-239.0,239.0,114243
E07000127,West Lancashire,1020.0,2017,1234.0,7806.0,930.0,6876.0,496.0,21.0,475.0,-214.0,230.0,115210
E07000127,West Lancashire,981.0,2018,1292.0,7465.0,216.0,7249.0,628.0,78.0,550.0,-311.0,173.0,115366
E07000127,West Lancashire,1046.0,2019,1193.0,7720.0,318.0,7402.0,607.0,14.0,593.0,-147.0,193.0,115744
E07000127,West Lancashire,987.0,2020,1430.0,7688.0,768.0,6920.0,426.0,-62.0,488.0,-443.0,191.0,116198
E07000127,West Lancashire,909.0,2021,1297.0,8851.0,855.0,7996.0,368.0,-14.0,382.0,-388.0,448.0,117099
E07000127,West Lancashire,1084.0,2022,1372.0,9667.0,2258.0,7409.0,815.0,352.0,463.0,-288.0,-20.0,119401
E07000127,West Lancashire,958.0,2023,1445.0,8821.0,820.0,8001.0,828.0,421.0,407.0,-487.0,2.0,120157
E07000127,West Lancashire,989.0,2024,1354.0,9103.0,1687.0,7416.0,975.0,511.0,464.0,-365.0,5.0,121995
E07000128,Wyre,,2011,,,,,,,,,,107692
E07000128,Wyre,963.0,2012,1494.0,6679.0,559.0,6120.0,203.0,-17.0,220.0,-531.0,-237.0,107466
E07000128,Wyre,974.0,2013,1418.0,6871.0,685.0,6186.0,190.0,-8.0,198.0,-444.0,-202.0,107497
E07000128,Wyre,944.0,2014,1419.0,7500.0,938.0,6562.0,244.0,36.0,208.0,-475.0,-231.0,107765
E07000128,Wyre,993.0,2015,1407.0,7541.0,1306.0,6235.0,225.0,7.0,218.0,-414.0,-203.0,108461
E07000128,Wyre,955.0,2016,1458.0,7558.0,835.0,6723.0,211.0,-2.0,213.0,-503.0,-217.0,108574
E07000128,Wyre,974.0,2017,1475.0,6906.0,861.0,6045.0,218.0,-14.0,232.0,-501.0,-213.0,108707
E07000128,Wyre,938.0,2018,1595.0,6643.0,1152.0,5491.0,239.0,-14.0,253.0,-657.0,-169.0,109019
E07000128,Wyre,889.0,2019,1532.0,7050.0,1393.0,5657.0,207.0,-49.0,256.0,-643.0,-176.0,109544
E07000128,Wyre,873.0,2020,1654.0,6977.0,1844.0,5133.0,165.0,-65.0,230.0,-781.0,-133.0,110409
E07000128,Wyre,868.0,2021,1678.0,8901.0,2989.0,5912.0,154.0,-28.0,182.0,-810.0,-126.0,112434
E07000128,Wyre,850.0,2022,1641.0,8737.0,2889.0,5848.0,581.0,437.0,144.0,-791.0,5.0,114974
E07000128,Wyre,848.0,2023,1751.0,7777.0,2299.0,5478.0,623.0,462.0,161.0,-903.0,0.0,116832
E07000128,Wyre,801.0,2024,1641.0,7881.0,2260.0,5621.0,709.0,488.0,221.0,-840.0,3.0,118743
E07000129,Blaby,,2011,,,,,,,,,,94132
E07000129,Blaby,1031.0,2012,742.0,5483.0,304.0,5179.0,187.0,55.0,132.0,289.0,-124.0,94656
E07000129,Blaby,1051.0,2013,797.0,5452.0,153.0,5299.0,200.0,84.0,116.0,254.0,-102.0,95045
E07000129,Blaby,1028.0,2014,809.0,6215.0,620.0,5595.0,228.0,127.0,101.0,219.0,-47.0,95964
E07000129,Blaby,1050.0,2015,818.0,6051.0,442.0,5609.0,234.0,110.0,124.0,232.0,-144.0,96604
E07000129,Blaby,1104.0,2016,862.0,6269.0,1096.0,5173.0,283.0,144.0,139.0,242.0,-72.0,98014
E07000129,Blaby,1112.0,2017,861.0,7568.0,1435.0,6133.0,231.0,76.0,155.0,251.0,-410.0,99366
E07000129,Blaby,1070.0,2018,887.0,7172.0,1156.0,6016.0,272.0,72.0,200.0,183.0,-10.0,100767
E07000129,Blaby,1099.0,2019,840.0,6916.0,748.0,6168.0,272.0,29.0,243.0,259.0,-26.0,101777
E07000129,Blaby,1058.0,2020,934.0,6010.0,380.0,5630.0,257.0,5.0,252.0,124.0,7.0,102293
E07000129,Blaby,1013.0,2021,937.0,7338.0,850.0,6488.0,273.0,24.0,249.0,76.0,28.0,103271
E07000129,Blaby,1103.0,2022,951.0,6524.0,519.0,6005.0,517.0,331.0,186.0,152.0,14.0,104287
E07000129,Blaby,1001.0,2023,998.0,6600.0,599.0,6001.0,654.0,496.0,158.0,3.0,128.0,105513
E07000129,Blaby,1016.0,2024,934.0,6444.0,424.0,6020.0,632.0,441.0,191.0,82.0,1705.0,108165
E07000130,Charnwood,,2011,,,,,,,,,,165876
E07000130,Charnwood,1821.0,2012,1384.0,12462.0,1000.0,11462.0,1850.0,197.0,1653.0,437.0,-36.0,167474
E07000130,Charnwood,1817.0,2013,1464.0,12051.0,500.0,11551.0,1994.0,479.0,1515.0,353.0,-40.0,168766
E07000130,Charnwood,1681.0,2014,1356.0,14033.0,1489.0,12544.0,2161.0,604.0,1557.0,325.0,-238.0,170946
E07000130,Charnwood,1870.0,2015,1436.0,13414.0,1310.0,12104.0,2003.0,468.0,1535.0,434.0,-249.0,172909
E07000130,Charnwood,1880.0,2016,1412.0,13579.0,857.0,12722.0,2200.0,775.0,1425.0,468.0,-384.0,174625
E07000130,Charnwood,1817.0,2017,1546.0,16480.0,2139.0,14341.0,1968.0,435.0,1533.0,271.0,-473.0,176997
E07000130,Charnwood,1862.0,2018,1539.0,16426.0,1892.0,14534.0,2037.0,521.0,1516.0,323.0,-542.0,179191
E07000130,Charnwood,1693.0,2019,1463.0,17458.0,1837.0,15621.0,2203.0,555.0,1648.0,230.0,-825.0,180988
E07000130,Charnwood,1802.0,2020,1695.0,15516.0,963.0,14553.0,2450.0,836.0,1614.0,107.0,-786.0,182108
E07000130,Charnwood,1658.0,2021,1661.0,16592.0,677.0,15915.0,1749.0,929.0,820.0,-3.0,-805.0,182906
E07000130,Charnwood,1676.0,2022,1696.0,16476.0,719.0,15757.0,2844.0,1576.0,1268.0,-20.0,-7.0,185174
E07000130,Charnwood,1556.0,2023,1756.0,15911.0,145.0,15766.0,3535.0,2062.0,1473.0,-200.0,-2.0,187179
E07000130,Charnwood,1579.0,2024,1731.0,16263.0,-60.0,16323.0,3078.0,1422.0,1656.0,-152.0,-4.0,188385
E07000131,Harborough,,2011,,,,,,,,,,85699
E07000131,Harborough,787.0,2012,731.0,4757.0,639.0,4118.0,202.0,-59.0,261.0,56.0,15.0,86350
E07000131,Harborough,791.0,2013,786.0,5149.0,1005.0,4144.0,213.0,-32.0,245.0,5.0,18.0,87346
E07000131,Harborough,807.0,2014,732.0,5661.0,567.0,5094.0,257.0,-6.0,263.0,75.0,9.0,87991
E07000131,Harborough,873.0,2015,838.0,5939.0,1340.0,4599.0,268.0,-15.0,283.0,35.0,51.0,89402
E07000131,Harborough,845.0,2016,790.0,5657.0,1126.0,4531.0,288.0,3.0,285.0,55.0,24.0,90610
E07000131,Harborough,767.0,2017,819.0,6653.0,1147.0,5506.0,293.0,-33.0,326.0,-52.0,46.0,91718
E07000131,Harborough,827.0,2018,839.0,6569.0,916.0,5653.0,257.0,-92.0,349.0,-12.0,118.0,92648
E07000131,Harborough,791.0,2019,827.0,6569.0,1049.0,5520.0,229.0,-105.0,334.0,-36.0,105.0,93661
E07000131,Harborough,820.0,2020,960.0,6495.0,1684.0,4811.0,231.0,-112.0,343.0,-140.0,195.0,95288
E07000131,Harborough,865.0,2021,932.0,8676.0,2978.0,5698.0,197.0,-63.0,260.0,-67.0,118.0,98254
E07000131,Harborough,877.0,2022,966.0,7687.0,2245.0,5442.0,546.0,311.0,235.0,-89.0,-55.0,100666
E07000131,Harborough,897.0,2023,1038.0,7303.0,2003.0,5300.0,586.0,349.0,237.0,-141.0,33.0,102910
E07000131,Harborough,909.0,2024,947.0,7024.0,1621.0,5403.0,445.0,233.0,212.0,-38.0,-13.0,104713
E07000132,Hinckley and Bosworth,,2011,,,,,,,,,,105328
E07000132,Hinckley and Bosworth,1220.0,2012,927.0,5075.0,430.0,4645.0,212.0,58.0,154.0,293.0,-154.0,105955
E07000132,Hinckley and Bosworth,1141.0,2013,969.0,5043.0,364.0,4679.0,261.0,66.0,195.0,172.0,-142.0,106415
E07000132,Hinckley and Bosworth,1073.0,2014,889.0,6100.0,932.0,5168.0,292.0,116.0,176.0,184.0,-179.0,107468
E07000132,Hinckley and Bosworth,1121.0,2015,982.0,6042.0,1011.0,5031.0,361.0,163.0,198.0,139.0,-172.0,108609
E07000132,Hinckley and Bosworth,1151.0,2016,1048.0,6032.0,1259.0,4773.0,334.0,126.0,208.0,103.0,-177.0,109920
E07000132,Hinckley and Bosworth,1148.0,2017,965.0,7242.0,1525.0,5717.0,272.0,24.0,248.0,183.0,-221.0,111431
E07000132,Hinckley and Bosworth,1108.0,2018,1108.0,6648.0,1008.0,5640.0,242.0,-9.0,251.0,0.0,-185.0,112245
E07000132,Hinckley and Bosworth,1102.0,2019,1059.0,6677.0,619.0,6058.0,263.0,-21.0,284.0,43.0,-198.0,112688
E07000132,Hinckley and Bosworth,1068.0,2020,1239.0,5777.0,670.0,5107.0,220.0,-14.0,234.0,-171.0,-122.0,113051
E07000132,Hinckley and Bosworth,977.0,2021,1082.0,7010.0,845.0,6165.0,202.0,-6.0,208.0,-105.0,-132.0,113653
E07000132,Hinckley and Bosworth,1132.0,2022,1222.0,6274.0,607.0,5667.0,345.0,144.0,201.0,-90.0,13.0,114327
E07000132,Hinckley and Bosworth,1056.0,2023,1269.0,6519.0,919.0,5600.0,439.0,286.0,153.0,-213.0,-5.0,115314
E07000132,Hinckley and Bosworth,977.0,2024,1180.0,6685.0,1324.0,5361.0,407.0,242.0,165.0,-203.0,5.0,116682
E07000133,Melton,,2011,,,,,,,,,,50495
E07000133,Melton,572.0,2012,461.0,2519.0,179.0,2340.0,134.0,49.0,85.0,111.0,-20.0,50814
E07000133,Melton,536.0,2013,471.0,2376.0,-18.0,2394.0,137.0,49.0,88.0,65.0,-19.0,50891
E07000133,Melton,501.0,2014,450.0,2707.0,16.0,2691.0,147.0,58.0,89.0,51.0,-26.0,50990
E07000133,Melton,500.0,2015,465.0,2454.0,-36.0,2490.0,160.0,61.0,99.0,35.0,-37.0,51013
E07000133,Melton,493.0,2016,455.0,2407.0,31.0,2376.0,161.0,53.0,108.0,38.0,11.0,51146
E07000133,Melton,442.0,2017,483.0,2806.0,10.0,2796.0,132.0,-2.0,134.0,-41.0,0.0,51113
E07000133,Melton,506.0,2018,512.0,2971.0,267.0,2704.0,130.0,-13.0,143.0,-6.0,-30.0,51331
E07000133,Melton,448.0,2019,464.0,3084.0,196.0,2888.0,121.0,-9.0,130.0,-16.0,-32.0,51470
E07000133,Melton,462.0,2020,520.0,2714.0,175.0,2539.0,73.0,-39.0,112.0,-58.0,35.0,51583
E07000133,Melton,423.0,2021,562.0,3403.0,371.0,3032.0,72.0,-40.0,112.0,-139.0,-19.0,51756
E07000133,Melton,448.0,2022,578.0,3265.0,744.0,2521.0,169.0,67.0,102.0,-130.0,14.0,52451
E07000133,Melton,445.0,2023,590.0,3252.0,684.0,2568.0,388.0,305.0,83.0,-145.0,-4.0,53291
E07000133,Melton,400.0,2024,549.0,3345.0,822.0,2523.0,175.0,84.0,91.0,-149.0,4.0,54052
E07000134,North West Leicestershire,,2011,,,,,,,,,,93670
E07000134,North West Leicestershire,1019.0,2012,831.0,4514.0,158.0,4356.0,216.0,46.0,170.0,188.0,-257.0,93805
E07000134,North West Leicestershire,978.0,2013,844.0,4697.0,585.0,4112.0,209.0,58.0,151.0,134.0,-224.0,94358
E07000134,North West Leicestershire,950.0,2014,858.0,5903.0,1021.0,4882.0,244.0,68.0,176.0,92.0,-269.0,95270
E07000134,North West Leicestershire,981.0,2015,879.0,5631.0,1170.0,4461.0,270.0,98.0,172.0,102.0,-278.0,96362
E07000134,North West Leicestershire,1059.0,2016,927.0,5587.0,1374.0,4213.0,326.0,139.0,187.0,132.0,-278.0,97729
E07000134,North West Leicestershire,986.0,2017,900.0,7185.0,1751.0,5434.0,280.0,66.0,214.0,86.0,-317.0,99315
E07000134,North West Leicestershire,1046.0,2018,961.0,7345.0,2053.0,5292.0,280.0,18.0,262.0,85.0,-276.0,101195
E07000134,North West Leicestershire,1041.0,2019,868.0,7144.0,1371.0,5773.0,281.0,12.0,269.0,173.0,-290.0,102461
E07000134,North West Leicestershire,963.0,2020,1046.0,6270.0,1177.0,5093.0,231.0,-32.0,263.0,-83.0,-179.0,103344
E07000134,North West Leicestershire,1027.0,2021,1030.0,7692.0,1872.0,5820.0,240.0,-2.0,242.0,-3.0,-207.0,105004
E07000134,North West Leicestershire,1040.0,2022,1048.0,7757.0,2593.0,5164.0,350.0,152.0,198.0,-8.0,-2.0,107739
E07000134,North West Leicestershire,1027.0,2023,989.0,7204.0,1821.0,5383.0,801.0,605.0,196.0,38.0,0.0,110203
E07000134,North West Leicestershire,1018.0,2024,990.0,6934.0,1434.0,5500.0,432.0,211.0,221.0,28.0,5.0,111881
E07000135,Oadby and Wigston,,2011,,,,,,,,,,55979
E07000135,Oadby and Wigston,622.0,2012,533.0,5244.0,-411.0,5655.0,241.0,82.0,159.0,89.0,305.0,56044
E07000135,Oadby and Wigston,614.0,2013,565.0,5094.0,-281.0,5375.0,222.0,54.0,168.0,49.0,194.0,56060
E07000135,Oadby and Wigston,551.0,2014,564.0,5665.0,497.0,5168.0,236.0,65.0,171.0,-13.0,174.0,56783
E07000135,Oadby and Wigston,549.0,2015,603.0,5379.0,-719.0,6098.0,255.0,69.0,186.0,-54.0,137.0,56216
E07000135,Oadby and Wigston,584.0,2016,579.0,5192.0,-344.0,5536.0,262.0,89.0,173.0,5.0,78.0,56044
E07000135,Oadby and Wigston,586.0,2017,589.0,6106.0,1279.0,4827.0,282.0,97.0,185.0,-3.0,99.0,57516
E07000135,Oadby and Wigston,582.0,2018,578.0,5907.0,10.0,5897.0,282.0,96.0,186.0,4.0,87.0,57713
E07000135,Oadby and Wigston,533.0,2019,606.0,5935.0,-63.0,5998.0,313.0,108.0,205.0,-73.0,87.0,57772
E07000135,Oadby and Wigston,509.0,2020,671.0,5266.0,146.0,5120.0,340.0,38.0,302.0,-162.0,75.0,57869
E07000135,Oadby and Wigston,502.0,2021,693.0,5616.0,-122.0,5738.0,422.0,208.0,214.0,-191.0,24.0,57788
E07000135,Oadby and Wigston,544.0,2022,681.0,5852.0,222.0,5630.0,816.0,662.0,154.0,-137.0,6.0,58541
E07000135,Oadby and Wigston,535.0,2023,660.0,5649.0,635.0,5014.0,927.0,782.0,145.0,-125.0,-7.0,59826
E07000135,Oadby and Wigston,538.0,2024,624.0,6330.0,1345.0,4985.0,936.0,740.0,196.0,-86.0,-130.0,61695
E07000136,Boston,,2011,,,,,,,,,,64615
E07000136,Boston,891.0,2012,702.0,2489.0,-748.0,3237.0,1521.0,1008.0,513.0,189.0,200.0,65264
E07000136,Boston,874.0,2013,737.0,2532.0,-433.0,2965.0,1970.0,1425.0,545.0,137.0,219.0,66612
E07000136,Boston,833.0,2014,686.0,2673.0,-794.0,3467.0,1801.0,1034.0,767.0,147.0,143.0,67142
E07000136,Boston,847.0,2015,767.0,2427.0,-1045.0,3472.0,2020.0,1310.0,710.0,80.0,99.0,67586
E07000136,Boston,821.0,2016,701.0,2330.0,-888.0,3218.0,2310.0,1531.0,779.0,120.0,240.0,68589
E07000136,Boston,815.0,2017,780.0,3166.0,-463.0,3629.0,2214.0,1354.0,860.0,35.0,158.0,69673
E07000136,Boston,796.0,2018,822.0,3458.0,-118.0,3576.0,1722.0,463.0,1259.0,-26.0,140.0,70132
E07000136,Boston,730.0,2019,750.0,3502.0,-230.0,3732.0,1626.0,191.0,1435.0,-20.0,153.0,70226
E07000136,Boston,715.0,2020,814.0,3094.0,-229.0,3323.0,1887.0,168.0,1719.0,-99.0,115.0,70181
E07000136,Boston,666.0,2021,869.0,3814.0,483.0,3331.0,1598.0,255.0,1343.0,-203.0,99.0,70815
E07000136,Boston,699.0,2022,873.0,3876.0,309.0,3567.0,920.0,-140.0,1060.0,-174.0,-69.0,70741
E07000136,Boston,651.0,2023,833.0,3594.0,-65.0,3659.0,1602.0,573.0,1029.0,-182.0,59.0,71126
E07000136,Boston,661.0,2024,795.0,3569.0,-16.0,3585.0,1343.0,123.0,1220.0,-134.0,-19.0,71080
E07000137,East Lindsey,,2011,,,,,,,,,,136683
E07000137,East Lindsey,1285.0,2012,1825.0,7534.0,210.0,7324.0,402.0,33.0,369.0,-540.0,45.0,136431
E07000137,East Lindsey,1267.0,2013,1860.0,7287.0,449.0,6838.0,395.0,68.0,327.0,-593.0,44.0,136399
E07000137,East Lindsey,1213.0,2014,1817.0,8917.0,1330.0,7587.0,405.0,47.0,358.0,-604.0,170.0,137342
E07000137,East Lindsey,1203.0,2015,1896.0,7931.0,960.0,6971.0,464.0,79.0,385.0,-693.0,65.0,137753
E07000137,East Lindsey,1230.0,2016,1897.0,7692.0,1274.0,6418.0,446.0,82.0,364.0,-667.0,46.0,138488
E07000137,East Lindsey,1172.0,2017,2024.0,11366.0,2327.0,9039.0,426.0,22.0,404.0,-852.0,87.0,140072
E07000137,East Lindsey,1143.0,2018,2006.0,10591.0,1847.0,8744.0,391.0,-31.0,422.0,-863.0,48.0,141073
E07000137,East Lindsey,1100.0,2019,1982.0,10605.0,1761.0,8844.0,378.0,-41.0,419.0,-882.0,128.0,142039
E07000137,East Lindsey,1056.0,2020,2153.0,8154.0,676.0,7478.0,309.0,-84.0,393.0,-1097.0,131.0,141665
E07000137,East Lindsey,1027.0,2021,2311.0,10302.0,2495.0,7807.0,267.0,-76.0,343.0,-1284.0,116.0,142916
E07000137,East Lindsey,1062.0,2022,2280.0,9592.0,2341.0,7251.0,466.0,137.0,329.0,-1218.0,51.0,144227
E07000137,East Lindsey,971.0,2023,2354.0,8817.0,1832.0,6985.0,671.0,337.0,334.0,-1383.0,-42.0,144971
E07000137,East Lindsey,936.0,2024,2163.0,8179.0,1435.0,6744.0,399.0,62.0,337.0,-1227.0,-58.0,145183
E07000138,Lincoln,,2011,,,,,,,,,,93085
E07000138,Lincoln,1321.0,2012,819.0,9510.0,740.0,8770.0,1233.0,519.0,714.0,502.0,655.0,95501
E07000138,Lincoln,1275.0,2013,864.0,9121.0,122.0,8999.0,1420.0,741.0,679.0,411.0,677.0,97452
E07000138,Lincoln,1232.0,2014,826.0,9889.0,-785.0,10674.0,1670.0,771.0,899.0,406.0,638.0,98482
E07000138,Lincoln,1274.0,2015,913.0,9468.0,-362.0,9830.0,1579.0,582.0,997.0,361.0,379.0,99442
E07000138,Lincoln,1277.0,2016,869.0,9345.0,-485.0,9830.0,1776.0,919.0,857.0,408.0,395.0,100679
E07000138,Lincoln,1169.0,2017,934.0,12297.0,489.0,11808.0,1500.0,551.0,949.0,235.0,287.0,102241
E07000138,Lincoln,1108.0,2018,934.0,12088.0,474.0,11614.0,1333.0,322.0,1011.0,174.0,1.0,103212
E07000138,Lincoln,1059.0,2019,925.0,12631.0,441.0,12190.0,1280.0,165.0,1115.0,134.0,-348.0,103604
E07000138,Lincoln,1037.0,2020,968.0,11958.0,271.0,11687.0,1390.0,201.0,1189.0,69.0,-614.0,103531
E07000138,Lincoln,972.0,2021,1015.0,11716.0,-1216.0,12932.0,1453.0,671.0,782.0,-43.0,-532.0,102411
E07000138,Lincoln,984.0,2022,970.0,11171.0,-997.0,12168.0,2474.0,1615.0,859.0,14.0,-17.0,103026
E07000138,Lincoln,949.0,2023,1017.0,11069.0,-1846.0,12915.0,3733.0,3009.0,724.0,-68.0,1.0,104122
E07000138,Lincoln,945.0,2024,960.0,11118.0,-1335.0,12453.0,3394.0,2389.0,1005.0,-15.0,-47.0,105114
E07000139,North Kesteven,,2011,,,,,,,,,,108518
E07000139,North Kesteven,1144.0,2012,1063.0,6682.0,607.0,6075.0,274.0,-104.0,378.0,81.0,37.0,109139
E07000139,North Kesteven,1065.0,2013,1070.0,6587.0,717.0,5870.0,298.0,-63.0,361.0,-5.0,-134.0,109654
E07000139,North Kesteven,1066.0,2014,1006.0,7386.0,835.0,6551.0,347.0,-32.0,379.0,60.0,229.0,110746
E07000139,North Kesteven,1104.0,2015,1110.0,7020.0,854.0,6166.0,365.0,-40.0,405.0,-6.0,111.0,111665
E07000139,North Kesteven,1137.0,2016,1101.0,7204.0,1192.0,6012.0,380.0,-36.0,416.0,36.0,206.0,113063
E07000139,North Kesteven,1112.0,2017,1175.0,8911.0,1380.0,7531.0,322.0,-109.0,431.0,-63.0,152.0,114423
E07000139,North Kesteven,1042.0,2018,1307.0,8203.0,842.0,7361.0,304.0,-190.0,494.0,-265.0,50.0,114860
E07000139,North Kesteven,1034.0,2019,1250.0,8383.0,995.0,7388.0,286.0,-158.0,444.0,-216.0,340.0,115821
E07000139,North Kesteven,1004.0,2020,1351.0,7827.0,1417.0,6410.0,249.0,-188.0,437.0,-347.0,354.0,117057
E07000139,North Kesteven,930.0,2021,1315.0,9103.0,1822.0,7281.0,239.0,-122.0,361.0,-385.0,130.0,118502
E07000139,North Kesteven,916.0,2022,1237.0,8214.0,1358.0,6856.0,524.0,228.0,296.0,-321.0,32.0,119799
E07000139,North Kesteven,931.0,2023,1384.0,7895.0,1307.0,6588.0,639.0,376.0,263.0,-453.0,86.0,121115
E07000139,North Kesteven,893.0,2024,1348.0,7663.0,1614.0,6049.0,516.0,276.0,240.0,-455.0,-82.0,122468
E07000140,South Holland,,2011,,,,,,,,,,88390
E07000140,South Holland,957.0,2012,972.0,3662.0,-267.0,3929.0,914.0,502.0,412.0,-15.0,-108.0,88502
E07000140,South Holland,923.0,2013,1034.0,3909.0,48.0,3861.0,1110.0,732.0,378.0,-111.0,-125.0,89046
E07000140,South Holland,959.0,2014,1031.0,4573.0,373.0,4200.0,1168.0,692.0,476.0,-72.0,-125.0,89914
E07000140,South Holland,945.0,2015,1104.0,4229.0,215.0,4014.0,1436.0,951.0,485.0,-159.0,-119.0,90802
E07000140,South Holland,982.0,2016,1056.0,4327.0,429.0,3898.0,1463.0,911.0,552.0,-74.0,-98.0,91970
E07000140,South Holland,926.0,2017,1100.0,4940.0,325.0,4615.0,1209.0,623.0,586.0,-174.0,-157.0,92587
E07000140,South Holland,972.0,2018,1127.0,5097.0,613.0,4484.0,984.0,68.0,916.0,-155.0,-149.0,92964
E07000140,South Holland,918.0,2019,1036.0,5457.0,904.0,4553.0,810.0,-168.0,978.0,-118.0,-115.0,93467
E07000140,South Holland,868.0,2020,1185.0,4952.0,944.0,4008.0,692.0,22.0,670.0,-317.0,-87.0,94029
E07000140,South Holland,907.0,2021,1136.0,6318.0,1757.0,4561.0,625.0,53.0,572.0,-229.0,-120.0,95490
E07000140,South Holland,900.0,2022,1161.0,6345.0,2104.0,4241.0,437.0,-266.0,703.0,-261.0,-4.0,97063
E07000140,South Holland,790.0,2023,1277.0,5767.0,1760.0,4007.0,559.0,-20.0,579.0,-487.0,-4.0,98312
E07000140,South Holland,821.0,2024,1191.0,5627.0,1488.0,4139.0,557.0,-138.0,695.0,-370.0,6.0,99298
E07000141,South Kesteven,,2011,,,,,,,,,,134125
E07000141,South Kesteven,1434.0,2012,1292.0,7175.0,848.0,6327.0,557.0,98.0,459.0,142.0,-121.0,135092
E07000141,South Kesteven,1395.0,2013,1336.0,7443.0,967.0,6476.0,659.0,215.0,444.0,59.0,9.0,136342
E07000141,South Kesteven,1437.0,2014,1293.0,8353.0,1335.0,7018.0,709.0,217.0,492.0,144.0,44.0,138082
E07000141,South Kesteven,1473.0,2015,1374.0,7644.0,542.0,7102.0,793.0,258.0,535.0,99.0,-66.0,138915
E07000141,South Kesteven,1424.0,2016,1403.0,7853.0,1195.0,6658.0,767.0,218.0,549.0,21.0,60.0,140409
E07000141,South Kesteven,1317.0,2017,1455.0,9214.0,865.0,8349.0,614.0,2.0,612.0,-138.0,-22.0,141116
E07000141,South Kesteven,1361.0,2018,1526.0,8935.0,735.0,8200.0,543.0,-122.0,665.0,-165.0,52.0,141616
E07000141,South Kesteven,1247.0,2019,1400.0,9099.0,894.0,8205.0,458.0,-236.0,694.0,-153.0,91.0,142212
E07000141,South Kesteven,1231.0,2020,1513.0,8124.0,887.0,7237.0,412.0,-126.0,538.0,-282.0,178.0,142869
E07000141,South Kesteven,1187.0,2021,1580.0,9420.0,1222.0,8198.0,341.0,-67.0,408.0,-393.0,120.0,143751
E07000141,South Kesteven,1185.0,2022,1486.0,8501.0,400.0,8101.0,906.0,504.0,402.0,-301.0,-32.0,144322
E07000141,South Kesteven,1156.0,2023,1676.0,8716.0,1256.0,7460.0,1367.0,1006.0,361.0,-520.0,50.0,146114
E07000141,South Kesteven,1103.0,2024,1601.0,8480.0,1056.0,7424.0,840.0,480.0,360.0,-498.0,-1.0,147151
E07000142,West Lindsey,,2011,,,,,,,,,,89352
E07000142,West Lindsey,912.0,2012,900.0,5624.0,635.0,4989.0,163.0,-14.0,177.0,12.0,-107.0,89878
E07000142,West Lindsey,880.0,2013,936.0,5713.0,642.0,5071.0,166.0,1.0,165.0,-56.0,-69.0,90396
E07000142,West Lindsey,920.0,2014,923.0,6941.0,992.0,5949.0,176.0,-5.0,181.0,-3.0,-107.0,91273
E07000142,West Lindsey,865.0,2015,924.0,6182.0,1129.0,5053.0,178.0,-18.0,196.0,-59.0,-137.0,92188
E07000142,West Lindsey,912.0,2016,967.0,6009.0,894.0,5115.0,216.0,29.0,187.0,-55.0,-113.0,92943
E07000142,West Lindsey,876.0,2017,1006.0,7202.0,281.0,6921.0,161.0,-51.0,212.0,-130.0,-124.0,92919
E07000142,West Lindsey,875.0,2018,1093.0,7149.0,868.0,6281.0,167.0,-55.0,222.0,-218.0,-90.0,93424
E07000142,West Lindsey,821.0,2019,1026.0,7118.0,822.0,6296.0,166.0,-57.0,223.0,-205.0,-90.0,93894
E07000142,West Lindsey,793.0,2020,1065.0,6246.0,773.0,5473.0,153.0,-58.0,211.0,-272.0,-59.0,94278
E07000142,West Lindsey,790.0,2021,1185.0,7668.0,1793.0,5875.0,176.0,-8.0,184.0,-395.0,-113.0,95555
E07000142,West Lindsey,752.0,2022,1155.0,7214.0,1588.0,5626.0,325.0,177.0,148.0,-403.0,-57.0,96860
E07000142,West Lindsey,762.0,2023,1182.0,7008.0,1496.0,5512.0,450.0,304.0,146.0,-420.0,-16.0,98224
E07000142,West Lindsey,723.0,2024,1126.0,6492.0,1190.0,5302.0,378.0,220.0,158.0,-403.0,-23.0,99208
E07000143,Breckland,,2011,,,,,,,,,,131009
E07000143,Breckland,1468.0,2012,1443.0,6716.0,585.0,6131.0,1066.0,447.0,619.0,25.0,-365.0,131701
E07000143,Breckland,1491.0,2013,1444.0,7065.0,854.0,6211.0,1191.0,591.0,600.0,47.0,-288.0,132905
E07000143,Breckland,1431.0,2014,1426.0,7371.0,926.0,6445.0,1115.0,487.0,628.0,5.0,-119.0,134204
E07000143,Breckland,1414.0,2015,1651.0,7720.0,1195.0,6525.0,1231.0,607.0,624.0,-237.0,-102.0,135667
E07000143,Breckland,1439.0,2016,1568.0,7682.0,1448.0,6234.0,1266.0,596.0,670.0,-129.0,-392.0,137190
E07000143,Breckland,1385.0,2017,1580.0,9018.0,1527.0,7491.0,1001.0,245.0,756.0,-195.0,-175.0,138592
E07000143,Breckland,1367.0,2018,1701.0,8679.0,1218.0,7461.0,984.0,57.0,927.0,-334.0,-387.0,139146
E07000143,Breckland,1285.0,2019,1584.0,8635.0,1190.0,7445.0,848.0,-114.0,962.0,-299.0,-400.0,139523
E07000143,Breckland,1285.0,2020,1723.0,8053.0,1636.0,6417.0,570.0,-66.0,636.0,-438.0,-247.0,140408
E07000143,Breckland,1233.0,2021,1750.0,9962.0,2448.0,7514.0,499.0,12.0,487.0,-517.0,-191.0,142160
E07000143,Breckland,1258.0,2022,1762.0,8786.0,1996.0,6790.0,546.0,-108.0,654.0,-504.0,-122.0,143422
E07000143,Breckland,1221.0,2023,1882.0,8237.0,1762.0,6475.0,789.0,253.0,536.0,-661.0,158.0,144934
E07000143,Breckland,1187.0,2024,1761.0,8215.0,2088.0,6127.0,707.0,122.0,585.0,-574.0,50.0,146620
E07000144,Broadland,,2011,,,,,,,,,,124740
E07000144,Broadland,1143.0,2012,1314.0,6915.0,581.0,6334.0,240.0,16.0,224.0,-171.0,-214.0,124952
E07000144,Broadland,1138.0,2013,1414.0,6755.0,562.0,6193.0,231.0,5.0,226.0,-276.0,-162.0,125081
E07000144,Broadland,1033.0,2014,1318.0,7248.0,710.0,6538.0,259.0,26.0,233.0,-285.0,-227.0,125305
E07000144,Broadland,1125.0,2015,1498.0,7307.0,1044.0,6263.0,286.0,48.0,238.0,-373.0,-187.0,125837
E07000144,Broadland,1133.0,2016,1514.0,7445.0,1306.0,6139.0,323.0,67.0,256.0,-381.0,-187.0,126642
E07000144,Broadland,1143.0,2017,1475.0,9042.0,1577.0,7465.0,293.0,26.0,267.0,-332.0,-205.0,127708
E07000144,Broadland,1078.0,2018,1497.0,8694.0,1510.0,7184.0,313.0,36.0,277.0,-419.0,-161.0,128674
E07000144,Broadland,1103.0,2019,1406.0,8748.0,1532.0,7216.0,310.0,-24.0,334.0,-303.0,-158.0,129721
E07000144,Broadland,1042.0,2020,1520.0,8021.0,1627.0,6394.0,224.0,-51.0,275.0,-478.0,-59.0,130760
E07000144,Broadland,998.0,2021,1678.0,9719.0,2233.0,7486.0,218.0,8.0,210.0,-680.0,-83.0,132238
E07000144,Broadland,1099.0,2022,1581.0,8587.0,1860.0,6727.0,436.0,205.0,231.0,-482.0,18.0,133839
E07000144,Broadland,1026.0,2023,1754.0,8704.0,2241.0,6463.0,869.0,650.0,219.0,-728.0,-5.0,135997
E07000144,Broadland,1013.0,2024,1590.0,8653.0,2302.0,6351.0,642.0,422.0,220.0,-577.0,13.0,138157
E07000145,Great Yarmouth,,2011,,,,,,,,,,97424
E07000145,Great Yarmouth,1137.0,2012,1161.0,4078.0,54.0,4024.0,498.0,246.0,252.0,-24.0,-18.0,97682
E07000145,Great Yarmouth,1113.0,2013,1188.0,3892.0,21.0,3871.0,713.0,484.0,229.0,-75.0,-36.0,98076
E07000145,Great Yarmouth,1099.0,2014,1095.0,4098.0,37.0,4061.0,702.0,427.0,275.0,4.0,-24.0,98520
E07000145,Great Yarmouth,1058.0,2015,1153.0,4014.0,138.0,3876.0,809.0,523.0,286.0,-95.0,-55.0,99031
E07000145,Great Yarmouth,1071.0,2016,1140.0,4059.0,169.0,3890.0,765.0,395.0,370.0,-69.0,-55.0,99471
E07000145,Great Yarmouth,1107.0,2017,1186.0,5670.0,595.0,5075.0,639.0,307.0,332.0,-79.0,-113.0,100181
E07000145,Great Yarmouth,1041.0,2018,1265.0,5509.0,232.0,5277.0,677.0,274.0,403.0,-224.0,-120.0,100343
E07000145,Great Yarmouth,987.0,2019,1177.0,5277.0,134.0,5143.0,730.0,273.0,457.0,-190.0,-112.0,100448
E07000145,Great Yarmouth,947.0,2020,1220.0,4313.0,-285.0,4598.0,696.0,50.0,646.0,-273.0,-89.0,99851
E07000145,Great Yarmouth,923.0,2021,1344.0,5372.0,678.0,4694.0,598.0,175.0,423.0,-421.0,-104.0,100179
E07000145,Great Yarmouth,872.0,2022,1394.0,4548.0,-21.0,4569.0,609.0,163.0,446.0,-522.0,-1.0,99798
E07000145,Great Yarmouth,893.0,2023,1361.0,4644.0,396.0,4248.0,866.0,457.0,409.0,-468.0,26.0,100209
E07000145,Great Yarmouth,854.0,2024,1330.0,4460.0,541.0,3919.0,730.0,267.0,463.0,-476.0,-12.0,100529
E07000146,King's Lynn and West Norfolk,,2011,,,,,,,,,,147936
E07000146,King's Lynn and West Norfolk,1669.0,2012,1610.0,6470.0,748.0,5722.0,912.0,359.0,553.0,59.0,-164.0,148938
E07000146,King's Lynn and West Norfolk,1696.0,2013,1743.0,6218.0,660.0,5558.0,946.0,345.0,601.0,-47.0,-174.0,149722
E07000146,King's Lynn and West Norfolk,1617.0,2014,1600.0,6439.0,538.0,5901.0,917.0,232.0,685.0,17.0,233.0,150742
E07000146,King's Lynn and West Norfolk,1644.0,2015,1655.0,6570.0,758.0,5812.0,1049.0,399.0,650.0,-11.0,-25.0,151863
E07000146,King's Lynn and West Norfolk,1641.0,2016,1771.0,6410.0,699.0,5711.0,1182.0,540.0,642.0,-130.0,-105.0,152867
E07000146,King's Lynn and West Norfolk,1547.0,2017,1819.0,8213.0,648.0,7565.0,1029.0,336.0,693.0,-272.0,87.0,153666
E07000146,King's Lynn and West Norfolk,1446.0,2018,1907.0,7754.0,191.0,7563.0,833.0,57.0,776.0,-461.0,-2.0,153451
E07000146,King's Lynn and West Norfolk,1444.0,2019,1787.0,8119.0,461.0,7658.0,965.0,96.0,869.0,-343.0,-333.0,153332
E07000146,King's Lynn and West Norfolk,1342.0,2020,1989.0,7193.0,661.0,6532.0,755.0,-63.0,818.0,-647.0,-260.0,153023
E07000146,King's Lynn and West Norfolk,1343.0,2021,1878.0,8817.0,1906.0,6911.0,843.0,77.0,766.0,-535.0,449.0,154920
E07000146,King's Lynn and West Norfolk,1386.0,2022,1959.0,7823.0,929.0,6894.0,828.0,192.0,636.0,-573.0,197.0,155665
E07000146,King's Lynn and West Norfolk,1271.0,2023,2031.0,7322.0,598.0,6724.0,1120.0,581.0,539.0,-760.0,117.0,156201
E07000146,King's Lynn and West Norfolk,1268.0,2024,1855.0,6554.0,158.0,6396.0,994.0,408.0,586.0,-587.0,26.0,156206
E07000147,North Norfolk,,2011,,,,,,,,,,101664
E07000147,North Norfolk,854.0,2012,1352.0,4984.0,474.0,4510.0,289.0,57.0,232.0,-498.0,-252.0,101445
E07000147,North Norfolk,806.0,2013,1413.0,5165.0,749.0,4416.0,273.0,54.0,219.0,-607.0,-231.0,101410
E07000147,North Norfolk,832.0,2014,1314.0,5734.0,1135.0,4599.0,359.0,129.0,230.0,-482.0,-180.0,102012
E07000147,North Norfolk,791.0,2015,1439.0,5461.0,787.0,4674.0,333.0,89.0,244.0,-648.0,-267.0,101973
E07000147,North Norfolk,763.0,2016,1402.0,5460.0,954.0,4506.0,401.0,134.0,267.0,-639.0,-246.0,102176
E07000147,North Norfolk,782.0,2017,1446.0,7328.0,1471.0,5857.0,339.0,83.0,256.0,-664.0,-348.0,102718
E07000147,North Norfolk,737.0,2018,1458.0,6824.0,821.0,6003.0,285.0,-20.0,305.0,-721.0,-275.0,102523
E07000147,North Norfolk,682.0,2019,1411.0,7066.0,1084.0,5982.0,235.0,-70.0,305.0,-729.0,-299.0,102509
E07000147,North Norfolk,653.0,2020,1521.0,6210.0,794.0,5416.0,220.0,-77.0,297.0,-868.0,-294.0,102064
E07000147,North Norfolk,598.0,2021,1627.0,8077.0,2520.0,5557.0,193.0,-15.0,208.0,-1029.0,-301.0,103239
E07000147,North Norfolk,630.0,2022,1607.0,6122.0,683.0,5439.0,446.0,210.0,236.0,-977.0,23.0,103178
E07000147,North Norfolk,597.0,2023,1607.0,5700.0,776.0,4924.0,550.0,300.0,250.0,-1010.0,36.0,103280
E07000147,North Norfolk,578.0,2024,1516.0,5599.0,600.0,4999.0,448.0,244.0,204.0,-938.0,31.0,103217
E07000148,Norwich,,2011,,,,,,,,,,132158
E07000148,Norwich,1986.0,2012,1064.0,12148.0,-49.0,12197.0,2714.0,942.0,1772.0,922.0,405.0,134378
E07000148,Norwich,1884.0,2013,1072.0,12120.0,-377.0,12497.0,2957.0,1227.0,1730.0,812.0,474.0,136514
E07000148,Norwich,1810.0,2014,998.0,11756.0,-1244.0,13000.0,2998.0,1135.0,1863.0,812.0,414.0,137631
E07000148,Norwich,1707.0,2015,1153.0,11915.0,-1371.0,13286.0,3231.0,1361.0,1870.0,554.0,450.0,138625
E07000148,Norwich,1733.0,2016,1123.0,12860.0,81.0,12779.0,3797.0,1664.0,2133.0,610.0,352.0,141332
E07000148,Norwich,1643.0,2017,1132.0,14967.0,-870.0,15837.0,3038.0,803.0,2235.0,511.0,334.0,142110
E07000148,Norwich,1531.0,2018,1178.0,15785.0,519.0,15266.0,2968.0,778.0,2190.0,353.0,70.0,143830
E07000148,Norwich,1471.0,2019,1107.0,15453.0,-1625.0,17078.0,3341.0,861.0,2480.0,364.0,-130.0,143300
E07000148,Norwich,1440.0,2020,1214.0,15273.0,64.0,15209.0,3010.0,743.0,2267.0,226.0,-398.0,143935
E07000148,Norwich,1338.0,2021,1353.0,15210.0,-1566.0,16776.0,2127.0,1033.0,1094.0,-15.0,-170.0,143217
E07000148,Norwich,1304.0,2022,1156.0,15239.0,-404.0,15643.0,3338.0,1941.0,1397.0,148.0,54.0,144956
E07000148,Norwich,1297.0,2023,1283.0,14326.0,-2036.0,16362.0,4927.0,3506.0,1421.0,14.0,-36.0,146404
E07000148,Norwich,1308.0,2024,1223.0,14065.0,-2499.0,16564.0,4894.0,3204.0,1690.0,85.0,-12.0,147182
E07000149,South Norfolk,,2011,,,,,,,,,,124495
E07000149,South Norfolk,1298.0,2012,1188.0,8303.0,1676.0,6627.0,353.0,-51.0,404.0,110.0,-550.0,125680
E07000149,South Norfolk,1302.0,2013,1181.0,8401.0,1831.0,6570.0,365.0,-33.0,398.0,121.0,-536.0,127063
E07000149,South Norfolk,1259.0,2014,1158.0,8986.0,1950.0,7036.0,427.0,-2.0,429.0,101.0,-540.0,128572
E07000149,South Norfolk,1334.0,2015,1348.0,8910.0,1838.0,7072.0,518.0,85.0,433.0,-14.0,-539.0,129942
E07000149,South Norfolk,1361.0,2016,1277.0,8922.0,1879.0,7043.0,505.0,63.0,442.0,84.0,-496.0,131472
E07000149,South Norfolk,1291.0,2017,1405.0,11415.0,2812.0,8603.0,481.0,0.0,481.0,-114.0,-597.0,133573
E07000149,South Norfolk,1287.0,2018,1402.0,11014.0,2693.0,8321.0,462.0,-74.0,536.0,-115.0,-517.0,135560
E07000149,South Norfolk,1274.0,2019,1368.0,11498.0,3243.0,8255.0,491.0,-28.0,519.0,-94.0,-550.0,138131
E07000149,South Norfolk,1207.0,2020,1478.0,10103.0,2590.0,7513.0,430.0,-127.0,557.0,-271.0,-481.0,139842
E07000149,South Norfolk,1234.0,2021,1575.0,12628.0,3534.0,9094.0,446.0,-12.0,458.0,-341.0,-514.0,142509
E07000149,South Norfolk,1255.0,2022,1512.0,10559.0,1904.0,8655.0,796.0,489.0,307.0,-257.0,-4.0,144641
E07000149,South Norfolk,1208.0,2023,1671.0,10285.0,1822.0,8463.0,974.0,667.0,307.0,-463.0,-22.0,146645
E07000149,South Norfolk,1177.0,2024,1530.0,9609.0,1535.0,8074.0,911.0,592.0,319.0,-353.0,29.0,148448
E07000170,Ashfield,,2011,,,,,,,,,,119522
E07000170,Ashfield,1562.0,2012,1200.0,5528.0,230.0,5298.0,213.0,62.0,151.0,362.0,-186.0,119990
E07000170,Ashfield,1532.0,2013,1147.0,6121.0,974.0,5147.0,300.0,163.0,137.0,385.0,-160.0,121352
E07000170,Ashfield,1520.0,2014,1158.0,6528.0,578.0,5950.0,299.0,129.0,170.0,362.0,-222.0,122199
E07000170,Ashfield,1425.0,2015,1316.0,6503.0,849.0,5654.0,328.0,158.0,170.0,109.0,-200.0,123115
E07000170,Ashfield,1467.0,2016,1249.0,6338.0,647.0,5691.0,420.0,221.0,199.0,218.0,-212.0,123989
E07000170,Ashfield,1510.0,2017,1254.0,8124.0,1336.0,6788.0,308.0,86.0,222.0,256.0,-257.0,125410
E07000170,Ashfield,1343.0,2018,1283.0,7451.0,803.0,6648.0,309.0,39.0,270.0,60.0,-236.0,126076
E07000170,Ashfield,1383.0,2019,1249.0,7562.0,543.0,7019.0,321.0,13.0,308.0,134.0,-245.0,126521
E07000170,Ashfield,1296.0,2020,1423.0,6686.0,525.0,6161.0,272.0,-48.0,320.0,-127.0,-184.0,126687
E07000170,Ashfield,1261.0,2021,1411.0,7337.0,58.0,7279.0,306.0,2.0,304.0,-150.0,-241.0,126356
E07000170,Ashfield,1317.0,2022,1464.0,7685.0,679.0,7006.0,468.0,249.0,219.0,-147.0,-11.0,127126
E07000170,Ashfield,1251.0,2023,1596.0,7288.0,1048.0,6240.0,797.0,605.0,192.0,-345.0,15.0,128449
E07000170,Ashfield,1212.0,2024,1459.0,7290.0,761.0,6529.0,829.0,614.0,215.0,-247.0,-5.0,129572
E07000171,Bassetlaw,,2011,,,,,,,,,,113003
E07000171,Bassetlaw,1300.0,2012,1116.0,4495.0,6.0,4489.0,366.0,199.0,167.0,184.0,-144.0,113248
E07000171,Bassetlaw,1205.0,2013,1205.0,4635.0,223.0,4412.0,427.0,229.0,198.0,0.0,-123.0,113577
E07000171,Bassetlaw,1205.0,2014,1154.0,4998.0,38.0,4960.0,547.0,353.0,194.0,51.0,7.0,114026
E07000171,Bassetlaw,1197.0,2015,1261.0,4717.0,273.0,4444.0,554.0,308.0,246.0,-64.0,-150.0,114393
E07000171,Bassetlaw,1252.0,2016,1214.0,4626.0,157.0,4469.0,671.0,432.0,239.0,38.0,-141.0,114879
E07000171,Bassetlaw,1287.0,2017,1233.0,6147.0,685.0,5462.0,551.0,254.0,297.0,54.0,-115.0,115757
E07000171,Bassetlaw,1128.0,2018,1250.0,5874.0,610.0,5264.0,505.0,154.0,351.0,-122.0,-187.0,116212
E07000171,Bassetlaw,1113.0,2019,1213.0,5967.0,604.0,5363.0,388.0,-65.0,453.0,-100.0,-166.0,116485
E07000171,Bassetlaw,1096.0,2020,1353.0,5704.0,999.0,4705.0,258.0,-30.0,288.0,-257.0,-129.0,117068
E07000171,Bassetlaw,1103.0,2021,1403.0,6881.0,1780.0,5101.0,257.0,-52.0,309.0,-300.0,-169.0,118327
E07000171,Bassetlaw,1063.0,2022,1416.0,6840.0,1938.0,4902.0,502.0,157.0,345.0,-353.0,-18.0,120051
E07000171,Bassetlaw,1130.0,2023,1431.0,6718.0,2171.0,4547.0,831.0,567.0,264.0,-301.0,89.0,122577
E07000171,Bassetlaw,1152.0,2024,1347.0,6957.0,1990.0,4967.0,743.0,472.0,271.0,-195.0,93.0,124937
E07000172,Broxtowe,,2011,,,,,,,,,,109749
E07000172,Broxtowe,1280.0,2012,1024.0,7637.0,288.0,7349.0,828.0,131.0,697.0,256.0,-124.0,110300
E07000172,Broxtowe,1261.0,2013,1040.0,7627.0,-43.0,7670.0,827.0,158.0,669.0,221.0,-166.0,110470
E07000172,Broxtowe,1199.0,2014,1012.0,8486.0,-50.0,8536.0,803.0,99.0,704.0,187.0,-179.0,110527
E07000172,Broxtowe,1210.0,2015,1175.0,8239.0,-155.0,8394.0,822.0,200.0,622.0,35.0,-209.0,110398
E07000172,Broxtowe,1173.0,2016,1044.0,7705.0,-341.0,8046.0,883.0,264.0,619.0,129.0,-104.0,110346
E07000172,Broxtowe,1135.0,2017,1140.0,9188.0,425.0,8763.0,746.0,49.0,697.0,-5.0,-242.0,110573
E07000172,Broxtowe,1101.0,2018,1176.0,9256.0,581.0,8675.0,746.0,48.0,698.0,-75.0,-190.0,110937
E07000172,Broxtowe,1057.0,2019,1161.0,9583.0,575.0,9008.0,843.0,101.0,742.0,-104.0,-252.0,111257
E07000172,Broxtowe,1017.0,2020,1245.0,8848.0,389.0,8459.0,898.0,221.0,677.0,-228.0,-242.0,111397
E07000172,Broxtowe,945.0,2021,1247.0,9870.0,-198.0,10068.0,689.0,64.0,625.0,-302.0,-165.0,110796
E07000172,Broxtowe,985.0,2022,1193.0,10378.0,784.0,9594.0,1529.0,1082.0,447.0,-208.0,-36.0,112418
E07000172,Broxtowe,891.0,2023,1241.0,9612.0,335.0,9277.0,1816.0,1270.0,546.0,-350.0,-29.0,113644
E07000172,Broxtowe,955.0,2024,1234.0,9829.0,208.0,9621.0,1616.0,997.0,619.0,-279.0,-5.0,114565
E07000173,Gedling,,2011,,,,,,,,,,113741
E07000173,Gedling,1244.0,2012,1090.0,6352.0,284.0,6068.0,214.0,29.0,185.0,154.0,-146.0,114062
E07000173,Gedling,1278.0,2013,1133.0,6845.0,819.0,6026.0,243.0,76.0,167.0,145.0,-139.0,114963
E07000173,Gedling,1243.0,2014,1057.0,7657.0,768.0,6889.0,263.0,73.0,190.0,186.0,-150.0,115840
E07000173,Gedling,1260.0,2015,1222.0,6991.0,193.0,6798.0,268.0,46.0,222.0,38.0,-140.0,115977
E07000173,Gedling,1287.0,2016,1131.0,6675.0,362.0,6313.0,272.0,44.0,228.0,156.0,-121.0,116418
E07000173,Gedling,1220.0,2017,1178.0,7811.0,141.0,7670.0,248.0,20.0,228.0,42.0,-170.0,116451
E07000173,Gedling,1192.0,2018,1239.0,7634.0,781.0,6853.0,260.0,8.0,252.0,-47.0,-101.0,117092
E07000173,Gedling,1144.0,2019,1151.0,7685.0,169.0,7516.0,280.0,-17.0,297.0,-7.0,-108.0,117129
E07000173,Gedling,1074.0,2020,1279.0,7148.0,327.0,6821.0,257.0,-55.0,312.0,-205.0,-55.0,117141
E07000173,Gedling,1133.0,2021,1313.0,8128.0,343.0,7785.0,309.0,48.0,261.0,-180.0,-61.0,117291
E07000173,Gedling,1045.0,2022,1280.0,7573.0,327.0,7246.0,565.0,336.0,229.0,-235.0,16.0,117735
E07000173,Gedling,1067.0,2023,1283.0,7743.0,855.0,6888.0,887.0,664.0,223.0,-216.0,15.0,119053
E07000173,Gedling,1072.0,2024,1245.0,7727.0,750.0,6977.0,807.0,554.0,253.0,-173.0,-5.0,120179
E07000174,Mansfield,,2011,,,,,,,,,,104551
E07000174,Mansfield,1357.0,2012,1026.0,4141.0,-353.0,4494.0,607.0,415.0,192.0,331.0,51.0,104995
E07000174,Mansfield,1304.0,2013,1078.0,4401.0,-227.0,4628.0,952.0,722.0,230.0,226.0,55.0,105771
E07000174,Mansfield,1310.0,2014,988.0,5031.0,-37.0,5068.0,697.0,392.0,305.0,322.0,66.0,106514
E07000174,Mansfield,1311.0,2015,1134.0,4995.0,40.0,4955.0,1076.0,759.0,317.0,177.0,20.0,107510
E07000174,Mansfield,1282.0,2016,1112.0,5045.0,226.0,4819.0,1317.0,995.0,322.0,170.0,51.0,108952
E07000174,Mansfield,1320.0,2017,1209.0,5887.0,55.0,5832.0,800.0,314.0,486.0,111.0,29.0,109461
E07000174,Mansfield,1219.0,2018,1193.0,5970.0,199.0,5771.0,788.0,237.0,551.0,26.0,23.0,109946
E07000174,Mansfield,1193.0,2019,1066.0,5958.0,34.0,5924.0,732.0,84.0,648.0,127.0,46.0,110237
E07000174,Mansfield,1156.0,2020,1289.0,5292.0,-210.0,5502.0,614.0,21.0,593.0,-133.0,49.0,109964
E07000174,Mansfield,1097.0,2021,1365.0,6503.0,793.0,5710.0,646.0,68.0,578.0,-268.0,35.0,110592
E07000174,Mansfield,1125.0,2022,1242.0,6262.0,512.0,5750.0,608.0,87.0,521.0,-117.0,10.0,111084
E07000174,Mansfield,1121.0,2023,1288.0,6221.0,803.0,5418.0,1011.0,555.0,456.0,-167.0,2.0,112277
E07000174,Mansfield,1035.0,2024,1193.0,6277.0,589.0,5688.0,970.0,432.0,538.0,-158.0,-2.0,113138
E07000175,Newark and Sherwood,,2011,,,,,,,,,,114982
E07000175,Newark and Sherwood,1288.0,2012,1151.0,6412.0,784.0,5628.0,433.0,152.0,281.0,137.0,-282.0,115773
E07000175,Newark and Sherwood,1268.0,2013,1181.0,6449.0,637.0,5812.0,510.0,209.0,301.0,87.0,-36.0,116670
E07000175,Newark and Sherwood,1213.0,2014,1125.0,7355.0,800.0,6555.0,557.0,208.0,349.0,88.0,-128.0,117638
E07000175,Newark and Sherwood,1225.0,2015,1251.0,6789.0,524.0,6265.0,558.0,188.0,370.0,-26.0,-76.0,118248
E07000175,Newark and Sherwood,1198.0,2016,1195.0,7011.0,1009.0,6002.0,644.0,270.0,374.0,3.0,-142.0,119388
E07000175,Newark and Sherwood,1203.0,2017,1266.0,8149.0,1116.0,7033.0,569.0,158.0,411.0,-63.0,-144.0,120455
E07000175,Newark and Sherwood,1163.0,2018,1280.0,7858.0,817.0,7041.0,490.0,35.0,455.0,-117.0,-165.0,121025
E07000175,Newark and Sherwood,1121.0,2019,1219.0,8237.0,971.0,7266.0,424.0,-76.0,500.0,-98.0,-198.0,121624
E07000175,Newark and Sherwood,1156.0,2020,1337.0,7189.0,541.0,6648.0,348.0,-64.0,412.0,-181.0,-89.0,121831
E07000175,Newark and Sherwood,1172.0,2021,1415.0,9106.0,1955.0,7151.0,336.0,-41.0,377.0,-243.0,-150.0,123352
E07000175,Newark and Sherwood,1141.0,2022,1398.0,8783.0,1820.0,6963.0,525.0,142.0,383.0,-257.0,-15.0,125042
E07000175,Newark and Sherwood,1067.0,2023,1476.0,8057.0,1406.0,6651.0,636.0,302.0,334.0,-409.0,31.0,126372
E07000175,Newark and Sherwood,1088.0,2024,1334.0,8075.0,1639.0,6436.0,550.0,188.0,362.0,-246.0,-67.0,127886
E07000176,Rushcliffe,,2011,,,,,,,,,,111248
E07000176,Rushcliffe,1118.0,2012,988.0,7273.0,157.0,7116.0,363.0,-99.0,462.0,130.0,-193.0,111243
E07000176,Rushcliffe,1081.0,2013,992.0,8377.0,1247.0,7130.0,358.0,-85.0,443.0,89.0,-178.0,112316
E07000176,Rushcliffe,1059.0,2014,966.0,8835.0,443.0,8392.0,452.0,-24.0,476.0,93.0,-205.0,112623
E07000176,Rushcliffe,1051.0,2015,1055.0,8435.0,629.0,7806.0,414.0,-63.0,477.0,-4.0,-176.0,113009
E07000176,Rushcliffe,1073.0,2016,1040.0,8171.0,556.0,7615.0,466.0,-7.0,473.0,33.0,-141.0,113450
E07000176,Rushcliffe,1063.0,2017,1081.0,9644.0,1014.0,8630.0,423.0,-70.0,493.0,-18.0,-150.0,114226
E07000176,Rushcliffe,1073.0,2018,1097.0,9944.0,1382.0,8562.0,496.0,-13.0,509.0,-24.0,-110.0,115461
E07000176,Rushcliffe,1028.0,2019,1073.0,10359.0,1407.0,8952.0,463.0,-52.0,515.0,-45.0,-124.0,116647
E07000176,Rushcliffe,1039.0,2020,1185.0,9968.0,1815.0,8153.0,446.0,-89.0,535.0,-146.0,-197.0,118030
E07000176,Rushcliffe,1030.0,2021,1122.0,11142.0,1666.0,9476.0,478.0,-29.0,507.0,-92.0,-157.0,119418
E07000176,Rushcliffe,1027.0,2022,1121.0,10507.0,1332.0,9175.0,1641.0,1273.0,368.0,-94.0,-9.0,121920
E07000176,Rushcliffe,983.0,2023,1249.0,10258.0,1517.0,8741.0,1553.0,1172.0,381.0,-266.0,13.0,124356
E07000176,Rushcliffe,986.0,2024,1202.0,10073.0,1761.0,8312.0,1165.0,786.0,379.0,-216.0,49.0,126736
E07000177,Cherwell,,2011,,,,,,,,,,142252
E07000177,Cherwell,1879.0,2012,1048.0,7619.0,-106.0,7725.0,1172.0,286.0,886.0,831.0,256.0,143519
E07000177,Cherwell,1865.0,2013,1171.0,7680.0,92.0,7588.0,1349.0,498.0,851.0,694.0,382.0,145185
E07000177,Cherwell,1752.0,2014,1247.0,8432.0,230.0,8202.0,1572.0,652.0,920.0,505.0,64.0,146636
E07000177,Cherwell,1803.0,2015,1226.0,8207.0,8.0,8199.0,1702.0,788.0,914.0,577.0,621.0,148630
E07000177,Cherwell,1871.0,2016,1188.0,8125.0,78.0,8047.0,2014.0,1010.0,1004.0,683.0,418.0,150819
E07000177,Cherwell,1768.0,2017,1255.0,9557.0,-1.0,9558.0,1738.0,537.0,1201.0,513.0,461.0,152329
E07000177,Cherwell,1818.0,2018,1260.0,9806.0,772.0,9034.0,1730.0,368.0,1362.0,558.0,340.0,154367
E07000177,Cherwell,1791.0,2019,1220.0,9983.0,1043.0,8940.0,1673.0,152.0,1521.0,571.0,314.0,156447
E07000177,Cherwell,1788.0,2020,1414.0,9185.0,1356.0,7829.0,1252.0,-103.0,1355.0,374.0,361.0,158435
E07000177,Cherwell,1735.0,2021,1346.0,12075.0,2482.0,9593.0,1358.0,61.0,1297.0,389.0,463.0,161830
E07000177,Cherwell,1910.0,2022,1369.0,10516.0,1353.0,9163.0,1769.0,673.0,1096.0,541.0,-41.0,164356
E07000177,Cherwell,1739.0,2023,1455.0,10494.0,1571.0,8923.0,2513.0,1476.0,1037.0,284.0,-207.0,167480
E07000177,Cherwell,1766.0,2024,1410.0,10409.0,1442.0,8967.0,2249.0,1140.0,1109.0,356.0,8.0,170426
E07000178,Oxford,,2011,,,,,,,,,,150245
E07000178,Oxford,2052.0,2012,920.0,16990.0,-1393.0,18383.0,6557.0,1613.0,4944.0,1132.0,810.0,152407
E07000178,Oxford,1933.0,2013,976.0,16974.0,-1862.0,18836.0,7215.0,2627.0,4588.0,957.0,787.0,154916
E07000178,Oxford,1948.0,2014,882.0,17498.0,-1806.0,19304.0,7810.0,2692.0,5118.0,1066.0,714.0,157582
E07000178,Oxford,1839.0,2015,942.0,17276.0,-4032.0,21308.0,7725.0,3039.0,4686.0,897.0,670.0,158156
E07000178,Oxford,1870.0,2016,898.0,17824.0,-3298.0,21122.0,8465.0,3706.0,4759.0,972.0,583.0,160119
E07000178,Oxford,1711.0,2017,895.0,18941.0,-2790.0,21731.0,7338.0,2180.0,5158.0,816.0,429.0,160754
E07000178,Oxford,1643.0,2018,967.0,19106.0,-2630.0,21736.0,7553.0,2303.0,5250.0,676.0,239.0,161342
E07000178,Oxford,1607.0,2019,907.0,18870.0,-3854.0,22724.0,8416.0,2562.0,5854.0,700.0,39.0,160789
E07000178,Oxford,1442.0,2020,1013.0,18595.0,-2998.0,21593.0,6961.0,1794.0,5167.0,429.0,50.0,160064
E07000178,Oxford,1363.0,2021,941.0,19695.0,-4813.0,24508.0,7688.0,4105.0,3583.0,422.0,601.0,160379
E07000178,Oxford,1415.0,2022,968.0,19965.0,-2107.0,22072.0,8644.0,4399.0,4245.0,447.0,-18.0,163100
E07000178,Oxford,1424.0,2023,977.0,18839.0,-4001.0,22840.0,9731.0,5896.0,3835.0,447.0,-1.0,165441
E07000178,Oxford,1478.0,2024,991.0,19413.0,-4927.0,24340.0,9664.0,5029.0,4635.0,487.0,4.0,166034
E07000179,South Oxfordshire,,2011,,,,,,,,,,134961
E07000179,South Oxfordshire,1589.0,2012,1162.0,8525.0,530.0,7995.0,905.0,123.0,782.0,427.0,226.0,136267
E07000179,South Oxfordshire,1520.0,2013,1223.0,8906.0,598.0,8308.0,945.0,180.0,765.0,297.0,61.0,137403
E07000179,South Oxfordshire,1514.0,2014,1106.0,9295.0,784.0,8511.0,1081.0,304.0,777.0,408.0,287.0,139186
E07000179,South Oxfordshire,1548.0,2015,1232.0,9114.0,427.0,8687.0,1043.0,233.0,810.0,316.0,98.0,140260
E07000179,South Oxfordshire,1556.0,2016,1187.0,9194.0,294.0,8900.0,1177.0,277.0,900.0,369.0,311.0,141511
E07000179,South Oxfordshire,1507.0,2017,1176.0,9531.0,-69.0,9600.0,1059.0,108.0,951.0,331.0,234.0,142115
E07000179,South Oxfordshire,1461.0,2018,1287.0,9895.0,551.0,9344.0,1022.0,-18.0,1040.0,174.0,197.0,143019
E07000179,South Oxfordshire,1377.0,2019,1208.0,10911.0,1585.0,9326.0,971.0,-138.0,1109.0,169.0,240.0,144875
E07000179,South Oxfordshire,1421.0,2020,1369.0,10172.0,1788.0,8384.0,735.0,-202.0,937.0,52.0,331.0,146844
E07000179,South Oxfordshire,1429.0,2021,1200.0,13191.0,2651.0,10540.0,775.0,-100.0,875.0,229.0,378.0,150002
E07000179,South Oxfordshire,1450.0,2022,1291.0,10727.0,1164.0,9563.0,1280.0,541.0,739.0,159.0,20.0,151886
E07000179,South Oxfordshire,1426.0,2023,1361.0,10396.0,1248.0,9148.0,1478.0,829.0,649.0,65.0,-82.0,153946
E07000179,South Oxfordshire,1452.0,2024,1425.0,11100.0,1974.0,9126.0,1212.0,527.0,685.0,27.0,-4.0,156470
E07000180,Vale of White Horse,,2011,,,,,,,,,,121891
E07000180,Vale of White Horse,1465.0,2012,1023.0,7905.0,-11.0,7916.0,805.0,16.0,789.0,442.0,284.0,122622
E07000180,Vale of White Horse,1420.0,2013,1119.0,8324.0,694.0,7630.0,836.0,88.0,748.0,301.0,-264.0,123441
E07000180,Vale of White Horse,1404.0,2014,1004.0,9040.0,767.0,8273.0,1036.0,253.0,783.0,400.0,-280.0,124581
E07000180,Vale of White Horse,1436.0,2015,1089.0,9066.0,1017.0,8049.0,1107.0,229.0,878.0,347.0,-9.0,126165
E07000180,Vale of White Horse,1410.0,2016,1006.0,9565.0,1473.0,8092.0,1287.0,407.0,880.0,404.0,-62.0,128387
E07000180,Vale of White Horse,1452.0,2017,991.0,10726.0,1708.0,9018.0,1167.0,150.0,1017.0,461.0,-5.0,130701
E07000180,Vale of White Horse,1451.0,2018,1154.0,10796.0,1909.0,8887.0,1110.0,-1.0,1111.0,297.0,-31.0,132875
E07000180,Vale of White Horse,1446.0,2019,1108.0,10851.0,1791.0,9060.0,1150.0,56.0,1094.0,338.0,-20.0,135040
E07000180,Vale of White Horse,1440.0,2020,1235.0,9855.0,1616.0,8239.0,925.0,-135.0,1060.0,205.0,163.0,136889
E07000180,Vale of White Horse,1402.0,2021,1160.0,12437.0,2603.0,9834.0,903.0,-416.0,1319.0,242.0,82.0,139400
E07000180,Vale of White Horse,1543.0,2022,1174.0,10850.0,1802.0,9048.0,1881.0,1087.0,794.0,369.0,-157.0,142501
E07000180,Vale of White Horse,1511.0,2023,1357.0,10789.0,1741.0,9048.0,2100.0,1365.0,735.0,154.0,34.0,145795
E07000180,Vale of White Horse,1425.0,2024,1262.0,11317.0,2243.0,9074.0,2015.0,1234.0,781.0,163.0,-88.0,149347
E07000181,West Oxfordshire,,2011,,,,,,,,,,105442
E07000181,West Oxfordshire,1344.0,2012,957.0,5780.0,582.0,5198.0,678.0,0.0,678.0,387.0,1017.0,107428
E07000181,West Oxfordshire,1283.0,2013,997.0,5911.0,593.0,5318.0,640.0,17.0,623.0,286.0,121.0,108445
E07000181,West Oxfordshire,1212.0,2014,1034.0,5741.0,59.0,5682.0,779.0,87.0,692.0,178.0,-133.0,108636
E07000181,West Oxfordshire,1202.0,2015,990.0,5717.0,98.0,5619.0,867.0,154.0,713.0,212.0,260.0,109360
E07000181,West Oxfordshire,1112.0,2016,1041.0,5521.0,-141.0,5662.0,906.0,190.0,716.0,71.0,225.0,109705
E07000181,West Oxfordshire,1099.0,2017,1066.0,6474.0,263.0,6211.0,846.0,42.0,804.0,33.0,246.0,110289
E07000181,West Oxfordshire,1029.0,2018,1075.0,6482.0,361.0,6121.0,752.0,-167.0,919.0,-46.0,219.0,110656
E07000181,West Oxfordshire,1063.0,2019,1010.0,6668.0,492.0,6176.0,652.0,-276.0,928.0,53.0,437.0,111362
E07000181,West Oxfordshire,1038.0,2020,1215.0,6480.0,1356.0,5124.0,543.0,-266.0,809.0,-177.0,259.0,112534
E07000181,West Oxfordshire,1059.0,2021,1039.0,8817.0,2245.0,6572.0,473.0,-168.0,641.0,20.0,485.0,115116
E07000181,West Oxfordshire,1101.0,2022,1096.0,7808.0,1599.0,6209.0,942.0,336.0,606.0,5.0,12.0,117068
E07000181,West Oxfordshire,1066.0,2023,1189.0,7544.0,1562.0,5982.0,1447.0,951.0,496.0,-123.0,-237.0,119221
E07000181,West Oxfordshire,1065.0,2024,1151.0,7348.0,1267.0,6081.0,1248.0,765.0,483.0,-86.0,-226.0,120941
E07000192,Cannock Chase,,2011,,,,,,,,,,97582
E07000192,Cannock Chase,1127.0,2012,808.0,3736.0,-161.0,3897.0,55.0,-7.0,62.0,319.0,-196.0,97537
E07000192,Cannock Chase,1223.0,2013,864.0,3758.0,-161.0,3919.0,51.0,13.0,38.0,359.0,-170.0,97578
E07000192,Cannock Chase,1111.0,2014,796.0,3887.0,-94.0,3981.0,81.0,33.0,48.0,315.0,-129.0,97703
E07000192,Cannock Chase,1075.0,2015,944.0,3742.0,-236.0,3978.0,98.0,51.0,47.0,131.0,-147.0,97502
E07000192,Cannock Chase,1053.0,2016,945.0,3930.0,-289.0,4219.0,174.0,130.0,44.0,108.0,-139.0,97312
E07000192,Cannock Chase,1047.0,2017,919.0,4847.0,337.0,4510.0,147.0,83.0,64.0,128.0,-167.0,97693
E07000192,Cannock Chase,1103.0,2018,984.0,5106.0,865.0,4241.0,130.0,40.0,90.0,119.0,-164.0,98553
E07000192,Cannock Chase,1087.0,2019,944.0,5091.0,395.0,4696.0,133.0,35.0,98.0,143.0,-143.0,98983
E07000192,Cannock Chase,1040.0,2020,962.0,4561.0,602.0,3959.0,106.0,8.0,98.0,78.0,-106.0,99565
E07000192,Cannock Chase,1086.0,2021,1112.0,5976.0,1165.0,4811.0,118.0,35.0,83.0,-26.0,-144.0,100595
E07000192,Cannock Chase,985.0,2022,1069.0,5419.0,609.0,4810.0,129.0,47.0,82.0,-84.0,-2.0,101165
E07000192,Cannock Chase,1025.0,2023,1079.0,5737.0,1576.0,4161.0,553.0,468.0,85.0,-54.0,8.0,103163
E07000192,Cannock Chase,941.0,2024,1056.0,5346.0,866.0,4480.0,277.0,181.0,96.0,-115.0,-7.0,104088
E07000193,East Staffordshire,,2011,,,,,,,,,,113858
E07000193,East Staffordshire,1493.0,2012,968.0,4856.0,-78.0,4934.0,736.0,321.0,415.0,525.0,227.0,114853
E07000193,East Staffordshire,1434.0,2013,1100.0,4989.0,-88.0,5077.0,854.0,450.0,404.0,334.0,175.0,115724
E07000193,East Staffordshire,1445.0,2014,1047.0,5193.0,-216.0,5409.0,954.0,534.0,420.0,398.0,372.0,116812
E07000193,East Staffordshire,1434.0,2015,1136.0,4893.0,-555.0,5448.0,1288.0,842.0,446.0,298.0,260.0,117657
E07000193,East Staffordshire,1450.0,2016,1102.0,4894.0,-217.0,5111.0,1505.0,982.0,523.0,348.0,216.0,118986
E07000193,East Staffordshire,1402.0,2017,1132.0,5702.0,-82.0,5784.0,1123.0,462.0,661.0,270.0,146.0,119782
E07000193,East Staffordshire,1332.0,2018,1143.0,5710.0,256.0,5454.0,1042.0,296.0,746.0,189.0,338.0,120861
E07000193,East Staffordshire,1328.0,2019,1097.0,6340.0,566.0,5774.0,905.0,63.0,842.0,231.0,331.0,122052
E07000193,East Staffordshire,1366.0,2020,1314.0,5768.0,736.0,5032.0,782.0,-24.0,806.0,52.0,280.0,123096
E07000193,East Staffordshire,1312.0,2021,1325.0,7145.0,1128.0,6017.0,803.0,59.0,744.0,-13.0,216.0,124486
E07000193,East Staffordshire,1372.0,2022,1177.0,6869.0,941.0,5928.0,804.0,196.0,608.0,195.0,1.0,125819
E07000193,East Staffordshire,1299.0,2023,1222.0,6803.0,1260.0,5543.0,1488.0,854.0,634.0,77.0,-101.0,127909
E07000193,East Staffordshire,1299.0,2024,1136.0,6813.0,1194.0,5619.0,1161.0,433.0,728.0,163.0,-40.0,129659
E07000194,Lichfield,,2011,,,,,,,,,,100911
E07000194,Lichfield,1002.0,2012,934.0,5228.0,299.0,4929.0,235.0,6.0,229.0,68.0,2.0,101286
E07000194,Lichfield,976.0,2013,1029.0,5505.0,611.0,4894.0,238.0,20.0,218.0,-53.0,-56.0,101808
E07000194,Lichfield,942.0,2014,1038.0,5633.0,164.0,5469.0,296.0,51.0,245.0,-96.0,-17.0,101910
E07000194,Lichfield,937.0,2015,1041.0,5498.0,395.0,5103.0,299.0,53.0,246.0,-104.0,176.0,102430
E07000194,Lichfield,930.0,2016,1037.0,5447.0,92.0,5355.0,335.0,73.0,262.0,-107.0,136.0,102624
E07000194,Lichfield,1028.0,2017,1087.0,6211.0,147.0,6064.0,262.0,-14.0,276.0,-59.0,277.0,102975
E07000194,Lichfield,922.0,2018,1138.0,6272.0,511.0,5761.0,244.0,-73.0,317.0,-216.0,-34.0,103163
E07000194,Lichfield,917.0,2019,1048.0,7185.0,1445.0,5740.0,222.0,-72.0,294.0,-131.0,-226.0,104179
E07000194,Lichfield,962.0,2020,1244.0,5985.0,986.0,4999.0,260.0,-89.0,349.0,-282.0,214.0,105008
E07000194,Lichfield,936.0,2021,1160.0,8200.0,2131.0,6069.0,229.0,-60.0,289.0,-224.0,28.0,106883
E07000194,Lichfield,960.0,2022,1146.0,7686.0,1482.0,6204.0,390.0,187.0,203.0,-186.0,-61.0,108305
E07000194,Lichfield,950.0,2023,1214.0,7388.0,1756.0,5632.0,517.0,326.0,191.0,-264.0,69.0,110192
E07000194,Lichfield,959.0,2024,1150.0,7212.0,1745.0,5467.0,391.0,188.0,203.0,-191.0,-2.0,111932
E07000195,Newcastle-under-Lyme,,2011,,,,,,,,,,123878
E07000195,Newcastle-under-Lyme,1284.0,2012,1245.0,7095.0,-583.0,7678.0,590.0,116.0,474.0,39.0,-318.0,123132
E07000195,Newcastle-under-Lyme,1224.0,2013,1311.0,7865.0,939.0,6926.0,615.0,148.0,467.0,-87.0,-260.0,123872
E07000195,Newcastle-under-Lyme,1233.0,2014,1133.0,7982.0,159.0,7823.0,834.0,310.0,524.0,100.0,-279.0,124162
E07000195,Newcastle-under-Lyme,1267.0,2015,1348.0,7930.0,-66.0,7996.0,710.0,204.0,506.0,-81.0,-300.0,123919
E07000195,Newcastle-under-Lyme,1203.0,2016,1314.0,8759.0,1583.0,7176.0,738.0,255.0,483.0,-111.0,-279.0,125367
E07000195,Newcastle-under-Lyme,1209.0,2017,1252.0,8935.0,176.0,8759.0,595.0,125.0,470.0,-43.0,-322.0,125303
E07000195,Newcastle-under-Lyme,1162.0,2018,1371.0,9181.0,865.0,8316.0,537.0,86.0,451.0,-209.0,-290.0,125755
E07000195,Newcastle-under-Lyme,1079.0,2019,1197.0,8805.0,-276.0,9081.0,455.0,6.0,449.0,-118.0,-292.0,125075
E07000195,Newcastle-under-Lyme,1144.0,2020,1478.0,8246.0,13.0,8233.0,422.0,37.0,385.0,-334.0,-224.0,124567
E07000195,Newcastle-under-Lyme,1073.0,2021,1437.0,8699.0,-1169.0,9868.0,437.0,166.0,271.0,-364.0,-161.0,123039
E07000195,Newcastle-under-Lyme,1098.0,2022,1460.0,9938.0,1981.0,7957.0,1106.0,763.0,343.0,-362.0,7.0,125428
E07000195,Newcastle-under-Lyme,1153.0,2023,1447.0,9115.0,263.0,8852.0,1235.0,892.0,343.0,-294.0,-7.0,126282
E07000195,Newcastle-under-Lyme,1021.0,2024,1393.0,9455.0,975.0,8480.0,1230.0,824.0,406.0,-372.0,18.0,127727
E07000196,South Staffordshire,,2011,,,,,,,,,,108318
E07000196,South Staffordshire,959.0,2012,1081.0,5239.0,237.0,5002.0,90.0,11.0,79.0,-122.0,-113.0,108331
E07000196,South Staffordshire,927.0,2013,1152.0,5314.0,479.0,4835.0,71.0,1.0,70.0,-225.0,1254.0,109840
E07000196,South Staffordshire,917.0,2014,1072.0,5431.0,336.0,5095.0,70.0,-13.0,83.0,-155.0,-122.0,109886
E07000196,South Staffordshire,920.0,2015,1174.0,5560.0,321.0,5239.0,95.0,2.0,93.0,-254.0,-251.0,109704
E07000196,South Staffordshire,958.0,2016,1099.0,5657.0,392.0,5265.0,113.0,39.0,74.0,-141.0,-180.0,109814
E07000196,South Staffordshire,928.0,2017,1246.0,6824.0,496.0,6328.0,113.0,25.0,88.0,-318.0,285.0,110302
E07000196,South Staffordshire,983.0,2018,1309.0,6552.0,493.0,6059.0,120.0,25.0,95.0,-326.0,-156.0,110338
E07000196,South Staffordshire,844.0,2019,1154.0,6846.0,641.0,6205.0,104.0,8.0,96.0,-310.0,-199.0,110478
E07000196,South Staffordshire,867.0,2020,1380.0,6047.0,688.0,5359.0,81.0,-18.0,99.0,-513.0,-392.0,110243
E07000196,South Staffordshire,923.0,2021,1317.0,7693.0,1213.0,6480.0,87.0,-21.0,108.0,-394.0,-254.0,110787
E07000196,South Staffordshire,933.0,2022,1320.0,7322.0,1190.0,6132.0,224.0,158.0,66.0,-387.0,-107.0,111641
E07000196,South Staffordshire,871.0,2023,1358.0,7140.0,1653.0,5487.0,530.0,451.0,79.0,-487.0,154.0,113412
E07000196,South Staffordshire,797.0,2024,1356.0,6785.0,1301.0,5484.0,264.0,179.0,85.0,-559.0,90.0,114423
E07000197,Stafford,,2011,,,,,,,,,,130895
E07000197,Stafford,1266.0,2012,1188.0,6700.0,492.0,6208.0,477.0,65.0,412.0,78.0,-206.0,131324
E07000197,Stafford,1285.0,2013,1301.0,6220.0,190.0,6030.0,525.0,160.0,365.0,-16.0,-173.0,131485
E07000197,Stafford,1230.0,2014,1245.0,6167.0,-343.0,6510.0,651.0,256.0,395.0,-15.0,-71.0,131312
E07000197,Stafford,1196.0,2015,1362.0,6364.0,-167.0,6531.0,643.0,279.0,364.0,-166.0,-37.0,131221
E07000197,Stafford,1250.0,2016,1241.0,6738.0,307.0,6431.0,726.0,373.0,353.0,9.0,597.0,132507
E07000197,Stafford,1257.0,2017,1340.0,7441.0,657.0,6784.0,604.0,190.0,414.0,-83.0,-72.0,133199
E07000197,Stafford,1210.0,2018,1368.0,7290.0,1123.0,6167.0,566.0,48.0,518.0,-158.0,-143.0,134069
E07000197,Stafford,1299.0,2019,1243.0,7707.0,1301.0,6406.0,520.0,18.0,502.0,56.0,-158.0,135286
E07000197,Stafford,1240.0,2020,1487.0,6735.0,1113.0,5622.0,490.0,-90.0,580.0,-247.0,-377.0,135685
E07000197,Stafford,1221.0,2021,1482.0,8620.0,1832.0,6788.0,398.0,-26.0,424.0,-261.0,-29.0,137201
E07000197,Stafford,1227.0,2022,1447.0,8257.0,1385.0,6872.0,636.0,290.0,346.0,-220.0,-60.0,138596
E07000197,Stafford,1198.0,2023,1530.0,7502.0,1217.0,6285.0,948.0,633.0,315.0,-332.0,113.0,140227
E07000197,Stafford,1186.0,2024,1556.0,7573.0,1066.0,6507.0,839.0,486.0,353.0,-370.0,147.0,141556
E07000198,Staffordshire Moorlands,,2011,,,,,,,,,,97209
E07000198,Staffordshire Moorlands,857.0,2012,1014.0,4206.0,140.0,4066.0,86.0,-14.0,100.0,-157.0,-242.0,96936
E07000198,Staffordshire Moorlands,874.0,2013,1097.0,4191.0,465.0,3726.0,75.0,2.0,73.0,-223.0,-222.0,96958
E07000198,Staffordshire Moorlands,817.0,2014,1019.0,4510.0,662.0,3848.0,126.0,56.0,70.0,-202.0,-239.0,97235
E07000198,Staffordshire Moorlands,816.0,2015,1140.0,4346.0,384.0,3962.0,104.0,20.0,84.0,-324.0,-213.0,97102
E07000198,Staffordshire Moorlands,813.0,2016,1038.0,4185.0,243.0,3942.0,103.0,19.0,84.0,-225.0,-207.0,96932
E07000198,Staffordshire Moorlands,862.0,2017,1174.0,4854.0,591.0,4263.0,89.0,0.0,89.0,-312.0,-264.0,96947
E07000198,Staffordshire Moorlands,813.0,2018,1161.0,4628.0,262.0,4366.0,84.0,-23.0,107.0,-348.0,-247.0,96591
E07000198,Staffordshire Moorlands,748.0,2019,1047.0,4780.0,313.0,4467.0,94.0,-13.0,107.0,-299.0,-226.0,96366
E07000198,Staffordshire Moorlands,756.0,2020,1186.0,4412.0,297.0,4115.0,59.0,-40.0,99.0,-430.0,-238.0,95955
E07000198,Staffordshire Moorlands,734.0,2021,1202.0,5443.0,763.0,4680.0,77.0,-27.0,104.0,-468.0,-248.0,95975
E07000198,Staffordshire Moorlands,683.0,2022,1142.0,4771.0,287.0,4484.0,159.0,92.0,67.0,-459.0,-5.0,95890
E07000198,Staffordshire Moorlands,721.0,2023,1285.0,4514.0,570.0,3944.0,223.0,173.0,50.0,-564.0,26.0,96095
E07000198,Staffordshire Moorlands,699.0,2024,1163.0,4567.0,865.0,3702.0,179.0,132.0,47.0,-464.0,23.0,96651
E07000199,Tamworth,,2011,,,,,,,,,,76895
E07000199,Tamworth,984.0,2012,545.0,2925.0,-221.0,3146.0,129.0,83.0,46.0,439.0,87.0,77283
E07000199,Tamworth,974.0,2013,594.0,2873.0,-507.0,3380.0,125.0,71.0,54.0,380.0,81.0,77308
E07000199,Tamworth,899.0,2014,593.0,2951.0,-495.0,3446.0,211.0,163.0,48.0,306.0,89.0,77371
E07000199,Tamworth,915.0,2015,635.0,2845.0,-414.0,3259.0,402.0,334.0,68.0,280.0,61.0,77632
E07000199,Tamworth,934.0,2016,614.0,2608.0,-703.0,3311.0,440.0,360.0,80.0,320.0,79.0,77688
E07000199,Tamworth,916.0,2017,650.0,3026.0,-887.0,3913.0,344.0,214.0,130.0,266.0,46.0,77327
E07000199,Tamworth,880.0,2018,632.0,3491.0,-276.0,3767.0,262.0,101.0,161.0,248.0,80.0,77480
E07000199,Tamworth,826.0,2019,688.0,3772.0,-19.0,3791.0,248.0,3.0,245.0,138.0,96.0,77698
E07000199,Tamworth,861.0,2020,743.0,3340.0,81.0,3259.0,203.0,20.0,183.0,118.0,51.0,77968
E07000199,Tamworth,801.0,2021,744.0,4603.0,651.0,3952.0,210.0,50.0,160.0,57.0,116.0,78842
E07000199,Tamworth,897.0,2022,734.0,4435.0,698.0,3737.0,151.0,-40.0,191.0,163.0,1.0,79664
E07000199,Tamworth,794.0,2023,776.0,4375.0,590.0,3785.0,421.0,299.0,122.0,18.0,15.0,80586
E07000199,Tamworth,744.0,2024,645.0,3945.0,135.0,3810.0,446.0,299.0,147.0,99.0,-2.0,81117
E07000200,Babergh,,2011,,,,,,,,,,87901
E07000200,Babergh,794.0,2012,863.0,5023.0,331.0,4692.0,205.0,43.0,162.0,-69.0,-62.0,88144
E07000200,Babergh,758.0,2013,877.0,4860.0,400.0,4460.0,206.0,40.0,166.0,-119.0,-45.0,88420
E07000200,Babergh,780.0,2014,885.0,5538.0,645.0,4893.0,251.0,90.0,161.0,-105.0,-51.0,88999
E07000200,Babergh,763.0,2015,1027.0,5481.0,650.0,4831.0,228.0,64.0,164.0,-264.0,-58.0,89391
E07000200,Babergh,834.0,2016,982.0,5356.0,285.0,5071.0,252.0,84.0,168.0,-148.0,-28.0,89584
E07000200,Babergh,705.0,2017,1016.0,6317.0,636.0,5681.0,205.0,20.0,185.0,-311.0,-11.0,89918
E07000200,Babergh,742.0,2018,987.0,6299.0,808.0,5491.0,222.0,29.0,193.0,-245.0,-54.0,90456
E07000200,Babergh,714.0,2019,976.0,6314.0,865.0,5449.0,177.0,-37.0,214.0,-262.0,-105.0,90917
E07000200,Babergh,774.0,2020,1111.0,5712.0,935.0,4777.0,148.0,-26.0,174.0,-337.0,2.0,91491
E07000200,Babergh,712.0,2021,1111.0,7431.0,1572.0,5859.0,148.0,25.0,123.0,-399.0,35.0,92724
E07000200,Babergh,753.0,2022,1016.0,6792.0,1609.0,5183.0,398.0,234.0,164.0,-263.0,-15.0,94289
E07000200,Babergh,692.0,2023,1130.0,6575.0,1397.0,5178.0,672.0,547.0,125.0,-438.0,17.0,95812
E07000200,Babergh,718.0,2024,1094.0,6308.0,1342.0,4966.0,391.0,274.0,117.0,-376.0,-19.0,97033
E07000202,Ipswich,,2011,,,,,,,,,,133729
E07000202,Ipswich,2007.0,2012,1086.0,7206.0,260.0,6946.0,1239.0,498.0,741.0,921.0,286.0,135694
E07000202,Ipswich,1939.0,2013,1156.0,6427.0,-668.0,7095.0,1281.0,645.0,636.0,783.0,306.0,136760
E07000202,Ipswich,1882.0,2014,1088.0,7014.0,-499.0,7513.0,1499.0,755.0,744.0,794.0,298.0,138108
E07000202,Ipswich,1925.0,2015,1283.0,6919.0,-486.0,7405.0,1914.0,1145.0,769.0,642.0,285.0,139694
E07000202,Ipswich,2017.0,2016,1164.0,7146.0,-996.0,8142.0,2260.0,1436.0,824.0,853.0,258.0,141245
E07000202,Ipswich,1907.0,2017,1197.0,7807.0,-1376.0,9183.0,1966.0,1021.0,945.0,710.0,322.0,141922
E07000202,Ipswich,1804.0,2018,1235.0,7354.0,-2201.0,9555.0,2217.0,1075.0,1142.0,569.0,278.0,141643
E07000202,Ipswich,1691.0,2019,1152.0,7234.0,-1607.0,8841.0,1651.0,-16.0,1667.0,539.0,250.0,140809
E07000202,Ipswich,1690.0,2020,1329.0,6552.0,-1610.0,8162.0,1230.0,69.0,1161.0,361.0,260.0,139889
E07000202,Ipswich,1551.0,2021,1234.0,7653.0,-1114.0,8767.0,1338.0,265.0,1073.0,317.0,281.0,139638
E07000202,Ipswich,1633.0,2022,1228.0,7363.0,-1373.0,8736.0,1711.0,654.0,1057.0,405.0,7.0,139331
E07000202,Ipswich,1458.0,2023,1306.0,7164.0,-1779.0,8943.0,2638.0,1788.0,850.0,152.0,5.0,139497
E07000202,Ipswich,1501.0,2024,1229.0,7654.0,-809.0,8463.0,2303.0,1287.0,1016.0,272.0,27.0,140274
E07000203,Mid Suffolk,,2011,,,,,,,,,,97076
E07000203,Mid Suffolk,935.0,2012,852.0,5620.0,645.0,4975.0,199.0,-19.0,218.0,83.0,-353.0,97432
E07000203,Mid Suffolk,918.0,2013,945.0,5388.0,553.0,4835.0,222.0,18.0,204.0,-27.0,-340.0,97636
E07000203,Mid Suffolk,929.0,2014,928.0,6203.0,1088.0,5115.0,209.0,-15.0,224.0,1.0,-306.0,98404
E07000203,Mid Suffolk,868.0,2015,985.0,6212.0,687.0,5525.0,240.0,18.0,222.0,-117.0,-232.0,98760
E07000203,Mid Suffolk,845.0,2016,894.0,6159.0,352.0,5807.0,273.0,24.0,249.0,-49.0,-356.0,98731
E07000203,Mid Suffolk,840.0,2017,942.0,7108.0,967.0,6141.0,240.0,-8.0,248.0,-102.0,-325.0,99263
E07000203,Mid Suffolk,803.0,2018,1053.0,7243.0,1097.0,6146.0,217.0,-71.0,288.0,-250.0,-295.0,99744
E07000203,Mid Suffolk,798.0,2019,1003.0,7345.0,1531.0,5814.0,220.0,-27.0,247.0,-205.0,-203.0,100840
E07000203,Mid Suffolk,873.0,2020,1143.0,6399.0,1316.0,5083.0,201.0,-64.0,265.0,-270.0,-252.0,101570
E07000203,Mid Suffolk,826.0,2021,1069.0,8715.0,2238.0,6477.0,198.0,-42.0,240.0,-243.0,-125.0,103398
E07000203,Mid Suffolk,914.0,2022,1120.0,8141.0,2320.0,5821.0,375.0,200.0,175.0,-206.0,13.0,105725
E07000203,Mid Suffolk,939.0,2023,1192.0,8093.0,2541.0,5552.0,348.0,178.0,170.0,-253.0,-47.0,108144
E07000203,Mid Suffolk,844.0,2024,1120.0,7968.0,2804.0,5164.0,250.0,97.0,153.0,-276.0,6.0,110775
E07000207,Elmbridge,,2011,,,,,,,,,,131428
E07000207,Elmbridge,1888.0,2012,1104.0,9044.0,361.0,8683.0,1311.0,33.0,1278.0,784.0,241.0,132847
E07000207,Elmbridge,1840.0,2013,1151.0,8635.0,781.0,7854.0,1245.0,29.0,1216.0,689.0,242.0,134588
E07000207,Elmbridge,1830.0,2014,1001.0,9194.0,154.0,9040.0,1440.0,91.0,1349.0,829.0,318.0,135980
E07000207,Elmbridge,1734.0,2015,1128.0,8345.0,-633.0,8978.0,1504.0,137.0,1367.0,606.0,290.0,136380
E07000207,Elmbridge,1694.0,2016,1035.0,8155.0,-622.0,8777.0,1623.0,255.0,1368.0,659.0,302.0,136974
E07000207,Elmbridge,1666.0,2017,1112.0,9006.0,-876.0,9882.0,1447.0,-61.0,1508.0,554.0,345.0,136936
E07000207,Elmbridge,1590.0,2018,1186.0,9024.0,-584.0,9608.0,1404.0,-269.0,1673.0,404.0,376.0,136863
E07000207,Elmbridge,1497.0,2019,1078.0,9375.0,-184.0,9559.0,1347.0,-347.0,1694.0,419.0,347.0,137098
E07000207,Elmbridge,1516.0,2020,1207.0,9404.0,663.0,8741.0,1136.0,-339.0,1475.0,309.0,367.0,138098
E07000207,Elmbridge,1444.0,2021,1167.0,12205.0,499.0,11706.0,1608.0,137.0,1471.0,277.0,442.0,139453
E07000207,Elmbridge,1430.0,2022,1095.0,10421.0,-502.0,10923.0,2151.0,1141.0,1010.0,335.0,7.0,140434
E07000207,Elmbridge,1381.0,2023,1271.0,10364.0,-393.0,10757.0,1971.0,1049.0,922.0,110.0,-7.0,141193
E07000207,Elmbridge,1301.0,2024,1112.0,10394.0,-93.0,10487.0,1601.0,629.0,972.0,189.0,8.0,141926
E07000208,Epsom and Ewell,,2011,,,,,,,,,,75191
E07000208,Epsom and Ewell,977.0,2012,580.0,5593.0,524.0,5069.0,569.0,-38.0,607.0,397.0,74.0,76148
E07000208,Epsom and Ewell,930.0,2013,593.0,5464.0,672.0,4792.0,627.0,77.0,550.0,337.0,100.0,77334
E07000208,Epsom and Ewell,913.0,2014,594.0,5945.0,540.0,5405.0,712.0,149.0,563.0,319.0,114.0,78456
E07000208,Epsom and Ewell,942.0,2015,626.0,5411.0,-76.0,5487.0,705.0,86.0,619.0,316.0,108.0,78890
E07000208,Epsom and Ewell,919.0,2016,628.0,5362.0,-81.0,5443.0,817.0,172.0,645.0,291.0,114.0,79386
E07000208,Epsom and Ewell,973.0,2017,588.0,6244.0,-123.0,6367.0,753.0,113.0,640.0,385.0,101.0,79862
E07000208,Epsom and Ewell,934.0,2018,573.0,5986.0,-249.0,6235.0,752.0,47.0,705.0,361.0,100.0,80121
E07000208,Epsom and Ewell,848.0,2019,580.0,6266.0,200.0,6066.0,737.0,-16.0,753.0,268.0,112.0,80685
E07000208,Epsom and Ewell,829.0,2020,663.0,5693.0,265.0,5428.0,759.0,-42.0,801.0,166.0,123.0,81197
E07000208,Epsom and Ewell,850.0,2021,713.0,6791.0,-620.0,7411.0,802.0,136.0,666.0,137.0,156.0,81006
E07000208,Epsom and Ewell,804.0,2022,616.0,5984.0,-666.0,6650.0,1381.0,858.0,523.0,188.0,0.0,81386
E07000208,Epsom and Ewell,770.0,2023,678.0,6298.0,52.0,6246.0,1543.0,1086.0,457.0,92.0,-2.0,82614
E07000208,Epsom and Ewell,727.0,2024,656.0,6307.0,-161.0,6468.0,1259.0,766.0,493.0,71.0,-2.0,83288
E07000209,Guildford,,2011,,,,,,,,,,137580
E07000209,Guildford,1643.0,2012,1009.0,11381.0,-37.0,11418.0,2880.0,222.0,2658.0,634.0,-506.0,137893
E07000209,Guildford,1613.0,2013,1033.0,10682.0,-359.0,11041.0,3099.0,793.0,2306.0,580.0,-280.0,138627
E07000209,Guildford,1570.0,2014,1055.0,12047.0,214.0,11833.0,3371.0,958.0,2413.0,515.0,-608.0,139706
E07000209,Guildford,1466.0,2015,1058.0,11859.0,-82.0,11941.0,3420.0,1186.0,2234.0,408.0,359.0,141577
E07000209,Guildford,1551.0,2016,1078.0,11237.0,-685.0,11922.0,3778.0,1701.0,2077.0,473.0,-175.0,142891
E07000209,Guildford,1475.0,2017,1095.0,12926.0,-296.0,13222.0,3374.0,824.0,2550.0,380.0,-505.0,143294
E07000209,Guildford,1350.0,2018,1130.0,12548.0,-1471.0,14019.0,3272.0,746.0,2526.0,220.0,-405.0,142384
E07000209,Guildford,1339.0,2019,1025.0,13103.0,-1285.0,14388.0,3522.0,810.0,2712.0,314.0,105.0,142328
E07000209,Guildford,1255.0,2020,1126.0,13286.0,170.0,13116.0,3288.0,830.0,2458.0,129.0,-725.0,142732
E07000209,Guildford,1277.0,2021,1114.0,15579.0,-262.0,15841.0,2392.0,1010.0,1382.0,163.0,370.0,144013
E07000209,Guildford,1340.0,2022,1134.0,15106.0,-58.0,15164.0,4098.0,2492.0,1606.0,206.0,-421.0,146232
E07000209,Guildford,1293.0,2023,1202.0,15378.0,-192.0,15570.0,4585.0,2855.0,1730.0,91.0,108.0,149094
E07000209,Guildford,1320.0,2024,1105.0,15728.0,-378.0,16106.0,4255.0,2282.0,1973.0,215.0,146.0,151359
E07000210,Mole Valley,,2011,,,,,,,,,,85637
E07000210,Mole Valley,857.0,2012,821.0,5415.0,684.0,4731.0,436.0,41.0,395.0,36.0,-32.0,86366
E07000210,Mole Valley,855.0,2013,850.0,5386.0,849.0,4537.0,433.0,33.0,400.0,5.0,-20.0,87233
E07000210,Mole Valley,789.0,2014,829.0,5647.0,157.0,5490.0,482.0,53.0,429.0,-40.0,5.0,87408
E07000210,Mole Valley,817.0,2015,891.0,5251.0,69.0,5182.0,538.0,58.0,480.0,-74.0,-2.0,87459
E07000210,Mole Valley,800.0,2016,862.0,5153.0,138.0,5015.0,594.0,122.0,472.0,-62.0,-15.0,87642
E07000210,Mole Valley,754.0,2017,871.0,5925.0,-239.0,6164.0,503.0,15.0,488.0,-117.0,-5.0,87296
E07000210,Mole Valley,817.0,2018,829.0,5681.0,-232.0,5913.0,504.0,-12.0,516.0,-12.0,24.0,87064
E07000210,Mole Valley,742.0,2019,818.0,5681.0,-131.0,5812.0,493.0,-65.0,558.0,-76.0,-30.0,86762
E07000210,Mole Valley,692.0,2020,996.0,5676.0,534.0,5142.0,368.0,-133.0,501.0,-304.0,65.0,86924
E07000210,Mole Valley,728.0,2021,948.0,7714.0,831.0,6883.0,419.0,-17.0,436.0,-220.0,81.0,87599
E07000210,Mole Valley,757.0,2022,899.0,6459.0,23.0,6436.0,794.0,452.0,342.0,-142.0,-1.0,87931
E07000210,Mole Valley,729.0,2023,971.0,6347.0,209.0,6138.0,958.0,638.0,320.0,-242.0,-7.0,88529
E07000210,Mole Valley,632.0,2024,935.0,6134.0,109.0,6025.0,653.0,361.0,292.0,-303.0,13.0,88709
E07000211,Reigate and Banstead,,2011,,,,,,,,,,138375
E07000211,Reigate and Banstead,1884.0,2012,1240.0,8947.0,942.0,8005.0,959.0,104.0,855.0,644.0,18.0,140083
E07000211,Reigate and Banstead,1786.0,2013,1290.0,8368.0,612.0,7756.0,891.0,107.0,784.0,496.0,50.0,141348
E07000211,Reigate and Banstead,1845.0,2014,1246.0,9515.0,1422.0,8093.0,1263.0,410.0,853.0,599.0,-250.0,143529
E07000211,Reigate and Banstead,1835.0,2015,1486.0,8725.0,237.0,8488.0,1205.0,258.0,947.0,349.0,60.0,144433
E07000211,Reigate and Banstead,1790.0,2016,1360.0,8546.0,261.0,8285.0,1239.0,275.0,964.0,430.0,222.0,145621
E07000211,Reigate and Banstead,1679.0,2017,1363.0,10064.0,320.0,9744.0,1228.0,250.0,978.0,316.0,38.0,146545
E07000211,Reigate and Banstead,1719.0,2018,1398.0,10270.0,498.0,9772.0,1290.0,312.0,978.0,321.0,211.0,147887
E07000211,Reigate and Banstead,1761.0,2019,1296.0,10211.0,425.0,9786.0,1257.0,213.0,1044.0,465.0,58.0,149048
E07000211,Reigate and Banstead,1679.0,2020,1441.0,9092.0,449.0,8643.0,939.0,-138.0,1077.0,238.0,-52.0,149545
E07000211,Reigate and Banstead,1683.0,2021,1393.0,12367.0,989.0,11378.0,1233.0,306.0,927.0,290.0,367.0,151497
E07000211,Reigate and Banstead,1748.0,2022,1236.0,10912.0,299.0,10613.0,2141.0,1490.0,651.0,512.0,30.0,153828
E07000211,Reigate and Banstead,1510.0,2023,1406.0,10973.0,389.0,10584.0,2815.0,2156.0,659.0,104.0,180.0,156657
E07000211,Reigate and Banstead,1620.0,2024,1342.0,10883.0,568.0,10315.0,2327.0,1628.0,699.0,278.0,3.0,159134
E07000212,Runnymede,,2011,,,,,,,,,,80501
E07000212,Runnymede,1030.0,2012,705.0,7259.0,349.0,6910.0,1598.0,380.0,1218.0,325.0,-294.0,81261
E07000212,Runnymede,940.0,2013,708.0,7115.0,503.0,6612.0,1696.0,466.0,1230.0,232.0,-233.0,82229
E07000212,Runnymede,953.0,2014,629.0,7197.0,-101.0,7298.0,1850.0,631.0,1219.0,324.0,-209.0,82874
E07000212,Runnymede,982.0,2015,714.0,7237.0,34.0,7203.0,1963.0,728.0,1235.0,268.0,-174.0,83730
E07000212,Runnymede,962.0,2016,719.0,7173.0,-25.0,7198.0,2211.0,928.0,1283.0,243.0,-151.0,84725
E07000212,Runnymede,940.0,2017,777.0,8162.0,-222.0,8384.0,1751.0,432.0,1319.0,163.0,-178.0,84920
E07000212,Runnymede,891.0,2018,738.0,8114.0,32.0,8082.0,1870.0,575.0,1295.0,153.0,-142.0,85538
E07000212,Runnymede,948.0,2019,672.0,8691.0,420.0,8271.0,2030.0,523.0,1507.0,276.0,-97.0,86660
E07000212,Runnymede,902.0,2020,790.0,8359.0,34.0,8325.0,1647.0,424.0,1223.0,112.0,-30.0,87200
E07000212,Runnymede,898.0,2021,784.0,9890.0,-44.0,9934.0,1403.0,586.0,817.0,114.0,-26.0,87830
E07000212,Runnymede,896.0,2022,841.0,9566.0,192.0,9374.0,2037.0,1039.0,998.0,55.0,-3.0,89113
E07000212,Runnymede,910.0,2023,834.0,10164.0,671.0,9493.0,2178.0,1203.0,975.0,76.0,38.0,91101
E07000212,Runnymede,934.0,2024,828.0,10148.0,7.0,10141.0,2066.0,928.0,1138.0,106.0,-24.0,92118
E07000213,Spelthorne,,2011,,,,,,,,,,95852
E07000213,Spelthorne,1228.0,2012,869.0,5692.0,558.0,5134.0,749.0,221.0,528.0,359.0,173.0,97163
E07000213,Spelthorne,1309.0,2013,912.0,5303.0,265.0,5038.0,720.0,183.0,537.0,397.0,244.0,98252
E07000213,Spelthorne,1278.0,2014,815.0,5759.0,-137.0,5896.0,813.0,239.0,574.0,463.0,240.0,99057
E07000213,Spelthorne,1276.0,2015,925.0,5698.0,-190.0,5888.0,911.0,367.0,544.0,351.0,170.0,99755
E07000213,Spelthorne,1337.0,2016,890.0,5386.0,-292.0,5678.0,1044.0,435.0,609.0,447.0,116.0,100461
E07000213,Spelthorne,1256.0,2017,938.0,6443.0,-433.0,6876.0,879.0,245.0,634.0,318.0,228.0,100819
E07000213,Spelthorne,1237.0,2018,864.0,6202.0,-496.0,6698.0,1008.0,238.0,770.0,373.0,217.0,101151
E07000213,Spelthorne,1184.0,2019,878.0,6694.0,37.0,6657.0,1128.0,343.0,785.0,306.0,225.0,102062
E07000213,Spelthorne,1200.0,2020,969.0,6189.0,-139.0,6328.0,795.0,19.0,776.0,231.0,131.0,102304
E07000213,Spelthorne,1124.0,2021,904.0,8077.0,28.0,8049.0,929.0,243.0,686.0,220.0,241.0,103036
E07000213,Spelthorne,1169.0,2022,950.0,7216.0,-427.0,7643.0,1493.0,891.0,602.0,219.0,41.0,103760
E07000213,Spelthorne,1108.0,2023,932.0,7638.0,-459.0,8097.0,1951.0,1483.0,468.0,176.0,-85.0,104875
E07000213,Spelthorne,1169.0,2024,872.0,8365.0,483.0,7882.0,1915.0,1374.0,541.0,297.0,45.0,107074
E07000214,Surrey Heath,,2011,,,,,,,,,,86378
E07000214,Surrey Heath,1005.0,2012,694.0,5614.0,216.0,5398.0,592.0,31.0,561.0,311.0,49.0,86985
E07000214,Surrey Heath,912.0,2013,751.0,5684.0,322.0,5362.0,534.0,42.0,492.0,161.0,81.0,87591
E07000214,Surrey Heath,939.0,2014,722.0,5997.0,478.0,5519.0,699.0,129.0,570.0,217.0,22.0,88437
E07000214,Surrey Heath,936.0,2015,774.0,5756.0,91.0,5665.0,641.0,59.0,582.0,162.0,196.0,88945
E07000214,Surrey Heath,947.0,2016,758.0,5673.0,20.0,5653.0,772.0,203.0,569.0,189.0,40.0,89397
E07000214,Surrey Heath,841.0,2017,783.0,6413.0,-130.0,6543.0,706.0,131.0,575.0,58.0,81.0,89537
E07000214,Surrey Heath,835.0,2018,811.0,6257.0,-164.0,6421.0,721.0,86.0,635.0,24.0,67.0,89550
E07000214,Surrey Heath,852.0,2019,764.0,7025.0,711.0,6314.0,734.0,131.0,603.0,88.0,64.0,90544
E07000214,Surrey Heath,819.0,2020,954.0,5982.0,134.0,5848.0,567.0,-117.0,684.0,-135.0,31.0,90457
E07000214,Surrey Heath,796.0,2021,867.0,7487.0,-2.0,7489.0,607.0,73.0,534.0,-71.0,196.0,90653
E07000214,Surrey Heath,868.0,2022,854.0,6870.0,223.0,6647.0,1046.0,616.0,430.0,14.0,-36.0,91470
E07000214,Surrey Heath,858.0,2023,897.0,7345.0,760.0,6585.0,1380.0,1008.0,372.0,-39.0,21.0,93220
E07000214,Surrey Heath,816.0,2024,882.0,7317.0,474.0,6843.0,1234.0,842.0,392.0,-66.0,22.0,94492
E07000215,Tandridge,,2011,,,,,,,,,,83178
E07000215,Tandridge,922.0,2012,817.0,5375.0,278.0,5097.0,352.0,-23.0,375.0,105.0,-11.0,83527
E07000215,Tandridge,933.0,2013,868.0,5701.0,915.0,4786.0,318.0,-39.0,357.0,65.0,9.0,84477
E07000215,Tandridge,922.0,2014,790.0,6010.0,498.0,5512.0,363.0,-12.0,375.0,132.0,26.0,85121
E07000215,Tandridge,919.0,2015,832.0,5672.0,304.0,5368.0,371.0,-23.0,394.0,87.0,38.0,85527
E07000215,Tandridge,959.0,2016,815.0,5730.0,177.0,5553.0,421.0,14.0,407.0,144.0,39.0,85901
E07000215,Tandridge,924.0,2017,832.0,6719.0,477.0,6242.0,419.0,-23.0,442.0,92.0,10.0,86457
E07000215,Tandridge,935.0,2018,838.0,6184.0,-41.0,6225.0,427.0,-37.0,464.0,97.0,49.0,86525
E07000215,Tandridge,955.0,2019,840.0,6476.0,294.0,6182.0,395.0,-75.0,470.0,115.0,64.0,86923
E07000215,Tandridge,911.0,2020,935.0,5987.0,408.0,5579.0,300.0,-135.0,435.0,-24.0,76.0,87248
E07000215,Tandridge,930.0,2021,901.0,7784.0,823.0,6961.0,318.0,-32.0,350.0,29.0,59.0,88127
E07000215,Tandridge,899.0,2022,849.0,7078.0,274.0,6804.0,804.0,539.0,265.0,50.0,12.0,89002
E07000215,Tandridge,861.0,2023,876.0,6757.0,549.0,6208.0,733.0,503.0,230.0,-15.0,10.0,90049
E07000215,Tandridge,818.0,2024,897.0,6453.0,256.0,6197.0,605.0,368.0,237.0,-79.0,-8.0,90586
E07000216,Waverley,,2011,,,,,,,,,,121754
E07000216,Waverley,1349.0,2012,1047.0,8366.0,-13.0,8379.0,788.0,-37.0,825.0,302.0,167.0,122173
E07000216,Waverley,1321.0,2013,1125.0,8409.0,620.0,7789.0,777.0,-28.0,805.0,196.0,160.0,123121
E07000216,Waverley,1211.0,2014,1119.0,8873.0,389.0,8484.0,896.0,51.0,845.0,92.0,186.0,123839
E07000216,Waverley,1245.0,2015,1244.0,8499.0,314.0,8185.0,953.0,101.0,852.0,1.0,181.0,124436
E07000216,Waverley,1309.0,2016,1214.0,8498.0,4.0,8494.0,1008.0,170.0,838.0,95.0,244.0,124949
E07000216,Waverley,1194.0,2017,1165.0,9492.0,-18.0,9510.0,859.0,-91.0,950.0,29.0,269.0,125138
E07000216,Waverley,1212.0,2018,1243.0,9151.0,-78.0,9229.0,910.0,-117.0,1027.0,-31.0,247.0,125159
E07000216,Waverley,1158.0,2019,1128.0,9672.0,396.0,9276.0,864.0,-189.0,1053.0,30.0,295.0,125691
E07000216,Waverley,1083.0,2020,1374.0,9348.0,656.0,8692.0,914.0,-71.0,985.0,-291.0,275.0,126260
E07000216,Waverley,1109.0,2021,1290.0,12518.0,2374.0,10144.0,974.0,150.0,824.0,-181.0,277.0,128880
E07000216,Waverley,1145.0,2022,1311.0,10920.0,948.0,9972.0,1410.0,642.0,768.0,-166.0,23.0,130327
E07000216,Waverley,1105.0,2023,1348.0,11345.0,1758.0,9587.0,1608.0,896.0,712.0,-243.0,11.0,132749
E07000216,Waverley,1026.0,2024,1345.0,10840.0,1205.0,9635.0,1393.0,667.0,726.0,-319.0,-18.0,134284
E07000217,Woking,,2011,,,,,,,,,,99493
E07000217,Woking,1516.0,2012,767.0,6085.0,-167.0,6252.0,1165.0,207.0,958.0,749.0,283.0,100565
E07000217,Woking,1390.0,2013,751.0,6116.0,65.0,6051.0,1104.0,237.0,867.0,639.0,325.0,101831
E07000217,Woking,1323.0,2014,751.0,6175.0,-487.0,6662.0,1331.0,362.0,969.0,572.0,310.0,102588
E07000217,Woking,1368.0,2015,780.0,6159.0,-537.0,6696.0,1359.0,316.0,1043.0,588.0,331.0,103286
E07000217,Woking,1320.0,2016,779.0,5943.0,-377.0,6320.0,1527.0,481.0,1046.0,541.0,302.0,104233
E07000217,Woking,1277.0,2017,850.0,6738.0,-1089.0,7827.0,1447.0,333.0,1114.0,427.0,395.0,104299
E07000217,Woking,1288.0,2018,750.0,6523.0,-904.0,7427.0,1427.0,192.0,1235.0,538.0,385.0,104510
E07000217,Woking,1251.0,2019,730.0,6463.0,-1097.0,7560.0,1380.0,64.0,1316.0,521.0,425.0,104423
E07000217,Woking,1169.0,2020,899.0,5763.0,-1003.0,6766.0,1032.0,-174.0,1206.0,270.0,366.0,103882
E07000217,Woking,1162.0,2021,872.0,8043.0,-927.0,8970.0,1107.0,110.0,997.0,290.0,545.0,103900
E07000217,Woking,1115.0,2022,814.0,7431.0,-766.0,8197.0,1833.0,1012.0,821.0,301.0,-15.0,104432
E07000217,Woking,1125.0,2023,848.0,7621.0,-1038.0,8659.0,2100.0,1394.0,706.0,277.0,-12.0,105053
E07000217,Woking,1074.0,2024,838.0,7917.0,-777.0,8694.0,1918.0,1157.0,761.0,236.0,10.0,105679
E07000218,North Warwickshire,,2011,,,,,,,,,,62089
E07000218,North Warwickshire,666.0,2012,652.0,3268.0,93.0,3175.0,81.0,0.0,81.0,14.0,-97.0,62099
E07000218,North Warwickshire,683.0,2013,618.0,3055.0,-18.0,3073.0,65.0,-3.0,68.0,65.0,-86.0,62057
E07000218,North Warwickshire,627.0,2014,595.0,3465.0,240.0,3225.0,92.0,22.0,70.0,32.0,-59.0,62292
E07000218,North Warwickshire,603.0,2015,689.0,3463.0,476.0,2987.0,167.0,83.0,84.0,-86.0,-84.0,62681
E07000218,North Warwickshire,665.0,2016,724.0,3394.0,282.0,3112.0,177.0,87.0,90.0,-59.0,-83.0,62908
E07000218,North Warwickshire,638.0,2017,709.0,4411.0,711.0,3700.0,164.0,68.0,96.0,-71.0,-99.0,63517
E07000218,North Warwickshire,655.0,2018,716.0,4687.0,702.0,3985.0,202.0,75.0,127.0,-61.0,-135.0,64098
E07000218,North Warwickshire,604.0,2019,691.0,4471.0,536.0,3935.0,110.0,-30.0,140.0,-87.0,-134.0,64383
E07000218,North Warwickshire,581.0,2020,874.0,3822.0,308.0,3514.0,94.0,-11.0,105.0,-293.0,-116.0,64271
E07000218,North Warwickshire,609.0,2021,686.0,5248.0,1258.0,3990.0,101.0,7.0,94.0,-77.0,-121.0,65338
E07000218,North Warwickshire,676.0,2022,779.0,4653.0,799.0,3854.0,120.0,1.0,119.0,-103.0,0.0,66035
E07000218,North Warwickshire,621.0,2023,884.0,4157.0,484.0,3673.0,180.0,91.0,89.0,-263.0,9.0,66356
E07000218,North Warwickshire,589.0,2024,765.0,4260.0,852.0,3408.0,174.0,80.0,94.0,-176.0,5.0,67117
E07000219,Nuneaton and Bedworth,,2011,,,,,,,,,,125409
E07000219,Nuneaton and Bedworth,1604.0,2012,1093.0,5267.0,241.0,5026.0,385.0,116.0,269.0,511.0,161.0,126438
E07000219,Nuneaton and Bedworth,1619.0,2013,1207.0,4697.0,53.0,4644.0,400.0,176.0,224.0,412.0,196.0,127275
E07000219,Nuneaton and Bedworth,1531.0,2014,1086.0,4919.0,-138.0,5057.0,439.0,193.0,246.0,445.0,205.0,127980
E07000219,Nuneaton and Bedworth,1525.0,2015,1310.0,4813.0,-84.0,4897.0,548.0,269.0,279.0,215.0,208.0,128588
E07000219,Nuneaton and Bedworth,1640.0,2016,1213.0,5179.0,322.0,4857.0,721.0,412.0,309.0,427.0,150.0,129899
E07000219,Nuneaton and Bedworth,1517.0,2017,1193.0,6739.0,451.0,6288.0,629.0,269.0,360.0,324.0,195.0,131138
E07000219,Nuneaton and Bedworth,1559.0,2018,1346.0,6358.0,30.0,6328.0,644.0,254.0,390.0,213.0,195.0,131830
E07000219,Nuneaton and Bedworth,1556.0,2019,1315.0,6905.0,607.0,6298.0,656.0,137.0,519.0,241.0,138.0,132953
E07000219,Nuneaton and Bedworth,1494.0,2020,1501.0,6045.0,520.0,5525.0,574.0,32.0,542.0,-7.0,190.0,133688
E07000219,Nuneaton and Bedworth,1487.0,2021,1304.0,6928.0,136.0,6792.0,645.0,96.0,549.0,183.0,200.0,134303
E07000219,Nuneaton and Bedworth,1532.0,2022,1494.0,7169.0,983.0,6186.0,740.0,338.0,402.0,38.0,2.0,135664
E07000219,Nuneaton and Bedworth,1504.0,2023,1402.0,8037.0,2140.0,5897.0,1041.0,669.0,372.0,102.0,13.0,138588
E07000219,Nuneaton and Bedworth,1480.0,2024,1351.0,8222.0,2115.0,6107.0,1139.0,708.0,431.0,129.0,25.0,141565
E07000220,Rugby,,2011,,,,,,,,,,100496
E07000220,Rugby,1326.0,2012,854.0,4772.0,52.0,4720.0,918.0,401.0,517.0,472.0,88.0,101509
E07000220,Rugby,1230.0,2013,913.0,4782.0,397.0,4385.0,1016.0,518.0,498.0,317.0,110.0,102851
E07000220,Rugby,1259.0,2014,802.0,5467.0,671.0,4796.0,1145.0,568.0,577.0,457.0,187.0,104734
E07000220,Rugby,1217.0,2015,978.0,4845.0,430.0,4415.0,1286.0,713.0,573.0,239.0,211.0,106327
E07000220,Rugby,1264.0,2016,968.0,4899.0,52.0,4847.0,1456.0,795.0,661.0,296.0,85.0,107555
E07000220,Rugby,1194.0,2017,976.0,6138.0,396.0,5742.0,1133.0,348.0,785.0,218.0,154.0,108671
E07000220,Rugby,1197.0,2018,1009.0,5928.0,297.0,5631.0,1032.0,137.0,895.0,188.0,125.0,109418
E07000220,Rugby,1206.0,2019,935.0,6866.0,1195.0,5671.0,936.0,-68.0,1004.0,271.0,182.0,110998
E07000220,Rugby,1175.0,2020,1100.0,6569.0,1511.0,5058.0,835.0,-46.0,881.0,75.0,134.0,112672
E07000220,Rugby,1171.0,2021,1035.0,7886.0,1733.0,6153.0,915.0,89.0,826.0,136.0,205.0,114835
E07000220,Rugby,1214.0,2022,1087.0,6886.0,1318.0,5568.0,1143.0,375.0,768.0,127.0,-24.0,116631
E07000220,Rugby,1128.0,2023,1166.0,7620.0,1938.0,5682.0,1455.0,855.0,600.0,-38.0,9.0,119395
E07000220,Rugby,1145.0,2024,1098.0,7843.0,2168.0,5675.0,1544.0,849.0,695.0,47.0,-81.0,122378
E07000221,Stratford-on-Avon,,2011,,,,,,,,,,120824
E07000221,Stratford-on-Avon,1102.0,2012,1129.0,6639.0,19.0,6620.0,781.0,201.0,580.0,-27.0,-12.0,121005
E07000221,Stratford-on-Avon,1149.0,2013,1235.0,6397.0,512.0,5885.0,696.0,154.0,542.0,-86.0,-37.0,121548
E07000221,Stratford-on-Avon,1019.0,2014,1243.0,7395.0,690.0,6705.0,763.0,153.0,610.0,-224.0,-25.0,122142
E07000221,Stratford-on-Avon,1075.0,2015,1417.0,6901.0,792.0,6109.0,916.0,321.0,595.0,-342.0,-63.0,122850
E07000221,Stratford-on-Avon,1105.0,2016,1314.0,7089.0,670.0,6419.0,1023.0,418.0,605.0,-209.0,0.0,123729
E07000221,Stratford-on-Avon,1149.0,2017,1387.0,9321.0,1891.0,7430.0,882.0,263.0,619.0,-238.0,-21.0,125624
E07000221,Stratford-on-Avon,1077.0,2018,1436.0,9386.0,2194.0,7192.0,860.0,119.0,741.0,-359.0,-13.0,127565
E07000221,Stratford-on-Avon,1112.0,2019,1319.0,9683.0,2633.0,7050.0,679.0,-136.0,815.0,-207.0,-39.0,129816
E07000221,Stratford-on-Avon,1141.0,2020,1589.0,8804.0,2720.0,6084.0,572.0,-125.0,697.0,-448.0,16.0,131979
E07000221,Stratford-on-Avon,1160.0,2021,1422.0,12163.0,4227.0,7936.0,495.0,-50.0,545.0,-262.0,52.0,135946
E07000221,Stratford-on-Avon,1170.0,2022,1548.0,10460.0,2841.0,7619.0,885.0,352.0,533.0,-378.0,11.0,138772
E07000221,Stratford-on-Avon,1146.0,2023,1620.0,11023.0,3914.0,7109.0,1262.0,740.0,522.0,-474.0,-21.0,142931
E07000221,Stratford-on-Avon,1195.0,2024,1569.0,10268.0,3192.0,7076.0,1004.0,480.0,524.0,-374.0,29.0,146258
E07000222,Warwick,,2011,,,,,,,,,,137736
E07000222,Warwick,1632.0,2012,1092.0,9826.0,789.0,9037.0,1135.0,-41.0,1176.0,540.0,201.0,139225
E07000222,Warwick,1546.0,2013,1188.0,8379.0,-509.0,8888.0,1246.0,157.0,1089.0,358.0,216.0,139447
E07000222,Warwick,1501.0,2014,1096.0,8929.0,-703.0,9632.0,2002.0,839.0,1163.0,405.0,318.0,140306
E07000222,Warwick,1531.0,2015,1128.0,8526.0,-420.0,8946.0,1774.0,446.0,1328.0,403.0,290.0,141025
E07000222,Warwick,1406.0,2016,1206.0,9304.0,124.0,9180.0,2184.0,821.0,1363.0,200.0,364.0,142534
E07000222,Warwick,1445.0,2017,1177.0,10929.0,-37.0,10966.0,1740.0,264.0,1476.0,268.0,324.0,143353
E07000222,Warwick,1495.0,2018,1280.0,12402.0,1487.0,10915.0,1710.0,28.0,1682.0,215.0,395.0,145478
E07000222,Warwick,1441.0,2019,1161.0,12069.0,646.0,11423.0,1421.0,-504.0,1925.0,280.0,105.0,146005
E07000222,Warwick,1424.0,2020,1326.0,11369.0,985.0,10384.0,1160.0,-357.0,1517.0,98.0,-88.0,146643
E07000222,Warwick,1342.0,2021,1459.0,13832.0,1537.0,12295.0,1210.0,-5.0,1215.0,-117.0,635.0,148693
E07000222,Warwick,1378.0,2022,1404.0,13438.0,1855.0,11583.0,2321.0,1092.0,1229.0,-26.0,-4.0,151610
E07000222,Warwick,1351.0,2023,1415.0,11865.0,358.0,11507.0,2448.0,1186.0,1262.0,-64.0,11.0,153101
E07000222,Warwick,1348.0,2024,1396.0,12318.0,917.0,11401.0,2196.0,878.0,1318.0,-48.0,41.0,154889
E07000223,Adur,,2011,,,,,,,,,,61334
E07000223,Adur,730.0,2012,764.0,4052.0,752.0,3300.0,149.0,76.0,73.0,-34.0,30.0,62158
E07000223,Adur,759.0,2013,689.0,3865.0,509.0,3356.0,134.0,56.0,78.0,70.0,57.0,62850
E07000223,Adur,747.0,2014,661.0,4034.0,522.0,3512.0,118.0,30.0,88.0,86.0,37.0,63525
E07000223,Adur,712.0,2015,738.0,3868.0,178.0,3690.0,147.0,66.0,81.0,-26.0,65.0,63808
E07000223,Adur,684.0,2016,715.0,3612.0,12.0,3600.0,202.0,123.0,79.0,-31.0,35.0,63947
E07000223,Adur,672.0,2017,728.0,4262.0,153.0,4109.0,135.0,46.0,89.0,-56.0,54.0,64144
E07000223,Adur,639.0,2018,724.0,4228.0,46.0,4182.0,185.0,62.0,123.0,-85.0,63.0,64230
E07000223,Adur,631.0,2019,675.0,4238.0,289.0,3949.0,137.0,44.0,93.0,-44.0,61.0,64580
E07000223,Adur,575.0,2020,763.0,3672.0,82.0,3590.0,138.0,24.0,114.0,-188.0,52.0,64550
E07000223,Adur,534.0,2021,693.0,4365.0,112.0,4253.0,124.0,40.0,84.0,-159.0,89.0,64632
E07000223,Adur,572.0,2022,738.0,4038.0,154.0,3884.0,222.0,137.0,85.0,-166.0,3.0,64760
E07000223,Adur,528.0,2023,795.0,3893.0,32.0,3861.0,243.0,173.0,70.0,-267.0,-10.0,64688
E07000223,Adur,494.0,2024,683.0,3902.0,223.0,3679.0,241.0,165.0,76.0,-189.0,2.0,64889
E07000224,Arun,,2011,,,,,,,,,,149811
E07000224,Arun,1621.0,2012,2078.0,8479.0,2117.0,6362.0,1298.0,584.0,714.0,-457.0,107.0,152162
E07000224,Arun,1549.0,2013,2020.0,8064.0,1683.0,6381.0,1284.0,560.0,724.0,-471.0,100.0,154034
E07000224,Arun,1431.0,2014,1940.0,8661.0,1985.0,6676.0,1163.0,380.0,783.0,-509.0,93.0,155983
E07000224,Arun,1526.0,2015,2251.0,8215.0,1522.0,6693.0,1287.0,622.0,665.0,-725.0,72.0,157474
E07000224,Arun,1573.0,2016,2202.0,8364.0,1606.0,6758.0,1582.0,851.0,731.0,-629.0,61.0,159363
E07000224,Arun,1478.0,2017,2164.0,10086.0,1985.0,8101.0,1362.0,559.0,803.0,-686.0,117.0,161338
E07000224,Arun,1410.0,2018,2285.0,10070.0,2025.0,8045.0,1065.0,59.0,1006.0,-875.0,100.0,162647
E07000224,Arun,1377.0,2019,2171.0,9407.0,1364.0,8043.0,1017.0,-51.0,1068.0,-794.0,144.0,163310
E07000224,Arun,1371.0,2020,2285.0,8256.0,1082.0,7174.0,889.0,9.0,880.0,-914.0,174.0,163661
E07000224,Arun,1311.0,2021,2317.0,10642.0,2460.0,8182.0,693.0,-5.0,698.0,-1006.0,109.0,165219
E07000224,Arun,1336.0,2022,2339.0,9951.0,2208.0,7743.0,724.0,-96.0,820.0,-1003.0,-40.0,166288
E07000224,Arun,1298.0,2023,2500.0,9803.0,2655.0,7148.0,1017.0,318.0,699.0,-1202.0,43.0,168102
E07000224,Arun,1200.0,2024,2305.0,9977.0,2916.0,7061.0,973.0,190.0,783.0,-1105.0,-39.0,170064
E07000225,Chichester,,2011,,,,,,,,,,113995
E07000225,Chichester,1140.0,2012,1331.0,8092.0,976.0,7116.0,826.0,75.0,751.0,-191.0,187.0,115042
E07000225,Chichester,1081.0,2013,1375.0,8133.0,897.0,7236.0,881.0,175.0,706.0,-294.0,300.0,116120
E07000225,Chichester,1027.0,2014,1319.0,8580.0,805.0,7775.0,985.0,320.0,665.0,-292.0,-83.0,116870
E07000225,Chichester,1098.0,2015,1503.0,8725.0,1171.0,7554.0,975.0,235.0,740.0,-405.0,576.0,118447
E07000225,Chichester,998.0,2016,1422.0,8798.0,1079.0,7719.0,1018.0,288.0,730.0,-424.0,321.0,119711
E07000225,Chichester,1004.0,2017,1530.0,11045.0,1707.0,9338.0,1018.0,245.0,773.0,-526.0,305.0,121442
E07000225,Chichester,974.0,2018,1559.0,10271.0,805.0,9466.0,1001.0,94.0,907.0,-585.0,429.0,122185
E07000225,Chichester,996.0,2019,1393.0,10054.0,747.0,9307.0,897.0,-54.0,951.0,-397.0,334.0,122815
E07000225,Chichester,972.0,2020,1652.0,9189.0,641.0,8548.0,849.0,-90.0,939.0,-680.0,346.0,123032
E07000225,Chichester,954.0,2021,1612.0,11520.0,1772.0,9748.0,598.0,-31.0,629.0,-658.0,402.0,124517
E07000225,Chichester,995.0,2022,1614.0,10364.0,1546.0,8818.0,1360.0,672.0,688.0,-619.0,61.0,126177
E07000225,Chichester,964.0,2023,1704.0,10012.0,1247.0,8765.0,1489.0,815.0,674.0,-740.0,41.0,127540
E07000225,Chichester,912.0,2024,1647.0,9742.0,1362.0,8380.0,1487.0,780.0,707.0,-735.0,-13.0,128934
E07000226,Crawley,,2011,,,,,,,,,,107053
E07000226,Crawley,1702.0,2012,774.0,4964.0,50.0,4914.0,1405.0,514.0,891.0,928.0,429.0,108974
E07000226,Crawley,1602.0,2013,780.0,4688.0,-610.0,5298.0,1356.0,572.0,784.0,822.0,432.0,110190
E07000226,Crawley,1665.0,2014,719.0,4773.0,-797.0,5570.0,1656.0,723.0,933.0,946.0,460.0,111522
E07000226,Crawley,1625.0,2015,710.0,4771.0,-811.0,5582.0,1793.0,870.0,923.0,915.0,456.0,112952
E07000226,Crawley,1612.0,2016,733.0,4663.0,-1267.0,5930.0,2154.0,1177.0,977.0,879.0,502.0,114243
E07000226,Crawley,1584.0,2017,790.0,5417.0,-1355.0,6772.0,1866.0,843.0,1023.0,794.0,558.0,115083
E07000226,Crawley,1536.0,2018,795.0,5796.0,-567.0,6363.0,1900.0,670.0,1230.0,741.0,545.0,116472
E07000226,Crawley,1544.0,2019,748.0,5703.0,-1149.0,6852.0,1786.0,410.0,1376.0,796.0,615.0,117144
E07000226,Crawley,1498.0,2020,829.0,5391.0,-490.0,5881.0,1070.0,-44.0,1114.0,669.0,514.0,117793
E07000226,Crawley,1497.0,2021,812.0,6526.0,-737.0,7263.0,1187.0,247.0,940.0,685.0,619.0,118607
E07000226,Crawley,1490.0,2022,799.0,6373.0,-485.0,6858.0,2176.0,1142.0,1034.0,691.0,4.0,119959
E07000226,Crawley,1443.0,2023,810.0,6235.0,-593.0,6828.0,3340.0,2663.0,677.0,633.0,-7.0,122655
E07000226,Crawley,1428.0,2024,821.0,6503.0,-1413.0,7916.0,2981.0,2170.0,811.0,607.0,-11.0,124008
E07000227,Horsham,,2011,,,,,,,,,,131540
E07000227,Horsham,1351.0,2012,1164.0,7094.0,547.0,6547.0,644.0,-79.0,723.0,187.0,-50.0,132145
E07000227,Horsham,1230.0,2013,1270.0,7161.0,807.0,6354.0,594.0,-54.0,648.0,-40.0,-51.0,132807
E07000227,Horsham,1246.0,2014,1165.0,7996.0,1273.0,6723.0,732.0,57.0,675.0,81.0,-17.0,134201
E07000227,Horsham,1221.0,2015,1375.0,8242.0,1750.0,6492.0,749.0,36.0,713.0,-154.0,-1.0,135832
E07000227,Horsham,1322.0,2016,1260.0,9094.0,2186.0,6908.0,894.0,182.0,712.0,62.0,-5.0,138257
E07000227,Horsham,1320.0,2017,1316.0,9602.0,1531.0,8071.0,810.0,25.0,785.0,4.0,45.0,139862
E07000227,Horsham,1309.0,2018,1357.0,9778.0,1628.0,8150.0,796.0,-63.0,859.0,-48.0,89.0,141468
E07000227,Horsham,1279.0,2019,1288.0,9676.0,1529.0,8147.0,688.0,-193.0,881.0,-9.0,137.0,142932
E07000227,Horsham,1311.0,2020,1518.0,8998.0,1733.0,7265.0,611.0,-220.0,831.0,-207.0,139.0,144377
E07000227,Horsham,1320.0,2021,1373.0,12118.0,3025.0,9093.0,737.0,-43.0,780.0,-53.0,194.0,147500
E07000227,Horsham,1399.0,2022,1437.0,9334.0,680.0,8654.0,1237.0,669.0,568.0,-38.0,-27.0,148784
E07000227,Horsham,1245.0,2023,1611.0,8718.0,267.0,8451.0,1558.0,1046.0,512.0,-366.0,10.0,149741
E07000227,Horsham,1258.0,2024,1474.0,8969.0,1168.0,7801.0,1356.0,840.0,516.0,-216.0,-12.0,151521
E07000228,Mid Sussex,,2011,,,,,,,,,,140188
E07000228,Mid Sussex,1512.0,2012,1277.0,7953.0,974.0,6979.0,807.0,-31.0,838.0,235.0,-123.0,141243
E07000228,Mid Sussex,1484.0,2013,1278.0,8144.0,1527.0,6617.0,835.0,58.0,777.0,206.0,-83.0,142951
E07000228,Mid Sussex,1564.0,2014,1258.0,8769.0,1336.0,7433.0,925.0,64.0,861.0,306.0,-80.0,144577
E07000228,Mid Sussex,1531.0,2015,1424.0,8502.0,1003.0,7499.0,913.0,49.0,864.0,107.0,-52.0,145684
E07000228,Mid Sussex,1620.0,2016,1302.0,8382.0,768.0,7614.0,1071.0,240.0,831.0,318.0,-9.0,147001
E07000228,Mid Sussex,1547.0,2017,1444.0,9405.0,556.0,8849.0,947.0,-5.0,952.0,103.0,24.0,147679
E07000228,Mid Sussex,1525.0,2018,1398.0,9490.0,962.0,8528.0,1071.0,96.0,975.0,127.0,102.0,148966
E07000228,Mid Sussex,1467.0,2019,1339.0,9485.0,946.0,8539.0,899.0,-133.0,1032.0,128.0,120.0,150027
E07000228,Mid Sussex,1487.0,2020,1547.0,8692.0,972.0,7720.0,720.0,-238.0,958.0,-60.0,176.0,150877
E07000228,Mid Sussex,1453.0,2021,1439.0,11277.0,2081.0,9196.0,789.0,-160.0,949.0,14.0,107.0,152919
E07000228,Mid Sussex,1614.0,2022,1506.0,10027.0,1093.0,8934.0,1676.0,1033.0,643.0,108.0,6.0,155159
E07000228,Mid Sussex,1534.0,2023,1558.0,9765.0,1619.0,8146.0,2239.0,1656.0,583.0,-24.0,0.0,158410
E07000228,Mid Sussex,1513.0,2024,1437.0,9937.0,1774.0,8163.0,2072.0,1479.0,593.0,76.0,16.0,161755
E07000229,Worthing,,2011,,,,,,,,,,104998
E07000229,Worthing,1199.0,2012,1296.0,6320.0,1047.0,5273.0,482.0,-8.0,490.0,-97.0,-143.0,105797
E07000229,Worthing,1161.0,2013,1336.0,5933.0,762.0,5171.0,500.0,106.0,394.0,-175.0,-141.0,106349
E07000229,Worthing,1134.0,2014,1260.0,6524.0,904.0,5620.0,643.0,264.0,379.0,-126.0,-100.0,107291
E07000229,Worthing,1169.0,2015,1413.0,6620.0,1190.0,5430.0,652.0,225.0,427.0,-244.0,-125.0,108337
E07000229,Worthing,1144.0,2016,1317.0,6321.0,900.0,5421.0,810.0,395.0,415.0,-173.0,-113.0,109346
E07000229,Worthing,1096.0,2017,1446.0,7328.0,898.0,6430.0,676.0,198.0,478.0,-350.0,-103.0,109989
E07000229,Worthing,1137.0,2018,1454.0,7126.0,658.0,6468.0,543.0,17.0,526.0,-317.0,-67.0,110280
E07000229,Worthing,1110.0,2019,1281.0,7237.0,810.0,6427.0,579.0,31.0,548.0,-171.0,-18.0,110932
E07000229,Worthing,1031.0,2020,1460.0,6378.0,654.0,5724.0,434.0,-78.0,512.0,-429.0,-15.0,111064
E07000229,Worthing,976.0,2021,1426.0,7824.0,987.0,6837.0,520.0,58.0,462.0,-450.0,-5.0,111654
E07000229,Worthing,940.0,2022,1426.0,7021.0,533.0,6488.0,721.0,366.0,355.0,-486.0,4.0,112071
E07000229,Worthing,899.0,2023,1430.0,6982.0,549.0,6433.0,1112.0,820.0,292.0,-531.0,-12.0,112897
E07000229,Worthing,908.0,2024,1335.0,6771.0,669.0,6102.0,1019.0,702.0,317.0,-427.0,25.0,113866
E07000234,Bromsgrove,,2011,,,,,,,,,,93732
E07000234,Bromsgrove,916.0,2012,1029.0,5387.0,891.0,4496.0,184.0,-38.0,222.0,-113.0,-293.0,94179
E07000234,Bromsgrove,913.0,2013,1136.0,5348.0,905.0,4443.0,174.0,-33.0,207.0,-223.0,-298.0,94530
E07000234,Bromsgrove,884.0,2014,1011.0,6393.0,1055.0,5338.0,169.0,-45.0,214.0,-127.0,-33.0,95380
E07000234,Bromsgrove,885.0,2015,1115.0,5761.0,532.0,5229.0,172.0,-38.0,210.0,-230.0,-204.0,95440
E07000234,Bromsgrove,925.0,2016,1095.0,6015.0,1109.0,4906.0,195.0,-20.0,215.0,-170.0,-105.0,96254
E07000234,Bromsgrove,931.0,2017,1125.0,6653.0,902.0,5751.0,158.0,-89.0,247.0,-194.0,-170.0,96703
E07000234,Bromsgrove,945.0,2018,1117.0,6773.0,1016.0,5757.0,159.0,-96.0,255.0,-172.0,-136.0,97315
E07000234,Bromsgrove,928.0,2019,1035.0,6820.0,1437.0,5383.0,153.0,-110.0,263.0,-107.0,-196.0,98339
E07000234,Bromsgrove,939.0,2020,1191.0,5919.0,1099.0,4820.0,148.0,-93.0,241.0,-252.0,-256.0,98837
E07000234,Bromsgrove,880.0,2021,1103.0,7206.0,868.0,6338.0,143.0,-62.0,205.0,-223.0,29.0,99449
E07000234,Bromsgrove,869.0,2022,1239.0,6540.0,726.0,5814.0,521.0,373.0,148.0,-370.0,53.0,100231
E07000234,Bromsgrove,839.0,2023,1200.0,6064.0,633.0,5431.0,593.0,428.0,165.0,-361.0,75.0,101006
E07000234,Bromsgrove,817.0,2024,1096.0,5887.0,653.0,5234.0,447.0,315.0,132.0,-279.0,-10.0,101685
E07000235,Malvern Hills,,2011,,,,,,,,,,74706
E07000235,Malvern Hills,662.0,2012,935.0,4959.0,705.0,4254.0,245.0,18.0,227.0,-273.0,-40.0,75116
E07000235,Malvern Hills,606.0,2013,994.0,4898.0,745.0,4153.0,216.0,28.0,188.0,-388.0,-47.0,75454
E07000235,Malvern Hills,610.0,2014,918.0,5517.0,1034.0,4483.0,270.0,73.0,197.0,-308.0,-45.0,76208
E07000235,Malvern Hills,579.0,2015,1035.0,4786.0,222.0,4564.0,291.0,90.0,201.0,-456.0,-40.0,76024
E07000235,Malvern Hills,557.0,2016,975.0,5017.0,747.0,4270.0,274.0,64.0,210.0,-418.0,-26.0,76391
E07000235,Malvern Hills,621.0,2017,1061.0,5643.0,731.0,4912.0,274.0,34.0,240.0,-440.0,-20.0,76696
E07000235,Malvern Hills,555.0,2018,1021.0,5718.0,1155.0,4563.0,209.0,-41.0,250.0,-466.0,18.0,77362
E07000235,Malvern Hills,564.0,2019,1032.0,5609.0,994.0,4615.0,200.0,-44.0,244.0,-468.0,28.0,77872
E07000235,Malvern Hills,540.0,2020,1135.0,5124.0,1005.0,4119.0,164.0,-52.0,216.0,-595.0,58.0,78288
E07000235,Malvern Hills,506.0,2021,973.0,6765.0,2115.0,4650.0,187.0,-8.0,195.0,-467.0,41.0,79969
E07000235,Malvern Hills,599.0,2022,1024.0,5971.0,1211.0,4760.0,504.0,347.0,157.0,-425.0,11.0,81113
E07000235,Malvern Hills,567.0,2023,1124.0,5443.0,882.0,4561.0,643.0,494.0,149.0,-557.0,11.0,81943
E07000235,Malvern Hills,597.0,2024,1058.0,5795.0,1378.0,4417.0,524.0,378.0,146.0,-461.0,-11.0,83227
E07000236,Redditch,,2011,,,,,,,,,,84318
E07000236,Redditch,1211.0,2012,647.0,2843.0,-533.0,3376.0,459.0,221.0,238.0,564.0,97.0,84667
E07000236,Redditch,1089.0,2013,665.0,2797.0,-555.0,3352.0,573.0,410.0,163.0,424.0,126.0,85072
E07000236,Redditch,1117.0,2014,617.0,3146.0,-864.0,4010.0,680.0,434.0,246.0,500.0,124.0,85266
E07000236,Redditch,1108.0,2015,659.0,3151.0,-365.0,3516.0,680.0,407.0,273.0,449.0,109.0,85866
E07000236,Redditch,1101.0,2016,679.0,2920.0,-536.0,3456.0,839.0,568.0,271.0,422.0,112.0,86432
E07000236,Redditch,996.0,2017,678.0,3135.0,-623.0,3758.0,582.0,229.0,353.0,318.0,107.0,86463
E07000236,Redditch,974.0,2018,731.0,3138.0,-630.0,3768.0,447.0,-4.0,451.0,243.0,114.0,86186
E07000236,Redditch,979.0,2019,704.0,3420.0,-192.0,3612.0,392.0,-98.0,490.0,275.0,136.0,86307
E07000236,Redditch,957.0,2020,783.0,3160.0,-40.0,3200.0,320.0,-17.0,337.0,174.0,137.0,86561
E07000236,Redditch,990.0,2021,864.0,3777.0,149.0,3628.0,331.0,5.0,326.0,126.0,140.0,86981
E07000236,Redditch,938.0,2022,775.0,3513.0,-20.0,3533.0,402.0,69.0,333.0,163.0,-4.0,87189
E07000236,Redditch,914.0,2023,778.0,3286.0,-158.0,3444.0,597.0,333.0,264.0,136.0,10.0,87510
E07000236,Redditch,881.0,2024,700.0,3542.0,-82.0,3624.0,573.0,256.0,317.0,181.0,-18.0,87847
E07000237,Worcester,,2011,,,,,,,,,,98679
E07000237,Worcester,1315.0,2012,764.0,6129.0,319.0,5810.0,808.0,323.0,485.0,551.0,210.0,100082
E07000237,Worcester,1410.0,2013,823.0,6175.0,130.0,6045.0,821.0,312.0,509.0,587.0,184.0,101295
E07000237,Worcester,1252.0,2014,777.0,6639.0,-134.0,6773.0,917.0,393.0,524.0,475.0,238.0,102267
E07000237,Worcester,1280.0,2015,842.0,6339.0,-342.0,6681.0,1051.0,541.0,510.0,438.0,189.0,103093
E07000237,Worcester,1233.0,2016,826.0,6852.0,237.0,6615.0,1292.0,754.0,538.0,407.0,205.0,104696
E07000237,Worcester,1174.0,2017,883.0,7289.0,-282.0,7571.0,1012.0,383.0,629.0,291.0,233.0,105321
E07000237,Worcester,1154.0,2018,964.0,6939.0,-550.0,7489.0,807.0,126.0,681.0,190.0,216.0,105303
E07000237,Worcester,1152.0,2019,861.0,6915.0,-887.0,7802.0,987.0,213.0,774.0,291.0,217.0,105137
E07000237,Worcester,1047.0,2020,982.0,5954.0,-1080.0,7034.0,942.0,111.0,831.0,65.0,166.0,104399
E07000237,Worcester,991.0,2021,951.0,6787.0,-1208.0,7995.0,858.0,210.0,648.0,40.0,187.0,103628
E07000237,Worcester,944.0,2022,917.0,6911.0,-307.0,7218.0,1348.0,821.0,527.0,27.0,9.0,104178
E07000237,Worcester,1055.0,2023,1004.0,6429.0,-490.0,6919.0,2136.0,1657.0,479.0,51.0,7.0,105403
E07000237,Worcester,989.0,2024,1010.0,6937.0,-112.0,7049.0,1959.0,1393.0,566.0,-21.0,8.0,106671
E07000238,Wychavon,,2011,,,,,,,,,,117074
E07000238,Wychavon,1128.0,2012,1140.0,6099.0,599.0,5500.0,678.0,294.0,384.0,-12.0,-97.0,117858
E07000238,Wychavon,1157.0,2013,1133.0,6260.0,687.0,5573.0,676.0,318.0,358.0,24.0,-46.0,118841
E07000238,Wychavon,1072.0,2014,1215.0,7438.0,1211.0,6227.0,782.0,368.0,414.0,-143.0,-107.0,120170
E07000238,Wychavon,1064.0,2015,1244.0,7223.0,1545.0,5678.0,920.0,524.0,396.0,-180.0,-69.0,121990
E07000238,Wychavon,1166.0,2016,1166.0,7074.0,1210.0,5864.0,1029.0,618.0,411.0,0.0,-186.0,123632
E07000238,Wychavon,1175.0,2017,1217.0,8278.0,1787.0,6491.0,915.0,446.0,469.0,-42.0,-129.0,125694
E07000238,Wychavon,1179.0,2018,1320.0,8142.0,1856.0,6286.0,783.0,93.0,690.0,-141.0,-167.0,127335
E07000238,Wychavon,1114.0,2019,1272.0,8501.0,1851.0,6650.0,744.0,-52.0,796.0,-158.0,27.0,129003
E07000238,Wychavon,1093.0,2020,1428.0,7299.0,1807.0,5492.0,548.0,-35.0,583.0,-335.0,-21.0,130419
E07000238,Wychavon,1176.0,2021,1449.0,9797.0,3106.0,6691.0,462.0,-42.0,504.0,-273.0,-126.0,133084
E07000238,Wychavon,1183.0,2022,1514.0,8309.0,1683.0,6626.0,626.0,114.0,512.0,-331.0,-42.0,134508
E07000238,Wychavon,1156.0,2023,1531.0,8078.0,1769.0,6309.0,1198.0,705.0,493.0,-375.0,41.0,136648
E07000238,Wychavon,1073.0,2024,1504.0,7693.0,1303.0,6390.0,997.0,450.0,547.0,-431.0,47.0,138017
E07000239,Wyre Forest,,2011,,,,,,,,,,98048
E07000239,Wyre Forest,1072.0,2012,1020.0,3756.0,96.0,3660.0,103.0,40.0,63.0,52.0,-19.0,98217
E07000239,Wyre Forest,1115.0,2013,1095.0,3831.0,365.0,3466.0,140.0,92.0,48.0,20.0,-16.0,98678
E07000239,Wyre Forest,1079.0,2014,999.0,4362.0,628.0,3734.0,152.0,101.0,51.0,80.0,-46.0,99441
E07000239,Wyre Forest,1038.0,2015,1086.0,4190.0,628.0,3562.0,156.0,97.0,59.0,-48.0,-66.0,100052
E07000239,Wyre Forest,1102.0,2016,1093.0,4043.0,388.0,3655.0,223.0,146.0,77.0,9.0,-38.0,100557
E07000239,Wyre Forest,1062.0,2017,1123.0,4567.0,609.0,3958.0,199.0,121.0,78.0,-61.0,-63.0,101163
E07000239,Wyre Forest,1003.0,2018,1222.0,4592.0,601.0,3991.0,142.0,37.0,105.0,-219.0,-91.0,101491
E07000239,Wyre Forest,965.0,2019,1138.0,4501.0,280.0,4221.0,173.0,48.0,125.0,-173.0,-54.0,101592
E07000239,Wyre Forest,849.0,2020,1325.0,3873.0,205.0,3668.0,115.0,21.0,94.0,-476.0,-27.0,101315
E07000239,Wyre Forest,871.0,2021,1320.0,4938.0,942.0,3996.0,125.0,15.0,110.0,-449.0,-32.0,101791
E07000239,Wyre Forest,851.0,2022,1268.0,4791.0,902.0,3889.0,147.0,56.0,91.0,-417.0,3.0,102335
E07000239,Wyre Forest,842.0,2023,1378.0,4602.0,953.0,3649.0,472.0,394.0,78.0,-536.0,5.0,103151
E07000239,Wyre Forest,829.0,2024,1266.0,4672.0,924.0,3748.0,363.0,278.0,85.0,-437.0,-3.0,103913
E07000240,St Albans,,2011,,,,,,,,,,141248
E07000240,St Albans,1976.0,2012,1007.0,8955.0,265.0,8690.0,1079.0,129.0,950.0,969.0,5.0,142616
E07000240,St Albans,1854.0,2013,1048.0,9112.0,601.0,8511.0,1067.0,172.0,895.0,806.0,27.0,144222
E07000240,St Albans,1870.0,2014,996.0,9743.0,592.0,9151.0,1191.0,218.0,973.0,874.0,32.0,145938
E07000240,St Albans,1853.0,2015,1186.0,9528.0,8.0,9520.0,1280.0,250.0,1030.0,667.0,31.0,146894
E07000240,St Albans,1845.0,2016,1082.0,8785.0,-240.0,9025.0,1386.0,349.0,1037.0,763.0,57.0,147823
E07000240,St Albans,1748.0,2017,1123.0,9864.0,-1063.0,10927.0,1247.0,137.0,1110.0,625.0,74.0,147596
E07000240,St Albans,1689.0,2018,1153.0,9569.0,-665.0,10234.0,1161.0,-66.0,1227.0,536.0,151.0,147552
E07000240,St Albans,1644.0,2019,1056.0,10011.0,-57.0,10068.0,1065.0,-210.0,1275.0,588.0,185.0,148058
E07000240,St Albans,1580.0,2020,1296.0,9123.0,179.0,8944.0,993.0,-209.0,1202.0,284.0,243.0,148555
E07000240,St Albans,1501.0,2021,1228.0,11415.0,-362.0,11777.0,1002.0,-118.0,1120.0,273.0,276.0,148624
E07000240,St Albans,1470.0,2022,1139.0,9571.0,-1372.0,10943.0,1973.0,1107.0,866.0,331.0,8.0,148698
E07000240,St Albans,1372.0,2023,1227.0,9889.0,-622.0,10511.0,2267.0,1506.0,761.0,145.0,2.0,149729
E07000240,St Albans,1377.0,2024,1158.0,10232.0,161.0,10071.0,1716.0,901.0,815.0,219.0,2.0,151012
E07000241,Welwyn Hatfield,,2011,,,,,,,,,,110727
E07000241,Welwyn Hatfield,1421.0,2012,876.0,9452.0,-659.0,10111.0,2587.0,591.0,1996.0,545.0,-520.0,110684
E07000241,Welwyn Hatfield,1337.0,2013,887.0,9119.0,581.0,8538.0,2581.0,720.0,1861.0,450.0,-445.0,111990
E07000241,Welwyn Hatfield,1385.0,2014,925.0,9811.0,-546.0,10357.0,2775.0,807.0,1968.0,460.0,-545.0,112166
E07000241,Welwyn Hatfield,1370.0,2015,1013.0,10682.0,880.0,9802.0,2967.0,1138.0,1829.0,357.0,-569.0,113972
E07000241,Welwyn Hatfield,1378.0,2016,932.0,10688.0,1191.0,9497.0,3212.0,1583.0,1629.0,446.0,-555.0,116637
E07000241,Welwyn Hatfield,1420.0,2017,960.0,11956.0,-41.0,11997.0,2804.0,1140.0,1664.0,460.0,-579.0,117617
E07000241,Welwyn Hatfield,1344.0,2018,1037.0,11307.0,-471.0,11778.0,3234.0,1470.0,1764.0,307.0,-558.0,118365
E07000241,Welwyn Hatfield,1270.0,2019,895.0,10573.0,-1145.0,11718.0,4234.0,2161.0,2073.0,375.0,-576.0,119180
E07000241,Welwyn Hatfield,1235.0,2020,1103.0,9844.0,-640.0,10484.0,4215.0,1622.0,2593.0,132.0,-488.0,119806
E07000241,Welwyn Hatfield,1265.0,2021,1007.0,10429.0,-2063.0,12492.0,3741.0,2202.0,1539.0,258.0,-456.0,119747
E07000241,Welwyn Hatfield,1245.0,2022,938.0,9913.0,-2102.0,12015.0,4031.0,2365.0,1666.0,307.0,-9.0,120308
E07000241,Welwyn Hatfield,1184.0,2023,996.0,9596.0,-1609.0,11205.0,4227.0,2790.0,1437.0,188.0,-9.0,121668
E07000241,Welwyn Hatfield,1187.0,2024,949.0,9162.0,-2564.0,11726.0,5299.0,3488.0,1811.0,238.0,-11.0,122819
E07000242,East Hertfordshire,,2011,,,,,,,,,,138155
E07000242,East Hertfordshire,1658.0,2012,1013.0,8385.0,507.0,7878.0,851.0,106.0,745.0,645.0,-157.0,139256
E07000242,East Hertfordshire,1561.0,2013,1110.0,8737.0,694.0,8043.0,942.0,224.0,718.0,451.0,-106.0,140519
E07000242,East Hertfordshire,1582.0,2014,924.0,9403.0,633.0,8770.0,1046.0,207.0,839.0,658.0,-102.0,141915
E07000242,East Hertfordshire,1611.0,2015,1093.0,9394.0,621.0,8773.0,1106.0,297.0,809.0,518.0,-58.0,143293
E07000242,East Hertfordshire,1636.0,2016,1054.0,9110.0,666.0,8444.0,1200.0,286.0,914.0,582.0,-26.0,144801
E07000242,East Hertfordshire,1676.0,2017,1076.0,10446.0,248.0,10198.0,1106.0,116.0,990.0,600.0,-22.0,145743
E07000242,East Hertfordshire,1578.0,2018,1201.0,9871.0,-25.0,9896.0,1065.0,-85.0,1150.0,377.0,38.0,146048
E07000242,East Hertfordshire,1536.0,2019,1188.0,10579.0,885.0,9694.0,1057.0,-30.0,1087.0,348.0,84.0,147335
E07000242,East Hertfordshire,1587.0,2020,1306.0,9736.0,1524.0,8212.0,668.0,-228.0,896.0,281.0,115.0,149027
E07000242,East Hertfordshire,1583.0,2021,1236.0,12149.0,1299.0,10850.0,679.0,-112.0,791.0,347.0,101.0,150662
E07000242,East Hertfordshire,1568.0,2022,1241.0,10409.0,411.0,9998.0,1178.0,406.0,772.0,327.0,22.0,151828
E07000242,East Hertfordshire,1511.0,2023,1322.0,10675.0,1247.0,9428.0,1266.0,632.0,634.0,189.0,1.0,153897
E07000242,East Hertfordshire,1546.0,2024,1234.0,11104.0,2261.0,8843.0,1079.0,401.0,678.0,312.0,4.0,156875
E07000243,Stevenage,,2011,,,,,,,,,,84247
E07000243,Stevenage,1251.0,2012,683.0,4130.0,14.0,4116.0,423.0,78.0,345.0,568.0,145.0,85052
E07000243,Stevenage,1191.0,2013,677.0,4155.0,55.0,4100.0,456.0,196.0,260.0,514.0,157.0,85974
E07000243,Stevenage,1162.0,2014,723.0,4514.0,-103.0,4617.0,543.0,244.0,299.0,439.0,165.0,86719
E07000243,Stevenage,1144.0,2015,783.0,4802.0,-89.0,4891.0,650.0,313.0,337.0,361.0,178.0,87482
E07000243,Stevenage,1191.0,2016,766.0,4625.0,73.0,4552.0,764.0,346.0,418.0,425.0,140.0,88466
E07000243,Stevenage,1170.0,2017,785.0,5671.0,-218.0,5889.0,652.0,256.0,396.0,385.0,210.0,89099
E07000243,Stevenage,1195.0,2018,770.0,5221.0,-626.0,5847.0,735.0,235.0,500.0,425.0,177.0,89310
E07000243,Stevenage,1140.0,2019,711.0,5319.0,-554.0,5873.0,692.0,163.0,529.0,429.0,193.0,89541
E07000243,Stevenage,1095.0,2020,826.0,4841.0,-273.0,5114.0,629.0,20.0,609.0,269.0,198.0,89755
E07000243,Stevenage,1018.0,2021,740.0,5382.0,-1200.0,6582.0,793.0,274.0,519.0,278.0,253.0,89360
E07000243,Stevenage,1093.0,2022,754.0,5254.0,-807.0,6061.0,1077.0,734.0,343.0,339.0,13.0,89639
E07000243,Stevenage,969.0,2023,789.0,5122.0,-954.0,6076.0,1969.0,1695.0,274.0,180.0,7.0,90567
E07000243,Stevenage,959.0,2024,747.0,5273.0,-542.0,5815.0,1881.0,1530.0,351.0,212.0,7.0,91774
E07000244,East Suffolk,,2011,,,,,,,,,,239946
E07000244,East Suffolk,2311.0,2012,2796.0,10535.0,647.0,9888.0,633.0,-50.0,683.0,-485.0,-451.0,239607
E07000244,East Suffolk,2217.0,2013,2863.0,10558.0,1295.0,9263.0,652.0,44.0,608.0,-646.0,-379.0,239921
E07000244,East Suffolk,2267.0,2014,2705.0,11046.0,1198.0,9848.0,809.0,157.0,652.0,-438.0,-909.0,239929
E07000244,East Suffolk,2187.0,2015,2997.0,11265.0,1545.0,9720.0,919.0,252.0,667.0,-810.0,-437.0,240479
E07000244,East Suffolk,2152.0,2016,2854.0,12002.0,2049.0,9953.0,1005.0,298.0,707.0,-702.0,-317.0,241807
E07000244,East Suffolk,2134.0,2017,3047.0,14606.0,2831.0,11775.0,913.0,156.0,757.0,-913.0,-385.0,243496
E07000244,East Suffolk,2158.0,2018,3160.0,13975.0,2280.0,11695.0,808.0,-30.0,838.0,-1002.0,-431.0,244313
E07000244,East Suffolk,2020.0,2019,2997.0,13635.0,2184.0,11451.0,758.0,-123.0,881.0,-977.0,-345.0,245052
E07000244,East Suffolk,1917.0,2020,3272.0,12559.0,2246.0,10313.0,648.0,-148.0,796.0,-1355.0,-313.0,245482
E07000244,East Suffolk,1829.0,2021,3176.0,15009.0,2966.0,12043.0,566.0,-96.0,662.0,-1347.0,-229.0,246776
E07000244,East Suffolk,1836.0,2022,3175.0,12800.0,1228.0,11572.0,1041.0,419.0,622.0,-1339.0,51.0,247135
E07000244,East Suffolk,1832.0,2023,3414.0,12836.0,2241.0,10595.0,1211.0,663.0,548.0,-1582.0,25.0,248482
E07000244,East Suffolk,1694.0,2024,3151.0,12392.0,1975.0,10417.0,995.0,431.0,564.0,-1457.0,233.0,249664
E07000245,West Suffolk,,2011,,,,,,,,,,171481
E07000245,West Suffolk,2270.0,2012,1472.0,8519.0,575.0,7944.0,1200.0,328.0,872.0,798.0,-1362.0,171820
E07000245,West Suffolk,2196.0,2013,1530.0,8411.0,975.0,7436.0,1199.0,334.0,865.0,666.0,-1657.0,172138
E07000245,West Suffolk,2098.0,2014,1445.0,8332.0,-32.0,8364.0,1241.0,248.0,993.0,653.0,1728.0,174735
E07000245,West Suffolk,2137.0,2015,1615.0,9083.0,775.0,8308.0,1303.0,145.0,1158.0,522.0,0.0,176177
E07000245,West Suffolk,2232.0,2016,1564.0,9414.0,1151.0,8263.0,1435.0,342.0,1093.0,668.0,-1922.0,176416
E07000245,West Suffolk,2091.0,2017,1649.0,10575.0,732.0,9843.0,1175.0,93.0,1082.0,442.0,1308.0,178991
E07000245,West Suffolk,2058.0,2018,1697.0,9944.0,243.0,9701.0,1223.0,87.0,1136.0,361.0,-493.0,179189
E07000245,West Suffolk,2047.0,2019,1606.0,10079.0,517.0,9562.0,1148.0,-96.0,1244.0,441.0,-348.0,179703
E07000245,West Suffolk,1893.0,2020,1795.0,9204.0,625.0,8579.0,861.0,-165.0,1026.0,98.0,-2025.0,178236
E07000245,West Suffolk,1820.0,2021,1731.0,11142.0,1426.0,9716.0,789.0,-10.0,799.0,89.0,1072.0,180813
E07000245,West Suffolk,1920.0,2022,1788.0,10180.0,990.0,9190.0,1375.0,505.0,870.0,132.0,-108.0,182332
E07000245,West Suffolk,1901.0,2023,1856.0,10546.0,1579.0,8967.0,1736.0,1011.0,725.0,45.0,1110.0,186077
E07000245,West Suffolk,1769.0,2024,1745.0,10115.0,1604.0,8511.0,1539.0,747.0,792.0,24.0,33.0,188485
E08000001,Bolton,,2011,,,,,,,,,,277296
E08000001,Bolton,3937.0,2012,2522.0,9685.0,-445.0,10130.0,1480.0,360.0,1120.0,1415.0,1112.0,279738
E08000001,Bolton,3802.0,2013,2571.0,8966.0,-1101.0,10067.0,1722.0,687.0,1035.0,1231.0,1074.0,281629
E08000001,Bolton,3777.0,2014,2382.0,10284.0,-1816.0,12100.0,1858.0,781.0,1077.0,1395.0,1223.0,283212
E08000001,Bolton,3771.0,2015,2659.0,9834.0,-1224.0,11058.0,1894.0,759.0,1135.0,1112.0,1113.0,284972
E08000001,Bolton,3838.0,2016,2583.0,9813.0,-941.0,10754.0,2085.0,918.0,1167.0,1255.0,1049.0,287253
E08000001,Bolton,3809.0,2017,2628.0,11508.0,-824.0,12332.0,2041.0,904.0,1137.0,1181.0,1170.0,289684
E08000001,Bolton,3621.0,2018,2649.0,11233.0,-1293.0,12526.0,2245.0,1017.0,1228.0,972.0,1214.0,291594
E08000001,Bolton,3586.0,2019,2570.0,12216.0,-434.0,12650.0,2694.0,1411.0,1283.0,1016.0,1301.0,294888
E08000001,Bolton,3748.0,2020,3046.0,10160.0,-1289.0,11449.0,2513.0,172.0,2341.0,702.0,1239.0,295712
E08000001,Bolton,3382.0,2021,2955.0,11329.0,-2221.0,13550.0,2521.0,801.0,1720.0,427.0,1450.0,296169
E08000001,Bolton,3568.0,2022,3029.0,11737.0,-1499.0,13236.0,5969.0,4747.0,1222.0,539.0,1.0,299957
E08000001,Bolton,3461.0,2023,3020.0,12524.0,-666.0,13190.0,7085.0,5826.0,1259.0,441.0,17.0,305575
E08000001,Bolton,3561.0,2024,2875.0,13280.0,-453.0,13733.0,5922.0,4297.0,1625.0,686.0,-20.0,310085
E08000002,Bury,,2011,,,,,,,,,,185422
E08000002,Bury,2561.0,2012,1724.0,7743.0,-250.0,7993.0,719.0,111.0,608.0,837.0,512.0,186632
E08000002,Bury,2457.0,2013,1907.0,7227.0,-693.0,7920.0,718.0,138.0,580.0,550.0,466.0,187093
E08000002,Bury,2381.0,2014,1647.0,8360.0,-269.0,8629.0,864.0,288.0,576.0,734.0,560.0,188406
E08000002,Bury,2373.0,2015,1857.0,7972.0,-521.0,8493.0,936.0,345.0,591.0,516.0,508.0,189254
E08000002,Bury,2423.0,2016,1936.0,8011.0,-217.0,8228.0,1080.0,441.0,639.0,487.0,505.0,190470
E08000002,Bury,2263.0,2017,1831.0,9218.0,77.0,9141.0,1012.0,375.0,637.0,432.0,542.0,191896
E08000002,Bury,2192.0,2018,1789.0,8741.0,-227.0,8968.0,1009.0,309.0,700.0,403.0,519.0,192900
E08000002,Bury,2285.0,2019,1735.0,9032.0,-569.0,9601.0,1048.0,328.0,720.0,550.0,554.0,193763
E08000002,Bury,2171.0,2020,2002.0,7330.0,-810.0,8140.0,927.0,-36.0,963.0,169.0,518.0,193604
E08000002,Bury,2075.0,2021,2043.0,9354.0,-654.0,10008.0,941.0,204.0,737.0,32.0,680.0,193866
E08000002,Bury,2060.0,2022,2081.0,9167.0,-633.0,9800.0,2432.0,1847.0,585.0,-21.0,-13.0,195046
E08000002,Bury,2054.0,2023,2016.0,9784.0,-237.0,10021.0,2429.0,1876.0,553.0,38.0,-4.0,196719
E08000002,Bury,2049.0,2024,1871.0,10286.0,172.0,10114.0,2482.0,1842.0,640.0,178.0,10.0,198921
E08000003,Manchester,,2011,,,,,,,,,,502902
E08000003,Manchester,8208.0,2012,3489.0,40683.0,-2338.0,43021.0,12827.0,2799.0,10028.0,4719.0,-1213.0,506869
E08000003,Manchester,7994.0,2013,3614.0,41229.0,-3547.0,44776.0,13758.0,4452.0,9306.0,4380.0,-1371.0,510783
E08000003,Manchester,7941.0,2014,3436.0,44122.0,-3206.0,47328.0,14844.0,4696.0,10148.0,4505.0,-1418.0,515360
E08000003,Manchester,8050.0,2015,3754.0,44948.0,-1032.0,45980.0,16109.0,6283.0,9826.0,4296.0,-1586.0,523321
E08000003,Manchester,8069.0,2016,3609.0,45985.0,-243.0,46228.0,17282.0,7788.0,9494.0,4460.0,-1880.0,533446
E08000003,Manchester,7724.0,2017,3568.0,47356.0,-3434.0,50790.0,14824.0,4608.0,10216.0,4156.0,-1815.0,536961
E08000003,Manchester,7335.0,2018,3646.0,47287.0,-4517.0,51804.0,16324.0,6452.0,9872.0,3689.0,-1910.0,540675
E08000003,Manchester,7202.0,2019,3383.0,50456.0,-4194.0,54650.0,18767.0,7960.0,10807.0,3819.0,-2313.0,545947
E08000003,Manchester,7110.0,2020,3976.0,45872.0,-4657.0,50529.0,18422.0,5153.0,13269.0,3134.0,-2237.0,547340
E08000003,Manchester,6721.0,2021,3769.0,52990.0,-6664.0,59654.0,17337.0,8996.0,8341.0,2952.0,-1994.0,550630
E08000003,Manchester,7031.0,2022,3635.0,54357.0,-4614.0,58971.0,28093.0,19733.0,8360.0,3396.0,-42.0,569103
E08000003,Manchester,6771.0,2023,3836.0,54844.0,-8189.0,63033.0,27618.0,17430.0,10188.0,2935.0,23.0,581302
E08000003,Manchester,6634.0,2024,3596.0,57369.0,-11253.0,68622.0,26229.0,16620.0,9609.0,3038.0,-37.0,589670
E08000004,Oldham,,2011,,,,,,,,,,225157
E08000004,Oldham,3257.0,2012,2031.0,7295.0,-1421.0,8716.0,903.0,311.0,592.0,1226.0,784.0,226057
E08000004,Oldham,3280.0,2013,1984.0,7216.0,-804.0,8020.0,1045.0,571.0,474.0,1296.0,746.0,227866
E08000004,Oldham,3306.0,2014,2072.0,9725.0,-228.0,9953.0,1090.0,495.0,595.0,1234.0,981.0,230348
E08000004,Oldham,3321.0,2015,2212.0,8347.0,-81.0,8428.0,1205.0,544.0,661.0,1109.0,773.0,232693
E08000004,Oldham,3323.0,2016,2157.0,7744.0,-743.0,8487.0,1765.0,1123.0,642.0,1166.0,782.0,235021
E08000004,Oldham,3316.0,2017,2100.0,8922.0,-853.0,9775.0,1547.0,886.0,661.0,1216.0,891.0,237161
E08000004,Oldham,3244.0,2018,2129.0,9240.0,-244.0,9484.0,1794.0,966.0,828.0,1115.0,925.0,239923
E08000004,Oldham,3206.0,2019,2113.0,9310.0,-927.0,10237.0,2031.0,1044.0,987.0,1093.0,944.0,242077
E08000004,Oldham,3081.0,2020,2441.0,7386.0,-1493.0,8879.0,1716.0,77.0,1639.0,640.0,880.0,242181
E08000004,Oldham,2950.0,2021,2340.0,9169.0,-1631.0,10800.0,1758.0,-261.0,2019.0,610.0,1104.0,242003
E08000004,Oldham,3197.0,2022,2372.0,9700.0,-1144.0,10844.0,3926.0,3193.0,733.0,825.0,8.0,244885
E08000004,Oldham,3064.0,2023,2369.0,9861.0,-1056.0,10917.0,4275.0,3444.0,831.0,695.0,1.0,247969
E08000004,Oldham,3108.0,2024,2247.0,10733.0,-748.0,11481.0,4506.0,3468.0,1038.0,861.0,10.0,251560
E08000005,Rochdale,,2011,,,,,,,,,,211929
E08000005,Rochdale,3035.0,2012,1955.0,6797.0,-1300.0,8097.0,805.0,221.0,584.0,1080.0,415.0,212345
E08000005,Rochdale,3016.0,2013,2010.0,6622.0,-1484.0,8106.0,810.0,275.0,535.0,1006.0,361.0,212503
E08000005,Rochdale,2881.0,2014,1862.0,8733.0,-823.0,9556.0,868.0,295.0,573.0,1019.0,468.0,213462
E08000005,Rochdale,2911.0,2015,2048.0,7452.0,-418.0,7870.0,978.0,349.0,629.0,863.0,304.0,214560
E08000005,Rochdale,2980.0,2016,2039.0,7834.0,-96.0,7930.0,1165.0,520.0,645.0,941.0,326.0,216251
E08000005,Rochdale,3042.0,2017,2017.0,9295.0,438.0,8857.0,1087.0,407.0,680.0,1025.0,371.0,218492
E08000005,Rochdale,2889.0,2018,2141.0,8829.0,-98.0,8927.0,1298.0,555.0,743.0,748.0,272.0,219969
E08000005,Rochdale,2869.0,2019,1931.0,9471.0,153.0,9318.0,1387.0,573.0,814.0,938.0,409.0,222042
E08000005,Rochdale,2809.0,2020,2321.0,7911.0,152.0,7759.0,1412.0,-5.0,1417.0,488.0,347.0,223024
E08000005,Rochdale,2731.0,2021,2298.0,9628.0,47.0,9581.0,1394.0,211.0,1183.0,433.0,412.0,224127
E08000005,Rochdale,2802.0,2022,2197.0,9813.0,6.0,9807.0,3641.0,2968.0,673.0,605.0,9.0,227715
E08000005,Rochdale,2699.0,2023,2262.0,9932.0,-49.0,9981.0,3769.0,3090.0,679.0,437.0,24.0,231217
E08000005,Rochdale,2665.0,2024,2096.0,10967.0,799.0,10168.0,3830.0,2980.0,850.0,569.0,-4.0,235561
E08000006,Salford,,2011,,,,,,,,,,234487
E08000006,Salford,3555.0,2012,2181.0,14171.0,513.0,13658.0,2861.0,716.0,2145.0,1374.0,331.0,237421
E08000006,Salford,3589.0,2013,2236.0,13322.0,-440.0,13762.0,3066.0,943.0,2123.0,1353.0,441.0,239718
E08000006,Salford,3516.0,2014,2171.0,14855.0,-450.0,15305.0,3696.0,1545.0,2151.0,1345.0,444.0,242602
E08000006,Salford,3483.0,2015,2272.0,15081.0,924.0,14157.0,4142.0,1858.0,2284.0,1211.0,347.0,246942
E08000006,Salford,3670.0,2016,2134.0,15366.0,867.0,14499.0,4266.0,1858.0,2408.0,1536.0,359.0,251562
E08000006,Salford,3567.0,2017,2262.0,18658.0,1018.0,17640.0,3425.0,735.0,2690.0,1305.0,470.0,255090
E08000006,Salford,3534.0,2018,2236.0,19145.0,1733.0,17412.0,3614.0,955.0,2659.0,1298.0,148.0,259224
E08000006,Salford,3602.0,2019,2132.0,21546.0,1737.0,19809.0,3734.0,1007.0,2727.0,1470.0,173.0,263611
E08000006,Salford,3515.0,2020,2460.0,19473.0,1097.0,18376.0,3667.0,303.0,3364.0,1055.0,24.0,266090
E08000006,Salford,3479.0,2021,2323.0,25221.0,1915.0,23306.0,4078.0,1535.0,2543.0,1156.0,170.0,270866
E08000006,Salford,3556.0,2022,2430.0,25316.0,2077.0,23239.0,8256.0,6004.0,2252.0,1126.0,-29.0,280044
E08000006,Salford,3471.0,2023,2432.0,26005.0,-197.0,26202.0,8529.0,6271.0,2258.0,1039.0,21.0,287178
E08000006,Salford,3478.0,2024,2290.0,27908.0,630.0,27278.0,7957.0,5328.0,2629.0,1188.0,24.0,294348
E08000007,Stockport,,2011,,,,,,,,,,283253
E08000007,Stockport,3424.0,2012,2638.0,10701.0,-82.0,10783.0,961.0,33.0,928.0,786.0,-37.0,283953
E08000007,Stockport,3461.0,2013,2735.0,10812.0,53.0,10759.0,931.0,76.0,855.0,726.0,8.0,284816
E08000007,Stockport,3418.0,2014,2562.0,12056.0,443.0,11613.0,1044.0,141.0,903.0,856.0,11.0,286267
E08000007,Stockport,3390.0,2015,2862.0,13088.0,1355.0,11733.0,999.0,79.0,920.0,528.0,-19.0,288210
E08000007,Stockport,3441.0,2016,2718.0,12900.0,707.0,12193.0,1183.0,217.0,966.0,723.0,22.0,289879
E08000007,Stockport,3363.0,2017,2815.0,14311.0,474.0,13837.0,1041.0,2.0,1039.0,548.0,2.0,290905
E08000007,Stockport,3307.0,2018,2933.0,13964.0,308.0,13656.0,1125.0,24.0,1101.0,374.0,20.0,291631
E08000007,Stockport,3117.0,2019,2746.0,14797.0,960.0,13837.0,1237.0,161.0,1076.0,371.0,49.0,293172
E08000007,Stockport,3160.0,2020,3241.0,13187.0,886.0,12301.0,1077.0,-218.0,1295.0,-81.0,92.0,293851
E08000007,Stockport,3103.0,2021,2901.0,16135.0,1020.0,15115.0,1208.0,117.0,1091.0,202.0,78.0,295268
E08000007,Stockport,3083.0,2022,3004.0,14775.0,-41.0,14816.0,2798.0,2055.0,743.0,79.0,25.0,297386
E08000007,Stockport,2940.0,2023,3238.0,15166.0,432.0,14734.0,3575.0,2811.0,764.0,-298.0,-5.0,300326
E08000007,Stockport,2887.0,2024,2936.0,15899.0,1103.0,14796.0,3370.0,2532.0,838.0,-49.0,17.0,303929
E08000008,Tameside,,2011,,,,,,,,,,219727
E08000008,Tameside,3094.0,2012,2184.0,7864.0,-769.0,8633.0,628.0,143.0,485.0,910.0,446.0,220457
E08000008,Tameside,3015.0,2013,2240.0,7838.0,-502.0,8340.0,652.0,228.0,424.0,775.0,488.0,221446
E08000008,Tameside,2942.0,2014,2120.0,8812.0,-648.0,9460.0,719.0,239.0,480.0,822.0,505.0,222364
E08000008,Tameside,2905.0,2015,2300.0,8260.0,-100.0,8360.0,800.0,308.0,492.0,605.0,465.0,223642
E08000008,Tameside,2927.0,2016,2179.0,8557.0,290.0,8267.0,926.0,344.0,582.0,748.0,456.0,225480
E08000008,Tameside,2873.0,2017,2284.0,9754.0,-123.0,9877.0,852.0,282.0,570.0,589.0,464.0,226692
E08000008,Tameside,2808.0,2018,2560.0,10081.0,747.0,9334.0,940.0,295.0,645.0,248.0,453.0,228435
E08000008,Tameside,2811.0,2019,2222.0,10359.0,37.0,10322.0,1063.0,381.0,682.0,589.0,510.0,229952
E08000008,Tameside,2635.0,2020,2636.0,8838.0,187.0,8651.0,862.0,-65.0,927.0,-1.0,448.0,230521
E08000008,Tameside,2507.0,2021,2432.0,10559.0,-86.0,10645.0,927.0,127.0,800.0,75.0,583.0,231220
E08000008,Tameside,2530.0,2022,2484.0,10408.0,43.0,10365.0,2585.0,2014.0,571.0,46.0,-5.0,233318
E08000008,Tameside,2429.0,2023,2554.0,11347.0,675.0,10672.0,2801.0,2283.0,518.0,-125.0,-9.0,236142
E08000008,Tameside,2466.0,2024,2359.0,12198.0,1114.0,11084.0,2917.0,2279.0,638.0,107.0,1.0,239643
E08000009,Trafford,,2011,,,,,,,,,,227091
E08000009,Trafford,2895.0,2012,1872.0,11311.0,592.0,10719.0,1256.0,4.0,1252.0,1023.0,-198.0,228512
E08000009,Trafford,2778.0,2013,1992.0,11507.0,1051.0,10456.0,1258.0,134.0,1124.0,786.0,-116.0,230367
E08000009,Trafford,2845.0,2014,1831.0,12071.0,226.0,11845.0,1574.0,327.0,1247.0,1014.0,-135.0,231799
E08000009,Trafford,2683.0,2015,2120.0,11572.0,42.0,11530.0,1491.0,225.0,1266.0,563.0,-125.0,232504
E08000009,Trafford,2869.0,2016,1917.0,11235.0,38.0,11197.0,1597.0,301.0,1296.0,952.0,-85.0,233710
E08000009,Trafford,2776.0,2017,2059.0,13455.0,542.0,12913.0,1507.0,79.0,1428.0,717.0,-131.0,234917
E08000009,Trafford,2635.0,2018,2095.0,13210.0,238.0,12972.0,1575.0,21.0,1554.0,540.0,-93.0,235623
E08000009,Trafford,2611.0,2019,1956.0,13762.0,-49.0,13811.0,1490.0,-63.0,1553.0,655.0,-45.0,236121
E08000009,Trafford,2404.0,2020,2307.0,12188.0,-111.0,12299.0,1406.0,-202.0,1608.0,97.0,32.0,235937
E08000009,Trafford,2351.0,2021,2120.0,14630.0,-799.0,15429.0,1631.0,196.0,1435.0,231.0,21.0,235586
E08000009,Trafford,2274.0,2022,2103.0,13523.0,-1054.0,14577.0,3483.0,2455.0,1028.0,171.0,-2.0,237156
E08000009,Trafford,2203.0,2023,2267.0,14054.0,-922.0,14976.0,3806.0,2782.0,1024.0,-64.0,24.0,238976
E08000009,Trafford,2153.0,2024,2098.0,14879.0,56.0,14823.0,3045.0,1930.0,1115.0,55.0,8.0,241025
E08000010,Wigan,,2011,,,,,,,,,,318122
E08000010,Wigan,3852.0,2012,2988.0,8295.0,-754.0,9049.0,647.0,7.0,640.0,864.0,-130.0,318109
E08000010,Wigan,3724.0,2013,3059.0,8498.0,-74.0,8572.0,694.0,149.0,545.0,665.0,-112.0,318737
E08000010,Wigan,3726.0,2014,2923.0,11259.0,358.0,10901.0,761.0,154.0,607.0,803.0,23.0,320075
E08000010,Wigan,3629.0,2015,3132.0,8975.0,-175.0,9150.0,905.0,309.0,596.0,497.0,158.0,320864
E08000010,Wigan,3579.0,2016,3173.0,9042.0,-339.0,9381.0,1160.0,506.0,654.0,406.0,57.0,321494
E08000010,Wigan,3578.0,2017,3310.0,11059.0,403.0,10656.0,953.0,243.0,710.0,268.0,77.0,322485
E08000010,Wigan,3536.0,2018,3389.0,11410.0,882.0,10528.0,1195.0,453.0,742.0,147.0,-63.0,323904
E08000010,Wigan,3399.0,2019,3159.0,12631.0,1793.0,10838.0,1176.0,374.0,802.0,240.0,75.0,326386
E08000010,Wigan,3292.0,2020,3553.0,11642.0,1729.0,9913.0,1068.0,-46.0,1114.0,-261.0,42.0,327850
E08000010,Wigan,3362.0,2021,3570.0,13679.0,1834.0,11845.0,1129.0,228.0,901.0,-208.0,92.0,329796
E08000010,Wigan,3521.0,2022,3548.0,13420.0,1763.0,11657.0,3796.0,3079.0,717.0,-27.0,64.0,334675
E08000010,Wigan,3374.0,2023,3797.0,14709.0,3597.0,11112.0,2992.0,2346.0,646.0,-423.0,13.0,340208
E08000010,Wigan,3307.0,2024,3475.0,14764.0,3033.0,11731.0,2586.0,1840.0,746.0,-168.0,9.0,344922
E08000011,Knowsley,,2011,,,,,,,,,,145903
E08000011,Knowsley,2014.0,2012,1380.0,5494.0,-604.0,6098.0,184.0,-14.0,198.0,634.0,308.0,146227
E08000011,Knowsley,1818.0,2013,1499.0,5447.0,-468.0,5915.0,182.0,-8.0,190.0,319.0,300.0,146370
E08000011,Knowsley,1805.0,2014,1430.0,6649.0,-539.0,7188.0,232.0,34.0,198.0,375.0,322.0,146562
E08000011,Knowsley,1999.0,2015,1588.0,5800.0,55.0,5745.0,246.0,37.0,209.0,411.0,235.0,147300
E08000011,Knowsley,1918.0,2016,1521.0,5898.0,-22.0,5920.0,293.0,60.0,233.0,397.0,193.0,147928
E08000011,Knowsley,2003.0,2017,1591.0,7295.0,-31.0,7326.0,282.0,22.0,260.0,412.0,236.0,148567
E08000011,Knowsley,1987.0,2018,1643.0,8171.0,793.0,7378.0,377.0,109.0,268.0,344.0,229.0,150042
E08000011,Knowsley,1951.0,2019,1592.0,8947.0,1011.0,7936.0,505.0,181.0,324.0,359.0,200.0,151793
E08000011,Knowsley,1914.0,2020,1771.0,8161.0,1360.0,6801.0,414.0,-38.0,452.0,143.0,150.0,153408
E08000011,Knowsley,1849.0,2021,1742.0,9227.0,1174.0,8053.0,495.0,79.0,416.0,107.0,210.0,154978
E08000011,Knowsley,2034.0,2022,1720.0,8923.0,1029.0,7894.0,1165.0,923.0,242.0,314.0,-17.0,157227
E08000011,Knowsley,1887.0,2023,1688.0,9066.0,1184.0,7882.0,1287.0,1051.0,236.0,199.0,11.0,159672
E08000011,Knowsley,1832.0,2024,1566.0,9214.0,1654.0,7560.0,1247.0,974.0,273.0,266.0,-1.0,162565
E08000012,Liverpool,,2011,,,,,,,,,,465656
E08000012,Liverpool,5943.0,2012,4250.0,24954.0,-1865.0,26819.0,6681.0,1669.0,5012.0,1693.0,-1788.0,465365
E08000012,Liverpool,5728.0,2013,4494.0,24906.0,-1714.0,26620.0,7408.0,2718.0,4690.0,1234.0,-1788.0,465815
E08000012,Liverpool,5777.0,2014,4093.0,27716.0,-3104.0,30820.0,8093.0,3013.0,5080.0,1684.0,-1663.0,465745
E08000012,Liverpool,5927.0,2015,4472.0,29127.0,1592.0,27535.0,8304.0,3145.0,5159.0,1455.0,-1984.0,469953
E08000012,Liverpool,5931.0,2016,4430.0,29542.0,1808.0,27734.0,9465.0,4290.0,5175.0,1501.0,-2066.0,475486
E08000012,Liverpool,6014.0,2017,4586.0,33859.0,2806.0,31053.0,8093.0,2346.0,5747.0,1428.0,-2265.0,479801
E08000012,Liverpool,5870.0,2018,4639.0,34801.0,1744.0,33057.0,9701.0,3754.0,5947.0,1231.0,-2932.0,483598
E08000012,Liverpool,5711.0,2019,4485.0,35211.0,-1230.0,36441.0,11068.0,4528.0,6540.0,1226.0,-3435.0,484687
E08000012,Liverpool,5358.0,2020,5077.0,35386.0,-237.0,35623.0,10135.0,2576.0,7559.0,281.0,-3959.0,483348
E08000012,Liverpool,5273.0,2021,4998.0,40390.0,290.0,40100.0,9962.0,5627.0,4335.0,275.0,-4518.0,485022
E08000012,Liverpool,5243.0,2022,4960.0,42044.0,1443.0,40601.0,11471.0,6977.0,4494.0,283.0,-32.0,493693
E08000012,Liverpool,4984.0,2023,4926.0,39383.0,-1954.0,41337.0,16309.0,11280.0,5029.0,58.0,139.0,503216
E08000012,Liverpool,4970.0,2024,4642.0,40231.0,-3362.0,43593.0,15790.0,8838.0,6952.0,328.0,-59.0,508961
E08000013,St. Helens,,2011,,,,,,,,,,175405
E08000013,St. Helens,2143.0,2012,1708.0,5433.0,151.0,5282.0,336.0,54.0,282.0,435.0,169.0,176214
E08000013,St. Helens,2033.0,2013,1863.0,5171.0,-215.0,5386.0,353.0,121.0,232.0,170.0,161.0,176451
E08000013,St. Helens,2024.0,2014,1732.0,7596.0,726.0,6870.0,380.0,111.0,269.0,292.0,205.0,177785
E08000013,St. Helens,1967.0,2015,1969.0,5622.0,328.0,5294.0,344.0,61.0,283.0,-2.0,124.0,178296
E08000013,St. Helens,1991.0,2016,1913.0,5929.0,613.0,5316.0,449.0,139.0,310.0,78.0,103.0,179229
E08000013,St. Helens,2067.0,2017,1955.0,7130.0,619.0,6511.0,385.0,65.0,320.0,112.0,125.0,180150
E08000013,St. Helens,1972.0,2018,2037.0,7236.0,637.0,6599.0,458.0,74.0,384.0,-65.0,141.0,180937
E08000013,St. Helens,1866.0,2019,1956.0,7613.0,462.0,7151.0,520.0,98.0,422.0,-90.0,134.0,181541
E08000013,St. Helens,1772.0,2020,2216.0,7124.0,930.0,6194.0,452.0,-53.0,505.0,-444.0,128.0,182102
E08000013,St. Helens,1824.0,2021,2187.0,8504.0,1436.0,7068.0,474.0,74.0,400.0,-363.0,145.0,183394
E08000013,St. Helens,1851.0,2022,2186.0,7786.0,917.0,6869.0,1318.0,1012.0,306.0,-335.0,13.0,185001
E08000013,St. Helens,1815.0,2023,2242.0,7979.0,1003.0,6976.0,1657.0,1328.0,329.0,-427.0,24.0,186929
E08000013,St. Helens,1767.0,2024,2110.0,8229.0,932.0,7297.0,1747.0,1347.0,400.0,-343.0,-4.0,188861
E08000014,Sefton,,2011,,,,,,,,,,273969
E08000014,Sefton,2738.0,2012,3114.0,8991.0,-89.0,9080.0,841.0,58.0,783.0,-376.0,417.0,273979
E08000014,Sefton,2840.0,2013,3320.0,8386.0,-260.0,8646.0,911.0,175.0,736.0,-480.0,400.0,273814
E08000014,Sefton,2868.0,2014,3072.0,11094.0,928.0,10166.0,935.0,113.0,822.0,-204.0,492.0,275143
E08000014,Sefton,2748.0,2015,3379.0,9323.0,538.0,8785.0,926.0,76.0,850.0,-631.0,420.0,275546
E08000014,Sefton,2818.0,2016,3195.0,9568.0,681.0,8887.0,1224.0,379.0,845.0,-377.0,478.0,276707
E08000014,Sefton,2703.0,2017,3211.0,10972.0,372.0,10600.0,1106.0,159.0,947.0,-508.0,232.0,276962
E08000014,Sefton,2675.0,2018,3376.0,11193.0,925.0,10268.0,1182.0,115.0,1067.0,-701.0,589.0,277890
E08000014,Sefton,2638.0,2019,3178.0,11641.0,981.0,10660.0,1079.0,-6.0,1085.0,-540.0,583.0,278908
E08000014,Sefton,2480.0,2020,3863.0,10203.0,706.0,9497.0,1037.0,-181.0,1218.0,-1383.0,571.0,278621
E08000014,Sefton,2420.0,2021,3674.0,12761.0,1622.0,11139.0,988.0,16.0,972.0,-1254.0,688.0,279693
E08000014,Sefton,2546.0,2022,3655.0,12723.0,1527.0,11196.0,1944.0,1108.0,836.0,-1109.0,28.0,281247
E08000014,Sefton,2348.0,2023,3695.0,12898.0,2464.0,10434.0,2134.0,1336.0,798.0,-1347.0,20.0,283720
E08000014,Sefton,2398.0,2024,3482.0,13047.0,2370.0,10677.0,2116.0,1236.0,880.0,-1084.0,39.0,286281
E08000015,Wirral,,2011,,,,,,,,,,319837
E08000015,Wirral,3887.0,2012,3494.0,8616.0,59.0,8557.0,751.0,-36.0,787.0,393.0,-282.0,319971
E08000015,Wirral,3586.0,2013,3633.0,8525.0,251.0,8274.0,793.0,56.0,737.0,-47.0,-266.0,319965
E08000015,Wirral,3611.0,2014,3460.0,9466.0,974.0,8492.0,866.0,88.0,778.0,151.0,-261.0,320917
E08000015,Wirral,3498.0,2015,3676.0,8868.0,256.0,8612.0,841.0,20.0,821.0,-178.0,-301.0,320714
E08000015,Wirral,3565.0,2016,3718.0,9383.0,570.0,8813.0,923.0,76.0,847.0,-153.0,-293.0,320914
E08000015,Wirral,3418.0,2017,3665.0,10010.0,719.0,9291.0,844.0,-18.0,862.0,-247.0,-348.0,321020
E08000015,Wirral,3297.0,2018,3756.0,9833.0,436.0,9397.0,958.0,-38.0,996.0,-459.0,-316.0,320643
E08000015,Wirral,3209.0,2019,3660.0,10013.0,883.0,9130.0,979.0,-44.0,1023.0,-451.0,-299.0,320732
E08000015,Wirral,3052.0,2020,4282.0,9510.0,1083.0,8427.0,880.0,-184.0,1064.0,-1230.0,-152.0,320249
E08000015,Wirral,2926.0,2021,4011.0,11341.0,1520.0,9821.0,1005.0,119.0,886.0,-1085.0,-172.0,320631
E08000015,Wirral,2994.0,2022,3877.0,10611.0,1270.0,9341.0,2343.0,1670.0,673.0,-883.0,-14.0,322674
E08000015,Wirral,2894.0,2023,4045.0,11023.0,1934.0,9089.0,2784.0,2105.0,679.0,-1151.0,21.0,325583
E08000015,Wirral,2755.0,2024,3925.0,11397.0,2446.0,8951.0,2766.0,2008.0,758.0,-1170.0,6.0,328873
E08000016,Barnsley,,2011,,,,,,,,,,231865
E08000016,Barnsley,2970.0,2012,2241.0,7537.0,765.0,6772.0,495.0,161.0,334.0,729.0,-261.0,233259
E08000016,Barnsley,2914.0,2013,2372.0,7766.0,945.0,6821.0,671.0,346.0,325.0,542.0,-217.0,234875
E08000016,Barnsley,2756.0,2014,2228.0,8098.0,693.0,7405.0,937.0,560.0,377.0,528.0,-235.0,236421
E08000016,Barnsley,2826.0,2015,2459.0,7404.0,454.0,6950.0,1692.0,1230.0,462.0,367.0,-230.0,238242
E08000016,Barnsley,2763.0,2016,2411.0,7747.0,737.0,7010.0,1524.0,962.0,562.0,352.0,-232.0,240061
E08000016,Barnsley,2839.0,2017,2485.0,9432.0,400.0,9032.0,1365.0,750.0,615.0,354.0,-278.0,241287
E08000016,Barnsley,2711.0,2018,2605.0,9478.0,1017.0,8461.0,1045.0,245.0,800.0,106.0,-295.0,242360
E08000016,Barnsley,2603.0,2019,2551.0,10036.0,1387.0,8649.0,950.0,32.0,918.0,52.0,-273.0,243558
E08000016,Barnsley,2655.0,2020,2826.0,8714.0,1050.0,7664.0,765.0,-33.0,798.0,-171.0,-203.0,244201
E08000016,Barnsley,2436.0,2021,2969.0,10026.0,1383.0,8643.0,825.0,36.0,789.0,-533.0,-200.0,244887
E08000016,Barnsley,2546.0,2022,2890.0,9530.0,1332.0,8198.0,1607.0,883.0,724.0,-344.0,-21.0,246737
E08000016,Barnsley,2488.0,2023,2895.0,9412.0,1682.0,7730.0,1669.0,1102.0,567.0,-407.0,30.0,249144
E08000016,Barnsley,2449.0,2024,2739.0,9769.0,1827.0,7942.0,1743.0,1094.0,649.0,-290.0,-5.0,251770
E08000017,Doncaster,,2011,,,,,,,,,,302468
E08000017,Doncaster,3793.0,2012,3007.0,8628.0,-1108.0,9736.0,1254.0,507.0,747.0,786.0,-27.0,302626
E08000017,Doncaster,3691.0,2013,3115.0,8425.0,-752.0,9177.0,1462.0,741.0,721.0,576.0,-200.0,302991
E08000017,Doncaster,3642.0,2014,2937.0,9071.0,-718.0,9789.0,1798.0,927.0,871.0,705.0,-232.0,303673
E08000017,Doncaster,3570.0,2015,3174.0,8559.0,-985.0,9544.0,2314.0,1421.0,893.0,396.0,-194.0,304311
E08000017,Doncaster,3538.0,2016,3149.0,8956.0,-89.0,9045.0,2688.0,1728.0,960.0,389.0,-202.0,306137
E08000017,Doncaster,3470.0,2017,3127.0,11082.0,-298.0,11380.0,2172.0,1039.0,1133.0,343.0,-163.0,307058
E08000017,Doncaster,3450.0,2018,3279.0,11431.0,641.0,10790.0,2084.0,718.0,1366.0,171.0,-351.0,308237
E08000017,Doncaster,3392.0,2019,3130.0,11871.0,-88.0,11959.0,2108.0,442.0,1666.0,262.0,-415.0,308438
E08000017,Doncaster,3429.0,2020,3547.0,10443.0,300.0,10143.0,1690.0,27.0,1663.0,-118.0,-462.0,308185
E08000017,Doncaster,3251.0,2021,3564.0,12110.0,845.0,11265.0,1570.0,115.0,1455.0,-313.0,-135.0,308697
E08000017,Doncaster,3348.0,2022,3573.0,13111.0,1462.0,11649.0,2859.0,1438.0,1421.0,-225.0,23.0,311395
E08000017,Doncaster,3308.0,2023,3606.0,13481.0,2249.0,11232.0,3420.0,2089.0,1331.0,-298.0,-7.0,315428
E08000017,Doncaster,3192.0,2024,3428.0,13906.0,2544.0,11362.0,3573.0,1994.0,1579.0,-236.0,35.0,319765
E08000018,Rotherham,,2011,,,,,,,,,,257716
E08000018,Rotherham,3156.0,2012,2577.0,8137.0,72.0,8065.0,653.0,179.0,474.0,579.0,164.0,258710
E08000018,Rotherham,3144.0,2013,2661.0,7402.0,-288.0,7690.0,692.0,238.0,454.0,483.0,248.0,259391
E08000018,Rotherham,3163.0,2014,2450.0,9014.0,916.0,8098.0,660.0,186.0,474.0,713.0,185.0,261391
E08000018,Rotherham,2977.0,2015,2848.0,8024.0,215.0,7809.0,662.0,164.0,498.0,129.0,164.0,262063
E08000018,Rotherham,3167.0,2016,2621.0,8259.0,218.0,8041.0,808.0,259.0,549.0,546.0,187.0,263273
E08000018,Rotherham,3068.0,2017,2795.0,10880.0,281.0,10599.0,711.0,141.0,570.0,273.0,199.0,264167
E08000018,Rotherham,3009.0,2018,2709.0,10615.0,299.0,10316.0,806.0,123.0,683.0,300.0,265.0,265154
E08000018,Rotherham,2887.0,2019,2781.0,10802.0,335.0,10467.0,787.0,113.0,674.0,106.0,283.0,265991
E08000018,Rotherham,2764.0,2020,3280.0,9121.0,-113.0,9234.0,784.0,-69.0,853.0,-516.0,300.0,265593
E08000018,Rotherham,2746.0,2021,2999.0,11138.0,527.0,10611.0,825.0,-32.0,857.0,-253.0,338.0,266173
E08000018,Rotherham,2827.0,2022,3037.0,10658.0,430.0,10228.0,2867.0,2323.0,544.0,-210.0,-9.0,268707
E08000018,Rotherham,2763.0,2023,2994.0,11533.0,1861.0,9672.0,2812.0,2308.0,504.0,-231.0,3.0,272648
E08000018,Rotherham,2756.0,2024,2940.0,12095.0,2048.0,10047.0,2677.0,2068.0,609.0,-184.0,15.0,276595
E08000019,Sheffield,,2011,,,,,,,,,,551756
E08000019,Sheffield,6950.0,2012,4810.0,26449.0,-1225.0,27674.0,8698.0,3223.0,5475.0,2140.0,-2052.0,553842
E08000019,Sheffield,6737.0,2013,4904.0,25453.0,-2692.0,28145.0,9478.0,4195.0,5283.0,1833.0,-1925.0,555253
E08000019,Sheffield,6503.0,2014,4635.0,28098.0,-2792.0,30890.0,9172.0,2608.0,6564.0,1868.0,-2132.0,554805
E08000019,Sheffield,6580.0,2015,5028.0,29416.0,-1868.0,31284.0,8954.0,2860.0,6094.0,1552.0,-2275.0,555074
E08000019,Sheffield,6560.0,2016,4899.0,29324.0,-979.0,30303.0,8944.0,3160.0,5784.0,1661.0,-2317.0,556599
E08000019,Sheffield,6511.0,2017,5143.0,34526.0,-1057.0,35583.0,7530.0,1501.0,6029.0,1368.0,-2736.0,555675
E08000019,Sheffield,6282.0,2018,5145.0,35966.0,138.0,35828.0,8709.0,3066.0,5643.0,1137.0,-3245.0,556771
E08000019,Sheffield,6044.0,2019,4946.0,34755.0,-2456.0,37211.0,11056.0,4797.0,6259.0,1098.0,-3811.0,556399
E08000019,Sheffield,5877.0,2020,5674.0,31676.0,-1484.0,33160.0,11386.0,3801.0,7585.0,203.0,-3883.0,555036
E08000019,Sheffield,5551.0,2021,5202.0,33566.0,-3349.0,36915.0,11240.0,6961.0,4279.0,349.0,-3962.0,555035
E08000019,Sheffield,5798.0,2022,5278.0,32479.0,-3445.0,35924.0,18901.0,13912.0,4989.0,520.0,-35.0,565987
E08000019,Sheffield,5692.0,2023,5776.0,32437.0,-3960.0,36397.0,19737.0,13648.0,6089.0,-84.0,-5.0,575586
E08000019,Sheffield,5670.0,2024,5234.0,32842.0,-4712.0,37554.0,18723.0,11185.0,7538.0,436.0,-2.0,582493
E08000021,Newcastle upon Tyne,,2011,,,,,,,,,,279092
E08000021,Newcastle upon Tyne,3380.0,2012,2408.0,21382.0,-236.0,21618.0,6318.0,1030.0,5288.0,972.0,11.0,280869
E08000021,Newcastle upon Tyne,3427.0,2013,2419.0,22715.0,716.0,21999.0,6944.0,1872.0,5072.0,1008.0,-94.0,284371
E08000021,Newcastle upon Tyne,3383.0,2014,2335.0,23708.0,-141.0,23849.0,7055.0,1747.0,5308.0,1048.0,-149.0,286876
E08000021,Newcastle upon Tyne,3287.0,2015,2682.0,23125.0,-1308.0,24433.0,7031.0,1965.0,5066.0,605.0,-183.0,287955
E08000021,Newcastle upon Tyne,3422.0,2016,2544.0,22381.0,-750.0,23131.0,7120.0,2522.0,4598.0,878.0,-289.0,290316
E08000021,Newcastle upon Tyne,3256.0,2017,2478.0,26720.0,158.0,26562.0,5909.0,1083.0,4826.0,778.0,-576.0,291759
E08000021,Newcastle upon Tyne,3218.0,2018,2597.0,27697.0,1458.0,26239.0,6634.0,2093.0,4541.0,621.0,-976.0,294955
E08000021,Newcastle upon Tyne,3244.0,2019,2437.0,27083.0,-571.0,27654.0,8315.0,3345.0,4970.0,807.0,-1449.0,297087
E08000021,Newcastle upon Tyne,3036.0,2020,2872.0,25325.0,-277.0,25602.0,8514.0,3230.0,5284.0,164.0,-1778.0,298426
E08000021,Newcastle upon Tyne,2972.0,2021,2525.0,26922.0,-1672.0,28594.0,5756.0,3048.0,2708.0,447.0,-1704.0,298545
E08000021,Newcastle upon Tyne,3056.0,2022,2598.0,27613.0,60.0,27553.0,9658.0,5845.0,3813.0,458.0,-22.0,304886
E08000021,Newcastle upon Tyne,3018.0,2023,2717.0,27414.0,-577.0,27991.0,11957.0,8900.0,3057.0,301.0,12.0,313522
E08000021,Newcastle upon Tyne,3010.0,2024,2693.0,27502.0,-1502.0,29004.0,11920.0,8278.0,3642.0,317.0,-10.0,320605
E08000022,North Tyneside,,2011,,,,,,,,,,201206
E08000022,North Tyneside,2309.0,2012,1970.0,8044.0,143.0,7901.0,443.0,-105.0,548.0,339.0,-17.0,201566
E08000022,North Tyneside,2319.0,2013,2160.0,8265.0,561.0,7704.0,457.0,-49.0,506.0,159.0,31.0,202268
E08000022,North Tyneside,2341.0,2014,2005.0,8664.0,540.0,8124.0,552.0,44.0,508.0,336.0,23.0,203211
E08000022,North Tyneside,2201.0,2015,2324.0,8209.0,-103.0,8312.0,553.0,-1.0,554.0,-123.0,-31.0,202953
E08000022,North Tyneside,2261.0,2016,2162.0,8262.0,619.0,7643.0,603.0,52.0,551.0,99.0,20.0,203743
E08000022,North Tyneside,2224.0,2017,2196.0,9379.0,780.0,8599.0,524.0,-77.0,601.0,28.0,18.0,204492
E08000022,North Tyneside,2212.0,2018,2300.0,9676.0,1274.0,8402.0,635.0,22.0,613.0,-88.0,66.0,205766
E08000022,North Tyneside,2240.0,2019,2197.0,9775.0,1455.0,8320.0,534.0,-68.0,602.0,43.0,98.0,207294
E08000022,North Tyneside,2024.0,2020,2395.0,8462.0,1155.0,7307.0,500.0,-156.0,656.0,-371.0,93.0,208015
E08000022,North Tyneside,1933.0,2021,2381.0,10202.0,1523.0,8679.0,522.0,-50.0,572.0,-448.0,88.0,209128
E08000022,North Tyneside,2024.0,2022,2383.0,8909.0,744.0,8165.0,1695.0,1239.0,456.0,-359.0,20.0,210772
E08000022,North Tyneside,1872.0,2023,2419.0,9164.0,1219.0,7945.0,1670.0,1240.0,430.0,-547.0,21.0,212705
E08000022,North Tyneside,1804.0,2024,2320.0,9715.0,1747.0,7968.0,1573.0,1096.0,477.0,-516.0,-7.0,215025
E08000023,South Tyneside,,2011,,,,,,,,,,148164
E08000023,South Tyneside,1700.0,2012,1626.0,3672.0,-328.0,4000.0,232.0,-16.0,248.0,74.0,-133.0,147761
E08000023,South Tyneside,1629.0,2013,1732.0,3650.0,-25.0,3675.0,239.0,7.0,232.0,-103.0,-123.0,147517
E08000023,South Tyneside,1630.0,2014,1608.0,4017.0,165.0,3852.0,249.0,3.0,246.0,22.0,-101.0,147606
E08000023,South Tyneside,1571.0,2015,1731.0,3908.0,-60.0,3968.0,263.0,-4.0,267.0,-160.0,-152.0,147230
E08000023,South Tyneside,1741.0,2016,1675.0,4220.0,541.0,3679.0,268.0,11.0,257.0,66.0,-184.0,147664
E08000023,South Tyneside,1543.0,2017,1720.0,4594.0,489.0,4105.0,299.0,4.0,295.0,-177.0,-184.0,147796
E08000023,South Tyneside,1590.0,2018,1860.0,4876.0,777.0,4099.0,254.0,-40.0,294.0,-270.0,-187.0,148076
E08000023,South Tyneside,1497.0,2019,1693.0,4957.0,681.0,4276.0,310.0,62.0,248.0,-196.0,-255.0,148368
E08000023,South Tyneside,1439.0,2020,1896.0,4135.0,259.0,3876.0,331.0,-78.0,409.0,-457.0,-173.0,147919
E08000023,South Tyneside,1499.0,2021,1816.0,4878.0,430.0,4448.0,441.0,61.0,380.0,-317.0,-174.0,147919
E08000023,South Tyneside,1399.0,2022,1763.0,4461.0,26.0,4435.0,1578.0,1402.0,176.0,-364.0,4.0,148987
E08000023,South Tyneside,1416.0,2023,1995.0,4693.0,240.0,4453.0,1672.0,1467.0,205.0,-579.0,9.0,150124
E08000023,South Tyneside,1320.0,2024,1797.0,4719.0,304.0,4415.0,1684.0,1432.0,252.0,-477.0,10.0,151393
E08000024,Sunderland,,2011,,,,,,,,,,275330
E08000024,Sunderland,3278.0,2012,2800.0,7330.0,-1148.0,8478.0,1631.0,373.0,1258.0,478.0,284.0,275317
E08000024,Sunderland,2982.0,2013,2926.0,7240.0,-1115.0,8355.0,1880.0,688.0,1192.0,56.0,301.0,275247
E08000024,Sunderland,2975.0,2014,2860.0,7569.0,-445.0,8014.0,2008.0,557.0,1451.0,115.0,277.0,275751
E08000024,Sunderland,2908.0,2015,3126.0,7544.0,-862.0,8406.0,1880.0,573.0,1307.0,-218.0,164.0,275408
E08000024,Sunderland,2901.0,2016,2937.0,7762.0,-543.0,8305.0,1658.0,450.0,1208.0,-36.0,211.0,275490
E08000024,Sunderland,2943.0,2017,3035.0,7945.0,-1018.0,8963.0,1409.0,250.0,1159.0,-92.0,186.0,274816
E08000024,Sunderland,2822.0,2018,3016.0,7947.0,-872.0,8819.0,1475.0,469.0,1006.0,-194.0,120.0,274339
E08000024,Sunderland,2701.0,2019,2989.0,8349.0,-553.0,8902.0,1789.0,673.0,1116.0,-288.0,106.0,274277
E08000024,Sunderland,2587.0,2020,3452.0,7432.0,-477.0,7909.0,2275.0,514.0,1761.0,-865.0,134.0,273583
E08000024,Sunderland,2620.0,2021,3326.0,9234.0,92.0,9142.0,2163.0,1292.0,871.0,-706.0,117.0,274378
E08000024,Sunderland,2703.0,2022,3420.0,8683.0,-203.0,8886.0,5334.0,4544.0,790.0,-717.0,11.0,278013
E08000024,Sunderland,2581.0,2023,3350.0,9396.0,-88.0,9484.0,7256.0,6447.0,809.0,-769.0,3.0,283606
E08000024,Sunderland,2697.0,2024,3213.0,9708.0,-366.0,10074.0,7069.0,5878.0,1191.0,-516.0,4.0,288606
E08000025,Birmingham,,2011,,,,,,,,,,1074283
E08000025,Birmingham,17636.0,2012,8211.0,47022.0,-6267.0,53289.0,14555.0,3678.0,10877.0,9425.0,3542.0,1084661
E08000025,Birmingham,17533.0,2013,8577.0,46425.0,-7587.0,54012.0,15180.0,5097.0,10083.0,8956.0,3404.0,1094531
E08000025,Birmingham,17231.0,2014,7954.0,51280.0,-9411.0,60691.0,16649.0,5761.0,10888.0,9277.0,3566.0,1103724
E08000025,Birmingham,16829.0,2015,8733.0,50023.0,-7405.0,57428.0,18342.0,7722.0,10620.0,8096.0,2795.0,1114932
E08000025,Birmingham,17163.0,2016,8468.0,50728.0,-5572.0,56300.0,21362.0,10716.0,10646.0,8695.0,2500.0,1131271
E08000025,Birmingham,17017.0,2017,8522.0,59271.0,-9064.0,68335.0,18339.0,6658.0,11681.0,8495.0,2533.0,1139893
E08000025,Birmingham,16186.0,2018,8647.0,57640.0,-10973.0,68613.0,19278.0,7511.0,11767.0,7539.0,2080.0,1146050
E08000025,Birmingham,15706.0,2019,8215.0,57618.0,-13730.0,71348.0,22533.0,9007.0,13526.0,7491.0,1828.0,1150646
E08000025,Birmingham,15230.0,2020,9905.0,52839.0,-13370.0,66209.0,21918.0,5100.0,16818.0,5325.0,991.0,1148692
E08000025,Birmingham,14582.0,2021,9749.0,58409.0,-19153.0,77562.0,18510.0,7602.0,10908.0,4833.0,1311.0,1143285
E08000025,Birmingham,14674.0,2022,9464.0,59864.0,-16244.0,76108.0,31104.0,21309.0,9795.0,5210.0,33.0,1153593
E08000025,Birmingham,14413.0,2023,9580.0,60899.0,-15563.0,76462.0,39172.0,27426.0,11746.0,4833.0,-51.0,1170238
E08000025,Birmingham,14598.0,2024,9015.0,63236.0,-16373.0,79609.0,38707.0,24235.0,14472.0,5583.0,-65.0,1183618
E08000026,Coventry,,2011,,,,,,,,,,316915
E08000026,Coventry,4728.0,2012,2661.0,17471.0,-2426.0,19897.0,8233.0,3164.0,5069.0,2067.0,-1579.0,318141
E08000026,Coventry,4599.0,2013,2730.0,19146.0,-714.0,19860.0,9268.0,4513.0,4755.0,1869.0,-1663.0,322146
E08000026,Coventry,4513.0,2014,2588.0,21147.0,-1082.0,22229.0,9742.0,4016.0,5726.0,1925.0,-1939.0,325066
E08000026,Coventry,4565.0,2015,2833.0,22809.0,-421.0,23230.0,12827.0,7080.0,5747.0,1732.0,-2345.0,331112
E08000026,Coventry,4555.0,2016,2774.0,22318.0,-533.0,22851.0,13192.0,7173.0,6019.0,1781.0,-2469.0,337064
E08000026,Coventry,4453.0,2017,2801.0,23624.0,-1131.0,24755.0,11898.0,4930.0,6968.0,1652.0,-2481.0,340034
E08000026,Coventry,4365.0,2018,2921.0,24441.0,-1653.0,26094.0,12914.0,5845.0,7069.0,1444.0,-2859.0,342811
E08000026,Coventry,4266.0,2019,2810.0,23988.0,-4379.0,28367.0,15358.0,6916.0,8442.0,1456.0,-3089.0,343715
E08000026,Coventry,4122.0,2020,3099.0,23120.0,-2563.0,25683.0,14927.0,5458.0,9469.0,1023.0,-2931.0,344702
E08000026,Coventry,3964.0,2021,3009.0,25506.0,-6456.0,31962.0,13551.0,8773.0,4778.0,955.0,-3823.0,344151
E08000026,Coventry,4030.0,2022,2983.0,24696.0,-7012.0,31708.0,19214.0,13227.0,5987.0,1047.0,21.0,351434
E08000026,Coventry,4011.0,2023,3111.0,23770.0,-8806.0,32576.0,22269.0,15718.0,6551.0,900.0,-3.0,359243
E08000026,Coventry,4169.0,2024,2921.0,25417.0,-6865.0,32282.0,23415.0,15446.0,7969.0,1248.0,-46.0,369026
E08000027,Dudley,,2011,,,,,,,,,,313261
E08000027,Dudley,3853.0,2012,2894.0,9518.0,-778.0,10296.0,596.0,87.0,509.0,959.0,102.0,313631
E08000027,Dudley,3875.0,2013,3137.0,9373.0,-164.0,9537.0,580.0,110.0,470.0,738.0,145.0,314460
E08000027,Dudley,3877.0,2014,2888.0,10190.0,-169.0,10359.0,700.0,209.0,491.0,989.0,211.0,315700
E08000027,Dudley,3683.0,2015,3299.0,9558.0,-193.0,9751.0,864.0,331.0,533.0,384.0,171.0,316393
E08000027,Dudley,3725.0,2016,3064.0,9759.0,-1.0,9760.0,1029.0,468.0,561.0,661.0,148.0,317669
E08000027,Dudley,3779.0,2017,3132.0,13466.0,699.0,12767.0,927.0,335.0,592.0,647.0,189.0,319539
E08000027,Dudley,3681.0,2018,3353.0,13035.0,574.0,12461.0,991.0,313.0,678.0,328.0,235.0,320989
E08000027,Dudley,3510.0,2019,3236.0,12955.0,268.0,12687.0,1149.0,404.0,745.0,274.0,155.0,322090
E08000027,Dudley,3444.0,2020,3578.0,11022.0,306.0,10716.0,1129.0,30.0,1099.0,-134.0,221.0,322513
E08000027,Dudley,3413.0,2021,3595.0,13650.0,921.0,12729.0,1056.0,102.0,954.0,-182.0,237.0,323591
E08000027,Dudley,3432.0,2022,3502.0,12940.0,-14.0,12954.0,2658.0,1975.0,683.0,-70.0,-18.0,325464
E08000027,Dudley,3381.0,2023,3611.0,13016.0,400.0,12616.0,3489.0,2707.0,782.0,-230.0,12.0,328353
E08000027,Dudley,3418.0,2024,3385.0,13889.0,1012.0,12877.0,3452.0,2529.0,923.0,33.0,3.0,331930
E08000028,Sandwell,,2011,,,,,,,,,,309042
E08000028,Sandwell,5104.0,2012,2826.0,13920.0,-1338.0,15258.0,2368.0,892.0,1476.0,2278.0,1836.0,312710
E08000028,Sandwell,5086.0,2013,2992.0,14017.0,-118.0,14135.0,2306.0,1059.0,1247.0,2094.0,1754.0,317499
E08000028,Sandwell,4676.0,2014,2734.0,14840.0,-941.0,15781.0,2586.0,1266.0,1320.0,1942.0,1844.0,321610
E08000028,Sandwell,4720.0,2015,2952.0,14099.0,-729.0,14828.0,2883.0,1590.0,1293.0,1768.0,1672.0,325911
E08000028,Sandwell,4839.0,2016,2937.0,13924.0,-1303.0,15227.0,3400.0,1882.0,1518.0,1902.0,1659.0,330051
E08000028,Sandwell,4705.0,2017,2950.0,18544.0,-1323.0,19867.0,2860.0,1283.0,1577.0,1755.0,2060.0,333826
E08000028,Sandwell,4592.0,2018,3086.0,17749.0,-2014.0,19763.0,3287.0,1651.0,1636.0,1506.0,2008.0,336977
E08000028,Sandwell,4491.0,2019,2974.0,17912.0,-2322.0,20234.0,3782.0,1935.0,1847.0,1517.0,2091.0,340198
E08000028,Sandwell,4305.0,2020,3447.0,15142.0,-2397.0,17539.0,4372.0,820.0,3552.0,858.0,1957.0,341436
E08000028,Sandwell,4211.0,2021,3420.0,17159.0,-3772.0,20931.0,3937.0,1291.0,2646.0,791.0,2149.0,341895
E08000028,Sandwell,4288.0,2022,3123.0,17540.0,-3388.0,20928.0,7862.0,6032.0,1830.0,1165.0,-7.0,345697
E08000028,Sandwell,4390.0,2023,3255.0,17628.0,-3524.0,21152.0,8189.0,6524.0,1665.0,1135.0,2.0,349834
E08000028,Sandwell,4559.0,2024,3108.0,19655.0,-3450.0,23105.0,8156.0,6026.0,2130.0,1451.0,-1.0,353860
E08000029,Solihull,,2011,,,,,,,,,,206856
E08000029,Solihull,2386.0,2012,1865.0,10255.0,359.0,9896.0,656.0,-34.0,690.0,521.0,27.0,207729
E08000029,Solihull,2219.0,2013,2043.0,11004.0,1174.0,9830.0,648.0,-14.0,662.0,176.0,50.0,209115
E08000029,Solihull,2268.0,2014,1875.0,13881.0,1554.0,12327.0,743.0,59.0,684.0,393.0,84.0,211205
E08000029,Solihull,2254.0,2015,1962.0,10347.0,13.0,10334.0,840.0,118.0,722.0,292.0,69.0,211697
E08000029,Solihull,2295.0,2016,1973.0,10754.0,721.0,10033.0,908.0,198.0,710.0,322.0,123.0,213061
E08000029,Solihull,2269.0,2017,2088.0,12967.0,943.0,12024.0,781.0,-25.0,806.0,181.0,170.0,214330
E08000029,Solihull,2269.0,2018,2105.0,12530.0,278.0,12252.0,811.0,-71.0,882.0,164.0,200.0,214901
E08000029,Solihull,2199.0,2019,1960.0,13019.0,1097.0,11922.0,798.0,-151.0,949.0,239.0,237.0,216323
E08000029,Solihull,2164.0,2020,2436.0,10835.0,284.0,10551.0,715.0,-164.0,879.0,-272.0,261.0,216432
E08000029,Solihull,1996.0,2021,2242.0,13510.0,229.0,13281.0,841.0,-42.0,883.0,-246.0,304.0,216677
E08000029,Solihull,2072.0,2022,2296.0,12553.0,-202.0,12755.0,2275.0,1710.0,565.0,-224.0,-4.0,217957
E08000029,Solihull,1937.0,2023,2372.0,12234.0,-22.0,12256.0,2753.0,2184.0,569.0,-435.0,26.0,219710
E08000029,Solihull,1909.0,2024,2225.0,12209.0,217.0,11992.0,2221.0,1628.0,593.0,-316.0,3.0,221242
E08000030,Walsall,,2011,,,,,,,,,,269524
E08000030,Walsall,3797.0,2012,2467.0,10124.0,-631.0,10755.0,978.0,309.0,669.0,1330.0,-15.0,270517
E08000030,Walsall,3712.0,2013,2506.0,9521.0,-405.0,9926.0,988.0,396.0,592.0,1206.0,-10.0,271704
E08000030,Walsall,3744.0,2014,2422.0,10622.0,287.0,10335.0,1143.0,459.0,684.0,1322.0,-8.0,273764
E08000030,Walsall,3718.0,2015,2780.0,10260.0,177.0,10083.0,1338.0,647.0,691.0,938.0,-36.0,275490
E08000030,Walsall,3789.0,2016,2726.0,10989.0,855.0,10134.0,1862.0,1093.0,769.0,1063.0,-72.0,278429
E08000030,Walsall,3822.0,2017,2693.0,15308.0,1013.0,14295.0,1623.0,766.0,857.0,1129.0,-108.0,281229
E08000030,Walsall,3825.0,2018,2914.0,14540.0,422.0,14118.0,1543.0,492.0,1051.0,911.0,-133.0,282921
E08000030,Walsall,3662.0,2019,2612.0,14254.0,119.0,14135.0,1745.0,653.0,1092.0,1050.0,-143.0,284600
E08000030,Walsall,3664.0,2020,3083.0,11907.0,-709.0,12616.0,2054.0,224.0,1830.0,581.0,-118.0,284578
E08000030,Walsall,3355.0,2021,3042.0,14083.0,-972.0,15055.0,2083.0,616.0,1467.0,313.0,-143.0,284392
E08000030,Walsall,3489.0,2022,2940.0,13768.0,-1348.0,15116.0,4295.0,3221.0,1074.0,549.0,-10.0,286804
E08000030,Walsall,3432.0,2023,2897.0,14825.0,-601.0,15426.0,5438.0,4487.0,951.0,535.0,12.0,291237
E08000030,Walsall,3425.0,2024,2887.0,15977.0,-371.0,16348.0,5497.0,4293.0,1204.0,538.0,-19.0,295678
E08000031,Wolverhampton,,2011,,,,,,,,,,249852
E08000031,Wolverhampton,3589.0,2012,2350.0,10869.0,-1013.0,11882.0,2437.0,842.0,1595.0,1239.0,524.0,251444
E08000031,Wolverhampton,3435.0,2013,2454.0,10158.0,-878.0,11036.0,2585.0,994.0,1591.0,981.0,-183.0,252358
E08000031,Wolverhampton,3491.0,2014,2367.0,11281.0,-301.0,11582.0,2735.0,1084.0,1651.0,1124.0,86.0,254351
E08000031,Wolverhampton,3471.0,2015,2612.0,10890.0,-830.0,11720.0,3298.0,1715.0,1583.0,859.0,32.0,256127
E08000031,Wolverhampton,3461.0,2016,2587.0,11086.0,-1033.0,12119.0,3943.0,2315.0,1628.0,874.0,22.0,258305
E08000031,Wolverhampton,3424.0,2017,2651.0,13554.0,-90.0,13644.0,3430.0,1636.0,1794.0,773.0,24.0,260648
E08000031,Wolverhampton,3428.0,2018,2764.0,13030.0,-326.0,13356.0,3272.0,1466.0,1806.0,664.0,22.0,262474
E08000031,Wolverhampton,3332.0,2019,2581.0,12646.0,-1336.0,13982.0,3672.0,1638.0,2034.0,751.0,-8.0,263519
E08000031,Wolverhampton,3226.0,2020,3058.0,11248.0,-1248.0,12496.0,3980.0,647.0,3333.0,168.0,37.0,263123
E08000031,Wolverhampton,3164.0,2021,2911.0,13592.0,-740.0,14332.0,4240.0,1652.0,2588.0,253.0,-28.0,264260
E08000031,Wolverhampton,3343.0,2022,2806.0,13461.0,-1365.0,14826.0,7250.0,5595.0,1655.0,537.0,9.0,269036
E08000031,Wolverhampton,3340.0,2023,2813.0,13610.0,-1540.0,15150.0,9248.0,7559.0,1689.0,527.0,19.0,275601
E08000031,Wolverhampton,3450.0,2024,2756.0,13935.0,-2282.0,16217.0,9449.0,7260.0,2189.0,694.0,-22.0,281251
E08000032,Bradford,,2011,,,,,,,,,,523115
E08000032,Bradford,8356.0,2012,4384.0,15503.0,-4581.0,20084.0,4813.0,1639.0,3174.0,3972.0,1377.0,525522
E08000032,Bradford,8113.0,2013,4494.0,15387.0,-3948.0,19335.0,4986.0,2106.0,2880.0,3619.0,1413.0,528712
E08000032,Bradford,8048.0,2014,4173.0,16192.0,-3714.0,19906.0,4631.0,1505.0,3126.0,3875.0,1417.0,531795
E08000032,Bradford,8053.0,2015,4632.0,16203.0,-3057.0,19260.0,4510.0,1496.0,3014.0,3421.0,1264.0,534919
E08000032,Bradford,7986.0,2016,4466.0,16256.0,-3136.0,19392.0,4547.0,1579.0,2968.0,3520.0,1296.0,538178
E08000032,Bradford,7802.0,2017,4575.0,19654.0,-3527.0,23181.0,4014.0,1110.0,2904.0,3227.0,1459.0,540447
E08000032,Bradford,7355.0,2018,4664.0,19831.0,-3108.0,22939.0,4117.0,1069.0,3048.0,2691.0,1443.0,542542
E08000032,Bradford,7365.0,2019,4447.0,20469.0,-2558.0,23027.0,4753.0,1569.0,3184.0,2918.0,1495.0,545966
E08000032,Bradford,7003.0,2020,5096.0,17786.0,-2579.0,20365.0,4750.0,349.0,4401.0,1907.0,1498.0,547141
E08000032,Bradford,6692.0,2021,4965.0,19819.0,-3605.0,23424.0,4428.0,-56.0,4484.0,1727.0,1632.0,546839
E08000032,Bradford,6808.0,2022,4940.0,19163.0,-3853.0,23016.0,9138.0,6681.0,2457.0,1868.0,-13.0,551522
E08000032,Bradford,6844.0,2023,5189.0,19291.0,-4472.0,23763.0,13139.0,10388.0,2751.0,1655.0,-22.0,559071
E08000032,Bradford,6950.0,2024,4887.0,19219.0,-5628.0,24847.0,11811.0,8099.0,3712.0,2063.0,0.0,563605
E08000033,Calderdale,,2011,,,,,,,,,,204170
E08000033,Calderdale,2664.0,2012,1881.0,7704.0,166.0,7538.0,687.0,200.0,487.0,783.0,-203.0,205116
E08000033,Calderdale,2677.0,2013,1967.0,7479.0,-53.0,7532.0,727.0,254.0,473.0,710.0,-173.0,205854
E08000033,Calderdale,2476.0,2014,1826.0,7810.0,15.0,7795.0,773.0,271.0,502.0,650.0,-176.0,206614
E08000033,Calderdale,2540.0,2015,1953.0,7728.0,-44.0,7772.0,669.0,75.0,594.0,587.0,-205.0,207027
E08000033,Calderdale,2433.0,2016,1948.0,8099.0,312.0,7787.0,698.0,111.0,587.0,485.0,-191.0,207744
E08000033,Calderdale,2428.0,2017,2012.0,9189.0,-559.0,9748.0,684.0,66.0,618.0,416.0,-208.0,207459
E08000033,Calderdale,2373.0,2018,2080.0,8993.0,-402.0,9395.0,655.0,7.0,648.0,293.0,-142.0,207215
E08000033,Calderdale,2177.0,2019,1871.0,9770.0,265.0,9505.0,725.0,101.0,624.0,306.0,-158.0,207729
E08000033,Calderdale,2200.0,2020,2146.0,7842.0,-674.0,8516.0,558.0,-104.0,662.0,54.0,-29.0,206976
E08000033,Calderdale,2060.0,2021,2134.0,9415.0,-127.0,9542.0,650.0,87.0,563.0,-74.0,-34.0,206828
E08000033,Calderdale,2055.0,2022,2136.0,8833.0,-423.0,9256.0,1988.0,1552.0,436.0,-81.0,20.0,207896
E08000033,Calderdale,1996.0,2023,2137.0,8921.0,-189.0,9110.0,2163.0,1745.0,418.0,-141.0,23.0,209334
E08000033,Calderdale,1958.0,2024,2066.0,9002.0,102.0,8900.0,2096.0,1597.0,499.0,-108.0,4.0,210929
E08000034,Kirklees,,2011,,,,,,,,,,422970
E08000034,Kirklees,5777.0,2012,3730.0,14839.0,-462.0,15301.0,2664.0,800.0,1864.0,2047.0,-433.0,424922
E08000034,Kirklees,5659.0,2013,3656.0,14415.0,-701.0,15116.0,2941.0,1141.0,1800.0,2003.0,-356.0,427009
E08000034,Kirklees,5536.0,2014,3604.0,14961.0,-434.0,15395.0,2909.0,911.0,1998.0,1932.0,-382.0,429036
E08000034,Kirklees,5442.0,2015,3754.0,15538.0,-363.0,15901.0,3180.0,1174.0,2006.0,1688.0,-425.0,431110
E08000034,Kirklees,5392.0,2016,3896.0,15396.0,-922.0,16318.0,3286.0,1295.0,1991.0,1496.0,-391.0,432588
E08000034,Kirklees,5324.0,2017,3854.0,18226.0,-915.0,19141.0,2861.0,684.0,2177.0,1470.0,-434.0,433393
E08000034,Kirklees,5106.0,2018,4041.0,17688.0,-1365.0,19053.0,3087.0,843.0,2244.0,1065.0,-365.0,433571
E08000034,Kirklees,4883.0,2019,3851.0,17566.0,-2272.0,19838.0,3658.0,1306.0,2352.0,1032.0,-378.0,433259
E08000034,Kirklees,4893.0,2020,4223.0,15765.0,-1473.0,17238.0,3733.0,599.0,3134.0,670.0,-177.0,432878
E08000034,Kirklees,4686.0,2021,4323.0,18277.0,-620.0,18897.0,3273.0,1100.0,2173.0,363.0,-263.0,433458
E08000034,Kirklees,4850.0,2022,4312.0,16881.0,-1433.0,18314.0,7581.0,5906.0,1675.0,538.0,17.0,438486
E08000034,Kirklees,4532.0,2023,4286.0,17072.0,-1544.0,18616.0,8136.0,6574.0,1562.0,246.0,-17.0,443745
E08000034,Kirklees,4529.0,2024,4209.0,17216.0,-1569.0,18785.0,7511.0,5354.0,2157.0,320.0,-3.0,447847
E08000035,Leeds,,2011,,,,,,,,,,750683
E08000035,Leeds,10388.0,2012,6472.0,42788.0,-394.0,43182.0,9296.0,1454.0,7842.0,3916.0,2370.0,758029
E08000035,Leeds,10205.0,2013,6681.0,41526.0,-2048.0,43574.0,9883.0,2532.0,7351.0,3524.0,2332.0,764369
E08000035,Leeds,10131.0,2014,6342.0,43720.0,-2595.0,46315.0,10999.0,3130.0,7869.0,3789.0,1741.0,770434
E08000035,Leeds,10261.0,2015,6692.0,45346.0,-1240.0,46586.0,11861.0,3920.0,7941.0,3569.0,1304.0,777987
E08000035,Leeds,10273.0,2016,6622.0,45228.0,-944.0,46172.0,12712.0,5085.0,7627.0,3651.0,960.0,786739
E08000035,Leeds,10150.0,2017,6662.0,50484.0,-651.0,51135.0,11584.0,3194.0,8390.0,3488.0,364.0,793134
E08000035,Leeds,9846.0,2018,7078.0,50759.0,-2001.0,52760.0,12506.0,3952.0,8554.0,2768.0,-157.0,797696
E08000035,Leeds,9606.0,2019,6663.0,53419.0,-513.0,53932.0,14853.0,5328.0,9525.0,2943.0,-814.0,804640
E08000035,Leeds,9148.0,2020,7295.0,48075.0,-898.0,48973.0,14538.0,4528.0,10010.0,1853.0,-1680.0,808443
E08000035,Leeds,8568.0,2021,6986.0,50707.0,-4794.0,55501.0,11653.0,5687.0,5966.0,1582.0,-1439.0,809479
E08000035,Leeds,8666.0,2022,7151.0,50667.0,-2586.0,53253.0,18455.0,11882.0,6573.0,1515.0,4.0,820294
E08000035,Leeds,8471.0,2023,7206.0,48697.0,-4963.0,53660.0,24623.0,16761.0,7862.0,1265.0,159.0,833516
E08000035,Leeds,8468.0,2024,6846.0,50077.0,-4607.0,54684.0,24985.0,14680.0,10305.0,1622.0,-22.0,845189
E08000036,Wakefield,,2011,,,,,,,,,,326433
E08000036,Wakefield,4104.0,2012,3161.0,9977.0,-274.0,10251.0,1549.0,799.0,750.0,943.0,0.0,327901
E08000036,Wakefield,4101.0,2013,3227.0,10012.0,196.0,9816.0,1686.0,888.0,798.0,874.0,29.0,329888
E08000036,Wakefield,4055.0,2014,3039.0,10546.0,-67.0,10613.0,1722.0,813.0,909.0,1016.0,-26.0,331624
E08000036,Wakefield,3947.0,2015,3461.0,11353.0,794.0,10559.0,1958.0,1005.0,953.0,486.0,-1.0,333908
E08000036,Wakefield,4044.0,2016,3249.0,11778.0,1658.0,10120.0,1959.0,1008.0,951.0,795.0,-4.0,337365
E08000036,Wakefield,4064.0,2017,3382.0,15096.0,2394.0,12702.0,1431.0,352.0,1079.0,682.0,-44.0,340749
E08000036,Wakefield,4025.0,2018,3481.0,15446.0,2894.0,12552.0,1549.0,303.0,1246.0,544.0,-53.0,344437
E08000036,Wakefield,3894.0,2019,3475.0,16390.0,3023.0,13367.0,1610.0,237.0,1373.0,419.0,85.0,348201
E08000036,Wakefield,3925.0,2020,3868.0,14298.0,2607.0,11691.0,1191.0,-30.0,1221.0,57.0,143.0,350978
E08000036,Wakefield,3791.0,2021,3742.0,16153.0,2566.0,13587.0,1199.0,121.0,1078.0,49.0,89.0,353803
E08000036,Wakefield,3743.0,2022,3722.0,15361.0,2528.0,12833.0,2581.0,1530.0,1051.0,21.0,44.0,357926
E08000036,Wakefield,3620.0,2023,3929.0,15922.0,3210.0,12712.0,2984.0,2131.0,853.0,-309.0,55.0,363013
E08000036,Wakefield,3652.0,2024,3697.0,15689.0,2535.0,13154.0,3165.0,2171.0,994.0,-45.0,-8.0,367666
E08000037,Gateshead,,2011,,,,,,,,,,200349
E08000037,Gateshead,2333.0,2012,2167.0,7833.0,-232.0,8065.0,841.0,256.0,585.0,166.0,-287.0,200252
E08000037,Gateshead,2261.0,2013,2176.0,7277.0,-573.0,7850.0,1505.0,745.0,760.0,85.0,-210.0,200299
E08000037,Gateshead,2289.0,2014,2040.0,8258.0,581.0,7677.0,755.0,-205.0,960.0,249.0,-196.0,200728
E08000037,Gateshead,2318.0,2015,2210.0,8875.0,592.0,8283.0,839.0,109.0,730.0,108.0,-266.0,201271
E08000037,Gateshead,2241.0,2016,2147.0,8483.0,-36.0,8519.0,963.0,298.0,665.0,94.0,-268.0,201359
E08000037,Gateshead,2165.0,2017,2222.0,9063.0,-539.0,9602.0,949.0,170.0,779.0,-57.0,-273.0,200660
E08000037,Gateshead,2022.0,2018,2327.0,9224.0,-327.0,9551.0,1020.0,177.0,843.0,-305.0,-290.0,199915
E08000037,Gateshead,2002.0,2019,2068.0,8868.0,-1220.0,10088.0,961.0,137.0,824.0,-66.0,-331.0,198435
E08000037,Gateshead,1932.0,2020,2454.0,8263.0,-294.0,8557.0,886.0,100.0,786.0,-522.0,-377.0,197342
E08000037,Gateshead,1941.0,2021,2243.0,9781.0,-550.0,10331.0,945.0,179.0,766.0,-302.0,-490.0,196179
E08000037,Gateshead,1915.0,2022,2342.0,9374.0,128.0,9246.0,3309.0,2706.0,603.0,-427.0,13.0,198599
E08000037,Gateshead,1823.0,2023,2445.0,9508.0,-238.0,9746.0,3401.0,2836.0,565.0,-622.0,22.0,200597
E08000037,Gateshead,1788.0,2024,2344.0,10058.0,431.0,9627.0,3022.0,2291.0,731.0,-556.0,-3.0,202760
E09000001,City of London,,2011,,,,,,,,,,7412
E09000001,City of London,56.0,2012,35.0,954.0,-96.0,1050.0,1084.0,553.0,531.0,21.0,-376.0,7514
E09000001,City of London,71.0,2013,27.0,768.0,-157.0,925.0,917.0,466.0,451.0,44.0,-330.0,7537
E09000001,City of London,68.0,2014,34.0,1074.0,127.0,947.0,849.0,251.0,598.0,34.0,-382.0,7567
E09000001,City of London,63.0,2015,32.0,991.0,40.0,951.0,921.0,403.0,518.0,31.0,-373.0,7668
E09000001,City of London,58.0,2016,42.0,918.0,-73.0,991.0,1056.0,510.0,546.0,16.0,-384.0,7737
E09000001,City of London,68.0,2017,38.0,981.0,32.0,949.0,1048.0,463.0,585.0,30.0,-385.0,7877
E09000001,City of London,66.0,2018,36.0,995.0,-108.0,1103.0,1785.0,914.0,871.0,30.0,-548.0,8165
E09000001,City of London,64.0,2019,38.0,1231.0,154.0,1077.0,2027.0,1059.0,968.0,26.0,-639.0,8765
E09000001,City of London,60.0,2020,51.0,1006.0,-32.0,1038.0,1344.0,172.0,1172.0,9.0,-583.0,8331
E09000001,City of London,51.0,2021,47.0,1822.0,270.0,1552.0,1851.0,868.0,983.0,4.0,-784.0,8689
E09000001,City of London,72.0,2022,37.0,1547.0,126.0,1421.0,3459.0,2764.0,695.0,35.0,1.0,11615
E09000001,City of London,52.0,2023,32.0,1678.0,-348.0,2026.0,3161.0,2320.0,841.0,20.0,-1.0,13606
E09000001,City of London,57.0,2024,40.0,1748.0,-142.0,1890.0,2765.0,1630.0,1135.0,17.0,0.0,15111
E09000002,Barking and Dagenham,,2011,,,,,,,,,,187029
E09000002,Barking and Dagenham,3797.0,2012,1287.0,12843.0,-496.0,13339.0,3549.0,1112.0,2437.0,2510.0,1298.0,191453
E09000002,Barking and Dagenham,3866.0,2013,1249.0,13073.0,-517.0,13590.0,3444.0,1415.0,2029.0,2617.0,1236.0,196204
E09000002,Barking and Dagenham,3699.0,2014,1207.0,14773.0,-1367.0,16140.0,4726.0,2527.0,2199.0,2492.0,1388.0,201244
E09000002,Barking and Dagenham,3697.0,2015,1340.0,14135.0,-1274.0,15409.0,5339.0,2866.0,2473.0,2357.0,1257.0,206450
E09000002,Barking and Dagenham,3993.0,2016,1243.0,13914.0,-1569.0,15483.0,6098.0,2184.0,3914.0,2750.0,1232.0,211047
E09000002,Barking and Dagenham,3894.0,2017,1237.0,15831.0,-3274.0,19105.0,5044.0,2292.0,2752.0,2657.0,1295.0,214017
E09000002,Barking and Dagenham,3820.0,2018,1273.0,15624.0,-4433.0,20057.0,5538.0,2953.0,2585.0,2547.0,1214.0,216298
E09000002,Barking and Dagenham,3577.0,2019,1246.0,16496.0,-3846.0,20342.0,5865.0,2887.0,2978.0,2331.0,1158.0,218828
E09000002,Barking and Dagenham,3542.0,2020,1433.0,14407.0,-3285.0,17692.0,4764.0,632.0,4132.0,2109.0,943.0,219227
E09000002,Barking and Dagenham,3293.0,2021,1475.0,15842.0,-4611.0,20453.0,5020.0,1529.0,3491.0,1818.0,751.0,218714
E09000002,Barking and Dagenham,3318.0,2022,1230.0,16754.0,-3924.0,20678.0,7156.0,3523.0,3633.0,2088.0,-9.0,220392
E09000002,Barking and Dagenham,3395.0,2023,1299.0,17338.0,-3821.0,21159.0,9752.0,7644.0,2108.0,2096.0,-10.0,226301
E09000002,Barking and Dagenham,3477.0,2024,1143.0,20804.0,-2865.0,23669.0,9654.0,6989.0,2665.0,2334.0,-12.0,232747
E09000003,Barnet,,2011,,,,,,,,,,357538
E09000003,Barnet,5650.0,2012,2326.0,23803.0,-709.0,24512.0,9203.0,2794.0,6409.0,3324.0,313.0,363260
E09000003,Barnet,5286.0,2013,2382.0,23619.0,-1462.0,25081.0,9358.0,3559.0,5799.0,2904.0,350.0,368611
E09000003,Barnet,5275.0,2014,2351.0,24797.0,-2535.0,27332.0,10984.0,4443.0,6541.0,2924.0,410.0,373853
E09000003,Barnet,5222.0,2015,2470.0,25124.0,-3929.0,29053.0,11214.0,4722.0,6492.0,2752.0,428.0,377826
E09000003,Barnet,5330.0,2016,2405.0,25836.0,-2429.0,28265.0,11979.0,4112.0,7867.0,2925.0,491.0,382925
E09000003,Barnet,5230.0,2017,2441.0,28136.0,-4789.0,32925.0,9640.0,2724.0,6916.0,2789.0,468.0,384117
E09000003,Barnet,5186.0,2018,2382.0,28253.0,-2895.0,31148.0,9924.0,3041.0,6883.0,2804.0,507.0,387574
E09000003,Barnet,4904.0,2019,2347.0,29432.0,-2575.0,32007.0,10130.0,2513.0,7617.0,2557.0,521.0,390590
E09000003,Barnet,5013.0,2020,2896.0,26337.0,-2681.0,29018.0,7895.0,591.0,7304.0,2117.0,429.0,391046
E09000003,Barnet,4683.0,2021,2632.0,30322.0,-6516.0,36838.0,7820.0,2007.0,5813.0,2051.0,367.0,388955
E09000003,Barnet,4733.0,2022,2551.0,29161.0,-4778.0,33939.0,10056.0,3994.0,6062.0,2182.0,18.0,390371
E09000003,Barnet,4634.0,2023,2581.0,30452.0,-2582.0,33034.0,12841.0,8394.0,4447.0,2053.0,-45.0,398191
E09000003,Barnet,4501.0,2024,2411.0,33403.0,-1059.0,34462.0,11184.0,5838.0,5346.0,2090.0,-10.0,405050
E09000004,Bexley,,2011,,,,,,,,,,232774
E09000004,Bexley,3160.0,2012,1905.0,12013.0,81.0,11932.0,1563.0,259.0,1304.0,1255.0,66.0,234435
E09000004,Bexley,2972.0,2013,1968.0,12239.0,441.0,11798.0,1401.0,184.0,1217.0,1004.0,105.0,236169
E09000004,Bexley,3019.0,2014,1833.0,13651.0,1186.0,12465.0,1735.0,479.0,1256.0,1186.0,92.0,239112
E09000004,Bexley,3093.0,2015,2018.0,13777.0,677.0,13100.0,1809.0,523.0,1286.0,1075.0,40.0,241427
E09000004,Bexley,3098.0,2016,2033.0,13656.0,1060.0,12596.0,2007.0,414.0,1593.0,1065.0,40.0,244006
E09000004,Bexley,3096.0,2017,2058.0,14756.0,-1021.0,15777.0,1844.0,466.0,1378.0,1038.0,5.0,244494
E09000004,Bexley,3109.0,2018,2148.0,14943.0,-773.0,15716.0,1984.0,525.0,1459.0,961.0,37.0,245244
E09000004,Bexley,2971.0,2019,1998.0,15723.0,-288.0,16011.0,2155.0,660.0,1495.0,973.0,33.0,246622
E09000004,Bexley,2883.0,2020,2302.0,13711.0,-433.0,14144.0,1876.0,88.0,1788.0,581.0,66.0,246924
E09000004,Bexley,2759.0,2021,2246.0,16000.0,-1521.0,17521.0,2092.0,577.0,1515.0,513.0,144.0,246637
E09000004,Bexley,2889.0,2022,2125.0,16200.0,-1414.0,17614.0,3279.0,1894.0,1385.0,764.0,-6.0,247875
E09000004,Bexley,2632.0,2023,2268.0,17002.0,245.0,16757.0,4688.0,3647.0,1041.0,364.0,-7.0,252124
E09000004,Bexley,2636.0,2024,2118.0,17938.0,572.0,17366.0,4476.0,3210.0,1266.0,518.0,10.0,256434
E09000005,Brent,,2011,,,,,,,,,,312245
E09000005,Brent,5312.0,2012,1575.0,20135.0,-4368.0,24503.0,12818.0,4763.0,8055.0,3737.0,1607.0,317984
E09000005,Brent,5170.0,2013,1712.0,19887.0,-4276.0,24163.0,13117.0,5654.0,7463.0,3458.0,1525.0,324345
E09000005,Brent,5160.0,2014,1491.0,19346.0,-6814.0,26160.0,15602.0,7359.0,8243.0,3669.0,1422.0,329981
E09000005,Brent,5157.0,2015,1792.0,19668.0,-7783.0,27451.0,16820.0,8751.0,8069.0,3365.0,1291.0,335605
E09000005,Brent,5236.0,2016,1729.0,19699.0,-7680.0,27379.0,17222.0,6876.0,10346.0,3507.0,1216.0,339524
E09000005,Brent,5161.0,2017,1724.0,24843.0,-7688.0,32531.0,13841.0,5932.0,7909.0,3437.0,1234.0,342439
E09000005,Brent,4894.0,2018,1806.0,25397.0,-7741.0,33138.0,14226.0,6661.0,7565.0,3088.0,1111.0,345558
E09000005,Brent,4804.0,2019,1701.0,26626.0,-8372.0,34998.0,14836.0,6146.0,8690.0,3103.0,989.0,347424
E09000005,Brent,4874.0,2020,2227.0,24025.0,-8688.0,32713.0,11708.0,1875.0,9833.0,2647.0,730.0,343988
E09000005,Brent,4431.0,2021,1972.0,29301.0,-11257.0,40558.0,11164.0,3735.0,7429.0,2459.0,323.0,339248
E09000005,Brent,4494.0,2022,1989.0,30659.0,-6570.0,37229.0,14116.0,6318.0,7798.0,2505.0,4.0,341505
E09000005,Brent,4389.0,2023,1904.0,30623.0,-7271.0,37894.0,17940.0,12075.0,5865.0,2485.0,-43.0,348751
E09000005,Brent,4325.0,2024,1942.0,33495.0,-7429.0,40924.0,16707.0,9269.0,7438.0,2383.0,2.0,352976
E09000006,Bromley,,2011,,,,,,,,,,310554
E09000006,Bromley,4139.0,2012,2606.0,18191.0,2189.0,16002.0,2124.0,383.0,1741.0,1533.0,4.0,314663
E09000006,Bromley,3981.0,2013,2584.0,18519.0,2159.0,16360.0,2026.0,335.0,1691.0,1397.0,28.0,318582
E09000006,Bromley,4002.0,2014,2522.0,19930.0,1107.0,18823.0,2502.0,648.0,1854.0,1480.0,-17.0,321800
E09000006,Bromley,4098.0,2015,2667.0,20289.0,1958.0,18331.0,2488.0,516.0,1972.0,1431.0,-52.0,325653
E09000006,Bromley,4251.0,2016,2570.0,18938.0,-328.0,19266.0,2952.0,752.0,2200.0,1681.0,-57.0,327701
E09000006,Bromley,4242.0,2017,2680.0,21014.0,-377.0,21391.0,2469.0,319.0,2150.0,1562.0,-71.0,329134
E09000006,Bromley,4146.0,2018,2719.0,20481.0,-713.0,21194.0,2787.0,541.0,2246.0,1427.0,-22.0,330367
E09000006,Bromley,3906.0,2019,2580.0,21062.0,-810.0,21872.0,2847.0,337.0,2510.0,1326.0,-28.0,331192
E09000006,Bromley,3832.0,2020,2928.0,19230.0,-758.0,19988.0,2248.0,-114.0,2362.0,904.0,23.0,331247
E09000006,Bromley,3629.0,2021,2778.0,23186.0,-2550.0,25736.0,2520.0,316.0,2204.0,851.0,35.0,329899
E09000006,Bromley,3621.0,2022,2567.0,21106.0,-2798.0,23904.0,3539.0,1771.0,1768.0,1054.0,4.0,329930
E09000006,Bromley,3429.0,2023,2750.0,21324.0,-1036.0,22360.0,4272.0,2912.0,1360.0,679.0,-3.0,332482
E09000006,Bromley,3382.0,2024,2539.0,22045.0,-365.0,22410.0,3865.0,2356.0,1509.0,843.0,3.0,335319
E09000007,Camden,,2011,,,,,,,,,,220087
E09000007,Camden,3085.0,2012,1103.0,23676.0,-2663.0,26339.0,11275.0,4103.0,7172.0,1982.0,-3862.0,219647
E09000007,Camden,2861.0,2013,1154.0,24273.0,-1087.0,25360.0,11802.0,4787.0,7015.0,1707.0,-3706.0,221348
E09000007,Camden,2679.0,2014,1047.0,25593.0,-2507.0,28100.0,12444.0,4632.0,7812.0,1632.0,-4010.0,221095
E09000007,Camden,2735.0,2015,1116.0,26148.0,-2976.0,29124.0,13045.0,5379.0,7666.0,1619.0,-4085.0,221032
E09000007,Camden,2756.0,2016,1136.0,26127.0,-3303.0,29430.0,13307.0,5815.0,7492.0,1620.0,-4140.0,221024
E09000007,Camden,2671.0,2017,1190.0,23973.0,-3612.0,27585.0,11844.0,3765.0,8079.0,1481.0,-3825.0,218833
E09000007,Camden,2498.0,2018,1188.0,24605.0,-2862.0,27467.0,12947.0,4555.0,8392.0,1310.0,-3921.0,217915
E09000007,Camden,2523.0,2019,1075.0,26299.0,-2587.0,28886.0,14239.0,4630.0,9609.0,1448.0,-4270.0,217136
E09000007,Camden,2340.0,2020,1383.0,23671.0,-3804.0,27475.0,12578.0,4347.0,8231.0,957.0,-3868.0,214768
E09000007,Camden,2266.0,2021,1217.0,30270.0,-5736.0,36006.0,10244.0,5299.0,4945.0,1049.0,-4412.0,210968
E09000007,Camden,2194.0,2022,1178.0,29329.0,-2274.0,31603.0,14926.0,7648.0,7278.0,1016.0,-6.0,217352
E09000007,Camden,1994.0,2023,1121.0,25133.0,-6979.0,32112.0,13128.0,6002.0,7126.0,873.0,-13.0,217235
E09000007,Camden,1988.0,2024,1034.0,26414.0,-5639.0,32053.0,12249.0,4385.0,7864.0,954.0,8.0,216943
E09000008,Croydon,,2011,,,,,,,,,,364815
E09000008,Croydon,5790.0,2012,2480.0,21942.0,-356.0,22298.0,5234.0,1156.0,4078.0,3310.0,692.0,369617
E09000008,Croydon,5747.0,2013,2445.0,21338.0,-661.0,21999.0,5071.0,1338.0,3733.0,3302.0,674.0,374270
E09000008,Croydon,5648.0,2014,2223.0,22045.0,-2393.0,24438.0,6206.0,2225.0,3981.0,3425.0,717.0,378244
E09000008,Croydon,5705.0,2015,2582.0,22464.0,-3027.0,25491.0,6287.0,2300.0,3987.0,3123.0,637.0,381277
E09000008,Croydon,5913.0,2016,2470.0,22369.0,-2850.0,25219.0,6640.0,1923.0,4717.0,3443.0,589.0,384382
E09000008,Croydon,5830.0,2017,2558.0,26171.0,-4017.0,30188.0,5508.0,1297.0,4211.0,3272.0,633.0,385567
E09000008,Croydon,5582.0,2018,2581.0,26112.0,-4259.0,30371.0,5973.0,2039.0,3934.0,3001.0,651.0,386999
E09000008,Croydon,5330.0,2019,2466.0,28521.0,-2349.0,30870.0,6664.0,2460.0,4204.0,2864.0,669.0,390643
E09000008,Croydon,5452.0,2020,3139.0,26356.0,-1987.0,28343.0,5545.0,467.0,5078.0,2313.0,665.0,392101
E09000008,Croydon,5023.0,2021,2745.0,30215.0,-5983.0,36198.0,5592.0,1536.0,4056.0,2278.0,759.0,390691
E09000008,Croydon,4830.0,2022,2556.0,27936.0,-5768.0,33704.0,10064.0,6371.0,3693.0,2274.0,-21.0,393547
E09000008,Croydon,4948.0,2023,2860.0,28984.0,-3302.0,32286.0,12501.0,9881.0,2620.0,2088.0,3.0,402217
E09000008,Croydon,5001.0,2024,2788.0,31451.0,-3785.0,35236.0,11898.0,8698.0,3200.0,2213.0,-1.0,409342
E09000009,Ealing,,2011,,,,,,,,,,339314
E09000009,Ealing,5727.0,2012,1915.0,23508.0,-4799.0,28307.0,10866.0,3692.0,7174.0,3812.0,2815.0,344834
E09000009,Ealing,5687.0,2013,1962.0,22466.0,-4500.0,26966.0,10553.0,3930.0,6623.0,3725.0,2661.0,350650
E09000009,Ealing,5462.0,2014,1828.0,22587.0,-7003.0,29590.0,11656.0,4711.0,6945.0,3634.0,2668.0,354660
E09000009,Ealing,5389.0,2015,2038.0,22459.0,-6914.0,29373.0,12290.0,5502.0,6788.0,3351.0,2545.0,359144
E09000009,Ealing,5151.0,2016,1903.0,22308.0,-7822.0,30130.0,13132.0,5090.0,8042.0,3248.0,2503.0,362163
E09000009,Ealing,5154.0,2017,1943.0,26904.0,-8606.0,35510.0,10365.0,3157.0,7208.0,3211.0,2745.0,362670
E09000009,Ealing,4901.0,2018,1952.0,27456.0,-7921.0,35377.0,10859.0,3868.0,6991.0,2949.0,2642.0,364208
E09000009,Ealing,4853.0,2019,1958.0,29230.0,-6060.0,35290.0,11256.0,3560.0,7696.0,2895.0,2681.0,367284
E09000009,Ealing,4574.0,2020,2436.0,26072.0,-5731.0,31803.0,9851.0,1879.0,7972.0,2138.0,2366.0,367936
E09000009,Ealing,4468.0,2021,2305.0,30150.0,-10310.0,40460.0,11068.0,4308.0,6760.0,2163.0,2665.0,366762
E09000009,Ealing,4271.0,2022,2244.0,30698.0,-5854.0,36552.0,13496.0,7395.0,6101.0,2027.0,-15.0,370315
E09000009,Ealing,4553.0,2023,2168.0,31517.0,-5334.0,36851.0,16800.0,11878.0,4922.0,2385.0,-41.0,379203
E09000009,Ealing,4584.0,2024,2021.0,34184.0,-6114.0,40298.0,16458.0,10342.0,6116.0,2563.0,-9.0,385985
E09000010,Enfield,,2011,,,,,,,,,,313935
E09000010,Enfield,5017.0,2012,1951.0,18368.0,-1324.0,19692.0,4804.0,1374.0,3430.0,3066.0,729.0,317780
E09000010,Enfield,4966.0,2013,2010.0,18354.0,-1690.0,20044.0,4843.0,2023.0,2820.0,2956.0,685.0,321754
E09000010,Enfield,4876.0,2014,1947.0,19513.0,-2201.0,21714.0,6306.0,3192.0,3114.0,2929.0,666.0,326340
E09000010,Enfield,4895.0,2015,2132.0,20317.0,-2124.0,22441.0,6511.0,3312.0,3199.0,2763.0,577.0,330868
E09000010,Enfield,5039.0,2016,2075.0,19108.0,-3637.0,22745.0,6999.0,2622.0,4377.0,2964.0,478.0,333295
E09000010,Enfield,4883.0,2017,2039.0,20819.0,-5877.0,26696.0,5848.0,2324.0,3524.0,2844.0,491.0,333077
E09000010,Enfield,4776.0,2018,2061.0,20236.0,-5037.0,25273.0,6239.0,2769.0,3470.0,2715.0,476.0,334000
E09000010,Enfield,4519.0,2019,2038.0,20310.0,-5500.0,25810.0,7410.0,3741.0,3669.0,2481.0,429.0,335151
E09000010,Enfield,4423.0,2020,2537.0,17857.0,-4659.0,22516.0,5876.0,361.0,5515.0,1886.0,410.0,333149
E09000010,Enfield,3945.0,2021,2329.0,20925.0,-6692.0,27617.0,5879.0,1541.0,4338.0,1616.0,262.0,329876
E09000010,Enfield,3975.0,2022,2101.0,20423.0,-5628.0,26051.0,5063.0,742.0,4321.0,1874.0,3.0,326867
E09000010,Enfield,3733.0,2023,2160.0,21535.0,-3391.0,24926.0,6209.0,2955.0,3254.0,1573.0,10.0,328014
E09000010,Enfield,3709.0,2024,2101.0,22287.0,-3839.0,26126.0,5512.0,1644.0,3868.0,1608.0,7.0,327434
E09000011,Greenwich,,2011,,,,,,,,,,255483
E09000011,Greenwich,4598.0,2012,1608.0,19190.0,-883.0,20073.0,6227.0,1408.0,4819.0,2990.0,1362.0,260360
E09000011,Greenwich,4564.0,2013,1593.0,19442.0,-1316.0,20758.0,5619.0,1204.0,4415.0,2971.0,817.0,264036
E09000011,Greenwich,4405.0,2014,1539.0,20816.0,-1148.0,21964.0,6314.0,1478.0,4836.0,2866.0,1073.0,268305
E09000011,Greenwich,4547.0,2015,1579.0,22071.0,30.0,22041.0,6666.0,1999.0,4667.0,2968.0,928.0,274230
E09000011,Greenwich,4655.0,2016,1634.0,20663.0,-1395.0,22058.0,7121.0,2039.0,5082.0,3021.0,873.0,278768
E09000011,Greenwich,4483.0,2017,1665.0,23448.0,-1532.0,24980.0,6047.0,1586.0,4461.0,2818.0,736.0,282376
E09000011,Greenwich,4386.0,2018,1594.0,23196.0,-2584.0,25780.0,6650.0,2514.0,4136.0,2792.0,675.0,285773
E09000011,Greenwich,4174.0,2019,1500.0,24020.0,-3129.0,27149.0,7272.0,2555.0,4717.0,2674.0,332.0,288205
E09000011,Greenwich,4143.0,2020,1899.0,21053.0,-3218.0,24271.0,6010.0,1035.0,4975.0,2244.0,118.0,288384
E09000011,Greenwich,3816.0,2021,1691.0,27243.0,-3571.0,30814.0,6238.0,2440.0,3798.0,2125.0,159.0,289537
E09000011,Greenwich,3904.0,2022,1604.0,25753.0,-4488.0,30241.0,8707.0,5040.0,3667.0,2300.0,-8.0,292381
E09000011,Greenwich,3654.0,2023,1678.0,24421.0,-5947.0,30368.0,11118.0,7957.0,3161.0,1976.0,53.0,296420
E09000011,Greenwich,3581.0,2024,1623.0,26304.0,-5154.0,31458.0,10269.0,6309.0,3960.0,1958.0,-5.0,299528
E09000012,Hackney,,2011,,,,,,,,,,247182
E09000012,Hackney,4445.0,2012,1060.0,22025.0,154.0,21871.0,7229.0,2450.0,4779.0,3385.0,-1978.0,251193
E09000012,Hackney,4507.0,2013,1068.0,21492.0,-105.0,21597.0,7526.0,2984.0,4542.0,3439.0,-1865.0,255646
E09000012,Hackney,4372.0,2014,976.0,23107.0,-986.0,24093.0,7885.0,2688.0,5197.0,3396.0,-2009.0,258735
E09000012,Hackney,4399.0,2015,1169.0,23649.0,-705.0,24354.0,7888.0,2700.0,5188.0,3230.0,-2031.0,261929
E09000012,Hackney,4533.0,2016,1102.0,22634.0,-1713.0,24347.0,8678.0,3168.0,5510.0,3431.0,-1923.0,264892
E09000012,Hackney,4405.0,2017,1179.0,23857.0,-2713.0,26570.0,7291.0,1393.0,5898.0,3226.0,-1964.0,264834
E09000012,Hackney,4323.0,2018,1020.0,24497.0,-2124.0,26621.0,7925.0,2174.0,5751.0,3303.0,-1977.0,266210
E09000012,Hackney,4329.0,2019,1082.0,25350.0,-3127.0,28477.0,8145.0,1596.0,6549.0,3247.0,-2101.0,265825
E09000012,Hackney,3991.0,2020,1360.0,22205.0,-3734.0,25939.0,6355.0,911.0,5444.0,2631.0,-1851.0,263782
E09000012,Hackney,3975.0,2021,1360.0,31395.0,-5123.0,36518.0,5240.0,1497.0,3743.0,2615.0,-2689.0,260082
E09000012,Hackney,3668.0,2022,1229.0,27601.0,-2576.0,30177.0,6185.0,1868.0,4317.0,2439.0,1.0,261814
E09000012,Hackney,3437.0,2023,1234.0,25963.0,-3162.0,29125.0,8509.0,4562.0,3947.0,2203.0,-6.0,265411
E09000012,Hackney,3535.0,2024,1152.0,26998.0,-3943.0,30941.0,7759.0,2923.0,4836.0,2383.0,-16.0,266758
E09000013,Hammersmith and Fulham,,2011,,,,,,,,,,182445
E09000013,Hammersmith and Fulham,2716.0,2012,904.0,18907.0,-1786.0,20693.0,7730.0,2460.0,5270.0,1812.0,-492.0,184439
E09000013,Hammersmith and Fulham,2599.0,2013,901.0,17831.0,-2523.0,20354.0,7926.0,2744.0,5182.0,1698.0,-302.0,186056
E09000013,Hammersmith and Fulham,2494.0,2014,852.0,18328.0,-3683.0,22011.0,8689.0,2958.0,5731.0,1642.0,-314.0,186659
E09000013,Hammersmith and Fulham,2371.0,2015,945.0,18502.0,-3537.0,22039.0,8623.0,2881.0,5742.0,1426.0,-183.0,187246
E09000013,Hammersmith and Fulham,2457.0,2016,921.0,17828.0,-4295.0,22123.0,8844.0,3076.0,5768.0,1536.0,-91.0,187472
E09000013,Hammersmith and Fulham,2446.0,2017,947.0,21310.0,-2243.0,23553.0,7270.0,1105.0,6165.0,1499.0,-113.0,187720
E09000013,Hammersmith and Fulham,2347.0,2018,976.0,21780.0,-1696.0,23476.0,7819.0,1760.0,6059.0,1371.0,-118.0,189037
E09000013,Hammersmith and Fulham,2302.0,2019,911.0,22882.0,-2138.0,25020.0,7658.0,683.0,6975.0,1391.0,-411.0,188562
E09000013,Hammersmith and Fulham,2060.0,2020,1169.0,20203.0,-3199.0,23402.0,6220.0,965.0,5255.0,891.0,-664.0,186555
E09000013,Hammersmith and Fulham,2100.0,2021,1051.0,26661.0,-4765.0,31426.0,5631.0,1060.0,4571.0,1049.0,-589.0,183310
E09000013,Hammersmith and Fulham,2061.0,2022,994.0,25479.0,-632.0,26111.0,6563.0,2025.0,4538.0,1067.0,52.0,185822
E09000013,Hammersmith and Fulham,1909.0,2023,956.0,23504.0,-1875.0,25379.0,6980.0,2621.0,4359.0,953.0,-42.0,187479
E09000013,Hammersmith and Fulham,2055.0,2024,906.0,24577.0,-1442.0,26019.0,6633.0,1461.0,5172.0,1149.0,40.0,188687
E09000014,Haringey,,2011,,,,,,,,,,255540
E09000014,Haringey,4190.0,2012,1171.0,22441.0,-4017.0,26458.0,9466.0,4155.0,5311.0,3019.0,615.0,259312
E09000014,Haringey,4150.0,2013,1090.0,22655.0,-3262.0,25917.0,10320.0,5343.0,4977.0,3060.0,601.0,265054
E09000014,Haringey,4091.0,2014,1101.0,23469.0,-5283.0,28752.0,11471.0,5553.0,5918.0,2990.0,587.0,268901
E09000014,Haringey,4112.0,2015,1238.0,24234.0,-4591.0,28825.0,11338.0,5297.0,6041.0,2874.0,457.0,272938
E09000014,Haringey,4147.0,2016,1203.0,24392.0,-4052.0,28444.0,11280.0,4053.0,7227.0,2944.0,379.0,276262
E09000014,Haringey,3913.0,2017,1148.0,25327.0,-7635.0,32962.0,9212.0,2740.0,6472.0,2765.0,331.0,274463
E09000014,Haringey,3824.0,2018,1232.0,25548.0,-6627.0,32175.0,9707.0,3605.0,6102.0,2592.0,207.0,274240
E09000014,Haringey,3646.0,2019,1226.0,26354.0,-5947.0,32301.0,9675.0,3036.0,6639.0,2420.0,-33.0,273716
E09000014,Haringey,3541.0,2020,1598.0,23061.0,-6603.0,29664.0,7009.0,591.0,6418.0,1943.0,-113.0,269534
E09000014,Haringey,3341.0,2021,1446.0,28740.0,-8365.0,37105.0,6658.0,1525.0,5133.0,1895.0,-272.0,264317
E09000014,Haringey,3255.0,2022,1389.0,27252.0,-4176.0,31428.0,5804.0,82.0,5722.0,1866.0,-11.0,262078
E09000014,Haringey,3048.0,2023,1388.0,28178.0,-2711.0,30889.0,6466.0,2350.0,4116.0,1660.0,-15.0,263362
E09000014,Haringey,3101.0,2024,1254.0,29781.0,-2279.0,32060.0,5899.0,934.0,4965.0,1847.0,-14.0,263850
E09000015,Harrow,,2011,,,,,,,,,,240499
E09000015,Harrow,3530.0,2012,1448.0,15682.0,-1422.0,17104.0,5322.0,1705.0,3617.0,2082.0,936.0,243800
E09000015,Harrow,3620.0,2013,1467.0,15269.0,-1578.0,16847.0,4994.0,1783.0,3211.0,2153.0,860.0,247018
E09000015,Harrow,3574.0,2014,1397.0,15528.0,-1967.0,17495.0,6943.0,3502.0,3441.0,2177.0,888.0,251618
E09000015,Harrow,3509.0,2015,1594.0,15162.0,-3437.0,18599.0,8054.0,4339.0,3715.0,1915.0,873.0,255308
E09000015,Harrow,3661.0,2016,1482.0,14455.0,-4109.0,18564.0,8616.0,3069.0,5547.0,2179.0,870.0,257317
E09000015,Harrow,3624.0,2017,1460.0,17342.0,-5388.0,22730.0,6953.0,2909.0,4044.0,2164.0,879.0,257881
E09000015,Harrow,3655.0,2018,1590.0,17652.0,-4160.0,21812.0,7059.0,3221.0,3838.0,2065.0,854.0,259861
E09000015,Harrow,3543.0,2019,1439.0,18649.0,-3724.0,22373.0,7450.0,3098.0,4352.0,2104.0,726.0,262065
E09000015,Harrow,3505.0,2020,1998.0,17463.0,-2595.0,20058.0,5943.0,686.0,5257.0,1507.0,618.0,262281
E09000015,Harrow,3317.0,2021,1686.0,19188.0,-4974.0,24162.0,6620.0,1996.0,4624.0,1631.0,225.0,261159
E09000015,Harrow,3329.0,2022,1727.0,18941.0,-4948.0,23889.0,8824.0,4001.0,4823.0,1602.0,-16.0,261798
E09000015,Harrow,3213.0,2023,1802.0,18712.0,-5192.0,23904.0,11645.0,8844.0,2801.0,1411.0,30.0,266891
E09000015,Harrow,3115.0,2024,1716.0,20995.0,-4642.0,25637.0,10700.0,7094.0,3606.0,1399.0,-18.0,270724
E09000016,Havering,,2011,,,,,,,,,,237927
E09000016,Havering,2933.0,2012,2184.0,11140.0,822.0,10318.0,1238.0,251.0,987.0,749.0,197.0,239946
E09000016,Havering,2926.0,2013,2346.0,11647.0,1444.0,10203.0,1232.0,356.0,876.0,580.0,224.0,242550
E09000016,Havering,3088.0,2014,2114.0,14033.0,2411.0,11622.0,1631.0,596.0,1035.0,974.0,240.0,246771
E09000016,Havering,3138.0,2015,2367.0,13642.0,1845.0,11797.0,1972.0,862.0,1110.0,771.0,200.0,250449
E09000016,Havering,3447.0,2016,2297.0,13563.0,1900.0,11663.0,2445.0,860.0,1585.0,1150.0,128.0,254487
E09000016,Havering,3393.0,2017,2425.0,15303.0,1070.0,14233.0,2096.0,753.0,1343.0,968.0,151.0,257429
E09000016,Havering,3338.0,2018,2484.0,14774.0,-52.0,14826.0,2299.0,849.0,1450.0,854.0,149.0,259229
E09000016,Havering,3282.0,2019,2286.0,15713.0,37.0,15676.0,2501.0,901.0,1600.0,996.0,133.0,261296
E09000016,Havering,3140.0,2020,2758.0,14041.0,14.0,14027.0,2081.0,47.0,2034.0,382.0,167.0,261906
E09000016,Havering,3082.0,2021,2691.0,16791.0,-956.0,17747.0,2223.0,511.0,1712.0,391.0,234.0,262086
E09000016,Havering,3082.0,2022,2416.0,17031.0,481.0,16550.0,3281.0,1564.0,1717.0,666.0,-11.0,264786
E09000016,Havering,3072.0,2023,2412.0,18159.0,1447.0,16712.0,4533.0,3406.0,1127.0,660.0,6.0,270305
E09000016,Havering,3267.0,2024,2239.0,19784.0,2104.0,17680.0,4187.0,2853.0,1334.0,1028.0,-16.0,276274
E09000017,Hillingdon,,2011,,,,,,,,,,275499
E09000017,Hillingdon,4459.0,2012,1845.0,19373.0,637.0,18736.0,5816.0,1786.0,4030.0,2614.0,727.0,281263
E09000017,Hillingdon,4390.0,2013,1897.0,17795.0,-252.0,18047.0,5646.0,1936.0,3710.0,2493.0,542.0,285982
E09000017,Hillingdon,4369.0,2014,1826.0,18108.0,-1510.0,19618.0,6494.0,2611.0,3883.0,2543.0,599.0,290225
E09000017,Hillingdon,4482.0,2015,2071.0,19050.0,-1975.0,21025.0,6781.0,2744.0,4037.0,2411.0,606.0,294011
E09000017,Hillingdon,4503.0,2016,1818.0,18676.0,-2308.0,20984.0,7040.0,2591.0,4449.0,2685.0,472.0,297451
E09000017,Hillingdon,4380.0,2017,1960.0,22533.0,-2570.0,25103.0,5802.0,1630.0,4172.0,2420.0,538.0,299469
E09000017,Hillingdon,4319.0,2018,2072.0,22414.0,-2816.0,25230.0,6877.0,3002.0,3875.0,2247.0,361.0,302263
E09000017,Hillingdon,4076.0,2019,1983.0,23638.0,-2300.0,25938.0,7685.0,3178.0,4507.0,2093.0,407.0,305641
E09000017,Hillingdon,4009.0,2020,2340.0,20670.0,-2815.0,23485.0,7194.0,1598.0,5596.0,1669.0,367.0,306460
E09000017,Hillingdon,3963.0,2021,2280.0,23466.0,-6345.0,29811.0,7071.0,2997.0,4074.0,1683.0,312.0,305107
E09000017,Hillingdon,4078.0,2022,2184.0,24128.0,-3943.0,28071.0,12709.0,9139.0,3570.0,1894.0,-35.0,312162
E09000017,Hillingdon,4119.0,2023,2110.0,23986.0,-4502.0,28488.0,15387.0,12357.0,3030.0,2009.0,-49.0,321977
E09000017,Hillingdon,4126.0,2024,2103.0,27096.0,-4885.0,31981.0,14229.0,10093.0,4136.0,2023.0,-23.0,329185
E09000018,Hounslow,,2011,,,,,,,,,,254927
E09000018,Hounslow,4671.0,2012,1427.0,17653.0,-2005.0,19658.0,7643.0,1690.0,5953.0,3244.0,2728.0,260584
E09000018,Hounslow,4512.0,2013,1464.0,16960.0,-2779.0,19739.0,7418.0,2117.0,5301.0,3048.0,2577.0,265547
E09000018,Hounslow,4344.0,2014,1415.0,17374.0,-4069.0,21443.0,8798.0,3521.0,5277.0,2929.0,2845.0,270773
E09000018,Hounslow,4339.0,2015,1503.0,17327.0,-4504.0,21831.0,8962.0,3530.0,5432.0,2836.0,2462.0,275097
E09000018,Hounslow,4400.0,2016,1464.0,16520.0,-5705.0,22225.0,9652.0,3718.0,5934.0,2936.0,2555.0,278601
E09000018,Hounslow,4276.0,2017,1568.0,19689.0,-5761.0,25450.0,8083.0,2950.0,5133.0,2708.0,2619.0,281117
E09000018,Hounslow,4057.0,2018,1527.0,19562.0,-5061.0,24623.0,9136.0,4410.0,4726.0,2530.0,2434.0,285430
E09000018,Hounslow,3869.0,2019,1479.0,20996.0,-4682.0,25678.0,9780.0,4054.0,5726.0,2390.0,2460.0,289652
E09000018,Hounslow,3877.0,2020,1861.0,17680.0,-5288.0,22968.0,7783.0,1451.0,6332.0,2016.0,1942.0,289773
E09000018,Hounslow,3665.0,2021,1818.0,21076.0,-7912.0,28988.0,7758.0,2284.0,5474.0,1847.0,2172.0,288164
E09000018,Hounslow,3570.0,2022,1594.0,19696.0,-7167.0,26863.0,10509.0,6443.0,4066.0,1976.0,-220.0,289196
E09000018,Hounslow,3537.0,2023,1732.0,20041.0,-6693.0,26734.0,13911.0,10708.0,3203.0,1805.0,205.0,295221
E09000018,Hounslow,3678.0,2024,1627.0,22205.0,-6674.0,28879.0,12803.0,8847.0,3956.0,2051.0,-21.0,299424
E09000019,Islington,,2011,,,,,,,,,,206285
E09000019,Islington,2945.0,2012,1050.0,23261.0,-1414.0,24675.0,9246.0,3565.0,5681.0,1895.0,-1569.0,208762
E09000019,Islington,2945.0,2013,1065.0,23612.0,-485.0,24097.0,9600.0,4147.0,5453.0,1880.0,-1700.0,212604
E09000019,Islington,2841.0,2014,1025.0,24804.0,-1118.0,25922.0,9861.0,3550.0,6311.0,1816.0,-1866.0,214986
E09000019,Islington,2908.0,2015,1100.0,26251.0,-1019.0,27270.0,10669.0,4459.0,6210.0,1808.0,-1979.0,218255
E09000019,Islington,2922.0,2016,1016.0,26239.0,-1939.0,28178.0,11022.0,4786.0,6236.0,1906.0,-2388.0,220620
E09000019,Islington,2979.0,2017,1096.0,25263.0,-1852.0,27115.0,10104.0,3144.0,6960.0,1883.0,-2260.0,221535
E09000019,Islington,2871.0,2018,1175.0,24977.0,-2606.0,27583.0,10604.0,3229.0,7375.0,1696.0,-2401.0,221453
E09000019,Islington,2709.0,2019,1033.0,27720.0,-1857.0,29577.0,12234.0,3738.0,8496.0,1676.0,-3016.0,221994
E09000019,Islington,2648.0,2020,1286.0,25262.0,-2229.0,27491.0,9717.0,2735.0,6982.0,1362.0,-2844.0,221018
E09000019,Islington,2636.0,2021,1212.0,32640.0,-5536.0,38176.0,7448.0,3345.0,4103.0,1424.0,-3201.0,217050
E09000019,Islington,2550.0,2022,1100.0,28955.0,-3044.0,31999.0,9486.0,4287.0,5199.0,1450.0,26.0,219769
E09000019,Islington,2325.0,2023,1173.0,26086.0,-4128.0,30214.0,11047.0,5654.0,5393.0,1152.0,-114.0,222333
E09000019,Islington,2269.0,2024,1061.0,26985.0,-3826.0,30811.0,10040.0,3465.0,6575.0,1208.0,-156.0,223024
E09000020,Kensington and Chelsea,,2011,,,,,,,,,,158251
E09000020,Kensington and Chelsea,2064.0,2012,836.0,12257.0,-2688.0,14945.0,6799.0,1639.0,5160.0,1228.0,-1190.0,157240
E09000020,Kensington and Chelsea,1909.0,2013,814.0,12157.0,-2219.0,14376.0,6842.0,1824.0,5018.0,1095.0,-1117.0,156823
E09000020,Kensington and Chelsea,1820.0,2014,746.0,14389.0,-2249.0,16638.0,7393.0,1845.0,5548.0,1074.0,-1315.0,156178
E09000020,Kensington and Chelsea,1823.0,2015,791.0,14932.0,-1559.0,16491.0,7346.0,1778.0,5568.0,1032.0,-1280.0,156149
E09000020,Kensington and Chelsea,1764.0,2016,852.0,13539.0,-5139.0,18678.0,7255.0,2009.0,5246.0,912.0,-1223.0,152708
E09000020,Kensington and Chelsea,1711.0,2017,878.0,11947.0,-3336.0,15283.0,6104.0,537.0,5567.0,833.0,-1091.0,149651
E09000020,Kensington and Chelsea,1625.0,2018,793.0,12489.0,-2202.0,14691.0,6802.0,1270.0,5532.0,832.0,-1080.0,148471
E09000020,Kensington and Chelsea,1705.0,2019,794.0,13359.0,-1723.0,15082.0,6966.0,301.0,6665.0,911.0,-1155.0,146805
E09000020,Kensington and Chelsea,1477.0,2020,899.0,11585.0,-2370.0,13955.0,6113.0,900.0,5213.0,578.0,-1039.0,144874
E09000020,Kensington and Chelsea,1420.0,2021,846.0,16982.0,-2089.0,19071.0,6204.0,2323.0,3881.0,574.0,-1416.0,144266
E09000020,Kensington and Chelsea,1425.0,2022,882.0,15389.0,-1722.0,17111.0,7731.0,3242.0,4489.0,543.0,7.0,146336
E09000020,Kensington and Chelsea,1389.0,2023,855.0,13448.0,-2814.0,16262.0,7232.0,2444.0,4788.0,534.0,-1.0,146499
E09000020,Kensington and Chelsea,1287.0,2024,803.0,13438.0,-3423.0,16861.0,6227.0,968.0,5259.0,484.0,-10.0,144518
E09000021,Kingston upon Thames,,2011,,,,,,,,,,160436
E09000021,Kingston upon Thames,2306.0,2012,1020.0,13683.0,-73.0,13756.0,3376.0,997.0,2379.0,1286.0,-84.0,162562
E09000021,Kingston upon Thames,2213.0,2013,1116.0,13421.0,-163.0,13584.0,3311.0,1025.0,2286.0,1097.0,-103.0,164418
E09000021,Kingston upon Thames,2169.0,2014,1021.0,14182.0,-763.0,14945.0,3719.0,1094.0,2625.0,1148.0,-106.0,165791
E09000021,Kingston upon Thames,2314.0,2015,1148.0,14290.0,-405.0,14695.0,3708.0,1128.0,2580.0,1166.0,-86.0,167594
E09000021,Kingston upon Thames,2277.0,2016,1059.0,14257.0,-1372.0,15629.0,3985.0,1377.0,2608.0,1218.0,-200.0,168617
E09000021,Kingston upon Thames,2238.0,2017,1086.0,14272.0,-1595.0,15867.0,3511.0,781.0,2730.0,1152.0,-174.0,168781
E09000021,Kingston upon Thames,2089.0,2018,1114.0,14579.0,-1885.0,16464.0,3705.0,1015.0,2690.0,975.0,-157.0,168729
E09000021,Kingston upon Thames,1998.0,2019,1065.0,15051.0,-1016.0,16067.0,4129.0,1328.0,2801.0,933.0,-177.0,169797
E09000021,Kingston upon Thames,1898.0,2020,1201.0,13014.0,-1423.0,14437.0,3699.0,846.0,2853.0,697.0,-147.0,169770
E09000021,Kingston upon Thames,1824.0,2021,1105.0,15348.0,-3290.0,18638.0,3166.0,995.0,2171.0,719.0,-202.0,167992
E09000021,Kingston upon Thames,1830.0,2022,1128.0,14003.0,-2581.0,16584.0,4976.0,2978.0,1998.0,702.0,-15.0,169076
E09000021,Kingston upon Thames,1601.0,2023,1141.0,14025.0,-2262.0,16287.0,5373.0,3507.0,1866.0,460.0,-1.0,170780
E09000021,Kingston upon Thames,1660.0,2024,1101.0,14732.0,-1496.0,16228.0,5038.0,2853.0,2185.0,559.0,-4.0,172692
E09000022,Lambeth,,2011,,,,,,,,,,304481
E09000022,Lambeth,4833.0,2012,1391.0,34239.0,-153.0,34392.0,9731.0,3197.0,6534.0,3442.0,-518.0,310449
E09000022,Lambeth,4645.0,2013,1427.0,33570.0,-2313.0,35883.0,10015.0,3683.0,6332.0,3218.0,-662.0,314375
E09000022,Lambeth,4571.0,2014,1370.0,36119.0,-1669.0,37788.0,10269.0,3276.0,6993.0,3201.0,-987.0,318196
E09000022,Lambeth,4549.0,2015,1451.0,37823.0,-735.0,38558.0,10279.0,3380.0,6899.0,3098.0,-1058.0,322881
E09000022,Lambeth,4410.0,2016,1478.0,37345.0,-1608.0,38953.0,10521.0,3498.0,7023.0,2932.0,-1090.0,326613
E09000022,Lambeth,4262.0,2017,1432.0,38547.0,-2679.0,41226.0,8737.0,1597.0,7140.0,2830.0,-1134.0,327227
E09000022,Lambeth,4083.0,2018,1446.0,38808.0,-2233.0,41041.0,9547.0,2414.0,7133.0,2637.0,-1122.0,328923
E09000022,Lambeth,3905.0,2019,1445.0,40882.0,-2923.0,43805.0,10234.0,2199.0,8035.0,2460.0,-1146.0,329513
E09000022,Lambeth,3721.0,2020,1765.0,35024.0,-5993.0,41017.0,7808.0,1090.0,6718.0,1956.0,-1039.0,325527
E09000022,Lambeth,3424.0,2021,1556.0,45740.0,-10736.0,56476.0,7355.0,2457.0,4898.0,1868.0,-1425.0,317691
E09000022,Lambeth,3505.0,2022,1492.0,39135.0,-5306.0,44441.0,8712.0,3236.0,5476.0,2013.0,23.0,317657
E09000022,Lambeth,3299.0,2023,1565.0,37580.0,-5544.0,43124.0,9936.0,4881.0,5055.0,1734.0,10.0,318738
E09000022,Lambeth,3324.0,2024,1479.0,38694.0,-6672.0,45366.0,9055.0,3055.0,6000.0,1845.0,-46.0,316920
E09000023,Lewisham,,2011,,,,,,,,,,276938
E09000023,Lewisham,4940.0,2012,1507.0,23239.0,-1601.0,24840.0,6326.0,1725.0,4601.0,3433.0,516.0,281011
E09000023,Lewisham,4951.0,2013,1605.0,24182.0,-723.0,24905.0,6251.0,1949.0,4302.0,3346.0,473.0,286056
E09000023,Lewisham,4753.0,2014,1498.0,26080.0,-1037.0,27117.0,7010.0,2302.0,4708.0,3255.0,510.0,291086
E09000023,Lewisham,4763.0,2015,1540.0,26792.0,-1431.0,28223.0,6647.0,2057.0,4590.0,3223.0,429.0,295364
E09000023,Lewisham,4803.0,2016,1548.0,26322.0,-2151.0,28473.0,6883.0,1912.0,4971.0,3255.0,429.0,298809
E09000023,Lewisham,4731.0,2017,1504.0,27491.0,-2909.0,30400.0,5999.0,1383.0,4616.0,3227.0,414.0,300924
E09000023,Lewisham,4662.0,2018,1669.0,27332.0,-3113.0,30445.0,6440.0,1927.0,4513.0,2993.0,396.0,303127
E09000023,Lewisham,4419.0,2019,1514.0,28794.0,-2339.0,31133.0,6812.0,1761.0,5051.0,2905.0,452.0,305906
E09000023,Lewisham,4318.0,2020,1883.0,24041.0,-5314.0,29355.0,5280.0,653.0,4627.0,2435.0,489.0,304169
E09000023,Lewisham,3912.0,2021,1756.0,28840.0,-8672.0,37512.0,5328.0,1785.0,3543.0,2156.0,575.0,300013
E09000023,Lewisham,3939.0,2022,1565.0,26608.0,-6017.0,32625.0,6453.0,2795.0,3658.0,2374.0,-1.0,299164
E09000023,Lewisham,3723.0,2023,1701.0,26117.0,-5697.0,31814.0,7971.0,4752.0,3219.0,2022.0,-16.0,300225
E09000023,Lewisham,3633.0,2024,1649.0,27977.0,-4122.0,32099.0,7110.0,3172.0,3938.0,1984.0,-4.0,301255
E09000024,Merton,,2011,,,,,,,,,,200543
E09000024,Merton,3507.0,2012,1198.0,16910.0,40.0,16870.0,4911.0,1487.0,3424.0,2309.0,787.0,205166
E09000024,Merton,3474.0,2013,1228.0,16728.0,-1024.0,17752.0,4657.0,1399.0,3258.0,2246.0,742.0,208529
E09000024,Merton,3308.0,2014,1200.0,16845.0,-2481.0,19326.0,5471.0,2072.0,3399.0,2108.0,797.0,211025
E09000024,Merton,3330.0,2015,1311.0,16830.0,-2143.0,18973.0,5550.0,2126.0,3424.0,2019.0,764.0,213791
E09000024,Merton,3362.0,2016,1206.0,16077.0,-2910.0,18987.0,5843.0,1737.0,4106.0,2156.0,740.0,215514
E09000024,Merton,3168.0,2017,1224.0,18598.0,-3804.0,22402.0,4616.0,946.0,3670.0,1944.0,831.0,215431
E09000024,Merton,3160.0,2018,1294.0,18579.0,-3081.0,21660.0,4739.0,1129.0,3610.0,1866.0,826.0,216171
E09000024,Merton,2945.0,2019,1202.0,19602.0,-2383.0,21985.0,4793.0,819.0,3974.0,1743.0,869.0,217219
E09000024,Merton,2867.0,2020,1480.0,17636.0,-2443.0,20079.0,3640.0,80.0,3560.0,1387.0,858.0,217101
E09000024,Merton,2681.0,2021,1354.0,21482.0,-4779.0,26261.0,3935.0,714.0,3221.0,1327.0,1063.0,215426
E09000024,Merton,2741.0,2022,1263.0,19339.0,-3611.0,22950.0,4792.0,1804.0,2988.0,1478.0,8.0,215105
E09000024,Merton,2379.0,2023,1416.0,19304.0,-2652.0,21956.0,5782.0,3727.0,2055.0,963.0,-8.0,217135
E09000024,Merton,2503.0,2024,1302.0,20307.0,-2608.0,22915.0,5257.0,2812.0,2445.0,1201.0,-1.0,218539
E09000025,Newham,,2011,,,,,,,,,,310460
E09000025,Newham,6467.0,2012,1318.0,19402.0,-9764.0,29166.0,16064.0,5287.0,10777.0,5149.0,2618.0,313750
E09000025,Newham,6260.0,2013,1309.0,19516.0,-8705.0,28221.0,15050.0,4574.0,10476.0,4951.0,2382.0,316952
E09000025,Newham,6285.0,2014,1234.0,22653.0,-8838.0,31491.0,17902.0,7342.0,10560.0,5051.0,2477.0,322984
E09000025,Newham,5998.0,2015,1408.0,22718.0,-8372.0,31090.0,19353.0,9019.0,10334.0,4590.0,2101.0,330322
E09000025,Newham,6211.0,2016,1298.0,22061.0,-8811.0,30872.0,20325.0,6979.0,13346.0,4913.0,1934.0,335337
E09000025,Newham,5979.0,2017,1260.0,24835.0,-10895.0,35730.0,17189.0,7342.0,9847.0,4719.0,1830.0,338333
E09000025,Newham,5849.0,2018,1454.0,26164.0,-9338.0,35502.0,18103.0,9629.0,8474.0,4395.0,1551.0,344570
E09000025,Newham,5528.0,2019,1327.0,27013.0,-10626.0,37639.0,20361.0,10375.0,9986.0,4201.0,1266.0,349786
E09000025,Newham,5492.0,2020,1672.0,23908.0,-8962.0,32870.0,18241.0,4561.0,13680.0,3820.0,820.0,350025
E09000025,Newham,5292.0,2021,1785.0,30664.0,-11078.0,41742.0,17899.0,8424.0,9475.0,3507.0,378.0,351256
E09000025,Newham,5620.0,2022,1505.0,29845.0,-10684.0,40529.0,22253.0,12656.0,9597.0,4115.0,-16.0,357327
E09000025,Newham,5502.0,2023,1466.0,28651.0,-13059.0,41710.0,26610.0,19919.0,6691.0,4036.0,-29.0,368194
E09000025,Newham,5520.0,2024,1358.0,32615.0,-15049.0,47664.0,26134.0,17224.0,8910.0,4162.0,-8.0,374523
E09000026,Redbridge,,2011,,,,,,,,,,281395
E09000026,Redbridge,4769.0,2012,1751.0,18537.0,-2312.0,20849.0,5904.0,1886.0,4018.0,3018.0,1450.0,285437
E09000026,Redbridge,4706.0,2013,1832.0,18726.0,-1420.0,20146.0,5517.0,1652.0,3865.0,2874.0,1433.0,289976
E09000026,Redbridge,4592.0,2014,1626.0,21226.0,-1807.0,23033.0,7094.0,3100.0,3994.0,2966.0,1602.0,295837
E09000026,Redbridge,4801.0,2015,1863.0,19382.0,-3007.0,22389.0,7879.0,3738.0,4141.0,2938.0,1516.0,301022
E09000026,Redbridge,4743.0,2016,1826.0,18809.0,-4297.0,23106.0,8883.0,3231.0,5652.0,2917.0,1496.0,304369
E09000026,Redbridge,4808.0,2017,1714.0,21687.0,-7066.0,28753.0,8192.0,3873.0,4319.0,3094.0,1667.0,305937
E09000026,Redbridge,4622.0,2018,1787.0,22214.0,-5944.0,28158.0,8629.0,4394.0,4235.0,2835.0,1619.0,308841
E09000026,Redbridge,4457.0,2019,1668.0,22497.0,-5530.0,28027.0,8893.0,4164.0,4729.0,2789.0,1516.0,311780
E09000026,Redbridge,4432.0,2020,2084.0,19603.0,-4732.0,24335.0,7453.0,1060.0,6393.0,2348.0,1294.0,311750
E09000026,Redbridge,4293.0,2021,2125.0,22188.0,-7674.0,29862.0,7875.0,2624.0,5251.0,2168.0,1262.0,310130
E09000026,Redbridge,4261.0,2022,1934.0,22381.0,-6893.0,29274.0,10981.0,6072.0,4909.0,2327.0,-7.0,311629
E09000026,Redbridge,4135.0,2023,1874.0,21977.0,-8717.0,30694.0,14522.0,11400.0,3122.0,2261.0,-17.0,316556
E09000026,Redbridge,4298.0,2024,1718.0,25526.0,-7754.0,33280.0,13797.0,9842.0,3955.0,2580.0,7.0,321231
E09000027,Richmond upon Thames,,2011,,,,,,,,,,187527
E09000027,Richmond upon Thames,2980.0,2012,1182.0,14832.0,268.0,14564.0,2578.0,303.0,2275.0,1798.0,38.0,189934
E09000027,Richmond upon Thames,2826.0,2013,1299.0,15201.0,370.0,14831.0,2572.0,225.0,2347.0,1527.0,319.0,192375
E09000027,Richmond upon Thames,2698.0,2014,1132.0,15758.0,-102.0,15860.0,2722.0,331.0,2391.0,1566.0,322.0,194492
E09000027,Richmond upon Thames,2621.0,2015,1248.0,15092.0,-1495.0,16587.0,2831.0,240.0,2591.0,1373.0,356.0,194966
E09000027,Richmond upon Thames,2602.0,2016,1253.0,15385.0,-925.0,16310.0,3143.0,547.0,2596.0,1349.0,356.0,196293
E09000027,Richmond upon Thames,2468.0,2017,1192.0,16358.0,-1069.0,17427.0,2707.0,-76.0,2783.0,1276.0,425.0,196849
E09000027,Richmond upon Thames,2376.0,2018,1211.0,15901.0,-1264.0,17165.0,2779.0,-113.0,2892.0,1165.0,482.0,197119
E09000027,Richmond upon Thames,2272.0,2019,1171.0,16522.0,-429.0,16951.0,2950.0,-91.0,3041.0,1101.0,485.0,198185
E09000027,Richmond upon Thames,2076.0,2020,1371.0,14416.0,-1321.0,15737.0,2326.0,-325.0,2651.0,705.0,553.0,197797
E09000027,Richmond upon Thames,2054.0,2021,1249.0,17440.0,-4262.0,21702.0,2730.0,293.0,2437.0,805.0,682.0,195315
E09000027,Richmond upon Thames,1977.0,2022,1253.0,15437.0,-2508.0,17945.0,3733.0,1842.0,1891.0,724.0,-78.0,195295
E09000027,Richmond upon Thames,1716.0,2023,1350.0,15362.0,-1763.0,17125.0,3889.0,2167.0,1722.0,366.0,-4.0,196061
E09000027,Richmond upon Thames,1724.0,2024,1237.0,15452.0,-1181.0,16633.0,3205.0,1319.0,1886.0,487.0,-8.0,196678
E09000028,Southwark,,2011,,,,,,,,,,288717
E09000028,Southwark,5028.0,2012,1332.0,28273.0,-2024.0,30297.0,11227.0,3824.0,7403.0,3696.0,-1135.0,293078
E09000028,Southwark,4908.0,2013,1320.0,29236.0,-2218.0,31454.0,11579.0,4599.0,6980.0,3588.0,-1179.0,297868
E09000028,Southwark,4663.0,2014,1321.0,30859.0,-4317.0,35176.0,12188.0,4144.0,8044.0,3342.0,-1352.0,299685
E09000028,Southwark,4641.0,2015,1363.0,32547.0,-2319.0,34866.0,12419.0,4809.0,7610.0,3278.0,-1405.0,304048
E09000028,Southwark,4509.0,2016,1339.0,30358.0,-3916.0,34274.0,12468.0,4731.0,7737.0,3170.0,-1313.0,306720
E09000028,Southwark,4397.0,2017,1380.0,31910.0,-3360.0,35270.0,10240.0,2570.0,7670.0,3017.0,-1307.0,307640
E09000028,Southwark,4310.0,2018,1393.0,32299.0,-2997.0,35296.0,11693.0,4165.0,7528.0,2917.0,-1233.0,310492
E09000028,Southwark,4103.0,2019,1375.0,34626.0,-2753.0,37379.0,12146.0,3387.0,8759.0,2728.0,-1263.0,312591
E09000028,Southwark,3927.0,2020,1614.0,30307.0,-4182.0,34489.0,10181.0,2346.0,7835.0,2313.0,-1013.0,312055
E09000028,Southwark,3390.0,2021,1440.0,38292.0,-10067.0,48359.0,9509.0,4186.0,5323.0,1950.0,-1362.0,306762
E09000028,Southwark,3448.0,2022,1409.0,34331.0,-5092.0,39423.0,11560.0,5623.0,5937.0,2039.0,-5.0,309327
E09000028,Southwark,3393.0,2023,1495.0,32891.0,-5380.0,38271.0,13291.0,7670.0,5621.0,1898.0,-30.0,313485
E09000028,Southwark,3224.0,2024,1367.0,35190.0,-6040.0,41230.0,12353.0,5488.0,6865.0,1857.0,-4.0,314786
E09000029,Sutton,,2011,,,,,,,,,,191123
E09000029,Sutton,2835.0,2012,1360.0,11398.0,896.0,10502.0,1709.0,341.0,1368.0,1475.0,147.0,193982
E09000029,Sutton,2639.0,2013,1477.0,11190.0,996.0,10194.0,1556.0,373.0,1183.0,1162.0,165.0,196678
E09000029,Sutton,2642.0,2014,1484.0,11985.0,604.0,11381.0,1803.0,551.0,1252.0,1158.0,153.0,199144
E09000029,Sutton,2822.0,2015,1560.0,11858.0,86.0,11772.0,1912.0,569.0,1343.0,1262.0,147.0,201208
E09000029,Sutton,2684.0,2016,1444.0,11690.0,175.0,11515.0,2118.0,539.0,1579.0,1240.0,137.0,203299
E09000029,Sutton,2767.0,2017,1498.0,13793.0,-261.0,14054.0,1828.0,331.0,1497.0,1269.0,186.0,204824
E09000029,Sutton,2533.0,2018,1547.0,13487.0,-120.0,13607.0,1949.0,402.0,1547.0,986.0,194.0,206286
E09000029,Sutton,2523.0,2019,1500.0,13912.0,433.0,13479.0,2131.0,530.0,1601.0,1023.0,244.0,208516
E09000029,Sutton,2495.0,2020,1670.0,12354.0,293.0,12061.0,1743.0,-7.0,1750.0,825.0,294.0,209921
E09000029,Sutton,2297.0,2021,1691.0,14298.0,-1737.0,16035.0,1984.0,477.0,1507.0,606.0,350.0,209617
E09000029,Sutton,2314.0,2022,1540.0,12829.0,-2030.0,14859.0,3302.0,2019.0,1283.0,774.0,-11.0,210369
E09000029,Sutton,2132.0,2023,1644.0,13194.0,-1542.0,14736.0,4021.0,3016.0,1005.0,488.0,5.0,212336
E09000029,Sutton,2068.0,2024,1565.0,13761.0,-628.0,14389.0,3442.0,2311.0,1131.0,503.0,3.0,214525
E09000030,Tower Hamlets,,2011,,,,,,,,,,256012
E09000030,Tower Hamlets,4710.0,2012,1063.0,24580.0,-1940.0,26520.0,14545.0,6012.0,8533.0,3647.0,-1795.0,261936
E09000030,Tower Hamlets,4805.0,2013,1025.0,24947.0,-474.0,25421.0,15064.0,6609.0,8455.0,3780.0,-1557.0,270294
E09000030,Tower Hamlets,4520.0,2014,1007.0,27655.0,-1305.0,28960.0,16272.0,6203.0,10069.0,3513.0,-1645.0,277060
E09000030,Tower Hamlets,4587.0,2015,1086.0,27292.0,-2987.0,30279.0,16191.0,6593.0,9598.0,3501.0,-1493.0,282674
E09000030,Tower Hamlets,4597.0,2016,1094.0,26601.0,-3091.0,29692.0,16588.0,7275.0,9313.0,3503.0,-1350.0,289011
E09000030,Tower Hamlets,4600.0,2017,1084.0,28805.0,-2537.0,31342.0,14945.0,4872.0,10073.0,3516.0,-1336.0,293526
E09000030,Tower Hamlets,4504.0,2018,1122.0,29113.0,-2379.0,31492.0,17071.0,6780.0,10291.0,3382.0,-1259.0,300050
E09000030,Tower Hamlets,4331.0,2019,999.0,31816.0,-2090.0,33906.0,17313.0,5282.0,12031.0,3332.0,-1508.0,305066
E09000030,Tower Hamlets,4309.0,2020,1217.0,28782.0,-3162.0,31944.0,14603.0,3253.0,11350.0,3092.0,-1469.0,306780
E09000030,Tower Hamlets,4263.0,2021,1318.0,42556.0,-1618.0,44174.0,14036.0,6564.0,7472.0,2945.0,-1956.0,312715
E09000030,Tower Hamlets,4381.0,2022,1150.0,38125.0,-509.0,38634.0,17286.0,9473.0,7813.0,3231.0,-29.0,324881
E09000030,Tower Hamlets,3994.0,2023,1118.0,33314.0,-8299.0,41613.0,18105.0,9710.0,8395.0,2876.0,-25.0,329143
E09000030,Tower Hamlets,4384.0,2024,1094.0,35357.0,-7872.0,43229.0,17475.0,7289.0,10186.0,3290.0,36.0,331886
E09000031,Waltham Forest,,2011,,,,,,,,,,259742
E09000031,Waltham Forest,4892.0,2012,1476.0,16457.0,-3963.0,20420.0,8308.0,3668.0,4640.0,3416.0,712.0,263575
E09000031,Waltham Forest,4754.0,2013,1432.0,16312.0,-4168.0,20480.0,8910.0,4564.0,4346.0,3322.0,670.0,267963
E09000031,Waltham Forest,4540.0,2014,1379.0,17381.0,-6585.0,23966.0,10324.0,5405.0,4919.0,3161.0,662.0,270606
E09000031,Waltham Forest,4670.0,2015,1567.0,17088.0,-5938.0,23026.0,11441.0,6296.0,5145.0,3103.0,512.0,274579
E09000031,Waltham Forest,4762.0,2016,1414.0,17240.0,-4875.0,22115.0,11097.0,3599.0,7498.0,3348.0,430.0,277081
E09000031,Waltham Forest,4684.0,2017,1450.0,20724.0,-5939.0,26663.0,8694.0,3360.0,5334.0,3234.0,369.0,278105
E09000031,Waltham Forest,4505.0,2018,1403.0,20922.0,-5358.0,26280.0,8683.0,3652.0,5031.0,3102.0,294.0,279795
E09000031,Waltham Forest,4535.0,2019,1374.0,21930.0,-4766.0,26696.0,8387.0,2646.0,5741.0,3161.0,179.0,281015
E09000031,Waltham Forest,4372.0,2020,1642.0,19110.0,-4752.0,23862.0,5575.0,473.0,5102.0,2730.0,61.0,279527
E09000031,Waltham Forest,4129.0,2021,1610.0,24344.0,-5070.0,29414.0,5275.0,1281.0,3994.0,2519.0,-110.0,278147
E09000031,Waltham Forest,4148.0,2022,1470.0,22178.0,-5150.0,27328.0,5802.0,177.0,5625.0,2678.0,-5.0,275847
E09000031,Waltham Forest,3851.0,2023,1562.0,22629.0,-3749.0,26378.0,7057.0,4141.0,2916.0,2289.0,-22.0,278506
E09000031,Waltham Forest,3993.0,2024,1488.0,23573.0,-3919.0,27492.0,6207.0,2642.0,3565.0,2505.0,3.0,279737
E09000032,Wandsworth,,2011,,,,,,,,,,307710
E09000032,Wandsworth,5478.0,2012,1534.0,34243.0,-181.0,34424.0,9405.0,2535.0,6870.0,3944.0,-1746.0,312262
E09000032,Wandsworth,5269.0,2013,1543.0,34087.0,-107.0,34194.0,9184.0,2286.0,6898.0,3726.0,-1357.0,316810
E09000032,Wandsworth,5206.0,2014,1501.0,34570.0,-2028.0,36598.0,9741.0,2431.0,7310.0,3705.0,-1020.0,319898
E09000032,Wandsworth,5057.0,2015,1515.0,35221.0,-2066.0,37287.0,9507.0,2421.0,7086.0,3542.0,-1137.0,322658
E09000032,Wandsworth,4917.0,2016,1547.0,35145.0,-1530.0,36675.0,10123.0,2903.0,7220.0,3370.0,-988.0,326413
E09000032,Wandsworth,4821.0,2017,1479.0,40840.0,-345.0,41185.0,8632.0,1029.0,7603.0,3342.0,-946.0,329493
E09000032,Wandsworth,4672.0,2018,1560.0,40043.0,-1572.0,41615.0,9005.0,1133.0,7872.0,3112.0,-1097.0,331069
E09000032,Wandsworth,4608.0,2019,1472.0,43804.0,706.0,43098.0,9215.0,533.0,8682.0,3136.0,-886.0,334558
E09000032,Wandsworth,4393.0,2020,1797.0,38096.0,-2712.0,40808.0,6886.0,252.0,6634.0,2596.0,-1016.0,333678
E09000032,Wandsworth,4229.0,2021,1626.0,49523.0,-8095.0,57618.0,6472.0,1303.0,5169.0,2603.0,-1060.0,328429
E09000032,Wandsworth,3946.0,2022,1521.0,41127.0,-3145.0,44272.0,8262.0,2804.0,5458.0,2425.0,-66.0,330447
E09000032,Wandsworth,3939.0,2023,1639.0,40153.0,-2918.0,43071.0,8883.0,4057.0,4826.0,2300.0,-27.0,333859
E09000032,Wandsworth,3848.0,2024,1539.0,41963.0,-1056.0,43019.0,8221.0,2578.0,5643.0,2309.0,-35.0,337655
E09000033,Westminster,,2011,,,,,,,,,,219582
E09000033,Westminster,3008.0,2012,1122.0,21709.0,-4494.0,26203.0,12424.0,4159.0,8265.0,1886.0,-1594.0,219539
E09000033,Westminster,2832.0,2013,1126.0,19565.0,-8263.0,27828.0,12569.0,4357.0,8212.0,1706.0,-1432.0,215907
E09000033,Westminster,2574.0,2014,1024.0,22867.0,-5748.0,28615.0,13052.0,4265.0,8787.0,1550.0,-1633.0,214341
E09000033,Westminster,2685.0,2015,1178.0,24831.0,-3202.0,28033.0,13345.0,4875.0,8470.0,1507.0,-1645.0,215876
E09000033,Westminster,2656.0,2016,1156.0,22903.0,-7822.0,30725.0,13472.0,5273.0,8199.0,1500.0,-1634.0,213193
E09000033,Westminster,2597.0,2017,1101.0,19197.0,-6035.0,25232.0,11787.0,3223.0,8564.0,1496.0,-1418.0,210459
E09000033,Westminster,2506.0,2018,1168.0,19990.0,-4390.0,24380.0,13208.0,3896.0,9312.0,1338.0,-1435.0,209868
E09000033,Westminster,2376.0,2019,1049.0,20755.0,-4832.0,25587.0,14113.0,3581.0,10532.0,1327.0,-1529.0,208415
E09000033,Westminster,2241.0,2020,1296.0,18186.0,-5184.0,23370.0,12058.0,2841.0,9217.0,945.0,-1393.0,205624
E09000033,Westminster,2062.0,2021,1198.0,27090.0,-4385.0,31475.0,11836.0,5656.0,6180.0,864.0,-2000.0,205759
E09000033,Westminster,2059.0,2022,1080.0,24774.0,-2502.0,27276.0,14432.0,5079.0,9353.0,979.0,18.0,209333
E09000033,Westminster,1955.0,2023,1059.0,20449.0,-6149.0,26598.0,14709.0,6553.0,8156.0,896.0,32.0,210665
E09000033,Westminster,1872.0,2024,1060.0,21657.0,-4956.0,26613.0,12552.0,3446.0,9106.0,812.0,29.0,209996
N09000001,Antrim and Newtownabbey,,2011,,,,,,,,,,138651
N09000001,Antrim and Newtownabbey,1884.0,2012,1042.0,5155.0,30.0,5125.0,742.0,-36.0,778.0,842.0,-90.0,139397
N09000001,Antrim and Newtownabbey,1821.0,2013,1139.0,5072.0,278.0,4794.0,617.0,-311.0,928.0,682.0,-4.0,140042
N09000001,Antrim and Newtownabbey,1747.0,2014,1105.0,4900.0,-32.0,4932.0,678.0,-136.0,814.0,642.0,166.0,140682
N09000001,Antrim and Newtownabbey,1753.0,2015,1166.0,4768.0,36.0,4732.0,562.0,38.0,524.0,587.0,21.0,141364
N09000001,Antrim and Newtownabbey,1802.0,2016,1213.0,4975.0,233.0,4742.0,652.0,-70.0,722.0,589.0,22.0,142138
N09000001,Antrim and Newtownabbey,1683.0,2017,1166.0,5001.0,441.0,4560.0,557.0,-81.0,638.0,517.0,-19.0,142996
N09000001,Antrim and Newtownabbey,1652.0,2018,1242.0,4917.0,225.0,4692.0,741.0,185.0,556.0,410.0,136.0,143952
N09000001,Antrim and Newtownabbey,1629.0,2019,1134.0,5050.0,628.0,4422.0,745.0,225.0,520.0,495.0,-148.0,145152
N09000001,Antrim and Newtownabbey,1620.0,2020,1285.0,4279.0,92.0,4187.0,556.0,-61.0,617.0,335.0,45.0,145563
N09000001,Antrim and Newtownabbey,1544.0,2021,1364.0,5242.0,273.0,4969.0,529.0,-9.0,538.0,180.0,-155.0,145852
N09000001,Antrim and Newtownabbey,1562.0,2022,1319.0,4298.0,-158.0,4456.0,820.0,249.0,571.0,243.0,-38.0,146148
N09000001,Antrim and Newtownabbey,1488.0,2023,1357.0,4849.0,570.0,4279.0,1108.0,617.0,491.0,131.0,-168.0,147298
N09000001,Antrim and Newtownabbey,1417.0,2024,1369.0,4671.0,393.0,4278.0,994.0,393.0,601.0,48.0,-32.0,148100
N09000002,"Armagh City, Banbridge and Craigavon",,2011,,,,,,,,,,200298
N09000002,"Armagh City, Banbridge and Craigavon",3083.0,2012,1410.0,4657.0,-204.0,4861.0,1635.0,773.0,862.0,1673.0,20.0,202560
N09000002,"Armagh City, Banbridge and Craigavon",3018.0,2013,1498.0,4262.0,-489.0,4751.0,1505.0,661.0,844.0,1520.0,-180.0,204072
N09000002,"Armagh City, Banbridge and Craigavon",2928.0,2014,1480.0,4743.0,-46.0,4789.0,1680.0,960.0,720.0,1448.0,-293.0,206141
N09000002,"Armagh City, Banbridge and Craigavon",2899.0,2015,1541.0,4823.0,-35.0,4858.0,1899.0,1130.0,769.0,1358.0,-255.0,208339
N09000002,"Armagh City, Banbridge and Craigavon",3005.0,2016,1533.0,5197.0,295.0,4902.0,1856.0,973.0,883.0,1472.0,-155.0,210924
N09000002,"Armagh City, Banbridge and Craigavon",2895.0,2017,1598.0,5209.0,-4.0,5213.0,1442.0,745.0,697.0,1297.0,-327.0,212635
N09000002,"Armagh City, Banbridge and Craigavon",2901.0,2018,1721.0,5286.0,196.0,5090.0,1886.0,1131.0,755.0,1180.0,-255.0,214887
N09000002,"Armagh City, Banbridge and Craigavon",2776.0,2019,1536.0,5359.0,86.0,5273.0,1829.0,1030.0,799.0,1240.0,-174.0,217069
N09000002,"Armagh City, Banbridge and Craigavon",2668.0,2020,1622.0,4979.0,63.0,4916.0,1439.0,302.0,1137.0,1046.0,-318.0,218162
N09000002,"Armagh City, Banbridge and Craigavon",2575.0,2021,1806.0,5826.0,518.0,5308.0,1331.0,73.0,1258.0,769.0,-395.0,219127
N09000002,"Armagh City, Banbridge and Craigavon",2771.0,2022,1836.0,5003.0,-111.0,5114.0,1626.0,319.0,1307.0,935.0,1.0,220271
N09000002,"Armagh City, Banbridge and Craigavon",2446.0,2023,1756.0,5272.0,361.0,4911.0,1725.0,505.0,1220.0,690.0,-73.0,221754
N09000002,"Armagh City, Banbridge and Craigavon",2361.0,2024,1949.0,5411.0,501.0,4910.0,1534.0,354.0,1180.0,412.0,-510.0,222511
N09000003,Belfast,,2011,,,,,,,,,,333895
N09000003,Belfast,4983.0,2012,3124.0,14210.0,-1208.0,15418.0,4107.0,-323.0,4430.0,1859.0,99.0,334322
N09000003,Belfast,4769.0,2013,3115.0,15027.0,466.0,14561.0,4544.0,-955.0,5499.0,1654.0,394.0,335881
N09000003,Belfast,4686.0,2014,2912.0,14759.0,-675.0,15434.0,4710.0,456.0,4254.0,1774.0,436.0,337872
N09000003,Belfast,4623.0,2015,3268.0,16053.0,188.0,15865.0,4490.0,693.0,3797.0,1355.0,86.0,340194
N09000003,Belfast,4563.0,2016,3086.0,16164.0,-888.0,17052.0,4253.0,-482.0,4735.0,1477.0,810.0,341111
N09000003,Belfast,4470.0,2017,3193.0,16085.0,-929.0,17014.0,4254.0,-611.0,4865.0,1277.0,1067.0,341915
N09000003,Belfast,4202.0,2018,3201.0,17292.0,-439.0,17731.0,4989.0,916.0,4073.0,1001.0,297.0,343690
N09000003,Belfast,4237.0,2019,3132.0,17350.0,-645.0,17995.0,5660.0,578.0,5082.0,1105.0,663.0,345391
N09000003,Belfast,4053.0,2020,3451.0,16949.0,-766.0,17715.0,4584.0,-1207.0,5791.0,602.0,975.0,344994
N09000003,Belfast,3882.0,2021,3179.0,17014.0,-3971.0,20985.0,6266.0,1661.0,4605.0,703.0,1605.0,344992
N09000003,Belfast,3837.0,2022,3328.0,17091.0,-846.0,17937.0,7863.0,3351.0,4512.0,509.0,-1.0,348005
N09000003,Belfast,3639.0,2023,3442.0,17366.0,-2912.0,20278.0,7877.0,4893.0,2984.0,197.0,350.0,350533
N09000003,Belfast,3532.0,2024,3313.0,18527.0,-2323.0,20850.0,6515.0,3566.0,2949.0,219.0,395.0,352390
N09000004,Causeway Coast and Glens,,2011,,,,,,,,,,140907
N09000004,Causeway Coast and Glens,1724.0,2012,1061.0,4051.0,-409.0,4460.0,682.0,-26.0,708.0,663.0,12.0,141147
N09000004,Causeway Coast and Glens,1740.0,2013,1178.0,4502.0,-480.0,4982.0,639.0,-113.0,752.0,562.0,-16.0,141100
N09000004,Causeway Coast and Glens,1675.0,2014,1071.0,4567.0,-293.0,4860.0,632.0,-47.0,679.0,604.0,89.0,141453
N09000004,Causeway Coast and Glens,1776.0,2015,1148.0,4674.0,-132.0,4806.0,640.0,-68.0,708.0,628.0,171.0,142052
N09000004,Causeway Coast and Glens,1672.0,2016,1143.0,4742.0,-353.0,5095.0,650.0,-203.0,853.0,529.0,133.0,142158
N09000004,Causeway Coast and Glens,1624.0,2017,1242.0,4774.0,-345.0,5119.0,510.0,-137.0,647.0,382.0,238.0,142296
N09000004,Causeway Coast and Glens,1561.0,2018,1244.0,4637.0,-384.0,5021.0,379.0,-43.0,422.0,317.0,218.0,142404
N09000004,Causeway Coast and Glens,1557.0,2019,1211.0,4723.0,47.0,4676.0,414.0,-54.0,468.0,346.0,33.0,142776
N09000004,Causeway Coast and Glens,1506.0,2020,1326.0,3997.0,-779.0,4776.0,385.0,-159.0,544.0,180.0,489.0,142507
N09000004,Causeway Coast and Glens,1420.0,2021,1330.0,4639.0,-518.0,5157.0,353.0,-244.0,597.0,90.0,-171.0,141664
N09000004,Causeway Coast and Glens,1496.0,2022,1444.0,4025.0,-319.0,4344.0,483.0,-79.0,562.0,52.0,-2.0,141316
N09000004,Causeway Coast and Glens,1311.0,2023,1439.0,4327.0,322.0,4005.0,803.0,257.0,546.0,-128.0,-34.0,141733
N09000004,Causeway Coast and Glens,1340.0,2024,1420.0,4137.0,-140.0,4277.0,871.0,334.0,537.0,-80.0,107.0,141954
N09000005,Derry City and Strabane,,2011,,,,,,,,,,148191
N09000005,Derry City and Strabane,2190.0,2012,1084.0,3023.0,-406.0,3429.0,737.0,-237.0,974.0,1106.0,12.0,148666
N09000005,Derry City and Strabane,2039.0,2013,1075.0,3157.0,-635.0,3792.0,643.0,-243.0,886.0,964.0,-31.0,148721
N09000005,Derry City and Strabane,2045.0,2014,1015.0,3299.0,-575.0,3874.0,683.0,-120.0,803.0,1030.0,251.0,149307
N09000005,Derry City and Strabane,2073.0,2015,1108.0,3321.0,-699.0,4020.0,569.0,-137.0,706.0,965.0,153.0,149589
N09000005,Derry City and Strabane,2071.0,2016,1137.0,3566.0,-578.0,4144.0,618.0,-10.0,628.0,934.0,324.0,150259
N09000005,Derry City and Strabane,1947.0,2017,1201.0,3835.0,-451.0,4286.0,468.0,-120.0,588.0,746.0,155.0,150589
N09000005,Derry City and Strabane,1950.0,2018,1239.0,3706.0,-585.0,4291.0,441.0,-90.0,531.0,711.0,87.0,150712
N09000005,Derry City and Strabane,1879.0,2019,1190.0,3989.0,-282.0,4271.0,589.0,16.0,573.0,689.0,101.0,151236
N09000005,Derry City and Strabane,1809.0,2020,1211.0,3579.0,-893.0,4472.0,472.0,-84.0,556.0,598.0,-26.0,150831
N09000005,Derry City and Strabane,1861.0,2021,1364.0,4067.0,-676.0,4743.0,648.0,77.0,571.0,497.0,105.0,150834
N09000005,Derry City and Strabane,1823.0,2022,1369.0,3513.0,-614.0,4127.0,842.0,163.0,679.0,454.0,-1.0,150836
N09000005,Derry City and Strabane,1601.0,2023,1268.0,3873.0,-58.0,3931.0,1184.0,443.0,741.0,333.0,-695.0,150859
N09000005,Derry City and Strabane,1642.0,2024,1454.0,4220.0,-11.0,4231.0,1045.0,385.0,660.0,188.0,962.0,152383
N09000006,Fermanagh and Omagh,,2011,,,,,,,,,,113501
N09000006,Fermanagh and Omagh,1552.0,2012,792.0,2751.0,-122.0,2873.0,734.0,12.0,722.0,760.0,11.0,114162
N09000006,Fermanagh and Omagh,1447.0,2013,899.0,2696.0,-457.0,3153.0,711.0,21.0,690.0,548.0,-55.0,114219
N09000006,Fermanagh and Omagh,1452.0,2014,939.0,2648.0,-155.0,2803.0,745.0,243.0,502.0,513.0,-35.0,114785
N09000006,Fermanagh and Omagh,1449.0,2015,934.0,2501.0,-343.0,2844.0,696.0,69.0,627.0,515.0,31.0,115057
N09000006,Fermanagh and Omagh,1518.0,2016,957.0,2831.0,-117.0,2948.0,688.0,102.0,586.0,561.0,-147.0,115456
N09000006,Fermanagh and Omagh,1487.0,2017,976.0,3303.0,-154.0,3457.0,565.0,96.0,469.0,511.0,-49.0,115859
N09000006,Fermanagh and Omagh,1527.0,2018,968.0,2976.0,-258.0,3234.0,575.0,185.0,390.0,559.0,-16.0,116329
N09000006,Fermanagh and Omagh,1413.0,2019,926.0,2971.0,-432.0,3403.0,861.0,373.0,488.0,487.0,40.0,116797
N09000006,Fermanagh and Omagh,1393.0,2020,1004.0,2920.0,-428.0,3348.0,514.0,-72.0,586.0,389.0,-93.0,116594
N09000006,Fermanagh and Omagh,1383.0,2021,1020.0,3456.0,94.0,3362.0,615.0,32.0,583.0,363.0,-157.0,116926
N09000006,Fermanagh and Omagh,1312.0,2022,1080.0,2949.0,-317.0,3266.0,746.0,151.0,595.0,232.0,2.0,116994
N09000006,Fermanagh and Omagh,1294.0,2023,1071.0,3079.0,68.0,3011.0,900.0,67.0,833.0,223.0,-157.0,117195
N09000006,Fermanagh and Omagh,1228.0,2024,998.0,3087.0,28.0,3059.0,848.0,153.0,695.0,230.0,81.0,117687
N09000007,Lisburn and Castlereagh,,2011,,,,,,,,,,135280
N09000007,Lisburn and Castlereagh,1803.0,2012,1050.0,6256.0,707.0,5549.0,551.0,9.0,542.0,753.0,-251.0,136498
N09000007,Lisburn and Castlereagh,1676.0,2013,1119.0,5568.0,599.0,4969.0,503.0,-11.0,514.0,557.0,-442.0,137201
N09000007,Lisburn and Castlereagh,1720.0,2014,1051.0,6237.0,1012.0,5225.0,476.0,36.0,440.0,669.0,268.0,139186
N09000007,Lisburn and Castlereagh,1729.0,2015,1129.0,6207.0,990.0,5217.0,460.0,32.0,428.0,600.0,130.0,140938
N09000007,Lisburn and Castlereagh,1719.0,2016,1116.0,6180.0,834.0,5346.0,454.0,-162.0,616.0,603.0,-125.0,142088
N09000007,Lisburn and Castlereagh,1728.0,2017,1218.0,6311.0,1211.0,5100.0,458.0,55.0,403.0,510.0,-127.0,143737
N09000007,Lisburn and Castlereagh,1808.0,2018,1230.0,6541.0,1243.0,5298.0,532.0,87.0,445.0,578.0,-1.0,145644
N09000007,Lisburn and Castlereagh,1771.0,2019,1118.0,6660.0,1220.0,5440.0,528.0,65.0,463.0,653.0,-115.0,147467
N09000007,Lisburn and Castlereagh,1697.0,2020,1246.0,5706.0,659.0,5047.0,528.0,-96.0,624.0,451.0,-379.0,148102
N09000007,Lisburn and Castlereagh,1676.0,2021,1253.0,7086.0,539.0,6547.0,661.0,60.0,601.0,423.0,148.0,149272
N09000007,Lisburn and Castlereagh,1657.0,2022,1397.0,5761.0,320.0,5441.0,748.0,113.0,635.0,260.0,-50.0,149915
N09000007,Lisburn and Castlereagh,1587.0,2023,1283.0,5917.0,485.0,5432.0,777.0,24.0,753.0,304.0,94.0,150822
N09000007,Lisburn and Castlereagh,1642.0,2024,1281.0,5977.0,715.0,5262.0,671.0,-15.0,686.0,361.0,-214.0,151669
N09000008,Mid and East Antrim,,2011,,,,,,,,,,135365
N09000008,Mid and East Antrim,1600.0,2012,1137.0,3471.0,-154.0,3625.0,607.0,152.0,455.0,463.0,11.0,135837
N09000008,Mid and East Antrim,1543.0,2013,1225.0,3469.0,-335.0,3804.0,651.0,247.0,404.0,318.0,-84.0,135983
N09000008,Mid and East Antrim,1543.0,2014,1176.0,3558.0,63.0,3495.0,768.0,335.0,433.0,367.0,-138.0,136610
N09000008,Mid and East Antrim,1561.0,2015,1237.0,3462.0,-227.0,3689.0,882.0,415.0,467.0,324.0,-37.0,137085
N09000008,Mid and East Antrim,1538.0,2016,1280.0,3705.0,-42.0,3747.0,948.0,585.0,363.0,258.0,-168.0,137718
N09000008,Mid and East Antrim,1570.0,2017,1288.0,3688.0,74.0,3614.0,610.0,-4.0,614.0,282.0,-51.0,138019
N09000008,Mid and East Antrim,1525.0,2018,1391.0,3631.0,-24.0,3655.0,924.0,497.0,427.0,134.0,-34.0,138592
N09000008,Mid and East Antrim,1438.0,2019,1254.0,3779.0,-55.0,3834.0,808.0,303.0,505.0,184.0,42.0,139066
N09000008,Mid and East Antrim,1408.0,2020,1377.0,3490.0,37.0,3453.0,545.0,-141.0,686.0,31.0,141.0,139134
N09000008,Mid and East Antrim,1427.0,2021,1475.0,4290.0,134.0,4156.0,646.0,150.0,496.0,-48.0,-243.0,139127
N09000008,Mid and East Antrim,1305.0,2022,1414.0,3725.0,62.0,3663.0,756.0,120.0,636.0,-109.0,0.0,139200
N09000008,Mid and East Antrim,1386.0,2023,1458.0,3849.0,143.0,3706.0,885.0,158.0,727.0,-72.0,411.0,139840
N09000008,Mid and East Antrim,1325.0,2024,1436.0,3896.0,318.0,3578.0,1141.0,384.0,757.0,-111.0,-518.0,139913
N09000009,Mid Ulster,,2011,,,,,,,,,,139011
N09000009,Mid Ulster,2091.0,2012,889.0,3164.0,-356.0,3520.0,1426.0,576.0,850.0,1202.0,33.0,140466
N09000009,Mid Ulster,2213.0,2013,943.0,3142.0,-361.0,3503.0,1384.0,398.0,986.0,1270.0,-222.0,141551
N09000009,Mid Ulster,2143.0,2014,926.0,3178.0,-114.0,3292.0,1317.0,668.0,649.0,1217.0,-105.0,143217
N09000009,Mid Ulster,2128.0,2015,990.0,3195.0,-397.0,3592.0,1398.0,698.0,700.0,1138.0,-252.0,144404
N09000009,Mid Ulster,2172.0,2016,1001.0,3615.0,-31.0,3646.0,1200.0,638.0,562.0,1171.0,-308.0,145874
N09000009,Mid Ulster,2172.0,2017,1048.0,4155.0,-20.0,4175.0,951.0,258.0,693.0,1124.0,-234.0,147002
N09000009,Mid Ulster,2115.0,2018,1092.0,3831.0,-188.0,4019.0,969.0,439.0,530.0,1023.0,-248.0,148028
N09000009,Mid Ulster,2033.0,2019,1018.0,3961.0,-151.0,4112.0,1141.0,561.0,580.0,1015.0,-223.0,149230
N09000009,Mid Ulster,2058.0,2020,1058.0,3678.0,4.0,3674.0,818.0,-130.0,948.0,1000.0,-357.0,149747
N09000009,Mid Ulster,2056.0,2021,1145.0,4015.0,281.0,3734.0,732.0,20.0,712.0,911.0,-361.0,150598
N09000009,Mid Ulster,1965.0,2022,1250.0,3310.0,-449.0,3759.0,1061.0,137.0,924.0,715.0,0.0,151001
N09000009,Mid Ulster,1913.0,2023,1156.0,3719.0,179.0,3540.0,1403.0,107.0,1296.0,757.0,-38.0,152006
N09000009,Mid Ulster,1856.0,2024,1200.0,3426.0,-30.0,3456.0,1323.0,255.0,1068.0,656.0,-169.0,152718
N09000010,"Newry, Mourne and Down",,2011,,,,,,,,,,172276
N09000010,"Newry, Mourne and Down",2561.0,2012,1242.0,4131.0,-73.0,4204.0,1058.0,259.0,799.0,1319.0,-27.0,173754
N09000010,"Newry, Mourne and Down",2504.0,2013,1286.0,4217.0,-151.0,4368.0,991.0,208.0,783.0,1218.0,-78.0,174951
N09000010,"Newry, Mourne and Down",2512.0,2014,1271.0,4250.0,-436.0,4686.0,1143.0,455.0,688.0,1241.0,-654.0,175557
N09000010,"Newry, Mourne and Down",2468.0,2015,1334.0,4230.0,-463.0,4693.0,1060.0,486.0,574.0,1134.0,-155.0,176559
N09000010,"Newry, Mourne and Down",2565.0,2016,1335.0,4522.0,-92.0,4614.0,1178.0,446.0,732.0,1230.0,-126.0,178017
N09000010,"Newry, Mourne and Down",2433.0,2017,1402.0,4606.0,-97.0,4703.0,1020.0,540.0,480.0,1031.0,-292.0,179199
N09000010,"Newry, Mourne and Down",2323.0,2018,1387.0,4445.0,-295.0,4740.0,1141.0,496.0,645.0,936.0,-131.0,180205
N09000010,"Newry, Mourne and Down",2372.0,2019,1350.0,4576.0,-42.0,4618.0,1124.0,516.0,608.0,1022.0,-173.0,181528
N09000010,"Newry, Mourne and Down",2197.0,2020,1483.0,4320.0,-230.0,4550.0,907.0,-54.0,961.0,714.0,-275.0,181683
N09000010,"Newry, Mourne and Down",2255.0,2021,1590.0,5066.0,147.0,4919.0,1005.0,128.0,877.0,665.0,-278.0,182345
N09000010,"Newry, Mourne and Down",2241.0,2022,1519.0,4158.0,-674.0,4832.0,1169.0,241.0,928.0,722.0,0.0,182634
N09000010,"Newry, Mourne and Down",2004.0,2023,1603.0,4612.0,35.0,4577.0,1284.0,94.0,1190.0,401.0,265.0,183429
N09000010,"Newry, Mourne and Down",2064.0,2024,1617.0,4393.0,-335.0,4728.0,1161.0,1.0,1160.0,447.0,-427.0,183115
N09000011,Ards and North Down,,2011,,,,,,,,,,156943
N09000011,Ards and North Down,1853.0,2012,1404.0,4241.0,438.0,3803.0,643.0,69.0,574.0,449.0,-105.0,157794
N09000011,Ards and North Down,1757.0,2013,1491.0,4060.0,114.0,3946.0,548.0,-87.0,635.0,266.0,-131.0,157956
N09000011,Ards and North Down,1734.0,2014,1391.0,4489.0,585.0,3904.0,468.0,-92.0,560.0,343.0,-416.0,158376
N09000011,Ards and North Down,1728.0,2015,1548.0,4230.0,319.0,3911.0,437.0,-45.0,482.0,180.0,532.0,159362
N09000011,Ards and North Down,1754.0,2016,1540.0,4545.0,739.0,3806.0,501.0,66.0,435.0,214.0,-82.0,160299
N09000011,Ards and North Down,1589.0,2017,1569.0,4439.0,867.0,3572.0,475.0,100.0,375.0,20.0,-355.0,160931
N09000011,Ards and North Down,1492.0,2018,1650.0,4401.0,724.0,3677.0,523.0,219.0,304.0,-158.0,100.0,161816
N09000011,Ards and North Down,1542.0,2019,1480.0,4398.0,740.0,3658.0,492.0,186.0,306.0,62.0,3.0,162807
N09000011,Ards and North Down,1490.0,2020,1628.0,4125.0,715.0,3410.0,433.0,-120.0,553.0,-138.0,-58.0,163206
N09000011,Ards and North Down,1445.0,2021,1629.0,5169.0,788.0,4381.0,510.0,40.0,470.0,-184.0,-23.0,163827
N09000011,Ards and North Down,1499.0,2022,1756.0,4149.0,400.0,3749.0,808.0,255.0,553.0,-257.0,-2.0,164223
N09000011,Ards and North Down,1392.0,2023,1768.0,4485.0,768.0,3717.0,851.0,397.0,454.0,-376.0,-99.0,164913
N09000011,Ards and North Down,1378.0,2024,1818.0,4316.0,682.0,3634.0,748.0,161.0,587.0,-440.0,99.0,165415
S12000005,Clackmannanshire,,2011,,,,,,,,,,51500
S12000005,Clackmannanshire,619.0,2012,472.0,1370.0,-180.0,1550.0,170.0,10.0,160.0,147.0,-127.0,51350
S12000005,Clackmannanshire,596.0,2013,552.0,1550.0,-20.0,1570.0,160.0,10.0,150.0,44.0,26.0,51400
S12000005,Clackmannanshire,528.0,2014,491.0,1590.0,-50.0,1640.0,160.0,30.0,130.0,37.0,-37.0,51390
S12000005,Clackmannanshire,533.0,2015,535.0,1760.0,140.0,1620.0,140.0,20.0,120.0,-2.0,12.0,51560
S12000005,Clackmannanshire,535.0,2016,551.0,1600.0,-50.0,1650.0,220.0,60.0,160.0,-16.0,-14.0,51540
S12000005,Clackmannanshire,530.0,2017,537.0,1690.0,40.0,1650.0,270.0,90.0,180.0,-7.0,-33.0,51630
S12000005,Clackmannanshire,521.0,2018,566.0,1630.0,0.0,1630.0,180.0,-50.0,230.0,-45.0,15.0,51540
S12000005,Clackmannanshire,423.0,2019,534.0,1600.0,110.0,1490.0,210.0,20.0,190.0,-111.0,101.0,51660
S12000005,Clackmannanshire,438.0,2020,660.0,1430.0,120.0,1310.0,200.0,-20.0,220.0,-222.0,-138.0,51400
S12000005,Clackmannanshire,455.0,2021,616.0,1970.0,260.0,1710.0,190.0,-10.0,200.0,-161.0,111.0,51600
S12000005,Clackmannanshire,465.0,2022,632.0,1680.0,200.0,1480.0,320.0,100.0,220.0,-167.0,17.0,51750
S12000005,Clackmannanshire,445.0,2023,700.0,1630.0,170.0,1460.0,400.0,310.0,90.0,-255.0,45.0,52020
S12000005,Clackmannanshire,440.0,2024,606.0,1550.0,80.0,1470.0,270.0,160.0,110.0,-166.0,-4.0,52110
S12000006,Dumfries and Galloway,,2011,,,,,,,,,,151410
S12000006,Dumfries and Galloway,1367.0,2012,1766.0,3590.0,150.0,3440.0,280.0,-340.0,620.0,-399.0,-161.0,150660
S12000006,Dumfries and Galloway,1357.0,2013,1904.0,3780.0,330.0,3450.0,240.0,-350.0,600.0,-547.0,-123.0,149960
S12000006,Dumfries and Galloway,1279.0,2014,1857.0,3840.0,600.0,3240.0,230.0,-300.0,530.0,-578.0,-192.0,149490
S12000006,Dumfries and Galloway,1291.0,2015,1917.0,3640.0,390.0,3250.0,220.0,-300.0,530.0,-626.0,-144.0,148820
S12000006,Dumfries and Galloway,1292.0,2016,1834.0,3550.0,380.0,3170.0,420.0,-160.0,570.0,-542.0,-108.0,148390
S12000006,Dumfries and Galloway,1255.0,2017,1897.0,3770.0,440.0,3330.0,370.0,-230.0,600.0,-642.0,-148.0,147810
S12000006,Dumfries and Galloway,1257.0,2018,2047.0,3760.0,560.0,3200.0,310.0,-450.0,760.0,-790.0,-140.0,146990
S12000006,Dumfries and Galloway,1149.0,2019,1840.0,3950.0,840.0,3110.0,360.0,-250.0,610.0,-691.0,-79.0,146810
S12000006,Dumfries and Galloway,1152.0,2020,2049.0,3270.0,670.0,2600.0,320.0,-340.0,670.0,-897.0,-143.0,146090
S12000006,Dumfries and Galloway,1107.0,2021,2075.0,4970.0,1560.0,3410.0,330.0,-270.0,600.0,-968.0,-172.0,146250
S12000006,Dumfries and Galloway,1113.0,2022,2173.0,3910.0,870.0,3040.0,500.0,-110.0,600.0,-1060.0,-170.0,145770
S12000006,Dumfries and Galloway,1073.0,2023,2209.0,3720.0,770.0,2950.0,670.0,490.0,180.0,-1136.0,-4.0,145890
S12000006,Dumfries and Galloway,1105.0,2024,2095.0,3600.0,590.0,3010.0,570.0,380.0,190.0,-990.0,0.0,145860
S12000008,East Ayrshire,,2011,,,,,,,,,,122690
S12000008,East Ayrshire,1418.0,2012,1290.0,2950.0,50.0,2900.0,160.0,-160.0,320.0,128.0,-88.0,122620
S12000008,East Ayrshire,1328.0,2013,1403.0,3130.0,140.0,2990.0,120.0,-190.0,310.0,-75.0,-215.0,122270
S12000008,East Ayrshire,1249.0,2014,1416.0,3110.0,60.0,3050.0,130.0,-150.0,270.0,-167.0,-153.0,121870
S12000008,East Ayrshire,1318.0,2015,1448.0,3230.0,110.0,3120.0,130.0,-140.0,270.0,-130.0,-90.0,121620
S12000008,East Ayrshire,1313.0,2016,1329.0,3270.0,180.0,3090.0,190.0,-130.0,310.0,-16.0,-84.0,121580
S12000008,East Ayrshire,1203.0,2017,1466.0,3240.0,70.0,3170.0,250.0,-100.0,350.0,-263.0,-137.0,121150
S12000008,East Ayrshire,1202.0,2018,1529.0,3300.0,340.0,2960.0,200.0,-230.0,430.0,-327.0,-113.0,120810
S12000008,East Ayrshire,1135.0,2019,1452.0,3410.0,520.0,2890.0,250.0,-80.0,340.0,-317.0,-53.0,120870
S12000008,East Ayrshire,1177.0,2020,1585.0,2670.0,230.0,2440.0,200.0,-200.0,400.0,-408.0,-162.0,120340
S12000008,East Ayrshire,1083.0,2021,1576.0,3830.0,920.0,2910.0,200.0,-170.0,370.0,-493.0,-97.0,120500
S12000008,East Ayrshire,1085.0,2022,1658.0,3310.0,790.0,2520.0,300.0,-60.0,360.0,-573.0,-247.0,120400
S12000008,East Ayrshire,1031.0,2023,1667.0,3380.0,800.0,2580.0,390.0,290.0,100.0,-636.0,16.0,120870
S12000008,East Ayrshire,1076.0,2024,1556.0,3250.0,830.0,2420.0,360.0,250.0,110.0,-480.0,20.0,121480
S12000010,East Lothian,,2011,,,,,,,,,,99920
S12000010,East Lothian,1132.0,2012,953.0,3640.0,630.0,3010.0,640.0,370.0,270.0,179.0,-19.0,101080
S12000010,East Lothian,1068.0,2013,1076.0,3540.0,580.0,2960.0,530.0,260.0,270.0,-8.0,-12.0,101900
S12000010,East Lothian,1019.0,2014,1011.0,3830.0,740.0,3090.0,520.0,260.0,250.0,8.0,-38.0,102880
S12000010,East Lothian,1032.0,2015,1052.0,4000.0,860.0,3140.0,600.0,400.0,200.0,-20.0,-10.0,104110
S12000010,East Lothian,1090.0,2016,1027.0,3550.0,670.0,2880.0,720.0,320.0,400.0,63.0,7.0,105170
S12000010,East Lothian,996.0,2017,1054.0,3810.0,650.0,3160.0,740.0,340.0,390.0,-58.0,-42.0,106080
S12000010,East Lothian,979.0,2018,1180.0,4080.0,980.0,3100.0,760.0,250.0,510.0,-201.0,-39.0,107070
S12000010,East Lothian,1010.0,2019,985.0,4080.0,1050.0,3030.0,810.0,410.0,400.0,25.0,-45.0,108510
S12000010,East Lothian,962.0,2020,1132.0,3810.0,980.0,2830.0,750.0,250.0,510.0,-170.0,-50.0,109510
S12000010,East Lothian,953.0,2021,1098.0,5250.0,1760.0,3490.0,700.0,280.0,420.0,-145.0,-65.0,111340
S12000010,East Lothian,1040.0,2022,1234.0,3980.0,940.0,3040.0,850.0,460.0,390.0,-194.0,-86.0,112460
S12000010,East Lothian,950.0,2023,1278.0,4290.0,1260.0,3030.0,670.0,400.0,270.0,-328.0,8.0,113810
S12000010,East Lothian,955.0,2024,1228.0,4190.0,1310.0,2880.0,620.0,310.0,320.0,-273.0,13.0,115180
S12000011,East Renfrewshire,,2011,,,,,,,,,,90810
S12000011,East Renfrewshire,863.0,2012,808.0,3190.0,280.0,2910.0,280.0,-60.0,330.0,55.0,-35.0,91060
S12000011,East Renfrewshire,843.0,2013,898.0,3630.0,730.0,2900.0,260.0,-60.0,320.0,-55.0,-25.0,91660
S12000011,East Renfrewshire,863.0,2014,856.0,3700.0,930.0,2770.0,250.0,-20.0,270.0,7.0,-47.0,92530
S12000011,East Renfrewshire,836.0,2015,949.0,3840.0,680.0,3160.0,280.0,10.0,260.0,-113.0,-27.0,93090
S12000011,East Renfrewshire,891.0,2016,848.0,3900.0,770.0,3130.0,380.0,0.0,380.0,43.0,-23.0,93880
S12000011,East Renfrewshire,891.0,2017,896.0,3950.0,1000.0,2950.0,390.0,-20.0,410.0,-5.0,-45.0,94810
S12000011,East Renfrewshire,852.0,2018,968.0,3690.0,600.0,3090.0,340.0,-170.0,510.0,-116.0,-54.0,95070
S12000011,East Renfrewshire,854.0,2019,870.0,3430.0,350.0,3080.0,440.0,60.0,380.0,-16.0,-54.0,95410
S12000011,East Renfrewshire,808.0,2020,1020.0,3350.0,780.0,2570.0,400.0,-100.0,500.0,-212.0,-58.0,95820
S12000011,East Renfrewshire,776.0,2021,947.0,4140.0,590.0,3550.0,470.0,40.0,420.0,-171.0,-69.0,96210
S12000011,East Renfrewshire,789.0,2022,978.0,3760.0,930.0,2830.0,660.0,300.0,360.0,-189.0,-81.0,97170
S12000011,East Renfrewshire,768.0,2023,977.0,3850.0,1290.0,2560.0,690.0,520.0,160.0,-209.0,-1.0,98760
S12000011,East Renfrewshire,803.0,2024,957.0,3670.0,840.0,2830.0,560.0,380.0,180.0,-154.0,4.0,99830
S12000013,Na h-Eileanan Siar,,2011,,,,,,,,,,27690
S12000013,Na h-Eileanan Siar,247.0,2012,377.0,820.0,50.0,770.0,60.0,-40.0,110.0,-130.0,-30.0,27540
S12000013,Na h-Eileanan Siar,237.0,2013,386.0,830.0,40.0,790.0,50.0,-50.0,110.0,-149.0,-31.0,27350
S12000013,Na h-Eileanan Siar,257.0,2014,308.0,790.0,-40.0,830.0,60.0,-40.0,100.0,-51.0,-39.0,27180
S12000013,Na h-Eileanan Siar,210.0,2015,386.0,820.0,-10.0,830.0,60.0,-30.0,90.0,-176.0,-34.0,26930
S12000013,Na h-Eileanan Siar,229.0,2016,336.0,760.0,-90.0,850.0,100.0,-10.0,100.0,-107.0,-33.0,26700
S12000013,Na h-Eileanan Siar,240.0,2017,351.0,930.0,150.0,780.0,100.0,-10.0,110.0,-111.0,-29.0,26690
S12000013,Na h-Eileanan Siar,210.0,2018,353.0,810.0,40.0,770.0,80.0,-60.0,140.0,-143.0,-27.0,26500
S12000013,Na h-Eileanan Siar,189.0,2019,341.0,800.0,60.0,740.0,70.0,-30.0,110.0,-152.0,-28.0,26340
S12000013,Na h-Eileanan Siar,203.0,2020,375.0,680.0,20.0,660.0,60.0,-40.0,110.0,-172.0,-58.0,26080
S12000013,Na h-Eileanan Siar,172.0,2021,362.0,1060.0,340.0,720.0,70.0,-30.0,100.0,-190.0,-40.0,26160
S12000013,Na h-Eileanan Siar,202.0,2022,423.0,930.0,250.0,680.0,90.0,-20.0,100.0,-221.0,-39.0,26120
S12000013,Na h-Eileanan Siar,164.0,2023,424.0,810.0,150.0,660.0,70.0,40.0,30.0,-260.0,0.0,26040
S12000013,Na h-Eileanan Siar,173.0,2024,393.0,850.0,160.0,690.0,60.0,30.0,30.0,-220.0,0.0,26020
S12000014,Falkirk,,2011,,,,,,,,,,156250
S12000014,Falkirk,1841.0,2012,1556.0,3510.0,320.0,3190.0,340.0,-40.0,380.0,285.0,-235.0,156580
S12000014,Falkirk,1653.0,2013,1604.0,3890.0,530.0,3360.0,270.0,-100.0,370.0,49.0,-199.0,156860
S12000014,Falkirk,1683.0,2014,1463.0,3890.0,460.0,3430.0,330.0,10.0,320.0,220.0,-280.0,157270
S12000014,Falkirk,1664.0,2015,1617.0,4110.0,660.0,3450.0,350.0,60.0,290.0,47.0,-157.0,157880
S12000014,Falkirk,1595.0,2016,1643.0,4170.0,790.0,3380.0,580.0,170.0,410.0,-48.0,-122.0,158660
S12000014,Falkirk,1567.0,2017,1751.0,4280.0,870.0,3410.0,520.0,30.0,490.0,-184.0,-136.0,159240
S12000014,Falkirk,1541.0,2018,1742.0,3960.0,410.0,3550.0,400.0,-150.0,550.0,-201.0,-199.0,159090
S12000014,Falkirk,1477.0,2019,1703.0,4190.0,680.0,3510.0,510.0,50.0,460.0,-226.0,-74.0,159530
S12000014,Falkirk,1433.0,2020,1948.0,3310.0,330.0,2980.0,420.0,-130.0,550.0,-515.0,-225.0,158990
S12000014,Falkirk,1414.0,2021,1852.0,4150.0,460.0,3690.0,400.0,-80.0,490.0,-438.0,-172.0,158760
S12000014,Falkirk,1479.0,2022,1920.0,3550.0,140.0,3410.0,700.0,170.0,530.0,-441.0,-179.0,158450
S12000014,Falkirk,1381.0,2023,2009.0,3700.0,290.0,3410.0,1150.0,910.0,240.0,-628.0,-2.0,159020
S12000014,Falkirk,1316.0,2024,1877.0,3990.0,540.0,3450.0,1110.0,830.0,280.0,-561.0,201.0,160020
S12000017,Highland,,2011,,,,,,,,,,232730
S12000017,Highland,2406.0,2012,2358.0,6390.0,290.0,6100.0,970.0,80.0,880.0,48.0,-158.0,233000
S12000017,Highland,2251.0,2013,2372.0,6460.0,340.0,6120.0,820.0,-40.0,860.0,-121.0,-99.0,233080
S12000017,Highland,2236.0,2014,2208.0,6530.0,330.0,6200.0,850.0,30.0,820.0,28.0,-288.0,233180
S12000017,Highland,2282.0,2015,2514.0,6800.0,780.0,6020.0,1000.0,330.0,670.0,-232.0,2.0,234060
S12000017,Highland,2242.0,2016,2472.0,6720.0,850.0,5870.0,1400.0,350.0,1050.0,-230.0,-460.0,234570
S12000017,Highland,2097.0,2017,2513.0,6570.0,720.0,5850.0,1260.0,120.0,1150.0,-416.0,-194.0,234800
S12000017,Highland,2045.0,2018,2624.0,6720.0,930.0,5790.0,1050.0,-410.0,1460.0,-579.0,-221.0,234530
S12000017,Highland,1956.0,2019,2599.0,6620.0,810.0,5810.0,1220.0,20.0,1200.0,-643.0,-197.0,234510
S12000017,Highland,1920.0,2020,2723.0,5500.0,720.0,4780.0,900.0,-330.0,1230.0,-803.0,-187.0,233910
S12000017,Highland,1838.0,2021,2661.0,9140.0,3090.0,6050.0,950.0,-190.0,1130.0,-823.0,-137.0,235850
S12000017,Highland,1935.0,2022,2905.0,6900.0,1020.0,5880.0,1110.0,40.0,1070.0,-970.0,-230.0,235710
S12000017,Highland,1818.0,2023,2979.0,6850.0,1400.0,5450.0,1210.0,600.0,610.0,-1161.0,-29.0,236520
S12000017,Highland,1814.0,2024,2815.0,6720.0,1320.0,5400.0,1120.0,470.0,660.0,-1001.0,-19.0,237290
S12000018,Inverclyde,,2011,,,,,,,,,,81220
S12000018,Inverclyde,765.0,2012,986.0,1240.0,-230.0,1470.0,300.0,150.0,140.0,-221.0,71.0,80990
S12000018,Inverclyde,777.0,2013,977.0,1320.0,-100.0,1420.0,250.0,100.0,160.0,-200.0,90.0,80870
S12000018,Inverclyde,774.0,2014,932.0,1290.0,-270.0,1560.0,210.0,60.0,150.0,-158.0,38.0,80540
S12000018,Inverclyde,732.0,2015,1010.0,1380.0,-140.0,1520.0,220.0,100.0,120.0,-278.0,118.0,80340
S12000018,Inverclyde,688.0,2016,985.0,1400.0,-90.0,1490.0,260.0,80.0,180.0,-297.0,87.0,80110
S12000018,Inverclyde,688.0,2017,1070.0,1420.0,-40.0,1460.0,290.0,70.0,210.0,-382.0,62.0,79820
S12000018,Inverclyde,662.0,2018,1080.0,1390.0,-120.0,1510.0,250.0,10.0,240.0,-418.0,58.0,79350
S12000018,Inverclyde,661.0,2019,1071.0,1460.0,30.0,1430.0,290.0,110.0,180.0,-410.0,70.0,79150
S12000018,Inverclyde,631.0,2020,1268.0,1180.0,-30.0,1210.0,260.0,30.0,230.0,-637.0,67.0,78580
S12000018,Inverclyde,570.0,2021,1013.0,1690.0,110.0,1580.0,270.0,70.0,200.0,-443.0,73.0,78390
S12000018,Inverclyde,668.0,2022,1094.0,1450.0,70.0,1380.0,460.0,260.0,200.0,-426.0,56.0,78350
S12000018,Inverclyde,626.0,2023,1174.0,1330.0,0.0,1330.0,1030.0,950.0,80.0,-548.0,28.0,78780
S12000018,Inverclyde,631.0,2024,1134.0,1440.0,-130.0,1570.0,850.0,730.0,120.0,-503.0,3.0,78880
S12000019,Midlothian,,2011,,,,,,,,,,83450
S12000019,Midlothian,1057.0,2012,811.0,2720.0,550.0,2170.0,350.0,200.0,140.0,246.0,-46.0,84390
S12000019,Midlothian,1022.0,2013,829.0,2950.0,680.0,2270.0,310.0,180.0,130.0,193.0,-323.0,85120
S12000019,Midlothian,1022.0,2014,821.0,3390.0,1090.0,2300.0,320.0,200.0,120.0,201.0,269.0,86880
S12000019,Midlothian,1056.0,2015,887.0,3470.0,970.0,2500.0,320.0,210.0,110.0,169.0,-49.0,88180
S12000019,Midlothian,1084.0,2016,835.0,3430.0,930.0,2500.0,430.0,210.0,210.0,249.0,-99.0,89470
S12000019,Midlothian,1087.0,2017,878.0,3610.0,1160.0,2450.0,440.0,220.0,220.0,209.0,-69.0,91000
S12000019,Midlothian,1096.0,2018,915.0,3600.0,1050.0,2550.0,410.0,80.0,330.0,181.0,-91.0,92220
S12000019,Midlothian,1094.0,2019,891.0,3540.0,860.0,2680.0,450.0,220.0,240.0,203.0,-83.0,93420
S12000019,Midlothian,1007.0,2020,993.0,3080.0,700.0,2380.0,400.0,90.0,320.0,14.0,-34.0,94180
S12000019,Midlothian,1002.0,2021,920.0,4240.0,1300.0,2940.0,420.0,140.0,280.0,82.0,-22.0,95670
S12000019,Midlothian,1107.0,2022,1008.0,3670.0,1040.0,2630.0,570.0,330.0,240.0,99.0,-99.0,97040
S12000019,Midlothian,986.0,2023,1025.0,3580.0,960.0,2620.0,560.0,400.0,160.0,-39.0,-1.0,98370
S12000019,Midlothian,999.0,2024,900.0,3650.0,1120.0,2530.0,470.0,300.0,180.0,99.0,1.0,99880
S12000020,Moray,,2011,,,,,,,,,,93470
S12000020,Moray,891.0,2012,1004.0,3010.0,330.0,2680.0,360.0,-60.0,410.0,-113.0,-907.0,92720
S12000020,Moray,965.0,2013,947.0,3260.0,660.0,2600.0,310.0,-80.0,390.0,18.0,632.0,93940
S12000020,Moray,934.0,2014,934.0,3180.0,470.0,2710.0,340.0,0.0,350.0,0.0,-220.0,94180
S12000020,Moray,896.0,2015,1007.0,3310.0,500.0,2810.0,300.0,-20.0,320.0,-111.0,241.0,94800
S12000020,Moray,966.0,2016,1014.0,3240.0,470.0,2770.0,470.0,-10.0,480.0,-48.0,-102.0,95110
S12000020,Moray,867.0,2017,1007.0,2960.0,100.0,2860.0,410.0,-100.0,510.0,-140.0,-310.0,94660
S12000020,Moray,838.0,2018,1032.0,2860.0,170.0,2690.0,380.0,-260.0,640.0,-194.0,-286.0,94090
S12000020,Moray,814.0,2019,1054.0,2880.0,250.0,2630.0,480.0,-10.0,490.0,-240.0,80.0,94170
S12000020,Moray,884.0,2020,1065.0,2440.0,120.0,2320.0,440.0,-110.0,550.0,-181.0,-139.0,93870
S12000020,Moray,787.0,2021,1014.0,3500.0,700.0,2800.0,370.0,-150.0,520.0,-227.0,67.0,94270
S12000020,Moray,853.0,2022,1216.0,2980.0,330.0,2650.0,520.0,30.0,490.0,-363.0,33.0,94300
S12000020,Moray,700.0,2023,1210.0,3100.0,640.0,2460.0,490.0,280.0,210.0,-510.0,90.0,94790
S12000020,Moray,761.0,2024,1148.0,2740.0,300.0,2440.0,460.0,260.0,210.0,-387.0,57.0,95010
S12000021,North Ayrshire,,2011,,,,,,,,,,138090
S12000021,North Ayrshire,1437.0,2012,1503.0,3410.0,-160.0,3570.0,260.0,-180.0,440.0,-66.0,-34.0,137640
S12000021,North Ayrshire,1302.0,2013,1620.0,3380.0,-40.0,3420.0,220.0,-180.0,400.0,-318.0,-2.0,137100
S12000021,North Ayrshire,1284.0,2014,1552.0,3430.0,0.0,3430.0,230.0,-110.0,340.0,-268.0,-52.0,136670
S12000021,North Ayrshire,1276.0,2015,1708.0,3590.0,80.0,3510.0,210.0,-100.0,320.0,-432.0,2.0,136220
S12000021,North Ayrshire,1298.0,2016,1613.0,3560.0,110.0,3450.0,340.0,-70.0,410.0,-315.0,5.0,135950
S12000021,North Ayrshire,1163.0,2017,1619.0,3630.0,370.0,3260.0,350.0,-50.0,400.0,-456.0,-14.0,135810
S12000021,North Ayrshire,1210.0,2018,1781.0,3420.0,160.0,3260.0,260.0,-240.0,500.0,-571.0,-29.0,135130
S12000021,North Ayrshire,1046.0,2019,1669.0,3430.0,150.0,3280.0,340.0,-50.0,390.0,-623.0,-47.0,134570
S12000021,North Ayrshire,1171.0,2020,1854.0,2990.0,280.0,2710.0,300.0,-160.0,470.0,-683.0,23.0,134040
S12000021,North Ayrshire,1045.0,2021,1893.0,4150.0,840.0,3310.0,260.0,-150.0,410.0,-848.0,-22.0,133860
S12000021,North Ayrshire,1085.0,2022,1952.0,3400.0,500.0,2900.0,410.0,10.0,390.0,-867.0,-23.0,133490
S12000021,North Ayrshire,1010.0,2023,1957.0,3680.0,820.0,2860.0,460.0,340.0,120.0,-947.0,17.0,133720
S12000021,North Ayrshire,1002.0,2024,1914.0,3660.0,930.0,2730.0,400.0,280.0,120.0,-912.0,2.0,134010
S12000023,Orkney Islands,,2011,,,,,,,,,,21420
S12000023,Orkney Islands,210.0,2012,202.0,690.0,130.0,560.0,60.0,-30.0,90.0,8.0,-38.0,21500
S12000023,Orkney Islands,201.0,2013,245.0,710.0,100.0,610.0,60.0,-30.0,90.0,-44.0,-26.0,21510
S12000023,Orkney Islands,174.0,2014,215.0,700.0,90.0,610.0,70.0,-10.0,80.0,-41.0,-29.0,21510
S12000023,Orkney Islands,199.0,2015,211.0,660.0,100.0,560.0,50.0,-40.0,90.0,-12.0,-38.0,21520
S12000023,Orkney Islands,166.0,2016,218.0,810.0,220.0,590.0,70.0,-40.0,110.0,-52.0,-8.0,21640
S12000023,Orkney Islands,194.0,2017,248.0,740.0,200.0,540.0,60.0,-30.0,90.0,-54.0,-26.0,21730
S12000023,Orkney Islands,179.0,2018,249.0,780.0,270.0,510.0,60.0,-60.0,120.0,-70.0,-30.0,21830
S12000023,Orkney Islands,186.0,2019,243.0,750.0,150.0,600.0,80.0,-10.0,90.0,-57.0,-33.0,21870
S12000023,Orkney Islands,182.0,2020,226.0,650.0,200.0,450.0,50.0,-50.0,100.0,-44.0,-16.0,21970
S12000023,Orkney Islands,171.0,2021,253.0,880.0,230.0,650.0,60.0,-30.0,90.0,-82.0,-38.0,22030
S12000023,Orkney Islands,167.0,2022,257.0,710.0,140.0,570.0,80.0,-20.0,100.0,-90.0,-20.0,22030
S12000023,Orkney Islands,171.0,2023,294.0,700.0,90.0,610.0,50.0,20.0,20.0,-123.0,3.0,22020
S12000023,Orkney Islands,161.0,2024,268.0,660.0,80.0,580.0,50.0,30.0,20.0,-107.0,-3.0,22020
S12000026,Scottish Borders,,2011,,,,,,,,,,113880
S12000026,Scottish Borders,1107.0,2012,1281.0,3610.0,110.0,3500.0,490.0,180.0,310.0,-174.0,-56.0,113940
S12000026,Scottish Borders,1144.0,2013,1289.0,3720.0,480.0,3240.0,440.0,110.0,330.0,-145.0,-35.0,114350
S12000026,Scottish Borders,1139.0,2014,1200.0,3920.0,460.0,3460.0,410.0,100.0,310.0,-61.0,-79.0,114760
S12000026,Scottish Borders,1008.0,2015,1461.0,3870.0,480.0,3390.0,380.0,140.0,250.0,-453.0,-37.0,114890
S12000026,Scottish Borders,1060.0,2016,1259.0,4080.0,690.0,3390.0,520.0,110.0,400.0,-199.0,-31.0,115460
S12000026,Scottish Borders,974.0,2017,1303.0,4180.0,800.0,3380.0,520.0,100.0,420.0,-329.0,-61.0,115970
S12000026,Scottish Borders,1005.0,2018,1423.0,4280.0,810.0,3470.0,470.0,-70.0,540.0,-418.0,-102.0,116190
S12000026,Scottish Borders,936.0,2019,1301.0,3980.0,630.0,3350.0,540.0,80.0,450.0,-365.0,-55.0,116490
S12000026,Scottish Borders,893.0,2020,1425.0,3340.0,540.0,2800.0,470.0,-30.0,500.0,-532.0,-88.0,116380
S12000026,Scottish Borders,841.0,2021,1329.0,4970.0,1220.0,3750.0,460.0,30.0,430.0,-488.0,-72.0,117080
S12000026,Scottish Borders,842.0,2022,1535.0,3770.0,450.0,3320.0,540.0,110.0,430.0,-693.0,-127.0,116820
S12000026,Scottish Borders,815.0,2023,1549.0,3570.0,380.0,3190.0,600.0,390.0,210.0,-734.0,24.0,116880
S12000026,Scottish Borders,854.0,2024,1469.0,3420.0,490.0,2930.0,450.0,210.0,240.0,-615.0,5.0,116980
S12000027,Shetland Islands,,2011,,,,,,,,,,23240
S12000027,Shetland Islands,254.0,2012,212.0,570.0,-80.0,650.0,120.0,0.0,110.0,42.0,-12.0,23200
S12000027,Shetland Islands,286.0,2013,207.0,590.0,-60.0,650.0,100.0,-10.0,110.0,79.0,-29.0,23180
S12000027,Shetland Islands,236.0,2014,204.0,630.0,40.0,590.0,180.0,80.0,100.0,32.0,8.0,23330
S12000027,Shetland Islands,241.0,2015,233.0,610.0,-70.0,680.0,210.0,110.0,110.0,8.0,-8.0,23370
S12000027,Shetland Islands,255.0,2016,251.0,590.0,-50.0,640.0,110.0,-70.0,180.0,4.0,-4.0,23240
S12000027,Shetland Islands,247.0,2017,233.0,480.0,-130.0,610.0,120.0,-20.0,140.0,14.0,-14.0,23110
S12000027,Shetland Islands,213.0,2018,225.0,520.0,-70.0,590.0,100.0,-20.0,120.0,-12.0,-18.0,23000
S12000027,Shetland Islands,214.0,2019,180.0,520.0,-110.0,630.0,130.0,10.0,120.0,34.0,-24.0,22910
S12000027,Shetland Islands,193.0,2020,217.0,520.0,20.0,500.0,120.0,-20.0,140.0,-24.0,4.0,22890
S12000027,Shetland Islands,177.0,2021,229.0,750.0,140.0,610.0,110.0,0.0,110.0,-52.0,-28.0,22960
S12000027,Shetland Islands,202.0,2022,227.0,570.0,10.0,560.0,240.0,100.0,140.0,-25.0,-15.0,23020
S12000027,Shetland Islands,177.0,2023,265.0,520.0,-70.0,590.0,300.0,240.0,60.0,-88.0,-2.0,23100
S12000027,Shetland Islands,189.0,2024,235.0,520.0,-60.0,580.0,270.0,210.0,60.0,-46.0,-14.0,23190
S12000028,South Ayrshire,,2011,,,,,,,,,,112980
S12000028,South Ayrshire,1011.0,2012,1392.0,3360.0,470.0,2890.0,310.0,-60.0,370.0,-381.0,-99.0,112900
S12000028,South Ayrshire,1008.0,2013,1441.0,3490.0,470.0,3020.0,250.0,-130.0,380.0,-433.0,-107.0,112710
S12000028,South Ayrshire,999.0,2014,1399.0,3290.0,320.0,2970.0,270.0,-60.0,330.0,-400.0,-130.0,112440
S12000028,South Ayrshire,1024.0,2015,1469.0,3510.0,360.0,3150.0,290.0,-10.0,300.0,-445.0,-75.0,112260
S12000028,South Ayrshire,1012.0,2016,1474.0,3530.0,510.0,3020.0,410.0,0.0,420.0,-462.0,-98.0,112200
S12000028,South Ayrshire,937.0,2017,1419.0,3650.0,740.0,2910.0,470.0,20.0,450.0,-482.0,-78.0,112400
S12000028,South Ayrshire,929.0,2018,1555.0,3500.0,550.0,2950.0,350.0,-200.0,560.0,-626.0,-124.0,111990
S12000028,South Ayrshire,908.0,2019,1397.0,3590.0,610.0,2980.0,430.0,10.0,430.0,-489.0,-111.0,112010
S12000028,South Ayrshire,817.0,2020,1663.0,2960.0,540.0,2420.0,380.0,-120.0,500.0,-846.0,-114.0,111470
S12000028,South Ayrshire,788.0,2021,1667.0,4140.0,1220.0,2920.0,340.0,-110.0,450.0,-879.0,-141.0,111560
S12000028,South Ayrshire,761.0,2022,1717.0,3410.0,1020.0,2390.0,450.0,30.0,420.0,-956.0,-94.0,111560
S12000028,South Ayrshire,758.0,2023,1685.0,3530.0,1010.0,2520.0,450.0,290.0,160.0,-927.0,7.0,111940
S12000028,South Ayrshire,814.0,2024,1699.0,3370.0,990.0,2380.0,360.0,190.0,170.0,-885.0,15.0,112260
S12000029,South Lanarkshire,,2011,,,,,,,,,,313900
S12000029,South Lanarkshire,3420.0,2012,3328.0,7780.0,730.0,7050.0,740.0,280.0,460.0,92.0,-232.0,314770
S12000029,South Lanarkshire,3342.0,2013,3463.0,7940.0,1090.0,6850.0,620.0,220.0,400.0,-121.0,-149.0,315810
S12000029,South Lanarkshire,3235.0,2014,3191.0,7940.0,840.0,7100.0,680.0,320.0,360.0,44.0,-234.0,316770
S12000029,South Lanarkshire,3401.0,2015,3548.0,8720.0,1190.0,7530.0,760.0,450.0,300.0,-147.0,-153.0,318110
S12000029,South Lanarkshire,3208.0,2016,3465.0,8530.0,970.0,7560.0,1130.0,450.0,670.0,-257.0,-223.0,319050
S12000029,South Lanarkshire,3287.0,2017,3513.0,8720.0,1420.0,7300.0,1150.0,480.0,670.0,-226.0,-254.0,320480
S12000029,South Lanarkshire,3191.0,2018,3657.0,8860.0,1510.0,7350.0,970.0,70.0,900.0,-466.0,-274.0,321320
S12000029,South Lanarkshire,3107.0,2019,3421.0,9310.0,1820.0,7490.0,1230.0,580.0,650.0,-314.0,-286.0,323120
S12000029,South Lanarkshire,3063.0,2020,3999.0,7680.0,1540.0,6140.0,1050.0,180.0,870.0,-936.0,-274.0,323620
S12000029,South Lanarkshire,3016.0,2021,3886.0,10660.0,2620.0,8040.0,1080.0,360.0,720.0,-870.0,-340.0,325390
S12000029,South Lanarkshire,3125.0,2022,3988.0,9210.0,2210.0,7000.0,1770.0,1040.0,730.0,-863.0,-327.0,327460
S12000029,South Lanarkshire,3092.0,2023,4008.0,9440.0,2350.0,7090.0,2660.0,2190.0,470.0,-916.0,6.0,331090
S12000029,South Lanarkshire,3066.0,2024,3836.0,9290.0,2190.0,7100.0,2110.0,1540.0,570.0,-770.0,-20.0,334030
S12000030,Stirling,,2011,,,,,,,,,,90330
S12000030,Stirling,843.0,2012,825.0,4200.0,400.0,3800.0,1290.0,-100.0,1380.0,18.0,-188.0,90460
S12000030,Stirling,815.0,2013,880.0,4280.0,270.0,4010.0,1020.0,-340.0,1360.0,-65.0,-35.0,90290
S12000030,Stirling,822.0,2014,901.0,4500.0,460.0,4040.0,960.0,-340.0,1300.0,-79.0,-171.0,90150
S12000030,Stirling,795.0,2015,917.0,4910.0,740.0,4170.0,990.0,210.0,780.0,-122.0,-78.0,90890
S12000030,Stirling,831.0,2016,915.0,4720.0,570.0,4150.0,1350.0,310.0,1040.0,-84.0,-86.0,91600
S12000030,Stirling,776.0,2017,805.0,4500.0,310.0,4190.0,1240.0,50.0,1190.0,-29.0,-151.0,91780
S12000030,Stirling,794.0,2018,925.0,4570.0,350.0,4220.0,1430.0,80.0,1350.0,-131.0,-129.0,91940
S12000030,Stirling,746.0,2019,967.0,4300.0,-230.0,4530.0,1710.0,690.0,1020.0,-221.0,-99.0,92100
S12000030,Stirling,718.0,2020,961.0,3750.0,80.0,3670.0,1580.0,290.0,1280.0,-243.0,-137.0,92090
S12000030,Stirling,672.0,2021,1015.0,4620.0,-430.0,5050.0,1430.0,300.0,1120.0,-343.0,-147.0,91470
S12000030,Stirling,684.0,2022,1036.0,4470.0,640.0,3830.0,1930.0,1010.0,920.0,-352.0,-158.0,92610
S12000030,Stirling,644.0,2023,1037.0,4230.0,340.0,3890.0,1820.0,980.0,840.0,-393.0,13.0,93540
S12000030,Stirling,677.0,2024,946.0,4250.0,420.0,3830.0,1580.0,500.0,1070.0,-269.0,9.0,94210
S12000033,Aberdeen City,,2011,,,,,,,,,,222460
S12000033,Aberdeen City,2629.0,2012,1997.0,9380.0,-230.0,9610.0,4910.0,1050.0,3860.0,632.0,128.0,224040
S12000033,Aberdeen City,2531.0,2013,2093.0,10460.0,390.0,10070.0,4130.0,160.0,3970.0,438.0,222.0,225260
S12000033,Aberdeen City,2598.0,2014,2066.0,9940.0,-600.0,10540.0,4490.0,910.0,3580.0,532.0,68.0,226170
S12000033,Aberdeen City,2567.0,2015,2260.0,9420.0,-2200.0,11620.0,4920.0,2210.0,2710.0,307.0,173.0,226680
S12000033,Aberdeen City,2556.0,2016,2116.0,8150.0,-3440.0,11590.0,5830.0,1540.0,4290.0,440.0,130.0,225340
S12000033,Aberdeen City,2474.0,2017,2120.0,8210.0,-2820.0,11030.0,5070.0,870.0,4190.0,354.0,146.0,223890
S12000033,Aberdeen City,2342.0,2018,2270.0,7710.0,-2500.0,10210.0,4850.0,610.0,4240.0,72.0,98.0,222170
S12000033,Aberdeen City,2345.0,2019,2016.0,8310.0,-1220.0,9530.0,5730.0,1420.0,4310.0,329.0,61.0,222760
S12000033,Aberdeen City,2131.0,2020,2299.0,7330.0,-800.0,8130.0,5330.0,770.0,4560.0,-168.0,158.0,222710
S12000033,Aberdeen City,1997.0,2021,2132.0,8080.0,-3470.0,11550.0,5190.0,1400.0,3790.0,-135.0,125.0,220630
S12000033,Aberdeen City,2067.0,2022,2217.0,8350.0,-800.0,9150.0,7970.0,4490.0,3490.0,-150.0,90.0,224250
S12000033,Aberdeen City,2017.0,2023,2341.0,7020.0,-2020.0,9040.0,10320.0,7440.0,2890.0,-324.0,14.0,229360
S12000033,Aberdeen City,2001.0,2024,2263.0,7540.0,-1450.0,8990.0,7840.0,4140.0,3710.0,-262.0,2.0,231780
S12000034,Aberdeenshire,,2011,,,,,,,,,,253650
S12000034,Aberdeenshire,2786.0,2012,2260.0,8040.0,1240.0,6800.0,1290.0,340.0,950.0,526.0,-16.0,255750
S12000034,Aberdeenshire,2745.0,2013,2291.0,8600.0,1600.0,7000.0,1180.0,260.0,920.0,454.0,66.0,258130
S12000034,Aberdeenshire,2804.0,2014,2205.0,9370.0,2010.0,7360.0,1340.0,540.0,800.0,599.0,71.0,261350
S12000034,Aberdeenshire,2795.0,2015,2474.0,8500.0,850.0,7650.0,1380.0,670.0,710.0,321.0,69.0,263250
S12000034,Aberdeenshire,2910.0,2016,2399.0,7180.0,-670.0,7850.0,1600.0,320.0,1280.0,511.0,49.0,263460
S12000034,Aberdeenshire,2666.0,2017,2403.0,6480.0,-970.0,7450.0,1490.0,220.0,1270.0,263.0,-53.0,262920
S12000034,Aberdeenshire,2726.0,2018,2518.0,6530.0,-560.0,7090.0,1190.0,-350.0,1540.0,208.0,2.0,262220
S12000034,Aberdeenshire,2567.0,2019,2438.0,6490.0,-590.0,7080.0,1440.0,210.0,1230.0,129.0,-69.0,261900
S12000034,Aberdeenshire,2338.0,2020,2626.0,5710.0,-30.0,5740.0,1240.0,10.0,1230.0,-288.0,-82.0,261510
S12000034,Aberdeenshire,2225.0,2021,2574.0,8750.0,1970.0,6780.0,1140.0,50.0,1090.0,-349.0,-31.0,263140
S12000034,Aberdeenshire,2341.0,2022,2621.0,7210.0,570.0,6640.0,1440.0,440.0,1000.0,-280.0,-120.0,263750
S12000034,Aberdeenshire,2127.0,2023,2772.0,6730.0,810.0,5920.0,1280.0,630.0,650.0,-645.0,55.0,264610
S12000034,Aberdeenshire,1966.0,2024,2636.0,6200.0,590.0,5610.0,1200.0,520.0,680.0,-670.0,30.0,265080
S12000035,Argyll and Bute,,2011,,,,,,,,,,88930
S12000035,Argyll and Bute,798.0,2012,1065.0,3550.0,-10.0,3560.0,410.0,0.0,400.0,-267.0,-1483.0,87170
S12000035,Argyll and Bute,713.0,2013,1079.0,3630.0,150.0,3480.0,340.0,-70.0,400.0,-366.0,1586.0,88470
S12000035,Argyll and Bute,710.0,2014,980.0,3560.0,0.0,3560.0,360.0,60.0,300.0,-270.0,190.0,88450
S12000035,Argyll and Bute,711.0,2015,1161.0,3550.0,-180.0,3730.0,380.0,80.0,300.0,-450.0,-60.0,87850
S12000035,Argyll and Bute,702.0,2016,1094.0,3760.0,200.0,3560.0,540.0,130.0,420.0,-392.0,452.0,88230
S12000035,Argyll and Bute,671.0,2017,1087.0,3890.0,190.0,3700.0,530.0,100.0,430.0,-416.0,-24.0,88090
S12000035,Argyll and Bute,655.0,2018,1133.0,3830.0,50.0,3780.0,460.0,-120.0,580.0,-478.0,48.0,87590
S12000035,Argyll and Bute,644.0,2019,1074.0,3640.0,20.0,3620.0,500.0,50.0,460.0,-430.0,140.0,87360
S12000035,Argyll and Bute,617.0,2020,1183.0,3130.0,180.0,2950.0,420.0,-70.0,490.0,-566.0,256.0,87160
S12000035,Argyll and Bute,560.0,2021,1104.0,4970.0,1260.0,3710.0,390.0,-50.0,440.0,-544.0,144.0,87960
S12000035,Argyll and Bute,613.0,2022,1181.0,3740.0,390.0,3350.0,480.0,50.0,430.0,-568.0,88.0,87930
S12000035,Argyll and Bute,570.0,2023,1231.0,3680.0,340.0,3340.0,510.0,270.0,230.0,-661.0,81.0,87960
S12000035,Argyll and Bute,587.0,2024,1166.0,3390.0,280.0,3110.0,410.0,160.0,250.0,-579.0,-131.0,87690
S12000036,City of Edinburgh,,2011,,,,,,,,,,477940
S12000036,City of Edinburgh,5485.0,2012,4291.0,19610.0,30.0,19580.0,11310.0,1990.0,9320.0,1194.0,-724.0,480420
S12000036,City of Edinburgh,5549.0,2013,4314.0,20570.0,1020.0,19550.0,9040.0,-340.0,9370.0,1235.0,325.0,482650
S12000036,City of Edinburgh,5601.0,2014,4034.0,20830.0,-190.0,21020.0,10230.0,1270.0,8960.0,1567.0,-27.0,485270
S12000036,City of Edinburgh,5401.0,2015,4381.0,21660.0,150.0,21510.0,11580.0,5230.0,6360.0,1020.0,-1390.0,490280
S12000036,City of Edinburgh,5287.0,2016,4318.0,21920.0,870.0,21050.0,15020.0,4690.0,10330.0,969.0,-609.0,496200
S12000036,City of Edinburgh,5123.0,2017,4237.0,21750.0,650.0,21100.0,14340.0,3320.0,11020.0,886.0,-286.0,500770
S12000036,City of Edinburgh,5032.0,2018,4518.0,21730.0,320.0,21410.0,14690.0,2540.0,12150.0,514.0,-214.0,503920
S12000036,City of Edinburgh,4760.0,2019,4212.0,21540.0,-800.0,22340.0,17470.0,5010.0,12450.0,548.0,-398.0,508280
S12000036,City of Edinburgh,4584.0,2020,4852.0,18670.0,-1360.0,20030.0,15930.0,3150.0,12770.0,-268.0,-252.0,509550
S12000036,City of Edinburgh,4606.0,2021,4420.0,22670.0,-7580.0,30250.0,14960.0,3890.0,11070.0,186.0,-306.0,505750
S12000036,City of Edinburgh,4574.0,2022,4698.0,21300.0,-1360.0,22660.0,20280.0,10930.0,9350.0,-124.0,-626.0,514570
S12000036,City of Edinburgh,4266.0,2023,4928.0,19910.0,-1920.0,21830.0,21100.0,12130.0,8970.0,-662.0,12.0,524140
S12000036,City of Edinburgh,4300.0,2024,4548.0,20820.0,-950.0,21770.0,19090.0,7920.0,11170.0,-248.0,-182.0,530680
S12000038,Renfrewshire,,2011,,,,,,,,,,174700
S12000038,Renfrewshire,1927.0,2012,1896.0,3910.0,-290.0,4200.0,780.0,360.0,410.0,31.0,-141.0,174660
S12000038,Renfrewshire,1917.0,2013,1984.0,4140.0,-90.0,4230.0,660.0,270.0,390.0,-67.0,-153.0,174600
S12000038,Renfrewshire,1810.0,2014,1800.0,4610.0,380.0,4230.0,850.0,490.0,360.0,10.0,-190.0,175280
S12000038,Renfrewshire,1721.0,2015,2003.0,4900.0,350.0,4550.0,880.0,660.0,220.0,-282.0,-118.0,175900
S12000038,Renfrewshire,1756.0,2016,2000.0,5360.0,1100.0,4260.0,1390.0,820.0,570.0,-244.0,-176.0,177400
S12000038,Renfrewshire,1775.0,2017,2041.0,5240.0,900.0,4340.0,1310.0,670.0,640.0,-266.0,-174.0,178530
S12000038,Renfrewshire,1746.0,2018,2147.0,5530.0,1160.0,4370.0,1170.0,400.0,770.0,-401.0,-169.0,179510
S12000038,Renfrewshire,1697.0,2019,1914.0,5480.0,1200.0,4280.0,1450.0,720.0,730.0,-217.0,-163.0,181040
S12000038,Renfrewshire,1681.0,2020,2276.0,4610.0,900.0,3710.0,1250.0,390.0,860.0,-595.0,-115.0,181610
S12000038,Renfrewshire,1560.0,2021,2229.0,6120.0,910.0,5210.0,1350.0,680.0,670.0,-669.0,-191.0,182330
S12000038,Renfrewshire,1734.0,2022,2164.0,5560.0,1210.0,4350.0,2180.0,1480.0,700.0,-430.0,-210.0,184370
S12000038,Renfrewshire,1674.0,2023,2261.0,5480.0,970.0,4510.0,2770.0,2370.0,400.0,-587.0,17.0,187150
S12000038,Renfrewshire,1714.0,2024,2163.0,5630.0,660.0,4970.0,2360.0,1800.0,560.0,-449.0,-1.0,189170
S12000039,West Dunbartonshire,,2011,,,,,,,,,,90610
S12000039,West Dunbartonshire,1043.0,2012,1077.0,2040.0,-240.0,2280.0,200.0,-10.0,210.0,-34.0,94.0,90420
S12000039,West Dunbartonshire,1033.0,2013,1097.0,2070.0,-370.0,2440.0,170.0,-10.0,190.0,-64.0,4.0,89980
S12000039,West Dunbartonshire,965.0,2014,980.0,2100.0,-70.0,2170.0,190.0,10.0,170.0,-15.0,45.0,89950
S12000039,West Dunbartonshire,941.0,2015,1133.0,2440.0,120.0,2320.0,180.0,10.0,170.0,-192.0,52.0,89930
S12000039,West Dunbartonshire,969.0,2016,1004.0,2360.0,200.0,2160.0,300.0,80.0,220.0,-35.0,85.0,90260
S12000039,West Dunbartonshire,927.0,2017,1075.0,2260.0,-80.0,2340.0,260.0,30.0,230.0,-148.0,48.0,90120
S12000039,West Dunbartonshire,861.0,2018,1123.0,2300.0,-150.0,2450.0,200.0,-110.0,300.0,-262.0,62.0,89660
S12000039,West Dunbartonshire,890.0,2019,1033.0,2290.0,-50.0,2340.0,250.0,30.0,230.0,-143.0,73.0,89560
S12000039,West Dunbartonshire,816.0,2020,1230.0,1840.0,-180.0,2020.0,240.0,-70.0,310.0,-414.0,84.0,88990
S12000039,West Dunbartonshire,748.0,2021,1171.0,2320.0,-130.0,2450.0,250.0,0.0,250.0,-423.0,83.0,88510
S12000039,West Dunbartonshire,810.0,2022,1206.0,2070.0,10.0,2060.0,380.0,100.0,280.0,-396.0,36.0,88270
S12000039,West Dunbartonshire,827.0,2023,1165.0,2460.0,510.0,1950.0,600.0,480.0,120.0,-338.0,8.0,88940
S12000039,West Dunbartonshire,803.0,2024,1137.0,2250.0,120.0,2130.0,490.0,370.0,130.0,-334.0,24.0,89120
S12000040,West Lothian,,2011,,,,,,,,,,175300
S12000040,West Lothian,2061.0,2012,1456.0,4160.0,-190.0,4350.0,730.0,-90.0,820.0,605.0,-145.0,175480
S12000040,West Lothian,2078.0,2013,1483.0,4090.0,-390.0,4480.0,560.0,-270.0,830.0,595.0,-215.0,175200
S12000040,West Lothian,2044.0,2014,1389.0,4760.0,490.0,4270.0,580.0,-90.0,670.0,655.0,-205.0,176060
S12000040,West Lothian,1967.0,2015,1523.0,5220.0,720.0,4500.0,600.0,0.0,600.0,444.0,-174.0,177060
S12000040,West Lothian,1962.0,2016,1503.0,5010.0,760.0,4250.0,960.0,230.0,740.0,459.0,-169.0,178330
S12000040,West Lothian,1963.0,2017,1595.0,4840.0,600.0,4240.0,800.0,-30.0,830.0,368.0,-198.0,179080
S12000040,West Lothian,1904.0,2018,1661.0,4720.0,350.0,4370.0,720.0,-210.0,940.0,243.0,-203.0,179270
S12000040,West Lothian,1771.0,2019,1598.0,4980.0,390.0,4590.0,900.0,60.0,840.0,173.0,-143.0,179740
S12000040,West Lothian,1674.0,2020,1797.0,4500.0,810.0,3690.0,690.0,-240.0,930.0,-123.0,-267.0,179920
S12000040,West Lothian,1728.0,2021,1764.0,6130.0,1300.0,4830.0,720.0,-80.0,800.0,-36.0,-254.0,180850
S12000040,West Lothian,1737.0,2022,1830.0,5180.0,1190.0,3990.0,940.0,40.0,900.0,-93.0,-267.0,181730
S12000040,West Lothian,1757.0,2023,1940.0,5740.0,1720.0,4020.0,1370.0,980.0,390.0,-183.0,23.0,184270
S12000040,West Lothian,1749.0,2024,1814.0,5520.0,1420.0,4100.0,1220.0,770.0,450.0,-65.0,45.0,186440
S12000041,Angus,,2011,,,,,,,,,,116200
S12000041,Angus,1144.0,2012,1275.0,3540.0,280.0,3260.0,440.0,-10.0,450.0,-131.0,-219.0,116110
S12000041,Angus,1165.0,2013,1338.0,3710.0,270.0,3440.0,380.0,-80.0,450.0,-173.0,33.0,116170
S12000041,Angus,1118.0,2014,1250.0,3900.0,630.0,3270.0,450.0,70.0,390.0,-132.0,-188.0,116550
S12000041,Angus,1113.0,2015,1405.0,4040.0,640.0,3400.0,490.0,170.0,320.0,-292.0,-188.0,116870
S12000041,Angus,1039.0,2016,1379.0,3560.0,-10.0,3570.0,610.0,170.0,440.0,-340.0,-240.0,116450
S12000041,Angus,1041.0,2017,1400.0,3510.0,130.0,3380.0,520.0,40.0,480.0,-359.0,-161.0,116090
S12000041,Angus,1004.0,2018,1415.0,3670.0,240.0,3430.0,480.0,-120.0,610.0,-411.0,-189.0,115610
S12000041,Angus,976.0,2019,1343.0,3700.0,420.0,3280.0,490.0,-10.0,500.0,-367.0,-123.0,115530
S12000041,Angus,931.0,2020,1490.0,3120.0,370.0,2750.0,460.0,-110.0,570.0,-559.0,-241.0,114990
S12000041,Angus,869.0,2021,1447.0,4230.0,760.0,3470.0,500.0,-20.0,520.0,-578.0,-212.0,114950
S12000041,Angus,950.0,2022,1523.0,3580.0,500.0,3080.0,530.0,20.0,510.0,-573.0,-217.0,114670
S12000041,Angus,860.0,2023,1543.0,3440.0,710.0,2730.0,560.0,260.0,300.0,-683.0,-17.0,114950
S12000041,Angus,807.0,2024,1542.0,3160.0,490.0,2670.0,490.0,140.0,360.0,-735.0,-35.0,114810
S12000042,Dundee City,,2011,,,,,,,,,,147200
S12000042,Dundee City,1768.0,2012,1666.0,5370.0,-150.0,5520.0,1810.0,370.0,1430.0,102.0,28.0,147560
S12000042,Dundee City,1667.0,2013,1681.0,5650.0,-110.0,5760.0,1520.0,10.0,1510.0,-14.0,114.0,147560
S12000042,Dundee City,1619.0,2014,1470.0,5470.0,-370.0,5840.0,1460.0,-10.0,1470.0,149.0,21.0,147360
S12000042,Dundee City,1635.0,2015,1763.0,5630.0,-510.0,6140.0,1660.0,550.0,1120.0,-128.0,48.0,147320
S12000042,Dundee City,1541.0,2016,1696.0,5430.0,-630.0,6060.0,2020.0,570.0,1450.0,-155.0,105.0,147220
S12000042,Dundee City,1594.0,2017,1761.0,5840.0,140.0,5700.0,2030.0,530.0,1500.0,-167.0,87.0,147810
S12000042,Dundee City,1469.0,2018,1791.0,5610.0,-210.0,5820.0,2250.0,440.0,1820.0,-322.0,62.0,147770
S12000042,Dundee City,1432.0,2019,1667.0,5720.0,-110.0,5830.0,2740.0,840.0,1890.0,-235.0,15.0,148290
S12000042,Dundee City,1406.0,2020,1883.0,4820.0,-470.0,5290.0,2750.0,580.0,2170.0,-477.0,157.0,148070
S12000042,Dundee City,1290.0,2021,1738.0,5420.0,-1370.0,6790.0,2380.0,490.0,1890.0,-448.0,38.0,146790
S12000042,Dundee City,1272.0,2022,1827.0,5250.0,-120.0,5370.0,3890.0,2270.0,1620.0,-555.0,85.0,148470
S12000042,Dundee City,1291.0,2023,1848.0,4650.0,-530.0,5180.0,3990.0,2640.0,1340.0,-557.0,17.0,150030
S12000042,Dundee City,1355.0,2024,1749.0,4550.0,-1180.0,5730.0,3440.0,1430.0,2000.0,-394.0,-16.0,149880
S12000045,East Dunbartonshire,,2011,,,,,,,,,,105000
S12000045,East Dunbartonshire,866.0,2012,903.0,3380.0,370.0,3010.0,330.0,-50.0,380.0,-37.0,627.0,105910
S12000045,East Dunbartonshire,904.0,2013,1035.0,3430.0,280.0,3150.0,310.0,-40.0,350.0,-131.0,-49.0,105970
S12000045,East Dunbartonshire,937.0,2014,996.0,3930.0,1030.0,2900.0,300.0,10.0,290.0,-59.0,-21.0,106930
S12000045,East Dunbartonshire,948.0,2015,1103.0,4160.0,750.0,3410.0,290.0,0.0,290.0,-155.0,-165.0,107350
S12000045,East Dunbartonshire,972.0,2016,1097.0,4020.0,670.0,3350.0,430.0,-10.0,440.0,-125.0,-45.0,107830
S12000045,East Dunbartonshire,1007.0,2017,1107.0,3960.0,760.0,3200.0,450.0,10.0,440.0,-100.0,-40.0,108460
S12000045,East Dunbartonshire,980.0,2018,1154.0,3870.0,510.0,3360.0,380.0,-170.0,560.0,-174.0,-66.0,108560
S12000045,East Dunbartonshire,925.0,2019,1067.0,3730.0,440.0,3290.0,450.0,50.0,410.0,-142.0,-38.0,108870
S12000045,East Dunbartonshire,920.0,2020,1287.0,3270.0,630.0,2640.0,450.0,-50.0,500.0,-367.0,-213.0,108880
S12000045,East Dunbartonshire,876.0,2021,1212.0,4290.0,480.0,3810.0,410.0,-10.0,430.0,-336.0,-94.0,108920
S12000045,East Dunbartonshire,868.0,2022,1168.0,3470.0,300.0,3170.0,620.0,240.0,380.0,-300.0,-170.0,108990
S12000045,East Dunbartonshire,829.0,2023,1306.0,3520.0,440.0,3080.0,610.0,440.0,170.0,-477.0,17.0,109410
S12000045,East Dunbartonshire,827.0,2024,1197.0,3500.0,550.0,2950.0,500.0,330.0,170.0,-370.0,50.0,109970
S12000047,Fife,,2011,,,,,,,,,,365300
S12000047,Fife,4093.0,2012,3855.0,8780.0,260.0,8520.0,2400.0,410.0,1990.0,238.0,-258.0,365950
S12000047,Fife,3901.0,2013,3884.0,8950.0,360.0,8590.0,1940.0,-120.0,2060.0,17.0,153.0,366350
S12000047,Fife,3871.0,2014,3554.0,9270.0,550.0,8720.0,2080.0,60.0,2020.0,317.0,-897.0,366370
S12000047,Fife,3863.0,2015,3995.0,9370.0,400.0,8970.0,2520.0,900.0,1620.0,-132.0,-518.0,367020
S12000047,Fife,3734.0,2016,3970.0,9350.0,560.0,8790.0,3390.0,950.0,2440.0,-236.0,526.0,368830
S12000047,Fife,3592.0,2017,4142.0,9480.0,840.0,8640.0,3150.0,470.0,2680.0,-550.0,-200.0,369400
S12000047,Fife,3490.0,2018,4178.0,9590.0,970.0,8620.0,2870.0,-10.0,2880.0,-688.0,-412.0,369270
S12000047,Fife,3411.0,2019,4004.0,9920.0,1520.0,8400.0,3660.0,790.0,2870.0,-593.0,-367.0,370620
S12000047,Fife,3241.0,2020,4208.0,8300.0,1170.0,7130.0,3100.0,130.0,2970.0,-967.0,-193.0,370760
S12000047,Fife,3081.0,2021,4357.0,11250.0,1040.0,10210.0,3200.0,570.0,2620.0,-1276.0,-214.0,370880
S12000047,Fife,3114.0,2022,4656.0,9120.0,990.0,8130.0,3600.0,1480.0,2120.0,-1542.0,-418.0,371390
S12000047,Fife,2923.0,2023,4643.0,9090.0,1640.0,7450.0,3990.0,2200.0,1800.0,-1720.0,60.0,373570
S12000047,Fife,2947.0,2024,4547.0,8840.0,1240.0,7600.0,3530.0,1540.0,1990.0,-1600.0,0.0,374760
S12000048,Perth and Kinross,,2011,,,,,,,,,,146850
S12000048,Perth and Kinross,1389.0,2012,1527.0,5070.0,580.0,4490.0,1020.0,140.0,880.0,-138.0,-172.0,147260
S12000048,Perth and Kinross,1302.0,2013,1646.0,5160.0,420.0,4740.0,800.0,-80.0,880.0,-344.0,-246.0,147010
S12000048,Perth and Kinross,1286.0,2014,1483.0,5610.0,1020.0,4590.0,950.0,270.0,680.0,-197.0,-303.0,147800
S12000048,Perth and Kinross,1391.0,2015,1620.0,5550.0,760.0,4790.0,1050.0,450.0,600.0,-229.0,-291.0,148490
S12000048,Perth and Kinross,1338.0,2016,1623.0,5390.0,640.0,4750.0,1450.0,610.0,840.0,-285.0,-285.0,149170
S12000048,Perth and Kinross,1241.0,2017,1681.0,5520.0,770.0,4750.0,1260.0,360.0,900.0,-440.0,-330.0,149540
S12000048,Perth and Kinross,1236.0,2018,1750.0,5320.0,510.0,4810.0,1130.0,40.0,1080.0,-514.0,-226.0,149350
S12000048,Perth and Kinross,1218.0,2019,1623.0,5610.0,720.0,4890.0,1300.0,350.0,950.0,-405.0,-275.0,149740
S12000048,Perth and Kinross,1204.0,2020,1827.0,4610.0,750.0,3860.0,960.0,-10.0,980.0,-623.0,-447.0,149410
S12000048,Perth and Kinross,1173.0,2021,1804.0,7060.0,2170.0,4890.0,930.0,70.0,860.0,-631.0,-319.0,150700
S12000048,Perth and Kinross,1203.0,2022,1863.0,5570.0,920.0,4650.0,1410.0,570.0,840.0,-660.0,-400.0,151130
S12000048,Perth and Kinross,1160.0,2023,1943.0,5760.0,1420.0,4340.0,1620.0,1080.0,540.0,-783.0,63.0,152910
S12000048,Perth and Kinross,1124.0,2024,1875.0,5340.0,1330.0,4010.0,1510.0,880.0,630.0,-751.0,41.0,154420
S12000049,Glasgow City,,2011,,,,,,,,,,593060
S12000049,Glasgow City,7683.0,2012,6471.0,19930.0,-2330.0,22260.0,9140.0,2640.0,6490.0,1212.0,-1502.0,593080
S12000049,Glasgow City,7378.0,2013,6433.0,20980.0,-1740.0,22720.0,7370.0,840.0,6530.0,945.0,-1035.0,592090
S12000049,Glasgow City,7311.0,2014,6166.0,21470.0,-1900.0,23370.0,8850.0,2270.0,6580.0,1145.0,-1205.0,592400
S12000049,Glasgow City,7256.0,2015,6539.0,22830.0,-1350.0,24180.0,10540.0,4480.0,6060.0,717.0,-1047.0,595200
S12000049,Glasgow City,7041.0,2016,6265.0,23500.0,20.0,23480.0,13980.0,5890.0,8090.0,776.0,-1076.0,600820
S12000049,Glasgow City,6900.0,2017,6435.0,23490.0,-200.0,23690.0,13210.0,4300.0,8920.0,465.0,-1165.0,604220
S12000049,Glasgow City,6601.0,2018,6561.0,24110.0,60.0,24050.0,14730.0,5070.0,9670.0,40.0,-1190.0,608190
S12000049,Glasgow City,6655.0,2019,6231.0,23310.0,-1720.0,25030.0,18070.0,6650.0,11430.0,424.0,-1054.0,612490
S12000049,Glasgow City,6228.0,2020,7016.0,20120.0,-1620.0,21740.0,15980.0,3680.0,12300.0,-788.0,-1052.0,612710
S12000049,Glasgow City,5953.0,2021,6862.0,24970.0,-6160.0,31130.0,16020.0,6260.0,9770.0,-909.0,-1041.0,610860
S12000049,Glasgow City,6069.0,2022,6782.0,22190.0,-3090.0,25280.0,26540.0,16280.0,10260.0,-713.0,-1287.0,622050
S12000049,Glasgow City,5966.0,2023,6687.0,21470.0,-3760.0,25230.0,25980.0,21110.0,4870.0,-721.0,81.0,638760
S12000049,Glasgow City,6143.0,2024,6270.0,22850.0,-2490.0,25340.0,20400.0,14130.0,6270.0,-127.0,27.0,650300
S12000050,North Lanarkshire,,2011,,,,,,,,,,337720
S12000050,North Lanarkshire,3899.0,2012,3373.0,6190.0,-110.0,6300.0,750.0,-20.0,770.0,526.0,-126.0,337990
S12000050,North Lanarkshire,3763.0,2013,3483.0,6210.0,-120.0,6330.0,620.0,-60.0,680.0,280.0,-90.0,338000
S12000050,North Lanarkshire,3695.0,2014,3255.0,6430.0,110.0,6320.0,680.0,40.0,630.0,440.0,-160.0,338440
S12000050,North Lanarkshire,3707.0,2015,3620.0,6940.0,10.0,6930.0,780.0,210.0,570.0,87.0,3.0,338750
S12000050,North Lanarkshire,3702.0,2016,3551.0,7330.0,720.0,6610.0,1130.0,280.0,850.0,151.0,-151.0,339740
S12000050,North Lanarkshire,3465.0,2017,3607.0,7080.0,600.0,6480.0,1090.0,190.0,900.0,-142.0,-78.0,340310
S12000050,North Lanarkshire,3481.0,2018,3843.0,7330.0,700.0,6630.0,910.0,-190.0,1100.0,-362.0,-108.0,340350
S12000050,North Lanarkshire,3442.0,2019,3473.0,7820.0,1210.0,6610.0,1040.0,110.0,930.0,-31.0,-69.0,341570
S12000050,North Lanarkshire,3277.0,2020,4008.0,6090.0,780.0,5310.0,940.0,-190.0,1130.0,-731.0,-39.0,341400
S12000050,North Lanarkshire,3217.0,2021,4062.0,8090.0,810.0,7280.0,960.0,40.0,930.0,-845.0,-115.0,341280
S12000050,North Lanarkshire,3202.0,2022,4048.0,6760.0,270.0,6490.0,1460.0,430.0,1030.0,-846.0,-214.0,340920
S12000050,North Lanarkshire,3105.0,2023,4070.0,7240.0,940.0,6300.0,2320.0,1860.0,460.0,-965.0,15.0,342780
S12000050,North Lanarkshire,3192.0,2024,4041.0,7400.0,1170.0,6230.0,2020.0,1440.0,580.0,-849.0,9.0,344540
W06000001,Isle of Anglesey,,2011,,,,,,,,,,69913
W06000001,Isle of Anglesey,802.0,2012,775.0,2594.0,120.0,2474.0,82.0,19.0,63.0,27.0,-115.0,69964
W06000001,Isle of Anglesey,805.0,2013,868.0,2673.0,91.0,2582.0,79.0,20.0,59.0,-63.0,-132.0,69880
W06000001,Isle of Anglesey,769.0,2014,782.0,2737.0,64.0,2673.0,63.0,-4.0,67.0,-13.0,-166.0,69761
W06000001,Isle of Anglesey,685.0,2015,814.0,2708.0,-114.0,2822.0,99.0,34.0,65.0,-129.0,-137.0,69415
W06000001,Isle of Anglesey,720.0,2016,822.0,2565.0,-336.0,2901.0,95.0,18.0,77.0,-102.0,-169.0,68826
W06000001,Isle of Anglesey,685.0,2017,807.0,2562.0,63.0,2499.0,54.0,-20.0,74.0,-122.0,-130.0,68617
W06000001,Isle of Anglesey,694.0,2018,890.0,2646.0,223.0,2423.0,73.0,-10.0,83.0,-196.0,-95.0,68539
W06000001,Isle of Anglesey,590.0,2019,809.0,2495.0,70.0,2425.0,51.0,-23.0,74.0,-219.0,-89.0,68278
W06000001,Isle of Anglesey,582.0,2020,841.0,2753.0,822.0,1931.0,34.0,-20.0,54.0,-259.0,-27.0,68794
W06000001,Isle of Anglesey,577.0,2021,879.0,3013.0,512.0,2501.0,21.0,-28.0,49.0,-302.0,-39.0,68937
W06000001,Isle of Anglesey,565.0,2022,928.0,2689.0,470.0,2219.0,120.0,80.0,40.0,-363.0,-17.0,69107
W06000001,Isle of Anglesey,519.0,2023,881.0,2650.0,424.0,2226.0,138.0,90.0,48.0,-362.0,-21.0,69238
W06000001,Isle of Anglesey,532.0,2024,989.0,2370.0,251.0,2119.0,125.0,72.0,53.0,-457.0,-7.0,69097
W06000002,Gwynedd,,2011,,,,,,,,,,121523
W06000002,Gwynedd,1385.0,2012,1230.0,6305.0,-277.0,6582.0,1301.0,625.0,676.0,155.0,-587.0,121439
W06000002,Gwynedd,1251.0,2013,1360.0,5958.0,-867.0,6825.0,1158.0,523.0,635.0,-109.0,-583.0,120403
W06000002,Gwynedd,1209.0,2014,1166.0,6253.0,-514.0,6767.0,1117.0,449.0,668.0,43.0,-585.0,119796
W06000002,Gwynedd,1128.0,2015,1378.0,6528.0,-35.0,6563.0,1309.0,759.0,550.0,-250.0,-638.0,119632
W06000002,Gwynedd,1222.0,2016,1369.0,6843.0,-496.0,7339.0,1586.0,731.0,855.0,-147.0,-762.0,118958
W06000002,Gwynedd,1134.0,2017,1316.0,6505.0,203.0,6302.0,1262.0,568.0,694.0,-182.0,-666.0,118881
W06000002,Gwynedd,1131.0,2018,1414.0,6206.0,34.0,6172.0,1053.0,116.0,937.0,-283.0,-619.0,118129
W06000002,Gwynedd,1061.0,2019,1422.0,6144.0,61.0,6083.0,1263.0,350.0,913.0,-361.0,-595.0,117584
W06000002,Gwynedd,1048.0,2020,1430.0,6467.0,984.0,5483.0,1355.0,587.0,768.0,-382.0,-593.0,118180
W06000002,Gwynedd,985.0,2021,1334.0,6548.0,-418.0,6966.0,618.0,191.0,427.0,-349.0,-532.0,117072
W06000002,Gwynedd,1057.0,2022,1418.0,6237.0,230.0,6007.0,1801.0,1157.0,644.0,-361.0,-9.0,118089
W06000002,Gwynedd,978.0,2023,1452.0,6268.0,55.0,6213.0,3006.0,2399.0,607.0,-474.0,-5.0,120064
W06000002,Gwynedd,979.0,2024,1440.0,6005.0,-98.0,6103.0,2329.0,1311.0,1018.0,-461.0,-3.0,120813
W06000003,Conwy,,2011,,,,,,,,,,115326
W06000003,Conwy,1157.0,2012,1523.0,5617.0,806.0,4811.0,311.0,21.0,290.0,-366.0,-355.0,115432
W06000003,Conwy,1136.0,2013,1547.0,5194.0,583.0,4611.0,272.0,-3.0,275.0,-411.0,-288.0,115313
W06000003,Conwy,1086.0,2014,1442.0,5811.0,1096.0,4715.0,334.0,21.0,313.0,-356.0,-374.0,115700
W06000003,Conwy,1097.0,2015,1607.0,5465.0,480.0,4985.0,330.0,37.0,293.0,-510.0,-327.0,115380
W06000003,Conwy,1083.0,2016,1488.0,5657.0,693.0,4964.0,340.0,14.0,326.0,-405.0,-291.0,115391
W06000003,Conwy,1058.0,2017,1557.0,5036.0,359.0,4677.0,275.0,-98.0,373.0,-499.0,-298.0,114855
W06000003,Conwy,1033.0,2018,1585.0,5017.0,409.0,4608.0,265.0,-101.0,366.0,-552.0,-224.0,114387
W06000003,Conwy,984.0,2019,1544.0,4962.0,695.0,4267.0,224.0,-122.0,346.0,-560.0,-204.0,114196
W06000003,Conwy,983.0,2020,1616.0,5225.0,1420.0,3805.0,223.0,-140.0,363.0,-633.0,-192.0,114651
W06000003,Conwy,901.0,2021,1593.0,5635.0,1110.0,4525.0,204.0,-78.0,282.0,-692.0,-203.0,114788
W06000003,Conwy,948.0,2022,1674.0,4885.0,127.0,4758.0,422.0,195.0,227.0,-726.0,6.0,114390
W06000003,Conwy,903.0,2023,1706.0,5020.0,854.0,4166.0,534.0,337.0,197.0,-803.0,5.0,114783
W06000003,Conwy,845.0,2024,1603.0,4698.0,629.0,4069.0,462.0,262.0,200.0,-758.0,-25.0,114891
W06000004,Denbighshire,,2011,,,,,,,,,,93919
W06000004,Denbighshire,1041.0,2012,1102.0,5206.0,319.0,4887.0,187.0,54.0,133.0,-61.0,-112.0,94119
W06000004,Denbighshire,1053.0,2013,1185.0,5051.0,486.0,4565.0,139.0,15.0,124.0,-132.0,-110.0,94378
W06000004,Denbighshire,1072.0,2014,1159.0,5404.0,447.0,4957.0,167.0,51.0,116.0,-87.0,-119.0,94670
W06000004,Denbighshire,1077.0,2015,1263.0,5093.0,218.0,4875.0,191.0,73.0,118.0,-186.0,-84.0,94691
W06000004,Denbighshire,1019.0,2016,1193.0,5144.0,242.0,4902.0,184.0,60.0,124.0,-174.0,-96.0,94723
W06000004,Denbighshire,1001.0,2017,1253.0,4497.0,121.0,4376.0,172.0,46.0,126.0,-252.0,-41.0,94597
W06000004,Denbighshire,948.0,2018,1241.0,4499.0,327.0,4172.0,182.0,59.0,123.0,-293.0,-94.0,94596
W06000004,Denbighshire,926.0,2019,1195.0,4623.0,468.0,4155.0,185.0,46.0,139.0,-269.0,-75.0,94766
W06000004,Denbighshire,948.0,2020,1375.0,4921.0,1252.0,3669.0,176.0,-1.0,177.0,-427.0,-32.0,95558
W06000004,Denbighshire,894.0,2021,1243.0,5291.0,841.0,4450.0,207.0,30.0,177.0,-349.0,-33.0,96047
W06000004,Denbighshire,915.0,2022,1390.0,4966.0,722.0,4244.0,464.0,367.0,97.0,-475.0,-9.0,96652
W06000004,Denbighshire,796.0,2023,1377.0,4992.0,786.0,4206.0,626.0,531.0,95.0,-581.0,-13.0,97375
W06000004,Denbighshire,839.0,2024,1345.0,4799.0,893.0,3906.0,557.0,440.0,117.0,-506.0,0.0,98202
W06000005,Flintshire,,2011,,,,,,,,,,152666
W06000005,Flintshire,1703.0,2012,1416.0,5288.0,-200.0,5488.0,537.0,190.0,347.0,287.0,-283.0,152660
W06000005,Flintshire,1681.0,2013,1538.0,5310.0,65.0,5245.0,624.0,311.0,313.0,143.0,-273.0,152906
W06000005,Flintshire,1648.0,2014,1308.0,5615.0,190.0,5425.0,607.0,255.0,352.0,340.0,-252.0,153439
W06000005,Flintshire,1573.0,2015,1508.0,5697.0,101.0,5596.0,707.0,322.0,385.0,65.0,-239.0,153688
W06000005,Flintshire,1588.0,2016,1478.0,5843.0,117.0,5726.0,921.0,487.0,434.0,110.0,-236.0,154166
W06000005,Flintshire,1611.0,2017,1507.0,5436.0,147.0,5289.0,868.0,399.0,469.0,104.0,-229.0,154587
W06000005,Flintshire,1590.0,2018,1536.0,5244.0,212.0,5032.0,652.0,-15.0,667.0,54.0,-251.0,154587
W06000005,Flintshire,1484.0,2019,1509.0,5242.0,359.0,4883.0,518.0,-126.0,644.0,-25.0,-203.0,154592
W06000005,Flintshire,1423.0,2020,1693.0,5590.0,927.0,4663.0,454.0,-51.0,505.0,-270.0,-194.0,155004
W06000005,Flintshire,1434.0,2021,1692.0,6224.0,567.0,5657.0,331.0,-59.0,390.0,-258.0,-209.0,155045
W06000005,Flintshire,1428.0,2022,1680.0,6016.0,628.0,5388.0,449.0,-2.0,451.0,-252.0,3.0,155422
W06000005,Flintshire,1392.0,2023,1735.0,5645.0,375.0,5270.0,549.0,173.0,376.0,-343.0,-13.0,155614
W06000005,Flintshire,1380.0,2024,1675.0,5455.0,490.0,4965.0,484.0,70.0,414.0,-295.0,-12.0,155867
W06000006,Wrexham,,2011,,,,,,,,,,135070
W06000006,Wrexham,1733.0,2012,1254.0,4387.0,-161.0,4548.0,1078.0,452.0,626.0,479.0,-251.0,135589
W06000006,Wrexham,1690.0,2013,1314.0,4260.0,-471.0,4731.0,1215.0,637.0,578.0,376.0,-270.0,135861
W06000006,Wrexham,1602.0,2014,1319.0,4603.0,-152.0,4755.0,942.0,221.0,721.0,283.0,-230.0,135983
W06000006,Wrexham,1580.0,2015,1500.0,4411.0,-546.0,4957.0,839.0,251.0,588.0,80.0,-203.0,135565
W06000006,Wrexham,1487.0,2016,1326.0,4512.0,-561.0,5073.0,800.0,370.0,430.0,161.0,-181.0,135354
W06000006,Wrexham,1549.0,2017,1429.0,4252.0,-535.0,4787.0,796.0,447.0,349.0,120.0,233.0,135619
W06000006,Wrexham,1502.0,2018,1469.0,4116.0,-133.0,4249.0,724.0,215.0,509.0,33.0,510.0,136244
W06000006,Wrexham,1382.0,2019,1421.0,4112.0,-381.0,4493.0,584.0,19.0,565.0,-39.0,56.0,135899
W06000006,Wrexham,1378.0,2020,1496.0,4184.0,117.0,4067.0,542.0,33.0,509.0,-118.0,49.0,135980
W06000006,Wrexham,1260.0,2021,1615.0,4515.0,-516.0,5031.0,650.0,136.0,514.0,-355.0,-93.0,135152
W06000006,Wrexham,1278.0,2022,1514.0,4500.0,-41.0,4541.0,1107.0,707.0,400.0,-236.0,102.0,135684
W06000006,Wrexham,1236.0,2023,1615.0,4779.0,534.0,4245.0,1275.0,993.0,282.0,-379.0,58.0,136890
W06000006,Wrexham,1242.0,2024,1451.0,4482.0,446.0,4036.0,1386.0,1057.0,329.0,-209.0,61.0,138245
W06000008,Ceredigion,,2011,,,,,,,,,,75293
W06000008,Ceredigion,633.0,2012,724.0,7270.0,607.0,6663.0,852.0,395.0,457.0,-91.0,11.0,76215
W06000008,Ceredigion,641.0,2013,788.0,6448.0,-353.0,6801.0,868.0,431.0,437.0,-147.0,-59.0,76087
W06000008,Ceredigion,631.0,2014,677.0,6290.0,-999.0,7289.0,829.0,300.0,529.0,-46.0,-145.0,75197
W06000008,Ceredigion,643.0,2015,828.0,6082.0,-1262.0,7344.0,702.0,198.0,504.0,-185.0,-224.0,73724
W06000008,Ceredigion,593.0,2016,765.0,6295.0,-695.0,6990.0,730.0,304.0,426.0,-172.0,-261.0,72900
W06000008,Ceredigion,584.0,2017,804.0,5802.0,-392.0,6194.0,631.0,164.0,467.0,-220.0,-232.0,72220
W06000008,Ceredigion,572.0,2018,799.0,5382.0,-603.0,5985.0,557.0,120.0,437.0,-227.0,-219.0,71291
W06000008,Ceredigion,515.0,2019,817.0,5406.0,-191.0,5597.0,522.0,41.0,481.0,-302.0,-200.0,70639
W06000008,Ceredigion,502.0,2020,864.0,5759.0,1115.0,4644.0,601.0,169.0,432.0,-362.0,-140.0,71421
W06000008,Ceredigion,498.0,2021,825.0,5957.0,-504.0,6461.0,381.0,224.0,157.0,-327.0,-138.0,70676
W06000008,Ceredigion,522.0,2022,878.0,6056.0,1212.0,4844.0,951.0,434.0,517.0,-356.0,-10.0,71956
W06000008,Ceredigion,461.0,2023,855.0,5676.0,448.0,5228.0,867.0,475.0,392.0,-394.0,3.0,72488
W06000008,Ceredigion,547.0,2024,924.0,5144.0,155.0,4989.0,800.0,338.0,462.0,-377.0,-5.0,72599
W06000009,Pembrokeshire,,2011,,,,,,,,,,122613
W06000009,Pembrokeshire,1329.0,2012,1383.0,4471.0,227.0,4244.0,395.0,18.0,377.0,-54.0,-183.0,122621
W06000009,Pembrokeshire,1202.0,2013,1414.0,4180.0,87.0,4093.0,353.0,8.0,345.0,-212.0,-202.0,122302
W06000009,Pembrokeshire,1196.0,2014,1320.0,4471.0,222.0,4249.0,357.0,11.0,346.0,-124.0,-263.0,122148
W06000009,Pembrokeshire,1199.0,2015,1450.0,4278.0,53.0,4225.0,362.0,27.0,335.0,-251.0,-256.0,121721
W06000009,Pembrokeshire,1136.0,2016,1438.0,4530.0,221.0,4309.0,408.0,45.0,363.0,-302.0,-247.0,121438
W06000009,Pembrokeshire,1138.0,2017,1477.0,4491.0,466.0,4025.0,390.0,51.0,339.0,-339.0,-234.0,121382
W06000009,Pembrokeshire,1089.0,2018,1519.0,4398.0,436.0,3962.0,388.0,-13.0,401.0,-430.0,-181.0,121194
W06000009,Pembrokeshire,1035.0,2019,1459.0,4682.0,885.0,3797.0,342.0,-44.0,386.0,-424.0,-179.0,121432
W06000009,Pembrokeshire,1032.0,2020,1571.0,4970.0,1914.0,3056.0,294.0,-92.0,386.0,-539.0,-143.0,122572
W06000009,Pembrokeshire,974.0,2021,1576.0,5596.0,1852.0,3744.0,247.0,-53.0,300.0,-602.0,-136.0,123633
W06000009,Pembrokeshire,1036.0,2022,1549.0,4671.0,1148.0,3523.0,455.0,164.0,291.0,-513.0,-7.0,124425
W06000009,Pembrokeshire,981.0,2023,1735.0,4615.0,1065.0,3550.0,590.0,330.0,260.0,-754.0,-23.0,125043
W06000009,Pembrokeshire,961.0,2024,1600.0,4350.0,1060.0,3290.0,533.0,272.0,261.0,-639.0,25.0,125761
W06000010,Carmarthenshire,,2011,,,,,,,,,,183961
W06000010,Carmarthenshire,1954.0,2012,2103.0,7398.0,606.0,6792.0,658.0,128.0,530.0,-149.0,-340.0,184206
W06000010,Carmarthenshire,1906.0,2013,2213.0,6800.0,381.0,6419.0,673.0,290.0,383.0,-307.0,-318.0,184252
W06000010,Carmarthenshire,1827.0,2014,2053.0,7291.0,349.0,6942.0,715.0,292.0,423.0,-226.0,-318.0,184349
W06000010,Carmarthenshire,1814.0,2015,2279.0,7318.0,615.0,6703.0,674.0,221.0,453.0,-465.0,-316.0,184404
W06000010,Carmarthenshire,1884.0,2016,2252.0,7541.0,1047.0,6494.0,645.0,214.0,431.0,-368.0,-312.0,184985
W06000010,Carmarthenshire,1822.0,2017,2163.0,7090.0,622.0,6468.0,507.0,32.0,475.0,-341.0,-314.0,184984
W06000010,Carmarthenshire,1806.0,2018,2463.0,7223.0,1383.0,5840.0,516.0,8.0,508.0,-657.0,-274.0,185444
W06000010,Carmarthenshire,1744.0,2019,2211.0,7317.0,1474.0,5843.0,496.0,-48.0,544.0,-467.0,-278.0,186125
W06000010,Carmarthenshire,1638.0,2020,2326.0,7343.0,2258.0,5085.0,415.0,-59.0,474.0,-688.0,-245.0,187391
W06000010,Carmarthenshire,1572.0,2021,2499.0,8366.0,1967.0,6399.0,323.0,-6.0,329.0,-927.0,-253.0,188172
W06000010,Carmarthenshire,1609.0,2022,2487.0,7570.0,1616.0,5954.0,677.0,278.0,399.0,-878.0,6.0,189194
W06000010,Carmarthenshire,1578.0,2023,2593.0,7127.0,1615.0,5512.0,958.0,601.0,357.0,-1015.0,-14.0,190381
W06000010,Carmarthenshire,1538.0,2024,2369.0,6107.0,782.0,5325.0,844.0,467.0,377.0,-831.0,1.0,190800
W06000011,Swansea,,2011,,,,,,,,,,238691
W06000011,Swansea,2796.0,2012,2410.0,10748.0,-375.0,11123.0,2022.0,493.0,1529.0,386.0,2.0,239197
W06000011,Swansea,2599.0,2013,2564.0,10383.0,-584.0,10967.0,2090.0,669.0,1421.0,35.0,-80.0,239237
W06000011,Swansea,2475.0,2014,2311.0,10949.0,-889.0,11838.0,2332.0,796.0,1536.0,164.0,-80.0,239228
W06000011,Swansea,2558.0,2015,2650.0,11791.0,-370.0,12161.0,2396.0,872.0,1524.0,-92.0,-284.0,239354
W06000011,Swansea,2528.0,2016,2643.0,11165.0,-751.0,11916.0,2651.0,1155.0,1496.0,-115.0,-343.0,239300
W06000011,Swansea,2356.0,2017,2658.0,11479.0,119.0,11360.0,2173.0,538.0,1635.0,-302.0,-389.0,239266
W06000011,Swansea,2415.0,2018,2659.0,11301.0,-100.0,11401.0,2184.0,670.0,1514.0,-244.0,-408.0,239184
W06000011,Swansea,2273.0,2019,2484.0,11341.0,-519.0,11860.0,2387.0,633.0,1754.0,-211.0,-380.0,238707
W06000011,Swansea,2187.0,2020,2821.0,11873.0,793.0,11080.0,2431.0,506.0,1925.0,-634.0,-380.0,238992
W06000011,Swansea,1996.0,2021,2761.0,12897.0,-754.0,13651.0,1692.0,733.0,959.0,-765.0,-309.0,237897
W06000011,Swansea,2075.0,2022,2804.0,12604.0,786.0,11818.0,6127.0,4839.0,1288.0,-729.0,19.0,242812
W06000011,Swansea,2085.0,2023,2849.0,13273.0,1134.0,12139.0,7326.0,5774.0,1552.0,-764.0,3.0,248959
W06000011,Swansea,2030.0,2024,2693.0,10712.0,-1863.0,12575.0,6971.0,4909.0,2062.0,-663.0,-38.0,251304
W06000012,Neath Port Talbot,,2011,,,,,,,,,,139880
W06000012,Neath Port Talbot,1557.0,2012,1568.0,4615.0,108.0,4507.0,177.0,-85.0,262.0,-11.0,-198.0,139694
W06000012,Neath Port Talbot,1465.0,2013,1664.0,4332.0,-193.0,4525.0,170.0,-33.0,203.0,-199.0,-176.0,139093
W06000012,Neath Port Talbot,1492.0,2014,1501.0,5093.0,587.0,4506.0,186.0,-49.0,235.0,-9.0,-183.0,139439
W06000012,Neath Port Talbot,1507.0,2015,1704.0,5099.0,675.0,4424.0,175.0,-40.0,215.0,-197.0,-173.0,139704
W06000012,Neath Port Talbot,1505.0,2016,1612.0,5915.0,1468.0,4447.0,325.0,112.0,213.0,-107.0,-177.0,141000
W06000012,Neath Port Talbot,1478.0,2017,1692.0,5484.0,398.0,5086.0,344.0,72.0,272.0,-214.0,-234.0,141022
W06000012,Neath Port Talbot,1460.0,2018,1716.0,5931.0,771.0,5160.0,350.0,90.0,260.0,-256.0,-285.0,141342
W06000012,Neath Port Talbot,1373.0,2019,1575.0,6017.0,454.0,5563.0,371.0,123.0,248.0,-202.0,-332.0,141385
W06000012,Neath Port Talbot,1258.0,2020,1750.0,6570.0,1669.0,4901.0,449.0,125.0,324.0,-492.0,-379.0,142308
W06000012,Neath Port Talbot,1230.0,2021,1912.0,6613.0,516.0,6097.0,330.0,160.0,170.0,-682.0,-368.0,141934
W06000012,Neath Port Talbot,1277.0,2022,1728.0,6551.0,459.0,6092.0,549.0,336.0,213.0,-451.0,13.0,142291
W06000012,Neath Port Talbot,1258.0,2023,1781.0,5619.0,-348.0,5967.0,847.0,641.0,206.0,-523.0,-16.0,142045
W06000012,Neath Port Talbot,1245.0,2024,1700.0,6071.0,1070.0,5001.0,831.0,574.0,257.0,-455.0,15.0,143249
W06000013,Bridgend,,2011,,,,,,,,,,139410
W06000013,Bridgend,1670.0,2012,1467.0,4519.0,403.0,4116.0,233.0,11.0,222.0,203.0,-42.0,139985
W06000013,Bridgend,1563.0,2013,1469.0,4690.0,613.0,4077.0,244.0,27.0,217.0,94.0,-140.0,140579
W06000013,Bridgend,1523.0,2014,1459.0,4989.0,664.0,4325.0,266.0,26.0,240.0,64.0,0.0,141333
W06000013,Bridgend,1490.0,2015,1602.0,5017.0,753.0,4264.0,237.0,-3.0,240.0,-112.0,206.0,142177
W06000013,Bridgend,1537.0,2016,1521.0,5171.0,723.0,4448.0,249.0,10.0,239.0,16.0,-39.0,142887
W06000013,Bridgend,1469.0,2017,1608.0,4942.0,573.0,4369.0,277.0,10.0,267.0,-139.0,24.0,143355
W06000013,Bridgend,1504.0,2018,1680.0,4758.0,578.0,4180.0,248.0,-57.0,305.0,-176.0,-117.0,143583
W06000013,Bridgend,1442.0,2019,1603.0,5161.0,1158.0,4003.0,300.0,-34.0,334.0,-161.0,-46.0,144500
W06000013,Bridgend,1334.0,2020,1748.0,5027.0,1462.0,3565.0,229.0,-64.0,293.0,-414.0,-50.0,145434
W06000013,Bridgend,1353.0,2021,1848.0,5319.0,883.0,4436.0,256.0,6.0,250.0,-495.0,-90.0,145738
W06000013,Bridgend,1383.0,2022,1590.0,4734.0,433.0,4301.0,416.0,197.0,219.0,-207.0,12.0,146173
W06000013,Bridgend,1303.0,2023,1683.0,4769.0,714.0,4055.0,536.0,346.0,190.0,-380.0,47.0,146900
W06000013,Bridgend,1268.0,2024,1659.0,4532.0,695.0,3837.0,462.0,252.0,210.0,-391.0,74.0,147530
W06000014,Vale of Glamorgan,,2011,,,,,,,,,,126679
W06000014,Vale of Glamorgan,1431.0,2012,1150.0,5486.0,219.0,5267.0,279.0,-78.0,357.0,281.0,-398.0,126703
W06000014,Vale of Glamorgan,1336.0,2013,1265.0,5715.0,199.0,5516.0,255.0,-107.0,362.0,71.0,-408.0,126458
W06000014,Vale of Glamorgan,1304.0,2014,1202.0,5877.0,512.0,5365.0,283.0,-58.0,341.0,102.0,-300.0,126714
W06000014,Vale of Glamorgan,1321.0,2015,1318.0,5752.0,0.0,5752.0,292.0,-66.0,358.0,3.0,-390.0,126261
W06000014,Vale of Glamorgan,1307.0,2016,1293.0,6449.0,1164.0,5285.0,334.0,-38.0,372.0,14.0,-319.0,127082
W06000014,Vale of Glamorgan,1391.0,2017,1276.0,6005.0,1500.0,4505.0,347.0,-52.0,399.0,115.0,-268.0,128377
W06000014,Vale of Glamorgan,1315.0,2018,1366.0,6177.0,1288.0,4889.0,304.0,-111.0,415.0,-51.0,-338.0,129165
W06000014,Vale of Glamorgan,1246.0,2019,1283.0,6002.0,1135.0,4867.0,288.0,-157.0,445.0,-37.0,-304.0,129802
W06000014,Vale of Glamorgan,1225.0,2020,1441.0,6175.0,1968.0,4207.0,257.0,-135.0,392.0,-216.0,-195.0,131224
W06000014,Vale of Glamorgan,1206.0,2021,1407.0,7024.0,1825.0,5199.0,228.0,-107.0,335.0,-201.0,-250.0,132491
W06000014,Vale of Glamorgan,1231.0,2022,1350.0,5882.0,641.0,5241.0,1016.0,747.0,269.0,-119.0,-65.0,133695
W06000014,Vale of Glamorgan,1147.0,2023,1483.0,5755.0,771.0,4984.0,890.0,638.0,252.0,-336.0,3.0,134771
W06000014,Vale of Glamorgan,1119.0,2024,1340.0,5571.0,823.0,4748.0,782.0,537.0,245.0,-221.0,-167.0,135743
W06000015,Cardiff,,2011,,,,,,,,,,345442
W06000015,Cardiff,4848.0,2012,2643.0,23752.0,327.0,23425.0,5877.0,1343.0,4534.0,2205.0,-1233.0,348084
W06000015,Cardiff,4574.0,2013,2814.0,22906.0,-725.0,23631.0,6257.0,2071.0,4186.0,1760.0,-1208.0,349982
W06000015,Cardiff,4591.0,2014,2628.0,23734.0,-1638.0,25372.0,6456.0,1989.0,4467.0,1963.0,-1347.0,350949
W06000015,Cardiff,4624.0,2015,2920.0,24476.0,-2131.0,26607.0,7073.0,2735.0,4338.0,1704.0,-1657.0,351600
W06000015,Cardiff,4556.0,2016,2769.0,24970.0,-1603.0,26573.0,7106.0,2864.0,4242.0,1787.0,-1666.0,352982
W06000015,Cardiff,4211.0,2017,2804.0,23411.0,-539.0,23950.0,6470.0,2110.0,4360.0,1407.0,-1612.0,354348
W06000015,Cardiff,4067.0,2018,3021.0,23428.0,-1088.0,24516.0,6985.0,2566.0,4419.0,1046.0,-1747.0,355125
W06000015,Cardiff,3891.0,2019,2777.0,23843.0,-781.0,24624.0,8455.0,3739.0,4716.0,1114.0,-2060.0,357137
W06000015,Cardiff,3792.0,2020,3133.0,25829.0,2614.0,23215.0,7107.0,2054.0,5053.0,659.0,-2177.0,360287
W06000015,Cardiff,3645.0,2021,3009.0,26537.0,-2770.0,29307.0,6169.0,3570.0,2599.0,636.0,-1899.0,359824
W06000015,Cardiff,3785.0,2022,2882.0,26293.0,803.0,25490.0,11922.0,8332.0,3590.0,903.0,-11.0,369851
W06000015,Cardiff,3524.0,2023,3058.0,25541.0,-556.0,26097.0,13785.0,9884.0,3901.0,466.0,94.0,379739
W06000015,Cardiff,3566.0,2024,2974.0,24787.0,-3215.0,28002.0,12201.0,6845.0,5356.0,592.0,-42.0,383919
W06000016,Rhondda Cynon Taf,,2011,,,,,,,,,,234373
W06000016,Rhondda Cynon Taf,2879.0,2012,2397.0,7554.0,295.0,7259.0,959.0,250.0,709.0,482.0,-129.0,235271
W06000016,Rhondda Cynon Taf,2808.0,2013,2536.0,7343.0,-587.0,7930.0,1006.0,347.0,659.0,272.0,-158.0,235145
W06000016,Rhondda Cynon Taf,2783.0,2014,2486.0,7870.0,-318.0,8188.0,998.0,296.0,702.0,297.0,-136.0,235284
W06000016,Rhondda Cynon Taf,2701.0,2015,2570.0,7765.0,-405.0,8170.0,1062.0,375.0,687.0,131.0,-152.0,235233
W06000016,Rhondda Cynon Taf,2760.0,2016,2574.0,8244.0,-64.0,8308.0,1094.0,384.0,710.0,186.0,-172.0,235567
W06000016,Rhondda Cynon Taf,2634.0,2017,2485.0,8021.0,652.0,7369.0,816.0,104.0,712.0,149.0,-115.0,236357
W06000016,Rhondda Cynon Taf,2588.0,2018,2621.0,8001.0,406.0,7595.0,790.0,126.0,664.0,-33.0,-171.0,236685
W06000016,Rhondda Cynon Taf,2549.0,2019,2517.0,7844.0,530.0,7314.0,1096.0,466.0,630.0,32.0,-139.0,237574
W06000016,Rhondda Cynon Taf,2430.0,2020,2969.0,7355.0,769.0,6586.0,1289.0,381.0,908.0,-539.0,-146.0,238039
W06000016,Rhondda Cynon Taf,2229.0,2021,2841.0,8075.0,-276.0,8351.0,962.0,471.0,491.0,-612.0,-77.0,237545
W06000016,Rhondda Cynon Taf,2314.0,2022,2570.0,7974.0,277.0,7697.0,2407.0,1955.0,452.0,-256.0,-27.0,239494
W06000016,Rhondda Cynon Taf,2227.0,2023,2784.0,7801.0,443.0,7358.0,3082.0,2712.0,370.0,-557.0,-1.0,242091
W06000016,Rhondda Cynon Taf,2162.0,2024,2815.0,7265.0,-466.0,7731.0,2535.0,1863.0,672.0,-653.0,9.0,242844
W06000018,Caerphilly,,2011,,,,,,,,,,178782
W06000018,Caerphilly,2081.0,2012,1670.0,5120.0,-102.0,5222.0,158.0,2.0,156.0,411.0,-530.0,178563
W06000018,Caerphilly,2045.0,2013,1791.0,5009.0,-133.0,5142.0,181.0,45.0,136.0,254.0,-493.0,178236
W06000018,Caerphilly,2084.0,2014,1703.0,5520.0,281.0,5239.0,205.0,78.0,127.0,381.0,-463.0,178513
W06000018,Caerphilly,2058.0,2015,1867.0,5478.0,5.0,5473.0,200.0,56.0,144.0,191.0,-496.0,178269
W06000018,Caerphilly,2091.0,2016,1765.0,5292.0,-157.0,5449.0,198.0,46.0,152.0,326.0,-471.0,178013
W06000018,Caerphilly,1946.0,2017,1864.0,4966.0,-23.0,4989.0,175.0,9.0,166.0,82.0,-471.0,177610
W06000018,Caerphilly,1943.0,2018,1862.0,5256.0,13.0,5243.0,180.0,-18.0,198.0,81.0,-409.0,177277
W06000018,Caerphilly,1797.0,2019,1806.0,5005.0,-57.0,5062.0,182.0,-2.0,184.0,-9.0,-474.0,176735
W06000018,Caerphilly,1741.0,2020,2048.0,5227.0,771.0,4456.0,163.0,-13.0,176.0,-307.0,-381.0,176805
W06000018,Caerphilly,1563.0,2021,2121.0,5412.0,166.0,5246.0,162.0,21.0,141.0,-558.0,-435.0,175999
W06000018,Caerphilly,1680.0,2022,1996.0,5253.0,287.0,4966.0,340.0,197.0,143.0,-316.0,-11.0,176156
W06000018,Caerphilly,1592.0,2023,2205.0,5552.0,800.0,4752.0,441.0,305.0,136.0,-613.0,-9.0,176639
W06000018,Caerphilly,1521.0,2024,2038.0,5079.0,478.0,4601.0,422.0,257.0,165.0,-517.0,8.0,176865
W06000019,Blaenau Gwent,,2011,,,,,,,,,,69812
W06000019,Blaenau Gwent,766.0,2012,790.0,2005.0,31.0,1974.0,81.0,54.0,27.0,-24.0,-284.0,69589
W06000019,Blaenau Gwent,837.0,2013,852.0,1850.0,-164.0,2014.0,82.0,34.0,48.0,-15.0,-258.0,69186
W06000019,Blaenau Gwent,797.0,2014,744.0,1921.0,-248.0,2169.0,98.0,55.0,43.0,53.0,-309.0,68737
W06000019,Blaenau Gwent,760.0,2015,814.0,2026.0,-58.0,2084.0,122.0,80.0,42.0,-54.0,-310.0,68395
W06000019,Blaenau Gwent,727.0,2016,785.0,2163.0,52.0,2111.0,114.0,47.0,67.0,-58.0,-301.0,68135
W06000019,Blaenau Gwent,695.0,2017,840.0,1960.0,52.0,1908.0,87.0,31.0,56.0,-145.0,-244.0,67829
W06000019,Blaenau Gwent,748.0,2018,900.0,2115.0,192.0,1923.0,114.0,0.0,114.0,-152.0,-303.0,67566
W06000019,Blaenau Gwent,729.0,2019,779.0,2069.0,143.0,1926.0,61.0,-21.0,82.0,-50.0,-256.0,67382
W06000019,Blaenau Gwent,714.0,2020,919.0,1962.0,294.0,1668.0,92.0,1.0,91.0,-205.0,-253.0,67219
W06000019,Blaenau Gwent,637.0,2021,886.0,2234.0,254.0,1980.0,76.0,12.0,64.0,-249.0,-247.0,66989
W06000019,Blaenau Gwent,711.0,2022,936.0,2101.0,158.0,1943.0,87.0,30.0,57.0,-225.0,-4.0,66948
W06000019,Blaenau Gwent,670.0,2023,894.0,2322.0,433.0,1889.0,399.0,363.0,36.0,-224.0,3.0,67523
W06000019,Blaenau Gwent,643.0,2024,840.0,2181.0,287.0,1894.0,336.0,266.0,70.0,-197.0,-6.0,67873
W06000020,Torfaen,,2011,,,,,,,,,,91190
W06000020,Torfaen,1069.0,2012,999.0,2916.0,160.0,2756.0,54.0,3.0,51.0,70.0,-224.0,91199
W06000020,Torfaen,1056.0,2013,1020.0,2624.0,-148.0,2772.0,48.0,-2.0,50.0,36.0,-243.0,90842
W06000020,Torfaen,1057.0,2014,912.0,2882.0,70.0,2812.0,70.0,26.0,44.0,145.0,-217.0,90866
W06000020,Torfaen,978.0,2015,989.0,3029.0,207.0,2822.0,74.0,20.0,54.0,-11.0,-238.0,90844
W06000020,Torfaen,1028.0,2016,972.0,2851.0,33.0,2818.0,79.0,27.0,52.0,56.0,-230.0,90730
W06000020,Torfaen,1014.0,2017,1039.0,2937.0,158.0,2779.0,63.0,2.0,61.0,-25.0,-227.0,90638
W06000020,Torfaen,971.0,2018,1055.0,3281.0,783.0,2498.0,76.0,24.0,52.0,-84.0,-231.0,91130
W06000020,Torfaen,1012.0,2019,995.0,3240.0,777.0,2463.0,72.0,-5.0,77.0,17.0,-234.0,91685
W06000020,Torfaen,924.0,2020,1087.0,3308.0,1021.0,2287.0,69.0,2.0,67.0,-163.0,-208.0,92337
W06000020,Torfaen,891.0,2021,1090.0,3345.0,500.0,2845.0,85.0,11.0,74.0,-199.0,-195.0,92454
W06000020,Torfaen,947.0,2022,1122.0,3216.0,533.0,2683.0,139.0,97.0,42.0,-175.0,-13.0,92896
W06000020,Torfaen,933.0,2023,1144.0,3276.0,628.0,2648.0,218.0,186.0,32.0,-211.0,19.0,93518
W06000020,Torfaen,928.0,2024,1032.0,3137.0,549.0,2588.0,216.0,176.0,40.0,-104.0,-20.0,94119
W06000021,Monmouthshire,,2011,,,,,,,,,,91508
W06000021,Monmouthshire,816.0,2012,918.0,4952.0,488.0,4464.0,218.0,-18.0,236.0,-102.0,-253.0,91623
W06000021,Monmouthshire,838.0,2013,988.0,4938.0,630.0,4308.0,201.0,-26.0,227.0,-150.0,-255.0,91822
W06000021,Monmouthshire,735.0,2014,892.0,5153.0,484.0,4669.0,234.0,-2.0,236.0,-157.0,-283.0,91864
W06000021,Monmouthshire,780.0,2015,946.0,5262.0,453.0,4809.0,214.0,-33.0,247.0,-166.0,-251.0,91867
W06000021,Monmouthshire,752.0,2016,950.0,5210.0,561.0,4649.0,261.0,10.0,251.0,-198.0,-216.0,92024
W06000021,Monmouthshire,766.0,2017,1055.0,4833.0,349.0,4484.0,255.0,-19.0,274.0,-289.0,-274.0,91791
W06000021,Monmouthshire,712.0,2018,1024.0,4992.0,629.0,4363.0,242.0,-43.0,285.0,-312.0,-231.0,91834
W06000021,Monmouthshire,685.0,2019,992.0,4971.0,495.0,4476.0,248.0,-47.0,295.0,-307.0,-245.0,91730
W06000021,Monmouthshire,714.0,2020,1060.0,5230.0,1463.0,3767.0,223.0,-83.0,306.0,-346.0,-308.0,92456
W06000021,Monmouthshire,698.0,2021,1051.0,6092.0,1347.0,4745.0,206.0,-36.0,242.0,-353.0,-251.0,93163
W06000021,Monmouthshire,751.0,2022,1156.0,5538.0,910.0,4628.0,535.0,324.0,211.0,-405.0,57.0,94049
W06000021,Monmouthshire,721.0,2023,1203.0,5190.0,827.0,4363.0,475.0,253.0,222.0,-482.0,25.0,94672
W06000021,Monmouthshire,698.0,2024,1092.0,4692.0,471.0,4221.0,389.0,178.0,211.0,-394.0,3.0,94930
W06000022,Newport,,2011,,,,,,,,,,145785
W06000022,Newport,1908.0,2012,1359.0,6236.0,-359.0,6595.0,1045.0,369.0,676.0,549.0,416.0,146760
W06000022,Newport,1939.0,2013,1443.0,5849.0,-385.0,6234.0,1032.0,355.0,677.0,496.0,360.0,147586
W06000022,Newport,1835.0,2014,1379.0,6223.0,-560.0,6783.0,914.0,237.0,677.0,456.0,431.0,148150
W06000022,Newport,1973.0,2015,1434.0,6326.0,-389.0,6715.0,858.0,266.0,592.0,539.0,382.0,148948
W06000022,Newport,1938.0,2016,1523.0,6711.0,450.0,6261.0,1255.0,675.0,580.0,415.0,438.0,150926
W06000022,Newport,1976.0,2017,1450.0,7053.0,990.0,6063.0,1015.0,364.0,651.0,526.0,428.0,153234
W06000022,Newport,1910.0,2018,1557.0,6904.0,1059.0,5845.0,1018.0,181.0,837.0,353.0,395.0,155222
W06000022,Newport,1989.0,2019,1431.0,6435.0,362.0,6073.0,1079.0,248.0,831.0,558.0,383.0,156773
W06000022,Newport,1908.0,2020,1693.0,6457.0,1125.0,5332.0,935.0,-32.0,967.0,215.0,357.0,158438
W06000022,Newport,1833.0,2021,1551.0,6922.0,294.0,6628.0,1039.0,246.0,793.0,282.0,427.0,159687
W06000022,Newport,1938.0,2022,1576.0,6210.0,-331.0,6541.0,2887.0,2303.0,584.0,362.0,21.0,162042
W06000022,Newport,1824.0,2023,1648.0,6529.0,328.0,6201.0,3187.0,2587.0,600.0,176.0,-21.0,165112
W06000022,Newport,1903.0,2024,1571.0,6631.0,330.0,6301.0,2959.0,2121.0,838.0,332.0,4.0,167899
W06000023,Powys,,2011,,,,,,,,,,133071
W06000023,Powys,1189.0,2012,1431.0,6160.0,311.0,5849.0,354.0,34.0,320.0,-242.0,-28.0,133146
W06000023,Powys,1246.0,2013,1515.0,5627.0,-158.0,5785.0,377.0,58.0,319.0,-269.0,-58.0,132719
W06000023,Powys,1189.0,2014,1428.0,6203.0,280.0,5923.0,414.0,80.0,334.0,-239.0,-31.0,132809
W06000023,Powys,1160.0,2015,1586.0,6372.0,512.0,5860.0,400.0,49.0,351.0,-426.0,1.0,132945
W06000023,Powys,1089.0,2016,1547.0,5970.0,-62.0,6032.0,427.0,85.0,342.0,-458.0,21.0,132531
W06000023,Powys,1142.0,2017,1625.0,6085.0,457.0,5628.0,404.0,18.0,386.0,-483.0,-63.0,132460
W06000023,Powys,1157.0,2018,1627.0,5716.0,-1.0,5717.0,380.0,-43.0,423.0,-470.0,21.0,131967
W06000023,Powys,1092.0,2019,1624.0,5806.0,269.0,5537.0,337.0,-107.0,444.0,-532.0,-41.0,131556
W06000023,Powys,1031.0,2020,1746.0,6109.0,1426.0,4683.0,274.0,-93.0,367.0,-715.0,25.0,132199
W06000023,Powys,1001.0,2021,1687.0,7582.0,2094.0,5488.0,210.0,-73.0,283.0,-686.0,-13.0,133521
W06000023,Powys,1045.0,2022,1756.0,6332.0,970.0,5362.0,469.0,187.0,282.0,-711.0,22.0,133989
W06000023,Powys,942.0,2023,1745.0,6175.0,1149.0,5026.0,602.0,330.0,272.0,-803.0,-20.0,134645
W06000023,Powys,939.0,2024,1720.0,5680.0,919.0,4761.0,508.0,257.0,251.0,-781.0,19.0,135059
W06000024,Merthyr Tydfil,,2011,,,,,,,,,,58851
W06000024,Merthyr Tydfil,769.0,2012,595.0,1659.0,-187.0,1846.0,178.0,130.0,48.0,174.0,-99.0,58869
W06000024,Merthyr Tydfil,733.0,2013,614.0,1686.0,-243.0,1929.0,220.0,168.0,52.0,119.0,-122.0,58791
W06000024,Merthyr Tydfil,691.0,2014,599.0,1761.0,-35.0,1796.0,189.0,135.0,54.0,92.0,-124.0,58859
W06000024,Merthyr Tydfil,757.0,2015,622.0,1837.0,4.0,1833.0,121.0,74.0,47.0,135.0,-150.0,58922
W06000024,Merthyr Tydfil,735.0,2016,622.0,1903.0,213.0,1690.0,175.0,115.0,60.0,113.0,-116.0,59247
W06000024,Merthyr Tydfil,711.0,2017,654.0,1657.0,47.0,1610.0,191.0,92.0,99.0,57.0,-106.0,59337
W06000024,Merthyr Tydfil,698.0,2018,647.0,1697.0,94.0,1603.0,169.0,-1.0,170.0,51.0,-132.0,59349
W06000024,Merthyr Tydfil,664.0,2019,644.0,1637.0,-15.0,1652.0,177.0,34.0,143.0,20.0,-133.0,59255
W06000024,Merthyr Tydfil,647.0,2020,732.0,1563.0,97.0,1466.0,149.0,25.0,124.0,-85.0,-98.0,59194
W06000024,Merthyr Tydfil,595.0,2021,746.0,1694.0,-76.0,1770.0,194.0,36.0,158.0,-151.0,-134.0,58869
W06000024,Merthyr Tydfil,606.0,2022,696.0,1671.0,34.0,1637.0,176.0,66.0,110.0,-90.0,2.0,58881
W06000024,Merthyr Tydfil,576.0,2023,707.0,1605.0,-134.0,1739.0,304.0,226.0,78.0,-131.0,-1.0,58841
W06000024,Merthyr Tydfil,590.0,2024,717.0,1606.0,111.0,1495.0,265.0,156.0,109.0,-127.0,-9.0,58972
