task,model,config,validation_group,train_n,validation_n,status,n,mse,rmse,mae,r2,mean_y,mean_pred,residual_mean,sd_ratio,pearson,spearman,calibration_intercept,calibration_slope,sse,sse_between_process_mean,sse_within_process
E_log,B00,{},P1,3110,270,ok,270,4.4496704879945534,2.109424207691415,1.8849938439244072,-0.12128600833383052,2.2553727869836906,2.9491356936296143,-0.6937629066459238,0.0,,,,,1201.4110317585294,129.9528820722062,1071.4581496863234
E_log,B00,{},P2,777,2603,ok,2603,6.102897893108103,2.470404398698339,2.0287455726056227,-0.16152245738169868,3.1054919247043675,2.1842563444893544,0.9212355802150136,1.9373851864155306e-16,,,,,15885.843215760391,2209.1010100434037,13676.742205716988
E_log,B00,{},P3,2873,509,ok,509,4.712845630408964,2.170908941067995,1.9399450428939058,-0.20000946191561186,2.139311737452243,3.025599071524909,-0.8862873340726661,2.240892117879097e-16,,,,,2398.8384258781625,399.82216641565554,1999.0162594625072
E_log,B01,"{""lambda"":0}",P1,3110,270,ok,270,8.990940630843136,2.9984897249854194,2.649613220613478,-1.265654492467419,2.2553727869836906,4.486488436441084,-2.2311156494573936,0.34859762583462073,0.15814249628360635,0.19348940418377572,0.2200620782902094,0.4536533945260752,2427.5539703276468,1344.0268011384956,1083.5271691891512
E_log,B01,"{""lambda"":0}",P2,777,2603,ok,2603,21.382503522583203,4.624121919087256,4.05261723235042,-3.0695843960572944,3.1054919247043675,7.125806489130241,-4.020314564425874,0.18436341922667043,0.11006601647678411,0.1076961157086896,-1.1486553336446135,0.5970057234697981,55658.65666928408,42072.1046996213,13586.551969662774
E_log,B01,"{""lambda"":0}",P3,2873,509,ok,509,29701.929529215016,172.34247743726738,172.33026028520345,-7561.86101166352,2.139311737452243,-170.19094854775122,172.33026028520345,0.373777606336687,0.09029883352167901,0.13492258722316122,43.25478754251417,0.2415843859846987,15118282.130370444,15116138.77247268,2143.357897766062
E_log,B01,"{""lambda"":0.001}",P1,3110,270,ok,270,4.241368350358713,2.059458266233796,1.7795009772094583,-0.06879531872720235,2.2553727869836906,2.731904107261683,-0.47653132027799244,0.3517561847440275,0.15942890121096717,0.19739675077863525,1.017172894773115,0.453236952541384,1145.1694545968526,61.31216678558939,1083.8572878112634
E_log,B01,"{""lambda"":0.001}",P2,777,2603,ok,2603,6.1606497085579,2.4820656132660757,2.1935203048313863,-0.1725139620364391,3.1054919247043675,4.095227278771486,-0.9897353540671188,0.17926892412397202,0.12846437749278228,0.12594476609249727,0.17084596958597897,0.7166014864012,16036.171191376212,2549.83651304822,13486.334678327996
E_log,B01,"{""lambda"":0.001}",P3,2873,509,ok,509,5.449466278379738,2.3344091925752304,2.0473411314469945,-0.38757167309939566,2.139311737452243,3.2961343921898028,-1.1568226547375595,0.344843380099907,0.10453241950406537,0.12735573727800104,1.1401540823847771,0.3031301325076344,2773.778335695287,681.1634751476539,2092.614860547633
E_log,B01,"{""lambda"":0.1}",P1,3110,270,ok,270,4.4409615594652525,2.107358906182156,1.8643655239674146,-0.11909141892910236,2.2553727869836906,2.9552990487173143,-0.6999262617336237,0.2833348556692343,0.14936002101663684,0.18301426492278225,0.6974863526292794,0.5271501830011346,1199.0596210556182,132.2721284033894,1066.7874926522288
E_log,B01,"{""lambda"":0.1}",P2,777,2603,ok,2603,5.715676367052343,2.3907480768689,1.986870047516791,-0.08782525543386832,3.1054919247043675,2.3360079838232357,0.7694839408811318,0.11948422337154294,0.1637981366958011,0.1521258394956754,-0.09688696900898819,1.3708766904435707,14877.90558343725,1541.2507083181104,13336.65487511914
E_log,B01,"{""lambda"":0.1}",P3,2873,509,ok,509,12.817236974526935,3.580116893975242,3.216433016489163,-2.263592073927586,2.139311737452243,5.1051350870035,-2.9658233495512567,0.3098710662584952,0.11640191806469406,0.148026571586815,0.22158665494694985,0.3756462953130036,6523.9736200342095,4477.219043638408,2046.7545763957999
E_log,G02,"{""lambda"":0}",P1,49564,270,ok,270,3.7935170248248267,1.9476953110855986,1.6463746179264165,0.04406009977845682,2.2553727869836906,2.193685866610685,0.06168692037300541,0.17241477649725334,0.21676175200381878,0.2484584557061574,-0.5025531950745976,1.2572109908878486,1024.2495967027032,1.0274245591784876,1023.222172143525
E_log,G02,"{""lambda"":0}",P2,47038,2603,ok,2603,5.149021159697151,2.269145469047137,1.8998279724907703,0.020022321317925806,3.1054919247043675,2.7384016857857993,0.36709023891856823,0.33593743519847097,0.2359417275559944,0.2608288582539747,1.1822075366312361,0.7023383012274309,13402.902078691684,350.7678988546858,13052.134179836998
E_log,G02,"{""lambda"":0}",P3,49285,509,ok,509,3.8244308468735633,1.9556152093071795,1.6835179788879178,0.02620336785952293,2.139311737452243,2.353810527930618,-0.21449879047837558,0.1748473799949682,0.1958571329450992,0.21367582779630012,-0.4973338989293179,1.1201605248573685,1946.6353010586438,23.41895313839321,1923.2163479202507
E_log,G02,"{""lambda"":0.001}",P1,49564,270,ok,270,3.7938221592556705,1.9477736416882918,1.6472501218252067,0.04398320802458677,2.2553727869836906,2.196930030975615,0.05844275600807561,0.1718953191833602,0.2163872332835114,0.2487824705211133,-0.5101918216324273,1.258831446438002,1024.331982999031,0.9222000470512536,1023.4097829519799
E_log,G02,"{""lambda"":0.001}",P2,47038,2603,ok,2603,5.149906314065813,2.26934050201062,1.9001424012510446,0.01985385599285272,3.1054919247043675,2.7242491508883644,0.3812427738160028,0.32836857580480494,0.23653677694397587,0.2610907430304204,1.1431083069536114,0.720339260126348,13405.206135513312,378.33577488375244,13026.87036062956
E_log,G02,"{""lambda"":0.001}",P3,49285,509,ok,509,3.8244356667782395,1.9556164416311905,1.6835843382388296,0.02620214059012549,2.139311737452243,2.3532871869799608,-0.21397544952771724,0.1738209740609677,0.19581645495775904,0.21453759350694834,-0.511762777239539,1.1265410058574195,1946.637754390124,23.304815937299633,1923.3329384528242
E_log,G02,"{""lambda"":0.1}",P1,49564,270,ok,270,3.831473394557892,1.9574149776064074,1.6762995135656678,0.03449535865354414,2.2553727869836906,2.2848343355100127,-0.02946154852632245,0.14483592543213678,0.19225730570995456,0.22629899594247901,-0.7775494112079011,1.3274144873678964,1034.4978165306309,0.23435536722359018,1034.2634611634076
E_log,G02,"{""lambda"":0.1}",P2,47038,2603,ok,2603,5.572638309770822,2.3606436219325486,1.9555625341140277,-0.06060180868730569,3.1054919247043675,2.3433642633568614,0.7621276613475062,0.12850836167257826,0.2585807966489603,0.26310517386357446,-1.609757652606382,2.012170984700505,14505.577520333449,1511.9228034132227,12993.654716920228
E_log,G02,"{""lambda"":0.1}",P3,49285,509,ok,509,3.837181431612368,1.9588724898809438,1.6887871619175983,0.022956747127285015,2.139311737452243,2.3303282895767596,-0.19101655212451651,0.1379546334813543,0.18585392983788512,0.21173159349450904,-1.000130987309698,1.3472104933902402,1953.1253486906953,18.57204750143891,1934.5533011892562
E_log,P00,"{""lambda"":0}",P1,49564,270,ok,270,3.8398919367409547,1.9595642211320747,1.7156252087611128,0.03237394458796228,2.2553727869836906,2.4770876913945057,-0.22171490441081518,0.16227559402457528,0.2190553088673976,0.24853605849103713,-1.0884400185813714,1.3498968232661248,1036.7708229200578,13.272524686232167,1023.4982982338258
E_log,P00,"{""lambda"":0}",P2,47038,2603,ok,2603,5.196384884439754,2.279558045858836,1.9003062070555239,0.011007910309033697,3.1054919247043675,2.677365155415273,0.4281267692890944,0.33564023459173176,0.23618604686609826,0.26096524733838256,1.2214618624451161,0.703688123545116,13526.18985419668,477.1104571047311,13049.079397091951
E_log,P00,"{""lambda"":0}",P3,49285,509,ok,509,4.2205576599422745,2.054399586239803,1.8254121716774854,-0.07466051801311502,2.139311737452243,2.80346710517327,-0.6641553677210271,0.17211675693996456,0.19544713340639108,0.21123761956160603,-1.044164520448378,1.1355497098667988,2148.2638489106175,224.52109740858026,1923.7427515020372
E_log,P00,"{""lambda"":0.001}",P1,49564,270,ok,270,3.8436262412637228,1.96051683014039,1.7176485465576148,0.03143292582634061,2.2553727869836906,2.4837995824115287,-0.22842679542783836,0.1616223822654116,0.2187302715000544,0.24888728065686716,-1.1060561772326203,1.3533414644319608,1037.779085141205,14.088276234746509,1023.6908089064586
E_log,P00,"{""lambda"":0.001}",P2,47038,2603,ok,2603,5.199411707334371,2.280221854849736,1.9008540933615252,0.010431835986934201,3.1054919247043675,2.662782100032307,0.44270982467206066,0.32808199236213353,0.23678750522291914,0.2611864550700974,1.1836749853493376,0.7217327093087013,13534.068674191367,510.1671470056169,13023.90152718575
E_log,P00,"{""lambda"":0.001}",P3,49285,509,ok,509,4.225828279188971,2.055681949910776,1.8269510098581443,-0.07600255071738626,2.139311737452243,2.807287545427165,-0.6679758079749221,0.1710972600351597,0.1954542884865841,0.21123024889199907,-1.0676150693006004,1.1423577937274922,2150.9465941071862,227.11156514023273,1923.8350289669534
E_log,P00,"{""lambda"":0.1}",P1,49564,270,ok,270,3.9813279680241758,1.9953265316795084,1.769790960425811,-0.0032669513795091643,2.2553727869836906,2.6419136457728807,-0.38654085878919003,0.13087590040297067,0.19680016299089922,0.23323316032208893,-1.7173145794077342,1.503715828391216,1074.9585513665274,40.34173558864083,1034.6168157778868
E_log,P00,"{""lambda"":0.1}",P2,47038,2603,ok,2603,5.662410088597114,2.3795819146642367,1.9613694033238824,-0.0776874520934645,3.1054919247043675,2.286151120335779,0.8193408043685885,0.12856801965313,0.2590452334204264,0.26349414810381266,-1.5007589314534981,2.014849681276241,14739.253460618289,1747.4442776898607,12991.809182928426
E_log,P00,"{""lambda"":0.1}",P3,49285,509,ok,509,4.321771502429922,2.0788870826550254,1.8556870887886145,-0.10043211720964407,2.139311737452243,2.862963726113911,-0.7236519886616676,0.13391137332083808,0.1898281623575522,0.21057921943313174,-1.9191272849184124,1.4175656454716743,2199.78169473683,266.549150153239,1933.2325445835913
E_log,P02,"{""lambda"":0}",P1,49564,270,ok,270,3.915559051584035,1.9787771606686881,1.7253301861451464,0.013306358034429921,2.2553727869836906,2.456936541566835,-0.20156375458314496,0.24892329863898147,0.17175396429150214,0.20003246289456952,0.5601172872613618,0.6899874990834042,1057.2009439276894,10.969545733646658,1046.2313981940426
E_log,P02,"{""lambda"":0}",P2,47038,2603,ok,2603,5.276334674075651,2.2970273559702443,1.9139853698246336,-0.004208381647924364,3.1054919247043675,2.998169165135215,0.10732275956915255,0.46658571422952444,0.23113226063097614,0.255227607538924,1.620290822831585,0.4953693471148086,13734.29915661892,29.98180880016374,13704.317347818756
E_log,P02,"{""lambda"":0}",P3,49285,509,ok,509,3.955514121226155,1.98884743538215,1.716781493750178,-0.0071737426715385855,2.139311737452243,2.393601021750293,-0.2542892842980497,0.22729368316050957,0.13408537615226013,0.153418842215864,0.7272756047402886,0.5899212608454768,2013.3566877041128,32.913487415386506,1980.443200288726
E_log,P02,"{""lambda"":0.001}",P1,49564,270,ok,270,3.8903669125435067,1.9724013061604646,1.7216768508943328,0.019654601820651374,2.2553727869836906,2.461920730946447,-0.20654794396275677,0.22851070910225507,0.18078427687555707,0.20945950079802433,0.30764543180782744,0.7911413761998298,1050.3990663867469,11.518754351915371,1038.8803120348314
E_log,P02,"{""lambda"":0.001}",P2,47038,2603,ok,2603,5.254613520660101,2.292294379145074,1.9115980066534377,-7.4344353791167e-05,3.1054919247043675,2.981127989440095,0.12436393526427228,0.45713596762877673,0.23170629152069952,0.2554633211212336,1.594462034484369,0.5068651515709646,13677.758994278242,40.25900899066512,13637.499985287577
E_log,P02,"{""lambda"":0.001}",P3,49285,509,ok,509,3.9790913464841475,1.994765987900372,1.7480211719569798,-0.013177099372371437,2.139311737452243,2.5276016309024105,-0.3882898934501671,0.19322061438990315,0.16185309828358987,0.18651662548198333,0.022042022313671694,0.8376595778594502,2025.3574953604311,76.74144204997096,1948.61605331046
E_log,P02,"{""lambda"":0.1}",P1,49564,270,ok,270,3.9207807947997937,1.98009615796804,1.7432439085337414,0.011990515069711605,2.2553727869836906,2.5401625060412445,-0.2847897190575544,0.1686730232452198,0.1804646790577632,0.21281435266547333,-0.46236833478924755,1.069908368188791,1058.6108145959442,21.898399701837807,1036.7124148941064
E_log,P02,"{""lambda"":0.1}",P2,47038,2603,ok,2603,5.260519444395344,2.293582229699939,1.918384025283828,-0.0011983780784610154,3.1054919247043675,2.527496657752863,0.5779952669515045,0.20885690580444083,0.25377588174206167,0.26502172811963,0.03440509398244762,1.2150705803315878,13693.132113761081,869.6064099935414,12823.52570376754
E_log,P02,"{""lambda"":0.1}",P3,49285,509,ok,509,4.069586704166033,2.0173216660131406,1.7864221500986752,-0.036219501775073715,2.139311737452243,2.654342955564391,-0.5150312181121476,0.15015344168745975,0.1793755816391963,0.20661542165903835,-1.0316066655724798,1.1946151857948186,2071.419632420511,135.015892215712,1936.4037402047989
E_log,S01,"{""lambda"":0}",P1,3110,270,ok,270,5.986520356397245,2.4467366749197277,2.182648458290996,-0.5085614838997272,2.2553727869836906,3.6703193715634455,-1.414946584579755,0.3372406709859625,0.1626115635302007,0.2005481658634116,0.48560886758394983,0.4821825406016029,1616.3604962272561,540.5599360477568,1075.8005601794998
E_log,S01,"{""lambda"":0}",P2,777,2603,ok,2603,15.193127168901247,3.8978362162745177,3.31045121213812,-1.8916030898146698,3.1054919247043675,6.267527555319145,-3.162035630614777,0.1832403915716412,0.12255389642415274,0.11985781497229782,-1.086323625688617,0.6688148577560639,39547.710020649945,26026.01566410905,13521.694356540887
E_log,S01,"{""lambda"":0}",P3,2873,509,ok,509,29414.55599550654,171.5067228871992,171.49444111614906,-7488.688455930059,2.139311737452243,-169.35512937869683,171.49444111614906,0.3754659031088203,0.09098645132839296,0.13570503711181273,43.17904959072554,0.24232946473976524,14972009.001712829,14969864.756873822,2144.2448390086083
E_log,S01,"{""lambda"":0.001}",P1,3110,270,ok,270,4.175938479827299,2.0435113114018475,1.7690895252313936,-0.052307446523650825,2.2553727869836906,2.694834263364189,-0.43946147638049843,0.33771902867579806,0.16346902751868228,0.20323396423890966,0.9509691290569744,0.48403854576879213,1127.5033895533707,52.14412509008239,1075.359264463288
E_log,S01,"{""lambda"":0.001}",P2,777,2603,ok,2603,5.324933274536337,2.30758169401136,2.052165931662646,-0.013457818033899782,3.1054919247043675,3.5188787024822448,-0.41338677777787747,0.18032087877066855,0.14302796049107153,0.13955957087031157,0.3143673058431422,0.7931858000369106,13860.801313618085,444.823098792223,13415.978214825864
E_log,S01,"{""lambda"":0.001}",P3,2873,509,ok,509,5.536132105037797,2.3528986601717037,2.0639185629809256,-0.4096389802361635,2.139311737452243,3.331325919862675,-1.1920141824104318,0.3472510589013878,0.10473800675485659,0.12737511425847717,1.1345158476971864,0.3016204099887281,2817.891241464239,723.2369858334135,2094.6542556308254
E_log,S01,"{""lambda"":0.1}",P1,3110,270,ok,270,4.300968745424849,2.073877707441991,1.838040999790527,-0.08381420366691561,2.2553727869836906,2.8707319022375537,-0.6153591152538628,0.2677069261467267,0.1555324052733243,0.18699272163924466,0.587534587664351,0.580980131937561,1161.2615612647094,102.24004699602452,1059.0215142686848
E_log,S01,"{""lambda"":0.1}",P2,777,2603,ok,2603,5.7080892427667305,2.3891607821087995,1.9810168391377898,-0.08638125040559519,3.1054919247043675,2.3194005649526797,0.7860913597516878,0.12445186591227612,0.1876838187321618,0.17636748531970592,-0.3923580433041267,1.508083606110468,14858.1562989218,1608.496846155898,13249.659452765904
E_log,S01,"{""lambda"":0.1}",P3,2873,509,ok,509,9.642557901853067,3.105246834287585,2.764384922879331,-1.4552386449137158,2.139311737452243,4.522563542299257,-2.383251804847013,0.26257003211348034,0.11415532257897851,0.14757969576913624,0.17307554553232807,0.43476142977977633,4908.061972043211,2891.0635851410316,2016.9983869021792
E_log,S02,"{""lambda"":0}",P1,3110,270,ok,270,8.08173050014157,2.8428384583267423,2.512657080333961,-1.0365398645547086,2.2553727869836906,4.2820389791660105,-2.02666619218232,0.3304492759312652,0.1629402894271389,0.19848257141806766,0.1439544198612035,0.49308714315667357,2182.0672350382238,1108.9914807243917,1073.0757543138313
E_log,S02,"{""lambda"":0}",P2,777,2603,ok,2603,42.35538372436718,6.508101391678466,6.102031275338289,-7.0612080111038384,3.1054919247043675,9.207523200042656,-6.102031275338289,0.34961993139477215,0.21118074364714046,0.22767063261952705,-2.4561234808479395,0.6040294751064588,110251.06383452777,96922.14713859286,13328.916695934902
E_log,S02,"{""lambda"":0}",P3,2873,509,ok,509,22754.35486080084,150.8454668221781,150.83164881229712,-5792.833126330734,2.139311737452243,-148.69233707484486,150.83164881229712,0.3674478330381697,0.10014059229086028,0.14240859158470817,42.66244826181557,0.2725300934907348,11581966.624147628,11579844.81826899,2121.805878640782
E_log,S02,"{""lambda"":0.001}",P1,3110,270,ok,270,4.197652971940426,2.0488174569591178,1.7786099352190516,-0.057779347476815124,2.2553727869836906,2.7275058700143715,-0.4721330830306808,0.33326276683983325,0.1642193725174085,0.2030178513041251,0.9113603527156442,0.49276243510374723,1133.366302423915,60.18560498485505,1073.18069743906
E_log,S02,"{""lambda"":0.001}",P2,777,2603,ok,2603,7.318551096982115,2.705282073459645,2.31460882625283,-0.39288934593512437,3.1054919247043675,4.60828446104771,-1.5027925363433423,0.3340844878049752,0.2223180369054468,0.2409190618568583,0.038888139496401575,0.665454533271317,19050.188505444446,5878.577215173933,13171.611290270514
E_log,S02,"{""lambda"":0.001}",P3,2873,509,ok,509,6.3983557849329005,2.529497140724397,2.2228041737210154,-0.6291828938932795,2.139311737452243,3.6509796996035573,-1.5116679621513143,0.3534710277548029,0.10978722638612705,0.13283483346789154,1.0053264788652796,0.3105975250177637,3256.7630945308465,1163.136274147506,2093.6268203833406
E_log,S02,"{""lambda"":0.1}",P1,3110,270,ok,270,4.2676545633614404,2.065830235852269,1.831084635654504,-0.07541926154084777,2.2553727869836906,2.8524148871140063,-0.5970421001303156,0.2601516834954104,0.1577635245384655,0.18859795534082013,0.5255856874316953,0.6064289971863615,1152.266732107589,96.24400271856479,1056.022729389024
E_log,S02,"{""lambda"":0.1}",P2,777,2603,ok,2603,5.454974379738713,2.3355886580771696,1.9490871529116216,-0.0382076445459687,3.1054919247043675,2.430403164875157,0.6750887598292103,0.16069575634434533,0.23135101278147338,0.23329782704221827,-0.39351916589529656,1.4396833995150753,14199.298310459872,1186.3038019850705,13012.9945084748
E_log,S02,"{""lambda"":0.1}",P3,2873,509,ok,509,9.568100059644284,3.0932345626615976,2.753467163967897,-1.4362797987788367,2.139311737452243,4.508723299926949,-2.3694115624747054,0.259635934766138,0.11675085342527813,0.14972989161220812,0.11186783374511666,0.44967139672110185,4870.162930358941,2857.5825765659115,2012.5803537930278
E_log,S03,"{""control_lambda"":0.001,""difference_penalty"":0.01,""n_knots"":3}",P1,3110,270,ok,270,4.647750392785912,2.155864186999244,1.9174959777924885,-0.17120076637577908,2.2553727869836906,3.1183991644868336,-0.8630263775031437,0.3113277012536532,0.18214288428429712,0.21972749318304408,0.43094721906224653,0.5850519679130536,1254.8926060521962,201.09992263187365,1053.7926834203226
E_log,S03,"{""control_lambda"":0.001,""difference_penalty"":0.01,""n_knots"":3}",P2,777,2603,ok,2603,6.181016084862139,2.48616493516865,2.188001769325288,-0.17639015394841162,3.1054919247043675,4.154714980014237,-1.0492230553098696,0.18628487348651135,0.18206713584991593,0.1754673926449321,-0.9551547747642588,0.9773586681642146,16089.184868896147,2865.562058523203,13223.622810372945
E_log,S03,"{""control_lambda"":0.001,""difference_penalty"":0.01,""n_knots"":3}",P3,2873,509,ok,509,10.634739689268851,3.2610948605136976,2.900502276542494,-1.7078731732243675,2.139311737452243,4.684799150616877,-2.5454874131646337,0.40270349578762343,0.1293045179755284,0.15427203199017708,0.6350643139281456,0.3210911236879864,5413.0825018378455,3298.0686408250053,2115.0138610128397
E_log,S03,"{""control_lambda"":0.1,""difference_penalty"":0.01,""n_knots"":3}",P1,3110,270,ok,270,4.11608594777585,2.028813926355951,1.794744521575692,-0.03722502481765866,2.2553727869836906,2.7594900282478267,-0.5041172412641362,0.24978131476057178,0.17856765863103144,0.2043769821500661,0.28262444977430023,0.7148959833212414,1111.3432058994795,68.61623209373607,1042.7269738057435
E_log,S03,"{""control_lambda"":0.1,""difference_penalty"":0.01,""n_knots"":3}",P2,777,2603,ok,2603,5.410170435775883,2.3259773076657226,1.9547536846139288,-0.029680418955177146,3.1054919247043675,2.481293065621007,0.6241988590833605,0.14246064146274534,0.2273228031121024,0.21554865024368386,-0.8538788125605912,1.5956884707103411,14082.673644324623,1014.1918334175621,13068.481810907058
E_log,S03,"{""control_lambda"":0.1,""difference_penalty"":0.01,""n_knots"":3}",P3,2873,509,ok,509,10.0531265227845,3.1706665738901814,2.8278178926870687,-1.559779779616787,2.139311737452243,4.60725772710939,-2.467945989657146,0.308056941369399,0.1395519309514268,0.17088899801517257,0.05219203370235315,0.45300693544212817,5117.0414000973105,3100.1955206031776,2016.8458794941325
E_log,S03,"{""control_lambda"":0.001,""difference_penalty"":1,""n_knots"":3}",P1,3110,270,ok,270,4.511446497272792,2.124016595338368,1.8758449435714044,-0.1368531329200846,2.2553727869836906,3.006729991669361,-0.7513572046856699,0.3338638770603235,0.1750286925324791,0.2106909425995218,0.6790895907486183,0.524251662305037,1218.0905542636538,152.4251652389272,1065.6653890247267
E_log,S03,"{""control_lambda"":0.001,""difference_penalty"":1,""n_knots"":3}",P2,777,2603,ok,2603,9.385237784851913,3.0635335455731365,2.605393461735993,-0.7862275669536047,3.1054919247043675,5.163229875922767,-2.0577379512183995,0.1806881326482132,0.1447327489414395,0.1402455990942759,-1.0302996317548856,0.8010086042741046,24429.773953969532,11021.845093727343,13407.928860242188
E_log,S03,"{""control_lambda"":0.001,""difference_penalty"":1,""n_knots"":3}",P3,2873,509,ok,509,9.903135730182367,3.1469248052952215,2.7926516543467708,-1.5215883376647272,2.139311737452243,4.537473932092219,-2.3981621946399763,0.3995097290853077,0.12817682269572142,0.1534868470731809,0.6835299395675343,0.32083529727595617,5040.696086662825,2927.3515931064176,2113.3444935564085
E_log,S03,"{""control_lambda"":0.1,""difference_penalty"":1,""n_knots"":3}",P1,3110,270,ok,270,4.253073391556607,2.062298085039262,1.8239425784568088,-0.07174490768161612,2.2553727869836906,2.8424063114022324,-0.5870335244185423,0.2793401559968767,0.1666873204219637,0.1930346085799588,0.5592575617762794,0.5967180759497659,1148.329815720284,93.04425687363893,1055.285558846645
E_log,S03,"{""control_lambda"":0.1,""difference_penalty"":1,""n_knots"":3}",P2,777,2603,ok,2603,5.563393334979751,2.358684662047844,1.9737770502543732,-0.058842276408405336,3.1054919247043675,2.4160993909673474,0.68939253373702,0.12208999252052234,0.19050308474682046,0.17768365045340223,-0.664468065725031,1.5603497126498584,14481.512850952291,1237.1071566848227,13244.405694267469
E_log,S03,"{""control_lambda"":0.1,""difference_penalty"":1,""n_knots"":3}",P3,2873,509,ok,509,10.219648304264593,3.1968184659540166,2.854515226224678,-1.6021804286220918,2.139311737452243,4.644164235047651,-2.504852497595407,0.2943970399952217,0.13940492095691942,0.17082168850404503,-0.059825006953468485,0.4735269110014899,5201.800986870678,3193.6115916673643,2008.1893952033147
E_log,S03,"{""control_lambda"":0.001,""difference_penalty"":0.01,""n_knots"":5}",P1,3110,270,ok,270,4.412723648221747,2.100648387575071,1.8570291899503097,-0.1119756617359926,2.2553727869836906,2.955616298859759,-0.7002435118760687,0.30654995951538155,0.17217378030283115,0.21034744979473555,0.5953509357206086,0.5616499854543021,1191.4353850198718,132.39206349962308,1059.043321520249
E_log,S03,"{""control_lambda"":0.001,""difference_penalty"":0.01,""n_knots"":5}",P2,777,2603,ok,2603,7.373737578723413,2.715462682255717,2.351048493775894,-0.4033926083211443,3.1054919247043675,4.602062615218484,-1.4965706905141167,0.18255648372300626,0.1539398854895551,0.14763438028323425,-0.7751754586432251,0.843245237584269,19193.838917417044,5830.001133930458,13363.837783486586
E_log,S03,"{""control_lambda"":0.001,""difference_penalty"":0.01,""n_knots"":5}",P3,2873,509,ok,509,12.985149343316737,3.6034912714361798,3.2260770472628737,-2.306346801563963,2.139311737452243,5.100005279168946,-2.960693541716704,0.43690101251587365,0.13333200160388992,0.162425058772946,0.5829090453497723,0.3051766825535696,6609.441015748219,4461.744480213168,2147.696535535052
E_log,S03,"{""control_lambda"":0.1,""difference_penalty"":0.01,""n_knots"":5}",P1,3110,270,ok,270,4.10914721156387,2.0271031576029546,1.7933470548419592,-0.03547651156235032,2.2553727869836906,2.7457266872876818,-0.49035390030399156,0.23453022538253693,0.1708071379909133,0.197779508737524,0.2556743839487652,0.7282947761309384,1109.4697471222448,64.92067583670097,1044.549071285544
E_log,S03,"{""control_lambda"":0.1,""difference_penalty"":0.01,""n_knots"":5}",P2,777,2603,ok,2603,5.441840827803875,2.3327753487646157,1.9631477659902323,-0.03570802620322522,3.1054919247043675,2.488306249817589,0.6171856748867787,0.13910737951443805,0.20178786445181954,0.18793975204401817,-0.5040218624537953,1.4505906527473322,14165.111674773487,991.5299634140224,13173.581711359466
E_log,S03,"{""control_lambda"":0.1,""difference_penalty"":0.01,""n_knots"":5}",P3,2873,509,ok,509,10.143745372253951,3.184924704330379,2.840275072628437,-1.5828536261458552,2.139311737452243,4.622653374925988,-2.4833416374737443,0.32409721062953295,0.14263560391567714,0.1772439986215611,0.10487597497015644,0.4401013005900879,5163.166394477261,3138.995715401086,2024.1706790761762
E_log,S03,"{""control_lambda"":0.001,""difference_penalty"":1,""n_knots"":5}",P1,3110,270,ok,270,4.427902015940799,2.1042580678093645,1.8522620167743462,-0.11580050481114568,2.2553727869836906,2.94711691568883,-0.6917441287051392,0.32493836539192195,0.1698254564815493,0.20485589336033969,0.7150946025111311,0.5226389819395917,1195.5335443040158,129.1976836914687,1066.335860612547
E_log,S03,"{""control_lambda"":0.001,""difference_penalty"":1,""n_knots"":5}",P2,777,2603,ok,2603,5.552135888188189,2.3562970712938953,2.0966390887802184,-0.05669972421595526,3.1054919247043675,3.7504263980418155,-0.6449344733374479,0.17833268552116951,0.15214794675646645,0.14613388823896173,-0.09425619917825756,0.8531691557934019,14452.209716953856,1082.6930561622307,13369.516660791625
E_log,S03,"{""control_lambda"":0.001,""difference_penalty"":1,""n_knots"":5}",P3,2873,509,ok,509,11.733874372962505,3.425474328171575,3.0605592596470115,-1.987740608695101,2.139311737452243,4.888329898410763,-2.7490181609585194,0.41094284172235207,0.12819550162335827,0.15096936937290265,0.6143748367369284,0.31195458007265103,5972.5420558379155,3846.5643322833976,2125.9777235545166
E_log,S03,"{""control_lambda"":0.1,""difference_penalty"":1,""n_knots"":5}",P1,3110,270,ok,270,4.211959147418532,2.0523058123531523,1.8182996359982035,-0.06138440417475466,2.2553727869836906,2.826505995469017,-0.5711332084853262,0.24668195007692778,0.16552889831634207,0.19451091653932373,0.3587264236457284,0.6710215249422252,1137.2289698030036,88.07214829538064,1049.156821507623
E_log,S03,"{""control_lambda"":0.1,""difference_penalty"":1,""n_knots"":5}",P2,777,2603,ok,2603,5.59442603795799,2.3652539056004094,1.9752842904786556,-0.06474851669847914,3.1054919247043675,2.3936316497886088,0.7118602749157585,0.13032738445457942,0.1867681170986489,0.17441856103329437,-0.32474707019047955,1.4330688663804163,14562.290976804648,1319.057367761172,13243.233609043476
E_log,S03,"{""control_lambda"":0.1,""difference_penalty"":1,""n_knots"":5}",P3,2873,509,ok,509,11.55213094043168,3.3988425883573483,3.0442648405770782,-1.9414641430984356,2.139311737452243,4.896614248447198,-2.7573025109949545,0.2929834111622044,0.1368999547793139,0.16599269464476937,-0.1486890286151623,0.4672617955953893,5880.034648679724,3869.783022803792,2010.2516258759315
E_log,S04,"{""control_lambda"":0.001}",P1,3110,270,ok,270,4.205754453556973,2.0507936155442295,1.7863647870362318,-0.05982086448530333,2.2553727869836906,2.750303034778929,-0.4949302477952383,0.3233691238931962,0.16463217004495218,0.2042635151299432,0.8551514193851524,0.5091153047108095,1135.5537024603827,66.13810654931711,1069.4155959110656
E_log,S04,"{""control_lambda"":0.001}",P2,777,2603,ok,2603,6.751646390539594,2.5983930400421706,2.046356687946378,-0.2849942837431172,3.1054919247043675,1.7823354540741205,1.3231564706302466,0.2199554990304936,0.21957392580782503,0.21980232629321939,1.3262484209842287,0.9982652253553539,17574.535554574562,4557.1841481411075,13017.351406433452
E_log,S04,"{""control_lambda"":0.001}",P3,2873,509,ok,509,5.400808550527281,2.323963973586355,2.041703020036142,-0.37518218734125575,2.139311737452243,3.2867957893065323,-1.1474840518542888,0.3328146781057873,0.10644585018889298,0.1290415345794229,1.088078738411257,0.31983520316690606,2749.011552218386,670.2103014733076,2078.801250745078
E_log,S04,"{""control_lambda"":0.1}",P1,3110,270,ok,270,4.192929034892384,2.047664287643945,1.8142356518950056,-0.05658894820331639,2.2553727869836906,2.8096867666462892,-0.5543139796625988,0.2511275844721425,0.16705552901982096,0.1958561345353859,0.3863080636929932,0.6652217412553993,1132.090839420944,82.96127677333476,1049.1295626476092
E_log,S04,"{""control_lambda"":0.1}",P2,777,2603,ok,2603,5.360210352877136,2.3152128094145334,1.9316660665621657,-0.02017186100845536,3.1054919247043675,2.4621621333414097,0.643329791362958,0.19678848731861942,0.24727941190734273,0.24819668890857113,0.011601562269604848,1.2565745856208228,13952.627548539185,1077.3119928446436,12875.31555569454
E_log,S04,"{""control_lambda"":0.1}",P3,2873,509,ok,509,9.006384602234691,3.00106391172109,2.6669749242965604,-1.2932528641713321,2.139311737452243,4.392983292245966,-2.2536715547937227,0.24658476291344128,0.1232878723303765,0.1525888770042747,-0.057099577199895446,0.4999817136862354,4584.249762537458,2585.229057735155,1999.0207048023028
E_log,G05,"{""max_leaf_nodes"":7,""min_samples_leaf"":20}",P1,49564,270,ok,270,3.854774837269727,1.9633580512147362,1.6585297467037832,0.028623557189308535,2.2553727869836906,2.199825955344562,0.05554683163912824,0.1396412480311572,0.17509420781281143,0.23477009364241633,-0.5029582105391568,1.2538860134918293,1040.7892060628262,0.8330716363893278,1039.9561344264368
E_log,G05,"{""max_leaf_nodes"":7,""min_samples_leaf"":20}",P2,47038,2603,ok,2603,5.3104352691240155,2.3044381677806016,1.9276135001413761,-0.010698512672971283,3.1054919247043675,2.4878148925863846,0.6176770321179831,0.18999828740294414,0.2579334880747505,0.2468016055649656,-0.2718583751340393,1.3575569106458891,13823.063005529813,993.109356363826,12829.953649165986
E_log,G05,"{""max_leaf_nodes"":7,""min_samples_leaf"":20}",P3,49285,509,ok,509,3.7647666705510563,1.9403006649875314,1.6528584886510085,0.04139537322936504,2.139311737452243,2.2653479420405587,-0.12603620458831585,0.1943025548816113,0.21408264519825873,0.2396803068242174,-0.35664967706424644,1.101800464377318,1916.2662353104877,8.085528557317156,1908.1807067531704
E_log,G05,"{""max_leaf_nodes"":7,""min_samples_leaf"":50}",P1,49564,270,ok,270,3.864122504206819,1.9657371401606114,1.6651196563258568,0.026268010149273602,2.2553727869836906,2.217031803534542,0.03834098344914832,0.13823482282431684,0.1654695721541565,0.22406221586837904,-0.3984542045642434,1.1970180072820893,1043.3130761358411,0.39690837319892364,1042.9161677626423
E_log,G05,"{""max_leaf_nodes"":7,""min_samples_leaf"":50}",P2,47038,2603,ok,2603,5.240143554344273,2.289135984240402,1.9177460986031045,0.0026796245193189128,3.1054919247043675,2.520815903945852,0.5846760207585152,0.19609811269861774,0.27077082312374695,0.2606243606444407,-0.375232024454077,1.3807926012010798,13640.093671958144,889.8252661977805,12750.268405760362
E_log,G05,"{""max_leaf_nodes"":7,""min_samples_leaf"":50}",P3,49285,509,ok,509,3.7660341270100814,1.9406272509191664,1.6301400649691296,0.041072646821017966,2.139311737452243,2.1576726634566863,-0.018360926004443265,0.1707447362099909,0.20589873955864654,0.21982363484767517,-0.46259618455539364,1.205886307999688,1916.9113706481314,0.1715959143039862,1916.7397747338273
E_log,G05,"{""max_leaf_nodes"":15,""min_samples_leaf"":20}",P1,49564,270,ok,270,3.8479213791767464,1.961611933889256,1.6571747932133059,0.030350580951875816,2.2553727869836906,2.207469069041663,0.04790371794202751,0.13956433156543668,0.18058714625913702,0.23737105895378197,-0.6009482741510426,1.293934805788585,1038.9387723777215,0.6195868720207187,1038.3191855057007
E_log,G05,"{""max_leaf_nodes"":15,""min_samples_leaf"":20}",P2,47038,2603,ok,2603,5.322602841817826,2.307076687459224,1.9238552759342535,-0.0130142828502251,3.1054919247043675,2.461583118662044,0.6439088060423238,0.18991879773979298,0.2684472435585806,0.25871619234024823,-0.37391722730873145,1.4134843246342537,13854.7351972518,1079.252086948509,12775.483110303292
E_log,G05,"{""max_leaf_nodes"":15,""min_samples_leaf"":20}",P3,49285,509,ok,509,3.774006011744524,1.9426801105031481,1.656417313876245,0.03904280373663893,2.139311737452243,2.306342460788607,-0.16703072333636443,0.2224336489567668,0.21494811793344756,0.23783651505951944,-0.08941567668491546,0.9663471284204213,1920.9690599779626,14.20072463197898,1906.7683353459836
E_log,G05,"{""max_leaf_nodes"":15,""min_samples_leaf"":50}",P1,49564,270,ok,270,3.873394179217663,1.9680940473508026,1.6614211276424662,0.02393161254600673,2.2553727869836906,2.206947221678538,0.04842556530515228,0.1368564404361135,0.15802044207070273,0.23131896372180066,-0.29286516575737664,1.1546438119181452,1045.816428388769,0.6331595512833635,1045.1832688374855
E_log,G05,"{""max_leaf_nodes"":15,""min_samples_leaf"":50}",P2,47038,2603,ok,2603,5.274497805144361,2.296627485062469,1.9196625858015859,-0.003858783055201931,3.1054919247043675,2.4869780970419324,0.6185138276624349,0.19183765957236135,0.275630936865179,0.26372251289417964,-0.467779894702296,1.4367926374811235,13729.517786790773,995.8020010900831,12733.71578570069
E_log,G05,"{""max_leaf_nodes"":15,""min_samples_leaf"":50}",P3,49285,509,ok,509,3.7459216182704203,1.9354383530018258,1.6245935815133947,0.04619379923787725,2.139311737452243,2.148017639825404,-0.008705902373160998,0.18887475937563672,0.21677531974520794,0.22780017164272306,-0.3260108510754973,1.1477198989520996,1906.6741036996439,0.03857850269068424,1906.6355251969528
E_log,S05,"{""max_leaf_nodes"":7,""min_samples_leaf"":20}",P1,3110,270,ok,270,4.034788609450784,2.008678324035679,1.662600726375534,-0.016738661113958386,2.2553727869836906,2.0952237463034384,0.1601490406802524,0.1629016994851337,0.049911536986677725,0.07935543696436642,1.6134160864734357,0.3063905235146587,1089.3929245517118,6.924883112317388,1082.4680414393943
E_log,S05,"{""max_leaf_nodes"":7,""min_samples_leaf"":20}",P2,777,2603,ok,2603,6.399783519137816,2.5297793419857424,2.050145471722462,-0.2180266506268056,3.1054919247043675,2.083370181712954,1.0221217429914133,0.2286160433063365,0.0723384111866642,0.0855269724089907,2.4462744582519163,0.3164187873277712,16658.636500315733,2719.4396280615797,13939.196872254155
E_log,S05,"{""max_leaf_nodes"":7,""min_samples_leaf"":20}",P3,2873,509,ok,509,3.934790669537787,1.9836306787146107,1.5870184581911064,-0.0018970287581581147,2.139311737452243,1.9016050997833054,0.2377066376689378,0.23794378973475758,0.14521849164095135,0.17000143185931602,0.9787509823465836,0.6103058701503847,2002.8084507947335,28.760762806262683,1974.0476879884707
E_log,S05,"{""max_leaf_nodes"":7,""min_samples_leaf"":50}",P1,3110,270,ok,270,4.007865713159914,2.00196546252924,1.6874395467053391,-0.009954278540861061,2.2553727869836906,2.2000499280809342,0.055322858902756206,0.15633997493866733,0.0488012226371799,0.07737790764846851,1.5686314311960299,0.31214807765144376,1082.1237425531767,0.8263670536370533,1081.2973754995396
E_log,S05,"{""max_leaf_nodes"":7,""min_samples_leaf"":50}",P2,777,2603,ok,2603,5.449833387050888,2.3344878211399793,1.9460442004862244,-0.03722919487095666,3.1054919247043675,2.4673176147168485,0.6381743099875189,0.274480117967026,0.21062063653364094,0.2058417147997988,1.212210872541762,0.767343872094019,14185.916306493462,1060.1145691627032,13125.80173733076
E_log,S05,"{""max_leaf_nodes"":7,""min_samples_leaf"":50}",P3,2873,509,ok,509,3.902341218772594,1.9754344379838562,1.5970718060597742,0.00636542051472766,2.139311737452243,1.9211409859213433,0.21817075153090004,0.21273812702518308,0.14981495278773266,0.17185401816734758,0.7864012360341603,0.7042223924910186,1986.2916803552505,24.22762470319088,1962.0640556520593
E_log,S05,"{""max_leaf_nodes"":15,""min_samples_leaf"":20}",P1,3110,270,ok,270,4.219092878388959,2.0540430566054253,1.6875040990291414,-0.06318205475268845,2.2553727869836906,2.1076163428894303,0.14775644409426017,0.2200346612405767,-0.021054180289996827,0.0056469183127595855,2.457041625043804,-0.09568574410636628,1139.1550771650188,5.894631028272663,1133.2604461367462
E_log,S05,"{""max_leaf_nodes"":15,""min_samples_leaf"":20}",P2,777,2603,ok,2603,6.497117017052679,2.548944294615455,2.0518283837547306,-0.23655146386533277,3.1054919247043675,2.081262587304526,1.0242293373998417,0.3000513679813158,0.08854650174644713,0.10099618780974079,2.4913020192844035,0.29510447608411133,16911.99559538812,2730.6660497421203,14181.329545646002
E_log,S05,"{""max_leaf_nodes"":15,""min_samples_leaf"":20}",P3,2873,509,ok,509,4.132686964120303,2.0329011201040506,1.5981519931790977,-0.052286420773201,2.139311737452243,1.7967952356431167,0.3425165018091264,0.23086680885723568,0.06688937543999618,0.0488273935100161,1.6187236472861501,0.28973145066235767,2103.5376647372345,59.7146349918847,2043.82302974535
E_log,S05,"{""max_leaf_nodes"":15,""min_samples_leaf"":50}",P1,3110,270,ok,270,4.110362194605569,2.027402820015196,1.673455908290173,-0.035782678836690396,2.2553727869836906,2.1290808531037584,0.12629193387993212,0.21526293440204558,0.03385314248712725,0.07736614722051785,1.9205446955291725,0.15726415038038977,1109.7977925435036,4.30640619204595,1105.4913863514578
E_log,S05,"{""max_leaf_nodes"":15,""min_samples_leaf"":50}",P2,777,2603,ok,2603,5.517348083661134,2.348903591819199,1.950468932191406,-0.050078801351292945,3.1054919247043675,2.4639848451253785,0.6415070795789889,0.298846002525194,0.19667998019117566,0.19394535640187455,1.4838657813539604,0.6581315410922877,14361.657061769933,1071.2160601893543,13290.44100158058
E_log,S05,"{""max_leaf_nodes"":15,""min_samples_leaf"":50}",P3,2873,509,ok,509,3.910375845138832,1.9774670275731103,1.6028422889891578,0.004319601827132535,2.139311737452243,1.9573983186603294,0.18191341879191358,0.22228181553680912,0.13981123688077593,0.13865225807629739,0.9081436396960243,0.62898189194259,1990.3813051756654,16.844078395710127,1973.5372267799553
R_log,B00,{},P1,3110,270,ok,270,2.229608212364914,1.4931872663416714,1.2031188096745242,-0.9107581581969915,1.7064488001878504,2.737340282951359,-1.030891482763509,4.1111072308966e-16,,,,,601.9942173385267,286.93905729327344,315.0551600452534
R_log,B00,{},P2,777,2603,ok,2603,4.476240626990649,2.115712794069802,1.8477999531252718,-0.4577200326085731,2.9275269962016206,1.7419777154654175,1.1855492807362034,1.267128252312252e-16,,,,,11651.65435205666,3658.587033631898,7993.067318424759
R_log,B00,{},P3,2873,509,ok,509,2.4489163361150377,1.5649013822330906,1.2444391270558195,-0.7706611982559215,1.780364889623482,2.812771996924309,-1.032407107300826,7.55233034068124e-16,,,,,1246.4984150825542,542.524997519477,703.973417563077
R_log,B01,"{""lambda"":0}",P1,3110,270,ok,270,94.30850264281993,9.711256491454643,9.635876943975584,-79.82170661767269,1.7064488001878504,-7.929428143787734,9.635876943975584,0.5538771899441574,0.05141967776736957,0.034493045530947154,2.4425842602420627,0.0928358825763411,25463.295713561383,25069.53360944886,393.7621041125188
R_log,B01,"{""lambda"":0}",P2,777,2603,ok,2603,450.1548018951566,21.21685183751719,21.13999455899618,-145.5961567259785,2.9275269962016206,-18.21246756279456,21.13999455899618,0.256693584018439,0.011174244660614912,0.04059763521581984,3.720342169975347,0.04353145289292557,1171752.9493330927,1163279.059991272,8473.889341820624
R_log,B01,"{""lambda"":0}",P3,2873,509,ok,509,235858.7218350787,485.65288204135953,485.6494594412973,-170533.9753540917,1.780364889623482,-483.8690945516738,485.6494594412973,1.1303120857093119,-0.055758702853409316,-0.1150814238112024,-22.089072059840024,-0.049330360666203735,120052089.41405506,120050397.30491278,1692.1091423023818
R_log,B01,"{""lambda"":0.001}",P1,3110,270,ok,270,8.540938431142092,2.9224883970928084,2.6861603501187683,-6.319522638756755,1.7064488001878504,-0.9689115437893961,2.675360343977246,0.5007066649062503,0.0650638444121455,0.04081664097557491,1.8323530757901103,0.12994403504560442,2306.053376408365,1932.5393019340331,373.5140744743311
R_log,B01,"{""lambda"":0.001}",P2,777,2603,ok,2603,97.31483923064457,9.864828393370285,9.706493361680453,-30.691279007930238,2.9275269962016206,-6.7789663654788335,9.706493361680453,0.15964442327493705,0.05114917809284805,0.09312576589214547,5.099469810114739,0.32039439301152267,253310.5265173678,245244.28282904244,8066.243688325308
R_log,B01,"{""lambda"":0.001}",P3,2873,509,ok,509,2.195452079524846,1.4817058005976915,1.1786017608843642,-0.5873967405566392,1.780364889623482,1.0263695076769388,0.7539953819465434,0.4739490257406654,0.05093897257354296,0.02819670045012616,1.6700530093106738,0.10747774508859458,1117.4851084781465,289.3710993223273,828.1140091558191
R_log,B01,"{""lambda"":0.1}",P1,3110,270,ok,270,2.463412959287251,1.569526348707549,1.283743994957555,-1.1111271401237235,1.7064488001878504,2.7995501116657517,-1.0931013114779007,0.3495816750630122,0.050167945727845914,0.02662406847852758,1.3046895316589249,0.14350851119070554,665.1214990075578,322.61502883177076,342.50647017578683
R_log,B01,"{""lambda"":0.1}",P2,777,2603,ok,2603,5.8434151864263075,2.417315698543802,2.130405247786704,-0.9029502848307405,2.9275269962016206,1.2601813826335173,1.6673456135681028,0.09208512649032924,0.05902098268163118,0.08346750521380002,2.1198271385276675,0.6409393669870193,15210.409730267678,7236.447751405718,7973.96197886196
R_log,B01,"{""lambda"":0.1}",P3,2873,509,ok,509,21.223487182090675,4.6068956122415745,4.450740520843301,-14.345401837870122,1.780364889623482,6.225599120759568,-4.4452342311360855,0.35389839907371007,0.09489148741671889,0.07108549856440098,0.1110825131693014,0.26813200530176706,10802.754975684154,10057.89465115899,744.8603245251611
R_log,G02,"{""lambda"":0}",P1,49564,270,ok,270,1.2349488870415855,1.111282541499499,0.842666590610657,-0.058342289817867155,1.7064488001878504,1.9342366728819322,-0.22778787269408163,0.1806192672742415,0.051899459223572315,0.0770012528609969,1.1506618188324549,0.2873417659521965,333.4361995012281,14.009575035553686,319.4266244656744
R_log,G02,"{""lambda"":0}",P2,47038,2603,ok,2603,4.800713849895641,2.191053137168435,1.9143123432103393,-0.5633870770077618,2.9275269962016206,1.6121667863569287,1.315360209844692,0.07429799743300824,0.03752630157406569,0.0430506890096874,2.1132566376085524,0.5050782372418825,12496.258151278353,4503.638969715876,7992.619181562478
R_log,G02,"{""lambda"":0}",P3,49285,509,ok,509,1.3428310796596756,1.1588058852369,0.8915273935922566,0.029081208900146982,1.780364889623482,1.6959342277548424,0.08443066186863954,0.14813971839528556,0.18962096494878528,0.2369480970606068,-0.3904552539551114,1.2800143472854058,683.5010195467748,3.6284251617604606,679.8725943850143
R_log,G02,"{""lambda"":0.001}",P1,49564,270,ok,270,1.2356701121613847,1.1116069953726382,0.8429410258944855,-0.05896037454410297,1.7064488001878504,1.9362122061927705,-0.22976340600491993,0.1802441168397699,0.052066232730715485,0.0771978934482973,1.1471446902328928,0.2888650883235228,333.63093028357383,14.253630139525052,319.3773001440488
R_log,G02,"{""lambda"":0.001}",P2,47038,2603,ok,2603,4.806529137229254,2.1923797885469694,1.9155560290113243,-0.56528086725453,2.9275269962016206,1.610352372767261,1.317174623434359,0.07364915073438232,0.034908595235595245,0.040720092564337756,2.164244071591204,0.4739850342808986,12511.395344207747,4516.072217376417,7995.323126831328
R_log,G02,"{""lambda"":0.001}",P3,49285,509,ok,509,1.3436399522692655,1.1591548439571244,0.8919539700542364,0.028496362728388847,1.780364889623482,1.6958226807428194,0.08454220888066251,0.1472375643963553,0.18793810904364877,0.235898902057302,-0.38423019315164497,1.276427722871929,683.9127357050561,3.6380190069525793,680.2747166981037
R_log,G02,"{""lambda"":0.1}",P1,49564,270,ok,270,1.2540945688201532,1.119863638493613,0.8509989910596042,-0.07475000102459917,1.7064488001878504,1.9846263401512008,-0.2781775399633501,0.1624545965377815,0.055270668235714644,0.07005267570479423,1.0312347628131247,0.34022224925387407,338.60553358144136,20.893340809816536,317.7121927716248
R_log,G02,"{""lambda"":0.1}",P2,47038,2603,ok,2603,4.950484580409449,2.2249684448120717,1.9458800578562487,-0.6121609952041962,2.9275269962016206,1.569313257720192,1.3582137384814286,0.06352483632073118,-0.058018445591114305,-0.04721946768874074,4.360810749956681,-0.9133190882725681,12886.111362805796,4801.870088117415,8084.24127468838
R_log,G02,"{""lambda"":0.1}",P3,49285,509,ok,509,1.370615644255339,1.1707329517252596,0.9063829417171583,0.00899189440848791,1.780364889623482,1.6990322649492104,0.08133262467427148,0.12302747870892466,0.11749632272239856,0.15486559679771927,0.15771891318636078,0.955041296102536,697.6433629259675,3.36703288073061,694.2763300452368
R_log,P00,"{""lambda"":0}",P1,49564,270,ok,270,2.1176428077128833,1.4552122895690798,1.179539558298214,-0.8148046138979361,1.7064488001878504,2.6925938090958095,-0.9861450089079594,0.1369359327242632,0.1364027585885479,0.1640688270115725,-0.9756611180223744,0.9961063971661195,571.7635580824785,262.5701342204014,309.1934238620771
R_log,P00,"{""lambda"":0}",P2,47038,2603,ok,2603,4.822383112419096,2.1959925119223644,1.9189068020114741,-0.5704438285777798,2.9275269962016206,1.6039761194566722,1.3235508767449486,0.07427331230647828,0.0373939012694678,0.04288715252101256,2.1199835760017463,0.5034634932553859,12552.663241626906,4559.901361434035,7992.761880192871
R_log,P00,"{""lambda"":0}",P3,49285,509,ok,509,2.1283272074109485,1.4588787500717626,1.142999088482294,-0.5388628626379999,1.780364889623482,2.680826097347442,-0.9004612077239604,0.1536986112754245,0.23104346918228044,0.2850541544227186,-2.249517727179205,1.5032241818259215,1083.3185485721729,412.71266678738795,670.6058817847849
R_log,P00,"{""lambda"":0.001}",P1,49564,270,ok,270,2.120499463002675,1.4561934840544628,1.1805307871228765,-0.8172527468792621,1.7064488001878504,2.694107734511693,-0.9876589343238426,0.13656801940177915,0.136814527796881,0.1641679094780417,-0.992521860335182,1.0018050228463564,572.5348550107223,263.37694604842125,309.15790896230106
R_log,P00,"{""lambda"":0.001}",P2,47038,2603,ok,2603,4.828152541694204,2.1973057460658962,1.920134621378429,-0.5723226848171725,2.9275269962016206,1.6021897497369317,1.3253372464646889,0.07362621506748902,0.034778043661784004,0.04049950842377668,2.1707174139117056,0.47235952072104914,12567.681066030014,4572.218480303769,7995.462585726247
R_log,P00,"{""lambda"":0.001}",P3,49285,509,ok,509,2.1292926694523944,1.4592096043586043,1.1433398451657866,-0.5395609290235135,1.780364889623482,2.6811413686153878,-0.9007764789919059,0.1529985168204432,0.23045953954723813,0.2843088186706419,-2.258201092014798,1.5062861022221676,1083.8099687512688,413.00171693847324,670.8082518127957
R_log,P00,"{""lambda"":0.1}",P1,49564,270,ok,270,2.0629498375657773,1.4362972664339988,1.1598861516368477,-0.7679331329242627,1.7064488001878504,2.6653638065858796,-0.9589150063980292,0.1203440388053743,0.1436292174676839,0.15771078135552621,-1.4746320543922204,1.1934884261277579,556.9964561427598,248.26985716373974,308.72659897902014
R_log,P00,"{""lambda"":0.1}",P2,47038,2603,ok,2603,4.9533045530817565,2.2256020653031747,1.9464691984556162,-0.6130793396361387,2.9275269962016206,1.568275799501176,1.3592511967004444,0.06352400206708868,-0.05802187796755444,-0.04723595364026085,4.359966768526193,-0.9133851155391104,12893.451751671812,4809.208612349329,8084.2431393224815
R_log,P00,"{""lambda"":0.1}",P3,49285,509,ok,509,2.0144558057273505,1.4193152594569505,1.105265961765823,-0.4565294363879129,1.780364889623482,2.604902734853785,-0.8245378452303032,0.12632310061466268,0.20184383483382715,0.2524447368398466,-2.3818473646170757,1.5978378764588252,1025.3580051152214,346.05009303246896,679.3079120827524
R_log,P02,"{""lambda"":0}",P1,49564,270,ok,270,2.0578702566817055,1.434527886338117,1.146922951986291,-0.763579968740244,1.7064488001878504,2.585840537806678,-0.8793917376188279,0.3151883218210182,-0.002376682242659551,0.023225387444070433,1.7259473693386587,-0.0075405149179643815,555.6249693040605,208.7990536119106,346.82591569215003
R_log,P02,"{""lambda"":0}",P2,47038,2603,ok,2603,4.952997061679818,2.2255329837321707,1.94455198357563,-0.6129792028441714,2.9275269962016206,1.552778753125816,1.3747482430758047,0.1320865507729787,0.0754727636481121,0.06470724285872162,2.0402867499641557,0.5713887084373154,12892.651351552566,4919.49490097955,7973.156450573016
R_log,P02,"{""lambda"":0}",P3,49285,509,ok,509,1.7055186058469631,1.3059550550639034,1.0029608102008796,-0.23315589583085417,1.780364889623482,2.238840115490199,-0.4584752258667169,0.246540227769793,-0.04135516257184307,-0.053558685794814966,2.155912514390483,-0.167742047397062,868.1089703761043,106.99156216137038,761.1174082147339
R_log,P02,"{""lambda"":0.001}",P1,49564,270,ok,270,2.042346805097022,1.429106995678428,1.1427717164282525,-0.7502764826863653,1.7064488001878504,2.586993890888843,-0.8805450907009923,0.29600146758085416,0.003070964702954952,0.029112410297978536,1.679609180132556,0.010374829314371892,551.433637376196,209.34710732455707,342.08653005163893
R_log,P02,"{""lambda"":0.001}",P2,47038,2603,ok,2603,5.13232797878767,2.2654641861631073,1.9828095850804741,-0.6713796089255419,2.9275269962016206,1.4953734364274962,1.4321535597741242,0.10099432914179635,0.033486859235048926,0.034655348833758974,2.4317035158636995,0.33157167852497244,13359.449728784304,5338.91912026793,8020.530608516374
R_log,P02,"{""lambda"":0.001}",P3,49285,509,ok,509,1.7179912310525132,1.3107216451453425,1.0042626250693554,-0.24217408610798352,1.780364889623482,2.2920584022040424,-0.5116935125805604,0.21830837142859172,-0.011914673821353665,-0.01402039442195481,1.9054591682489217,-0.054577264918358556,874.4575366057292,133.27159766586934,741.1859389398599
R_log,P02,"{""lambda"":0.1}",P1,49564,270,ok,270,1.9252370823320804,1.3875291284625633,1.105567869960923,-0.6499142948650563,1.7064488001878504,2.5545595190156916,-0.8481107188278411,0.21276569693080233,0.027689671850834846,0.05079927568962809,1.3739942935388012,0.13014161704760308,519.8140122296617,194.20878367548286,325.6052285541788
R_log,P02,"{""lambda"":0.1}",P2,47038,2603,ok,2603,5.8275276580907835,2.4140272695416645,2.114838322828769,-0.8977763966836909,2.9275269962016206,1.32441907817327,1.6031079180283507,0.13662287656329894,-0.15438927203497116,-0.1507851357114179,4.424173110614697,-1.1300396823619858,15169.05449401031,6689.592856788037,8479.461637222272
R_log,P02,"{""lambda"":0.1}",P3,49285,509,ok,509,1.7278961795378303,1.3144946479684998,1.0034917903114546,-0.24933574683727477,1.780364889623482,2.3620184578169385,-0.5816535681934561,0.16045001630281122,0.06552674160895548,0.08678851870972136,0.8157319358389693,0.408393486762191,879.4991553847556,172.2053245566194,707.293830828136
R_log,S01,"{""lambda"":0}",P1,3110,270,ok,270,150.34939254570455,12.261704308362054,12.201118005315527,-127.84834510093219,1.7064488001878504,-10.494669205127675,12.201118005315527,0.5459896023800914,0.02559149456827408,0.025400323800351135,2.198352434960533,0.04687176176380475,40594.33598734023,40194.16575650138,400.1702308388555
R_log,S01,"{""lambda"":0}",P2,777,2603,ok,2603,78.44426211782168,8.856876544122182,8.672739323848438,-24.545939519614965,2.9275269962016206,-5.745212327646817,8.672739323848438,0.18249481255413888,-0.048959777592548326,-0.014643728935533394,1.3861992518850013,-0.26828037963010015,204190.41429268985,195788.30840864862,8402.105884041228
R_log,S01,"{""lambda"":0}",P3,2873,509,ok,509,262980.1101635492,512.8158637986438,512.8121495136836,-190143.78776288847,1.780364889623482,-511.03178462406015,512.8121495136836,1.2243223396971643,-0.10431579366913075,-0.14157916104040555,-41.76101671777005,-0.08520288349466304,133856876.07324655,133854937.0506219,1939.0226246589586
R_log,S01,"{""lambda"":0.001}",P1,3110,270,ok,270,9.035035275694263,3.0058335409157744,2.7788870186439083,-6.74296007114137,1.7064488001878504,-1.0627380752871025,2.769186875474953,0.4626662873802293,0.04631853429131721,0.043146450848675154,1.8128418340559531,0.10011218788727444,2439.459524437451,2070.466906851738,368.99261758571276
R_log,S01,"{""lambda"":0.001}",P2,777,2603,ok,2603,23.15062624619331,4.811509767858038,4.4945382546396075,-6.539168346541236,2.9275269962016206,-1.5364508632837888,4.46397785948541,0.18149906321865947,-0.04634513366978233,-0.016599104648009427,2.5351997887043916,-0.25534640701670425,60261.08011884118,51870.23695292737,8390.843165913811
R_log,S01,"{""lambda"":0.001}",P3,2873,509,ok,509,6.400592643103009,2.529939256801042,2.218322338070985,-3.6278759596025774,1.780364889623482,-0.37526797715999954,2.1556328667834816,0.44420269998925266,-0.07966835261622483,-0.10521748900459542,1.7130600724067393,-0.1793513470722992,3257.9016553394313,2365.1973056858005,892.7043496536317
R_log,S01,"{""lambda"":0.1}",P1,3110,270,ok,270,2.258819792932365,1.5029370555456956,1.2151530746508026,-0.9357922720711429,1.7064488001878504,2.6907586563795367,-0.9843098561916863,0.346182609463646,0.0207422463270621,-0.0023955091700975095,1.5452264356566823,0.0599170661957827,609.8813440917386,261.5937911089465,348.28755298279214
R_log,S01,"{""lambda"":0.1}",P2,777,2603,ok,2603,5.734866824469818,2.394758197495066,2.1009393639147067,-0.8676007281566169,2.9275269962016206,1.3422454117427385,1.5852815844588821,0.14943849061356806,-0.0898495663242223,-0.06906156775830075,3.734549120492352,-0.6012478174486093,14927.858344094937,6541.645378369679,8386.212965725257
R_log,S01,"{""lambda"":0.1}",P3,2873,509,ok,509,11.729383914239985,3.4248188148046586,3.2019064620567086,-7.4807980861197905,1.780364889623482,4.960995484172166,-3.180630594548684,0.32716183064126264,-0.09048569965840089,-0.11349063393761642,3.1524661109291845,-0.27657780090373596,5970.2564123481525,5149.253188300369,821.0032240477826
R_log,S02,"{""lambda"":0}",P1,3110,270,ok,270,134.6127780088877,11.602274691149477,11.539633767029597,-114.36217993439352,1.7064488001878504,-9.833184966841745,11.539633767029597,0.5240445645486975,0.030817793737036123,0.02878833441534237,2.284714632116145,0.058807582068094055,36345.45006239967,35954.04981883582,391.40024356385345
R_log,S02,"{""lambda"":0}",P2,777,2603,ok,2603,58.984625455430304,7.680144885054598,7.478719745117923,-18.208768542029933,2.9275269962016206,-4.551192748916302,7.478719745117923,0.13999229773189725,0.090161371783026,0.12702238724946388,5.858700983195608,0.6440452313719164,153536.98006048508,145589.04121472142,7947.938845763644
R_log,S02,"{""lambda"":0}",P3,2873,509,ok,509,289232.4857302927,537.8033894745297,537.7995652297442,-209125.27034461554,1.780364889623482,-536.0192003401208,537.7995652297442,1.2962662293723162,-0.11333269334741213,-0.14863787015220808,-45.08385041118544,-0.0874301056213511,147219335.23671898,147217241.53190264,2093.7048162945534
R_log,S02,"{""lambda"":0.001}",P1,3110,270,ok,270,8.498651694557257,2.9152447057763875,2.6871495295729884,-6.283283210472942,1.7064488001878504,-0.9704563505662088,2.6769051507540595,0.43718139975198717,0.05592809173823104,0.04562229303389461,1.830598116314306,0.12792879973841298,2294.6359575304596,1934.771720256076,359.86423727438427
R_log,S02,"{""lambda"":0.001}",P2,777,2603,ok,2603,19.53058646739914,4.419342311634067,4.108461988606609,-5.360276293113834,2.9275269962016206,-1.1303354833939687,4.05786247959559,0.1268811707623488,0.07162167946044645,0.11220879637045603,3.5655769541898312,0.5644783936821912,50838.116574639964,42861.64329231508,7976.4732823249105
R_log,S02,"{""lambda"":0.001}",P3,2873,509,ok,509,7.2507753770857715,2.692726383627897,2.388408048216245,-4.242590948550938,1.780364889623482,-0.5569762527167512,2.3373411423402333,0.45535525768066176,-0.09351381069716806,-0.12007692087074588,1.665981732778724,-0.205364512915647,3690.644666936658,2780.7502803792604,909.8943865573974
R_log,S02,"{""lambda"":0.1}",P1,3110,270,ok,270,2.1936541722533875,1.481098974496096,1.1928790579105573,-0.8799458051197788,1.7064488001878504,2.6629745106144993,-0.9565257104266487,0.33299776953394716,0.022582614378426593,-0.0061024128925557496,1.5258562197722152,0.06781611303292659,592.2866265084147,247.03418737094535,345.2524391374694
R_log,S02,"{""lambda"":0.1}",P2,777,2603,ok,2603,5.857090191291604,2.4201425973052917,2.1222879814089337,-0.9074036487580421,2.9275269962016206,1.3154690802683617,1.6120579159332589,0.16709881955559236,-0.09930123043358725,-0.08123751695814908,3.7092662006759465,-0.5942664986963034,15246.005767932045,6764.496075412982,8481.509692519065
R_log,S02,"{""lambda"":0.1}",P3,2873,509,ok,509,11.55296500329366,3.3989652842142504,3.1775723604980843,-7.353240392275998,1.780364889623482,4.936084195443746,-3.155719305820264,0.31999131360752114,-0.07878165147540307,-0.09629503093745363,2.995625580154784,-0.2461993439360392,5880.459186676473,5068.909247597505,811.549939078968
R_log,S03,"{""control_lambda"":0.001,""difference_penalty"":0.01,""n_knots"":3}",P1,3110,270,ok,270,7.387755951833706,2.718042669244489,2.474948109427969,-5.331253570671847,1.7064488001878504,-0.7547099281187073,2.4611587283065584,0.4294069838345084,0.051467678557741335,0.041775149512741507,1.7969064998691384,0.11985757217580956,1994.6941069951008,1635.47161719828,359.2224897968215
R_log,S03,"{""control_lambda"":0.001,""difference_penalty"":0.01,""n_knots"":3}",P2,777,2603,ok,2603,20.08196473332796,4.481290520969151,4.160141409648866,-5.539836600694925,2.9275269962016206,-1.1853801323930204,4.112907128594641,0.1530054967746407,-0.024858306313746165,0.00814819565699332,2.7349421345436404,-0.1624667534027196,52273.35420085268,44032.36114110132,8240.99305975135
R_log,S03,"{""control_lambda"":0.001,""difference_penalty"":0.01,""n_knots"":3}",P3,2873,509,ok,509,10.15817274516796,3.1871888468002583,2.878288896795465,-6.34475166006848,1.780364889623482,-1.0699199992341064,2.8502848888575887,0.5584342576664494,-0.1422254318199184,-0.17214402499441278,1.5078711594936087,-0.2546860796367352,5170.509927290492,4135.179089353807,1035.330837936686
R_log,S03,"{""control_lambda"":0.1,""difference_penalty"":0.01,""n_knots"":3}",P1,3110,270,ok,270,2.1025362634768427,1.4500125045932681,1.1602448003632988,-0.8018584144351335,1.7064488001878504,2.6061661005854435,-0.899717300397593,0.33985074847026314,0.010840427623027657,-0.01916849396313024,1.6233183227233972,0.031897612913382195,567.6847911387475,218.5626295713778,349.12216156736974
R_log,S03,"{""control_lambda"":0.1,""difference_penalty"":0.01,""n_knots"":3}",P2,777,2603,ok,2603,5.416039014257981,2.3272384953540928,2.0388807222334457,-0.7637721531027828,2.9275269962016206,1.4379662904068071,1.4895607057948137,0.13451366568779244,-0.08591286758244451,-0.06449414781714452,3.8459452614690033,-0.6386924863221642,14097.949554113524,5775.513223533397,8322.436330580127
R_log,S03,"{""control_lambda"":0.1,""difference_penalty"":0.01,""n_knots"":3}",P3,2873,509,ok,509,8.913865636861292,2.985609759640615,2.6828977008317114,-5.4450695096819635,1.780364889623482,4.423205504064915,-2.6428406144414334,0.468144716779365,-0.18772983959620385,-0.21125831507272547,3.5541062777389487,-0.40100813459501317,4537.157609162397,3555.164715290657,981.9928938717402
R_log,S03,"{""control_lambda"":0.001,""difference_penalty"":1,""n_knots"":3}",P1,3110,270,ok,270,8.355566545637336,2.890599686161565,2.653196673337883,-6.160660269770019,1.7064488001878504,-0.9346451773388371,2.6410939775266873,0.4786252534319761,0.0483363417580644,0.03991270401224826,1.8008385725419693,0.10098995281061604,2256.0029673220806,1883.3518974944893,372.6510698275908
R_log,S03,"{""control_lambda"":0.001,""difference_penalty"":1,""n_knots"":3}",P2,777,2603,ok,2603,22.294971667574025,4.721755146931491,4.406905797314059,-6.260518263986328,2.9275269962016206,-1.44525539013194,4.372782386333561,0.15347786567488161,-0.03257071912721845,-0.0018092384344392464,2.620818226359834,-0.2122176965648866,58033.81125069519,49772.550752790165,8261.26049790502
R_log,S03,"{""control_lambda"":0.001,""difference_penalty"":1,""n_knots"":3}",P3,2873,509,ok,509,11.944024342292352,3.456012780979311,3.149502120131996,-7.635991414664566,1.780364889623482,-1.3513041763139784,3.1316690659374604,0.6026766790211331,-0.15072605890659324,-0.1809560798050801,1.4424112903393058,-0.2500943941474596,6079.508390226807,4991.94172952175,1087.566660705059
R_log,S03,"{""control_lambda"":0.1,""difference_penalty"":1,""n_knots"":3}",P1,3110,270,ok,270,2.315679989063137,1.5217358473345948,1.2340296941101387,-0.9845210500829145,1.7064488001878504,2.702726973439104,-0.9962781732512532,0.3752006088825877,0.009168360092661433,-0.008442283446866712,1.6404052663075706,0.024435888097213983,625.2335970470469,267.99395359415064,357.23964345289625
R_log,S03,"{""control_lambda"":0.1,""difference_penalty"":1,""n_knots"":3}",P2,777,2603,ok,2603,5.479574964243608,2.3408491972452237,2.0502819302443482,-0.7844630932918342,2.9275269962016206,1.4232197694221878,1.504307226779433,0.14270147104205552,-0.09515172257829087,-0.07692717954374433,3.87651379836352,-0.6667886594543146,14263.33363192611,5890.433425303777,8372.900206622337
R_log,S03,"{""control_lambda"":0.1,""difference_penalty"":1,""n_knots"":3}",P3,2873,509,ok,509,9.273095985911707,3.045175854677642,2.728313235360188,-5.704806941671401,1.780364889623482,4.46607383252426,-2.6857089429007774,0.5286079378543177,-0.19870982517573121,-0.2241347661072123,3.459213591905706,-0.37591154227141943,4720.005856829059,3671.4335557224003,1048.5723011066573
R_log,S03,"{""control_lambda"":0.001,""difference_penalty"":0.01,""n_knots"":5}",P1,3110,270,ok,270,7.3068186203341865,2.703112765005224,2.4533137273494394,-5.261890861291904,1.7064488001878504,-0.7311466660307938,2.4375954662186445,0.4558443513316906,0.04172956054765198,0.03796794384730369,1.773380481978386,0.09154344114552351,1972.8410274902303,1604.3053473710165,368.53568011921396
R_log,S03,"{""control_lambda"":0.001,""difference_penalty"":0.01,""n_knots"":5}",P2,777,2603,ok,2603,20.140976422259104,4.487869920380837,4.184593548870941,-5.559054182652942,2.9275269962016206,-1.208967808660922,4.136494804862543,0.23387407596939158,0.1450132063056958,0.1659641799243292,3.6771453432869805,0.6200482276824667,52426.96162714045,44538.86387151446,7888.097755626
R_log,S03,"{""control_lambda"":0.001,""difference_penalty"":0.01,""n_knots"":5}",P3,2873,509,ok,509,9.392699414664493,3.064751117899216,2.7609965619603924,-5.791284845121091,1.780364889623482,-0.9479332256286293,2.7282981152521106,0.5225732787128156,-0.13030109292571115,-0.16137410996113943,1.5440023729172179,-0.24934511241497892,4780.884002064227,3788.7977982953034,992.086203768922
R_log,S03,"{""control_lambda"":0.1,""difference_penalty"":0.01,""n_knots"":5}",P1,3110,270,ok,270,2.144813347901847,1.4645181282257476,1.1735887433923113,-0.8380895708875833,1.7064488001878504,2.6138230184981053,-0.9073742183102546,0.3634519739458791,-0.0005586697730840394,-0.023302519333352607,1.7104665632413087,-0.0015371213066165635,579.0996039334987,222.29855245461928,356.80105147887934
R_log,S03,"{""control_lambda"":0.1,""difference_penalty"":0.01,""n_knots"":5}",P2,777,2603,ok,2603,4.437981490166607,2.1066517249338124,1.8299178082908458,-0.44526066886426663,2.9275269962016206,1.7491064830186123,1.1784205131830083,0.21944373195157935,0.1256059519105779,0.13093863455858448,1.9263674605034546,0.5723834114263657,11552.065818903677,3614.720780032984,7937.345038870695
R_log,S03,"{""control_lambda"":0.1,""difference_penalty"":0.01,""n_knots"":5}",P3,2873,509,ok,509,9.101768121172714,3.0169136747962666,2.7255894862561787,-5.580930271080592,1.780364889623482,4.469377072646963,-2.689012183023481,0.4404346171191941,-0.1802871307304894,-0.20530473072606087,3.6098558906954774,-0.4093391475668196,4632.799973676912,3680.4703389083925,952.3296347685198
R_log,S03,"{""control_lambda"":0.001,""difference_penalty"":1,""n_knots"":5}",P1,3110,270,ok,270,7.687534593588195,2.772640364992942,2.536341136861734,-5.5881617046699885,1.7064488001878504,-0.8177288882123157,2.524177688400166,0.42593687448832196,0.06288130020180295,0.04744022764175861,1.827170575603834,0.14763056210463632,2075.6343402688126,1720.2977107066456,355.33662956216693
R_log,S03,"{""control_lambda"":0.001,""difference_penalty"":1,""n_knots"":5}",P2,777,2603,ok,2603,18.61627198256397,4.314657805963756,3.9976034969692624,-5.062523189178387,2.9275269962016206,-1.0130010427102356,3.9405280389118564,0.1281055030083012,0.04143157127754339,0.08153794671913062,3.255149338097076,0.32341757617437134,48458.15597061401,40418.7624698477,8039.393500766304
R_log,S03,"{""control_lambda"":0.001,""difference_penalty"":1,""n_knots"":5}",P3,2873,509,ok,509,9.912478975933114,3.1484089594481075,2.834474817425679,-6.167105565172672,1.780364889623482,-1.0237925964554562,2.804157486078938,0.5664902797002657,-0.1418603048844499,-0.1701955850002034,1.5239870927291403,-0.2504196629102078,5045.451798749955,4002.419296226868,1043.0325025230868
R_log,S03,"{""control_lambda"":0.1,""difference_penalty"":1,""n_knots"":5}",P1,3110,270,ok,270,2.124188587480376,1.4574596349403217,1.168955041850908,-0.820414299950909,1.7064488001878504,2.6359845839419633,-0.929535783754113,0.31376175215204427,0.029489605337641413,-0.004416181747813869,1.458699848878812,0.09398725349847989,573.5309186197015,233.28992878543076,340.24098983427064
R_log,S03,"{""control_lambda"":0.1,""difference_penalty"":1,""n_knots"":5}",P2,777,2603,ok,2603,5.072427103119815,2.2522049425218422,1.9725987786366665,-0.6518724568959311,2.9275269962016206,1.528265150544263,1.3992618456573576,0.10110498999122858,-0.019954545279975273,0.012494546676719369,3.2291524268454435,-0.19736459379212085,13203.527749420879,5096.5014541904675,8107.026295230411
R_log,S03,"{""control_lambda"":0.1,""difference_penalty"":1,""n_knots"":5}",P3,2873,509,ok,509,9.371745179202593,3.061330622327911,2.7563550856145316,-5.776134122687524,1.780364889623482,4.4961150423145755,-2.7157501526910934,0.5031021901408268,-0.18922203905922425,-0.2115652233833864,3.4714011697745804,-0.37611054526766774,4770.21829621412,3754.027135947424,1016.1911602666964
R_log,S04,"{""control_lambda"":0.001}",P1,3110,270,ok,270,7.938182694750045,2.817478073517174,2.58149272956329,-5.80296531970673,1.7064488001878504,-0.8628770380474386,2.5693258382352893,0.43301298795725307,0.048401942271371755,0.038193851870853446,1.8029006982703795,0.11177942375287359,2143.309327582512,1782.3875210163374,360.92180656617444
R_log,S04,"{""control_lambda"":0.001}",P2,777,2603,ok,2603,97.31483923064457,9.864828393370285,9.706493361680453,-30.691279007930238,2.9275269962016206,-6.7789663654788335,9.706493361680453,0.15964442327493705,0.05114917809284805,0.09312576589214547,5.099469810114739,0.32039439301152267,253310.5265173678,245244.28282904244,8066.243688325308
R_log,S04,"{""control_lambda"":0.001}",P3,2873,509,ok,509,6.03110845579354,2.4558315202378074,2.1430533997245287,-3.36072460608763,1.780364889623482,-0.293759958829054,2.074124848452535,0.4368872500323542,-0.0679193775463191,-0.08941926539161449,1.734696370914767,-0.1554620271964661,3069.834203998912,2189.7148884668404,880.11931553207
R_log,S04,"{""control_lambda"":0.1}",P1,3110,270,ok,270,2.1355127807789493,1.4613393790557172,1.17186989565707,-0.8301190519383883,1.7064488001878504,2.6238636803960884,-0.917414880208238,0.3412921931885846,0.011206442627029859,-0.01562530496219187,1.620293363930161,0.032835332453202574,576.5884508103163,227.24551685542386,349.3429339548926
R_log,S04,"{""control_lambda"":0.1}",P2,777,2603,ok,2603,5.8434151864263075,2.417315698543802,2.130405247786704,-0.9029502848307405,2.9275269962016206,1.2601813826335173,1.6673456135681028,0.09208512649032924,0.05902098268163118,0.08346750521380002,2.1198271385276675,0.6409393669870193,15210.409730267678,7236.447751405718,7973.96197886196
R_log,S04,"{""control_lambda"":0.1}",P3,2873,509,ok,509,9.874747498104094,3.1424110962927965,2.8944703045551017,-6.139824247816325,1.780364889623482,4.64671698023322,-2.866352090609738,0.34875427909849904,-0.11143606083607951,-0.12322009157073543,3.2651117934774314,-0.3195260030188947,5026.246476534984,4181.930922437493,844.3155540974901
R_log,G05,"{""max_leaf_nodes"":7,""min_samples_leaf"":20}",P1,49564,270,ok,270,1.1560988778770647,1.0752203857242777,0.8083406866470781,0.009231599374624255,1.7064488001878504,1.8204095043413662,-0.11396070415351572,0.13694177210014202,0.14281416521437132,0.20026764752674603,-0.19202424951609864,1.0428824092471582,312.1466970268075,3.5065013646145866,308.64019566219287
R_log,G05,"{""max_leaf_nodes"":7,""min_samples_leaf"":20}",P2,47038,2603,ok,2603,4.9241367844617825,2.219039608583358,1.9406506125253673,-0.603580645493681,2.9275269962016206,1.567500727178978,1.3600262690226426,0.06993075939123247,0.026229585805675918,0.04215860846651233,2.339589796864484,0.3750793790030603,12817.52804995402,4814.694790679583,8002.833259274437
R_log,G05,"{""max_leaf_nodes"":7,""min_samples_leaf"":20}",P3,49285,509,ok,509,1.4007896338917072,1.1835495908037428,0.9304279773276495,-0.012825066774617255,1.780364889623482,1.517340870085468,0.26302401953801363,0.1171734444018753,0.21730839467366303,0.25403844323764013,-1.0336763834154712,1.854587409143237,713.001923650879,35.21345214065209,677.7884715102268
R_log,G05,"{""max_leaf_nodes"":7,""min_samples_leaf"":50}",P1,49564,270,ok,270,1.1619312730172928,1.077929159554232,0.812252632308118,0.004233278802330154,1.7064488001878504,1.8208549688727653,-0.11440616868491503,0.14951902513321597,0.12642605303312957,0.17544523503858034,0.16682194229974634,0.8455516140537207,313.7214437146691,3.5339682869535327,310.1874754277156
R_log,G05,"{""max_leaf_nodes"":7,""min_samples_leaf"":50}",P2,47038,2603,ok,2603,4.926935872935322,2.219670217157342,1.9410118142125674,-0.6044921888357253,2.9275269962016206,1.5663818802351277,1.3611451159664927,0.07204433862311103,0.028097485722620417,0.04165137042945771,2.3166338523792214,0.39000268806141886,12824.814077250643,4822.619817550694,8002.19425969995
R_log,G05,"{""max_leaf_nodes"":7,""min_samples_leaf"":50}",P3,49285,509,ok,509,1.3861896466438188,1.177365553532045,0.9230255084554606,-0.002268711486515196,1.780364889623482,1.542415359199087,0.2379495304243949,0.13383139732792732,0.21138748679709243,0.24803342862862682,-0.6558893294026804,1.5795059382002066,705.5705301417038,28.819569325857728,676.750960815846
R_log,G05,"{""max_leaf_nodes"":15,""min_samples_leaf"":20}",P1,49564,270,ok,270,1.146052125600396,1.0705382410733377,0.8029143281003616,0.017841593619158935,1.7064488001878504,1.8122095149970356,-0.10576071480918489,0.15295205371072662,0.16613595316829,0.21808645600177468,-0.2619664502806871,1.086196289214251,309.4340739121069,3.0200387751764297,306.41403513693047
R_log,G05,"{""max_leaf_nodes"":15,""min_samples_leaf"":20}",P2,47038,2603,ok,2603,4.946628268485682,2.224101676741799,1.945660065779993,-0.610905159423303,2.9275269962016206,1.5527031901242943,1.3748238060773263,0.08142572866116905,0.06916039022865365,0.10032255131613663,1.6087109376419564,0.8493677780452635,12876.07338286823,4920.03571566133,7956.037667206899
R_log,G05,"{""max_leaf_nodes"":15,""min_samples_leaf"":20}",P3,49285,509,ok,509,1.4659952481597107,1.2107829071141163,0.9601200621529901,-0.05997124706265322,1.780364889623482,1.434472826380023,0.34589206324345884,0.11425011932045845,0.17324770775261672,0.20772992056453254,-0.3948549743198444,1.5163897314336878,746.1915813132928,60.89743158214181,685.294149731151
R_log,G05,"{""max_leaf_nodes"":15,""min_samples_leaf"":50}",P1,49564,270,ok,270,1.147574788327388,1.0712491719144468,0.8021078499943076,0.016536682643478406,1.7064488001878504,1.8257402080075276,-0.11929140781967712,0.14914524694450648,0.1708950597065542,0.23002361195480484,-0.38553862983863163,1.1458297411927605,309.84519284839473,3.8422187944921413,306.00297405390256
R_log,G05,"{""max_leaf_nodes"":15,""min_samples_leaf"":50}",P2,47038,2603,ok,2603,4.976881135898849,2.2308924527862946,1.9521684389121026,-0.6207572238110197,2.9275269962016206,1.5464743215312167,1.381052674670404,0.08474549377522855,0.04456098045117874,0.06617165441751063,2.114357953930421,0.5258212379925282,12954.821596744705,4964.718794027762,7990.102802716943
R_log,G05,"{""max_leaf_nodes"":15,""min_samples_leaf"":50}",P3,49285,509,ok,509,1.3994327150768058,1.1829762106977493,0.9248988335340054,-0.01184396200623583,1.780364889623482,1.5160309392608446,0.2643339503626373,0.1623885368623368,0.20028060461629224,0.24690259652036725,-0.08941975773477329,1.2333420109947668,712.3112519740941,35.56507059298745,676.7461813811067
R_log,S05,"{""max_leaf_nodes"":7,""min_samples_leaf"":20}",P1,3110,270,ok,270,1.215739012349347,1.102605556103064,0.8593981892314145,-0.04187956574707474,1.7064488001878504,1.87372441288229,-0.16727561269443966,0.2057809262345389,0.05939775719289819,0.016384604000255373,1.1656065085366822,0.2886455915996781,328.2495333343237,7.55490526262105,320.6946280717027
R_log,S05,"{""max_leaf_nodes"":7,""min_samples_leaf"":20}",P2,777,2603,ok,2603,5.366827654247615,2.316641460012234,2.031803645585662,-0.7477461189154184,2.9275269962016206,1.462891404251203,1.4646355919504175,0.2066189134413771,-0.015653854053995598,0.025905113302793124,3.0383585176610066,-0.07576196096122133,13969.852384006543,5583.844756992293,8386.007627014249
R_log,S05,"{""max_leaf_nodes"":7,""min_samples_leaf"":20}",P3,2873,509,ok,509,1.4261699531348366,1.1942235775326313,0.9000491019321624,-0.031176018916351023,1.780364889623482,1.9776637988102843,-0.19729890918680212,0.23435616161508632,0.11071271987211798,0.13459761101170198,0.8460922993490005,0.47241224258466874,725.9205061456319,19.813771519247716,706.1067346263842
R_log,S05,"{""max_leaf_nodes"":7,""min_samples_leaf"":50}",P1,3110,270,ok,270,1.2385829685803436,1.112916424795835,0.8741874609458193,-0.0614566714878062,1.7064488001878504,1.871412650596203,-0.16496385040835249,0.1942876572373928,-0.000997416263199006,-0.02226202135965853,1.7160560878529656,-0.005133708838643579,334.41740151669273,7.34752942421831,327.06987209247444
R_log,S05,"{""max_leaf_nodes"":7,""min_samples_leaf"":50}",P2,777,2603,ok,2603,5.37053896421779,2.317442332447086,2.0321295127793184,-0.7489547337647011,2.9275269962016206,1.4612420563320914,1.4662849398695295,0.21363724131853543,-0.0073807870676337135,0.020948304456060714,2.978010312712798,-0.03454822306298603,13979.512923858907,5596.427939283958,8383.08498457495
R_log,S05,"{""max_leaf_nodes"":7,""min_samples_leaf"":50}",P3,2873,509,ok,509,1.4004806631782998,1.1834190564539258,0.9060826143785756,-0.012601669002484162,1.780364889623482,1.8235233746218742,-0.04315848499839213,0.17547151931053778,0.05566531999913679,0.10042999055764759,1.2018834780925765,0.3172327920670935,712.8446575577545,0.9480913071244272,711.8965662506301
R_log,S05,"{""max_leaf_nodes"":15,""min_samples_leaf"":20}",P1,3110,270,ok,270,1.3467588740498013,1.160499407173395,0.9025857900298744,-0.15416264231703614,1.7064488001878504,2.037411979002151,-0.33096317881430026,0.3005729888827626,0.04999380969064442,0.01809154928484574,1.367569424771312,0.16632835131484264,363.62489599344633,29.574888947333953,334.0500070461124
R_log,S05,"{""max_leaf_nodes"":15,""min_samples_leaf"":20}",P2,777,2603,ok,2603,5.0627419243109095,2.2500537603157196,1.9655702914365831,-0.6487184085894107,2.9275269962016206,1.5882274701803045,1.339299526021316,0.2595442233671819,0.005362658853421513,0.04150928481788195,2.8947113087873015,0.020661830896674848,13178.317228981297,4669.0615427036,8509.255686277696
R_log,S05,"{""max_leaf_nodes"":15,""min_samples_leaf"":20}",P3,2873,509,ok,509,1.5588454607842215,1.248537328550581,0.9385892136165398,-0.12710554083964998,1.780364889623482,2.143865639202428,-0.36350074957894624,0.31884038305173334,0.10991513685897385,0.12555071506984125,1.0413014031078731,0.34473405095972304,793.4523395391687,67.255592626728,726.1967469124407
R_log,S05,"{""max_leaf_nodes"":15,""min_samples_leaf"":50}",P1,3110,270,ok,270,1.2865501118008826,1.1342619238081135,0.8774965761086742,-0.10256416729166906,1.7064488001878504,2.000903029880709,-0.2944542296928587,0.2594045080354439,0.07523120728359665,0.06787242482873238,1.1261568394376373,0.2900150342542133,347.36853018623833,23.409889213683996,323.9586409725544
R_log,S05,"{""max_leaf_nodes"":15,""min_samples_leaf"":50}",P2,777,2603,ok,2603,5.368209304699233,2.3169396420060737,2.026436714836948,-0.7481960633462967,2.9275269962016206,1.4895220781753227,1.4380049180262977,0.2494642617705463,-0.025155370960227297,0.005971593636805071,3.077726789005661,-0.10083757401436874,13973.448820132104,5382.634749529134,8590.81407060297
R_log,S05,"{""max_leaf_nodes"":15,""min_samples_leaf"":50}",P3,2873,509,ok,509,1.4554141772437987,1.206405477956644,0.9275700594093597,-0.052320723673797254,1.780364889623482,1.8764978371506782,-0.09613294752719646,0.2340710830680865,0.019546501604998268,0.029464534395215014,1.6236647645808155,0.08350669099656617,740.8058162170936,4.703945692535755,736.1018705245579
R_C_log,B00,{},P1,3110,270,ok,270,2.229608212364914,1.4931872663416714,1.2031188096745242,-0.9107581581969915,1.7064488001878504,2.737340282951359,-1.030891482763509,4.1111072308966e-16,,,,,601.9942173385267,286.93905729327344,315.0551600452534
R_C_log,B00,{},P2,777,2603,ok,2603,4.476240626990649,2.115712794069802,1.8477999531252718,-0.4577200326085731,2.9275269962016206,1.7419777154654175,1.1855492807362034,1.267128252312252e-16,,,,,11651.65435205666,3658.587033631898,7993.067318424759
R_C_log,B00,{},P3,2873,509,ok,509,2.4489163361150377,1.5649013822330906,1.2444391270558195,-0.7706611982559215,1.780364889623482,2.812771996924309,-1.032407107300826,7.55233034068124e-16,,,,,1246.4984150825542,542.524997519477,703.973417563077
R_C_log,B01,"{""lambda"":0}",P1,3110,270,ok,270,86.43279142732263,9.296923761509644,9.213473355238333,-73.07227890514501,1.7064488001878504,-7.507024555050481,9.213473355238333,0.665831168505429,0.08976318178215147,0.0815204679487589,2.718498763680325,0.13481372760551324,23336.853685377107,22919.784642275416,417.06904310170125
R_C_log,B01,"{""lambda"":0}",P2,777,2603,ok,2603,399.0496129568209,19.976226194074318,19.89702286034262,-128.95338349424947,2.9275269962016206,-16.969495864141,19.89702286034262,0.2987664237401522,0.10176045407031872,0.12558495678386838,8.707371942838812,0.3406020422121579,1038726.1425266048,1030505.6231891067,8220.519337497884
R_C_log,B01,"{""lambda"":0}",P3,2873,509,ok,509,266960.0884657309,516.6818058203046,516.6783628036526,-193021.4659610556,1.780364889623482,-514.8979979140291,516.6783628036526,1.2299597424302808,-0.02426141962963742,-0.08911956407214175,-8.376192242213339,-0.01972537701250225,135882685.02905703,135880874.0700366,1810.9590203977086
R_C_log,B01,"{""lambda"":0.001}",P1,3110,270,ok,270,8.216710001593036,2.866480420584281,2.612977779545196,-6.041661212949061,1.7064488001878504,-0.8910027528837445,2.597451553071595,0.6212623778657214,0.10158810792177499,0.09233905216173842,1.852144543312531,0.16351884733591912,2218.5117004301196,1821.6237340495911,396.8879663805284
R_C_log,B01,"{""lambda"":0.001}",P2,777,2603,ok,2603,87.96835132336665,9.379144487817994,9.216213329479556,-27.647527835390502,2.9275269962016206,-6.2886863332779335,9.216213329479556,0.23937406687791127,0.14754254422194202,0.17419679790401532,6.8036727856233945,0.616368122688886,228981.6184947234,221095.1449140427,7886.473580680729
R_C_log,B01,"{""lambda"":0.001}",P3,2873,509,ok,509,2.029142247301605,1.424479640887017,1.1293109875055767,-0.46714830149673015,1.780364889623482,1.2031717608892454,0.5771931287342366,0.5927128318974183,0.105482708957358,0.07447315779072441,1.566241270478423,0.17796596139091858,1032.833403876517,169.57432109973064,863.2590827767863
R_C_log,B01,"{""lambda"":0.1}",P1,3110,270,ok,270,2.75567488028699,1.6600225541500904,1.376714946735603,-1.3615934986451808,1.7064488001878504,2.9015588974425883,-1.1951100972547373,0.45059037071593255,0.07265004641911554,0.06726478971511965,1.2386216953785105,0.16123302036766476,744.0322176774873,385.63779903126147,358.394418646226
R_C_log,B01,"{""lambda"":0.1}",P2,777,2603,ok,2603,5.878409149924981,2.4245430806494204,2.1390299973600673,-0.9143463213406644,2.9275269962016206,1.227687416269298,1.6998395799323227,0.1300852125809702,0.1673809119246885,0.19605772943718155,1.3478590599578006,1.2867020670816371,15301.499017254726,7521.250317304201,7780.2486999505245
R_C_log,B01,"{""lambda"":0.1}",P3,2873,509,ok,509,25.513497625667593,5.0510887564630655,4.903649542482483,-17.44724526164542,1.780364889623482,6.6811842476800205,-4.9008193580565385,0.45448022665641064,0.13781857658258906,0.11545738316284349,-0.24566671504168447,0.30324438446203417,12986.370291464806,12225.177463573567,761.192827891238
R_C_log,G02,"{""lambda"":0}",P1,49564,270,ok,270,1.1642426837011088,1.079000780213392,0.8262294167104669,0.002252416516054123,1.7064488001878504,1.9121166954463649,-0.20566789525851437,0.3506723200915743,0.2302344153417319,0.2343397532941497,0.45104583788305375,0.6565514360574813,314.3455245992994,11.420806447818153,302.9247181514812
R_C_log,G02,"{""lambda"":0}",P2,47038,2603,ok,2603,4.891919825085708,2.2117684836089215,1.923548210414834,-0.5930889603976959,2.9275269962016206,1.5567321950381008,1.3707948011635196,0.2692819670030233,0.16963490479676308,0.1785196497126564,1.9468593316031235,0.6299527097366258,12733.667304698098,4891.241041092717,7842.426263605379
R_C_log,G02,"{""lambda"":0}",P3,49285,509,ok,509,1.3202647889011918,1.1490277581073451,0.8772378451610724,0.04539750964319178,1.780364889623482,1.6993677642626859,0.08099712536079604,0.34908093361261033,0.24635909794442895,0.269505093385525,0.5810593155636998,0.7057363328179475,672.0147775507066,3.3393119672066667,668.6754655835
R_C_log,G02,"{""lambda"":0.001}",P1,49564,270,ok,270,1.164353677715696,1.0790522126920903,0.826271367102794,0.0021572954460350457,1.7064488001878504,1.9148273231830608,-0.2083785229952103,0.34534139138216946,0.22967124942601524,0.23381537847460615,0.43298203736981944,0.6650556671089894,314.3754929832379,11.723834388329657,302.6516585949083
R_C_log,G02,"{""lambda"":0.001}",P2,47038,2603,ok,2603,4.8933564883409,2.2120932368100807,1.9244709596642657,-0.5935568201446848,2.9275269962016206,1.5554040918961114,1.3721229043055092,0.2648415747156684,0.16935783841389213,0.17856864251668783,1.9328951105301448,0.6394684769402736,12737.406939151362,4900.723451545002,7836.683487606359
R_C_log,G02,"{""lambda"":0.001}",P3,49285,509,ok,509,1.3189313117213166,1.148447348258211,0.8771135081818825,0.04636166520307938,1.780364889623482,1.6993502562574527,0.08101463336602942,0.3432069700130452,0.24605890191725202,0.2701883101935753,0.5620322374293376,0.7169402821507365,671.3360376661501,3.340755747090973,667.9952819190592
R_C_log,G02,"{""lambda"":0.1}",P1,49564,270,ok,270,1.2107763735714394,1.1003528404886496,0.8386317316852575,-0.03762662010465889,1.7064488001878504,1.9827392880730654,-0.2762904878852149,0.1992429186409856,0.16936836231837665,0.16439607896314068,0.021002168429064216,0.8500596331032485,326.9096208642886,20.610837097879518,306.2987837664091
R_C_log,G02,"{""lambda"":0.1}",P2,47038,2603,ok,2603,4.97633859553364,2.23077085231398,1.9533376934464781,-0.6205805416295269,2.9275269962016206,1.5266713968093668,1.4008555993922538,0.13178233010099913,0.13603713116560956,0.13974928492194225,1.3515645974842097,1.0322865824374903,12953.409364174066,5108.117856137485,7845.291508036582
R_C_log,G02,"{""lambda"":0.1}",P3,49285,509,ok,509,1.3320326715487532,1.154137197887995,0.8908508257409662,0.03688887548432873,1.780364889623482,1.7050638324171703,0.07530105720631146,0.17639426024722532,0.2043819902496497,0.2319659863788115,-0.19523419780543105,1.1586657636319813,678.0046298183154,2.886156851141589,675.1184729671738
R_C_log,P00,"{""lambda"":0}",P1,49564,270,ok,270,2.0424199717987217,1.4291325941978659,1.1635009612719602,-0.7503391860220481,1.7064488001878504,2.685231857176461,-0.9787830569886098,0.3320197800962909,0.27244007089652533,0.28822932668193363,-0.49692823153778476,0.8205537357368092,551.4533923856549,258.6643936149514,292.78899877070336
R_C_log,P00,"{""lambda"":0}",P2,47038,2603,ok,2603,4.883301165298916,2.209819260776527,1.9217592821930072,-0.5902822317000274,2.9275269962016206,1.559874368873993,1.3676526273276275,0.26928867610041884,0.1696458418398701,0.1785352654396439,1.9448410388708914,0.629977629570315,12711.232933273079,4868.84306462113,7842.389868651948
R_C_log,P00,"{""lambda"":0}",P3,49285,509,ok,509,2.151640291828505,1.466847058090415,1.1614773826966904,-0.5557191240712991,1.780364889623482,2.7090644809816884,-0.9286995913582061,0.3470653316282367,0.27133756983692364,0.3047017492658297,-0.3375965021195526,0.7818054559467501,1095.184908540709,439.0038118733496,656.1810966673595
R_C_log,P00,"{""lambda"":0.001}",P1,49564,270,ok,270,2.046446908630059,1.4305407748925087,1.164777438723831,-0.7537902418444791,1.7064488001878504,2.6877679056419352,-0.9813191054540849,0.3264912177651637,0.2727169028829728,0.2885067575457619,-0.5386337594972617,0.8352962898963205,552.540665330116,260.00654041688546,292.5341249132306
R_C_log,P00,"{""lambda"":0.001}",P2,47038,2603,ok,2603,4.885585191154148,2.210335990557578,1.9228580252391676,-0.5910260411869643,2.9275269962016206,1.5582344143177782,1.3692925818838422,0.26484753489027263,0.16936749243110974,0.1785692970558958,1.9310508331057403,0.6394905374568784,12717.17825257425,4880.526541009915,7836.651711564335
R_C_log,P00,"{""lambda"":0.001}",P3,49285,509,ok,509,2.151454783407493,1.466783822997613,1.1614700198323518,-0.555584994310232,1.780364889623482,2.709833219144517,-0.9294683295210351,0.34139597333858,0.2718361645113538,0.3061354442182587,-0.37733680074515563,0.7962488890920805,1095.0904847544139,439.7308901715553,655.3595945828588
R_C_log,P00,"{""lambda"":0.1}",P1,49564,270,ok,270,2.0532587220899314,1.432919649558178,1.1592874968533697,-0.7596279168532021,1.7064488001878504,2.6820878094873026,-0.9756390092994521,0.17074352140183538,0.24970910474338742,0.2546391561921103,-2.2160528575706753,1.4624807002528137,554.3798549642814,257.00529864604044,297.37455631824105
R_C_log,P00,"{""lambda"":0.1}",P2,47038,2603,ok,2603,4.975974665693785,2.230689280400519,1.9532614661242533,-0.6204620252533468,2.9275269962016206,1.5268013395333766,1.4007256566682438,0.13178258922490035,0.13603698038600184,0.13975387384053695,1.3514353053261308,1.0322834084997445,12952.462054800922,5107.170246742321,7845.291808058602
R_C_log,P00,"{""lambda"":0.1}",P3,49285,509,ok,509,2.0323681979468433,1.425611517190726,1.1168633887910453,-0.4694807885444803,1.780364889623482,2.6395796044593682,-0.8592147148358864,0.178654781924875,0.26929025509648313,0.3165431120772806,-2.19833110369864,1.5073218426905628,1034.4754127549431,375.7692124309714,658.7062003239715
R_C_log,P02,"{""lambda"":0}",P1,49564,270,ok,270,1.9642991231677174,1.4015345601046438,1.1227287205154775,-0.6833901821481183,1.7064488001878504,2.564875867485695,-0.8584270672978445,0.43719214953279034,0.15926890928299095,0.15809473992526452,0.7720656409813896,0.36429956359736854,530.3607632552837,198.96219806478604,331.3985651904975
R_C_log,P02,"{""lambda"":0}",P2,47038,2603,ok,2603,5.2560127547692375,2.292599562673176,1.9968586035584264,-0.7116584479561969,2.9275269962016206,1.4369375803469588,1.4905894158546618,0.276821366450387,0.15991415357480662,0.16594462952177627,2.0974369643246993,0.5776799516068679,13681.401200664324,5783.493267730622,7897.907932933704
R_C_log,P02,"{""lambda"":0}",P3,49285,509,ok,509,1.6872419657455935,1.2989387844489029,1.0025440288670164,-0.21994117837206084,1.780364889623482,2.189845234541592,-0.4094803449181099,0.42460971350351695,0.09607308014491896,0.08030345962003022,1.2848859355808053,0.22626208748783888,858.8061605645071,85.34614381299542,773.4600167515116
R_C_log,P02,"{""lambda"":0.001}",P1,49564,270,ok,270,1.9494128501641743,1.396213755183702,1.1186688382332703,-0.6706327535429837,1.7064488001878504,2.567059572954178,-0.8606107727663277,0.41933858413891206,0.16686346255150217,0.16672710795746074,0.6849629052070585,0.3979206036910408,526.3414695443271,199.97574359439304,326.365725949934
R_C_log,P02,"{""lambda"":0.001}",P2,47038,2603,ok,2603,5.4032851579985905,2.3244967537079053,2.026025417570696,-0.7596187678602155,2.9275269962016206,1.3967359209396077,1.5307910752620126,0.2729902740847236,0.14290692849554595,0.14661272692412478,2.196353546707484,0.5234872523377675,14064.751266270332,6099.66538581306,7965.085880457271
R_C_log,P02,"{""lambda"":0.001}",P3,49285,509,ok,509,1.6900991220147694,1.30003812329284,1.0009873813274848,-0.22200701282649926,1.780364889623482,2.255440417606603,-0.47507552798312125,0.39583611432472643,0.123620224520323,0.12131062119885397,1.0759873941734095,0.3123015309788294,860.2604531055176,114.87964945981668,745.3808036457008
R_C_log,P02,"{""lambda"":0.1}",P1,49564,270,ok,270,1.9023750881041455,1.3792661411432332,1.0987844163057283,-0.6303217306910374,1.7064488001878504,2.5639558253344563,-0.8575070251466057,0.24860286926873673,0.12398114021055907,0.12739381371731032,0.42777423134832526,0.49871162217575565,513.6412737881193,198.535940507461,315.1053332806583
R_C_log,P02,"{""lambda"":0.1}",P2,47038,2603,ok,2603,5.85078110136345,2.4188387919337346,2.120329655235205,-0.9053490481361846,2.9275269962016206,1.2907099224732597,1.6368170737283612,0.18696056276001605,0.005606192240725603,-0.0006510890991391874,2.888823818132536,0.02998596152024729,15229.58320684906,6973.879855805101,8255.703351043961
R_C_log,P02,"{""lambda"":0.1}",P3,49285,509,ok,509,1.7150987677412624,1.3096177945268086,1.0027981041472045,-0.24008272329697977,1.780364889623482,2.380513490253602,-0.6001486006301197,0.2115000496358534,0.15383546236333312,0.16467930190132707,0.04888825845565914,0.7273542612788826,872.9852727803026,183.33077650469005,689.6544962756125
R_C_log,S01,"{""lambda"":0}",P1,3110,270,ok,270,142.61852546106465,11.942299839690204,11.87723954951448,-121.22304776394219,1.7064488001878504,-10.170790749326628,11.87723954951448,0.6457310985295649,0.06882250394121403,0.07260304732570612,2.790459293138805,0.10658074870164083,38507.001874487454,38088.58121546875,418.420659018707
R_C_log,S01,"{""lambda"":0}",P2,777,2603,ok,2603,57.941942434173356,7.61196048558933,7.399552168799759,-17.869211298707892,2.9275269962016206,-4.472025172598138,7.399552168799759,0.274641237713971,0.06744609164416936,0.085090867071348,4.025761995929569,0.24557889487234266,150822.87615615324,142523.02809374832,8299.848062404906
R_C_log,S01,"{""lambda"":0}",P3,2873,509,ok,509,294826.7103206222,542.9794750454405,542.9757820079449,-213170.11102387682,1.780364889623482,-541.1954171183213,542.9757820079449,1.309047697989395,-0.07109042613370653,-0.1159769974647364,-27.61032338219703,-0.05430697922076978,150066795.5531967,150064754.22219387,2041.3310028304804
R_C_log,S01,"{""lambda"":0.001}",P1,3110,270,ok,270,8.701207146771575,2.9497808641950973,2.7099629014033138,-6.456871772202925,1.7064488001878504,-0.9891302071894674,2.695579007377318,0.5763741511430691,0.08880539424693638,0.08247592764902034,1.8588499754258612,0.15407594887941617,2349.325929628325,1961.859469953587,387.4664596747376
R_C_log,S01,"{""lambda"":0.001}",P2,777,2603,ok,2603,19.15522523383119,4.376668280076888,4.041120313306365,-5.2380372011540866,2.9275269962016206,-1.0681464523918018,3.9956734485934224,0.2759279805637758,0.06767838373156894,0.08431280399970725,3.1895171913923464,0.2452755374546957,49861.051283662586,41557.95261918896,8303.098664473622
R_C_log,S01,"{""lambda"":0.001}",P3,2873,509,ok,509,5.540322272492032,2.3537889184232372,2.022466627830568,-3.0058672193339833,1.780364889623482,-0.1576639331237543,1.9380288227472362,0.5464668951835507,0.007740684849376981,-0.05390602459523498,1.782598193834919,0.014164965741935655,2820.0240366984444,1911.7814603597103,908.2425763387337
R_C_log,S01,"{""lambda"":0.1}",P1,3110,270,ok,270,2.5087137737054177,1.583891970339334,1.2955241767098187,-1.1499496113733554,1.7064488001878504,2.783734582448565,-1.0772857822607147,0.4451270622840479,0.04803897000264732,0.038903123966675994,1.406022801787773,0.107921926283584,677.3527189004628,313.3470572984916,364.0056616019713
R_C_log,S01,"{""lambda"":0.1}",P2,777,2603,ok,2603,5.7755385972208035,2.403235027462109,2.1098116684968495,-0.8808457841849551,2.9275269962016206,1.3099177186912059,1.6176092775104143,0.18516943103390202,0.015056629426901958,0.02976781704541946,2.8210140282676464,0.0813127163745795,15033.726968565752,6811.165393512251,8222.5615750535
R_C_log,S01,"{""lambda"":0.1}",P3,2873,509,ok,509,14.313455030017396,3.7833127058197813,3.572446793599051,-9.349181415825347,1.780364889623482,5.3411872040506125,-3.560822314427131,0.41544876490946075,-0.010647670056683775,-0.08106931958557201,1.9172558948768164,-0.02562932172636074,7285.5486102788545,6453.842877455394,831.7057328234605
R_C_log,S02,"{""lambda"":0}",P1,3110,270,ok,270,124.85531957505047,11.173867708857594,11.106070129169613,-106.00010842679583,1.7064488001878504,-9.399621328981763,11.106070129169613,0.623284569528174,0.07538601959360497,0.07612215112918982,2.8433292434426805,0.12094960035778224,33710.936285263626,33303.09430278905,407.8419824745672
R_C_log,S02,"{""lambda"":0}",P2,777,2603,ok,2603,50.37464945606421,7.097510088479213,6.8770016661640625,-15.404867782344258,2.9275269962016206,-3.949474669962442,6.8770016661640625,0.24423619258901658,0.11492855883760704,0.14123566079533312,4.786004346232296,0.47056317746895426,131125.21253413515,123104.07443844982,8021.138095685321
R_C_log,S02,"{""lambda"":0}",P3,2873,509,ok,509,319508.42052615003,565.2507589788358,565.2469646502788,-231015.9418197364,1.780364889623482,-563.4665997606553,565.2469646502788,1.3715414059758264,-0.08032346533541428,-0.12326352087805627,-31.218704403029324,-0.05856437507861136,162629786.04781038,162627602.70259392,2183.345216448689
R_C_log,S02,"{""lambda"":0.001}",P1,3110,270,ok,270,8.145170337621295,2.853974480898751,2.6128185316478323,-5.980352236865015,1.7064488001878504,-0.8914014688939368,2.597850269081787,0.5526486868503925,0.09840208101622062,0.09234453980519876,1.8651676420980363,0.1780553964165287,2199.1959911577496,1822.1830255534444,377.01296560430524
R_C_log,S02,"{""lambda"":0.001}",P2,777,2603,ok,2603,17.787695384625305,4.217546133076117,3.8863811415457414,-4.792691246256707,2.9275269962016206,-0.9044787109632825,3.832005707164903,0.24956979520394482,0.10344099382055853,0.12787500066314497,3.3024128139149527,0.41447721562630657,46301.37108617967,38223.14892655465,8078.222159625024
R_C_log,S02,"{""lambda"":0.001}",P3,2873,509,ok,509,6.122363587370925,2.4743410410391946,2.14585625200605,-3.426705594593815,1.780364889623482,-0.29623358743012246,2.076598477053604,0.553422844083642,-0.0022560904723532183,-0.06438768902588737,1.7791572600842664,-0.004076612478996643,3116.283065971801,2194.9409685647856,921.3420974070148
R_C_log,S02,"{""lambda"":0.1}",P1,3110,270,ok,270,2.430138676553136,1.5588902067025554,1.269551222860348,-1.0826113197927043,1.7064488001878504,2.7536072484319143,-1.047158448244064,0.43178977329215146,0.05043966081969918,0.03556633187370804,1.384785286523305,0.11681532064811415,656.1374426693468,296.0660202468073,360.0714224225395
R_C_log,S02,"{""lambda"":0.1}",P2,777,2603,ok,2603,5.916804591646443,2.4324482711141964,2.1340307783071917,-0.9268500737575354,2.9275269962016206,1.280025641624802,1.6475013545768182,0.20334407094572743,-0.0038916606039043544,0.008286997590576719,2.9520245157915976,-0.019138303791228103,15401.442352055692,7065.220636804369,8336.22171525132
R_C_log,S02,"{""lambda"":0.1}",P3,2873,509,ok,509,14.105607314633342,3.7557432439709375,3.5469535030295924,-9.198899481179705,1.780364889623482,5.3150941729505625,-3.5347292833270814,0.40707655847548235,0.0008375147156052473,-0.06717926202524949,1.7694296748782639,0.002057388710226331,7179.754123148371,6359.604353162681,820.1497699856907
R_C_log,S03,"{""control_lambda"":0.001,""difference_penalty"":0.01,""n_knots"":3}",P1,3110,270,ok,270,6.825247114470134,2.6125173902713326,2.354531816495733,-4.84918755383102,1.7064488001878504,-0.6254197329660184,2.3318685331538687,0.5399451262993891,0.09477488396040518,0.08490146605849071,1.8162267752658876,0.17552688105541728,1842.816720906936,1468.1549310965572,374.6617898103786
R_C_log,S03,"{""control_lambda"":0.001,""difference_penalty"":0.01,""n_knots"":3}",P2,777,2603,ok,2603,18.12335362291023,4.257153229907309,3.92047475498231,-4.902000771555168,2.9275269962016206,-0.9405675031852789,3.868094499386899,0.264740680778979,0.0767175700741119,0.09318520441401196,3.2000882554789243,0.28978383619916814,47175.08948043533,38946.489611255245,8228.599869180083
R_C_log,S03,"{""control_lambda"":0.001,""difference_penalty"":0.01,""n_knots"":3}",P3,2873,509,ok,509,7.917095829824734,2.8137334326166603,2.481679086777791,-4.724366399132839,1.780364889623482,-0.6561275269945143,2.436492416617996,0.6142810079901274,-0.04453141813708758,-0.10761165318605716,1.732799868280163,-0.07249356167267879,4029.8017773807896,3021.676105784634,1008.1256715961545
R_C_log,S03,"{""control_lambda"":0.1,""difference_penalty"":0.01,""n_knots"":3}",P1,3110,270,ok,270,2.307548609194149,1.5190617529232144,1.229026531795452,-0.9775525161782124,1.7064488001878504,2.6851450527268503,-0.9786962525389998,0.43638766199239826,0.03866870718088205,0.019893622150976512,1.4685156576511638,0.08861090848520753,623.0381244824202,258.61851577814804,364.41960870427226
R_C_log,S03,"{""control_lambda"":0.1,""difference_penalty"":0.01,""n_knots"":3}",P2,777,2603,ok,2603,5.482798755936864,2.341537690479669,2.053577406760332,-0.7855129442993694,2.9275269962016206,1.396172214820739,1.5313547813808817,0.1741264990575153,0.02437511809445702,0.0389967378902022,2.732083667353585,0.13998511557052393,14271.725161703656,6104.158555190403,8167.566606513254
R_C_log,S03,"{""control_lambda"":0.1,""difference_penalty"":0.01,""n_knots"":3}",P3,2873,509,ok,509,11.092642843132266,3.3305619410442233,3.060602507102936,-7.020409672142797,1.780364889623482,4.81560959512404,-3.035244705500558,0.5054589492493643,-0.1026543090868325,-0.1585588388538684,2.7583732453040124,-0.2030912881041676,5646.155207154324,4689.269604935007,956.8856022193165
R_C_log,S03,"{""control_lambda"":0.001,""difference_penalty"":1,""n_knots"":3}",P1,3110,270,ok,270,7.849829020064552,2.8017546323803146,2.547113908697501,-5.727246857702627,1.7064488001878504,-0.82250938252512,2.528958182712971,0.5925400581778796,0.08848786622578068,0.08103938453873574,1.8292794834570028,0.14933651321041444,2119.453835417429,1726.8199622759407,392.63387314148895
R_C_log,S03,"{""control_lambda"":0.001,""difference_penalty"":1,""n_knots"":3}",P2,777,2603,ok,2603,21.471567439202353,4.633742271555719,4.313045521134603,-5.99237074050546,2.9275269962016206,-1.3553278389055965,4.282854835107217,0.2515953844158164,0.08825558034698008,0.10793070281367455,3.402954020670962,0.35078378147477635,55890.49004424372,47746.42693697909,8144.063107264621
R_C_log,S03,"{""control_lambda"":0.001,""difference_penalty"":1,""n_knots"":3}",P3,2873,509,ok,509,9.551634096514565,3.0905718073706954,2.764991114646864,-5.906200765301327,1.780364889623482,-0.9514990939768685,2.7318639836003507,0.6571292433450551,-0.059566613066228666,-0.1198382896601307,1.6941146139923515,-0.09064672386669385,4861.781755125914,3798.7081398704236,1063.0736152554905
R_C_log,S03,"{""control_lambda"":0.1,""difference_penalty"":1,""n_knots"":3}",P1,3110,270,ok,270,2.5705462169434345,1.6032923055211843,1.3135369916263935,-1.2029395692964902,1.7064488001878504,2.7926690628016706,-1.08622026261382,0.4741486688045164,0.034821665766604476,0.025707475528125794,1.5013540796926865,0.07344039550801916,694.0474785747273,318.56610390646574,375.4813746682615
R_C_log,S03,"{""control_lambda"":0.1,""difference_penalty"":1,""n_knots"":3}",P2,777,2603,ok,2603,5.514710132145438,2.348341996419056,2.059052528691559,-0.7959051140336895,2.9275269962016206,1.3889271116090254,1.538599884592595,0.17740120288724495,0.01829469011619719,0.031573818294100234,2.78429239188486,0.10312607704145715,14354.790473974574,6162.054841472306,8192.735632502267
R_C_log,S03,"{""control_lambda"":0.1,""difference_penalty"":1,""n_knots"":3}",P3,2873,509,ok,509,11.511185633628807,3.3928138224236246,3.108310895096102,-7.32303229261078,1.780364889623482,4.860724715508622,-3.08035982588514,0.5657264439370376,-0.1258109505518839,-0.1745476958527091,2.861333268215372,-0.2223883148829542,5859.193487517063,4829.705878375909,1029.4876091411536
R_C_log,S03,"{""control_lambda"":0.001,""difference_penalty"":0.01,""n_knots"":5}",P1,3110,270,ok,270,6.872454461036495,2.621536660250338,2.360353862607798,-4.889643909381859,1.7064488001878504,-0.6300203541711139,2.336469154358964,0.5568876186636115,0.08877827963543426,0.07868975853046675,1.8068858027429464,0.159418663048174,1855.5627044798534,1473.953789503141,381.60891497671184
R_C_log,S03,"{""control_lambda"":0.001,""difference_penalty"":0.01,""n_knots"":5}",P2,777,2603,ok,2603,17.915235777458804,4.232639339402638,3.9214720378462897,-4.8342256947131,2.9275269962016206,-0.9416570535469482,3.869184049748569,0.2643797112919978,0.2098306713470934,0.22415579672135966,3.674893466793809,0.7936716108875055,46633.35872872527,38968.433303787206,7664.925424938068
R_C_log,S03,"{""control_lambda"":0.001,""difference_penalty"":0.01,""n_knots"":5}",P3,2873,509,ok,509,7.040193855837195,2.6533363631166695,2.3225097286231797,-4.090332366562761,1.780364889623482,-0.48659069842259056,2.2669555880460726,0.5870531188160435,-0.02550189777529977,-0.09038701703430853,1.759227132490685,-0.0434405285619323,3583.4586726211323,2615.7956078302173,967.6630647909149
R_C_log,S03,"{""control_lambda"":0.1,""difference_penalty"":0.01,""n_knots"":5}",P1,3110,270,ok,270,2.334995482735457,1.5280692008987868,1.2374063033712575,-1.0010742888579194,1.7064488001878504,2.6898863652725553,-0.9834375650847045,0.44845778164649797,0.03219945453916285,0.014837368440435303,1.5133138446160879,0.07180041434657143,630.4487803385734,261.13034999332774,369.31843034524564
R_C_log,S03,"{""control_lambda"":0.1,""difference_penalty"":0.01,""n_knots"":5}",P2,777,2603,ok,2603,4.470874367053841,2.114444221788279,1.8428668140148332,-0.455972471370935,2.9275269962016206,1.6975413389947966,1.229985657206824,0.21746616977700203,0.19312053481508715,0.20282244828400256,1.4200277304833548,0.88804863309599,11637.685977441148,3937.9868581805104,7699.6991192606365
R_C_log,S03,"{""control_lambda"":0.1,""difference_penalty"":0.01,""n_knots"":5}",P3,2873,509,ok,509,11.309026934376105,3.362889670265158,3.101481534039867,-7.176863736593669,1.780364889623482,4.859589372246375,-3.0792244826228945,0.48456953219920285,-0.08922947497788734,-0.14945302826707038,2.675218113939302,-0.1841417362187885,5756.294709597438,4826.146317921574,930.1483916758639
R_C_log,S03,"{""control_lambda"":0.001,""difference_penalty"":1,""n_knots"":5}",P1,3110,270,ok,270,7.236776146492234,2.6901256748509415,2.438925301586518,-5.201864966351441,1.7064488001878504,-0.7144852376615276,2.420934037849378,0.5411920706283154,0.10513037155102403,0.09569322179233078,1.8452425900079263,0.19425704339860214,1953.9295595529034,1582.4488362167776,371.48072333612583
R_C_log,S03,"{""control_lambda"":0.001,""difference_penalty"":1,""n_knots"":5}",P2,777,2603,ok,2603,16.0189836250709,4.00237224968779,3.6721733356968116,-4.216697509846208,2.9275269962016206,-0.675617456318639,3.60314445252026,0.23224849040246962,0.1402278382865032,0.16765176030975396,3.335453761383218,0.6037836372735885,41697.41437605955,33793.83780872874,7903.576567330803
R_C_log,S03,"{""control_lambda"":0.001,""difference_penalty"":1,""n_knots"":5}",P3,2873,509,ok,509,7.6392268248228365,2.7639151261974084,2.421780074031617,-4.523456364723346,1.780364889623482,-0.5921587417730216,2.372523631396504,0.6287235769083925,-0.046342741786439934,-0.10668660502398167,1.736717314322566,-0.07370924757477677,3888.366453834824,2865.0940062012414,1023.272447633584
R_C_log,S03,"{""control_lambda"":0.1,""difference_penalty"":1,""n_knots"":5}",P1,3110,270,ok,270,2.3437289015646887,1.5309241985038609,1.2417600626941516,-1.0085587658096817,1.7064488001878504,2.723682152695088,-1.0172333525072372,0.4114543291568795,0.05774750493657588,0.038765628011086364,1.3241807392812575,0.14034973226532252,632.8068034224659,279.3861972323406,353.42060619012557
R_C_log,S03,"{""control_lambda"":0.1,""difference_penalty"":1,""n_knots"":5}",P2,777,2603,ok,2603,5.105256275032938,2.2594814172798454,1.9817234580080174,-0.6625635134184855,2.9275269962016206,1.4913863439214508,1.4361406522801698,0.14013819758755197,0.10255300764279873,0.13107803794608897,1.8361318037453422,0.7317991055131725,13288.98208391074,5368.687430061845,7920.294653848894
R_C_log,S03,"{""control_lambda"":0.1,""difference_penalty"":1,""n_knots"":5}",P3,2873,509,ok,509,11.87652228559059,3.446233057352708,3.1716864599951435,-7.587184817705076,1.780364889623482,4.926918180214882,-3.1465532905914,0.5506244357524177,-0.11381447497718633,-0.16136024165610394,2.7987624933739417,-0.20670073390706145,6045.149843365611,5039.505983760569,1005.6438596050418
R_C_log,S04,"{""control_lambda"":0.001}",P1,3110,270,ok,270,7.725737969933058,2.779521176377877,2.5317554447861257,-5.620901722677094,1.7064488001878504,-0.8078808219794734,2.514329622167324,0.5507271137458739,0.09095379683180044,0.08119669698459883,1.8398720987918398,0.1651522043524625,2085.9492518819256,1706.900431205181,379.0488206767444
R_C_log,S04,"{""control_lambda"":0.001}",P2,777,2603,ok,2603,87.96835132336665,9.379144487817994,9.216213329479556,-27.647527835390502,2.9275269962016206,-6.2886863332779335,9.216213329479556,0.23937406687791127,0.14754254422194202,0.17419679790401532,6.8036727856233945,0.616368122688886,228981.6184947234,221095.1449140427,7886.473580680729
R_C_log,S04,"{""control_lambda"":0.001}",P3,2873,509,ok,509,5.224212224957408,2.285653566260077,1.9555099667455924,-2.777307432585065,1.780364889623482,-0.08127712294897621,1.8616420125724582,0.5392111496046063,0.017881931358257074,-0.03925889018027146,1.7830602937052336,0.03316313353566504,2659.1240225033207,1764.0468903341898,895.077132169131
R_C_log,S04,"{""control_lambda"":0.1}",P1,3110,270,ok,270,2.349956943752284,1.5329569282117108,1.2427492491615075,-1.013896153048187,1.7064488001878504,2.7080430828953417,-1.001594282707492,0.43512967489728754,0.04041234927521484,0.021808504849554104,1.454941285918388,0.0928742662397231,634.4883748131167,270.8615989311306,363.6267758819863
R_C_log,S04,"{""control_lambda"":0.1}",P2,777,2603,ok,2603,5.878409149924981,2.4245430806494204,2.1390299973600673,-0.9143463213406644,2.9275269962016206,1.227687416269298,1.6998395799323227,0.1300852125809702,0.1673809119246885,0.19605772943718155,1.3478590599578006,1.2867020670816371,15301.499017254726,7521.250317304201,7780.2486999505245
R_C_log,S04,"{""control_lambda"":0.1}",P3,2873,509,ok,509,12.08340593412932,3.4761193785785496,3.243657011567567,-7.736769694745945,1.780364889623482,5.006282619240936,-3.225917729617455,0.4287435706551128,-0.03336971136351115,-0.09533341024689805,2.1700108632131743,-0.07783139771057734,6150.453620471824,5296.931505914459,853.5221145573653
R_C_log,G05,"{""max_leaf_nodes"":7,""min_samples_leaf"":20}",P1,49564,270,ok,270,1.0070333866482766,1.0035105314087525,0.7642592585370176,0.13697965030637782,1.7064488001878504,1.8285376734172816,-0.12208887322943093,0.39143756303286675,0.3870056377386079,0.3925738725322405,-0.10138584640815806,0.9886778232014317,271.89901439503467,4.024537100936656,267.874477294098
R_C_log,G05,"{""max_leaf_nodes"":7,""min_samples_leaf"":20}",P2,47038,2603,ok,2603,4.734465780590812,2.17588275892586,1.8877720421375765,-0.5418129156087992,2.9275269962016206,1.5473807428388437,1.3801462533627769,0.23725653680129685,0.28406129957447046,0.2551187000792755,1.0748868511781895,1.197274913493207,12323.814426877883,4958.203980787421,7365.610446090465
R_C_log,G05,"{""max_leaf_nodes"":7,""min_samples_leaf"":20}",P3,49285,509,ok,509,1.2534604991760716,1.1195805014272406,0.8066566952530697,0.09369959409944106,1.780364889623482,1.4962178874766485,0.2841470021468333,0.4400819216707646,0.39282400475762835,0.40779300290246995,0.44481740719750507,0.8926156368029793,638.0113940806204,41.09641508397754,596.914978996643
R_C_log,G05,"{""max_leaf_nodes"":7,""min_samples_leaf"":50}",P1,49564,270,ok,270,1.0093409893963348,1.0046596385823086,0.7651453360656066,0.13500205139358368,1.7064488001878504,1.8318958991616587,-0.1254470989738082,0.3944816590978926,0.38544796382526275,0.38997604716043227,-0.08349637973872248,0.9770998345188261,272.52206713701037,4.248983153054997,268.27308398395536
R_C_log,G05,"{""max_leaf_nodes"":7,""min_samples_leaf"":50}",P2,47038,2603,ok,2603,4.723292640517355,2.1733137464520293,1.8846454578034981,-0.538174301988698,2.9275269962016206,1.5505920262070814,1.376934969994539,0.23886419661961306,0.28533275882352127,0.2551464383577178,1.075283307491798,1.1945396709156402,12294.730743266677,4935.1576198788225,7359.573123387854
R_C_log,G05,"{""max_leaf_nodes"":7,""min_samples_leaf"":50}",P3,49285,509,ok,509,1.1956609322464578,1.0934628170388134,0.7798487481267461,0.13549091580731976,1.780364889623482,1.5870471850721466,0.19331770455133543,0.4518746935893367,0.40575724755145787,0.43583800461905087,0.3552886313491259,0.8979419589276879,608.591414513447,19.022213060535684,589.5692014529113
R_C_log,G05,"{""max_leaf_nodes"":15,""min_samples_leaf"":20}",P1,49564,270,ok,270,1.010422390876928,1.005197687460993,0.7640045384237413,0.1340752981237172,1.7064488001878504,1.8479701757027236,-0.14152137551487293,0.38761933342662086,0.38889720944553063,0.4077617862732255,-0.14761363296321717,1.0032967293133004,272.8140455367706,5.407640926457852,267.4064046103127
R_C_log,G05,"{""max_leaf_nodes"":15,""min_samples_leaf"":20}",P2,47038,2603,ok,2603,4.7591804587997135,2.1815545967955314,1.8905315433975554,-0.5498614287533685,2.9275269962016206,1.5328127406862153,1.3947142555154053,0.23788461372210037,0.29469147640866505,0.2655351952648534,1.0286784639526094,1.238800071167811,12388.146734255653,5063.428105362131,7324.7186288935245
R_C_log,G05,"{""max_leaf_nodes"":15,""min_samples_leaf"":20}",P3,49285,509,ok,509,1.2974300057842543,1.1390478505243993,0.8177072685296052,0.06190794074264405,1.780364889623482,1.4343511623576755,0.34601372726580654,0.46516077248227683,0.39217478329075733,0.4025572143300495,0.5710704057858544,0.8430951328891336,660.3918729441855,60.940279223295356,599.4515937208903
R_C_log,G05,"{""max_leaf_nodes"":15,""min_samples_leaf"":50}",P1,49564,270,ok,270,0.9977804193949226,0.9988895931958259,0.7586191684752885,0.14490937651066138,1.7064488001878504,1.8197315092774573,-0.11328270908960672,0.3814517728885492,0.395086112556951,0.4106624358957121,-0.17832589217642703,1.0357432856194517,269.4007132366291,3.4649024882437254,265.9358107483853
R_C_log,G05,"{""max_leaf_nodes"":15,""min_samples_leaf"":50}",P2,47038,2603,ok,2603,4.797103582070007,2.190229116341486,1.8980997356825469,-0.5622113672613342,2.9275269962016206,1.5223516740256073,1.405175322176013,0.23680370379526497,0.2890169048311952,0.25852803506694666,1.06950973616809,1.2204914880937536,12486.860624128229,5139.669536794559,7347.191087333668
R_C_log,G05,"{""max_leaf_nodes"":15,""min_samples_leaf"":50}",P3,49285,509,ok,509,1.213724602030177,1.1016917000822766,0.7835374650696167,0.12243018412267581,1.780364889623482,1.5307618010172095,0.24960308860627248,0.46824738845755665,0.41295728473591664,0.43293910557066556,0.4303536508895214,0.8819211701238312,617.7858224333602,31.71156623747147,586.0742561958887
R_C_log,S05,"{""max_leaf_nodes"":7,""min_samples_leaf"":20}",P1,3110,270,ok,270,1.0966497394205446,1.047210456126439,0.8055206450216379,0.06017908228826674,1.7064488001878504,1.7848632671511988,-0.07841446696334847,0.4035959171943786,0.2828797799067727,0.2363156291086416,0.4554407828489504,0.7008985171932081,296.09542964354705,1.6601837298694386,294.43524591367765
R_C_log,S05,"{""max_leaf_nodes"":7,""min_samples_leaf"":20}",P2,777,2603,ok,2603,5.10240316165868,2.2588499643975206,1.9546046173550065,-0.6616343764780175,2.9275269962016206,1.5242744355829554,1.403252560618665,0.3027860113037713,0.11774385408695127,0.11785733312912652,2.3347851256014907,0.3888682095317286,13281.555429797543,5125.613500342032,8155.94192945551
R_C_log,S05,"{""max_leaf_nodes"":7,""min_samples_leaf"":20}",P3,2873,509,ok,509,1.3157256580464702,1.1470508524239325,0.873212707524378,0.048679476756454676,1.780364889623482,1.9550904271666898,-0.17472553754320763,0.23808091406691764,0.26763097756169946,0.24986268383314825,-0.4173869305710318,1.1241177337150017,669.7043599456533,15.539267856109296,654.165092089544
R_C_log,S05,"{""max_leaf_nodes"":7,""min_samples_leaf"":50}",P1,3110,270,ok,270,1.0457971261841572,1.0226422278510492,0.784691126513849,0.103759405085876,1.7064488001878504,1.7652081674417506,-0.0587593672539001,0.4004745033894784,0.3334770855405866,0.2709931499631735,0.2365512909363774,0.8327049105951848,282.36522406972244,0.9322190748212511,281.4330049949012
R_C_log,S05,"{""max_leaf_nodes"":7,""min_samples_leaf"":50}",P2,777,2603,ok,2603,5.119168798666642,2.2625580210608174,1.9588822585384227,-0.6670942270451623,2.9275269962016206,1.4889897851080791,1.4385372110935415,0.3039355725057793,0.16318286164385415,0.1715871923908548,2.1280891018834636,0.536899515573325,13325.19638292927,5386.620367945142,7938.57601498413
R_C_log,S05,"{""max_leaf_nodes"":7,""min_samples_leaf"":50}",P3,2873,509,ok,509,1.425631439474559,1.1939980902307001,0.9200234694424912,-0.030786652718362673,1.780364889623482,2.0097747215708375,-0.22940983194735534,0.25753027317299054,0.14287232447918388,0.09659789106385575,0.6653845705623163,0.5547787555959001,725.6464026925505,26.788095336003934,698.8583073565466
R_C_log,S05,"{""max_leaf_nodes"":15,""min_samples_leaf"":20}",P1,3110,270,ok,270,1.1018185550635673,1.0496754522534892,0.8108195702884393,0.05574944455938258,1.7064488001878504,1.837704780066795,-0.13125597987894436,0.4612637604457214,0.30706735564874066,0.25490031541146707,0.4830725116780479,0.6657088242788031,297.49100986716314,4.6515957085750985,292.83941415858806
R_C_log,S05,"{""max_leaf_nodes"":15,""min_samples_leaf"":20}",P2,777,2603,ok,2603,5.224997787547298,2.285825406182042,1.9716848832988452,-0.7015582002712295,2.9275269962016206,1.5070283263070192,1.4204986698946014,0.337788727312271,0.10311105747323873,0.09680882145584205,2.4675019219368144,0.305253103896262,13600.669240985615,5252.37627446158,8348.292966524037
R_C_log,S05,"{""max_leaf_nodes"":15,""min_samples_leaf"":20}",P3,2873,509,ok,509,1.3453858619095305,1.1599076954264638,0.8760165958403408,0.02723400255295605,1.780364889623482,1.984801580115335,-0.20443669049185278,0.2782907211764108,0.2423700402871186,0.255512791686421,0.05175375627008161,0.8709239002384069,684.801403711951,21.273329453404163,663.5280742585469
R_C_log,S05,"{""max_leaf_nodes"":15,""min_samples_leaf"":50}",P1,3110,270,ok,270,1.0617142282100784,1.030395180603092,0.7883077005084942,0.09011856344283986,1.7064488001878504,1.8671624180073034,-0.1607136178194527,0.48383249197451317,0.35792097697059627,0.30289657817509835,0.3251926673294596,0.7397621757685721,286.66284161672115,6.973794077206619,279.68904753951455
R_C_log,S05,"{""max_leaf_nodes"":15,""min_samples_leaf"":50}",P2,777,2603,ok,2603,5.205076287984121,2.281463628459617,1.9688225414492757,-0.6950706203101029,2.9275269962016206,1.477331432648955,1.4501955635526653,0.3342617295623462,0.15188587537771234,0.15242525924257982,2.256239325415353,0.45439205851228875,13548.813577622666,5474.283850142008,8074.529727480656
R_C_log,S05,"{""max_leaf_nodes"":15,""min_samples_leaf"":50}",P3,2873,509,ok,509,1.5183655156652667,1.2322197513695625,0.9546155983696454,-0.09783697536330949,1.780364889623482,1.988036964537991,-0.20767207491450895,0.3600196931702767,0.08743992788087507,0.054027839976008636,1.2975196117083696,0.2428754024839387,772.8480474736207,21.95199456594239,750.8960529076783
