outer_group,inner_validation_group,task,model,config,train_n,validation_n,status,n,mse,rmse,mae,r2,mean_y,mean_pred,residual_mean,sd_ratio,pearson,spearman,calibration_intercept,calibration_slope,sse,sse_between_process_mean,sse_within_process
P1,P2,E_log,B00,{},1579,2603,ok,2603,5.726464773247917,2.393003295703522,2.006791719134686,-0.08987853836518944,3.1054919247043675,2.418293354861628,0.68719856984274,1.9373851864155306e-16,,,,,14905.987804764329,1229.2455990473404,13676.742205716988
P1,P3,E_log,B00,{},3673,509,ok,509,4.574801817779423,2.138878635589084,1.911209941994604,-0.16486002263724941,2.139311737452243,2.943961615292346,-0.8046498778401027,0.0,,,,,2328.574125249726,329.55786578721893,1999.0162594625072
P1,P4,E_log,B00,{},3604,576,ok,576,5.23396546267447,2.2877861488072853,2.0420604203418637,-0.09009087425853313,2.2801567263537543,2.9378516275726017,-0.6576949012188472,0.0,,,,,3014.7641065004946,249.15604785941906,2765.6080586410753
P1,P5,E_log,B00,{},3687,494,ok,494,4.779349397815989,2.186172316588056,1.9067602589895065,-0.0001087740537091264,2.866812264339182,2.8440128637777127,0.022799400561470125,4.062930982295195e-16,,,,,2360.9986025210983,0.25678745698540795,2360.7418150641133
P1,P2,E_log,B01,"{""lambda"":0}",1579,2603,ok,2603,268989.38232560403,518.6418632598067,518.6362510335362,-51193.893612958986,3.1054919247043675,521.7417429582405,-518.6362510335362,0.5359403294789881,0.16725520285383313,0.1535631818352772,-159.71864400219312,0.31207803118013067,700179362.1935472,700164208.9865733,15153.2069740986
P1,P3,E_log,B01,"{""lambda"":0}",3673,509,ok,509,4.852643855732924,2.202871729296312,1.6093153202131816,-0.23560561895188736,2.139311737452243,1.2359982675248224,0.9033134699274206,0.34617965077502416,0.13288276917911532,0.16856705166333513,1.6648676962684765,0.38385494029362643,2469.995722568058,415.3313895007293,2054.6643330673287
P1,P4,E_log,B01,"{""lambda"":0}",3604,576,ok,576,5.598697344809723,2.3661566610877065,2.052429995764121,-0.16605448141302426,2.2801567263537543,3.1379712276764358,-0.857814501322681,0.4492942375071289,0.21040469065532386,0.20406804811062848,0.8106434089609589,0.4683004434304267,3224.8496706104,423.8471339593804,2801.0025366510195
P1,P5,E_log,B01,"{""lambda"":0}",3687,494,ok,494,32.70173280596184,5.718542891852945,5.301992560173044,-5.843042260301734,2.866812264339182,-2.435180295833862,5.301992560173044,0.1784130889000228,0.19958692122166993,0.1937362754768515,5.5909965764975365,1.1186786936552189,16154.656006145147,13886.895803416375,2267.760202728772
P1,P2,E_log,B01,"{""lambda"":0.001}",1579,2603,ok,2603,5.366054730663774,2.316474634150733,1.96267162339195,-0.021284181117279255,3.1054919247043675,2.5823561352987445,0.5231357894056228,0.17932081232656433,0.17554486765138838,0.1734999640741153,0.57751226568843,0.9789430762320022,13967.840463917804,712.3657539707858,13255.474709947019
P1,P3,E_log,B01,"{""lambda"":0.001}",3673,509,ok,509,4.897087101903822,2.2129363076925244,1.6113048696838403,-0.246921991289484,2.139311737452243,1.2098849890757069,0.9294267483765362,0.344962653099677,0.13339299521822182,0.1683655403376661,1.67146346137889,0.38668822268037767,2492.6173348690454,439.69154702427056,2052.925787844775
P1,P4,E_log,B01,"{""lambda"":0.001}",3604,576,ok,576,5.624953015743205,2.3716983399545577,2.0588460640182498,-0.1715228146464458,2.2801567263537543,3.1563291835550733,-0.8761724572013188,0.44702701642208986,0.21049797386506638,0.2042394452994601,0.7938910789053133,0.4708842332390733,3239.9729370680857,442.1826286607213,2797.790308407364
P1,P5,E_log,B01,"{""lambda"":0.001}",3687,494,ok,494,16.68963540381267,4.085295020413173,3.476751566575092,-2.492410663831762,2.866812264339182,-0.6091526064544466,3.4759648707936286,0.17629600108299506,0.18994520906159854,0.1867515246787757,3.5231267494813414,1.0774221076754755,8244.67988948346,5968.671900797735,2276.0079886857256
P1,P2,E_log,B01,"{""lambda"":0.1}",1579,2603,ok,2603,11.518888267743275,3.3939487721153476,2.6264305615510573,-1.1923105451532408,3.1054919247043675,0.5699223968080117,2.5355695278963557,0.14084642145413379,0.18153058115540338,0.16972542308748773,2.3709447289864443,1.288854763090436,29983.666160935747,16734.980698563413,13248.685462372334
P1,P3,E_log,B01,"{""lambda"":0.1}",3673,509,ok,509,4.3498303987690035,2.085624702282029,1.5646436070379965,-0.10757662049669237,2.139311737452243,1.5000912920849092,0.6392204453673339,0.2947974707557309,0.1414013313380784,0.1783670754301611,1.4197841740518682,0.4796558497452085,2214.063672973423,207.97881388778688,2006.0848590856358
P1,P4,E_log,B01,"{""lambda"":0.1}",3604,576,ok,576,5.311897131452025,2.3047553300626133,2.015164855878307,-0.10632189480232213,2.2801567263537543,3.0396209412858166,-0.7594642149320625,0.36354412725752,0.20076112499599535,0.19069900390132316,0.601577225324821,0.55223316770507,3059.652747716367,332.2286748071274,2727.42407290924
P1,P5,E_log,B01,"{""lambda"":0.1}",3687,494,ok,494,5.026380809633604,2.241959145397972,1.8850235003814593,-0.051801643074452786,2.866812264339182,2.1742565808969094,0.6925556834422721,0.14984326722908092,0.23697310032042504,0.2348170034835224,-0.5717160886199548,1.5814731265712434,2483.0321199590003,236.9388870860872,2246.093232872913
P1,P2,E_log,G02,"{""lambda"":0}",56997,2603,ok,2603,5.19292278808417,2.278798540477892,1.908767069766659,0.011666827226384013,3.1054919247043675,2.9241042106389434,0.18138771406542356,0.4139306473574078,0.22862202319153432,0.2546218922950539,1.490451760543892,0.5523196328928286,13517.178017383094,85.64261182452927,13431.535405558563
P1,P3,E_log,G02,"{""lambda"":0}",59235,509,ok,509,3.7927322098863367,1.9474938279456335,1.665072043303933,0.034274640992056904,2.139311737452243,2.2814929733688674,-0.14218123591662388,0.1684817320813327,0.20123283328854774,0.22117263320198804,-0.5856798060659556,1.1943896278998651,1930.5006948321454,10.289691458010337,1920.211003374135
P1,P4,E_log,G02,"{""lambda"":0}",59129,576,ok,576,4.337440469238653,2.0826522679599333,1.8417321945118548,0.09663059359572646,2.2801567263537543,2.684793291735539,-0.4046365653817839,0.283677301211578,0.3722610345885211,0.3678822444256792,-1.2430152869486673,1.3122693743863338,2498.365710281464,94.3089120253248,2404.0567982561397
P1,P5,E_log,G02,"{""lambda"":0}",59108,494,ok,494,4.400769182277803,2.0978010349596556,1.8015825907887613,0.07911150547134549,2.866812264339182,2.5953985609901484,0.2714137033490336,0.2565811525922686,0.3124943850612968,0.32327751945112726,-0.29416612051678204,1.217916366436624,2173.9799760452347,36.39070679262478,2137.5892692526104
P1,P2,E_log,G02,"{""lambda"":0.001}",56997,2603,ok,2603,5.180489501391015,2.2760688700896146,1.9074614315590377,0.014033168916201988,3.1054919247043675,2.9103908405463175,0.19510108415805016,0.4058349564745716,0.2291322110290053,0.2549036141671749,1.4623010718367517,0.5645945657797521,13484.814172120812,99.08171920220003,13385.732452918612
P1,P3,E_log,G02,"{""lambda"":0.001}",59235,509,ok,509,3.7929940657111816,1.9475610557081855,1.6652540909890226,0.03420796588913311,2.139311737452243,2.2811615121457134,-0.1418497746934703,0.16755385510098444,0.2011462703065287,0.22071875756600326,-0.5991936216656653,1.2004872713032961,1930.6339794469914,10.241771517519437,1920.3922079294716
P1,P4,E_log,G02,"{""lambda"":0.001}",59129,576,ok,576,4.339052776858626,2.0830393123651376,1.8422986044372385,0.09629479431780519,2.2801567263537543,2.6838543815310496,-0.4036976551772946,0.28161600795754776,0.37204012153273686,0.3674384209272658,-1.2654567404471089,1.3210901050369985,2499.294399470569,93.87175495429202,2405.4226445162767
P1,P5,E_log,G02,"{""lambda"":0.001}",59108,494,ok,494,4.402308942549092,2.0981679967412266,1.8019814460115426,0.07878930099766568,2.866812264339182,2.59338216981576,0.27343009452342176,0.25444849370450584,0.3127905632818921,0.3237695975887498,-0.32120216597584417,1.229288327582475,2174.740617619251,36.933424195997155,2137.8071934232544
P1,P2,E_log,G02,"{""lambda"":0.1}",56997,2603,ok,2603,5.279900822250896,2.2978034777262604,1.9267401902909287,-0.004887102030347146,3.1054919247043675,2.5279238829718,0.5775680417325672,0.1824908338776362,0.25180635785613265,0.26303344422904856,-0.38261370988043053,1.37983016738788,13743.581840319082,868.3213458885527,12875.260494430531
P1,P3,E_log,G02,"{""lambda"":0.1}",59235,509,ok,509,3.8161982336061735,1.9535092100131428,1.6732438389284991,0.028299599009853016,2.139311737452243,2.2698674896793785,-0.13055575222713595,0.13701119528023895,0.18761862489443856,0.21306345958555978,-0.9689701532003738,1.3693671127435132,1942.4449009055422,8.675805459752997,1933.7690954457892
P1,P4,E_log,G02,"{""lambda"":0.1}",59129,576,ok,576,4.426628721593295,2.1039554942044987,1.8600198732737896,0.07805513667378039,2.2801567263537543,2.6238518805156748,-0.3436951541619202,0.2075716399558421,0.35106816630511095,0.3328933492584764,-2.1575924215780966,1.6913108475695222,2549.738143637738,68.04078278076639,2481.6973608569715
P1,P5,E_log,G02,"{""lambda"":0.1}",59108,494,ok,494,4.46994465069672,2.1142243614850154,1.8172054388764816,0.06463610575550771,2.866812264339182,2.532335029556168,0.3344772347830139,0.18357651795898186,0.33159739956500384,0.33693940973943126,-1.7073877475371582,1.8063170783046196,2208.15265744418,55.26626017051715,2152.886397273663
P1,P2,E_log,P00,"{""lambda"":0}",56997,2603,ok,2603,5.246192432824425,2.2904568174982964,1.9055072464210379,0.0015283832041721457,3.1054919247043675,2.8224351547966355,0.2830567699077317,0.4176280846942736,0.22890043830014006,0.2547739075839688,1.5585254545743188,0.5480963725600676,13655.838902641977,208.55531438052807,13447.283588261449
P1,P3,E_log,P00,"{""lambda"":0}",59235,509,ok,509,3.8934536619229063,1.9731836361380322,1.7230276864692389,0.008628416833580732,2.139311737452243,2.4840700077035787,-0.34475827025133565,0.16357949971670555,0.20066996234284573,0.21844692249621053,-0.9080030896878148,1.2267427317626913,1981.7679139187594,60.49885683750673,1921.2690570812524
P1,P4,E_log,P00,"{""lambda"":0}",59129,576,ok,576,4.5629041192733855,2.1360955314014833,1.9102507770848236,0.049672724054437234,2.2801567263537543,2.8880577428441145,-0.6079010164903599,0.2645941869058059,0.3716041065179021,0.36931474404166953,-1.7759192201815135,1.4044303499766273,2628.23277270147,212.85714000960738,2415.375632691863
P1,P5,E_log,P00,"{""lambda"":0}",59108,494,ok,494,4.367151513412689,2.0897730770140304,1.806949734544662,0.08614621308460269,2.866812264339182,2.7057107639210973,0.16110150041808452,0.24483996163456065,0.30943435800789076,0.3203907709941684,-0.5527270445200414,1.2638229312817053,2157.3728476258684,12.821124557857296,2144.551723068011
P1,P2,E_log,P00,"{""lambda"":0.001}",56997,2603,ok,2603,5.23436516999761,2.28787350393277,1.9044211998915994,0.0037793845519440428,3.1054919247043675,2.8113604181991874,0.2941315065051798,0.40936574508890433,0.2294099932304631,0.2550255814275314,1.529995727856244,0.5604034924334979,13625.05253750378,225.19423213877423,13399.858305365007
P1,P3,E_log,P00,"{""lambda"":0.001}",59235,509,ok,509,3.896838126013233,1.9740410649257611,1.7245969767250136,0.007766646843556102,2.139311737452243,2.4883477923997788,-0.34903605494753553,0.16257306635076574,0.2005764783252934,0.21823562996747817,-0.9307173162607794,1.2337620420625632,1983.4906061407355,62.00951933554958,1921.481086805186
P1,P4,E_log,P00,"{""lambda"":0.001}",59129,576,ok,576,4.569185187218825,2.1375652474763958,1.9120380216315798,0.04836455056786171,2.2801567263537543,2.890752033584086,-0.6105953072303313,0.2623273784938077,0.3713484373102009,0.3685561845202091,-1.8119676126544806,1.4155916147310057,2631.8506678380436,214.74813842594074,2417.1025294121023
P1,P5,E_log,P00,"{""lambda"":0.001}",59108,494,ok,494,4.367826352625062,2.0899345330954895,1.8075364997974475,0.08600499875579104,2.866812264339182,2.7070482206906985,0.159764043648483,0.24245854535879768,0.309604094412619,0.3208203772983532,-0.5899156132366286,1.2769362034835983,2157.7062181967804,12.609127523599707,2145.0970906731804
P1,P2,E_log,P00,"{""lambda"":0.1}",56997,2603,ok,2603,5.29377603885106,2.300820731576248,1.9272433241751703,-0.0075278762927391,3.1054919247043675,2.5157756992417735,0.5897162254625941,0.18270757382303912,0.2518832031862786,0.2630791106059739,-0.3627914549270006,1.37861391247108,13779.69902912931,905.2328847717291,12874.46614435758
P1,P3,E_log,P00,"{""lambda"":0.1}",59235,509,ok,509,4.004958776327005,2.0012393101093644,1.766434623631986,-0.019763599971198254,2.139311737452243,2.5905476675537096,-0.4512359301014662,0.12930512488349247,0.1887065383733225,0.21213688761006566,-1.6413062641591827,1.4593894754237493,2038.5240171504456,103.63945708879845,1934.8845600616473
P1,P4,E_log,P00,"{""lambda"":0.1}",59129,576,ok,576,4.750779979306312,2.179628403950158,1.954671458835414,0.010543356087473699,2.2801567263537543,2.917383760219905,-0.6372270338661504,0.18558964375997108,0.3490432703313036,0.3390436517177171,-3.206642794612953,1.8807260106751011,2736.449268080436,233.88957658935476,2502.559691491081
P1,P5,E_log,P00,"{""lambda"":0.1}",59108,494,ok,494,4.4098108128158335,2.0999549549492325,1.825874924444668,0.07721948769232123,2.866812264339182,2.7388752765266213,0.1279369878125602,0.16729699434584938,0.32467066210599527,0.3314996623484715,-2.4484801767034146,1.940684370185461,2178.446541531022,8.08572918817228,2170.3608123428494
P1,P2,E_log,P02,"{""lambda"":0}",56997,2603,ok,2603,5.3356164190424735,2.309895326425523,1.917598699182296,-0.01549106723397986,3.1054919247043675,2.997302561899708,0.10818936280465956,0.48746926636233645,0.2301303426142871,0.2513945724646457,1.690489353083876,0.4720920035258818,13888.60953876756,30.467954197275695,13858.141584570285
P1,P3,E_log,P02,"{""lambda"":0}",59235,509,ok,509,3.972706692153024,1.9931649937105116,1.6465530737405638,-0.011551405214478061,2.139311737452243,2.065937685763013,0.07337405168923035,0.25893873848846877,0.1098111167709874,0.11593555689002638,1.2631858793546975,0.42408145421577215,2022.1077063058892,2.7403294937985683,2019.3673768120905
P1,P4,E_log,P02,"{""lambda"":0}",59129,576,ok,576,4.664471998605401,2.159738872781939,1.9174449410774612,0.02851893174013964,2.2801567263537543,2.8887978480005034,-0.6086411216467489,0.3384786858910521,0.32533812149113905,0.30144183814699677,-0.4964909752939617,0.9611775720373051,2686.735871196711,213.37575261662164,2473.360118580089
P1,P5,E_log,P02,"{""lambda"":0}",59108,494,ok,494,4.2323874313797125,2.057276702677526,1.7778154537038218,0.11434644069927835,2.866812264339182,2.7657948561907464,0.10101740814843593,0.2840689497561039,0.34705829004005734,0.3476409347622534,-0.5122688855552058,1.2217396175753628,2090.799391101578,5.041031274019679,2085.7583598275583
P1,P2,E_log,P02,"{""lambda"":0.001}",56997,2603,ok,2603,5.339562826383025,2.3107494079590336,1.9180036130011948,-0.016242159720256444,3.1054919247043675,2.9989384580350946,0.10655346666927253,0.48868361650390946,0.22993442991679136,0.2514607010127523,1.6944374481147593,0.47051798372485826,13898.882037075015,29.553528197801125,13869.328508877212
P1,P3,E_log,P02,"{""lambda"":0.001}",59235,509,ok,509,3.8828310142200526,1.9704900441819169,1.661202001804377,0.01133321108183094,2.139311737452243,2.1832867171344317,-0.043974979682189226,0.2168262925023245,0.13568291354646347,0.15126600405727264,0.7730811965462439,0.6257678069416277,1976.3609862380067,0.9843036085669182,1975.3766826294395
P1,P4,E_log,P02,"{""lambda"":0.001}",59129,576,ok,576,4.628577369973941,2.151412877616461,1.9155970720340194,0.03599479442687192,2.2801567263537543,2.891721466725572,-0.6115647403718174,0.3160154245375416,0.3382063155132316,0.3094315181043819,-0.8146240558912305,1.0702209109196628,2666.06056510499,215.4305846396439,2450.6299804653463
P1,P5,E_log,P02,"{""lambda"":0.001}",59108,494,ok,494,4.2546707836477715,2.0626853331634885,1.7834174697800456,0.10968350977215269,2.866812264339182,2.7547554253954787,0.1120568389437031,0.2741485811271671,0.34191045044872775,0.34451554390156225,-0.5688417321195556,1.2471720591912465,2101.807367121999,6.203027166103177,2095.6043399558957
P1,P2,E_log,P02,"{""lambda"":0.1}",56997,2603,ok,2603,5.0543492482017305,2.2481879921843126,1.9007029143811998,0.03804057317322296,3.1054919247043675,2.904305974823909,0.20118594988045832,0.3485830832855783,0.2399058135198282,0.25191149966095994,1.106657440158243,0.688231371581748,13156.471093069104,105.35847207547386,13051.11262099363
P1,P3,E_log,P02,"{""lambda"":0.1}",59235,509,ok,509,3.8849311161032913,1.9710228603705466,1.713213125715738,0.010798472130354786,2.139311737452243,2.403081345792155,-0.263769608339912,0.15089850777955074,0.16992955269376667,0.19423927932996699,-0.566841850055495,1.126118178332277,1977.4299380965754,35.413372798449394,1942.016565298126
P1,P4,E_log,P02,"{""lambda"":0.1}",59129,576,ok,576,4.622252183842753,2.1499423675630824,1.922400587255373,0.03731215651662312,2.2801567263537543,2.8813643577964516,-0.6012076314426972,0.2446300772693055,0.3524428454286716,0.32055135509291427,-1.8710754700886691,1.440717549382444,2662.417257893426,208.1955548764443,2454.2217030169813
P1,P5,E_log,P02,"{""lambda"":0.1}",59108,494,ok,494,4.285318421666321,2.0701010655681333,1.7961401367262582,0.10327029970210011,2.866812264339182,2.755314858651272,0.11149740568791004,0.23188960588043034,0.3442252046480136,0.3455362836824686,-1.2232754197892621,1.4844356793874889,2116.9473003031626,6.141245708716391,2110.8060545944463
P1,P2,E_log,S01,"{""lambda"":0}",1579,2603,ok,2603,77686.99745354646,278.7238731317188,278.713687137247,-14784.63032993721,3.1054919247043675,-275.6081952125427,278.713687137247,0.38372816953885414,0.08675685101326454,0.04757659503348784,65.41756861905877,0.22608934631388866,202219254.37158144,202204474.39205486,14779.979526549734
P1,P3,E_log,S01,"{""lambda"":0}",3673,509,ok,509,4.704143519196411,2.1689037597819807,1.5478125875327646,-0.19779368473710113,2.139311737452243,1.2585955546968377,0.8807161827554055,0.25731721213467984,0.1280935140004015,0.16052365779641792,1.5127779507344665,0.49780390879315617,2394.4090512709736,394.8114462347317,1999.5976050362422
P1,P4,E_log,S01,"{""lambda"":0}",3604,576,ok,576,5.408796318666946,2.325681904015884,2.0305369317246633,-0.1265033271138909,2.2801567263537543,3.14940160807317,-0.8692448817194157,0.42103437645311,0.24717045177394437,0.25009508093968724,0.4312838983372367,0.5870552752869372,3115.4666795521607,435.217918691751,2680.2487608604097
P1,P5,E_log,S01,"{""lambda"":0}",3687,494,ok,494,29.76411916103635,5.4556502051576174,5.035764166520974,-5.228328219429891,2.866812264339182,-2.1689519021817922,5.035764166520974,0.20424696516588514,0.293520842262668,0.2982240152791142,5.983786798763993,1.4370879000541155,14703.474865551958,12527.306845963441,2176.1680195885183
P1,P2,E_log,S01,"{""lambda"":0.001}",1579,2603,ok,2603,9.58979359015044,3.0967391866527025,2.402411645961449,-0.825159262322513,3.1054919247043675,0.9550844136899104,2.150407511014457,0.26547133890766483,0.23621729302555663,0.23567857124987615,2.255654591073405,0.8898033738689838,24962.232715161597,12036.929162301501,12925.303552860096
P1,P3,E_log,S01,"{""lambda"":0.001}",3673,509,ok,509,4.701293390746354,2.1682466166804812,1.5475460955083793,-0.19706797008910248,2.139311737452243,1.2596777725455857,0.8796339649066572,0.25653310434626647,0.12816874172068873,0.1607423673511698,1.5099531387165346,0.49961872190844986,2392.9583358898944,393.8417593186598,1999.1165765712342
P1,P4,E_log,S01,"{""lambda"":0.001}",3604,576,ok,576,5.396624596730671,2.323063623048381,2.0283656907719836,-0.12396829261636388,2.2801567263537543,3.1438332943532754,-0.8636765679995209,0.42004084649663487,0.24738570321406134,0.24987578775864322,0.4285762984069814,0.5889563009821313,3108.455767716867,429.6598353281843,2678.7959323886826
P1,P5,E_log,S01,"{""lambda"":0.001}",3687,494,ok,494,14.752580637708729,3.840908829653306,3.2179562894634812,-2.087069830560946,2.866812264339182,-0.34828053203872544,3.215092796377907,0.2003911671145295,0.2897618308880404,0.2951340084648823,3.370419314886096,1.4459810532588637,7287.774835028112,5106.389914524628,2181.384920503483
P1,P2,E_log,S01,"{""lambda"":0.1}",1579,2603,ok,2603,6.040644081121901,2.4577721784416675,1.9780489560047558,-0.14967411878156445,3.1054919247043675,2.06233434763981,1.0431575770645576,0.22680688646716135,0.24001168511454546,0.2396850538467846,0.9230875464391386,1.0582204484752098,15723.796543160308,2832.5266327184777,12891.269910441832
P1,P3,E_log,S01,"{""lambda"":0.1}",3673,509,ok,509,4.306642702638647,2.0752452150622216,1.5505586547260566,-0.09657994289274807,2.139311737452243,1.4947227091943434,0.6445890282578999,0.21865093964968912,0.13039918713680784,0.16318497944506305,1.2478880528060898,0.5963806391398383,2192.0811356430713,211.486962813386,1980.5941728296855
P1,P4,E_log,S01,"{""lambda"":0.1}",3604,576,ok,576,5.025319566286009,2.241722455230801,1.9722786049519259,-0.04663567967871751,2.2801567263537543,2.982666157268165,-0.7025094309144104,0.35167907465344134,0.25567204075412825,0.25622472051560763,0.11174695085458053,0.7270038486255627,2894.584070180741,284.26723230164475,2610.316837879096
P1,P5,E_log,S01,"{""lambda"":0.1}",3687,494,ok,494,4.8926518971444,2.2119339721484454,1.8424217651062462,-0.0238180311656373,2.866812264339182,2.11646695598324,0.7503453083559417,0.19934235938547434,0.33543899768596075,0.3355082050241055,-0.6946262404476071,1.6827281402710412,2416.9700371893337,278.13093239525597,2138.8391047940777
P1,P2,E_log,S02,"{""lambda"":0}",1579,2603,ok,2603,46123.5024929786,214.76382957327476,214.75090525286421,-8777.368063341684,3.1054919247043675,217.85639717756854,-214.75090525286421,0.5712525770472542,0.23615697224533602,0.24051541986122224,-86.95678386871609,0.4134020251882402,120059476.9892233,120045027.25192489,14449.737298431759
P1,P3,E_log,S02,"{""lambda"":0}",3673,509,ok,509,4.79832008652093,2.1905068104255987,1.554179426715863,-0.22177341603807066,2.139311737452243,1.2206963230781958,0.918615414374047,0.26230084311576346,0.11798459386902613,0.1477387909772559,1.5902347379085118,0.44980638440782655,2442.3449240391537,429.5218282785315,2012.823095760622
P1,P4,E_log,S02,"{""lambda"":0}",3604,576,ok,576,5.537667337038826,2.3532248802523794,2.0530258663259184,-0.15334361142325803,2.2801567263537543,3.203464198673959,-0.9233074723202045,0.43305992692640627,0.24447987459096882,0.24932163525497453,0.4716713947576934,0.564540515965393,3189.696386134364,491.0380925427793,2698.658293591585
P1,P5,E_log,S02,"{""lambda"":0}",3687,494,ok,494,26.557574080933154,5.15340412552064,4.703920665077507,-4.557338592583314,2.866812264339182,-1.8371084007383247,4.703920665077507,0.20036914908583167,0.28196745401423456,0.2878211056201246,5.452064439475441,1.4072398635253418,13119.441595980978,10930.673593931548,2188.768002049431
P1,P2,E_log,S02,"{""lambda"":0.001}",1579,2603,ok,2603,5.424227733502072,2.328997151887926,1.9107893904230857,-0.032355847462265386,3.1054919247043675,2.7766812923813307,0.32881063232303703,0.4795978365997102,0.22751905392584743,0.24657857917306417,1.788246823735575,0.4743954967331162,14119.264790305893,281.42707231034217,13837.83771799555
P1,P3,E_log,S02,"{""lambda"":0.001}",3673,509,ok,509,4.780001254521074,2.1863213978098175,1.5527984340739922,-0.21710897899620574,2.139311737452243,1.2283621720574625,0.9109495653947806,0.2609092149011914,0.11931368170200221,0.15046213750598966,1.577582197669036,0.4572996080157126,2433.0206385512265,422.3830173427063,2010.6376212085206
P1,P4,E_log,S02,"{""lambda"":0.001}",3604,576,ok,576,5.5063031275222105,2.3465513264197333,2.0473256317046116,-0.14681131028061256,2.2801567263537543,3.1888585756906798,-0.9087018493369254,0.4311897961928648,0.24477856068472134,0.2494566898917298,0.4699000382860239,0.5676817096461056,3171.630601452793,475.6256933692886,2696.0049080835047
P1,P5,E_log,S02,"{""lambda"":0.001}",3687,494,ok,494,13.463401211732515,3.6692507698074435,3.015640208339837,-1.8173009670755698,2.866812264339182,-0.13655734079220172,3.0033696051313834,0.19658557222320708,0.2769386608881044,0.28430514085678066,3.0591865401608764,1.4087435703250017,6650.9201985958625,4455.993118603359,2194.9270799925034
P1,P2,E_log,S02,"{""lambda"":0.1}",1579,2603,ok,2603,5.661872566013133,2.379468967230532,1.9333891636534193,-0.07758514912795866,3.1054919247043675,2.2984380445205788,0.8070538801837888,0.3259984822920882,0.2341332106355574,0.24052026060989481,1.4547459610211626,0.7182033762530793,14737.854289332186,1695.4275182478034,13042.426771084385
P1,P3,E_log,S02,"{""lambda"":0.1}",3673,509,ok,509,4.250771977507027,2.061740036354493,1.549922404965601,-0.08235384595262563,2.139311737452243,1.5252177274429553,0.6140940100092878,0.2112934084955249,0.1379909438998391,0.17285154309994946,1.1432265525844032,0.6530773718043442,2163.6429365510767,191.9497296428072,1971.6932069082695
P1,P4,E_log,S02,"{""lambda"":0.1}",3604,576,ok,576,4.967116181705118,2.228702802462706,1.962624132680062,-0.0345135174605955,2.2801567263537543,2.95931814935995,-0.6791614230061952,0.34453979540073193,0.26159816829909954,0.25986957695677215,0.03324006354436104,0.7592683683893072,2861.058920662148,265.6858973758848,2595.3730232862636
P1,P5,E_log,S02,"{""lambda"":0.1}",3687,494,ok,494,4.842176473192951,2.2004945974014456,1.8390031179481177,-0.01325573279276826,2.866812264339182,2.1509839496349437,0.7158283147042382,0.2033562923542672,0.3327241160401736,0.3328882362846593,-0.6525488774940591,1.6361633672024996,2392.035177757318,253.13062700936115,2138.904550747957
P1,P2,E_log,S03,"{""control_lambda"":0.001,""difference_penalty"":0.01,""n_knots"":3}",1579,2603,ok,2603,5.1754282227136725,2.2749567518336855,1.8902675960492075,0.014996447173476923,3.1054919247043675,2.6764131117190897,0.42907881298527795,0.3791564026501738,0.25556228063611786,0.2462810258120759,1.3015127910949091,0.6740286563798601,13471.63966372369,479.2347580406819,12992.40490568301
P1,P3,E_log,S03,"{""control_lambda"":0.001,""difference_penalty"":0.01,""n_knots"":3}",3673,509,ok,509,4.518943931689776,2.1257807816634755,1.5239353415792858,-0.1506371948413041,2.139311737452243,1.3319620192925943,0.807349718159649,0.2823034436673752,0.1683051151524221,0.20357597075263326,1.3452157883435643,0.5961851296108455,2300.142461230096,331.7731058129445,1968.3693554171518
P1,P4,E_log,S03,"{""control_lambda"":0.001,""difference_penalty"":0.01,""n_knots"":3}",3604,576,ok,576,5.114625055470892,2.2615536817574973,1.9818625763566504,-0.06523555380396462,2.2801567263537543,3.094384540998011,-0.8142278146442565,0.39415427244993123,0.28948029794769425,0.2855890264899804,0.0075355181017719985,0.73443399750149,2946.024031951234,381.86895406484837,2564.1550778863857
P1,P5,E_log,S03,"{""control_lambda"":0.001,""difference_penalty"":0.01,""n_knots"":3}",3687,494,ok,494,12.058423001409754,3.472524010199174,2.8154310698884086,-1.523300483214697,2.866812264339182,0.08648460928631428,2.7803276550528677,0.242340974942009,0.3157245124469679,0.31857688881593627,2.7541391552720005,1.302811101269684,5956.860962696418,3818.7296035091786,2138.1313591872404
P1,P2,E_log,S03,"{""control_lambda"":0.1,""difference_penalty"":0.01,""n_knots"":3}",1579,2603,ok,2603,5.90080837954807,2.429157956895366,1.9513924780558887,-0.1230601543065648,3.1054919247043675,2.1593052796002024,0.9461866451041652,0.3735177578887853,0.25011630925717354,0.24008036560119655,1.659570129323653,0.6696236095196453,15359.804211963627,2330.3856426731563,13029.41856929047
P1,P3,E_log,S03,"{""control_lambda"":0.1,""difference_penalty"":0.01,""n_knots"":3}",3673,509,ok,509,4.138937577325755,2.034437902056918,1.528802611717448,-0.05387798467695348,2.139311737452243,1.5695387404616852,0.569772996990558,0.22274417324518356,0.17598405053424318,0.2177378548087401,0.8992623076841215,0.7900725211811954,2106.719226858809,165.2424054626976,1941.4768213961115
P1,P4,E_log,S03,"{""control_lambda"":0.1,""difference_penalty"":0.01,""n_knots"":3}",3604,576,ok,576,4.707932149269446,2.1697769814590266,1.9182558883089784,0.019467379151451247,2.2801567263537543,2.9157788100292894,-0.635622083675535,0.32835351526156,0.3219528486547688,0.3035250122761441,-0.5787841721115994,0.9805067821439567,2711.768917979201,232.71288955547257,2479.056028423728
P1,P5,E_log,S03,"{""control_lambda"":0.1,""difference_penalty"":0.01,""n_knots"":3}",3687,494,ok,494,4.710707812281568,2.1704165066368177,1.8091882541019453,0.014254907327129529,2.866812264339182,2.179713190532611,0.6870990738065712,0.2694836657792334,0.3444871280892093,0.3348526006152762,0.08043508302279934,1.2783228515654088,2327.0896592670947,233.2199377895689,2093.8697214775257
P1,P2,E_log,S03,"{""control_lambda"":0.001,""difference_penalty"":1,""n_knots"":3}",1579,2603,ok,2603,7.915197060137827,2.8133960013012436,2.1806228989196916,-0.5064448563581492,3.1054919247043675,1.4034719744954858,1.7020199502088817,0.21689280573891695,0.2119463582476236,0.20494038282084978,1.734027468409833,0.9771940453513814,20603.257947538765,7540.557584096242,13062.700363442524
P1,P3,E_log,S03,"{""control_lambda"":0.001,""difference_penalty"":1,""n_knots"":3}",3673,509,ok,509,4.7291883352116,2.1746697071536176,1.5352391075754184,-0.20417072709050266,2.139311737452243,1.213284568484864,0.926027168967379,0.2764388806620776,0.1638618527433054,0.19706159679964935,1.420125431891193,0.5927597896173374,2407.1568626227045,436.480895691861,1970.675966930843
P1,P4,E_log,S03,"{""control_lambda"":0.001,""difference_penalty"":1,""n_knots"":3}",3604,576,ok,576,5.331148939565861,2.308928093199496,2.017134883084171,-0.11033151628101368,2.2801567263537543,3.1694978084196563,-0.8893410820659015,0.414894219483715,0.2730022700713472,0.2747671032078135,0.19461285504732606,0.6580045159729269,3070.7417891899363,455.5742747040855,2615.1675144858505
P1,P5,E_log,S03,"{""control_lambda"":0.001,""difference_penalty"":1,""n_knots"":3}",3687,494,ok,494,14.79268627592124,3.8461261388468837,3.2380578847622785,-2.095462186366463,2.866812264339182,-0.36589321196559177,3.2327054763047736,0.22785753964918384,0.3143746656416397,0.31723274484768943,3.371634515774567,1.3796983243374785,7307.587020305093,5162.490040086252,2145.096980218841
P1,P2,E_log,S03,"{""control_lambda"":0.1,""difference_penalty"":1,""n_knots"":3}",1579,2603,ok,2603,7.514026682396812,2.7411725013936667,2.1354802543862763,-0.43009286569012595,3.1054919247043675,1.5252888319111502,1.580203092793217,0.19400028008157438,0.2133707914337683,0.20837939796342844,1.427906278471681,1.0998478525085063,19559.0114542789,6499.799843073865,13059.211611205035
P1,P3,E_log,S03,"{""control_lambda"":0.1,""difference_penalty"":1,""n_knots"":3}",3673,509,ok,509,4.308147459351345,2.0756077325331357,1.5202895696812182,-0.09696309193575248,2.139311737452243,1.4454143953695968,0.6938973420826464,0.2162632877617658,0.16740502543119687,0.20560962657437273,1.0204457657020238,0.7740797208983945,2192.8470568098346,245.08020236682486,1947.7668544430098
P1,P4,E_log,S03,"{""control_lambda"":0.1,""difference_penalty"":1,""n_knots"":3}",3604,576,ok,576,4.939282240393999,2.2224496035667487,1.9567496011425618,-0.028716473969522482,2.2801567263537543,3.01181524214096,-0.7316585157872054,0.3534805746070253,0.29382849217909984,0.2852877800604988,-0.22339564651466048,0.8312436758533552,2845.0265704669437,308.34672982498734,2536.6798406419566
P1,P5,E_log,S03,"{""control_lambda"":0.1,""difference_penalty"":1,""n_knots"":3}",3687,494,ok,494,4.865180114462789,2.205715329425533,1.8206767884468056,-0.018069388701595912,2.866812264339182,2.0670037629665368,0.799808501372645,0.25304477590708924,0.3553168937347242,0.34549975015427414,-0.035604328781563055,1.4041660906099342,2403.3989765446177,316.00865760077045,2087.3903189438474
P1,P2,E_log,S03,"{""control_lambda"":0.001,""difference_penalty"":0.01,""n_knots"":5}",1579,2603,ok,2603,4.97821352867447,2.2311910560672454,1.9012455623257123,0.05253095947637476,3.1054919247043675,3.012514639386253,0.09297728531811425,0.35116999642049956,0.2527217988095112,0.2473571100326321,0.9375159405202105,0.7196565805322839,12958.289815139644,22.50235084808304,12935.78746429156
P1,P3,E_log,S03,"{""control_lambda"":0.001,""difference_penalty"":0.01,""n_knots"":5}",3673,509,ok,509,4.479257284694469,2.116425591579933,1.5222873020586056,-0.14053197272267925,2.139311737452243,1.3541456505931926,0.7851660868590506,0.2737816563284534,0.1669163415388327,0.2011043859008511,1.313730356512049,0.6096695584987792,2279.9419579094847,313.7912640323591,1966.1506938771254
P1,P4,E_log,S03,"{""control_lambda"":0.001,""difference_penalty"":0.01,""n_knots"":5}",3604,576,ok,576,5.108962485050762,2.260301414646012,1.978848685222978,-0.06405619631988291,2.2801567263537543,3.080548140835825,-0.8003914144820706,0.39234853606755643,0.2845760822707814,0.2759312075221816,0.045790491800880684,0.7253145000183758,2942.762391389239,369.00081583292723,2573.7615755563115
P1,P5,E_log,S03,"{""control_lambda"":0.001,""difference_penalty"":0.01,""n_knots"":5}",3687,494,ok,494,11.109320054827185,3.3330646640632677,2.665857943838129,-1.3246947514824212,2.866812264339182,0.263934761000843,2.602877503338339,0.25571946224955316,0.3097199506327372,0.30899920708792616,2.547142183586119,1.2111708194133686,5488.004107084629,3346.835820908103,2141.1682861765257
P1,P2,E_log,S03,"{""control_lambda"":0.1,""difference_penalty"":0.01,""n_knots"":5}",1579,2603,ok,2603,5.743492372969451,2.3965584434704383,1.943782596380301,-0.09311928396150737,3.1054919247043675,2.229646648654,0.8758452760503674,0.34115740633650915,0.24807740044950113,0.24674801152488948,1.4841730430224096,0.7271640475681296,14950.31064683948,1996.7741785500746,12953.536468289407
P1,P3,E_log,S03,"{""control_lambda"":0.1,""difference_penalty"":0.01,""n_knots"":5}",3673,509,ok,509,4.110464633642797,2.02742808346999,1.5340057505912008,-0.04662805448452856,2.139311737452243,1.5932737297531492,0.5460380076990938,0.20551804540115456,0.17401887901842328,0.21591410082335435,0.7902345414329985,0.8467328437206212,2092.2264985241836,151.76217047866578,1940.464328045518
P1,P4,E_log,S03,"{""control_lambda"":0.1,""difference_penalty"":0.01,""n_knots"":5}",3604,576,ok,576,4.703055133904455,2.1686528384931636,1.916221725292721,0.02048312714996381,2.2801567263537543,2.9049172346676877,-0.6247605083139333,0.324541751107912,0.3190723038939271,0.2959092638523932,-0.5758044297145819,0.9831471692153213,2708.959757128966,224.82759902324216,2484.132158105724
P1,P5,E_log,S03,"{""control_lambda"":0.1,""difference_penalty"":0.01,""n_knots"":5}",3687,494,ok,494,4.5942121257815165,2.1434113291156964,1.8032564677542433,0.038632358839955305,2.866812264339182,2.289936121772685,0.5768761425664972,0.28449834231720583,0.3325313513952737,0.3213603838265892,0.19025693899073515,1.168834056068111,2269.540790136069,164.3963254280264,2105.1444647080425
P1,P2,E_log,S03,"{""control_lambda"":0.001,""difference_penalty"":1,""n_knots"":5}",1579,2603,ok,2603,5.1025173779266995,2.2588752462069923,1.8865546876675985,0.028873065312931212,3.1054919247043675,2.767672437467695,0.3378194872366725,0.38416326274435064,0.2579300926699471,0.24675597970051993,1.247255915419018,0.6714074917715184,13281.8527347432,297.0595815056762,12984.793153237524
P1,P3,E_log,S03,"{""control_lambda"":0.001,""difference_penalty"":1,""n_knots"":5}",3673,509,ok,509,4.508603505294148,2.1233472408662104,1.5464797757467026,-0.1480042612618695,2.139311737452243,1.353753766777804,0.7855579706744392,0.28901964089328974,0.16029648699010207,0.1921090167443227,1.3884908853004676,0.5546214315908236,2294.8791841947213,314.10457457268285,1980.7746096220385
P1,P4,E_log,S03,"{""control_lambda"":0.001,""difference_penalty"":1,""n_knots"":5}",3604,576,ok,576,5.334423064681969,2.3096369984657694,2.0152476768039596,-0.11101342638066991,2.2801567263537543,3.104283401512438,-0.8241266751586838,0.41367264354405353,0.2436311882735872,0.24388634473514303,0.4518988861228779,0.5889468208154355,3072.6276852568144,391.21043138386943,2681.4172538729445
P1,P5,E_log,S03,"{""control_lambda"":0.001,""difference_penalty"":1,""n_knots"":5}",3687,494,ok,494,12.315220387180151,3.50930482961799,2.829904671563802,-1.5770369434074571,2.866812264339182,0.06520675138499946,2.8016055129541826,0.1969940973265943,0.2645275579773313,0.2720478172940245,2.7792513529129277,1.3428197167693507,6083.718871266995,3877.4027644063426,2206.3161068606523
P1,P2,E_log,S03,"{""control_lambda"":0.1,""difference_penalty"":1,""n_knots"":5}",1579,2603,ok,2603,5.809923415050464,2.4103782721909988,1.9407440481944256,-0.1057626459504899,3.1054919247043675,2.2018561641498726,0.9036357605544949,0.37356926854414946,0.2532343280537989,0.2409641304839828,1.612902428859071,0.6778778378657532,15123.230649376357,2125.4994009208,12997.731248455555
P1,P3,E_log,S03,"{""control_lambda"":0.1,""difference_penalty"":1,""n_knots"":5}",3673,509,ok,509,4.150440972308669,2.0372631082677244,1.545223970559478,-0.05680703941504617,2.139311737452243,1.5748707411249787,0.5644409963272645,0.20865305208364682,0.16259297072040357,0.20357471912949243,0.9120931094807674,0.7792503828567133,2112.5744549051124,162.16416191247177,1950.4102929926405
P1,P4,E_log,S03,"{""control_lambda"":0.1,""difference_penalty"":1,""n_knots"":5}",3604,576,ok,576,4.9299755627295845,2.2203548281140977,1.9562905147752734,-0.02677814929695943,2.2801567263537543,2.941365319392387,-0.6612085930386321,0.3360995293382052,0.2636730843229539,0.2612227895028178,-0.027370652253025263,0.7845089365109729,2839.665924132241,251.82535882068137,2587.8405653115597
P1,P5,E_log,S03,"{""control_lambda"":0.1,""difference_penalty"":1,""n_knots"":5}",3687,494,ok,494,4.757510516282541,2.181171821815636,1.8375834463220437,0.004461148590385711,2.866812264339182,2.232944497929293,0.633867766409889,0.2036762234274418,0.3191876703165219,0.3225685391078088,-0.632508079716839,1.5671327018208887,2350.2101950435754,198.48344257496998,2151.7267524686054
P1,P2,E_log,S04,"{""control_lambda"":0.001}",1579,2603,ok,2603,5.656861180593033,2.378415687089419,1.923959221658663,-0.07663136671016413,3.1054919247043675,2.3604818246571684,0.7450101000471988,0.41285871809276303,0.24155708656732425,0.24235234427981295,1.7244114546264802,0.5850841364891562,14724.809653083665,1444.7692479955938,13280.04040508807
P1,P3,E_log,S04,"{""control_lambda"":0.001}",3673,509,ok,509,4.498731437790604,2.121021319504027,1.535827866242931,-0.1454905836789493,2.139311737452243,1.3456113893544734,0.7937003480977695,0.24515195132408732,0.152992204912663,0.18137704365813842,1.2995547936424088,0.6240709245279862,2289.8543018354176,320.6497634683949,1969.2045383670225
P1,P4,E_log,S04,"{""control_lambda"":0.001}",3604,576,ok,576,5.292189525675881,2.3004759346004646,2.0110913928837792,-0.10221734322221243,2.2801567263537543,3.112909113477846,-0.8327523871240916,0.4086366671795403,0.25597146007919946,0.2578253798179738,0.33021939848131865,0.6264035526864132,3048.3011667893074,399.4424860382628,2648.8586807510446
P1,P5,E_log,S04,"{""control_lambda"":0.001}",3687,494,ok,494,12.501735818403334,3.5357793792038743,2.870566563986252,-1.6160664647368574,2.866812264339182,0.019036839096875514,2.847775425242306,0.21298612467314088,0.2965644743169075,0.30572568301578745,2.8403051376984934,1.3924121807090954,6175.857494291247,4006.2534870713152,2169.604007219933
P1,P2,E_log,S04,"{""control_lambda"":0.1}",1579,2603,ok,2603,5.321000514505439,2.3067293977633003,1.9039436985911031,-0.012709322945928525,3.1054919247043675,2.644993500430404,0.46049842427396304,0.40710519084111,0.2375123262636874,0.23683770067947327,1.5623562109552696,0.5834175824999164,13850.564339257657,551.9890531691639,13298.575286088491
P1,P3,E_log,S04,"{""control_lambda"":0.1}",3673,509,ok,509,4.150487931101295,2.0372746332051785,1.5448134957207673,-0.05681899630901022,2.139311737452243,1.57168781231454,0.567623925137703,0.1923106889662327,0.16172755173058423,0.1968879920343789,0.8175691794238633,0.8409701644768249,2112.598356930559,163.99823247786492,1948.6001244526938
P1,P4,E_log,S04,"{""control_lambda"":0.1}",3604,576,ok,576,4.864466786560095,2.2055536235966002,1.9462552826555186,-0.01313447518495714,2.2801567263537543,2.9353273449292208,-0.6551706185754662,0.3365462840565327,0.2815802540908483,0.2738903748467197,-0.17576169788933083,0.8366761644099713,2801.9328690586144,247.247158720066,2554.6857103385482
P1,P5,E_log,S04,"{""control_lambda"":0.1}",3687,494,ok,494,4.729916565248029,2.1748371353386506,1.825853305509757,0.010235355546888036,2.866812264339182,2.2120230042428837,0.6547892600962981,0.22949301965885535,0.33251732080742197,0.33284185719551507,-0.33823494811465693,1.4489212844108015,2336.5787832325263,211.80199371790405,2124.7767895146226
P1,P2,E_log,G05,"{""max_leaf_nodes"":7,""min_samples_leaf"":20}",56997,2603,ok,2603,5.141276231976563,2.2674382531783666,1.9177452882689883,0.021496359985428315,3.1054919247043675,2.6320068966851635,0.4734850280192039,0.20682808670718408,0.25852965222747365,0.25007455906389736,-0.184447263408289,1.2499736198473168,13382.742031834994,583.5615507869754,12799.180481048019
P1,P3,E_log,G05,"{""max_leaf_nodes"":7,""min_samples_leaf"":20}",59235,509,ok,509,3.7703110825024098,1.9417288900622582,1.6474906443293031,0.03998362599125216,2.139311737452243,2.2018841674631786,-0.06257243001093524,0.16952757539528707,0.20563073928053685,0.23299950451596965,-0.5314931042369526,1.2129633707145762,1919.0883409937267,1.9928922797139548,1917.0954487140125
P1,P4,E_log,G05,"{""max_leaf_nodes"":7,""min_samples_leaf"":20}",59129,576,ok,576,4.23491960046751,2.057892028379407,1.8097742664492347,0.11798286736701225,2.2801567263537543,2.57967732126225,-0.29952059490849514,0.2559163291992497,0.39497420288295493,0.351462035785685,-1.7012460893591124,1.5433724144090801,2439.3136898692856,51.67444998201917,2387.6392398872663
P1,P5,E_log,G05,"{""max_leaf_nodes"":7,""min_samples_leaf"":20}",59108,494,ok,494,4.201845010104665,2.0498402401418176,1.7598648216323292,0.12073763350723199,2.866812264339182,2.766511680767989,0.10030058357119256,0.33443417646911383,0.35087474561932175,0.3396336203069289,-0.03569935241837774,1.0491593572277333,2075.7114349917047,4.969742289972561,2070.7416927017325
P1,P2,E_log,G05,"{""max_leaf_nodes"":7,""min_samples_leaf"":50}",56997,2603,ok,2603,5.158954107012144,2.2713331122959803,1.9196273452611219,0.018131851974274915,3.1054919247043675,2.6170730861400897,0.48841883856427754,0.2014960584503877,0.25840369783731304,0.24960597485162667,-0.2507095224600038,1.2824255711232042,13428.75754055261,620.9533597332357,12807.804180819374
P1,P3,E_log,G05,"{""max_leaf_nodes"":7,""min_samples_leaf"":50}",59235,509,ok,509,3.7768639524512495,1.943415537771387,1.654171594590467,0.0383150998908911,2.139311737452243,2.227124594279516,-0.0878128568272731,0.17574625443012296,0.20246601050462437,0.23246430316078484,-0.4264159530903133,1.1520359916695992,1922.423751797686,3.924948792501087,1918.498803005185
P1,P4,E_log,G05,"{""max_leaf_nodes"":7,""min_samples_leaf"":50}",59129,576,ok,576,4.2576958598297034,2.063418488777714,1.8164090899280672,0.11323919974873453,2.2801567263537543,2.595161084897031,-0.3150043585432764,0.2568318401821494,0.38910323716289913,0.3504798342940916,-1.6515426236040205,1.515011678018351,2452.432815261909,57.155181639126354,2395.2776336227826
P1,P5,E_log,G05,"{""max_leaf_nodes"":7,""min_samples_leaf"":50}",59108,494,ok,494,4.206708700570583,2.051026255456176,1.760725632361387,0.11971987583681187,2.866812264339182,2.7527913597376097,0.11402090460157244,0.32702848517339367,0.35071562287165475,0.3414152402722948,-0.08536768369866321,1.0724314204180156,2078.1140980818677,6.422378742963476,2071.6917193389045
P1,P2,E_log,G05,"{""max_leaf_nodes"":15,""min_samples_leaf"":20}",56997,2603,ok,2603,5.112919527983603,2.2611765804517794,1.906087296054072,0.026893295848036014,3.1054919247043675,2.6286563548174096,0.4768355698869579,0.21949698094403952,0.26958547422053186,0.2580575969873051,-0.12301521433885432,1.2281967299097485,13308.92953134132,591.84973432662,12717.0797970147
P1,P3,E_log,G05,"{""max_leaf_nodes"":15,""min_samples_leaf"":20}",59235,509,ok,509,3.7863312725600458,1.9458497559061556,1.6485809446119164,0.03590448121154477,2.139311737452243,2.193937249330973,-0.054625511878729376,0.18561925463815593,0.19157165875991775,0.21699953881245715,-0.12498028811819939,1.0320678160968022,1927.2426177330633,1.518828792938721,1925.7237889401247
P1,P4,E_log,G05,"{""max_leaf_nodes"":15,""min_samples_leaf"":20}",59129,576,ok,576,4.261606029954162,2.0643657694202746,1.8064772751819507,0.11242481898908518,2.2801567263537543,2.538305545056766,-0.25814881870301176,0.25695259687989525,0.37424977309838936,0.35028627277613184,-1.4168686620913702,1.456493445261116,2454.6850732535977,38.38510805631001,2416.2999651972877
P1,P5,E_log,G05,"{""max_leaf_nodes"":15,""min_samples_leaf"":20}",59108,494,ok,494,4.229423036425031,2.0565561106921035,1.763294047968244,0.11496675889683317,2.866812264339182,2.8335428036114316,0.03326946072775037,0.3752853885642703,0.34112372387387563,0.3336393168456991,0.2912026019917273,0.9089715034707668,2089.334979993965,0.5467873664549701,2088.7881926275104
P1,P2,E_log,G05,"{""max_leaf_nodes"":15,""min_samples_leaf"":50}",56997,2603,ok,2603,5.103627114535375,2.2591208720507576,1.9076990343170777,0.028661856799314767,3.1054919247043675,2.6455673046541928,0.45992462005017504,0.22200760894878058,0.2662260235225034,0.25635502862510295,-0.06700683249690753,1.1991752209894952,13284.741379135583,550.6142979019593,12734.127081233622
P1,P3,E_log,G05,"{""max_leaf_nodes"":15,""min_samples_leaf"":50}",59235,509,ok,509,3.762951238666481,1.9398327862644453,1.6518260800547517,0.04185762801337434,2.139311737452243,2.2327899751115345,-0.0934782376592911,0.18688708408078517,0.21138264325134387,0.23534163845293993,-0.38613323423001633,1.1310714396933397,1915.3421804812388,4.447734086186437,1910.8944463950527
P1,P4,E_log,G05,"{""max_leaf_nodes"":15,""min_samples_leaf"":50}",59129,576,ok,576,4.288276557630356,2.070815433019166,1.819742372599033,0.10687008252037677,2.2801567263537543,2.6110549956208677,-0.33089826926711285,0.28186216656112223,0.3709630156087921,0.3275868911886712,-1.1562918290286341,1.3161149654625544,2470.047297195085,63.068350811887136,2406.9789463831976
P1,P5,E_log,G05,"{""max_leaf_nodes"":15,""min_samples_leaf"":50}",59108,494,ok,494,4.219947983115366,2.0542511976667717,1.762940404206346,0.11694947310348902,2.866812264339182,2.8801087341589757,-0.013296469819793917,0.3798683285920059,0.3439170841534795,0.3399674243023982,0.2592808558421593,0.9053586684318192,2084.654303658991,0.08733727817633309,2084.5669663808144
P1,P2,E_log,S05,"{""max_leaf_nodes"":7,""min_samples_leaf"":20}",1579,2603,ok,2603,5.1253552064750565,2.2639247351612766,1.9222966809700073,0.02452649894374692,3.1054919247043675,2.9940507421802574,0.11144118252410977,0.38269879139983387,0.22648165670421438,0.21574007378181762,1.3336086902025672,0.59180133774604,13341.299602454572,32.32701403365419,13308.972588420918
P1,P3,E_log,S05,"{""max_leaf_nodes"":7,""min_samples_leaf"":20}",3673,509,ok,509,3.9320233999856957,1.9829330296269956,1.6477333034399577,-0.001192412077154703,2.139311737452243,2.0287869609847644,0.1105247764674786,0.2310124435205164,0.11965755695246326,0.14642924689928916,1.0884605900901763,0.5179701799995738,2001.3999105927192,6.217804642511731,1995.1821059502074
P1,P4,E_log,S05,"{""max_leaf_nodes"":7,""min_samples_leaf"":20}",3604,576,ok,576,4.707276943159994,2.1696259915386324,1.9153738355696635,0.019603840541150053,2.2801567263537543,2.819706188251868,-0.5395494618981134,0.3146649854325616,0.28482489744909734,0.26300155233032385,-0.2721530732300548,0.9051687052423584,2711.3915192601567,167.68144617669716,2543.71007308346
P1,P5,E_log,S05,"{""max_leaf_nodes"":7,""min_samples_leaf"":20}",3687,494,ok,494,4.661783317324035,2.159116327881394,1.7732099339894445,0.024492664101207318,2.866812264339182,2.2465379191725194,0.6202743451666627,0.40976804286896296,0.33300769285763,0.31490907814938185,1.0411100838007743,0.8126736544072576,2302.9209587580735,190.06169005633453,2112.859268701739
P1,P2,E_log,S05,"{""max_leaf_nodes"":7,""min_samples_leaf"":50}",1579,2603,ok,2603,5.157519498102839,2.271017282651728,1.9235808250217943,0.018404891191856954,3.1054919247043675,2.7451456158100735,0.3603463088942943,0.3017961239795353,0.22233410806973805,0.21801334471356787,1.0831349309675242,0.7367029938555953,13425.023253561689,337.9981504547309,13087.025103106958
P1,P3,E_log,S05,"{""max_leaf_nodes"":7,""min_samples_leaf"":50}",3673,509,ok,509,3.8604812780834434,1.9648107486685438,1.642943029515387,0.017024018067359314,2.139311737452243,2.0744615567534903,0.06485018069875262,0.23564194455153464,0.15621578406559486,0.19521492176292707,0.7640742379530463,0.6629370860221813,1964.9849705444726,2.140622881760381,1962.8443476627122
P1,P4,E_log,S05,"{""max_leaf_nodes"":7,""min_samples_leaf"":50}",3604,576,ok,576,4.6643296074755325,2.159705907635466,1.908278450101545,0.02854858789136039,2.2801567263537543,2.7798707477916285,-0.4997140214378736,0.31322867063654536,0.2852059467836662,0.26070468685044956,-0.25101536255152856,0.9105358912518089,2686.6538539059065,143.83532345564828,2542.8185304502585
P1,P5,E_log,S05,"{""max_leaf_nodes"":7,""min_samples_leaf"":50}",3687,494,ok,494,4.671318066703115,2.161323221247372,1.779975115592649,0.022497458118405755,2.866812264339182,2.2217985740648096,0.6450136902743725,0.39230650318638893,0.3357851310777661,0.31523693212860365,0.9651182588582403,0.8559254775295708,2307.631124951339,205.5250743568339,2102.106050594505
P1,P2,E_log,S05,"{""max_leaf_nodes"":15,""min_samples_leaf"":20}",1579,2603,ok,2603,5.222890512013981,2.2853644155832087,1.9345346471752096,0.005963277052228433,3.1054919247043675,2.8504905464702777,0.2550013782340897,0.36339457830879845,0.20693042638872655,0.19751241409430548,1.4823162930170541,0.5694372969232503,13595.184002772392,169.26190465204556,13425.922098120347
P1,P3,E_log,S05,"{""max_leaf_nodes"":15,""min_samples_leaf"":20}",3673,509,ok,509,3.9403278321026405,1.985025902123859,1.644977756562227,-0.0033069301194748046,2.139311737452243,2.0512388782457625,0.08807285920648097,0.2701933986659072,0.13263208365358808,0.14621968843584635,1.1324030274826669,0.49087832755524474,2005.626866540244,3.9482257211615517,2001.6786408190824
P1,P4,E_log,S05,"{""max_leaf_nodes"":15,""min_samples_leaf"":20}",3604,576,ok,576,4.866206239925928,2.2059479232125874,1.9320210074855515,-0.013496755420433715,2.2801567263537543,2.8279529939268957,-0.5477962675731414,0.3578892699061979,0.24740407972690304,0.2319872158505386,0.32523053324156637,0.6912866647042734,2802.9347941973347,172.84651244182928,2630.0882817555057
P1,P5,E_log,S05,"{""max_leaf_nodes"":15,""min_samples_leaf"":20}",3687,494,ok,494,4.924569943970289,2.2191372071078184,1.8006538149879499,-0.030497082229745676,2.866812264339182,2.065577894111523,0.8012343702276588,0.3859807935958122,0.32750553772978436,0.3159721355446777,1.1141649560843867,0.8485021616716469,2432.7375523213227,317.13639892085183,2115.601153400471
P1,P2,E_log,S05,"{""max_leaf_nodes"":15,""min_samples_leaf"":50}",1579,2603,ok,2603,5.389091216016798,2.321441624511975,1.9439210216427778,-0.025668556465734182,3.1054919247043675,2.5928849312700497,0.5126069934343176,0.3210094062059355,0.1984192779908078,0.1914611564488033,1.5028025765741817,0.6181104794901773,14027.804435291724,683.9797150553567,13343.824720236367
P1,P3,E_log,S05,"{""max_leaf_nodes"":15,""min_samples_leaf"":50}",3673,509,ok,509,3.9723173454013097,1.9930673208402443,1.6546889439576886,-0.011452267703372598,2.139311737452243,2.0565877768170084,0.08272396063523488,0.27153261767293224,0.11788668416647488,0.15941569759445792,1.2464381085525669,0.43415293962389556,2021.9095288092667,3.483216114558564,2018.4263126947078
P1,P4,E_log,S05,"{""max_leaf_nodes"":15,""min_samples_leaf"":50}",3604,576,ok,576,5.031017828265466,2.242993051319033,1.971454798881616,-0.04782247073174206,2.2801567263537543,2.8955632014387924,-0.6154064750850383,0.3532146455264385,0.22056861501935826,0.2031009274361015,0.4719917107426772,0.6244605590762474,2897.8662690809088,218.14567463611692,2679.720594444792
P1,P5,E_log,S05,"{""max_leaf_nodes"":15,""min_samples_leaf"":50}",3687,494,ok,494,4.731812536345345,2.1752729797304395,1.7908632903302026,0.009838611728441804,2.866812264339182,2.2794693432949846,0.5873429210441973,0.43873230346287795,0.31284695976378873,0.30287048864713617,1.2413904563347151,0.7130702647024466,2337.5153929546004,170.4160232089607,2167.0993697456397
P1,P2,R_log,B00,{},1579,2603,ok,2603,4.557587275989824,2.134850644890603,1.8655796809238265,-0.4842111553414894,2.9275269962016206,1.708152670552067,1.2193743256495542,3.8013847569367555e-16,,,,,11863.399679401511,3870.332360976753,7993.067318424758
P1,P3,R_log,B00,{},3673,509,ok,509,1.9944711005846125,1.4122574484082613,1.0978547774190481,-0.442079721861949,1.780364889623482,2.5622978788718163,-0.7819329892483334,7.55233034068124e-16,,,,,1015.1857901975678,311.2123726344907,703.973417563077
P1,P4,R_log,B00,{},3604,576,ok,576,2.792944982462911,1.6712106337810655,1.3034472261641725,-0.600264453491935,1.582593810997146,2.6061380640476504,-1.0235442530505043,0.0,,,,,1608.7363098986366,603.4422746607638,1005.2940352378728
P1,P5,R_log,B00,{},3687,494,ok,494,2.565487065263509,1.6017137900584826,1.184496368977135,-0.3084188040601561,1.7801483863340175,2.5577944008880853,-0.7776460145540677,0.0,,,,,1267.3506102401734,298.73826203220165,968.6123482079715
P1,P2,R_log,B01,"{""lambda"":0}",1579,2603,ok,2603,34962.56567341117,186.98279512674733,186.9739183472948,-11384.81158175766,2.9275269962016206,189.90144534349642,-186.9739183472948,0.22890739409174074,-0.06253772644385346,-0.06062343657040256,54.80878966709788,-0.27320098895009826,91007558.44788927,90998917.70799267,8640.739896593528
P1,P3,R_log,B01,"{""lambda"":0}",3673,509,ok,509,1.485846116231161,1.2189528769526576,0.9525162729961912,-0.07432419221127162,1.780364889623482,1.692903549962758,0.087461339660724,0.2891190359968719,0.025588939191949715,0.02865374080658639,1.63053177383272,0.08850658727371576,756.2956731616609,3.8935883410415033,752.4020848206194
P1,P4,R_log,B01,"{""lambda"":0}",3604,576,ok,576,2.210011699128902,1.486610809569506,1.1578334074203953,-0.2662630972410356,1.582593810997146,1.751458799118469,-0.16886498812132278,0.504833885988301,0.004885290748541634,0.03303501394482463,1.5656448982849285,0.009677026214232514,1272.9667386982476,16.424861306811543,1256.5418773914362
P1,P5,R_log,B01,"{""lambda"":0}",3687,494,ok,494,2.746742314455207,1.6573298749661176,1.3780625750732858,-0.40086042249126197,1.7801483863340175,1.0329509838640727,0.747197402469945,0.21342769644472326,-0.16532433162990176,-0.15038411550892195,2.5802878895873187,-0.7746151712447493,1356.8907033408723,275.80215537936954,1081.0885479615026
P1,P2,R_log,B01,"{""lambda"":0.001}",1579,2603,ok,2603,3.2709173215252294,1.8085677541981195,1.5336972958167543,-0.06519780814358445,2.9275269962016206,2.539432182638914,0.3880948135627068,0.10697054010430396,-0.02199395014112366,-0.02615402093137189,3.4496534130381185,-0.20560754502761217,8514.197787930172,392.05757197005045,8122.140215960123
P1,P3,R_log,B01,"{""lambda"":0.001}",3673,509,ok,509,1.5486540133304985,1.2444492811402554,0.9824629927642669,-0.11973673027873111,1.780364889623482,1.5059136278704208,0.274451261753061,0.2842667968496307,0.027320603400638528,0.025351336390849136,1.635633005919077,0.09610902048152449,788.2648927852238,38.33965899462423,749.9252337905996
P1,P4,R_log,B01,"{""lambda"":0.001}",3604,576,ok,576,2.2841036930525167,1.5113251447165552,1.1812089112134916,-0.30871534206103357,1.582593810997146,1.953553881773337,-0.37096007077619086,0.4873835988314809,0.007872817700575538,0.037173211689876834,1.5510376125195462,0.016153226574408486,1315.6437271982495,79.26415148751929,1236.37957571073
P1,P5,R_log,B01,"{""lambda"":0.001}",3687,494,ok,494,5.14066297699362,2.2673030183443985,1.9608657097252742,-1.6217789968640717,1.7801483863340175,0.05972226881843732,1.72042611751558,0.21281829340700179,-0.15725189721707084,-0.14495353735651725,1.8242772999131083,-0.7389021624956661,2539.487510634848,1462.1738167598876,1077.31369387496
P1,P2,R_log,B01,"{""lambda"":0.1}",1579,2603,ok,2603,4.633026006084177,2.152446516428266,1.879774270543699,-0.5087783216886257,2.9275269962016206,1.7006268142746355,1.226900181926985,0.07373890039200208,-0.08905944179190674,-0.10162680972995312,4.981488663252396,-1.207767424228723,12059.766693837111,3918.254398841656,8141.512294995453
P1,P3,R_log,B01,"{""lambda"":0.1}",3673,509,ok,509,1.700403915095107,1.3039953662092159,1.0410744107621686,-0.22945777665796419,1.780364889623482,1.2739881040573287,0.5063767855661533,0.22281833454271754,0.01254376918719864,-0.008554067975979213,1.7086445226378462,0.056295947157767624,865.5055927834094,130.51648152079778,734.9891112626116
P1,P4,R_log,B01,"{""lambda"":0.1}",3604,576,ok,576,2.343703595642472,1.5309159335647637,1.19756181574906,-0.3428641012185385,1.582593810997146,2.2252867012911706,-0.6426928902940247,0.33330704431024794,0.007344213363980339,0.03055359219509377,1.5335610029323454,0.022034377878747246,1349.9732710900637,237.9191911110646,1112.0540799789992
P1,P5,R_log,B01,"{""lambda"":0.1}",3687,494,ok,494,2.2912546940492122,1.5136891008556586,1.2280096585188802,-0.16855811404263066,1.7801483863340175,1.330993590820476,0.4491547955135414,0.15527811543527714,-0.13381731573947298,-0.13719358475946147,2.927186969915218,-0.8617912148428314,1131.879818860311,99.65957498440874,1032.2202438759023
P1,P2,R_log,G02,"{""lambda"":0}",56997,2603,ok,2603,4.550010974464508,2.1330754732227613,1.8616068507539518,-0.4817438781267789,2.9275269962016206,1.6974087164730403,1.2301182797285801,0.09958869718626268,0.10521065180973681,0.10931855290056387,1.1342966147091762,1.056451733804282,11843.678566531114,3938.8361264646105,7904.842440066506
P1,P3,R_log,G02,"{""lambda"":0}",59235,509,ok,509,1.3538447319058364,1.1635483367294357,0.899269414384118,0.021117912483782475,1.780364889623482,1.6501186603505633,0.1302462292729185,0.13359360425304112,0.1917414003326147,0.24160792453245236,-0.5879824906246474,1.4352588314739623,689.1069685400707,8.634716842065151,680.4722516980055
P1,P4,R_log,G02,"{""lambda"":0}",59129,576,ok,576,1.96394666241651,1.4014088134504186,1.0832955834934974,-0.12527602661467818,1.582593810997146,1.9711353330883634,-0.3885415220912172,0.2764929633150105,0.06812102998381794,0.09901098259443884,1.0969548004502698,0.246375275403328,1131.2332775519099,86.95556028804084,1044.277717263869
P1,P5,R_log,G02,"{""lambda"":0}",59108,494,ok,494,2.048308933907126,1.4311914385948254,1.0728135471137572,-0.04465384446333953,1.7801483863340175,1.980725953986832,-0.20057756765281473,0.2677175954501338,0.08878232343989893,0.11433460710299435,1.1232866212453776,0.33162677742799285,1011.8646133501202,19.874292158886618,991.9903211912336
P1,P2,R_log,G02,"{""lambda"":0.001}",56997,2603,ok,2603,4.557447165796778,2.1348178296512277,1.8632384642669477,-0.48416552744696895,2.9275269962016206,1.6947583781827325,1.2327686180188882,0.0978591834366696,0.10381328903601841,0.10802007533733525,1.1296534070115174,1.0608436059882116,11863.034972569012,3955.827165884435,7907.207806684578
P1,P3,R_log,G02,"{""lambda"":0.001}",59235,509,ok,509,1.3546359528253533,1.1638882905267813,0.8996616702899307,0.020545829166449092,1.780364889623482,1.6500410579936644,0.13032383162981728,0.1327067858273524,0.19003258289490707,0.24000703180522368,-0.5824499595065054,1.431973366773677,689.5096999881048,8.645009255154575,680.8646907329503
P1,P4,R_log,G02,"{""lambda"":0.001}",59129,576,ok,576,1.9630319295771637,1.4010824135564488,1.0830329160478795,-0.12475191516370465,1.582593810997146,1.9708543855166407,-0.3882605745194946,0.2745619065965057,0.06738902704751312,0.09765506408805608,1.098863343290738,0.24544201299762824,1130.7063914364462,86.8298536662958,1043.8765377701504
P1,P5,R_log,G02,"{""lambda"":0.001}",59108,494,ok,494,2.0464120799041425,1.4305286015680156,1.0723608935900126,-0.04368643383801807,1.7801483863340175,1.979483796404614,-0.19933541007059644,0.265526608450475,0.08865949652461474,0.11438413119642232,1.1191975392907554,0.3339006099690049,1010.9275674726464,19.628895219758345,991.2986722528881
P1,P2,R_log,G02,"{""lambda"":0.1}",56997,2603,ok,2603,4.77394853830951,2.1849367355393863,1.9095383937224406,-0.5546707603194108,2.9275269962016206,1.6249154178650562,1.3026115783365644,0.05979552863583805,0.012366281318280489,0.01829000671151513,2.5914791071009753,0.20680946553031773,12426.588045219654,4416.762393214885,8009.825652004773
P1,P3,R_log,G02,"{""lambda"":0.1}",59235,509,ok,509,1.379423959452799,1.1744888077171272,0.9125063374528276,0.0026231419475961637,1.780364889623482,1.6539254999557116,0.1264393896677704,0.10948511748396818,0.11951073469009323,0.1573043892604001,-0.025011550250460868,1.0915705936708073,702.1267953614747,8.137341903115168,693.9894534583595
P1,P4,R_log,G02,"{""lambda"":0.1}",59129,576,ok,576,1.9372212419440988,1.3918409542559447,1.0747878882598394,-0.10996325079733604,1.582593810997146,1.9536108135070132,-0.3710170025098669,0.21075717192520552,0.03161522803782112,0.049440725331036814,1.2895368734705004,0.1500078395863126,1115.839435359801,79.2884829032102,1036.550952456591
P1,P5,R_log,G02,"{""lambda"":0.1}",59108,494,ok,494,1.9941479822038604,1.412143045942535,1.0599932761065929,-0.017031328406308388,1.7801483863340175,1.9417943737031604,-0.16164598736914293,0.19104655997408534,0.08582639312136643,0.10648829842342857,0.9078102123260092,0.44924333174598097,985.109103208707,12.907936064877287,972.2011671438297
P1,P2,R_log,P00,"{""lambda"":0}",56997,2603,ok,2603,4.792163715790599,2.18910112050371,1.9131997475656584,-0.5606026641924058,2.9275269962016206,1.6021032869170064,1.3254237092846142,0.10320794132514632,0.10729246948722344,0.11115839393533261,1.262019324796862,1.0395757158764487,12474.002152202927,4572.815067775244,7901.187084427685
P1,P3,R_log,P00,"{""lambda"":0}",59235,509,ok,509,1.579820995450424,1.2569093027941292,0.9415450162180329,-0.14227166342145958,1.780364889623482,2.268131721807406,-0.48776683218392425,0.11527786651045162,0.1866799773607434,0.23903501896308152,-1.89262795189308,1.6193913282027836,804.1288866842658,121.09948963257892,683.0293970516868
P1,P4,R_log,P00,"{""lambda"":0}",59129,576,ok,576,2.667104279437508,1.6331271473579478,1.2760365076072928,-0.5281619218923312,1.582593810997146,2.5380105753841513,-0.9554167643870058,0.18997311865341748,0.08144311629153453,0.12856215675698263,0.4945267628519767,0.4287086345101144,1536.2520649560047,525.7850075549196,1010.4670574010853
P1,P5,R_log,P00,"{""lambda"":0}",59108,494,ok,494,2.4215172321092564,1.5561224990691627,1.140626137634579,-0.23499304430210444,1.7801483863340175,2.452339807690774,-0.6721914213567565,0.18786461398905555,0.08182149853208978,0.105690587222052,0.7120700840154903,0.43553438188660915,1196.2295126619726,223.20960563113456,973.0199070308381
P1,P2,R_log,P00,"{""lambda"":0.001}",56997,2603,ok,2603,4.798523736401985,2.1905532945815276,1.9145607363267552,-0.5626738507584539,2.9275269962016206,1.6000396650157085,1.327487331185912,0.10134938683530774,0.10596189897848166,0.1098819193000129,1.2546679228510809,1.0455110019626397,12490.557285854367,4587.065465437024,7903.491820417344
P1,P3,R_log,P00,"{""lambda"":0.001}",59235,509,ok,509,1.5813943011227936,1.2575350098994436,0.9422147076519901,-0.14340922425437896,1.780364889623482,2.2691900348537586,-0.4888251452302766,0.11458449567246663,0.18541115656052348,0.23875987548054056,-1.8914507984299176,1.6181173157187936,804.9296992715019,121.62556150818511,683.3041377633167
P1,P4,R_log,P00,"{""lambda"":0.001}",59129,576,ok,576,2.6681310828417084,1.633441484364135,1.2762642078825368,-0.5287502460443585,1.582593810997146,2.538589557976329,-0.9559957469791832,0.18856365061706237,0.08075849595379128,0.12729715274840706,0.4953605405588757,0.4282824165183177,1536.843503716824,526.422452107557,1010.4210516092669
P1,P5,R_log,P00,"{""lambda"":0.001}",59108,494,ok,494,2.421013667545114,1.5559606895886264,1.1404797482965447,-0.234736222370042,1.7801483863340175,2.4523628908451505,-0.6722145045111327,0.18617234221132822,0.08159752679879982,0.10588196424640423,0.7053015840148318,0.43829027356908196,1195.9807517672864,223.22493599712297,972.7558157701633
P1,P2,R_log,P00,"{""lambda"":0.1}",56997,2603,ok,2603,4.950308537729231,2.2249288837464514,1.946899001987792,-0.6121036656361654,2.9275269962016206,1.5584976291253216,1.369029367076299,0.06019558737678259,0.015616346847063502,0.020851416343862225,2.5232109890430245,0.25942677075839443,12885.653123709188,4878.650384808814,8007.0027389003735
P1,P3,R_log,P00,"{""lambda"":0.1}",59235,509,ok,509,1.5844695337714185,1.258757138518554,0.9472253641513905,-0.14563273636307272,1.780364889623482,2.2550049889435595,-0.47464009932007795,0.09331728050939102,0.139116033869204,0.18388531575293188,-1.5813634923510236,1.4907853412552456,806.494992689652,114.66916095622989,691.8258317334221
P1,P4,R_log,P00,"{""lambda"":0.1}",59129,576,ok,576,2.6079294107962374,1.6149084837216743,1.258188104965562,-0.49425669303129793,1.582593810997146,2.5029453367279197,-0.9203515257307736,0.14591258706779728,0.04236601537347669,0.0740401569341832,0.8558585598051698,0.2903520266815061,1502.1673406186328,487.8990322070186,1014.2683084116142
P1,P5,R_log,P00,"{""lambda"":0.1}",59108,494,ok,494,2.362515824284109,1.5370477625253254,1.1268697117651119,-0.20490185713156395,1.7801483863340175,2.4177958328153917,-0.6376474464813744,0.1326033900909624,0.07559426203824479,0.0978766807382868,0.4018164174797776,0.5700778991124521,1167.0828171963499,200.85756740608332,966.2252497902665
P1,P2,R_log,P02,"{""lambda"":0}",56997,2603,ok,2603,4.873576051280277,2.2076177321448287,1.925085262125343,-0.5871151782045356,2.9275269962016206,1.5803328679396569,1.3471941282619635,0.1921094689117274,0.10628462844410427,0.09171736384160405,2.053207304213139,0.5532503371447098,12685.91846148256,4724.268046038801,7961.650415443759
P1,P3,R_log,P02,"{""lambda"":0}",59235,509,ok,509,1.4970764683676614,1.2235507624809285,0.9355626569505434,-0.08244417102704338,1.780364889623482,1.9652519103424324,-0.18488702071895038,0.18663950897175952,-0.06133235671928248,-0.07303284635821652,2.4261741926613043,-0.3286140059903537,762.0119223991396,17.399254109037763,744.6126682901017
P1,P4,R_log,P02,"{""lambda"":0}",59129,576,ok,576,2.722724845791312,1.6500681336815495,1.299633409600835,-0.5600306539217721,1.582593810997146,2.4802688981624526,-0.8976750871653066,0.325762376325716,0.011970098472976816,0.03625359472018619,1.4914566352270953,0.0367448770726316,1568.2895111757957,464.1526437795307,1104.136867396265
P1,P5,R_log,P02,"{""lambda"":0}",59108,494,ok,494,2.5052663563977693,1.582803322083249,1.163253105796064,-0.2777057636630209,1.7801483863340175,2.4615069331703787,-0.6813585468363615,0.3048627447154619,0.08529486045234261,0.10608210131140297,1.0914650558627985,0.2797811865531521,1237.601580060498,229.3392378573974,1008.2623422031005
P1,P2,R_log,P02,"{""lambda"":0.001}",56997,2603,ok,2603,4.8951665362848855,2.2125023245829336,1.931234913394879,-0.5941462753075777,2.9275269962016206,1.5699879543460604,1.3575390418555602,0.1719173551382716,0.10344203702705407,0.09008914003220518,1.982871048145213,0.6016963031094595,12742.118493949558,4797.100587171979,7945.017906777579
P1,P3,R_log,P02,"{""lambda"":0.001}",59235,509,ok,509,1.4880510983337791,1.2198569991330046,0.9287041172638443,-0.07591847952700248,1.780364889623482,1.9898770408304602,-0.20951215120697855,0.1715123286918834,-0.04304055465826663,-0.047707267693321447,2.2797191470830294,-0.25094729333182597,757.4180090518936,22.342728825218305,735.0752802266754
P1,P4,R_log,P02,"{""lambda"":0.001}",59129,576,ok,576,2.7059111884551257,1.6449654064615236,1.2944824629216258,-0.5503969882616035,1.582593810997146,2.480999760142107,-0.8984059491449613,0.3148251328802602,0.017753261302687978,0.03841742895232632,1.442688090539748,0.056390864160899605,1558.6048445501524,464.9087516884179,1093.6960928617345
P1,P5,R_log,P02,"{""lambda"":0.001}",59108,494,ok,494,2.4967592965576806,1.5801136973514534,1.1611287124890408,-0.27336709549636073,1.7801483863340175,2.458522145334375,-0.6783737590003576,0.30012683927561307,0.08564724125136584,0.10615934894255893,1.0785595520548157,0.28537015036070834,1233.3990924994941,227.33433270873596,1006.0647597907582
P1,P2,R_log,P02,"{""lambda"":0.1}",56997,2603,ok,2603,5.059137602060881,2.249252676348498,1.9693615366268855,-0.6475446350625447,2.9275269962016206,1.5229638387892686,1.404563157412352,0.06016035370013194,-0.012213895809051942,-0.0038715183643643503,3.236722679136661,-0.20302234042591977,13168.935178164473,5135.192317205885,8033.742860958586
P1,P3,R_log,P02,"{""lambda"":0.1}",59235,509,ok,509,1.48215053746001,1.2174360506655,0.9238088623722917,-0.0716521458703352,1.780364889623482,2.048334387467267,-0.26796949784378504,0.1347373897419846,-0.005856848667011385,-0.0031247398183439678,1.869403162888271,-0.04346862202263923,754.4146235671451,36.55009475329701,717.864528813848
P1,P4,R_log,P02,"{""lambda"":0.1}",59129,576,ok,576,2.6130853533822336,1.6165040530051984,1.2661042915137564,-0.4972108764099259,1.582593810997146,2.45937463609288,-0.8767808250957341,0.26528169562106546,0.02568696348206085,0.04149657185730494,1.3444550041785124,0.09682900820549903,1505.1371635481664,442.79689838720043,1062.3402651609658
P1,P5,R_log,P02,"{""lambda"":0.1}",59108,494,ok,494,2.438128048858735,1.5614506232534973,1.1450991887698803,-0.24346469293369988,1.7801483863340175,2.4398023701520275,-0.6596539838180099,0.2602613499175895,0.08875282590555943,0.11048621174645645,0.9481410403695082,0.3410142379329953,1204.4352561362152,214.9608289132838,989.4744272229314
P1,P2,R_log,S01,"{""lambda"":0}",1579,2603,ok,2603,92473.24693736112,304.0941415702728,304.08810946853714,-30113.579571111222,2.9275269962016206,307.01563646473875,-304.08810946853714,0.37303323447318115,-0.07446769571081346,-0.06539835531082251,64.21629400648146,-0.19962750990801395,240707861.777951,240698312.36734793,9549.410603080787
P1,P3,R_log,S01,"{""lambda"":0}",3673,509,ok,509,1.7158526484765706,1.3099055876194172,1.0319686484938124,-0.24062780821737384,1.780364889623482,1.7153255244388057,0.06503936518467594,0.3552315779444761,-0.1567706836220639,-0.16169457976002352,2.5373717882125453,-0.44131967244918685,873.3689980745744,2.1531305830254492,871.2158674915488
P1,P4,R_log,S01,"{""lambda"":0}",3604,576,ok,576,2.1350611375214976,1.4611848402996446,1.126782430651369,-0.2233189217335685,1.582593810997146,1.7618642911304947,-0.1792704801333488,0.4782878111629698,0.02493713745988245,0.04886413684356023,1.4907331133415893,0.05213835033606049,1229.7952152123826,18.511433307211046,1211.2837819051715
P1,P5,R_log,S01,"{""lambda"":0}",3687,494,ok,494,2.423630428026796,1.5568013450748288,1.2640159436796707,-0.23607079102420236,1.7801483863340175,1.2627450465768333,0.5174033397571843,0.240382876557551,-0.08685012285820952,-0.0733051649083772,2.236377066198147,-0.36129912455480745,1197.2734314452373,132.24687069999283,1065.0265607452445
P1,P2,R_log,S01,"{""lambda"":0.001}",1579,2603,ok,2603,3.191717057946124,1.7865377292254772,1.494177766107467,-0.039405671297545686,2.9275269962016206,2.739817785291753,0.1877092109098678,0.11948754858598964,-0.057135440130490156,-0.058466667916233644,4.237627478573925,-0.478170661350312,8308.03950183376,91.71604868063483,8216.323453153127
P1,P3,R_log,S01,"{""lambda"":0.001}",3673,509,ok,509,1.764687507160515,1.3284154121209657,1.0528831474974556,-0.27593729924357513,1.780364889623482,1.555859173893272,0.22450571573020986,0.3563323280849265,-0.1578882650546877,-0.16500813372144757,2.4697547829168034,-0.443092732852062,898.2259411447021,25.655033545326702,872.5709075993753
P1,P4,R_log,S01,"{""lambda"":0.001}",3604,576,ok,576,2.2035958048229025,1.4844513480821466,1.1471442388777418,-0.26258700349063235,1.582593810997146,1.9416110925701133,-0.3590172815729671,0.46479782095404953,0.02936937286215143,0.051079230374014344,1.4599084248782248,0.0631874151257152,1269.271183577992,74.24260327759283,1195.0285803003994
P1,P5,R_log,S01,"{""lambda"":0.001}",3687,494,ok,494,4.388285851604106,2.0948235848405243,1.7962124303547071,-1.238060680005884,1.7801483863340175,0.2843631545490437,1.4957852317849736,0.2429366870383055,-0.07813597554328053,-0.06457707850100289,1.8716083990646215,-0.32163102451035014,2167.8132106924286,1105.2624890552574,1062.550721637171
P1,P2,R_log,S01,"{""lambda"":0.1}",1579,2603,ok,2603,5.2279465183976495,2.286470318722211,2.002892708831423,-0.7025184757321623,2.9275269962016206,1.4899621703144554,1.437564825887165,0.090003292190802,-0.11897950366324601,-0.13071909108095572,4.897176718849694,-1.3219461284929006,13608.344787389082,5379.3406123186705,8229.004175070408
P1,P3,R_log,S01,"{""lambda"":0.1}",3673,509,ok,509,1.9146664326225542,1.3837147222684862,1.1035799112412665,-0.3843778612813282,1.780364889623482,1.2695584938283997,0.5108063957950825,0.3052286087450393,-0.1679983647863032,-0.18420910766134715,2.479132124584381,-0.5504017643596245,974.5652142048801,132.8098955584477,841.7553186464322
P1,P4,R_log,S01,"{""lambda"":0.1}",3604,576,ok,576,2.2631837457102546,1.5043881632445313,1.1656572873597537,-0.2967289089909402,1.582593810997146,2.1769239004019036,-0.5943300894047575,0.34441218555718583,0.03524682230623649,0.06075755194929499,1.3598094464789947,0.10233906866336524,1303.5938375291066,203.45947497899544,1100.1343625501113
P1,P5,R_log,S01,"{""lambda"":0.1}",3687,494,ok,494,2.3118798979034474,1.5204867305910457,1.2270728729458644,-0.17907713202009345,1.7801483863340175,1.2877563306854132,0.4923920556486044,0.2046803072255742,-0.033055716194534596,-0.016275060516210804,1.9881200684750806,-0.16149925042913152,1142.068669564303,119.77026861413401,1022.298400950169
P1,P2,R_log,S02,"{""lambda"":0}",1579,2603,ok,2603,399804.0556697375,632.300605463681,632.2961771532281,-130198.07320302936,2.9275269962016206,635.2237041494296,-632.2961771532281,0.8782901937047443,-0.029771226195155726,-0.05319177000123022,24.45957724144759,-0.033896799040390946,1040689956.9083267,1040675380.0376524,14576.870674582164
P1,P3,R_log,S02,"{""lambda"":0}",3673,509,ok,509,1.6406770853123915,1.2808891776076459,1.0022507068181854,-0.1862729693897578,1.780364889623482,1.763575753080587,0.01678913654289509,0.3225271402729314,-0.12719147682807516,-0.12831238489018043,2.475846839894972,-0.39435898858137103,835.1046364240073,0.14347442888069142,834.9611619951265
P1,P4,R_log,S02,"{""lambda"":0}",3604,576,ok,576,2.0458782832024602,1.430342016163428,1.103527690850441,-0.1722201165212105,1.582593810997146,1.67088433657045,-0.08829052557330408,0.4511819724761395,0.0396862658656151,0.058332169506064444,1.4356217153526694,0.08796066395962636,1178.425891124617,4.490044937861911,1173.935846186755
P1,P5,R_log,S02,"{""lambda"":0}",3687,494,ok,494,2.201213091064336,1.4836485739771181,1.114953148706467,-0.12263618050872283,1.7801483863340175,2.0024088595432095,-0.22226047320919168,0.2303270426693552,-0.09636598557284097,-0.08119527379117576,2.6179314839387504,-0.4183876302843808,1087.399266985782,24.403460667879862,1062.9958063179022
P1,P2,R_log,S02,"{""lambda"":0.001}",1579,2603,ok,2603,3.929157998575839,1.982210382016964,1.4495880258413325,-0.27955863035425077,2.9275269962016206,3.8608650366685664,-0.9333380404669458,0.16349388013412633,0.09437079144121845,0.06827362024254961,0.6989855434008452,0.5772129902587121,10227.598270292909,2267.5250939283114,7960.0731763645945
P1,P3,R_log,S02,"{""lambda"":0.001}",3673,509,ok,509,1.681669017310983,1.2967918172594177,1.0243454683266233,-0.21591172117602597,1.780364889623482,1.5984230191276376,0.18194187049584426,0.3266465386700183,-0.130537314114702,-0.13415747733105982,2.4191405172042755,-0.3996286464451786,855.9695298112903,16.84934771791902,839.1201820933713
P1,P4,R_log,S02,"{""lambda"":0.001}",3604,576,ok,576,2.09733522655268,1.4482179485673694,1.117307522056971,-0.2017032312426792,1.582593810997146,1.8668448648791032,-0.28425105388195737,0.4400312922926802,0.0434278762324348,0.059195275457920596,1.3983498511762122,0.098692699799062,1208.0650904943436,46.54002910060998,1161.5250613937337
P1,P5,R_log,S02,"{""lambda"":0.001}",3687,494,ok,494,3.3878191011335206,1.840602917832502,1.5510367405072258,-0.7278146815454629,1.7801483863340175,0.6655096212393417,1.114638765094676,0.23425010724217696,-0.08387980146797598,-0.07115960199842906,2.0184527165295725,-0.3580779639996399,1673.5826359599591,613.7552708659815,1059.8273650939777
P1,P2,R_log,S02,"{""lambda"":0.1}",1579,2603,ok,2603,4.951675230905638,2.225235994429723,1.9477530208408225,-0.6125487391225337,2.9275269962016206,1.570164910919039,1.3573620852825816,0.06744315742702425,-0.05930142440510824,-0.06736924231012395,4.308141714146437,-0.8792800732865208,12889.210626047377,4795.850054954652,8093.360571092727
P1,P3,R_log,S02,"{""lambda"":0.1}",3673,509,ok,509,1.8557483959835426,1.3622585642907672,1.0848840226933856,-0.3417778427279716,1.780364889623482,1.3053032807709686,0.4750616088525135,0.2974366884587749,-0.15151348632379066,-0.16755564563166234,2.445283033394783,-0.5093974354975739,944.5759335556231,114.8729178926191,829.703015663004
P1,P4,R_log,S02,"{""lambda"":0.1}",3604,576,ok,576,2.1944955388331358,1.4813829818224373,1.1444514999971198,-0.2573728541707614,1.582593810997146,2.1409326067703165,-0.5583387957731704,0.3345546294790014,0.04957613345155294,0.07405811341230423,1.26533871639775,0.14818546534166158,1264.029430367886,179.56351345849,1084.4659169093961
P1,P5,R_log,S02,"{""lambda"":0.1}",3687,494,ok,494,2.276557004225652,1.508826366493392,1.212448814147732,-0.16106217535645584,1.7801483863340175,1.3235990790616656,0.45654930727235205,0.21240132356603456,-0.02270039508653235,-0.004546062911894179,1.9216080605319936,-0.10687501709223061,1124.6191600874722,102.96801136560708,1021.6511487218652
P1,P2,R_log,S03,"{""control_lambda"":0.001,""difference_penalty"":0.01,""n_knots"":3}",1579,2603,ok,2603,3.974215843342628,1.993543539364673,1.4517255000738098,-0.2942320423568743,2.9275269962016206,3.8853620051596884,-0.9578350089580677,0.11931362519575699,0.07868851261881171,0.06488872882684557,0.3650924320850293,0.6595098630999443,10344.88384022086,2388.1168951159816,7956.7669451048805
P1,P3,R_log,S03,"{""control_lambda"":0.001,""difference_penalty"":0.01,""n_knots"":3}",3673,509,ok,509,1.6117681906444268,1.2695543275671297,0.9995891860275475,-0.165370720783651,1.780364889623482,1.6206440379331388,0.1597208516903431,0.31574585456404747,-0.07479119118830915,-0.07916982935434191,2.1642492584510826,-0.23687149049533482,820.3900090380132,12.984971986526489,807.4050370514865
P1,P4,R_log,S03,"{""control_lambda"":0.001,""difference_penalty"":0.01,""n_knots"":3}",3604,576,ok,576,2.045864104591316,1.4303370597839224,1.102502240676229,-0.1722119926492558,1.582593810997146,1.8393404771772697,-0.2567466661801237,0.43156162116809155,0.06001778608334084,0.07924165492131657,1.326794551102676,0.13907118506250163,1178.417724244598,37.96925794249414,1140.448466302104
P1,P5,R_log,S03,"{""control_lambda"":0.001,""difference_penalty"":0.01,""n_knots"":3}",3687,494,ok,494,3.2018748257010428,1.7893783349814658,1.4941271328774368,-0.6329816224443812,1.7801483863340175,0.7576012882609208,1.0225470980730966,0.2611461705399292,-0.06034680842547511,-0.044490255525503404,1.9552182321259342,-0.23108440878419137,1581.726163896315,516.5276684821893,1065.1984954141258
P1,P2,R_log,S03,"{""control_lambda"":0.1,""difference_penalty"":0.01,""n_knots"":3}",1579,2603,ok,2603,5.380643714643141,2.3196214593426965,2.033955422224922,-0.7522454185931098,2.9275269962016206,1.4060752940464796,1.5214517021551408,0.1163456446566111,0.06500963669918035,0.029900333324739854,2.1418642040322813,0.5587629592070539,14005.815589216098,6025.4641790219885,7980.351410194111
P1,P3,R_log,S03,"{""control_lambda"":0.1,""difference_penalty"":0.01,""n_knots"":3}",3673,509,ok,509,1.820223492672054,1.3491565856756784,1.0743607208719752,-0.3160919640649076,1.780364889623482,1.3257075606755768,0.4546573289479049,0.3092960271951023,-0.11472218601967818,-0.13018377924827637,2.2720882097150814,-0.37091386869742105,926.4937577700755,105.21706296391609,821.2766948061594
P1,P4,R_log,S03,"{""control_lambda"":0.1,""difference_penalty"":0.01,""n_knots"":3}",3604,576,ok,576,2.0790488467887887,1.4418907194336152,1.1105238372832873,-0.1912257446817358,1.582593810997146,2.0840933272995334,-0.5014995163023872,0.32639229745447573,0.09100754275503291,0.12252233338674856,1.0014887602073204,0.2788287084738155,1197.5321357503421,144.8650165544803,1052.6671191958617
P1,P5,R_log,S03,"{""control_lambda"":0.1,""difference_penalty"":0.01,""n_knots"":3}",3687,494,ok,494,2.232251068816158,1.494071975781675,1.1869950238019717,-0.13846579597642483,1.7801483863340175,1.3961700892525575,0.38397829708146003,0.2503645315978442,-0.0011746176874677418,0.013789000799086225,1.7866986994757519,-0.00469162976069847,1102.732027995182,72.83503031901152,1029.8969976761705
P1,P2,R_log,S03,"{""control_lambda"":0.001,""difference_penalty"":1,""n_knots"":3}",1579,2603,ok,2603,3.388332314760431,1.8407423270953573,1.4089057331197392,-0.103434847219525,2.9275269962016206,3.4457018630833764,-0.5181748668817556,0.087506046889633,-0.047636063076714544,-0.04084948789253584,4.803279325642507,-0.5443745291887716,8819.829015321402,698.9190165146092,8120.909998806794
P1,P3,R_log,S03,"{""control_lambda"":0.001,""difference_penalty"":1,""n_knots"":3}",3673,509,ok,509,1.738002921893403,1.318333387991597,1.0482976370688055,-0.25664331233711213,1.780364889623482,1.4894777667556591,0.29088712286782265,0.33155661076437387,-0.1289875946912115,-0.13195714862102773,2.359825977842851,-0.3890364134011451,884.6434872437421,43.06919698941275,841.5742902543293
P1,P4,R_log,S03,"{""control_lambda"":0.001,""difference_penalty"":1,""n_knots"":3}",3604,576,ok,576,2.2301000004021936,1.4933519345426227,1.158475077506833,-0.2777730248123038,1.582593810997146,1.9555703199964727,-0.3729765089993265,0.47104605204804517,0.025281605594226205,0.04693084366414389,1.4776360105295119,0.05367119729441565,1284.5376002316634,80.12821032882702,1204.4093899028362
P1,P5,R_log,S03,"{""control_lambda"":0.001,""difference_penalty"":1,""n_knots"":3}",3687,494,ok,494,4.409624976626473,2.099910706822191,1.7990570786882334,-1.2489438034562013,1.7801483863340175,0.2812514419308443,1.4988969444031732,0.23964724612323887,-0.09531131785521885,-0.08017776520630393,1.8920063192448096,-0.397715055762439,2178.3547384534777,1109.8658726709377,1068.4888657825404
P1,P2,R_log,S03,"{""control_lambda"":0.1,""difference_penalty"":1,""n_knots"":3}",1579,2603,ok,2603,6.162607882879693,2.482460046582763,2.187697919574634,-1.0068976877198614,2.9275269962016206,1.1857303287462804,1.74179666745534,0.06522338422922606,-0.11228057731883105,-0.11649927920164542,4.968734876310718,-1.7214773297292207,16041.268319135841,7897.12620686445,8144.142112271394
P1,P3,R_log,S03,"{""control_lambda"":0.1,""difference_penalty"":1,""n_knots"":3}",3673,509,ok,509,2.0259724799112826,1.4233666006729548,1.1400163947159399,-0.46485643711460733,1.780364889623482,1.2080450185639726,0.5723198710595092,0.33148656930653814,-0.17819990694618054,-0.1972930767706581,2.42978338746864,-0.5375780603086586,1031.2199922748428,166.72296771807277,864.49702455677
P1,P4,R_log,S03,"{""control_lambda"":0.1,""difference_penalty"":1,""n_knots"":3}",3604,576,ok,576,2.2974717182091506,1.5157413097917305,1.1777095401117823,-0.31637477524209245,1.582593810997146,2.2016804334546602,-0.6190866224575142,0.35084983158541033,0.03751002088157246,0.06172641558227379,1.347207980369123,0.10691189650020129,1323.3437096884709,220.76250975697118,1102.5811999314997
P1,P5,R_log,S03,"{""control_lambda"":0.1,""difference_penalty"":1,""n_knots"":3}",3687,494,ok,494,2.319644027637973,1.523037763037402,1.2267228640891787,-0.1830368999251295,1.7801483863340175,1.2916934402349982,0.48845494609901907,0.22194007394833679,-0.027254218902407246,-0.006136856429532897,1.9387682117160843,-0.12279990007010402,1145.9041496531586,117.86258777808625,1028.0415618750721
P1,P2,R_log,S03,"{""control_lambda"":0.001,""difference_penalty"":0.01,""n_knots"":5}",1579,2603,ok,2603,4.214601767229086,2.052949528660918,1.4825050395794215,-0.37251545158503085,2.9275269962016206,3.99524305516287,-1.0677160589612495,0.10113280988359485,0.0443344678473059,0.04067473204366327,1.1760976136385752,0.4383786814421098,10970.60840009731,2967.4657674134214,8003.142632683887
P1,P3,R_log,S03,"{""control_lambda"":0.001,""difference_penalty"":0.01,""n_knots"":5}",3673,509,ok,509,1.6200410762014652,1.27280834228939,1.001517706004847,-0.1713523369121539,1.780364889623482,1.5928356367543148,0.18752925286916733,0.34535677423530203,-0.03858875386046463,-0.04500161426775277,1.9583418308981602,-0.11173591120634244,824.6009077865458,17.900115326969065,806.7007924595766
P1,P4,R_log,S03,"{""control_lambda"":0.001,""difference_penalty"":0.01,""n_knots"":5}",3604,576,ok,576,2.0610585828971772,1.4356387369032564,1.106979199210765,-0.1809179226532125,1.582593810997146,1.8622486227368766,-0.27965481173973084,0.43561676188293885,0.06158387922125375,0.08700105478916219,1.3193245700091405,0.14137169321735818,1187.1697437487742,45.04712470801015,1142.1226190407642
P1,P5,R_log,S03,"{""control_lambda"":0.001,""difference_penalty"":0.01,""n_knots"":5}",3687,494,ok,494,3.417502621354499,1.8486488637257479,1.5553008226651173,-0.7429535129017764,1.7801483863340175,0.6562254432385035,1.123922943095514,0.24795876591098398,-0.0750659073189903,-0.06157591843926948,1.9788110878583063,-0.30273544491642856,1688.2462949491223,624.0221743161421,1064.2241206329802
P1,P2,R_log,S03,"{""control_lambda"":0.1,""difference_penalty"":0.01,""n_knots"":5}",1579,2603,ok,2603,5.232608153276698,2.287489487030858,2.005205207625135,-0.7040365707395935,2.9275269962016206,1.4605950159614325,1.466931980240188,0.09449850728626452,0.030009500737766922,0.020780266501543406,2.463691868348291,0.31756587061062336,13620.479022979245,5601.368198397592,8019.110824581652
P1,P3,R_log,S03,"{""control_lambda"":0.1,""difference_penalty"":0.01,""n_knots"":5}",3673,509,ok,509,1.8365863813701413,1.3552071359648832,1.08023967659604,-0.3279229652640123,1.780364889623482,1.3028036546429496,0.4775612349805325,0.3318448498340878,-0.07970944967818185,-0.09649813470235279,2.093299571003149,-0.24020095450640297,934.822468117402,116.08494917647087,818.7375189409312
P1,P4,R_log,S03,"{""control_lambda"":0.1,""difference_penalty"":0.01,""n_knots"":5}",3604,576,ok,576,2.1113290854415063,1.4530413226888994,1.1190852542215448,-0.20972124630834799,1.582593810997146,2.109896919494778,-0.5273031084976321,0.3341397053844463,0.0916393118904584,0.11949734294293354,1.0039451237965633,0.2742544822233032,1216.1255532143077,160.15597530120897,1055.9695779130989
P1,P5,R_log,S03,"{""control_lambda"":0.1,""difference_penalty"":0.01,""n_knots"":5}",3687,494,ok,494,2.259997896074565,1.5033289380819372,1.2001507791682862,-0.15261689852122728,1.7801483863340175,1.3560845809003845,0.42406380543363287,0.23817910658778194,-0.008759846959730531,0.0069893676579086015,1.8300230103651542,-0.03677840212446191,1116.4389606608352,88.83607487295389,1027.602885787881
P1,P2,R_log,S03,"{""control_lambda"":0.001,""difference_penalty"":1,""n_knots"":5}",1579,2603,ok,2603,3.4888906382468723,1.86785723176234,1.4058154016229012,-0.1361823902599597,2.9275269962016206,3.572435775030161,-0.6449087788285406,0.08329942269100533,0.037212893735727094,0.02866914436673237,1.3315894905235397,0.44673651429453815,9081.582331356609,1082.606787825341,7998.975543531267
P1,P3,R_log,S03,"{""control_lambda"":0.001,""difference_penalty"":1,""n_knots"":5}",3673,509,ok,509,1.568005344538478,1.252200201460804,0.9823194922710752,-0.13372849096048878,1.780364889623482,1.6443341648810708,0.13603072474241118,0.28946925516431143,-0.06314431371422413,-0.06252706178684653,2.1390570495191157,-0.21813823951141742,798.1147203700854,9.418718259638329,788.696002110447
P1,P4,R_log,S03,"{""control_lambda"":0.001,""difference_penalty"":1,""n_knots"":5}",3604,576,ok,576,2.039027489512856,1.4279451983577156,1.1021971535872825,-0.1682948399087032,1.582593810997146,1.8257623467777029,-0.24316853578055664,0.4274880411563535,0.05652935070159847,0.07461215409800713,1.3411621215407818,0.13223609846181136,1174.479833959405,34.05941959314808,1140.4204143662569
P1,P5,R_log,S03,"{""control_lambda"":0.001,""difference_penalty"":1,""n_knots"":5}",3687,494,ok,494,3.191828752976227,1.7865689891454588,1.49803433778127,-0.6278580454682663,1.7801483863340175,0.7593809177636427,1.0207674685703747,0.23870747668782336,-0.08266545767626036,-0.06986714759235527,2.0431253654742454,-0.3463044342945677,1576.7634039702561,514.731315096436,1062.0320888738197
P1,P2,R_log,S03,"{""control_lambda"":0.1,""difference_penalty"":1,""n_knots"":5}",1579,2603,ok,2603,5.420573504044558,2.328212512646678,2.0432270833279618,-0.7652488423941708,2.9275269962016206,1.3991217791588697,1.528405217042751,0.0732760849174831,0.005889464832237655,-0.013968197170466531,2.815074501999001,0.08037362857021947,14109.752831027985,6080.666586979547,8029.086244048439
P1,P3,R_log,S03,"{""control_lambda"":0.1,""difference_penalty"":1,""n_knots"":5}",3673,509,ok,509,1.785994054992521,1.3364108855410155,1.0623052763134093,-0.2913427571428706,1.780364889623482,1.3413871645934148,0.4389777250300671,0.2814996459743813,-0.12925435851403716,-0.14267350032665457,2.3962808950534287,-0.45916348514981914,909.0709739911932,98.08503452393975,810.9859394672534
P1,P4,R_log,S03,"{""control_lambda"":0.1,""difference_penalty"":1,""n_knots"":5}",3604,576,ok,576,2.0836319083683215,1.4434790986946509,1.1131702629611955,-0.19385168632396033,1.582593810997146,2.0847990226318296,-0.5022052116346836,0.3150085028242636,0.07918301053225217,0.10756559342944129,1.0585423600470107,0.25136785141455886,1200.1719792201532,145.27300296558948,1054.8989762545636
P1,P5,R_log,S03,"{""control_lambda"":0.1,""difference_penalty"":1,""n_knots"":5}",3687,494,ok,494,2.2105934265850595,1.486806452294669,1.1852582243606866,-0.1274202262168025,1.7801483863340175,1.4042275852233566,0.375920801110661,0.21453782429707344,-0.021723991101936523,-0.010383534997739554,1.9223397582584607,-0.10125949199454456,1092.0331527330195,69.81032566159449,1022.2228270714251
P1,P2,R_log,S04,"{""control_lambda"":0.001}",1579,2603,ok,2603,3.134145254618955,1.7703517318936808,1.4855639301749697,-0.020656998467632137,2.9275269962016206,2.6293355211779286,0.29819147502369175,0.10936924514521573,0.09262874491167095,0.08407988959295763,0.7006482337578643,0.8469359442746683,8158.18009777314,231.45395948702335,7926.726138286115
P1,P3,R_log,S04,"{""control_lambda"":0.001}",3673,509,ok,509,1.7026011433809751,1.3048375927221652,1.0312389037043033,-0.23104645766438403,1.780364889623482,1.5821011428006333,0.19826374682284859,0.33951284626776473,-0.1286489021886863,-0.13413991110805934,2.3798578908757655,-0.3789220455217304,866.6239819809164,20.008033271855414,846.6159487090608
P1,P4,R_log,S04,"{""control_lambda"":0.001}",3604,576,ok,576,2.0854591595425096,1.4441118930133183,1.1129253114418762,-0.19489864038858218,1.582593810997146,1.8664465157413082,-0.28385270474416235,0.4406107815010222,0.05152449723074436,0.06978154700922655,1.3643337902050257,0.11693880266664526,1201.2244758964855,46.409678202572124,1154.8147976939135
P1,P5,R_log,S04,"{""control_lambda"":0.001}",3687,494,ok,494,3.451925126604337,1.8579357164886887,1.5625321201394644,-0.7605092643072591,1.7801483863340175,0.6389249625644255,1.141223423769592,0.25788463355745417,-0.05772942446727655,-0.04146356193620362,1.9231765685789395,-0.22385755859476208,1705.2510125425424,643.3811060624325,1061.86990648011
P1,P2,R_log,S04,"{""control_lambda"":0.1}",1579,2603,ok,2603,3.8942650986754543,1.973389241552577,1.713508726281915,-0.26819550593374974,2.9275269962016206,2.0138759898259986,0.9136510063756217,0.08656918269557554,0.06436315302222584,0.04651441702120999,1.4302342591687447,0.743488052192451,10136.772051852207,2172.875494257438,7963.89655759477
P1,P3,R_log,S04,"{""control_lambda"":0.1}",3673,509,ok,509,1.9236150961465748,1.3869445180491449,1.1055621052586055,-0.3908480910088852,1.780364889623482,1.285236180109125,0.49512870951435695,0.3308818378880066,-0.1573229416796594,-0.17266837220014158,2.3914505203685987,-0.47546563052187935,979.1200839386065,124.7825914435444,854.3374924950622
P1,P4,R_log,S04,"{""control_lambda"":0.1}",3604,576,ok,576,2.09929449489408,1.4488942317830105,1.1159182800420435,-0.2028258267471672,1.582593810997146,2.0888058644612704,-0.5062120534641248,0.32997059478778057,0.08012509499762488,0.10849580818043979,1.0753796198987058,0.24282495550598104,1209.1936290589902,147.6003704096828,1061.5932586493075
P1,P5,R_log,S04,"{""control_lambda"":0.1}",3687,494,ok,494,2.23803254588109,1.4960055300302504,1.1903440997378663,-0.14141439525389665,1.7801483863340175,1.3798932396114723,0.4002551467225451,0.2416843232208466,-0.0026846510710550105,0.012811957629246484,1.795476363814292,-0.01110808940885193,1105.5880776652584,79.14086614407573,1026.4472115211825
P1,P2,R_log,G05,"{""max_leaf_nodes"":7,""min_samples_leaf"":20}",56997,2603,ok,2603,4.837873719833577,2.199516701421832,1.9227754715975596,-0.5754884565652043,2.9275269962016206,1.5987709296923092,1.3287560665093112,0.07291539177537752,0.0329572723741275,0.04138783326538741,2.2048931638822897,0.45199335245506683,12592.9852927268,4595.8377571946285,7997.147535532173
P1,P3,R_log,G05,"{""max_leaf_nodes"":7,""min_samples_leaf"":20}",59235,509,ok,509,1.33439372797874,1.1551596114731244,0.8956178785226336,0.035181740395303085,1.780364889623482,1.624527426954302,0.15583746266918005,0.1427796013470106,0.25608341750651126,0.2827236541109567,-1.133318377473182,1.7935574486171024,679.2064075411786,12.361225218524556,666.845182322654
P1,P4,R_log,G05,"{""max_leaf_nodes"":7,""min_samples_leaf"":20}",59129,576,ok,576,1.915628784414952,1.3840624207075893,1.0726710828132922,-0.09759149178869375,1.582593810997146,1.914516353743404,-0.3319225427462577,0.19458485147053486,0.008728809914210149,0.019020199624465484,1.4967112296801546,0.04485863030058083,1103.4021798230124,63.45940284468938,1039.942776978323
P1,P5,R_log,G05,"{""max_leaf_nodes"":7,""min_samples_leaf"":20}",59108,494,ok,494,1.9524931017748175,1.3973163928669905,1.0521732362659082,0.004212991852479808,1.7801483863340175,1.8417546050273872,-0.061606218693369866,0.16941445251796294,0.10285396136400358,0.12178113178339718,0.6619925609484754,0.6071144452867623,964.5315922767599,1.8748911337574854,962.6567011430025
P1,P2,R_log,G05,"{""max_leaf_nodes"":7,""min_samples_leaf"":50}",56997,2603,ok,2603,4.7810497705499495,2.186561174664443,1.9112247364375614,-0.5569833277963863,2.9275269962016206,1.6170731439365567,1.3104538522650637,0.07896647735410518,0.05382042099667689,0.06619617992856801,1.825394036682426,0.6815603633340874,12445.072552741518,4470.104045079247,7974.968507662269
P1,P3,R_log,G05,"{""max_leaf_nodes"":7,""min_samples_leaf"":50}",59235,509,ok,509,1.3401107592068369,1.1576315299812963,0.8976593911517057,0.03104810576862249,1.780364889623482,1.6243212523207948,0.15604363730268694,0.13646881395782473,0.24649425528931077,0.26958335164590147,-1.1535351409370027,1.8062313882605379,682.11637643628,12.39395492201013,669.7224215142699
P1,P4,R_log,G05,"{""max_leaf_nodes"":7,""min_samples_leaf"":50}",59129,576,ok,576,1.9122135531730104,1.3828280996468831,1.0713500143332046,-0.09563467803430514,1.582593810997146,1.9124020981782561,-0.32980828718110994,0.19236974924622663,0.009604001448190663,0.02057676435259307,1.487117715652664,0.04992469702654687,1101.435006627654,62.65353962496239,1038.7814670026917
P1,P5,R_log,G05,"{""max_leaf_nodes"":7,""min_samples_leaf"":50}",59108,494,ok,494,1.946160718015945,1.395048643602059,1.0529141973492975,0.007442557924676407,1.7801483863340175,1.8215324502538175,-0.04138406391979993,0.17443302636274297,0.11105379473790825,0.1301815375569654,0.6204592204861612,0.6366557816119399,961.4033946998768,0.8460445287799346,960.5573501710968
P1,P2,R_log,G05,"{""max_leaf_nodes"":15,""min_samples_leaf"":20}",56997,2603,ok,2603,4.768088233272879,2.1835952539957764,1.9088893526519368,-0.55276230973309,2.9275269962016206,1.6184270872135889,1.309099908988032,0.08653484519165996,0.07406608140533948,0.08664809992497094,1.5422982814026824,0.8559104860163066,12411.333671209304,4460.871914167569,7950.461757041738
P1,P3,R_log,G05,"{""max_leaf_nodes"":15,""min_samples_leaf"":20}",59235,509,ok,509,1.3422511407106004,1.1585556269383877,0.8975408818634268,0.029500527183642822,1.780364889623482,1.6284340549652925,0.1519308346581892,0.1465061509678102,0.23089291808025816,0.2521210202471418,-0.7860385573882134,1.5759947043519635,683.2058306216956,11.74923606664642,671.4565945550492
P1,P4,R_log,G05,"{""max_leaf_nodes"":15,""min_samples_leaf"":20}",59129,576,ok,576,1.9326722766532909,1.3902058396702595,1.0722195167704534,-0.10735684519294453,1.582593810997146,1.9399869312931683,-0.3573931202960225,0.19479595860533086,0.009685944936626896,0.026973592434439066,1.4861307902609078,0.049723541525064495,1113.2192313522955,73.57238924251807,1039.6468421097775
P1,P5,R_log,G05,"{""max_leaf_nodes"":15,""min_samples_leaf"":20}",59108,494,ok,494,1.9970235278382753,1.4131608287234243,1.0942399772317617,-0.018497879546224283,1.7801483863340175,1.5464395112638953,0.23370887507012214,0.1977370586005356,0.12253296626413981,0.14687645927228124,0.8218564920157383,0.6196762869406209,986.529622752108,26.982200113551727,959.5474226385563
P1,P2,R_log,G05,"{""max_leaf_nodes"":15,""min_samples_leaf"":50}",56997,2603,ok,2603,4.711467577953323,2.170591527200206,1.8963101087678003,-0.5343233851093638,2.9275269962016206,1.6378809566038017,1.2896460395978186,0.0920067832125238,0.08570384712717892,0.09296952139995927,1.4018492774942184,0.9314948760811919,12263.950105412501,4329.275520093231,7934.67458531927
P1,P3,R_log,G05,"{""max_leaf_nodes"":15,""min_samples_leaf"":50}",59235,509,ok,509,1.3400252207902164,1.157594583949932,0.8982962600138779,0.0311099533511785,1.780364889623482,1.6157591204442814,0.1646057691792006,0.15287309355011364,0.24226274822984065,0.2631933826985263,-0.7801788653698938,1.584731116535062,682.0728373822201,13.791385156761821,668.2814522254582
P1,P4,R_log,G05,"{""max_leaf_nodes"":15,""min_samples_leaf"":50}",59129,576,ok,576,1.922868311261273,1.3866752724633382,1.068721598760865,-0.10173949955290373,1.582593810997146,1.9355179266061897,-0.3529241156090435,0.19818142955486584,0.022460462719632937,0.039565825331986396,1.3632360824180194,0.11333283229453567,1107.5721472864932,71.7439284739731,1035.8282188125204
P1,P5,R_log,G05,"{""max_leaf_nodes"":15,""min_samples_leaf"":50}",59108,494,ok,494,1.9509759273502034,1.396773398712262,1.0639295859450626,0.004986762873617434,1.7801483863340175,1.7362717550842233,0.043876631249794254,0.19742814462584837,0.11382997477561942,0.1348327056935049,0.779076475034794,0.5765640708995254,963.7821081110005,0.9510284322962282,962.8310796787042
P1,P2,R_log,S05,"{""max_leaf_nodes"":7,""min_samples_leaf"":20}",1579,2603,ok,2603,6.074612619067319,2.4646729233444584,2.1549774791232177,-0.9782413956383944,2.9275269962016206,1.2550815411406995,1.672445455060921,0.17183822827674516,-0.1100621502828619,-0.1450611622892809,3.731405007419266,-0.6404986328513995,15812.216647432233,7280.783101800682,8531.433545631553
P1,P3,R_log,S05,"{""max_leaf_nodes"":7,""min_samples_leaf"":20}",3673,509,ok,509,1.3911966318175017,1.1794899880107086,0.9107595173340244,-0.005888955361954107,1.780364889623482,1.6752413032447586,0.10512358637872335,0.1935024174049078,0.10218091370080581,0.12579840657817587,0.8957367318434923,0.5280601403908571,708.1190855951083,5.624942922280579,702.4941426728278
P1,P4,R_log,S05,"{""max_leaf_nodes"":7,""min_samples_leaf"":20}",3604,576,ok,576,1.8178075926426298,1.3482609512414983,1.0501383008763117,-0.04154320692293778,1.582593810997146,1.8421709651590799,-0.25957715416193416,0.1463873247548557,0.06316362807778166,0.07339175466083098,0.7877285322317001,0.43148290457221794,1047.0571733621548,38.81105220257771,1008.2461211595771
P1,P5,R_log,S05,"{""max_leaf_nodes"":7,""min_samples_leaf"":20}",3687,494,ok,494,2.0390159645588057,1.4279411628490881,1.0875630195845376,-0.03991435619792205,1.7801483863340175,1.7649000464803408,0.015248339853676502,0.18906669257193853,-0.010709340183023757,-0.0033892328110516645,1.8801179511985469,-0.05664318784731974,1007.27388649205,0.11486086293685026,1007.1590256291132
P1,P2,R_log,S05,"{""max_leaf_nodes"":7,""min_samples_leaf"":50}",1579,2603,ok,2603,6.559022274440296,2.5610588190122257,2.2487206076943824,-1.135992892367231,2.9275269962016206,1.0980902481484138,1.8294367480532066,0.14970511206801,-0.07901895116823965,-0.09987467309158547,3.5071327190665866,-0.5278306804402372,17073.13498036809,8711.821435776861,8361.31354459123
P1,P3,R_log,S05,"{""max_leaf_nodes"":7,""min_samples_leaf"":50}",3673,509,ok,509,1.32552785054758,1.1513157041175022,0.8807132683822823,0.041592112576801066,1.780364889623482,1.7544419967205211,0.02592289290296055,0.18608662231027814,0.2061035392824761,0.2521783751815191,-0.16279846355401095,1.1075677376680095,674.6936759287182,0.3420461556173065,674.351629773101
P1,P4,R_log,S05,"{""max_leaf_nodes"":7,""min_samples_leaf"":50}",3604,576,ok,576,1.8466649525415102,1.3589205100157662,1.0568670494185903,-0.05807751302555175,1.582593810997146,1.8626865847000842,-0.28009277370293795,0.1786758512266377,0.05260338177709512,0.061695292950798224,1.0342062540140442,0.29440677862153547,1063.6790126639098,45.188330043228596,1018.4906826206812
P1,P5,R_log,S05,"{""max_leaf_nodes"":7,""min_samples_leaf"":50}",3687,494,ok,494,1.9590033939073705,1.3996440239958767,1.0606248665272489,0.0008926910949773603,1.7801483863340175,1.8066321453260177,-0.026483758992000186,0.1547535686205795,0.08141677293108553,0.0602669991690473,0.8296684687649448,0.5261059480360086,967.7476765902411,0.3464864082310973,967.40119018201
P1,P2,R_log,S05,"{""max_leaf_nodes"":15,""min_samples_leaf"":20}",1579,2603,ok,2603,5.683332953878511,2.383974193207324,2.0732716946001033,-0.8508183516539243,2.9275269962016206,1.4065940775825012,1.5209329186191194,0.22582738067133687,-0.10295044250713595,-0.13824630650926864,3.5687667001053165,-0.45588113452445933,14793.715678945766,6021.3557624709265,8772.359916474838
P1,P3,R_log,S05,"{""max_leaf_nodes"":15,""min_samples_leaf"":20}",3673,509,ok,509,1.4249098648181837,1.193695884561132,0.9154621330939545,-0.03026492634215039,1.780364889623482,1.662693816756083,0.11767107286739917,0.26844273499266735,0.09649752124604004,0.12869615654740382,1.1826737957949893,0.35947153216374406,725.2791211924555,7.047859027390265,718.2312621650653
P1,P4,R_log,S05,"{""max_leaf_nodes"":15,""min_samples_leaf"":20}",3604,576,ok,576,1.8323713435036042,1.3536511158727733,1.0597476100992371,-0.04988775110789989,1.582593810997146,1.840091385020335,-0.2574975740231893,0.20533347325261733,0.07369631620398198,0.06389517063039062,0.9221659011850607,0.3589103862930084,1055.445893858076,38.19168036162884,1017.2542134964472
P1,P5,R_log,S05,"{""max_leaf_nodes"":15,""min_samples_leaf"":20}",3687,494,ok,494,2.005597802495559,1.4161913015181102,1.0826530004894084,-0.02287082780414673,1.7801483863340175,1.765692356994239,0.014456029339778282,0.1977094478978481,0.041284769087321954,0.048263608822620686,1.4114447051856074,0.20881535771954018,990.7653144328062,0.10323453143063008,990.6620799013758
P1,P2,R_log,S05,"{""max_leaf_nodes"":15,""min_samples_leaf"":50}",1579,2603,ok,2603,6.327049547315384,2.515362706910354,2.194254247449334,-1.0604493013212415,2.9275269962016206,1.1959315379613495,1.7315954582402706,0.22245357712493377,-0.07755706852693105,-0.08892942026956142,3.3444811555455938,-0.34864383629746576,16469.309971661944,7804.894629088661,8664.415342573282
P1,P3,R_log,S05,"{""max_leaf_nodes"":15,""min_samples_leaf"":50}",3673,509,ok,509,1.3523200401389923,1.1628929616000745,0.8892170013435552,0.022220323583352353,1.780364889623482,1.7414915815478884,0.038873308075593326,0.2515458268503697,0.17211224698433178,0.2184812677844919,0.5888045566317599,0.6842182561299714,688.3309004307471,0.7691672470966545,687.5617331836506
P1,P4,R_log,S05,"{""max_leaf_nodes"":15,""min_samples_leaf"":50}",3604,576,ok,576,1.86347124599386,1.3650901970177136,1.06772601660255,-0.06770695942554261,1.582593810997146,1.8354238307354886,-0.25283001973834274,0.22541112095702825,0.04376220380978697,0.04220513643303906,1.2262573914941401,0.19414394296069223,1073.3594376924634,36.81965887539309,1036.5397788170703
P1,P5,R_log,S05,"{""max_leaf_nodes"":15,""min_samples_leaf"":50}",3687,494,ok,494,1.985717918710518,1.409155037144784,1.0831761579186578,-0.01273192898876463,1.7801483863340175,1.7560174380358933,0.024130948298124105,0.16177661518364747,0.04245583703780838,0.01626098063669156,1.3193080473260004,0.26243494456607874,980.9446518429959,0.2876575168887689,980.656994326107
P1,P2,R_C_log,B00,{},1579,2603,ok,2603,4.557587275989824,2.134850644890603,1.8655796809238265,-0.4842111553414894,2.9275269962016206,1.708152670552067,1.2193743256495542,3.8013847569367555e-16,,,,,11863.399679401511,3870.332360976753,7993.067318424758
P1,P3,R_C_log,B00,{},3673,509,ok,509,1.9944711005846125,1.4122574484082613,1.0978547774190481,-0.442079721861949,1.780364889623482,2.5622978788718163,-0.7819329892483334,7.55233034068124e-16,,,,,1015.1857901975678,311.2123726344907,703.973417563077
P1,P4,R_C_log,B00,{},3604,576,ok,576,2.792944982462911,1.6712106337810655,1.3034472261641725,-0.600264453491935,1.582593810997146,2.6061380640476504,-1.0235442530505043,0.0,,,,,1608.7363098986366,603.4422746607638,1005.2940352378728
P1,P5,R_C_log,B00,{},3687,494,ok,494,2.565487065263509,1.6017137900584826,1.184496368977135,-0.3084188040601561,1.7801483863340175,2.5577944008880853,-0.7776460145540677,0.0,,,,,1267.3506102401734,298.73826203220165,968.6123482079715
P1,P2,R_C_log,B01,"{""lambda"":0}",1579,2603,ok,2603,41966.7460970284,204.8578680378872,204.8497035652662,-13665.773434868728,2.9275269962016206,207.77723056146783,-204.8497035652662,0.3136875012490892,0.014443387036927314,0.010830479799610321,-6.639341133737551,0.04604387162196271,109239440.09056492,109230732.93517366,8707.155391239983
P1,P3,R_C_log,B01,"{""lambda"":0}",3673,509,ok,509,1.48679711109783,1.219342901360331,0.9551944158762127,-0.07501179827004889,1.780364889623482,1.6188592999932743,0.16150558963020759,0.4053041886145926,0.13338064437513247,0.11723543977426922,1.2476181215137072,0.3290877521672131,756.7797295487954,13.276784240236719,743.5029453085588
P1,P4,R_C_log,B01,"{""lambda"":0}",3604,576,ok,576,2.4164398820294983,1.5544902322078122,1.225782362761183,-0.384539570773089,1.582593810997146,1.85834156285084,-0.2757477518536942,0.6080759483526983,0.0236675658503532,0.02418347237260985,1.510263337426582,0.03892205556636394,1391.869372048991,43.79720984776312,1348.0721622012277
P1,P5,R_C_log,B01,"{""lambda"":0}",3687,494,ok,494,3.792813318547479,1.9475146516900659,1.6539467784685686,-0.93436495294417,1.7801483863340175,0.519582231238479,1.2605661550955385,0.32790909923586614,-0.02504376009068112,-0.024543529379616257,1.8198310080631495,-0.07637409315277047,1873.6497793624546,784.9793534979405,1088.6704258645143
P1,P2,R_C_log,B01,"{""lambda"":0.001}",1579,2603,ok,2603,3.175775221488044,1.782070487238943,1.5009042646439503,-0.03421409731883962,2.9275269962016206,2.6533699361066856,0.2741570600949348,0.21195847128431558,0.08301006724423055,0.06654395906111803,1.8883780747858327,0.3916336381426484,8266.54290153338,195.64692964053367,8070.895971892845
P1,P3,R_C_log,B01,"{""lambda"":0.001}",3673,509,ok,509,1.5786807500287154,1.2564556299482745,0.9953128695776231,-0.14144722189402414,1.780364889623482,1.4252094479387343,0.3551554416847474,0.3970669775445299,0.13526146872646866,0.11756073343602526,1.2948651274343348,0.34065151819707656,803.5485017646162,64.2029123689686,739.3455893956476
P1,P4,R_C_log,B01,"{""lambda"":0.001}",3604,576,ok,576,2.532825488292777,1.591485308852324,1.2682035241531286,-0.4512246468382086,1.582593810997146,2.0642573065466103,-0.48166349554946447,0.5901344473740323,0.025385853653915293,0.024405176661388972,1.4937955140646433,0.0430170680035317,1458.9074812566396,133.6318404162791,1325.2756408403607
P1,P5,R_C_log,B01,"{""lambda"":0.001}",3687,494,ok,494,6.394693604588701,2.528773142175609,2.208810765578015,-2.261344589000172,1.7801483863340175,-0.26902581410864645,2.049174200442664,0.32564693952943335,-0.021060642361399234,-0.020882979262555404,1.7627496155514215,-0.06467323903560188,3158.978640666818,2074.3627624573564,1084.6158782094612
P1,P2,R_C_log,B01,"{""lambda"":0.1}",1579,2603,ok,2603,4.673675853084021,2.161868602178222,1.8887728254234566,-0.5220162374380262,2.9275269962016206,1.6620023016681529,1.265524694533468,0.10565457325038073,0.050654939332020886,0.03304453285409309,2.1306980169091787,0.47943915510385526,12165.578245577704,4168.841814689893,7996.736430887813
P1,P3,R_C_log,B01,"{""lambda"":0.1}",3673,509,ok,509,1.7438357654009398,1.320543738541416,1.0605452671938302,-0.2608606837197045,1.780364889623482,1.213498150732287,0.5668667388911949,0.29337252612423864,0.09807748887758372,0.05985555829272783,1.3746798278566126,0.3343104079079628,887.6124045890783,163.5609909275193,724.0514136615591
P1,P4,R_C_log,B01,"{""lambda"":0.1}",3604,576,ok,576,2.6089619056306006,1.615228128045881,1.2814581170921038,-0.4948482781832504,1.582593810997146,2.3189647428874185,-0.7363709318902721,0.41587871268153254,-0.013473258498228197,-0.02483924535614333,1.657721511637898,-0.03239708618735102,1502.762057643226,312.3314780157779,1190.430579627448
P1,P5,R_C_log,B01,"{""lambda"":0.1}",3687,494,ok,494,2.3307174138045847,1.5266687308661906,1.2481853888997712,-0.18868441492576604,1.7801483863340175,1.27800960946053,0.5021387768734874,0.2380820225600118,-0.007153524748152608,0.001211771747229092,1.818548065870293,-0.030046471679101582,1151.3744024194648,124.55881551256098,1026.815586906904
P1,P2,R_C_log,G02,"{""lambda"":0}",56997,2603,ok,2603,4.558483846591132,2.135060618949994,1.852282225503767,-0.4845031300218259,2.9275269962016206,1.6679722529636882,1.2595547432379326,0.2837565964038019,0.19852000871534464,0.20693720255111892,1.7605907191534793,0.6996137225752432,11865.733452676717,4129.602627607893,7736.130825068825
P1,P3,R_C_log,G02,"{""lambda"":0}",59235,509,ok,509,1.3377757002131205,1.1566225400765457,0.8851103967783742,0.0327364437060349,1.780364889623482,1.6519533700084363,0.1284115196150456,0.3580117282347437,0.24137673011407007,0.2641276451135967,0.6665938276539589,0.6742145887349322,680.9278314084784,8.393164850251226,672.5346665582273
P1,P4,R_C_log,G02,"{""lambda"":0}",59129,576,ok,576,1.7076679408969595,1.3067776937555062,1.0176859319707015,0.021563145230534264,1.582593810997146,1.8998672963131027,-0.31727348531595667,0.3916460635219941,0.2969850146196371,0.36890977283475784,0.1419253878374922,0.7582995012101247,983.6167339566487,57.98157954309191,925.6351544135567
P1,P5,R_C_log,G02,"{""lambda"":0}",59108,494,ok,494,2.0550758424829128,1.4335535715427286,1.0751778721087741,-0.04810502164750741,1.7801483863340175,1.9832444568801608,-0.20309607054614331,0.3716835368927646,0.1494287935876223,0.15708331645786847,0.9828200218376278,0.40203231716107546,1015.2074661865588,20.376518852414307,994.8309473341446
P1,P2,R_C_log,G02,"{""lambda"":0.001}",56997,2603,ok,2603,4.563130799866733,2.1361485903060986,1.8540200678810537,-0.4860164438592445,2.9275269962016206,1.6651809943143816,1.2623460018872388,0.2786448506544853,0.1984012051040535,0.20723669063985117,1.7418818453497307,0.7120217891629643,11877.829472053107,4147.925866335253,7729.903605717852
P1,P3,R_C_log,G02,"{""lambda"":0.001}",59235,509,ok,509,1.335986545972525,1.1558488421815913,0.8849768442043298,0.03403007139955716,1.780364889623482,1.6519408299474687,0.12842405967601328,0.35167407984422094,0.24117446752398755,0.2638423077801873,0.647480856145114,0.6857897165205327,680.0171519000153,8.394804203767123,671.6223476962482
P1,P4,R_C_log,G02,"{""lambda"":0.001}",59129,576,ok,576,1.7095065162169103,1.3074809812065757,1.0180892017845673,0.020509702807550934,1.582593810997146,1.9014025849400984,-0.31880877394295276,0.38593578527626377,0.2949867871199926,0.3669004401352483,0.12927266029942408,0.7643416298098212,984.6757533409403,58.544083781573036,926.1316695593671
P1,P5,R_C_log,G02,"{""lambda"":0.001}",59108,494,ok,494,2.0496643791475537,1.431664897644541,1.0737234386506294,-0.04534513231447024,1.7801483863340175,1.9815567156739522,-0.20140832933993466,0.3663216307942042,0.14950664792377644,0.15743157764719576,0.971416721788404,0.40812945607290063,1012.5342032988916,20.03926567298677,992.4949376259048
P1,P2,R_C_log,G02,"{""lambda"":0.1}",56997,2603,ok,2603,4.756827427352204,2.181015228592456,1.9077483308533092,-0.5490951470977958,2.9275269962016206,1.5953420843873056,1.3321849118143148,0.12596912091239706,0.17751311108504889,0.18975603924648873,0.6794035307577411,1.4091795655897061,12382.021793397786,4619.587412008653,7762.434381389133
P1,P3,R_C_log,G02,"{""lambda"":0.1}",59235,509,ok,509,1.3396832044009743,1.1574468473329453,0.8970736466379667,0.03135724442464938,1.780364889623482,1.6577789305692834,0.12258595905419849,0.1683431146211664,0.20957786216459265,0.2388085303623479,-0.2834781430545581,1.244944663381211,681.8987510400959,7.648904534833953,674.2498465052621
P1,P4,R_C_log,G02,"{""lambda"":0.1}",59129,576,ok,576,1.838084183371119,1.3557596333314836,1.0513386050009066,-0.053161018080890354,1.582593810997146,1.9388474431210452,-0.3562536321238992,0.2258681268914013,0.15622922819296406,0.17403997366854013,0.24152526896092885,0.6916833744677932,1058.7364896217646,73.10399063124702,985.6324989905177
P1,P5,R_C_log,G02,"{""lambda"":0.1}",59108,494,ok,494,1.9471591129052572,1.3954064328736833,1.0479421554089703,0.006933368591882205,1.7801483863340175,1.932563809767127,-0.15241542343310946,0.20627727894686987,0.14866253013107425,0.16824076479686065,0.3873637468113682,0.7206927049360814,961.896601775197,11.475847882345262,950.4207538928516
P1,P2,R_C_log,P00,"{""lambda"":0}",56997,2603,ok,2603,4.714896779319778,2.1713813067537857,1.8857217865774925,-0.5354401292579218,2.9275269962016206,1.6067403372225852,1.3207866589790351,0.28417863719729947,0.1995558352349678,0.20762567709955662,1.799242290629059,0.7022196925253752,12272.876316569382,4540.874668391816,7732.001648177562
P1,P3,R_C_log,P00,"{""lambda"":0}",59235,509,ok,509,1.5899672913331044,1.2609390513950722,0.9537618255961346,-0.14960782765073133,1.780364889623482,2.295618647463972,-0.5152537578404897,0.3504715867953307,0.23565314454514397,0.2670009055951709,0.23681678662912398,0.6723887282844452,809.2933512885502,135.13259539909168,674.1607558894585
P1,P4,R_C_log,P00,"{""lambda"":0}",59129,576,ok,576,2.3642525591935626,1.5376126167515545,1.230072395282502,-0.3546379729322282,1.582593810997146,2.4801886852752433,-0.8975948742780973,0.34450359887800225,0.32753009200501704,0.38201680459771215,-0.7753973128217728,0.9507305382925884,1361.809474095492,464.06969759826046,897.7397764972318
P1,P5,R_C_log,P00,"{""lambda"":0}",59108,494,ok,494,2.4695592457647346,1.5714831356921188,1.1787597894836732,-0.2594948532969146,1.7801483863340175,2.473589846549117,-0.6934414602151,0.329455458644297,0.14309826598876846,0.15581027423414065,0.705749985818307,0.43434783742122574,1219.9622674077789,237.54536302015356,982.4169043876254
P1,P2,R_C_log,P00,"{""lambda"":0.001}",56997,2603,ok,2603,4.7201414720687,2.1725886568949724,1.8875605495874264,-0.5371481012643597,2.9275269962016206,1.603850188868076,1.3236768073335445,0.27904535028089705,0.19944573696730442,0.20784530017841324,1.7811861502354007,0.7147430937893612,12286.528251794825,4560.769115579905,7725.759136214921
P1,P3,R_C_log,P00,"{""lambda"":0.001}",59235,509,ok,509,1.589110302043787,1.2605991837391404,0.9533915315619517,-0.14898819125910068,1.780364889623482,2.296714307439416,-0.5163494178159338,0.34416904219861094,0.2356957144097973,0.2668407162150112,0.20751651247411873,0.6848254360826082,808.8571437402875,135.70791113093657,673.149232609351
P1,P4,R_C_log,P00,"{""lambda"":0.001}",59129,576,ok,576,2.3704140184008926,1.5396148928874689,1.2312520928277637,-0.3581682838452762,1.582593810997146,2.4828067850603133,-0.9002129740631671,0.33875875858720633,0.3260608087466701,0.3813000550729102,-0.8071480562676236,0.9625162463887488,1365.3584745989142,466.7808376348718,898.5776369640427
P1,P5,R_C_log,P00,"{""lambda"":0.001}",59108,494,ok,494,2.4647620026232713,1.5699560511757236,1.1764819274649196,-0.2570482211470484,1.7801483863340175,2.4730691594630194,-0.6929207731290021,0.324083665170784,0.14326055248860875,0.1562899857308873,0.6869329848712267,0.4420480508115519,1217.592429295896,237.18876372984485,980.4036655660511
P1,P2,R_C_log,P00,"{""lambda"":0.1}",56997,2603,ok,2603,4.9069291841178275,2.2151589523367905,1.9395229142993686,-0.5979768663797396,2.9275269962016206,1.539756086495582,1.3877709097060387,0.12584602095947817,0.17897352486016327,0.19089867691479698,0.7377432261312191,1.4221627628400901,12772.736666258705,5013.138778641927,7759.597887616777
P1,P3,R_C_log,P00,"{""lambda"":0.1}",59235,509,ok,509,1.567817580458791,1.252125225550061,0.9415379857009607,-0.13359273027098495,1.780364889623482,2.278583774745825,-0.49821888512234336,0.15915919994391503,0.2237164604470924,0.2660104164306325,-1.4224452344406004,1.405614381863732,798.0191484535246,126.34502726370835,671.6741211898162
P1,P4,R_C_log,P00,"{""lambda"":0.1}",59129,576,ok,576,2.527964118154282,1.5899572692856503,1.2482550384652553,-0.44843924366100696,1.582593810997146,2.5039287361279445,-0.921334925130799,0.17683926583547233,0.19565866597238718,0.22587044256315925,-1.187805364130206,1.1064209356898373,1456.1073320568662,488.94223349708636,967.16509855978
P1,P5,R_C_log,P00,"{""lambda"":0.1}",59108,494,ok,494,2.3279582924656945,1.5257648221353428,1.1190029386618778,-0.18727724110237465,1.7801483863340175,2.421182550229972,-0.6410341638959548,0.16391203782976488,0.14997321430879734,0.17595780868699187,-0.4351405838603497,0.9149615628875036,1150.011396478053,202.9968508452022,947.0145456328507
P1,P2,R_C_log,P02,"{""lambda"":0}",56997,2603,ok,2603,4.669526474988514,2.1609087150984685,1.8703410891288763,-0.5206649625453819,2.9275269962016206,1.6276145208398445,1.2999124753617757,0.3279012872206838,0.20911914042515867,0.20488683364778615,1.8895153664623858,0.6377502881970012,12154.777414395101,4398.477670693869,7756.299743701233
P1,P3,R_C_log,P02,"{""lambda"":0}",59235,509,ok,509,1.5190639399052357,1.2325031196330642,0.9511338790389937,-0.09834196309335042,1.780364889623482,1.916493711157769,-0.13612882153428715,0.40698495162068,0.09913567744865023,0.09013321698511804,1.3135346011198883,0.24358560937910817,773.2035454117649,9.432307530627726,763.7712378811373
P1,P4,R_C_log,P02,"{""lambda"":0}",59129,576,ok,576,2.3979956238681988,1.5485462937439742,1.24159622767576,-0.37397162514870774,1.582593810997146,2.4144928193393116,-0.8318990083421657,0.4219097866894956,0.2376826336863941,0.2643439670731322,0.22239068127026007,0.5633494201482382,1381.2454793480824,398.6242330064709,982.6212463416116
P1,P5,R_C_log,P02,"{""lambda"":0}",59108,494,ok,494,2.551374526206079,1.597302265135212,1.2024813071432354,-0.30122129691783184,1.7801483863340175,2.485312879937414,-0.7051644936033966,0.4083353471681562,0.14586229798232897,0.1539683274235883,0.8923647291345713,0.3572120292644211,1260.379015945803,245.6449397412338,1014.7340762045693
P1,P2,R_C_log,P02,"{""lambda"":0.001}",56997,2603,ok,2603,4.687238852726366,2.1650031992416006,1.8760764161642696,-0.5264331260569479,2.9275269962016206,1.6175337515174748,1.309993244684146,0.3142192874321772,0.2087001237836941,0.20579728067620837,1.8531833525484116,0.6641862295889178,12200.882733646731,4466.962229810406,7733.920503836327
P1,P3,R_C_log,P02,"{""lambda"":0.001}",59235,509,ok,509,1.4960283563910317,1.2231223799730884,0.9387578545544376,-0.08168634554273568,1.780364889623482,1.9530353212502178,-0.17267043162673582,0.38786846011534853,0.11642226715871133,0.11654876433187453,1.1941434683886318,0.30015914963564816,761.4784334030352,15.175874680705094,746.3025587223301
P1,P4,R_C_log,P02,"{""lambda"":0.001}",59129,576,ok,576,2.3871138324212136,1.5450287480889193,1.2372376035609869,-0.3677367210771043,1.582593810997146,2.417346362004479,-0.8347525510073331,0.41069867500425844,0.24371474575334756,0.2739169381306968,0.148104269467477,0.5934149793661265,1374.977567474619,401.36360913403223,973.6139583405869
P1,P5,R_C_log,P02,"{""lambda"":0.001}",59108,494,ok,494,2.5368552456732267,1.5927508423081203,1.1983400180051227,-0.29381634838863024,1.7801483863340175,2.4810966419753133,-0.7009482556412959,0.4006498318761939,0.1463689114842954,0.15496084941535265,0.8737323944124558,0.36532877300576366,1253.206491362574,242.71625780076832,1010.4902335618059
P1,P2,R_C_log,P02,"{""lambda"":0.1}",56997,2603,ok,2603,4.922796919357664,2.2187376860182604,1.942922439347058,-0.6031443087624759,2.9275269962016206,1.53249773026379,1.3950292659378303,0.12680630365565648,0.1841359258510927,0.19459438728840275,0.7021810923173426,1.452103882399374,12814.040381087998,5065.715617298377,7748.324763789622
P1,P3,R_C_log,P02,"{""lambda"":0.1}",59235,509,ok,509,1.4537585174505843,1.2057190872879902,0.9103577687104812,-0.051123617627288453,1.780364889623482,2.057686399716964,-0.27732151009348194,0.19471138146846076,0.10886831003956453,0.10718442082783583,0.6298577172172923,0.5591265863274612,739.9630853823473,39.14577495990937,700.817310422438
P1,P4,R_C_log,P02,"{""lambda"":0.1}",59129,576,ok,576,2.5244948733428263,1.5888659079176022,1.2521336415292856,-0.44645148193025586,1.582593810997146,2.4581153822521546,-0.8755215712550086,0.2791891402642385,0.1266092411087505,0.13730929644770581,0.4678651979496,0.45348913281125897,1454.1090470454678,441.52590051811535,1012.5831465273524
P1,P5,R_C_log,P02,"{""lambda"":0.1}",59108,494,ok,494,2.39595820587201,1.5478883053605677,1.1403699088312536,-0.22195773767550664,1.7801483863340175,2.444228752154736,-0.6640803658207188,0.27346139724525775,0.14213760919368953,0.16247009132385729,0.50970643491605,0.5197721163774036,1183.603353700773,217.85534974067838,965.7480039600946
P1,P2,R_C_log,S01,"{""lambda"":0}",1579,2603,ok,2603,71707.82134102716,267.7831610483138,267.77656800377287,-23351.16901281885,2.9275269962016206,270.7040949999745,-267.77656800377287,0.3782149644595078,-0.009041155994934345,-0.005758945360917534,9.398656330969981,-0.023904807700707187,186655458.9506937,186646267.83800155,9191.112692183884
P1,P3,R_C_log,S01,"{""lambda"":0}",3673,509,ok,509,1.7149077072272203,1.3095448473523998,1.0322600745153276,-0.23994457915798084,1.780364889623482,1.6351612704290908,0.14520361919439095,0.43874690692881935,-0.036696689232156375,-0.09225231314623598,1.917129397903262,-0.08363976737529442,872.8880229786552,10.731802332819198,862.1562206458359
P1,P4,R_C_log,S01,"{""lambda"":0}",3604,576,ok,576,2.30545018331567,1.5183708978097776,1.1906819783874505,-0.3209461700184155,1.582593810997146,1.8734989770897117,-0.2909051660925654,0.5667424611268838,0.042998914326374635,0.04350633765492643,1.4404509021241236,0.07587028902136198,1327.939305589826,48.7444698197816,1279.1948357700444
P1,P5,R_C_log,S01,"{""lambda"":0}",3687,494,ok,494,3.1804665615795997,1.7833862625857584,1.4904270499781724,-0.62206323750374,1.7801483863340175,0.7629419111966678,1.0172064751373497,0.3359645835536631,0.027560626151794845,0.032954905639493874,1.7175609654588389,0.08203431998775743,1571.1504814203222,511.1462524523077,1060.0042289680143
P1,P2,R_C_log,S01,"{""lambda"":0.001}",1579,2603,ok,2603,3.1512199802961667,1.775167592171558,1.4855808010444551,-0.02621750598835959,2.9275269962016206,2.748025766563562,0.17950122963805856,0.2138493263011222,0.0701590445949163,0.05338518991468014,2.025962957450191,0.3280769961188705,8202.625608710921,83.87045982241982,8118.755148888503
P1,P3,R_C_log,S01,"{""lambda"":0.001}",3673,509,ok,509,1.789967589380388,1.3378967035538984,1.0637657778140115,-0.29421577614183425,1.780364889623482,1.4719789833402854,0.30838590628319623,0.4365839757255141,-0.039909711679964086,-0.09439530118933798,1.9149237834226716,-0.09141359715193903,911.0935029946174,48.40685040180112,862.6866525928162
P1,P4,R_C_log,S01,"{""lambda"":0.001}",3604,576,ok,576,2.411121979053964,1.5527787926984205,1.2293555227217494,-0.38149258948548703,1.582593810997146,2.053825944188153,-0.4712321331910066,0.552066037397173,0.045752810649817774,0.046388650646139264,1.412381729168754,0.08287561188427503,1388.8062599350833,127.90640065060603,1260.8998592844773
P1,P5,R_C_log,S01,"{""lambda"":0.001}",3687,494,ok,494,5.392619014481534,2.3222013294461648,2.0082921130850737,-1.7502785795395401,1.7801483863340175,-0.023363134560881148,1.8035115208948986,0.3358852576770645,0.03188534252061744,0.03684749715496029,1.7823662316570927,0.0949292706120298,2663.953793153878,1606.8109801643113,1057.1428129895664
P1,P2,R_C_log,S01,"{""lambda"":0.1}",1579,2603,ok,2603,5.110838373385408,2.260716340761354,1.9794663885384987,-0.6643813639923177,2.9275269962016206,1.50978890969389,1.4177380865077307,0.11334046765413584,0.013365012237382111,-0.005275405201428846,2.749493962885596,0.11791915556733099,13303.512285922217,5231.981276875768,8071.53100904645
P1,P3,R_C_log,S01,"{""lambda"":0.1}",3673,509,ok,509,1.998284083127857,1.413606763965091,1.135913818881755,-0.44483665566952046,1.780364889623482,1.1994932658806616,0.5808716237428201,0.3714365585960727,-0.08468435383322653,-0.13757662402870954,2.053839080027217,-0.2279914345354424,1017.1265983120792,171.74262822423677,845.3839700878425
P1,P4,R_C_log,S01,"{""lambda"":0.1}",3604,576,ok,576,2.496951456703103,1.5801745019785325,1.2425838008637273,-0.43067002155311673,1.582593810997146,2.2680729071999255,-0.6854790962027797,0.4129453767959989,0.010994631726498803,0.01353163478523742,1.5222065836670002,0.026624905724347937,1438.2440390609872,270.65179660664427,1167.5922424543428
P1,P5,R_C_log,S01,"{""lambda"":0.1}",3687,494,ok,494,2.350465132883583,1.5331226737882337,1.247254008946044,-0.1987559086900914,1.7801483863340175,1.2213378838448927,0.5588105024891248,0.26777856749085394,0.060141512835437345,0.07207095338573025,1.5058429827838538,0.22459419885234644,1161.12977564449,154.2609737799212,1006.868801864569
P1,P2,R_C_log,S02,"{""lambda"":0}",1579,2603,ok,2603,333086.5595999419,577.1365172989333,577.1320499486618,-108471.03959362103,2.9275269962016206,580.0595769448634,-577.1320499486618,0.8254427711651122,0.0012703503196520199,-0.017090204977830026,2.034819597542092,0.0015389926037621192,867024314.6386487,867010892.2118899,13422.426759021597
P1,P3,R_C_log,S02,"{""lambda"":0}",3673,509,ok,509,1.6494204691615304,1.2842976559822612,1.009407973037089,-0.19259477397524538,1.780364889623482,1.6713213325249276,0.10904355709855432,0.4166221857493199,-0.01250946222674996,-0.06715109235868164,1.8305478414515965,-0.030025914736755782,839.555018803219,6.0522631484551885,833.5027556547637
P1,P4,R_C_log,S02,"{""lambda"":0}",3604,576,ok,576,2.199581334799004,1.4830985586935899,1.1584588144447434,-0.2602868458723504,1.582593810997146,1.7906596764562772,-0.20806586545913125,0.5433297383240364,0.054961920274133796,0.05222513397606285,1.401455015467422,0.10115757779736152,1266.9588488442262,24.93584891669221,1242.0229999275339
P1,P5,R_C_log,S02,"{""lambda"":0}",3687,494,ok,494,2.22686435866998,1.4922681926081451,1.188773643227051,-0.13571853096670727,1.7801483863340175,1.500128638221856,0.2800197481121615,0.3340514779782706,0.023742033494241317,0.025660035739340357,1.673529775963281,0.07107297844611145,1100.0709931829701,38.735063310402396,1061.335929872568
P1,P2,R_C_log,S02,"{""lambda"":0.001}",1579,2603,ok,2603,3.7606413454542875,1.9392373102470692,1.4372977397520978,-0.22467996730780415,2.9275269962016206,3.7945326039371574,-0.8670056077355366,0.2397294532018728,0.1618206510374734,0.1341657562388574,0.3661657276929873,0.6750136409029661,9788.94942221751,1956.6717781681891,7832.277644049322
P1,P3,R_C_log,S02,"{""lambda"":0.001}",3673,509,ok,509,1.7185789184544045,1.3109458106475662,1.0411240298352236,-0.24259900682245905,1.780364889623482,1.5042301203335546,0.2761347692899272,0.4160127947291269,-0.017307600140561794,-0.07110522158121392,1.8429461702282623,-0.04160352844876101,874.7566694932918,38.811459102697874,835.9452103905942
P1,P4,R_C_log,S02,"{""lambda"":0.001}",3604,576,ok,576,2.293694588039283,1.5144948293207485,1.1937900094127893,-0.31421060545536017,1.582593810997146,1.9858683309738663,-0.4032745199767204,0.5306092312306088,0.05702625834993934,0.05335525979533311,1.3691662378875853,0.10747317421840157,1321.168082710627,93.67507495437367,1227.493007756253
P1,P5,R_C_log,S02,"{""lambda"":0.001}",3687,494,ok,494,4.158419126572914,2.0392202251284473,1.7322799875692998,-1.1208268223377518,1.7801483863340175,0.35964237975340557,1.4205060065806119,0.3344065679835818,0.030074180162378984,0.03296242135188324,1.7478046743431046,0.08993298290676956,2054.25904852702,996.811633477409,1057.4474150496103
P1,P2,R_C_log,S02,"{""lambda"":0.1}",1579,2603,ok,2603,4.8295583510463755,2.1976256166704955,1.9226577254326724,-0.5727804967681946,2.9275269962016206,1.590435058838228,1.3370919373633923,0.09864238163729362,0.0971419058055906,0.08231165038930502,1.361284473351166,0.9847887306977214,12571.340387773715,4653.68205184858,7917.658335925134
P1,P3,R_C_log,S02,"{""lambda"":0.1}",3673,509,ok,509,1.926532521358293,1.3879958650364534,1.1141812422749229,-0.39295750223907766,1.780364889623482,1.2381312649395337,0.5422336246839483,0.3622679096840196,-0.06781387996277632,-0.12096079853826096,2.0121339277698764,-0.18719262222791297,980.6050533713711,149.6548076025875,830.9502457687836
P1,P4,R_C_log,S02,"{""lambda"":0.1}",3604,576,ok,576,2.4109474147469845,1.552722581386316,1.2188708894853961,-0.38139256995160364,1.582593810997146,2.2291819092017806,-0.6465880982046344,0.400577420051108,0.023233236409992374,0.02405787138971853,1.4533026734918038,0.05799936603273374,1388.7057108942631,240.81187319417427,1147.8938377000886
P1,P5,R_C_log,S02,"{""lambda"":0.1}",3687,494,ok,494,2.308566292520904,1.5193966870178781,1.2301366325298333,-0.17738716692517698,1.7801483863340175,1.2595109575140098,0.5206374288200077,0.27633664739829317,0.06734400067022665,0.07507654152046186,1.473202103365162,0.24370274918028348,1140.4317485053266,133.90528615042447,1006.526462354902
P1,P2,R_C_log,S03,"{""control_lambda"":0.001,""difference_penalty"":0.01,""n_knots"":3}",1579,2603,ok,2603,3.8320780307664295,1.9575694191436557,1.4412975938353783,-0.2479438389180022,2.9275269962016206,3.836767379017035,-0.909240382815415,0.21592944736149708,0.15724670550343983,0.1328114972675296,0.13347070834638597,0.7282318712194277,9974.899114085016,2151.947145951265,7822.951968133749
P1,P3,R_C_log,S03,"{""control_lambda"":0.001,""difference_penalty"":0.01,""n_knots"":3}",3673,509,ok,509,1.611860984542709,1.269590872896741,1.0065698027082415,-0.16543781435998106,1.780364889623482,1.5346907761100566,0.2456741135134252,0.40347242424572954,0.05079868623390737,0.01760770265955943,1.5871415848401893,0.12590373760703194,820.4372411322389,30.72108695575913,789.7161541764797
P1,P4,R_C_log,S03,"{""control_lambda"":0.001,""difference_penalty"":0.01,""n_knots"":3}",3604,576,ok,576,2.1996704697269944,1.483128608626708,1.1651865142744064,-0.260337917217373,1.582593810997146,1.9464449870572125,-0.36385117606006667,0.5140118795701702,0.07755076164721081,0.07621630539464655,1.2889268798419575,0.1508734811967006,1267.010190562749,76.25530271248914,1190.7548878502594
P1,P5,R_C_log,S03,"{""control_lambda"":0.001,""difference_penalty"":0.01,""n_knots"":3}",3687,494,ok,494,3.886730438090348,1.9714792512452035,1.6628971064841753,-0.9822634307407958,1.7801483863340175,0.4605106240693347,1.319637762264683,0.3529378414516132,0.043140581175062885,0.04817930006679991,1.723858882556436,0.1222328016673648,1920.0448364166318,860.2732488559005,1059.7715875607314
P1,P2,R_C_log,S03,"{""control_lambda"":0.1,""difference_penalty"":0.01,""n_knots"":3}",1579,2603,ok,2603,5.241812161400844,2.2895004174275324,2.0069757140036493,-0.7070339223435174,2.9275269962016206,1.4258518869431898,1.5016751092584308,0.14117131814690898,0.16739090213344449,0.13253924229633204,1.2368533041438652,1.1857288316827237,13644.437056126397,5869.8382321937315,7774.598823932667
P1,P3,R_C_log,S03,"{""control_lambda"":0.1,""difference_penalty"":0.01,""n_knots"":3}",3673,509,ok,509,1.8818093684143942,1.3717905701725734,1.1029229624385166,-0.3606209334418551,1.780364889623482,1.2583347265362403,0.5220301630872415,0.37851426538252675,-0.02682679265141786,-0.07115250475336901,1.8695480139655762,-0.07087392762940306,957.8409685229267,138.71038500700197,819.1305835159247
P1,P4,R_C_log,S03,"{""control_lambda"":0.1,""difference_penalty"":0.01,""n_knots"":3}",3604,576,ok,576,2.2588184222896075,1.5029365995575488,1.1752413981662795,-0.294227724061799,1.582593810997146,2.168076280665536,-0.5854824696683899,0.3851347829820181,0.06557207138211729,0.07448710628441994,1.2134626420673496,0.17025746382709564,1301.079411238814,197.44688003846235,1103.6325312003517
P1,P5,R_C_log,S03,"{""control_lambda"":0.1,""difference_penalty"":0.01,""n_knots"":3}",3687,494,ok,494,2.260335926095587,1.5034413610432522,1.2046980310547344,-0.1527892965199662,1.7801483863340175,1.329179688772825,0.4509686975611923,0.31612993258908995,0.080458318698325,0.07789926391136205,1.441858487206904,0.2545102832856573,1116.60594749122,100.46614649293883,1016.1398009982811
P1,P2,R_C_log,S03,"{""control_lambda"":0.001,""difference_penalty"":1,""n_knots"":3}",1579,2603,ok,2603,3.2983475140688423,1.8161353237214573,1.4117654772559713,-0.07413064810934333,2.9275269962016206,3.38853013374915,-0.46100313754752936,0.19774414601927393,0.08642995962327761,0.06419088176336558,1.4464691315928102,0.43707973845583986,8585.598579121197,553.1996930330183,8032.398886088177
P1,P3,R_C_log,S03,"{""control_lambda"":0.001,""difference_penalty"":1,""n_knots"":3}",3673,509,ok,509,1.777565750595807,1.3332538207692513,1.0656446791114098,-0.28524876718401937,1.780364889623482,1.3957103261151362,0.38465456350834565,0.42196012965381263,-0.0002586050126591967,-0.0508758513344589,1.781220273014443,-0.0006128659901384193,904.7809670532657,75.31119881294812,829.4697682403175
P1,P4,R_C_log,S03,"{""control_lambda"":0.001,""difference_penalty"":1,""n_knots"":3}",3604,576,ok,576,2.446186805599193,1.5640290296536037,1.24076163302055,-0.40158356723138877,1.582593810997146,2.0723396985557816,-0.4897458875586356,0.5604307997113028,0.04454231308518826,0.04262033813264799,1.4178869395698679,0.07947870300514089,1409.0036000251353,138.15419580322313,1270.849404221912
P1,P5,R_C_log,S03,"{""control_lambda"":0.001,""difference_penalty"":1,""n_knots"":3}",3687,494,ok,494,5.513257488285917,2.3480326846715567,2.0324232131450746,-1.8118051604979826,1.7801483863340175,-0.05274380898409713,1.8328921953181145,0.33510190525951106,0.02067532106355935,0.025474780894881862,1.783402605924374,0.06169860791315963,2723.549199213243,1659.5899370310804,1063.959262182162
P1,P2,R_C_log,S03,"{""control_lambda"":0.1,""difference_penalty"":1,""n_knots"":3}",1579,2603,ok,2603,6.043724394706018,2.458398746075587,2.1653077696763425,-0.968182422679774,2.9275269962016206,1.202652349314042,1.7248746468875782,0.09538447499072555,0.051416536982305146,0.03208891139381729,2.279243100930676,0.5390451327357461,15731.814599419766,7744.42620107885,7987.388398340912
P1,P3,R_C_log,S03,"{""control_lambda"":0.1,""difference_penalty"":1,""n_knots"":3}",3673,509,ok,509,2.1318059784918195,1.460070538875372,1.178999350723278,-0.5413781486360036,1.780364889623482,1.128202847703279,0.6521620419202028,0.3997741271701835,-0.09260150074775642,-0.1445180121411399,2.041695650532734,-0.23163455174860786,1085.089243052336,216.48550242105793,868.603740631278
P1,P4,R_C_log,S03,"{""control_lambda"":0.1,""difference_penalty"":1,""n_knots"":3}",3604,576,ok,576,2.5383952322638277,1.5932342050884507,1.2546071806233812,-0.45441592462845826,1.582593810997146,2.2979388537343053,-0.7153450427371592,0.41880291302826606,0.016926374492423964,0.01995596467830258,1.4897201169777992,0.04041608586252019,1462.1156537839647,294.74987337712975,1167.365780406835
P1,P5,R_C_log,S03,"{""control_lambda"":0.1,""difference_penalty"":1,""n_knots"":3}",3687,494,ok,494,2.367267170530371,1.5385925940710787,1.2493921098989687,-0.20732508149990503,1.7801483863340175,1.2159579391337858,0.5641904472002316,0.2840990199676902,0.06287991036479167,0.06653525791398654,1.5110192417534247,0.2213309654216434,1169.4299822420035,157.24556519172668,1012.1844170502768
P1,P2,R_C_log,S03,"{""control_lambda"":0.001,""difference_penalty"":0.01,""n_knots"":5}",1579,2603,ok,2603,4.107645296173009,2.02673266519613,1.4750373154741339,-0.33768430565970986,2.9275269962016206,3.9663809791194726,-1.0388539829178522,0.20688284617876623,0.13672278541546423,0.10892126795860999,0.3062625197087878,0.6608705745343574,10692.200705938343,2809.2034071366147,7882.997298801729
P1,P3,R_C_log,S03,"{""control_lambda"":0.001,""difference_penalty"":0.01,""n_knots"":5}",3673,509,ok,509,1.6247121412069039,1.2746419658895998,1.0098231572899872,-0.17472969751761336,1.780364889623482,1.5117514985683955,0.26861339105508625,0.42693867472799585,0.06993563482394961,0.03473763594195797,1.5327290884963158,0.1638072139248238,826.9784798743141,36.72595531174336,790.2525245625707
P1,P4,R_C_log,S03,"{""control_lambda"":0.001,""difference_penalty"":0.01,""n_knots"":5}",3604,576,ok,576,2.2185114268832127,1.4894668263788935,1.169941667134822,-0.27113315815343775,1.582593810997146,1.9648608270065517,-0.38226701600940577,0.5169514452084446,0.07721436641022499,0.07498875547798088,1.289112701218244,0.14936483324674854,1277.8625818847306,84.16976920055151,1193.692812684179
P1,P5,R_C_log,S03,"{""control_lambda"":0.001,""difference_penalty"":0.01,""n_knots"":5}",3687,494,ok,494,4.055632083402189,2.0138599959784167,1.704958223698299,-1.0684046129572078,1.7801483863340175,0.39746839229331965,1.382679994040698,0.34578802575774487,0.0378844395265127,0.04290705271212199,1.7366018602837319,0.10955972070893542,2003.4822492006815,944.4311591646699,1059.0510900360116
P1,P2,R_C_log,S03,"{""control_lambda"":0.1,""difference_penalty"":0.01,""n_knots"":5}",1579,2603,ok,2603,5.097233530702013,2.257705368444256,1.9786972196897925,-0.6599508488854018,2.9275269962016206,1.4798015771759554,1.447725419025665,0.12299576393371638,0.1533587354234569,0.12769924531910568,1.0824187477936345,1.2468619285628684,13268.098880417341,5455.650837788576,7812.448042628765
P1,P3,R_C_log,S03,"{""control_lambda"":0.1,""difference_penalty"":0.01,""n_knots"":5}",3673,509,ok,509,1.8975272629658353,1.3775076271897138,1.1100523479693927,-0.3719855789342632,1.780364889623482,1.2396741573607564,0.5406907322627255,0.39474292335336797,-0.006061924379948417,-0.04690119784759366,1.7994021175333794,-0.015356638514129536,965.8413768496101,148.80435218899436,817.0370246606159
P1,P4,R_C_log,S03,"{""control_lambda"":0.1,""difference_penalty"":0.01,""n_knots"":5}",3604,576,ok,576,2.292356304091016,1.5140529396593159,1.1834364654298004,-0.3134438133257129,1.582593810997146,2.190535121887131,-0.6079413108899852,0.39150383572284425,0.06589426083227298,0.07267340796512248,1.2139034444841847,0.16831063918086694,1320.3972311564253,212.88535919230094,1107.5118719641246
P1,P5,R_C_log,S03,"{""control_lambda"":0.1,""difference_penalty"":0.01,""n_knots"":5}",3687,494,ok,494,2.277432339607222,1.5091164102239503,1.2124587882686642,-0.16150860336173123,1.7801483863340175,1.3064797306306286,0.473668655703389,0.30869870033204094,0.07809019920322643,0.07620832816961337,1.4496537573958792,0.25296575307648356,1125.0515757659678,110.83482572555269,1014.216750040415
P1,P2,R_C_log,S03,"{""control_lambda"":0.001,""difference_penalty"":1,""n_knots"":5}",1579,2603,ok,2603,3.3869629018739804,1.840370316505344,1.3998968909196035,-0.10298888803997275,2.9275269962016206,3.532777150737353,-0.6052501545357329,0.19982705545355217,0.14071977563075833,0.11549130595688112,0.43971769091571344,0.7042078226662719,8816.264433577971,953.551132119071,7862.7133014589
P1,P3,R_C_log,S03,"{""control_lambda"":0.001,""difference_penalty"":1,""n_knots"":5}",3673,509,ok,509,1.5560192156927155,1.2474049926518314,0.9853640375568781,-0.1250620563618463,1.780364889623482,1.5641531352127975,0.2162117544106845,0.3744975998824611,0.06540317268667813,0.027497394517167217,1.5071973776211638,0.17464243484392264,792.0137807875922,23.794489077381186,768.2192917102109
P1,P4,R_C_log,S03,"{""control_lambda"":0.001,""difference_penalty"":1,""n_knots"":5}",3604,576,ok,576,2.210585130878253,1.486803662518442,1.1675861217997592,-0.2665916545347713,1.582593810997146,1.9350865089691938,-0.3524926979720475,0.5161720460627597,0.06880813322766156,0.06275269137205158,1.3246377838704588,0.1333046486196105,1273.2970353858739,71.56863482320115,1201.7284005626727
P1,P5,R_C_log,S03,"{""control_lambda"":0.001,""difference_penalty"":1,""n_knots"":5}",3687,494,ok,494,3.875163656587116,1.9685435368787545,1.6651670442353534,-0.976364280194999,1.7801483863340175,0.46502154244063215,1.3151268438933854,0.3370953108889913,0.02871237775814401,0.03273665134262376,1.740539783778798,0.0851758444293496,1914.3308463540352,854.4019560713145,1059.9288902827207
P1,P2,R_C_log,S03,"{""control_lambda"":0.1,""difference_penalty"":1,""n_knots"":5}",1579,2603,ok,2603,5.275735127003909,2.296896847271098,2.01514598856242,-0.7180811806671443,2.9275269962016206,1.4202156772154138,1.5073113189862068,0.10846432783315041,0.15476245339085054,0.12705521990231813,0.9010905913394076,1.4268511729397348,13732.738535591176,5913.983234331273,7818.755301259904
P1,P3,R_C_log,S03,"{""control_lambda"":0.1,""difference_penalty"":1,""n_knots"":5}",3673,509,ok,509,1.839344067215728,1.3562241950414127,1.0874445121859244,-0.3299168787561759,1.780364889623482,1.2774742686001566,0.5028906210233252,0.3437175488832367,-0.04206853410325324,-0.0945238167602388,1.936718471246661,-0.12239274439125065,936.2261302128055,128.72557914703185,807.5005510657736
P1,P4,R_C_log,S03,"{""control_lambda"":0.1,""difference_penalty"":1,""n_knots"":5}",3604,576,ok,576,2.280447723496256,1.5101151358410576,1.1825152340841951,-0.3066205932705388,1.582593810997146,2.1713454288053233,-0.5887516178081776,0.37888296185913223,0.04689874736153178,0.04431406455666994,1.3138211530753598,0.123781621457469,1313.5378887338434,199.65799726372597,1113.8798914701174
P1,P5,R_C_log,S03,"{""control_lambda"":0.1,""difference_penalty"":1,""n_knots"":5}",3687,494,ok,494,2.23172978863586,1.4938975161087389,1.2000848616678705,-0.13819993893924787,1.7801483863340175,1.3460545959807582,0.4340937903532592,0.28353706571234893,0.0675359862619392,0.0732554495674668,1.4595302531330385,0.2381910318930051,1102.4745155861146,93.08808489869011,1009.3864306874244
P1,P2,R_C_log,S04,"{""control_lambda"":0.001}",1579,2603,ok,2603,3.0271291133725624,1.7398646824890038,1.4449295597087544,0.014193579485370478,2.9275269962016206,2.7583955961495703,0.1691314000520504,0.21835623150581437,0.1630102047143398,0.15027596344396993,0.8682927453142035,0.7465333303757776,7879.61708210878,74.45993554872416,7805.1571465600555
P1,P3,R_C_log,S04,"{""control_lambda"":0.001}",3673,509,ok,509,1.7126049616304209,1.3086653359932863,1.0398598219337878,-0.23827960505593548,1.780364889623482,1.5010099391976763,0.27935495042580566,0.4185966501344174,-0.007920630764100534,-0.056497451886090774,1.808766802294814,-0.01892186848976721,871.7159254698843,39.721946858648806,831.9939786112354
P1,P4,R_C_log,S04,"{""control_lambda"":0.001}",3604,576,ok,576,2.2782187334698936,1.5093769355167361,1.188823455859786,-0.30534345622388304,1.582593810997146,1.9879660672298713,-0.4053722562327253,0.5275227607434372,0.06359016000575221,0.06110978397365616,1.3429547096946792,0.12054486505214428,1312.2539904786588,94.65215968696914,1217.6018307916897
P1,P5,R_C_log,S04,"{""control_lambda"":0.001}",3687,494,ok,494,4.139481106605918,2.03457147984678,1.724783549322086,-1.1111682815592814,1.7801483863340175,0.365142139914796,1.4150062464192215,0.3474298703211831,0.04418002478013986,0.05005792952656394,1.7337160264025133,0.12716242486375,2044.9036666633233,989.1078826382746,1055.7957840250488
P1,P2,R_C_log,S04,"{""control_lambda"":0.1}",1579,2603,ok,2603,3.8137689923416875,1.9528873475809319,1.6966439338969297,-0.2419813685519956,2.9275269962016206,2.014296643879181,0.9132303523224398,0.12259587237118669,0.1820743613032729,0.16353983478147033,-0.06402376171626534,1.485158984406927,9927.240687065412,2170.8751276769244,7756.36555938849
P1,P3,R_C_log,S04,"{""control_lambda"":0.1}",3673,509,ok,509,1.9752625747885746,1.4054403490680687,1.130492295532323,-0.4281912150145901,1.780364889623482,1.2280156199813417,0.5523492696421399,0.38928886800227885,-0.07199503525308677,-0.1209569758371435,2.0074739469813214,-0.18493987671043624,1005.4086505673845,155.29066527817054,850.1179852892137
P1,P4,R_C_log,S04,"{""control_lambda"":0.1}",3604,576,ok,576,2.306778325139429,1.518808192346693,1.1890129659999784,-0.3217071510485119,1.582593810997146,2.183049582934411,-0.6004557719372652,0.39131057284124626,0.04855262735377902,0.05338221023157193,1.311727649305067,0.12407696270828003,1328.7043152803112,207.67514921439954,1121.0291660659118
P1,P5,R_C_log,S04,"{""control_lambda"":0.1}",3687,494,ok,494,2.2569957881610225,1.5023301195679406,1.2045456687125782,-0.1510857996125321,1.7801483863340175,1.322682848469482,0.45746553786453553,0.30431307311987726,0.07928088147680508,0.08098558373811725,1.4355576624921822,0.2605240736587552,1114.9559193515452,103.38171085684226,1011.5742084947028
P1,P2,R_C_log,G05,"{""max_leaf_nodes"":7,""min_samples_leaf"":20}",56997,2603,ok,2603,4.53264294250089,2.129000456200254,1.8449280326762254,-0.47608785329922765,2.9275269962016206,1.6117239467940632,1.3158030494075572,0.244804084826401,0.30159582459600937,0.2648777670963217,0.941901580272827,1.2319885299703284,11798.469579329816,4506.67194155308,7291.797637776735
P1,P3,R_C_log,G05,"{""max_leaf_nodes"":7,""min_samples_leaf"":20}",59235,509,ok,509,1.1743833078013284,1.083689673200464,0.7698427558735763,0.15087546097958182,1.780364889623482,1.6507840667625104,0.12958082286097153,0.4771669790439118,0.4094001506582668,0.4335400366284834,0.3640237023288686,0.8579808927234909,597.7611036708762,8.546715533543178,589.2143881373331
P1,P4,R_C_log,G05,"{""max_leaf_nodes"":7,""min_samples_leaf"":20}",59129,576,ok,576,1.353422017457666,1.1633666736922053,0.8706389390336295,0.22453426089298,1.582593810997146,1.7832631421455476,-0.20066933114840144,0.457716270253546,0.4993385650606884,0.4737322298850168,-0.3628298420255389,1.090934706743298,779.5710820556156,23.194471947002953,756.3766101086128
P1,P5,R_C_log,G05,"{""max_leaf_nodes"":7,""min_samples_leaf"":20}",59108,494,ok,494,1.8138841840684476,1.346805176730639,0.9805079702807876,0.07490464210206449,1.7801483863340175,1.761588848749009,0.018559537585008418,0.3892545905029926,0.2910684412970768,0.2938762836655664,0.46290529422527116,0.7477585323295987,896.0587869298131,0.170161479072454,895.8886254507406
P1,P2,R_C_log,G05,"{""max_leaf_nodes"":7,""min_samples_leaf"":50}",56997,2603,ok,2603,4.5026546333432185,2.1219459543879102,1.8386793718268584,-0.46632194421480344,2.9275269962016206,1.623994581511018,1.3035324146906024,0.2450980760820602,0.30009782084768377,0.263611761129558,0.9391097765710068,1.2243989248908238,11720.410010592397,4423.009156256141,7297.400854336259
P1,P3,R_C_log,G05,"{""max_leaf_nodes"":7,""min_samples_leaf"":50}",59235,509,ok,509,1.1688044105406508,1.0811125799567087,0.7676111230542546,0.1549092194068743,1.780364889623482,1.6560748370051566,0.12429005261832525,0.4740341813837284,0.41219299534925125,0.43870926106515146,0.34033698784840083,0.8695427704095944,594.9214449651912,7.8630407445518244,587.0584042206393
P1,P4,R_C_log,G05,"{""max_leaf_nodes"":7,""min_samples_leaf"":50}",59129,576,ok,576,1.3443625436605002,1.1594664909606056,0.8660994385598693,0.22972503764510976,1.582593810997146,1.7741062623788706,-0.19151245138172468,0.4562813335834199,0.5029050824456985,0.4717303611904843,-0.3727942149431209,1.1021820211142925,774.3528251484481,21.125962963720777,753.2268621847272
P1,P5,R_C_log,G05,"{""max_leaf_nodes"":7,""min_samples_leaf"":50}",59108,494,ok,494,1.8121938017647017,1.3461774778106719,0.9776855055440534,0.0757667505189098,1.7801483863340175,1.7643583534691962,0.01579003286482126,0.3937534025804523,0.2932490854074065,0.2955415579659853,0.46613695152477996,0.7447531462219921,895.2237380717627,0.1231666181088349,895.1005714536541
P1,P2,R_C_log,G05,"{""max_leaf_nodes"":15,""min_samples_leaf"":20}",56997,2603,ok,2603,4.5446186504537565,2.1318111197884666,1.845775554465938,-0.47998782893554637,2.9275269962016206,1.608316938199232,1.3192100580023889,0.23326478926814115,0.30259778604791293,0.2653017228621566,0.841172059010443,1.2972287287648576,11829.642347131128,4530.040406081536,7299.601941049594
P1,P3,R_C_log,G05,"{""max_leaf_nodes"":15,""min_samples_leaf"":20}",59235,509,ok,509,1.152321879693711,1.0734625655763275,0.7585566373262969,0.16682672650555763,1.780364889623482,1.6627903519807559,0.11757453764272595,0.503128490326689,0.42728660186328465,0.4573042476960391,0.36822454621422396,0.8492594040656313,586.5318367640989,7.036299898067498,579.4955368660314
P1,P4,R_C_log,G05,"{""max_leaf_nodes"":15,""min_samples_leaf"":20}",59129,576,ok,576,1.3566689707399868,1.164761336386123,0.8755036382517534,0.22267386480481033,1.582593810997146,1.7853777652128042,-0.20278395421565798,0.44356727531677015,0.49934583871719246,0.480759691549003,-0.42729512177081297,1.1257499515954792,781.4413271462324,23.68588728230673,757.7554398639256
P1,P5,R_C_log,G05,"{""max_leaf_nodes"":15,""min_samples_leaf"":20}",59108,494,ok,494,1.8298791170294326,1.3527302454774317,0.9932650205726209,0.06674709910011412,1.7801483863340175,1.5657263230854455,0.21442206324857194,0.39916936840209516,0.3125638487662379,0.3203566215575179,0.5541288457634088,0.7830356573137219,903.9602838125397,22.712549676640645,881.2477341358992
P1,P2,R_C_log,G05,"{""max_leaf_nodes"":15,""min_samples_leaf"":50}",56997,2603,ok,2603,4.456631304793111,2.1110734958293405,1.8259195181702794,-0.4513341154572774,2.9275269962016206,1.6401265439495358,1.2874004522520848,0.23947508432604575,0.30432901976145393,0.2688442318794941,0.843226223076821,1.2708170481197518,11600.61128637647,4314.212003366445,7286.399283010026
P1,P3,R_C_log,G05,"{""max_leaf_nodes"":15,""min_samples_leaf"":50}",59235,509,ok,509,1.1536722405389965,1.0740913557696088,0.7576420572819829,0.16585036340277215,1.780364889623482,1.6665364817500317,0.11382840787345047,0.5070733716576312,0.4263111969055947,0.45656209930699804,0.37925964148320035,0.8407288190108984,587.2191704343493,6.595065377453341,580.624105056896
P1,P4,R_C_log,G05,"{""max_leaf_nodes"":15,""min_samples_leaf"":50}",59129,576,ok,576,1.3474481619882486,1.1607963481973265,0.8681502500560728,0.22795708111250934,1.582593810997146,1.7729335015182985,-0.1903396905211528,0.45805186484970134,0.50051833741872,0.4781463008837882,-0.3547102295072244,1.0927110570392566,776.1301413052312,20.86801792570842,755.2621233795228
P1,P5,R_C_log,G05,"{""max_leaf_nodes"":15,""min_samples_leaf"":50}",59108,494,ok,494,1.8303907925293919,1.3529193592115503,0.9886980930364345,0.06648614052628687,1.7801483863340175,1.6202250179377646,0.15992336839625299,0.3884200015539444,0.29658608890551796,0.30281795311970555,0.5429922169952539,0.7635705878146641,904.2130515095196,12.634288977046602,891.5787625324729
P1,P2,R_C_log,S05,"{""max_leaf_nodes"":7,""min_samples_leaf"":20}",1579,2603,ok,2603,5.835890702692968,2.415758825440356,2.089152677944384,-0.9004998824535786,2.9275269962016206,1.28917241066255,1.6383545855390707,0.2937187761898024,0.10197133461546036,0.04845975701516998,2.479960677936215,0.3471733606487795,15190.823499109794,6986.987561931811,8203.835937177984
P1,P3,R_C_log,S05,"{""max_leaf_nodes"":7,""min_samples_leaf"":20}",3673,509,ok,509,1.2613135296299254,1.1230821562245237,0.8086528161329066,0.08802154944422025,1.780364889623482,1.7007411140178104,0.0796237756056714,0.48001925542198387,0.3364698990760304,0.31466450195035955,0.5882289814817019,0.7009508374413862,642.008586581632,3.2270323316264764,638.7815542500055
P1,P4,R_C_log,S05,"{""max_leaf_nodes"":7,""min_samples_leaf"":20}",3604,576,ok,576,1.5154003461181307,1.2310159812602477,0.9441731079032673,0.13172607339950593,1.582593810997146,1.8368910275372565,-0.25429721654011045,0.340815880206256,0.41801693223857994,0.38240233390184564,-0.6703867476640477,1.2265183535039603,872.8705993640433,37.24823481986755,835.6223645441758
P1,P5,R_C_log,S05,"{""max_leaf_nodes"":7,""min_samples_leaf"":20}",3687,494,ok,494,1.8877038714729262,1.373937360825786,1.0277708356515458,0.037256014510975155,1.7801483863340175,1.6529685200230753,0.12717986631094202,0.3797833354485729,0.2498011546164828,0.21439404182153712,0.6929141495849003,0.6577464867473335,932.5257125076255,7.990310887065329,924.5354016205602
P1,P2,R_C_log,S05,"{""max_leaf_nodes"":7,""min_samples_leaf"":50}",1579,2603,ok,2603,6.231925824296496,2.496382547667023,2.1648174394849042,-1.0294715751049983,2.9275269962016206,1.1312022496450371,1.7963247465565837,0.28929232720379433,0.1815525022230505,0.14945874725719047,2.217613252797275,0.6275745505519557,16221.70292064378,8399.315095023368,7822.387825620416
P1,P3,R_C_log,S05,"{""max_leaf_nodes"":7,""min_samples_leaf"":50}",3673,509,ok,509,1.2258151773357713,1.1071653793972116,0.8059293103403037,0.11368823069515754,1.780364889623482,1.7736475563861829,0.006717333237298953,0.49692091673951483,0.3628859657533804,0.3383133367206821,0.48512497372613184,0.730269049921287,623.9399252639075,0.022967386002848908,623.9169578779046
P1,P4,R_C_log,S05,"{""max_leaf_nodes"":7,""min_samples_leaf"":50}",3604,576,ok,576,1.5331096224945329,1.238188040038561,0.9552586963550505,0.12157924785866403,1.582593810997146,1.8359011025745404,-0.2533072915773949,0.3582918631466877,0.4001158079521635,0.3747564445951076,-0.46761477181998545,1.1167314949275107,883.0711425568509,36.95880036457461,846.1123421922762
P1,P5,R_C_log,S05,"{""max_leaf_nodes"":7,""min_samples_leaf"":50}",3687,494,ok,494,1.8348106588018958,1.3545518295000365,1.0017615751536773,0.06423197358049426,1.7801483863340175,1.740414333544373,0.039734052789644404,0.37796829818625605,0.2750193693380974,0.24409067456301153,0.5137785487173989,0.7276254930845361,906.3964654481365,0.7799247058385826,905.616540742298
P1,P2,R_C_log,S05,"{""max_leaf_nodes"":15,""min_samples_leaf"":20}",1579,2603,ok,2603,5.998992529437104,2.4492840850822315,2.113460360581848,-0.9536151682508531,2.9275269962016206,1.2825753041385113,1.6449516920631093,0.3199190342645758,0.046758415412464144,-0.0035898555691383847,2.7400696009061614,0.14615702851176582,15615.377554124781,7043.369378183009,8572.008175941774
P1,P3,R_C_log,S05,"{""max_leaf_nodes"":15,""min_samples_leaf"":20}",3673,509,ok,509,1.2579161489114299,1.121568610880061,0.8043236971329282,0.0904779870632717,1.780364889623482,1.8000331131266878,-0.01966822350320588,0.5382928600720275,0.3534478330089649,0.3642226682416244,0.5984472935144083,0.656608807632468,640.2793197959178,0.1969010590279786,640.0824187368898
P1,P4,R_C_log,S05,"{""max_leaf_nodes"":15,""min_samples_leaf"":20}",3604,576,ok,576,1.5390673882263965,1.2405915477006912,0.9588092332452219,0.11816564652287032,1.582593810997146,1.8179606213920616,-0.23536681039491553,0.34697998118541606,0.3895061837347591,0.3611924939784412,-0.45817782487455316,1.1225609685148323,886.5028156184044,31.908980410834243,854.59383520757
P1,P5,R_C_log,S05,"{""max_leaf_nodes"":15,""min_samples_leaf"":20}",3687,494,ok,494,1.8942158352210041,1.3763051388485783,1.021097756791617,0.033934861216262324,1.7801483863340175,1.6760521958206729,0.10409619051334466,0.401198494742303,0.2497785395544385,0.23592023664242368,0.7366702198518664,0.6225809489013054,935.742622599176,5.35299233841893,930.389630260757
P1,P2,R_C_log,S05,"{""max_leaf_nodes"":15,""min_samples_leaf"":50}",1579,2603,ok,2603,6.195556964860253,2.489087576775926,2.1534607821793355,-1.017627793820394,2.9275269962016206,1.1676881817306473,1.7598388144709731,0.31824307487510173,0.14489219140794804,0.11277111714985151,2.3958928055801403,0.4552878062305449,16127.034779531237,8061.575995547116,8065.458783984121
P1,P3,R_C_log,S05,"{""max_leaf_nodes"":15,""min_samples_leaf"":50}",3673,509,ok,509,1.2466848802306076,1.1165504378354825,0.817385068481359,0.09859862857602641,1.780364889623482,1.8963094843342245,-0.11594459471074255,0.5343754413550458,0.3685383224547713,0.3733576430552941,0.4725526996780345,0.6896617881994127,634.5626040373793,6.84256286270292,627.7200411746762
P1,P4,R_C_log,S05,"{""max_leaf_nodes"":15,""min_samples_leaf"":50}",3604,576,ok,576,1.47263284743353,1.2135208475479644,0.9391907174079357,0.15623042573707957,1.582593810997146,1.795986198524282,-0.21339238752713569,0.3828550614688425,0.42953489001215583,0.3849158209099477,-0.43236906107985984,1.1219255881435235,848.2365201217133,26.22891516741,822.0076049543034
P1,P5,R_C_log,S05,"{""max_leaf_nodes"":15,""min_samples_leaf"":50}",3687,494,ok,494,1.8786528767143638,1.3706395867310865,1.0052335592988573,0.0418720938114322,1.7801483863340175,1.7336593316779056,0.046489054656111785,0.42299428047463244,0.2622949186053675,0.25261485239090564,0.7051219515045686,0.6200909343527109,928.0545210968957,1.0676487081925605,926.986872388703
P2,P1,E_log,B00,{},1579,270,ok,270,3.9949066287944217,1.9987262515898523,1.7358366805454648,-0.0066886794321070475,2.2553727869836906,2.4182933548616274,-0.1629205678779369,0.0,,,,,1078.6247897744938,7.166640088170751,1071.4581496863234
P2,P3,E_log,B00,{},1340,509,ok,509,4.051332910595649,2.012792316806592,1.7693597075832377,-0.03157162515909073,2.139311737452243,2.491437451827548,-0.3521257143753051,0.0,,,,,2062.1284514931854,63.112192030678344,1999.0162594625072
P2,P4,E_log,B00,{},1271,576,ok,576,4.830095464943189,2.1977478165028828,1.906509637132787,-0.005975875400913377,2.2801567263537543,2.4495455847771708,-0.1693888584234163,0.0,,,,,2782.134987807277,16.52692916620119,2765.6080586410753
P2,P5,E_log,B00,{},1354,494,ok,494,5.19209929087515,2.2786178466068305,1.9133642481412412,-0.08647927245812204,2.866812264339182,2.2239516995779547,0.6428605647612272,0.0,,,,,2564.8970496923243,204.15523462821125,2360.7418150641133
P2,P1,E_log,B01,"{""lambda"":0}",1579,270,ok,270,290728.0605799626,539.1920442476527,539.1885058353067,-73260.44878320288,2.2553727869836906,541.4438786222904,-539.1885058353067,0.2290737782452334,0.19847550474521994,0.2207502422363591,-466.86574584984464,0.8664261194170518,78496576.35658991,78495546.10272586,1030.2538640282191
P2,P3,E_log,B01,"{""lambda"":0}",1340,509,ok,509,10.859231092317097,3.295334746625462,2.9415771942911535,-1.7650343511841111,2.139311737452243,4.757922192525668,-2.6186104550734246,0.34453996461849246,0.14464136512329234,0.17538227873423765,0.14188783384398418,0.41981012357580355,5527.3486259894025,3490.2744441487025,2037.0741818406984
P2,P4,E_log,B01,"{""lambda"":0}",1271,576,ok,576,5.008178540659724,2.2378960075615053,1.982098931154277,-0.0430656760659891,2.2801567263537543,2.9223913103891546,-0.6422345840354002,0.2877579686433458,0.2183156361091875,0.21729229343559123,0.06300277264925214,0.7586779860118251,2884.7108394200013,237.57999029632717,2647.130849123674
P2,P5,E_log,B01,"{""lambda"":0}",1354,494,ok,494,44.57616823607653,6.676538641847026,6.316185597667425,-8.327842192698132,2.866812264339182,-3.449373333328243,6.316185597667425,0.21700805407770857,0.1552049412283225,0.16853238910738708,5.3338164856758015,0.7152035987233218,22020.627108621808,19707.735049065614,2312.892059556195
P2,P1,E_log,B01,"{""lambda"":0.001}",1579,270,ok,270,10.087418715017,3.176069696183791,2.514408436314192,-1.5419593419042479,2.2553727869836906,-0.24785410149535136,2.5032268884790416,0.22040331495359028,0.19428744008616847,0.21268666362102984,2.47385833428378,0.8815087020223763,2723.60305305459,1691.8591109052054,1031.7439421493846
P2,P3,E_log,B01,"{""lambda"":0.001}",1340,509,ok,509,4.0137437375093254,2.003432988025635,1.739834113239194,-0.022000472843359598,2.139311737452243,2.538251599059403,-0.39893986160716,0.28411676927039686,0.17465748428236147,0.19552441815709454,0.5789510452416409,0.6147383863714785,2042.9955623922467,81.00888370818224,1961.9866786840644
P2,P4,E_log,B01,"{""lambda"":0.001}",1271,576,ok,576,4.836385282414839,2.1991783198310317,1.9369298666172285,-0.007285871172856062,2.2801567263537543,2.773778143437566,-0.49362141708381124,0.2875498763232884,0.21934832323232323,0.2185297811389554,0.1642678497490766,0.7628183535913363,2785.757922670947,140.34937156060604,2645.4085511103413
P2,P5,E_log,B01,"{""lambda"":0.001}",1354,494,ok,494,18.815956986506013,4.337736389697513,3.757966652229602,-2.9373567630399826,2.866812264339182,-0.8911543878904202,3.757966652229602,0.2135579978490282,0.14851401945098736,0.1651866475957943,3.486545177318413,0.6954271015219821,9295.08275133397,6976.422799479263,2318.659951854708
P2,P1,E_log,B01,"{""lambda"":0.1}",1579,270,ok,270,11.263360903225694,3.356093101096228,2.7238745764111427,-1.8382885927567418,2.2553727869836906,-0.46740189017025646,2.722774677153947,0.17806903330277948,0.17288492943643521,0.2003187584276317,2.709167258160167,0.9708871117555312,3041.1074438709375,2001.6455244887106,1039.461919382227
P2,P3,E_log,B01,"{""lambda"":0.1}",1340,509,ok,509,3.8806658630677497,1.969940573486355,1.581142857801584,0.011884513219222459,2.139311737452243,1.884506791789152,0.25480494566309064,0.24813808948259278,0.18132788764743443,0.1994534949781338,0.7622009660874054,0.7307539444086628,1975.2589243014845,33.047110210194624,1942.21181409129
P2,P4,E_log,B01,"{""lambda"":0.1}",1271,576,ok,576,4.713392843751843,2.171034970642307,1.900978301084953,0.018330066865990924,2.2801567263537543,2.6201556982400533,-0.33999897188629896,0.24146400251975383,0.20854264270798928,0.20309578168687115,0.017234767323127453,0.8636593468665321,2714.9142780010616,66.58519730903441,2648.329080692027
P2,P5,E_log,B01,"{""lambda"":0.1}",1354,494,ok,494,5.31780860298427,2.3060374244543973,1.897722382289341,-0.11278473279505374,2.866812264339182,2.014300602374054,0.8525116619651277,0.16893493555611222,0.2007776961843296,0.19894172850368627,0.4728335823333012,1.1884912704609918,2626.9974498742295,359.02741009055285,2267.9700397836764
P2,P1,E_log,G02,"{""lambda"":0}",56997,270,ok,270,3.808631347862772,1.9515715072378905,1.6355942382441842,0.04025139551740864,2.2553727869836906,2.1261169272977862,0.1292558596859045,0.17693280524380348,0.21411145386540711,0.24070497905590518,-0.3175021853217852,1.2101286336944328,1028.3304639229484,4.510910861048402,1023.8195530619
P2,P3,E_log,G02,"{""lambda"":0}",56709,509,ok,509,3.7854809705633325,1.9456312524636656,1.6604043691051946,0.036120989563729666,2.139311737452243,2.2675159958895628,-0.1282042584373196,0.17049787254648704,0.2034501019367322,0.22218093153293525,-0.5664484788878132,1.1932706191466433,1926.8098140167363,8.366092927664685,1918.4437210890717
P2,P4,E_log,G02,"{""lambda"":0}",56603,576,ok,576,4.299683343134005,2.073567781176686,1.8280323774179519,0.10449436321713967,2.2801567263537543,2.6757771920259494,-0.39562046567219533,0.3111361478800701,0.37587716326635057,0.37330629890757616,-0.9523945131094114,1.2080793756283041,2476.617605645187,90.15295844660238,2386.4646471985843
P2,P5,E_log,G02,"{""lambda"":0}",56582,494,ok,494,4.391718467183442,2.095642733669898,1.793576410552697,0.08100542425063928,2.866812264339182,2.590327250462398,0.2764850138767838,0.28704689379693643,0.31248852546910905,0.32327467073552246,0.046898304385070144,1.0886323183492472,2169.5089227886206,37.763317671832,2131.7456051167883
P2,P1,E_log,G02,"{""lambda"":0.001}",56997,270,ok,270,3.8084323336095496,1.9515205183675497,1.6361549625222302,0.040301545724755194,2.2553727869836906,2.128159308580309,0.1272134784033814,0.17562980079525892,0.21415911064295834,0.24083143140258167,-0.3396577987618423,1.2193779738588615,1028.2767300745784,4.369482653621648,1023.9072474209568
P2,P3,E_log,G02,"{""lambda"":0.001}",56709,509,ok,509,3.7858174693029625,1.9457177260083134,1.660833083489785,0.03603530849052128,2.139311737452243,2.2681814017156636,-0.12886966426342028,0.1694604845140977,0.20353070894694278,0.2223505960031328,-0.5848901319992419,1.2010511449352708,1926.981091875208,8.45316169698963,1918.5279301782182
P2,P4,E_log,G02,"{""lambda"":0.001}",56603,576,ok,576,4.301027991112816,2.0738919911877804,1.8286038683689452,0.10421431007172899,2.2801567263537543,2.672877130655399,-0.39272040430164484,0.3069298057733522,0.37556133486031257,0.3726264551320976,-0.9903933610750539,1.2236065960229372,2477.3921228809822,88.83608598999209,2388.55603689099
P2,P5,E_log,G02,"{""lambda"":0.001}",56582,494,ok,494,4.3957280464815405,2.0965991620912043,1.7947314807425463,0.08016639468771913,2.866812264339182,2.5848655055090877,0.28194675883009457,0.28262508394381086,0.3125659302003121,0.32337892373116345,0.008110269817081406,1.1059383896103643,2171.489654961881,39.27002355850898,2132.219631403372
P2,P1,E_log,G02,"{""lambda"":0.1}",56997,270,ok,270,3.835864571393005,1.9585363339476256,1.6549908162866818,0.033388812638818766,2.2553727869836906,2.1745966436058475,0.08077614337784272,0.12969264006004444,0.1999080056338181,0.23094990706975171,-1.0965466271016102,1.541398228467443,1035.6834342761113,1.7616920415294073,1033.9217422345819
P2,P3,E_log,G02,"{""lambda"":0.1}",56709,509,ok,509,3.8097211639624144,1.9518507022726954,1.6755379912174244,0.029948824439144706,2.139311737452243,2.2818941676835847,-0.1425824302313418,0.13443414391969533,0.19785833165181574,0.21654973995323107,-1.2191488430204003,1.4717863028160993,1939.148072456869,10.347842450033804,1928.8002300068351
P2,P4,E_log,G02,"{""lambda"":0.1}",56603,576,ok,576,4.43624976825099,2.10624067196771,1.8535141958577563,0.07605133759693106,2.2801567263537543,2.5609117464596007,-0.28075502010584596,0.18433021002546512,0.34298692443578016,0.3339299531084859,-2.484983201324384,1.8607200870025413,2555.27986651257,45.402267637229166,2509.877598875341
P2,P5,E_log,G02,"{""lambda"":0.1}",56582,494,ok,494,4.597800030042533,2.144248126976571,1.8334480669831998,0.03788156741768611,2.866812264339182,2.4367483878423797,0.4300638764968024,0.1605978195910625,0.3187347302217882,0.32727576676861075,-1.9693451753757776,1.9846765730281812,2271.3132148410114,91.3677393065237,2179.9454755344873
P2,P1,E_log,P00,"{""lambda"":0}",56997,270,ok,270,3.8462096407821904,1.9611755762251861,1.6140200144121617,0.03078192711940042,2.2553727869836906,2.021553847798952,0.23381893918473862,0.1780644587877792,0.21415184553919564,0.2402229761012141,-0.17587874018922944,1.2026647372366772,1038.4766030111914,14.761250006798653,1023.7153530043929
P2,P3,E_log,P00,"{""lambda"":0}",56709,509,ok,509,3.7757631231405426,1.9431322968703244,1.6494649313452936,0.03859539882117613,2.139311737452243,2.224356592574697,-0.08504485512245398,0.1713481934423844,0.20367069624955508,0.22248776462808215,-0.504639428973737,1.188636379280177,1921.8634296785362,3.681407337844786,1918.1820223406917
P2,P4,E_log,P00,"{""lambda"":0}",56603,576,ok,576,4.328406314289132,2.080482231188032,1.8382479303812203,0.09851215929143853,2.2801567263537543,2.7109053703407042,-0.43074864398695,0.31023530498814933,0.37616913332743274,0.3735799948259641,-1.006893158999234,1.2125284494677417,2493.16203703054,106.87357111483941,2386.2884659157007
P2,P5,E_log,P00,"{""lambda"":0}",56582,494,ok,494,4.491721343286324,2.1193681471812122,1.7951648678445915,0.06007919653713478,2.866812264339182,2.442287751066087,0.42452451327309443,0.2891970794833137,0.31367282977951777,0.3235137629364555,0.2178252435108634,1.0846334628964196,2218.910343583444,89.02920481066032,2129.8811387727837
P2,P1,E_log,P00,"{""lambda"":0.001}",56997,270,ok,270,3.844274265834549,1.9606820919859878,1.6150239125735386,0.03126962814254919,2.2553727869836906,2.0264397293211283,0.22893305766256236,0.1767245281725306,0.2141984197019808,0.240376326624323,-0.20076724140068825,1.2120469179743152,1037.9540517753283,14.150793120497129,1023.803258654831
P2,P3,E_log,P00,"{""lambda"":0.001}",56709,509,ok,509,3.776532090669357,1.943330154829425,1.6505375487715548,0.03839960027761069,2.139311737452243,2.227688110703964,-0.08837637325172103,0.17025573929891288,0.20373861721922612,0.22263568794075986,-0.5264785445052822,1.1966622567802447,1922.2548341507027,3.9754851247059038,1918.2793490259967
P2,P4,E_log,P00,"{""lambda"":0.001}",56603,576,ok,576,4.330743180845427,2.0810437719676695,1.839117651362413,0.09802545433980236,2.2801567263537543,2.7093835153240726,-0.4292267889703178,0.3059996002746281,0.37587045722130225,0.3731143657963049,-1.0478777540140194,1.22833643208673,2494.5080721669656,106.11972654898736,2388.388345617978
P2,P5,E_log,P00,"{""lambda"":0.001}",56582,494,ok,494,4.496519813368221,2.1204998970450863,1.7962934099130683,0.059075086640266394,2.866812264339182,2.437709343880029,0.4291029204591526,0.2847538861763477,0.3137623099542277,0.32363405869892325,0.1807688006193402,1.1018719153139673,2221.280787803901,90.95988227520748,2130.320905528694
P2,P1,E_log,P00,"{""lambda"":0.1}",56997,270,ok,270,3.8379009308365992,1.959056132640563,1.6524386984433348,0.03287566422519994,2.2553727869836906,2.162510268642199,0.09286251834149148,0.1298138603498867,0.1999029655117853,0.23097680524618414,-1.0747201205541312,1.5399200437687295,1036.2332513258818,2.328330774435437,1033.9049205514464
P2,P3,E_log,P00,"{""lambda"":0.1}",56709,509,ok,509,3.8237612920477413,1.9554440140407348,1.6865930016698605,0.026373853419472848,2.139311737452243,2.323151266220795,-0.18383952876855145,0.13363784226442707,0.19769283793218762,0.21626112492824476,-1.2973672674077217,1.479317793391306,1946.2944976523004,17.202658919962115,1929.091838732338
P2,P4,E_log,P00,"{""lambda"":0.1}",56603,576,ok,576,4.484376906051525,2.1176347433047855,1.8734207267583376,0.06602778010602284,2.2801567263537543,2.6356807799622697,-0.35552405360851547,0.1826587751857798,0.3441310060204304,0.33598881422899535,-2.6854928978409283,1.8840102572155066,2583.001097885678,72.80487515187681,2510.1962227338017
P2,P5,E_log,P00,"{""lambda"":0.1}",56582,494,ok,494,4.690106428328574,2.1656653546493683,1.837793372924582,0.018565875857376457,2.866812264339182,2.336274682753335,0.5305375815858467,0.16200056615910413,0.3200897600161704,0.3285060120901339,-1.7493296434608316,1.9758558109099658,2316.9125755943155,139.04624198462975,2177.8663336096856
P2,P1,E_log,P02,"{""lambda"":0}",56997,270,ok,270,3.869284096334601,1.9670495917323998,1.6176432058541819,0.024967324840277527,2.2553727869836906,2.02520087156294,0.2301719154207504,0.21400368473529516,0.19652761902857777,0.21364324934381,0.39555478508728426,0.9183375476532853,1044.7067060103423,14.304359875083412,1030.402346135259
P2,P3,E_log,P02,"{""lambda"":0}",56709,509,ok,509,3.7958813699636864,1.9483021762456887,1.614631510172962,0.03347278534341802,2.139311737452243,2.052108386428005,0.08720335102423786,0.182821943377422,0.18825127188588567,0.21955224479877622,0.026261155798307456,1.0296973569373737,1932.1036173115165,3.870652034796931,1928.2329652767196
P2,P4,E_log,P02,"{""lambda"":0}",56603,576,ok,576,4.365451237447151,2.08936622865575,1.8429689456597746,0.09079672193134358,2.2801567263537543,2.7546435973839425,-0.47448687103018755,0.357003740477996,0.37133839875681585,0.33786320118996965,-0.5850932041615127,1.0401526837215407,2514.499912769559,129.67936748929026,2384.820545280269
P2,P5,E_log,P02,"{""lambda"":0}",56582,494,ok,494,4.457748312149886,2.11133803834201,1.783496692567811,0.067188265929776,2.866812264339182,2.487418755622831,0.37939350871635114,0.33753403512306124,0.3129132122251016,0.32320600169620767,0.5608338681542508,0.9270567695818196,2202.1276662020437,71.10608062131537,2131.0215855807282
P2,P1,E_log,P02,"{""lambda"":0.001}",56997,270,ok,270,3.868446985178768,1.9668367967827853,1.6180234421788209,0.025178271028088117,2.2553727869836906,2.0270079579012537,0.2283648290824371,0.21337729838554187,0.1964822526077931,0.21404177519922807,0.38886171651947077,0.9208207906577679,1044.4806859982673,14.080633693699692,1030.4000523045677
P2,P3,E_log,P02,"{""lambda"":0.001}",56709,509,ok,509,3.790301187315206,1.9468695866223824,1.6160183407860838,0.03489364070396439,2.139311737452243,2.0617168289816963,0.07759490847054659,0.18076277775813307,0.1911397752484904,0.22258974873585116,-0.040761484507642276,1.0574067162446583,1929.2633043434398,3.064673638661224,1926.1986307047787
P2,P4,E_log,P02,"{""lambda"":0.001}",56603,576,ok,576,4.3591989253544945,2.087869470382307,1.8411363388370563,0.09209890636565554,2.2801567263537543,2.7534904898542925,-0.4733337635005377,0.3588871194622752,0.3727651805877206,0.3409083261713243,-0.5798104444797434,1.0386697108167022,2510.898581004189,129.04983456167977,2381.8487464425098
P2,P5,E_log,P02,"{""lambda"":0.001}",56582,494,ok,494,4.455459854291331,2.110796023847717,1.7834269353808017,0.06766714005947205,2.866812264339182,2.486396487917391,0.3804157764217912,0.33502416256134987,0.3136954224231341,0.3240245826241094,0.5387079550095111,0.9363367108355651,2200.997168019918,71.48978449759355,2129.5073835223243
P2,P1,E_log,P02,"{""lambda"":0.1}",56997,270,ok,270,3.8602523628529304,1.9647524940442067,1.6591066463292927,0.02724325884737333,2.2553727869836906,2.178464603094158,0.07690818388953215,0.1931521205520376,0.17095723854780231,0.18769702101755534,0.3272329780356671,0.8850911812886064,1042.2681379702913,1.5970145622802447,1040.6711234080108
P2,P3,E_log,P02,"{""lambda"":0.1}",56709,509,ok,509,3.8112044062869694,1.9522306232325548,1.639279671407446,0.029571153502440328,2.139311737452243,2.1274292326739594,0.011882504778283752,0.16104732618148856,0.17244417409990406,0.2008980071518567,-0.13866943542998156,1.070767073186748,1939.9030428000674,0.07186770518122153,1939.8311750948865
P2,P4,E_log,P02,"{""lambda"":0.1}",56603,576,ok,576,4.393095935340981,2.0959713584257256,1.8578867675477042,0.08503909263275444,2.2801567263537543,2.723835102916699,-0.4436783765629445,0.29058345998073637,0.362161663593765,0.3211831124348595,-1.1146292407924898,1.2463258012612757,2530.423258756405,113.38588905380927,2417.037369702596
P2,P5,E_log,P02,"{""lambda"":0.1}",56582,494,ok,494,4.429376263930076,2.1046083397939097,1.7932125667441379,0.0731252945921862,2.866812264339182,2.467984167288041,0.39882809705114053,0.24743712323645675,0.33874369518759023,0.3422134318506474,-0.5118807367619662,1.369009188099389,2188.1118743814577,78.57754239273238,2109.5343319887256
P2,P1,E_log,S01,"{""lambda"":0}",1579,270,ok,270,86722.03597576122,294.4860539580121,294.4794416075694,-21852.349774146955,2.2553727869836906,-292.2240688205857,294.4794416075694,0.25194013411181637,0.16293645964310524,0.17733565795112652,191.2445362800747,0.6467268909636702,23414949.713455528,23413898.212966587,1051.5004889442137
P2,P3,E_log,S01,"{""lambda"":0}",1340,509,ok,509,10.107983413811708,3.179305492369632,2.8052270908912416,-1.5737477288021307,2.139311737452243,4.5278284524434715,-2.388516714991228,0.39477673851021305,0.044000862306461386,0.04251177400683325,1.6346509080551503,0.11145758605866556,5144.963557630159,2903.851157776376,2241.112399853783
P2,P4,E_log,S01,"{""lambda"":0}",1271,576,ok,576,7.291148078031629,2.700212598672858,2.368496544381459,-0.5185453628630972,2.2801567263537543,3.957800870290693,-1.6776441439369387,0.3678493892600759,0.27585820748938245,0.26170222552824396,-0.6878836878886974,0.7499216134197411,4199.701292946218,1621.1461672430808,2578.5551257031375
P2,P5,E_log,S01,"{""lambda"":0}",1354,494,ok,494,240.79651270476998,15.517619427759207,15.374663831188569,-49.388177358956895,2.866812264339182,-12.507851566849387,15.374663831188569,0.2715981362517763,0.2754858225998489,0.2789138716085685,15.55370262891832,1.014314112761321,118953.47727615637,116771.86223349663,2181.6150426597233
P2,P1,E_log,S01,"{""lambda"":0.001}",1579,270,ok,270,33.69373156218304,5.804630183067913,5.459155398658614,-7.4905859593794855,2.2553727869836906,-3.203782611674923,5.459155398658614,0.2527930563508429,0.1647794831247363,0.18001898293109056,4.343711962182919,0.6518354795949947,9097.30752178942,8046.641970009942,1050.6655517794782
P2,P3,E_log,S01,"{""lambda"":0.001}",1340,509,ok,509,4.17852707755894,2.0441445833303815,1.7284314695395373,-0.06395847077770633,2.139311737452243,2.3363364047562767,-0.19702466730403373,0.29751689044792695,0.05788252080161856,0.04818760681189273,1.684772701553193,0.19455204951380567,2126.8702824775,19.758728238868976,2107.111554238631
P2,P4,E_log,S01,"{""lambda"":0.001}",1271,576,ok,576,5.5419199350249935,2.3541282749724988,2.0775769741881454,-0.15422931047680932,2.2801567263537543,3.3163750551443547,-1.0362183287906004,0.36354763564863013,0.277226120378966,0.26053351888195353,-0.2487712602604617,0.7625578966683361,3192.145882574396,618.4790927548328,2573.6667898195637
P2,P5,E_log,S01,"{""lambda"":0.001}",1354,494,ok,494,61.000663899040745,7.810292177571895,7.520465762082318,-11.764770706324672,2.866812264339182,-4.653653497743135,7.520465762082318,0.24825497806739694,0.26555531691512424,0.26948182421866845,7.844768553581671,1.0696877822245747,30134.32796612613,27939.358207654273,2194.9697584718606
P2,P1,E_log,S01,"{""lambda"":0.1}",1579,270,ok,270,5.910548671048279,2.4311620001654104,1.7057159373107118,-0.4894171476974911,2.2553727869836906,0.8379704634941177,1.4174023234895727,0.21478192961132395,0.14660346197112248,0.16227979016113805,1.683400222997066,0.6825688838740792,1595.8481411830353,542.4379235910827,1053.4102175919525
P2,P3,E_log,S01,"{""lambda"":0.1}",1340,509,ok,509,4.172901334262264,2.042768056892966,1.5809531484148505,-0.06252601452606088,2.139311737452243,1.706046265896129,0.43326547155611383,0.23117908993163477,0.08373539554697183,0.07718256942246446,1.5213645912008555,0.36221007519207027,2124.006779139492,95.54895514095553,2028.4578239985365
P2,P4,E_log,S01,"{""lambda"":0.1}",1271,576,ok,576,4.677374482635868,2.1627238572309384,1.9087522891269997,0.02583169962193388,2.2801567263537543,2.7624479544757947,-0.4822912281220405,0.30440481277816783,0.2742058651291454,0.25756282471686,-0.20823832994675096,0.9007934619252241,2694.16770199826,133.98038134471648,2560.1873206535424
P2,P5,E_log,S01,"{""lambda"":0.1}",1354,494,ok,494,5.696881350618753,2.3868140586603626,1.9017806418943597,-0.19210807774387395,2.866812264339182,1.716496584422666,1.1503156799165155,0.213910062821641,0.30513476529202305,0.3097109361919159,0.41829359484075423,1.4264628847612728,2814.259387205664,653.6737247501269,2160.5856624555367
P2,P1,E_log,S02,"{""lambda"":0}",1579,270,ok,270,48755.374091846454,220.80619124437263,220.79750803101024,-12285.015098818725,2.2553727869836906,223.0528808179939,-220.79750803101024,0.23058413698149546,0.1884168114998697,0.20625336183705792,-180.00743657079764,0.8171282464022676,13163951.004798543,13162915.679230088,1035.3255684555575
P2,P3,E_log,S02,"{""lambda"":0}",1340,509,ok,509,5.259164317974963,2.2932867936599126,2.0455214977444167,-0.33911599026664296,2.139311737452243,3.282633346177619,-1.143321608725376,0.23295164445196692,0.10300978608891961,0.10408449364672759,0.6877514379161997,0.4421938567175882,2676.914637849256,665.3568091979963,2011.5578286512596
P2,P4,E_log,S02,"{""lambda"":0}",1271,576,ok,576,5.693815851391752,2.386171798381615,2.1092717282323177,-0.18586504698469453,2.2801567263537543,3.447521673462477,-1.1673649471087224,0.3683483029046504,0.31714118158343196,0.2914892794948479,-0.6880966589194832,0.860981791099839,3279.637930401649,784.9387697691747,2494.699160632474
P2,P5,E_log,S02,"{""lambda"":0}",1354,494,ok,494,18.690515399321058,4.3232528724701105,3.780843012677014,-2.911107325819045,2.866812264339182,-0.9121958950021564,3.779008159341338,0.35006601997639913,0.2853849624101143,0.2918167041318704,3.6104633939843898,0.8152318309253624,9233.114607264602,7054.765918173993,2178.348689090609
P2,P1,E_log,S02,"{""lambda"":0.001}",1579,270,ok,270,15.953516792394307,3.994185372813123,3.480435734844704,-3.0201752492222846,2.2553727869836906,-1.2250629478610138,3.480435734844704,0.22731936688472065,0.18476135561050447,0.20323396423890966,3.2510833331501616,0.8127831699628194,4307.449533946463,3270.626884183679,1036.8226497627843
P2,P3,E_log,S02,"{""lambda"":0.001}",1340,509,ok,509,3.8930956043721965,1.9730929031275228,1.628811027916246,0.008719587324290234,2.139311737452243,2.0625759047088246,0.07673583274341816,0.1941604885342253,0.12339589589945492,0.1330030608892978,0.8284713932423027,0.6355355656086716,1981.585662625448,2.9971895056543563,1978.588473119794
P2,P4,E_log,S02,"{""lambda"":0.001}",1271,576,ok,576,4.9306836426924185,2.2205142743725874,1.9624284678829684,-0.026925622854290898,2.2801567263537543,3.063443769928885,-0.7832870435751309,0.36714009462758296,0.32092574885175784,0.29538570892095295,-0.3976711663664574,0.874123402886019,2840.073778190833,353.39822935641735,2486.675548834416
P2,P5,E_log,S02,"{""lambda"":0.001}",1354,494,ok,494,12.228221607699346,3.496887417075269,2.870390724519379,-1.5588319043009884,2.866812264339182,0.07067021476396218,2.7961420495752196,0.3458106352075942,0.2845551471953522,0.29076267935810846,2.8086602836969026,0.8228640713277375,6040.741474203477,3862.2947185329385,2178.4467556705376
P2,P1,E_log,S02,"{""lambda"":0.1}",1579,270,ok,270,5.729891287021133,2.3937191328602303,1.680033464924099,-0.44389274368636933,2.2553727869836906,0.9025516201864402,1.3528211667972503,0.2154998011804214,0.14785678768941488,0.16138936776889282,1.636122177221328,0.6861110167133089,1547.070647495706,494.13377952036194,1052.936867975344
P2,P3,E_log,S02,"{""lambda"":0.1}",1340,509,ok,509,4.131189126218869,2.032532687613872,1.5762358595800754,-0.05190503343419306,2.139311737452243,1.7092392168980923,0.4300725205541508,0.20538694635710866,0.09098643813729454,0.08640879351385183,1.3821185904265518,0.44300010176447785,2102.775265245404,94.14584782432243,2008.6294174210818
P2,P4,E_log,S02,"{""lambda"":0.1}",1271,576,ok,576,4.596466975748472,2.1439372602173954,1.8927565424871982,0.04268250529612594,2.2801567263537543,2.7623298077725837,-0.48217308141882914,0.315120749045234,0.30211441244902565,0.2768558001352676,-0.3681603057495493,0.9587258641786823,2647.5649780311196,133.914747136279,2513.65023089484
P2,P5,E_log,S02,"{""lambda"":0.1}",1354,494,ok,494,5.503639454124756,2.345983685818117,1.87639841434542,-0.15167100145756196,2.866812264339182,1.7724384623410803,1.0943738019981015,0.26955523673056275,0.3183125384850333,0.32571032257759397,0.7737741431015643,1.1808805584556552,2718.7978903376297,591.6410851388913,2127.1568051987383
P2,P1,E_log,S03,"{""control_lambda"":0.001,""difference_penalty"":0.01,""n_knots"":3}",1579,270,ok,270,18.169477960772223,4.262567062319633,3.78047831945032,-3.5785820480666413,2.2553727869836906,-1.5251055324666287,3.78047831945032,0.2768944834196418,0.1798107264806987,0.19653353573726415,3.245751253054295,0.649383563948402,4905.759049408501,3858.8444074351573,1046.9146419733445
P2,P3,E_log,S03,"{""control_lambda"":0.001,""difference_penalty"":0.01,""n_knots"":3}",1340,509,ok,509,3.9970435636792483,1.9992607542987604,1.5532785506311215,-0.017748187030639517,2.139311737452243,1.7611836542642072,0.3781280831880361,0.2286356214702542,0.15512148292147854,0.18681168404832416,0.9444086056055037,0.6784659447375746,2034.4951739127373,72.7772512733883,1961.717922639349
P2,P4,E_log,S03,"{""control_lambda"":0.001,""difference_penalty"":0.01,""n_knots"":3}",1271,576,ok,576,4.7522335268498175,2.1799618177504434,1.9314365807684482,0.010240622161586055,2.2801567263537543,2.970000131056195,-0.6898434047024408,0.3358068999035269,0.33072639758212685,0.30535747040629496,-0.644909567533746,0.9848707625636651,2737.286511465495,274.1091396545984,2463.177371810897
P2,P5,E_log,S03,"{""control_lambda"":0.001,""difference_penalty"":0.01,""n_knots"":3}",1354,494,ok,494,9.78384218799626,3.127913392022909,2.4994462588994253,-1.0473302120667909,2.866812264339182,0.5392512352453555,2.3275610290938267,0.3732926701244411,0.3022714446200336,0.3015472169532027,2.4301568919301464,0.8097438519734876,4833.218040870152,2676.2649300132184,2156.953110856934
P2,P1,E_log,S03,"{""control_lambda"":0.1,""difference_penalty"":0.01,""n_knots"":3}",1579,270,ok,270,6.849821636948538,2.6172163909292134,1.8777443424811118,-0.7261074009447264,2.2553727869836906,0.5397595199654732,1.7156132670182171,0.2515948659728697,0.1567817729246286,0.16648518091784634,1.9190207149097767,0.6231517178157958,1849.4518419761052,794.6987981316084,1054.753043844497
P2,P3,E_log,S03,"{""control_lambda"":0.1,""difference_penalty"":0.01,""n_knots"":3}",1340,509,ok,509,4.0103505720899,2.0025859712106993,1.5511077564757718,-0.02113648727530215,2.139311737452243,1.7229987549280938,0.41631298252414906,0.19950108474919925,0.15737997447065827,0.19196883495255293,0.7800935637543298,0.7888677631427758,2041.268441193759,88.21809820383959,1953.0503429899193
P2,P4,E_log,S03,"{""control_lambda"":0.1,""difference_penalty"":0.01,""n_knots"":3}",1271,576,ok,576,4.455620319595186,2.1108340341190224,1.8654764606884322,0.0720169851732767,2.2801567263537543,2.7339756197464484,-0.453818893392694,0.2975708651449687,0.34186722076268894,0.309854266096613,-0.8607981057005474,1.148859854260733,2566.4373040868268,118.62811468809755,2447.8091893987294
P2,P5,E_log,S03,"{""control_lambda"":0.1,""difference_penalty"":0.01,""n_knots"":3}",1354,494,ok,494,4.933245842172753,2.2210911377457596,1.8094582527369514,-0.03231256822854012,2.866812264339182,2.0831816011508932,0.7836306631882883,0.3870771610983081,0.3177862763920257,0.31661817193906205,1.1565420892668092,0.8209894778868542,2437.02344603334,303.3540460467248,2133.669399986615
P2,P1,E_log,S03,"{""control_lambda"":0.001,""difference_penalty"":1,""n_knots"":3}",1579,270,ok,270,27.990809506442464,5.290634130843151,4.910562542912895,-6.05348927436128,2.2553727869836906,-2.655189755929204,4.910562542912895,0.2799070038542033,0.1809963252235829,0.1980874464815088,3.972298701580704,0.6466302119323153,7557.518566739465,6510.678611721972,1046.839955017493
P2,P3,E_log,S03,"{""control_lambda"":0.001,""difference_penalty"":1,""n_knots"":3}",1340,509,ok,509,3.854954846644883,1.9634038928974555,1.6285779102414342,0.018431187013040473,2.139311737452243,2.1496172720360556,-0.010305534583812911,0.24753045951615937,0.1610499931753726,0.18094356484370747,0.7407127623290646,0.6506269712833419,1962.1720169422454,0.05405785791660545,1962.117959084329
P2,P4,E_log,S03,"{""control_lambda"":0.001,""difference_penalty"":1,""n_knots"":3}",1271,576,ok,576,5.358103351482362,2.314757730623739,2.0509705160397567,-0.11594537801944571,2.2801567263537543,3.176277392922632,-0.8961206665688776,0.3218825529722603,0.24063513576093382,0.23235763023058678,-0.09438620740442172,0.7475867627459499,3086.2675304538407,462.5465754538653,2623.720954999975
P2,P5,E_log,S03,"{""control_lambda"":0.001,""difference_penalty"":1,""n_knots"":3}",1354,494,ok,494,27.727115695873643,5.265654346410676,4.830509741836397,-4.802072495331129,2.866812264339182,-1.9636974774972156,4.830509741836397,0.26158593529740204,0.28499906590843815,0.28653938350784874,5.006269594784658,1.0895045468878795,13697.195153761579,11526.90923679231,2170.2859169692674
P2,P1,E_log,S03,"{""control_lambda"":0.1,""difference_penalty"":1,""n_knots"":3}",1579,270,ok,270,7.94568355203802,2.8188088888816174,2.075448579353796,-1.0022569800587422,2.2553727869836906,0.2440095867043381,2.0113632002793524,0.24763527091308696,0.15854920061615785,0.16661286996228983,2.0991449412006475,0.6402529010974537,2145.3345590502654,1092.3071193282597,1053.0274397220057
P2,P3,E_log,S03,"{""control_lambda"":0.1,""difference_penalty"":1,""n_knots"":3}",1340,509,ok,509,4.0318871239919565,2.0079559566862906,1.5463741523647536,-0.02662023702784011,2.139311737452243,1.706318245794877,0.43299349165736634,0.21876796561258108,0.15764918449161555,0.1774599731479683,0.9096999010963605,0.7206228025669832,2052.230546111906,95.42903218317763,1956.8015139287281
P2,P4,E_log,S03,"{""control_lambda"":0.1,""difference_penalty"":1,""n_knots"":3}",1271,576,ok,576,4.739383005620209,2.177012403644088,1.9190182113410037,0.012917031859311368,2.2801567263537543,2.7415868076794294,-0.4614300813256746,0.27426121207154114,0.241523657496734,0.23028191505317563,-0.13417692343266374,0.8806336691669416,2729.8846112372407,122.64060669247796,2607.2440045447624
P2,P5,E_log,S03,"{""control_lambda"":0.1,""difference_penalty"":1,""n_knots"":3}",1354,494,ok,494,5.293488212747587,2.3007581821537846,1.8576503697007798,-0.10769553892376393,2.866812264339182,1.8658307836676118,1.00098148067157,0.24517282596668966,0.33054519248519987,0.32920024908076106,0.3512749363319765,1.3482130051807182,2614.983177097308,494.9701787758397,2120.0129983214683
P2,P1,E_log,S03,"{""control_lambda"":0.001,""difference_penalty"":0.01,""n_knots"":5}",1579,270,ok,270,14.36669292925924,3.7903420596641726,3.233759372618387,-2.6203066746336297,2.2553727869836906,-0.9775764096481057,3.232949196631796,0.3003761635398661,0.17268431277410262,0.18673270593373137,2.8173751392837016,0.5748935292969201,3879.007090899995,2822.0293371605867,1056.9777537394073
P2,P3,E_log,S03,"{""control_lambda"":0.001,""difference_penalty"":0.01,""n_knots"":5}",1340,509,ok,509,3.9464298969483282,1.9865623315034262,1.568993807693795,-0.004860669861086686,2.139311737452243,1.8213720695174707,0.31793966793477246,0.21191213691164187,0.15521772030569048,0.1925644684983366,0.8052247683003204,0.7324626261043726,2008.7328175466992,51.45258691525495,1957.280230631444
P2,P4,E_log,S03,"{""control_lambda"":0.001,""difference_penalty"":0.01,""n_knots"":5}",1271,576,ok,576,4.645732196900176,2.1553960649727872,1.9066809266036258,0.03242191638342029,2.2801567263537543,2.9008494961246085,-0.6206927697708535,0.33295840320058506,0.33566079152338296,0.3106045096803931,-0.6442369174156246,1.0081162940980648,2675.9417454145014,221.90948032078876,2454.032265093713
P2,P5,E_log,S03,"{""control_lambda"":0.001,""difference_penalty"":0.01,""n_knots"":5}",1354,494,ok,494,8.108763148296868,2.8475890062115474,2.231857550824521,-0.6968094391761619,2.866812264339182,0.9343969443462878,1.9324153199928937,0.3947390962128519,0.3045306386117338,0.2937100504822353,2.1459500520358157,0.7714732123912152,4005.7289952586525,1844.7091106579596,2161.0198846006924
P2,P1,E_log,S03,"{""control_lambda"":0.1,""difference_penalty"":0.01,""n_knots"":5}",1579,270,ok,270,6.265801334885084,2.5031582720405603,1.7889772936862018,-0.5789383476286485,2.2553727869836906,0.7339623615283309,1.5214104254553595,0.2821885830055284,0.14879720768459737,0.1597965010449874,1.8683565981009922,0.5272970511414425,1691.7663604189727,624.9662143247497,1066.8001460942232
P2,P3,E_log,S03,"{""control_lambda"":0.1,""difference_penalty"":0.01,""n_knots"":5}",1340,509,ok,509,3.9795651646047756,1.9948847497047983,1.5623145805767298,-0.013297745426278373,2.139311737452243,1.751189080709963,0.3881226567422799,0.1808201795091075,0.1597021251860753,0.20288396222500787,0.5926446643895023,0.8832096374400042,2025.5986687838308,76.67535110843298,1948.9233176753978
P2,P4,E_log,S03,"{""control_lambda"":0.1,""difference_penalty"":0.01,""n_knots"":5}",1271,576,ok,576,4.429925441988979,2.104738806120365,1.8576329048655285,0.07736852059961163,2.2801567263537543,2.7190904405278475,-0.43893371417409305,0.29547878762355323,0.3465605654056404,0.31527038552347153,-0.909004593947019,1.1728779862436913,2551.6370545856516,110.97377593267069,2440.6632786529817
P2,P5,E_log,S03,"{""control_lambda"":0.1,""difference_penalty"":0.01,""n_knots"":5}",1354,494,ok,494,4.883017348541015,2.2097550426554107,1.8022974000729026,-0.02180194157053572,2.866812264339182,2.1281708870294693,0.7386413773097124,0.41125910381442987,0.3179266495925195,0.30217748278638956,1.2216152739306285,0.7730568068736916,2412.2105701792616,269.5219956313505,2142.688574547911
P2,P1,E_log,S03,"{""control_lambda"":0.001,""difference_penalty"":1,""n_knots"":5}",1579,270,ok,270,16.676311836639705,4.083664021028139,3.578537281043029,-3.202314572165874,2.2553727869836906,-1.323164494059339,3.578537281043029,0.2636998336023938,0.1786653957615864,0.19656074308813828,3.151860679142319,0.6775332138850637,4502.604195892721,3457.600849390006,1045.003346502715
P2,P3,E_log,S03,"{""control_lambda"":0.001,""difference_penalty"":1,""n_knots"":5}",1340,509,ok,509,3.927399382086184,1.981766732510712,1.5642501037321508,-1.5020397767351312e-05,2.139311737452243,1.828912519855067,0.3103992175971758,0.20717056129189404,0.16275761040841805,0.19402478820876373,0.7024790643088505,0.7856213228051251,1999.0462854818677,49.0409662110339,1950.005319270834
P2,P4,E_log,S03,"{""control_lambda"":0.001,""difference_penalty"":1,""n_knots"":5}",1271,576,ok,576,4.688979798194889,2.1654052272484448,1.9175015948032441,0.023414631975233302,2.2801567263537543,2.945729122996408,-0.6655723966426537,0.3361802865487359,0.3401355452369935,0.31024362337724215,-0.7002297551290679,1.011765290371017,2700.8523637602557,255.16029033944403,2445.6920734208115
P2,P5,E_log,S03,"{""control_lambda"":0.001,""difference_penalty"":1,""n_knots"":5}",1354,494,ok,494,15.049603097029669,3.879381793150768,3.303343567951729,-2.149223639151217,2.866812264339182,-0.4062959719230902,3.273108236262272,0.37364119742144875,0.3107206998073675,0.31038698138464593,3.204688734054216,0.8316018200126095,7434.503929932656,5292.339337986233,2142.1645919464245
P2,P1,E_log,S03,"{""control_lambda"":0.1,""difference_penalty"":1,""n_knots"":5}",1579,270,ok,270,6.60783637047644,2.57057121482297,1.82998007601021,-0.6651287971918927,2.2553727869836906,0.6112318541690552,1.6441409328146352,0.2417192646075617,0.1540771920872776,0.16728377850089127,1.8657601180987042,0.6374220620662007,1784.1158200286386,729.8638398782763,1054.2519801503622
P2,P3,E_log,S03,"{""control_lambda"":0.1,""difference_penalty"":1,""n_knots"":5}",1340,509,ok,509,3.9706423379032874,1.9926470680738442,1.5577301840182123,-0.011025768512854528,2.139311737452243,1.7513906107999437,0.3879211266522991,0.1757003629382489,0.16551351298983813,0.2006820326254495,0.48946419153227905,0.9420214632567887,2021.0569499927733,76.59574545612324,1944.4612045366503
P2,P4,E_log,S03,"{""control_lambda"":0.1,""difference_penalty"":1,""n_knots"":5}",1271,576,ok,576,4.414668418393744,2.1011112341791294,1.8563790645876257,0.08054613847044367,2.2801567263537543,2.7229548061568107,-0.4427980798030563,0.29779434363074686,0.35269914419967696,0.31574423527015055,-0.944833440070433,1.1843715360725915,2542.849008994797,112.93640033890972,2429.912608655887
P2,P5,E_log,S03,"{""control_lambda"":0.1,""difference_penalty"":1,""n_knots"":5}",1354,494,ok,494,5.007710740572105,2.23779148728654,1.8128352738885298,-0.04789481427279063,2.866812264339182,2.017755933022061,0.8490563313171207,0.3848352896964642,0.32618568167310275,0.3259595102268105,1.1565660574960681,0.8475981553832531,2473.80910584262,356.12294695234596,2117.686158890274
P2,P1,E_log,S04,"{""control_lambda"":0.001}",1579,270,ok,270,20.49769358696544,4.527437861193176,4.0753545998144585,-4.165276189369501,2.2553727869836906,-1.8199818128307685,4.0753545998144585,0.26389795772810615,0.1697554108581973,0.17534271949959426,3.4260971194161773,0.6432615557908034,5534.377268480669,4484.2990808417935,1050.0781876388737
P2,P3,E_log,S04,"{""control_lambda"":0.001}",1340,509,ok,509,3.9174310906354575,1.9792501334180723,1.6260876734811536,0.0025231582310469847,2.139311737452243,2.03022241275172,0.10908932470052325,0.1975595987340703,0.11283459869838507,0.12381067697912472,0.9797663006361619,0.5711420726778689,1993.9724251334478,6.057344708680642,1987.9150804247672
P2,P4,E_log,S04,"{""control_lambda"":0.001}",1271,576,ok,576,4.969766134334842,2.229297228799884,1.969442007611097,-0.035065429619641764,2.2801567263537543,3.090195567150919,-0.8100388407971644,0.3622827643332493,0.32135677207712376,0.2950460250848648,-0.4609487589549115,0.8870330132004864,2862.585293376869,377.94984399360794,2484.6354493832605
P2,P5,E_log,S04,"{""control_lambda"":0.001}",1354,494,ok,494,39.351395288302655,6.273069048584007,5.916933093867618,-7.234525753039016,2.866812264339182,-3.050120829528437,5.916933093867618,0.3660877809682742,0.30809069163969754,0.30915638622085556,5.433720762264439,0.8415760035061016,19439.589272421512,17294.988035229075,2144.6012371924303
P2,P1,E_log,S04,"{""control_lambda"":0.1}",1579,270,ok,270,5.245139327833562,2.2902269162320055,1.6297929407366374,-0.3217386222034526,2.2553727869836906,1.1070249751867862,1.1483478117969046,0.2458811345571673,0.14442510231235547,0.145385880314935,1.605130971597436,0.5873777285616709,1416.1876185150618,356.04972815185954,1060.1378903632021
P2,P3,E_log,S04,"{""control_lambda"":0.1}",1340,509,ok,509,4.041392632218234,2.010321524587108,1.5716032425350162,-0.029040579365864128,2.139311737452243,1.7289121612203486,0.4103995762318947,0.16582005882479597,0.12465827526605637,0.1372712348686691,0.8395702608679259,0.751768369578069,2057.0688497990814,85.72975639520124,1971.3390934038798
P2,P4,E_log,S04,"{""control_lambda"":0.1}",1271,576,ok,576,4.481348111646609,2.1169194863401417,1.8678772405383026,0.06665859457439272,2.2801567263537543,2.7516375963447977,-0.47148086999104294,0.32421624386149694,0.33630722412593406,0.3008554693198718,-0.5740975540782882,1.0372929502866068,2581.256512308447,128.04146540208617,2453.215046906361
P2,P5,E_log,S04,"{""control_lambda"":0.1}",1354,494,ok,494,5.405787949995774,2.325035042745759,1.852833071726869,-0.13119496179440837,2.866812264339182,1.8128957978421971,1.0539164664969847,0.3738852120649537,0.32232415450388047,0.32200279418419636,1.3039258853464544,0.8620938836379655,2670.459247297912,548.705519666624,2121.7537276312883
P2,P1,E_log,G05,"{""max_leaf_nodes"":7,""min_samples_leaf"":20}",56997,270,ok,270,3.853486410111519,1.9630299055571006,1.6690400846932243,0.028948231870086216,2.2553727869836906,2.2311332123540204,0.02423957462966987,0.18717353804330827,0.17131221153174825,0.21800917096992187,0.21330867457768043,0.9152587129710074,1040.4413307301102,0.15864038412138054,1040.2826903459888
P2,P3,E_log,G05,"{""max_leaf_nodes"":7,""min_samples_leaf"":20}",56709,509,ok,509,3.781386464969116,1.9445787371482586,1.6428871442450665,0.03716355404392879,2.139311737452243,2.1900995964834356,-0.050787859031191984,0.16628008284950144,0.19686483465742038,0.22274169623289744,-0.45362415454648763,1.1839351489594878,1924.72571066928,1.3129179721108646,1923.4127926971694
P2,P4,E_log,G05,"{""max_leaf_nodes"":7,""min_samples_leaf"":20}",56603,576,ok,576,4.289282243734466,2.0710582424776147,1.82315425190194,0.10666062579921998,2.2801567263537543,2.585849492147622,-0.30569276579386745,0.25212558382788414,0.3761827577330827,0.3410703643166508,-1.5780474997704852,1.4920451626594442,2470.626572391053,53.82608662581368,2416.800485765239
P2,P5,E_log,G05,"{""max_leaf_nodes"":7,""min_samples_leaf"":20}",56582,494,ok,494,4.268128303431039,2.0659448936094686,1.7776631963501457,0.10686743953079347,2.866812264339182,2.6599880429648897,0.20682422137429246,0.2767415841998879,0.3476249229722716,0.336881526837459,-0.47449309537483364,1.2561354809661898,2108.4553818949335,21.131471722258674,2087.3239101726745
P2,P1,E_log,G05,"{""max_leaf_nodes"":7,""min_samples_leaf"":50}",56997,270,ok,270,3.8476070165388627,1.9615318036011709,1.6685397911933422,0.03042979814972302,2.2553727869836906,2.2321967974871173,0.02317598949657292,0.18758038099860727,0.1752623309376813,0.2207220008714777,0.16976014585079957,0.9343318848413176,1038.8538944654929,0.14502415206921973,1038.7088703134236
P2,P3,E_log,G05,"{""max_leaf_nodes"":7,""min_samples_leaf"":50}",56709,509,ok,509,3.7737614558990185,1.9426171665819847,1.6437495008679024,0.03910507382812667,2.139311737452243,2.1998391436800904,-0.060527406227846796,0.17412180235631278,0.20203188671283687,0.23149761165459612,-0.4131408942576482,1.160290578082867,1920.8445810526005,1.8647555544774306,1918.9798254981233
P2,P4,E_log,G05,"{""max_leaf_nodes"":7,""min_samples_leaf"":50}",56603,576,ok,576,4.302712394988524,2.07429804873565,1.8279221794515874,0.10386349512910675,2.2801567263537543,2.60364383333468,-0.3234871069809249,0.2452852193138915,0.37878918860548627,0.33785017173981174,-1.740599753817356,1.544280530498455,2478.36233951339,60.2748912285437,2418.087448284846
P2,P5,E_log,G05,"{""max_leaf_nodes"":7,""min_samples_leaf"":50}",56582,494,ok,494,4.269527238496854,2.066283436147339,1.778942755643925,0.10657470361274313,2.866812264339182,2.677861610245001,0.18895065409418083,0.2708307080300197,0.3459631987627963,0.3388550528666678,-0.5539282242975907,1.2774149625767275,2109.146455817446,17.636960743213674,2091.5094950742323
P2,P1,E_log,G05,"{""max_leaf_nodes"":15,""min_samples_leaf"":20}",56997,270,ok,270,3.8316751881800157,1.9574665228759383,1.6660622056021237,0.034444508064569335,2.2553727869836906,2.259444867581059,-0.004072080597367895,0.17910559941669,0.18572144738096552,0.22943325739918663,-0.08753202699916685,1.0369382531077866,1034.5523008086043,0.00447709690569422,1034.5478237116986
P2,P3,E_log,G05,"{""max_leaf_nodes"":15,""min_samples_leaf"":20}",56709,509,ok,509,3.779138920211556,1.9440007510830741,1.6496689478901503,0.0377358356730465,2.139311737452243,2.220014104218981,-0.08070236676673766,0.17669074845974467,0.19982313305379532,0.22524311417914297,-0.3713470129107903,1.1309201800077318,1923.581710387682,3.3150518488922986,1920.2666585387897
P2,P4,E_log,G05,"{""max_leaf_nodes"":15,""min_samples_leaf"":20}",56603,576,ok,576,4.341809764584518,2.083700977727975,1.8298170011985166,0.09572058969573238,2.2801567263537543,2.5894511898706223,-0.30929446351686773,0.2621338211670433,0.3516499916008302,0.3192854674925428,-1.1935670576081088,1.3414903503685744,2500.8824244006823,55.101925533419724,2445.7804988672624
P2,P5,E_log,G05,"{""max_leaf_nodes"":15,""min_samples_leaf"":20}",56582,494,ok,494,4.259140581695633,2.0637685387890845,1.7807420037359973,0.10874817655546887,2.866812264339182,2.7425545903551236,0.1242576739840585,0.2731225401470695,0.3415591562906994,0.3253430388575219,-0.5629472548073089,1.2505711030176372,2104.015447357643,7.627344954700713,2096.3881024029424
P2,P1,E_log,G05,"{""max_leaf_nodes"":15,""min_samples_leaf"":50}",56997,270,ok,270,3.8426933296638928,1.9602788907866893,1.6668334825460485,0.03166801305959166,2.2553727869836906,2.2543459867904665,0.0010268001932247557,0.18040960629248332,0.1779725207067249,0.2162117591588222,0.03147991309904308,0.9864913757319145,1037.527199009251,0.0002846660319377268,1037.5269143432192
P2,P3,E_log,G05,"{""max_leaf_nodes"":15,""min_samples_leaf"":50}",56709,509,ok,509,3.771574436565774,1.9420541796164632,1.6426436770620345,0.039661944156395346,2.139311737452243,2.181496536478398,-0.04218479902615466,0.17706695198860495,0.20181001887018943,0.227256124991818,-0.3470238110372921,1.1397384808610518,1919.731388211979,0.905794649858423,1918.8255935621205
P2,P4,E_log,G05,"{""max_leaf_nodes"":15,""min_samples_leaf"":50}",56603,576,ok,576,4.350596526820784,2.0858083629185074,1.8323726879074107,0.09389054908955341,2.2801567263537543,2.6162006471265347,-0.3360439207727799,0.2675699344001485,0.3531852237435559,0.3208663743058573,-1.1731588077136186,1.319973503507948,2505.9435994487712,65.04509761248521,2440.8985018362855
P2,P5,E_log,G05,"{""max_leaf_nodes"":15,""min_samples_leaf"":50}",56582,494,ok,494,4.234613271186188,2.0578175991049807,1.7760710325131341,0.11388066978888811,2.866812264339182,2.748532445224374,0.11827981911480805,0.28450758425648764,0.34753511941794796,0.33826210187884237,-0.4906080802588053,1.221532003535766,2091.8989559659767,6.911117111256865,2084.9878388547204
P2,P1,E_log,S05,"{""max_leaf_nodes"":7,""min_samples_leaf"":20}",1579,270,ok,270,4.082753270237634,2.0205824086727158,1.6453722744249266,-0.028825421960605446,2.2553727869836906,1.992255072176521,0.26311771480716944,0.25288577610605484,0.10394318695539087,0.14143066896931764,1.4364997581454677,0.4110282063147724,1102.3433829641613,18.69235159824368,1083.6510313659176
P2,P3,E_log,S05,"{""max_leaf_nodes"":7,""min_samples_leaf"":20}",1340,509,ok,509,4.1503041979977215,2.037229539840251,1.5958805300962309,-0.05677221322294179,2.139311737452243,1.758508191616957,0.38080354583528625,0.31506045885496864,0.12603045707078384,0.16487924545473331,1.4358734451395179,0.40001991214263843,2112.5048367808404,73.81077232505002,2038.6940644557906
P2,P4,E_log,S05,"{""max_leaf_nodes"":7,""min_samples_leaf"":20}",1271,576,ok,576,5.020942609676416,2.2407459940110157,1.9644600934035248,-0.045724080148463075,2.2801567263537543,2.96593733508749,-0.6857806087337354,0.3884064115628042,0.2614335925019198,0.2434183699295716,0.2838054057677044,0.6730928860056853,2892.0629431736156,270.8899449495625,2621.172998224053
P2,P5,E_log,S05,"{""max_leaf_nodes"":7,""min_samples_leaf"":20}",1354,494,ok,494,4.8416298299808815,2.200370384726372,1.8327924433118712,-0.013141344279361533,2.866812264339182,2.2059656539487573,0.6608466103904247,0.2629903799941076,0.28025477818202177,0.2744366533144974,0.5160326843468672,1.0656465007895002,2391.7651360105556,215.7388117774698,2176.0263242330866
P2,P1,E_log,S05,"{""max_leaf_nodes"":7,""min_samples_leaf"":50}",1579,270,ok,270,4.111010639946262,2.027562733911398,1.6445605694918246,-0.03594608255156073,2.2553727869836906,1.9447289456417904,0.31064384134190015,0.2595632485111586,0.10738081116766739,0.1328247558393793,1.4508422038519244,0.41369805542039617,1109.9728727854906,26.05489096418594,1083.9179818213047
P2,P3,E_log,S05,"{""max_leaf_nodes"":7,""min_samples_leaf"":50}",1340,509,ok,509,3.9537093574345414,1.988393662591626,1.6196086960859215,-0.0067142042532875035,2.139311737452243,1.9590184829908448,0.18029325446139827,0.31988190232648944,0.16238334738552557,0.19537972834113995,1.1448447902928356,0.5076353060442538,2012.4380629341815,16.545379720579795,1995.892683213602
P2,P4,E_log,S05,"{""max_leaf_nodes"":7,""min_samples_leaf"":50}",1271,576,ok,576,4.7375232254939945,2.176585221279882,1.902160236251849,0.013304372845447388,2.2801567263537543,2.720936064732319,-0.44077933837856453,0.3440209136177754,0.2501581549045554,0.24165074463863853,0.30160159024667754,0.7271597307089697,2728.813377884541,111.90898088147237,2616.904397003068
P2,P5,E_log,S05,"{""max_leaf_nodes"":7,""min_samples_leaf"":50}",1354,494,ok,494,4.528014186200728,2.1279131058858414,1.7867653940444437,0.05248469201092565,2.866812264339182,2.3655153270383877,0.5012969373007942,0.3187304374458165,0.3241918066014209,0.31336328045082945,0.4607644028251916,1.0171347587615716,2236.8390079831597,124.14151795749524,2112.697490025664
P2,P1,E_log,S05,"{""max_leaf_nodes"":15,""min_samples_leaf"":20}",1579,270,ok,270,4.35337800840989,2.086475019838457,1.6872303863231952,-0.09702097334812376,2.2553727869836906,1.9468388373600816,0.30853394962360914,0.30557836226858226,0.03328963752367729,0.047418318220184136,2.0432846053088003,0.10893977334173297,1175.4120622706703,25.70216347899282,1149.7098987916777
P2,P3,E_log,S05,"{""max_leaf_nodes"":15,""min_samples_leaf"":20}",1340,509,ok,509,4.197362848063334,2.048746652971844,1.6503947652670716,-0.06875453341169147,2.139311737452243,1.9361969754663713,0.2031147619858718,0.3816396712078048,0.11450463702284994,0.1468955816273739,1.5583880321705719,0.30003337090315635,2136.457689664237,20.999103727117873,2115.458585937119
P2,P4,E_log,S05,"{""max_leaf_nodes"":15,""min_samples_leaf"":20}",1271,576,ok,576,5.239923731140205,2.2890879692882504,2.001540452207217,-0.09133181750265629,2.2801567263537543,3.0477815114024724,-0.767624785048718,0.40090884137920835,0.2396058083025709,0.22828186958876726,0.4586300419909055,0.5976565831730674,3018.196069136758,339.40673891774816,2678.7893302190096
P2,P5,E_log,S05,"{""max_leaf_nodes"":15,""min_samples_leaf"":20}",1354,494,ok,494,4.932580323152232,2.220941314657421,1.8636351154220812,-0.032173304208205744,2.866812264339182,2.3159850158662345,0.5508272484729468,0.2636053996409974,0.19120450818463283,0.18304207539194922,1.186927191708782,0.7253436706722743,2436.6946796372026,149.8848648841771,2286.8098147530254
P2,P1,E_log,S05,"{""max_leaf_nodes"":15,""min_samples_leaf"":50}",1579,270,ok,270,4.062078795833819,2.0154599464722236,1.6594727151700157,-0.023615598235185775,2.2553727869836906,2.0409959096901087,0.21437687729358215,0.29212083648546533,0.1254616793482058,0.1282867764054689,1.3787945276123132,0.429485554189313,1096.7612748751312,12.408510289899846,1084.3527645852312
P2,P3,E_log,S05,"{""max_leaf_nodes"":15,""min_samples_leaf"":50}",1340,509,ok,509,4.07868820462223,2.0195762438249836,1.637817363530201,-0.03853697353663388,2.139311737452243,2.016673452783186,0.12263828466905671,0.3939755195121045,0.1529401346321257,0.1878612024321397,1.3564450513199389,0.3881970504703573,2076.052296152715,7.655435773083413,2068.3968603796316
P2,P4,E_log,S05,"{""max_leaf_nodes"":15,""min_samples_leaf"":50}",1271,576,ok,576,5.009995746990805,2.238301978507548,1.9438641121400384,-0.04344415010298497,2.2801567263537543,2.773843927079649,-0.4936872007258945,0.37791898843170163,0.19864077961319987,0.20829180430667543,0.8221762144800591,0.525617356348049,2885.7575502667037,140.38678204448811,2745.3707682222157
P2,P5,E_log,S05,"{""max_leaf_nodes"":15,""min_samples_leaf"":50}",1354,494,ok,494,4.6407943023865865,2.1542502877768372,1.793732178710463,0.02888474684102116,2.866812264339182,2.311444621780243,0.5553676425589391,0.36143791880609455,0.3099615254488707,0.30432812153899613,0.884566175372629,0.8575788795839089,2292.5523853789737,152.36600989032792,2140.186375488646
P2,P1,R_log,B00,{},1579,270,ok,270,1.1668738663047862,1.0802193602712304,0.8325756181689477,-2.487999367417615e-06,1.7064488001878504,1.7081526705520669,-0.0017038703642159158,4.1111072308966e-16,,,,,315.05594390229226,0.0007838570388743849,315.0551600452534
P2,P3,R_log,B00,{},1340,509,ok,509,1.3930489814305629,1.1802749600964018,0.9172570474176113,-0.007228275753215385,1.780364889623482,1.6803794880851344,0.09998540153834733,1.88808258517031e-16,,,,,709.0619315481565,5.088513985079334,703.973417563077
P2,P4,R_log,B00,{},1271,576,ok,576,1.7756546525694998,1.3325369235295133,1.0447535706206759,-0.017390976201328234,1.582593810997146,1.7568135230256756,-0.17421971202852982,1.6807569444185399e-16,,,,,1022.7770798800319,17.483044642159022,1005.2940352378728
P2,P5,R_log,B00,{},1354,494,ok,494,1.9713448804021971,1.4040458968289453,1.086204949533019,-0.005401565156993637,1.7801483863340175,1.67723512630153,0.10291326003248713,3.171456032690627e-16,,,,,973.8443709186854,5.23202271071407,968.6123482079714
P2,P1,R_log,B01,"{""lambda"":0}",1579,270,ok,270,38129.408351649465,195.26753020317912,195.2644595677342,-32675.627970373913,1.7064488001878504,196.97090836792208,-195.2644595677342,0.1586458756699163,-0.007946225910571609,0.01053551487695128,11.572292012894874,-0.050087819031014516,10294940.254945356,10294616.475975413,323.77896994296754
P2,P3,R_log,B01,"{""lambda"":0}",1340,509,ok,509,1.374030775977249,1.1721905885892656,0.904976592712638,0.006522622127625999,1.780364889623482,1.6411614323198331,0.1392034573036487,0.14633888501140913,0.14332638673135076,0.17903876752209436,0.17298802517005285,0.9794142323838013,699.3816649724197,9.86319968537197,689.5184652870478
P2,P4,R_log,B01,"{""lambda"":0}",1271,576,ok,576,2.957015870427366,1.7195975896782845,1.3482496032906355,-0.6942716077720898,1.582593810997146,2.629840388029247,-1.0472465770321011,0.22991057870085835,-0.028327558457337906,-0.013475283341188676,1.9066196028781555,-0.123211200708583,1703.2411413661628,631.7138264287407,1071.5273149374225
P2,P5,R_log,B01,"{""lambda"":0}",1354,494,ok,494,142.2499056056322,11.92685648465815,11.843895493917614,-71.54858303137621,1.7801483863340175,-10.063747107583598,11.843895493917614,0.20420814919304478,0.08800399953568865,0.0875052903423527,6.117144726993472,0.430952436929907,70271.4533691823,69297.26307259593,974.1902965863661
P2,P1,R_log,B01,"{""lambda"":0.001}",1579,270,ok,270,1.2327191826509474,1.1102788760716595,0.8666666298420782,-0.05643144923558374,1.7064488001878504,1.5165897204313958,0.18985907975645497,0.15428760766894875,-0.005623323915392773,0.010329423346695359,1.7617239799225675,-0.03644702254673992,332.8341793157558,9.732546944811341,323.10163237094446
P2,P3,R_log,B01,"{""lambda"":0.001}",1340,509,ok,509,1.3839949398744236,1.176433142968364,0.9120131634364392,-0.0006818536339996406,1.780364889623482,1.6068484797750842,0.1735164098483978,0.14571650224954968,0.14521571931369792,0.18176034887007278,0.17903865535078167,0.9965633066391196,704.4534243960816,15.324943743718677,689.1284806523629
P2,P4,R_log,B01,"{""lambda"":0.001}",1271,576,ok,576,2.329655692167559,1.5263209663001944,1.173116305565535,-0.33481512040504446,1.582593810997146,2.2686405301278825,-0.6860467191307367,0.2323692026921586,-0.02398577755590048,-0.008539799099109254,1.8167690221676052,-0.10322270454952105,1341.881678688514,271.10021807810756,1070.7814606104064
P2,P5,R_log,B01,"{""lambda"":0.001}",1354,494,ok,494,33.250425568086584,5.7663181986503815,5.592115814140199,-15.957981447401494,1.7801483863340175,-3.811967427806182,5.592115814140199,0.16624127514744838,0.05564388150993594,0.056025785641222625,3.056080995034524,0.3347176052432368,16425.710230634773,15448.249083705912,977.4611469288627
P2,P1,R_log,B01,"{""lambda"":0.1}",1579,270,ok,270,1.1990168200497255,1.094996264856518,0.8459372286089376,-0.02754876754573976,1.7064488001878504,1.620379559757605,0.08606924043024562,0.1196291058567565,-0.028793643188681006,-0.012023885957882372,2.096459496495812,-0.2406909504377505,323.7345414134259,2.0001368200246454,321.7344045934012
P2,P3,R_log,B01,"{""lambda"":0.1}",1340,509,ok,509,1.3916772886259428,1.1796937266197285,0.9201976607554568,-0.006236488819031827,1.780364889623482,1.5833290955543549,0.19703579406912697,0.10478763748423517,0.1565765119264278,0.19477223275339223,-0.5854881152295373,1.4942269497199427,708.3637399106049,19.760960009525768,688.602779901079
P2,P4,R_log,B01,"{""lambda"":0.1}",1271,576,ok,576,1.959564051377071,1.3998442954046963,1.0805388521450168,-0.12276493645574815,1.582593810997146,1.9442389500952595,-0.3616451390981134,0.18807221384345843,-0.03311777205646198,-0.01896987130395783,1.9249562528310245,-0.1760907227052026,1128.708893593193,75.33343102077723,1053.375462572416
P2,P5,R_log,B01,"{""lambda"":0.1}",1354,494,ok,494,2.3242721666501636,1.5245563835588907,1.2417637651342273,-0.18539728762434904,1.7801483863340175,1.1808446330237259,0.5993037533102915,0.10869436026970122,0.04413373721811214,0.041177516745318804,1.3006838897403123,0.4060352083457127,1148.1904503251808,177.42750443351056,970.7629458916704
P2,P1,R_log,G02,"{""lambda"":0}",56997,270,ok,270,1.1361485682107713,1.065902701099294,0.8064441540692207,0.026328870878209565,1.7064488001878504,1.7531325421485735,-0.046683741960722815,0.12313080811313043,0.17606386790196862,0.21575085126015922,-0.8003429690328512,1.4298928968305338,306.76011341690827,0.5884303761329451,306.1716830407753
P2,P3,R_log,G02,"{""lambda"":0}",56709,509,ok,509,1.317843528844299,1.147973662086504,0.8742375512797159,0.04714817428224127,1.780364889623482,1.7223105000859373,0.05805438953754464,0.15280206348155986,0.23865355355220236,0.29461209108565944,-0.9096218278358887,1.5618477140591953,670.7823561817481,1.715488881589679,669.0668673001585
P2,P4,R_log,G02,"{""lambda"":0}",56603,576,ok,576,1.8576838176930477,1.3629687515468019,1.050990472021236,-0.06439095576450504,1.582593810997146,1.8845613812494493,-0.3019675702523033,0.15640708541381385,0.0393775400929227,0.06878771412295862,1.1081307062638497,0.25176314735831584,1070.0258789911954,52.522222166829934,1017.5036568243656
P2,P5,R_log,G02,"{""lambda"":0}",56582,494,ok,494,1.9517399621436615,1.3970468718492095,1.0622526806089516,0.0045970990533424905,1.7801483863340175,1.7706545002517458,0.009493886082271486,0.1266077751972574,0.08164031298030386,0.10078192830953213,0.6383797441213761,0.6448285885531642,964.1595412989687,0.04452613323391523,964.1150151657348
P2,P1,R_log,G02,"{""lambda"":0.001}",56997,270,ok,270,1.1359420275709933,1.0658058113798186,0.8063790181074195,0.02650587471694066,1.7064488001878504,1.7533345504232654,-0.04688575023541476,0.12278430504094352,0.17700049231418724,0.2167307006362576,-0.8210817218353534,1.4415563312848898,306.7043474441682,0.5935338652871778,306.11081357888105
P2,P3,R_log,G02,"{""lambda"":0.001}",56709,509,ok,509,1.3179848884477414,1.148035229619606,0.8743415141009014,0.04704596582328924,1.780364889623482,1.722407696589961,0.05795719303352106,0.15244655307531307,0.23849220913210234,0.29440662088657377,-0.9142241863455758,1.5644316274850782,670.8543082199004,1.7097494381813343,669.1445587817191
P2,P4,R_log,G02,"{""lambda"":0.001}",56603,576,ok,576,1.8574512026410435,1.3628834149115776,1.050910010553048,-0.06425767508715308,1.582593810997146,1.88394822441075,-0.30135441341360397,0.15550186086015874,0.038445930439951606,0.06829524749007705,1.1168106879687874,0.24723775154385866,1069.891892721241,52.309141910701825,1017.5827508105392
P2,P5,R_log,G02,"{""lambda"":0.001}",56582,494,ok,494,1.9518253974494548,1.3970774486224644,1.0625153231129594,0.004553526368005545,1.7801483863340175,1.769544126709231,0.010604259624786474,0.12542763927204537,0.08109444512370897,0.10034337877466416,0.6360608478118295,0.6465436613043462,964.2017463400307,0.05555045916179902,964.146195880869
P2,P1,R_log,G02,"{""lambda"":0.1}",56997,270,ok,270,1.1297041711302385,1.0628754259696847,0.8065157946564747,0.031851672699623745,1.7064488001878504,1.7473904783324787,-0.04094167814462807,0.10778029842865244,0.20831624795918913,0.22993854585116497,-1.6708829893209647,1.9327859636340565,305.0201262051644,0.45257967251054526,304.56754653265386
P2,P3,R_log,G02,"{""lambda"":0.1}",56709,509,ok,509,1.3240459120731922,1.1506719393785494,0.8796139459189563,0.04266361139287067,1.780364889623482,1.7220058580590698,0.05835903156441227,0.1360800938810849,0.2338472500613102,0.28878661274351897,-1.1788213000074008,1.718453033003198,673.9393692452549,1.7335402716542585,672.2058289736005
P2,P4,R_log,G02,"{""lambda"":0.1}",56603,576,ok,576,1.8485151354185225,1.3596010942252594,1.049322081844153,-0.0591376061921316,1.582593810997146,1.8557403395970675,-0.27314652859992133,0.1279193111151876,-0.00010072367798015514,0.028855368497209342,1.5840550211205497,-0.000787400096999002,1064.744718001069,42.97479902564409,1021.7699189754251
P2,P5,R_log,G02,"{""lambda"":0.1}",56582,494,ok,494,1.9578555618319844,1.3992339196260162,1.0727569917876842,0.0014780945809951263,1.7801483863340175,1.7378403730095984,0.04230801332441905,0.09183139493137026,0.05893408018908533,0.06351825836080928,0.6648650567568151,0.6417639657235898,967.1806475450003,0.8842441877808547,966.2964033572193
P2,P1,R_log,P00,"{""lambda"":0}",56997,270,ok,270,1.1370762675139128,1.066337783028395,0.8139072553677442,0.02553383926592878,1.7064488001878504,1.6551142304334054,0.05133456975444501,0.12401560530521875,0.1740591013694389,0.21414297148120987,-0.6165467204483408,1.40352579774986,307.0105922287564,0.7115142740059748,306.2990779547505
P2,P3,R_log,P00,"{""lambda"":0}",56709,509,ok,509,1.3440890524660658,1.1593485465838416,0.8963674039547007,0.028171645921662436,1.780364889623482,1.602190642140202,0.17817424748327987,0.1580801978915389,0.2407468693913818,0.29441585908157136,-0.6596774838562816,1.5229413462435168,684.1413277052275,16.15874579531263,667.9825819099148
P2,P4,R_log,P00,"{""lambda"":0}",56603,576,ok,576,1.8463830766610643,1.3588167928978006,1.0489358449675334,-0.05791600753417736,1.582593810997146,1.8640918654044722,-0.2814980544073263,0.15732714703172992,0.03889464183479928,0.06810609124507178,1.121750359501472,0.2472214272528247,1063.516652156773,45.64290506982338,1017.8737470869496
P2,P5,R_log,P00,"{""lambda"":0}",56582,494,ok,494,1.9645814750623114,1.4016352860363894,1.0804197518442833,-0.001952174650992955,1.7801483863340175,1.6654064717836967,0.1147419145503208,0.1288554545732367,0.08290750606463423,0.10161323625770653,0.7086012204279657,0.6434147963640341,970.5032486807818,6.503859235608521,963.9993894451733
P2,P1,R_log,P00,"{""lambda"":0.001}",56997,270,ok,270,1.136745260001502,1.0661825641049951,0.8137682632243154,0.02581751031685864,1.7064488001878504,1.6560437641884194,0.050405035999431226,0.1236558863507838,0.17502451229733826,0.21550909004197435,-0.6375419367180524,1.4154159374251967,306.9212202004055,0.6859802666080687,306.2352399337974
P2,P3,R_log,P00,"{""lambda"":0.001}",56709,509,ok,509,1.3439704257448637,1.159297384515666,0.8962812894813456,0.02825741762778855,1.780364889623482,1.6030058534593639,0.17735903616411797,0.15768123921040209,0.24056400144354137,0.2943692130230857,-0.6652367835790214,1.525634898914921,684.0809467041356,16.01121990391404,668.0697268002217
P2,P4,R_log,P00,"{""lambda"":0.001}",56603,576,ok,576,1.8463615909979478,1.3588088868556711,1.0488865888687087,-0.05790369696481035,1.582593810997146,1.863836008689211,-0.2812421976920649,0.15639980173478185,0.03797078721339807,0.06745462644515003,1.1300911882213247,0.24278027716293296,1063.504276414818,45.5599720872936,1017.9443043275243
P2,P5,R_log,P00,"{""lambda"":0.001}",56582,494,ok,494,1.9648102010526982,1.4017168762102774,1.080742714385014,-0.0020688267249213688,1.7801483863340175,1.6646260163004416,0.1155223700335761,0.12765407717883143,0.08238282102710588,0.10157033196772172,0.7058655258984039,0.6453598885971759,970.616239320033,6.592636481218194,964.0236028388147
P2,P1,R_log,P00,"{""lambda"":0.1}",56997,270,ok,270,1.1288794517806866,1.0624873889984232,0.8113224173310862,0.03255845123436374,1.7064488001878504,1.6813106167824294,0.02513818340542127,0.10831392681306978,0.20695360818657335,0.2282541439211887,-1.506003271889835,1.9106832729251682,304.79745198078535,0.1706206315296413,304.6268313492558
P2,P3,R_log,P00,"{""lambda"":0.1}",56709,509,ok,509,1.3402829061704464,1.1577058806840563,0.8939119173800831,0.030923636857878023,1.780364889623482,1.6354026934267867,0.14496219619669534,0.1395307476493963,0.235025002442424,0.28801133249731203,-0.9743005048655751,1.6843957794376578,682.2039992407572,10.69614550802012,671.5078537327372
P2,P4,R_log,P00,"{""lambda"":0.1}",56603,576,ok,576,1.8458927464540977,1.3586363554881409,1.0489050279133312,-0.05763506465645918,1.582593810997146,1.8506556062958097,-0.2680617952986638,0.1281025805031582,-0.00020707441692970237,0.028519227000474285,1.5855853466017074,-0.0016164734240041404,1063.2342219575603,41.38970463287582,1021.8445173246845
P2,P5,R_log,P00,"{""lambda"":0.1}",56582,494,ok,494,1.9709555738959403,1.4039072525975285,1.0876417094580613,-0.005203015743033834,1.7801483863340175,1.6559587748422047,0.12418961149181282,0.0932549424426392,0.06090482333152296,0.06455786613913034,0.6986413478402043,0.6531002189935975,973.6520535045945,7.6189914436287784,966.0330620609658
P2,P1,R_log,P02,"{""lambda"":0}",56997,270,ok,270,1.1375130874786932,1.0665425858720754,0.8202730544316166,0.02515948770643106,1.7064488001878504,1.5982558636043407,0.10819293658350958,0.1549630295365363,0.19102859167126024,0.23043731174391452,-0.26377963215372424,1.2327365581493142,307.12853361924715,3.160542112172098,303.967991507075
P2,P3,R_log,P02,"{""lambda"":0}",56709,509,ok,509,1.2850982411182985,1.133621736346961,0.8566969721435068,0.07082428340328017,1.780364889623482,1.71939247318717,0.060972416436311974,0.241317750247817,0.2729731528433993,0.3193416468939818,-0.16457278652807683,1.1311772655060568,654.115004729214,1.8922765031362707,652.2227282260777
P2,P4,R_log,P02,"{""lambda"":0}",56603,576,ok,576,1.8026538323248162,1.3426294471390148,1.0404654137040443,-0.032860606969984385,1.582593810997146,1.840741852874042,-0.2581480418768965,0.18010737890866393,0.1048285680551187,0.14820682684819286,0.5112199796464223,0.5820337217181945,1038.3286074190942,38.38487703832852,999.9437303807656
P2,P5,R_log,P02,"{""lambda"":0}",56582,494,ok,494,2.0026936093707914,1.4151655766626008,1.1060376466904749,-0.02138966621634597,1.7801483863340175,1.5676933133971969,0.21245507293682084,0.10863292788294869,0.061821754165036095,0.0630430759286921,0.8879920897510841,0.5690885385290236,989.3306430291709,22.297756060195393,967.0328869689754
P2,P1,R_log,P02,"{""lambda"":0.001}",56997,270,ok,270,1.1345668175417662,1.0651604656303042,0.8181344811813357,0.02768441979405667,1.7064488001878504,1.6063372687579873,0.10011153142986313,0.14795851302459895,0.19655914029091337,0.23722979590678722,-0.4275296111241784,1.3284746938368748,306.33304073627687,2.706026055812768,303.6270146804641
P2,P3,R_log,P02,"{""lambda"":0.001}",56709,509,ok,509,1.2895740574298469,1.1355941429180791,0.8605963969353679,0.06758809515278563,1.780364889623482,1.7013552611004141,0.07900962852306771,0.22193212659053504,0.2734068973444243,0.32030642390851505,-0.31560143289232867,1.2319392489256873,656.3931952317921,3.1774433922707557,653.2157518395214
P2,P4,R_log,P02,"{""lambda"":0.001}",56603,576,ok,576,1.8052157285366337,1.343583167703672,1.0407459979154163,-0.034328488173176464,1.582593810997146,1.8418337534718947,-0.2592399424747489,0.16983976457372674,0.09721952771881007,0.13941189481213798,0.5282929639692364,0.5724191149394079,1039.804259637101,38.71028031800321,1001.0939793190977
P2,P5,R_log,P02,"{""lambda"":0.001}",56582,494,ok,494,2.0043679449084566,1.4157570218467774,1.1075145243777462,-0.022243590654886125,1.7801483863340175,1.5667475287860102,0.2134008575480074,0.10341824093973122,0.056457478840774726,0.05639072097088462,0.9248387750748128,0.5459141281824385,990.1577647847776,22.49672344509912,967.6610413396785
P2,P1,R_log,P02,"{""lambda"":0.1}",56997,270,ok,270,1.1254039250673002,1.0608505667940704,0.8113587222891576,0.035536952562447044,1.7064488001878504,1.6684969138992132,0.03795188628863716,0.10828482554328651,0.22393221587617732,0.24810722151033915,-1.7439904394511012,2.0679925811642095,303.85905976817105,0.38889333167372425,303.4701664364974
P2,P3,R_log,P02,"{""lambda"":0.1}",56709,509,ok,509,1.3364968214977901,1.156069557378703,0.8919383895295221,0.03366112246500941,1.780364889623482,1.636537078983694,0.14382781063978803,0.14206278562339436,0.24214664150598447,0.2948893279522885,-1.0091197430828704,1.7045043882773805,680.2768821423751,10.529397508738272,669.747484633637
P2,P4,R_log,P02,"{""lambda"":0.1}",56603,576,ok,576,1.8380697466105937,1.355754309087968,1.0473526335994514,-0.0531527462979382,1.582593810997146,1.8424345115215348,-0.259840700524389,0.12453221398131593,0.0041781437031308735,0.033307159937222906,1.5207788323129976,0.03355070603464747,1058.728174047702,38.889901237827004,1019.838272809875
P2,P5,R_log,P02,"{""lambda"":0.1}",56582,494,ok,494,2.019300833461862,1.4210210531381517,1.114920376463821,-0.029859482563584505,1.7801483863340175,1.5769023082071403,0.20324607812687723,0.08541152027586407,-0.008760249518558968,-0.014821242179590884,1.9418836843555158,-0.10256519835105284,997.5346117301599,20.406630327334604,977.1279814028251
P2,P1,R_log,S01,"{""lambda"":0}",1579,270,ok,270,100942.74677219473,317.7148828308091,317.71301402860706,-86506.205990779,1.7064488001878504,319.41946282879496,-317.71301402860706,0.153230063898185,0.01895808870315846,0.014139982572536755,-37.813096880137714,0.12372303594257678,27254541.62849258,27254221.006448302,320.6220442702441
P2,P3,R_log,S01,"{""lambda"":0}",1340,509,ok,509,1.4067866072708255,1.186080354474698,0.9187903070699477,-0.01716111040043722,1.780364889623482,1.6230758455227032,0.15728904410077876,0.1430357236436156,0.07405832136572771,0.10829553725610394,0.9399994934364169,0.5177610143760286,716.0543831008501,12.592580287615595,703.4618028132345
P2,P4,R_log,S01,"{""lambda"":0}",1271,576,ok,576,2.639584093593352,1.6246796895367874,1.2576920847652815,-0.5123937719873304,1.582593810997146,2.4690635000891032,-0.8864696890919572,0.22177836196312115,-0.02920611076066148,-0.01555785743416112,1.9077461000680702,-0.13169053329701325,1520.4004379097707,452.63722157498376,1067.763216334787
P2,P5,R_log,S01,"{""lambda"":0}",1354,494,ok,494,56.555085210117056,7.5203115101780895,7.385388261236672,-27.843543183696013,1.7801483863340175,-5.605239874902656,7.385388261236672,0.17147491854768826,0.01082864005358554,-0.019181602184369824,2.134119250023015,0.06314999386090402,27938.212093797825,26944.716125990944,993.4959678068799
P2,P1,R_log,S01,"{""lambda"":0.001}",1579,270,ok,270,1.2162709635755482,1.1028467543478324,0.8312190949847069,-0.0423354441115289,1.7064488001878504,1.8805888657781975,-0.17414006559034664,0.14885449495691863,0.019516774663144835,0.018481014080397835,1.4598789593642005,0.13111310255557534,328.393160165398,8.187685859828761,320.2054743055692
P2,P3,R_log,S01,"{""lambda"":0.001}",1340,509,ok,509,1.416956124703973,1.1903596619106231,0.9254866215229429,-0.024514064708556882,1.780364889623482,1.5910076515742417,0.1893572380492402,0.14204399293209766,0.07598992197742054,0.11023847073999453,0.9292162784576388,0.5349745554797704,721.2306674743222,18.250787273233044,702.9798802010894
P2,P4,R_log,S01,"{""lambda"":0.001}",1271,576,ok,576,2.1892443150759964,1.4796095143908734,1.1371865206881386,-0.25436407785449044,1.582593810997146,2.163407759393359,-0.580813948396213,0.22263339765281026,-0.02585211596539138,-0.011604130268194691,1.8338079992811682,-0.11611966685118347,1261.0047254837739,194.31062936732093,1066.694096116453
P2,P5,R_log,S01,"{""lambda"":0.001}",1354,494,ok,494,13.853690912103339,3.7220546626968467,3.455285307968674,-6.065492529845003,1.7801483863340175,-1.6588947093581252,3.4390430956921425,0.15787267651427572,-0.02754060533548838,-0.061562927697174315,1.4907571788603762,-0.17444820689410442,6843.723310579049,5842.546602529731,1001.1767080493175
P2,P1,R_log,S01,"{""lambda"":0.1}",1579,270,ok,270,1.2549610298791254,1.1202504317692208,0.8913317940844151,-0.07549255190327364,1.7064488001878504,1.4361168955736987,0.2703319046141519,0.1172623011786311,0.0037793969024291956,0.0014147451866162893,1.6601623492816102,0.03223028086982416,338.83947806736387,19.731421436125032,319.1080566312388
P2,P3,R_log,S01,"{""lambda"":0.1}",1340,509,ok,509,1.4189165581620058,1.1911828399376838,0.9311639462122203,-0.02593153389878977,1.780364889623482,1.5699140046250526,0.2104508849984294,0.1004353743118126,0.0805433633432997,0.11567307786619985,0.5213846253623629,0.8019421831718773,722.2285281044609,22.54339367328068,699.6851344311801
P2,P4,R_log,S01,"{""lambda"":0.1}",1271,576,ok,576,1.93223843613991,1.3900497962806622,1.0742623909409732,-0.10710826902821258,1.582593810997146,1.9095346552806827,-0.3269408442835364,0.18032426418486117,-0.03700788142936023,-0.02570411665294609,1.974486895531992,-0.20522962673188125,1112.9693392165882,61.56882182063901,1051.4005173959492
P2,P5,R_log,S01,"{""lambda"":0.1}",1354,494,ok,494,2.196764668991971,1.4821486662922756,1.1971177251197742,-0.12036744987792503,1.7801483863340175,1.3379418560656207,0.442206530268397,0.11032816904858432,-0.03836198958421437,-0.06231091571329004,2.2453615045184745,-0.34770802339084605,1085.2017464820337,96.60002801353528,988.6017184684986
P2,P1,R_log,S02,"{""lambda"":0}",1579,270,ok,270,436167.2556757266,660.4295993334389,660.428691245105,-373791.1925021981,1.7064488001878504,662.1351400452929,-660.428691245105,0.1796003298268419,0.012057697904975339,0.021221482668371938,-42.74684089383513,0.0671362792963717,117765159.03244619,117764835.17932501,323.8531212087861
P2,P3,R_log,S02,"{""lambda"":0}",1340,509,ok,509,2.3963870896673147,1.548026837515201,1.292588566501586,-0.7326805220331645,1.780364889623482,0.7474379020197334,1.0329269876037486,0.27629220906650037,0.2082838441017356,0.25470814012262133,1.2169062239376311,0.7538534828957267,1219.7610286406632,543.0715243155587,676.6895043251046
P2,P4,R_log,S02,"{""lambda"":0}",1271,576,ok,576,2.047490703412814,1.430905553631271,1.1018868839785743,-0.17314397959868733,1.582593810997146,2.0790967888798786,-0.49650297788273234,0.2079991960901019,0.02731907003371384,0.04564656238571158,1.3095206845141256,0.13134219048558082,1179.354645165781,141.9927592587385,1037.3618859070425
P2,P5,R_log,S02,"{""lambda"":0}",1354,494,ok,494,7.453078964826885,2.7300327772440545,2.438433115971847,-2.801129539011364,1.7801483863340175,-0.5576065056613907,2.337754891995408,0.15986565878257347,0.036502196022549394,0.024100862736990365,1.90746692446223,0.22833043882297774,3681.8210086244812,2699.75837991394,982.0626287105408
P2,P1,R_log,S02,"{""lambda"":0.001}",1579,270,ok,270,3.1334062644869483,1.7701430067898323,1.4862522283217812,-1.6853065707286206,1.7064488001878504,3.0983326302259644,-1.3918838300381142,0.17302717908533186,0.014213816187277092,0.01114311904825314,1.4519273387279958,0.082147881404616,846.0196914114761,523.0819610068239,322.9377304046522
P2,P3,R_log,S02,"{""lambda"":0.001}",1340,509,ok,509,1.4458506763326286,1.2024353106644152,0.9463219052066618,-0.04540594274267029,1.780364889623482,1.4203983425274667,0.35996654709601533,0.22025863810840202,0.21973331525741538,0.25623653804871077,0.36335423582977566,0.9976149727633924,735.937994253308,65.95414074936797,669.98385350394
P2,P4,R_log,S02,"{""lambda"":0.001}",1271,576,ok,576,1.9653143617365763,1.4018967015213981,1.081353797260701,-0.12605967277266195,1.582593810997146,1.9879856557862798,-0.4053918447891338,0.20838762821767187,0.027661280207762262,0.045930501161464306,1.3187094876136287,0.13273955102012383,1132.021072360268,94.6613075452054,1037.3597648150626
P2,P5,R_log,S02,"{""lambda"":0.001}",1354,494,ok,494,3.9065234636842563,1.9764927178424554,1.6926716901720893,-0.9923580311880034,1.7801483863340175,0.3963688807076257,1.3837795056263917,0.15559263106588472,0.027114329785348598,0.015091210704970952,1.71107521445864,0.17426487102636115,1929.8225910600227,945.9337857746608,983.8888052853617
P2,P1,R_log,S02,"{""lambda"":0.1}",1579,270,ok,270,1.2476971077819852,1.1170036292608834,0.8852042407314463,-0.06926742305299172,1.7064488001878504,1.4580546535443166,0.24839414664353368,0.12058414834176967,-0.007674015958710073,-0.004232650533000163,1.7992398911715288,-0.0636403380066152,336.878219101136,16.658906063427715,320.2193130377083
P2,P3,R_log,S02,"{""lambda"":0.1}",1340,509,ok,509,1.4117446024513127,1.1881685917626812,0.9274113821055305,-0.02074593261659996,1.780364889623482,1.5709649399108563,0.20939994971262577,0.1043308630603691,0.10468158786910252,0.14261006168711404,0.20411890092308083,1.0033616592295462,718.5780026477182,22.31880452028195,696.2591981274363
P2,P4,R_log,S02,"{""lambda"":0.1}",1271,576,ok,576,1.9236557178835194,1.3869591622984143,1.0715908206952482,-0.10219065732218935,1.582593810997146,1.909505273977507,-0.32691146298036095,0.17735251696888588,-0.02679172163040714,-0.013670351701582309,1.8710528338886838,-0.1510647950663559,1108.0256935009072,61.5577562657049,1046.4679372352023
P2,P5,R_log,S02,"{""lambda"":0.1}",1354,494,ok,494,2.1689183059458172,1.4727247896147526,1.1851723627907826,-0.10616558328986203,1.7801483863340175,1.3513581108179018,0.4287902755161159,0.10141259146617047,-0.010405247977638716,-0.037086378671546634,1.9188019405560715,-0.1026031169029908,1071.4456431372337,90.82738358633019,980.6182595509035
P2,P1,R_log,S03,"{""control_lambda"":0.001,""difference_penalty"":0.01,""n_knots"":3}",1579,270,ok,270,3.156054603484504,1.776528807389428,1.4938128853933768,-1.704716033911073,1.7064488001878504,3.1045617544976793,-1.3981129543098294,0.16993312308015257,-0.0019359616655323028,0.0019180841162797942,1.7418174936835282,-0.011392491531031109,852.1347429408161,527.774354912419,324.36038802839727
P2,P3,R_log,S03,"{""control_lambda"":0.001,""difference_penalty"":0.01,""n_knots"":3}",1340,509,ok,509,1.488033121013377,1.2198496304927822,0.9639234853218371,-0.07590548122925966,1.780364889623482,1.3624707358689252,0.41789415375455674,0.25947485341180154,0.2267848940214702,0.25951277516334625,0.5895451343425826,0.8740149229858106,757.408858595809,88.88948158479869,668.5193770110102
P2,P4,R_log,S03,"{""control_lambda"":0.001,""difference_penalty"":0.01,""n_knots"":3}",1271,576,ok,576,1.9542920734085922,1.3979599684571058,1.0774148924946614,-0.11974426866761667,1.582593810997146,1.9771512886767653,-0.3945574776796191,0.2044074526189833,0.02748205506434455,0.04616770906771115,1.3167709171164736,0.13444742210828892,1125.672234283349,89.6691474391122,1036.0030868442368
P2,P5,R_log,S03,"{""control_lambda"":0.001,""difference_penalty"":0.01,""n_knots"":3}",1354,494,ok,494,3.486159800386267,1.8671260804740173,1.5871214466683081,-0.7779692201704711,1.7801483863340175,0.5582089124406869,1.2219394738933307,0.15897569782952733,0.027725386928531732,0.018123926822215242,1.682796663424968,0.17440015868502218,1722.1629413908158,737.6092224622026,984.5537189286134
P2,P1,R_log,S03,"{""control_lambda"":0.1,""difference_penalty"":0.01,""n_knots"":3}",1579,270,ok,270,1.5358331631102249,1.2392873609902688,1.0150782206885565,-0.31619794444946825,1.7064488001878504,1.123628274821087,0.5828205253667634,0.15053948533389502,-0.00807993705249312,-0.019559945922965456,1.766757533878676,-0.053673207627699296,414.67495403976073,91.71353649297333,322.9614175467874
P2,P3,R_log,S03,"{""control_lambda"":0.1,""difference_penalty"":0.01,""n_knots"":3}",1340,509,ok,509,1.3383655489732984,1.1568774995535605,0.8906977686075783,0.032309960245949454,1.780364889623482,1.607483967297257,0.17288092232622504,0.2213918911612753,0.2324709676765075,0.25886878650614537,0.09243787729291864,1.0500428288367687,681.2280644274089,15.212896971922422,666.0151674554864
P2,P4,R_log,S03,"{""control_lambda"":0.1,""difference_penalty"":0.01,""n_knots"":3}",1271,576,ok,576,1.852130694180563,1.360930084236719,1.0534326587287757,-0.06120920094345483,1.582593810997146,1.8690801293207029,-0.286486318323557,0.17389727233370192,0.046167958452484184,0.0584575189312666,1.0863720324907427,0.26548983680370614,1066.8272798480043,47.274860497873775,1019.5524193501304
P2,P5,R_log,S03,"{""control_lambda"":0.1,""difference_penalty"":0.01,""n_knots"":3}",1354,494,ok,494,2.0264028486292096,1.423517772502054,1.1181949701318254,-0.033481566774218985,1.7801483863340175,1.5334031073494858,0.24674527898453164,0.12560704753587906,0.05312797609641046,0.05061675917972673,1.1315653232685918,0.4229697070240799,1001.0430072228296,30.07631695437025,970.9666902684592
P2,P1,R_log,S03,"{""control_lambda"":0.001,""difference_penalty"":1,""n_knots"":3}",1579,270,ok,270,2.2011865973202527,1.4836396453722356,1.1960166229499605,-0.8864010390786876,1.7064488001878504,2.715391058023345,-1.008942257835495,0.14951933489551,0.02790010400055291,0.02347019735353124,1.1997605315838824,0.1865986363573021,594.3203812764682,274.85040950447035,319.46997177199796
P2,P3,R_log,S03,"{""control_lambda"":0.001,""difference_penalty"":1,""n_knots"":3}",1340,509,ok,509,1.3930274478761078,1.1802658377993103,0.9211591716241957,-0.007212706160750537,1.780364889623482,1.4853212658344397,0.29504362378904203,0.2145514856007752,0.23714747142510825,0.2646226347057918,0.13861358009395386,1.1053173123507443,709.0509709689388,44.308826628732014,664.7421443402068
P2,P4,R_log,S03,"{""control_lambda"":0.001,""difference_penalty"":1,""n_knots"":3}",1271,576,ok,576,1.9883076627716436,1.4100736373578664,1.0853856000666462,-0.13923406845388664,1.582593810997146,2.0033056508537728,-0.42071183985662647,0.2048174689012413,0.010082990372339878,0.027567124843569935,1.4839727719872735,0.04922915231025384,1145.2652137564667,101.95110846463548,1043.314105291831
P2,P5,R_log,S03,"{""control_lambda"":0.001,""difference_penalty"":1,""n_knots"":3}",1354,494,ok,494,5.459116112170406,2.336475146919052,2.034894759996126,-1.7841926281463718,1.7801483863340175,-0.07597563562908789,1.8561240219631054,0.14827031101682567,-0.01730282497821624,-0.05127998384799544,1.7712821937909287,-0.11669783963866331,2696.8033594121807,1701.9270141447962,994.8763452673845
P2,P1,R_log,S03,"{""control_lambda"":0.1,""difference_penalty"":1,""n_knots"":3}",1579,270,ok,270,1.6485739557150831,1.2839680508934337,1.0636817238319622,-0.4128159906320459,1.7064488001878504,1.0215726663217408,0.6848761338661097,0.12672674611040802,0.020598267804377193,-0.003276580948854341,1.5404015527962545,0.16254080876053886,445.11496804307245,126.64493605963513,318.47003198343725
P2,P3,R_log,S03,"{""control_lambda"":0.1,""difference_penalty"":1,""n_knots"":3}",1340,509,ok,509,1.3382328010111062,1.156820124743301,0.8943694513907773,0.032405942155308676,1.780364889623482,1.6023473915409345,0.1780174980825472,0.17821774612509808,0.24431003758542272,0.26287484102559544,-0.41621519268482965,1.370851348405741,681.160495714653,16.13032687839697,665.030168836256
P2,P4,R_log,S03,"{""control_lambda"":0.1,""difference_penalty"":1,""n_knots"":3}",1271,576,ok,576,1.8668711904640618,1.3663349481236515,1.0567670339349695,-0.06965501436886345,1.582593810997146,1.8690344191048638,-0.2864406081077178,0.1693211442479585,0.017793211977787493,0.032664248836160925,1.3861852303640472,0.1050855878444254,1075.3178057072996,47.25977585651664,1028.0580298507828
P2,P5,R_log,S03,"{""control_lambda"":0.1,""difference_penalty"":1,""n_knots"":3}",1354,494,ok,494,2.0795374748666138,1.4420601495314311,1.1461642115864272,-0.0605806486823115,1.7801483863340175,1.4767304513082407,0.303417935025777,0.10410315441086831,-0.013403070146353292,-0.0411419788531504,1.9702744390761235,-0.12874797331745452,1027.2915125841073,45.47884698788148,981.8126655962258
P2,P1,R_log,S03,"{""control_lambda"":0.001,""difference_penalty"":0.01,""n_knots"":5}",1579,270,ok,270,3.857098825067382,1.9639498020742236,1.6863808600044923,-2.305505875919023,1.7064488001878504,3.331844048338814,-1.6253952481509635,0.18517283682103286,-0.01922346183218327,-0.005758215647498149,2.0523395798162425,-0.1038136163068154,1041.4166827681931,713.3156224321677,328.1010603360253
P2,P3,R_log,S03,"{""control_lambda"":0.001,""difference_penalty"":0.01,""n_knots"":5}",1340,509,ok,509,1.502974524882341,1.2259586146694923,0.9697276369593181,-0.08670869393525793,1.780364889623482,1.3352810225756437,0.4450838670478381,0.27016729509582893,0.23969477668867292,0.2675170112577411,0.595691939445091,0.887208707492343,765.0140331651115,100.83272119148513,664.1813119736264
P2,P4,R_log,S03,"{""control_lambda"":0.001,""difference_penalty"":0.01,""n_knots"":5}",1271,576,ok,576,2.0494730948653137,1.4315980912481385,1.105908234845321,-0.17427982387569974,1.582593810997146,2.0742858194599623,-0.4916920084628163,0.22146767181664703,0.03000240279692059,0.039017225637444454,1.3015886504656287,0.13547080054988603,1180.4965026424206,139.25435396325017,1041.2421486791704
P2,P5,R_log,S03,"{""control_lambda"":0.001,""difference_penalty"":0.01,""n_knots"":5}",1354,494,ok,494,3.582349896638827,1.8927096704563082,1.6112621165621999,-0.8270269341637704,1.7801483863340175,0.5190201880478247,1.2611281982861928,0.16854402348850014,0.03713988262404427,0.036953833283809336,1.6657785708720008,0.22035716162061567,1769.6808489395805,785.679500261214,984.0013486783665
P2,P1,R_log,S03,"{""control_lambda"":0.1,""difference_penalty"":0.01,""n_knots"":5}",1579,270,ok,270,1.4322523777177283,1.1967674701953293,0.9711841256924381,-0.22742995838646562,1.7064488001878504,1.234742710831704,0.4717060893561468,0.166632781600929,-0.02693615605554001,-0.03361746139648708,1.906044714196273,-0.16164980141812535,386.7081419837866,60.07679137863066,326.63135060515594
P2,P3,R_log,S03,"{""control_lambda"":0.1,""difference_penalty"":0.01,""n_knots"":5}",1340,509,ok,509,1.3315534061684136,1.1539295499155975,0.8872124588362059,0.03723540288508964,1.780364889623482,1.604299413449384,0.17606547617409818,0.23016253657856928,0.24466125309652795,0.26664161264210146,0.07500523087396993,1.0629933816922863,677.7606837397225,15.778517417309674,661.9821663224128
P2,P4,R_log,S03,"{""control_lambda"":0.1,""difference_penalty"":0.01,""n_knots"":5}",1271,576,ok,576,1.866390686925732,1.366159100151125,1.0594362515393534,-0.06937970184498843,1.582593810997146,1.882698851962055,-0.3001050409649093,0.19235866552136463,0.04997246701208425,0.05064377791772372,1.0934913002349615,0.25978796887907274,1075.0410356692216,51.87630851282874,1023.1647271563929
P2,P5,R_log,S03,"{""control_lambda"":0.1,""difference_penalty"":0.01,""n_knots"":5}",1354,494,ok,494,2.020323917138298,1.4213809894388971,1.1121017075077675,-0.030381263374137157,1.7801483863340175,1.549481774387157,0.23066661194686044,0.1399147665987917,0.05836022826845188,0.061708513599965,1.133839835426416,0.41711271574215575,998.0400150663193,26.28430041831949,971.7557146479998
P2,P1,R_log,S03,"{""control_lambda"":0.001,""difference_penalty"":1,""n_knots"":5}",1579,270,ok,270,2.075719083151074,1.4407356048737998,1.1553984779550188,-0.7788762842998342,1.7064488001878504,2.6413986334322854,-0.934949833244435,0.15646266050391275,-0.016846172486845765,-0.0028198869957132573,1.9908454533062867,-0.10766896352516306,560.4441524507899,236.01542148462516,324.4287309661647
P2,P3,R_log,S03,"{""control_lambda"":0.001,""difference_penalty"":1,""n_knots"":5}",1340,509,ok,509,1.528068165643443,1.2361505432767657,0.9799229517769119,-0.1048523664500749,1.780364889623482,1.3233438609640948,0.457021028659387,0.2667859873634334,0.21991821452898433,0.2471472008630646,0.6895001782222059,0.8243244583509454,777.7866963125125,106.31392430417408,671.4727720083383
P2,P4,R_log,S03,"{""control_lambda"":0.001,""difference_penalty"":1,""n_knots"":5}",1271,576,ok,576,2.0024806502500088,1.4150903328939848,1.088049553336802,-0.14735471823532742,1.582593810997146,2.0269199987991295,-0.44432618780198374,0.2055147543679062,0.01946327835233747,0.03396570040715731,1.390634317597836,0.09470501722467517,1153.428854544005,113.71723843198679,1039.7116161120182
P2,P5,R_log,S03,"{""control_lambda"":0.001,""difference_penalty"":1,""n_knots"":5}",1354,494,ok,494,5.201377155220543,2.2806527914657555,1.984738114059111,-1.6527437105594829,1.7801483863340175,-0.010651382945560057,1.7907997692795774,0.15742790707491225,0.0241916515151857,0.015852985830513353,1.7817851643942832,0.15366812634861532,2569.480314678948,1584.2401239439832,985.2401907349647
P2,P1,R_log,S03,"{""control_lambda"":0.1,""difference_penalty"":1,""n_knots"":5}",1579,270,ok,270,1.5349141780581181,1.238916533935244,1.011838964878197,-0.3154103808874773,1.7064488001878504,1.1250292270311633,0.5814195731566871,0.1354230290219324,-0.02719503859701924,-0.041029744495765574,1.9323720679869498,-0.20081546538598619,414.4268280756919,91.27315441342016,323.1536736622717
P2,P3,R_log,S03,"{""control_lambda"":0.1,""difference_penalty"":1,""n_knots"":5}",1340,509,ok,509,1.3481401562811337,1.16109437871395,0.8942587770785371,0.025242541227613713,1.780364889623482,1.5942147666263085,0.1861501229971734,0.22971546543826257,0.22433486722478418,0.24330515843608516,0.22349122717074454,0.976577118117785,686.203339547097,17.63780096055816,668.5655385865389
P2,P4,R_log,S03,"{""control_lambda"":0.1,""difference_penalty"":1,""n_knots"":5}",1271,576,ok,576,1.8645638886683191,1.3654903473361937,1.054358218658961,-0.06833300728659397,1.582593810997146,1.8816414043566734,-0.29904759335952746,0.1721034340026538,0.03639290699941141,0.045388599180760915,1.1847028506463004,0.21145950521155923,1073.9887998729519,51.511370742216165,1022.4774291307358
P2,P5,R_log,S03,"{""control_lambda"":0.1,""difference_penalty"":1,""n_knots"":5}",1354,494,ok,494,2.0534921529497203,1.4330011001216016,1.1323142060646132,-0.04729732739206627,1.7801483863340175,1.4881352075984826,0.2920131787355348,0.11958268175070914,0.04386895139610727,0.041070504885147865,1.2342254304576186,0.3668503729290811,1014.4251235571619,42.1242180982843,972.3009054588778
P2,P1,R_log,S04,"{""control_lambda"":0.001}",1579,270,ok,270,1.2797295106936177,1.1312513030682518,0.8879705183556651,-0.09671896133250613,1.7064488001878504,1.448794217575636,0.2576545826122144,0.17196706848391546,-0.029814036528736564,0.00022819454200674336,1.9576271455898504,-0.1733706156160076,345.5269678872768,17.924188664090092,327.60277922318664
P2,P3,R_log,S04,"{""control_lambda"":0.001}",1340,509,ok,509,1.461960951324221,1.2091157725065955,0.9465186403164529,-0.0570542944646808,1.780364889623482,1.502637604737267,0.27772728488621506,0.15442037632526578,0.0730509100813101,0.11107181964047241,1.0695192929436526,0.4730652250674368,744.1381242240285,39.26041438806685,704.8777098359617
P2,P4,R_log,S04,"{""control_lambda"":0.001}",1271,576,ok,576,2.3512863379436837,1.5333904714532707,1.18393155797905,-0.34720876000731216,1.582593810997146,2.2815076029357337,-0.698913791938588,0.2488784197765552,-0.010819020593973817,-0.004066591964524022,1.6817734737562982,-0.04347110771471131,1354.3409306555618,281.36476141169817,1072.9761692438638
P2,P5,R_log,S04,"{""control_lambda"":0.001}",1354,494,ok,494,33.358041016139474,5.775642043629389,5.602612804746069,-16.01286618166746,1.7801483863340175,-3.8224644184120513,5.602612804746069,0.18187155504349553,0.0796950104832319,0.0914512406969999,3.4551290715999183,0.43819392463088774,16478.8722619729,15506.299498512877,972.5727634600213
P2,P1,R_log,S04,"{""control_lambda"":0.1}",1579,270,ok,270,1.2260361815330827,1.1072651812159013,0.83873348639205,-0.05070416547497403,1.7064488001878504,1.8509992116277068,-0.144550411439856,0.13551156038649168,-0.05325771154566483,-0.024507666994745603,2.4339142784316414,-0.3930123112284214,331.0297690139323,5.641601790806546,325.3881672231258
P2,P3,R_log,S04,"{""control_lambda"":0.1}",1340,509,ok,509,1.4276501024807509,1.1948431288168129,0.9321471978833673,-0.03224622412335787,1.780364889623482,1.5661602191497026,0.21420467047377934,0.11238522809456608,0.06032759832394956,0.10053845700915869,0.9396611226452274,0.5367929517675326,726.6739021627022,23.35477319406522,703.3191289686371
P2,P4,R_log,S04,"{""control_lambda"":0.1}",1271,576,ok,576,1.975906723169568,1.4056694928643674,1.090768401535215,-0.13212874308596545,1.582593810997146,1.9574153972227748,-0.3748215862256288,0.2140276208045931,-0.01360602397740995,-0.012406542695053306,1.7070293428609518,-0.06357134619476158,1138.1222725456712,80.92294358440115,1057.19932896127
P2,P5,R_log,S04,"{""control_lambda"":0.1}",1354,494,ok,494,2.310832703706433,1.52014233008177,1.2325995395640237,-0.17854305465231857,1.7801483863340175,1.183279102926466,0.5968692834075516,0.12733307522587986,0.0760308758695336,0.08539247803891269,1.0736096772513828,0.5971023297337333,1141.551355630978,175.9889530888694,965.5624025421085
P2,P1,R_log,G05,"{""max_leaf_nodes"":7,""min_samples_leaf"":20}",56997,270,ok,270,1.1264387225042163,1.06133817537306,0.8038402706631448,0.03465013862190669,1.7064488001878504,1.7249333026367502,-0.01848450244889949,0.15877109636308243,0.1894274701754121,0.2529225893694819,-0.35154386487869904,1.1930853569356459,304.13845507613837,0.09225274431151025,304.04620233182686
P2,P3,R_log,G05,"{""max_leaf_nodes"":7,""min_samples_leaf"":20}",56709,509,ok,509,1.331241133146933,1.1537942334519327,0.8906485493025563,0.03746118835364298,1.780364889623482,1.6432867483631985,0.13707814126028323,0.1448519218602545,0.24863137672078453,0.27953038887851234,-1.0402580012949594,1.7164520396260317,677.6017367717889,9.56432215698945,668.0374146147994
P2,P4,R_log,G05,"{""max_leaf_nodes"":7,""min_samples_leaf"":20}",56603,576,ok,576,1.8907762616675292,1.375055003142612,1.0627216401310509,-0.08335182398928387,1.582593810997146,1.8911817808013909,-0.308587969804245,0.16322214556327808,-0.006582201714261382,0.00548510913006413,1.658858829549698,-0.04032664618851952,1089.0871267204968,54.85048422215365,1034.2366424983434
P2,P5,R_log,G05,"{""max_leaf_nodes"":7,""min_samples_leaf"":20}",56582,494,ok,494,1.9756453178642857,1.4055765072966628,1.0794161636554973,-0.0075948224597754965,1.7801483863340175,1.6569895409658346,0.12315884536818285,0.14144510961289095,0.07122108658892026,0.11436205599453445,0.9458134567133225,0.5035245600490474,975.9687870249571,7.493041989057443,968.4757450358995
P2,P1,R_log,G05,"{""max_leaf_nodes"":7,""min_samples_leaf"":50}",56997,270,ok,270,1.1246967872769587,1.0605172262990161,0.8025219997531021,0.03614296454893473,1.7064488001878504,1.730989048815466,-0.024540248627615377,0.1586832301216748,0.194851823595608,0.2578294907555666,-0.4190837625605679,1.2279295263034407,303.66813256477883,0.16260042673039818,303.5055321380484
P2,P3,R_log,G05,"{""max_leaf_nodes"":7,""min_samples_leaf"":50}",56709,509,ok,509,1.343913281942704,1.1592727383763943,0.8962404741936986,0.0282987348062127,1.780364889623482,1.6312383458517243,0.1491265437717575,0.14154534868522867,0.22753583900061694,0.2537221839803329,-0.8418702391249382,1.6075119466243684,684.0518605088363,11.31951156317074,672.7323489456655
P2,P4,R_log,G05,"{""max_leaf_nodes"":7,""min_samples_leaf"":50}",56603,576,ok,576,1.8683307822678463,1.3668689704093244,1.0556657589483818,-0.070491311859459,1.582593810997146,1.8729357619599465,-0.29034195096280047,0.15903130376046112,0.009746027964479542,0.025025301902570272,1.4678133628708459,0.06128370788658949,1076.1585305862795,48.555906329597896,1027.6026242566818
P2,P5,R_log,G05,"{""max_leaf_nodes"":7,""min_samples_leaf"":50}",56582,494,ok,494,1.9599493756926547,1.3999819197734857,1.0622977441037837,0.0004102328620270157,1.7801483863340175,1.7566063902671885,0.02354199606682893,0.1447935544201188,0.07478946767615774,0.11663728218657679,0.8728175498837063,0.5165248410102287,968.2149915921714,0.2737874359324309,967.9412041562389
P2,P1,R_log,G05,"{""max_leaf_nodes"":15,""min_samples_leaf"":20}",56997,270,ok,270,1.1239089127551727,1.060145703549834,0.8030953409501757,0.03681816733200194,1.7064488001878504,1.7539958122065786,-0.04754701201872834,0.1814566969718324,0.1975185284632355,0.24963381441971555,-0.20280380684874788,1.0885160578774142,303.4554064438966,0.6103939550154562,302.84501248888114
P2,P3,R_log,G05,"{""max_leaf_nodes"":15,""min_samples_leaf"":20}",56709,509,ok,509,1.330310773973164,1.153390989202345,0.8937482708798639,0.038133874008575264,1.780364889623482,1.6308224067180852,0.14954248290539657,0.16212791994187697,0.24853404955394426,0.27180320627883064,-0.7196048687639758,1.5329503372586537,677.1281839523406,11.38274368449701,665.7454402678435
P2,P4,R_log,G05,"{""max_leaf_nodes"":15,""min_samples_leaf"":20}",56603,576,ok,576,1.8800019091141889,1.3711316162623444,1.0599090876964539,-0.07717847882539286,1.582593810997146,1.8858643201221947,-0.3032705091250486,0.18273120316606692,0.0243791984263374,0.04338497484968814,1.3309900363335172,0.133415629098559,1082.8810996497728,52.97644898206053,1029.9046506677123
P2,P5,R_log,G05,"{""max_leaf_nodes"":15,""min_samples_leaf"":20}",56582,494,ok,494,1.996749186675195,1.41306375888535,1.08599115926969,-0.018357963371490094,1.7801483863340175,1.6066955365596014,0.17345284977441625,0.1671599581637733,0.07456490243630587,0.12417831609404663,1.0634510549609213,0.44606916186980394,986.3940982175463,14.862430200863907,971.5316680166823
P2,P1,R_log,G05,"{""max_leaf_nodes"":15,""min_samples_leaf"":50}",56997,270,ok,270,1.1298418461630941,1.0629401893630206,0.8022599276178312,0.03173368618937056,1.7064488001878504,1.7599098390540506,-0.05346103886620023,0.18638955619055425,0.18489262621933172,0.24644879985675658,-0.03932686826902443,0.991968809831319,305.0572984640354,0.7716823226964103,304.285616141339
P2,P3,R_log,G05,"{""max_leaf_nodes"":15,""min_samples_leaf"":50}",56709,509,ok,509,1.3372741536367199,1.1564057046022904,0.8940584615163492,0.03309908127304939,1.780364889623482,1.6425570747434648,0.1378078148800169,0.15519434667015183,0.2284734942564535,0.24984370127451433,-0.6377692913845099,1.4721766556487281,680.6725442010904,9.666415865580548,671.0061283355099
P2,P4,R_log,G05,"{""max_leaf_nodes"":15,""min_samples_leaf"":50}",56603,576,ok,576,1.85312317459472,1.3612946685397398,1.0511347894608254,-0.061777859165344395,1.582593810997146,1.8568179960629179,-0.27422418506577195,0.17153480874608043,0.03128460854566579,0.050787842505466696,1.2439463692795572,0.1823805254126339,1067.3989485665588,43.31456851679236,1024.0843800497664
P2,P5,R_log,G05,"{""max_leaf_nodes"":15,""min_samples_leaf"":50}",56582,494,ok,494,1.9834351018084018,1.4083448092737807,1.0759865994833975,-0.01156767421570537,1.7801483863340175,1.678777477256986,0.10137090907703153,0.17832213247517537,0.07142125683497833,0.11708434917426236,1.1077674782118034,0.4005181849477996,979.8169402933505,5.076374236309274,974.7405660570411
P2,P1,R_log,S05,"{""max_leaf_nodes"":7,""min_samples_leaf"":20}",1579,270,ok,270,1.3076217779950672,1.1435129111623825,0.9112978179582277,-0.12062243325250166,1.7064488001878504,1.4736591664528058,0.23278963373504466,0.29818419510289684,0.02470400680123893,0.04844530994422307,1.584358875005211,0.08284814288267058,353.05788005866816,14.631573665113986,338.42630639355417
P2,P3,R_log,S05,"{""max_leaf_nodes"":7,""min_samples_leaf"":20}",1340,509,ok,509,1.4223750613666952,1.1926336660377717,0.9077678513848941,-0.028432165438657897,1.780364889623482,1.9034476923914783,-0.12308280276799649,0.2967305191820978,0.1189133167220827,0.12838902109040773,1.0175674566760422,0.40074515102070735,723.9889062356478,7.711032555647792,716.27787368
P2,P4,R_log,S05,"{""max_leaf_nodes"":7,""min_samples_leaf"":20}",1271,576,ok,576,2.094907147095614,1.4473794067540182,1.1267535279875045,-0.20031202258307657,1.582593810997146,2.0356810063011292,-0.45308719530398306,0.3086374886063703,0.02036088892465387,0.018342095164342063,1.4482994482401086,0.06597023911966088,1206.6665167270737,118.2458917718955,1088.420624955178
P2,P5,R_log,S05,"{""max_leaf_nodes"":7,""min_samples_leaf"":20}",1354,494,ok,494,1.9980033858176007,1.4135074763925377,1.1018630753307022,-0.0189976149075195,1.7801483863340175,1.5581859094746493,0.2219624768593682,0.18898103349816994,0.11070674948806798,0.09345142930264455,0.8673493930016106,0.5858087842933722,987.0136725938947,24.338066519971512,962.6756060739233
P2,P1,R_log,S05,"{""max_leaf_nodes"":7,""min_samples_leaf"":50}",1579,270,ok,270,1.319870195653434,1.1488560378278185,0.9054259287904342,-0.1311192388508735,1.7064488001878504,1.500003500438324,0.2064452997495265,0.3263826081018287,0.018277798060890346,0.050954304533674284,1.6224468944763595,0.05600113978863666,356.36495282642716,11.507308682941398,344.8576441434857
P2,P3,R_log,S05,"{""max_leaf_nodes"":7,""min_samples_leaf"":50}",1340,509,ok,509,1.3656289880598,1.1686012955922136,0.8983893789820309,0.012597439646709674,1.780364889623482,1.7416725005982918,0.0386923890251904,0.28850699335270835,0.1679615901497393,0.18661956015419282,0.7664065126668089,0.5821751084709453,695.1051549224383,0.7620243929546273,694.3431305294837
P2,P4,R_log,S05,"{""max_leaf_nodes"":7,""min_samples_leaf"":50}",1271,576,ok,576,1.8958705279891863,1.3769061434931527,1.0695602087328384,-0.08627066892262736,1.582593810997146,1.8569172474625981,-0.2743234364654517,0.25312321610111027,0.04132049963038277,0.04233202579375907,1.2794657549488206,0.1632426304739953,1092.0214241217714,43.34592832946768,1048.6754957923035
P2,P5,R_log,S05,"{""max_leaf_nodes"":7,""min_samples_leaf"":50}",1354,494,ok,494,1.9585743843642403,1.3994907589420662,1.0728005396034337,0.001111489373461505,1.7801483863340175,1.6872139664600134,0.09293441987400418,0.1847388915686657,0.10729951619130958,0.11956804348813033,0.800185581668764,0.5808171483557231,967.5357458759347,4.2665823602749455,963.2691635156599
P2,P1,R_log,S05,"{""max_leaf_nodes"":15,""min_samples_leaf"":20}",1579,270,ok,270,1.3565243926741342,1.164699271346099,0.9165749431491148,-0.16253162134975896,1.7064488001878504,1.4536898705700854,0.25275892961776514,0.3618481884542577,0.03199304941782323,0.06363098998915635,1.5779198387302555,0.08841566833453302,366.2615860220162,17.249510655409956,349.01207536660627
P2,P3,R_log,S05,"{""max_leaf_nodes"":15,""min_samples_leaf"":20}",1340,509,ok,509,1.5228823368444142,1.234051188907662,0.9391043202147136,-0.10110281171852975,1.780364889623482,1.8632946878605796,-0.0829297982370977,0.41514946852178886,0.09179689036728551,0.08607463780347017,1.3683574774677663,0.22111768730945053,775.1471094538068,3.5005718807436783,771.6465375730631
P2,P4,R_log,S05,"{""max_leaf_nodes"":15,""min_samples_leaf"":20}",1271,576,ok,576,1.9833507827020032,1.4083148734221347,1.0989966741507122,-0.13639394126718019,1.582593810997146,1.9115109462237128,-0.32891713522656674,0.3338374598653023,0.05547723615238444,0.04229127809402876,1.2649381943557174,0.16618038064023308,1142.4100508363538,62.31541354309532,1080.0946372932583
P2,P5,R_log,S05,"{""max_leaf_nodes"":15,""min_samples_leaf"":20}",1354,494,ok,494,2.0928232333994385,1.4466593356417532,1.122161132615525,-0.06735649118252107,1.7801483863340175,1.5490168605038173,0.23113152583020008,0.28102253357735346,0.06914517930307555,0.0658868753899782,1.3990150757785433,0.24604852295249424,1033.8546772993227,26.390360422902646,1007.4643168764198
P2,P1,R_log,S05,"{""max_leaf_nodes"":15,""min_samples_leaf"":50}",1579,270,ok,270,1.4130535535924187,1.1887192913351825,0.9354332574461349,-0.21097670457183515,1.7064488001878504,1.5104337725328942,0.19601502765495638,0.40545586760929236,-0.016839021871664743,0.03130537687632292,1.7691787527258453,-0.04153108443331556,381.52445946995306,10.373910587974795,371.15054888197835
P2,P3,R_log,S05,"{""max_leaf_nodes"":15,""min_samples_leaf"":50}",1340,509,ok,509,1.4791934857141158,1.2162209855590043,0.9442863837831166,-0.06951408312377527,1.780364889623482,1.5734010733196317,0.20696381630384997,0.36369738604791635,0.12886036941140847,0.153549180160481,1.222898569220611,0.35430655911954084,752.909484228485,21.802516820858358,731.1069674076266
P2,P4,R_log,S05,"{""max_leaf_nodes"":15,""min_samples_leaf"":50}",1271,576,ok,576,1.9109217031752976,1.3823609163945925,1.078140000854694,-0.09489449101180214,1.582593810997146,1.8302221123932796,-0.2476283013961335,0.29986297714045107,0.050285472844466134,0.04628874662449244,1.2756750135859316,0.16769483623486206,1100.6909010289714,35.32019077574458,1065.370710253227
P2,P5,R_log,S05,"{""max_leaf_nodes"":15,""min_samples_leaf"":50}",1354,494,ok,494,2.0160889278092027,1.4198904633137033,1.0815998563213225,-0.02822138513962602,1.7801483863340175,1.6454240427886373,0.13472434354538,0.2587115746225767,0.09270414160531365,0.11746556295159034,1.1905434423495969,0.35833008917577736,995.9479303377461,8.966420479404384,986.9815098583417
P2,P1,R_C_log,B00,{},1579,270,ok,270,1.1668738663047862,1.0802193602712304,0.8325756181689477,-2.487999367417615e-06,1.7064488001878504,1.7081526705520669,-0.0017038703642159158,4.1111072308966e-16,,,,,315.05594390229226,0.0007838570388743849,315.0551600452534
P2,P3,R_C_log,B00,{},1340,509,ok,509,1.3930489814305629,1.1802749600964018,0.9172570474176113,-0.007228275753215385,1.780364889623482,1.6803794880851344,0.09998540153834733,1.88808258517031e-16,,,,,709.0619315481565,5.088513985079334,703.973417563077
P2,P4,R_C_log,B00,{},1271,576,ok,576,1.7756546525694998,1.3325369235295133,1.0447535706206759,-0.017390976201328234,1.582593810997146,1.7568135230256756,-0.17421971202852982,1.6807569444185399e-16,,,,,1022.7770798800319,17.483044642159022,1005.2940352378728
P2,P5,R_C_log,B00,{},1354,494,ok,494,1.9713448804021971,1.4040458968289453,1.086204949533019,-0.005401565156993637,1.7801483863340175,1.67723512630153,0.10291326003248713,3.171456032690627e-16,,,,,973.8443709186854,5.23202271071407,968.6123482079714
P2,P1,R_C_log,B01,"{""lambda"":0}",1579,270,ok,270,46012.29609310561,214.50476939477502,214.50210202873237,-39431.20591389163,1.7064488001878504,216.2085508289202,-214.50210202873237,0.2936995011443602,0.17975313889625438,0.19156479199712262,-130.61984224313986,0.6120307940458553,12423319.945138514,12423010.979181072,308.96595743988473
P2,P3,R_C_log,B01,"{""lambda"":0}",1340,509,ok,509,1.3167959827848124,1.1475173126296667,0.8810460590266123,0.04790559058657329,1.780364889623482,1.6548695513010694,0.1254953383224124,0.28731214237146924,0.24684138008316694,0.2598441719864577,0.3586001130668919,0.8591400907937362,670.2491552374695,8.016281689794283,662.2328735476752
P2,P4,R_C_log,B01,"{""lambda"":0}",1271,576,ok,576,2.847720902621955,1.687519156223702,1.3462196672966527,-0.6316492313834541,1.582593810997146,2.626941367054089,-1.044347556056943,0.2984936721875933,0.13796295334005323,0.1275416658798515,0.36842874480381793,0.4621972463568611,1640.2872399102462,628.2212070770553,1012.0660328331908
P2,P5,R_C_log,B01,"{""lambda"":0}",1354,494,ok,494,117.11756080680459,10.82208671221981,10.729382881257687,-58.730887331346665,1.7801483863340175,-8.949234494923669,10.729382881257687,0.31977817906434053,0.13026414383486204,0.10780259122905293,5.425689094801463,0.4073578260280618,57856.07503856147,56869.110564236995,986.9644743244752
P2,P1,R_C_log,B01,"{""lambda"":0.001}",1579,270,ok,270,1.342068264692082,1.1584767001075515,0.8948181199075269,-0.15014282392586198,1.7064488001878504,2.1547386921081473,-0.44828989192029656,0.2869717076706583,0.18195955360002508,0.19189709929555432,0.340198120902548,0.6340679193673335,362.35843146686216,54.26023334343601,308.09819812342613
P2,P3,R_C_log,B01,"{""lambda"":0.001}",1340,509,ok,509,1.3109482099339702,1.144966466729035,0.8768880280906272,0.052133756461617886,1.780364889623482,1.6773703204294308,0.1029945691940508,0.28155578688013605,0.24698005224758382,0.26037006644018645,0.30897971949883707,0.8771975706282613,667.2726388563908,5.399411573285272,661.8732272831055
P2,P4,R_C_log,B01,"{""lambda"":0.001}",1271,576,ok,576,2.191656617148115,1.4804244719498914,1.152357522036006,-0.25574624659799805,1.582593810997146,2.2411211649698455,-0.6585273539726999,0.29833063592708225,0.1369733118810859,0.12816259512551728,0.55362208860338,0.4591325709993957,1262.3942114773142,249.7871669358445,1012.6070445414697
P2,P5,R_C_log,B01,"{""lambda"":0.001}",1354,494,ok,494,26.11448060771159,5.110232930866419,4.910428172453311,-12.318592772512993,1.7801483863340175,-3.1302797861192926,4.910428172453311,0.2951223997080095,0.111770008650982,0.09050500495966471,2.9656612417482657,0.3787242471651284,12900.553420209526,11911.478589390641,989.0748308188874
P2,P1,R_C_log,B01,"{""lambda"":0.1}",1579,270,ok,270,1.1664006875279045,1.080000318299909,0.8349510699040016,0.0004030227998834679,1.7064488001878504,1.6076287453431624,0.098820054844688,0.14527977803576056,0.10282957910153287,0.11622920309724824,0.5685630636439025,0.707803800995768,314.9281856325342,2.6366588746669293,312.29152675786725
P2,P3,R_C_log,B01,"{""lambda"":0.1}",1340,509,ok,509,1.3460959361259717,1.1602137458787376,0.8992353458703478,0.026720591439480135,1.780364889623482,1.601915055099694,0.17844983452378804,0.12438580699387913,0.2621565657914241,0.30019587684867927,-1.5958446609981665,2.1076083528109004,685.1628314881195,16.208770811757773,668.9540606763618
P2,P4,R_C_log,B01,"{""lambda"":0.1}",1271,576,ok,576,1.9517065338565862,1.3970349078876254,1.0825543943728206,-0.11826284061795844,1.582593810997146,1.9452381331565038,-0.3626443221593576,0.22578576074244888,0.017865912453084477,0.012139709220706705,1.4286715526886673,0.0791277199870187,1124.1829635013937,75.7502809311859,1048.4326825702078
P2,P5,R_C_log,B01,"{""lambda"":0.1}",1354,494,ok,494,2.2482903439094324,1.4994300063388861,1.211807421984317,-0.1466459538184517,1.7801483863340175,1.2332191952143083,0.5469291911197091,0.1386571454238667,0.0906527904813611,0.08069356595938591,0.9738808046698673,0.65379097632683,1110.6554298912597,147.77098080883647,962.8844490824229
P2,P1,R_C_log,G02,"{""lambda"":0}",56997,270,ok,270,1.0771524653391784,1.037859559545114,0.7860451730628595,0.07688810556283465,1.7064488001878504,1.7314826134752366,-0.02503381328738608,0.34936441540401164,0.2854908254498103,0.29775770494357096,0.29152965336691206,0.8171720211391972,290.8311656415782,0.16920678808108108,290.6619588534971
P2,P3,R_C_log,G02,"{""lambda"":0}",56709,509,ok,509,1.2974260873788679,1.139046130487641,0.8621887132697129,0.061910773901243554,1.780364889623482,1.721396310730847,0.058968578892634856,0.3642405419605889,0.2705576962286131,0.29830860020532646,0.501712552843891,0.742799510379291,660.3898784758437,1.7699422879780027,658.6199361878657
P2,P4,R_C_log,G02,"{""lambda"":0}",56603,576,ok,576,1.6155151610860665,1.2710291739712611,0.9900858963957021,0.07436361883377673,1.582593810997146,1.8004323546944017,-0.21783854369725567,0.3341099241638341,0.3190303474814319,0.3606378128596161,-0.13657858764525033,0.9548664209237686,930.5367327855743,27.33329152520131,903.203441260373
P2,P5,R_C_log,G02,"{""lambda"":0}",56582,494,ok,494,1.9861930734777513,1.4093236226920172,1.085843935935244,-0.012974261698488476,1.7801483863340175,1.761964950867393,0.018183435466624452,0.3098048120260112,0.13423514466613465,0.14526080223181168,1.016707629782807,0.4332894114467932,981.1793782980092,0.16333483873223462,981.016043459277
P2,P1,R_C_log,G02,"{""lambda"":0.001}",56997,270,ok,270,1.0756862908263316,1.0371529736862983,0.7855923710819329,0.07814460654638244,1.7064488001878504,1.7321883139610808,-0.025739513773230343,0.343214777595789,0.2862766698841617,0.29835311425901784,0.26162435059188094,0.834103565963921,290.4352985231095,0.17888109370622493,290.2564174294033
P2,P3,R_C_log,G02,"{""lambda"":0.001}",56709,509,ok,509,1.2948857834696965,1.137930482705203,0.8615642935120815,0.06374751184831562,1.780364889623482,1.721650717060756,0.05871417256272593,0.35814646641721126,0.27154948013062513,0.3001148719916667,0.4749957152149549,0.7582078998213326,659.0968637860756,1.7547032164003091,657.3421605696753
P2,P4,R_C_log,G02,"{""lambda"":0.001}",56603,576,ok,576,1.6177829483565729,1.2719209678107255,0.9907385146900454,0.07306425225840196,1.582593810997146,1.8017743206097774,-0.21918050961263122,0.32854674233207704,0.31735604429994724,0.3590542467368131,-0.15780990462391964,0.965938794727665,931.842978253386,27.67109517737437,904.1718830760117
P2,P5,R_C_log,G02,"{""lambda"":0.001}",56582,494,ok,494,1.9824846147622874,1.4080073205641679,1.0849572589638228,-0.011082918263905617,1.7801483863340175,1.760587030312143,0.01956135602187453,0.30443210953753713,0.13433396367391956,0.14593184087044403,1.0032703016470816,0.44126082454963866,979.34739969257,0.18902744481077627,979.1583722477591
P2,P1,R_C_log,G02,"{""lambda"":0.1}",56997,270,ok,270,1.0830859233179138,1.0407141410194798,0.7898787361866236,0.07180317486679888,1.7064488001878504,1.7409164491554674,-0.03446764896761678,0.16293022445652705,0.3049389909242262,0.34195091720601484,-1.5518374205526275,1.8715925295100169,292.43319929583674,0.3207650828458106,292.11243421299093
P2,P3,R_C_log,G02,"{""lambda"":0.1}",56709,509,ok,509,1.27973310912206,1.1312528935309116,0.861541456663295,0.07470348127915838,1.780364889623482,1.7255865453526156,0.05477834427086633,0.18251580323511998,0.3018508425547188,0.35332227520351495,-1.0734688244071875,1.6538340089152133,651.3841525431286,1.527339503538295,649.8568130395903
P2,P4,R_C_log,G02,"{""lambda"":0.1}",56603,576,ok,576,1.7542751433112838,1.3244905221674044,1.027515261739129,-0.005141229459502128,1.582593810997146,1.834054460669704,-0.251460649672558,0.17075158526689221,0.1764111499485063,0.19238636521030625,-0.3122504211615822,1.0331450198413556,1010.4624825472995,36.42189600023708,974.0405865470625
P2,P5,R_C_log,G02,"{""lambda"":0.1}",56582,494,ok,494,1.927361081163382,1.388294306393058,1.070887957599707,0.01703052221436152,1.7801483863340175,1.722340281071002,0.05780810526301535,0.14231696981195327,0.13697936030947788,0.16107858952736984,0.12240461728043628,0.9624949188453905,952.1163740947106,1.6508378548453324,950.4655362398654
P2,P1,R_C_log,P00,"{""lambda"":0}",56997,270,ok,270,1.078291620070443,1.0384082145622902,0.7855415488245749,0.07591185817365587,1.7064488001878504,1.6685066919464993,0.037942108241351295,0.3494984622642536,0.2851153648737475,0.2971470521740675,0.345307205496286,0.815784318553521,291.13873741901966,0.3886929660055728,290.75004445301414
P2,P3,R_C_log,P00,"{""lambda"":0}",56709,509,ok,509,1.3117169709996623,1.1453021308806084,0.8733062392931741,0.05157791248700894,1.780364889623482,1.6411940601952355,0.13917082942824663,0.36546392071314476,0.27245641391030123,0.29989734209474533,0.556840971587657,0.7455083757068164,667.6639382388281,9.858576559746774,657.8053616790813
P2,P4,R_C_log,P00,"{""lambda"":0}",56603,576,ok,576,1.6125593557639606,1.269865881014196,0.9892463720828965,0.07605719683767909,1.582593810997146,1.7931402890050536,-0.21054647800790752,0.3342058016115883,0.31889067112930136,0.3603312319927639,-0.12837502147803503,0.9541745523015009,928.8341889200412,25.53397597528375,903.3002129447575
P2,P5,R_C_log,P00,"{""lambda"":0}",56582,494,ok,494,1.992710420830531,1.4116339542638279,1.0922433234334075,-0.016298160674409923,1.7801483863340175,1.6928819586658688,0.08726642766814888,0.3098952963352373,0.13491792962994376,0.14657435962034052,1.0431248442793322,0.43536617439973246,984.3989478902823,3.7620221225923687,980.6369257676901
P2,P1,R_C_log,P00,"{""lambda"":0.001}",56997,270,ok,270,1.0767341911250377,1.037658031879982,0.784947775638409,0.07724656354778492,1.7064488001878504,1.6691914553467473,0.037257344841103116,0.3433520882297083,0.2858972273794743,0.29835098017545,0.3165716874269162,0.8326648859295831,290.71823160376016,0.3747896310443957,290.34344197271577
P2,P3,R_C_log,P00,"{""lambda"":0.001}",56709,509,ok,509,1.3091675028906915,1.14418857837801,0.8728100883895794,0.0534212765048695,1.780364889623482,1.6413601826950204,0.13900470692846134,0.3593914042341287,0.2734542782648571,0.3020738697893182,0.5314842574113052,0.7608815209356338,666.366258971362,9.835055051068121,656.5312039202938
P2,P4,R_C_log,P00,"{""lambda"":0.001}",56603,576,ok,576,1.614867368529773,1.2707743184884455,0.9899742333651999,0.07473478239323905,1.582593810997146,1.7946316106975848,-0.21203779970043862,0.32864153476243924,0.31721589879636936,0.3587490181088854,-0.1496451764069333,0.9652337432810218,930.1636042731492,25.896976417038715,904.2666278561105
P2,P5,R_C_log,P00,"{""lambda"":0.001}",56582,494,ok,494,1.9892907272891471,1.410422180515163,1.0915662404104964,-0.014554089774870826,1.7801483863340175,1.6909390319310358,0.08920935440298172,0.3045276470206422,0.1350317445063608,0.14689673888620772,1.0303627771473827,0.44341374527879157,982.7096192808386,3.931404603020416,978.778214677818
P2,P1,R_C_log,P00,"{""lambda"":0.1}",56997,270,ok,270,1.08252931276005,1.0404466890523751,0.7920192771635908,0.07228018610064668,1.7064488001878504,1.6856086585372665,0.020840141650583975,0.1631986208261739,0.3041881642880953,0.3390043575368933,-1.4353804686679308,1.8639138170909673,292.28291444521346,0.11726410608442935,292.165650339129
P2,P3,R_C_log,P00,"{""lambda"":0.1}",56709,509,ok,509,1.291887375789109,1.1366122363361697,0.8735858399068837,0.06591547653468455,1.780364889623482,1.6524509156877616,0.12791397393572032,0.18452255289449598,0.3029288152085848,0.3529937504491477,-0.932447122932226,1.6416899205908435,657.5706742766564,8.328250226566322,649.2424240500902
P2,P4,R_C_log,P00,"{""lambda"":0.1}",56603,576,ok,576,1.7547206376422122,1.3246586872255857,1.0275949617071505,-0.005396482873548214,1.582593810997146,1.8349796548911743,-0.25238584389402846,0.17073159067727744,0.1764464834552869,0.19251923054648948,-0.3138080560103209,1.0334729662819806,1010.7190872819142,36.690401778106114,974.0286855038081
P2,P5,R_C_log,P00,"{""lambda"":0.1}",56582,494,ok,494,1.940590231056021,1.3930506922061454,1.0841373578603397,0.010283550570798994,1.7801483863340175,1.6485563477339575,0.1315920386000599,0.14269250624898136,0.13832624293493628,0.16178606195056516,0.18203639122560955,0.9694008926689777,958.6515741416744,8.55433352372231,950.097240617952
P2,P1,R_C_log,P02,"{""lambda"":0}",56997,270,ok,270,1.0853875024872846,1.041819323341281,0.791461096593486,0.06983073811749818,1.7064488001878504,1.6189326849239492,0.08751611526390135,0.3641681127824129,0.286973122125605,0.3013515016719315,0.4306913936589525,0.7880237507150136,293.05462567156684,2.067949016338806,290.986676655228
P2,P3,R_C_log,P02,"{""lambda"":0}",56709,509,ok,509,1.2787793235982532,1.1308312533699505,0.8542706143991927,0.07539310509094699,1.780364889623482,1.6853338980953978,0.09503099152808424,0.38317883642815775,0.2984883117362046,0.3296309029947523,0.4675249774729342,0.7789791172148102,650.8986757115109,4.596722679562706,646.3019530319482
P2,P4,R_C_log,P02,"{""lambda"":0}",56603,576,ok,576,1.5936935187449615,1.262415747186703,0.9839605941765556,0.08686669310647177,1.582593810997146,1.7766523628316913,-0.19405855183454523,0.36307760123393606,0.3308786193278561,0.38188375057702784,-0.036498853605314796,0.9113165290377313,917.9674667970978,21.691423607109627,896.2760431899881
P2,P5,R_C_log,P02,"{""lambda"":0}",56582,494,ok,494,2.016183415679868,1.4199237358674826,1.102548615547491,-0.028269574705033884,1.7801483863340175,1.6268789161354222,0.15326947019859546,0.31034951282700984,0.12893223520028987,0.1395545349298801,1.1042744880737536,0.4154420415415868,995.9946073458549,11.604816064509324,984.3897912813455
P2,P1,R_C_log,P02,"{""lambda"":0.001}",56997,270,ok,270,1.0814353907170462,1.039920857910373,0.7891561809670369,0.07321766940220109,1.7064488001878504,1.6255647195864376,0.08088408060141297,0.3554032566911802,0.28859582486456353,0.30123382220661526,0.3864519169645151,0.8120235800633996,291.9875554936025,1.766403313578685,290.22115218002375
P2,P3,R_C_log,P02,"{""lambda"":0.001}",56709,509,ok,509,1.2818326289319513,1.1321804754242812,0.8574526507634375,0.07318544727876408,1.780364889623482,1.6745030113985993,0.10586187822488269,0.3727745692097959,0.2954187990118654,0.3255771560014332,0.4533439245996511,0.7924864607531878,652.4528081263632,5.7042292660016445,646.7485788603615
P2,P4,R_C_log,P02,"{""lambda"":0.001}",56603,576,ok,576,1.5956953259678373,1.2632083462231547,0.9848053449185079,0.08571972423969287,1.582593810997146,1.7794688276769017,-0.1968750166797559,0.35106479164658383,0.3292473016558949,0.3794174554632986,-0.08628704471454873,0.9378533806014575,919.1205077574742,22.3256287829688,896.7948789745055
P2,P5,R_C_log,P02,"{""lambda"":0.001}",56582,494,ok,494,2.0143245299274306,1.4192690125298413,1.1027738304745034,-0.0273215281894148,1.7801483863340175,1.6244772574807547,0.1556711288532628,0.3040882699980831,0.1274423141170794,0.13720958289146706,1.099335736358341,0.4190964489287362,995.0763177841508,11.971349177073883,983.1049686070768
P2,P1,R_C_log,P02,"{""lambda"":0.1}",56997,270,ok,270,1.0818498057494004,1.0401200919842863,0.7922638805013883,0.0728625187082097,1.7064488001878504,1.6748454055623303,0.03160339462552049,0.16358275897007818,0.30711604621698074,0.34801079993163603,-1.437965086822486,1.8774353003372257,292.0994475523381,0.2696691290012219,291.8297784233369
P2,P3,R_C_log,P02,"{""lambda"":0.1}",56709,509,ok,509,1.2960701037734468,1.1384507471882332,0.876723154558222,0.06289120247701063,1.780364889623482,1.6384610992258146,0.14190379039766735,0.18471339222918298,0.3020079940216499,0.350423712081211,-0.898533179909764,1.6350086497622958,659.6996828206844,10.24957303617558,649.4501097845089
P2,P4,R_C_log,P02,"{""lambda"":0.1}",56603,576,ok,576,1.7503760566212723,1.3230177839399107,1.0265716347180727,-0.0029071826485953522,1.582593810997146,1.8321871300570127,-0.24959331905986668,0.17130088750809158,0.18134995721612684,0.19894708255024166,-0.35707540193721465,1.058663267039761,1008.2166086138528,35.88297115352855,972.3336374603243
P2,P5,R_C_log,P02,"{""lambda"":0.1}",56582,494,ok,494,1.9829837127472063,1.408184544989472,1.1074981547300502,-0.011337462205045723,1.7801483863340175,1.5842148623447596,0.19593352398925795,0.14537476073169556,0.10103382578839903,0.12071373897418454,0.6791368516774667,0.6949887675128671,979.5939540971199,18.96463323648747,960.6293208606326
P2,P1,R_C_log,S01,"{""lambda"":0}",1579,270,ok,270,78567.98817333594,280.2998183612254,280.29778870846656,-67331.19923696438,1.7064488001878504,282.0042375086544,-280.29778870846656,0.2906161290149294,0.18814424294767726,0.19457506930420035,-180.86247452126045,0.6473978013037675,21213356.806800704,21213049.595811162,307.2109895363493
P2,P3,R_C_log,S01,"{""lambda"":0}",1340,509,ok,509,1.3667668507786233,1.1690880423555035,0.9045978729807406,0.01177472090558751,1.780364889623482,1.6376895942160683,0.1426752954074136,0.2864676260683106,0.18947476145161435,0.1937288723513909,0.6971679872206717,0.661417710797214,695.6843270463193,10.361326119072706,685.3230009272465
P2,P4,R_C_log,S01,"{""lambda"":0}",1271,576,ok,576,2.6812658601383488,1.6374571323055602,1.296533202640788,-0.5362760359701635,1.582593810997146,2.545514546891086,-0.9629207358939398,0.295808333368793,0.1394325445906162,0.13034306466751416,0.3827372467030128,0.47136111076621207,1544.409135439689,534.0766139219672,1010.3325215177217
P2,P5,R_C_log,S01,"{""lambda"":0}",1354,494,ok,494,52.42647404032725,7.240612822153056,7.099043140949197,-25.737918656350786,1.7801483863340175,-5.31889475461518,7.099043140949197,0.3010756290501548,0.09183660041802778,0.06212512747517796,3.402562042949733,0.3050283435685497,25898.67817592166,24895.828277426575,1002.8498984950822
P2,P1,R_C_log,S01,"{""lambda"":0.001}",1579,270,ok,270,1.5210394374857572,1.2333042761158972,0.9651431429828479,-0.30351982828075474,1.7064488001878504,2.3269361522796537,-0.620487352091803,0.2845908926274775,0.18872401912299497,0.19597655247015502,0.16336097033361563,0.6631414567789072,410.68064812115443,103.9512296085922,306.7294185125623
P2,P3,R_C_log,S01,"{""lambda"":0.001}",1340,509,ok,509,1.3613175713061048,1.166755146252248,0.9012986241182347,0.015714760660374583,1.780364889623482,1.6534278369609519,0.12693705266253,0.2807820083088371,0.18912114524159937,0.1930081566657123,0.6666960759277927,0.6735515084484394,692.9106437948074,8.201524807372806,684.7091189874345
P2,P4,R_C_log,S01,"{""lambda"":0.001}",1271,576,ok,576,2.106058901094476,1.4512266883896794,1.1285527156773663,-0.206701606205568,1.582593810997146,2.1758479058561493,-0.5932540948590034,0.2944667342198031,0.13866578313114,0.13028221391591308,0.5579767022456363,0.4709047475211025,1213.089927030418,202.72344253457783,1010.3664844958404
P2,P5,R_C_log,S01,"{""lambda"":0.001}",1354,494,ok,494,11.752124526146938,3.4281371801821083,3.1386042566526253,-4.993676961332806,1.7801483863340175,-1.3359161504737995,3.116064536807817,0.287989481000055,0.07181837565631598,0.042611949011747335,2.1132971097071764,0.24937846829309118,5805.549515916588,4796.6699495903495,1008.8795663262378
P2,P1,R_C_log,S01,"{""lambda"":0.1}",1579,270,ok,270,1.202871226038122,1.0967548614153129,0.8640786125905038,-0.03085196568005233,1.7064488001878504,1.4753593798520295,0.23108942033582078,0.14232910491438147,0.12355523389379246,0.1254179572025067,0.425696185572068,0.8680953482291447,324.77523103029296,14.418626451609327,310.3566045786837
P2,P3,R_C_log,S01,"{""lambda"":0.1}",1340,509,ok,509,1.3815905847016692,1.1754108152904112,0.914591859078395,0.0010565881201911598,1.780364889623482,1.5830376850810415,0.1973272045424403,0.12142409557027406,0.1809941304593865,0.1946633862495667,-0.5793029172481758,1.49059484124085,703.2296076131496,19.81945505713984,683.4101525560097
P2,P4,R_C_log,S01,"{""lambda"":0.1}",1271,576,ok,576,1.9303227354901533,1.3893605491340804,1.0764720231905611,-0.10601063635997643,1.582593810997146,1.9187711029965497,-0.3361772919994037,0.22155495287381724,0.017670311522744852,0.01217757191059182,1.429560522004957,0.07975588581316269,1111.8658956423283,65.09673887388615,1046.7691567684424
P2,P5,R_C_log,S01,"{""lambda"":0.1}",1354,494,ok,494,2.142582057195205,1.4637561467659854,1.1725451174515094,-0.09273388700096752,1.7801483863340175,1.3855973820095757,0.39455100432444185,0.13932038320449627,0.02178242833414904,-0.002756375075568877,1.5635133543350956,0.15634774921754635,1058.4355362544313,76.90122453663231,981.5343117177991
P2,P1,R_C_log,S02,"{""lambda"":0}",1579,270,ok,270,363944.2369317534,603.2779101970777,603.2769558780946,-311896.5863066613,1.7064488001878504,604.9834046782825,-603.2769558780946,0.30326798566374635,0.1734393864389353,0.18006695947138546,-344.28440903298986,0.5719014028445432,98264943.97157341,98264633.08325592,310.88831750060797
P2,P3,R_C_log,S02,"{""lambda"":0}",1340,509,ok,509,2.0130446339201757,1.4188180411596745,1.149429532706324,-0.4555091046084281,1.780364889623482,0.924278996683104,0.8560858929403777,0.3300776719021266,0.2777300116505027,0.30886225884035745,1.002669097485112,0.8414080542014187,1024.6397186653694,373.03747555058567,651.6022431147834
P2,P4,R_C_log,S02,"{""lambda"":0}",1271,576,ok,576,2.0122378154019867,1.4185336849726151,1.1039839027900828,-0.15294524889654793,1.582593810997146,2.140532277058125,-0.557938466060979,0.28563785976229566,0.18730989537817078,0.19293936803558012,0.1789182716165656,0.6557600436232358,1159.0489816715442,179.30611118043544,979.7428704911088
P2,P5,R_C_log,S02,"{""lambda"":0}",1354,494,ok,494,12.022317409933638,3.4673213594839516,3.183802005380403,-5.131477480640217,1.7801483863340175,-1.3858355189263427,3.16598390526036,0.28713595613680354,0.10972305450167684,0.09515036226438164,2.309716707276268,0.3821292741526257,5939.024800507217,4951.586319653615,987.4384808536015
P2,P1,R_C_log,S02,"{""lambda"":0.001}",1579,270,ok,270,4.094861887655404,2.0235765089700473,1.7748611005421964,-2.509267105824113,1.7064488001878504,3.4231071503713832,-1.7166583501835329,0.29682894751105093,0.17573418117944517,0.1830007146390995,-0.3201626108761697,0.5920385550432293,1105.612709666959,795.6672906388092,309.94541902815
P2,P3,R_C_log,S02,"{""lambda"":0.001}",1340,509,ok,509,1.3496324183752486,1.1617368111475372,0.9005454109159442,0.024163578035318878,1.780364889623482,1.510821367325182,0.2695435222982999,0.2992879878420096,0.27777312527954795,0.3043076014756129,0.3781516702858192,0.9281131771522378,686.9629009530015,36.98073860020382,649.9821623527977
P2,P4,R_C_log,S02,"{""lambda"":0.001}",1271,576,ok,576,1.8685818445170321,1.366960805772072,1.064076199911274,-0.07063516216639587,1.582593810997146,1.9902716896049257,-0.40767787860777954,0.2844296647178811,0.18544629378454153,0.19134982690357596,0.28494959787464746,0.6519935041532366,1076.3031424418105,95.73192155873632,980.5712208830741
P2,P5,R_C_log,S02,"{""lambda"":0.001}",1354,494,ok,494,4.256057958936907,2.0630215604634157,1.751527636808449,-1.1706234032682437,1.7801483863340175,0.27900414551153924,1.5011442408224784,0.2793245042976804,0.1014376649436278,0.0879088987178294,1.6788270607974605,0.36315347698791245,2102.492631714832,1113.1964116867205,989.2962200281113
P2,P1,R_C_log,S02,"{""lambda"":0.1}",1579,270,ok,270,1.199588217658121,1.095257146819011,0.8605758025054399,-0.028038451175249612,1.7064488001878504,1.493780914655525,0.21266788553232538,0.1474240954970149,0.11007415369429052,0.1178392167146958,0.5911177586029992,0.7466496797772071,323.88881876769267,12.211459974933367,311.6773587927594
P2,P3,R_C_log,S02,"{""lambda"":0.1}",1340,509,ok,509,1.374473041885941,1.1723792227286958,0.9112729125925672,0.0062028467754492445,1.780364889623482,1.5829283109787522,0.19743657864472983,0.12443272582518915,0.200394495812435,0.22091078025550218,-0.7688850659826736,1.610464566162134,699.6067783199439,19.841432116750724,679.7653462031933
P2,P4,R_C_log,S02,"{""lambda"":0.1}",1271,576,ok,576,1.9199952460007077,1.385638930602308,1.0743275619449666,-0.10009332884853483,1.582593810997146,1.9191391165917746,-0.3365453055946286,0.21808793238701638,0.028348190870094648,0.02270129272172508,1.33313424031873,0.12998514204714598,1105.9172616964076,65.2393398054424,1040.677921890965
P2,P5,R_C_log,S02,"{""lambda"":0.1}",1354,494,ok,494,2.118244404561257,1.4554189790439236,1.164007787462393,-0.08032149062442562,1.7801483863340175,1.3954702709088027,0.3846781154252145,0.13271927501529926,0.048080773570849986,0.031140085075644895,1.274605464157232,0.3622742330781076,1046.412735853261,73.10076272862477,973.3119731246361
P2,P1,R_C_log,S03,"{""control_lambda"":0.001,""difference_penalty"":0.01,""n_knots"":3}",1579,270,ok,270,4.213408840182933,2.0526589683098684,1.8056644837182474,-2.610860989186745,1.7064488001878504,3.455196471921878,-1.748747671734027,0.29832364928780836,0.16579550637398804,0.1743781024174995,-0.21380140475396692,0.5557571676593314,1137.620386849392,825.6919732366986,311.92841361269313
P2,P3,R_C_log,S03,"{""control_lambda"":0.001,""difference_penalty"":0.01,""n_knots"":3}",1340,509,ok,509,1.3778464072471182,1.1738170246026927,0.912985461828912,0.003763773188291575,1.780364889623482,1.4528410074818239,0.32752388214165823,0.3243885411097208,0.28754626277074335,0.3144729373887966,0.49252962678607526,0.8864254630791171,701.3238212887832,54.6013937269297,646.7224275618535
P2,P4,R_C_log,S03,"{""control_lambda"":0.001,""difference_penalty"":0.01,""n_knots"":3}",1271,576,ok,576,1.8553638567231745,1.3621174166433576,1.0594057399489314,-0.0630616953970835,1.582593810997146,1.9773555962497151,-0.39476178525256894,0.2803858386012922,0.1869635395598316,0.19213516324452362,0.2640771445081831,0.6668080688115395,1068.6895814725485,89.76203544717814,978.9275460253702
P2,P5,R_C_log,S03,"{""control_lambda"":0.001,""difference_penalty"":0.01,""n_knots"":3}",1354,494,ok,494,3.862051850971953,1.9652103833869679,1.6515768866525475,-0.9696771550660721,1.7801483863340175,0.41595341427587396,1.3641949720581437,0.28047413757201156,0.10362386048599488,0.09025171052026403,1.6264704075273984,0.36945959218571284,1907.8536143801448,919.3477933636274,988.5058210165174
P2,P1,R_C_log,S03,"{""control_lambda"":0.1,""difference_penalty"":0.01,""n_knots"":3}",1579,270,ok,270,1.473604550671557,1.2139211468096092,0.9881387424149921,-0.2628684723785235,1.7064488001878504,1.1535307927174638,0.5529180074703868,0.1776477883260348,0.08637501931173189,0.08602033558623784,1.145584826386009,0.48621499949782004,397.87322868132037,82.54394720595612,315.32928147536416
P2,P3,R_C_log,S03,"{""control_lambda"":0.1,""difference_penalty"":0.01,""n_knots"":3}",1340,509,ok,509,1.301522679956027,1.1408429690172206,0.8748627623879661,0.058948779073381696,1.780364889623482,1.6143361671130247,0.1660287225104572,0.2228962686646404,0.28839081802823535,0.32342898000681464,-0.3083184723521786,1.293834211563833,662.4750440976178,14.030858179513288,648.4441859181045
P2,P4,R_C_log,S03,"{""control_lambda"":0.1,""difference_penalty"":0.01,""n_knots"":3}",1271,576,ok,576,1.843646469719553,1.3578094379254966,1.0541473264255403,-0.05634802290176344,1.582593810997146,1.8780541902331356,-0.2954603792359894,0.21184411899900166,0.09098219812047598,0.08757916907695458,0.7760125415988365,0.4294771011363539,1061.9403665584625,50.2829773622062,1011.6573891962563
P2,P5,R_C_log,S03,"{""control_lambda"":0.1,""difference_penalty"":0.01,""n_knots"":3}",1354,494,ok,494,1.9927900614495466,1.411662162647121,1.10522534302257,-0.01633877802341055,1.7801483863340175,1.5600131636471017,0.22013522268691577,0.14825556976582743,0.10237616919894058,0.08771951272020323,0.7028993369635794,0.6905384354911303,984.438290356076,23.93900103610449,960.4992893199715
P2,P1,R_C_log,S03,"{""control_lambda"":0.001,""difference_penalty"":1,""n_knots"":3}",1579,270,ok,270,3.0435428793585575,1.7445752719096295,1.4789773166666484,-1.6082942977628947,1.7064488001878504,3.088520313054768,-1.3820715128669174,0.28228149316969925,0.19191664863993113,0.19897341553766296,-0.39336462038763575,0.6798768367168744,821.7565774268105,515.7328500031275,306.02372742368306
P2,P3,R_C_log,S03,"{""control_lambda"":0.001,""difference_penalty"":1,""n_knots"":3}",1340,509,ok,509,1.316363094612428,1.1473286776736769,0.884042238641278,0.04821858547280977,1.780364889623482,1.5728176008608672,0.20754728876261488,0.3015989645083826,0.2823717345871535,0.3013912900981208,0.3078159540917602,0.9362490187837011,670.0288151577258,21.925621430010533,648.1031937277153
P2,P4,R_C_log,S03,"{""control_lambda"":0.001,""difference_penalty"":1,""n_knots"":3}",1271,576,ok,576,1.9028075612037303,1.3794229087570389,1.0728656503497473,-0.09024535791064237,1.582593810997146,2.0139417339645527,-0.43134792296740687,0.2815565212070571,0.16983355588918242,0.1710528778843894,0.3677937255063437,0.6031952489009714,1096.0171552533486,107.17115365341847,988.84600159993
P2,P5,R_C_log,S03,"{""control_lambda"":0.001,""difference_penalty"":1,""n_knots"":3}",1354,494,ok,494,5.633955141924294,2.37359540400724,2.062772918931446,-1.8733619236423613,1.7801483863340175,-0.11940179039235868,1.899550176726376,0.2787581735126084,0.07999986860684966,0.05614406382820194,1.8144151036913805,0.2869866293023019,2783.1738401106013,1782.4956917071959,1000.6781484034054
P2,P1,R_C_log,S03,"{""control_lambda"":0.1,""difference_penalty"":1,""n_knots"":3}",1579,270,ok,270,1.5646513030017417,1.2508602252057348,1.0294895329550386,-0.3408948825018141,1.7064488001878504,1.0611039226289998,0.6453448775588507,0.14997750578252578,0.12838647169491238,0.12452255671122786,0.7981033251970183,0.8560381840266011,422.4558518104703,112.44690296769097,310.0089488427793
P2,P3,R_C_log,S03,"{""control_lambda"":0.1,""difference_penalty"":1,""n_knots"":3}",1340,509,ok,509,1.3034585201848436,1.14169107913868,0.8778795549927622,0.0575490917387681,1.780364889623482,1.612536891812819,0.16782799781066302,0.18103410469839776,0.305709571341226,0.3368401077271371,-0.9427019202977358,1.6886849682303626,663.4603867740855,14.33661455621018,649.1237722178752
P2,P4,R_C_log,S03,"{""control_lambda"":0.1,""difference_penalty"":1,""n_knots"":3}",1271,576,ok,576,1.8629117356708325,1.3648852463378862,1.058589885284702,-0.06738637864542518,1.582593810997146,1.8773270857541595,-0.294733274757014,0.20939324542799356,0.06263681832039852,0.06126604618797439,1.021019843517935,0.2991348560091838,1073.0371597463995,50.03579707142026,1023.0013626749792
P2,P5,R_C_log,S03,"{""control_lambda"":0.1,""difference_penalty"":1,""n_knots"":3}",1354,494,ok,494,2.0437904756250975,1.4296120017770897,1.1311132588207822,-0.04234939480868505,1.7801483863340175,1.5101774678325164,0.26997091850150107,0.13285020842565862,0.04693765324517112,0.02492618366338761,1.2465836508036312,0.3533126052371749,1009.6324949587982,36.0048426372528,973.6276523215454
P2,P1,R_C_log,S03,"{""control_lambda"":0.001,""difference_penalty"":0.01,""n_knots"":5}",1579,270,ok,270,5.204277729977403,2.2812886117230766,2.0486953541258517,-3.46002848165403,1.7064488001878504,3.7144175327572344,-2.007968732569384,0.30985169298520837,0.1473636409119393,0.15476252086851353,-0.060106309518710876,0.47559411243550664,1405.1549870938989,1088.6233763636003,316.53161073029844
P2,P3,R_C_log,S03,"{""control_lambda"":0.001,""difference_penalty"":0.01,""n_knots"":5}",1340,509,ok,509,1.3838815549088364,1.1763849518371257,0.9157384614034039,-0.0005998719198552216,1.780364889623482,1.4299413707814894,0.35042351884199247,0.3333828998237398,0.2989520556940159,0.3192236447108502,0.4981038242147382,0.8967228248721585,704.3957114485977,62.50349106182056,641.8922203867771
P2,P4,R_C_log,S03,"{""control_lambda"":0.001,""difference_penalty"":0.01,""n_knots"":5}",1271,576,ok,576,1.938636600556266,1.3923493098200128,1.0858020162920081,-0.11077420414235961,1.582593810997146,2.064939500455003,-0.482345689457857,0.2901301184155695,0.18389370060569982,0.18673318887319026,0.2737694519843805,0.6338318186679901,1116.6546819204093,134.01064174381943,982.6440401765898
P2,P5,R_C_log,S03,"{""control_lambda"":0.001,""difference_penalty"":0.01,""n_knots"":5}",1354,494,ok,494,3.8964703298882135,1.9739479045527553,1.6611610430384893,-0.9872308530094129,1.7801483863340175,0.4020213445690228,1.378127041764995,0.2854876271228126,0.11015687202585234,0.10135346295088732,1.6250263789403312,0.38585515293965594,1924.8563429647775,938.2216667625044,986.6346762022732
P2,P1,R_C_log,S03,"{""control_lambda"":0.1,""difference_penalty"":0.01,""n_knots"":5}",1579,270,ok,270,1.3755001003946274,1.1728171640944838,0.9422248792233333,-0.17879366601456392,1.7064488001878504,1.2689938348436205,0.43745496534423006,0.19501700886916995,0.059579355072482146,0.05672516071137409,1.3187603892674464,0.3055085062475337,371.3850271065494,51.66904861016681,319.7159784963826
P2,P3,R_C_log,S03,"{""control_lambda"":0.1,""difference_penalty"":0.01,""n_knots"":5}",1340,509,ok,509,1.2938510969356438,1.1374757566364408,0.8708236782197959,0.0644956302185461,1.780364889623482,1.6120889901758457,0.16827589944763607,0.23181701336791904,0.299177531220235,0.3368523949807289,-0.3001588699621309,1.290576247505214,658.5702083402427,14.413240172469662,644.156968167773
P2,P4,R_C_log,S03,"{""control_lambda"":0.1,""difference_penalty"":0.01,""n_knots"":5}",1271,576,ok,576,1.8550444031327993,1.3620001479929433,1.0596018574483392,-0.06287865912947788,1.582593810997146,1.8901497513744685,-0.30755594037732276,0.22467460378388585,0.09301744273808557,0.08276419218850792,0.800053669370817,0.4140095995342622,1068.5055762044924,54.48421812175448,1014.0213580827377
P2,P5,R_C_log,S03,"{""control_lambda"":0.1,""difference_penalty"":0.01,""n_knots"":5}",1354,494,ok,494,1.9858876006365602,1.409215242834309,1.098779334051753,-0.012818468120358473,1.7801483863340175,1.576085852175176,0.20406253415884168,0.16099309989051028,0.10664374855569834,0.10048631896911514,0.7361303294367207,0.6624119209346586,981.0284747144608,20.570909816580244,960.4575648978806
P2,P1,R_C_log,S03,"{""control_lambda"":0.001,""difference_penalty"":1,""n_knots"":5}",1579,270,ok,270,2.833264606085034,1.6832304079017328,1.4125015665772547,-1.428087334081689,1.7064488001878504,3.001481273051191,-1.2950324728633404,0.29183648649944605,0.16165149590817826,0.1777828803155594,0.043894732500946,0.5539111913221486,764.9814436429592,452.8194585580454,312.1619850849139
P2,P3,R_C_log,S03,"{""control_lambda"":0.001,""difference_penalty"":1,""n_knots"":5}",1340,509,ok,509,1.4016342156871266,1.1839063373794088,0.922647930057787,-0.013435732068424189,1.780364889623482,1.4257377274228946,0.3546271622005873,0.33125480876217667,0.2825976567040221,0.30561478322439317,0.5640500462260063,0.8531126167195118,713.4318157847474,64.01205590275481,649.4197598819926
P2,P4,R_C_log,S03,"{""control_lambda"":0.001,""difference_penalty"":1,""n_knots"":5}",1271,576,ok,576,1.914009205533661,1.3834772154009842,1.0738762479396788,-0.09666352703119574,1.582593810997146,2.036027873155179,-0.4534340621580333,0.27948273081050096,0.17756092631122655,0.1782044921869006,0.28906489024950766,0.6353198489090871,1102.4693023873888,118.42701046567787,984.0422919217111
P2,P5,R_C_log,S03,"{""control_lambda"":0.001,""difference_penalty"":1,""n_knots"":5}",1354,494,ok,494,5.485903144320467,2.3422004919136334,2.037119392931968,-1.7978542275536187,1.7801483863340175,-0.08610622379724847,1.866254610131266,0.28052512950232245,0.10186255781772713,0.08709799814665317,1.8114147481589775,0.3631138429503294,2710.0361532943107,1720.5556972990846,989.4804559952261
P2,P1,R_C_log,S03,"{""control_lambda"":0.1,""difference_penalty"":1,""n_knots"":5}",1579,270,ok,270,1.4717428491088989,1.2131540912468204,0.9850468335055632,-0.26127300756580474,1.7064488001878504,1.1563623618558816,0.5500864383319691,0.1671633304173491,0.07774546285572878,0.07968393660403171,1.1686398989953748,0.46508682652843325,397.3705692594027,81.70067420192285,315.6698950574798
P2,P3,R_C_log,S03,"{""control_lambda"":0.1,""difference_penalty"":1,""n_knots"":5}",1340,509,ok,509,1.3102696561288736,1.144670107991326,0.8784721668147379,0.05262437709895629,1.780364889623482,1.603070229264733,0.1772946603587489,0.23153837944243194,0.27848937975440735,0.3126673482276559,-0.1477734817590901,1.2027784785616882,666.9272549695967,15.999598865187583,650.927656104409
P2,P4,R_C_log,S03,"{""control_lambda"":0.1,""difference_penalty"":1,""n_knots"":5}",1271,576,ok,576,1.8582327441263584,1.3631701082866945,1.0561976484591171,-0.06470547232832025,1.582593810997146,1.8911369869436807,-0.30854317594653463,0.21096230710509872,0.08140178514771615,0.07483038628673383,0.8528808646014803,0.3858593805914479,1070.3420606167824,54.83456145974836,1015.507499157034
P2,P5,R_C_log,S03,"{""control_lambda"":0.1,""difference_penalty"":1,""n_knots"":5}",1354,494,ok,494,2.0169645564398206,1.4201987735665105,1.1184147444453096,-0.02866796270424765,1.7801483863340175,1.5162897541724305,0.26385863216158706,0.14369133152627345,0.09564492182704608,0.0816299440864138,0.770864016396533,0.6656276395459374,996.3804908812714,34.39296061649475,961.9875302647768
P2,P1,R_C_log,S04,"{""control_lambda"":0.001}",1579,270,ok,270,1.2850671540210223,1.1336080248573677,0.8733860220868565,-0.10129328316933073,1.7064488001878504,2.054213272321186,-0.34776447213333533,0.3054468546622733,0.1565727620760787,0.1748796120559583,0.6534543396742778,0.5126023060515656,346.968131585676,32.65383458110789,314.31429700456806
P2,P3,R_C_log,S04,"{""control_lambda"":0.001}",1340,509,ok,509,1.370137307213185,1.1705286443369018,0.9091102148483958,0.009337750584846316,1.780364889623482,1.5688295592693005,0.21153533035418146,0.2809426616362617,0.21467099702367518,0.2305288327920381,0.5816070943955443,0.7641096434887882,697.3998893715112,22.776322757918816,674.6235666135924
P2,P4,R_C_log,S04,"{""control_lambda"":0.001}",1271,576,ok,576,2.240823989538172,1.496938204983149,1.1696497741830605,-0.2839175134154437,1.582593810997146,2.2651207038957786,-0.6825268928986323,0.32834729761587106,0.13827879139198493,0.1344949098768849,0.6286704634747307,0.4211357681212148,1290.714617973987,268.3255446892,1022.3890732847867
P2,P5,R_C_log,S04,"{""control_lambda"":0.001}",1354,494,ok,494,26.529993658478727,5.150727488275683,4.953944658760336,-12.530507732567676,1.7801483863340175,-3.1737962724263182,4.953944658760336,0.3023306652196559,0.12782489517162707,0.11361487487131142,3.1220240955818497,0.42279831282995023,13105.816867288491,12123.53443493767,982.28243235082
P2,P1,R_C_log,S04,"{""control_lambda"":0.1}",1579,270,ok,270,1.1978050089206052,1.0944427846720015,0.8287239943905135,-0.026510254147592116,1.7064488001878504,1.860618480237912,-0.15416968005006174,0.1680746867629739,0.06576867681460803,0.08540754873316651,0.9783771443136595,0.3913062584335368,323.4073524085634,6.417438366619369,316.98991404194396
P2,P3,R_C_log,S04,"{""control_lambda"":0.1}",1340,509,ok,509,1.3815379963054277,1.1753884448578809,0.9129172646111278,0.0010946115640017018,1.780364889623482,1.5802772057760792,0.20008768384740278,0.13270910967233518,0.1795401655312126,0.20125709059369598,-0.3575684580627829,1.3528850127508605,703.2028401194627,20.377856344755866,682.8249837747067
P2,P4,R_C_log,S04,"{""control_lambda"":0.1}",1271,576,ok,576,1.9652785408645075,1.4018839256031532,1.0910224552751222,-0.12603914860601173,1.582593810997146,1.960013417484443,-0.3774196064872971,0.24597046206536666,0.03268457665277292,0.019863949536605037,1.3221470555358779,0.1328800880330379,1132.0004395379563,82.0486421919511,1049.9517973460052
P2,P5,R_C_log,S04,"{""control_lambda"":0.1}",1354,494,ok,494,2.2373085853379284,1.4957635459316183,1.205678708372861,-0.14104516961994373,1.7801483863340175,1.2307365288578849,0.5494118574761326,0.1533127223883628,0.1187352538617635,0.1144384177666393,0.8269866922854698,0.7744644541696306,1105.2304411569366,149.1155742328749,956.114866924062
P2,P1,R_C_log,G05,"{""max_leaf_nodes"":7,""min_samples_leaf"":20}",56997,270,ok,270,0.9840053107784485,0.9919704182980703,0.7472113135669363,0.1567145452497284,1.7064488001878504,1.7224121491261142,-0.015963348938263712,0.42244302337953393,0.3969660059282468,0.4284279464729662,0.08791320234323363,0.9396912339858957,265.6814339101811,0.0688036975176866,265.6126302126634
P2,P3,R_C_log,G05,"{""max_leaf_nodes"":7,""min_samples_leaf"":20}",56709,509,ok,509,1.1642652645232454,1.0790112439280906,0.7631350979128471,0.15819119748334376,1.780364889623482,1.666420064663659,0.11394482495982275,0.4810737638769485,0.41470841964926874,0.44242661324484284,0.3438316937178625,0.8620474671226198,592.6110196423319,6.608562375778444,586.0024572665536
P2,P4,R_C_log,G05,"{""max_leaf_nodes"":7,""min_samples_leaf"":20}",56603,576,ok,576,1.3524443477963406,1.1629464079639873,0.8772615868007567,0.2250944330467819,1.582593810997146,1.7766444127637104,-0.1940506017665644,0.4438220110291327,0.499803778087368,0.4808196052640214,-0.4181487564074904,1.1261356256946902,779.0079443306922,21.689646362476285,757.3182979682159
P2,P5,R_C_log,G05,"{""max_leaf_nodes"":7,""min_samples_leaf"":20}",56582,494,ok,494,1.84538947878122,1.3584511322757327,1.0043700638214141,0.05883669126816915,1.7801483863340175,1.635435858619185,0.14471252771483242,0.38226010728285403,0.28205915069865894,0.2937981135428594,0.5734055415648991,0.7378723160613486,911.6224025179226,10.345207544742374,901.2771949731805
P2,P1,R_C_log,G05,"{""max_leaf_nodes"":7,""min_samples_leaf"":50}",56997,270,ok,270,0.9871966748060526,0.9935777145276823,0.7477818099044305,0.15397956929399625,1.7064488001878504,1.7345505054039592,-0.028101705216108643,0.41990891742884306,0.3941090873505121,0.42648013583545724,0.07847166449397491,0.938558508744452,266.5431021976342,0.2132205757343283,266.32988162189986
P2,P3,R_C_log,G05,"{""max_leaf_nodes"":7,""min_samples_leaf"":50}",56709,509,ok,509,1.159489095040428,1.076795753632242,0.760315136001734,0.16164455268980826,1.780364889623482,1.6757276001889139,0.10463728943456797,0.4792721112104101,0.4165304250425493,0.44406987998026504,0.32400739826136316,0.8690896367631206,590.1799493755778,5.573021831168696,584.6069275444092
P2,P4,R_C_log,G05,"{""max_leaf_nodes"":7,""min_samples_leaf"":50}",56603,576,ok,576,1.3426358485562575,1.1587216441217698,0.8699160210543133,0.2307143764307602,1.582593810997146,1.7706858903422353,-0.1880920793450892,0.4519537941091301,0.5036437255612829,0.4804643954014604,-0.39060533067313075,1.1143699469412387,773.3582487684043,20.378091059918976,752.9801577084852
P2,P5,R_C_log,G05,"{""max_leaf_nodes"":7,""min_samples_leaf"":50}",56582,494,ok,494,1.8519742414090816,1.3608726029313256,1.0079844229463892,0.05547840996586928,1.7801483863340175,1.5958301874631369,0.1843181988708806,0.3859062569101148,0.2872830466919795,0.29528161752689336,0.5921527266413951,0.7444373900340601,914.8752752560863,16.782760026892714,898.0925152291936
P2,P1,R_C_log,G05,"{""max_leaf_nodes"":15,""min_samples_leaf"":20}",56997,270,ok,270,0.9834258325953859,0.9916782908763234,0.7496768889221627,0.15721115387345141,1.7064488001878504,1.7380910579438495,-0.03164225775599878,0.4318773794445526,0.39894110013766276,0.4299198021447051,0.10090983982983004,0.9237369659201645,265.5249748007542,0.2703327684922075,265.25464203226187
P2,P3,R_C_log,G05,"{""max_leaf_nodes"":15,""min_samples_leaf"":20}",56709,509,ok,509,1.1560539683922164,1.0751995016703721,0.7549780935725251,0.16412828207548935,1.780364889623482,1.6624312885946182,0.1179336010288638,0.5086485017001009,0.42554715322995956,0.448082185257795,0.38953625268204983,0.836623231578616,588.4314699116381,7.079342134082329,581.3521277775558
P2,P4,R_C_log,G05,"{""max_leaf_nodes"":15,""min_samples_leaf"":20}",56603,576,ok,576,1.3470187546598886,1.160611371071251,0.8665982296168336,0.2282031172098754,1.582593810997146,1.7831770650026384,-0.20058325400549268,0.4680474518573401,0.5024320389540118,0.48535304087191816,-0.3315823799638984,1.073463891236293,775.8828026840959,23.17457766956083,752.708225014535
P2,P5,R_C_log,G05,"{""max_leaf_nodes"":15,""min_samples_leaf"":20}",56582,494,ok,494,1.849185726071092,1.3598476848791161,1.0046792962448943,0.056900574962542416,1.7801483863340175,1.5910353108698745,0.18911307546414308,0.3766338314095419,0.2880694715013355,0.2866429569798355,0.5632404430752691,0.764852882236424,913.4977486791195,17.667295123884298,895.8304535552352
P2,P1,R_C_log,G05,"{""max_leaf_nodes"":15,""min_samples_leaf"":50}",56997,270,ok,270,0.9832687812271085,0.9915991030790158,0.7466004390814821,0.1573457457634202,1.7064488001878504,1.7463355169134174,-0.039886716725567,0.4318575921490174,0.3996805483552594,0.43281070358947127,0.09023005192192857,0.9254915407793618,265.4825709313193,0.42955654620931905,265.05301438511003
P2,P3,R_C_log,G05,"{""max_leaf_nodes"":15,""min_samples_leaf"":50}",56709,509,ok,509,1.1514131065883804,1.0730391915435245,0.7539857754033067,0.16748380459838474,1.780364889623482,1.6732903053362693,0.1070745842872127,0.5048323195191594,0.42650705286072554,0.4495318837258714,0.3666873394437522,0.8448489456201284,586.0692712534856,5.835667999542223,580.2336032539432
P2,P4,R_C_log,G05,"{""max_leaf_nodes"":15,""min_samples_leaf"":50}",56603,576,ok,576,1.3343143876672519,1.1551252692531888,0.8605156459644555,0.23548229636667528,1.582593810997146,1.770218007187302,-0.1876241961901558,0.4766433962933588,0.5065015917928924,0.48542073053541346,-0.2985153062871957,1.0626426291263609,768.5650872963371,20.276835261697194,748.2882520346398
P2,P5,R_C_log,G05,"{""max_leaf_nodes"":15,""min_samples_leaf"":50}",56582,494,ok,494,1.853156430576046,1.3613068833206001,0.9975763120373564,0.0548754840899387,1.7801483863340175,1.6177808710687938,0.16236751526522383,0.39053951557869643,0.2827396911916255,0.28545843883846483,0.6089202630443058,0.7239720435783957,915.4592767045667,13.02342574662093,902.4358509579458
P2,P1,R_C_log,S05,"{""max_leaf_nodes"":7,""min_samples_leaf"":20}",1579,270,ok,270,1.1357763070390008,1.0657280643011147,0.8064404589920736,0.026647896017691797,1.7064488001878504,1.5582695027916509,0.1481792973961996,0.5024049381673292,0.29644981090894035,0.27186915049764326,0.7869739615589788,0.5900614989779533,306.6596029005302,5.928418127744468,300.73118477278575
P2,P3,R_C_log,S05,"{""max_leaf_nodes"":7,""min_samples_leaf"":20}",1340,509,ok,509,1.2024794212292549,1.0965762268211248,0.7837915511348976,0.13056088463617443,1.780364889623482,1.819339483990088,-0.03897459436660617,0.5420619112658488,0.39247390465224385,0.409136309612624,0.46309234873950755,0.7240388901993132,612.0620254056907,0.7731806740751181,611.2888447316157
P2,P4,R_C_log,S05,"{""max_leaf_nodes"":7,""min_samples_leaf"":20}",1271,576,ok,576,1.6728641233717978,1.2933924862050954,1.007995688110106,0.04150457350106962,1.582593810997146,1.9300354734569192,-0.3474416624597729,0.40454813328856926,0.3390571154370233,0.34271164075634736,-0.03499432369990951,0.8381131626558999,963.5697350621556,69.532248276179,894.0374867859766
P2,P5,R_C_log,S05,"{""max_leaf_nodes"":7,""min_samples_leaf"":20}",1354,494,ok,494,1.8840816463360606,1.372618536351619,1.0122534429722434,0.03910337813474285,1.7801483863340175,1.7357507963133827,0.0443975900206348,0.41957112496738475,0.2575827962330925,0.2683011853035379,0.714537534984385,0.6139192639939546,930.7363332900139,0.973746123822343,929.7625871661917
P2,P1,R_C_log,S05,"{""max_leaf_nodes"":7,""min_samples_leaf"":50}",1579,270,ok,270,1.1453927607509016,1.0702302372624788,0.8065842763592187,0.01840666453987605,1.7064488001878504,1.6015061866533002,0.10494261353455006,0.5334615101084106,0.2928288751318496,0.2721165799160266,0.827346472713316,0.5489222175979303,309.25604540274344,2.973497076574721,306.2825483261687
P2,P3,R_C_log,S05,"{""max_leaf_nodes"":7,""min_samples_leaf"":50}",1340,509,ok,509,1.227565823298753,1.1079556955486771,0.7929499520075249,0.11242244597527096,1.780364889623482,1.78915391911194,-0.00878902948845834,0.5343531735845728,0.37242373805082724,0.36398248550624496,0.5333929926773209,0.6969617782046974,624.8310040590652,0.03931874302863605,624.7916853160366
P2,P4,R_C_log,S05,"{""max_leaf_nodes"":7,""min_samples_leaf"":50}",1271,576,ok,576,1.5874146845567871,1.259926459979624,0.9735608777929325,0.09046425597426766,1.582593810997146,1.8561532195236734,-0.27355940852652766,0.3874961973300039,0.365804077798326,0.37469369530930674,-0.16965155656707664,0.9440197873394764,914.3508583047094,43.10481599618899,871.2460423085205
P2,P5,R_C_log,S05,"{""max_leaf_nodes"":7,""min_samples_leaf"":50}",1354,494,ok,494,1.8795904240142962,1.370981554950429,1.0168302428253317,0.041393937233082156,1.7801483863340175,1.724117174810248,0.056031211523769525,0.4055286223119333,0.25577549597977695,0.2806887443242848,0.6927111470085647,0.6307211918152451,928.5176694630624,1.5509113524217728,926.9667581106407
P2,P1,R_C_log,S05,"{""max_leaf_nodes"":15,""min_samples_leaf"":20}",1579,270,ok,270,1.1539382494871215,1.0742151783917044,0.7987458218891818,0.011083242322484255,1.7064488001878504,1.6351237058399137,0.07132509434793685,0.5301341661338143,0.27963225941726133,0.26884117746747066,0.8439627249641547,0.5274745098143279,311.5633273615228,1.3735626526103653,310.18976470891243
P2,P3,R_C_log,S05,"{""max_leaf_nodes"":15,""min_samples_leaf"":20}",1340,509,ok,509,1.2505198685946806,1.1182664568852454,0.801268193311756,0.09582578370914152,1.780364889623482,1.8080029292007054,-0.02763803957722337,0.603207796937602,0.3814918619563419,0.38429312397811466,0.6369141461400616,0.6324385458760983,636.5146131146925,0.38880536692113216,636.1258077477713
P2,P4,R_C_log,S05,"{""max_leaf_nodes"":15,""min_samples_leaf"":20}",1271,576,ok,576,1.6916379923026876,1.3006298444610163,0.9946956565909544,0.03074777188368638,1.582593810997146,1.8764610666685766,-0.29386725567143057,0.41994511105458315,0.30549457363329935,0.3072637290904365,0.2175376205301638,0.7274631031330002,974.3834835663481,49.742187238574175,924.6412963277741
P2,P5,R_C_log,S05,"{""max_leaf_nodes"":15,""min_samples_leaf"":20}",1354,494,ok,494,1.9629183602936522,1.4010418838470362,1.0412348123869097,-0.0011039728938735394,1.7801483863340175,1.672247510041481,0.10790087629253627,0.46562088993166856,0.23800119707350098,0.24803439258618376,0.9253823786244815,0.5111480223931283,969.6816699850642,5.751443957720424,963.9302260273437
P2,P1,R_C_log,S05,"{""max_leaf_nodes"":15,""min_samples_leaf"":50}",1579,270,ok,270,1.261480587709889,1.1231565285880187,0.8380315679765046,-0.08107976594558064,1.7064488001878504,1.7133998530947683,-0.006951052906917775,0.606123623105132,0.2362121166892528,0.23964264609132513,1.0387206493509207,0.389709471277746,340.59975868167,0.013045626858987915,340.586713054811
P2,P3,R_C_log,S05,"{""max_leaf_nodes"":15,""min_samples_leaf"":50}",1340,509,ok,509,1.2538621412636592,1.119759858748142,0.7940938157924275,0.09340919134064107,1.780364889623482,1.8012792372684094,-0.020914347644927844,0.5849368158339436,0.3725842880434456,0.35341646549858247,0.6330130320929135,0.636965015635497,638.2158299032026,0.2226416581431655,637.9931882450594
P2,P4,R_C_log,S05,"{""max_leaf_nodes"":15,""min_samples_leaf"":50}",1271,576,ok,576,1.5881245912943602,1.2602081539548775,0.9692372419854218,0.090057503057699,1.582593810997146,1.7841975481497547,-0.20160373715260885,0.41686815554710566,0.3443825763087871,0.34870232805335233,0.10863486234772846,0.8261186941871654,914.7597645855515,23.410982496325364,891.348782089226
P2,P5,R_C_log,S05,"{""max_leaf_nodes"":15,""min_samples_leaf"":50}",1354,494,ok,494,1.9068805313908013,1.3808984507887614,1.0225294032880243,0.027475765459890056,1.7801483863340175,1.679106678489855,0.10104170784416261,0.45077651982893396,0.26163976463682637,0.2804807938965189,0.8055610756929761,0.5804201264434015,941.9989825070559,5.043456801688166,936.9555257053677
P3,P1,E_log,B00,{},3673,270,ok,270,4.442518091828239,2.1077281826241823,1.8831960341616112,-0.11948365425637975,2.2553727869836906,2.9439616152923453,-0.6885888283086554,2.2292793696323624e-16,,,,,1199.4798847936245,128.02173510730148,1071.4581496863234
P3,P2,E_log,B00,{},1340,2603,ok,2603,5.631285794514037,2.373033036962199,2.002796514008349,-0.07176377990021465,3.1054919247043675,2.4914374518275473,0.6140544728768194,3.874770372831061e-16,,,,,14658.23692312004,981.4947174030541,13676.742205716988
P3,P4,E_log,B00,{},3367,576,ok,576,5.322896914794628,2.307140419392506,2.0642151108658373,-0.10861284676333582,2.2801567263537543,3.0023021654513276,-0.7221454390975731,0.0,,,,,3065.9886229217054,300.3805642806298,2765.6080586410753
P3,P5,E_log,B00,{},3449,494,ok,494,4.780005681506972,2.1863224102375596,1.9103578672115498,-0.0002461055235365439,2.866812264339182,2.9011065256221604,-0.03429426128297764,4.062930982295195e-16,,,,,2361.322806664444,0.5809916003308988,2360.7418150641133
P3,P1,E_log,B01,"{""lambda"":0}",3673,270,ok,270,4.523295861521501,2.1268041427271815,1.5936622250228787,-0.13983909027930408,2.2553727869836906,1.5355053265999175,0.719867460383773,0.345332247757448,0.15926745220860578,0.19754793708065188,1.5471967541676608,0.4612006357439021,1221.2898826108053,139.9164733402334,1081.3734092705718
P3,P2,E_log,B01,"{""lambda"":0}",1340,2603,ok,2603,302.4267835340694,17.390422178143616,17.230305935488353,-56.55880352925857,3.1054919247043675,20.335797860192724,-17.230305935488353,0.2968420110872611,0.05573561499515599,0.044471428619802675,-0.7127957765665642,0.18776188313443168,787216.9175391826,772787.6011672571,14429.316371925264
P3,P4,E_log,B01,"{""lambda"":0}",3367,576,ok,576,12.292202883784263,3.506023799660274,3.023301952716941,-1.5601273611195485,2.2801567263537543,4.9610265119872885,-2.6808697856335346,0.5190312939184896,0.19857510775590548,0.18420606576552007,0.3821278680928706,0.382587928864055,7080.308861059735,4139.7481771331295,2940.5606839266056
P3,P5,E_log,B01,"{""lambda"":0}",3449,494,ok,494,9.631986938164124,3.103544254262234,2.3738884370251125,-1.0155535506214828,2.866812264339182,0.6597326311102139,2.207079633228968,0.17825492285857908,0.09971803285509437,0.10517320574747523,2.4977495807979295,0.5594125046083973,4758.201547453077,2406.373050662574,2351.8284967905047
P3,P1,E_log,B01,"{""lambda"":0.001}",3673,270,ok,270,4.236384034163807,2.0582478067919343,1.5871559775120152,-0.06753930572005085,2.2553727869836906,1.7705994328414325,0.4847733541422582,0.343258408007104,0.1595105949102792,0.19803055838422645,1.4325834181228563,0.4646953758142991,1143.823689224228,63.451405319310524,1080.3722839049176
P3,P2,E_log,B01,"{""lambda"":0.001}",1340,2603,ok,2603,22.70170257573156,4.764630371364767,4.215808137342713,-3.3206584518298587,3.1054919247043675,7.301706117920635,-4.196214193216268,0.19361851681773434,0.17580834080138583,0.16894434171491254,-3.524560090513711,0.9080140871386058,59092.53180462925,45834.179884575155,13258.351920054094
P3,P4,E_log,B01,"{""lambda"":0.001}",3367,576,ok,576,11.423424627546488,3.3798557110543177,2.9061743806288423,-1.379184774541013,2.2801567263537543,4.7946549473484525,-2.5144982209946978,0.5172672633961274,0.19837444809423832,0.18414493410150345,0.4413838205683549,0.3835047414209192,6579.892585466777,3641.875950750048,2938.0166347167296
P3,P5,E_log,B01,"{""lambda"":0.001}",3449,494,ok,494,8.800710147564839,2.966599087771187,2.259190103709015,-0.8416036794684214,2.866812264339182,0.856257558545325,2.0105547057938566,0.17761882317907943,0.10085548814193504,0.10516540926266223,2.3806122518819333,0.5678198196384299,4347.5508128970305,1996.9111311449717,2350.639681752059
P3,P1,E_log,B01,"{""lambda"":0.1}",3673,270,ok,270,3.9440703853373127,1.985968374707239,1.68844579139177,0.006121700270952379,2.2553727869836906,2.374060365350127,-0.1186875783664366,0.27031859559785537,0.15304830216186702,0.19260732950145779,0.9112332639774479,0.5661774833631952,1064.8990040410745,3.8034201397920384,1061.0955839012827
P3,P2,E_log,B01,"{""lambda"":0.1}",1340,2603,ok,2603,5.099867590088253,2.25828864188975,1.956411839540711,0.029377381153628535,3.1054919247043675,2.8557395258862055,0.24975239881816183,0.14366675530251374,0.2153913792531993,0.20263626193994422,-1.1759556097186823,1.499243014152144,13274.955336999721,162.3654066422543,13112.589930357466
P3,P4,E_log,B01,"{""lambda"":0.1}",3367,576,ok,576,6.704833132972122,2.5893692538863826,2.2600923803382114,-0.39643210559980346,2.2801567263537543,3.6218728839940986,-1.3417161576403436,0.4284876224053493,0.18915609594641597,0.1731791641415986,0.681278955031795,0.44145054852360316,3861.983884591942,1036.9164946597443,2825.067389932198
P3,P5,E_log,B01,"{""lambda"":0.1}",3449,494,ok,494,4.665724770999937,2.1600288819828166,1.864680674873547,0.02366789025111038,2.866812264339182,2.5623695713181056,0.30444269302107624,0.14976907348997967,0.21864879836286225,0.2195350436330436,-0.8740069493668465,1.459906196037802,2304.868036873969,45.78656454695908,2259.0814723270096
P3,P1,E_log,G02,"{""lambda"":0}",59235,270,ok,270,3.797575577171387,1.948736918409303,1.6478382318493088,0.04303737282090647,2.2553727869836906,2.185230827415625,0.07014195956806596,0.17229589372400295,0.21463955234977108,0.24269235236748588,-0.46690315610262356,1.2457612756204013,1025.3454058362745,1.328371512853014,1024.0170343234215
P3,P2,E_log,G02,"{""lambda"":0}",56709,2603,ok,2603,5.186499397793652,2.2773887234711716,1.9079181577711806,0.012889346790964984,3.1054919247043675,2.9193859541822693,0.1861059705220984,0.4110512582805165,0.22922251523589027,0.25502746348547567,1.4774979023498365,0.5576494673553837,13500.457932456875,90.15603018311953,13410.301902273755
P3,P4,E_log,G02,"{""lambda"":0}",58850,576,ok,576,4.354956625707759,2.086853283225191,1.8473828824470422,0.09298246055869641,2.2801567263537543,2.7041881357854134,-0.4240314094316594,0.2829224701004817,0.3719667835669871,0.36682805649370437,-1.275121730924195,1.314730439879451,2508.455016407669,103.56631844232936,2404.88869796534
P3,P5,E_log,G02,"{""lambda"":0}",58824,494,ok,494,4.399914084556161,2.0975972169499464,1.8020534799422734,0.0792904400214075,2.866812264339182,2.599969036786633,0.2668432275525485,0.25475352285853137,0.3122428926918358,0.3229823525325005,-0.3198830317501349,1.2256666333333852,2173.5575577707436,35.17542219678663,2138.382135573957
P3,P1,E_log,G02,"{""lambda"":0.001}",59235,270,ok,270,3.7977526183803145,1.948782342484741,1.6488092000980028,0.0429927596678642,2.2553727869836906,2.188912848704859,0.06645993827883141,0.17179805544968796,0.21426425724208809,0.2420579264130112,-0.4746102996570132,1.2471867430701895,1025.3932069626849,1.1925693169270417,1024.2006376457575
P3,P2,E_log,G02,"{""lambda"":0.001}",56709,2603,ok,2603,5.17456557603509,2.2747671476516205,1.9066271928327587,0.015160628765158335,3.1054919247043675,2.9057773645899694,0.1997145601143982,0.40302462606699774,0.22973867508830537,0.2552439291826279,1.4490932863454493,0.5700363209321959,13469.39419441934,103.82301207295275,13365.571182346386
P3,P4,E_log,G02,"{""lambda"":0.001}",58850,576,ok,576,4.356357129528937,2.0871888102251166,1.8478863987384182,0.09269077417946481,2.2801567263537543,2.7030425969901715,-0.42288587063641714,0.2808734101458316,0.3717449139922104,0.3663643953576947,-1.2974063374253002,1.3235318850552553,2509.2617066086677,103.00749672033822,2406.2542098883296
P3,P5,E_log,G02,"{""lambda"":0.001}",58824,494,ok,494,4.401517247390482,2.097979324824361,1.8024501421592556,0.07895496816459502,2.866812264339182,2.5978762879069786,0.2689359764322031,0.2526387332017314,0.3125333968124307,0.3233851709145072,-0.34695899895209603,1.2370763297125689,2174.349520210898,35.729320353254,2138.620199857644
P3,P1,E_log,G02,"{""lambda"":0.1}",59235,270,ok,270,3.834012033531102,1.9580633374666667,1.6793021185082175,0.03385563929262714,2.2553727869836906,2.28658729092004,-0.03121450393634944,0.14667846839772206,0.18958386059667312,0.2204460145856753,-0.7000715324133715,1.2925132275216566,1035.1832490533975,0.2630732191179412,1034.9201758342797
P3,P2,E_log,G02,"{""lambda"":0.1}",56709,2603,ok,2603,5.279220100304983,2.2976553484595947,1.9266140269616219,-0.004757544918093215,3.1054919247043675,2.527553264543391,0.5779386601609764,0.18203767285967057,0.2525591990496916,0.2634881876843703,-0.4012373034846197,1.3874007236094734,13741.809921093869,869.4360860472538,12872.373835046616
P3,P4,E_log,G02,"{""lambda"":0.1}",58850,576,ok,576,4.436760423724879,2.1063618928676235,1.8636750201823429,0.07594498212402134,2.2801567263537543,2.63687385659714,-0.35671713024338547,0.20732392822114729,0.35073197703061754,0.33195145822540645,-2.1806693289878383,1.6917100695511638,2555.57400406553,73.29433594122803,2482.2796681243026
P3,P5,E_log,G02,"{""lambda"":0.1}",58824,494,ok,494,4.469941097166688,2.11422352109863,1.81758819157867,0.06463684935390746,2.866812264339182,2.5353028961856485,0.33150936815353343,0.18245471179730904,0.3313795265764893,0.3367727348878193,-1.7378782102994297,1.8162289332632984,2208.150902000344,54.28983981973615,2153.8610621806083
P3,P1,E_log,P00,"{""lambda"":0}",59235,270,ok,270,3.806379107613545,1.950994389436716,1.6905699045326463,0.040818944392247425,2.2553727869836906,2.3716218692235507,-0.11624908223985994,0.16491875157939365,0.21653855094937663,0.2451221543052135,-0.8585700366393234,1.3130013953879136,1027.722359055657,3.6487392628346242,1024.0736197928225
P3,P2,E_log,P00,"{""lambda"":0}",56709,2603,ok,2603,5.2080860536996365,2.2821231460417812,1.9063016420146879,0.008780907480045452,3.1054919247043675,2.8757348091632045,0.22975711554116315,0.4130550484849208,0.22931836854349452,0.25507865819413017,1.5089521481783872,0.5551762879660483,13556.647997780154,137.40802856509342,13419.239969215057
P3,P4,E_log,P00,"{""lambda"":0}",58850,576,ok,576,4.712583824773518,2.170848641608511,1.9480935539250757,0.01849856324061605,2.2801567263537543,2.9926939699887294,-0.7125372436349751,0.2587460067374547,0.3694548421867952,0.3678357450031536,-1.9930117462227526,1.427866836846201,2714.4482830695465,292.4405703745504,2422.0077126949955
P3,P5,E_log,P00,"{""lambda"":0}",58824,494,ok,494,4.358726088285547,2.087756232965321,1.8099168665333711,0.08790928602474768,2.866812264339182,2.7562283716447475,0.11058389269443451,0.23985213378200357,0.3085177566430686,0.3200167896104766,-0.6784778300515382,1.286283143611612,2153.21068761306,6.041025877786378,2147.1696617352736
P3,P1,E_log,P00,"{""lambda"":0.001}",59235,270,ok,270,3.8089084516404776,1.951642500982308,1.6926233208059405,0.04018156729313083,2.2553727869836906,2.379286666217531,-0.1239138792338408,0.16425428818058385,0.2162205447263732,0.24465808346814397,-0.8766651325630765,1.3163768637118123,1028.405281942929,4.145755356030298,1024.2595265868988
P3,P2,E_log,P00,"{""lambda"":0.001}",56709,2603,ok,2603,5.195620955372551,2.279390478915921,1.9051641566892543,0.011153303658708591,3.1054919247043675,2.864778542477119,0.24071338222724847,0.40487631072096636,0.22983069685241495,0.25526983497585237,1.4792815703052216,0.5676565676148192,13524.20134683475,150.82545299368155,13373.375893841068
P3,P4,E_log,P00,"{""lambda"":0.001}",58850,576,ok,576,4.719572842865784,2.1724577885118466,1.9499796497666324,0.017042943233808838,2.2801567263537543,2.9954052051149613,-0.7152484787612072,0.25654332519210643,0.3691492021908628,0.3674153775274339,-2.0300370425877285,1.438935126900823,2718.4739574906916,294.67030254924737,2423.8036549414437
P3,P5,E_log,P00,"{""lambda"":0.001}",58824,494,ok,494,4.359584220332659,2.087961738234841,1.8105299020199757,0.08772971652309014,2.866812264339182,2.757708576862036,0.10910368747714609,0.2375276819393886,0.30867985759391375,0.32027457338397414,-0.716976723289243,1.299553193436551,2153.6346048443334,5.880385622828718,2147.754219221504
P3,P1,E_log,P00,"{""lambda"":0.1}",59235,270,ok,270,3.932842944529908,1.9831396684373765,1.7518168086996044,0.008950937249444513,2.2553727869836906,2.570719443895093,-0.31534665691140257,0.13452353433325706,0.19367091617612958,0.22546948091525892,-1.4456420012359206,1.439680552076084,1061.8675950230752,26.849748786803417,1035.0178462362717
P3,P2,E_log,P00,"{""lambda"":0.1}",56709,2603,ok,2603,5.232817729612588,2.2875352958178783,1.9251651679071435,0.004073898205972704,3.1054919247043675,2.570327589833279,0.5351643348710885,0.18094783707865572,0.25235095508177585,0.2632748569287448,-0.47910257854751714,1.3946060873448411,13621.024550181566,745.5014524227919,12875.523097758773
P3,P4,E_log,P00,"{""lambda"":0.1}",58850,576,ok,576,4.892801324162655,2.211967749349582,1.9885929861918834,-0.01903577909824361,2.2801567263537543,3.01199616205553,-0.7318394357017753,0.18228050670854837,0.3449047780249391,0.33553153287723664,-3.419036711520381,1.8921649070046405,2818.2535627176894,308.49924075741677,2509.754321960272
P3,P5,E_log,P00,"{""lambda"":0.1}",58824,494,ok,494,4.4052448613325765,2.0988675187663888,1.829069635935309,0.07817494161715788,2.866812264339182,2.789939717922213,0.07687254641696893,0.1642648746512033,0.32385032829919885,0.3312292342758861,-2.633590031054797,1.9715129542262522,2176.190961498293,2.9192378659587472,2173.271723632334
P3,P1,E_log,P02,"{""lambda"":0}",59235,270,ok,270,3.9288314248913516,1.9821280041640479,1.6987553320700226,0.009961812291766292,2.2553727869836906,2.310074613628687,-0.05470182664499668,0.27746295892876427,0.15804189220593054,0.17880021728170492,0.9395626893609148,0.5695963627581226,1060.784484720665,0.8079182563408026,1059.9765664643244
P3,P2,E_log,P02,"{""lambda"":0}",56709,2603,ok,2603,5.241901968637065,2.289520030189093,1.9116107982812631,0.0023449576567510233,3.1054919247043675,3.0036010310447647,0.10189089365960297,0.45937772508067914,0.23439179553538483,0.25159189821317596,1.5729416935958165,0.5102376165370648,13644.670824362282,27.02370621058881,13617.647118151692
P3,P4,E_log,P02,"{""lambda"":0}",58850,576,ok,576,4.693304303170773,2.1664035411646587,1.920703341018443,0.022513956675880187,2.2801567263537543,2.893483561175108,-0.6133268348213539,0.350626530183248,0.31914118422970156,0.2978121535310658,-0.3534995739267348,0.9102026137694395,2703.3432786263656,216.67380843570064,2486.669470190665
P3,P5,E_log,P02,"{""lambda"":0}",58824,494,ok,494,4.21847965265678,2.053893778328563,1.7727859596632283,0.1172567304418024,2.866812264339182,2.762649207856041,0.10416305648314096,0.29285416797896147,0.35049989880907073,0.35017699133502606,-0.43963979840921175,1.1968410804187377,2083.9289484124492,5.359871513939547,2078.5690768985096
P3,P1,E_log,P02,"{""lambda"":0.001}",59235,270,ok,270,3.877282967493688,1.9690817574427142,1.696462397634622,0.022951664953248074,2.2553727869836906,2.33511476838729,-0.07974198140359949,0.24170071641992222,0.1716446515576972,0.19315549578668373,0.5970824570919238,0.710153673104915,1046.8664012232957,1.716871571506442,1045.1495296517896
P3,P2,E_log,P02,"{""lambda"":0.001}",56709,2603,ok,2603,5.263664643191888,2.294267779312582,1.9135255176009003,-0.001796982069401043,3.1054919247043675,3.0097484770343983,0.09574344766996924,0.46666722398610166,0.23327754765277223,0.25154224433272226,1.6009792705327073,0.4998798622714496,13701.319066228483,23.861200629818757,13677.457865598662
P3,P4,E_log,P02,"{""lambda"":0.001}",58850,576,ok,576,4.686487717247916,2.1648297201507365,1.9309019867195307,0.02393366381019313,2.2801567263537543,2.9352798440248917,-0.6551231176711371,0.30958177277717697,0.3378141795811807,0.3101620827516665,-0.9228068830837404,1.091195313440899,2699.4169251347994,247.2113084009187,2452.2056167338806
P3,P5,E_log,P02,"{""lambda"":0.001}",58824,494,ok,494,4.249402668061657,2.06140793344298,1.7829238300176027,0.11078589593015364,2.866812264339182,2.763973345311105,0.10283891902807675,0.2743124160790318,0.34312383965470666,0.3453907492992919,-0.5905053463706924,1.2508505614118823,2099.2049180224585,5.224466573830483,2093.9804514486286
P3,P1,E_log,P02,"{""lambda"":0.1}",59235,270,ok,270,3.8878861968284566,1.971772349138829,1.7241457709096308,0.020279724923461973,2.2553727869836906,2.4598276695727583,-0.20445488258906747,0.17260595716265975,0.17556260780459196,0.1984531998461012,-0.24659045645823063,1.0171294820325691,1049.7292731436833,11.286485733917527,1038.4427874097655
P3,P2,E_log,P02,"{""lambda"":0.1}",56709,2603,ok,2603,5.0479423476148995,2.2467626371325697,1.901012177346826,0.039259954366249294,3.1054919247043675,2.9188285396753404,0.18666338502902693,0.34944882035366265,0.2403869926087026,0.2518258930086298,1.0976201743207294,0.687903288285297,13139.793930841583,90.69689986521786,13049.097030976365
P3,P4,E_log,P02,"{""lambda"":0.1}",58850,576,ok,576,4.718094132276188,2.172117430590756,1.945957816586075,0.017350917929263687,2.2801567263537543,2.947847260415882,-0.6676905340621272,0.23726756175429173,0.35086316515925614,0.3211254087146195,-2.0790191026061433,1.4787658395655496,2717.622220191084,256.78693398307314,2460.835286208011
P3,P5,E_log,P02,"{""lambda"":0.1}",58824,494,ok,494,4.286483296015752,2.0703824033293348,1.7987103342117836,0.10302654245387122,2.866812264339182,2.7809539294038936,0.0858583349352884,0.2271509668253099,0.34375083459974204,0.3462807480271797,-1.3416454304554701,1.5133144243409844,2117.5227482317814,3.6415969168629214,2113.8811513149185
P3,P1,E_log,S01,"{""lambda"":0}",3673,270,ok,270,3.941094450028934,1.9852189929649913,1.687771347903118,0.006871615266230036,2.2553727869836906,2.3625512014075536,-0.1071784144238631,0.3018615894586239,0.16710760100380365,0.20628335175790788,0.9474877254098477,0.5535901447531105,1064.0955015078123,3.101547379971603,1060.9939541278409
P3,P2,E_log,S01,"{""lambda"":0}",1340,2603,ok,2603,309.77288388905953,17.60036601576966,17.44720021272486,-57.95693613543187,3.1054919247043675,20.552692137429226,-17.44720021272486,0.37978688322252624,0.16136260053557971,0.14402447325460235,-5.626868243088898,0.4248767076061271,806338.816763222,792365.6820693453,13973.134693876867
P3,P4,E_log,S01,"{""lambda"":0}",3367,576,ok,576,10.232014272091865,3.198751986649147,2.748691247182924,-1.1310468062567205,2.2801567263537543,4.572250282182035,-2.29209355582828,0.49755757387906796,0.21175065340067278,0.20272899170277148,0.3342975221307405,0.4255802032110943,5893.640220724914,3026.1270923536476,2867.513128371266
P3,P5,E_log,S01,"{""lambda"":0}",3449,494,ok,494,6.476414731249089,2.5448801015468465,1.9973375894034757,-0.3552303165139479,2.866812264339182,1.4971418264815537,1.369670437857628,0.18488007725534913,0.19340770448458727,0.19569584197066045,1.300614498488336,1.0461251820955275,3199.34887723705,926.7425715205067,2272.606305716544
P3,P1,E_log,S01,"{""lambda"":0.001}",3673,270,ok,270,3.945387838831735,1.9863000374645656,1.6932399741169568,0.005789711155373634,2.2553727869836906,2.383577522609232,-0.12820473562554185,0.30097777555934463,0.16698775262529614,0.20587060387816916,0.9329221410216055,0.5548175519437006,1065.2547164845685,4.437842643940072,1060.8168738406284
P3,P2,E_log,S01,"{""lambda"":0.001}",1340,2603,ok,2603,25.97902495685088,5.096962326410789,4.588081649760422,-3.944408613216071,3.1054919247043675,7.6842521746001795,-4.578760249895812,0.33379877892815984,0.23538954864412806,0.23508027049453525,-2.3133195426559836,0.7051839716129954,67623.40196268284,54572.013243945585,13051.388718737267
P3,P4,E_log,S01,"{""lambda"":0.001}",3367,576,ok,576,9.557400182904887,3.0915045176911655,2.658713005516884,-0.9905432688311635,2.2801567263537543,4.422216872678179,-2.1420601463244244,0.49501868280462535,0.212256742986048,0.20340943854243299,0.38397506134156045,0.42878531732068353,5505.062505353215,2642.9308821915347,2862.1316231616806
P3,P5,E_log,S01,"{""lambda"":0.001}",3449,494,ok,494,6.216405964438309,2.493272140067808,1.9735342747460722,-0.30082185473938594,2.866812264339182,1.5940032874378995,1.2728089769012823,0.18466079104988398,0.1957151412922364,0.19716697868191962,1.1773871468169548,1.0598630070818127,3070.9045464325245,800.3010896901615,2270.6034567423626
P3,P1,E_log,S01,"{""lambda"":0.1}",3673,270,ok,270,3.9406708033270914,1.9851122898534208,1.713235883406493,0.00697837128794776,2.2553727869836906,2.426540642317349,-0.17116785533365828,0.2547213491963669,0.15555103449465674,0.18710464278715883,0.7735538960794492,0.610671366909026,1063.9811168983147,7.910577368871524,1056.070539529443
P3,P2,E_log,S01,"{""lambda"":0.1}",1340,2603,ok,2603,4.9927732793870465,2.2344514493242063,1.9466448773703304,0.049759902558376035,3.1054919247043675,3.332757305591918,-0.2272653808875507,0.2926892981088249,0.24814202625083914,0.2472054308498909,0.2799798333658621,0.8478001343205149,12996.188846244482,134.44378736995498,12861.745058874527
P3,P4,E_log,S01,"{""lambda"":0.1}",3367,576,ok,576,5.642597849386769,2.375415300402599,2.08358000877558,-0.17519774759543605,2.2801567263537543,3.27158393930964,-0.9914272129558854,0.39158502739361206,0.2334842896348682,0.22965136383959625,0.32946045705350513,0.5962543848750765,3250.136361246779,566.1664811075374,2683.9698801392415
P3,P5,E_log,S01,"{""lambda"":0.1}",3449,494,ok,494,4.577951170000075,2.1396147246642503,1.8317117019923201,0.04203506560982462,2.866812264339182,2.448528205935103,0.41828405840407895,0.18263517908543378,0.3066289718028346,0.3039599791155025,-1.24405887218437,1.6789151648565934,2261.507877980037,86.43100743640355,2175.0768705436335
P3,P1,E_log,S02,"{""lambda"":0}",3673,270,ok,270,3.9820558794686907,1.9955089274339743,1.7119582872692212,-0.0034503799997278595,2.2553727869836906,2.4436647207580453,-0.18829193377435494,0.3101429566721791,0.1639121500800353,0.20355736070498207,0.9638833952785708,0.5285051507820963,1075.1550874565464,9.572540127611237,1065.582547328935
P3,P2,E_log,S02,"{""lambda"":0}",1340,2603,ok,2603,105.2809252003437,10.260649355686203,9.995012445406187,-19.03739225134631,3.1054919247043675,13.100504370110555,-9.995012445406187,0.48131424793382077,0.21566070245070687,0.2233025766332496,-2.764402820869553,0.4480663171233601,274046.24829649465,260040.41265929537,14005.835637199256
P3,P4,E_log,S02,"{""lambda"":0}",3367,576,ok,576,10.026676443373768,3.16649276698586,2.7199793787704962,-1.088280591075912,2.2801567263537543,4.527066246407859,-2.2469095200541043,0.4990671099649548,0.2126690337922569,0.20410181970487234,0.3510237794747155,0.4261331383011612,5775.365631383291,2907.9949773944245,2867.3706539888667
P3,P5,E_log,S02,"{""lambda"":0}",3449,494,ok,494,6.508866857393798,2.551248097969658,2.000841410372521,-0.3620211270181668,2.866812264339182,1.4857327502239865,1.3810795141151955,0.18390615974034913,0.19284748822642908,0.19499041002748124,1.3088447146879474,1.0486189722992632,3215.3802275525363,942.2460284084802,2273.1341991440568
P3,P1,E_log,S02,"{""lambda"":0.001}",3673,270,ok,270,3.9774029005876534,1.9943427239538478,1.7102419264065007,-0.0022778616906853344,2.2553727869836906,2.438358367720309,-0.1829855807366182,0.3083350539478,0.16415634179077004,0.20397876546908977,0.957200605472198,0.5323959753812525,1073.8987831586664,9.040605144529703,1064.8581780141367
P3,P2,E_log,S02,"{""lambda"":0.001}",1340,2603,ok,2603,13.321611527739092,3.6498782894418675,3.0810461152876574,-1.5354104277998268,3.1054919247043675,5.9333878977141765,-2.8278959730098086,0.49188030578432856,0.2323215825335564,0.24652109477021986,0.30307424306047137,0.4723132432861032,34676.15480670486,20816.179635731736,13859.97517097312
P3,P4,E_log,S02,"{""lambda"":0.001}",3367,576,ok,576,9.395350358043581,3.0651835765649635,2.635339912184235,-0.9567927527996269,2.2801567263537543,4.383982525577803,-2.103825799224049,0.49654788334274697,0.213069331215906,0.2049436655640169,0.39898422291098945,0.4291012777690825,5411.721806233103,2549.4238042448887,2862.2980019882148
P3,P5,E_log,S02,"{""lambda"":0.001}",3449,494,ok,494,6.238943655919766,2.4977877523760434,1.975905980743447,-0.3055380077387506,2.866812264339182,1.5856004611227126,1.2812118032164692,0.1836664282674315,0.19516432460981256,0.19688865416958767,1.1819499516391367,1.062602057713233,3082.0381660243647,810.9028202423912,2271.1353457819732
P3,P1,E_log,S02,"{""lambda"":0.1}",3673,270,ok,270,3.9247652605894126,1.9811020318472778,1.7092525620916452,0.010986457409118744,2.2553727869836906,2.416548898960384,-0.16117611197669313,0.24598166319585466,0.15862898996783714,0.1900303605294563,0.6969854418881458,0.6448813619149084,1059.6866203591414,7.013989549419351,1052.672630809722
P3,P2,E_log,S02,"{""lambda"":0.1}",1340,2603,ok,2603,5.17887269997241,2.275713668274726,1.9595542146574176,0.014340883577290686,3.1054919247043675,3.4557094963138715,-0.3502175716095039,0.3804137523392846,0.23973776006374473,0.2448193642780066,0.9276945948685995,0.6302026637825824,13480.605638028183,319.264060448943,13161.341577579238
P3,P4,E_log,S02,"{""lambda"":0.1}",3367,576,ok,576,5.606477020249286,2.3678000380626076,2.0784961416336083,-0.1676747735723514,2.2801567263537543,3.2623379707407594,-0.9821812443870045,0.38668945515745934,0.23632689868451615,0.23160881495671365,0.2863650550190382,0.6111542363840365,3229.3307636635886,555.6556781715483,2673.675085492041
P3,P5,E_log,S02,"{""lambda"":0.1}",3449,494,ok,494,4.567215429810098,2.1371044499064844,1.831227925809181,0.044281586436459186,2.866812264339182,2.4590883908834904,0.40772387345569167,0.18468600092981985,0.3064038561274232,0.30485952353953955,-1.212945604321364,1.6590529579112807,2256.2044223261883,82.12194595094215,2174.082476375246
P3,P1,E_log,S03,"{""control_lambda"":0.001,""difference_penalty"":0.01,""n_knots"":3}",3673,270,ok,270,3.911395671375469,1.97772487251778,1.711032419766827,0.01435550088395865,2.2553727869836906,2.502091731112487,-0.2467189441287962,0.29475644433433795,0.19774926209990615,0.22538260289712667,0.5767435218927417,0.6708903771264182,1056.0768312713767,16.434964095847576,1039.6418671755291
P3,P2,E_log,S03,"{""control_lambda"":0.001,""difference_penalty"":0.01,""n_knots"":3}",1340,2603,ok,2603,6.252195626292172,2.5004390866990085,2.1302964519810734,-0.1899372650627038,3.1054919247043675,4.22968033220409,-1.1241884074997226,0.39748901333157416,0.26238524715931694,0.25178782112831655,0.31345068042347846,0.6601069170695352,16274.465215238524,3289.6702951742523,12984.794920064272
P3,P4,E_log,S03,"{""control_lambda"":0.001,""difference_penalty"":0.01,""n_knots"":3}",3367,576,ok,576,8.07171773312178,2.84107686153011,2.4711378515639684,-0.6811165268887214,2.2801567263537543,4.122953361775412,-1.8427966354216574,0.4444418790343018,0.2516463966780673,0.24767393694634005,-0.0542910520979043,0.566207660774122,4649.309414278145,1956.0380771643154,2693.2713371138298
P3,P5,E_log,S03,"{""control_lambda"":0.001,""difference_penalty"":0.01,""n_knots"":3}",3449,494,ok,494,4.711599438574642,2.1706219013394854,1.843741917546237,0.014068328944873754,2.866812264339182,2.343858312381146,0.5229539519580362,0.21943720592347596,0.2721703284735964,0.27584335600636917,-0.040300429206550525,1.240310763747648,2327.530122655873,135.09953291905285,2192.43058973682
P3,P1,E_log,S03,"{""control_lambda"":0.1,""difference_penalty"":0.01,""n_knots"":3}",3673,270,ok,270,3.901696244362827,1.9752711824868066,1.7054087962426168,0.016799689015973063,2.2553727869836906,2.436097554131529,-0.1807247671478383,0.2639956001993672,0.17940416791813407,0.19818329055845185,0.5998677166858706,0.6795725678104091,1053.4579859779633,8.818589194372901,1044.6393967835902
P3,P2,E_log,S03,"{""control_lambda"":0.1,""difference_penalty"":0.01,""n_knots"":3}",1340,2603,ok,2603,5.097349232018879,2.2577309919516275,1.9410437356910606,0.029856682872998364,3.1054919247043675,3.4527790491679897,-0.34728712446362237,0.3777616776454809,0.2587810439989413,0.2477400025956112,0.7402076200325136,0.6850378408203712,13268.400050945143,313.9435267678046,12954.456524177338
P3,P4,E_log,S03,"{""control_lambda"":0.1,""difference_penalty"":0.01,""n_knots"":3}",3367,576,ok,576,5.105335680550722,2.259498988835959,1.9960033360638698,-0.06330083281654919,2.2801567263537543,3.1402433155001805,-0.860086589146426,0.3401565508842749,0.30349993129901565,0.29330900979671704,-0.5216815097140302,0.8922360322329053,2940.673351997216,426.095389917811,2514.5779620794046
P3,P5,E_log,S03,"{""control_lambda"":0.1,""difference_penalty"":0.01,""n_knots"":3}",3449,494,ok,494,4.367701885181665,2.0899047550502545,1.7985597923317673,0.08603104434732722,2.866812264339182,2.575993684214518,0.2908185801246642,0.25018999112768203,0.3323954263337829,0.3220233849004975,-0.5555809138940688,1.3285720377365058,2157.6447312797427,41.78027059358852,2115.8644606861544
P3,P1,E_log,S03,"{""control_lambda"":0.001,""difference_penalty"":1,""n_knots"":3}",3673,270,ok,270,3.9568843140221337,1.9891918746119324,1.7115403575140093,0.002892679383935559,2.2553727869836906,2.49705333345097,-0.24168054646727952,0.3219549469056844,0.18832829354304345,0.21503267928504263,0.794715643198439,0.5849523212892688,1068.358764785976,15.770561365995171,1052.5882034199808
P3,P2,E_log,S03,"{""control_lambda"":0.001,""difference_penalty"":1,""n_knots"":3}",1340,2603,ok,2603,14.700477328726581,3.8341201505334417,3.255661297072075,-1.7978404440993319,3.1054919247043675,6.217577835189557,-3.11208591048519,0.2405194284257326,0.21475058112346765,0.21001408620426806,-2.4459450715782007,0.8928616807759384,38265.34248667529,25210.259893167848,13055.082593507448
P3,P4,E_log,S03,"{""control_lambda"":0.001,""difference_penalty"":1,""n_knots"":3}",3367,576,ok,576,8.235369201808435,2.869733298027612,2.49274787908785,-0.7152006212234161,2.2801567263537543,4.1620247093013045,-1.8818679829475495,0.4491958122646097,0.24951033993522437,0.24523470102750514,-0.03168183420886539,0.5554600758126487,4743.572660241659,2039.8620126200135,2703.710647621646
P3,P5,E_log,S03,"{""control_lambda"":0.001,""difference_penalty"":1,""n_knots"":3}",3449,494,ok,494,5.116718739083143,2.2620165205150786,1.8741596269493934,-0.0707054202106494,2.866812264339182,2.066924539042056,0.7998877252971259,0.2061069161185242,0.2563258433251482,0.2558526191936191,0.29627176265738875,1.243654740715955,2527.6590571070724,316.07126430201913,2211.587792805054
P3,P1,E_log,S03,"{""control_lambda"":0.1,""difference_penalty"":1,""n_knots"":3}",3673,270,ok,270,3.967211581195126,1.991786027964632,1.7214080478371148,0.00029027989915464403,2.2553727869836906,2.4769530293390902,-0.22158024235539991,0.29390332987144463,0.1684937565282013,0.18183012681087277,0.8353442325613785,0.5732965210088015,1071.147126922684,13.256407026614996,1057.890719896069
P3,P2,E_log,S03,"{""control_lambda"":0.1,""difference_penalty"":1,""n_knots"":3}",1340,2603,ok,2603,4.985930038197448,2.23291962197421,1.956410647508455,0.05106232944839073,3.1054919247043675,3.1656009919013006,-0.06010906719693314,0.2163847563870234,0.22777100911017098,0.22656821974045865,-0.22668426184681056,1.052620401331701,12978.375889427956,9.404899194019958,12968.970990233938
P3,P4,E_log,S03,"{""control_lambda"":0.1,""difference_penalty"":1,""n_knots"":3}",3367,576,ok,576,5.158956676981494,2.2713336780362092,2.0035016462334667,-0.07446860977164715,2.2801567263537543,3.1563028194319207,-0.8761460930781663,0.349238565967171,0.2968967179286278,0.28866170198242874,-0.40309775696210126,0.85012580757343,2971.5590459413406,442.15601841569367,2529.4030275256473
P3,P5,E_log,S03,"{""control_lambda"":0.1,""difference_penalty"":1,""n_knots"":3}",3449,494,ok,494,4.402809561715037,2.098287292463793,1.800902531965689,0.07868454330396157,2.866812264339182,2.5213708132302566,0.34544145110892527,0.2325511256499848,0.339140641865108,0.33065884144786595,-0.8102256927502096,1.4583487433879474,2174.9879234872283,58.94891929525456,2116.039004191973
P3,P1,E_log,S03,"{""control_lambda"":0.001,""difference_penalty"":0.01,""n_knots"":5}",3673,270,ok,270,3.8838930288057276,1.9707595055728457,1.6940935573249571,0.021285975486260322,2.2553727869836906,2.439453016967273,-0.18408022998358228,0.2799905573656834,0.19325581337399048,0.22239041264985251,0.5716071578238462,0.6902226103346321,1048.6511177775465,9.149093389118306,1039.5020243884283
P3,P2,E_log,S03,"{""control_lambda"":0.001,""difference_penalty"":0.01,""n_knots"":5}",1340,2603,ok,2603,6.558879959250135,2.5610310344176104,2.176108809914881,-0.24830637860466132,3.1054919247043675,4.367699523646608,-1.2622075989422405,0.3794497021326429,0.2620800288189811,0.25585375831141277,0.08878955125037935,0.6906845027048318,17072.7645339281,4147.016363420076,12925.748170508024
P3,P4,E_log,S03,"{""control_lambda"":0.001,""difference_penalty"":0.01,""n_knots"":5}",3367,576,ok,576,8.587830909321097,2.9305001124929335,2.552362218617284,-0.7886086888969854,2.2801567263537543,4.247167670298345,-1.967010943944591,0.44272876317851256,0.24081756841665564,0.24092225253584154,-0.030044634127266878,0.5439392884431944,4946.590603768952,2228.6200628723277,2717.9705408966247
P3,P5,E_log,S03,"{""control_lambda"":0.001,""difference_penalty"":0.01,""n_knots"":5}",3449,494,ok,494,4.7306296884664025,2.1750010778081013,1.842473724966952,0.010086130050212083,2.866812264339182,2.3171697101108086,0.5496425542283732,0.2316486818746165,0.27404647479859023,0.27788238667231097,0.12553963793309464,1.1830262645177585,2336.931066102403,149.24082708483292,2187.6902390175696
P3,P1,E_log,S03,"{""control_lambda"":0.1,""difference_penalty"":0.01,""n_knots"":5}",3673,270,ok,270,3.883323135589578,1.970614913063833,1.6983661300894444,0.02142958461220279,2.2553727869836906,2.4033402586002928,-0.14796747161660248,0.2413162089013883,0.176491101193107,0.20051539337258587,0.4976451535472459,0.7313686138059147,1048.497246609186,5.911480617284716,1042.5857659919016
P3,P2,E_log,S03,"{""control_lambda"":0.1,""difference_penalty"":0.01,""n_knots"":5}",1340,2603,ok,2603,5.0306935507163,2.2429207633610915,1.9309158261113266,0.04254279889543,3.1054919247043675,3.3797023407487985,-0.2742104160444308,0.3593462927947855,0.25877991809967704,0.2531752294989865,0.6716304588238091,0.7201407758712023,13094.89531251453,195.72308995167734,12899.172222562853
P3,P4,E_log,S03,"{""control_lambda"":0.1,""difference_penalty"":0.01,""n_knots"":5}",3367,576,ok,576,5.2534013067012815,2.292029953273142,2.025064482189366,-0.09413882534996287,2.2801567263537543,3.2034281125073694,-0.923271386153615,0.3371367451386812,0.29225539539194456,0.2849842165949459,-0.49681482341130634,0.8668749390450611,3025.959152659938,490.9997102342502,2534.959442425688
P3,P5,E_log,S03,"{""control_lambda"":0.1,""difference_penalty"":0.01,""n_knots"":5}",3449,494,ok,494,4.347579958851986,2.085085120289334,1.7976915176871473,0.09024168336910943,2.866812264339182,2.634103737116153,0.23270852722302923,0.263744017177834,0.3244329484661872,0.3129951554419392,-0.37341305391769986,1.2301054330549326,2147.704499672881,26.7517097693018,2120.9527899035793
P3,P1,E_log,S03,"{""control_lambda"":0.001,""difference_penalty"":1,""n_knots"":5}",3673,270,ok,270,3.9160314060392905,1.9788965122106033,1.607486284927757,0.013187327997693177,2.2553727869836906,2.0643442490985415,0.19102853788514865,0.28955296348284343,0.18342749958041235,0.21971698125202455,0.9476413815415718,0.6334851399000817,1057.3284796306084,9.852813617365172,1047.475666013243
P3,P2,E_log,S03,"{""control_lambda"":0.001,""difference_penalty"":1,""n_knots"":5}",1340,2603,ok,2603,6.8256923316798295,2.612602597349974,2.2093975425655588,-0.29908693694143995,3.1054919247043675,4.442672697780462,-1.337180773076094,0.4271087523427087,0.26180993834618066,0.2517232518532617,0.3822139335175412,0.6129819089638008,17767.277139362595,4654.300448959043,13112.976690403553
P3,P4,E_log,S03,"{""control_lambda"":0.001,""difference_penalty"":1,""n_knots"":5}",3367,576,ok,576,10.732113502542582,3.275990461302136,2.8308578975481065,-1.235203704353537,2.2801567263537543,4.68789388806961,-2.4077371617158554,0.48369379739832813,0.213102522702789,0.20001225103913015,0.21479632875508736,0.4405731970288144,6181.697377464527,3339.1861861867333,2842.5111912777948
P3,P5,E_log,S03,"{""control_lambda"":0.001,""difference_penalty"":1,""n_knots"":5}",3449,494,ok,494,6.247525641901956,2.4995050793911093,1.9797184080865589,-0.3073338420176832,2.866812264339182,1.5793023306201743,1.2875099337190075,0.18262057083355568,0.19958520635930618,0.20030576350369977,1.1407997996872914,1.0928955344313998,3086.2776670995663,818.8948237360107,2267.3828433635554
P3,P1,E_log,S03,"{""control_lambda"":0.1,""difference_penalty"":1,""n_knots"":5}",3673,270,ok,270,3.890121432613688,1.9723390764809403,1.6974456360805568,0.019716461055256485,2.2553727869836906,2.3956753663843067,-0.140302579400616,0.23406524649460847,0.16974633781910758,0.19760668022458472,0.51800627855352,0.7252094890687572,1050.3327868056958,5.314899722345862,1045.01788708335
P3,P2,E_log,S03,"{""control_lambda"":0.1,""difference_penalty"":1,""n_knots"":5}",1340,2603,ok,2603,5.1533872920941866,2.2701073305229835,1.9397085101722848,0.019191345456968878,3.1054919247043675,3.461166817595801,-0.3556748928914329,0.4104046330451336,0.25791626691094427,0.24807652958518359,0.9303429305842901,0.6284438482023186,13414.267121321167,329.29155041496387,13084.975570906203
P3,P4,E_log,S03,"{""control_lambda"":0.1,""difference_penalty"":1,""n_knots"":5}",3367,576,ok,576,5.697208953150331,2.3868826852508547,2.0960402667614457,-0.18657173664262894,2.2801567263537543,3.310130750518017,-1.0299740241642625,0.38219419989728853,0.23606556624897923,0.2293911575147738,0.23562572564994655,0.6176586832359567,3281.5923570145906,611.047578501,2670.5447785135902
P3,P5,E_log,S03,"{""control_lambda"":0.1,""difference_penalty"":1,""n_knots"":5}",3449,494,ok,494,4.521295400946229,2.126333793397977,1.8324206294088017,0.05389063987635634,2.866812264339182,2.52998911972955,0.33682314460963203,0.18563271912347235,0.30191399971863225,0.3056762553011715,-1.2479749239802835,1.6264050925085904,2233.5199280674374,56.04421638789222,2177.475711679545
P3,P1,E_log,S04,"{""control_lambda"":0.001}",3673,270,ok,270,3.88558720332098,1.971189286527547,1.6786432836980079,0.02085905529413512,2.2553727869836906,2.3546147362521235,-0.09924194926843313,0.2797403288393266,0.18158907911489472,0.21333314737873293,0.726911290565107,0.6491344307355603,1049.1085448966646,2.6592204135415294,1046.4493244831233
P3,P2,E_log,S04,"{""control_lambda"":0.001}",1340,2603,ok,2603,12.477033168604104,3.5322844121905166,2.9771325340742463,-1.3746676547212053,3.1054919247043675,5.811948958761971,-2.7064570340576046,0.44697228392159577,0.2452233688800305,0.24473928732369085,-0.08313017714478743,0.5486321584159916,32477.717337876482,19066.739889751305,13410.977448125177
P3,P4,E_log,S04,"{""control_lambda"":0.001}",3367,576,ok,576,9.195832347249242,3.032463082586372,2.6121609880562775,-0.9152386454276631,2.2801567263537543,4.348213598609089,-2.0680568722553345,0.4856637891763994,0.21762243479218035,0.2098888236042303,0.3317536306020934,0.4480927745534208,5296.799432015563,2463.4709146843297,2833.3285173312333
P3,P5,E_log,S04,"{""control_lambda"":0.001}",3449,494,ok,494,5.726725390439561,2.393057749081614,1.930679165908318,-0.19835312986156106,2.866812264339182,1.785252015718521,1.0815602486206608,0.18808748930559743,0.21746796106812763,0.21945288067770627,0.8026924375266611,1.156206411553476,2829.002342877143,577.8676502698145,2251.1346926073284
P3,P1,E_log,S04,"{""control_lambda"":0.1}",3673,270,ok,270,3.8961985323605304,1.9738790571766371,1.7046163574882973,0.018185074195090523,2.2553727869836906,2.4190075247216902,-0.1636347377379997,0.2388363614480907,0.17161400692650924,0.1959436309024017,0.5172137747384262,0.7185422097623453,1051.9736037373432,7.229608396537664,1044.7439953408054
P3,P2,E_log,S04,"{""control_lambda"":0.1}",1340,2603,ok,2603,5.335225410345371,2.309810687122512,1.9665563261841073,-0.015416649245891145,3.1054919247043675,3.5380609704556076,-0.4325690457512408,0.44051159072789053,0.24317896557796934,0.24284236795309241,1.1523492037023917,0.5520376096713967,13887.591743129002,487.0628942275879,13400.528848901413
P3,P4,E_log,S04,"{""control_lambda"":0.1}",3367,576,ok,576,5.382101904010199,2.3199357542850616,2.0415316835516535,-0.12094361564492684,2.2801567263537543,3.192815089327476,-0.9126583629737213,0.36931952514409455,0.2557850981273253,0.2506910353132987,0.06886145132761534,0.6925848234737323,3100.0906967098745,479.7764856033827,2620.3142111064917
P3,P5,E_log,S04,"{""control_lambda"":0.1}",3449,494,ok,494,4.509608951670588,2.123583987430351,1.8237158210605222,0.056336102529378596,2.866812264339182,2.4902927891523374,0.37651947518684453,0.2032371089564317,0.31319831285378663,0.31322375237485456,-0.9708505723313747,1.5410488491101668,2227.7468221252702,70.03285610631856,2157.7139660189523
P3,P1,E_log,G05,"{""max_leaf_nodes"":7,""min_samples_leaf"":20}",59235,270,ok,270,3.8669803231011977,1.9664639135008803,1.6746739439502332,0.0255478596686336,2.2553727869836906,2.244976986529332,0.010395800454358695,0.17714756185598765,0.16075962690003942,0.21151120220386588,0.21807879900870653,0.907489920921007,1044.0846872373234,0.029179620113448004,1044.05550761721
P3,P2,E_log,G05,"{""max_leaf_nodes"":7,""min_samples_leaf"":20}",56709,2603,ok,2603,5.106739742082122,2.2598096694372565,1.9130882418533348,0.028069451869667583,3.1054919247043675,2.6579387815221263,0.4475531431822409,0.21407157592078985,0.2616380399319607,0.2517952843534812,-0.14303787223564912,1.222198878139577,13292.843548639763,521.3908329759057,12771.452715663858
P3,P4,E_log,G05,"{""max_leaf_nodes"":7,""min_samples_leaf"":20}",58850,576,ok,576,4.2831004777526305,2.069565287144291,1.815628665421424,0.10794811742132893,2.2801567263537543,2.538296207229619,-0.25813948087586486,0.22354622178240058,0.38425939693181693,0.3511489638543204,-2.0829864395092303,1.71892592891082,2467.0658751855153,38.38233115403193,2428.683544031483
P3,P5,E_log,G05,"{""max_leaf_nodes"":7,""min_samples_leaf"":20}",58824,494,ok,494,4.205219837341377,2.050663267662777,1.7613456691210263,0.12003142978588588,2.866812264339182,2.7634840069261335,0.1033282574130482,0.3304945569919334,0.35022097854488315,0.33805426847662473,-0.06161742572202833,1.0596875837608153,2077.3785996466404,5.274304017328472,2072.104295629312
P3,P1,E_log,G05,"{""max_leaf_nodes"":7,""min_samples_leaf"":50}",59235,270,ok,270,3.8669261047298877,1.9664501276996291,1.6726480538223685,0.025561522321027486,2.2553727869836906,2.2328225398882524,0.022550247095438233,0.17660573048419678,0.16103454883856388,0.21301459883137738,0.21941636947856624,0.911830824498493,1044.0700482770696,0.13729868389763653,1043.932749593172
P3,P2,E_log,G05,"{""max_leaf_nodes"":7,""min_samples_leaf"":50}",56709,2603,ok,2603,5.124977416136529,2.263841296587844,1.9143444044182327,0.024598401172830076,3.1054919247043675,2.641855615276655,0.4636363094277127,0.21214692545372354,0.260471160869061,0.25056638541980114,-0.1381431055363218,1.2277866403766415,13340.316214203385,559.5373071736086,12780.778907029777
P3,P4,E_log,G05,"{""max_leaf_nodes"":7,""min_samples_leaf"":50}",58850,576,ok,576,4.288456926598311,2.070858982789101,1.8257234210129067,0.10683251663130677,2.2801567263537543,2.603514131314265,-0.32335740496051024,0.2454520522413838,0.38471097689306855,0.35454902091144663,-1.8004792091234534,1.567356937454872,2470.151189720627,60.22656653345015,2409.924623187177
P3,P5,E_log,G05,"{""max_leaf_nodes"":7,""min_samples_leaf"":50}",58824,494,ok,494,4.211212046075533,2.052123789169536,1.7620115980681057,0.11877752260476848,2.866812264339182,2.7573095640247822,0.10950270031439989,0.329687526091469,0.3487856346837183,0.3397680834225234,-0.05022247370259603,1.0579279077333081,2080.3387507613133,5.923475639815765,2074.415275121497
P3,P1,E_log,G05,"{""max_leaf_nodes"":15,""min_samples_leaf"":20}",59235,270,ok,270,3.8882993811247606,1.9718771212032358,1.6759040005351946,0.020175605355157056,2.2553727869836906,2.228930569150709,0.026442217832981896,0.17633298624915184,0.1458749146366714,0.2091500045198186,0.41144634178353146,0.827269575248704,1049.8408329036854,0.18878153866025377,1049.6520513650253
P3,P2,E_log,G05,"{""max_leaf_nodes"":15,""min_samples_leaf"":20}",56709,2603,ok,2603,5.145680078527864,2.268409151482127,1.9103218399446678,0.020658206249647426,3.1054919247043675,2.6139028355444704,0.4915890891598966,0.21734428226963828,0.2620041139997918,0.2503867797727277,-0.04551480690470511,1.205479671532138,13394.20524440803,629.0405442084907,12765.164700199539
P3,P4,E_log,G05,"{""max_leaf_nodes"":15,""min_samples_leaf"":20}",58850,576,ok,576,4.341683497375334,2.083670678724288,1.8189338781755593,0.09574688767829087,2.2801567263537543,2.517063773231533,-0.23690704687777883,0.23187153043764397,0.3476075206268311,0.32029799680384696,-1.4932702908450022,1.4991384236380476,2500.8096944881927,32.327970543561655,2468.4817239446315
P3,P5,E_log,G05,"{""max_leaf_nodes"":15,""min_samples_leaf"":20}",58824,494,ok,494,4.230114966159194,2.0567243291601316,1.7638850100937362,0.11482196826937208,2.866812264339182,2.862233177045334,0.004579087293847657,0.3719189268404068,0.34032960658360933,0.3273797635680319,0.24768583436755565,0.9150639615865729,2089.676793282642,0.010358211979670467,2089.6664350706624
P3,P1,E_log,G05,"{""max_leaf_nodes"":15,""min_samples_leaf"":50}",59235,270,ok,270,3.866722888331705,1.966398456145576,1.6711818686307016,0.025612731439671355,2.2553727869836906,2.2303931987379104,0.0249795882457802,0.1678374642989189,0.16068934508566943,0.21991329951686617,0.1199709928382906,0.9574104670664068,1044.0151798495604,0.16847455381075446,1043.8467052957494
P3,P2,E_log,G05,"{""max_leaf_nodes"":15,""min_samples_leaf"":50}",56709,2603,ok,2603,5.125010389064216,2.263848579093623,1.9060999080451,0.0245921256629551,3.1054919247043675,2.618223566071785,0.4872683586325827,0.22309122072029905,0.2679404379817447,0.25675396076708146,-0.03908708097036184,1.2010353303757992,13340.402042734155,618.0314700036507,12722.370572730506
P3,P4,E_log,G05,"{""max_leaf_nodes"":15,""min_samples_leaf"":50}",58850,576,ok,576,4.292798732887657,2.0719070280511276,1.819185823480039,0.10592823794479911,2.2801567263537543,2.5729546541761104,-0.2927979278223561,0.23980700097727917,0.37799347726103727,0.33835870879761,-1.775438283815045,1.5762403754711518,2472.65207014329,49.38084088534981,2423.2712292579404
P3,P5,E_log,G05,"{""max_leaf_nodes"":15,""min_samples_leaf"":50}",58824,494,ok,494,4.233940123066537,2.057654033861508,1.7626984870162412,0.11402153024596362,2.866812264339182,2.901119524903211,-0.03430726056402906,0.38551124691842686,0.3409585919736827,0.33040585860873684,0.30096850163395983,0.8844322823241229,2091.5664207948694,0.5814321349396426,2090.9849886599295
P3,P1,E_log,S05,"{""max_leaf_nodes"":7,""min_samples_leaf"":20}",3673,270,ok,270,4.0937090028760155,2.023291625761352,1.679379775101183,-0.03158619037067245,2.2553727869836906,2.090058406961944,0.16531438002174575,0.17896122499924086,0.020472614431812072,0.06037464090757208,2.0162765251768064,0.11439692833963838,1105.301430776524,7.378787945333026,1097.922642831191
P3,P2,E_log,S05,"{""max_leaf_nodes"":7,""min_samples_leaf"":20}",1340,2603,ok,2603,5.219778738021421,2.284683509377485,1.9249173736816123,0.006555519530795362,3.1054919247043675,2.7111830855682233,0.3943088391361441,0.31335402569042053,0.21435435187542923,0.21099172419694331,1.2508679356168413,0.6840644584129312,13587.084055069758,404.71303599618597,13182.371019073573
P3,P4,E_log,S05,"{""max_leaf_nodes"":7,""min_samples_leaf"":20}",3367,576,ok,576,5.075185487069173,2.2528172333922636,1.9446999317799414,-0.057021377782741745,2.2801567263537543,2.832253521625538,-0.5520967952717837,0.4312393794827603,0.22311243416842572,0.20155118717065532,0.8148198219414065,0.5173749077276583,2923.3068405518434,175.57106189723933,2747.735778654604
P3,P5,E_log,S05,"{""max_leaf_nodes"":7,""min_samples_leaf"":20}",3449,494,ok,494,4.431031979282386,2.1050016577861372,1.7567969314420104,0.07277882579207351,2.866812264339182,2.4948312610899523,0.371981003249229,0.42031033824302055,0.33117715832303113,0.30236298018165225,0.901047798499387,0.787934838118464,2188.9297977654987,68.35471418848165,2120.575083577017
P3,P1,E_log,S05,"{""max_leaf_nodes"":7,""min_samples_leaf"":50}",3673,270,ok,270,4.065512362447037,2.016311573752191,1.6650256578680611,-0.02448083313571847,2.2553727869836906,2.0228252209453963,0.2325475660382943,0.16895800057410418,0.05236018986471663,0.056032199082238686,1.6284979880872386,0.30990062433741705,1097.6883378607,14.601160026990408,1083.0871778337096
P3,P2,E_log,S05,"{""max_leaf_nodes"":7,""min_samples_leaf"":50}",1340,2603,ok,2603,5.196338620735426,2.279547898320065,1.9068419093501972,0.011016715360745333,3.1054919247043675,2.673134283493834,0.43235764121053355,0.33604198887563463,0.23734924809303282,0.2312711072547372,1.2174349757444018,0.7063083065517538,13526.069429774312,486.5869371638942,13039.482492610417
P3,P4,E_log,S05,"{""max_leaf_nodes"":7,""min_samples_leaf"":50}",3367,576,ok,576,4.908857280504652,2.215594114567163,1.9238063435463113,-0.02237979265941825,2.2801567263537543,2.86921919638528,-0.5890624700315252,0.41981413211321605,0.26932577295784965,0.24367106890320445,0.43945004513234087,0.6415357472654531,2827.501793570679,199.86888591339354,2627.6329076572856
P3,P5,E_log,S05,"{""max_leaf_nodes"":7,""min_samples_leaf"":50}",3449,494,ok,494,4.501489590581489,2.1216714143762907,1.776402896376575,0.05803512965399693,2.866812264339182,2.4047306248166205,0.4620816395225614,0.37011050759930775,0.32381841649380033,0.28790221956378076,0.7628566969244259,0.8749235967231046,2223.7358577472555,105.47860414242605,2118.257253604829
P3,P1,E_log,S05,"{""max_leaf_nodes"":15,""min_samples_leaf"":20}",3673,270,ok,270,4.116837195277177,2.0289990624140706,1.7048296068041913,-0.03741433396185401,2.2553727869836906,2.2100548481905196,0.045317938793171066,0.2115375608003435,0.018557762688009526,0.05142687913513767,2.061489141710336,0.08772797898300898,1111.5460427248377,0.5545032056446317,1110.9915395191929
P3,P2,E_log,S05,"{""max_leaf_nodes"":15,""min_samples_leaf"":20}",1340,2603,ok,2603,5.382693537947347,2.320063261626145,1.9369721488537954,-0.0244509305308227,3.1054919247043675,2.681561661757632,0.42393026294673564,0.37892813645498336,0.2023337132551634,0.19261876710754594,1.6736364456627222,0.5339632869389751,14011.151279276944,467.80300699295617,13543.348272283987
P3,P4,E_log,S05,"{""max_leaf_nodes"":15,""min_samples_leaf"":20}",3367,576,ok,576,5.059999472198233,2.249444258522143,1.9238941926390705,-0.053858549073759976,2.2801567263537543,2.692671399058691,-0.41251467270493625,0.4572656505411131,0.2084944585273215,0.17168733488758842,1.052408557046927,0.4559591525858023,2914.5596959861823,98.01697259339176,2816.5427233927912
P3,P5,E_log,S05,"{""max_leaf_nodes"":15,""min_samples_leaf"":20}",3449,494,ok,494,4.720019969564906,2.172560694103828,1.7898755332923992,0.012306280133501324,2.866812264339182,2.307222091107295,0.5595901732318864,0.4152393236896201,0.30134034735863885,0.28457266911166457,1.1924546910003806,0.7257028180305063,2331.689864965064,154.69173401698018,2176.9981309480836
P3,P1,E_log,S05,"{""max_leaf_nodes"":15,""min_samples_leaf"":50}",3673,270,ok,270,4.175302578588135,2.0433557151382464,1.7047706716689623,-0.052147203835101186,2.2553727869836906,2.0715441056244814,0.18382868135920885,0.2150934628664064,0.006121968570451423,0.005915282711602747,2.196412706384618,0.02846189971962901,1127.3316962187964,9.124105704371695,1118.207590514425
P3,P2,E_log,S05,"{""max_leaf_nodes"":15,""min_samples_leaf"":50}",1340,2603,ok,2603,5.242428699052702,2.289635058050235,1.9173384710961907,0.0022447086902004365,3.1054919247043675,2.683930549477774,0.42156137522659337,0.33953427883460724,0.22288075613717676,0.21638350211004131,1.3436772639270211,0.6564307936806157,13646.041903634185,462.5895239948841,13183.452379639302
P3,P4,E_log,S05,"{""max_leaf_nodes"":15,""min_samples_leaf"":50}",3367,576,ok,576,5.128323981531313,2.2645803102410196,1.9531565738910035,-0.06808866286479054,2.2801567263537543,2.865804527901905,-0.5856478015481508,0.4742707738859708,0.24066219441912545,0.19758553850603092,0.8259435543927067,0.5074362741082334,2953.914613362036,197.55840813591294,2756.356205226123
P3,P5,E_log,S05,"{""max_leaf_nodes"":15,""min_samples_leaf"":50}",3449,494,ok,494,4.683648159371787,2.164173782156088,1.7812138587491977,0.019917309057015165,2.866812264339182,2.3604769857947705,0.5063352785444114,0.45339432469715585,0.30782463248999636,0.28668006251809064,1.2642051714102842,0.6789335810403173,2313.7221907296625,126.64945466353146,2187.0727360661313
P3,P1,R_log,B00,{},3673,270,ok,270,1.899348608614759,1.3781685704639905,1.0961950163771614,-0.6277280595954204,1.7064488001878504,2.5622978788718163,-0.8558490786839649,8.2222144617932e-16,,,,,512.8241243259849,197.7689642807317,315.0551600452534
P3,P2,R_log,B00,{},1340,2603,ok,2603,4.626090436937679,2.1508348232576298,1.8804124151009425,-0.5065197035925766,2.9275269962016206,1.6803794880851348,1.247147508116486,1.267128252312252e-16,,,,,12041.71340734878,4048.6460889240207,7993.067318424759
P3,P4,R_log,B00,{},3367,576,ok,576,2.9088388011556607,1.7055318235540669,1.336707327150685,-0.666667751658554,1.582593810997146,2.6612673745210995,-1.0786735635239537,0.0,,,,,1675.4911494656606,670.1971142277879,1005.2940352378728
P3,P5,R_log,B00,{},3449,494,ok,494,2.644976837639422,1.62633847572989,1.204966626158394,-0.3489592200752427,1.7801483863340175,2.6073261763693525,-0.8271777900353339,6.342912065381254e-16,,,,,1306.6185577938745,338.00620958590304,968.6123482079715
P3,P1,R_log,B01,"{""lambda"":0}",3673,270,ok,270,19.036861925817963,4.363125247551113,4.21297188520342,-15.31445337772778,1.7064488001878504,-2.506523085015571,4.21297188520342,0.3789563251355363,0.052819711315666505,0.03246109279550969,2.0558131384377125,0.1393820549024355,5139.95271997085,4792.265668488905,347.6870514819434
P3,P2,R_log,B01,"{""lambda"":0}",1340,2603,ok,2603,4.158216905340541,2.039170641545366,1.7747011100895398,-0.3541533147921172,2.9275269962016206,1.9019136520269342,1.025613344174686,0.10171575687524187,-0.006164355763484398,0.011204199143813223,3.0427900856450965,-0.060603744718187434,10823.838604601428,2738.050750743123,8085.787853858302
P3,P4,R_log,B01,"{""lambda"":0}",3367,576,ok,576,53.463975935783395,7.311906450152613,7.16327912175146,-29.633077547032755,1.582593810997146,8.745872932748604,-7.16327912175146,0.49531307657209184,0.012769522401829199,0.033255208795618794,1.3571190040100343,0.02578070922375621,30795.250139011237,29556.039039045332,1239.2110999659128
P3,P5,R_log,B01,"{""lambda"":0}",3449,494,ok,494,37.16075192878414,6.095961936297186,5.905430472227929,-17.952278986306947,1.7801483863340175,-4.125282085893911,5.905430472227929,0.25829784078313134,-0.19258440265512727,-0.1730360874321561,-1.2956225294701704,-0.7455904473348751,18357.411452819364,17227.80987678518,1129.6015760341907
P3,P1,R_log,B01,"{""lambda"":0.001}",3673,270,ok,270,9.004587158240351,3.0007644289814475,2.7865342583635617,-6.716866254073352,1.7064488001878504,-1.07278188004967,2.77923068023752,0.3679448679685228,0.05168576774367246,0.030891016788382464,1.857144080700938,0.1404715006056128,2431.238532724895,2085.5132569728476,345.72527575204697
P3,P2,R_log,B01,"{""lambda"":0.001}",1340,2603,ok,2603,4.608303957942211,2.1466960562553354,1.8769240170011177,-0.5007274084722189,2.9275269962016206,1.7022570041709042,1.2252699920307164,0.09997169474937097,-0.009143982049094,0.008884996919971274,3.0832251418428016,-0.09146571008942034,11995.415202523576,3907.848898424588,8087.566304098989
P3,P4,R_log,B01,"{""lambda"":0.001}",3367,576,ok,576,42.129619954831945,6.490733391137857,6.323653881587118,-23.138869070521462,1.582593810997146,7.906247692584263,-6.323653881587118,0.48890519188004433,0.012573247944058735,0.033780883906426466,1.3792676565667912,0.02571714956781161,24266.6610939832,23033.432686528413,1233.2284074547892
P3,P5,R_log,B01,"{""lambda"":0.001}",3449,494,ok,494,31.162843486450427,5.582368985157684,5.373690279648496,-14.89329798529593,1.7801483863340175,-3.593541893314479,5.373690279648496,0.2581368893591285,-0.19252308789782496,-0.1729935315528788,-0.8999791363486846,-0.7458178037854193,15394.444682306512,14265.014327464834,1129.4303548416774
P3,P1,R_log,B01,"{""lambda"":0.1}",3673,270,ok,270,1.8327286674852128,1.3537830946961973,1.070400045051552,-0.5706352505063903,1.7064488001878504,2.484788103512301,-0.7783393033244506,0.25649490933105584,0.027936156503106716,-0.012626002484887473,1.4358179735651533,0.10891505245061127,494.83674022100746,163.56925919688956,331.26748102411796
P3,P2,R_log,B01,"{""lambda"":0.1}",1340,2603,ok,2603,4.625146056036867,2.1506152738313906,1.8807984733185774,-0.5062121591435076,2.9275269962016206,1.6909490664302191,1.2365779297714017,0.06966469160978275,-0.02431947006116748,-0.0074245117138402195,3.51782581538471,-0.34909319914009923,12039.255183863963,3980.31231356328,8058.942870300683
P3,P4,R_log,B01,"{""lambda"":0.1}",3367,576,ok,576,2.6286551297345597,1.6213127797357794,1.2833426203225973,-0.5061318396948797,1.582593810997146,2.403461224539139,-0.820867413541993,0.35080784155698036,0.004293827500070995,0.026757133587942197,1.5531758599745085,0.012239827596252723,1514.1053547271065,388.1222269143099,1125.9831278127965
P3,P5,R_log,B01,"{""lambda"":0.1}",3449,494,ok,494,3.1936131260678566,1.787068304813181,1.511177021552403,-0.628768089934348,1.7801483863340175,0.764669481916977,1.0154789044170405,0.18653816867232131,-0.18240965172181672,-0.17666453608632407,2.527893981091078,-0.9778677094350756,1577.6448842775212,509.4115182261202,1068.233366051401
P3,P1,R_log,G02,"{""lambda"":0}",59235,270,ok,270,1.2214175486933057,1.1051776095692971,0.8367874093134571,-0.046746030440586006,1.7064488001878504,1.9209460460444545,-0.21449724585660374,0.16527116433690114,0.06050047288563815,0.08818873036731548,1.0032520590032927,0.36606792920215325,329.7827381471925,12.422448489618445,317.36028965757407
P3,P2,R_log,G02,"{""lambda"":0}",56709,2603,ok,2603,4.552912540450925,2.13375550156313,1.8623639132272969,-0.48268879400972553,2.9275269962016206,1.696470574258257,1.2310564219433633,0.09697560878367133,0.10440227324026853,0.10953833587695182,1.1011359411798718,1.0765828082932098,11851.231342793757,3944.846276162814,7906.385066630942
P3,P4,R_log,G02,"{""lambda"":0}",58850,576,ok,576,1.9443661112740611,1.3944052894600125,1.0787837410328296,-0.11405702295732345,1.582593810997146,1.9495820707155431,-0.3669882597183973,0.2730707647685096,0.06898943086524081,0.10076298138441954,1.0900454505098447,0.2526430499571246,1119.9548800938592,77.57590047617539,1042.3789796176839
P3,P5,R_log,G02,"{""lambda"":0}",58824,494,ok,494,2.040464988937128,1.4284484551208447,1.0719801523828822,-0.040653370153520996,1.7801483863340175,1.9624782639473803,-0.18232987761336278,0.263860796491755,0.08702306048936079,0.11237021776096352,1.1329098918580671,0.3298067073487366,1007.9897045349412,16.422627029628902,991.5670775053123
P3,P1,R_log,G02,"{""lambda"":0.001}",59235,270,ok,270,1.2220640478563987,1.105470057421909,0.8370053055830455,-0.047300075560843924,1.7064488001878504,1.922878221883058,-0.21642942169520746,0.16487704344469484,0.06073422323501639,0.08773904840410912,0.9981360312196805,0.36836070059315834,329.95729292122763,12.647257535336923,317.3100353858907
P3,P2,R_log,G02,"{""lambda"":0.001}",56709,2603,ok,2603,4.559994676151142,2.1354144038455725,1.8639062151475467,-0.48499514256069687,2.9275269962016206,1.6939671289151697,1.2335598672864507,0.09537963199953159,0.10298278579644492,0.10806166171136992,1.0985258737801538,1.0797146480597732,11869.666142021422,3960.9068699059308,7908.759272115494
P3,P4,R_log,G02,"{""lambda"":0.001}",58850,576,ok,576,1.9434124975586298,1.3940633047170525,1.0785175616556901,-0.11351063405931461,1.582593810997146,1.9492183551553626,-0.3666245441582167,0.2711490314914478,0.06827546840346192,0.09918652210559752,1.0917796063996439,0.25180052470744446,1119.4055985937707,77.42220847443083,1041.98339011934
P3,P5,R_log,G02,"{""lambda"":0.001}",58824,494,ok,494,2.0386594511279004,1.4278163226157279,1.0715357944946287,-0.03973253151316225,1.7801483863340175,1.9612015793993745,-0.18105319306535694,0.2617056954267576,0.08688296226637955,0.11233388350146363,1.1290544063506602,0.33198728107426734,1007.0977688571828,16.19344780726574,990.904321049917
P3,P1,R_log,G02,"{""lambda"":0.1}",59235,270,ok,270,1.2345554698086947,1.1111055169553856,0.8427406621412484,-0.058005134086581034,1.7064488001878504,1.962037196842946,-0.2555883966550956,0.1465373737142887,0.06637040237915195,0.08301174771158201,0.8177936063856972,0.4529247433392502,333.32997684834754,17.637865696275068,315.69211115207247
P3,P2,R_log,G02,"{""lambda"":0.1}",56709,2603,ok,2603,4.764971093158554,2.182881374046367,1.9076985034477132,-0.5517471905811611,2.9275269962016206,1.6281215344993725,1.299405461702248,0.06026259476621691,0.014451655388133077,0.021162555509586914,2.5370849410949314,0.2398113696264975,12403.219755491715,4395.047203805948,8008.172551685766
P3,P4,R_log,G02,"{""lambda"":0.1}",58850,576,ok,576,1.9185790826723954,1.385127821781223,1.069954626213163,-0.09928191442796175,1.582593810997146,1.9317333680762856,-0.3491395570791393,0.20773651471556737,0.03301366102087498,0.05101529776452211,1.2756011251724977,0.15892083809183596,1105.1015516192997,70.21349586283252,1034.888055756467
P3,P5,R_log,G02,"{""lambda"":0.1}",58824,494,ok,494,1.9892223073271977,1.41039792517119,1.0598534388889744,-0.014519195050200384,1.7801483863340175,1.9235595985182057,-0.143411212184188,0.18849078772084127,0.08355528029074313,0.10456915270041883,0.9274618261389754,0.44328575046590724,982.6758198196356,10.159987235388268,972.5158325842474
P3,P1,R_log,P00,"{""lambda"":0}",59235,270,ok,270,1.763175560704406,1.3278462112399938,1.05023243957825,-0.5110287396080435,1.7064488001878504,2.489579597000283,-0.7831307968124327,0.13227651762647522,0.12117320646731002,0.15584955533154338,-0.5741551039456081,0.916059846763437,476.0574013901896,165.58933812734045,310.4680632628492
P3,P2,R_log,P00,"{""lambda"":0}",56709,2603,ok,2603,4.86358953868361,2.205354742140958,1.928361529254274,-0.5838629983774994,2.9275269962016206,1.5749821166768119,1.352544879524809,0.10267320938243853,0.10922426145978836,0.11453028641980299,1.2520533303728516,1.0638048826636792,12659.923569193437,4761.8700258882145,7898.053543305223
P3,P4,R_log,P00,"{""lambda"":0}",58850,576,ok,576,2.806049402995637,1.6751266826707876,1.315242936899268,-0.6077728500030755,1.582593810997146,2.6080478677198897,-1.0254540567227437,0.18496000922416256,0.07824375930480401,0.1239378762057714,0.4793095363409561,0.4230306844869173,1616.284456125487,605.6962689307001,1010.5881871947868
P3,P5,R_log,P00,"{""lambda"":0}",58824,494,ok,494,2.4781954255812937,1.5742285175860884,1.1555700620295017,-0.2638993736783377,1.7801483863340175,2.493827583394449,-0.7136791970604317,0.1834615961749203,0.08046700941808807,0.1045019094338649,0.6863453680240674,0.4386041062314062,1224.228540237159,251.61297018051033,972.6155700566487
P3,P1,R_log,P00,"{""lambda"":0.001}",59235,270,ok,270,1.766459975050688,1.3290823808367516,1.0515243752622963,-0.5138434590158092,1.7064488001878504,2.491785362787266,-0.7853365625994154,0.1318400212234693,0.12170677606661576,0.15686873282510191,-0.5938175403399766,0.9231398397632413,476.94419326368575,166.52344946997567,310.42074379371013
P3,P2,R_log,P00,"{""lambda"":0.001}",56709,2603,ok,2603,4.869629034610629,2.2067235972388177,1.929641709065281,-0.5858298037691907,2.9275269962016206,1.573074635266202,1.3544523609354184,0.10089762531759776,0.10794156266360239,0.11320182626546166,1.244631746857283,1.0698127168387985,12675.644377091467,4775.310738507306,7900.333638584159
P3,P4,R_log,P00,"{""lambda"":0.001}",58850,576,ok,576,2.8070720551197836,1.67543190106903,1.3154228094847074,-0.6083587956098939,1.582593810997146,2.608566381408149,-1.0259725704110028,0.1836007060120246,0.07752274670516161,0.12277007617945872,0.48116432718971613,0.4222355588332237,1616.8735037489953,606.3089559757977,1010.5645477731973
P3,P5,R_log,P00,"{""lambda"":0.001}",58824,494,ok,494,2.47770518544499,1.5740728018249315,1.1554286496764887,-0.2636493473104289,1.7801483863340175,2.493826572261069,-0.7136781859270516,0.18180551814119217,0.08022196390928983,0.10427594020355047,0.6797435838758936,0.44125153476908524,1223.986361609825,251.61225721565484,972.37410439417
P3,P1,R_log,P00,"{""lambda"":0.1}",59235,270,ok,270,1.76718336703344,1.329354492614156,1.0529385004054372,-0.5144634007279685,1.7064488001878504,2.4946114596094797,-0.7881626594216291,0.1131781174844144,0.1356716734068011,0.15571358370063487,-1.2839535739425367,1.1987447434393335,477.1395090990288,167.72410198077523,309.4154071182536
P3,P2,R_log,P00,"{""lambda"":0.1}",56709,2603,ok,2603,5.003737983857655,2.236903659941048,1.9582321428182567,-0.6295033499790839,2.9275269962016206,1.5383335448816853,1.3891934513199353,0.061018536133397056,0.022060740499558442,0.027780551579798526,2.3713553918679953,0.36154162157102343,13024.729971981476,5023.421532830073,8001.308439151402
P3,P4,R_log,P00,"{""lambda"":0.1}",58850,576,ok,576,2.7211725624748206,1.6495976971597712,1.288678088498175,-0.5591412472815671,1.582593810997146,2.5620490729165426,-0.9794552619193967,0.14308276698520161,0.03842903425896965,0.07066065969902247,0.8944810936462567,0.2685790544080278,1567.3953959854966,552.5755834185181,1014.8198125669783
P3,P5,R_log,P00,"{""lambda"":0.1}",58824,494,ok,494,2.4087011689812043,1.5519990879447076,1.1385974516053392,-0.228456750193351,1.7801483863340175,2.4527000483868244,-0.6725516620528066,0.12981373717930347,0.07350754984158789,0.09535757177690478,0.3912971370688212,0.566254014704596,1189.898377476715,223.44891463621633,966.4494628404988
P3,P1,R_log,P02,"{""lambda"":0}",59235,270,ok,270,1.6736388598056633,1.2936919493471633,1.0071112548259058,-0.43429643267109896,1.7064488001878504,2.3684921854077032,-0.6620433852198526,0.24918608668868172,0.006859230392357882,0.03632378464217026,1.6412524090165108,0.027526538433614047,451.8824921475291,118.34138985660779,333.54110229092134
P3,P2,R_log,P02,"{""lambda"":0}",56709,2603,ok,2603,4.842917562182009,2.2006629824173465,1.9202101796858952,-0.5771310201906483,2.9275269962016206,1.5884940602074697,1.3390329359941509,0.17459737169647555,0.10670148100568674,0.09476828648471879,1.9567525386827103,0.6111287928845762,12606.11441435977,4667.202957171532,7938.911457188238
P3,P4,R_log,P02,"{""lambda"":0}",58850,576,ok,576,2.7171971395309527,1.648392289332534,1.298202162496602,-0.556863462339646,1.582593810997146,2.4736199721521235,-0.8910261611549772,0.32866303479270914,0.009203973661640295,0.03445222347722823,1.5133218495581144,0.02800428611463823,1565.1055523698287,457.30230904084345,1107.803243328985
P3,P5,R_log,P02,"{""lambda"":0}",58824,494,ok,494,2.4982422092100687,1.580582870086244,1.1617504713565083,-0.2741233927412132,1.7801483863340175,2.4498392360833545,-0.6696908497493371,0.3128470951547667,0.08387684406064755,0.1040286681471183,1.123326613777794,0.268108112108739,1234.1316513497738,221.55200211356666,1012.5796492362072
P3,P1,R_log,P02,"{""lambda"":0.001}",59235,270,ok,270,1.6691833616871137,1.2919687928456762,1.0063211291560286,-0.4304781029162852,1.7064488001878504,2.373395755732359,-0.6669469555445084,0.23520921807827364,0.01286365044280009,0.043665033234718535,1.5766471979649037,0.05469024789036658,450.6795076555207,120.1009252077239,330.57858244779686
P3,P2,R_log,P02,"{""lambda"":0.001}",56709,2603,ok,2603,4.868192961957611,2.2063981875349725,1.9268641691445996,-0.5853621363560577,2.9275269962016206,1.5769963435149437,1.3505306526866765,0.15346239835269235,0.10479934325076859,0.09511015599478445,1.8505975145614033,0.6828991621121107,12671.906279975661,4747.69771313192,7924.208566843739
P3,P4,R_log,P02,"{""lambda"":0.001}",58850,576,ok,576,2.7086605795141114,1.6458008930347898,1.2951854737535387,-0.5519722977675443,1.582593810997146,2.4856062811583044,-0.9030124701611586,0.3094196411150042,0.017748258531750737,0.038672907810916986,1.4400198530959267,0.05735983167647101,1560.188493800128,469.68855624953704,1090.4999375505913
P3,P5,R_log,P02,"{""lambda"":0.001}",58824,494,ok,494,2.4902571111700147,1.5780548504947522,1.1595273131977193,-0.2700509292432156,1.7801483863340175,2.4504144647815553,-0.6702660784475383,0.303596877896386,0.08439576518499849,0.10449334848505124,1.098966797087873,0.2779862749899615,1230.1870129179872,221.93276826321613,1008.2542446547711
P3,P1,R_log,P02,"{""lambda"":0.1}",59235,270,ok,270,1.6426796344930283,1.2816706419720427,1.000045914751081,-0.40776459985423363,1.7064488001878504,2.37285938651164,-0.6664105863237896,0.19232482433656367,0.025522877787402993,0.05197820460604769,1.3915534124627262,0.1327071420730305,443.52350131311766,119.90782878239258,323.6156725307251
P3,P2,R_log,P02,"{""lambda"":0.1}",56709,2603,ok,2603,4.997126184494671,2.2354252804544084,1.9568179322326191,-0.6273501698473243,2.9275269962016206,1.5389994834956189,1.3885275127060017,0.06357777565496057,0.03587638986950157,0.039988975994919455,2.0590828754368773,0.5642913659673203,13007.519458239629,5018.606525168566,7988.912933071064
P3,P4,R_log,P02,"{""lambda"":0.1}",58850,576,ok,576,2.645600229642321,1.626530119500503,1.275077241881902,-0.5158408175707516,1.582593810997146,2.4804921688621566,-0.8978983578650107,0.25845525602003316,0.02494889690279046,0.041707961429861114,1.3431498765146361,0.09653081654047178,1523.865732273977,464.38356156864927,1059.482170705328
P3,P5,R_log,P02,"{""lambda"":0.1}",58824,494,ok,494,2.4406120399274847,1.562245832104373,1.145535825775546,-0.2447315481314809,1.7801483863340175,2.4427541427597426,-0.6626057564257253,0.25655880210653437,0.0877148237495692,0.10897241699518259,0.9449957923227303,0.34188974624673424,1205.6623477241774,216.88891589356274,988.7734318306145
P3,P1,R_log,S01,"{""lambda"":0}",3673,270,ok,270,12.81046333147055,3.579170760311744,3.3973897908026487,-9.978474686782578,1.7064488001878504,-1.6858935397831027,3.392342339970953,0.3417429141123635,0.0008412937363705259,-0.010800141279705928,1.7105990886551066,0.002461773753394964,3458.825099497048,3107.156368921092,351.668730575956
P3,P2,R_log,S01,"{""lambda"":0}",1340,2603,ok,2603,4.093565499587719,2.023256162621955,1.7604394931976173,-0.3330991183903582,2.9275269962016206,1.9189617484912684,1.008565247710352,0.09204373526791697,0.03603016105217023,0.05416366106896375,2.176356906788763,0.39144609839328204,10655.550995426831,2647.78164468818,8007.769350738652
P3,P4,R_log,S01,"{""lambda"":0}",3367,576,ok,576,35.89615364580248,5.991339887354287,5.823803298031579,-19.567300486458997,1.582593810997146,7.406397109028723,-5.823803298031579,0.42139058682316594,0.05149656677099372,0.06946493436172645,0.677485735059877,0.12220625799741451,20676.184499982228,19536.01047599817,1140.1740239840567
P3,P5,R_log,S01,"{""lambda"":0}",3449,494,ok,494,26.75775838745711,5.172790193643766,4.951353625714522,-12.646669555533784,1.7801483863340175,-3.1712052393805057,4.951353625714522,0.2711983122656108,-0.12871704287760247,-0.11130870988102608,0.27502043269380616,-0.4746233182732246,13218.332643403812,12110.855947076914,1107.476696326893
P3,P1,R_log,S01,"{""lambda"":0.001}",3673,270,ok,270,5.98672758078665,2.4467790216500243,2.1875383020265975,-4.130582360816497,1.7064488001878504,-0.45792319451241076,2.1643719947002613,0.3381369742356508,-0.002451339732615675,-0.01753500517746273,1.7031290646761335,-0.007249546542956024,1616.4164468123954,1264.8166554895529,351.5997913228424
P3,P2,R_log,S01,"{""lambda"":0.001}",1340,2603,ok,2603,4.505840171073431,2.1226964387479974,1.8549853945446286,-0.46735933754347325,2.9275269962016206,1.7322688434667508,1.19525815273487,0.09044532538450249,0.033548464495765866,0.052767547618108875,2.284984559153531,0.37092535576763236,11728.70196530414,3718.7552605208894,8009.946704783251
P3,P4,R_log,S01,"{""lambda"":0.001}",3367,576,ok,576,27.709953338149433,5.264024443156532,5.080045419187996,-14.876880358687691,1.582593810997146,6.655831893997064,-5.073238082999918,0.4167388483274276,0.0523845735305245,0.07081597851765606,0.7459477515830775,0.12570120050187036,15960.933122774073,14824.940916557192,1135.9922062168828
P3,P5,R_log,S01,"{""lambda"":0.001}",3449,494,ok,494,22.78726029911906,4.773600349748506,4.5327934276405335,-10.621683957045567,1.7801483863340175,-2.752645041306516,4.5327934276405335,0.2711577322941267,-0.12801362066134908,-0.11058456311189728,0.4806241015132138,-0.472100203738582,11256.906587764815,10149.830831284642,1107.0757564801718
P3,P1,R_log,S01,"{""lambda"":0.1}",3673,270,ok,270,1.9492504532543897,1.3961555977950273,1.1030138092760946,-0.670493580562495,1.7064488001878504,2.5280895065845166,-0.8216407063966659,0.27608528920941755,-0.02846996198743417,-0.05681556305363754,1.9671458201536551,-0.1031201701074302,526.2976223786852,182.27523161016325,344.022390768522
P3,P2,R_log,S01,"{""lambda"":0.1}",1340,2603,ok,2603,4.514334602301132,2.1246963553178917,1.8571926344127248,-0.47012561031522115,2.9275269962016206,1.726807062800148,1.2007199334014729,0.06129916272456378,0.02562197658689684,0.044734635403263674,2.20575188269874,0.4179824886356833,11750.812969789848,3752.81891709126,7997.994052698587
P3,P4,R_log,S01,"{""lambda"":0.1}",3367,576,ok,576,1.991015837180711,1.4110336059714208,1.089547966616595,-0.14078576219218064,1.582593810997146,1.923089759705018,-0.3404959487078721,0.328988728285773,0.05148526260626049,0.07573375786099268,1.2816388761283184,0.1564955215168901,1146.8251222160895,66.77999486580894,1080.0451273502804
P3,P5,R_log,S01,"{""lambda"":0.1}",3449,494,ok,494,3.392738388415029,1.8419387580522402,1.5573325165637397,-0.730323557177248,1.7801483863340175,0.659370620688784,1.1207777656452333,0.22006933733300585,-0.0937209781297469,-0.082001097984742,2.060954700697845,-0.425870224655285,1676.0127638770243,620.5345431825725,1055.4782206944517
P3,P1,R_log,S02,"{""lambda"":0}",3673,270,ok,270,13.501754762993006,3.6744733994129017,3.4995480135521624,-10.570906458045279,1.7064488001878504,-1.789160695539289,3.4956094957271397,0.3255136323007202,0.010587001872041578,-0.005738704023331909,1.7646394433851178,0.0325239892326874,3645.4737860081113,3299.207151586792,346.26663442131985
P3,P2,R_log,S02,"{""lambda"":0}",1340,2603,ok,2603,42.164686459873764,6.493434103760025,6.249460344415416,-12.73123414112336,2.9275269962016206,-3.3215169028758003,6.249043899077421,0.2054806928820183,0.0683305361149267,0.05173519161860839,4.032064008925291,0.332539934319573,109754.6788550514,101648.5807457093,8106.098109342087
P3,P4,R_log,S02,"{""lambda"":0}",3367,576,ok,576,36.11060920885569,6.009210364836273,5.842467406254162,-19.69017638145963,1.582593810997146,7.425061217251308,-5.842467406254162,0.4202111423414548,0.05269957385746626,0.0706597477237764,0.6514010781381415,0.12541212868326004,20799.71090430088,19661.42902644993,1138.2818778509481
P3,P5,R_log,S02,"{""lambda"":0}",3449,494,ok,494,27.052864815837495,5.201236854425829,4.982134621973102,-12.7971761806967,1.7801483863340175,-3.2019862356390845,4.982134621973102,0.2639345277713247,-0.12932755440344354,-0.11202558979825492,0.2111795493068458,-0.48999862009526135,13364.115219023723,12261.902703382751,1102.2125156409693
P3,P1,R_log,S02,"{""lambda"":0.001}",3673,270,ok,270,6.296146072100901,2.509212241342071,2.257510151109931,-4.395751776365342,1.7064488001878504,-0.5323807612448802,2.238829561432731,0.323043689756318,0.006438663632155529,-0.013584815891181668,1.7170598127368724,0.019931247185210194,1699.959439467243,1353.33660738917,346.622832078073
P3,P2,R_log,S02,"{""lambda"":0.001}",1340,2603,ok,2603,8.26909548945336,2.8756035000419233,2.562554796143401,-1.692890563980518,2.9275269962016206,0.6411189351985204,2.2864080610031,0.16136115014146743,0.11022671464619578,0.10225430668493363,2.4895750241039734,0.6831056580196571,21524.455559047095,13607.603721156147,7916.851837890948
P3,P4,R_log,S02,"{""lambda"":0.001}",3367,576,ok,576,27.887881992420848,5.280897839612204,5.097668824111444,-14.978827551516787,1.582593810997146,6.673694713431112,-5.091100902433966,0.4153937199050298,0.05371390597248031,0.07220073431026823,0.7196288860381609,0.12930842089948005,16063.420027634409,14929.52163768803,1133.898389946381
P3,P5,R_log,S02,"{""lambda"":0.001}",3449,494,ok,494,22.97071645224392,4.792777530017841,4.554124749830756,-10.715248053984192,1.7801483863340175,-2.7739763634967387,4.554124749830756,0.2641646104069532,-0.1284682806852052,-0.11147306018906535,0.4311108542784228,-0.4863190435967032,11347.533927408496,10245.585805088398,1101.9481223200978
P3,P1,R_log,S02,"{""lambda"":0.1}",3673,270,ok,270,1.922835923518611,1.386663594214044,1.0924121077135158,-0.6478565190789254,1.7064488001878504,2.516377667799315,-0.8099288676114645,0.26845165098577844,-0.02536026997507858,-0.05767072095654858,1.9441676474376663,-0.09446866831309621,519.165699350025,177.1158880594051,342.04981129061986
P3,P2,R_log,S02,"{""lambda"":0.1}",1340,2603,ok,2603,4.386708335690155,2.0944470238442783,1.829254157565362,-0.4285631964440664,2.9275269962016206,1.7672758315402155,1.1602511646614049,0.06750367639070422,0.10656955074695512,0.11602020445853134,0.13748945331117346,1.5787221740359991,11418.601797801475,3504.113737550475,7914.488060251001
P3,P4,R_log,S02,"{""lambda"":0.1}",3367,576,ok,576,1.959124158457652,1.399687164497,1.0804800714520364,-0.12251289246393693,1.582593810997146,1.904917468764558,-0.32232365776741195,0.3227937842583355,0.06383316856542362,0.08843631514195364,1.205892264013352,0.19775216152965694,1128.4555152716075,59.84210324538069,1068.6134120262268
P3,P5,R_log,S02,"{""lambda"":0.1}",3449,494,ok,494,3.3622313040118295,1.8336388150374188,1.5478510145829116,-0.714764701539012,1.7801483863340175,0.6707866536244279,1.1093617327095895,0.22192285475477852,-0.08529225205857704,-0.07321099447142677,2.03795375929429,-0.3843328897008993,1660.9422641818437,607.9576262762088,1052.9846379056348
P3,P1,R_log,S03,"{""control_lambda"":0.001,""difference_penalty"":0.01,""n_knots"":3}",3673,270,ok,270,6.241942878733733,2.4983880560741025,2.245892815086922,-4.349300030559836,1.7064488001878504,-0.5198005944991402,2.226249394686991,0.32553052235635754,0.006276006768088537,-0.016858500583323836,1.7164702016389926,0.01927931894883331,1685.3245772581079,1338.1703191829322,347.15425807517596
P3,P2,R_log,S03,"{""control_lambda"":0.001,""difference_penalty"":0.01,""n_knots"":3}",1340,2603,ok,2603,10.040457696018557,3.168668126519178,2.8445908779255777,-2.269747437569054,2.9275269962016206,0.28321853800433505,2.6443084581972855,0.12112224627132998,0.09097403869343826,0.09544966351637704,2.714803611123481,0.7510927306421009,26135.311382736305,18201.131879109915,7934.179503626389
P3,P4,R_log,S03,"{""control_lambda"":0.001,""difference_penalty"":0.01,""n_knots"":3}",3367,576,ok,576,29.223701171973378,5.405895038934198,5.215069440856592,-15.744207450781975,1.582593810997146,6.790508088074265,-5.207914277077118,0.4584664787878202,0.006760993226620656,0.03623724206060136,1.482454365011542,0.014746973965243102,16832.851875056665,15622.485763613002,1210.3661114436627
P3,P5,R_log,S03,"{""control_lambda"":0.001,""difference_penalty"":0.01,""n_knots"":3}",3449,494,ok,494,22.018488063998262,4.692386180185755,4.448994635448582,-10.229604003850367,1.7801483863340175,-2.668846249114565,4.448994635448582,0.26617089845159375,-0.1200121665098243,-0.10496589295038279,0.5768086437058195,-0.45088387651683814,10877.133103615142,9778.015313527627,1099.117790087513
P3,P1,R_log,S03,"{""control_lambda"":0.1,""difference_penalty"":0.01,""n_knots"":3}",3673,270,ok,270,1.9424069755349596,1.3937026137361441,1.0948210499865474,-0.6646287695116913,1.7064488001878504,2.518476961166143,-0.8120281609782928,0.2845768456226434,-0.03259671681549334,-0.06311903713584385,1.994926522716042,-0.11454451518770944,524.4498833944391,178.0352282398828,346.4146551545563
P3,P2,R_log,S03,"{""control_lambda"":0.1,""difference_penalty"":0.01,""n_knots"":3}",1340,2603,ok,2603,4.317432084647055,2.0778431328295826,1.8126848779416862,-0.40600288582970134,2.9275269962016206,1.7924417110397006,1.13508528516192,0.10823448421059503,0.11685104634626209,0.12023284270864903,0.9923887546579833,1.079610137180509,11238.275716336284,3353.7536277506783,7884.522088585605
P3,P4,R_log,S03,"{""control_lambda"":0.1,""difference_penalty"":0.01,""n_knots"":3}",3367,576,ok,576,2.023302672683158,1.4224284420255235,1.1024190353298495,-0.15928504359397366,1.582593810997146,1.7931443023648252,-0.2105504913676795,0.37789439004428,0.011801716383476595,0.05702162963002957,1.5265935605338432,0.03123019736306155,1165.4223394654991,25.53494942313866,1139.8873900423605
P3,P5,R_log,S03,"{""control_lambda"":0.1,""difference_penalty"":0.01,""n_knots"":3}",3449,494,ok,494,3.312265119042018,1.8199629444145333,1.5286321070796265,-0.6892815498728648,1.7801483863340175,0.6942007896423277,1.08594759669169,0.2411828798905978,-0.06150742843739669,-0.03976904157363642,1.957186264849599,-0.25502402353474213,1636.258968806757,582.565398283666,1053.6935705230912
P3,P1,R_log,S03,"{""control_lambda"":0.001,""difference_penalty"":1,""n_knots"":3}",3673,270,ok,270,6.296813774028945,2.5093452879245106,2.2530161614409736,-4.396323992102251,1.7064488001878504,-0.525537953913038,2.231986754100889,0.35787954440084185,0.001523336596039657,-0.012247964766666548,1.708685785258187,0.004256562354213381,1700.1397189878153,1345.076515030092,355.0632039577238
P3,P2,R_log,S03,"{""control_lambda"":0.001,""difference_penalty"":1,""n_knots"":3}",1340,2603,ok,2603,7.1618946128106264,2.6761716336607835,2.3743807260201515,-1.3323226158966008,2.9275269962016206,0.9104887046628684,2.0170382915387526,0.08303919320499267,-0.0030657818815503653,0.032643501423088896,2.9611419636209315,-0.03691969735281631,18642.41167714606,10590.158351195882,8052.253325950184
P3,P4,R_log,S03,"{""control_lambda"":0.001,""difference_penalty"":1,""n_knots"":3}",3367,576,ok,576,30.864796181467902,5.55560943384863,5.36263014860395,-16.684500233127167,1.582593810997146,6.9384812462955,-5.355887435298355,0.48934296302253716,-0.009390426598865489,0.026850595326953944,1.7157423464302428,-0.019189867451783582,17778.122600525512,16522.86540648199,1255.2571940435214
P3,P5,R_log,S03,"{""control_lambda"":0.001,""difference_penalty"":1,""n_knots"":3}",3449,494,ok,494,24.518120893560525,4.951577616634977,4.718173361442394,-11.504436624029426,1.7801483863340175,-2.9380249751083767,4.718173361442394,0.2683665969865636,-0.1472751091245048,-0.12879813103186502,0.16780931851303027,-0.5487833090191863,12111.9517214189,10997.012975100564,1114.9387463183375
P3,P1,R_log,S03,"{""control_lambda"":0.1,""difference_penalty"":1,""n_knots"":3}",3673,270,ok,270,2.0307110584835057,1.4250301956392033,1.1294816519105393,-0.7403047317548832,1.7064488001878504,2.5567317291566214,-0.8502829289687713,0.3088608605126434,-0.04098956862897192,-0.06322543646137539,2.0457579975532623,-0.13271208453197333,548.2919857905465,195.20488600984243,353.0870997807042
P3,P2,R_log,S03,"{""control_lambda"":0.1,""difference_penalty"":1,""n_knots"":3}",1340,2603,ok,2603,4.586279228221772,2.14155999874432,1.8726991575391576,-0.49355489644668515,2.9275269962016206,1.7005259744986516,1.227001021702969,0.059666491392210606,0.0024501486280086413,0.032752424370135994,2.857696488556673,0.04106406411436011,11938.084831061275,3918.898513398118,8019.186317663156
P3,P4,R_log,S03,"{""control_lambda"":0.1,""difference_penalty"":1,""n_knots"":3}",3367,576,ok,576,2.1124068298526195,1.4534121335163745,1.124996583182275,-0.21033875796070167,1.582593810997146,1.8228350563109723,-0.2402412453138263,0.410049035297531,-0.011131941114135908,0.04149449632743455,1.6320798255000522,-0.02714782905429484,1216.746333995109,33.24433302716432,1183.5020009679447
P3,P5,R_log,S03,"{""control_lambda"":0.1,""difference_penalty"":1,""n_knots"":3}",3449,494,ok,494,3.4308473468081235,1.8522546657541785,1.5662077985385063,-0.7497594290004994,1.7801483863340175,0.6469769421705553,1.1331714441634622,0.22986722744759663,-0.09142394952197054,-0.07617562118182741,2.0374673089123307,-0.3977250282135699,1694.838589323213,634.3342958025482,1060.504293520665
P3,P1,R_log,S03,"{""control_lambda"":0.001,""difference_penalty"":0.01,""n_knots"":5}",3673,270,ok,270,6.44245703711748,2.5381995660541508,2.284283028758775,-4.52113921819871,1.7064488001878504,-0.5582211308127826,2.264669931000633,0.35056336849149083,-0.004221789882436933,-0.027003935411514086,1.6997262143901128,-0.01204287230751955,1739.4634000217195,1384.7570720221713,354.70632799954797
P3,P2,R_log,S03,"{""control_lambda"":0.001,""difference_penalty"":0.01,""n_knots"":5}",1340,2603,ok,2603,10.974147938723508,3.3127251529101396,2.983607293193391,-2.5738103967485295,2.9275269962016206,0.11327358453820106,2.8142534116634197,0.11571855799864836,0.08120019804560213,0.0900973462666783,2.8480424462995675,0.7017041989630619,28565.70708449729,20615.81795594909,7949.889128548204
P3,P4,R_log,S03,"{""control_lambda"":0.001,""difference_penalty"":0.01,""n_knots"":5}",3367,576,ok,576,29.160430003135918,5.400039814958397,5.211644165943901,-15.707955178339361,1.582593810997146,6.787364011585542,-5.204770200588396,0.4477347113585912,0.015599156327853612,0.03984979614226816,1.3461208514861438,0.03484017640830223,16796.40768180629,15603.62851637739,1192.7791654289072
P3,P5,R_log,S03,"{""control_lambda"":0.001,""difference_penalty"":0.01,""n_knots"":5}",3449,494,ok,494,22.035378009109973,4.694185553331906,4.450293134708147,-10.238218010166332,1.7801483863340175,-2.6701447483741294,4.450293134708147,0.26143227112905926,-0.13217210104808141,-0.11623956753291166,0.43020547388887853,-0.5055691880626056,10885.476736500326,9783.72383850625,1101.7528979940762
P3,P1,R_log,S03,"{""control_lambda"":0.1,""difference_penalty"":0.01,""n_knots"":5}",3673,270,ok,270,1.9925534110724277,1.4115783403950444,1.1107729834963274,-0.7076039031142376,1.7064488001878504,2.5326683445542137,-0.8262195443663634,0.3090602194491343,-0.04379277725938646,-0.07105508539633489,2.065319252304435,-0.14169658371899896,537.9894209895555,184.3124585830995,353.676962406456
P3,P2,R_log,S03,"{""control_lambda"":0.1,""difference_penalty"":0.01,""n_knots"":5}",1340,2603,ok,2603,4.369868576260468,2.090423061550094,1.8246068285218284,-0.42307920737588534,2.9275269962016206,1.7713462492501717,1.156180746951449,0.1011123744110793,0.11110438537521336,0.11817392290549165,0.9811348018149246,1.0988208517734028,11374.767904006,3479.5704527740104,7895.197451231989
P3,P4,R_log,S03,"{""control_lambda"":0.1,""difference_penalty"":0.01,""n_knots"":5}",3367,576,ok,576,2.0046396980717045,1.4158529931005213,1.0972458530877696,-0.1485917807281958,1.582593810997146,1.7970625791209853,-0.21446876812383947,0.36981202468797614,0.019636756546195188,0.058221600369333174,1.4871710610358633,0.053099291627316504,1154.672466089302,26.49418704032096,1128.178279048981
P3,P5,R_log,S03,"{""control_lambda"":0.1,""difference_penalty"":0.01,""n_knots"":5}",3449,494,ok,494,3.3619630528554714,1.8335656663603492,1.5444910035706998,-0.7146278913161339,1.7801483863340175,0.6711775220606421,1.1089708642733753,0.23279904187562497,-0.07134128422078893,-0.05148415252260993,1.9858307893978362,-0.30645007662404244,1660.8097481106029,607.5292906367752,1053.2804574738277
P3,P1,R_log,S03,"{""control_lambda"":0.001,""difference_penalty"":1,""n_knots"":5}",3673,270,ok,270,6.969329179058028,2.6399487076566523,2.400670704296713,-4.972664844071699,1.7064488001878504,-0.6822233865245053,2.388672186712356,0.31044562147108146,0.02174675091575508,-0.0072843905002513325,1.7542386256179807,0.07005011316540928,1881.7188783456675,1540.5538002047608,341.1650781409067
P3,P2,R_log,S03,"{""control_lambda"":0.001,""difference_penalty"":1,""n_knots"":5}",1340,2603,ok,2603,10.834808556095812,3.291627037818199,2.9628929155819623,-2.528433522198276,2.9275269962016206,0.13841677808971736,2.789110218111903,0.1010969075902835,0.07477342474501943,0.08898241048265568,2.8251510008656933,0.73962128543095,28203.0066715174,20249.09051024452,7953.916161272877
P3,P4,R_log,S03,"{""control_lambda"":0.001,""difference_penalty"":1,""n_knots"":5}",3367,576,ok,576,29.01742881166486,5.3867827886099935,5.195246832894271,-15.626020258405376,1.582593810997146,6.770332256401701,-5.1877384454045545,0.4611077803882759,0.007200995551755195,0.03908043495622427,1.4768633624213254,0.015616729662838464,16714.03899551896,15501.674982486795,1212.3640130321676
P3,P5,R_log,S03,"{""control_lambda"":0.001,""difference_penalty"":1,""n_knots"":5}",3449,494,ok,494,23.924034878256073,4.891220182966217,4.658076812467953,-11.20144803204692,1.7801483863340175,-2.8779284261339355,4.658076812467953,0.25605454408842854,-0.13648453549937395,-0.12012942376364602,0.24612864909520749,-0.533029148087444,11818.4732298585,10718.653717880692,1099.8195119778093
P3,P1,R_log,S03,"{""control_lambda"":0.1,""difference_penalty"":1,""n_knots"":5}",3673,270,ok,270,1.8894991625127069,1.374590543584782,1.0802923014113737,-0.6192871553195722,1.7064488001878504,2.502097577748818,-0.795648777560968,0.2584057459166743,-0.01932689584804134,-0.05657746026498387,1.893587747563972,-0.07479282544387968,510.1647738784309,170.92538385325093,339.23939002518
P3,P2,R_log,S03,"{""control_lambda"":0.1,""difference_penalty"":1,""n_knots"":5}",1340,2603,ok,2603,4.335446398069953,2.082173479340747,1.8176190400335244,-0.41186937687397385,2.9275269962016206,1.7870718383012363,1.1404551579003843,0.08804383456669905,0.1104249449807895,0.12129654004648409,0.6861740338697007,1.25420417595664,11285.166974176089,3385.5606285736803,7899.606345602407
P3,P4,R_log,S03,"{""control_lambda"":0.1,""difference_penalty"":1,""n_knots"":5}",3367,576,ok,576,2.079010247811037,1.4418773345229603,1.115554646348418,-0.19120362875305674,1.582593810997146,1.8094535234868627,-0.22685971248971656,0.39833688321902816,-0.0038201794042275264,0.054314509730605795,1.5999470548832528,-0.009590323078686581,1197.5099027391573,29.64402959092811,1167.8658731482292
P3,P5,R_log,S03,"{""control_lambda"":0.1,""difference_penalty"":1,""n_knots"":5}",3449,494,ok,494,3.33820471474225,1.8270754540363816,1.541811857137388,-0.7025109499518769,1.7801483863340175,0.6798075668000975,1.10034081953392,0.21745839645571424,-0.08675385665970659,-0.0741970963196624,2.051353955618026,-0.3989446168723778,1649.0731290826716,598.1104600514938,1050.9626690311775
P3,P1,R_log,S04,"{""control_lambda"":0.001}",3673,270,ok,270,6.088170913931642,2.4674219164811766,2.210207862180017,-4.217518565718565,1.7064488001878504,-0.48185848616244403,2.1883072863502946,0.33623755508268127,-0.0008790272973248413,-0.021434586188562605,1.705189075459361,-0.002614304333460601,1643.8061467615435,1292.9459704633232,350.86017629822015
P3,P2,R_log,S04,"{""control_lambda"":0.001}",1340,2603,ok,2603,5.617776428490026,2.370184893313183,2.0869851228476706,-0.8294693965171547,2.9275269962016206,1.315450018008461,1.6120769781931596,0.11604815881657349,0.13060607815491695,0.1412541135116495,1.4470574255257305,1.1254472236940345,14623.072043359536,6764.656053963873,7858.415989395666
P3,P4,R_log,S04,"{""control_lambda"":0.001}",3367,576,ok,576,27.627244986476374,5.2561625723027605,5.0731450006069885,-14.829491227852541,1.582593810997146,6.6492569076471035,-5.0666630966499575,0.41261386877079337,0.0598985163422189,0.07971242283282595,0.6173314829692038,0.1451684513675241,15913.293112210391,14786.539162533812,1126.7539496765794
P3,P5,R_log,S04,"{""control_lambda"":0.001}",3449,494,ok,494,22.088505037460042,4.6998409587410555,4.455614107034149,-10.265313217091464,1.7801483863340175,-2.6754657207001316,4.455614107034149,0.2711701188555417,-0.12325954399550644,-0.10655952352664,0.5640236669109806,-0.45454692617208875,10911.72148850526,9807.133552976049,1104.5879355292093
P3,P1,R_log,S04,"{""control_lambda"":0.1}",3673,270,ok,270,1.967250709279342,1.402587148550614,1.1045474673724973,-0.6859196701591199,1.7064488001878504,2.529367663882181,-0.8229188636943304,0.2910369320556187,-0.03584691485747043,-0.06402998608910523,2.0179901109418266,-0.12316964243775046,531.1576915054223,182.84277318047134,348.314918324951
P3,P2,R_log,S04,"{""control_lambda"":0.1}",1340,2603,ok,2603,4.235301484963626,2.057984811645515,1.794938304644669,-0.37925646390439516,2.9275269962016206,1.8228187768982171,1.1047082193034032,0.10686055490877842,0.13844370010519425,0.1438062605975245,0.5659654610735356,1.2955547556661746,11024.489765360318,3176.649790220279,7847.839975140039
P3,P4,R_log,S04,"{""control_lambda"":0.1}",3367,576,ok,576,1.9031964853397498,1.3795638750488322,1.0687250542348845,-0.0904681984871254,1.582593810997146,1.8093356325598582,-0.2267418215627121,0.3321017113912041,0.07419508294290415,0.10169665535186868,1.1783688319478927,0.22341072146871582,1096.241175555696,29.613227699852224,1066.6279478558436
P3,P5,R_log,S04,"{""control_lambda"":0.1}",3449,494,ok,494,3.4065944911553263,1.845696207710068,1.5564995097317427,-0.7373902797586509,1.7801483863340175,0.6540733018384274,1.12607508449559,0.23990644779799677,-0.06903127019247382,-0.04921226584470188,1.9683530437716112,-0.28774245471967763,1682.8576786307312,626.4142773853446,1056.4434012453864
P3,P1,R_log,G05,"{""max_leaf_nodes"":7,""min_samples_leaf"":20}",59235,270,ok,270,1.1626622897983094,1.0782681901077809,0.8115425227313463,0.003606802693047806,1.7064488001878504,1.8246610260556313,-0.11821222586778081,0.14478152529586363,0.1262047129636088,0.1757913914786304,0.11590870483623705,0.8716907264632505,313.91881824554355,3.773015193046111,310.1458030524975
P3,P2,R_log,G05,"{""max_leaf_nodes"":7,""min_samples_leaf"":20}",56709,2603,ok,2603,4.771349278266226,2.1843418409823645,1.909036573610509,-0.5538242925463857,2.9275269962016206,1.6190516554164693,1.3084753407851513,0.08342717392519869,0.06410395017139664,0.08015183817626544,1.6834766255539075,0.768382136842759,12419.822171326987,4456.616388503654,7963.205782823333
P3,P4,R_log,G05,"{""max_leaf_nodes"":7,""min_samples_leaf"":20}",58850,576,ok,576,1.8279445420609857,1.3520149932826135,1.0500949083693607,-0.04735134131974772,1.582593810997146,1.8320654305714281,-0.24947161957428182,0.1725438604504053,0.05239029823115086,0.07226947688602954,1.026315227476016,0.3036346705955937,1052.8960562271277,35.84798724845675,1017.0480689786708
P3,P5,R_log,G05,"{""max_leaf_nodes"":7,""min_samples_leaf"":20}",58824,494,ok,494,1.9645315818067164,1.401617487692957,1.0700989293045187,-0.0019267286938879913,1.7801483863340175,1.719565903303183,0.06058248303083476,0.1446542363701841,0.0721374296149071,0.08781724191037564,0.9226203427011692,0.49868867601153777,970.478601412518,1.8130972015896025,968.6655042109284
P3,P1,R_log,G05,"{""max_leaf_nodes"":7,""min_samples_leaf"":50}",59235,270,ok,270,1.161356560321393,1.0776625447334582,0.8109641038789299,0.004725803437923171,1.7064488001878504,1.8254569575976176,-0.1190081574097672,0.14877493945811207,0.13106147090268935,0.17974732112298844,0.0983347266502661,0.8809378204424682,313.5662712867761,3.82399421311834,309.74227707365776
P3,P2,R_log,G05,"{""max_leaf_nodes"":7,""min_samples_leaf"":50}",56709,2603,ok,2603,4.782258173079216,2.186837482091254,1.9109935658395747,-0.5573768527922824,2.9275269962016206,1.6158545931443973,1.3116724030572235,0.08332728718359675,0.059132870295939687,0.07536935522551313,1.780842358995341,0.7096459310579863,12448.2180245252,4478.421135127795,7969.796889397407
P3,P4,R_log,G05,"{""max_leaf_nodes"":7,""min_samples_leaf"":50}",58850,576,ok,576,1.828036916561694,1.3520491546396136,1.0497907029740396,-0.04740426883204063,1.582593810997146,1.8270871150270354,-0.24449330402988922,0.17634218082516534,0.050874135680458,0.07233636992028236,1.055485223846016,0.2884966911626053,1052.9492639395357,34.43153801210026,1018.5177259274358
P3,P5,R_log,G05,"{""max_leaf_nodes"":7,""min_samples_leaf"":50}",58824,494,ok,494,1.963705898207037,1.4013229100414497,1.0641465987023182,-0.0015056234922081746,1.7801483863340175,1.759799272765547,0.020349113568470415,0.1594104048801061,0.0756451283042981,0.10096202372371661,0.9450696354941267,0.47453068299519974,970.0707137142763,0.20455869297311835,969.8661550213033
P3,P1,R_log,G05,"{""max_leaf_nodes"":15,""min_samples_leaf"":20}",59235,270,ok,270,1.1536298475584346,1.074071621242473,0.8059514278280919,0.011347540551192692,1.7064488001878504,1.8175892985381077,-0.11114049835025698,0.17035632049319013,0.14955292396075132,0.1938240597925923,0.1108179872588333,0.877883036730238,311.48005884077736,3.3350968008567383,308.14496203992064
P3,P2,R_log,G05,"{""max_leaf_nodes"":15,""min_samples_leaf"":20}",56709,2603,ok,2603,4.707358763668323,2.1696448473582777,1.8953977148611614,-0.5329853201140644,2.9275269962016206,1.6391295878675625,1.2883974083340581,0.09671542774097401,0.08762336502425702,0.10364977167279321,1.4424893599680015,0.9059915989714942,12253.254861828646,4320.896396330391,7932.358465498254
P3,P4,R_log,G05,"{""max_leaf_nodes"":15,""min_samples_leaf"":20}",58850,576,ok,576,1.8227584644567782,1.3500957241828366,1.0476151695483913,-0.0443798915793574,1.582593810997146,1.8035259880104222,-0.22093217701327647,0.1886275080821546,0.05080790735765607,0.0608901922571964,1.096803682888955,0.26935576827706004,1049.9088755271043,28.11515145973962,1021.7937240673649
P3,P5,R_log,G05,"{""max_leaf_nodes"":15,""min_samples_leaf"":20}",58824,494,ok,494,1.975772442516992,1.4056217281036147,1.0835703648502912,-0.007659657043552093,1.7801483863340175,1.6522752815904675,0.12787310474354988,0.1608210423459084,0.08252390677721197,0.11232250604751759,0.9322978232529461,0.513141225634591,976.0315866033941,8.07765627287691,967.9539303305171
P3,P1,R_log,G05,"{""max_leaf_nodes"":15,""min_samples_leaf"":50}",59235,270,ok,270,1.1418132544805624,1.0685566220283147,0.8031466938875793,0.021474275598373893,1.7064488001878504,1.7874034213915917,-0.08095462120374106,0.16523753328769605,0.16459380718030342,0.2170009728624152,-0.07399132283018539,0.9961042379743602,308.2895787097518,1.7694856874451244,306.5200930223067
P3,P2,R_log,G05,"{""max_leaf_nodes"":15,""min_samples_leaf"":50}",56709,2603,ok,2603,4.728378400686705,2.1744834790558207,1.8988907420412684,-0.539830516454739,2.9275269962016206,1.6342683362357107,1.2932586599659097,0.10075866891854136,0.07438231190128373,0.08560606552301211,1.7210734133882872,0.7382224546993404,12307.968976987493,4353.564253984464,7954.404723003028
P3,P4,R_log,G05,"{""max_leaf_nodes"":15,""min_samples_leaf"":50}",58850,576,ok,576,1.8391854027847216,1.3561656988674804,1.051652340379726,-0.053791980127815275,1.582593810997146,1.8179329333701248,-0.2353391223729789,0.21112267464623238,0.053320371613948564,0.07229868998415998,1.1234633090794521,0.25255634764619583,1059.3707920039997,31.901473451107552,1027.469318552892
P3,P5,R_log,G05,"{""max_leaf_nodes"":15,""min_samples_leaf"":50}",58824,494,ok,494,1.963376731183579,1.4012054564494028,1.0743632924609319,-0.0013377456927055054,1.7801483863340175,1.6982083492065987,0.08194003712741894,0.15532617017592298,0.084379706746545,0.1105045930977454,0.8576102053031498,0.5432420476921319,969.908105204688,3.3167998241147405,966.5913053805732
P3,P1,R_log,S05,"{""max_leaf_nodes"":7,""min_samples_leaf"":20}",3673,270,ok,270,1.205277534710859,1.0978513263237692,0.8406147854039371,-0.032914154858435296,1.7064488001878504,1.8633022979956968,-0.1568534978078461,0.18839206652401946,0.06279995442122431,0.0458164469824486,1.0853223294923704,0.33334712857039284,325.42493437193195,6.642815339130115,318.78211903280186
P3,P2,R_log,S05,"{""max_leaf_nodes"":7,""min_samples_leaf"":20}",1340,2603,ok,2603,5.747471547458165,2.397388484884785,2.0880623882008016,-0.8717055470742601,2.9275269962016206,1.3903428806624982,1.5371841155391222,0.21940120969317714,-0.12320313967774925,-0.1475308401267961,3.7082638406601083,-0.5615426635525093,14960.668438033603,6150.71981818626,8809.948619847342
P3,P4,R_log,S05,"{""max_leaf_nodes"":7,""min_samples_leaf"":20}",3367,576,ok,576,2.0020608751817015,1.4149420041760374,1.1006239136105531,-0.1471142011021609,1.582593810997146,1.9889710301011503,-0.4063772191040045,0.15998482805744518,-0.08406402001469955,-0.11096070851160178,2.6276985406971676,-0.5254499506947934,1153.18706410466,95.12204786306154,1058.0650162415984
P3,P5,R_log,S05,"{""max_leaf_nodes"":7,""min_samples_leaf"":20}",3449,494,ok,494,2.171928575227875,1.4737464419729314,1.1807335391268314,-0.10770084456139939,1.7801483863340175,1.452477662596093,0.32767072373792466,0.19590734405300442,-0.03716698512853289,-0.05638942882219018,2.055708324866129,-0.18971716097828895,1072.9327161625702,53.03984297829806,1019.8928731842722
P3,P1,R_log,S05,"{""max_leaf_nodes"":7,""min_samples_leaf"":50}",3673,270,ok,270,1.1745710582078106,1.0837762952786016,0.8351625211961001,-0.00659892594857614,1.7064488001878504,1.8273472444391712,-0.12089844425132075,0.18449384490582474,0.10831047304832521,0.10671284484941987,0.6336713068802049,0.5870682195582867,317.13418571610885,3.9464371320452223,313.18774858406357
P3,P2,R_log,S05,"{""max_leaf_nodes"":7,""min_samples_leaf"":50}",1340,2603,ok,2603,5.574714149282972,2.3610832575923646,2.071004308815874,-0.8154458548265227,2.9275269962016206,1.3676794628527162,1.5598475333489044,0.15725575870407393,0.005239865790882304,0.013127068607624578,2.881955012769331,0.033320660776199225,14510.980930583577,6333.422623948004,8177.558306635574
P3,P4,R_log,S05,"{""max_leaf_nodes"":7,""min_samples_leaf"":50}",3367,576,ok,576,2.0776288588861545,1.4413982304991755,1.1158599946489791,-0.19041213890745734,1.582593810997146,2.1152634460896804,-0.5326696350925345,0.15695110388052355,-0.010215516866238419,-0.016040842446955212,1.7202705069604687,-0.06508725720091016,1196.714222718425,163.4324775261776,1033.2817451922474
P3,P5,R_log,S05,"{""max_leaf_nodes"":7,""min_samples_leaf"":50}",3449,494,ok,494,2.0487785404165533,1.4313554905810622,1.1256296853533263,-0.044893347517462434,1.7801483863340175,1.5832764495704472,0.19687193676357043,0.16144103588798525,0.0029020939185195717,-0.01474345817768283,1.7516871160605676,0.01797618494304749,1012.0965989657773,19.1467283856094,992.9498705801678
P3,P1,R_log,S05,"{""max_leaf_nodes"":15,""min_samples_leaf"":20}",3673,270,ok,270,1.2929377625434655,1.1370742115374288,0.8785303626425487,-0.10803833791071105,1.7064488001878504,1.9386852212360677,-0.2322364210482175,0.2826421769072526,0.031964623514107095,0.01675073445294335,1.4871986377129511,0.11309219262274547,349.09319588673566,14.56211392054694,334.53108196618865
P3,P2,R_log,S05,"{""max_leaf_nodes"":15,""min_samples_leaf"":20}",1340,2603,ok,2603,5.2943626529286965,2.300948207354676,1.9954375719052317,-0.7241473687837456,2.9275269962016206,1.562995275604304,1.3645317205973164,0.2728011678675109,-0.07949102092262023,-0.08872626104463824,3.382965259630752,-0.29138812543949927,13781.225985573397,4846.647563391858,8934.578422181537
P3,P4,R_log,S05,"{""max_leaf_nodes"":15,""min_samples_leaf"":20}",3367,576,ok,576,2.0155435041982015,1.4196983849389284,1.1029053590433424,-0.15483929847794164,1.582593810997146,1.968210671017121,-0.38561686001997486,0.18339395673083758,-0.09816463013263305,-0.0975623547464865,2.6361109278510257,-0.5352664388865696,1160.9530584181641,85.65140893343899,1075.3016494847252
P3,P5,R_log,S05,"{""max_leaf_nodes"":15,""min_samples_leaf"":20}",3449,494,ok,494,2.117364034650275,1.455116502088501,1.1576036500215365,-0.07987249496911564,1.7801483863340175,1.4847207985122868,0.29542758782173073,0.23580534917627224,0.042924951135372334,0.032152035863619116,1.5098764525189392,0.1820355275455796,1045.9778331172358,43.11506506520622,1002.8627680520294
P3,P1,R_log,S05,"{""max_leaf_nodes"":15,""min_samples_leaf"":50}",3673,270,ok,270,1.2131938873031423,1.1014508102058587,0.8445936094901606,-0.03969841193776524,1.7064488001878504,1.9003318505745972,-0.19388305038674675,0.22695385362447104,0.09699007978168779,0.11280528722126947,0.894330676369224,0.42735595026367046,327.5623495718484,10.149472051362839,317.41287752048555
P3,P2,R_log,S05,"{""max_leaf_nodes"":15,""min_samples_leaf"":50}",1340,2603,ok,2603,5.0883780685204565,2.255743351651614,1.9690672898830932,-0.6570670037805999,2.9275269962016206,1.5588409110668777,1.3686860851347427,0.21002176863628658,-0.006912827656676547,-0.0001677063247655787,2.978835956374429,-0.03291481498114672,13245.048112358749,4876.204063866741,8368.844048492007
P3,P4,R_log,S05,"{""max_leaf_nodes"":15,""min_samples_leaf"":50}",3367,576,ok,576,1.8884594694817878,1.3742123087360947,1.073947926519529,-0.08202437922963068,1.582593810997146,1.8473195771908886,-0.2647257661937422,0.1930709437942808,-0.011898833249292322,-0.005090162463834592,1.6964428820959465,-0.061629331765066915,1087.7526544215098,40.36592522123359,1047.3867292002765
P3,P5,R_log,S05,"{""max_leaf_nodes"":15,""min_samples_leaf"":50}",3449,494,ok,494,2.02586090580858,1.4233274063997292,1.1166030532310425,-0.033205171626163654,1.7801483863340175,1.5891037951468268,0.19104459118719078,0.18697354048271292,0.054468192835611766,0.0311328808883166,1.3172186491829867,0.29131497801769324,1000.7752874694385,18.03002969600914,982.7452577734294
P3,P1,R_C_log,B00,{},3673,270,ok,270,1.899348608614759,1.3781685704639905,1.0961950163771614,-0.6277280595954204,1.7064488001878504,2.5622978788718163,-0.8558490786839649,8.2222144617932e-16,,,,,512.8241243259849,197.7689642807317,315.0551600452534
P3,P2,R_C_log,B00,{},1340,2603,ok,2603,4.626090436937679,2.1508348232576298,1.8804124151009425,-0.5065197035925766,2.9275269962016206,1.6803794880851348,1.247147508116486,1.267128252312252e-16,,,,,12041.71340734878,4048.6460889240207,7993.067318424759
P3,P4,R_C_log,B00,{},3367,576,ok,576,2.9088388011556607,1.7055318235540669,1.336707327150685,-0.666667751658554,1.582593810997146,2.6612673745210995,-1.0786735635239537,0.0,,,,,1675.4911494656606,670.1971142277879,1005.2940352378728
P3,P5,R_C_log,B00,{},3449,494,ok,494,2.644976837639422,1.62633847572989,1.204966626158394,-0.3489592200752427,1.7801483863340175,2.6073261763693525,-0.8271777900353339,6.342912065381254e-16,,,,,1306.6185577938745,338.00620958590304,968.6123482079715
P3,P1,R_C_log,B01,"{""lambda"":0}",3673,270,ok,270,20.55292491691947,4.53353338103068,4.387343215858207,-16.613708427347063,1.7064488001878504,-2.6808944156703562,4.387343215858207,0.4847975023486687,0.12106730383125001,0.09996138892815092,2.37594205704055,0.24972757335737636,5549.289727568257,5197.170733309,352.11899425925867
P3,P2,R_C_log,B01,"{""lambda"":0}",1340,2603,ok,2603,5.305197902793394,2.3033015223355786,2.008120283064066,-0.7276759460212718,2.9275269962016206,1.4441883410437266,1.483338655157894,0.21414668487116792,0.08107601540963812,0.07042087677738411,2.3807567472793805,0.37860037599187707,13809.430140971206,5727.364152000293,8082.065988970914
P3,P4,R_C_log,B01,"{""lambda"":0}",3367,576,ok,576,61.2387635649504,7.825520018819861,7.673472088485296,-34.08777191248828,1.582593810997146,9.256065899482442,-7.673472088485296,0.6167846059390788,0.024462231981779606,0.017561967175907082,1.2154899159071582,0.03966089903384489,35273.527813411434,33916.13216223142,1357.395651180016
P3,P5,R_C_log,B01,"{""lambda"":0}",3449,494,ok,494,41.192545160432964,6.418141877555604,6.232655336277806,-20.00852559530318,1.7801483863340175,-4.452506949943789,6.232655336277806,0.38544214765763257,-0.06251891095130398,-0.05083816997302591,1.057949511080616,-0.162200504877936,20349.117309253885,19189.92031517111,1159.1969940827662
P3,P1,R_C_log,B01,"{""lambda"":0.001}",3673,270,ok,270,9.717697621807813,3.117322187680929,2.9086321028550475,-7.327996778441081,1.7064488001878504,-1.195927766847493,2.902376567035344,0.4717457160210735,0.12048259361191886,0.0987208766370329,2.011885551871801,0.2553973242791182,2623.7783578881094,2274.4232289564843,349.355128931625
P3,P2,R_C_log,B01,"{""lambda"":0.001}",1340,2603,ok,2603,4.880673778182166,2.20922470069981,1.9224629937932454,-0.5894266041427394,2.9275269962016206,1.5934119453101203,1.3341150508915003,0.21044124960661062,0.08193289962447445,0.07251530596708913,2.3071502344232986,0.3893385910682252,12704.393844608177,4632.983308346645,8071.410536261532
P3,P4,R_C_log,B01,"{""lambda"":0.001}",3367,576,ok,576,48.497453702323725,6.9640113226734295,6.793491551865334,-26.787425721598552,1.582593810997146,8.37608536286248,-6.793491551865334,0.610174130563051,0.023087564249658306,0.015978526842771425,1.2656623003195933,0.03783766484553151,27934.533332538467,26583.279819993022,1351.253512545443
P3,P5,R_C_log,B01,"{""lambda"":0.001}",3449,494,ok,494,34.4499112534069,5.869404676234797,5.666066647610797,-16.5697286852356,1.7801483863340175,-3.885918261276779,5.666066647610797,0.384291487487895,-0.06322636014655916,-0.0511360609574655,1.1408095628444241,-0.1645270899958479,17018.25615918301,15859.529760052721,1158.7263991302902
P3,P1,R_C_log,B01,"{""lambda"":0.1}",3673,270,ok,270,1.8612570801461688,1.3642789597975074,1.0842302345545245,-0.595083894411641,1.7064488001878504,2.4931250105607665,-0.7866762103729158,0.33292070882362995,0.06925132132712897,0.0498698745530847,1.1878502371092443,0.2080114558563432,502.5394116394656,167.09205419100687,335.4473574484588
P3,P2,R_C_log,B01,"{""lambda"":0.1}",1340,2603,ok,2603,4.606205344581036,2.146207199825086,1.8762864127110084,-0.5000439799007432,2.9275269962016206,1.6818445913392472,1.2456824048623734,0.09529419140429647,0.07538404914052,0.08465795912568447,1.5970759639625312,0.7910665700566636,11989.952511944437,4039.139273798987,7950.81323814545
P3,P4,R_C_log,B01,"{""lambda"":0.1}",3367,576,ok,576,3.1412042755098373,1.7723442880856521,1.424412443925676,-0.7998054293294812,1.582593810997146,2.5900658504178597,-1.0074720394207133,0.44787992331869153,-0.019701553474122314,-0.03011926664493974,1.6965268501818387,-0.043988472017540234,1809.3336626936662,584.63994828357,1224.6937144100962
P3,P5,R_C_log,B01,"{""lambda"":0.1}",3449,494,ok,494,3.2474702754980163,1.8020738818089608,1.529700725701782,-0.6562356644162566,1.7801483863340175,0.7425920336705085,1.0375563526635092,0.27723062509218593,-0.054726024712415014,-0.037176496220481706,1.9267379269822822,-0.19740252251791207,1604.25031609602,531.8024533664877,1072.4478627295325
P3,P1,R_C_log,G02,"{""lambda"":0}",59235,270,ok,270,1.1567126276554367,1.075505754357194,0.8227669370269307,0.008705620240885836,1.7064488001878504,1.9046049824360074,-0.19815618224815712,0.3580150545818669,0.2381617294709028,0.2420126983280298,0.4394517541959402,0.6652282534572651,312.3124094669679,10.601785592054513,301.7106238749135
P3,P2,R_C_log,G02,"{""lambda"":0}",56709,2603,ok,2603,4.555156344302881,2.1342812242773634,1.8515940422787505,-0.48341950491130636,2.9275269962016206,1.6695459321874042,1.2579810640142164,0.28382847453972,0.19817771898919984,0.20739528712288668,1.761798979922921,0.6982305750350858,11857.071964220399,4119.290078359939,7737.7818858604605
P3,P4,R_C_log,G02,"{""lambda"":0}",58850,576,ok,576,1.691489176607835,1.3005726341146175,1.0124445190897495,0.030833038320400963,1.582593810997146,1.8786644310653726,-0.2960706200682267,0.3894424045828274,0.298790564232576,0.37075922686701157,0.14123252430575373,0.7672265801476904,974.297765726113,50.49089975092853,923.8068659751845
P3,P5,R_C_log,G02,"{""lambda"":0}",58824,494,ok,494,2.0481721692058565,1.4311436577806773,1.074712068866886,-0.04458409337813807,1.7801483863340175,1.9640205109958129,-0.1838721246617952,0.36953299501711545,0.14777216114132755,0.15546261031997013,0.9947582876168419,0.3998889493872755,1011.7970515876932,16.70162536445552,995.0954262232377
P3,P1,R_C_log,G02,"{""lambda"":0.001}",59235,270,ok,270,1.1563765578560776,1.0753495049778363,0.8226792485628378,0.008993629635221434,1.7064488001878504,1.9071665300507021,-0.20071772986285172,0.3521434097482084,0.23786445343529675,0.2423206160999711,0.41820341003566486,0.6754760897140626,312.22167062114096,10.877653911950112,301.3440167091909
P3,P2,R_C_log,G02,"{""lambda"":0.001}",56709,2603,ok,2603,4.559596923123215,2.135321269299591,1.8532793685007531,-0.4848656114194656,2.9275269962016206,1.6668251125447202,1.2607018836569004,0.2787285070429883,0.19806643052397951,0.2077335998647216,1.7430693895796134,0.7106070083223736,11868.630790889729,4137.128130304116,7731.502660585615
P3,P4,R_C_log,G02,"{""lambda"":0.001}",58850,576,ok,576,1.6932229360000457,1.3012390003377725,1.0128697579451493,0.029839651933027178,1.582593810997146,1.8801124287202906,-0.2975186177231447,0.3837115567706201,0.29682672758807616,0.36936572893163844,0.12820024409104724,0.773567338149049,975.2964111360263,50.98598086572905,924.3104302702973
P3,P5,R_C_log,G02,"{""lambda"":0.001}",58824,494,ok,494,2.0428415642956,1.429280086020791,1.0732695587106387,-0.04186544248488988,1.7801483863340175,1.9623160473098082,-0.18216766097579065,0.3641692723887764,0.14784122033220226,0.1554616148613755,0.9835100615001987,0.40596840958720776,1009.1637327620265,16.393418012462956,992.7703147495633
P3,P1,R_C_log,G02,"{""lambda"":0.1}",59235,270,ok,270,1.1902219951235793,1.090972958016641,0.8305945781053062,-0.020011666011778395,1.7064488001878504,1.9619174935128714,-0.2554686933250206,0.18771164328728543,0.18953270062950028,0.19008922564445338,-0.27450195196478133,1.0097013552826224,321.3599386833664,17.621348382682225,303.73859030068417
P3,P2,R_C_log,G02,"{""lambda"":0.1}",56709,2603,ok,2603,4.746010702305809,2.1785340718716815,1.9055098195077789,-0.5455726026009087,2.9275269962016206,1.599150208195424,1.3283767880061963,0.12628171878877448,0.17826912008828275,0.1910319913106293,0.6700418808712616,1.4116779673110502,12353.86585810202,4593.214471048254,7760.6513870537665
P3,P4,R_C_log,G02,"{""lambda"":0.1}",58850,576,ok,576,1.8204999827749058,1.3492590495434544,1.0465575926960478,-0.04308585679633903,1.582593810997146,1.9172977804478408,-0.33470396945069475,0.22306953182183203,0.15883333243705366,0.17915873260373943,0.21741052820831164,0.7120350822447392,1048.6079900783457,64.52740636764572,984.0805837107002
P3,P5,R_C_log,G02,"{""lambda"":0.1}",58824,494,ok,494,1.9429266387932904,1.3938890338880245,1.0487823477502474,0.009091964045656709,1.7801483863340175,1.9140393137505358,-0.13389092741651837,0.20426907752805917,0.1467687165037817,0.16741219483562997,0.4048981682565571,0.7185067768449724,959.8057595638854,8.855829539560963,950.9499300243244
P3,P1,R_C_log,P00,"{""lambda"":0}",59235,270,ok,270,1.7156140424681345,1.3098145068932985,1.0420977269148568,-0.4702688614903552,1.7064488001878504,2.496466572376726,-0.7900177721888753,0.3453497086945691,0.2662096114209053,0.2749653875692103,-0.217929241623247,0.7708407006543734,463.21579146639635,168.51458170105386,294.7012097653424
P3,P2,R_C_log,P00,"{""lambda"":0}",56709,2603,ok,2603,4.762728278808081,2.1823675856299003,1.895795585871999,-0.5510168019178725,2.9275269962016206,1.5884368334600323,1.3390901627415885,0.2845583417580043,0.2001574296196106,0.2089766953533714,1.8102255959535978,0.7033968091851956,12397.381709737434,4667.601893665219,7729.779816072216
P3,P4,R_C_log,P00,"{""lambda"":0}",58850,576,ok,576,2.504232075329882,1.582476563911732,1.2733612443837516,-0.43484157353893194,1.582593810997146,2.55446536160226,-0.9718715506051142,0.34237537589170175,0.3264925602368557,0.3799005506809191,-0.8533697385827095,0.9536099358387559,1442.437675390012,544.0517630643393,898.3859123256725
P3,P5,R_C_log,P00,"{""lambda"":0}",58824,494,ok,494,2.53470503553628,1.5920757003158739,1.1971900750734599,-0.29271972412029745,1.7801483863340175,2.518857745210972,-0.7387093588769547,0.32755990403131685,0.14177983694656804,0.15527780343187922,0.6898951654347081,0.4328363612324574,1252.1442875549224,269.57160934484625,982.572678210076
P3,P1,R_C_log,P00,"{""lambda"":0.001}",59235,270,ok,270,1.7186754116763434,1.3109826130335762,1.0432775006584438,-0.47289243282338034,1.7064488001878504,2.499243663247712,-0.7927948630598617,0.3392959554600576,0.26653660809522073,0.27698545010077774,-0.2568517287037706,0.7855578700719221,464.0423611526127,169.70139762140832,294.3409635312044
P3,P2,R_C_log,P00,"{""lambda"":0.001}",56709,2603,ok,2603,4.768065280295449,2.1835899982129083,1.897641382747441,-0.5527548349305054,2.9275269962016206,1.5855394427567095,1.3419875534449108,0.2794276128137326,0.20007147245194018,0.20927223069207382,1.7922733691578814,0.716004658370354,12411.273924609053,4687.822335143553,7723.451589465502
P3,P4,R_C_log,P00,"{""lambda"":0.001}",58850,576,ok,576,2.5107779515869693,1.5845434520981017,1.2744713201756401,-0.43859214261814694,1.582593810997146,2.557055264620697,-0.974461453623551,0.3366375659821688,0.3249899154065244,0.37823135324203866,-0.885987411405424,0.9654000273508947,1446.2081001140943,546.9552717685194,899.2528283455752
P3,P5,R_C_log,P00,"{""lambda"":0.001}",58824,494,ok,494,2.529790831722306,1.5905316192148793,1.194848295397599,-0.2902134410973787,1.7801483863340175,2.5182809344348214,-0.738132548100804,0.3221821340299984,0.14193903877449313,0.15566493727932634,0.6707064358237218,0.440555275362591,1249.7166708708191,269.1507913314981,980.5658795393207
P3,P1,R_C_log,P00,"{""lambda"":0.1}",59235,270,ok,270,1.7499613310924331,1.3228610399782863,1.0505524980785803,-0.4997042401308083,1.7064488001878504,2.5117291697711273,-0.8052803695832769,0.16542244513208101,0.25208189338855685,0.2660388208737236,-2.1210937336540825,1.5238675331348344,472.4895593949569,175.08864788176834,297.40091151318853
P3,P2,R_C_log,P00,"{""lambda"":0.1}",56709,2603,ok,2603,4.9506382831570885,2.225002984977119,1.948801206149677,-0.6122110496121183,2.9275269962016206,1.5233554043796786,1.404171591821942,0.12611908625317284,0.18154507348606147,0.19451543298614649,0.73469736946033,1.4394734284835038,12886.5114510579,5132.329527705231,7754.181923352669
P3,P4,R_C_log,P00,"{""lambda"":0.1}",58850,576,ok,576,2.650709716352696,1.6281000326615978,1.2829872821618575,-0.5187683832799019,1.582593810997146,2.5672797172590807,-0.984685906261935,0.17550339956648375,0.1925466855394551,0.2211234549899382,-1.233996646121878,1.097110859476628,1526.8087966191529,558.4932483787516,968.3155482404015
P3,P5,R_C_log,P00,"{""lambda"":0.1}",58824,494,ok,494,2.37796719181101,1.5420658843937278,1.1316927468956182,-0.21278217743969452,1.7801483863340175,2.4585050732618283,-0.6783566869278107,0.16213195305706676,0.14862532156334832,0.1754997981876079,-0.4735474471458352,0.9166935866801997,1174.715792754639,227.32289058163983,947.3929021729994
P3,P1,R_C_log,P02,"{""lambda"":0}",59235,270,ok,270,1.6107908668223216,1.2691693609689456,0.992374274400469,-0.380436155940304,1.7064488001878504,2.349521009860191,-0.6430722096723405,0.4177301832195929,0.17770411793330954,0.17947307450134417,0.706953012248817,0.4254040648048977,434.91353404202687,111.65630405027399,323.25722999175287
P3,P2,R_C_log,P02,"{""lambda"":0}",56709,2603,ok,2603,4.637787045739076,2.15355219248085,1.8659516455166238,-0.5103287885779932,2.9275269962016206,1.6337805661876954,1.2937464300139252,0.3118570057051888,0.21164262556481986,0.21154877861245275,1.8187572642443413,0.6786527853887444,12072.159680058816,4356.84888492734,7715.310795131474
P3,P4,R_C_log,P02,"{""lambda"":0}",58850,576,ok,576,2.387566187235491,1.5451751315742468,1.2384714028440302,-0.36799590531961535,1.582593810997146,2.392808363334071,-0.8102145523369253,0.4334712613560461,0.22610962911289637,0.2498809226956877,0.3344441415608035,0.52162542080771,1375.238123847643,378.11382959147,997.124294256173
P3,P5,R_C_log,P02,"{""lambda"":0}",58824,494,ok,494,2.5421699426273654,1.5944183712650095,1.1989584306633672,-0.2965268860977581,1.7801483863340175,2.4679549854542207,-0.6878065991202034,0.41922378502069013,0.14371226076512583,0.15284689354382083,0.9341195990869273,0.34280559906216473,1255.8319516579186,233.7004913898903,1022.1314602680283
P3,P1,R_C_log,P02,"{""lambda"":0.001}",59235,270,ok,270,1.603259648522751,1.2661988976944938,0.9900455907350398,-0.37398195617226326,1.7064488001878504,2.357306274253959,-0.6508574740661082,0.40029930569675626,0.18647667224469608,0.18839445842245167,0.6083139215392637,0.46584310687253605,432.88010510114276,114.37617191788297,318.5039331832598
P3,P2,R_C_log,P02,"{""lambda"":0.001}",56709,2603,ok,2603,4.653994140948436,2.157311785752916,1.8710791948101257,-0.5156067459814946,2.9275269962016206,1.6253423292928122,1.3021846669088086,0.3011999897460022,0.21136571623877898,0.21272212213022648,1.7869504448747608,0.7017454297293331,12114.34674888878,4413.86781222445,7700.478936664331
P3,P4,R_C_log,P02,"{""lambda"":0.001}",58850,576,ok,576,2.3831192607976,1.5437354892589599,1.2362322120910234,-0.3654479645794524,1.582593810997146,2.410689073533402,-0.8280952625362564,0.41323114074234396,0.2398405916309594,0.2688281485837537,0.18342265318973938,0.5804029947987484,1372.6766942194176,394.9872559689551,977.6894382504627
P3,P5,R_C_log,P02,"{""lambda"":0.001}",58824,494,ok,494,2.5279846765743437,1.5899637343582222,1.1952565869726162,-0.2892922876093562,1.7801483863340175,2.468360873201017,-0.6882124868669999,0.40675480901383665,0.1447008475494066,0.1534339652499971,0.9020422091115855,0.3557446509365899,1248.8244302277258,233.97639497735227,1014.8480352503733
P3,P1,R_C_log,P02,"{""lambda"":0.1}",59235,270,ok,270,1.6129053446045378,1.2700021041732719,0.9910678337286049,-0.3822482481501772,1.7064488001878504,2.381531069920367,-0.6750822697325163,0.23070867031411788,0.13337333258997988,0.1432918216909969,0.329678976022197,0.5781028186257042,435.4844430432252,123.04873914494559,312.4357038982796
P3,P2,R_C_log,P02,"{""lambda"":0.1}",56709,2603,ok,2603,4.854582632979257,2.203311742123492,1.9289691464777587,-0.5809298345976337,2.9275269962016206,1.5506271985621862,1.3768997976394342,0.1291368717863335,0.20576893148711192,0.2166062261698964,0.45673072113835955,1.5934173458032326,12636.478593645006,4934.905496280957,7701.573097364051
P3,P4,R_C_log,P02,"{""lambda"":0.1}",58850,576,ok,576,2.5604644410851978,1.6001451312569113,1.2619667764487994,-0.46706084624892874,1.582593810997146,2.4808072647049406,-0.8982134537077945,0.273122716071116,0.12777678667519718,0.13869474384436584,0.4219815221169181,0.4678365407069491,1474.827518065074,464.7095472508901,1010.1179708141838
P3,P5,R_C_log,P02,"{""lambda"":0.1}",58824,494,ok,494,2.3994015685908914,1.5490001835348153,1.1408719185847784,-0.223713880043787,1.7801483863340175,2.4477374369184575,-0.6675890505844398,0.27003451610904244,0.14165342008154866,0.16248168841648458,0.4961259421027375,0.524575236242569,1185.3043748839004,220.16351938735548,965.1408554965451
P3,P1,R_C_log,S01,"{""lambda"":0}",3673,270,ok,270,13.361378666063054,3.655321964760841,3.4769208256505344,-10.450605155360241,1.7064488001878504,-1.7657450663459653,3.4721938665338152,0.4369613628628403,0.08278392192507425,0.07627611001516048,2.0409756351333304,0.18945364272643858,3607.5722398370244,3255.1551666346627,352.41707320236105
P3,P2,R_C_log,S01,"{""lambda"":0}",1340,2603,ok,2603,4.92880775066534,2.2200918338360105,1.9326024684592569,-0.6051017793142146,2.9275269962016206,1.5568042718327415,1.370722724368879,0.21195226381328297,0.12194504651660282,0.11387541500879851,2.0318320603214772,0.575342033732789,12829.686574981879,4890.726688824533,7938.959886157342
P3,P4,R_C_log,S01,"{""lambda"":0}",3367,576,ok,576,41.9063656619287,6.473512621593373,6.308591821270312,-23.010951796366108,1.582593810997146,7.891046914624393,-6.308453103627247,0.51768170674503,0.057137188671180936,0.057736325226109664,0.7116489224691472,0.11037127239908888,24138.066621270933,22922.830402942607,1215.236218328322
P3,P5,R_C_log,S01,"{""lambda"":0}",3449,494,ok,494,29.114927298724677,5.395824987777558,5.180548137566037,-13.848844444508211,1.7801483863340175,-3.400399751232019,5.180548137566037,0.38406199998782675,-0.017844924982450782,-0.0032881490568140753,1.622153379087784,-0.04646365686534042,14382.77408556999,13258.011028785631,1124.763056784358
P3,P1,R_C_log,S01,"{""lambda"":0.001}",3673,270,ok,270,6.21697764918837,2.4933867829096172,2.2415187723407066,-4.327905008887186,1.7064488001878504,-0.510129090599081,2.216577890786932,0.431010543189488,0.07941462635309426,0.06861962791166142,1.8004411903089415,0.18425216646772516,1678.5839652808597,1326.5687373998696,352.0152278809905
P3,P2,R_C_log,S01,"{""lambda"":0.001}",1340,2603,ok,2603,4.64121921263507,2.15434890689393,1.8730212856287547,-0.5114464984726264,2.9275269962016206,1.6646444998434502,1.2628824963581702,0.20794288598511318,0.12305151844119573,0.11598779639912946,1.9424630811745593,0.5917563270233979,12081.093610489086,4151.452335579217,7929.641274909869
P3,P4,R_C_log,S01,"{""lambda"":0.001}",3367,576,ok,576,32.529168008522646,5.703434755348977,5.520940966249187,-17.638129856679736,1.582593810997146,7.098750174892653,-5.516156363895507,0.5116492816019502,0.05655713117436977,0.05768305330196898,0.7979060194723472,0.11053886560202336,18736.800772909046,17526.517073824263,1210.2836990847786
P3,P5,R_C_log,S01,"{""lambda"":0.001}",3449,494,ok,494,24.736232933111157,4.973553350785649,4.739303284221653,-11.615675498629109,1.7801483863340175,-2.9591548978876343,4.739303284221653,0.3829819060832977,-0.01790421671811275,-0.003055609929111196,1.6418093427586227,-0.04674951070460924,12219.699068956912,11095.731836198069,1123.9672327588469
P3,P1,R_C_log,S01,"{""lambda"":0.1}",3673,270,ok,270,2.005049827575715,1.4159978204699735,1.1267503385885678,-0.7183132419341538,1.7064488001878504,2.5446535183907564,-0.8382047182029061,0.3591946248027002,0.01784500083520784,0.0024115144317383755,1.5800289124015556,0.049680589861303734,541.363453445443,189.6985303967556,351.66492304868746
P3,P2,R_C_log,S01,"{""lambda"":0.1}",1340,2603,ok,2603,4.452181369703218,2.110019281832092,1.8435581675642918,-0.44988496201247963,2.9275269962016206,1.7296792153216518,1.197847780879969,0.08967134398595394,0.14174959148645894,0.16045984712745542,0.19330543470848793,1.5807680044213723,11589.028105337475,3734.8867139320496,7854.141391405426
P3,P4,R_C_log,S01,"{""lambda"":0.1}",3367,576,ok,576,2.2299841244556013,1.4933131367719235,1.171405668608059,-0.2777066317542556,1.582593810997146,2.067661339588758,-0.4850675285916122,0.3964240463675866,0.01798455093670223,0.023809436796618514,1.4887903169295762,0.04536695263946207,1284.4708556864264,135.5273322013293,1148.943523485097
P3,P5,R_C_log,S01,"{""lambda"":0.1}",3449,494,ok,494,3.476819662997602,1.8646231959829316,1.5835602555423083,-0.7732056758293973,1.7801483863340175,0.6190727635987818,1.161075622735236,0.29899816180442856,0.0062445398638358435,0.03244463356389243,1.7672191277473501,0.020884877104764173,1717.5489135208154,665.9597212447478,1051.5891922760677
P3,P1,R_C_log,S02,"{""lambda"":0}",3673,270,ok,270,13.886372081538186,3.726442282061831,3.553213293018745,-10.900520726201632,1.7064488001878504,-1.8428626566888102,3.549311456876661,0.42582520541687713,0.0902586943273632,0.08118450222135362,2.0970653609303005,0.21196184063130125,3749.32046201531,3401.3551908372997,347.9652711780103
P3,P2,R_C_log,S02,"{""lambda"":0}",1340,2603,ok,2603,34.549335749237265,5.877868299752663,5.612920100443143,-10.251240277679535,2.9275269962016206,-2.683940063312385,5.6114670595140055,0.26126149772770113,0.13682596638999847,0.11326963591005466,4.33314051403538,0.5237127076895381,89931.9209552646,81964.728343708,7967.1926115566
P3,P4,R_C_log,S02,"{""lambda"":0}",3367,576,ok,576,42.03366315290802,6.48333734683828,6.318770854745362,-23.083889018943715,1.582593810997146,7.901257765621322,-6.318663954624176,0.5172471614900896,0.05765664645256903,0.05798391073895478,0.701854274001596,0.11146827038445471,24211.38997607502,22997.096162764894,1214.293813310129
P3,P5,R_C_log,S02,"{""lambda"":0}",3449,494,ok,494,29.37129492094564,5.4195290312854345,5.206084092441043,-13.979593970478497,1.7801483863340175,-3.4259357061070257,5.206084092441043,0.3797189599268759,-0.01646355981377083,-0.0025219445765362215,1.6316093262183782,-0.04335722350272236,14509.419690947147,13389.035919318432,1120.3837716287123
P3,P1,R_C_log,S02,"{""lambda"":0.001}",3673,270,ok,270,6.453977272318008,2.5404679238907955,2.2936881215121656,-4.531011976682322,1.7064488001878504,-0.5663527708134831,2.2728015710013336,0.42044396852465243,0.08641606025877775,0.07335119605079916,1.8228542640171501,0.2055352596970618,1742.5738635258622,1394.7192849094552,347.85457861640697
P3,P2,R_C_log,S02,"{""lambda"":0.001}",1340,2603,ok,2603,7.6045929265323275,2.7576426393810216,2.4343750868001597,-1.4764905134897224,2.9275269962016206,0.7821819904991364,2.145345005702484,0.23549526685487793,0.16519760095862956,0.1480266945677333,2.3788340646229558,0.7014901113083998,19794.75538776365,11980.321018661216,7814.434369102432
P3,P4,R_C_log,S02,"{""lambda"":0.001}",3367,576,ok,576,32.64428716805364,5.71351793276731,5.531404608726151,-17.70408930094736,1.582593810997146,7.109356174243938,-5.526762363246792,0.5110879053290546,0.05717977885428699,0.05813432373373925,0.7872092800759861,0.11187855994649853,18803.109408798893,17593.978878605532,1209.13053019336
P3,P5,R_C_log,S02,"{""lambda"":0.001}",3449,494,ok,494,24.898910578533094,4.989880818069015,4.757357784993049,-11.698642391408367,1.7801483863340175,-2.9772093986590322,4.757357784993049,0.3787245161078481,-0.016475142416940123,-0.002348087732986102,1.6506348566791471,-0.043501652827377446,12300.061825795348,11180.43182865038,1119.6299971449648
P3,P1,R_C_log,S02,"{""lambda"":0.1}",3673,270,ok,270,1.974796931896623,1.4052746820094009,1.1154359726403982,-0.692386728519228,1.7064488001878504,2.531951979346092,-0.8255031791582422,0.35143585115109843,0.021515842452550633,0.0020307329494069935,1.5514359302526994,0.06122267373142875,533.1951716120882,183.99298467609853,349.20218693598974
P3,P2,R_C_log,S02,"{""lambda"":0.1}",1340,2603,ok,2603,4.316715780876638,2.07767075853626,1.8144600401491684,-0.40576961634251774,2.9275269962016206,1.7717063998611007,1.1558205963405201,0.096945022019963,0.19950022767599632,0.2139472065641532,-0.7184139998664967,2.057869744306367,11236.41117762189,3477.4030161576593,7759.008161464232
P3,P4,R_C_log,S02,"{""lambda"":0.1}",3367,576,ok,576,2.1862029863633157,1.4785814101236752,1.1584776911424202,-0.2526214977962198,1.582593810997146,2.04857788909976,-0.4659840781026141,0.38751726573587203,0.028337816909027917,0.03235225337307295,1.432788291919295,0.07312659180544147,1259.2529201452699,125.07330876200247,1134.1796113832675
P3,P5,R_C_log,S02,"{""lambda"":0.1}",3449,494,ok,494,3.443612803765891,1.8556973901382443,1.5738615915093608,-0.7562699135599871,1.7801483863340175,0.6311924811768802,1.1489559051571374,0.3013974363916259,0.012992531321993064,0.03782603295347027,1.7529391698918402,0.04310763713700266,1701.14472506035,652.1292379657557,1049.0154870945942
P3,P1,R_C_log,S03,"{""control_lambda"":0.001,""difference_penalty"":0.01,""n_knots"":3}",3673,270,ok,270,6.360178768224396,2.5219394854405994,2.2744491578922643,-4.450627335143242,1.7064488001878504,-0.5446775613807286,2.251126361568579,0.4231414740108489,0.08424159520218155,0.06788916159327392,1.8148865437316806,0.19908612219851007,1717.2482674205871,1368.2438718522267,349.0043955683601
P3,P2,R_C_log,S03,"{""control_lambda"":0.001,""difference_penalty"":0.01,""n_knots"":3}",1340,2603,ok,2603,9.223572572586853,3.037033515222849,2.700990378693937,-2.0037229076127896,2.9275269962016206,0.4347526364772079,2.4927743597244127,0.215139253217768,0.1537867768789272,0.1388487206190872,2.6167552253441215,0.7148243501768657,24008.95940644358,16174.844194124084,7834.1152123195
P3,P4,R_C_log,S03,"{""control_lambda"":0.001,""difference_penalty"":0.01,""n_knots"":3}",3367,576,ok,576,33.57883199030839,5.7947244964975155,5.606425894233061,-18.239552358272043,1.582593810997146,7.183883870009203,-5.601290059012057,0.5428155032518818,0.029117992313667494,0.03666315961686139,1.197232165915056,0.0536425215183213,19341.407226417632,18071.68338730788,1269.7238391097521
P3,P5,R_C_log,S03,"{""control_lambda"":0.001,""difference_penalty"":0.01,""n_knots"":3}",3449,494,ok,494,23.2656427589393,4.823447186291077,4.58409221406251,-10.86566281565543,1.7801483863340175,-2.8039438277284923,4.58409221406251,0.3775612970907134,-0.007751657976737479,0.0026416484725390954,1.7225810093120204,-0.02053085958880751,11493.227522916015,10380.867304952091,1112.3602179639224
P3,P1,R_C_log,S03,"{""control_lambda"":0.1,""difference_penalty"":0.01,""n_knots"":3}",3673,270,ok,270,2.0142582028864915,1.4192456457169391,1.1244820360568346,-0.7262047531652427,1.7064488001878504,2.538478596755521,-0.8320297965676704,0.3744488530037885,0.009721832172213556,-0.010411888858752086,1.6405421678335415,0.025963044336298736,543.8497147793527,186.9138672416385,356.93584753771427
P3,P2,R_C_log,S03,"{""control_lambda"":0.1,""difference_penalty"":0.01,""n_knots"":3}",1340,2603,ok,2603,4.240710749379474,2.0592986061714007,1.7971466110211032,-0.38101802986068267,2.9275269962016206,1.7967758880841973,1.1307511081174235,0.1268947104699964,0.2028016646018124,0.19824800949818747,0.05594046851863066,1.5981884812272296,11038.57008063477,3328.1907723283575,7710.379308306414
P3,P4,R_C_log,S03,"{""control_lambda"":0.1,""difference_penalty"":0.01,""n_knots"":3}",3367,576,ok,576,2.1791706392633534,1.4762014223212743,1.1574972083043822,-0.2485921971263716,1.582593810997146,1.9197537013399963,-0.33715989034285027,0.42809919960064796,-0.00022221124596727773,0.017544042148303664,1.583590287660319,-0.0005190648479944944,1255.2022882156916,65.47783199385762,1189.724456221834
P3,P5,R_C_log,S03,"{""control_lambda"":0.1,""difference_penalty"":0.01,""n_knots"":3}",3449,494,ok,494,3.3672880252712165,1.8350171730180664,1.5484734325081322,-0.7173436695923916,1.7801483863340175,0.6639532066926349,1.1161951796413827,0.31965011538846827,0.03167086348515438,0.05672237549874556,1.7143640479046764,0.09907978117469171,1663.440284483981,615.4704894530014,1047.9697950309796
P3,P1,R_C_log,S03,"{""control_lambda"":0.001,""difference_penalty"":1,""n_knots"":3}",3673,270,ok,270,6.434145084078103,2.536561665735352,2.283550045184722,-4.514015934389266,1.7064488001878504,-0.5526028730716843,2.259051673259535,0.4579160440779859,0.07553225035369387,0.06684559472856588,1.7975994359753846,0.16494781375432715,1737.2191727010877,1377.8949048633106,359.3242678377775
P3,P2,R_C_log,S03,"{""control_lambda"":0.001,""difference_penalty"":1,""n_knots"":3}",1340,2603,ok,2603,6.708938624196556,2.5901618915034166,2.2759830402349133,-1.1848142325198436,2.9275269962016206,1.0208054832933673,1.906721512908253,0.20171463342979826,0.09872772919384071,0.08536729251871522,2.427901333945194,0.4894425729812036,17463.367238783634,9463.43277302992,7999.934465753717
P3,P4,R_C_log,S03,"{""control_lambda"":0.001,""difference_penalty"":1,""n_knots"":3}",3367,576,ok,576,35.372495530875135,5.947478081580052,5.756262863920283,-19.26726182749413,1.582593810997146,7.334141407024096,-5.75154759602695,0.5744574445696217,0.014491514162376182,0.024224322567095537,1.3975795595961817,0.025226436352014086,20374.557425784078,19054.25265563331,1320.3047701507642
P3,P5,R_C_log,S03,"{""control_lambda"":0.001,""difference_penalty"":1,""n_knots"":3}",3449,494,ok,494,26.07665494378181,5.106530617139372,4.876926009690897,-12.29930138311879,1.7801483863340175,-3.0967776233568802,4.876926009690897,0.3823262264027688,-0.029936712794178363,-0.01192031803297807,1.537666087460257,-0.07830148895577196,12881.867542228214,11749.49720817579,1132.3703340524232
P3,P1,R_C_log,S03,"{""control_lambda"":0.1,""difference_penalty"":1,""n_knots"":3}",3673,270,ok,270,2.1176982920259713,1.4552313534369616,1.1628070430724011,-0.8148521635541028,1.7064488001878504,2.580871474231349,-0.8744226740434984,0.3991269836652834,-0.0003510947565111851,-0.013159064148814603,1.7087190812736108,-0.0008796567781185169,571.7785388470122,206.4460534779732,365.3324853690389
P3,P2,R_C_log,S03,"{""control_lambda"":0.1,""difference_penalty"":1,""n_knots"":3}",1340,2603,ok,2603,4.537144265808288,2.130057338619852,1.8621067623093064,-0.47755374168754994,2.9275269962016206,1.7003437751019788,1.2271832210996414,0.0869578493011832,0.11753242368633231,0.13333096462147534,0.6293385452024731,1.3516022375306505,11810.186523898974,3920.062447160523,7890.124076738449
P3,P4,R_C_log,S03,"{""control_lambda"":0.1,""difference_penalty"":1,""n_knots"":3}",3367,576,ok,576,2.2870322087638244,1.512293691305966,1.188038425639241,-0.31039328402685284,1.582593810997146,1.9508654170657733,-0.3682716060686275,0.46202954617509884,-0.020793000758569054,0.007637099523812237,1.6703898111290116,-0.045003617042900054,1317.330552247963,78.11941008174703,1239.2111421662157
P3,P5,R_C_log,S03,"{""control_lambda"":0.1,""difference_penalty"":1,""n_knots"":3}",3449,494,ok,494,3.5004495702205154,1.870948842224318,1.5885564937533247,-0.7852571164183137,1.7801483863340175,0.6117403071511903,1.1684080791828273,0.30631108321925465,0.00786898286843142,0.03656209917588317,1.7644330751336845,0.025689514025187613,1729.2220876889346,674.3976551128538,1054.824432576081
P3,P1,R_C_log,S03,"{""control_lambda"":0.001,""difference_penalty"":0.01,""n_knots"":5}",3673,270,ok,270,6.594735757190135,2.568021759485331,2.3201716073972083,-4.651640983076044,1.7064488001878504,-0.591927255911008,2.298376056098858,0.4378690969429812,0.0767131256503399,0.061133262755432904,1.8101523734146112,0.17519648266095705,1780.5786544413363,1426.2837737171062,354.29488072422936
P3,P2,R_C_log,S03,"{""control_lambda"":0.001,""difference_penalty"":0.01,""n_knots"":5}",1340,2603,ok,2603,10.0528404778119,3.1706214655508624,2.830249697797293,-2.273779979736411,2.9275269962016206,0.2749959831675743,2.6525310130340465,0.2125838545725928,0.14749530962127547,0.132139160648618,2.736728792060215,0.6938217858445552,26167.543763744376,18314.501777604626,7853.041986139753
P3,P4,R_C_log,S03,"{""control_lambda"":0.001,""difference_penalty"":0.01,""n_knots"":5}",3367,576,ok,576,33.694016089546196,5.804654691671693,5.618964252357193,-18.305549010828802,1.582593810997146,7.19700984525284,-5.614416034255693,0.5323239709174319,0.03633629917828567,0.03820210185515699,1.0913277451923857,0.06825974625125743,19407.75326757861,18156.480425687474,1251.2728418911388
P3,P5,R_C_log,S03,"{""control_lambda"":0.001,""difference_penalty"":0.01,""n_knots"":5}",3449,494,ok,494,23.29389180472212,4.82637460261034,4.586790102975725,-10.880070053641328,1.7801483863340175,-2.8066417166417077,4.586790102975725,0.3748195351135891,-0.012946112042685112,-0.0005804021335923124,1.6832081398329746,-0.034539587267674816,11507.182551532727,10393.089863685496,1114.092687847231
P3,P1,R_C_log,S03,"{""control_lambda"":0.1,""difference_penalty"":0.01,""n_knots"":5}",3673,270,ok,270,2.048157450300721,1.431138515413767,1.135550463430223,-0.7552561637199129,1.7064488001878504,2.547506009666333,-0.8410572094784826,0.38767892479067334,0.001619857497350127,-0.01794489898439349,1.69580443330221,0.004178348096236552,553.0025115811947,190.9918519962477,362.01065958494706
P3,P2,R_C_log,S03,"{""control_lambda"":0.1,""difference_penalty"":0.01,""n_knots"":5}",1340,2603,ok,2603,4.298326895013852,2.0732406746477485,1.8101013871441558,-0.39978114308263435,2.9275269962016206,1.773467489913542,1.1540595062880783,0.12057697266176334,0.20105541696907542,0.19530791293021713,-0.029631719881642926,1.667444558697508,11188.544907721056,3466.8142545722576,7721.730653148798
P3,P4,R_C_log,S03,"{""control_lambda"":0.1,""difference_penalty"":0.01,""n_knots"":5}",3367,576,ok,576,2.164132581947794,1.4710991067728216,1.1533495921117054,-0.23997589114012086,1.582593810997146,1.9309804274493014,-0.3483866164521553,0.4188690823342023,0.0059902224199115395,0.01907625463939376,1.5549789720492375,0.01430094192326222,1246.5403672019293,69.91098308523715,1176.6293841166923
P3,P5,R_C_log,S03,"{""control_lambda"":0.1,""difference_penalty"":0.01,""n_knots"":5}",3449,494,ok,494,3.3958341810318466,1.8427789289634953,1.5573801167750514,-0.7319024360295951,1.7801483863340175,0.6503756706549128,1.1297727156791046,0.313806339527785,0.027945883754047114,0.05294515763439541,1.722229470750818,0.08905455446215657,1677.5420854297322,630.5348762119119,1047.0072092178202
P3,P1,R_C_log,S03,"{""control_lambda"":0.001,""difference_penalty"":1,""n_knots"":5}",3673,270,ok,270,7.346574460152828,2.7104565040141906,2.48057954091339,-5.295961329299765,1.7064488001878504,-0.7607505617570361,2.4671993619448864,0.4050062308133701,0.10449976857453613,0.08505298599181231,1.9027377745251168,0.2580201503682307,1983.5751042412637,1643.5096267269387,340.0654775143247
P3,P2,R_C_log,S03,"{""control_lambda"":0.001,""difference_penalty"":1,""n_knots"":5}",1340,2603,ok,2603,9.76752603400701,3.125304150639904,2.7857545440978613,-2.180865274074894,2.9275269962016206,0.3290391346879812,2.598487861513639,0.21080419774532755,0.14813731638940417,0.13229724921739286,2.6963030693486285,0.7027246989093112,25424.87026652025,17575.81825022699,7849.052016293258
P3,P4,R_C_log,S03,"{""control_lambda"":0.001,""difference_penalty"":1,""n_knots"":5}",3367,576,ok,576,34.31564886587838,5.857956031405355,5.668704353969832,-18.661723887647415,1.582593810997146,7.246339475707799,-5.663745664710652,0.5545553588508091,0.022939045455369463,0.03227954694532015,1.2828507682777295,0.04136475302106084,19765.813746745946,18476.93661380854,1288.877132937407
P3,P5,R_C_log,S03,"{""control_lambda"":0.001,""difference_penalty"":1,""n_knots"":5}",3449,494,ok,494,26.11217982079327,5.110007810247776,4.883540446188893,-12.31741935288877,1.7801483863340175,-3.1033920598548757,4.883540446188893,0.37310118111462987,-0.02017133344290507,-0.010141035340956976,1.612366671314027,-0.054063976379393246,12899.416831471875,11781.389841044029,1118.026990427848
P3,P1,R_C_log,S03,"{""control_lambda"":0.1,""difference_penalty"":1,""n_knots"":5}",3673,270,ok,270,1.935193551617472,1.3911123432769448,1.1012680521574243,-0.6584469172371819,1.7064488001878504,2.516273410351874,-0.8098246101640233,0.33978309764291675,0.02801071076201195,0.0043684690635119065,1.4990146835868563,0.08243703396761905,522.5022589367175,177.07029279137433,345.43196614534315
P3,P2,R_C_log,S03,"{""control_lambda"":0.1,""difference_penalty"":1,""n_knots"":5}",1340,2603,ok,2603,4.254293993358252,2.0625939962479896,1.8009120296071286,-0.3854415111937197,2.9275269962016206,1.7926184840762034,1.134908512125417,0.11429205138112662,0.2059342329275083,0.2053447542445548,-0.3024571364557995,1.801824627688105,11073.92726471153,3352.7091123189766,7721.218152392553
P3,P4,R_C_log,S03,"{""control_lambda"":0.1,""difference_penalty"":1,""n_knots"":5}",3367,576,ok,576,2.297189942185082,1.5156483570357215,1.189618362055053,-0.3162133269650962,1.582593810997146,1.9591316909720022,-0.37653787997485666,0.4620064014563935,-0.023298107921647063,0.008145572806829206,1.6813891121555278,-0.05042810629507276,1323.1814066986071,81.66572643223272,1241.5156802663746
P3,P5,R_C_log,S03,"{""control_lambda"":0.1,""difference_penalty"":1,""n_knots"":5}",3449,494,ok,494,3.409613818996725,1.846513963932232,1.5646981630641332,-0.7389301609674856,1.7801483863340175,0.6450904738715191,1.1350579124624982,0.2998733123870689,0.013448820171038465,0.037074909670900894,1.7512171496458067,0.04484833966711612,1684.349226584382,636.4480935339998,1047.901133050382
P3,P1,R_C_log,S04,"{""control_lambda"":0.001}",3673,270,ok,270,6.329781115621357,2.515905625340775,2.2662006780127295,-4.424576766088471,1.7064488001878504,-0.5362892941391415,2.242738094326992,0.4280529178819506,0.08085263676574748,0.06466761001297311,1.8077456298297152,0.18888467614194654,1709.0409012177663,1358.0660231312763,350.9748780864899
P3,P2,R_C_log,S04,"{""control_lambda"":0.001}",1340,2603,ok,2603,5.903397894128742,2.429690905059477,2.128377987420812,-0.9224840860523982,2.9275269962016206,1.2206457132530786,1.706881282948542,0.22157531457458177,0.17013511797699712,0.16270404162384489,1.9902623788359277,0.7678432875234849,15366.544718417115,7583.693987750398,7782.850730666718
P3,P4,R_C_log,S04,"{""control_lambda"":0.001}",3367,576,ok,576,32.41397171760477,5.693326946312214,5.511946823209772,-17.572126218696347,1.582593810997146,7.090073701378629,-5.507479890381483,0.5063812627871377,0.06291043156475154,0.06187461659881886,0.7017563291270436,0.12423530684861965,18670.447709340348,17471.424811942907,1199.022897397443
P3,P5,R_C_log,S04,"{""control_lambda"":0.001}",3449,494,ok,494,23.87586173499918,4.88629325102364,4.648882111809957,-11.176879345912646,1.7801483863340175,-2.8687337254759395,4.648882111809957,0.37993994848931656,-0.013396364607118525,-8.212533405602569e-06,1.678999236053776,-0.03525916308717718,11794.675697089595,10676.379815416263,1118.2958816733308
P3,P1,R_C_log,S04,"{""control_lambda"":0.1}",3673,270,ok,270,2.0231842991719287,1.422386831762699,1.1284289503288298,-0.7338543533073953,1.7064488001878504,2.5441829642601843,-0.8377341640723338,0.3736180329924879,0.009598519371758298,-0.00925247174321466,1.641086886920029,0.025690728295096367,546.2597607764208,189.48560300657243,356.77415776984833
P3,P2,R_C_log,S04,"{""control_lambda"":0.1}",1340,2603,ok,2603,4.167196313123675,2.0413711845530873,1.780712560666784,-0.3570775236756858,2.9275269962016206,1.823760532086652,1.1037664641149687,0.13200948711866453,0.21626207896163796,0.21772965665050073,-0.06021466393151487,1.638231339897852,10847.212003060926,3171.2359602145516,7675.976042846374
P3,P4,R_C_log,S04,"{""control_lambda"":0.1}",3367,576,ok,576,2.085694344737339,1.4441933197246617,1.1310071878913408,-0.19503339367217198,1.582593810997146,1.9430522547189157,-0.36045844372176955,0.38900746492075905,0.03950970790060661,0.042940818757747,1.3852468859575522,0.1015654234518476,1201.359942568707,74.83984683858438,1126.5200957301226
P3,P5,R_C_log,S04,"{""control_lambda"":0.1}",3449,494,ok,494,3.4771267198619884,1.8647055316757088,1.5795223276570913,-0.7733622772719533,1.7801483863340175,0.6175365381147409,1.1626118482192769,0.31437845964429334,0.023589569402560524,0.05080482211010619,1.7338111753146712,0.07503557791221191,1717.7005996118223,667.7231569522024,1049.9774426596205
P3,P1,R_C_log,G05,"{""max_leaf_nodes"":7,""min_samples_leaf"":20}",59235,270,ok,270,1.0234976176086887,1.0116805907047386,0.7695104175677764,0.12286992311234379,1.7064488001878504,1.8421390986088921,-0.1356902984210414,0.3997172789315127,0.37329216255502246,0.3813617502083575,-0.013907371767116317,0.933890482675336,276.34435675434594,4.971201413109644,271.37315534123627
P3,P2,R_C_log,G05,"{""max_leaf_nodes"":7,""min_samples_leaf"":20}",56709,2603,ok,2603,4.513114036324364,2.124409102862338,1.8411709101382363,-0.46972812420495114,2.9275269962016206,1.61835988292242,1.3091671132792004,0.24281124621642075,0.3034849202895487,0.2666060719568513,0.9047713466105471,1.2498799994587106,11747.63583655232,4461.329934870142,7286.305901682176
P3,P4,R_C_log,G05,"{""max_leaf_nodes"":7,""min_samples_leaf"":20}",58850,576,ok,576,1.3227612368614434,1.1501135756356602,0.8548003235959443,0.24210186699067793,1.582593810997146,1.724550297376945,-0.14195648637979913,0.4651097934796986,0.5052303933699067,0.47245456670762603,-0.29071704451373637,1.086260492581865,761.9104724321915,11.607346958571704,750.3031254736197
P3,P5,R_C_log,G05,"{""max_leaf_nodes"":7,""min_samples_leaf"":20}",58824,494,ok,494,1.8298152014686344,1.3527066206197982,0.9859110749165786,0.06677969654437832,1.7801483863340175,1.7380031235243265,0.04214526280969109,0.39216991587794353,0.2823812057500974,0.2879074800662405,0.5287025263946186,0.720048107509562,903.9287095255054,0.8774542495851777,903.0512552759202
P3,P1,R_C_log,G05,"{""max_leaf_nodes"":7,""min_samples_leaf"":50}",59235,270,ok,270,1.0173926309678796,1.0086588278342086,0.767513611204034,0.1281018526347224,1.7064488001878504,1.8341255761994335,-0.12767677601158298,0.4008860502795142,0.37764051024553774,0.3890770464463648,-0.021324261427559277,0.9420145948761037,274.69601036132747,4.401366965832221,270.2946433954953
P3,P2,R_C_log,G05,"{""max_leaf_nodes"":7,""min_samples_leaf"":50}",56709,2603,ok,2603,4.532694822984421,2.1290126404003384,1.8446184465272841,-0.4761047485527332,2.9275269962016206,1.6149302348906978,1.3125967613109226,0.24359046484835062,0.2962137973087782,0.26243283896370645,0.9637201716465593,1.216031988334144,11798.604624228448,4484.735401063613,7313.869223164835
P3,P4,R_C_log,G05,"{""max_leaf_nodes"":7,""min_samples_leaf"":50}",58850,576,ok,576,1.324671110669586,1.1509435740598173,0.8569152210177942,0.24100757290861874,1.582593810997146,1.7373231360571875,-0.1547293250600416,0.4631621731787491,0.5065658298061515,0.47229604849663726,-0.3175366120427945,1.0937115747806365,763.0105597456816,13.790110483316749,749.2204492623648
P3,P5,R_C_log,G05,"{""max_leaf_nodes"":7,""min_samples_leaf"":50}",58824,494,ok,494,1.8415356293919258,1.3570319190763074,0.9910456909701308,0.06080218510255342,1.7801483863340175,1.6961385466783212,0.0840098396556964,0.3901997253325682,0.27762381149948934,0.2838273566463785,0.5733601248643283,0.7114915605408743,909.7186009196114,3.4864806605340553,906.2321202590774
P3,P1,R_C_log,G05,"{""max_leaf_nodes"":15,""min_samples_leaf"":20}",59235,270,ok,270,1.0231141391182026,1.011491047473087,0.7615749831019034,0.12319856141306662,1.7064488001878504,1.831216951558099,-0.12476815137024855,0.3976371999215936,0.37050707210215666,0.39800225502972597,0.000172749457659771,0.9317716556077084,276.2408175619147,4.203114731014299,272.0377028309004
P3,P2,R_C_log,G05,"{""max_leaf_nodes"":15,""min_samples_leaf"":20}",56709,2603,ok,2603,4.463347465448239,2.1126635949550128,1.8282437957290347,-0.4535212815962384,2.9275269962016206,1.6371546324465922,1.2903723637550286,0.2361267672751056,0.30592388259932196,0.268709954261921,0.8064430235827711,1.2955917117304092,11618.093452561765,4334.153359082552,7283.940093479214
P3,P4,R_C_log,G05,"{""max_leaf_nodes"":15,""min_samples_leaf"":20}",58850,576,ok,576,1.3366449031996952,1.1561336009301413,0.8632713714606887,0.23414698858643002,1.582593810997146,1.7288025161346972,-0.14620870513755138,0.45879092540498073,0.4979222312488529,0.474222972660033,-0.29366214472510777,1.0852922402711658,769.9074642430244,12.31314362380768,757.5943206192168
P3,P5,R_C_log,G05,"{""max_leaf_nodes"":15,""min_samples_leaf"":20}",58824,494,ok,494,1.8556995568535462,1.3622406383798518,1.006676931469435,0.05357846946545097,1.7801483863340175,1.5732055089219066,0.2069428774121108,0.38421241900097725,0.2902547037762214,0.2899323521607578,0.5916644217641833,0.7554537266935226,916.7155810856518,21.155725128732335,895.5598559569195
P3,P1,R_C_log,G05,"{""max_leaf_nodes"":15,""min_samples_leaf"":50}",59235,270,ok,270,1.0328789420595608,1.0163065197368168,0.7643541167733059,0.11483019571549169,1.7064488001878504,1.8280864032347932,-0.12163760304694293,0.4006930138782629,0.35945835197066184,0.39252070560906277,0.06648777514637638,0.8970916375394337,278.8773143560814,3.9948407482515282,274.88247360782987
P3,P2,R_C_log,G05,"{""max_leaf_nodes"":15,""min_samples_leaf"":50}",56709,2603,ok,2603,4.51659099942164,2.1252272818269673,1.8393127504515017,-0.47086042230549996,2.9275269962016206,1.6194012958461927,1.3081257003554279,0.23360439216281234,0.30173421948987134,0.27121144616419296,0.8358335073973353,1.2916461745272987,11756.68637149453,4454.234983162775,7302.451388331755
P3,P4,R_C_log,G05,"{""max_leaf_nodes"":15,""min_samples_leaf"":50}",58850,576,ok,576,1.3380705596619442,1.156749998773263,0.8631500744826475,0.2333301349162885,1.582593810997146,1.7312691929674375,-0.14867538197029148,0.45709603349361805,0.49763283070243064,0.4774381496151371,-0.3022100946931179,1.0886833274377534,770.7286423652798,12.732116661510954,757.9965257037688
P3,P5,R_C_log,G05,"{""max_leaf_nodes"":15,""min_samples_leaf"":50}",58824,494,ok,494,1.8590943361260521,1.363486096785021,1.0043219925865263,0.0518471050411583,1.7801483863340175,1.5895259306130058,0.19062245572101158,0.38433502889451415,0.28372724517738745,0.27911672159294043,0.6067143261390207,0.7382289509064242,918.3926020462698,17.950438788803858,900.442163257466
P3,P1,R_C_log,S05,"{""max_leaf_nodes"":7,""min_samples_leaf"":20}",3673,270,ok,270,1.046479824713843,1.0229759648759313,0.7760500170512319,0.10317433736951587,1.7064488001878504,1.7758638147651549,-0.06941501457730428,0.45779729487271736,0.3460943042720052,0.31327476981190755,0.3638975043706505,0.7559990156084928,282.5495526727376,1.3009799471671888,281.2485727255704
P3,P2,R_C_log,S05,"{""max_leaf_nodes"":7,""min_samples_leaf"":20}",1340,2603,ok,2603,5.770068223901225,2.4020966308417373,2.085515796338965,-0.8790643176735897,2.9275269962016206,1.2814777429093178,1.6460492532923026,0.277881974118441,0.14487295617611884,0.12676818439074625,2.25943231507616,0.5213470813848833,15019.487586814888,7052.771609519574,7966.715977295315
P3,P4,R_C_log,S05,"{""max_leaf_nodes"":7,""min_samples_leaf"":20}",3367,576,ok,576,1.6863897403618267,1.2986106962295616,1.0142612057316258,0.03375484544820884,1.582593810997146,1.8915961948625848,-0.30900238386543866,0.2644793398537325,0.29947980772701166,0.2760712278780122,-0.5593310177924584,1.1323372475620808,971.3604904484122,54.99790458308576,916.3625858653263
P3,P5,R_C_log,S05,"{""max_leaf_nodes"":7,""min_samples_leaf"":20}",3449,494,ok,494,1.903516558043722,1.379679875204289,1.0469735019622113,0.029191418617246168,1.7801483863340175,1.5702431792587555,0.20990520707526222,0.3298979993783571,0.2432496699264799,0.22133241437264647,0.6223325287697201,0.7373481208884172,940.3371796735987,21.765736802910506,918.5714428706881
P3,P1,R_C_log,S05,"{""max_leaf_nodes"":7,""min_samples_leaf"":50}",3673,270,ok,270,1.063559460304708,1.0312901920917836,0.7890083620350187,0.08853721284544469,1.7064488001878504,1.7613912015604523,-0.05494240137260173,0.4472705113804716,0.3255022319126657,0.31505388216821834,0.4245919534002267,0.7277524979414003,287.16105428227115,0.8150402165187786,286.3460140657524
P3,P2,R_C_log,S05,"{""max_leaf_nodes"":7,""min_samples_leaf"":50}",1340,2603,ok,2603,5.5957682163489855,2.3655376167689632,2.0667649878832965,-0.8223022635604393,2.9275269962016206,1.3072512020566651,1.6202757941449555,0.2308918583694232,0.1861360373628796,0.18450366858002704,1.873671913103064,0.8061611122946786,14565.78466715641,6833.639368586648,7732.1452985697615
P3,P4,R_C_log,S05,"{""max_leaf_nodes"":7,""min_samples_leaf"":50}",3367,576,ok,576,1.5635735579642795,1.250429349449332,0.9703969446329275,0.10412442746233885,1.582593810997146,1.811510388583621,-0.22891657758647493,0.31545983570002556,0.37035522077311256,0.3335112968412403,-0.5441502431481262,1.1740170343754557,900.618369387425,30.184012508489047,870.4343568789359
P3,P5,R_C_log,S05,"{""max_leaf_nodes"":7,""min_samples_leaf"":50}",3449,494,ok,494,1.939885600736636,1.3927977601707422,1.0624819327305006,0.01064291763691183,1.7801483863340175,1.504484497864871,0.2756638884691463,0.34207984632558175,0.24324341299463184,0.2157162844443172,0.710351530456516,0.7110720365651703,958.3034867638983,37.53934622652939,920.7641405373688
P3,P1,R_C_log,S05,"{""max_leaf_nodes"":15,""min_samples_leaf"":20}",3673,270,ok,270,1.1134880556039803,1.0552194348115373,0.8071830493022935,0.045748766755981385,1.7064488001878504,1.8608016074001137,-0.15435280721226313,0.541762297296106,0.3319470806232879,0.28800341869281626,0.5663036400716503,0.6127172050916245,300.6417750130747,6.4326930554626385,294.20908195761206
P3,P2,R_C_log,S05,"{""max_leaf_nodes"":15,""min_samples_leaf"":20}",1340,2603,ok,2603,5.954177692665248,2.4401183767729893,2.112131342551956,-0.9390208935537985,2.9275269962016206,1.2750131558164988,1.6525138403851218,0.3259924906607117,0.08674366627283464,0.05724562406817825,2.588257476656981,0.2660909952159488,15498.72453400764,7108.277586905392,8390.44694710225
P3,P4,R_C_log,S05,"{""max_leaf_nodes"":15,""min_samples_leaf"":20}",3367,576,ok,576,1.6480474909007499,1.2837630197590013,1.0088524438668776,0.055723677367473634,1.582593810997146,1.794403570607169,-0.2118097596100229,0.274904655079085,0.2855562157491442,0.2832770314558024,-0.2813364051060574,1.0387463816027231,949.2753547588319,25.841303577248077,923.4340511815838
P3,P5,R_C_log,S05,"{""max_leaf_nodes"":15,""min_samples_leaf"":20}",3449,494,ok,494,1.9193741000315883,1.3854147754487058,1.055673504735517,0.021103946104120697,1.7801483863340175,1.5625757344022728,0.21757265193174474,0.34988988505541535,0.23960332862397601,0.2507800356523464,0.7101021712782682,0.6847963855429194,948.1708054156046,23.3849022810944,924.7859031345104
P3,P1,R_C_log,S05,"{""max_leaf_nodes"":15,""min_samples_leaf"":50}",3673,270,ok,270,1.124870512504361,1.0605991290324357,0.8242411214638616,0.035994083281946754,1.7064488001878504,1.9454827432459894,-0.23903394305813877,0.4625844367027778,0.3231243976208407,0.30594257179579043,0.347490543887901,0.6985198203467801,303.71503837617746,15.427051002158812,288.2879873740186
P3,P2,R_C_log,S05,"{""max_leaf_nodes"":15,""min_samples_leaf"":50}",1340,2603,ok,2603,5.685058788380383,2.384336131584719,2.0768342064393006,-0.8513803821022374,2.9275269962016206,1.3062586518796722,1.6212683443219482,0.28462329285014687,0.15041567447089163,0.1390271187158319,2.2372048015969592,0.528472820915908,14798.208026154136,6842.014248314023,7956.193777840112
P3,P4,R_C_log,S05,"{""max_leaf_nodes"":15,""min_samples_leaf"":50}",3367,576,ok,576,1.577912796292413,1.2561499895682893,0.9868384616351674,0.09590852148110962,1.582593810997146,1.7724380039463092,-0.18984419294916333,0.3572287164407104,0.341757331095712,0.3205450363348862,-0.1130808475149101,0.9566905328912263,908.8777706644299,20.759510935595035,888.1182597288349
P3,P5,R_C_log,S05,"{""max_leaf_nodes"":15,""min_samples_leaf"":50}",3449,494,ok,494,1.9554260660964276,1.398365498035627,1.056649632636596,0.002717156725500658,1.7801483863340175,1.50068511262154,0.27946327371247776,0.3680650349008356,0.241832948938328,0.24028445360789213,0.7941402850459105,0.657038637216607,965.9804766516352,38.58126234892306,927.3992143027122
P4,P1,E_log,B00,{},3604,270,ok,270,4.434140885208337,2.1057399851853353,1.8811141124200683,-0.11737265646515893,2.2553727869836906,2.9378516275726008,-0.6824788405889111,4.458558739264725e-16,,,,,1197.218039006251,125.75988931992777,1071.4581496863234
P4,P2,E_log,B00,{},1271,2603,ok,2603,5.684488499717895,2.3842165379255915,2.0050268025777958,-0.08188948378222194,3.1054919247043675,2.4495455847771703,0.6559463399271966,1.9373851864155306e-16,,,,,14796.72356476568,1119.9813590486938,13676.742205716988
P4,P3,E_log,B00,{},3367,509,ok,509,4.672092870689374,2.1615024567854126,1.9315691414961345,-0.1896327805859419,2.139311737452243,3.0023021654513276,-0.8629904279990843,0.0,,,,,2378.0952711808914,379.07901171838375,1999.0162594625072
P4,P5,E_log,B00,{},3380,494,ok,494,4.779553437209897,2.1862189819892004,1.909819342016037,-0.00015147057390763052,2.866812264339182,2.8937167632170704,-0.026904498877887602,4.062930982295195e-16,,,,,2361.099397981689,0.3575829175759061,2360.7418150641133
P4,P1,E_log,B01,"{""lambda"":0}",3604,270,ok,270,4.080147923459287,2.019937603852972,1.6102027577303346,-0.02816889269685441,2.2553727869836906,2.0056285599273087,0.24974422705638197,0.3557631453026633,0.16038181520659678,0.19443856971995382,1.351214069818992,0.45081065119927716,1101.6399393340075,16.840488315957213,1084.79945101805
P4,P2,E_log,B01,"{""lambda"":0}",1271,2603,ok,2603,12.039040959641364,3.4697321164091854,2.711223263480686,-1.2913076189187138,3.1054919247043675,0.45980975496121973,2.645682169743148,0.14664815754578683,0.2127205220624112,0.20234786098233457,2.438514768211957,1.4505502532208425,31337.62361794647,18220.0476750016,13117.575942944874
P4,P3,E_log,B01,"{""lambda"":0}",3367,509,ok,509,9.480943828366764,3.079114130454856,2.7281906463281045,-1.414087622246873,2.139311737452243,4.422641234425884,-2.28332949697364,0.46459600880078555,0.13912556257981157,0.17786267130441805,0.8149300420166949,0.2994549241585656,4825.800408638683,2653.719138200697,2172.0812704379855
P4,P5,E_log,B01,"{""lambda"":0}",3380,494,ok,494,4.590595109826374,2.1425674108009702,1.8500193511445402,0.039389242066421915,2.866812264339182,2.5712392994632443,0.2955729648759381,0.1870739791701075,0.24767541081251138,0.2574670413020511,-0.5373637339313033,1.3239436714354513,2267.7539842542287,43.15750851738295,2224.5964757368456
P4,P1,E_log,B01,"{""lambda"":0.001}",3604,270,ok,270,4.01684559818373,2.004206974886509,1.6433081261479612,-0.0122171470972674,2.2553727869836906,2.2069790288667117,0.04839375811697893,0.3537484855817825,0.16044026357200075,0.19421318155191675,1.2544121849703365,0.453543322759777,1084.5483115096072,0.6323280726648592,1083.915983436942
P4,P2,E_log,B01,"{""lambda"":0.001}",1271,2603,ok,2603,7.158585400864702,2.6755532887357525,2.0921479521329247,-0.36244417845806454,3.1054919247043675,1.6529893007971324,1.4525026239072352,0.1426214500536323,0.2083610282457188,0.19713007701164295,0.6905778268337812,1.4609375249470917,18633.797798450818,5491.71536000662,13142.082438444198
P4,P3,E_log,B01,"{""lambda"":0.001}",3367,509,ok,509,8.529460468313859,2.9205240057759942,2.5785101455844153,-1.1718159408763835,2.139311737452243,4.204762915332778,-2.0654511778805347,0.4632445509288292,0.13927137340917728,0.17779740147544587,0.8751779124472696,0.3006433062837565,4341.495378371755,2171.439081217917,2170.056297153836
P4,P5,E_log,B01,"{""lambda"":0.001}",3380,494,ok,494,4.563132183322173,2.1361489141261134,1.8487577160928095,0.04513603131991206,2.866812264339182,2.620103873170748,0.24670839116843382,0.18663910449768992,0.24835785463685017,0.25857289270883305,-0.6197206282060832,1.3306849885787155,2254.1872985611535,30.067324954820975,2224.1199736063327
P4,P1,E_log,B01,"{""lambda"":0.1}",3604,270,ok,270,4.0855550272009085,2.0212755940744223,1.750516398576079,-0.029531445224608266,2.2553727869836906,2.6192879656022288,-0.3639151786185381,0.2850145330346426,0.1492456357193436,0.18349224860973054,0.8838030870245095,0.5236421951199355,1103.0998573442453,35.757249451819874,1067.3426078924251
P4,P2,E_log,B01,"{""lambda"":0.1}",1271,2603,ok,2603,5.427192534258109,2.329633562227783,1.9615219379819362,-0.03292011753856605,3.1054919247043675,2.4926055547296406,0.612886369974727,0.11236188295510874,0.22781785063037802,0.21475066997188283,-1.9483575215061566,2.0275367823926267,14126.982166673857,977.7641156095771,13149.218051064281
P4,P3,E_log,B01,"{""lambda"":0.1}",3367,509,ok,509,4.703909502449188,2.168849810948003,1.881007354327037,-0.19773409816607002,2.139311737452243,2.894636821709674,-0.755325084257431,0.40377416454516296,0.1369171904054036,0.17296298391589343,1.1577592368880674,0.33909348945006385,2394.289936746637,290.39263530042405,2103.8973014462126
P4,P5,E_log,B01,"{""lambda"":0.1}",3380,494,ok,494,4.45234581038343,2.1100582481020353,1.8485360385598646,0.06831877323709734,2.866812264339182,2.9456290928664073,-0.07881682852722505,0.16678493974199016,0.292100440061658,0.3107350244630944,-2.2920441384975234,1.7513598081069315,2199.4588303294145,3.068773674790458,2196.390056654624
P4,P1,E_log,G02,"{""lambda"":0}",59129,270,ok,270,3.7939563202687285,1.9478080809640175,1.649990437618032,0.04394940038260253,2.2553727869836906,2.199154932466198,0.056217854517492644,0.17331240948006071,0.21574624283020355,0.2446240742795513,-0.48222353115922845,1.2448401327835945,1024.3682064725567,0.8533207349684914,1023.5148857375882
P4,P2,E_log,G02,"{""lambda"":0}",56603,2603,ok,2603,5.174374538223346,2.2747251566339495,1.9066081055965007,0.015196987674063078,3.1054919247043675,2.9148548763389037,0.19063704836546408,0.406304193171202,0.2303654534373921,0.25577563992701585,1.4528339492818327,0.5669777898165191,13468.89692299537,94.59948639731884,13374.297436598052
P4,P3,E_log,G02,"{""lambda"":0}",58850,509,ok,509,3.8083594318625438,1.9515018400868966,1.6779988963723003,0.0302955558054121,2.139311737452243,2.333122445420818,-0.19381070796857497,0.17377457783219646,0.20157592757321488,0.22075459107296033,-0.5670756233717906,1.159985137572105,1938.4549508180348,19.119358576349647,1919.3355922416854
P4,P5,E_log,G02,"{""lambda"":0}",58718,494,ok,494,4.373856064230525,2.0913765955060617,1.8006365355256124,0.0847432438641329,2.866812264339182,2.6387375504580994,0.22807471388108203,0.25608762797760565,0.3147540279935625,0.3248942905004965,-0.376426307487423,1.2290872092465432,2160.6848957298794,25.69692910529709,2134.9879666245824
P4,P1,E_log,G02,"{""lambda"":0.001}",59129,270,ok,270,3.7942679546703135,1.947888075498773,1.6509348330789808,0.04387087068132345,2.2553727869836906,2.2027247250483857,0.05264806193530496,0.17280414719138512,0.21536121713038775,0.24393461527444474,-0.48982451007093,1.246273429374757,1024.4523477609846,0.748390974896801,1023.7039567860879
P4,P2,E_log,G02,"{""lambda"":0.001}",56603,2603,ok,2603,5.162864751142461,2.2721938190089466,1.9053294589545138,0.017387566053102765,3.1054919247043675,2.9007533925404854,0.20473853216388183,0.39810734036879336,0.23091128980962486,0.25597433708437484,1.422989143744156,0.5800226883425869,13438.936947223825,109.11220663647212,13329.824740587354
P4,P3,E_log,G02,"{""lambda"":0.001}",58850,509,ok,509,3.8084782838139395,1.9515322912557556,1.6781331933908423,0.03026529309845616,2.139311737452243,2.3326475980526475,-0.19333586060040434,0.17282337262469108,0.2015085827917465,0.2204317186590461,-0.5805085304749036,1.1659799234988262,1938.5154464612951,19.02578629199638,1919.4896601692985
P4,P5,E_log,G02,"{""lambda"":0.001}",58718,494,ok,494,4.3753495351949905,2.091733619559381,1.8010272053406793,0.08443072571761734,2.866812264339182,2.636580204611069,0.23023205972811261,0.2539671428002671,0.31504477017600674,0.32493762096416895,-0.40385021370256124,1.2404942100080016,2161.422670386325,26.185359855364712,2135.2373105309607
P4,P1,E_log,G02,"{""lambda"":0.1}",59129,270,ok,270,3.8337530795282504,1.9579972113177921,1.680658753950211,0.033920893899902715,2.2553727869836906,2.2963961135276247,-0.04102332654393452,0.14722961696477255,0.19025226586830654,0.22310738818027498,-0.712063880560847,1.2922146358217308,1035.1133314726276,0.45438659659717634,1034.65894487603
P4,P2,E_log,G02,"{""lambda"":0.1}",56603,2603,ok,2603,5.29718507169027,2.3015614420845405,1.9285934404268352,-0.008176693997057338,3.1054919247043675,2.5128010653230253,0.5926908593813421,0.17554926458334136,0.25490854928471635,0.2646213259279142,-0.5432529203558687,1.4520627579371004,13788.572741609774,914.3882298292867,12874.184511780488
P4,P3,E_log,G02,"{""lambda"":0.1}",58850,509,ok,509,3.826018662856574,1.9560211304729236,1.6838168435590315,0.025799069829666066,2.139311737452243,2.3124888158169554,-0.17317707836471258,0.14084735876716706,0.1891172695757583,0.21476835572898206,-0.9656919672656294,1.3427107986340412,1947.4434993939963,15.26506293970734,1932.1784364542887
P4,P5,E_log,G02,"{""lambda"":0.1}",58718,494,ok,494,4.445873855260543,2.1085240940668766,1.8161374058264133,0.06967307035265013,2.866812264339182,2.56661914387182,0.3001931204673617,0.1831325346672129,0.33327751924636273,0.338774782228366,-1.8041025060714562,1.8198706191228773,2196.2616844987083,44.51725933051037,2151.7444251681977
P4,P1,E_log,P00,"{""lambda"":0}",59129,270,ok,270,3.8186475753695017,1.9541360176224944,1.702389487672866,0.03772737586474295,2.2553727869836906,2.4224770785184178,-0.1671042915347274,0.16505694966038986,0.2181301276302283,0.24628217681066628,-0.9460388191665303,1.3215446431006885,1031.0348453497654,7.5394379473172535,1023.4954074024479
P4,P2,E_log,P00,"{""lambda"":0}",56603,2603,ok,2603,5.159312417853884,2.2714119876970544,1.908503180962253,0.018063657143442935,3.1054919247043675,2.9545317187097835,0.15096020599458412,0.40528064053595114,0.2302766356836722,0.2557319953107025,1.4267548813916993,0.5681905638994992,13429.69022367366,59.31972481559269,13370.370498858068
P4,P3,E_log,P00,"{""lambda"":0}",58850,509,ok,509,4.0523077789835,2.0130344703912795,1.7803631935495088,-0.03181985125883724,2.139311737452243,2.6684601153162184,-0.529148377863975,0.16859124123257405,0.2013678617425892,0.21702410512359485,-1.0479363285688064,1.1944147292017342,2062.6246595026014,142.5189849502027,1920.1056745523988
P4,P5,E_log,P00,"{""lambda"":0}",58718,494,ok,494,4.34348757727699,2.0841035428397,1.8123174614729505,0.09109803982670572,2.866812264339182,2.832705515767849,0.0341067485713327,0.23872469518747952,0.31067364311224904,0.3221565748493868,-0.8196389499209347,1.3013887937662474,2145.682863174833,0.574655527265404,2145.1082076475677
P4,P1,E_log,P00,"{""lambda"":0.001}",59129,270,ok,270,3.8218256735706375,1.9549490207088873,1.7044765612730837,0.03692651722685969,2.2553727869836906,2.4297228337506356,-0.1743500467669452,0.16440368540071992,0.21780277594883193,0.24634091995459917,-0.9635354551720119,1.3248047050645866,1031.8929318640721,8.207443478061714,1023.6854883860107
P4,P2,E_log,P00,"{""lambda"":0.001}",56603,2603,ok,2603,5.146236139066169,2.2685317143619943,1.9072326946798732,0.020552375083172314,3.1054919247043675,2.9420052370357825,0.16348668766858535,0.39706108514560406,0.23081689889713622,0.25591698931005646,1.3952650836561749,0.581313323143956,13395.652669989238,69.57271600773304,13326.079953981505
P4,P3,E_log,P00,"{""lambda"":0.001}",58850,509,ok,509,4.056861651620512,2.0141652493329616,1.781864615227778,-0.0329793821837443,2.139311737452243,2.67245170095039,-0.5331399634981469,0.1676041932925007,0.20132553963135608,0.21773414629573037,-1.0708274020477138,1.201196316610082,2064.9425806748404,144.6772543255119,1920.2653263493285
P4,P5,E_log,P00,"{""lambda"":0.001}",58718,494,ok,494,4.344596378369757,2.0843695397816955,1.8129882882675525,0.09086601625838009,2.866812264339182,2.8339314459943177,0.03288081834486431,0.23646441482197023,0.3108452341058247,0.3220540710650821,-0.858543554772909,1.314553965085421,2146.23061091466,0.5340872182238149,2145.696523696436
P4,P1,E_log,P00,"{""lambda"":0.1}",59129,270,ok,270,3.954232476168678,1.9885252012908154,1.7604280748055223,0.0035609240751934834,2.2553727869836906,2.6049264131774166,-0.34955362619372593,0.13483761219497756,0.19479937660195343,0.2276825515693185,-1.5079543227188958,1.4446961306335655,1067.642768565543,32.99068914799943,1034.6520794175435
P4,P2,E_log,P00,"{""lambda"":0.1}",56603,2603,ok,2603,5.205649195563364,2.2815891820315426,1.9256120624091686,0.009244697879345898,3.1054919247043675,2.5975747118232793,0.507917212881088,0.1743251254434685,0.25450571418353496,0.26432962573297547,-0.6868335102889942,1.4599485503658403,13550.304856051436,671.5216670517433,12878.783188999692
P4,P3,E_log,P00,"{""lambda"":0.1}",58850,509,ok,509,4.164787534589349,2.0407811089358283,1.815852536599653,-0.06046003631604702,2.139311737452243,2.746582190332546,-0.6072704528803029,0.13378131239650784,0.191870740371848,0.2122808242712578,-1.7998689217217487,1.4342118262614418,2119.876855105979,187.70769809719712,1932.169157008782
P4,P5,E_log,P00,"{""lambda"":0.1}",58718,494,ok,494,4.395744362756935,2.096603053216544,1.8313847660243443,0.08016298040497405,2.866812264339182,2.849462422961955,0.01734984137722657,0.16467338642440701,0.3259278764546571,0.33303352078050213,-2.772952950422214,1.979238318538337,2171.497715201926,0.14870239593257206,2171.349012805994
P4,P1,E_log,P02,"{""lambda"":0}",59129,270,ok,270,3.925132305898527,1.9811946663310314,1.7245975672407607,0.010893964544614554,2.2553727869836906,2.4342620964798796,-0.17888930949618884,0.25747558908681256,0.16555311172293755,0.18919497118784293,0.6901771649413746,0.6429856605439911,1059.7857225926023,8.640373964046274,1051.145348628556
P4,P2,E_log,P02,"{""lambda"":0}",56603,2603,ok,2603,5.146091407107887,2.2684998142181736,1.91441499428612,0.020579920918411543,3.1054919247043675,3.100783417260963,0.0047085074434043495,0.4265714534378918,0.23741315041753625,0.2527852250796631,1.3797159640268586,0.5565612712809045,13395.27593270183,0.0577086202229786,13395.218224081607
P4,P3,E_log,P02,"{""lambda"":0}",58850,509,ok,509,3.96460307947799,1.9911311055472942,1.6888239011860753,-0.009488020871270653,2.139311737452243,2.2518402748814306,-0.11252853742918792,0.255652620841538,0.11557573190510215,0.1251384637058647,1.121297186902713,0.45208115420314743,2017.9829674542968,6.4452999135996425,2011.537667540697
P4,P5,E_log,P02,"{""lambda"":0}",58718,494,ok,494,4.21990648032215,2.05424109595786,1.784296495828871,0.11695815782272345,2.866812264339182,2.902884650331689,-0.0360723859925075,0.2790440065952978,0.3495792753759942,0.34974008832069564,-0.7698482213841777,1.252774713355499,2084.633801279142,0.6428012134090708,2083.9910000657333
P4,P1,E_log,P02,"{""lambda"":0.001}",59129,270,ok,270,3.8921257090907444,1.972847107378254,1.7194626371623494,0.01921139732601651,2.2553727869836906,2.438883443951092,-0.1835106569674012,0.23304227078826265,0.17594716910866315,0.20031844925318995,0.41401312164183546,0.7550010927782496,1050.873941454501,9.092563529563943,1041.7813779249373
P4,P2,E_log,P02,"{""lambda"":0.001}",56603,2603,ok,2603,5.174102790526607,2.274665423864927,1.9166804706384488,0.015248707538631057,3.1054919247043675,3.1110878393794703,-0.005595914675102804,0.4372570410476781,0.2360721131179986,0.2525491576294714,1.4258366844404664,0.5398932228795317,13468.189563740758,0.08151102151583349,13468.108052719243
P4,P3,E_log,P02,"{""lambda"":0.001}",58850,509,ok,509,3.925636951444657,1.981322021137568,1.7147002787456873,0.0004337389318733731,2.139311737452243,2.400490073984058,-0.2611783365318148,0.208332528775267,0.14689309339941423,0.16451350787440502,0.446751220306689,0.7050895712875981,1998.1492082853306,34.72098884802469,1963.4282194373059
P4,P5,E_log,P02,"{""lambda"":0.001}",58718,494,ok,494,4.242829324426126,2.0598129343282916,1.790679842377524,0.11216140922653839,2.866812264339182,2.889601564753093,-0.022789300413911286,0.26661634752073426,0.34385431613246326,0.34538924997528947,-0.8598983413043828,1.2896970471989622,2095.9576862665062,0.25655999339761554,2095.7011262731094
P4,P1,E_log,P02,"{""lambda"":0.1}",59129,270,ok,270,3.911184820492668,1.977671565374966,1.7377741225054848,0.014408633839616214,2.2553727869836906,2.514842867819911,-0.25947008083622053,0.1714631021675114,0.17722060980506274,0.2037258607757368,-0.3439152287174778,1.0335786974851682,1056.0199015330204,18.1776751692718,1037.8422263637485
P4,P2,E_log,P02,"{""lambda"":0.1}",56603,2603,ok,2603,5.001857068893575,2.236483192177749,1.9049025820590757,0.04803104756280485,3.1054919247043675,2.990604223544439,0.11488770115992825,0.3325121421563965,0.2422580432960185,0.25324366126246856,0.9266303566118621,0.7285690132244035,13019.833950329974,34.35747563394718,12985.476474696028
P4,P3,E_log,P02,"{""lambda"":0.1}",58850,509,ok,509,3.9905992017037923,1.9976484179414036,1.7609490258362368,-0.016107289799323965,2.139311737452243,2.5679716073052306,-0.42865986985298704,0.15113527806012425,0.1770658352611411,0.20102794417643696,-0.8692514743314934,1.17157183639614,2031.2149936672304,93.52838556739131,1937.6866080998388
P4,P5,E_log,P02,"{""lambda"":0.1}",58718,494,ok,494,4.277324418761451,2.068169339962628,1.8023996961468944,0.10494309484208808,2.866812264339182,2.8649080420001405,0.0019042223390413932,0.22523907975931448,0.3455805645174478,0.34651824094917666,-1.5287683760316506,1.5342833263513933,2112.998262868157,0.0017912749819531115,2112.996471593175
P4,P1,E_log,S01,"{""lambda"":0}",3604,270,ok,270,4.185691128503578,2.0458961675763456,1.7874298171648826,-0.05476504614465916,2.2553727869836906,2.731626541228103,-0.4762537542444123,0.32466762411216055,0.16601668752590779,0.20346058910471373,0.8585732410706182,0.5113435254897948,1130.136604695966,61.24076237661221,1068.895842319354
P4,P2,E_log,S01,"{""lambda"":0}",1271,2603,ok,2603,84.71836026888637,9.204257725036081,8.931771506874123,-15.123861111290914,3.1054919247043675,-5.826279582169756,8.931771506874123,0.2896756574656249,0.2474661726284123,0.24431106312367498,8.082807317640725,0.8542870836766064,220521.89177991124,207658.33947937496,12863.552300536263
P4,P3,E_log,S01,"{""lambda"":0}",3367,509,ok,509,7.481242287464016,2.7351859694477842,2.4113343333503234,-0.9049131322939119,2.139311737452243,3.958226357130702,-1.8189146196784587,0.4290833337717463,0.1417141491303404,0.18018596199222153,0.8320209710286315,0.3302718562490852,3807.9523243191843,1684.0012503831363,2123.9510739360476
P4,P5,E_log,S01,"{""lambda"":0}",3380,494,ok,494,4.602178325901123,2.1452688236911297,1.884403039177767,0.03696538160679319,2.866812264339182,3.3117837942932464,-0.44497152995406486,0.20059768059809066,0.29570999851194696,0.31181603706890143,-2.0152361121048443,1.4741446542665637,2273.476092995155,97.81183326001266,2175.6642597351424
P4,P1,E_log,S01,"{""lambda"":0.001}",3604,270,ok,270,4.156688818630481,2.038795923733045,1.777507573383422,-0.04745666581451857,2.2553727869836906,2.700683307405839,-0.44531052042214875,0.3238172823731972,0.16579034027191408,0.20260293920329417,0.8726571974387614,0.5119873128971596,1122.3059810302298,53.54139409163414,1068.7645869385956
P4,P2,E_log,S01,"{""lambda"":0.001}",1271,2603,ok,2603,20.03033266818623,4.47552596553592,3.8878730919045847,-2.8122350447970175,3.1054919247043675,-0.7819561147045228,3.8874480394088904,0.25191635452026884,0.25293620027063735,0.251234145982105,3.8906136719938593,1.004048350700813,52138.95593528876,39337.192630447775,12801.76330484098
P4,P3,E_log,S01,"{""lambda"":0.001}",3367,509,ok,509,6.805686416406369,2.6087710548084453,2.294219143282962,-0.7328995547451236,2.139311737452243,3.7641985100512287,-1.6248867725989853,0.4261983002208863,0.141977949549246,0.18048417279462067,0.885357449327633,0.3331265034976979,3464.0943859508416,1343.8908250974775,2120.2035608533643
P4,P5,E_log,S01,"{""lambda"":0.001}",3380,494,ok,494,4.544064662683129,2.1316811822322608,1.8735794924979834,0.04912602935170951,2.866812264339182,3.2441162244264405,-0.3773039600872583,0.2005619445905902,0.2970166746382881,0.3131575322314106,-1.937472093225166,1.4809223915563459,2244.7679433654657,70.32498947897854,2174.4429538864874
P4,P1,E_log,S01,"{""lambda"":0.1}",3604,270,ok,270,4.042388720243176,2.0105692527846872,1.7543618150703189,-0.018653836162602744,2.2553727869836906,2.5964911030668696,-0.3411183160831789,0.2678176575858456,0.15382630595455768,0.18163658361033613,0.764027375224849,0.574369544342873,1091.4449544656575,31.417660503204353,1060.027293962453
P4,P2,E_log,S01,"{""lambda"":0.1}",1271,2603,ok,2603,5.185045993895461,2.277069606730427,1.9193047512256758,0.013165963129131208,3.1054919247043675,2.592339439831104,0.5131524848732631,0.20271143742007833,0.257446772833286,0.2536797747351412,-0.18682069152920455,1.2700160193713184,13496.674722109885,685.4362055203667,12811.238516589518
P4,P3,E_log,S01,"{""lambda"":0.1}",3367,509,ok,509,4.1151911523664895,2.0285933925669997,1.7498242501399948,-0.047831545461138436,2.139311737452243,2.5199776503279785,-0.38066591287573553,0.32185501269165256,0.1439405357588599,0.18555816029460506,1.0123231283418848,0.4472216683999873,2094.6322965545432,73.75742744778819,2020.8748691067553
P4,P5,E_log,S01,"{""lambda"":0.1}",3380,494,ok,494,4.307923477775008,2.075553776170352,1.8180384387506028,0.09854005023287205,2.866812264339182,2.972023349443607,-0.1052110851044255,0.20420729956807765,0.34904973326617034,0.3539815259913857,-2.21324099320014,1.7092911664002772,2128.114198020854,5.468269979852229,2122.6459280410018
P4,P1,E_log,S02,"{""lambda"":0}",3604,270,ok,270,4.387500932311842,2.0946362291127887,1.8453257329948967,-0.10561971279139959,2.2553727869836906,2.890966906761775,-0.6355941197780847,0.3366159438226297,0.16263445562461246,0.19854286043420927,0.8586153316751737,0.48314543208419164,1184.6252517241974,109.07456897604912,1075.5506827481481
P4,P2,E_log,S02,"{""lambda"":0}",1271,2603,ok,2603,30.802799249412626,5.550026959341065,5.0787534303523065,-4.862484299273062,3.1054919247043675,-1.9729783838970907,5.0784703086014575,0.36313845678747836,0.24506058185000523,0.2531352796595849,4.436937883396276,0.6748406214476577,80179.68644622107,67133.61033792715,13046.076108293895
P4,P3,E_log,S02,"{""lambda"":0}",3367,509,ok,509,7.214496288868022,2.6859814386678145,2.3668083733219407,-0.8369928676924288,2.139311737452243,3.885410289192952,-1.7460985517407088,0.42454047148981044,0.1408093081628677,0.18156640960370043,0.850619677469739,0.33167464027336513,3672.1786110338235,1551.8698175670193,2120.3087934668038
P4,P5,E_log,S02,"{""lambda"":0}",3380,494,ok,494,4.434697753562265,2.105872207319871,1.8441764042762727,0.07201173958099161,2.866812264339182,2.908957939494322,-0.04214567515514034,0.19579808970264978,0.28274107467078974,0.29845166264016143,-1.333851262224428,1.4440440920551196,2190.740690259759,0.8774714195356111,2189.8632188402235
P4,P1,E_log,S02,"{""lambda"":0.001}",3604,270,ok,270,4.282904577968824,2.069517957875414,1.8148405581133833,-0.07926215913344059,2.2553727869836906,2.804732684783509,-0.5493598977998185,0.33490570662993036,0.162658083282707,0.19830232271852632,0.8931611745928649,0.4856832238527472,1156.3842360515825,81.4850002738693,1074.8992357777129
P4,P2,E_log,S02,"{""lambda"":0.001}",1271,2603,ok,2603,9.30519313538177,3.0504414656540733,2.3858001298989406,-0.7709932209787504,3.1054919247043675,1.0326288246675184,2.0728631000368494,0.3549001082659133,0.24335556042559003,0.2549533421686039,2.3974167213282795,0.6857015671667613,24221.41773139875,11184.470006179863,13036.947725218888
P4,P3,E_log,S02,"{""lambda"":0.001}",3367,509,ok,509,6.59846629792374,2.5687480020281748,2.257915972805092,-0.6801360818076809,2.139311737452243,3.701168100547074,-1.561856363094831,0.4220455441226634,0.14111981624003628,0.18127264901691303,0.9017482339482625,0.3343710606716444,3358.619345643184,1241.6522071603647,2116.9671384828193
P4,P5,E_log,S02,"{""lambda"":0.001}",3380,494,ok,494,4.4320722088289175,2.105248728494787,1.8445652632222962,0.072561151248967,2.866812264339182,2.9249673075339775,-0.058155043194795836,0.19599568956323787,0.2849123069638105,0.3005387216516502,-1.3851138124041942,1.4536661882652457,2189.4436711614853,1.6707124702003533,2187.772958691285
P4,P1,E_log,S02,"{""lambda"":0.1}",3604,270,ok,270,4.022351793458982,2.005580163807715,1.7501292251986038,-0.013604670002154817,2.2553727869836906,2.583717251516698,-0.3283444645330076,0.2601268615579375,0.15613286848636151,0.1845335481295507,0.704578749716797,0.600218168747584,1086.0349842339251,29.108723595156217,1056.926260638769
P4,P2,E_log,S02,"{""lambda"":0.1}",1271,2603,ok,2603,5.081616829048473,2.2542441813274072,1.9034396658734345,0.03285092260611633,3.1054919247043675,2.7139467143526166,0.3915452103517507,0.2652813145413275,0.24955222817031164,0.2524171898441616,0.5524608117773333,0.9407078994681121,13227.448606013175,399.0598175036797,12828.388788509495
P4,P3,E_log,S02,"{""lambda"":0.1}",3367,509,ok,509,4.112110041087018,2.0278338297520873,1.7510290579073207,-0.04704701675416678,2.139311737452243,2.5266605644153266,-0.3873488269630835,0.3189462000820711,0.14560983561600668,0.18542293863898587,0.9858048784669571,0.4565341602393709,2093.064010913292,76.36990889858549,2016.6941020147062
P4,P5,E_log,S02,"{""lambda"":0.1}",3380,494,ok,494,4.306360379633603,2.0751771923461386,1.8172324392282626,0.09886713830193872,2.866812264339182,2.9539092808628253,-0.08709701652364332,0.20516776373735746,0.3473945955318674,0.351953890187863,-2.1348122656079784,1.6932221183469134,2127.342027539,3.74742980193598,2123.5945977370634
P4,P1,E_log,S03,"{""control_lambda"":0.001,""difference_penalty"":0.01,""n_knots"":3}",3604,270,ok,270,4.081434034275032,2.0202559328647034,1.7624715954298207,-0.028492983675445505,2.2553727869836906,2.6661319814596403,-0.4107591944759498,0.31806711905543944,0.18107932744285005,0.20723035307299367,0.737512696603096,0.5693116848437504,1101.9871892542587,45.55524127856341,1056.4319479756955
P4,P2,E_log,S03,"{""control_lambda"":0.001,""difference_penalty"":0.01,""n_knots"":3}",1271,2603,ok,2603,7.2442630461751705,2.6915168671541276,2.10226422294928,-0.37875061367404195,3.1054919247043675,1.5704973680550256,1.5349945566493421,0.2517330471112658,0.2642874764606131,0.2552077130592677,1.4566707192476218,1.0498719953276456,18856.81670919397,6133.210176118916,12723.606533075057
P4,P3,E_log,S03,"{""control_lambda"":0.001,""difference_penalty"":0.01,""n_knots"":3}",3367,509,ok,509,6.081527817888776,2.466075387714004,2.1584793591686102,-0.5485104959264813,2.139311737452243,3.5325543727395754,-1.3932426352873324,0.4380167582615781,0.1570803130199756,0.1886605632093512,0.8724772244708012,0.3586171306399406,3095.497659305387,988.0326457582369,2107.46501354715
P4,P5,E_log,S03,"{""control_lambda"":0.001,""difference_penalty"":0.01,""n_knots"":3}",3380,494,ok,494,4.981844045007176,2.2320044903644742,1.8559960604152859,-0.04248204633368946,2.866812264339182,2.0889204578552585,0.7778918064839231,0.2132701907824672,0.3039017480792386,0.3178971952681334,-0.10981834874172147,1.4249612051466416,2461.0309582335453,298.92713732184166,2162.103820911703
P4,P1,E_log,S03,"{""control_lambda"":0.1,""difference_penalty"":0.01,""n_knots"":3}",3604,270,ok,270,3.990368292909464,1.997590621951721,1.74411285476956,-0.0055450503605496415,2.2553727869836906,2.5710510051203914,-0.315678218136701,0.26805775481521993,0.17052613568240788,0.18963832733731503,0.619787228760335,0.6361544578330013,1077.3994390855553,26.906239099609895,1050.4931999859455
P4,P2,E_log,S03,"{""control_lambda"":0.1,""difference_penalty"":0.01,""n_knots"":3}",1271,2603,ok,2603,4.98881519270192,2.2335655783302895,1.9062811876458783,0.05051321789373986,3.1054919247043675,2.7956330012809154,0.3098589234234522,0.23859422143150325,0.2634469234743478,0.25478551725138576,0.018657260679393328,1.1041630509479015,12985.885946603097,249.92067396264156,12735.965272640457
P4,P3,E_log,S03,"{""control_lambda"":0.1,""difference_penalty"":0.01,""n_knots"":3}",3367,509,ok,509,4.028542394172102,2.00712291456505,1.73406506550698,-0.025768584386073323,2.139311737452243,2.5091595785684953,-0.36984784111625285,0.3084252263142033,0.16890166298431455,0.20536560641832904,0.76523079544298,0.547625967573251,2050.5280786335998,69.62479961938169,1980.9032790142182
P4,P5,E_log,S03,"{""control_lambda"":0.1,""difference_penalty"":0.01,""n_knots"":3}",3380,494,ok,494,4.251798327586502,2.061988925185221,1.7982508459869133,0.11028458918084216,2.866812264339182,2.8280440764887667,0.038768187850415504,0.2383608319458074,0.35117972277406595,0.34610612675835445,-1.2997772154288834,1.4733113654088466,2100.388373827732,0.7424683602673215,2099.6459054674647
P4,P1,E_log,S03,"{""control_lambda"":0.001,""difference_penalty"":1,""n_knots"":3}",3604,270,ok,270,4.165803400200209,2.041029985130108,1.7770725514664718,-0.049753476963462884,2.2553727869836906,2.713303578243817,-0.45793079126012654,0.339831131000271,0.17446137894048896,0.2006755457334133,0.8624259949954027,0.5133766833749842,1124.7669180540565,56.61916458771391,1068.1477534663427
P4,P2,E_log,S03,"{""control_lambda"":0.001,""difference_penalty"":1,""n_knots"":3}",1271,2603,ok,2603,16.556996329447006,4.069028917253723,3.397192682251015,-2.1511788989877507,3.1054919247043675,-0.28836558003893703,3.3938575047433046,0.1689794927740659,0.20584689846841545,0.19614641754843057,3.456772185412849,1.2181768041145866,43097.86144555056,29982.053588793875,13115.807856756684
P4,P3,E_log,S03,"{""control_lambda"":0.001,""difference_penalty"":1,""n_knots"":3}",3367,509,ok,509,6.157851588489435,2.481501881621176,2.172184385349153,-0.5679444545307906,2.139311737452243,3.5588094459088113,-1.4194977084565679,0.43878808528983576,0.1568567063778011,0.189135299231016,0.86711874264306,0.3574771322110796,3134.3464585411225,1025.6216358555446,2108.7248226855777
P4,P5,E_log,S03,"{""control_lambda"":0.001,""difference_penalty"":1,""n_knots"":3}",3380,494,ok,494,4.680187077038821,2.1633740030421973,1.8378601626152127,0.020641562197098118,2.866812264339182,2.3280523332832295,0.5387599310559527,0.20640328990017595,0.30034181045236774,0.3147837989994624,-0.520786125901147,1.4551212366703252,2312.0124160571772,143.38955807583895,2168.622857981338
P4,P1,E_log,S03,"{""control_lambda"":0.1,""difference_penalty"":1,""n_knots"":3}",3604,270,ok,270,4.074881230907094,2.0186335058417844,1.761794934417127,-0.026841722812049884,2.2553727869836906,2.6235791431932,-0.36820635620950914,0.2966491876631043,0.16066655594181212,0.18490177488967713,0.8344303313571779,0.5416045707304492,1100.2179323449154,36.60549860333266,1063.6124337415827
P4,P2,E_log,S03,"{""control_lambda"":0.1,""difference_penalty"":1,""n_knots"":3}",1271,2603,ok,2603,5.451342655554127,2.3348110535017876,1.9626513506472527,-0.037516443534040045,3.1054919247043675,2.4766597085860136,0.6288322161183542,0.141198847787717,0.20425140781214754,0.19220490762229966,-0.47712393991546964,1.4465515194516736,14189.844932407392,1029.3041755417182,13160.540756865674
P4,P3,E_log,S03,"{""control_lambda"":0.1,""difference_penalty"":1,""n_knots"":3}",3367,509,ok,509,4.004287716702413,2.001071642071421,1.7233936194991277,-0.01959273125149652,2.139311737452243,2.4765262784133197,-0.3372145409610765,0.307103482552752,0.1687935638872249,0.20502660197282233,0.7781363671210211,0.5496309012328795,2038.1824478015283,57.88024613751508,1980.302201664013
P4,P5,E_log,S03,"{""control_lambda"":0.1,""difference_penalty"":1,""n_knots"":3}",3380,494,ok,494,4.242577901968847,2.05975190301377,1.8006920350374231,0.11221402094930422,2.866812264339182,2.9002347858202766,-0.03342252148109507,0.22915307010786462,0.3599316894206288,0.356667115144675,-1.6885986916885933,1.5707041989496597,2095.8334835726105,0.5518300814242051,2095.2816534911863
P4,P1,E_log,S03,"{""control_lambda"":0.001,""difference_penalty"":0.01,""n_knots"":5}",3604,270,ok,270,4.039293848337608,2.009799454756023,1.7429649558394673,-0.017873949972229353,2.2553727869836906,2.5966404278473805,-0.3412676408636905,0.3091421944029908,0.17312900990918678,0.20384829385467051,0.8011753512970055,0.5600303453998894,1090.6093390511542,31.445172729180584,1059.1641663219734
P4,P2,E_log,S03,"{""control_lambda"":0.001,""difference_penalty"":0.01,""n_knots"":5}",1271,2603,ok,2603,6.198318708036516,2.489642285155945,1.9929109285529893,-0.1796832428613604,3.1054919247043675,1.9733043877860095,1.132187536918358,0.23494351624892112,0.2542751979627772,0.24636520503788173,0.9698196071355332,1.0822822524430693,16134.22359701905,3336.6519546147315,12797.57164240432
P4,P3,E_log,S03,"{""control_lambda"":0.001,""difference_penalty"":0.01,""n_knots"":5}",3367,509,ok,509,6.675767672098049,2.5837506985191214,2.2539589035160175,-0.6998189629590841,2.139311737452243,3.7042703455865875,-1.5649586081343447,0.4743528545507977,0.1568380880169669,0.19313701655063445,0.9145469385771174,0.3306359106144502,3397.9657450979066,1246.5895815934568,2151.3761635044493
P4,P5,E_log,S03,"{""control_lambda"":0.001,""difference_penalty"":0.01,""n_knots"":5}",3380,494,ok,494,4.7755226091593235,2.185296915560749,1.8412209667154007,0.0006920054234575979,2.866812264339182,2.229522971783175,0.6372892925560072,0.2212175011954753,0.30426171325131685,0.3129451279977222,-0.19966518641411746,1.3753962123569095,2359.1081689247058,200.63199534882884,2158.4761735758766
P4,P1,E_log,S03,"{""control_lambda"":0.1,""difference_penalty"":0.01,""n_knots"":5}",3604,270,ok,270,3.9761635537773397,1.9940319841410117,1.737840174552138,-0.001965554916143919,2.2553727869836906,2.544743968149109,-0.2893711811654182,0.25291900138261036,0.16428831929661833,0.1854332457550485,0.6023862289078334,0.6495689070355233,1073.5641595198817,22.60863373204871,1050.9555257878333
P4,P2,E_log,S03,"{""control_lambda"":0.1,""difference_penalty"":0.01,""n_knots"":5}",1271,2603,ok,2603,5.039750198071346,2.2449387960635687,1.9171044002737352,0.040819109678320364,3.1054919247043675,2.767543768842225,0.3379481558621425,0.22213138847686,0.251873602755048,0.24925765757373586,-0.032611270077537835,1.1338946939562586,13118.469765579714,297.28591259977156,12821.183852979942
P4,P3,E_log,S03,"{""control_lambda"":0.1,""difference_penalty"":0.01,""n_knots"":5}",3367,509,ok,509,4.139991968235404,2.0346970212381508,1.7679580394752752,-0.054146459218104015,2.139311737452243,2.5967535837198166,-0.4574418462675739,0.33435094402927795,0.16588139393611476,0.20810193274259706,0.850985468696964,0.49612958150221087,2107.255911831821,106.50979874279354,2000.7461130890274
P4,P5,E_log,S03,"{""control_lambda"":0.1,""difference_penalty"":0.01,""n_knots"":5}",3380,494,ok,494,4.252684649406846,2.0622038331374632,1.798516541775984,0.11009912079270412,2.866812264339182,2.8852918741583364,-0.0184796098191547,0.24791905900925654,0.34615015374286984,0.3428495450474441,-1.1616969992252262,1.3962224410102557,2100.826216806982,0.1686990136596902,2100.6575177933223
P4,P1,E_log,S03,"{""control_lambda"":0.001,""difference_penalty"":1,""n_knots"":5}",3604,270,ok,270,3.989228898963827,1.9973054095365153,1.7044639414086775,-0.005257931012573103,2.2553727869836906,2.463252059381632,-0.20787927239794138,0.3217318668544042,0.16961801008309918,0.20449477761237356,0.9567388756761606,0.5272030145520453,1077.0918027202333,11.66772381102833,1065.424078909205
P4,P2,E_log,S03,"{""control_lambda"":0.001,""difference_penalty"":1,""n_knots"":5}",1271,2603,ok,2603,6.92981000366529,2.632453229150575,2.0656561353627207,-0.3189029352326753,3.1054919247043675,1.6739450498601125,1.431546874844255,0.25602257264128975,0.26692722576215366,0.2576606859371423,1.3602492938388222,1.0425925456820646,18038.29543954075,5334.396762043148,12703.8986774976
P4,P3,E_log,S03,"{""control_lambda"":0.001,""difference_penalty"":1,""n_knots"":5}",3367,509,ok,509,8.375392052150675,2.8940269611996836,2.5491166123627558,-1.1325862330359149,2.139311737452243,4.1727214070639995,-2.0334096696117565,0.46918717169074015,0.14958138564560328,0.18107350186828772,0.8090079959144978,0.3188096236872354,4263.0745545446935,2104.590236195532,2158.4843183491607
P4,P5,E_log,S03,"{""control_lambda"":0.001,""difference_penalty"":1,""n_knots"":5}",3380,494,ok,494,5.225632974029007,2.285964342247929,1.8871281079343407,-0.09349640553565641,2.866812264339182,1.9976535182833186,0.8691587460558632,0.1910990153397275,0.264528660030066,0.27990877303916495,0.10156197010610413,1.384249204841785,2581.462689170329,373.1858413676278,2208.276847802702
P4,P1,E_log,S03,"{""control_lambda"":0.1,""difference_penalty"":1,""n_knots"":5}",3604,270,ok,270,4.001075165746594,2.0002687733768667,1.7440648105815701,-0.008243107831922947,2.2553727869836906,2.5728963364027866,-0.31752354941909605,0.2536373408931018,0.16065267582450324,0.18822663683627622,0.6257125815631628,0.6333952061585915,1080.2902947515804,27.22172519763931,1053.0685695539412
P4,P2,E_log,S03,"{""control_lambda"":0.1,""difference_penalty"":1,""n_knots"":5}",1271,2603,ok,2603,4.985576103716499,2.2328403668234995,1.9035712525592525,0.0511296913566619,3.1054919247043675,2.788281321912226,0.31721060279214114,0.2433955759816384,0.2660728244959646,0.25743654410783373,0.057425484636881574,1.0931703397765822,12977.454597974047,261.92054066133045,12715.534057312714
P4,P3,E_log,S03,"{""control_lambda"":0.1,""difference_penalty"":1,""n_knots"":5}",3367,509,ok,509,4.184760518100978,2.0456687214945086,1.773098316389803,-0.06554566208787138,2.139311737452243,2.6072718838028037,-0.4679601463505607,0.3277159867844711,0.1489271977715088,0.18513478717812576,0.9544635422417862,0.4544398313697578,2130.0431037133976,111.46422957337104,2018.5788741400263
P4,P5,E_log,S03,"{""control_lambda"":0.1,""difference_penalty"":1,""n_knots"":5}",3380,494,ok,494,4.33927436075137,2.083092499326751,1.8216997425855768,0.09197968175399107,2.866812264339182,2.863738398528741,0.0030738658104410596,0.19607094616923817,0.3325976576929383,0.3381549616857299,-1.9909838661179045,1.696312810189926,2143.601534211177,0.004667633604175645,2143.5968665775727
P4,P1,E_log,S04,"{""control_lambda"":0.001}",3604,270,ok,270,4.093250435826673,2.023178300552542,1.7594495422402263,-0.031470634664312325,2.2553727869836906,2.6494397454769336,-0.39406695849324314,0.3171406152039959,0.17064863211161255,0.20609753791841504,0.8297487995390174,0.5380850762424274,1105.1776176732017,41.92796729955116,1063.2496503736506
P4,P2,E_log,S04,"{""control_lambda"":0.001}",1271,2603,ok,2603,9.763806617785775,3.1247090453009823,2.44963429274023,-0.8582779615069895,3.1054919247043675,0.9055515125204892,2.199940412183878,0.3022422405866636,0.25507077330382544,0.2536804329430647,2.3412713971013774,0.843928276897112,25415.188626096373,12597.837538066882,12817.351088029485
P4,P3,E_log,S04,"{""control_lambda"":0.001}",3367,509,ok,509,6.568716168982534,2.5629506762679872,2.2526537564172147,-0.6725609480090466,2.139311737452243,3.6966974448711,-1.5573857074188564,0.4201203883202145,0.14462645972326962,0.1820802240812058,0.8667235008816758,0.3442500381891386,3343.47653001211,1234.5541730113187,2108.9223570007916
P4,P5,E_log,S04,"{""control_lambda"":0.001}",3380,494,ok,494,4.429638513039416,2.1046706424140136,1.8493144751556694,0.07307041732471575,2.866812264339182,3.0735068914913306,-0.20669462715214873,0.20489391574550025,0.30257589503783555,0.3176723466452242,-1.6719711115081726,1.4767441675216288,2188.2414254414716,21.104998433421496,2167.1364270080503
P4,P1,E_log,S04,"{""control_lambda"":0.1}",3604,270,ok,270,4.002220169613808,2.0005549654068013,1.7459793989641355,-0.008531640841110688,2.2553727869836906,2.571251651717226,-0.3158788647335357,0.2591664833619171,0.16163230918945287,0.18785717337838276,0.6517806226609502,0.6236620842817044,1080.5994457957281,26.940453440043786,1053.6589923556844
P4,P2,E_log,S04,"{""control_lambda"":0.1}",1271,2603,ok,2603,5.006343013625297,2.2374858689219237,1.8979832395314886,0.0471772686466686,3.1054919247043675,2.832612322634171,0.27287960207019624,0.2974358539341746,0.25184831580872497,0.24929324008230713,0.7070297576236757,0.8467315304376902,13031.510864466647,193.82791061924846,12837.6829538474
P4,P3,E_log,S04,"{""control_lambda"":0.1}",3367,509,ok,509,4.037457942315728,2.0093426642351795,1.7341237574833852,-0.02803870799493602,2.139311737452243,2.486060806318907,-0.34674906886666323,0.30051350015926254,0.15454297490988914,0.19157976558141412,0.8608226425803454,0.5142630025871924,2055.066092638706,61.19957263078806,1993.8665200079176
P4,P5,E_log,S04,"{""control_lambda"":0.1}",3380,494,ok,494,4.279917731229588,2.068796203406606,1.8099779406083818,0.1044004279773404,2.866812264339182,2.911422067955118,-0.04460980361593621,0.21841218779994595,0.3491580311608615,0.3510628419331735,-1.7874444754751524,1.5986197230013177,2114.2793592274165,0.9830770818542831,2113.296282145562
P4,P1,E_log,G05,"{""max_leaf_nodes"":7,""min_samples_leaf"":20}",59129,270,ok,270,3.8693114032695517,1.9670565328097593,1.6773695213218767,0.024960443682633726,2.2553727869836906,2.258965680335642,-0.0035928933519512344,0.17852178639356064,0.15917868064324528,0.20524722167245765,0.24116945708037374,0.8916484864896408,1044.714078882779,0.0034853983123937517,1044.7105934844665
P4,P2,E_log,G05,"{""max_leaf_nodes"":7,""min_samples_leaf"":20}",56603,2603,ok,2603,5.1858000881568325,2.2772351850779122,1.9218210573405374,0.013022441570208376,3.1054919247043675,2.5955323155704195,0.5099596091339484,0.19470237632423568,0.2578978666229642,0.2469049209765317,-0.33248484565542746,1.3245748279594167,13498.637629472236,676.9330640737727,12821.704565398464
P4,P3,E_log,G05,"{""max_leaf_nodes"":7,""min_samples_leaf"":20}",58850,509,ok,509,3.7680608717279687,1.9411493687318266,1.6519149425540673,0.040556586455565036,2.139311737452243,2.230192497672878,-0.09088076022063493,0.161756301194684,0.21274199642386044,0.2383269039351085,-0.7938389395863363,1.315200674425733,1917.942983709536,4.203990102344795,1913.7389936071913
P4,P5,E_log,G05,"{""max_leaf_nodes"":7,""min_samples_leaf"":20}",58718,494,ok,494,4.227532872090628,2.0560965133209645,1.769450453882423,0.11536228761379685,2.866812264339182,2.7778493359520033,0.08896292838717865,0.3113787404672108,0.3435930558254841,0.33399164369040935,-0.1984250750194021,1.103457016076104,2088.4012388127703,3.9097148978478047,2084.4915239149223
P4,P1,E_log,G05,"{""max_leaf_nodes"":7,""min_samples_leaf"":50}",59129,270,ok,270,3.8670940873186317,1.9664928393763939,1.675852736640177,0.025519191877254044,2.2553727869836906,2.2570944833086943,-0.0017216963250038725,0.17859375543841174,0.16074377344638785,0.20785208645464537,0.22386903489880083,0.9000525973139109,1044.1154035760305,0.0008003443235935969,1044.114603231707
P4,P2,E_log,G05,"{""max_leaf_nodes"":7,""min_samples_leaf"":50}",56603,2603,ok,2603,5.176548423441447,2.2752029411552384,1.920554323049175,0.01478324709625567,3.1054919247043675,2.596223901281028,0.5092680234233395,0.19353090687599733,0.26248650183877636,0.25215911457268275,-0.41577370070875785,1.3563027532701102,13474.555546218086,675.0982529309838,12799.457293287103
P4,P3,E_log,G05,"{""max_leaf_nodes"":7,""min_samples_leaf"":50}",58850,509,ok,509,3.767950892427342,1.9411210401279313,1.6524346119533044,0.040584589961666584,2.139311737452243,2.22944053864306,-0.09012880119081652,0.1681721216655665,0.21089947531122177,0.22926091805702453,-0.6565609385934477,1.254069183539377,1917.8870042455171,4.1347092092837086,1913.7522950362331
P4,P5,E_log,G05,"{""max_leaf_nodes"":7,""min_samples_leaf"":50}",58718,494,ok,494,4.236231062175049,2.0582106457248366,1.7706727970773013,0.11354213689918446,2.866812264339182,2.753443850565719,0.1133684137734626,0.3089807020258078,0.3425790903732126,0.33341465833620415,-0.18603952716762917,1.1087394394767034,2092.6981447144744,6.349084237306446,2086.3490604771678
P4,P1,E_log,G05,"{""max_leaf_nodes"":15,""min_samples_leaf"":20}",59129,270,ok,270,3.8627628257752247,1.9653912653146763,1.6665747477899828,0.026610639655277102,2.2553727869836906,2.206650603797769,0.04872218318592145,0.16371193925688846,0.16495569268677654,0.21562634655759697,0.03195780259464698,1.007597206627285,1042.9459629593107,0.6409398062886714,1042.305023153022
P4,P2,E_log,G05,"{""max_leaf_nodes"":15,""min_samples_leaf"":20}",56603,2603,ok,2603,5.193547221509039,2.2789355457118656,1.9151977426875637,0.011547983120054672,3.1054919247043675,2.568209132923393,0.5372827917809745,0.19982480277514347,0.26628085165383814,0.25606989867232194,-0.31683055800333637,1.3325715724762934,13518.80341758803,751.4152940893226,12767.388123498708
P4,P3,E_log,G05,"{""max_leaf_nodes"":15,""min_samples_leaf"":20}",58850,509,ok,509,3.7364394988673193,1.9329871957328946,1.6383006292883295,0.04860818619112606,2.139311737452243,2.2101808903412588,-0.07086915288901537,0.1816193104431068,0.22814919600588746,0.250005113159546,-0.6371055495019102,1.2561945943372381,1901.8477049234655,2.556420347084177,1899.2912845763813
P4,P5,E_log,G05,"{""max_leaf_nodes"":15,""min_samples_leaf"":20}",58718,494,ok,494,4.250819151463535,2.0617514766488068,1.7738692585542193,0.1104894879129521,2.866812264339182,2.9122221815700664,-0.045409917230884334,0.36235976974574313,0.3342335572957179,0.3219818855277032,0.18063553985169856,0.9223804218946251,2099.9046608229864,1.0186579279603885,2098.8860028950257
P4,P1,E_log,G05,"{""max_leaf_nodes"":15,""min_samples_leaf"":50}",59129,270,ok,270,3.8583481353665756,1.964267836972997,1.6713825371581108,0.027723110926958783,2.2553727869836906,2.241212376944976,0.014160410038714632,0.17681029215134006,0.16694593556151657,0.21948850593417166,0.13919904783921,0.9442093756545565,1041.7539965489755,0.054139647365423135,1041.69985690161
P4,P2,E_log,G05,"{""max_leaf_nodes"":15,""min_samples_leaf"":50}",56603,2603,ok,2603,5.175035624162654,2.2748704631610686,1.9135747476519105,0.015071167747494396,3.1054919247043675,2.581954159571376,0.5235377651329912,0.2065619388953237,0.2660340111381573,0.2544211131836211,-0.21984296186302865,1.2879139911296593,13470.61772969539,713.4609333277236,12757.156796367666
P4,P3,E_log,G05,"{""max_leaf_nodes"":15,""min_samples_leaf"":50}",58850,509,ok,509,3.7443193034240343,1.9350243676563958,1.649424079317269,0.046601789044338204,2.139311737452243,2.2483201715980434,-0.10900843414580001,0.18274138658571043,0.22715673678843762,0.2479454724533936,-0.6554633432123138,1.2430503075005142,1905.8585254428335,6.048364905893882,1899.8101605369397
P4,P5,E_log,G05,"{""max_leaf_nodes"":15,""min_samples_leaf"":50}",58718,494,ok,494,4.2645565902762685,2.065080286641725,1.7723540041845407,0.10761484286274525,2.866812264339182,2.8075569591503835,0.05925530518879864,0.34266899930012906,0.3294310619546576,0.32012893994895175,0.16771642421323385,0.9613681501025513,2106.6909555964767,1.7345284493507274,2104.956427147126
P4,P1,E_log,S05,"{""max_leaf_nodes"":7,""min_samples_leaf"":20}",3604,270,ok,270,4.118426825488908,2.0293907522921524,1.682454172207736,-0.037814909716766376,2.2553727869836906,2.100639955156937,0.15473283182675338,0.20741537654058725,0.02709420378794621,0.04837889532592499,1.9809709177520376,0.13062774920471923,1111.9752428820052,6.464407296184112,1105.510835585821
P4,P2,E_log,S05,"{""max_leaf_nodes"":7,""min_samples_leaf"":20}",1271,2603,ok,2603,5.885258308607641,2.425955133263524,1.9806272606282622,-0.1201006165709615,3.1054919247043675,2.1890023009232733,0.9164896237810941,0.22006033214074613,0.2003733171785684,0.18732875820030073,1.112321924092971,0.910538102116531,15319.32737730569,2186.398258987365,13132.929118318327
P4,P3,E_log,S05,"{""max_leaf_nodes"":7,""min_samples_leaf"":20}",3367,509,ok,509,3.911371425588303,1.9777187427913765,1.6316139761037334,0.004066101913671627,2.139311737452243,2.0530755736631856,0.08623616378905777,0.30048378608712184,0.1601586799155321,0.20331776024053208,1.0450168407905556,0.5330027353592247,1990.8880556244462,3.785268056032078,1987.1027875684142
P4,P5,E_log,S05,"{""max_leaf_nodes"":7,""min_samples_leaf"":20}",3380,494,ok,494,4.316863964022226,2.077706419112726,1.7846782903327696,0.09666919752973324,2.866812264339182,2.80359795898364,0.06321430535554186,0.3414443645808151,0.3135059060569091,0.3121642779518996,0.29261684767289475,0.9181756636745035,2132.5307982269796,1.974047910382342,2130.5567503165976
P4,P1,E_log,S05,"{""max_leaf_nodes"":7,""min_samples_leaf"":50}",3604,270,ok,270,4.001603514068429,2.0004008383492615,1.6621830438913854,-0.008376247933509884,2.2553727869836906,2.03642471329567,0.21894807368802033,0.16479632956878618,0.09363585390367374,0.1055222449106621,1.0982938190301423,0.5681913799214198,1080.4329487984758,12.94332992235759,1067.4896188761181
P4,P2,E_log,S05,"{""max_leaf_nodes"":7,""min_samples_leaf"":50}",1271,2603,ok,2603,5.452614905625346,2.3350834900759643,1.9467770386219412,-0.03775858211394256,3.1054919247043675,2.4437155692923356,0.6617763554120316,0.24694300628487917,0.21578638551207666,0.20351946935351994,0.9700981840577896,0.8738307221510876,14193.156599342776,1139.9784997480695,13053.178099594707
P4,P3,E_log,S05,"{""max_leaf_nodes"":7,""min_samples_leaf"":50}",3367,509,ok,509,3.9785522115250744,1.9946308459274047,1.664223900032543,-0.013039822002630652,2.139311737452243,2.151859680390085,-0.012547942937841935,0.29839375157890535,0.12741402851571917,0.15565645595038521,1.2204683996535062,0.42699965344960167,2025.0830756662629,0.08014249383341068,2025.0029331724293
P4,P5,E_log,S05,"{""max_leaf_nodes"":7,""min_samples_leaf"":50}",3380,494,ok,494,4.172113954309212,2.042575324023379,1.7412912122311088,0.12695904301047967,2.866812264339182,2.657667000635233,0.20914526370394848,0.3575709459385644,0.36911452192672756,0.3699869795234516,0.12334695899957904,1.032283316413931,2061.0242934287508,21.60842021691831,2039.4158732118328
P4,P1,E_log,S05,"{""max_leaf_nodes"":15,""min_samples_leaf"":20}",3604,270,ok,270,4.095064362951307,2.02362653742021,1.708827673275675,-0.03192773168092877,2.2553727869836906,2.26816803917699,-0.012795252193299491,0.20352250632124488,0.0234247675807556,0.036011258667788835,1.9943141448109405,0.11509669374738028,1105.6673779968528,0.04420398924633657,1105.6231740076064
P4,P2,E_log,S05,"{""max_leaf_nodes"":15,""min_samples_leaf"":20}",1271,2603,ok,2603,5.689094677390761,2.3851823153358236,1.9697495332376158,-0.08276614580466313,3.1054919247043675,2.3334987616801777,0.7719931630241899,0.2855467657336972,0.19646225684407453,0.18548134804788,1.4999950741811532,0.6880212995558722,14808.713445248151,1551.3188740971111,13257.394571151037
P4,P3,E_log,S05,"{""max_leaf_nodes"":15,""min_samples_leaf"":20}",3367,509,ok,509,4.0339578028929735,2.0084715091066077,1.608930671691022,-0.027147484145330525,2.139311737452243,1.9114073572916475,0.22790438016059533,0.31554734876002416,0.1357133629943269,0.1542092266961097,1.3172369473153545,0.43008874429662153,2053.2845216725236,26.437666906660045,2026.846854765864
P4,P5,E_log,S05,"{""max_leaf_nodes"":15,""min_samples_leaf"":20}",3380,494,ok,494,4.342696766356031,2.0839138097234327,1.7883322180167767,0.09126352196137244,2.866812264339182,2.978906869643122,-0.11209460530393954,0.39099551748455647,0.31556674242270116,0.31650985849463537,0.4625802596308013,0.8070853201921052,2145.2922025798794,6.207209065893519,2139.084993513986
P4,P1,E_log,S05,"{""max_leaf_nodes"":15,""min_samples_leaf"":50}",3604,270,ok,270,4.104199025040028,2.0258822831151932,1.700723937111062,-0.03422960298096678,2.2553727869836906,2.1722630455367566,0.0831097414469339,0.1939371799559388,0.013206855120873677,0.04004382214082797,2.1074446623541085,0.06809862412083238,1108.1337367608076,1.8649518633115745,1106.2687848974963
P4,P2,E_log,S05,"{""max_leaf_nodes"":15,""min_samples_leaf"":50}",1271,2603,ok,2603,5.558604847818662,2.3576693677907135,1.9450500643057924,-0.057930916678666344,3.1054919247043675,2.370494632276063,0.7349972924283046,0.2834577198733859,0.22090402499664458,0.21344383491391336,1.2581200988933563,0.7793191347736703,14469.048418871978,1406.1953147396714,13062.853104132308
P4,P3,E_log,S05,"{""max_leaf_nodes"":15,""min_samples_leaf"":50}",3367,509,ok,509,4.027464061746347,2.006854270181656,1.645420900587871,-0.025494013730576803,2.139311737452243,2.0566124873742067,0.082699250078036,0.331111296361866,0.12968766406347157,0.17046098203625615,1.3337902336499807,0.39167393407725387,2049.9792074288907,3.481135475405994,2046.4980719534847
P4,P5,E_log,S05,"{""max_leaf_nodes"":15,""min_samples_leaf"":50}",3380,494,ok,494,4.321330438807402,2.0787809982793766,1.752178036072029,0.09573455972656597,2.866812264339182,2.659745425160059,0.20706683917912297,0.4259612904163601,0.3358870863150422,0.3427657234669869,0.7694992894359034,0.7885389913875182,2134.7372367708563,21.18107788849059,2113.5561588823657
P4,P1,R_log,B00,{},3604,270,ok,270,1.9763117346351566,1.4058135490295847,1.121849643257835,-0.6936849035414856,1.7064488001878504,2.60613806404765,-0.8996892638597997,4.1111072308966e-16,,,,,533.6041683514923,218.54900830623887,315.0551600452534
P4,P2,R_log,B00,{},1271,2603,ok,2603,4.441283566212202,2.1074353053444375,1.8401061004914525,-0.44633601373554943,2.9275269962016206,1.7568135230256756,1.1707134731759448,1.267128252312252e-16,,,,,11560.661122850363,3567.5938044256045,7993.067318424759
P4,P3,R_log,B00,{},3367,509,ok,509,2.159041088808575,1.4693675812432283,1.1534700346333664,-0.5610701864393863,1.780364889623482,2.6612673745210995,-0.8809024848976176,0.0,,,,,1098.9519142035647,394.97849664048783,703.9734175630771
P4,P5,R_log,B00,{},3380,494,ok,494,2.726103275823221,1.6510915407157838,1.2255364908654605,-0.390334348667132,1.7801483863340175,2.6549909633223225,-0.8748425769883046,3.171456032690627e-16,,,,,1346.6950182566711,378.0826700486996,968.6123482079714
P4,P1,R_log,B01,"{""lambda"":0}",3604,270,ok,270,28.851801945940924,5.371387339034574,5.244383580327833,-23.72578619021864,1.7064488001878504,-3.537934780139982,5.244383580327833,0.4626926738195997,0.0633791611936655,0.04932706267245966,2.191071426416407,0.13697895985787,7789.98652540405,7425.960967155288,364.0255582487621
P4,P2,R_log,B01,"{""lambda"":0}",1271,2603,ok,2603,47.75250728685867,6.9103188990710605,6.677070173620443,-14.55094828003896,2.9275269962016206,-3.7495431774188224,6.677070173620443,0.14538161807576058,-0.03766097110410505,-0.017808560794606278,1.9562113709705335,-0.25904905725068583,124299.77646769313,116050.24166728486,8249.534800408295
P4,P3,R_log,B01,"{""lambda"":0}",3367,509,ok,509,75.29639478068182,8.677349525095888,8.588298362202131,-53.44220475829685,1.780364889623482,10.368663251825616,-8.588298362202131,0.43076016077609885,0.08573628692784836,0.07372976122616753,-0.2833605162151249,0.19903485682932617,38325.86494336705,37543.264197925746,782.6007454412962
P4,P5,R_log,B01,"{""lambda"":0}",3380,494,ok,494,31.32369363858373,5.596757421809858,5.399119282747795,-14.975332841965743,1.7801483863340175,-3.6189708964137783,5.399119282747795,0.2530774874900779,-0.08752935281222717,-0.0778601869527508,0.5284914983549835,-0.34585989326948285,15473.904657460364,14400.341580493498,1073.5630769668612
P4,P1,R_log,B01,"{""lambda"":0.001}",3604,270,ok,270,11.90695426396069,3.450645485117341,3.256307851285905,-9.204173931979446,1.7064488001878504,-1.5458563487789403,3.252305148966791,0.4428924139833488,0.06413675031590363,0.045593330466772844,1.9303094930684848,0.14481338648151895,3214.8776512693867,2855.9219711388932,358.95568013049393
P4,P2,R_log,B01,"{""lambda"":0.001}",1271,2603,ok,2603,17.321185193908793,4.1618727988621655,3.83366141086597,-4.640768839243326,2.9275269962016206,-0.8400406598892091,3.7675676560908293,0.12277628258093418,-0.012755121880589818,0.006111614896480765,2.8402558981011,-0.10388913569020652,45087.04505974459,36948.455410506205,8138.589649238377
P4,P3,R_log,B01,"{""lambda"":0.001}",3367,509,ok,509,57.41212838223553,7.5770791458342,7.476220416291681,-40.511188657829514,1.780364889623482,9.256585305915165,-7.476220416291681,0.41723860434636206,0.09147017672712678,0.07815676798073233,-0.24893317868017206,0.2192275014207331,29222.773346557886,28449.980701905068,772.7926446528168
P4,P5,R_log,B01,"{""lambda"":0.001}",3380,494,ok,494,22.14991820450635,4.706369960437274,4.469590429477164,-10.296634420643128,1.7801483863340175,-2.6894420431431465,4.469590429477164,0.2522054740199995,-0.08817467345436462,-0.07886629753019046,0.8398806350092334,-0.3496144316335201,10942.059593026137,9868.755871993288,1073.3037210328494
P4,P1,R_log,B01,"{""lambda"":0.1}",3604,270,ok,270,2.0708925241327054,1.4390595971441578,1.1545051872594476,-0.7747399580299448,1.7064488001878504,2.6220531606307658,-0.9156043604429154,0.29523028703582443,0.052272551734083184,0.029707819704176488,1.2421962640923367,0.17705687400473313,559.1409815158305,226.3494631127616,332.7915184030689
P4,P2,R_log,B01,"{""lambda"":0.1}",1271,2603,ok,2603,5.542356095257075,2.354220910462116,2.0652024879439033,-0.8049082212405703,2.9275269962016206,1.364702099789163,1.5628248964124574,0.08000538401316715,-0.019468302579615744,-0.011595039346190397,3.2596100645781165,-0.2433374055977495,14426.752915954166,6357.623572771721,8069.129343182445
P4,P3,R_log,B01,"{""lambda"":0.1}",3367,509,ok,509,1.5512769875766934,1.2455027047649048,0.9591645691301917,-0.1216332420759163,1.780364889623482,2.1666734538843655,-0.3863085642608841,0.2934509061911628,0.12332960081438846,0.10573396326581887,0.8697697388672626,0.4202733684320192,789.5999866765369,75.96026217204457,713.6397245044923
P4,P5,R_log,B01,"{""lambda"":0.1}",3380,494,ok,494,2.117454732615183,1.455147666944899,1.1071989717822845,-0.07991875165244977,1.7801483863340175,1.9275227002427961,-0.14737431390877856,0.2090050745840079,-0.06018674834914282,-0.06647691231622363,2.335213013007202,-0.2879678805356051,1046.0226379119006,10.729279069641102,1035.2933588422595
P4,P1,R_log,G02,"{""lambda"":0}",59129,270,ok,270,1.2282458771214388,1.1082625488220013,0.8395267515025492,-0.05259785865800426,1.7064488001878504,1.9346234813619116,-0.22817468117406103,0.17129697423528575,0.06235661048547908,0.08724912371605993,1.0021948961016909,0.36402633942517215,331.6263868227885,14.05719498479879,317.56919183798976
P4,P2,R_log,G02,"{""lambda"":0}",56603,2603,ok,2603,4.535214469359778,2.1296042987747223,1.8582864377469939,-0.4769252895608058,2.9275269962016206,1.7037142012107893,1.223812794990831,0.1012846451565975,0.10404279690826995,0.10809207261063294,1.1774177831787886,1.027231686969018,11805.163263743501,3898.5593219480515,7906.603941795449
P4,P3,R_log,G02,"{""lambda"":0}",58850,509,ok,509,1.3416705192461196,1.1583050199520504,0.8921398524226386,0.029920338952166392,1.780364889623482,1.6803415994062176,0.10002329021726436,0.14581885457001043,0.20030754068061585,0.24703379405550724,-0.5278763475807993,1.373673804195495,682.9102942962749,5.092371220216529,677.8179230760583
P4,P5,R_log,G02,"{""lambda"":0}",58718,494,ok,494,2.0756043009001615,1.4406957697238378,1.0771580838875154,-0.05857469868278664,1.7801483863340175,2.023996596378418,-0.24384821004440063,0.2805335580635303,0.08991873552230598,0.11368676227881534,1.1314017055302068,0.3205275552165589,1025.3485246446799,29.374203073677915,995.974321571002
P4,P1,R_log,G02,"{""lambda"":0.001}",59129,270,ok,270,1.228949775135181,1.10858007159392,0.8398064246716156,-0.05320109417931107,1.7064488001878504,1.936578518012339,-0.23012971782448854,0.17089908986690716,0.06258510385832244,0.08662078844408143,0.997252702221575,0.36621086693359506,331.81643928649885,14.299115497014254,317.5173237894846
P4,P2,R_log,G02,"{""lambda"":0.001}",56603,2603,ok,2603,4.542802017067242,2.1313849997284025,1.8599530972695233,-0.4793962291758147,2.9275269962016206,1.700993582843876,1.2265334133577444,0.0995481207965322,0.10259944896870397,0.10653019063792281,1.1743949139216432,1.0306517907897874,11824.91365042603,3915.912109258047,7909.001541167981
P4,P3,R_log,G02,"{""lambda"":0.001}",58850,509,ok,509,1.3424371846708127,1.1586359154932202,0.8925449950987768,0.02936601020702745,1.780364889623482,1.6802145904064048,0.10015029921707733,0.1449059029706601,0.1988044211918525,0.24638743896411974,-0.5248144182994285,1.3719552973083882,683.3005269974437,5.10531195853449,678.1952150389093
P4,P5,R_log,G02,"{""lambda"":0.001}",58718,494,ok,494,2.0734072706246107,1.4399330785229607,1.0766773051756924,-0.05745419577145161,1.7801483863340175,2.022654208135266,-0.24250582180124852,0.2782909040428052,0.08980661237120087,0.1133319308596718,1.127422336750155,0.3227076813023945,1024.2631916885578,29.051682362104458,995.2115093264533
P4,P1,R_log,G02,"{""lambda"":0.1}",59129,270,ok,270,1.2426591789726953,1.1147462397212629,0.8461622114515682,-0.06494995439666851,1.7064488001878504,1.976177360462571,-0.2697285602747205,0.15252648607057262,0.06773773087604903,0.08030420498938842,0.8288191264509364,0.44410471008102437,335.5179783226277,19.64344398152585,315.8745343411018
P4,P2,R_log,G02,"{""lambda"":0.1}",56603,2603,ok,2603,4.761024890657696,2.1819772892167544,1.906648277571177,-0.5504620812857528,2.9275269962016206,1.6301092946414204,1.2974177015602002,0.0617239591826355,0.012346641324344133,0.016797838609159992,2.60145629291337,0.20002996385587563,12392.947790381982,4381.610878113522,8011.336912268459
P4,P3,R_log,G02,"{""lambda"":0.1}",58850,509,ok,509,1.3676399263777497,1.1694613830211538,0.9061314593554477,0.011143453489988575,1.780364889623482,1.6814577374328357,0.09890715219064616,0.11998638548352311,0.13590459451797626,0.17481131488114882,-0.12416645436224205,1.132666793572502,696.1287225262746,4.979356000021994,691.1493665262525
P4,P5,R_log,G02,"{""lambda"":0.1}",58718,494,ok,494,2.011321716193694,1.418210744633425,1.0623989192535377,-0.025790069306807606,1.7801483863340175,1.9798214735711275,-0.19967308723710986,0.2015620091199787,0.08724574563841539,0.10788189148060343,0.9231862958745894,0.4328481642911328,993.5929277996847,19.69545483279845,973.8974729668862
P4,P1,R_log,P00,"{""lambda"":0}",59129,270,ok,270,1.8720185944224672,1.3682173052634832,1.0919308399512995,-0.6043064345350377,1.7064488001878504,2.5574367424261615,-0.8509879422383114,0.137267562436609,0.12804698829418065,0.15530871749918537,-0.6791991038592451,0.9328277272594061,505.44502049406617,195.52872901544882,309.9162914786174
P4,P2,R_log,P00,"{""lambda"":0}",56603,2603,ok,2603,4.592081528559084,2.1429142606644542,1.8705062966336026,-0.4954444573844752,2.9275269962016206,1.6805941365631907,1.24693285963843,0.10188660084899219,0.10443858512963325,0.10853310787468858,1.2048385137390767,1.0250473002276659,11953.188218839296,4047.2525714291264,7905.93564741017
P4,P3,R_log,P00,"{""lambda"":0}",58850,509,ok,509,1.769807957913898,1.3303412937716013,1.0138531167610276,-0.27963958312027914,1.780364889623482,2.445693144836828,-0.6653282552133462,0.13543052157918248,0.21695020332098364,0.27238394722926307,-2.1374641111521098,1.6019299105640588,900.8322505781741,225.31479877728486,675.5174518008894
P4,P5,R_log,P00,"{""lambda"":0}",58718,494,ok,494,2.6656358475723865,1.6326775087482484,1.2057234776927286,-0.3594954794216836,1.7801483863340175,2.613047730442372,-0.8328993441083545,0.19683605108111515,0.0839590607570192,0.10807919148698372,0.6655708891925352,0.4265431067930748,1316.8241087007589,342.6983308035668,974.1257778971922
P4,P1,R_log,P00,"{""lambda"":0.001}",59129,270,ok,270,1.875319054979662,1.369422891213544,1.0931782817971043,-0.6071349054298316,1.7064488001878504,2.559470122210342,-0.8530213220224917,0.1368561762962454,0.12853474304284304,0.15549499253614746,-0.6973947338592559,0.9391957785274565,506.33614484450874,196.46425147274985,309.8718933717588
P4,P2,R_log,P00,"{""lambda"":0.001}",56603,2603,ok,2603,4.598809825731278,2.1444835801962387,1.8719736762167896,-0.4976355758677202,2.9275269962016206,1.6782669830194763,1.249260013182144,0.10012298830120843,0.10300406864323641,0.10691570471448489,1.2009671875734462,1.02877541302863,11970.701976378517,4062.3734611348195,7908.3285152436965
P4,P3,R_log,P00,"{""lambda"":0.001}",58850,509,ok,509,1.771421525579716,1.3309476043705537,1.0145197923857667,-0.28080625493119005,1.780364889623482,2.446554602199511,-0.6661897125760294,0.13471546220808145,0.21613285431233745,0.2720098685943827,-2.144803170057826,1.6043656071082526,901.6535565200755,225.89864516934554,675.75491135073
P4,P5,R_log,P00,"{""lambda"":0.001}",58718,494,ok,494,2.6648937618107778,1.6324502325678347,1.2054535709993992,-0.35911700978219074,1.7801483863340175,2.612946311902315,-0.8327979255682972,0.19519373370451037,0.0837650232748722,0.10745717882812036,0.6588341695373572,0.4291378707970103,1316.4575183345241,342.6148781064444,973.8426402280797
P4,P1,R_log,P00,"{""lambda"":0.1}",59129,270,ok,270,1.8622057193341688,1.3646265860425586,1.0888550800458603,-0.5958968713542283,1.7064488001878504,2.5535808957381945,-0.8471320955503439,0.1189771484990507,0.13979496958889287,0.15478312312320727,-1.2939405028500082,1.1749732730399753,502.79554422022557,193.76085257410958,309.034691646116
P4,P2,R_log,P00,"{""lambda"":0.1}",56603,2603,ok,2603,4.775936133098135,2.1853915285591583,1.909828359052949,-0.5553180348923228,2.9275269962016206,1.6243441889120052,1.3031828072896152,0.06174614723160781,0.012579294878284355,0.017043892966484564,2.59660587071815,0.2037259884588399,12431.761754454445,4420.636972247276,8011.124782207167
P4,P3,R_log,P00,"{""lambda"":0.1}",58850,509,ok,509,1.7416415633502704,1.3197126821207221,1.0059655877845504,-0.2592741907983427,1.780364889623482,2.4108621672492068,-0.6304972776257253,0.11121509376740171,0.1821779042147749,0.23143935683267158,-2.1687916690961253,1.6380681618251094,886.4955557452877,202.3411499005665,684.1544058447213
P4,P5,R_log,P00,"{""lambda"":0.1}",58718,494,ok,494,2.56868513137276,1.6027118054637146,1.180109973999102,-0.3100498432069241,1.7801483863340175,2.562532775103398,-0.7823843887693801,0.14274824646076242,0.07886613691553322,0.09867563626361882,0.36438976440658966,0.5524841031039309,1268.9304548981436,302.38991390427805,966.5405409938654
P4,P1,R_log,P02,"{""lambda"":0}",59129,270,ok,270,1.8228006220956636,1.3501113369258342,1.0630585101010601,-0.5621269872080104,1.7064488001878504,2.463657985140795,-0.7572091849529452,0.2729226409677555,0.006833608987887781,0.031548619496610315,1.6447621797937266,0.025038629861035062,492.1561679658292,154.80875243981797,337.3474155260112
P4,P2,R_log,P02,"{""lambda"":0}",56603,2603,ok,2603,4.598060937298127,2.144308964981056,1.8673730485180626,-0.49739169495019064,2.9275269962016206,1.6820076414619176,1.2455193547397025,0.1767211255479678,0.11044718959670058,0.0987136662323964,1.876305664832164,0.6249801162947078,11968.752619787025,4038.0819592702264,7930.6706605167965
P4,P3,R_log,P02,"{""lambda"":0}",58850,509,ok,509,1.5652387762357185,1.2510950308572562,0.9543624568052897,-0.13172815510834912,1.780364889623482,2.07364785837477,-0.29328296875128856,0.21821941822728752,-0.05021629721673079,-0.06183765579660299,2.2575493584709183,-0.23011837179598632,796.7065371039807,43.78158397762078,752.9249531263599
P4,P5,R_log,P02,"{""lambda"":0}",58718,494,ok,494,2.7994982126229613,1.6731701086927657,1.2465182397487973,-0.4277663500721842,1.7801483863340175,2.6292180602286246,-0.8490696738946073,0.3453103344067035,0.0856439157971502,0.10431954131495035,1.1280493677817498,0.2480201351178777,1382.952117035743,356.1341396969824,1026.8179773387606
P4,P1,R_log,P02,"{""lambda"":0.001}",59129,270,ok,270,1.812323981290544,1.34622582848887,1.0598844572664066,-0.5531485815949233,1.7064488001878504,2.464424486146866,-0.7579756859590159,0.258873768085422,0.01203803346261402,0.03864444844144258,1.5918492227577725,0.04650155769603415,489.3274749484469,155.12232793636096,334.20514701208583
P4,P2,R_log,P02,"{""lambda"":0.001}",56603,2603,ok,2603,4.629502338271522,2.1516278345177455,1.8756672564473837,-0.5076308138607863,2.9275269962016206,1.6680819242003635,1.2594450720012569,0.1567683788288774,0.10685698332939408,0.09694215820794926,1.7905234518777435,0.6816233230684565,12050.594586520772,4128.883518077618,7921.711068443153
P4,P3,R_log,P02,"{""lambda"":0.001}",58850,509,ok,509,1.5602325461399338,1.2490926891707972,0.9492199392755136,-0.12810845718342545,1.780364889623482,2.1164504335672127,-0.3360855439437312,0.19391460962911453,-0.02278280811771395,-0.02678808050055797,2.029024256810093,-0.11748886874118906,794.1583659852263,57.493327859608414,736.6650381256179
P4,P5,R_log,P02,"{""lambda"":0.001}",58718,494,ok,494,2.780353278244699,1.6674391377932507,1.2406761315957815,-0.4180022812985835,1.7801483863340175,2.623846041919468,-0.8436976555854502,0.3360822842735095,0.08626727444794026,0.10505010879568942,1.1066465173000655,0.2566849800917639,1373.4945194528814,351.64191261595016,1021.8526068369313
P4,P1,R_log,P02,"{""lambda"":0.1}",59129,270,ok,270,1.7471329197589702,1.3217915568496306,1.0389685171004517,-0.49728031201636247,1.7064488001878504,2.4446177778036513,-0.7381689776158008,0.20429808063992835,0.02796683558219648,0.05238459515313519,1.3717994327586622,0.1368923070378108,471.725888334922,147.12122866887628,324.60465966604573
P4,P2,R_log,P02,"{""lambda"":0.1}",56603,2603,ok,2603,4.832521981567184,2.1982997933783244,1.9217312293029214,-0.573745624414234,2.9275269962016206,1.6047639848939466,1.3227630113076743,0.06158122048558466,-0.001220434762268264,0.004622479311084977,2.9593306814315876,-0.019818294484013444,12579.054718019379,4554.474264569992,8024.580453449387
P4,P3,R_log,P02,"{""lambda"":0.1}",58850,509,ok,509,1.5611462455980951,1.2494583808987376,0.9469250187810582,-0.12876909721982632,1.780364889623482,2.1847252731824933,-0.40436038355901177,0.14680161601690248,0.03747823681032796,0.05110241812583316,1.2226077383369838,0.25529853026967203,794.6234390094304,83.22522577412349,711.3982132353069
P4,P5,R_log,P02,"{""lambda"":0.1}",58718,494,ok,494,2.664018098765132,1.6321820054041558,1.2061764954539984,-0.3586704146656312,1.7801483863340175,2.5854082633261295,-0.8052598769921119,0.280618995231853,0.09049268323254157,0.11024715222813042,0.94641818639989,0.32247525923102494,1316.0249407899753,320.3310739297155,995.6938668602597
P4,P1,R_log,S01,"{""lambda"":0}",3604,270,ok,270,22.336988491008345,4.7262023328469915,4.583481149002606,-18.142638043782505,1.7064488001878504,-2.8770323488147556,4.583481149002606,0.4218450897424282,0.046553046605951415,0.04258091861698176,2.02394596746075,0.11035578637261356,6030.986892572253,5672.240849680807,358.74604289144554
P4,P2,R_log,S01,"{""lambda"":0}",1271,2603,ok,2603,35.68835095566562,5.973972795022222,5.702108332394077,-10.622168791630461,2.9275269962016206,-2.773448383554112,5.700975379755731,0.13361253557609612,-0.07518882350159926,-0.05730354729520306,1.3668027714668771,-0.5627377938560048,92896.7775375976,84600.41609035236,8296.361447245206
P4,P3,R_log,S01,"{""lambda"":0}",3367,509,ok,509,50.47585664597158,7.104636278232094,6.988219826988339,-35.495996001862494,1.780364889623482,8.768584716611821,-6.988219826988339,0.3769312107571424,-0.05859057321901923,-0.08213046606351576,3.14336267331413,-0.15544102357915177,25692.211032799536,24857.125122309284,835.085910490262
P4,P5,R_log,S01,"{""lambda"":0}",3380,494,ok,494,19.511304638973026,4.417160246014743,4.163527464513133,-8.950920519942791,1.7801483863340175,-2.382318884133422,4.162467270467439,0.3137038390504434,-0.0255725546016972,-0.014864494880283232,1.5859461734201996,-0.08151814360673205,9638.584491652675,8559.11008619005,1079.4744054626212
P4,P1,R_log,S01,"{""lambda"":0.001}",3604,270,ok,270,9.046574086332132,3.007752331281971,2.7893110471230584,-6.752848748640819,1.7064488001878504,-1.0740046836414618,2.7804534838293122,0.40504549985395594,0.04512720644083225,0.04268396438210972,1.8261065450451177,0.11141268439497144,2442.5750033096756,2087.348825449411,355.2261778602645
P4,P2,R_log,S01,"{""lambda"":0.001}",1271,2603,ok,2603,14.022967089767425,3.7447252355503235,3.4021501027392196,-3.566680334409873,2.9275269962016206,-0.3678004994090453,3.2953274956106657,0.12084835723572679,-0.06497678145224255,-0.05620167337887781,2.729770955368473,-0.5376720291323352,36501.78333466461,28266.4541385619,8235.329196102697
P4,P3,R_log,S01,"{""lambda"":0.001}",3367,509,ok,509,37.593136786682294,6.131324227822428,5.997215825180198,-26.181291433787372,1.780364889623482,7.777443590485182,-5.9970787008617,0.36471566813641076,-0.06062579285578191,-0.0823577802704777,3.073190302015494,-0.16622755245356413,19134.906624421288,18306.161048663493,828.7455757577927
P4,P5,R_log,S01,"{""lambda"":0.001}",3380,494,ok,494,13.794898065636355,3.7141483634389667,3.433534365781907,-6.035507710625608,1.7801483863340175,-1.6271253305132787,3.407273716847296,0.3151915733595674,-0.024139971467196375,-0.013792733770952654,1.6555297024222677,-0.07658825142402441,6814.679644424359,5735.100005670084,1079.5796387542753
P4,P1,R_log,S01,"{""lambda"":0.1}",3604,270,ok,270,2.055987637796974,1.4338715555435828,1.1480401329453267,-0.7619665779333624,1.7064488001878504,2.6026953464854983,-0.8962465462976481,0.29030576719913265,0.018423787584067867,0.007995650174936347,1.5412729351944452,0.0634633881435441,555.1166622051829,216.87962537262482,338.23703683255815
P4,P2,R_log,S01,"{""lambda"":0.1}",1271,2603,ok,2603,5.663306950431155,2.3797703566586326,2.0882622298203235,-0.8442967392494709,2.9275269962016206,1.3403775564645415,1.5871494397370791,0.08655482715127888,-0.09508640422200244,-0.09386773100692127,4.400023520529833,-1.0985684721640336,14741.587991972296,6557.069824582256,8184.51816739004
P4,P3,R_log,S01,"{""lambda"":0.1}",3367,509,ok,509,1.557633069440297,1.248051709441679,0.9843588321127387,-0.12622893502093335,1.780364889623482,1.6528816893960918,0.12748320022739013,0.2616928465812171,-0.08787972163641505,-0.10688282155505897,2.3354231751657872,-0.33581247169911194,792.8352323451111,8.272250867170373,784.5629814779406
P4,P5,R_log,S01,"{""lambda"":0.1}",3380,494,ok,494,2.152169887826425,1.4670275688706143,1.1138704312971053,-0.09762375686540348,1.7801483863340175,1.9585521044104799,-0.17840371807646233,0.29660003784015965,0.011092886067920863,0.020610185631172694,1.7068982427719306,0.037400150548527356,1063.171924586254,15.72297599201189,1047.448948594242
P4,P1,R_log,S02,"{""lambda"":0}",3604,270,ok,270,24.829891141953986,4.982960078302252,4.8516292169130315,-20.279037636979595,1.7064488001878504,-3.14518041672518,4.8516292169130315,0.39039578841662986,0.058312322002100375,0.04999045789411187,2.176235561870463,0.149367190252241,6704.070608327576,6355.342635769122,348.7279725584568
P4,P2,R_log,S02,"{""lambda"":0}",1271,2603,ok,2603,10.680240006249594,3.268063647827195,2.9363688995225035,-2.4780971595453214,2.9275269962016206,0.17133009248244957,2.756196903719171,0.13667110549943728,0.05296053905103382,0.05427555563768911,2.861135976531619,0.3875035535675233,27800.664736267692,19774.005431501195,8026.659304766501
P4,P3,R_log,S02,"{""lambda"":0}",3367,509,ok,509,50.88665550207474,7.133488312324815,7.018297861166725,-35.793019458345164,1.780364889623482,8.798662750790207,-7.018297861166725,0.3733319967035986,-0.052614239715319,-0.076206735194282,3.02037366259738,-0.14093150380863642,25901.307650556042,25071.56097784123,829.7466727148051
P4,P5,R_log,S02,"{""lambda"":0}",3380,494,ok,494,27.42905030356326,5.237275083816321,5.0260273229252235,-12.989033770867156,1.7801483863340175,-3.245878936591205,5.0260273229252235,0.2923407489157295,-0.03469401761488386,-0.027410615139681824,1.3949383825300745,-0.11867663931067231,13549.950849960249,12478.909621490699,1071.0412284695549
P4,P1,R_log,S02,"{""lambda"":0.001}",3604,270,ok,270,10.004846051780678,3.1630437954256463,2.9604358626920844,-7.574080912030695,1.7064488001878504,-1.246782714317965,2.953231514505816,0.3764939307745781,0.055770918389943476,0.04871458059511624,1.8911376127462987,0.14813231723338388,2701.308433980783,2354.8256221329852,346.4828118477981
P4,P2,R_log,S02,"{""lambda"":0.001}",1271,2603,ok,2603,7.224413631594852,2.6878269348294825,2.3805847478098836,-1.352682385108129,2.9275269962016206,0.8907164411391819,2.0368105550624387,0.13121593928009054,0.05927571836896342,0.05944920273066981,2.5251531900829107,0.4517417525201329,18805.1486830414,10798.798608467416,8006.350074573984
P4,P3,R_log,S02,"{""lambda"":0.001}",3367,509,ok,509,37.93626331075195,6.159242105223008,6.026544253861278,-26.429385177662017,1.780364889623482,7.806890956772654,-6.026526067149172,0.36090382344168104,-0.05414247154865953,-0.07557148414023158,2.9515477479254884,-0.1500191132150986,19309.55802517274,18486.37936695649,823.1786582162499
P4,P5,R_log,S02,"{""lambda"":0.001}",3380,494,ok,494,18.636146480790195,4.316960328841371,4.06010372757316,-8.504582900004158,1.7801483863340175,-2.2777376045566995,4.057885990890716,0.29614061681112464,-0.03185809047735568,-0.023089525998937703,1.5351148901826823,-0.10757757858549492,9206.256361510357,8134.420725243161,1071.8356362671952
P4,P1,R_log,S02,"{""lambda"":0.1}",3604,270,ok,270,2.0111241527693853,1.418141090572227,1.130731903563243,-0.7235188948174631,1.7064488001878504,2.583004268610422,-0.8765554684225714,0.27661421499465666,0.020726519952354416,0.0035552313314784743,1.5129060008367583,0.07492933778820746,543.003521247734,207.45436208980863,335.54915915792526
P4,P2,R_log,S02,"{""lambda"":0.1}",1271,2603,ok,2603,5.54413117419307,2.3545978795100173,2.0653641242696716,-0.805486288493894,2.9275269962016206,1.3706194515322465,1.5569075446693739,0.07918041167479507,-0.062113479466212596,-0.05421591330251265,4.0027164446778,-0.7844551215687189,14431.37344642456,6309.570750193833,8121.802696230727
P4,P3,R_log,S02,"{""lambda"":0.1}",3367,509,ok,509,1.5407502818052634,1.2412696249426485,0.9769517633824993,-0.11402202678854678,1.780364889623482,1.6660164797882941,0.11434840983518764,0.2563588412695183,-0.07576886464648466,-0.08621147283499114,2.2727691169587905,-0.29555783709767364,784.2418934388791,6.655459445404543,777.5864339934744
P4,P5,R_log,S02,"{""lambda"":0.1}",3380,494,ok,494,2.143889181693097,1.4642025753607653,1.114267851515379,-0.09340053088915812,1.7801483863340175,1.9338614300383279,-0.15371304370431035,0.30101244204450345,0.0153785572810573,0.023948408165965447,1.6813484876538332,0.051089440611174625,1059.08125575639,11.672083703592554,1047.4091720527977
P4,P1,R_log,S03,"{""control_lambda"":0.001,""difference_penalty"":0.01,""n_knots"":3}",3604,270,ok,270,10.30541453727932,3.210204750055566,3.01075491349228,-7.831665936421272,1.7064488001878504,-1.2972944518806702,3.0037432520685208,0.372427368372941,0.05266926178763396,0.04687896357785158,1.8899142135925022,0.1414215663519447,2782.4619250654164,2436.067851573737,346.3940734916799
P4,P2,R_log,S03,"{""control_lambda"":0.001,""difference_penalty"":0.01,""n_knots"":3}",1271,2603,ok,2603,7.075498258656278,2.6599808756185217,2.3542711562342,-1.304187020272956,2.9275269962016206,0.930633690620007,1.9968933055816136,0.11098953798788504,0.030258570376852447,0.036170240061286094,2.6738125873195044,0.27262542871523,18417.521967282293,10379.678220700955,8037.843746581334
P4,P3,R_log,S03,"{""control_lambda"":0.001,""difference_penalty"":0.01,""n_knots"":3}",3367,509,ok,509,38.931388336906096,6.239502250733314,6.092676345148395,-27.148899048037784,1.780364889623482,7.8729801312585925,-6.092615241635111,0.4544277326240613,-0.11358001047404326,-0.1476661758685141,3.7481434858079927,-0.24994075475584077,19816.076663485204,18894.059885645675,922.0167778395341
P4,P5,R_log,S03,"{""control_lambda"":0.001,""difference_penalty"":0.01,""n_knots"":3}",3380,494,ok,494,22.135417752673902,4.704829194845856,4.466841554494247,-10.289239074900859,1.7801483863340175,-2.6866931681602293,4.466841554494247,0.312319114857622,-0.02509246089419656,-0.014597164321688767,1.5642930638459958,-0.08034237963832445,10934.896369820908,9856.620695640548,1078.2756741803605
P4,P1,R_log,S03,"{""control_lambda"":0.1,""difference_penalty"":0.01,""n_knots"":3}",3604,270,ok,270,1.9622376113358717,1.4007989189515644,1.1110430550718202,-0.6816234813757256,1.7064488001878504,2.5543071716671237,-0.8478583714792732,0.2714498905286843,0.014961636888181645,-0.01555152663331327,1.565661797736201,0.05511749096321944,529.8041550606854,194.093230883621,335.7109241770643
P4,P2,R_log,S03,"{""control_lambda"":0.1,""difference_penalty"":0.01,""n_knots"":3}",1271,2603,ok,2603,5.036331618642885,2.2441772698792946,1.9614382415929978,-0.6401177021377835,2.9275269962016206,1.526821611663997,1.4007053845376236,0.10113817474460371,0.04470477802610036,0.03614896991793298,2.2526461076819904,0.4420168560386799,13109.57120332743,5107.022419831817,8002.548783495614
P4,P3,R_log,S03,"{""control_lambda"":0.1,""difference_penalty"":0.01,""n_knots"":3}",3367,509,ok,509,1.8745651766007407,1.3691476095004296,1.0895905353177198,-0.3553831026642187,1.780364889623482,1.4386900218530265,0.3416748677704554,0.36943267527544726,-0.18202751969906558,-0.20337153602901512,2.48923877604526,-0.4927217646986607,954.153674889777,59.421533070372725,894.7321418194042
P4,P5,R_log,S03,"{""control_lambda"":0.1,""difference_penalty"":0.01,""n_knots"":3}",3380,494,ok,494,2.1474924159561124,1.4654325013306182,1.1235176914261913,-0.09523820901624669,1.7801483863340175,1.8643832717054132,-0.08423488537139541,0.32646381226815396,0.022910933282291417,0.027913371790652338,1.649307664803824,0.0701790900593681,1060.8612534823196,3.5051848612848695,1057.3560686210349
P4,P1,R_log,S03,"{""control_lambda"":0.001,""difference_penalty"":1,""n_knots"":3}",3604,270,ok,270,9.905523711595729,3.147304197499144,2.9364404914565188,-7.488962382798912,1.7064488001878504,-1.2225165930550062,2.9289653932428563,0.4214718788242012,0.04825789730813246,0.04241171625116513,1.8464251145500814,0.11449849855406652,2674.491402130847,2316.2863341998554,358.20506793099094
P4,P2,R_log,S03,"{""control_lambda"":0.001,""difference_penalty"":1,""n_knots"":3}",1271,2603,ok,2603,8.208645780885924,2.8650734337684827,2.548553854881138,-1.6732046805602283,2.9275269962016206,0.6709173177240683,2.256609678477552,0.1029234382226682,-0.02075033887465513,-0.00700106021735001,3.062790274810039,-0.20160946071159339,21367.104967646057,13255.223688319253,8111.881279326801
P4,P3,R_log,S03,"{""control_lambda"":0.001,""difference_penalty"":1,""n_knots"":3}",3367,509,ok,509,40.22864206977357,6.342605306163515,6.19270462945636,-28.08686365516072,1.780364889623482,7.973069519079841,-6.19270462945636,0.4910005475182703,-0.11969977324902101,-0.15838321019938706,3.7240992059218265,-0.24378745370862734,20476.378813514748,19519.94162949433,956.437184020424
P4,P5,R_log,S03,"{""control_lambda"":0.001,""difference_penalty"":1,""n_knots"":3}",3380,494,ok,494,19.266834990571187,4.3894002996504184,4.134890600928234,-8.826239055233053,1.7801483863340175,-2.353477606280893,4.133625992614911,0.29127418860496773,-0.04628279224413038,-0.03828774856407959,1.4061862593621735,-0.15889767804623453,9517.816485342166,8440.910740329873,1076.9057450122928
P4,P1,R_log,S03,"{""control_lambda"":0.1,""difference_penalty"":1,""n_knots"":3}",3604,270,ok,270,2.101968955789053,1.4498168697421938,1.1639939511267987,-0.8013722358380866,1.7064488001878504,2.6182917448276077,-0.9118429446397573,0.30842643587276036,0.010225711186699826,0.0002159997769028426,1.6196407575848717,0.03315445758650332,567.5316180630443,224.49354003611197,343.03807802693234
P4,P2,R_log,S03,"{""control_lambda"":0.1,""difference_penalty"":1,""n_knots"":3}",1271,2603,ok,2603,5.269539812491542,2.2955478240480076,2.009986398810429,-0.7160636318297262,2.9275269962016206,1.4560409520395543,1.4714860441620663,0.0783456935213933,-0.030565904513840506,-0.025177045617962166,3.495588962442685,-0.39014147606586863,13716.612131915483,5636.20087676018,8080.411255155303
P4,P3,R_log,S03,"{""control_lambda"":0.1,""difference_penalty"":1,""n_knots"":3}",3367,509,ok,509,2.0004612059827562,1.414376613912559,1.1264221319540555,-0.44641079967197417,1.780364889623482,1.37690131180372,0.403463577819762,0.4139705962907653,-0.1900386714766759,-0.21408993561038034,2.4124496279943273,-0.4590632116856825,1018.2347538452229,82.85647504120567,935.3782788040171
P4,P5,R_log,S03,"{""control_lambda"":0.1,""difference_penalty"":1,""n_knots"":3}",3380,494,ok,494,2.160023368997766,1.4697017959428933,1.1175734928940155,-0.10162909471373882,1.7801483863340175,1.948164591947928,-0.1680162056139106,0.3051888825363738,0.009679908504026979,0.019293939751070202,1.7183569644312442,0.03171776253308728,1067.0515442848964,13.945346002354565,1053.106198282542
P4,P1,R_log,S03,"{""control_lambda"":0.001,""difference_penalty"":0.01,""n_knots"":5}",3604,270,ok,270,10.703414359391827,3.2716073051929424,3.070965938718737,-8.172748913621016,1.7064488001878504,-1.3577300026881944,3.064178802876045,0.3981544994548213,0.040496459694984756,0.03043737152651736,1.8445440833149294,0.10171041580701735,2889.9218770357934,2535.081768718615,354.8401083171779
P4,P2,R_log,S03,"{""control_lambda"":0.001,""difference_penalty"":0.01,""n_knots"":5}",1271,2603,ok,2603,9.86636181143158,3.1410765370222324,2.8131259974146747,-2.2130518575712097,2.9275269962016206,0.32273225633048785,2.6047947398711324,0.15606956171082864,0.06687906036105407,0.06348896812286961,2.7892294972211498,0.4285208443461259,25682.1397951564,17661.23952274741,8020.900272408984
P4,P3,R_log,S03,"{""control_lambda"":0.001,""difference_penalty"":0.01,""n_knots"":5}",3367,509,ok,509,38.94875914084357,6.240894097871199,6.098305419061063,-27.16145881092596,1.780364889623482,7.878670308684546,-6.098305419061063,0.4296219686117036,-0.10190470002061465,-0.137732021678255,3.6491555777772025,-0.23719620379263479,19824.918402689378,18929.368452932107,895.5499497572624
P4,P5,R_log,S03,"{""control_lambda"":0.001,""difference_penalty"":0.01,""n_knots"":5}",3380,494,ok,494,23.53833133729779,4.8516318221087005,4.622068515272945,-11.004736159040238,1.7801483863340175,-2.8419201289389275,4.622068515272945,0.2960541230621392,-0.03635210112863532,-0.030564627956105914,1.431192706007254,-0.12278870077078878,11627.935680625109,10553.577575779458,1074.3581048456485
P4,P1,R_log,S03,"{""control_lambda"":0.1,""difference_penalty"":0.01,""n_knots"":5}",3604,270,ok,270,2.016692646291694,1.4201030407303878,1.12908367352402,-0.7282910536064426,1.7064488001878504,2.5701738143636095,-0.8637250141757589,0.2978155883325017,-0.0004405374060087281,-0.023105878746052206,1.710250675407045,-0.0014792288357883088,544.5070144987574,201.425643030487,343.0813714682704
P4,P2,R_log,S03,"{""control_lambda"":0.1,""difference_penalty"":0.01,""n_knots"":5}",1271,2603,ok,2603,4.98479887247548,2.2326663146282026,1.9491050251193973,-0.6233356918118411,2.9275269962016206,1.5427407766544725,1.384786219547148,0.14800183933030236,0.07790384125251149,0.055970726494419615,2.1154733548273192,0.5263707640730733,12975.431465053674,4991.5983706255165,7983.833094428157
P4,P3,R_log,S03,"{""control_lambda"":0.1,""difference_penalty"":0.01,""n_knots"":5}",3367,509,ok,509,1.8301017948446512,1.3528125497808818,1.076795238030901,-0.32323435847982385,1.780364889623482,1.452092472472974,0.32827241715050787,0.3505836717905788,-0.17457856842720637,-0.1954731978644703,2.503456823065508,-0.4979654857727967,931.5218135759275,54.85125494967506,876.6705586262525
P4,P5,R_log,S03,"{""control_lambda"":0.1,""difference_penalty"":0.01,""n_knots"":5}",3380,494,ok,494,2.1332922393615976,1.4605794190531365,1.1232071581586824,-0.08799600603311442,1.7801483863340175,1.8311199346850315,-0.050971548351013765,0.3120907899796942,0.017190039757181218,0.02402222146300428,1.679289836552876,0.055080253275976765,1053.8463662446293,1.2834607782020686,1052.5629054664273
P4,P1,R_log,S03,"{""control_lambda"":0.001,""difference_penalty"":1,""n_knots"":5}",3604,270,ok,270,10.899582377474397,3.3014515561301816,3.1082424423145345,-8.340863490365882,1.7064488001878504,-1.3958497665727505,3.1022985667606013,0.3693825946641463,0.05887978271710245,0.048492026131970054,1.9289479978997752,0.15940053366791063,2942.887241918087,2598.549227277718,344.3380146403696
P4,P2,R_log,S03,"{""control_lambda"":0.001,""difference_penalty"":1,""n_knots"":5}",1271,2603,ok,2603,8.572529949841176,2.927888308976484,2.6078343349052964,-1.7917061836824604,2.9275269962016206,0.5927562856170875,2.3347707105845332,0.09956490703489265,-0.03307050411991341,-0.021850861675800703,3.1244111170167455,-0.33215020336757617,22314.29545943658,14189.354567421866,8124.940892014716
P4,P3,R_log,S03,"{""control_lambda"":0.001,""difference_penalty"":1,""n_knots"":5}",3367,509,ok,509,38.76581655950835,6.226220086015941,6.078586792277775,-27.029184251153563,1.780364889623482,7.8589026549179515,-6.0785377652944685,0.456904132790829,-0.11505805478570243,-0.14778008326791864,3.7594016006768483,-0.25182099816631814,19731.80062878975,18806.848274332533,924.952354457215
P4,P5,R_log,S03,"{""control_lambda"":0.001,""difference_penalty"":1,""n_knots"":5}",3380,494,ok,494,23.590769329650175,4.857032975968989,4.628486296063571,-11.031479952127333,1.7801483863340175,-2.848337909729553,4.628486296063571,0.2891063792665144,-0.03814434728925626,-0.0302791302677615,1.4043421149486304,-0.13193879493780628,11653.840048847187,10582.905384067046,1070.934664780143
P4,P1,R_log,S03,"{""control_lambda"":0.1,""difference_penalty"":1,""n_knots"":5}",3604,270,ok,270,1.937443376463788,1.3919207507842493,1.1041801856340134,-0.6603750009048739,1.7064488001878504,2.5498133265758502,-0.8433645263879996,0.2563590991292477,0.029046889784391232,-0.0033518836233709286,1.4175409872044693,0.11330547611944437,523.1097116452228,192.0412055798068,331.06850606541593
P4,P2,R_log,S03,"{""control_lambda"":0.1,""difference_penalty"":1,""n_knots"":5}",1271,2603,ok,2603,5.225574207820983,2.2859514885099776,2.000717555548183,-0.7017459156891823,2.9275269962016206,1.471674625226919,1.4558523709747015,0.07298769702113896,-0.04237879142558396,-0.03829087263917732,3.7820243229326294,-0.5806292451357941,13602.169662958018,5517.074446167135,8085.095216790886
P4,P3,R_log,S03,"{""control_lambda"":0.1,""difference_penalty"":1,""n_knots"":5}",3367,509,ok,509,1.916984823624853,1.3845522105088175,1.099317722203137,-0.3860541476164785,1.780364889623482,1.448846360258331,0.3315185293651508,0.3987707790052624,-0.18503209451694877,-0.20441841010648312,2.452638513434616,-0.46400615155030445,975.7452752250501,55.941408474028066,919.803866751022
P4,P5,R_log,S03,"{""control_lambda"":0.1,""difference_penalty"":1,""n_knots"":5}",3380,494,ok,494,2.1170068424888417,1.4549937602920646,1.115569174468758,-0.07969032412638954,1.7801483863340175,1.8611781912723548,-0.0810298049383374,0.28845072027068847,0.011894785772138605,0.018229992996180014,1.7033993463309764,0.0412368038498094,1045.8013801894879,3.2435196684424343,1042.5578605210453
P4,P1,R_log,S04,"{""control_lambda"":0.001}",3604,270,ok,270,9.638654628184987,3.104618274149817,2.896908995577799,-7.260257502959615,1.7064488001878504,-1.1824380833567685,2.8888868835446186,0.37821888256422687,0.04622827857277447,0.04177362516710352,1.8509737819705667,0.12222625760871228,2602.4367496099467,2253.330204997357,349.1065446125888
P4,P2,R_log,S04,"{""control_lambda"":0.001}",1271,2603,ok,2603,16.482040632341707,4.059807955105969,3.735998834233588,-4.36749536277402,2.9275269962016206,-0.7340619774657575,3.661588973667379,0.18190062527377665,0.0872861979505428,0.08839857000107015,3.2797714097466906,0.4798565030723194,42902.751765985464,34899.02961285082,8003.72215313466
P4,P3,R_log,S04,"{""control_lambda"":0.001}",3367,509,ok,509,37.57787746502995,6.1300797274611325,5.997822266624089,-26.17025835423171,1.780364889623482,7.777984342608411,-5.997619452984929,0.3578148131111541,-0.0467918138612947,-0.06434398265030113,2.7974999612850873,-0.13077103615260047,19127.139629700243,18309.46250333703,817.6771263632138
P4,P5,R_log,S04,"{""control_lambda"":0.001}",3380,494,ok,494,16.993900467318404,4.122365882271781,3.8559551037590647,-7.667024373978762,1.7801483863340175,-2.0679830548060836,3.8481314411401013,0.31940593321071403,-0.019955044958413354,-0.00820556989199083,1.6509501137250095,-0.06247549867913348,8394.986830855292,7315.209100615751,1079.7777302395427
P4,P1,R_log,S04,"{""control_lambda"":0.1}",3604,270,ok,270,1.9807619328811732,1.4073954429658968,1.1167429071824029,-0.6974986913437609,1.7064488001878504,2.5624354098418083,-0.8559866096539577,0.27347495734069854,0.009543255384779629,-0.0194437907853508,1.6170293675607605,0.03489626793465598,534.8057218779168,197.83253049485677,336.9731913830601
P4,P2,R_log,S04,"{""control_lambda"":0.1}",1271,2603,ok,2603,5.0993453217658065,2.2581730052778966,1.9712975465393003,-0.6606385688707423,2.9275269962016206,1.496153616939458,1.4313733792621626,0.17320199396435498,0.10558926273332894,0.08663037923855599,2.015425733782247,0.6096307572247656,13273.595872556394,5333.103841489577,7940.492031066816
P4,P3,R_log,S04,"{""control_lambda"":0.1}",3367,509,ok,509,1.6358621701012193,1.2790082760096666,1.0128654856628898,-0.1827915995235907,1.780364889623482,1.5448932692986965,0.23547162032478533,0.2852493399434585,-0.10750975379963724,-0.11590366867434322,2.362631250211527,-0.3768974673909767,832.6538445815206,28.222463944995347,804.4313806365253
P4,P5,R_log,S04,"{""control_lambda"":0.1}",3380,494,ok,494,2.1471684907951847,1.4653219751287376,1.1206358220536985,-0.09507300460831747,1.7801483863340175,1.8878511696673768,-0.1077027833333592,0.32175523609520024,0.022329804834608204,0.02817930870641667,1.649131565327299,0.06939997342576668,1060.7012344528212,5.730345431649743,1054.9708890211714
P4,P1,R_log,G05,"{""max_leaf_nodes"":7,""min_samples_leaf"":20}",59129,270,ok,270,1.1471654462934104,1.0710580966004648,0.8080069016736288,0.01688748581444699,1.7064488001878504,1.8050171891072868,-0.09856838891943635,0.13413695357382188,0.16105374096856168,0.21210473640329178,-0.46077479534652865,1.2006664582547437,309.73467049922084,2.6232463694267807,307.11142412979416
P4,P2,R_log,G05,"{""max_leaf_nodes"":7,""min_samples_leaf"":20}",56603,2603,ok,2603,4.793102491416158,2.18931553034645,1.9134407013001196,-0.560908383243176,2.9275269962016206,1.6122522341919676,1.315274762009653,0.07609957332196335,0.05422305446752695,0.06998006224699348,1.7787526089902783,0.7125277067996049,12476.445785156258,4503.053862005567,7973.391923150692
P4,P3,R_log,G05,"{""max_leaf_nodes"":7,""min_samples_leaf"":20}",58850,509,ok,509,1.3125693866385748,1.1456742061504985,0.8814936680456185,0.05096158302146114,1.780364889623482,1.6493193126505263,0.13104557697295552,0.17472249072957885,0.2687296676940093,0.296280078034,-0.7563493533978649,1.5380370699381063,668.0978177990346,8.741028111284978,659.3567896877497
P4,P5,R_log,G05,"{""max_leaf_nodes"":7,""min_samples_leaf"":20}",58718,494,ok,494,1.9834129517484145,1.4083369453892824,1.0608091093461323,-0.011556377508974203,1.7801483863340175,1.9398000034259293,-0.15965161709191164,0.2508921016045599,0.12832185074996588,0.14242174892796297,0.7880138195921145,0.5114622976542269,979.8059981637167,12.591387586990813,967.2146105767259
P4,P1,R_log,G05,"{""max_leaf_nodes"":7,""min_samples_leaf"":50}",59129,270,ok,270,1.1469077005030757,1.0709377668674662,0.8074848424009792,0.017108372097916935,1.7064488001878504,1.8097342883971788,-0.1032854882093284,0.13561343384460928,0.16459166633877767,0.21929561931442554,-0.4899942343497201,1.2136826099940268,309.6650791358304,2.880330860152615,306.7847482756778
P4,P2,R_log,G05,"{""max_leaf_nodes"":7,""min_samples_leaf"":50}",56603,2603,ok,2603,4.770954809521779,2.1842515444705035,1.908548640971623,-0.5536958309557483,2.9275269962016206,1.6201231867930488,1.3074038094085716,0.07718626740944377,0.0577129531605758,0.06885094114109709,1.7161444960250414,0.747710118620331,12418.79536918519,4449.320188388284,7969.475180796904
P4,P3,R_log,G05,"{""max_leaf_nodes"":7,""min_samples_leaf"":50}",58850,509,ok,509,1.3112252763218284,1.145087453569302,0.8802309966362973,0.05193342675043644,1.780364889623482,1.6443115146289626,0.13605337499451925,0.17926794539263166,0.2718116868675266,0.2976699127481333,-0.7127918515223133,1.5162313946991812,667.4136656478106,9.42185511132623,657.9918105364843
P4,P5,R_log,G05,"{""max_leaf_nodes"":7,""min_samples_leaf"":50}",58718,494,ok,494,1.979690114221025,1.4070146105215202,1.0648199795740323,-0.009657700765968835,1.7801483863340175,1.8956264283744622,-0.11547804204044486,0.2622868510172591,0.12569775822726864,0.1395247793361812,0.871692657200441,0.47923774195984153,977.9669164251864,6.587578027586406,971.3793383975998
P4,P1,R_log,G05,"{""max_leaf_nodes"":15,""min_samples_leaf"":20}",59129,270,ok,270,1.142616638297378,1.0689324760233352,0.8040228177192131,0.020785781461318487,1.7064488001878504,1.8029090651109527,-0.09646026492310229,0.17355363543766844,0.169632304054072,0.22079709255856775,-0.05572470855770861,0.9774056511480868,308.506492340292,2.5122373314394713,305.9942550088525
P4,P2,R_log,G05,"{""max_leaf_nodes"":15,""min_samples_leaf"":20}",56603,2603,ok,2603,4.751538566745809,2.1798024146114274,1.9044390119987686,-0.5473727915101343,2.9275269962016206,1.6246935630674209,1.3028334331341997,0.09248863795426356,0.07538087095201124,0.09257963667895916,1.6033555247316704,0.8150284469459674,12368.254889239342,4418.267006543315,7949.9878826960285
P4,P3,R_log,G05,"{""max_leaf_nodes"":15,""min_samples_leaf"":20}",58850,509,ok,509,1.319951549491618,1.1488914437367954,0.8843843543107499,0.04562399384770188,1.780364889623482,1.6091419535432951,0.1712229360801868,0.22179156551205237,0.26153616146383885,0.29700047281090625,-0.11713201837894083,1.1791979593995274,671.8553386912336,14.922502564519144,656.9328361267144
P4,P5,R_log,G05,"{""max_leaf_nodes"":15,""min_samples_leaf"":20}",58718,494,ok,494,1.9624014613047438,1.4008574022022169,1.0716043919113325,-0.0008403502991449763,1.7801483863340175,1.6899095836975855,0.09023880263643201,0.22709322202442322,0.12084023604976953,0.14648485800555372,0.8809182324070903,0.5321173171640212,969.4263218845434,4.022662501620923,965.4036593829223
P4,P1,R_log,G05,"{""max_leaf_nodes"":15,""min_samples_leaf"":50}",59129,270,ok,270,1.1481835145348538,1.0715332540499403,0.8050922580932525,0.01601500867377681,1.7064488001878504,1.797555939386474,-0.0911071391986235,0.16300503357914697,0.15244660382130482,0.20934991131099487,0.025327106450536707,0.9352263575792247,310.0095489244105,2.241137919498487,307.768411004912
P4,P2,R_log,G05,"{""max_leaf_nodes"":15,""min_samples_leaf"":50}",56603,2603,ok,2603,4.750156082287276,2.1794852792086656,1.9040318021442737,-0.5469225754788907,2.9275269962016206,1.6268684464999716,1.3006585497016492,0.0992188968459618,0.06974598538981876,0.08291212660592452,1.783918807562882,0.7029506233888091,12364.656282193779,4403.5280615599295,7961.12822063385
P4,P3,R_log,G05,"{""max_leaf_nodes"":15,""min_samples_leaf"":50}",58850,509,ok,509,1.3252717829940968,1.151204492257608,0.8850325059098842,0.04177725931881038,1.780364889623482,1.590201953146084,0.19016293647739793,0.233463674293904,0.2622014526800894,0.2926886151479501,-0.0055800263497078895,1.1230931470306929,674.5633375439952,18.406428686540803,656.1569088574544
P4,P5,R_log,G05,"{""max_leaf_nodes"":15,""min_samples_leaf"":50}",58718,494,ok,494,1.961478600901339,1.40052797219525,1.0653627387889049,-0.0003696841548144203,1.7801483863340175,1.7561079695688415,0.024040416765176088,0.2321100820901013,0.11589363202128371,0.13587426417797643,0.9033155965551953,0.4993046014101864,968.9704288452615,0.2855031692922196,968.6849256759692
P4,P1,R_log,S05,"{""max_leaf_nodes"":7,""min_samples_leaf"":20}",3604,270,ok,270,1.1828702738680212,1.0875983973268908,0.8417502068453994,-0.013711293915934952,1.7064488001878504,1.8732929679098944,-0.1668441677220438,0.1629037107957031,0.11258924928370437,0.09515337826461256,0.4117413443833464,0.6911398686608317,319.37497394436576,7.5159836017726,311.8589903425932
P4,P2,R_log,S05,"{""max_leaf_nodes"":7,""min_samples_leaf"":20}",1271,2603,ok,2603,7.096610789159867,2.6639464688990784,2.342627073680074,-1.3110624680468246,2.9275269962016206,0.9920206775714311,1.935506318630189,0.2500000493953449,-0.05718075626613405,-0.06343176999861418,3.154424921671524,-0.22872297987313434,18472.477884183136,9751.318798717579,8721.159085465557
P4,P3,R_log,S05,"{""max_leaf_nodes"":7,""min_samples_leaf"":20}",3367,509,ok,509,1.4345877977999468,1.1977427928399096,0.9134354973367017,-0.03726244608482743,1.780364889623482,1.963607728921161,-0.18324283929767915,0.1773309031443255,0.05205508564097908,0.05571499103369422,1.2039522808686027,0.29354773882030405,730.2051890801729,17.09117052032241,713.1140185598506
P4,P5,R_log,S05,"{""max_leaf_nodes"":7,""min_samples_leaf"":20}",3380,494,ok,494,1.9980907115963769,1.413538365802774,1.105838705158172,-0.019042151749110836,1.7801483863340175,1.5943417647943714,0.18580662153964606,0.12507572180401086,0.05680299132700567,0.05149320378373168,1.0560799569724253,0.45414881887320957,987.0568115286102,17.05490570034077,970.0019058282694
P4,P1,R_log,S05,"{""max_leaf_nodes"":7,""min_samples_leaf"":50}",3604,270,ok,270,1.1967746154691574,1.093971944553039,0.8444620346638082,-0.025627214390836928,1.7064488001878504,1.8756893542292932,-0.1692405540414426,0.15914874634788084,0.07617844934699688,0.06827142945021908,0.8086276753545906,0.478661950503082,323.1291461766725,7.733438585708702,315.3957075909638
P4,P2,R_log,S05,"{""max_leaf_nodes"":7,""min_samples_leaf"":50}",1271,2603,ok,2603,6.353336188505337,2.5205825097594676,2.2201450024307694,-1.0690097355439994,2.9275269962016206,1.1402256590151787,1.7873013371864417,0.18303446046640898,0.013074783514845801,0.027607781348274536,2.8460767402678107,0.0714334529220814,16537.734098679393,8315.143119971677,8222.590978707714
P4,P3,R_log,S05,"{""max_leaf_nodes"":7,""min_samples_leaf"":50}",3367,509,ok,509,1.500481227018398,1.2249413157447169,0.9354202613632937,-0.08490594317637279,1.780364889623482,2.1037847768599858,-0.3234198872365043,0.18569919419621192,0.06787427966601393,0.058943129559325805,1.0114176848724439,0.3655065923134657,763.7449445523646,53.24161554117723,710.5033290111874
P4,P5,R_log,S05,"{""max_leaf_nodes"":7,""min_samples_leaf"":50}",3380,494,ok,494,1.9669931391047044,1.4024953258762414,1.0681843445520693,-0.003182142490187223,1.7801483863340175,1.846144790191065,-0.06599640385704764,0.13983069899454983,0.06647980226884771,0.06382198613305907,0.9024345402754426,0.4754306654180341,971.694610717724,2.151629509098891,969.542981208625
P4,P1,R_log,S05,"{""max_leaf_nodes"":15,""min_samples_leaf"":20}",3604,270,ok,270,1.2600430902073225,1.1225164097719562,0.8704025484648015,-0.07984784095302655,1.7064488001878504,2.021788350990146,-0.31533955080229586,0.24341319870478575,0.1327386481659397,0.08802276937609207,0.6039225032734508,0.5453223114944009,340.2116343559771,26.84853872105231,313.3630956349248
P4,P2,R_log,S05,"{""max_leaf_nodes"":15,""min_samples_leaf"":20}",1271,2603,ok,2603,6.391874741888667,2.528215722973154,2.211854485965619,-1.081560093305352,2.9275269962016206,1.2058723955742332,1.7216546006273874,0.24654792065579906,-0.11254495875078001,-0.11205015692705793,3.477987363734289,-0.4564830985044158,16638.0499531362,7715.538149731351,8922.511803404852
P4,P3,R_log,S05,"{""max_leaf_nodes"":15,""min_samples_leaf"":20}",3367,509,ok,509,1.451810575669875,1.2049110239639584,0.9248072705098053,-0.04971518040275047,1.780364889623482,1.9388403618214918,-0.15847547219800975,0.2673844895501469,0.07468275665510934,0.07309319191955134,1.2388303257502011,0.2793084848741867,738.9715830159663,12.783267921786521,726.1883150941799
P4,P5,R_log,S05,"{""max_leaf_nodes"":15,""min_samples_leaf"":20}",3380,494,ok,494,2.0549984711859413,1.4335265854479091,1.1350259988583635,-0.04806556167079479,1.7801483863340175,1.472920638047451,0.3072277482865662,0.11880351626703992,0.059711186947517134,0.062131039844351185,1.039851782825929,0.5026045425566502,1015.1692447658551,46.62811132271344,968.5411334431417
P4,P1,R_log,S05,"{""max_leaf_nodes"":15,""min_samples_leaf"":50}",3604,270,ok,270,1.2887141827034738,1.13521547853413,0.8794699736204581,-0.10441876044804088,1.7064488001878504,1.9984134824231277,-0.29196468223527716,0.24972330550578825,0.06206054133270586,0.07560146930767493,1.2098086396927679,0.248517218715365,347.9528293299379,23.01571143164152,324.93711789829644
P4,P2,R_log,S05,"{""max_leaf_nodes"":15,""min_samples_leaf"":50}",1271,2603,ok,2603,6.524772780462542,2.5543634785328697,2.24316503494598,-1.1248392977242099,2.9275269962016206,1.1291330188758328,1.7983939773257875,0.21306734029972485,-0.061469423321457314,-0.053581624694414014,3.2532791993589774,-0.2884976328844554,16983.983547543998,8418.676996665374,8565.306550878624
P4,P3,R_log,S05,"{""max_leaf_nodes"":15,""min_samples_leaf"":50}",3367,509,ok,509,1.4289502295149443,1.195387062634921,0.9135590149422531,-0.03318626623843546,1.780364889623482,1.9103981709283604,-0.13003328130487835,0.24762671567429898,0.08149026804360406,0.06974189940386728,1.1516812736612771,0.32908512242591564,727.3356668231066,8.606505011679035,718.7291618114276
P4,P5,R_log,S05,"{""max_leaf_nodes"":15,""min_samples_leaf"":50}",3380,494,ok,494,1.9939596589129678,1.412076364405611,1.0915443832507623,-0.01693528203040473,1.7801483863340175,1.7376895378769983,0.042458848457019034,0.15705561646496524,0.027539936511918262,0.03232652180378838,1.4754419350290275,0.17535149096728836,985.0160715030061,0.8905603832742771,984.1255111197318
P4,P1,R_C_log,B00,{},3604,270,ok,270,1.9763117346351566,1.4058135490295847,1.121849643257835,-0.6936849035414856,1.7064488001878504,2.60613806404765,-0.8996892638597997,4.1111072308966e-16,,,,,533.6041683514923,218.54900830623887,315.0551600452534
P4,P2,R_C_log,B00,{},1271,2603,ok,2603,4.441283566212202,2.1074353053444375,1.8401061004914525,-0.44633601373554943,2.9275269962016206,1.7568135230256756,1.1707134731759448,1.267128252312252e-16,,,,,11560.661122850363,3567.5938044256045,7993.067318424759
P4,P3,R_C_log,B00,{},3367,509,ok,509,2.159041088808575,1.4693675812432283,1.1534700346333664,-0.5610701864393863,1.780364889623482,2.6612673745210995,-0.8809024848976176,0.0,,,,,1098.9519142035647,394.97849664048783,703.9734175630771
P4,P5,R_C_log,B00,{},3380,494,ok,494,2.726103275823221,1.6510915407157838,1.2255364908654605,-0.390334348667132,1.7801483863340175,2.6549909633223225,-0.8748425769883046,3.171456032690627e-16,,,,,1346.6950182566711,378.0826700486996,968.6123482079714
P4,P1,R_C_log,B01,"{""lambda"":0}",3604,270,ok,270,29.647777070958124,5.444977233281891,5.313229718685363,-24.407931131833863,1.7064488001878504,-3.606780918497513,5.313229718685363,0.5797247062749424,0.10471126484995215,0.10001077771929397,2.3579142076901336,0.1806223949342801,8004.899809158694,7622.210711750763,382.6890974079293
P4,P2,R_C_log,B01,"{""lambda"":0}",1271,2603,ok,2603,52.8807562001447,7.271915579827966,7.056367295173625,-16.220999511874982,2.9275269962016206,-4.128840298972004,7.056367295173625,0.21982446713219472,0.09678423792758947,0.09956959515735501,4.745371329336825,0.4402796430726104,137648.60838897666,129609.40740964263,8039.200979334077
P4,P3,R_C_log,B01,"{""lambda"":0}",3367,509,ok,509,84.09947811970329,9.170576760471683,9.083647478536857,-59.80717438324784,1.780364889623482,10.86401236816034,-9.083647478536857,0.5697983935274206,0.15561049400349758,0.14377031000590598,-1.1865692938934522,0.27309746003348306,42806.63436292898,41998.93962079346,807.6947421355177
P4,P5,R_C_log,B01,"{""lambda"":0}",3380,494,ok,494,31.890171828108613,5.64713837515149,5.4516211282536275,-15.264241223262992,1.7801483863340175,-3.6714727419196103,5.4516211282536275,0.3442745666110871,0.01714951153171352,0.019953420026900655,1.963037191469164,0.04981347213802927,15753.744883085656,14681.765425454549,1071.9794576311053
P4,P1,R_C_log,B01,"{""lambda"":0.001}",3604,270,ok,270,12.16768371271081,3.4882207087153776,3.2868137762356553,-9.427617189193262,1.7064488001878504,-1.5759025130418238,3.282351313229675,0.5594109405576599,0.105841819823762,0.0990662933059532,2.0046131329749644,0.18920227001325984,3285.2746024319185,2908.9341387343543,376.3404636975649
P4,P2,R_C_log,B01,"{""lambda"":0.001}",1271,2603,ok,2603,18.51670764530364,4.303104419521288,3.9805435355739327,-5.030099344918846,2.9275269962016206,-1.0059386220004365,3.9334656182020575,0.20461589701536598,0.1231236055685866,0.13030778988208094,3.5328308456483146,0.6017304000545983,48198.990000725375,40274.01105621074,7924.9789445146425
P4,P3,R_C_log,B01,"{""lambda"":0.001}",3367,509,ok,509,64.26438998318125,8.016507343175158,7.918360416782311,-45.465638737713185,1.780364889623482,9.698725306405795,-7.918360416782311,0.5565064622912318,0.16073229907535017,0.15021497451480145,-1.0208575978578565,0.28882377827849115,32710.574501439252,31914.51973024305,796.0547711961956
P4,P5,R_C_log,B01,"{""lambda"":0.001}",3380,494,ok,494,22.52691735022969,4.746252980007459,4.512434739959259,-10.488906982862563,1.7801483863340175,-2.731760910378769,4.511909296712787,0.34325736736875,0.016484023355839966,0.019675388441423712,1.9113339483350207,0.04802234394034646,11128.297171013468,10056.518797871058,1071.7783731424097
P4,P1,R_C_log,B01,"{""lambda"":0.1}",3604,270,ok,270,2.203846997321263,1.4845359535293388,1.2010298151274148,-0.8886809826929094,1.7064488001878504,2.6685890817385993,-0.9621402815507492,0.39556897044453854,0.07726084031429661,0.07306858241259163,1.1852313885264143,0.1953157251628491,595.038689276741,249.9427587732898,345.09593050345126
P4,P2,R_C_log,B01,"{""lambda"":0.1}",1271,2603,ok,2603,5.572608103700171,2.3606372240774673,2.0747763218734794,-0.8147600058984901,2.9275269962016206,1.3269401940322179,1.6005868021694025,0.12719255209657335,0.14038564434928197,0.15152760570420062,1.462949463306966,1.1037253521156771,14505.498893931544,6668.568723658909,7836.930170272636
P4,P3,R_C_log,B01,"{""lambda"":0.1}",3367,509,ok,509,1.6635346087536453,1.28978083748893,0.9969670969706166,-0.20279984262294448,1.780364889623482,2.278944206612525,-0.49857931698904295,0.4076236363360538,0.17551865293282928,0.163253115826093,0.7990743519866034,0.4305899788110616,846.7391158556055,126.52789968259363,720.211216173012
P4,P5,R_C_log,B01,"{""lambda"":0.1}",3380,494,ok,494,2.0966930369032,1.4479962143953278,1.1041818329730528,-0.06933012174215114,1.7801483863340175,1.942655535645603,-0.16250714931158525,0.2749628313150809,0.035901251259853974,0.04535573153609429,1.526500414486363,0.1305676519555278,1035.766360230181,13.045835347224664,1022.7205248829564
P4,P1,R_C_log,G02,"{""lambda"":0}",59129,270,ok,270,1.161129968117507,1.0775574082699757,0.8247205707951472,0.0049199913224842184,1.7064488001878504,1.9145699858131011,-0.20812118562525064,0.35807198236964927,0.2377394722261597,0.24078986844361733,0.43528300007404197,0.6639432402748942,313.50509139172686,11.69489553463621,301.8101958570907
P4,P2,R_C_log,G02,"{""lambda"":0}",56603,2603,ok,2603,4.557393847608563,2.1348053418540442,1.8523384456909704,-0.4841481639945677,2.9275269962016206,1.6683376525114952,1.2591893436901254,0.2827377079163427,0.19831238352596467,0.20733885522901094,1.7573540509871082,0.7014005488954519,11862.89618532509,4127.206961892986,7735.689223432101
P4,P3,R_C_log,G02,"{""lambda"":0}",58850,509,ok,509,1.3259401830493478,1.1514947603221422,0.8794997878248116,0.041293980235204475,1.780364889623482,1.676048629611584,0.10431626001189795,0.35911551273439324,0.2480064866500394,0.27007171780949313,0.622879575442643,0.6906036577525083,674.903553172118,5.5388779903607785,669.3646751817572
P4,P5,R_C_log,G02,"{""lambda"":0}",58718,494,ok,494,2.073825318433402,1.4400782334419897,1.0778222718936248,-0.057667403478255164,1.7801483863340175,2.0180879952362814,-0.23793960890226412,0.37724010235116584,0.1504571255260473,0.15756048953519888,0.9752612151943344,0.39883650913123114,1024.4697073061006,27.96793719737383,996.501770108727
P4,P1,R_C_log,G02,"{""lambda"":0.001}",59129,270,ok,270,1.1609470733809757,1.0774725395020404,0.8246773102245525,0.005076730792665574,1.7064488001878504,1.9172474962172408,-0.2107986960293899,0.35232494729609476,0.23741010881517607,0.2402935415795377,0.4145336514146074,0.6738384852880036,313.45570981286346,11.997744366876601,301.45796544598693
P4,P2,R_C_log,G02,"{""lambda"":0.001}",56603,2603,ok,2603,4.561973294275381,2.1358776402863953,1.854044368718544,-0.48563949381813254,2.9275269962016206,1.6656034889076994,1.261923507293921,0.2776885196046415,0.19817986970511137,0.20758426490736046,1.7388243343772483,0.7136768563110552,11874.816484998817,4145.149792293359,7729.666692705459
P4,P3,R_C_log,G02,"{""lambda"":0.001}",58850,509,ok,509,1.324162483202138,1.150722591766642,0.8793366978538057,0.042579325959425374,1.780364889623482,1.676161446395597,0.10420344322788518,0.35290061764791536,0.2479014990545216,0.2703038103773382,0.6029145978435291,0.702468305968934,673.9987039498882,5.526904008498468,668.4717999413897
P4,P5,R_C_log,G02,"{""lambda"":0.001}",58718,494,ok,494,2.0683228091735555,1.4381664747773657,1.076187485329476,-0.05486107999973111,1.7801483863340175,2.0165003179229446,-0.236351931588927,0.37195263124126055,0.15052704946519097,0.15782343992296735,0.9640825284595619,0.404694137968214,1021.7514677317364,27.595944369513514,994.155523362223
P4,P1,R_C_log,G02,"{""lambda"":0.1}",59129,270,ok,270,1.1982644842416283,1.0946526774468823,0.8338967629130142,-0.026904021184000815,1.7064488001878504,1.9752512278318708,-0.2688024276440204,0.1923378075083904,0.18720086135459213,0.18164557157347663,-0.21604754118128722,0.9732920624377288,323.53141074523967,19.508781178976083,304.0226295662636
P4,P2,R_C_log,G02,"{""lambda"":0.1}",56603,2603,ok,2603,4.749972032401645,2.179443055553791,1.9062672138687355,-0.5468626383066872,2.9275269962016206,1.598007212084848,1.3295197841167723,0.1270896879579646,0.17675815573369125,0.18812732797093623,0.7049957098656243,1.3908143026691098,12364.17720034148,4601.122295099637,7763.054905241845
P4,P3,R_C_log,G02,"{""lambda"":0.1}",58850,509,ok,509,1.3282443668103185,1.1524948445916443,0.8904489744186109,0.03962796628485665,1.780364889623482,1.6845471288551799,0.0958177607683021,0.1746725319022744,0.21977327552585949,0.2507281220216665,-0.3391351614395801,1.2582016939493268,676.0763827064521,4.673151028833651,671.4032316776185
P4,P5,R_C_log,G02,"{""lambda"":0.1}",58718,494,ok,494,1.9611204173528496,1.400400091885476,1.0479708792498386,-0.00018700769680601859,1.7801483863340175,1.9684389556218118,-0.1882905692877941,0.2142274502566986,0.14887886034608191,0.1672256956679282,0.4121680083635544,0.6949569729168109,968.7934861723077,17.513949210464467,951.2795369618432
P4,P1,R_C_log,P00,"{""lambda"":0}",59129,270,ok,270,1.8031755083966745,1.3428237071174587,1.0754110793996352,-0.5453084063031111,1.7064488001878504,2.5513438731056577,-0.844895072917807,0.34400723602785815,0.26859157301189485,0.2783070575674763,-0.2855716935793655,0.7807730328967385,486.8573872671021,192.7388747450123,294.1185125220897
P4,P2,R_C_log,P00,"{""lambda"":0}",56603,2603,ok,2603,4.578048819267031,2.139637543900142,1.8567971435758406,-0.49087460443165254,2.9275269962016206,1.6601011365633,1.2674258596383203,0.28277248677057887,0.19841233076242965,0.20730966631838554,1.7626875891976364,0.7016677365906789,11916.661076552082,4181.376710096872,7735.284366455208
P4,P3,R_C_log,P00,"{""lambda"":0}",58850,509,ok,509,1.7704703624383558,1.3305902308518411,1.023174446448528,-0.28011852720330443,1.780364889623482,2.4610308944768247,-0.6806660048533424,0.3527304763860087,0.25414385406625184,0.28390762043731854,0.007181344763041109,0.7205043824683034,901.1694144811231,235.82286097297225,665.3465535081509
P4,P5,R_C_log,P00,"{""lambda"":0}",58718,494,ok,494,2.694158361946312,1.6413891561559408,1.244631640656047,-0.37404218856367133,1.7801483863340175,2.621359567856617,-0.8412111815225989,0.3311253699073161,0.1457181273482947,0.15738270063020002,0.6265683769209072,0.4400693531549156,1330.914230801478,349.5723084478115,981.3419223536664
P4,P1,R_C_log,P00,"{""lambda"":0.001}",59129,270,ok,270,1.8069492226236077,1.3442281140578811,1.0768458705396724,-0.5485424521797937,1.7064488001878504,2.5543166570184193,-0.8478678568305685,0.33810035728759785,0.268920584595999,0.27898813509472076,-0.32522112811212867,0.7953868690154843,487.87629010837406,194.0975737145446,293.7787163938294
P4,P2,R_C_log,P00,"{""lambda"":0.001}",56603,2603,ok,2603,4.582256084246728,2.1406204904762376,1.85841712292924,-0.49224473060548135,2.9275269962016206,1.657532195200012,1.2699948010016084,0.2777206223846664,0.1982788056146961,0.20762873513123042,1.744130887154482,0.713950602271312,11927.612587294232,4198.344326268612,7729.26826102562
P4,P3,R_C_log,P00,"{""lambda"":0.001}",58850,509,ok,509,1.7704140423354062,1.3305690671045252,1.023054838978314,-0.2800778055912576,1.780364889623482,2.4624275682780916,-0.6820626786546098,0.3466059310996355,0.2544998572330262,0.28434641191558546,-0.027704183474100086,0.73426284549028,901.1407475487217,236.79163428527227,664.3491132634496
P4,P5,R_C_log,P00,"{""lambda"":0.001}",58718,494,ok,494,2.6897429942870597,1.6400435952397912,1.2426445555592331,-0.37179031594641043,1.7801483863340175,2.6211152735757617,-0.8409668872417443,0.32586928657506214,0.14590360236265565,0.15849238809855098,0.6065791781343655,0.4477365875628403,1328.7330391778075,349.3693008859119,979.3637382918954
P4,P1,R_C_log,P00,"{""lambda"":0.1}",59129,270,ok,270,1.8436928293450001,1.3578265092952782,1.085408697054546,-0.5800314581473549,1.7064488001878504,2.5684478763034675,-0.8619990761156169,0.16962673556412705,0.25209397327763955,0.26146487004953006,-2.1106984681392804,1.4861688662418187,497.79706392315,200.6214499505278,297.17561397262216
P4,P2,R_C_log,P00,"{""lambda"":0.1}",56603,2603,ok,2603,4.7472022315171865,2.17880752511946,1.9056783397516905,-0.5459606326791826,2.9275269962016206,1.5990557380270356,1.3284712581745848,0.1270923411415604,0.17673511881182755,0.188097197734953,0.7038736799710099,1.390604006695991,12356.967408639237,4593.867805520895,7763.09960311834
P4,P3,R_C_log,P00,"{""lambda"":0.1}",58850,509,ok,509,1.7338970472833508,1.3167752455462363,1.0083755544653021,-0.25367460624057947,1.780364889623482,2.4361498379741944,-0.6557849483507123,0.1692554089499208,0.25381281570323233,0.29879599459780093,-1.8728480486652646,1.4995846648441844,882.5535970672256,218.8974343280233,663.6561627392023
P4,P5,R_C_log,P00,"{""lambda"":0.1}",58718,494,ok,494,2.53161181942276,1.5911039624810066,1.1727849894701807,-0.29114215930512044,1.7801483863340175,2.5648592947299202,-0.7847109083959029,0.17044792260613476,0.1524176646291475,0.1749012289346638,-0.5133959281276146,0.8942183764911527,1250.6162387948434,304.19097761922836,946.4252611756149
P4,P1,R_C_log,P02,"{""lambda"":0}",59129,270,ok,270,1.7411146057533375,1.3195130184099502,1.0417275384565852,-0.49212266031725216,1.7064488001878504,2.4445974370206125,-0.7381486368327622,0.4185889792424198,0.179218868106928,0.1792526541556872,0.6597944271251479,0.42814999198327197,470.1009435534011,147.11312071567755,322.98782283772357
P4,P2,R_C_log,P02,"{""lambda"":0}",56603,2603,ok,2603,4.473577740883128,2.115083388635807,1.828828672225913,-0.456852844549003,2.9275269962016206,1.7027787904423812,1.2247482057592396,0.3261467415559496,0.21157244466808062,0.20847966739971527,1.822928895039692,0.6487032298980858,11644.72285951878,3904.5212600297705,7740.201599489012
P4,P3,R_C_log,P02,"{""lambda"":0}",58850,509,ok,509,1.5683749194070762,1.252347762966452,0.9659139312779315,-0.13399570788008153,1.780364889623482,2.0112923040055803,-0.23092741438209843,0.4201881019073606,0.09652838331952382,0.08330305127186673,1.3183175503309892,0.2297265983528623,798.3028339782018,27.143682593019513,771.1591513851824
P4,P5,R_C_log,P02,"{""lambda"":0}",58718,494,ok,494,2.8172836832837214,1.6784765959892682,1.2783796149339195,-0.43683708153939116,1.7801483863340175,2.6381603373429896,-0.8580119510089722,0.4324762162085822,0.1452779882462371,0.15425710996188713,0.8939340417852868,0.33592133579010486,1391.7381395421583,363.67514698866614,1028.062992553492
P4,P1,R_C_log,P02,"{""lambda"":0.001}",59129,270,ok,270,1.7300289558712234,1.3153056511211465,1.0380479741497957,-0.4826223383173176,1.7064488001878504,2.4463201839448177,-0.7398713837569669,0.4042314160410147,0.18542204791816957,0.18526223348292192,0.5843150907074934,0.4587027147324838,467.1078180852303,147.80060941566123,319.30720866956904
P4,P2,R_C_log,P02,"{""lambda"":0.001}",56603,2603,ok,2603,4.5015924027906715,2.1216956432982257,1.8370204419145446,-0.46597602117698456,2.9275269962016206,1.6880724549785069,1.2394545412231137,0.3108043359384357,0.21060421729916176,0.20907331711128618,1.7836717245189129,0.677610293509156,11717.645024464118,3998.8523980516343,7718.792626412484
P4,P3,R_C_log,P02,"{""lambda"":0.001}",58850,509,ok,509,1.5480466295204949,1.2442052200181828,0.9525448240141172,-0.11929756829962956,1.780364889623482,2.0680016160592003,-0.2876367264357182,0.39417576500963936,0.12164305335098194,0.1223199053105532,1.142177427981708,0.30860104590145776,787.9557344259318,42.11205717488,745.8436772510518
P4,P5,R_C_log,P02,"{""lambda"":0.001}",58718,494,ok,494,2.7939861331433593,1.6715221007044325,1.2722660184244698,-0.42495514570548254,1.7801483863340175,2.6322257202875874,-0.8520773339535697,0.42188912237356624,0.14615132522247892,0.1555359756183935,0.8682896611306558,0.3464211743602807,1380.2291497728195,358.661676820487,1021.5674729523323
P4,P1,R_C_log,P02,"{""lambda"":0.1}",59129,270,ok,270,1.7178356619237776,1.3106622989633057,1.0301004105051668,-0.47217277334165586,1.7064488001878504,2.452519517378396,-0.7460707171905455,0.2407592609942743,0.13044746904000148,0.13447927603185283,0.37763194599080196,0.5418170354124147,463.8156287194199,150.28780906328805,313.52781965613195
P4,P2,R_C_log,P02,"{""lambda"":0.1}",56603,2603,ok,2603,4.727870605819719,2.1743667137398233,1.9017540552604784,-0.5396651493952478,2.9275269962016206,1.6035689276818914,1.3239580685197292,0.127761907790696,0.18585770491849335,0.1961921763491383,0.5947844305081098,1.4547192362137547,12306.647186948729,4562.707509617674,7743.939677331055
P4,P3,R_C_log,P02,"{""lambda"":0.1}",58850,509,ok,509,1.535536054176238,1.2391674843120433,0.9348004812584448,-0.11025193860487459,1.780364889623482,2.195335333230933,-0.41497044360745117,0.20214608938163753,0.13633382737143668,0.1434250836883232,0.29976009900560796,0.6744321781760916,781.5878515757051,87.65003875549229,693.9378128202129
P4,P5,R_C_log,P02,"{""lambda"":0.1}",58718,494,ok,494,2.6183409596848963,1.6181288452051328,1.2045353960315097,-0.33537471050969825,1.7801483863340175,2.588684951332903,-0.8085365649988852,0.2907680558801157,0.1420024498183289,0.16290938720166243,0.5159118326161762,0.4883701869811895,1293.4604340843389,322.94330020845706,970.5171338758818
P4,P1,R_C_log,S01,"{""lambda"":0}",3604,270,ok,270,22.060276234231505,4.696836832830315,4.547098501679972,-17.90549763535683,1.7064488001878504,-2.8406497014921226,4.547098501679972,0.5338133506384913,0.09247777607787691,0.09445514845386181,2.1985626948592105,0.17323990860712776,5956.274583242506,5582.548291674668,373.7262915678374
P4,P2,R_C_log,S01,"{""lambda"":0}",1271,2603,ok,2603,46.160495752184254,6.794151584427908,6.562052806646689,-14.03249824581928,2.9275269962016206,-3.6345258104450675,6.562052806646689,0.21619994884546098,0.08607428615416547,0.08884381764712372,4.374517230535882,0.3981235269194771,120155.77044293561,112086.57790788286,8069.1925350527845
P4,P3,R_C_log,S01,"{""lambda"":0}",3367,509,ok,509,57.1498721741846,7.559753446653178,7.451255684313069,-40.32156727928369,1.780364889623482,9.231620573936551,-7.451255684313069,0.48367571812509913,0.05825948516479826,0.0046520679807194485,0.6684019737278415,0.12045154011583005,29089.284936659962,28260.29653796098,828.9883986989792
P4,P5,R_C_log,S01,"{""lambda"":0}",3380,494,ok,494,18.963770525361337,4.354741154806028,4.10441268204972,-8.67167376800473,1.7801483863340175,-2.3195733358328714,4.099721722166889,0.3778802474032866,0.05714727137573096,0.057845850068631986,2.1309401723817305,0.15123116852080776,9368.1026395285,8303.012790408276,1065.0898491202217
P4,P1,R_C_log,S01,"{""lambda"":0.001}",3604,270,ok,270,8.86567827525574,2.977528887392319,2.7501660042826637,-6.597822343158013,1.7064488001878504,-1.0317996916116092,2.73824849179946,0.5166893006902161,0.09181681432235946,0.09251496162155044,1.8898018531270493,0.17770217846529146,2393.73313431905,2024.4612967673445,369.27183755170546
P4,P2,R_C_log,S01,"{""lambda"":0.001}",1271,2603,ok,2603,16.32386103493658,4.040279821365914,3.7049827752841247,-4.315983036448875,2.9275269962016206,-0.7128762643566366,3.6404032605582577,0.20447641605789704,0.10175117448759556,0.10471232196141791,3.2822671592044728,0.49761814320329684,42491.010273939915,34496.35094635475,7994.659327585172
P4,P3,R_C_log,S01,"{""lambda"":0.001}",3367,509,ok,509,42.643677987321375,6.530212706131507,6.405536426741949,-29.83302800080761,1.780364889623482,8.185901316365431,-6.405536426741949,0.47028990591580966,0.05854848362826144,0.0034320802240943053,0.7612655996430093,0.12449445095838957,21705.63209554658,20884.72652938787,820.9055661587045
P4,P5,R_C_log,S01,"{""lambda"":0.001}",3380,494,ok,494,13.394636457371275,3.659868366126202,3.3787919974439418,-5.831371107526579,1.7801483863340175,-1.572322627526332,3.3524710138603497,0.3783248627506312,0.05784649655915332,0.057935739979726036,2.020559113775507,0.1529016521372063,6616.95040994141,5552.096577994277,1064.8538319471331
P4,P1,R_C_log,S01,"{""lambda"":0.1}",3604,270,ok,270,2.1907450059256464,1.4801165514666899,1.1951154060347435,-0.8774526705576362,1.7064488001878504,2.648697268685852,-0.9422484684980013,0.3935920588590757,0.048689765898582316,0.04334140804976667,1.3787886072399442,0.12370616937679496,591.5011515999245,239.7146876244438,351.7864639754807
P4,P2,R_C_log,S01,"{""lambda"":0.1}",1271,2603,ok,2603,5.663152557774672,2.379737917875553,2.0914013382179397,-0.84424646016776,2.9275269962016206,1.3104087335616221,1.6171182626399982,0.1304750625208722,0.09348208454086164,0.09857346710954606,1.988652259166759,0.7164747250142705,14741.186107887472,6807.031050371988,7934.155057515483
P4,P3,R_C_log,S01,"{""lambda"":0.1}",3367,509,ok,509,1.5368134924248809,1.2396828192827716,0.9798984414276539,-0.11117557585073823,1.780364889623482,1.7164035264915185,0.0639613631319635,0.3504696062057815,0.02084540344449387,-0.05123982709085579,1.6782757973035631,0.05947849135954535,782.2380676442643,2.08234749061274,780.1557201536516
P4,P5,R_C_log,S01,"{""lambda"":0.1}",3380,494,ok,494,2.1124250991582905,1.4534184184735965,1.0945227338398167,-0.0773535985937448,1.7801483863340175,1.978014118317427,-0.19786573198340954,0.3384079045688748,0.08441521941874429,0.08254228188838164,1.2867364607944474,0.24944813132035928,1043.5379989841954,19.340518859305245,1024.1974801248903
P4,P1,R_C_log,S02,"{""lambda"":0}",3604,270,ok,270,24.293765875355888,4.928870649079349,4.790508636040826,-19.81958215000806,1.7064488001878504,-3.084059835852976,4.790508636040826,0.5068247009667615,0.1029877537778967,0.10051838473937545,2.3331356889785306,0.20320192283732202,6559.316786346089,6196.222707835069,363.0940785110193
P4,P2,R_C_log,S02,"{""lambda"":0}",1271,2603,ok,2603,15.211880875281519,3.9002411304022626,3.570715791822397,-3.953858680394714,2.9275269962016206,-0.5688997001906176,3.496426696392238,0.21668348143798852,0.17133821843133268,0.16700785362175208,3.377373290205695,0.790730411447479,39596.525918357795,31821.674071365018,7774.851846992779
P4,P3,R_C_log,S02,"{""lambda"":0}",3367,509,ok,509,57.390161444136496,7.575629442108193,7.4677253889393995,-40.4953057122332,1.780364889623482,9.248090278562879,-7.4677253889393995,0.4823850178572735,0.06118636884004864,0.00823648739517867,0.6073245962832765,0.126841354053314,29211.592175065478,28385.363544666543,826.228630398939
P4,P5,R_C_log,S02,"{""lambda"":0}",3380,494,ok,494,27.315630840945225,5.226435768374584,5.016722432089388,-12.931188943019393,1.7801483863340175,-3.2365740457553707,5.016722432089388,0.3665755584991652,0.05294385878133002,0.05122848928797582,2.247601044430917,0.1444282291980756,13493.921635426941,12432.746956550658,1061.1746788762837
P4,P1,R_C_log,S02,"{""lambda"":0.001}",3604,270,ok,270,9.713095522600515,3.116583950834714,2.903571202956948,-7.324052812610489,1.7064488001878504,-1.1883690987515372,2.8948178989393876,0.49221027125964156,0.10137188413235874,0.09763737192269686,1.9511962620334196,0.20595239484322939,2622.5357911021392,2262.59208036536,359.9437107367796
P4,P2,R_C_log,S02,"{""lambda"":0.001}",1271,2603,ok,2603,8.267996924678215,2.875412479050304,2.555361137167074,-1.6925328084411508,2.9275269962016206,0.6263199835466129,2.3012070126550075,0.21053972878062496,0.18127081325833308,0.18094330123766,2.3882770720424693,0.8609815083746543,21521.595994937394,13784.326320385997,7737.269674551395
P4,P3,R_C_log,S02,"{""lambda"":0.001}",3367,509,ok,509,42.86204647025974,6.5469112160055865,6.423037910445443,-29.990916857180043,1.780364889623482,8.203402800068925,-6.423037910445443,0.4688070739213416,0.061991515046566636,0.007981322095589098,0.6956087150636137,0.13223246511200867,21816.78165336221,20999.00674350086,817.7749098613542
P4,P5,R_C_log,S02,"{""lambda"":0.001}",3380,494,ok,494,18.515432524354633,4.302956254060065,4.050605950665821,-8.443017822303572,1.7801483863340175,-2.265516602906033,4.04566498924005,0.36812149484586587,0.054333177507379996,0.052414428884674555,2.1145290662319667,0.14759577549289674,9146.623667031188,8085.498171350372,1061.1254956808145
P4,P1,R_C_log,S02,"{""lambda"":0.1}",3604,270,ok,270,2.137955819848634,1.4621750305105863,1.176797317367881,-0.832212718802058,1.7064488001878504,2.62739351432958,-0.9209447141417297,0.38025707824622307,0.05158599006505733,0.04330726271268011,1.3500144207088196,0.13566082794034018,577.2480713591312,228.9975749565099,348.25049640262137
P4,P2,R_C_log,S02,"{""lambda"":0.1}",1271,2603,ok,2603,5.514243255133698,2.3482425886466025,2.063131144061695,-0.7957530721687651,2.9275269962016206,1.3472165559815337,1.580310440220087,0.12492347198879872,0.13265304631259006,0.1438470143657097,1.4969521222521458,1.0618744756348464,14353.575193113014,6500.682970680779,7852.892222432236
P4,P3,R_C_log,S02,"{""lambda"":0.1}",3367,509,ok,509,1.5179239249959653,1.2320405533081957,0.9724985641125374,-0.09751768823532037,1.780364889623482,1.7306058190812392,0.04975907054224272,0.3436398113479497,0.032535302183838787,-0.0351047972826194,1.6165137250449226,0.09467850088794127,772.6232778229463,1.2602662365249944,771.3630115864213
P4,P5,R_C_log,S02,"{""lambda"":0.1}",3380,494,ok,494,2.103045538378386,1.4501881044810656,1.095331104946479,-0.07256994800964378,1.7801483863340175,1.9508877136850364,-0.17073932735101896,0.34371018677035303,0.0879148433094541,0.0842783616773963,1.281146627687995,0.2557818961827675,1038.9044959589228,14.401047444713535,1024.5034485142091
P4,P1,R_C_log,S03,"{""control_lambda"":0.001,""difference_penalty"":0.01,""n_knots"":3}",3604,270,ok,270,10.107985828048486,3.1793058720495084,2.971168645744184,-7.662470956454371,1.7064488001878504,-1.2562852388324266,2.9627340390202774,0.4848859314316884,0.09811451306504851,0.0947081897911997,1.9606525344865773,0.20234555532546117,2729.156173573091,2370.00410621174,359.1520673613519
P4,P2,R_C_log,S03,"{""control_lambda"":0.001,""difference_penalty"":0.01,""n_knots"":3}",1271,2603,ok,2603,8.068531148433435,2.8405160003832814,2.5223969477350527,-1.627575340315199,2.9275269962016206,0.6725866439974059,2.2549403522042146,0.1975528502705,0.17043347309287687,0.17566968224107077,2.3472707380134903,0.8627234325372184,21002.38657937223,13235.619847173051,7766.766732199177
P4,P3,R_C_log,S03,"{""control_lambda"":0.001,""difference_penalty"":0.01,""n_knots"":3}",3367,509,ok,509,43.498362656298504,6.5953288512627255,6.461753627072947,-30.450998062824016,1.780364889623482,8.24211851669643,-6.461753627072947,0.5222635584721895,0.011206528391446882,-0.053439882600639664,1.6035087148728806,0.02145761121880691,22140.66659205594,21252.918307928107,887.7482841278356
P4,P5,R_C_log,S03,"{""control_lambda"":0.001,""difference_penalty"":0.01,""n_knots"":3}",3380,494,ok,494,22.88196559615143,4.783509757087512,4.5521868385074304,-10.669984411629434,1.7801483863340175,-2.772038452173413,4.5521868385074304,0.3820654053235414,0.05834197876695711,0.056348381704747375,2.2034429486379157,0.1527015478345961,11303.691004498807,10236.868076264054,1066.8229282347502
P4,P1,R_C_log,S03,"{""control_lambda"":0.1,""difference_penalty"":0.01,""n_knots"":3}",3604,270,ok,270,2.0893833664034727,1.4454699465583754,1.158556942321582,-0.7905864765011548,1.7064488001878504,2.597788223214938,-0.8913394230270872,0.37778419009237774,0.043679913848361306,0.02464683599487449,1.4060890478155514,0.11562133883284126,564.1335089289377,214.51121110141042,349.6222978275273
P4,P2,R_C_log,S03,"{""control_lambda"":0.1,""difference_penalty"":0.01,""n_knots"":3}",1271,2603,ok,2603,4.985360447524414,2.2327920744046934,1.9554872668623957,-0.6235185727753239,2.9275269962016206,1.5074070707184863,1.4201199254831343,0.1399811196539545,0.18874780624422213,0.18064487252267708,0.8949687596444247,1.3483804580990872,12976.89324490605,5249.575788969242,7727.317455936809
P4,P3,R_C_log,S03,"{""control_lambda"":0.1,""difference_penalty"":0.01,""n_knots"":3}",3367,509,ok,509,1.7901730557581805,1.3379734884362173,1.0665420320692784,-0.29436433627732717,1.780364889623482,1.501312421851114,0.27905246777236775,0.4190413677734127,-0.07453374541421742,-0.13813118874081914,2.047399236213243,-0.17786727312927228,911.1980853809139,39.63597240285281,871.5621129780611
P4,P5,R_C_log,S03,"{""control_lambda"":0.1,""difference_penalty"":0.01,""n_knots"":3}",3380,494,ok,494,2.1057536843973637,1.4511215264054778,1.1066478313772865,-0.0739511240145232,1.7801483863340175,1.8658109306946737,-0.08566254436065611,0.3726821290658536,0.09214732177168795,0.08219805230636258,1.318818296193112,0.24725446858066383,1040.2423200922976,3.6250073241326395,1036.617312768165
P4,P1,R_C_log,S03,"{""control_lambda"":0.001,""difference_penalty"":1,""n_knots"":3}",3604,270,ok,270,9.694299383428316,3.1135669871432534,2.892182332050839,-7.3079446568965345,1.7064488001878504,-1.1753984374828903,2.8818472376707405,0.5361133183749333,0.090312267052741,0.09047325338522276,1.9044533897792824,0.16845742114091772,2617.4608335256453,2242.361745343029,375.09908818261556
P4,P2,R_C_log,S03,"{""control_lambda"":0.001,""difference_penalty"":1,""n_knots"":3}",1271,2603,ok,2603,9.867902731080228,3.1413218127215536,2.807606420938156,-2.213553669164387,2.9275269962016206,0.311439478550728,2.6160875176508926,0.1926455963119887,0.13581561644145038,0.1422692268528915,2.7079614023166245,0.7050024451194703,25686.150809001832,17814.70788172293,7871.442927278901
P4,P3,R_C_log,S03,"{""control_lambda"":0.001,""difference_penalty"":1,""n_knots"":3}",3367,509,ok,509,44.898558579503856,6.700638669522768,6.563777487406297,-31.463393853816598,1.780364889623482,8.34414237702978,-6.563777487406297,0.5568168547041266,-0.0022876276871553938,-0.0670524302631742,1.8146459839653604,-0.004108402372932805,22853.366316967462,21929.336026228495,924.0302907389678
P4,P5,R_C_log,S03,"{""control_lambda"":0.001,""difference_penalty"":1,""n_knots"":3}",3380,494,ok,494,19.65572218404445,4.433477436961245,4.185992507106126,-9.024574616338809,1.7801483863340175,-2.402726412199029,4.182874798533046,0.3643471405026622,0.0432260291262382,0.0445102885516848,2.065207085389014,0.1186396826570465,9709.926758917958,8643.242140620217,1066.6846182977388
P4,P1,R_C_log,S03,"{""control_lambda"":0.1,""difference_penalty"":1,""n_knots"":3}",3604,270,ok,270,2.2583196863292097,1.5027706699058276,1.216840545268222,-0.935363684318977,1.7064488001878504,2.668559479620254,-0.9621106794324029,0.41575333974030104,0.03700330308341739,0.03040123990120342,1.4689389457097213,0.08900302065289831,609.7463153088866,249.9273790590276,359.8189362498588
P4,P2,R_C_log,S03,"{""control_lambda"":0.1,""difference_penalty"":1,""n_knots"":3}",1271,2603,ok,2603,5.283366815848397,2.2985575511281846,2.016896513099323,-0.7205664951616704,2.9275269962016206,1.420076331378753,1.5074506648228676,0.12199229603652338,0.14075279454378775,0.14959662046591696,1.289065235901549,1.1537842889820493,13752.603821653378,5915.076740395379,7837.527081258
P4,P3,R_C_log,S03,"{""control_lambda"":0.1,""difference_penalty"":1,""n_knots"":3}",3367,509,ok,509,1.9170951322881509,1.3845920454372656,1.1064743923972462,-0.3861339050451227,1.780364889623482,1.4346450845165826,0.3457198051068994,0.46099917550630076,-0.09457121592222438,-0.15505296684570335,2.074673724147029,-0.20514400230403837,975.8014223346688,60.83679147436463,914.9646308603042
P4,P5,R_C_log,S03,"{""control_lambda"":0.1,""difference_penalty"":1,""n_knots"":3}",3380,494,ok,494,2.118446027165673,1.4554882435683474,1.098539121749319,-0.08042431975598263,1.7801483863340175,1.9597024102594653,-0.17955402392544767,0.3481239207507172,0.08216674814883544,0.0799338817329028,1.3176051228799692,0.23602729732460118,1046.5123374198424,15.926385868863195,1030.5859515509792
P4,P1,R_C_log,S03,"{""control_lambda"":0.001,""difference_penalty"":0.01,""n_knots"":5}",3604,270,ok,270,10.520331827379502,3.243506101023937,3.0356893160419802,-8.015848504066616,1.7064488001878504,-1.3211602851282522,3.027609085316103,0.5011117308185289,0.09061604862520592,0.08669836442267098,1.9453542523578118,0.18083002861894962,2840.489593392466,2474.9325288419245,365.5570645505414
P4,P2,R_C_log,S03,"{""control_lambda"":0.001,""difference_penalty"":0.01,""n_knots"":5}",1271,2603,ok,2603,10.868527387823766,3.296744968574877,2.961387434401681,-2.5394143028537255,2.9275269962016206,0.11842424921210205,2.8091027469895185,0.21899260439398097,0.17882674010963193,0.17212611923419843,2.830823171453131,0.8165880332100707,28290.776790505264,20540.424606903984,7750.352183601281
P4,P3,R_C_log,S03,"{""control_lambda"":0.001,""difference_penalty"":0.01,""n_knots"":5}",3367,509,ok,509,43.79217050786923,6.617565300612396,6.488380920755946,-30.663432499577585,1.780364889623482,8.26874581037943,-6.488380920755946,0.5032483760126756,0.028906272241128433,-0.034779185062436886,1.3054132973673802,0.05743937510570393,22290.214788505436,21428.435269170357,861.7795193350762
P4,P5,R_C_log,S03,"{""control_lambda"":0.001,""difference_penalty"":0.01,""n_knots"":5}",3380,494,ok,494,23.954413914613617,4.894324663793118,4.669025738817762,-11.216941582163633,1.7801483863340175,-2.888877352483745,4.669025738817762,0.3726002567221563,0.053625043201405105,0.05298313437978011,2.1959188267339576,0.1439211117919134,11833.480473819127,10769.101866772917,1064.3786070462063
P4,P1,R_C_log,S03,"{""control_lambda"":0.1,""difference_penalty"":0.01,""n_knots"":5}",3604,270,ok,270,2.1294876666624236,1.4592764188673863,1.171609537306871,-0.8249555725932849,1.7064488001878504,2.6090540723303723,-0.9026052721425221,0.3924385628366316,0.034707709299009445,0.022267027947573636,1.4757011141467713,0.0884411283339093,574.9616699988544,219.9679948708586,354.9936751279959
P4,P2,R_C_log,S03,"{""control_lambda"":0.1,""difference_penalty"":0.01,""n_knots"":5}",1271,2603,ok,2603,4.941109467511387,2.222860649593534,1.9446284541539312,-0.6091079220970297,2.9275269962016206,1.5206268385432062,1.4069001576584141,0.17094708555577506,0.18927044324163153,0.17081869179476677,1.2439082623666426,1.1071873066819744,12861.70794393214,5152.295043570962,7709.412900361178
P4,P3,R_C_log,S03,"{""control_lambda"":0.1,""difference_penalty"":0.01,""n_knots"":5}",3367,509,ok,509,1.7411398754979297,1.3195225937807695,1.0510767296906451,-0.2589114510833612,1.780364889623482,1.5241180887405141,0.25624680088296775,0.4029422687040932,-0.06089272874741089,-0.12891938921470525,2.010689967345356,-0.15112023105257394,886.2401966284463,33.42217328804246,852.8180233404039
P4,P5,R_C_log,S03,"{""control_lambda"":0.1,""difference_penalty"":0.01,""n_knots"":5}",3380,494,ok,494,2.0942472057947112,1.4471514108049341,1.1068067984611119,-0.06808272842755114,1.7801483863340175,1.842832986318825,-0.0626845999848077,0.3624817056444723,0.09009318519665402,0.08159704417986165,1.3221205991723493,0.24854546807120467,1034.5581196625874,1.9411033831761446,1032.6170162794112
P4,P1,R_C_log,S03,"{""control_lambda"":0.001,""difference_penalty"":1,""n_knots"":5}",3604,270,ok,270,10.83906378368534,3.292273345833444,3.0925461318303,-8.288999491945102,1.7064488001878504,-1.379138676976874,3.085587477164725,0.4818300453270079,0.10632437281345995,0.09859770952825639,2.0107802885922985,0.220667793228419,2926.5472215950417,2570.6295213936583,355.9177002013838
P4,P2,R_C_log,S03,"{""control_lambda"":0.001,""difference_penalty"":1,""n_knots"":5}",1271,2603,ok,2603,10.039379973517542,3.1684980627290185,2.833366170057898,-2.269396469466524,2.9275269962016206,0.2790837500606703,2.6484432461409506,0.19054492010960922,0.13422690702571322,0.13906524756419555,2.7309300543874167,0.7044370794482502,26132.506071066164,18258.096987761088,7874.409083305082
P4,P3,R_C_log,S03,"{""control_lambda"":0.001,""difference_penalty"":1,""n_knots"":5}",3367,509,ok,509,44.53871481230024,6.673733199064841,6.539840038824867,-31.203212896784613,1.780364889623482,8.320204928448348,-6.539840038824867,0.5359130809005038,0.007461756595450305,-0.05346131703190535,1.6645189694305513,0.013923445538802976,22670.205839460825,21769.67943630917,900.5264031516562
P4,P5,R_C_log,S03,"{""control_lambda"":0.001,""difference_penalty"":1,""n_knots"":5}",3380,494,ok,494,24.360678353549986,4.935653791905383,4.712779605130002,-11.424139676639582,1.7801483863340175,-2.9326312187959847,4.712779605130002,0.36470068948512324,0.04975621527784426,0.04828272821478078,2.1802480693341835,0.1364302747770755,12034.175106653693,10971.884053625474,1062.2910530282181
P4,P1,R_C_log,S03,"{""control_lambda"":0.1,""difference_penalty"":1,""n_knots"":5}",3604,270,ok,270,2.053358520349906,1.4329544725321548,1.1469898724520988,-0.7597134432422616,1.7064488001878504,2.5931435031907086,-0.8866947030028579,0.35885642768575327,0.059711605081098865,0.04052197878747634,1.2749649285467566,0.16639413557721683,554.4068004944746,212.28142400999815,342.12537648447636
P4,P2,R_C_log,S03,"{""control_lambda"":0.1,""difference_penalty"":1,""n_knots"":5}",1271,2603,ok,2603,5.192448383206173,2.2786944470916177,1.9983809528420562,-0.690958252075542,2.9275269962016206,1.4480764443556264,1.4794505518459942,0.12125626997378924,0.1506513577836308,0.15669333969750227,1.128406154336505,1.242421178023995,13515.94314148567,5697.378553735356,7818.564587750315
P4,P3,R_C_log,S03,"{""control_lambda"":0.1,""difference_penalty"":1,""n_knots"":5}",3367,509,ok,509,1.858703902910562,1.3633429146442073,1.0845227754434315,-0.34391478851075497,1.780364889623482,1.5237468115405044,0.2566180780829773,0.4616580957586723,-0.09008013053916433,-0.14293227380259904,2.0776829978798466,-0.1951230388175687,946.0802865814761,33.51909454149153,912.5611920399846
P4,P5,R_C_log,S03,"{""control_lambda"":0.1,""difference_penalty"":1,""n_knots"":5}",3380,494,ok,494,2.0770134662240927,1.4411847439603616,1.1004391545568262,-0.05929338420368668,1.7801483863340175,1.8680409474524609,-0.08789256111844324,0.3365667829995105,0.08605079547927066,0.08017622612776269,1.3025421053946162,0.25567227613010113,1026.0446523147018,3.8162005361798843,1022.2284517785217
P4,P1,R_C_log,S04,"{""control_lambda"":0.001}",3604,270,ok,270,9.413106699885583,3.0680786658567905,2.850754643677174,-7.066964555045059,1.7064488001878504,-1.1342048633400474,2.8406536635278976,0.4943468208523699,0.09381821454050118,0.09069946624342122,1.9217006653019866,0.18978217434216843,2541.5388089691073,2178.714573750906,362.82423521820067
P4,P2,R_C_log,S04,"{""control_lambda"":0.001}",1271,2603,ok,2603,17.045334296915982,4.128599556376954,3.8070037676206323,-4.550936005830658,2.9275269962016206,-0.8176088240415204,3.7451358202431413,0.3126699680830601,0.18311369418697943,0.18104411048159919,3.406355753206973,0.5856452901748969,44369.0051748723,36509.7881383137,7859.217036558611
P4,P3,R_C_log,S04,"{""control_lambda"":0.001}",3367,509,ok,509,42.59662828080803,6.526609248362279,6.4036892575938,-29.79900924382358,1.780364889623482,8.18405414721728,-6.4036892575938,0.46372846293283665,0.07100285808300796,0.02164593130667554,0.527279772778535,0.15311300417911064,21681.683794931287,20872.683178881514,809.000616049775
P4,P5,R_C_log,S04,"{""control_lambda"":0.001}",3380,494,ok,494,16.810315382497194,4.100038461099748,3.8390268386454434,-7.57339452084973,1.7801483863340175,-2.0478170202710477,3.827965406605066,0.3836034313956324,0.06134768334170157,0.05899888975877858,2.1076450138909455,0.1599247512424625,8304.295798953613,7238.7396621575535,1065.556136796062
P4,P1,R_C_log,S04,"{""control_lambda"":0.1}",3604,270,ok,270,2.1132843499252383,1.4537139849108003,1.166371517533182,-0.8110694470068587,1.7064488001878504,2.6096101948191626,-0.9031613946313118,0.3786817336562849,0.0414330233004781,0.02364778001601145,1.4209213231608027,0.10941384180438252,570.5867744798144,220.2391362831416,350.34763819667273
P4,P2,R_C_log,S04,"{""control_lambda"":0.1}",1271,2603,ok,2603,5.091158657135546,2.2563596027972905,1.9747877294236402,-0.6579725225103614,2.9275269962016206,1.463068501567693,1.4644584946339276,0.19389579086930994,0.20124238915374668,0.1929676042499764,1.4090236835148169,1.0378894160182601,13252.285984523827,5582.494490561737,7669.791493962093
P4,P3,R_C_log,S04,"{""control_lambda"":0.1}",3367,509,ok,509,1.6009728279321531,1.2652955496373774,1.0040825330853942,-0.15756525614044237,1.780364889623482,1.597207686461026,0.18315720316245582,0.3623538991579956,-0.0027727688041261334,-0.06810576645441732,1.7925868849077071,-0.007652101469224478,814.8951694174659,17.075199584779195,797.8199698326866
P4,P5,R_C_log,S04,"{""control_lambda"":0.1}",3380,494,ok,494,2.1039136451279052,1.45048738192647,1.1018393998124871,-0.07301268935509087,1.7801483863340175,1.898778390207766,-0.11863000387374843,0.3646230651898247,0.09203294897891941,0.08328574013977247,1.3008858508789711,0.25240572461044547,1039.3333406931852,6.952100442628271,1032.381240250557
P4,P1,R_C_log,G05,"{""max_leaf_nodes"":7,""min_samples_leaf"":20}",59129,270,ok,270,1.0093662463765316,1.0046722084224942,0.7659589941178573,0.13498040634370667,1.7064488001878504,1.8373633594613115,-0.1309145592734609,0.39200378820455273,0.3869032146413149,0.3958117057925565,-0.10700762964848454,0.9869884584876093,272.52888652166354,4.627427894036418,267.90145862762716
P4,P2,R_C_log,G05,"{""max_leaf_nodes"":7,""min_samples_leaf"":20}",56603,2603,ok,2603,4.551606672386784,2.1334494773457338,1.850332584180179,-0.48226352865969857,2.9275269962016206,1.6046405761744333,1.3228864200271868,0.23978271770845247,0.30265236847902544,0.26502266846724243,0.9021588813601182,1.2621942539120572,11847.832168222798,4555.324134200978,7292.508034021819
P4,P3,R_C_log,G05,"{""max_leaf_nodes"":7,""min_samples_leaf"":20}",58850,509,ok,509,1.1414416155356806,1.0683827102380872,0.759404703102973,0.17469357817675912,1.780364889623482,1.6826880033244078,0.09767688629907402,0.4868815642323937,0.4299254840409081,0.46011684105307016,0.29452006109804985,0.883018614021089,580.9937823076614,4.856254025594858,576.1375282820666
P4,P5,R_C_log,G05,"{""max_leaf_nodes"":7,""min_samples_leaf"":20}",58718,494,ok,494,1.7977782485650649,1.340812532968373,0.9709300449716459,0.08311879728333083,1.7801483863340175,1.828191511602088,-0.04804312526807043,0.39607996961330366,0.30445279846346374,0.30198407264307636,0.3748816105921968,0.7686649712700787,888.102454791142,1.140222091448613,886.9622326996935
P4,P1,R_C_log,G05,"{""max_leaf_nodes"":7,""min_samples_leaf"":50}",59129,270,ok,270,1.0053542872847563,1.002673569655028,0.764073459232933,0.1384186263513515,1.7064488001878504,1.8266717205961662,-0.12022292040831557,0.39658850702337106,0.3884223236643208,0.39641430909379943,-0.08260978754387538,0.9794089258401807,271.4456575668842,3.902458659706129,267.54319890717807
P4,P2,R_C_log,G05,"{""max_leaf_nodes"":7,""min_samples_leaf"":50}",56603,2603,ok,2603,4.48847695189799,2.1186025941402957,1.8363618176450753,-0.4617048800350909,2.9275269962016206,1.628502622898503,1.2990243733031177,0.24391551449403587,0.30199969285082384,0.26567519620194735,0.911225192102421,1.2381323651235325,11683.505505790468,4392.469631299757,7291.035874490713
P4,P3,R_C_log,G05,"{""max_leaf_nodes"":7,""min_samples_leaf"":50}",58850,509,ok,509,1.1435728326268846,1.0693796485004212,0.7621949275369779,0.17315262581640145,1.780364889623482,1.6942414865676534,0.08612340305582858,0.485367757703055,0.4265811141860025,0.45464698960823574,0.2913260946684595,0.8788822648722002,582.0785718070842,3.775375441943602,578.3031963651406
P4,P5,R_C_log,G05,"{""max_leaf_nodes"":7,""min_samples_leaf"":50}",58718,494,ok,494,1.7932600611787748,1.3391266038649128,0.9700244338826772,0.08542310877900461,1.7801483863340175,1.8096229897673726,-0.029474603433355156,0.3915005873722312,0.3054131934405195,0.30540784354692563,0.36844492009437757,0.7801091576655503,885.8704702223148,0.42916361029145444,885.4413066120233
P4,P1,R_C_log,G05,"{""max_leaf_nodes"":15,""min_samples_leaf"":20}",59129,270,ok,270,1.0243316862825589,1.0120927261286679,0.7658448364495023,0.12215513227408992,1.7064488001878504,1.8491465145439685,-0.14269771435611775,0.402709188617598,0.3746878206911887,0.3992378901688777,-0.014030139097296113,0.930417858051365,276.5695552962909,5.497912174264247,271.07164312202667
P4,P2,R_C_log,G05,"{""max_leaf_nodes"":15,""min_samples_leaf"":20}",56603,2603,ok,2603,4.4874406548851145,2.118358009139417,1.833794244775874,-0.46136740244143937,2.9275269962016206,1.623886152137566,1.3036408440640546,0.23656267278562573,0.3129027706085883,0.27632453555929326,0.7796036988637374,1.322705593930038,11680.808024665952,4423.745009162241,7257.06301550371
P4,P3,R_C_log,G05,"{""max_leaf_nodes"":15,""min_samples_leaf"":20}",58850,509,ok,509,1.1375716876917072,1.066570057563828,0.7552399794849415,0.17749168563854534,1.780364889623482,1.6739890047060293,0.10637588491745265,0.5047012317881151,0.4362945571399028,0.4643836122173668,0.333266595692822,0.8644610507371798,579.023989035079,5.759756906013305,573.2642321290657
P4,P5,R_C_log,G05,"{""max_leaf_nodes"":15,""min_samples_leaf"":20}",58718,494,ok,494,1.8235850626200247,1.3504018152461232,0.9817920937874678,0.0699571168992883,1.7801483863340175,1.6713905307362271,0.10875785559779061,0.40698896577992355,0.29685036675384135,0.28909088607426525,0.5610664608888007,0.7293818548249319,900.8510209342923,5.843165950189558,895.0078549841027
P4,P1,R_C_log,G05,"{""max_leaf_nodes"":15,""min_samples_leaf"":50}",59129,270,ok,270,1.0289900886628411,1.0143914868840536,0.7672337006427412,0.11816291503030463,1.7064488001878504,1.8498035040955052,-0.14335470390765462,0.40541880148088905,0.3701592153338829,0.4001463395950113,0.01752413488681115,0.9130292280027167,277.8273239389671,5.548654205761858,272.2786697332052
P4,P2,R_C_log,G05,"{""max_leaf_nodes"":15,""min_samples_leaf"":50}",56603,2603,ok,2603,4.568719196858937,2.137456244431436,1.8506685834954808,-0.48783634563051725,2.9275269962016206,1.5990875926965396,1.3284394035050808,0.23670959596530974,0.3018446593452476,0.26986342138858616,0.8884206063134967,1.2751686644316844,11892.376069423812,4593.647500587186,7298.728568836626
P4,P3,R_C_log,G05,"{""max_leaf_nodes"":15,""min_samples_leaf"":50}",58850,509,ok,509,1.1312201208449086,1.0635883230107919,0.7508336078668448,0.18208411405183955,1.780364889623482,1.67781109151863,0.10255379810485209,0.5138843888803748,0.441505609223037,0.4715861623438023,0.3388674941956149,0.8591535737930608,575.7910415100584,5.353296286416958,570.4377452236415
P4,P5,R_C_log,G05,"{""max_leaf_nodes"":15,""min_samples_leaf"":50}",58718,494,ok,494,1.8303423357723583,1.352901450872294,0.9809905798342292,0.0665108538577025,1.7801483863340175,1.6867776728560253,0.093370713477992,0.41080725173674465,0.291766693770776,0.29038396948246037,0.5821521419762254,0.7102277102881992,904.189113871545,4.306736526882303,899.8823773446627
P4,P1,R_C_log,S05,"{""max_leaf_nodes"":7,""min_samples_leaf"":20}",3604,270,ok,270,1.0322435218205308,1.015993859145089,0.7788643096574078,0.11537474627772804,1.7064488001878504,1.747431959957076,-0.04098315976922555,0.42799889610437786,0.3504649495293101,0.26161536988090484,0.2755720871252345,0.8188454519841585,278.7057508915433,0.45349723386086427,278.2522536576824
P4,P2,R_C_log,S05,"{""max_leaf_nodes"":7,""min_samples_leaf"":20}",1271,2603,ok,2603,6.423841721004946,2.5345298816555597,2.2119100436948185,-1.0919703705274473,2.9275269962016206,1.1006202548851456,1.8269067413164746,0.28382068591407283,0.1329950367843048,0.11762060753800084,2.4117892838055734,0.4685882438624272,16721.259999775873,8687.74219254011,8033.5178072357585
P4,P3,R_C_log,S05,"{""max_leaf_nodes"":7,""min_samples_leaf"":20}",3367,509,ok,509,1.2736228803940064,1.1285490155035387,0.8622719280763667,0.07912141290127217,1.780364889623482,1.7948934711928273,-0.01452858156934533,0.30729665386635124,0.2826344884738806,0.2570467965533824,0.12952101705620667,0.9197447642785055,648.2740461205492,0.10743955835031449,648.1666065621989
P4,P5,R_C_log,S05,"{""max_leaf_nodes"":7,""min_samples_leaf"":20}",3380,494,ok,494,1.8682030260705216,1.3668222364559781,1.0415234801301376,0.04720160073709612,1.7801483863340175,1.6329365342355857,0.14721185209843196,0.2751461089027736,0.24343344857637017,0.20883173706293487,0.3354200802696188,0.8847424720892221,922.8922948788377,10.705636722735798,912.1866581561019
P4,P1,R_C_log,S05,"{""max_leaf_nodes"":7,""min_samples_leaf"":50}",3604,270,ok,270,1.0669046993736413,1.0329107896491552,0.7888403303703925,0.08567036708903075,1.7064488001878504,1.7781811701607675,-0.07173236997291713,0.43773617355886024,0.3217611729783036,0.2860116220832229,0.39938373762471113,0.7350573071499604,288.0642688308832,1.3892938835214947,286.67497494736165
P4,P2,R_C_log,S05,"{""max_leaf_nodes"":7,""min_samples_leaf"":50}",1271,2603,ok,2603,5.980876433356338,2.4455830456879477,2.136922158503658,-0.9477155309502219,2.9275269962016206,1.1894283490586512,1.7380986471429691,0.24675739121729945,0.19650849257799816,0.1873043777963905,1.9803100931941522,0.7963631468487562,15568.221356026546,7863.6289194421715,7704.592436584376
P4,P3,R_C_log,S05,"{""max_leaf_nodes"":7,""min_samples_leaf"":50}",3367,509,ok,509,1.214908166441522,1.1022287269172049,0.8348372959468511,0.12157442129080642,1.780364889623482,1.7482769788879517,0.032087910735530134,0.3555594133640229,0.3497887745019153,0.30918891571781687,0.06046200152572534,0.9837702542944635,618.3882567187347,0.5240837138240172,617.8641730049106
P4,P5,R_C_log,S05,"{""max_leaf_nodes"":7,""min_samples_leaf"":50}",3380,494,ok,494,1.8685986160813906,1.366966940376171,1.0357076798201674,0.04699984668581769,1.7801483863340175,1.7165689934751784,0.06357939285883879,0.28066723735306587,0.2277351128504502,0.18694661821317782,0.38731380709564633,0.8114061156485124,923.0877163442069,1.996915562971489,921.0908007812354
P4,P1,R_C_log,S05,"{""max_leaf_nodes"":15,""min_samples_leaf"":20}",3604,270,ok,270,1.085654008876791,1.0419472198133604,0.7955172051330377,0.06960234406371912,1.7064488001878504,1.8562537412337023,-0.14980494104585187,0.5318930380755411,0.3494544415030331,0.3081631330562366,0.4868875952175149,0.6570013451715881,293.12658239673357,6.0592104976728125,287.06737189906073
P4,P2,R_C_log,S05,"{""max_leaf_nodes"":15,""min_samples_leaf"":20}",1271,2603,ok,2603,6.275143257154397,2.5050236041112264,2.18076801862287,-1.043545643700643,2.9275269962016206,1.16526598031463,1.7622610158869907,0.30504788341931244,0.09975128690922692,0.0873409135862267,2.546482617774809,0.3270020620733531,16334.197898372895,8083.782800763471,8250.415097609424
P4,P3,R_C_log,S05,"{""max_leaf_nodes"":15,""min_samples_leaf"":20}",3367,509,ok,509,1.2933756578885287,1.137266748783472,0.8619021134899386,0.06483939103244063,1.780364889623482,1.7647226176067858,0.015642272016696115,0.32997823912152313,0.263505168366413,0.284707282964204,0.3711400519176242,0.7985531684389962,658.3282098652611,0.12454246298675602,658.2036674022743
P4,P5,R_C_log,S05,"{""max_leaf_nodes"":15,""min_samples_leaf"":20}",3380,494,ok,494,1.9558316763450756,1.3985105206415416,1.0817608396689649,0.0025102922732738175,1.7801483863340175,1.4701750417843744,0.3099733445496431,0.27326870135125414,0.2308888847370551,0.18770145464297328,0.5379751184575443,0.8449152193257397,966.1808481144674,47.465236319658125,918.7156117948091
P4,P1,R_C_log,S05,"{""max_leaf_nodes"":15,""min_samples_leaf"":50}",3604,270,ok,270,1.0804775510133933,1.0394602209865431,0.8005396796687522,0.07403853112034964,1.7064488001878504,1.8859128420243023,-0.17946404183645168,0.4815313505126182,0.34630396585396295,0.3052611427683427,0.3501526924626279,0.7191722106677001,291.72893877361616,8.695982424314433,283.0329563493016
P4,P2,R_C_log,S05,"{""max_leaf_nodes"":15,""min_samples_leaf"":50}",1271,2603,ok,2603,5.880923797517183,2.4250616069529416,2.112549954317867,-0.9151652344589631,2.9275269962016206,1.2418694816605107,1.6856575145411101,0.27083369615683855,0.1541933090520463,0.14297253992633455,2.2204954580096596,0.5693283784110591,15308.044644937228,7396.27159022416,7911.773054713069
P4,P3,R_C_log,S05,"{""max_leaf_nodes"":15,""min_samples_leaf"":50}",3367,509,ok,509,1.277868889691596,1.1304286309588925,0.8710590312303177,0.07605138400734801,1.780364889623482,1.8463632353111654,-0.06599834568768352,0.39514962701138606,0.2977910064747982,0.28977334753680273,0.3889163633528665,0.7536158106160061,650.4352648530223,2.217092851457086,648.2181720015651
P4,P5,R_C_log,S05,"{""max_leaf_nodes"":15,""min_samples_leaf"":50}",3380,494,ok,494,1.8708156747751268,1.3677776408375475,1.0209765255670171,0.045869129121941854,1.7801483863340175,1.7740048053535957,0.006143580980421813,0.2936083171319465,0.2249497286571661,0.21411834412571623,0.4209842335642471,0.7661558461781399,924.1829433389127,0.01864533210792232,924.1642980068046
P5,P1,E_log,B00,{},3687,270,ok,270,4.314860657364823,2.0772242674696497,1.850169620181479,-0.08731486883511752,2.2553727869836906,2.8440128637777122,-0.5886400767940213,2.2292793696323624e-16,,,,,1165.0123774885024,93.55422780217926,1071.4581496863234
P5,P2,E_log,B00,{},1354,2603,ok,2603,6.031336067369937,2.4558778608411975,2.0241234094576415,-0.1479025887320886,3.1054919247043675,2.223951699577955,0.881540225126413,1.9373851864155306e-16,,,,,15699.567783363946,2022.8255776469575,13676.742205716988
P5,P3,E_log,B00,{},3449,509,ok,509,4.5076716911541785,2.123127808483083,1.8968126525376254,-0.14776699786043435,2.139311737452243,2.90110652562216,-0.7617947881699165,2.240892117879097e-16,,,,,2294.404890797477,295.3886313349696,1999.0162594625074
P5,P4,E_log,B00,{},3380,576,ok,576,5.177858798420913,2.275490891746419,2.02734879889002,-0.07840540114564076,2.2801567263537543,2.8937167632170695,-0.6135600368633151,0.0,,,,,2982.446667890446,216.83860924937042,2765.6080586410753
P5,P1,E_log,B01,"{""lambda"":0}",3687,270,ok,270,34.33289273559516,5.859427679867306,5.517986512489845,-7.651650128681659,2.2553727869836906,7.767320333045956,-5.511947546062267,0.31344044257765863,0.16356855200930034,0.20329858169723578,-1.797994830227816,0.5218489058532207,9269.881038610692,8203.022752646297,1066.8582859643939
P5,P2,E_log,B01,"{""lambda"":0}",1354,2603,ok,2603,106.41326600845606,10.315680588718132,10.066149721612554,-19.252902866314578,3.1054919247043675,-6.960657796908184,10.066149721612554,0.22750104353174172,0.18416017107075514,0.18100337454687543,8.740085554446315,0.8094915443544354,276993.73142001114,263755.1446772471,13238.586742764099
P5,P3,E_log,B01,"{""lambda"":0}",3449,509,ok,509,4.125467148442629,2.031124601899802,1.6158253706873018,-0.05044807345484359,2.139311737452243,1.9192995423248804,0.22001219512736245,0.29970660693696904,0.08625302821427464,0.11177692311368154,1.5869535519998683,0.2877915475263927,2099.8627785572985,24.63833129642315,2075.2244472608754
P5,P4,E_log,B01,"{""lambda"":0}",3380,576,ok,576,5.215453549242438,2.283736751300911,1.9866084867810783,-0.08623535246702896,2.2801567263537543,3.0120593984908,-0.7319026721370454,0.3890743053506199,0.2270918043793233,0.22314788795070203,0.522101788532646,0.5836720679220291,3004.1012443636446,308.5525563732561,2695.5486879903883
P5,P1,E_log,B01,"{""lambda"":0.001}",3687,270,ok,270,7.462090320725241,2.731682690344038,2.420612833555506,-0.8803948499394503,2.2553727869836906,4.126957063818378,-1.8715842768346875,0.31836536134734195,0.16278446066045527,0.20262427223977503,0.14520452948415308,0.5113133538508757,2014.764386595815,945.7634804296015,1069.0009061662136
P5,P2,E_log,B01,"{""lambda"":0.001}",1354,2603,ok,2603,28.34771687651347,5.324257401414161,4.820174258029837,-4.395225406728813,3.1054919247043675,-1.7146823333254702,4.820174258029837,0.21655869110035358,0.17005646576694883,0.16919294722335473,4.4519759472884814,0.78526733285502,73789.10702956456,60478.309921844404,13310.797107720144
P5,P3,E_log,B01,"{""lambda"":0.001}",3449,509,ok,509,4.151893265328176,2.037619509459059,1.6057311265877832,-0.05717682987744488,2.139311737452243,1.858243305789983,0.2810684316622599,0.29810076588695084,0.08688755644746843,0.11192484642635923,1.597688774342556,0.291470423395084,2113.3136720520415,40.21072680803498,2073.1029452440066
P5,P4,E_log,B01,"{""lambda"":0.001}",3380,576,ok,576,5.229175364162805,2.286739024060858,1.990241616687996,-0.08909322864707403,2.2801567263537543,3.0221955035881005,-0.7420387772343463,0.38790719535068097,0.22693323430760282,0.2227065719296808,0.5121137290612623,0.5850193990406589,3012.005009757776,317.15801102559965,2694.846998732176
P5,P1,E_log,B01,"{""lambda"":0.1}",3687,270,ok,270,3.953297474364938,1.9882900880819525,1.717740154303461,0.003796538025289231,2.2553727869836906,2.4908076864332642,-0.235434899449574,0.2398945968230055,0.1569727458616095,0.1999740289250784,0.6255364874979452,0.6543404809464054,1067.3903180785333,14.965989807284375,1052.4243282712491
P5,P2,E_log,B01,"{""lambda"":0.1}",1354,2603,ok,2603,5.668879241512757,2.380940831165856,1.9812707701818744,-0.07891868134280844,3.1054919247043675,2.3642530542836013,0.7412388704207662,0.14885295712612345,0.16059038360164057,0.15849603418820307,0.5548116275232133,1.0788524910900634,14756.092665657707,1430.179469047967,13325.91319660974
P5,P3,E_log,B01,"{""lambda"":0.1}",3449,509,ok,509,4.212915845247715,2.0525388778894578,1.5667937305510948,-0.07271471909271177,2.139311737452243,1.6129649172371765,0.5263468202150666,0.24092269674717573,0.1159514088412149,0.13711343764010284,1.3630230893081088,0.4812805535000894,2144.374165231087,141.01385635161046,2003.3603088794764
P5,P4,E_log,B01,"{""lambda"":0.1}",3380,576,ok,576,5.088995534017441,2.2558802126924737,1.9788347445770837,-0.05989763026448758,2.2801567263537543,2.9545088142313785,-0.6743520878776237,0.31922246947511546,0.21414127110356967,0.20527030416962172,0.29820892046621217,0.670821422613745,2931.261427594046,261.93642533274834,2669.3250022612974
P5,P1,E_log,G02,"{""lambda"":0}",59108,270,ok,270,3.7970603989933505,1.9486047313381312,1.6471750089279558,0.04316719413787584,2.2553727869836906,2.182463484769859,0.07290930221383149,0.17170345673112034,0.21545520614487224,0.2448377138188018,-0.4832041116229209,1.254809951102295,1025.2063077282046,1.4352569143131095,1023.7710508138916
P5,P2,E_log,G02,"{""lambda"":0}",56582,2603,ok,2603,5.175583670791685,2.27499091663938,1.906245093938333,0.014966861813090704,3.1054919247043675,2.8892846843261992,0.21620724037816846,0.39901325552734324,0.22940992485229164,0.25528820194858903,1.4443175824331036,0.5749431169876779,13472.044295070757,121.67872077142795,13350.365574299329
P5,P3,E_log,G02,"{""lambda"":0}",58824,509,ok,509,3.79185511319287,1.9472686289243377,1.6616036180067033,0.034497971950402606,2.139311737452243,2.265427383834821,-0.1261156463825778,0.16503983417540627,0.19930331793972902,0.21868996916758915,-0.5964350378985657,1.2076073569481844,1930.054252615171,8.095724537610163,1921.958528077561
P5,P4,E_log,G02,"{""lambda"":0}",58718,576,ok,576,4.31941948464079,2.0783213140996244,1.8362764521911439,0.10038386843014735,2.2801567263537543,2.662872446938931,-0.38271572058517633,0.27839386304619285,0.3742772060008233,0.37065913280651236,-1.2998520011069798,1.3444161516546107,2487.985623153095,84.36748192302572,2403.6181412300693
P5,P1,E_log,G02,"{""lambda"":0.001}",59108,270,ok,270,3.797228540522984,1.9486478749437992,1.6481147639321985,0.043124823642103904,2.2553727869836906,2.186016258599733,0.06935652838395727,0.1711731056562439,0.21509577880131422,0.24440177785593173,-0.49157082786269424,1.2565979800195801,1025.2517059412057,1.298788567958161,1023.9529173732475
P5,P2,E_log,G02,"{""lambda"":0.001}",56582,2603,ok,2603,5.165713818385741,2.272820674489244,1.9052010735318132,0.016845322737939816,3.1054919247043675,2.8752763237625456,0.23021560094182217,0.3909689586515238,0.22992749410221605,0.2555639794551195,1.4145518504479695,0.5880965458108242,13446.353069258083,137.95697725296222,13308.396092005118
P5,P3,E_log,G02,"{""lambda"":0.001}",58824,509,ok,509,3.792163619981314,1.9473478425749504,1.6617539612364838,0.03441941833455564,2.139311737452243,2.264998950196597,-0.12568721274435396,0.1641250553259837,0.19917384668498442,0.21835921616352919,-0.6093761624669995,1.2135493041533916,1930.2112825704887,8.040813202749247,1922.1704693677393
P5,P4,E_log,G02,"{""lambda"":0.001}",58718,576,ok,576,4.320938355737143,2.078686690133254,1.8367608982536905,0.10006752940706498,2.2801567263537543,2.6616820159351953,-0.3815252895814407,0.2763295195854237,0.3740859732055607,0.3703210042412117,-1.3231423666591784,1.3537676820297768,2488.860492904594,83.84345083595647,2405.0170420686377
P5,P1,E_log,G02,"{""lambda"":0.1}",59108,270,ok,270,3.8328845416571546,1.9577754063367827,1.6779169073303428,0.034139759401335845,2.2553727869836906,2.2806339070260937,-0.025261120042403343,0.1446908145231898,0.19087595244515007,0.22164344719858012,-0.7532367824409141,1.319198824570568,1034.8788262474318,0.1722935301651122,1034.7065327172668
P5,P2,E_log,G02,"{""lambda"":0.1}",56582,2603,ok,2603,5.333379841100977,2.309411145963615,1.931863963628399,-0.01506539478259139,3.1054919247043675,2.4891251376613357,0.6163667870430319,0.17139868552269039,0.25267809497189225,0.2633618411381874,-0.5640076167472086,1.4742125600399762,13882.787726385843,988.90056608986,12893.887160295984
P5,P3,E_log,G02,"{""lambda"":0.1}",58824,509,ok,509,3.8159747616393114,1.953452011603897,1.669447890827308,0.02835650061362649,2.139311737452243,2.2517989493629758,-0.1124872119107327,0.1331950922972947,0.18513933398323068,0.210952156772678,-0.9906576222196333,1.389986153318586,1942.3311536744095,6.440566777316094,1935.8905868970933
P5,P4,E_log,G02,"{""lambda"":0.1}",58718,576,ok,576,4.41018053539059,2.100042984176893,1.8534093798733187,0.08148084091381425,2.2801567263537543,2.595234324094605,-0.3150775977408506,0.2014600515362513,0.35427125685505,0.3386852728919582,-2.2836112207864745,1.7585186450292434,2540.2639883849797,57.18176213653167,2483.082226248448
P5,P1,E_log,P00,"{""lambda"":0}",59108,270,ok,270,3.79530207693316,1.9481535044583012,1.6767570062315291,0.04361027906507575,2.2553727869836906,2.3128201750516686,-0.0574473880679782,0.1667260244596465,0.21664126694328403,0.2438839106659974,-0.749870662916079,1.2993848299652748,1024.7315607719531,0.8910546468748787,1023.840506125078
P5,P2,E_log,P00,"{""lambda"":0}",56582,2603,ok,2603,5.276570233856328,2.297078630316413,1.9033985444050698,-0.004253214116057391,3.1054919247043675,2.7232110206198334,0.3822809040845339,0.4013382101847609,0.23002134965629123,0.25558138900346095,1.544721834875414,0.5731359332827997,13734.91231872802,380.39900910087346,13354.513309627146
P5,P3,E_log,P00,"{""lambda"":0}",58824,509,ok,509,3.8810975372733103,1.970050135725817,1.7164993123085233,0.011774598069913322,2.139311737452243,2.4617780784158554,-0.32246634096361265,0.1619407788820393,0.19907432634073807,0.2154248552445388,-0.8869600635375132,1.2293032534180133,1975.4786464721149,52.928131396720595,1922.5505150753943
P5,P4,E_log,P00,"{""lambda"":0}",58718,576,ok,576,4.541429292612811,2.1310629490028705,1.9050600250868865,0.05414533907949193,2.2801567263537543,2.869338801409013,-0.5891820750552583,0.2614866335400172,0.3725226122290623,0.3708499232698581,-1.8075993902796852,1.4246334781469907,2615.8632725449793,199.95005811825797,2415.9132144267214
P5,P1,E_log,P00,"{""lambda"":0.001}",59108,270,ok,270,3.7968694851684885,1.9485557434080474,1.678599537899,0.04321530309362731,2.2553727869836906,2.320054816712691,-0.06468202972900053,0.16605055713068384,0.21632679686844866,0.24349775178824937,-0.7671405711839574,1.302776700099818,1025.1547609954919,1.1296165418630932,1024.0251444536289
P5,P2,E_log,P00,"{""lambda"":0.001}",56582,2603,ok,2603,5.270328139479182,2.295719525438415,1.9028559317601599,-0.003065199352064951,3.1054919247043675,2.710182995739511,0.3953089289648569,0.39325911491639015,0.23054667324821096,0.2558771231556269,1.5166573628037319,0.5862462292761527,13718.664147064312,406.768595678248,13311.895551386064
P5,P3,E_log,P00,"{""lambda"":0.001}",58824,509,ok,509,3.884078160507393,1.9708064746462024,1.7179325763923714,0.011015656155875964,2.139311737452243,2.465706720951905,-0.32639498349966184,0.16097448963030694,0.19895887872075174,0.21568046450373804,-0.9082161384333216,1.2359652711288565,1976.995783698263,54.225645794155966,1922.770137904107
P5,P4,E_log,P00,"{""lambda"":0.001}",58718,576,ok,576,4.547156023437293,2.1324061581784304,1.9066997781177666,0.05295261875001667,2.2801567263537543,2.8716253431803613,-0.5914686168266069,0.2592633068763307,0.37226845975641276,0.37051014421310946,-1.843124567798513,1.435870213342553,2619.161869499881,201.50503182188902,2417.6568376779924
P5,P1,E_log,P00,"{""lambda"":0.1}",59108,270,ok,270,3.897274133098839,1.9741514969978466,1.7349927108780139,0.017914030291576122,2.2553727869836906,2.509408205226366,-0.25403541824267545,0.13535917417057683,0.19392203788617937,0.22403831242438974,-1.3397256319277324,1.4326479093452713,1052.2640159366865,17.424178304867382,1034.8398376318191
P5,P2,E_log,P00,"{""lambda"":0.1}",56582,2603,ok,2603,5.482194526838588,2.341408662928919,1.9394602202214393,-0.043388267375238376,3.1054919247043675,2.3766572734156415,0.728834651288726,0.1725599899006341,0.2535011296027271,0.2639879355514093,-0.385962286879288,1.4690608741267395,14270.152353360843,1382.7134670365706,12887.438886324271
P5,P3,E_log,P00,"{""lambda"":0.1}",58824,509,ok,509,3.984193656311324,1.9960445025878866,1.7586690370547855,-0.014476276249867803,2.139311737452243,2.5642834664689396,-0.4249717290166967,0.12780122702836041,0.18717521109981575,0.21176659258603886,-1.6162883480585228,1.4645807043642833,2027.9545710624639,91.92589396589132,1936.0286770965727
P5,P4,E_log,P00,"{""lambda"":0.1}",58718,576,ok,576,4.720932832692473,2.172770773158658,1.9471547799823083,0.01675969480396522,2.2801567263537543,2.890943367498755,-0.6107866411450007,0.18252208341882895,0.3500184606981055,0.3423797392972235,-3.263739817580426,1.9176773250770254,2719.2573116308645,214.88274489668652,2504.3745667341777
P5,P1,E_log,P02,"{""lambda"":0}",59108,270,ok,270,3.865714237971664,1.9661419679086412,1.6934736748368147,0.025866904313610384,2.2553727869836906,2.3293427687562356,-0.0739699817725452,0.23493551003578952,0.17545323987117403,0.19896210097722472,0.515785887214842,0.7468144762128375,1043.7428442523492,1.4773207149262806,1042.2655235374227
P5,P2,E_log,P02,"{""lambda"":0}",56582,2603,ok,2603,5.419812507855934,2.328049077630438,1.918018521638365,-0.03151552802185842,3.1054919247043675,2.8713918475604334,0.23410007714393416,0.49211825703981726,0.22463614729957057,0.2528472885875529,1.7947939516129456,0.4564678186312347,14107.771957948995,142.6518084472258,13965.120149501769
P5,P3,E_log,P02,"{""lambda"":0}",58824,509,ok,509,3.90588301507661,1.9763306947665944,1.6542795288720948,0.005463589771625754,2.139311737452243,2.138834284220503,0.00047745323174027245,0.22752981822312981,0.12577135261657074,0.13869405224128475,0.9570311772607634,0.5527686595048018,1988.0944546739945,0.00011603244854610823,1988.0943386415458
P5,P4,E_log,P02,"{""lambda"":0}",58718,576,ok,576,4.634183092348689,2.152715283624077,1.9162341995632666,0.03482727682517617,2.2801567263537543,2.886706166873707,-0.6065494405199525,0.3163070363308104,0.3343291419140635,0.30811823475528993,-0.7710241987508004,1.056976619275724,2669.289461192845,211.91168090595883,2457.3777802868863
P5,P1,E_log,P02,"{""lambda"":0.001}",59108,270,ok,270,3.845726091703851,1.9610522919350852,1.690602544746335,0.030903778123277492,2.2553727869836906,2.331492197922629,-0.07611941093893856,0.21857023097666223,0.1833205117560658,0.2092137071168316,0.2998899155578576,0.8387258911559635,1038.3460447600398,1.5644244748565699,1036.7816202851832
P5,P2,E_log,P02,"{""lambda"":0.001}",56582,2603,ok,2603,5.402413427073251,2.324309236541741,1.9164638418333186,-0.028204080997698444,3.1054919247043675,2.864916310645726,0.24057561405864136,0.48571811456005265,0.2251648211773644,0.2529381311865669,1.7773998699969777,0.46357097754386056,14062.48215067167,150.65285768543922,13911.829292986233
P5,P3,E_log,P02,"{""lambda"":0.001}",58824,509,ok,509,3.8580255822522402,1.9641857300805952,1.6680093458287342,0.01764930021409805,2.139311737452243,2.2316909022182054,-0.09237916476596261,0.19717989049979784,0.1488543233487828,0.16368701939376237,0.45457178587150104,0.7549163506049079,1963.7350213663904,4.343760232174145,1959.3912611342162
P5,P4,E_log,P02,"{""lambda"":0.001}",58718,576,ok,576,4.607949019723296,2.1466133838498482,1.9146745186245495,0.04029111172579147,2.2801567263537543,2.8864442665146157,-0.6062875401608612,0.29856381791185377,0.34496680203496727,0.31811291267958314,-1.0549005985284143,1.1554206549462511,2654.178635360619,211.7287188600813,2442.449916500538
P5,P1,E_log,P02,"{""lambda"":0.1}",59108,270,ok,270,3.871916865228707,1.9677186956546169,1.7139546927609302,0.024303885394120206,2.2553727869836906,2.4211838216417925,-0.1658110346581019,0.1717976790375196,0.1767964747803233,0.1990168248534148,-0.23626020165484984,1.0290969922923807,1045.417553611751,7.423190787885374,1037.9943628238657
P5,P2,E_log,P02,"{""lambda"":0.1}",56582,2603,ok,2603,5.147225325121246,2.268749727299432,1.902356392302028,0.020364110124848622,3.1054919247043675,2.6735494526159895,0.4319424720883778,0.2948206994779101,0.24216880729408843,0.25567265139362066,0.9094104306697592,0.8214104631151696,13398.227521290602,485.65290080151107,12912.57462048909
P5,P3,E_log,P02,"{""lambda"":0.1}",58824,509,ok,509,3.8773055124434745,1.9690874821712403,1.7088887268445145,0.012740143312104157,2.139311737452243,2.3886799949911,-0.2493682575388563,0.14816526713694184,0.17050838286099051,0.19489499078650918,-0.6095778706763153,1.15079860587973,1973.5485058337285,31.65192468479437,1941.8965811489343
P5,P4,E_log,P02,"{""lambda"":0.1}",58718,576,ok,576,4.604732121048343,2.145863956789513,1.9182206226256642,0.04096110313364254,2.2801567263537543,2.8635265664682894,-0.5833698401145345,0.23901673206085167,0.3534678542597298,0.3233280212922064,-1.9545450969796412,1.4788414652482988,2652.3257017238457,196.02453332462838,2456.301168399218
P5,P1,E_log,S01,"{""lambda"":0}",3687,270,ok,270,34.52494783644501,5.875793379318661,5.538550701428501,-7.700046678042584,2.2553727869836906,7.789251187231632,-5.533878400247943,0.2825237429604594,0.17124243387160626,0.21186147703599423,-2.465824509080455,0.6061169658777047,9321.735915840152,8268.428740157296,1053.3071756828567
P5,P2,E_log,S01,"{""lambda"":0}",1354,2603,ok,2603,793.6963033978167,28.17261619725468,28.082355446782415,-150.0587424014555,3.1054919247043675,-24.97686352207805,28.082355446782415,0.3565136368844653,0.22539720417110098,0.22005657660920913,18.896515393082836,0.6322260380860131,2065991.477744517,2052774.4434048363,13217.034339679964
P5,P3,E_log,S01,"{""lambda"":0}",3449,509,ok,509,4.242238376841231,2.0596694824270303,1.594683753270854,-0.08018097581296102,2.139311737452243,1.7316753950078294,0.4076363424444138,0.2693263536546409,0.06435708924859447,0.09256015039959065,1.7255178905678,0.23895578124939068,2159.2993338121864,84.57920032986284,2074.720133482323
P5,P4,E_log,S01,"{""lambda"":0}",3380,576,ok,576,5.372476165656815,2.31786025585168,2.0331479730440827,-0.11893883941706429,2.2801567263537543,3.172699891124043,-0.8925431647702889,0.3777701596880362,0.2510630185795865,0.2564623912841208,0.1716058223582686,0.6645919804436516,3094.5462714183254,458.860781363422,2635.6854900549033
P5,P1,E_log,S01,"{""lambda"":0.001}",3687,270,ok,270,7.489303982221073,2.7366592740458344,2.4238723915580658,-0.8872525033214567,2.2553727869836906,4.147641697069958,-1.8922689100862684,0.28783980264263703,0.1700704847286198,0.2097124054913773,-0.19526617060721208,0.5908511719616767,2022.1120751996898,966.78403958135,1055.32803561834
P5,P2,E_log,S01,"{""lambda"":0.001}",1354,2603,ok,2603,147.19847311082347,12.13253778526255,11.926090202519228,-27.015269992243514,3.1054919247043675,-8.820598277814861,11.926090202519228,0.26903631402579337,0.2361671492806644,0.2365137175548637,10.848444982044269,0.8778262894949653,383157.6255074735,370228.9264309812,12928.699076492318
P5,P3,E_log,S01,"{""lambda"":0.001}",3449,509,ok,509,4.263112436773545,2.064730596657478,1.5910901957098955,-0.0854960383869916,2.139311737452243,1.703559226825239,0.43575251062700415,0.26790318180293843,0.06462107140832596,0.0931334401544904,1.7283952947876609,0.24121054096273956,2169.9242303177343,96.64904751352832,2073.2751828042065
P5,P4,E_log,S01,"{""lambda"":0.001}",3380,576,ok,576,5.335238344927571,2.309813487043396,2.0255712043270893,-0.11118322680484782,2.2801567263537543,3.152920797254347,-0.8727640709005925,0.3768357955235403,0.25139157834256076,0.2565450428174018,0.17680628824140232,0.6671117269878803,3073.0972866782813,438.74906311006526,2634.348223568216
P5,P1,E_log,S01,"{""lambda"":0.1}",3687,270,ok,270,3.8982211904403914,1.974391346830813,1.6944553788072432,0.01767537842981748,2.2553727869836906,2.3644573426417255,-0.10908455565803518,0.23132577531363066,0.16034868752783388,0.19811743640235877,0.6163957594816021,0.6931725931121755,1052.5197214189056,3.212848876439963,1049.306872542466
P5,P2,E_log,S01,"{""lambda"":0.1}",1354,2603,ok,2603,5.846982633859668,2.4180534803555664,1.96794519345773,-0.1128158714269516,3.1054919247043675,2.1724199956234678,0.9330719290808995,0.19095963760157422,0.23394845527360705,0.2339275670460825,0.44401692105984436,1.2251199165015512,15219.695795936717,2266.2322542552693,12953.463541681449
P5,P3,E_log,S01,"{""lambda"":0.1}",3449,509,ok,509,4.1983761320932915,2.0489939316877663,1.5725898568715506,-0.06901254110362842,2.139311737452243,1.6552084142940278,0.4841033231582153,0.21026940768914343,0.08292609809849442,0.10168221163181573,1.4865302565621592,0.39438023348165824,2136.9734512354853,119.28721799384917,2017.6862332416363
P5,P4,E_log,S01,"{""lambda"":0.1}",3380,576,ok,576,4.906583656666796,2.2150809593933123,1.9535495841390487,-0.021906259424470997,2.2801567263537543,2.930882944209941,-0.6507262178561861,0.3159843757038368,0.26287964012934123,0.2627887567445557,-0.15815830716319557,0.8319387297039359,2826.1921862400745,243.90409570871998,2582.288090531354
P5,P1,E_log,S02,"{""lambda"":0}",3687,270,ok,270,29.695388433860323,5.449347523682108,5.09030086243403,-6.483031305972649,2.2553727869836906,7.336078565203168,-5.080705778219477,0.27169310676702635,0.17598202617732128,0.21887293502604208,-2.496378133246693,0.6477235593916771,8017.754877142287,6969.664225304851,1048.090651837435
P5,P2,E_log,S02,"{""lambda"":0}",1354,2603,ok,2603,21.58887968917953,4.6463835064681795,4.087522511561821,-3.1088625482349155,3.1054919247043675,-0.9067439173357513,4.012235842040119,0.542915807014416,0.22998340953981142,0.2570597988038062,3.4895957857341933,0.42360787173342457,56195.85383093432,41903.188884950054,14292.664945984274
P5,P3,E_log,S02,"{""lambda"":0}",3449,509,ok,509,4.211463264793097,2.052184997701985,1.5935563121960528,-0.07234485544207825,2.139311737452243,1.7470441881193326,0.3922675493329107,0.2644497836563209,0.06951980350106576,0.09776022734190765,1.680040540529742,0.26288470551904,2143.6348017796863,78.32177960216059,2065.3130221775255
P5,P4,E_log,S02,"{""lambda"":0}",3380,576,ok,576,5.125360762519925,2.263925962243449,1.982674135085068,-0.06747150594509388,2.2801567263537543,3.034351080325175,-0.7541943539714203,0.36724424642374626,0.25305244277144334,0.2560374849569192,0.18931402267673914,0.689057610121025,2952.207799211477,327.634055171924,2624.5737440395533
P5,P1,E_log,S02,"{""lambda"":0.001}",3687,270,ok,270,6.818204852739796,2.611169250113787,2.3244584289656753,-0.7181401912698926,2.2553727869836906,3.968133033061927,-1.7127602460782365,0.2745281669564485,0.1756816561854324,0.21836156049938452,-0.28399572642293514,0.6399403679889167,1840.915310239745,792.057868347415,1048.8574418923301
P5,P2,E_log,S02,"{""lambda"":0.001}",1354,2603,ok,2603,9.601647579346208,3.098652542532997,2.453222452018294,-0.8274153503157258,3.1054919247043675,1.0696649914594614,2.035826933244906,0.5304298398741348,0.22882567971097634,0.2558170189007984,2.6440419829140875,0.43139669473586584,24993.08864903818,10788.371159432309,14204.717489605871
P5,P3,E_log,S02,"{""lambda"":0.001}",3449,509,ok,509,4.231247657865453,2.0569996737640612,1.5895924725574553,-0.07738246132755378,2.139311737452243,1.718476187132986,0.4208355503192568,0.26282831007227175,0.06999063693995125,0.09846076544945556,1.6816850728417863,0.26629793769440385,2153.705057853516,90.14520324996846,2063.5598546035476
P5,P4,E_log,S02,"{""lambda"":0.001}",3380,576,ok,576,5.127087975204059,2.2643073941503746,1.9835039524604794,-0.06783123678365333,2.2801567263537543,3.0370973158930954,-0.7569405895393412,0.3664641599593949,0.25349864657183085,0.25690596086077294,0.17926899105339977,0.691741988083962,2953.2026737175383,330.02441630908726,2623.1782574084514
P5,P1,E_log,S02,"{""lambda"":0.1}",3687,270,ok,270,3.8825753237768756,1.9704251632013015,1.691499391276725,0.021618027986765598,2.2553727869836906,2.356837557252657,-0.10146477026896648,0.22042623237634662,0.16513471333055788,0.20046530711302207,0.4897222553395566,0.7491608941018133,1048.2953374197564,2.7796768935482192,1045.5156605262082
P5,P2,E_log,S02,"{""lambda"":0.1}",1354,2603,ok,2603,5.379957198699935,2.319473474454911,1.9128013450668433,-0.023930141957500206,3.1054919247043675,2.48197029783131,0.6235216268730575,0.31218669137049343,0.23627537515839908,0.25017588529432366,1.2270375271844516,0.7568399989158885,14004.02858821593,1011.9923075214384,12992.03628069449
P5,P3,E_log,S02,"{""lambda"":0.1}",3449,509,ok,509,4.146956222581798,2.036407675928815,1.572822943122726,-0.05591973417048868,2.139311737452243,1.682566816268694,0.4567449211835492,0.19965985668938022,0.09281586400350879,0.11135925183595477,1.3571370159779568,0.46486993200594445,2110.800717294135,106.18550482072598,2004.6152124734097
P5,P4,E_log,S02,"{""lambda"":0.1}",3380,576,ok,576,4.838736106172836,2.1997127326477965,1.9415079551806242,-0.007775483025256991,2.2801567263537543,2.90028129515821,-0.6201245688044551,0.3076679299852125,0.27135779266639326,0.2693304795987355,-0.2778412112395019,0.8819827034928065,2787.1119971555536,221.50338096090897,2565.608616194644
P5,P1,E_log,S03,"{""control_lambda"":0.001,""difference_penalty"":0.01,""n_knots"":3}",3687,270,ok,270,6.126080632639619,2.47509204528632,2.212452430766503,-0.5437297026458092,2.2553727869836906,3.7697412594866875,-1.5143684725029969,0.27598581124862814,0.19989633262028872,0.236347474473855,-0.47504820563725625,0.724299309866359,1654.041770812697,619.1942050379863,1034.8475657747106
P5,P2,E_log,S03,"{""control_lambda"":0.001,""difference_penalty"":0.01,""n_knots"":3}",1354,2603,ok,2603,6.5464452903889905,2.55860221417652,2.0129161437101497,-0.24593977385634425,3.1054919247043675,1.9102099410969087,1.1952819836074589,0.44727752795421044,0.2526751605119403,0.2544730669406474,2.0263798001006528,0.5649180759597823,17040.397090882543,3718.9035499361216,13321.493540946423
P5,P3,E_log,S03,"{""control_lambda"":0.001,""difference_penalty"":0.01,""n_knots"":3}",3449,509,ok,509,4.252338256522616,2.0621198453345566,1.5427330799383543,-0.08275266012692839,2.139311737452243,1.5719917013126332,0.5673200361396101,0.2776186574948754,0.13736668328983792,0.16886377906053035,1.3614847422602798,0.4948034996256454,2164.440172570012,163.82267991337332,2000.6174926566384
P5,P4,E_log,S03,"{""control_lambda"":0.001,""difference_penalty"":0.01,""n_knots"":3}",3380,576,ok,576,4.591632679346207,2.1428095294137104,1.8688297526188629,0.0436893561110866,2.2801567263537543,2.7461669070251395,-0.46601018067138483,0.3436707663813522,0.30120185222645507,0.30285034215655066,-0.12665420967193253,0.8764255842821043,2644.780423303415,125.087321369881,2519.693101933534
P5,P1,E_log,S03,"{""control_lambda"":0.1,""difference_penalty"":0.01,""n_knots"":3}",3687,270,ok,270,3.8408641111782993,1.959812264268774,1.6674855782468183,0.03212896339279392,2.2553727869836906,2.2927785833673138,-0.03740579638362308,0.23592261387255115,0.1868007240526656,0.2130725133243361,0.43997793171632393,0.7917881248703779,1037.0333100181408,0.37778227283512883,1036.6555277453056
P5,P2,E_log,S03,"{""control_lambda"":0.1,""difference_penalty"":0.01,""n_knots"":3}",1354,2603,ok,2603,5.151182520384821,2.269621668997902,1.909198851275602,0.019610964447599466,3.1054919247043675,3.1668752317226536,-0.06138330701828614,0.44654232480917194,0.2460328175819008,0.24556221801374906,1.360628799973631,0.5509731192604013,13408.528100561689,9.807870720444564,13398.720229841245
P5,P3,E_log,S03,"{""control_lambda"":0.1,""difference_penalty"":0.01,""n_knots"":3}",3449,509,ok,509,4.021674373080883,2.0054112728018865,1.553283105558523,-0.024019812849632505,2.139311737452243,1.7249518492262161,0.414359888226027,0.22155878839624227,0.1552322535888196,0.18812904058222413,0.9307468918605504,0.7006368590136787,2047.032255898169,87.39230553807896,1959.63995036009
P5,P4,E_log,S03,"{""control_lambda"":0.1,""difference_penalty"":0.01,""n_knots"":3}",3380,576,ok,576,4.512477816006706,2.1242593570481705,1.878400260843914,0.0601751343981064,2.2801567263537543,2.7845039763675055,-0.5043472500137514,0.28509534653601076,0.340994613659951,0.32969739475094995,-1.050311024848571,1.196072183580449,2599.187222019863,146.51490159154565,2452.6723204283176
P5,P1,E_log,S03,"{""control_lambda"":0.001,""difference_penalty"":1,""n_knots"":3}",3687,270,ok,270,7.068426336101676,2.658651224982637,2.3563087223710615,-0.7811942643827681,2.2553727869836906,4.041674119771804,-1.7863013327881134,0.30434866666823057,0.1897683796337077,0.22583337923320082,-0.2647037985749101,0.6235229538251061,1908.4751107474526,861.5355619105594,1046.9395488368932
P5,P2,E_log,S03,"{""control_lambda"":0.001,""difference_penalty"":1,""n_knots"":3}",1354,2603,ok,2603,47.161636211516885,6.8674330147091265,6.496753140064563,-7.975948892804535,3.1054919247043675,-3.391261215360195,6.496753140064563,0.24106041466544423,0.2391120690021907,0.23459917754485127,6.469343624939166,0.9919176042820738,122761.73905857845,109866.90694772957,12894.832110848869
P5,P3,E_log,S03,"{""control_lambda"":0.001,""difference_penalty"":1,""n_knots"":3}",3449,509,ok,509,4.3042400563783,2.074666251804926,1.5455914509594002,-0.09596816850585776,2.139311737452243,1.5469996633928642,0.5923120740593787,0.27256275813969594,0.12410605510674638,0.15899315447728066,1.4349160717144032,0.45533019974481853,2190.858188696555,178.57429887595015,2012.2838898206046
P5,P4,E_log,S03,"{""control_lambda"":0.001,""difference_penalty"":1,""n_knots"":3}",3380,576,ok,576,4.8365307369976875,2.199211389793552,1.918440240183026,-0.007316165356971993,2.2801567263537543,2.890554984579372,-0.6103982582256177,0.3631707361433691,0.27834873344866423,0.2791788351081188,0.064718534759578,0.7664404252516105,2785.841704510668,214.60955537944386,2571.232149131224
P5,P1,E_log,S03,"{""control_lambda"":0.1,""difference_penalty"":1,""n_knots"":3}",3687,270,ok,270,3.879709735796324,1.9696978793196493,1.6737341178979375,0.022340136223074625,2.2553727869836906,2.3149151555496887,-0.05954236856599806,0.2644219762413251,0.1761436556905304,0.19627321085730912,0.7133011940394094,0.6661460525874471,1047.5216286650075,0.9572292867012715,1046.5643993783065
P5,P2,E_log,S03,"{""control_lambda"":0.1,""difference_penalty"":1,""n_knots"":3}",1354,2603,ok,2603,5.325053087465034,2.3076076545775788,1.9377104677038444,-0.013480621202133003,3.1054919247043675,2.5070400822440257,0.5984518424603417,0.1904177695618754,0.23879467403206395,0.23174484539243703,-0.038478412739620715,1.2540566701390161,13861.113186671484,932.2504139580943,12928.86277271339
P5,P3,E_log,S03,"{""control_lambda"":0.1,""difference_penalty"":1,""n_knots"":3}",3449,509,ok,509,4.135788539071016,2.033663821547459,1.544170868905897,-0.053076160047426324,2.139311737452243,1.6210852225808805,0.5182265148713627,0.2092930099720527,0.14121167590496284,0.17541574806415092,1.0455525092009825,0.6747080369469531,2105.116366387147,136.69638884430083,1968.4199775428467
P5,P4,E_log,S03,"{""control_lambda"":0.1,""difference_penalty"":1,""n_knots"":3}",3380,576,ok,576,4.739634956211333,2.1770702690109323,1.9225523042182284,0.012864557489332018,2.2801567263537543,2.903451341266405,-0.6232946149126504,0.3069028624664622,0.3062320408551237,0.2990965532798176,-0.6169483140292429,0.9978142217184052,2730.0297347777278,223.77379793996684,2506.2559368377615
P5,P1,E_log,S03,"{""control_lambda"":0.001,""difference_penalty"":0.01,""n_knots"":5}",3687,270,ok,270,6.044222379171372,2.4585000262703622,2.2032447482047983,-0.5231019922280977,2.2553727869836906,3.742322067129027,-1.4869492801453363,0.25631706039776486,0.1945981251158035,0.23619659734628012,-0.5858304349660131,0.7592086332989965,1631.9400423762704,596.9749036656781,1034.9651387105923
P5,P2,E_log,S03,"{""control_lambda"":0.001,""difference_penalty"":0.01,""n_knots"":5}",1354,2603,ok,2603,5.353578743923882,2.313780184875798,1.8951995406113147,-0.01890971262211627,3.1054919247043675,2.530161456820533,0.5753304678838346,0.4157622498142427,0.26090206868006194,0.2525468257221056,1.5177471054621892,0.6275270753817347,13935.365470433866,861.6063983579495,13073.759072075918
P5,P3,E_log,S03,"{""control_lambda"":0.001,""difference_penalty"":0.01,""n_knots"":5}",3449,509,ok,509,4.186043281359659,2.0459822289940983,1.5479737818359958,-0.06587228599379436,2.139311737452243,1.6129705286283638,0.5263412088238791,0.2560252277249705,0.13712858159189284,0.16632697073618866,1.275395463631229,0.5356057401468272,2130.6960302120665,141.0108496660468,1989.6851805460196
P5,P4,E_log,S03,"{""control_lambda"":0.001,""difference_penalty"":0.01,""n_knots"":5}",3380,576,ok,576,4.610623268038499,2.147236192885752,1.8739367759253502,0.03973413944450821,2.2801567263537543,2.76762639193766,-0.48746966558390603,0.34280880291834315,0.30154288004542323,0.2970192193511786,-0.15431410989661076,0.8796240863081063,2655.719002390176,136.87296472194348,2518.8460376682324
P5,P1,E_log,S03,"{""control_lambda"":0.1,""difference_penalty"":0.01,""n_knots"":5}",3687,270,ok,270,3.8443016794685634,1.9606890828146526,1.6748924085812518,0.031262720097483654,2.2553727869836906,2.3082126204942526,-0.052839833510562255,0.21112009072982743,0.1812664754378274,0.21077812979209584,0.27355492762355227,0.8585941527933315,1037.9614534565121,0.7538529614644632,1037.2076004950477
P5,P2,E_log,S03,"{""control_lambda"":0.1,""difference_penalty"":0.01,""n_knots"":5}",1354,2603,ok,2603,5.037071615341114,2.2443421341990426,1.8977464617764537,0.04132890585214,3.1054919247043675,3.1300920511754424,-0.024600126471074815,0.4104987558066122,0.255729534515832,0.24482154213670945,1.1555299043178766,0.6229727396209394,13111.497414732921,1.5752476768886556,13109.922167056033
P5,P3,E_log,S03,"{""control_lambda"":0.1,""difference_penalty"":0.01,""n_knots"":5}",3449,509,ok,509,3.998717898528137,1.9996794489437892,1.560091232013159,-0.01817451494770883,2.139311737452243,1.7387999788162087,0.4005117586360343,0.19243354474572824,0.15511979760977093,0.18488849555786357,0.7376730514620151,0.8060954123915257,2035.3474103508217,81.64852142211606,1953.6988889287059
P5,P4,E_log,S03,"{""control_lambda"":0.1,""difference_penalty"":0.01,""n_knots"":5}",3380,576,ok,576,4.5059445562999585,2.1227210264893404,1.876481829613715,0.06153583248376926,2.2801567263537543,2.783044184690114,-0.5028874583363598,0.28452969308935894,0.3429593001154898,0.3221670592596335,-1.0743996132970461,1.2053550418296082,2595.424064428776,145.66797835315433,2449.756086075622
P5,P1,E_log,S03,"{""control_lambda"":0.001,""difference_penalty"":1,""n_knots"":5}",3687,270,ok,270,5.952643030564652,2.4398038918250484,2.1834145103258193,-0.5000246334613991,2.2553727869836906,3.7045777330087737,-1.449204946025083,0.269767377251605,0.18902272210922405,0.23194884969105187,-0.3403797999031668,0.7006878445977825,1607.2136182524562,567.0526434075622,1040.1609748448936
P5,P2,E_log,S03,"{""control_lambda"":0.001,""difference_penalty"":1,""n_knots"":5}",1354,2603,ok,2603,14.427313027672868,3.798330294704881,3.1646938154676927,-1.7458509670040048,3.1054919247043675,0.0364415656384398,3.0690503590659275,0.4088925784741659,0.2616931980955948,0.25645610088012105,3.082169149096357,0.6400047637747208,37554.295811032476,24517.839487174464,13036.456323858012
P5,P3,E_log,S03,"{""control_lambda"":0.001,""difference_penalty"":1,""n_knots"":5}",3449,509,ok,509,4.054098499104696,2.0134792025508226,1.574084752005624,-0.03227581380410127,2.139311737452243,1.7919239307360577,0.34738780671618524,0.2616984144617379,0.12789146026589085,0.15559852073736363,1.2636023119343598,0.48869787969078204,2063.5361360442903,61.425248721836574,2002.110887322454
P5,P4,E_log,S03,"{""control_lambda"":0.001,""difference_penalty"":1,""n_knots"":5}",3380,576,ok,576,4.717555135365324,2.1719933552765127,1.8865801941314198,0.017463176143036052,2.2801567263537543,2.7457651029196004,-0.46560837656584564,0.34815406930899806,0.2640010229387292,0.26521935932350876,0.19807623434927768,0.7582879139189944,2717.3117579704267,124.87170834909061,2592.4400496213366
P5,P1,E_log,S03,"{""control_lambda"":0.1,""difference_penalty"":1,""n_knots"":5}",3687,270,ok,270,3.8421987815698753,1.9601527444487268,1.6848814568066597,0.031792635738903785,2.2553727869836906,2.361360803894346,-0.10598801691065549,0.20179967075160993,0.18668637138630217,0.21818502189314423,0.07086040214690703,0.9251074131636704,1037.3936710238663,3.0330341267364163,1034.36063689713
P5,P2,E_log,S03,"{""control_lambda"":0.1,""difference_penalty"":1,""n_knots"":5}",1354,2603,ok,2603,5.023201124353497,2.2412499022539847,1.8932613571028052,0.04396878072129384,3.1054919247043675,3.0458861926325356,0.0596057320718319,0.39743240334861213,0.25488294663726474,0.24605589889109555,1.1520919468496142,0.6413240201093807,13075.392526692152,9.248051099016884,13066.144475593133
P5,P3,E_log,S03,"{""control_lambda"":0.1,""difference_penalty"":1,""n_knots"":5}",3449,509,ok,509,4.014641749553519,2.003657093804606,1.565933572266686,-0.022229129377957957,2.139311737452243,1.736054417417846,0.40325732003439685,0.18580260440840338,0.14450748885585996,0.1725206510266516,0.789099962020158,0.7777473804308211,2043.4526505227411,82.7717812761139,1960.680869246627
P5,P4,E_log,S03,"{""control_lambda"":0.1,""difference_penalty"":1,""n_knots"":5}",3380,576,ok,576,4.67776219200302,2.162813489879102,1.9080238207980256,0.02575095043739839,2.2801567263537543,2.811640640203784,-0.5314839138500294,0.27988610232276095,0.2910451332103815,0.28631013255165916,-0.6435837447760471,1.0398698999164746,2694.3910225937398,162.70568679245497,2531.685335801285
P5,P1,E_log,S04,"{""control_lambda"":0.001}",3687,270,ok,270,6.693098280718647,2.5871022942123196,2.3063273785665825,-0.6866142054387157,2.2553727869836906,3.9393984342439077,-1.6840256472602166,0.2626772793410247,0.18468079776166174,0.2214870049310537,-0.514304313991143,0.7030710772738631,1807.136535794035,765.7044427701517,1041.4320930238832
P5,P2,E_log,S04,"{""control_lambda"":0.001}",1354,2603,ok,2603,75.02041098378623,8.661432386377339,8.359506476043714,-13.278117321621208,3.1054919247043675,-5.254014551339346,8.359506476043714,0.4507389297366382,0.24968253208130164,0.25319819914518943,6.0159031854687814,0.5539404644439928,195278.12979079556,181901.15020541273,13376.979585382825
P5,P3,E_log,S04,"{""control_lambda"":0.001}",3449,509,ok,509,4.15435294425145,2.0382229868813297,1.5789918752959242,-0.057803126219968304,2.139311737452243,1.7219874308597423,0.4173243065925008,0.24110696103003865,0.09264532379393593,0.11888484457388114,1.4776382527069694,0.38424989223929346,2114.5656486239877,88.64722462831202,2025.9184239956758
P5,P4,E_log,S04,"{""control_lambda"":0.001}",3380,576,ok,576,5.103608930141692,2.259116847385653,1.9835651251435786,-0.06294119825716415,2.2801567263537543,3.0603677327909384,-0.7802110064371832,0.362660228355647,0.2693468432181889,0.2734176677479661,0.007229276736407275,0.7426974952269949,2939.6787437616144,350.62802758985606,2589.0507161717587
P5,P1,E_log,S04,"{""control_lambda"":0.1}",3687,270,ok,270,3.8531088933782116,1.9629337465585057,1.6829341401619609,0.029043363460641514,2.2553727869836906,2.3372836332528126,-0.08191084626912211,0.20907335843539449,0.17803739321021517,0.20511158062366847,0.26504801116670196,0.8515546626435924,1040.339401212117,1.811534418861414,1038.527866793256
P5,P2,E_log,S04,"{""control_lambda"":0.1}",1354,2603,ok,2603,5.288222653294771,2.2996135878218262,1.8998486972459936,-0.006470938727813902,3.1054919247043675,2.726909397438972,0.37858252726539565,0.4314117383226014,0.23982096224066268,0.2433502622959882,1.5896081933537518,0.5558980920944004,13765.24356652629,373.07427206155245,13392.169294464737
P5,P3,E_log,S04,"{""control_lambda"":0.1}",3449,509,ok,509,4.037380970479687,2.009323510657178,1.573890280625599,-0.02801910902251148,2.139311737452243,1.740769474955149,0.398542262497094,0.1776136574978423,0.12378310712865848,0.1424725634341269,0.9261288243798655,0.6969233609198227,2055.0269139741604,80.84749091311801,1974.1794230610424
P5,P4,E_log,S04,"{""control_lambda"":0.1}",3380,576,ok,576,4.673179447542864,2.1617537897602643,1.9100605091958869,0.026705409909991595,2.2801567263537543,2.839737849538688,-0.5595811231849328,0.29589359751505045,0.303276251677773,0.29553412619039304,-0.6304336277068385,1.024950368053662,2691.75136178469,180.3634752527487,2511.3878865319416
P5,P1,E_log,G05,"{""max_leaf_nodes"":7,""min_samples_leaf"":20}",59108,270,ok,270,3.85314836332596,1.962943800348334,1.671260275229086,0.029033417308386045,2.2553727869836906,2.227641492131649,0.027731294852041555,0.16099514814700294,0.17126803058397272,0.21708687768680668,-0.11441149282680696,1.0638086461313085,1040.3500580980092,0.20763667282613393,1040.1424214251829
P5,P2,E_log,G05,"{""max_leaf_nodes"":7,""min_samples_leaf"":20}",56582,2603,ok,2603,5.139781417721448,2.267108602983423,1.9147544984668476,0.021780857671173992,3.1054919247043675,2.621901035738791,0.4835908889655766,0.211805894153816,0.26239020321569145,0.25212688728569144,-0.14258173409252795,1.2388238970589764,13378.851030328928,608.7379649590148,12770.113065369911
P5,P3,E_log,G05,"{""max_leaf_nodes"":7,""min_samples_leaf"":20}",58824,509,ok,509,3.76983474746692,1.9416062287361255,1.6426211994679076,0.04010491291521634,2.139311737452243,2.2114121190599287,-0.07210038160768541,0.19052162806101605,0.20398488319701183,0.22974785511203655,-0.2283703330706346,1.0706652324621333,1918.845886460662,2.646018699238695,1916.199867761423
P5,P4,E_log,G05,"{""max_leaf_nodes"":7,""min_samples_leaf"":20}",58718,576,ok,576,4.205480059039961,2.050726714859872,1.7865158522732945,0.1241143131477278,2.2801567263537543,2.4521170154516008,-0.17196028909784658,0.22309251407325706,0.4035170598763526,0.3754027520732642,-2.155093163846028,1.8087431644786138,2422.3565140070177,17.032516431330226,2405.323997575688
P5,P1,E_log,G05,"{""max_leaf_nodes"":7,""min_samples_leaf"":50}",59108,270,ok,270,3.84316608281188,1.9603994702131196,1.6688996105073115,0.031548882555060054,2.2553727869836906,2.234273752640782,0.021099034342908034,0.162484838252657,0.17867016207674669,0.22131520804961197,-0.20145984922457982,1.0996112868015553,1037.6548423592076,0.12019569755486742,1037.534646661653
P5,P2,E_log,G05,"{""max_leaf_nodes"":7,""min_samples_leaf"":50}",56582,2603,ok,2603,5.1476452793734,2.268842277324142,1.9162282394948897,0.020284183128937205,3.1054919247043675,2.619404817080736,0.4860871076236319,0.21008050321441615,0.26034703480517507,0.2512376795963748,-0.1406649848939181,1.2392727112779955,13399.32066220896,615.0386001431553,12784.282062065806
P5,P3,E_log,G05,"{""max_leaf_nodes"":7,""min_samples_leaf"":50}",58824,509,ok,509,3.7681853527523823,1.941181432208845,1.6391922512944497,0.04052489044452623,2.139311737452243,2.194401327772396,-0.055089590320152745,0.1829182623029532,0.20434464253347576,0.23516920858657725,-0.31213378391380564,1.1171363644108738,1918.0063445509627,1.544745247475914,1916.4615993034868
P5,P4,E_log,G05,"{""max_leaf_nodes"":7,""min_samples_leaf"":50}",58718,576,ok,576,4.198334533225171,2.048983780615447,1.7861917294451441,0.12560252940326677,2.2801567263537543,2.466898992850718,-0.186742266496964,0.2271161273307387,0.40606381537975617,0.38002856584384537,-2.1304433880744225,1.7879127306024563,2418.2406911376984,20.086660279539718,2398.154030858159
P5,P1,E_log,G05,"{""max_leaf_nodes"":15,""min_samples_leaf"":20}",59108,270,ok,270,3.8587394425713564,1.96436744082449,1.6710724783025401,0.027624504233527247,2.2553727869836906,2.230132184427712,0.02524060255597876,0.16947710055370052,0.16671141236605488,0.21906136817397173,0.06163401629275578,0.9836810508404387,1041.8596494942663,0.17201376469499802,1041.6876357295714
P5,P2,E_log,G05,"{""max_leaf_nodes"":15,""min_samples_leaf"":20}",56582,2603,ok,2603,5.204499739009371,2.28133726989443,1.9201670335061847,0.009463466016160771,3.1054919247043675,2.5813417920421857,0.5241501326621816,0.20843064986400187,0.25234990018811604,0.24370155485156428,-0.01977465196412398,1.2107139729822407,13547.312820641393,715.130940166144,12832.181880475251
P5,P3,E_log,G05,"{""max_leaf_nodes"":15,""min_samples_leaf"":20}",58824,509,ok,509,3.755292246532526,1.9378576435157784,1.631568517089244,0.04380780074345081,2.139311737452243,2.1864309432532494,-0.047119205801006044,0.1939154724829711,0.2113713106668458,0.22859997011559832,-0.24393684111887248,1.0900177688781774,1911.4437534850556,1.1300917536566388,1910.313661731399
P5,P4,E_log,G05,"{""max_leaf_nodes"":15,""min_samples_leaf"":20}",58718,576,ok,576,4.2463893054365105,2.0606769046690725,1.8058544703137835,0.1155940436718026,2.2801567263537543,2.5357833473356823,-0.2556266209819279,0.23640866215134887,0.39146758665897796,0.34657471116689953,-1.9188306467739378,1.6558935831562733,2445.92023993143,37.638702348271615,2408.2815375831588
P5,P1,E_log,G05,"{""max_leaf_nodes"":15,""min_samples_leaf"":50}",59108,270,ok,270,3.837205767847924,1.9588787016678506,1.6611820794090624,0.033050840462365394,2.2553727869836906,2.2016076964040217,0.05376509057966855,0.15385938381174938,0.18670288911789906,0.2317200692945663,-0.416199836274429,1.2134644276642526,1036.0455573189395,0.7804849405607902,1035.2650723783786
P5,P2,E_log,G05,"{""max_leaf_nodes"":15,""min_samples_leaf"":50}",56582,2603,ok,2603,5.166893174048454,2.2730801072660096,1.9141348441276622,0.01662086411001018,3.1054919247043675,2.5964049285806716,0.5090869961236958,0.21330693757034142,0.2612354558051337,0.25252723722835524,-0.0743063167325575,1.2246927304883704,13449.422932048124,674.6183897267111,12774.804542321413
P5,P3,E_log,G05,"{""max_leaf_nodes"":15,""min_samples_leaf"":50}",58824,509,ok,509,3.784386720786947,1.9453500252620213,1.6487064122431037,0.03639961317849205,2.139311737452243,2.255008126149737,-0.11569638869749367,0.2233047330899614,0.20078603181854282,0.2214887315329835,0.1117052147290214,0.8991570802829933,1926.252840880556,6.813298068039544,1919.4395428125163
P5,P4,E_log,G05,"{""max_leaf_nodes"":15,""min_samples_leaf"":50}",58718,576,ok,576,4.247092397743945,2.0608474950233324,1.7972664877790487,0.11544760890574224,2.2801567263537543,2.4832887166904234,-0.20313199033666912,0.225854329285235,0.3875322026429311,0.3601137524425718,-1.9807947870529463,1.7158502290806679,2446.325221100512,23.767260766926704,2422.5579603335855
P5,P1,E_log,S05,"{""max_leaf_nodes"":7,""min_samples_leaf"":20}",3687,270,ok,270,4.030943911296181,2.0077210740778164,1.7045994142906122,-0.015769823925080084,2.2553727869836906,2.283282695513951,-0.027909908530260815,0.19617103085084595,0.0583917578865334,0.09668040131500888,1.5757368093131014,0.2976573943322457,1088.354856049969,0.21032000842523188,1088.1445360415437
P5,P2,E_log,S05,"{""max_leaf_nodes"":7,""min_samples_leaf"":20}",1354,2603,ok,2603,5.257018411890428,2.2928188789981707,1.9068813844300818,-0.000532050712395149,3.1054919247043675,2.5648273932580326,0.540664531446335,0.3114375381139795,0.2441840900861269,0.24150388475866477,1.0945267499749267,0.7840547788968226,13684.018926150784,760.904106873313,12923.11481927747
P5,P3,E_log,S05,"{""max_leaf_nodes"":7,""min_samples_leaf"":20}",3449,509,ok,509,3.897421413301728,1.9741887987985667,1.648163809773125,0.007618127176225453,2.139311737452243,2.119454586999161,0.019857150453081857,0.22626084404876298,0.1301871239419612,0.1469574030653426,0.919809095857079,0.5753851245861333,1983.7874993705796,0.20070196987521147,1983.586797400704
P5,P4,E_log,S05,"{""max_leaf_nodes"":7,""min_samples_leaf"":20}",3380,576,ok,576,4.283617481935589,2.0696901898437816,1.789599246805611,0.10784043968714918,2.2801567263537543,2.3983524862066656,-0.11819575985291089,0.2549112142500058,0.34468821457626664,0.35047575642135403,-0.9628698263515743,1.3521892930069819,2467.363669594899,8.046856884791222,2459.316812710108
P5,P1,E_log,S05,"{""max_leaf_nodes"":7,""min_samples_leaf"":50}",3687,270,ok,270,3.989680785483997,1.9974185303746426,1.6930963085438901,-0.005371803272055775,2.2553727869836906,2.1807758628652913,0.07459692411839937,0.18849918277555683,0.08372026905617072,0.10788306326315356,1.2868001953047414,0.4441412839219318,1077.2138120806792,1.502469293740083,1075.7113427869392
P5,P2,E_log,S05,"{""max_leaf_nodes"":7,""min_samples_leaf"":50}",1354,2603,ok,2603,5.045087692894369,2.2461272655159967,1.8933720300284305,0.03980326110741417,3.1054919247043675,2.8588076368796296,0.24668428782473797,0.3721711011919678,0.25511968422228953,0.25210412531303567,1.1458069861448723,0.6854903118624934,13132.363264604042,158.40071784853401,12973.962546755509
P5,P3,E_log,S05,"{""max_leaf_nodes"":7,""min_samples_leaf"":50}",3449,509,ok,509,3.9102545832765054,1.9774363664291463,1.640100231307431,0.0043504781582439644,2.139311737452243,2.0931037765603753,0.04620796089186787,0.2542541757030802,0.13675160584126733,0.14887444064311744,1.0135276599812009,0.5378539230009215,1990.3195828877413,1.0868044057402546,1989.2327784820006
P5,P4,E_log,S05,"{""max_leaf_nodes"":7,""min_samples_leaf"":50}",3380,576,ok,576,4.280613660443211,2.0689643932274935,1.7787031382985425,0.10846605298553536,2.2801567263537543,2.3306550659400767,-0.050498339586321994,0.26047646489501775,0.3394647453864751,0.34686123150077186,-0.7572586841399405,1.3032453643107176,2465.6334684152894,1.4688474053618852,2464.164621009928
P5,P1,E_log,S05,"{""max_leaf_nodes"":15,""min_samples_leaf"":20}",3687,270,ok,270,4.1188139037546145,2.0294861181477972,1.7256132327533882,-0.03791245074697014,2.2553727869836906,2.3382156846912765,-0.08284289770758586,0.22548118747803444,0.032505438473986646,0.06583178108189784,1.9182948829343922,0.14416031260769008,1112.079754013746,1.8529953391591745,1110.2267586745866
P5,P2,E_log,S05,"{""max_leaf_nodes"":15,""min_samples_leaf"":20}",1354,2603,ok,2603,5.244494498759814,2.2900861334805325,1.9260364720950252,0.0018515392821110144,3.1054919247043675,2.682562797703672,0.42292912700069557,0.32646873600908904,0.21820816346175104,0.21950474294195538,1.3124960359910345,0.6683891576548269,13651.419180271798,465.59612794987993,13185.823052321917
P5,P3,E_log,S05,"{""max_leaf_nodes"":15,""min_samples_leaf"":20}",3449,509,ok,509,4.017913530668397,2.0044733798852,1.671369581385397,-0.023062207438023785,2.139311737452243,2.1740379398521963,-0.03472620239995334,0.28208218565765913,0.10070683265672258,0.12350275381138875,1.3631532767979009,0.35701238070716923,2045.1179871102142,0.6138077487593652,2044.504179361455
P5,P4,E_log,S05,"{""max_leaf_nodes"":15,""min_samples_leaf"":20}",3380,576,ok,576,4.487207042527132,2.118302868460299,1.8376266805769614,0.06543834061373599,2.2801567263537543,2.48767197145284,-0.2075152450990855,0.28349024125237415,0.27297907283748646,0.30088302664226846,-0.11527806988832268,0.9629222918981174,2584.631256495628,24.804044322355313,2559.8272121732725
P5,P1,E_log,S05,"{""max_leaf_nodes"":15,""min_samples_leaf"":50}",3687,270,ok,270,4.054133336716489,2.0134878536302345,1.6933444145146739,-0.021613397811111934,2.2553727869836906,2.170390428070207,0.0849823589134835,0.23251024971751186,0.07369032665833444,0.0856056368129038,1.5675029841903472,0.31693366958172575,1094.616000913452,1.949940358155035,1092.6660605552968
P5,P2,E_log,S05,"{""max_leaf_nodes"":15,""min_samples_leaf"":50}",1354,2603,ok,2603,5.162168990997498,2.2720407106822487,1.9057563820561374,0.017519985282046124,3.1054919247043675,2.8364292123382735,0.269062712366094,0.4047362001579635,0.24103325697830547,0.24082893588565282,1.4163082762650288,0.5955317485419714,13437.125883566487,188.44351651263594,13248.68236705385
P5,P3,E_log,S05,"{""max_leaf_nodes"":15,""min_samples_leaf"":50}",3449,509,ok,509,4.014806659905634,2.003698245721055,1.6875254731590346,-0.022271119716370302,2.139311737452243,2.2706933899001154,-0.13138165244787217,0.3023954785703725,0.12164042216266345,0.15809309557002882,1.2259114979538173,0.40225608774886373,2043.5365898919677,8.78591954736614,2034.7506703446015
P5,P4,E_log,S05,"{""max_leaf_nodes"":15,""min_samples_leaf"":50}",3380,576,ok,576,4.395398844376776,2.0965206520272526,1.7936237081539075,0.08455946009752469,2.2801567263537543,2.3195086107064236,-0.03935188435266901,0.2758322108960064,0.29178135649269404,0.30677249408098006,-0.17347030520263695,1.0578219111715739,2531.749734361023,0.8919767820129615,2530.8577575790105
P5,P1,R_log,B00,{},3687,270,ok,270,1.8916602949622117,1.3753764193711522,1.0935650112329276,-0.6211392302428409,1.7064488001878504,2.5577944008880857,-0.8513456007002348,4.1111072308966e-16,,,,,510.74827963979715,195.6931195945438,315.0551600452534
P5,P2,R_log,B00,{},1354,2603,ok,2603,4.633943289874781,2.152659585228185,1.8820999577101223,-0.509077041768393,2.9275269962016206,1.6772351263015304,1.2502918699000902,0.0,,,,,12062.154383544057,4069.0870651193013,7993.067318424758
P5,P3,R_log,B00,{},3449,509,ok,509,2.066916870686163,1.4376775962246067,1.1227551701128338,-0.4944608147579532,1.780364889623482,2.6073261763693525,-0.8269612867458697,7.55233034068124e-16,,,,,1052.060687179257,348.0872696161797,703.973417563077
P5,P4,R_log,B00,{},3380,576,ok,576,2.895337796825343,1.7015692159960296,1.3328464499998558,-0.6589321258399616,1.582593810997146,2.6549909633223225,-1.072397152325176,3.3615138888370797e-16,,,,,1667.7145709713975,662.4205357335246,1005.2940352378728
P5,P1,R_log,B01,"{""lambda"":0}",3687,270,ok,270,12.28814644117838,3.505445255766859,3.3195445041961547,-9.530852878720049,1.7064488001878504,-1.6094540063131881,3.3159028065010387,0.3942432746270134,0.06010473216724362,0.0512898101159325,1.951819636447445,0.15245594797807926,3317.7995391181626,2968.707083983596,349.09245513456693
P5,P2,R_log,B01,"{""lambda"":0}",1354,2603,ok,2603,580.3987463836812,24.091466256408747,24.023619656392395,-188.0110362706741,2.9275269962016206,-21.096092660190777,24.023619656392395,0.25275618866572186,0.0015739369722625367,0.03382563395911537,3.0588943838150793,0.006227095686840359,1510777.936836722,1502280.586531193,8497.350305528904
P5,P3,R_log,B01,"{""lambda"":0}",3449,509,ok,509,3.4114017257222593,1.8469980307846188,1.5066189661762912,-1.466575349398112,1.780364889623482,3.1000712144710496,-1.319706324847568,0.3782869603223637,-0.08487242915786294,-0.09262196101306673,2.4758965947351523,-0.22435991207716352,1736.40347839263,886.4870149759214,849.9164634167082
P5,P4,R_log,B01,"{""lambda"":0}",3380,576,ok,576,2.582103069382578,1.6068923639692168,1.2500098352658475,-0.479459059570011,1.582593810997146,0.9014725601168276,0.6811212508803184,0.4872225147508069,0.024363566841817057,0.051825949416017696,1.5375156663927172,0.050005010245222324,1487.2913679643648,267.2214672388433,1220.0699007255214
P5,P1,R_log,B01,"{""lambda"":0.001}",3687,270,ok,270,2.761502112910009,1.6617767939497798,1.3594791008488691,-1.3665873949774583,1.7064488001878504,0.4901680260941934,1.2162807740936572,0.383567658929972,0.06298698500391785,0.04815758469899558,1.6259565965564913,0.16421349281540287,745.6055704857024,399.42150878606384,346.18406169963856
P5,P2,R_log,B01,"{""lambda"":0.001}",1354,2603,ok,2603,126.19896107589719,11.233831095218461,11.095461682031406,-40.09760153318701,2.9275269962016206,-8.167934685829785,11.095461682031406,0.14446272788029058,0.05084108863246239,0.09933703591614618,5.802086388784516,0.3519322207081125,328495.8956805604,320453.429647123,8042.466033437392
P5,P3,R_log,B01,"{""lambda"":0.001}",3449,509,ok,509,2.9724934006956985,1.7240920511085533,1.3813682501262472,-1.1492276600324094,1.780364889623482,2.9261572771010673,-1.1457923874775853,0.37046725063503727,-0.08468691104459429,-0.09356939934634817,2.449269416551493,-0.22859486472671492,1512.9991409541105,668.2356593576067,844.7634815965039
P5,P4,R_log,B01,"{""lambda"":0.001}",3380,576,ok,576,2.309841519519221,1.519816278212344,1.1709313184048382,-0.3234622594057823,1.582593810997146,1.136001587031368,0.446592223965778,0.482142707172494,0.024136476362460108,0.05101353670887451,1.525724599775643,0.050060855434291396,1330.4687152430713,114.880097955859,1215.5886172872122
P5,P1,R_log,B01,"{""lambda"":0.1}",3687,270,ok,270,1.7553041480808864,1.3248789182717364,1.044743762780404,-0.5042829957578394,1.7064488001878504,2.4408268708078897,-0.7343780706200396,0.24290607629623676,0.034799732046348716,-0.006804221624285239,1.3567658183094822,0.14326414792484915,473.9321199818393,145.6140106640552,328.3181093177841
P5,P2,R_log,B01,"{""lambda"":0.1}",1354,2603,ok,2603,5.877400782038632,2.4243351216444133,2.138715639591362,-0.9140179390684275,2.9275269962016206,1.2514059265284743,1.6761210696731461,0.08410139389181878,0.047267685639088425,0.08231146783661179,2.224196656420008,0.562032131118894,15298.87423564656,7312.8209300464605,7986.053305600097
P5,P3,R_log,B01,"{""lambda"":0.1}",3449,509,ok,509,1.5283460927236974,1.2362629545220942,0.9698290671069991,-0.10505331847513744,1.780364889623482,1.7306306197818186,0.04973426984166323,0.24969930973079,-0.0819288183838724,-0.11022736670265741,2.348201948887044,-0.3281099113658058,777.928161196362,1.2590102767118367,776.6691509196503
P5,P4,R_log,B01,"{""lambda"":0.1}",3380,576,ok,576,2.2915478118366632,1.513785920081391,1.1819642859248443,-0.31298057419150593,1.582593810997146,2.1608830297294905,-0.5782892187323446,0.3607758365590382,0.012181035998452387,0.03320127646641114,1.5096349503799038,0.03376344744878464,1319.9315396179181,192.62501020918975,1127.3065294087282
P5,P1,R_log,G02,"{""lambda"":0}",59108,270,ok,270,1.2205275578691712,1.1047748901333572,0.8369087034499206,-0.04598331472286277,1.7064488001878504,1.9162429410562682,-0.20979414086841816,0.1674844376349898,0.059071291533924555,0.08447298544015691,1.0305952879489806,0.3526971960383724,329.5424406246762,11.883667016533776,317.6587736081424
P5,P2,R_log,G02,"{""lambda"":0}",56582,2603,ok,2603,4.572590738624831,2.138361694995688,1.8665856749339034,-0.48909714111930214,2.9275269962016206,1.6886971457373683,1.2388298504642525,0.0963973250889536,0.10363994532318108,0.10919896511459387,1.1119529676678312,1.0751330000863004,11902.453692640434,3994.8225340385375,7907.6311586018965
P5,P3,R_log,G02,"{""lambda"":0}",58824,509,ok,509,1.3504045398797968,1.1620690770689137,0.8975829893497216,0.023605304333485733,1.780364889623482,1.6538774112207726,0.12648747840270924,0.13915373749977675,0.1959596019577238,0.24342179633647426,-0.5486646069088201,1.4082237780931908,687.3559107988166,8.143532836072001,679.2123779627445
P5,P4,R_log,G02,"{""lambda"":0}",58718,576,ok,576,1.9825842672152731,1.4080427078804367,1.0876575396469557,-0.13595475342274832,1.582593810997146,1.9849331304394866,-0.4023393194423408,0.2861704866147205,0.06759761063924039,0.09883865072035257,1.1137238779595617,0.23621447284411595,1141.9685379159973,93.24111051033175,1048.7274274056654
P5,P1,R_log,G02,"{""lambda"":0.001}",59108,270,ok,270,1.2211681237428602,1.1050647599769257,0.837122342274353,-0.04653227505689195,1.7064488001878504,1.9182701328679896,-0.21182133268013936,0.1670542333059572,0.05934190112804384,0.08432939208105848,1.0250305906112818,0.3552253657610704,329.71539341057223,12.114434784165375,317.60095862640685
P5,P2,R_log,G02,"{""lambda"":0.001}",56582,2603,ok,2603,4.5804646158649955,2.140202003518592,1.8682956461762805,-0.4916613260109899,2.9275269962016206,1.6859286818366346,1.2415983143649858,0.09470934419471914,0.1020529603392008,0.10756957034677293,1.1108740105315047,1.0775384541717812,11922.949395096583,4012.6972721310344,7910.252122965547
P5,P3,R_log,G02,"{""lambda"":0.001}",58824,509,ok,509,1.351219485187071,1.1624196682726384,0.8979956637166456,0.023016067366501303,1.780364889623482,1.6537254401459056,0.12663944947757624,0.13819670359104097,0.1943250588256442,0.24250471207247082,-0.5450183148037668,1.4061482928037219,687.7707179602191,8.163113033467644,679.6076049267516
P5,P4,R_log,G02,"{""lambda"":0.001}",58718,576,ok,576,1.9813857805174306,1.4076170574831177,1.0873326914031867,-0.13526806046152529,1.582593810997146,1.9844920751728903,-0.4018982641757447,0.28413431629791525,0.06688931337900424,0.09765314579529707,1.1154157733566294,0.23541441333285032,1141.27820957804,93.03679569454657,1048.2414138834934
P5,P1,R_log,G02,"{""lambda"":0.1}",59108,270,ok,270,1.2347797477379105,1.1112064379483726,0.8431820129109115,-0.0581973386544401,1.7064488001878504,1.9618170689586207,-0.25536826877077035,0.14782049228527375,0.0660956716171414,0.0818928780132991,0.8292523116756165,0.4471347009830385,333.39053188923583,17.607497227644707,315.78303466159116
P5,P2,R_log,G02,"{""lambda"":0.1}",56582,2603,ok,2603,4.8075156959456775,2.1926047742230423,1.9167298491086124,-0.5656021472133428,2.9275269962016206,1.613549318063228,1.313977678138392,0.05994554829439911,0.0020906783749541037,0.010558793873232839,2.8712523809519688,0.03487629080789366,12513.9633565466,4494.176692495434,8019.786664051167
P5,P3,R_log,G02,"{""lambda"":0.1}",58824,509,ok,509,1.3772568895829933,1.1735658863408536,0.9115282498955907,0.004190017253129064,1.780364889623482,1.6556883253343448,0.12467656428913695,0.11249264559243607,0.12482461881828655,0.1638204113015277,-0.05682778198031535,1.1096247062277256,701.0237567977435,7.91202105261814,693.1117357451253
P5,P4,R_log,G02,"{""lambda"":0.1}",58718,576,ok,576,1.947831716472638,1.3956474183950036,1.0773495195198324,-0.11604269931111588,1.582593810997146,1.9628845401935644,-0.38029072919641815,0.21642991965375546,0.031562755475593916,0.050335498837127436,1.2963392817339685,0.14583360528936118,1121.9510686882395,83.30171829854024,1038.6493503896993
P5,P1,R_log,P00,"{""lambda"":0}",59108,270,ok,270,1.739938300376824,1.3190672084381538,1.0413871489461362,-0.4911145750930235,1.7064488001878504,2.473552281514079,-0.767103481326228,0.13494621435124549,0.11631072659883587,0.15177162588079895,-0.4255166241571968,0.861904330981052,469.7833411017425,158.880892786961,310.9024483147814
P5,P2,R_log,P00,"{""lambda"":0}",56582,2603,ok,2603,4.8781412318961195,2.208651450975486,1.931425520533441,-0.5886018621857461,2.9275269962016206,1.5706278077779872,1.3568991884236332,0.09807099232705997,0.10506727158675767,0.11041157488831808,1.2448522875457921,1.0713389259523918,12697.8016266256,4792.579585838892,7905.222040786708
P5,P3,R_log,P00,"{""lambda"":0}",58824,509,ok,509,1.6243222474602763,1.2744890142564103,0.958724607580552,-0.17444778926357674,1.780364889623482,2.321554692922533,-0.5411898032990513,0.1283027697139851,0.20959019638725884,0.2619523867763225,-2.0120326174457612,1.6335594068193637,826.7800239572806,149.0791792261867,677.7008447310939
P5,P4,R_log,P00,"{""lambda"":0}",58718,576,ok,576,2.8231334601617104,1.6802182775347108,1.3201979287933199,-0.6175614457598679,1.582593810997146,2.6119399666066756,-1.0293461556095298,0.20412220821823018,0.07640839566930817,0.12039771409018973,0.6048749034121629,0.374326715041309,1626.1248730531452,610.3028206472362,1015.8220524059091
P5,P1,R_log,P00,"{""lambda"":0.001}",59108,270,ok,270,1.743357939644542,1.3203628060667802,1.042739051643099,-0.49404518128322605,1.7064488001878504,2.4759039337492807,-0.7694551335614299,0.13448480375379732,0.11686510656910402,0.15243044806553718,-0.44507143850159747,0.8689837312998586,470.70664370402636,159.85652469229024,310.85011901173596
P5,P2,R_log,P00,"{""lambda"":0.001}",56582,2603,ok,2603,4.885665384728274,2.210354131067751,1.933039344310796,-0.5910521568025511,2.9275269962016206,1.5682218877376066,1.3593051084640138,0.09634229181002368,0.10353649495514651,0.10881492647285931,1.2422007026516688,1.0746733652476217,12717.386996447696,4809.590113664236,7907.79688278346
P5,P3,R_log,P00,"{""lambda"":0.001}",58824,509,ok,509,1.6259566540626595,1.2751300537837933,0.9594353299123385,-0.1756295284313607,1.780364889623482,2.322563856117571,-0.5421989664940894,0.12749657735687195,0.20857247171785337,0.2610695247913251,-2.019132275206728,1.635906437974756,827.6119369178937,149.63567710703467,677.976259810859
P5,P4,R_log,P00,"{""lambda"":0.001}",58718,576,ok,576,2.8240117934593587,1.680479631968016,1.320347928763674,-0.618064701485767,1.582593810997146,2.612448035534601,-1.0298542245374551,0.20263045325533885,0.07571102010706002,0.11957108714817667,0.6064764378707633,0.3736408762391455,1626.6307930325906,610.9054409074424,1015.7253521251483
P5,P1,R_log,P00,"{""lambda"":0.1}",59108,270,ok,270,1.7594550112088023,1.3264444998599838,1.0501406676186356,-0.5078402555226893,1.7064488001878504,2.489060070494708,-0.7826112703068578,0.11516875461611809,0.1316106638429465,0.1487671406283254,-1.1379585159691776,1.1427636278748763,475.0528530263766,165.3697081110547,309.683144915322
P5,P2,R_log,P00,"{""lambda"":0.1}",56582,2603,ok,2603,5.055788650874337,2.248508094464936,1.9689831261424342,-0.6464540249636559,2.9275269962016206,1.521893013971035,1.4056339822305854,0.06015608879740492,0.004991094475689621,0.01232158502735809,2.801256954939411,0.0829690655670575,13160.2178582259,5143.02533987968,8017.192518346219
P5,P3,R_log,P00,"{""lambda"":0.1}",58824,509,ok,509,1.6259259520772766,1.2751180149606847,0.9618978812709628,-0.17560732970883808,1.780364889623482,2.305037452576788,-0.5246725629533061,0.1018523698940571,0.16595390957213618,0.2154993747102439,-1.9753648726118835,1.6293573703268278,827.5963096073339,140.1181808428394,687.4781287644944
P5,P4,R_log,P00,"{""lambda"":0.1}",58718,576,ok,576,2.7465135409379764,1.6572608548258105,1.2960715466186368,-0.57366078393765,1.582593810997146,2.572101779193199,-0.989507968196053,0.1565470899325391,0.03785699800862106,0.06919341731777374,0.9605953313393757,0.24182498713284784,1581.9917995802743,563.9765870151251,1018.0152125651493
P5,P1,R_log,P02,"{""lambda"":0}",59108,270,ok,270,1.7027164244024613,1.3048817664457042,1.0181790485734017,-0.4592156958249154,1.7064488001878504,2.3863751479450936,-0.6799263477572431,0.2559655470521445,0.004864507918956191,0.035709473350061256,1.661096834118705,0.019004541724379743,459.7334345886645,124.82095636111596,334.91247822754855
P5,P2,R_log,P02,"{""lambda"":0}",56582,2603,ok,2603,5.2124045843885165,2.2830691151142393,1.9984218912443155,-0.6974571328691388,2.9275269962016206,1.461572786663616,1.4659542095380047,0.14442983848230517,0.08047945820037722,0.07254788655832296,2.1131067404764545,0.5572218251164023,13567.889133163308,5593.903600835097,7973.985532328212
P5,P3,R_log,P02,"{""lambda"":0}",58824,509,ok,509,1.511310377941888,1.229353642342954,0.941339056309886,-0.09273583800271035,1.780364889623482,1.9811695476935407,-0.20080465807005887,0.20725410022485805,-0.04976220401471214,-0.06247126855006268,2.256048425500937,-0.24010238620477548,769.2569823724209,20.52415794764033,748.7328244247806
P5,P4,R_log,P02,"{""lambda"":0}",58718,576,ok,576,2.927187045656811,1.7109024068183467,1.3572394870574636,-0.677180684653488,1.582593810997146,2.557126696792362,-0.9745328857952159,0.3698609144870924,0.005097997885145131,0.03325429682037272,1.5473475171021187,0.013783553994113783,1686.0597382983233,547.0354630058984,1139.024275292425
P5,P1,R_log,P02,"{""lambda"":0.001}",59108,270,ok,270,1.6957367662327412,1.302204579255019,1.0160763360206657,-0.4532341791103385,1.7064488001878504,2.3866429202320254,-0.6801941200441749,0.24676102863987714,0.008422262929312294,0.040386470636534805,1.6249896884984147,0.03413125231214577,457.8489268828401,124.91929105452074,332.92963582831936
P5,P2,R_log,P02,"{""lambda"":0.001}",56582,2603,ok,2603,5.255662857248008,2.2925232511902705,2.0081099796175597,-0.7115445013057464,2.9275269962016206,1.4476010078859614,1.479925988315659,0.12879033320238079,0.07100944184234964,0.06611854917191526,2.129382158584998,0.551356923122216,13680.490417416564,5701.040963112085,7979.449454304477
P5,P3,R_log,P02,"{""lambda"":0.001}",58824,509,ok,509,1.5012213404577188,1.2252433800913674,0.9332205918092378,-0.08544107380945576,1.780364889623482,2.009099636804331,-0.2287347471808487,0.1901213530131898,-0.030154062600286767,-0.03537659829729197,2.0990167151983203,-0.1586042920607388,764.1216622929788,26.630668545054373,737.4909937479244
P5,P4,R_log,P02,"{""lambda"":0.001}",58718,576,ok,576,2.9026612412267325,1.7037198247442953,1.3501802955857636,-0.663128215568279,1.582593810997146,2.557173791338677,-0.9745799803415309,0.3559846380850288,0.010961329720333188,0.03547473641261418,1.5038543877741624,0.030791580724657586,1671.9328749465978,547.0883355355193,1124.8445394110781
P5,P1,R_log,P02,"{""lambda"":0.1}",59108,270,ok,270,1.6646857998562357,1.290227034229339,1.0081146041019549,-0.4266237248633671,1.7064488001878504,2.383546768615219,-0.6770979684273687,0.2038636949347992,0.019216311386286704,0.046731406920094386,1.4817742845800739,0.09426058618447282,449.46516596118363,123.78464788908688,325.6805180720967
P5,P2,R_log,P02,"{""lambda"":0.1}",56582,2603,ok,2603,5.569566117783156,2.3599928215533104,2.0703294341389475,-0.8137693612527559,2.9275269962016206,1.373545502560067,1.5539814936415537,0.08385637887932655,-0.12116784642093231,-0.10634639711286198,4.912224555654561,-1.4449448931642852,14497.580604589553,6285.876630156869,8211.703974432683
P5,P3,R_log,P02,"{""lambda"":0.1}",58824,509,ok,509,1.4987895934387787,1.224250625255621,0.9281896485778542,-0.0836828266913685,1.780364889623482,2.085610925001223,-0.3052460353777416,0.14499717210737342,0.016243708482249784,0.024864123998509877,1.5467185682453808,0.11202776058433055,762.8839030603384,47.4261473359392,715.4577557243992
P5,P4,R_log,P02,"{""lambda"":0.1}",58718,576,ok,576,2.7758832692314854,1.6660982171623273,1.3123164966799366,-0.5904886600655117,1.582593810997146,2.534849209446802,-0.9522553984496559,0.2901668926324493,0.022864136902472965,0.040481857882644065,1.3828565534964066,0.07879650464270795,1598.9087630773356,522.3112380728714,1076.5975250044642
P5,P1,R_log,S01,"{""lambda"":0}",3687,270,ok,270,12.164449310365189,3.4877570601125862,3.302398130437633,-9.424845329709381,1.7064488001878504,-1.590524469861578,3.2969732700494285,0.36563067965488016,0.033339832574118496,0.033238204201755765,1.8514798998217123,0.09118445040112072,3284.401313798601,2934.908840723514,349.49247307508745
P5,P2,R_log,S01,"{""lambda"":0}",1354,2603,ok,2603,232.92847296194103,15.261994396602988,15.156193863626077,-74.85483656847546,2.9275269962016206,-12.228666867424456,15.156193863626077,0.1929385213720063,-0.02805160752009942,0.029146725304375436,1.1495836336232987,-0.14539142997790927,606312.8151199325,597935.682960019,8377.132159913479
P5,P3,R_log,S01,"{""lambda"":0}",3449,509,ok,509,3.1307030119672814,1.7693792730693105,1.4121310681170294,-1.2636193261495756,1.780364889623482,2.886307315302684,-1.105942425679202,0.46379556195649646,-0.1769725410438734,-0.1787270808347105,2.8817060444803033,-0.3815744598704745,1593.5278330913463,622.5623022988535,970.9655307924932
P5,P4,R_log,S01,"{""lambda"":0}",3380,576,ok,576,2.269337675601305,1.5064321012250452,1.1659982642658475,-0.30025490585653003,1.582593810997146,1.169729754458959,0.4128640565381868,0.4942561308707937,0.04218485422194898,0.06487244715443881,1.482757155285885,0.08535018907631271,1307.1385011463515,98.18307600835226,1208.955425137999
P5,P1,R_log,S01,"{""lambda"":0.001}",3687,270,ok,270,2.721358629739114,1.6496540939661,1.3550146882627763,-1.332184719412377,1.7064488001878504,0.5079798763856198,1.1984689238022308,0.3556550330786372,0.03546739612444453,0.03314064608092456,1.6557909384304672,0.09972415072389122,734.7668300295608,387.80849555631283,346.958334473248
P5,P2,R_log,S01,"{""lambda"":0.001}",1354,2603,ok,2603,52.57795735343787,7.251065946013584,7.029134139361438,-16.12239088435085,2.9275269962016206,-4.101607143159818,7.029134139361438,0.1680166667390636,-0.011466705416333267,0.03809539980743806,2.6476028567876164,-0.06824742829913122,136860.42299099878,128610.91572800222,8249.507262996529
P5,P3,R_log,S01,"{""lambda"":0.001}",3449,509,ok,509,2.8417628551326515,1.6857529045303916,1.3325792183674845,-1.0547044208994083,1.780364889623482,2.7498453718427927,-0.9694804822193107,0.45962414662565704,-0.1782668686300288,-0.17883985052537152,2.8469022490160523,-0.3878535754458938,1446.4572932625197,478.40523435073135,968.0520589117885
P5,P4,R_log,S01,"{""lambda"":0.001}",3380,576,ok,576,2.144134739731789,1.4642864268071971,1.1296055679673909,-0.22851779359586022,1.582593810997146,1.3585479259711046,0.22404588502604167,0.49152026216113875,0.04255707645834643,0.06413308680924863,1.4649672706309909,0.08658254752556806,1235.0216100855105,28.91321775193091,1206.1083923335796
P5,P1,R_log,S01,"{""lambda"":0.1}",3687,270,ok,270,1.6562715733949605,1.2869621491694931,1.0028722467862878,-0.4194127934689471,1.7064488001878504,2.3462935927180895,-0.6398447925302388,0.2534944219486917,-0.008480186262306023,-0.0369582172967007,1.7849397055866751,-0.03345314739912667,447.19332481663935,110.5383668025774,336.654958014062
P5,P2,R_log,S01,"{""lambda"":0.1}",1354,2603,ok,2603,5.645557168345736,2.3760381243460165,2.088208793962104,-0.838516394742445,2.9275269962016206,1.3526014745618786,1.5749255216397418,0.13445288738877478,-0.04716075573977165,-0.017896545630670953,3.4019661026718135,-0.35076045338769757,14695.38530920395,6456.456207847889,8238.929101356058
P5,P3,R_log,S01,"{""lambda"":0.1}",3449,509,ok,509,1.761638353105052,1.3272672500687464,1.0520142097332619,-0.2737326429660649,1.780364889623482,1.7697042211868759,0.01066066843660605,0.3611877676519269,-0.19822635074087705,-0.21011064000057864,2.751610433007068,-0.5488180068487417,896.6739217304714,0.057847774421261475,896.6160739560501
P5,P4,R_log,S01,"{""lambda"":0.1}",3380,576,ok,576,2.2791558294986443,1.5096873283891086,1.1656881082172845,-0.30588038103755966,1.582593810997146,2.1331081739549234,-0.5505143629577771,0.40189343371004443,0.03643342893567929,0.05847755093925802,1.3892180587474248,0.09065445185144544,1312.7937577912192,174.56605276193693,1138.227705029282
P5,P1,R_log,S02,"{""lambda"":0}",3687,270,ok,270,19.805170318995643,4.450300025728113,4.307074079869448,-15.972888129687334,1.7064488001878504,-2.600625279681598,4.307074079869448,0.3344227864399772,0.055209982677686315,0.04673567508788074,2.135786998612748,0.16509037337261548,5347.395986128824,5008.739524960479,338.65646116834654
P5,P2,R_log,S02,"{""lambda"":0}",1354,2603,ok,2603,24.89811551383108,4.989801149728422,4.699673853570459,-7.108250825450918,2.9275269962016206,-1.750851523743193,4.678378519944814,0.1614793903797045,0.1410631333566773,0.1813571924647762,4.4570138328857,0.8735674133087814,64809.7946825023,56972.44817401831,7837.346508483986
P5,P3,R_log,S02,"{""lambda"":0}",3449,509,ok,509,3.136532902604148,1.7710259463384912,1.4173493476165175,-1.2678345624925007,1.780364889623482,2.9277713876416227,-1.1474064980181404,0.4257411986121828,-0.1581576578373499,-0.16058686101895028,2.8679962179093996,-0.3714877920034685,1596.4952474255115,670.1197108923747,926.3755365331366
P5,P4,R_log,S02,"{""lambda"":0}",3380,576,ok,576,2.5187953532786524,1.5870713132303327,1.2386971182219473,-0.44318584676095196,1.582593810997146,0.8731437610634252,0.7094500499337207,0.4602894323404894,0.06198898800942047,0.0849641738007604,1.4650041069280269,0.13467393264758992,1450.8261234885038,289.9119590501523,1160.9141644383515
P5,P1,R_log,S02,"{""lambda"":0.001}",3687,270,ok,270,3.563300191053752,1.8876705727042926,1.5956673724580468,-2.053722565427342,1.7064488001878504,0.1848263634227122,1.5216224367651383,0.3263206492818784,0.05667410365278334,0.04361838825819611,1.6743488748492688,0.17367611819081608,962.091051584513,625.1404068181108,336.9506447664022
P5,P2,R_log,S02,"{""lambda"":0.001}",1354,2603,ok,2603,10.434991079019007,3.2303236802244766,2.9113393005967234,-2.3982300782172703,2.9275269962016206,0.20104001450437392,2.7264869816972466,0.15343537992672912,0.15042331821247754,0.1939029277488078,2.7304335612345763,0.9803691839803189,27162.281778686476,19350.002473331955,7812.279305354519
P5,P3,R_log,S02,"{""lambda"":0.001}",3449,509,ok,509,2.8319721320585365,1.6828464374560552,1.331489523784593,-1.047625349558937,1.780364889623482,2.7877134027276487,-1.0073485131041664,0.4227333253435106,-0.15993257377265901,-0.1615918674146555,2.8350396756164677,-0.3783297038214312,1441.4738152177952,516.508272668266,924.9655425495293
P5,P4,R_log,S02,"{""lambda"":0.001}",3380,576,ok,576,2.2276186450804762,1.4925209027281583,1.1592898309870114,-0.2763512908566548,1.582593810997146,1.12243188544113,0.4601619255560163,0.45944068447007863,0.06100850098864659,0.08224038676752904,1.4335476139421193,0.13278863420424808,1283.1083395663543,121.96742269329832,1161.1409168730559
P5,P1,R_log,S02,"{""lambda"":0.1}",3687,270,ok,270,1.6391301316606846,1.2802851759122593,0.9952572701862759,-0.4047227015257149,1.7064488001878504,2.338381140865029,-0.6319323406771785,0.24545840289308452,-0.004568337967741439,-0.036928340122196146,1.7499694750678108,-0.01861145478784562,442.56513554838483,107.82139046230915,334.74374508607565
P5,P2,R_log,S02,"{""lambda"":0.1}",1354,2603,ok,2603,5.355907903325103,2.3142834535391517,2.0335473860394795,-0.744190023299186,2.9275269962016206,1.4268393419271597,1.5006876542744607,0.10178247254950125,-0.0021106630473906804,0.040948535598131726,2.9571153624314177,-0.020736999156354578,13941.428272355242,5862.121123105711,8079.307149249529
P5,P3,R_log,S02,"{""lambda"":0.1}",3449,509,ok,509,1.7268439167855565,1.3140943332902537,1.0385104740556366,-0.24857492018168692,1.780364889623482,1.799279879145152,-0.01891498952167035,0.3464139653955991,-0.18520269258420985,-0.1991595562269819,2.7423107452119804,-0.534628251412184,878.9635536438483,0.18210840575989365,878.7814452380883
P5,P4,R_log,S02,"{""lambda"":0.1}",3380,576,ok,576,2.205656412666899,1.485145249686676,1.1424539066657202,-0.26376766315490774,1.582593810997146,2.0913961008986868,-0.5088022899015407,0.39317876954544595,0.04978825258766661,0.07079251874063629,1.3177601897596967,0.1266300635846306,1270.458093696134,149.11474764041367,1121.3433460557203
P5,P1,R_log,S03,"{""control_lambda"":0.001,""difference_penalty"":0.01,""n_knots"":3}",3687,270,ok,270,3.846817924436626,1.9613306514804245,1.670136245666008,-2.296695218223699,1.7064488001878504,0.10043771293365672,1.606011087254194,0.338606049579792,0.04190121364497491,0.02406469215234641,1.6940200143676665,0.12374620505739352,1038.640839597889,696.4033353435175,342.23750425437163
P5,P2,R_log,S03,"{""control_lambda"":0.001,""difference_penalty"":0.01,""n_knots"":3}",1354,2603,ok,2603,8.761398560703627,2.959965972896247,2.6514363876132827,-1.8532126084990912,2.9275269962016206,0.5289537754852657,2.398573220716355,0.11936490792287671,0.14489722166924177,0.19708412887179513,2.285429299374413,1.2139013399387182,22805.920453511542,14975.458547843244,7830.461905668292
P5,P3,R_log,S03,"{""control_lambda"":0.001,""difference_penalty"":0.01,""n_knots"":3}",3449,509,ok,509,2.732498718040832,1.653027137720622,1.303644399174115,-0.9757022250888643,1.780364889623482,2.7680183796272915,-0.9876534900038096,0.4005005639025693,-0.1373364474662987,-0.1365925836174115,2.7295515950682026,-0.34291199524929705,1390.8418474827836,496.508842905203,894.3330045775805
P5,P4,R_log,S03,"{""control_lambda"":0.001,""difference_penalty"":0.01,""n_knots"":3}",3380,576,ok,576,2.331009457766219,1.5267643753265332,1.1845299672255143,-0.3355907830047369,1.582593810997146,0.9835518730328529,0.5990419379642932,0.456946452074098,0.08624543131835485,0.11731004893377366,1.3969553075605579,0.18874297180092642,1342.661447673342,206.69831622144926,1135.9631314518927
P5,P1,R_log,S03,"{""control_lambda"":0.1,""difference_penalty"":0.01,""n_knots"":3}",3687,270,ok,270,1.629288609190503,1.2764359009329467,0.9877178677601667,-0.3962885877452349,1.7064488001878504,2.320617162281219,-0.614168362093368,0.2634169977663344,-0.00690922290807924,-0.03276413270834162,1.7673167828711016,-0.026229221981370104,439.9079244814358,101.8447497890416,338.0631746923941
P5,P2,R_log,S03,"{""control_lambda"":0.1,""difference_penalty"":0.01,""n_knots"":3}",1354,2603,ok,2603,4.210764566259184,2.0520147578073566,1.7899471576368051,-0.37126583942404845,2.9275269962016206,1.8375995172894304,1.0899274789121902,0.09771202417615564,0.12866199396323308,0.16284465517498595,0.5078737345508624,1.3167467877984056,10960.620165972656,3092.2127898763592,7868.407376096297
P5,P3,R_log,S03,"{""control_lambda"":0.1,""difference_penalty"":0.01,""n_knots"":3}",3449,509,ok,509,1.6947962602230264,1.301843408487759,1.0261461747479774,-0.22540322536571566,1.780364889623482,1.8133165014446795,-0.032951611821197595,0.3428323034839121,-0.15617570788538693,-0.17302333732813022,2.6064130343154988,-0.4555454847699779,862.6512964535204,0.5526766393019785,862.0986198142185
P5,P4,R_log,S03,"{""control_lambda"":0.1,""difference_penalty"":0.01,""n_knots"":3}",3380,576,ok,576,2.068313610602513,1.4381632767535517,1.1040483201055151,-0.1850748118933685,1.582593810997146,2.0128884860730247,-0.43029467507587815,0.38691318582456746,0.09138199097795073,0.12318810676380702,1.1071854656290765,0.2361821574604717,1191.3486397070474,106.6484202616256,1084.7002194454217
P5,P1,R_log,S03,"{""control_lambda"":0.001,""difference_penalty"":1,""n_knots"":3}",3687,270,ok,270,3.0245607422612784,1.7391264307868126,1.4368946091539758,-1.5920267431685526,1.7064488001878504,0.39023970998429675,1.316209090203554,0.3688181602033807,0.03885364057128592,0.0313535032549479,1.665338477908677,0.10534633259343998,816.6314004105452,467.74971966630613,348.88168074423925
P5,P2,R_log,S03,"{""control_lambda"":0.001,""difference_penalty"":1,""n_knots"":3}",1354,2603,ok,2603,17.10200636799268,4.135457213899411,3.8128010667602124,-4.56939167436639,2.9275269962016206,-0.8159617616703794,3.743488757872,0.12403196613031338,0.038930792535194186,0.09963787561463455,3.1836386991062278,0.3138770895100687,44516.52257588494,36477.682133057475,8038.840442827469
P5,P3,R_log,S03,"{""control_lambda"":0.001,""difference_penalty"":1,""n_knots"":3}",3449,509,ok,509,2.810925013499716,1.6765813471167201,1.325908532870722,-1.0324074690549763,1.780364889623482,2.7458954101435102,-0.9655305205200284,0.4512016684663685,-0.1715112413716207,-0.17077804636855295,2.824137471562533,-0.38012102649040796,1430.7608318713555,474.51483570233955,956.2459961690158
P5,P4,R_log,S03,"{""control_lambda"":0.001,""difference_penalty"":1,""n_knots"":3}",3380,576,ok,576,2.2226885189393926,1.4908683774697862,1.1500638174950686,-0.27352649277994856,1.582593810997146,1.1809328469849254,0.4016609640122206,0.47764140222855495,0.04925495312281182,0.06950723114469107,1.4608146022685067,0.10312119697538898,1280.2685869090901,92.9269612864664,1187.3416256226237
P5,P1,R_log,S03,"{""control_lambda"":0.1,""difference_penalty"":1,""n_knots"":3}",3687,270,ok,270,1.6687480839718942,1.2918003266650362,1.0066126630300802,-0.43010507305353873,1.7064488001878504,2.3421245325364173,-0.635675732348567,0.27197555272021356,-0.018085466239935694,-0.04654848544353587,1.862192262198524,-0.0664966614059631,450.56198267241143,109.1025819081595,341.45940076425194
P5,P2,R_log,S03,"{""control_lambda"":0.1,""difference_penalty"":1,""n_knots"":3}",1354,2603,ok,2603,4.700818722933078,2.16813715500959,1.8970695663735404,-0.5308555086967877,2.9275269962016206,1.664537708488157,1.2629892877134636,0.09357209537215415,-0.014054927831096398,0.034862941187225514,3.1775476596472068,-0.15020426522669264,12236.231135794802,4152.154472107939,8084.076663686862
P5,P3,R_log,S03,"{""control_lambda"":0.1,""difference_penalty"":1,""n_knots"":3}",3449,509,ok,509,1.8202873451739392,1.3491802493269531,1.0738034018336091,-0.31613813189262485,1.780364889623482,1.7215562508289153,0.05880863879456656,0.39028022808909646,-0.20667057467709002,-0.22215269544254354,2.69200476807647,-0.5295440552779154,926.526258693535,1.760354102406728,924.7659045911283
P5,P4,R_log,S03,"{""control_lambda"":0.1,""difference_penalty"":1,""n_knots"":3}",3380,576,ok,576,2.287110553220867,1.5123195936113725,1.1704982347246902,-0.31043817279140806,1.582593810997146,2.147250393750637,-0.5646565827534907,0.40341108345773796,0.04336190191420345,0.06347281673108889,1.351789887215503,0.10748812735271833,1317.3756786552194,183.65014451338544,1133.725534141834
P5,P1,R_log,S03,"{""control_lambda"":0.001,""difference_penalty"":0.01,""n_knots"":5}",3687,270,ok,270,3.914619931113246,1.9785398482500285,1.6861579941552927,-2.354801048961586,1.7064488001878504,0.08428477576581625,1.6221640244220343,0.35313234428807766,0.03540604970884008,0.02312721958498403,1.69799816968421,0.10026283426464219,1056.9473814005764,710.4823529748545,346.465028425722
P5,P2,R_log,S03,"{""control_lambda"":0.001,""difference_penalty"":0.01,""n_knots"":5}",1354,2603,ok,2603,9.417594828794602,3.0688100020683264,2.75566214929836,-2.066907654192442,2.9275269962016206,0.3970471905414817,2.5304798056601387,0.12009073349111749,0.13658037454966346,0.1859092701970663,2.475961313974705,1.1373098538012147,24513.99933935235,16667.862905960374,7846.136433391977
P5,P3,R_log,S03,"{""control_lambda"":0.001,""difference_penalty"":0.01,""n_knots"":5}",3449,509,ok,509,2.6654145294853264,1.6326097296921045,1.2836241444828278,-0.92719776295597,1.780364889623482,2.738308794214633,-0.9579439045911518,0.4118023674790254,-0.11427256407064512,-0.111944760805226,2.5402283383153854,-0.2774937035214239,1356.695995508031,467.0871708907609,889.6088246172703
P5,P4,R_log,S03,"{""control_lambda"":0.001,""difference_penalty"":0.01,""n_knots"":5}",3380,576,ok,576,2.3493024859542198,1.532743450794757,1.1904439850713096,-0.34607207889126346,1.582593810997146,0.9662452577025182,0.6163485532946278,0.45503224032833495,0.0864158793498762,0.11441094252133953,1.3990926736892468,0.189911552833095,1353.1982319096305,218.81407054946726,1134.384161360163
P5,P1,R_log,S03,"{""control_lambda"":0.1,""difference_penalty"":0.01,""n_knots"":5}",3687,270,ok,270,1.6364000231694285,1.2792185204918776,0.9909320912040374,-0.40238301823808587,1.7064488001878504,2.3170774577443582,-0.6106286575565077,0.2724736469984608,-0.015774908517064316,-0.043411382120557396,1.8405963969390169,-0.05789517148112832,441.82800625574566,100.67418650590096,341.1538197498446
P5,P2,R_log,S03,"{""control_lambda"":0.1,""difference_penalty"":0.01,""n_knots"":5}",1354,2603,ok,2603,4.254537909250929,2.0626531238312777,1.8001759733381952,-0.3855209441627345,2.9275269962016206,1.8215834830617148,1.105943513139906,0.09582794401291043,0.11466897271323612,0.14738759474690305,0.74779634596515,1.1966130954222216,11074.562177780168,3183.7580742289865,7890.8041035511815
P5,P3,R_log,S03,"{""control_lambda"":0.1,""difference_penalty"":0.01,""n_knots"":5}",3449,509,ok,509,1.6879196849785958,1.2991996324578436,1.0234004736284334,-0.2204311955815066,1.780364889623482,1.8000881475986814,-0.019723257975199658,0.3573603422458497,-0.1293421560953105,-0.14383869611345212,2.4318845314192448,-0.36193763214589797,859.1511196541053,0.19800451472454494,858.9531151393808
P5,P4,R_log,S03,"{""control_lambda"":0.1,""difference_penalty"":0.01,""n_knots"":5}",3380,576,ok,576,2.070498818052835,1.4389227978084282,1.1047306951557478,-0.18632686298217016,1.582593810997146,2.0201513379807645,-0.4375575269836184,0.3838577007846387,0.09211502131461388,0.12282743627769473,1.0978144691304408,0.23997179456429477,1192.6073191984328,110.27899550593148,1082.3283236925015
P5,P1,R_log,S03,"{""control_lambda"":0.001,""difference_penalty"":1,""n_knots"":5}",3687,270,ok,270,4.034778583374905,2.008675828344361,1.7215694750046706,-2.4577761473728863,1.7064488001878504,0.038296997296533394,1.6681518028913171,0.33232168952363006,0.05633317833295247,0.040057516847857084,1.699956923050927,0.16951399836015466,1089.3902175112244,751.3372181221789,338.05299938904545
P5,P2,R_log,S03,"{""control_lambda"":0.001,""difference_penalty"":1,""n_knots"":5}",1354,2603,ok,2603,15.306110751728472,3.9123024872482026,3.5888757945952148,-3.984545319030426,2.9275269962016206,-0.575466760045614,3.502993756247234,0.10339868219722885,0.10771062977846971,0.1666326733515711,3.52699195865498,1.041702152190064,39841.80628674921,31941.3225621674,7900.483724581806
P5,P3,R_log,S03,"{""control_lambda"":0.001,""difference_penalty"":1,""n_knots"":5}",3449,509,ok,509,2.861824544756451,1.691692804487993,1.3432507440760806,-1.069209798181781,1.780364889623482,2.8389599120846136,-1.0585950224611316,0.38927549784400073,-0.13797467718453382,-0.1398849761962055,2.786604890803006,-0.3544396653493617,1456.6686932810335,570.3973215839573,886.2713716970762
P5,P4,R_log,S03,"{""control_lambda"":0.001,""difference_penalty"":1,""n_knots"":5}",3380,576,ok,576,2.3755210275305405,1.5412725351249663,1.199991057596658,-0.36109442998318797,1.582593810997146,0.9441437772180683,0.6384500337790779,0.446830600077291,0.08069607187903126,0.10917752540059343,1.4120846871874728,0.18059656582398967,1368.3001118575912,234.78822468432332,1133.5118871732682
P5,P1,R_log,S03,"{""control_lambda"":0.1,""difference_penalty"":1,""n_knots"":5}",3687,270,ok,270,1.627712558068601,1.2758183875726987,0.9905405249380521,-0.39493792330015043,1.7064488001878504,2.340231793142277,-0.6337829929544261,0.2391946819026398,0.01361608797052235,-0.019512386339060245,1.5732317833487865,0.05692471029127875,439.4823906785223,108.45383818273292,331.0285524957893
P5,P2,R_log,S03,"{""control_lambda"":0.1,""difference_penalty"":1,""n_knots"":5}",1354,2603,ok,2603,4.37744709078446,2.092234951143026,1.8280109051375715,-0.4255472052695697,2.9275269962016206,1.7738467773733206,1.1536802188283,0.07183916524395326,0.09087144479430376,0.1386138557167824,0.6837367328229558,1.2649290186727558,11394.49477731195,3464.5358571628035,7929.958920149145
P5,P3,R_log,S03,"{""control_lambda"":0.1,""difference_penalty"":1,""n_knots"":5}",3449,509,ok,509,1.6922014668945011,1.300846442472939,1.0236878055578253,-0.22352708946161948,1.780364889623482,1.8283198646506327,-0.04795497502715097,0.3278095256905115,-0.17449957684694262,-0.19034795649981198,2.753616176480854,-0.5323200309062698,861.330546649301,1.1705369315960288,860.160009717705
P5,P4,R_log,S03,"{""control_lambda"":0.1,""difference_penalty"":1,""n_knots"":5}",3380,576,ok,576,2.0640941834191633,1.4366955778518855,1.1043033116174545,-0.18265722064899736,1.582593810997146,2.0130106340773475,-0.43041682308020146,0.367156259345432,0.0793851773939071,0.10741178408707705,1.1473480478799662,0.21621632581025693,1188.918249649438,106.70897755610117,1082.209272093337
P5,P1,R_log,S04,"{""control_lambda"":0.001}",3687,270,ok,270,3.2441821836847886,1.8011613430464215,1.5065447228574087,-1.7802407345719322,1.7064488001878504,0.3010365196451759,1.4054122805426745,0.3325725070274905,0.03470206461560996,0.02403146141743828,1.6750373379182957,0.1043443576433138,875.9291895948929,533.2995931410436,342.6295964538494
P5,P2,R_log,S04,"{""control_lambda"":0.001}",1354,2603,ok,2603,124.91290156217164,11.176444048183289,11.03917825274632,-39.67878698041689,2.9275269962016206,-8.1116512565447,11.03917825274632,0.15081170855568607,0.0983690200717469,0.1410606471624126,8.218463574746023,0.6522638130276533,325148.2827663328,317210.57725884666,7937.705507486086
P5,P3,R_log,S04,"{""control_lambda"":0.001}",3449,509,ok,509,2.767352311898472,1.6635360867436788,1.3119069859721877,-1.0009027210606445,1.780364889623482,2.735979236477662,-0.9556143468541798,0.44177117114320413,-0.16463605622110256,-0.16498246701219305,2.7999896655699663,-0.3726727024650829,1408.5823267563223,464.81817897599217,943.76414778033
P5,P4,R_log,S04,"{""control_lambda"":0.001}",3380,576,ok,576,2.1892643471644258,1.4796162837588758,1.1460443393539326,-0.2543755555739744,1.582593810997146,1.1758113004303163,0.40678251056682957,0.47210999570265416,0.06706301932084273,0.09062904955516773,1.415570327749214,0.1420495645745246,1261.0162639667092,95.31187828015841,1165.704385686551
P5,P1,R_log,S04,"{""control_lambda"":0.1}",3687,270,ok,270,1.640159235121946,1.280687016847577,0.9908429431749053,-0.4056046357701839,1.7064488001878504,2.3294283492722916,-0.622979549084441,0.2562705445685389,-0.01429763870701536,-0.04529882688951364,1.8364103803914893,-0.05579119024813041,442.8429934829254,104.78795001591241,338.055043467013
P5,P2,R_log,S04,"{""control_lambda"":0.1}",1354,2603,ok,2603,5.611744181195479,2.3689120247901734,2.0881563516003,-0.8275049516948887,2.9275269962016206,1.3169369934296982,1.6105900027719227,0.0820768516537394,0.14612226555489605,0.17464790007991768,0.5829704836683627,1.7803103141839238,14607.370103651832,6752.182408746127,7855.18769490571
P5,P3,R_log,S04,"{""control_lambda"":0.1}",3449,509,ok,509,1.77952428737191,1.333988113654657,1.058179586766792,-0.286664864999882,1.780364889623482,1.7859995539173306,-0.005634664293848625,0.37975495444592566,-0.18752630062130318,-0.20296965179244233,2.662307008709397,-0.4938087006525299,905.7778622723022,0.01616046582752567,905.7617018064745
P5,P4,R_log,S04,"{""control_lambda"":0.1}",3380,576,ok,576,2.104344221738936,1.4506357991373768,1.112849685832595,-0.20571915204372937,1.582593810997146,2.0273571102810157,-0.4447632992838701,0.391958288080835,0.07813740374088418,0.10488860016056031,1.1784374865356257,0.1993513241510271,1212.102271721627,113.94109001656707,1098.1611817050596
P5,P1,R_log,G05,"{""max_leaf_nodes"":7,""min_samples_leaf"":20}",59108,270,ok,270,1.1514746188240252,1.0730678537837322,0.810535295152104,0.013194556033202076,1.7064488001878504,1.80686482940258,-0.10041602921472924,0.14933982976600202,0.1477781375317233,0.19546633323461382,-0.08152109156219134,0.9895426944256889,310.89814708248684,2.722512309278406,308.17563477320846
P5,P2,R_log,G05,"{""max_leaf_nodes"":7,""min_samples_leaf"":20}",56582,2603,ok,2603,4.7716316829260785,2.1844064829893903,1.909313957924043,-0.5539162596599245,2.9275269962016206,1.6212055717013703,1.3063214245002501,0.0811585229035266,0.0517293138379628,0.07141612655237568,1.8941931106886554,0.6373860931334794,12420.557270656584,4441.956153674068,7978.601116982512
P5,P3,R_log,G05,"{""max_leaf_nodes"":7,""min_samples_leaf"":20}",58824,509,ok,509,1.3472779394643244,1.1607230244396483,0.8980919120670334,0.02586595732374286,1.780364889623482,1.6253403426955342,0.1550245469279477,0.14121481696556237,0.2237162132505248,0.24728942705882812,-0.7945418696284801,1.5842262027297165,685.7644711873411,12.23259856645967,673.5318726208815
P5,P4,R_log,G05,"{""max_leaf_nodes"":7,""min_samples_leaf"":20}",58718,576,ok,576,2.0257794483342226,1.4232987909550905,1.1025397615761539,-0.16070415355086864,1.582593810997146,2.0144491981943844,-0.43185538719723837,0.2525270699531956,0.019648440521543742,0.02728016233729772,1.4258550294410544,0.07780726448529039,1166.8489622405123,107.42346745993537,1059.4254947805769
P5,P1,R_log,G05,"{""max_leaf_nodes"":7,""min_samples_leaf"":50}",59108,270,ok,270,1.1420544184303534,1.0686694617281591,0.808021503273188,0.021267599832662798,1.7064488001878504,1.8017116813708394,-0.0952628811829888,0.14449945857722507,0.17275122541006616,0.22739589626672668,-0.44752398183542996,1.195514689888907,308.3546929761954,2.450254463446745,305.90443851274864
P5,P2,R_log,G05,"{""max_leaf_nodes"":7,""min_samples_leaf"":50}",56582,2603,ok,2603,4.750776294101717,2.1796275585754823,1.9044909026831114,-0.5471245519278154,2.9275269962016206,1.6264304301266441,1.3010965660749765,0.0839284424498487,0.06677700248818756,0.0850617439144755,1.6334704676972394,0.7956421034274537,12366.27069354677,4406.494469878206,7959.776223668567
P5,P3,R_log,G05,"{""max_leaf_nodes"":7,""min_samples_leaf"":50}",58824,509,ok,509,1.3525440390205286,1.1629892686609489,0.9018443996507064,0.022058363731094488,1.780364889623482,1.6150186231454415,0.16534626647804038,0.13036576934581906,0.2255999881206567,0.2508101520575833,-1.014449915095316,1.7305155276015098,688.4449158614491,13.915748409657615,674.5291674517915
P5,P4,R_log,G05,"{""max_leaf_nodes"":7,""min_samples_leaf"":50}",58718,576,ok,576,2.0229399354205415,1.4223009299794969,1.1023178054438465,-0.15907720722377405,1.582593810997146,2.0090026996631565,-0.4264088886660103,0.2516100424277456,0.0167119959368578,0.02397027630393253,1.449155397212257,0.06642022621834318,1165.213402802232,104.73093523202802,1060.482467570204
P5,P1,R_log,G05,"{""max_leaf_nodes"":15,""min_samples_leaf"":20}",59108,270,ok,270,1.1407452443120676,1.0680567608100553,0.801283232471825,0.02238955261034914,1.7064488001878504,1.7897720490679025,-0.08332324888005213,0.16110760074852035,0.16850573742705474,0.22002436340491227,-0.1655104218061354,1.0459204695753772,308.0012159642582,1.8745462270603193,306.126669737198
P5,P2,R_log,G05,"{""max_leaf_nodes"":15,""min_samples_leaf"":20}",56582,2603,ok,2603,4.7655322648071685,2.1830099094615143,1.9076442460395826,-0.5519299401744215,2.9275269962016206,1.621628250713525,1.305898745488096,0.09464877644091843,0.06547884871612655,0.0883313117564578,1.8056704345528922,0.6918087182775126,12404.68048529306,4439.082101615597,7965.598383677463
P5,P3,R_log,G05,"{""max_leaf_nodes"":15,""min_samples_leaf"":20}",58824,509,ok,509,1.3485054927292304,1.161251692239555,0.8976350651568527,0.02497838884992165,1.780364889623482,1.6259702454181726,0.15439464420530938,0.1490770857249099,0.21612291809254153,0.24607178979017508,-0.5768681650920673,1.4497393549223947,686.3892957991783,12.133392435075592,674.2559033641027
P5,P4,R_log,G05,"{""max_leaf_nodes"":15,""min_samples_leaf"":20}",58718,576,ok,576,2.019065900485124,1.4209383872938066,1.0942963329126534,-0.1568575142338795,1.582593810997146,2.0194353839357086,-0.4368415729385627,0.2361852201138118,0.017497917476226664,0.03673077662142339,1.4329827825015795,0.07408557346558291,1162.9819586794315,109.91840247212404,1053.0635562073076
P5,P1,R_log,G05,"{""max_leaf_nodes"":15,""min_samples_leaf"":50}",59108,270,ok,270,1.1375451603406692,1.066557621669204,0.8048377690572924,0.025132001495025147,1.7064488001878504,1.7798341341905783,-0.07338533400272786,0.1633682384175443,0.17272769338926494,0.21603438323080687,-0.17535299673477067,1.057290542288883,307.1371932919807,1.45405995660682,305.6831333353739
P5,P2,R_log,G05,"{""max_leaf_nodes"":15,""min_samples_leaf"":50}",56582,2603,ok,2603,4.795887663452505,2.1899515207996054,1.9137131975174762,-0.5618153945971154,2.9275269962016206,1.6103666471300688,1.3171603490715518,0.09338199406439522,0.0636696781715509,0.080081282586943,1.8295473783079783,0.6818196463832741,12483.695587966871,4515.974335587858,7967.721252379014
P5,P3,R_log,G05,"{""max_leaf_nodes"":15,""min_samples_leaf"":50}",58824,509,ok,509,1.3417985966575305,1.158360305197623,0.8961600271703072,0.029827734031608544,1.780364889623482,1.6316679198184252,0.14869696980505645,0.15130900954985363,0.2270489571083415,0.2499629616593468,-0.6680583777289333,1.5005646906540149,682.9754856986831,11.254391514065787,671.7210941846173
P5,P4,R_log,G05,"{""max_leaf_nodes"":15,""min_samples_leaf"":50}",58718,576,ok,576,1.969783363311303,1.4034897090151046,1.0813666380523557,-0.12862026183099995,1.582593810997146,1.9447498159845038,-0.36215600498735784,0.24854276491671667,0.016700990660008897,0.03414151632685747,1.4519150985281084,0.06719564202806376,1134.5952172673105,75.54641584228021,1059.0488014250304
P5,P1,R_log,S05,"{""max_leaf_nodes"":7,""min_samples_leaf"":20}",3687,270,ok,270,1.2438138329444288,1.1152640193893233,0.8601178359975216,-0.06593948452314957,1.7064488001878504,1.8767562428407123,-0.17030744265286174,0.2351005582651417,0.03017760260377674,0.042040558662947564,1.4655476109327776,0.12836040384788477,335.8297348949958,7.831248756198604,327.9984861387972
P5,P2,R_log,S05,"{""max_leaf_nodes"":7,""min_samples_leaf"":20}",1354,2603,ok,2603,4.9274296629765635,2.219781444867166,1.9422846654882282,-0.6046529951227424,2.9275269962016206,1.5785773818405913,1.3489496143610293,0.17688787876905332,0.054337734741520184,0.08953694461313146,2.442607850580524,0.3071874405394624,12826.099412727996,4736.5881566066555,8089.511256121341
P5,P3,R_log,S05,"{""max_leaf_nodes"":7,""min_samples_leaf"":20}",3449,509,ok,509,1.3474975692081332,1.1608176296077404,0.8936677303819516,0.025707156526994512,1.780364889623482,1.6933773693195382,0.08698752030394369,0.18430506334740393,0.17673584608110304,0.20202859540195403,0.15653276767490998,0.9589310400440086,685.8762627269398,3.8515158025121687,682.0247469244277
P5,P4,R_log,S05,"{""max_leaf_nodes"":7,""min_samples_leaf"":20}",3380,576,ok,576,1.7997440486669123,1.3415453956787717,1.0466537143838552,-0.031193397846878357,1.582593810997146,1.7029372530350004,-0.12034344203785431,0.16429645382452235,0.012471182971755689,0.03854598727067014,1.4533296572211827,0.07590658642623901,1036.6525720321415,8.341945367914597,1028.3106266642271
P5,P1,R_log,S05,"{""max_leaf_nodes"":7,""min_samples_leaf"":50}",3687,270,ok,270,1.2044086280585256,1.0974555244102266,0.8501914074869262,-0.03216950812388775,1.7064488001878504,1.8691894776529079,-0.16274067746505733,0.17609913393022017,0.061154322411472624,0.051668383889784744,1.0573313774422435,0.34727213613500896,325.1903295758019,7.15082258748217,318.0395069883197
P5,P2,R_log,S05,"{""max_leaf_nodes"":7,""min_samples_leaf"":50}",1354,2603,ok,2603,4.955144033051554,2.226015281405668,1.9476779393204358,-0.6136783795504337,2.9275269962016206,1.5750333503091085,1.352493645892512,0.16592996225321288,0.02880511026533486,0.054760728681001236,2.654104350218012,0.17359800408667395,12898.239918033196,4761.50927885355,8136.730639179645
P5,P3,R_log,S05,"{""max_leaf_nodes"":7,""min_samples_leaf"":50}",3449,509,ok,509,1.3235023722548447,1.1504357314751854,0.879227308107695,0.04305661169747976,1.780364889623482,1.7290071600434223,0.051357729580059665,0.22023331731769324,0.21219864806145472,0.24297831307417653,0.11443629027111824,0.9635174670476933,673.6627074777159,1.3425467412978347,672.3201607364181
P5,P4,R_log,S05,"{""max_leaf_nodes"":7,""min_samples_leaf"":50}",3380,576,ok,576,1.9183298782222435,1.3850378616565844,1.0685296070947932,-0.09913912857799567,1.582593810997146,1.9227800923219343,-0.34018628132478806,0.19482301047231806,0.013151488059583858,0.020072852269586557,1.4527969283595557,0.06750479847170077,1104.9580098560123,66.6585826569146,1038.2994271990979
P5,P1,R_log,S05,"{""max_leaf_nodes"":15,""min_samples_leaf"":20}",3687,270,ok,270,1.322168494958692,1.1498558583399452,0.8809554549484996,-0.13308886478028392,1.7064488001878504,2.018145410547057,-0.31169661035920626,0.26934182125001405,0.042171495918365574,0.06331189580865974,1.390462925626794,0.15657240202300504,356.98549363884683,26.231789765543088,330.7537038733038
P5,P2,R_log,S05,"{""max_leaf_nodes"":15,""min_samples_leaf"":20}",1354,2603,ok,2603,4.638057872416081,2.1536150706233648,1.8783301862659383,-0.5104169852379434,2.9275269962016206,1.7084703490381647,1.2190566471634556,0.21635066525823565,0.04702900796137538,0.08627792529874248,2.556149974777689,0.21737399284278464,12072.864641899057,3868.3159807098355,8204.548661189221
P5,P3,R_log,S05,"{""max_leaf_nodes"":15,""min_samples_leaf"":20}",3449,509,ok,509,1.314378394926243,1.1464634293889373,0.8700901505447317,0.04965360008424935,1.780364889623482,1.8250981228097438,-0.044733233186261954,0.26148578177105025,0.22845460018863525,0.24434290549160306,0.1858152390554808,0.8736788617771342,669.0186030174577,1.0185406350099124,668.0000623824478
P5,P4,R_log,S05,"{""max_leaf_nodes"":15,""min_samples_leaf"":20}",3380,576,ok,576,1.7640891551116717,1.3281901803249683,1.045786250317449,-0.010764331356934331,1.582593810997146,1.6024923451680624,-0.019898534170916596,0.16686370534670344,0.05185678900045339,0.08472261208138851,1.0845819321073684,0.31077332780491274,1016.1153533443229,0.228068157399054,1015.8872851869238
P5,P1,R_log,S05,"{""max_leaf_nodes"":15,""min_samples_leaf"":50}",3687,270,ok,270,1.2554812047526462,1.1204825767287263,0.8691752027896754,-0.0759383380184111,1.7064488001878504,1.9430838249513747,-0.23663502476352427,0.2316507681021623,0.05549738591747545,0.04454535641968026,1.240937402203739,0.2395735027004101,338.97992528321447,15.11895643510511,323.86096884810934
P5,P2,R_log,S05,"{""max_leaf_nodes"":15,""min_samples_leaf"":50}",1354,2603,ok,2603,5.164622336201737,2.272580545591671,1.9853865041237053,-0.6818964992506173,2.9275269962016206,1.5364174807027313,1.391109515498889,0.22704762563076689,-0.00030545303702520166,0.02543386968034014,2.929593978335063,-0.0013453258371525258,13443.511941133122,5037.288335742374,8406.223605390745
P5,P3,R_log,S05,"{""max_leaf_nodes"":15,""min_samples_leaf"":50}",3449,509,ok,509,1.3106999385577336,1.1448580429720243,0.8641768370926892,0.05231326626603894,1.780364889623482,1.8248773819185178,-0.04451249229503574,0.2654008036330934,0.23395455561736556,0.271862656560245,0.17170971187520978,0.8815141190785497,667.1462687258864,1.0085132428906487,666.1377554829958
P5,P4,R_log,S05,"{""max_leaf_nodes"":15,""min_samples_leaf"":50}",3380,576,ok,576,1.8978558921277764,1.37762690599733,1.0586014038014313,-0.08740821644976182,1.582593810997146,1.890407580757643,-0.3078137697604968,0.20271975856672458,0.019670719245852997,0.036956732157514306,1.3991599067530454,0.0970340502816771,1093.1649938655992,54.57560650800084,1038.5893873575983
P5,P1,R_C_log,B00,{},3687,270,ok,270,1.8916602949622117,1.3753764193711522,1.0935650112329276,-0.6211392302428409,1.7064488001878504,2.5577944008880857,-0.8513456007002348,4.1111072308966e-16,,,,,510.74827963979715,195.6931195945438,315.0551600452534
P5,P2,R_C_log,B00,{},1354,2603,ok,2603,4.633943289874781,2.152659585228185,1.8820999577101223,-0.509077041768393,2.9275269962016206,1.6772351263015304,1.2502918699000902,0.0,,,,,12062.154383544057,4069.0870651193013,7993.067318424758
P5,P3,R_C_log,B00,{},3449,509,ok,509,2.066916870686163,1.4376775962246067,1.1227551701128338,-0.4944608147579532,1.780364889623482,2.6073261763693525,-0.8269612867458697,7.55233034068124e-16,,,,,1052.060687179257,348.0872696161797,703.973417563077
P5,P4,R_C_log,B00,{},3380,576,ok,576,2.895337796825343,1.7015692159960296,1.3328464499998558,-0.6589321258399616,1.582593810997146,2.6549909633223225,-1.072397152325176,3.3615138888370797e-16,,,,,1667.7145709713975,662.4205357335246,1005.2940352378728
P5,P1,R_C_log,B01,"{""lambda"":0}",3687,270,ok,270,8.760937655892027,2.9598881154347754,2.739570003378067,-6.5080603877463306,1.7064488001878504,-1.0249868490602407,2.731435649248091,0.4930285708314934,0.1306392470410083,0.11622584953735579,1.9780426146443575,0.26497297473183956,2365.4531670908473,2014.3999906155022,351.0531764753449
P5,P2,R_C_log,B01,"{""lambda"":0}",1354,2603,ok,2603,506.03971771958777,22.49532657508194,22.423135392626975,-163.7954824786437,2.9275269962016206,-19.49560839642535,22.423135392626975,0.3137179857178626,0.06758433419101031,0.07991469617141378,7.127470171617897,0.2154302184376233,1317221.385224087,1308780.5931763174,8440.792047769799
P5,P3,R_C_log,B01,"{""lambda"":0}",3449,509,ok,509,3.47801323915011,1.864943226790057,1.5334380628234332,-1.5147380491377485,1.780364889623482,3.116136254642639,-1.3357713650191574,0.4928619796194583,0.01854680196008874,-0.0020476708110723153,1.663102117518129,0.037630823084403554,1770.308738727406,908.2011360590177,862.1076026683884
P5,P4,R_C_log,B01,"{""lambda"":0}",3380,576,ok,576,2.5653594375254545,1.601673948569263,1.241616181848289,-0.46986551617708616,1.582593810997146,0.9873252058944443,0.5952686051027016,0.5689628336264526,0.049986488443083454,0.04736688544203319,1.4958519061183295,0.08785545467790895,1477.6470360146618,204.1025542392477,1273.5444817754142
P5,P1,R_C_log,B01,"{""lambda"":0.001}",3687,270,ok,270,2.3017581369649602,1.5171546186743659,1.2190794534592337,-0.9725901232383336,1.7064488001878504,0.7007740423249132,1.0056747578629375,0.4833481127454897,0.13218435151128213,0.11621213042870496,1.5148035658359493,0.2734765028055146,621.4746969805393,273.07306402272303,348.40163295781633
P5,P2,R_C_log,B01,"{""lambda"":0.001}",1354,2603,ok,2603,110.59041816009649,10.516197894681161,10.368074573671967,-35.014566999476095,2.9275269962016206,-7.440547577470347,10.368074573671967,0.24910568918662457,0.10969253106840558,0.11914293597248612,6.203937498798202,0.4403453466942956,287866.8584707312,279814.61386067583,8052.244610055348
P5,P3,R_C_log,B01,"{""lambda"":0.001}",3449,509,ok,509,3.004429054756008,1.7333288939944456,1.3992930971786437,-1.1723183727087036,1.780364889623482,2.930609075250447,-1.1502441856269645,0.48388056615433017,0.019061299828631764,-0.0022901392819503655,1.664920661912875,0.03939257155980156,1529.2543888708083,673.4383984634372,855.8159904073714
P5,P4,R_C_log,B01,"{""lambda"":0.001}",3380,576,ok,576,2.333131209448989,1.5274590696476908,1.1795262672461075,-0.33680647605218095,1.582593810997146,1.2244531016052669,0.3581407093918792,0.5638807231414579,0.048455667636647895,0.04506990322061409,1.4773735222142588,0.0859324776465041,1343.8835766426178,73.88050620886185,1270.003070433756
P5,P1,R_C_log,B01,"{""lambda"":0.1}",3687,270,ok,270,1.8116889638875657,1.3459899568301266,1.0665386936262022,-0.5526043762602781,1.7064488001878504,2.4721501538099986,-0.7657013536221484,0.3156654168363369,0.07839616976567103,0.05404200792834888,1.0924851132984452,0.24835210189121562,489.1560202496427,158.30061199347338,330.8554082561692
P5,P2,R_C_log,B01,"{""lambda"":0.1}",1354,2603,ok,2603,5.81399532852041,2.411222786994269,2.1234791749490363,-0.8933694959948293,2.9275269962016206,1.2602775204187417,1.667249475782879,0.11305478256581213,0.10900915268302318,0.12951470880974605,1.7123481109887375,0.9642153141072658,15133.829840138627,7235.613280139036,7898.216559999593
P5,P3,R_C_log,B01,"{""lambda"":0.1}",3449,509,ok,509,1.5321492774796943,1.2378001767166193,0.9791269230734668,-0.10780316810369817,1.780364889623482,1.6786784889285946,0.10168640069488719,0.3227242085367359,0.00592465034485201,-0.04729793961356867,1.7495472973101545,0.018358245796666357,779.8639822371644,5.263123159917107,774.6008590772472
P5,P4,R_C_log,B01,"{""lambda"":0.1}",3380,576,ok,576,2.5016170032557445,1.5816500887540659,1.2533309477021986,-0.4333432243376989,1.582593810997146,2.242600149495493,-0.6600063384983469,0.4247158109754844,-0.003968086734165684,-0.011661960063950332,1.6035462494825707,-0.009342922094310162,1440.931393875309,250.91041931020482,1190.020974565104
P5,P1,R_C_log,G02,"{""lambda"":0}",59108,270,ok,270,1.1563200997135659,1.0753232535910149,0.8226359813592203,0.009042013856181308,1.7064488001878504,1.9000445628756846,-0.19359576268783427,0.36083399167017377,0.23745364035057212,0.2395499658906616,0.4560884996107797,0.6580689342805055,312.2064269226628,10.119416219284744,302.0870107033781
P5,P2,R_C_log,G02,"{""lambda"":0}",56582,2603,ok,2603,4.6015618949032,2.1451251466763424,1.8614079719295322,-0.49853180703519695,2.9275269962016206,1.653326419691045,1.2742005765105757,0.28393635679196966,0.1951509426857942,0.20493431529632802,1.7911871029401538,0.687305228857235,11977.86561243303,4226.197245195237,7751.668367237794
P5,P3,R_C_log,G02,"{""lambda"":0}",58824,509,ok,509,1.3353945701503775,1.155592735417793,0.8835759125135794,0.03445809280768963,1.780364889623482,1.6565638908258973,0.12380099879758444,0.3618338883527757,0.2438462078517485,0.26581277368119116,0.6639774094983517,0.673917550845892,679.7158362065421,7.801283837369268,671.914552369173
P5,P4,R_C_log,G02,"{""lambda"":0}",58718,576,ok,576,1.7218255639181739,1.3121835100008588,1.0220439534043733,0.013451298771314124,1.582593810997146,1.9134578201279915,-0.3308640091308455,0.39868068053703243,0.29487360183330547,0.36773565207931713,0.16735543371431172,0.7396235037928188,991.7715248168681,63.05529170196646,928.7162331149016
P5,P1,R_C_log,G02,"{""lambda"":0.001}",59108,270,ok,270,1.155924691814654,1.075139382505661,0.8225499192163415,0.00938087557389089,1.7064488001878504,1.9026784350341863,-0.19622963484633585,0.3549292986706414,0.2371671022878605,0.2400840965208014,0.43506113872178,0.6682094241758865,312.0996667899566,10.396638789820102,301.70302800013644
P5,P2,R_C_log,G02,"{""lambda"":0.001}",56582,2603,ok,2603,4.606118268297555,2.146186913644186,1.8631073361446384,-0.5000156228812325,2.9275269962016206,1.6506017096815917,1.2769252865200287,0.27886340538738547,0.19498021309588962,0.20520386297905524,1.7734326730577248,0.6991961273119762,11989.725852378537,4244.290901683132,7745.434950695405
P5,P3,R_C_log,G02,"{""lambda"":0.001}",58824,509,ok,509,1.3335809585764333,1.1548077582768628,0.8834767700940418,0.035769404098864754,1.780364889623482,1.6564340686684176,0.12393082095506429,0.3554560122270311,0.24366365457112918,0.2659557609063223,0.6448860544249306,0.6854959437723627,678.7927079154045,7.817653826741467,670.9750540886631
P5,P4,R_C_log,G02,"{""lambda"":0.001}",58718,576,ok,576,1.7234153990366752,1.3127891677785413,1.0223482400730637,0.012540376199252856,1.582593810997146,1.914786491608892,-0.3321926806117459,0.3929281879405819,0.2928791463984467,0.3657889940815858,0.15535837610263448,0.74537575920294,992.6872698451249,63.56273878196203,929.1245310631629
P5,P1,R_C_log,G02,"{""lambda"":0.1}",59108,270,ok,270,1.1898656729857773,1.0908096410399832,0.8308131026431482,-0.019706300509455987,1.7064488001878504,1.961470640797975,-0.2550218406101243,0.18870875220420835,0.18981683165137042,0.18866243834476495,-0.2665394055237438,1.005871902782564,321.2637317061599,17.55975758080742,303.70397412535243
P5,P2,R_C_log,G02,"{""lambda"":0.1}",56582,2603,ok,2603,4.797580212091282,2.1903379218949945,1.9162448288193663,-0.56236658526413,2.9275269962016206,1.5821867343220652,1.3453402618795551,0.1269425835259052,0.17002955216810015,0.18231929778267347,0.8083129829765707,1.33942092121831,12488.101292073607,4711.274913869493,7776.826378204115
P5,P3,R_C_log,G02,"{""lambda"":0.1}",58824,509,ok,509,1.337632804456768,1.1565607655703907,0.8959854524291736,0.032839762862936106,1.780364889623482,1.6591935586924302,0.1211713309310518,0.170219482191108,0.21275603431738357,0.24215917340013657,-0.2934485021716249,1.2498923835199967,680.8550974684949,7.473388142757657,673.3817093257372
P5,P4,R_C_log,G02,"{""lambda"":0.1}",58718,576,ok,576,1.8456979217951914,1.3585646549926107,1.0531784817044136,-0.057523436615710244,1.582593810997146,1.946897366948787,-0.3643035559516414,0.23042763152453366,0.15539786475792788,0.17387902578911152,0.2696276023657751,0.674389020664749,1063.1220029540302,76.44503858631018,986.6769643677201
P5,P1,R_C_log,P00,"{""lambda"":0}",59108,270,ok,270,1.6911187193412878,1.3004302054863566,1.032658769950783,-0.44927654622943813,1.7064488001878504,2.4796468691276177,-0.7731980689397673,0.3481601708106453,0.26464753111433686,0.2716252419163499,-0.17840902379031376,0.7601315523775728,456.6020542221477,161.41551852928998,295.18653569285766
P5,P2,R_C_log,P00,"{""lambda"":0}",56582,2603,ok,2603,4.8037282485638215,2.1917409172992643,1.9042589395751273,-0.5643687376670168,2.9275269962016206,1.5758494389957929,1.3516775572058277,0.28392975124658554,0.1958822206511181,0.20552247796897732,1.8403535451382504,0.6898967783090809,12504.104631011627,4755.764865156138,7748.3397658554895
P5,P3,R_C_log,P00,"{""lambda"":0}",58824,509,ok,509,1.643387282407346,1.2819466768970331,0.9744415592684951,-0.18823254667906397,1.780364889623482,2.354379046595381,-0.574014156971899,0.35586515599487706,0.24818825036456318,0.27871357080233444,0.1383687390424797,0.6974221729315248,836.4841267453392,167.71155647371737,668.7725702716216
P5,P4,R_C_log,P00,"{""lambda"":0}",58718,576,ok,576,2.513957318906664,1.5855463786678283,1.2760953786251907,-0.440413814200741,1.582593810997146,2.5565688327690226,-0.9739750217718767,0.3527092748412493,0.3225346018504611,0.37732088762945243,-0.7552576984410178,0.9144488814353706,1448.0394156902385,546.4093495884639,901.6300661017746
P5,P1,R_C_log,P00,"{""lambda"":0.001}",59108,270,ok,270,1.694090688108927,1.3015723906525243,1.0338142430847954,-0.45182350202964594,1.7064488001878504,2.4824624637622064,-0.7760136635743555,0.34207145925913307,0.26495639855647063,0.2725163742404929,-0.21637842244749028,0.7745644700388619,457.40448578941033,162.5932456346051,294.8112401548051
P5,P2,R_C_log,P00,"{""lambda"":0.001}",56582,2603,ok,2603,4.810431345584479,2.1932695560702244,1.9063715961205794,-0.5665516495392278,2.9275269962016206,1.5724851319910924,1.3550418642105284,0.2788515984062592,0.1957282843730313,0.20578580957041145,1.8237864444321759,0.7019084182830271,12521.552792556398,4779.4683951454645,7742.084397410932
P5,P3,R_C_log,P00,"{""lambda"":0.001}",58824,509,ok,509,1.642324209750238,1.2815319776541816,0.9740188637852963,-0.18746390404431623,1.780364889623482,2.355227584452134,-0.5748626948286523,0.34952446567588147,0.24840028217853166,0.2788130975564279,0.10655016697947173,0.7106806720902804,835.9430227628711,168.20776301398104,667.73525974889
P5,P4,R_C_log,P00,"{""lambda"":0.001}",58718,576,ok,576,2.5200057272774696,1.5874525905605716,1.2770621222514718,-0.44387935074971674,1.582593810997146,2.5589719633842334,-0.9763781523870873,0.34696732593503127,0.3209586303646087,0.3761331186950996,-0.7845574309703123,0.9250399284706923,1451.5232989118226,549.1090347602816,902.4142641515408
P5,P1,R_C_log,P00,"{""lambda"":0.1}",59108,270,ok,270,1.7374452348788831,1.3181218588881998,1.0460049905273732,-0.48897803594112577,1.7064488001878504,2.5035979929000676,-0.7971491927122168,0.1664890395428127,0.25020842136192917,0.2634648112217429,-2.0560889815700634,1.5028522120676173,469.11021341729844,171.57064556926954,297.5395678480289
P5,P2,R_C_log,P00,"{""lambda"":0.1}",56582,2603,ok,2603,5.0254727828159655,2.241756628810533,1.9642380273574656,-0.6365814439616115,2.9275269962016206,1.4995932892961876,1.427933706905433,0.12673956729714791,0.17159120144511217,0.1838956050979377,0.8972453747876341,1.3538881748176332,13081.305653669959,5307.503129437347,7773.802524232613
P5,P3,R_C_log,P00,"{""lambda"":0.1}",58824,509,ok,509,1.61106685134523,1.2692780827483117,0.9591400211707221,-0.16486362535307797,1.780364889623482,2.3286933580320524,-0.5483284684085703,0.16322797111791298,0.2425182425078844,0.2869472594341949,-1.6795238577637606,1.4857639952694968,820.0330273347221,153.03803161704982,666.9949957176723
P5,P4,R_C_log,P00,"{""lambda"":0.1}",58718,576,ok,576,2.6630720192482826,1.6318921591968885,1.286632570655322,-0.5258515711018341,1.582593810997146,2.5721293646025507,-0.9895355536054049,0.18501907398057246,0.18759786023629899,0.21630234585520614,-1.0253857592662778,1.0139379481274313,1533.9294830870108,564.0080324251134,969.9214506618977
P5,P1,R_C_log,P02,"{""lambda"":0}",59108,270,ok,270,1.6451140380343858,1.2826199897219697,1.0058246368658963,-0.4098508661324056,1.7064488001878504,2.3804795415788216,-0.6740307413909709,0.41461685288712324,0.18258186729849749,0.18350710218285649,0.6581739972201608,0.44036287002594243,444.18079026928416,122.66570889181669,321.5150813774675
P5,P2,R_C_log,P02,"{""lambda"":0}",56582,2603,ok,2603,4.980126738942052,2.2316197568004394,1.9384249758539476,-0.6218141778419188,2.9275269962016206,1.5164314040520732,1.411095592149547,0.3027232673232811,0.19534809797655392,0.1965295055811758,1.9489699361090485,0.6453025553795304,12963.269901466161,5183.069574788641,7780.200326677519
P5,P3,R_C_log,P02,"{""lambda"":0}",58824,509,ok,509,1.5329252377210567,1.2381135802991003,0.9563335654426665,-0.10836421736067248,1.780364889623482,1.9441415996642868,-0.16377671004080493,0.41761763855939016,0.10228759044556805,0.09414973815088866,1.3041839495639505,0.24493120261495266,780.2589460000179,13.652810672661058,766.6061353273569
P5,P4,R_C_log,P02,"{""lambda"":0}",58718,576,ok,576,2.5896342237529604,1.6092340487800276,1.2993028527767199,-0.48377416019260044,1.582593810997146,2.4954321927574794,-0.9128383817603335,0.4527264783351471,0.21936567851967942,0.24180226999191123,0.37344832832702424,0.484543513616374,1491.6293128817051,479.9657728597388,1011.6635400219664
P5,P1,R_C_log,P02,"{""lambda"":0.001}",59108,270,ok,270,1.6360383969323506,1.2790771661367233,1.0026052220416928,-0.4020731071609369,1.7064488001878504,2.3812086144989406,-0.6747598143110902,0.40292302828027743,0.18671477801197164,0.18681798040392836,0.602995270232022,0.46340061229285434,441.73036717173466,122.93121789246698,318.7991492792677
P5,P2,R_C_log,P02,"{""lambda"":0.001}",56582,2603,ok,2603,5.015596439007315,2.2395527319103956,1.9470278789550666,-0.6333651413946788,2.9275269962016206,1.5036003016065138,1.4239266945951068,0.2930933911520877,0.19248213214463947,0.19565098264801092,1.940073165158514,0.6567262789107363,13055.597530736042,5277.757503804163,7777.840026931881
P5,P3,R_C_log,P02,"{""lambda"":0.001}",58824,509,ok,509,1.510110079754885,1.228865362745197,0.9433248891604096,-0.09186797600402952,1.780364889623482,1.9822568265280538,-0.2018919369045718,0.3974303297701852,0.12021503636506825,0.12111011142357456,1.1807702974750405,0.3024807805548782,768.6460305952364,20.747020281223516,747.8990103140129
P5,P4,R_C_log,P02,"{""lambda"":0.001}",58718,576,ok,576,2.5720467514234127,1.6037601913700854,1.292954679492591,-0.4736971243138166,1.582593810997146,2.497359426426904,-0.9147656154297581,0.4393463553007131,0.22622744691466695,0.25065349138539506,0.2966579195246022,0.5149182283754791,1481.4989288198858,481.99457155540847,999.5043572644774
P5,P1,R_C_log,P02,"{""lambda"":0.1}",59108,270,ok,270,1.6336634692729504,1.2781484535346237,0.9982430446310468,-0.40003781128466565,1.7064488001878504,2.3917175088312703,-0.6852687086434197,0.23999075894121608,0.12499594086384329,0.13175649026828073,0.46075508424723477,0.5208364747680142,441.0891367036966,126.79016482237141,314.2989718813252
P5,P2,R_C_log,P02,"{""lambda"":0.1}",56582,2603,ok,2603,5.436244783961248,2.331575601167856,2.04599485854149,-0.7703523076845373,2.9275269962016206,1.3814698877000742,1.5460571085015467,0.13895911896853685,0.09849422682247083,0.10093105440016752,1.948341107016811,0.7088000237305186,14150.54517265113,6221.931592893468,7928.6135797576635
P5,P3,R_C_log,P02,"{""lambda"":0.1}",58824,509,ok,509,1.470860450638586,1.2127903572500014,0.915011924782938,-0.06348897656772468,1.780364889623482,2.095904217376663,-0.31553932775318105,0.20104571134014498,0.12166336335651683,0.1260388473976692,0.5120227068462893,0.6051527413617749,748.6679693750403,50.67861928569508,697.9893500893454
P5,P4,R_C_log,P02,"{""lambda"":0.1}",58718,576,ok,576,2.683700908912645,1.6382005093738206,1.296444335599061,-0.5376712378164199,1.582593810997146,2.5332956041447785,-0.9507017931476326,0.3014608937341792,0.11788287560453709,0.12912721318991596,0.5919771944477169,0.39103869873245756,1545.8117235336836,520.6083261086154,1025.203397425068
P5,P1,R_C_log,S01,"{""lambda"":0}",3687,270,ok,270,8.493838783262401,2.9144191159238577,2.6932861818060494,-6.279158580203674,1.7064488001878504,-0.9767954420018328,2.683244242189683,0.460012340377211,0.11155044220273658,0.1047280170116186,1.943316279454978,0.24249445593408417,2293.336471480848,1943.9459090759035,349.39056240494443
P5,P2,R_C_log,S01,"{""lambda"":0}",1354,2603,ok,2603,234.3616155500999,15.308873751850589,15.203387689160246,-75.32154978486217,2.9275269962016206,-12.275860692958625,15.203387689160246,0.2794874279292317,0.05357478924449778,0.06811477695608095,5.280679888597917,0.19168944249636635,610043.28527691,601665.221781645,8378.063495264993
P5,P3,R_C_log,S01,"{""lambda"":0}",3449,509,ok,509,3.151626118557727,1.77528198282913,1.4250307850373538,-1.2787475412054836,1.780364889623482,2.875480858800169,-1.0951159691766874,0.5645700243594535,-0.0822600810204557,-0.11543749601536343,2.199333800851173,-0.14570394720085578,1604.177694345883,610.4330038464099,993.7446904994736
P5,P4,R_C_log,S01,"{""lambda"":0}",3380,576,ok,576,2.2512138752703237,1.500404570531003,1.1620702625361439,-0.289870571895795,1.582593810997146,1.2820244466653539,0.3005693643317921,0.5603021375563793,0.06766959526358636,0.07084181606563844,1.4277593572107934,0.12077340193401859,1296.6991921557064,52.036959038294924,1244.6622331174115
P5,P1,R_C_log,S01,"{""lambda"":0.001}",3687,270,ok,270,2.2381152149046977,1.4960331596942287,1.2127066274607783,-0.9180485980215978,1.7064488001878504,0.7307027328024316,0.9757460673854188,0.45122992705570225,0.1124547255725846,0.1038926757293224,1.5243443555012917,0.24921823405277493,604.2911080242684,257.0617047648898,347.22940325937856
P5,P2,R_C_log,S01,"{""lambda"":0.001}",1354,2603,ok,2603,51.87766010803676,7.2026148104724275,6.979225412579232,-15.894334037440878,2.9275269962016206,-4.0516984163776115,6.979225412579232,0.26009638825213227,0.06909822928267154,0.0807359690366929,4.00391713003041,0.2656639323099293,135037.54926121968,126791.05589701732,8246.493364202359
P5,P3,R_C_log,S01,"{""lambda"":0.001}",3449,509,ok,509,2.8500468208698866,1.6882081687013266,1.3410126231389614,-1.0606940484266079,1.780364889623482,2.7313463559031264,-0.9509814662796444,0.5592796468521755,-0.08404464710357074,-0.11763695991664104,2.190812582278703,-0.15027302991733005,1450.6738318227722,460.32216634655765,990.3516654762145
P5,P4,R_C_log,S01,"{""lambda"":0.001}",3380,576,ok,576,2.170143890081406,1.4731408249320246,1.1369881853296613,-0.24342017048884013,1.582593810997146,1.4688632002656983,0.1137306107314478,0.5569574057639392,0.06660518853880383,0.0694761490941759,1.406936014945012,0.11958758039575071,1250.0028806868897,7.450359446792511,1242.5525212400971
P5,P1,R_C_log,S01,"{""lambda"":0.1}",3687,270,ok,270,1.6982441973513371,1.3031669875159273,1.0234428110716323,-0.45538302949553344,1.7064488001878504,2.364498563389831,-0.6580497632019806,0.33194965854015346,0.039028051873013364,0.01918724048999828,1.4284495005606712,0.11757220069046231,458.525933284861,116.91796252954934,341.60797075531167
P5,P2,R_C_log,S01,"{""lambda"":0.1}",1354,2603,ok,2603,5.5921334403348455,2.364769215026034,2.0746826070896995,-0.8211185725457275,2.9275269962016206,1.3601594064449474,1.5673675897566735,0.15125063661836607,0.0058878708741760405,0.0215214697756479,2.874578835899654,0.038927908045982264,14556.323345191602,6394.636943175333,8161.68640201627
P5,P3,R_C_log,S01,"{""lambda"":0.1}",3449,509,ok,509,1.8022478308360772,1.342478242220736,1.065986710824589,-0.3030948655293051,1.780364889623482,1.7167283500778896,0.06363653954559219,0.4363403367059137,-0.1257893699639299,-0.169392555854099,2.275267971895839,-0.28828269903616516,917.3441458955633,2.0612510651568985,915.2828948304065
P5,P4,R_C_log,S01,"{""lambda"":0.1}",3380,576,ok,576,2.4683089190270495,1.5710852679046576,1.2339275222597559,-0.4142588014293418,1.582593810997146,2.2152944216846127,-0.6327006106874664,0.4504453572279969,0.019987498394049195,0.02769265817127276,1.484295109533662,0.04437274815540456,1421.7459373595805,230.57859615223273,1191.1673412073478
P5,P1,R_C_log,S02,"{""lambda"":0}",3687,270,ok,270,14.89044783483163,3.8588143042690755,3.694759166369721,-11.761006405440435,1.7064488001878504,-1.9867419325940006,3.6931907327818516,0.4314273864862858,0.13236473214292874,0.11766269751672154,2.315994165137205,0.3068065131909198,4020.4209154045398,3682.7076029505524,337.7133124539875
P5,P2,R_C_log,S02,"{""lambda"":0}",1354,2603,ok,2603,51.988187183486794,7.21028343295094,6.9977197831662545,-15.930327976430139,2.9275269962016206,-4.070192786964634,6.9977197831662545,0.24947464934233393,0.15776878949551956,0.16313324992611622,5.501533576451928,0.6324040936080291,135325.25123861613,127463.91787215372,7861.333366462392
P5,P3,R_C_log,S02,"{""lambda"":0}",3449,509,ok,509,3.1492150621704607,1.7746027899703247,1.4271477974196163,-1.2770042542140985,1.780364889623482,2.9097406351818487,-1.1293757455583668,0.5349197468271132,-0.06415620272964626,-0.10038415409832456,2.129347912195933,-0.11993612707362178,1602.9504666447644,649.2241934996582,953.7262731451065
P5,P4,R_C_log,S02,"{""lambda"":0}",3380,576,ok,576,2.4503753209635155,1.5653674715425498,1.2211902041593876,-0.40398344703300215,1.582593810997146,0.9675844803589521,0.6150093306381937,0.5281856790068561,0.08681943851948601,0.08832915852136498,1.4235490950122538,0.16437295059330648,1411.416184874985,217.8642106206945,1193.5519742542901
P5,P1,R_C_log,S02,"{""lambda"":0.001}",3687,270,ok,270,2.9419633273712122,1.7152152422862887,1.4235634664933585,-1.521241354295332,1.7064488001878504,0.4038497806315259,1.3025990195563248,0.4238220673704529,0.13271899521282493,0.11261010223515389,1.579984084853699,0.31314791142486303,794.3300983902272,458.1263355522567,336.2037628379707
P5,P2,R_C_log,S02,"{""lambda"":0.001}",1354,2603,ok,2603,15.64849051670477,3.9558173007236785,3.6276774323099885,-4.096043757956241,2.9275269962016206,-0.629018590971975,3.556545587173596,0.23970142503183808,0.16824355277717445,0.17708445104883455,3.3690275942642347,0.7018879956797406,40733.02081498252,32925.389985015274,7807.63082996725
P5,P3,R_C_log,S02,"{""lambda"":0.001}",3449,509,ok,509,2.834303747622953,1.683539054380074,1.338566673653613,-1.0493111977638256,1.780364889623482,2.763227476815559,-0.9828625871920774,0.5299491575901121,-0.06604038938426098,-0.10192447510692242,2.1247085231826297,-0.12461646261421128,1442.6606075400832,491.7036024386691,950.9570051014139
P5,P4,R_C_log,S02,"{""lambda"":0.001}",3380,576,ok,576,2.2065925368034933,1.485460378739027,1.1539330821645075,-0.2643040311067486,1.582593810997146,1.2177580450110148,0.36483576598613127,0.526299242869478,0.0845067449468557,0.08610909668155632,1.3870610035478128,0.1605678634195059,1270.9973011988122,76.66855841818779,1194.3287427806245
P5,P1,R_C_log,S02,"{""lambda"":0.1}",3687,270,ok,270,1.6791626120161116,1.2958250699905878,1.0136692818011128,-0.4390302484784858,1.7064488001878504,2.3559693505176442,-0.6495205503297936,0.3251486790725121,0.0434215428405402,0.01879914214971978,1.3918240433648728,0.13354365444263933,453.3739052443501,113.90677523119385,339.4671300131563
P5,P2,R_C_log,S02,"{""lambda"":0.1}",1354,2603,ok,2603,5.324770010082715,2.3075463180795994,2.024543584033074,-0.7340497438693976,2.9275269962016206,1.4272380981972979,1.5002888980043227,0.1250263672261973,0.05835906118769941,0.08100730989830013,2.261329318463614,0.46677402921030564,13860.376336245306,5859.00622176749,8001.370114477817
P5,P3,R_C_log,S02,"{""lambda"":0.1}",3449,509,ok,509,1.7575170719299453,1.3257137971409763,1.0511238417110882,-0.2707527973273036,1.780364889623482,1.7488705337259771,0.03149435589750503,0.4204692463665613,-0.11087758849381969,-0.155598020313366,2.241541418092787,-0.2636996390388979,894.5761896123422,0.5048742767799433,894.0713153355622
P5,P4,R_C_log,S02,"{""lambda"":0.1}",3380,576,ok,576,2.3769610914439454,1.5417396315344383,1.207862070896062,-0.3619195386429892,1.582593810997146,2.1699218061422596,-0.5873279951451129,0.43917575051915153,0.032564473109793435,0.03862469224276178,1.421696128866601,0.07414906918539747,1369.1295886717126,198.6936041555584,1170.4359845161541
P5,P1,R_C_log,S03,"{""control_lambda"":0.001,""difference_penalty"":0.01,""n_knots"":3}",3687,270,ok,270,3.226028101998033,1.796114724063592,1.5033642675563847,-1.764682817492523,1.7064488001878504,0.30788427011735814,1.3985645300704923,0.4349068254017861,0.11579978658082526,0.09766724909264761,1.6244704758921913,0.26626343809123776,871.0275875394689,528.1153410882501,342.9122464512185
P5,P2,R_C_log,S03,"{""control_lambda"":0.001,""difference_penalty"":0.01,""n_knots"":3}",1354,2603,ok,2603,13.740600876167953,3.7068316492886417,3.372477106272638,-3.4747257411706567,2.9275269962016206,-0.34894581947988534,3.2764728156815064,0.2287746702460297,0.16092586064492745,0.16915812446337555,3.1729842675763766,0.703425167095046,35766.78408066518,27943.918513275436,7822.865567389753
P5,P3,R_C_log,S03,"{""control_lambda"":0.001,""difference_penalty"":0.01,""n_knots"":3}",3449,509,ok,509,2.667989211981676,1.6333980568072426,1.2909174305442586,-0.9290593579508191,1.780364889623482,2.728906903526442,-0.9485420139029604,0.49880721597354055,-0.029780773812374633,-0.06112983750689003,1.9432914805917638,-0.059703975521385226,1358.0065088986732,457.96356363879374,900.0429452598796
P5,P4,R_C_log,S03,"{""control_lambda"":0.001,""difference_penalty"":0.01,""n_knots"":3}",3380,576,ok,576,2.298811181996864,1.5161830964619227,1.1782526246001435,-0.3171422433804467,1.582593810997146,1.0456424648055394,0.5369513461916069,0.5177687910436355,0.11215254151360987,0.12752295466682687,1.3560999357944332,0.21660738046329664,1324.1152408301937,166.07044694993985,1158.0447938802538
P5,P1,R_C_log,S03,"{""control_lambda"":0.1,""difference_penalty"":0.01,""n_knots"":3}",3687,270,ok,270,1.6686439996934035,1.291760039517171,1.0059821137698002,-0.4300158735775217,1.7064488001878504,2.3309565971068213,-0.6245077969189708,0.3464111072623751,0.034959226899136824,0.006986379863175299,1.4712125769203988,0.10091831978314242,450.53387991721894,105.30269687139837,345.2311830458206
P5,P2,R_C_log,S03,"{""control_lambda"":0.1,""difference_penalty"":0.01,""n_knots"":3}",1354,2603,ok,2603,4.216444859415902,2.053398368416587,1.7914130783292317,-0.3731156678438412,2.9275269962016206,1.8144021988756245,1.113124797325996,0.11784564103677495,0.18785784171425113,0.20804865877442497,0.03518682915207583,1.5941008938601997,10975.405969059593,3225.238857940569,7750.167111119024
P5,P3,R_C_log,S03,"{""control_lambda"":0.1,""difference_penalty"":0.01,""n_knots"":3}",3449,509,ok,509,1.7030657803504041,1.305015624561792,1.030954745467065,-0.23138240815844968,1.780364889623482,1.7639453714341373,0.016419518189344506,0.41519496246101917,-0.07081085391213678,-0.11422506264427992,2.081203024231966,-0.17054844185106147,866.8604821983557,0.1372266939832395,866.7232555043726
P5,P4,R_C_log,S03,"{""control_lambda"":0.1,""difference_penalty"":0.01,""n_knots"":3}",3380,576,ok,576,2.190126921564089,1.479907740896063,1.1552489594593562,-0.2548697819761916,1.582593810997146,2.0782449745108975,-0.4956511635137516,0.42517924686555103,0.07840032375938191,0.09288504014240014,1.1993787786216699,0.18439358067768866,1261.5131068209153,141.50596371410057,1120.0071431068145
P5,P1,R_C_log,S03,"{""control_lambda"":0.001,""difference_penalty"":1,""n_knots"":3}",3687,270,ok,270,2.4803501049991072,1.5749127293279166,1.2783159882861834,-1.1256421518491124,1.7064488001878504,0.6209185878423649,1.085530212345486,0.4664407560665608,0.10910755963393393,0.09696879402777872,1.5612065352920244,0.233915150455601,669.6945283497589,318.1614773170057,351.5330510327533
P5,P2,R_C_log,S03,"{""control_lambda"":0.001,""difference_penalty"":1,""n_knots"":3}",1354,2603,ok,2603,22.714260278052713,4.765947993637018,4.451918970379909,-6.397062622941022,2.9275269962016206,-1.5023717607389269,4.429898756940547,0.23610938704754658,0.10457669584851091,0.11723791525677531,3.5929519360518434,0.4429162989078948,59125.21950377121,51081.27980052309,8043.939703248126
P5,P3,R_C_log,S03,"{""control_lambda"":0.001,""difference_penalty"":1,""n_knots"":3}",3449,509,ok,509,2.77081435128306,1.6645763278633576,1.320901350523859,-1.0034059093953056,1.780364889623482,2.7069054325787913,-0.9265405429553096,0.5516698501041816,-0.07101525375159617,-0.10489748988432333,2.128818908163474,-0.1287278138150655,1410.3445048030776,436.96498526961926,973.3795195334584
P5,P4,R_C_log,S03,"{""control_lambda"":0.001,""difference_penalty"":1,""n_knots"":3}",3380,576,ok,576,2.2245829663982066,1.4915035924858533,1.1518010683532784,-0.27461194807763034,1.582593810997146,1.2627612036010203,0.31983260739612596,0.5459951037126756,0.07519218352727176,0.07529587095091944,1.408691569884279,0.1377158568199192,1281.359788645367,58.92070853019136,1222.4390801151756
P5,P1,R_C_log,S03,"{""control_lambda"":0.1,""difference_penalty"":1,""n_knots"":3}",3687,270,ok,270,1.7125072149344913,1.308627989512104,1.0262203496255766,-0.4676063327002755,1.7064488001878504,2.3547290789277007,-0.64828027873985,0.35300526296469953,0.024323214001035945,0.002830709418292138,1.5442002863266049,0.06890326165892952,462.37694803231267,113.47217634681475,348.90477168549785
P5,P2,R_C_log,S03,"{""control_lambda"":0.1,""difference_penalty"":1,""n_knots"":3}",1354,2603,ok,2603,4.707148712542506,2.169596440018859,1.8970821778401892,-0.5329169154505329,2.9275269962016206,1.6485689354313144,1.2789580607703064,0.11771257576800469,0.057885975410312734,0.08528075284186443,2.1168317902224394,0.49175693448759505,12252.708098748144,4257.814876307919,7994.893222440224
P5,P3,R_C_log,S03,"{""control_lambda"":0.1,""difference_penalty"":1,""n_knots"":3}",3449,509,ok,509,1.8587504906942234,1.3633600004012967,1.0848362032797365,-0.3439484732796567,1.780364889623482,1.66208806120287,0.11827682842061195,0.46142647790846175,-0.13102758680729323,-0.17306521595268595,2.2523347442962516,-0.2839620027901532,946.1039997633598,7.120608743890589,938.9833910194691
P5,P4,R_C_log,S03,"{""control_lambda"":0.1,""difference_penalty"":1,""n_knots"":3}",3380,576,ok,576,2.464999146053105,1.570031574858641,1.233258769718238,-0.4123624117501363,1.582593810997146,2.2273371997525127,-0.6447433887553665,0.44900257847399416,0.030534058586286376,0.03733449907173468,1.4311255393008013,0.06800419429674806,1419.8395081265885,239.43976551000213,1180.3997426165863
P5,P1,R_C_log,S03,"{""control_lambda"":0.001,""difference_penalty"":0.01,""n_knots"":5}",3687,270,ok,270,3.296299332954713,1.8155713516561978,1.522701419795085,-1.8249047556305253,1.7064488001878504,0.2856500046059484,1.420798795581902,0.4409461832662813,0.1128411420523105,0.09717915369375843,1.633349011664411,0.25590683474442794,890.0008198977725,545.0406887322855,344.9601311654869
P5,P2,R_C_log,S03,"{""control_lambda"":0.001,""difference_penalty"":0.01,""n_knots"":5}",1354,2603,ok,2603,14.262831879643613,3.7766164591660103,3.4426652552544725,-3.644794032590357,2.9275269962016206,-0.42711934668476365,3.3546463428863844,0.22886832425335682,0.15821240203430406,0.1626178550715772,3.2227866308180433,0.6912813407029766,37126.15138271233,29293.256379444105,7832.895003268227
P5,P3,R_C_log,S03,"{""control_lambda"":0.001,""difference_penalty"":0.01,""n_knots"":5}",3449,509,ok,509,2.6169620633356847,1.6177027116672842,1.2763563809932523,-0.8921647565172606,1.780364889623482,2.7058577175819445,-0.9254928279584625,0.5068816492108432,-0.01571017577026458,-0.04260266145771808,1.8642296348134524,-0.03099377496645129,1332.0336902378635,435.9773200726992,896.0563701651643
P5,P4,R_C_log,S03,"{""control_lambda"":0.001,""difference_penalty"":0.01,""n_knots"":5}",3380,576,ok,576,2.3130140155937795,1.520859630470143,1.183492671720388,-0.3252799939937663,1.582593810997146,1.0331158829294627,0.5494779280676833,0.5170309616348241,0.1112453297394573,0.12313836712536333,1.3603067032924965,0.21516183361187027,1332.296072982017,173.90937221772714,1158.3867007642898
P5,P1,R_C_log,S03,"{""control_lambda"":0.1,""difference_penalty"":0.01,""n_knots"":5}",3687,270,ok,270,1.67199474416047,1.2930563576892038,1.0081307055355002,-0.432887437420431,1.7064488001878504,2.329451788864397,-0.6230029886765467,0.3487503955455393,0.03063271961567306,0.0035364813411081102,1.5018398752434385,0.08783565554887839,451.43858092332687,104.79583545297554,346.6427454703514
P5,P2,R_C_log,S03,"{""control_lambda"":0.1,""difference_penalty"":0.01,""n_knots"":5}",1354,2603,ok,2603,4.25629543372349,2.063079114751417,1.8005013469228588,-0.3860932946784783,2.9275269962016206,1.7991868803028455,1.1283401158987745,0.11674683785542622,0.1805079619303249,0.1951953917209388,0.1457166888644501,1.5461486173514818,11079.137013982243,3314.0131388322347,7765.123875150008
P5,P3,R_C_log,S03,"{""control_lambda"":0.1,""difference_penalty"":0.01,""n_knots"":5}",3449,509,ok,509,1.698326639000152,1.3031986184001854,1.0277824186341922,-0.2279558257235208,1.780364889623482,1.752709041353599,0.027655848269882627,0.4249561304349656,-0.05508227365897545,-0.09406955244411554,2.0075488084943127,-0.12961872935588845,864.4482592510773,0.38930658525512585,864.0589526658221
P5,P4,R_C_log,S03,"{""control_lambda"":0.1,""difference_penalty"":0.01,""n_knots"":5}",3380,576,ok,576,2.194485423343289,1.4813795676136785,1.1558166614313217,-0.2573670583319845,1.582593810997146,2.0845046603782498,-0.5019108493811041,0.4234772733349453,0.07828585565170383,0.09037327206390848,1.197243188370925,0.18486436128010203,1264.0236038457344,145.10275241844175,1118.9208514272927
P5,P1,R_C_log,S03,"{""control_lambda"":0.001,""difference_penalty"":1,""n_knots"":5}",3687,270,ok,270,3.404431153956916,1.845110065539971,1.5546561152095155,-1.9175729463892517,1.7064488001878504,0.23801845633849134,1.4684303438493593,0.42718764174657314,0.13207231445650539,0.11033852271165419,1.6328613520972095,0.30916698319390185,919.1964115683672,582.197672179138,336.99873938922957
P5,P2,R_C_log,S03,"{""control_lambda"":0.001,""difference_penalty"":1,""n_knots"":5}",1354,2603,ok,2603,21.067161784742005,4.589897796764325,4.276050707713046,-5.860673123480043,2.9275269962016206,-1.319103241383345,4.246630237584966,0.22453933208566748,0.13940551734790402,0.14743548304873172,3.7464938475423177,0.6208512159229067,54837.822125683444,46942.15937952876,7895.662746154681
P5,P3,R_C_log,S03,"{""control_lambda"":0.001,""difference_penalty"":1,""n_knots"":5}",3449,509,ok,509,2.8550206246366154,1.6896806279994498,1.348915180457745,-1.0642903008618614,1.780364889623482,2.8279027885706625,-1.0475378989471809,0.4887870545462155,-0.0326946189364791,-0.06719427977963946,1.969521298742297,-0.06688928978864307,1453.2054979400373,558.5438457129131,894.6616522271243
P5,P4,R_C_log,S03,"{""control_lambda"":0.001,""difference_penalty"":1,""n_knots"":5}",3380,576,ok,576,2.3461484106979618,1.5317142065992473,1.1941714573968474,-0.3442648988186445,1.582593810997146,1.0100186042923336,0.5725752067048124,0.5123470008937469,0.10352096111432249,0.11102862729291288,1.3785170886248161,0.2020524389402862,1351.381484562026,188.83720358384178,1162.5442809781844
P5,P1,R_C_log,S03,"{""control_lambda"":0.1,""difference_penalty"":1,""n_knots"":5}",3687,270,ok,270,1.665552026995683,1.2905626784452133,1.0059724248157764,-0.4273660752746955,1.7064488001878504,2.3586672428094406,-0.6522184426215903,0.3166953434075455,0.059181612237513795,0.029442121771968408,1.2656790412790795,0.1868723789896552,449.6990472888344,114.85500216184784,334.84404512698654
P5,P2,R_C_log,S03,"{""control_lambda"":0.1,""difference_penalty"":1,""n_knots"":5}",1354,2603,ok,2603,4.381321734587335,2.0931607044341662,1.8282296117738932,-0.4268090109590619,2.9275269962016206,1.753277083145135,1.1742499130564859,0.10026068096931773,0.16097947818748898,0.18448444544319734,0.11244906900142926,1.6056092640818265,11404.580475130831,3589.1800201891674,7815.400454941665
P5,P3,R_C_log,S03,"{""control_lambda"":0.1,""difference_penalty"":1,""n_knots"":5}",3449,509,ok,509,1.7033379780746924,1.3051199094622272,1.031601627747529,-0.23157921763762346,1.780364889623482,1.781993640565313,-0.0016287509418310704,0.397244267403714,-0.09285759116964165,-0.14108973186398974,2.196913724988672,-0.2337543894000911,866.9990308400185,0.0013502902819324397,866.9976805497365
P5,P4,R_C_log,S03,"{""control_lambda"":0.1,""difference_penalty"":1,""n_knots"":5}",3380,576,ok,576,2.199933624867031,1.483217322197604,1.1591476997474848,-0.2604886963480033,1.582593810997146,2.0815934057146204,-0.4989995947174744,0.4097882705597187,0.061137399477494664,0.06849263113225149,1.2720353671913531,0.1491926535476205,1267.16176792341,143.42434302424533,1123.7374248991648
P5,P1,R_C_log,S04,"{""control_lambda"":0.001}",3687,270,ok,270,2.719751082844071,1.649166784422992,1.361532758748974,-1.3308070633168563,1.7064488001878504,0.4998967961056162,1.2065520040822342,0.42645558257147237,0.11565067694419022,0.10054887164748844,1.5708815682542479,0.27119043968619544,734.3327923678992,393.057289409811,341.27550295808817
P5,P2,R_C_log,S04,"{""control_lambda"":0.001}",1354,2603,ok,2603,110.645935205001,10.518837160304413,10.373130549755759,-35.03264652541144,2.9275269962016206,-7.445603553554139,10.373130549755759,0.2489682822914384,0.14189118468274742,0.14895913908042066,7.170900887720817,0.5699167113851549,288011.3693386176,280087.582758125,7923.786580492577
P5,P3,R_C_log,S04,"{""control_lambda"":0.001}",3449,509,ok,509,2.7499440209027033,1.6582955167589108,1.3138648680318759,-0.9883158535798817,1.780364889623482,2.721577463349353,-0.9412125737258711,0.5309368662666285,-0.06205596887994257,-0.09649988018787894,2.098463211854409,-0.11688012798263478,1399.721506639476,450.91348445029627,948.8080221891797
P5,P4,R_C_log,S04,"{""control_lambda"":0.001}",3380,576,ok,576,2.168465834051828,1.4725711643420931,1.1416575006465342,-0.2424587002730061,1.582593810997146,1.2704381108813103,0.31215570011583577,0.5329255130246137,0.09136497615064358,0.09896266226471497,1.3647893620362297,0.17144042444525234,1249.036320413853,56.126120322129175,1192.910200091724
P5,P1,R_C_log,S04,"{""control_lambda"":0.1}",3687,270,ok,270,1.6822089737114658,1.2969999898656384,1.009682585851626,-0.441640958481228,1.7064488001878504,2.3463688018791657,-0.6399200016913155,0.33650753643688336,0.033480469864121995,0.005797085577687131,1.4729992590773024,0.09949396741193557,454.1964229020958,110.56435431244556,343.6320685896502
P5,P2,R_C_log,S04,"{""control_lambda"":0.1}",1354,2603,ok,2603,5.561028072490771,2.35818321436032,2.0759030855516714,-0.8109888852463989,2.9275269962016206,1.3200630717640227,1.6074639244375974,0.10875123334131505,0.1945574412328961,0.2158686172954364,0.5659161379376783,1.7890136530431697,14475.356072693477,6725.996518562742,7749.359554130731
P5,P3,R_C_log,S04,"{""control_lambda"":0.1}",3449,509,ok,509,1.795956118839783,1.340132873576267,1.0628583498400808,-0.2985457144872108,1.780364889623482,1.7431077784075846,0.037257111215897344,0.4448653765248611,-0.11198541411040434,-0.1562313144651563,2.219155266903228,-0.25172877013984934,914.1416644894496,0.7065389991022555,913.4351254903473
P5,P4,R_C_log,S04,"{""control_lambda"":0.1}",3380,576,ok,576,2.242038310918603,1.4973437517546206,1.1701769249647225,-0.28461327912240186,1.582593810997146,2.098043520534716,-0.5154497095375696,0.4307800004920226,0.06173538187982329,0.07129151412656631,1.281921732923043,0.14331069643277589,1291.4140670891152,153.03652016392218,1138.3775469251927
P5,P1,R_C_log,G05,"{""max_leaf_nodes"":7,""min_samples_leaf"":20}",59108,270,ok,270,1.023711517284007,1.0117863002057337,0.770871271015592,0.12268661263322744,1.7064488001878504,1.8435298015222594,-0.13708100133440912,0.4004465274630268,0.37351798198742514,0.37758596282831774,-0.013110451732120776,0.9327537046051971,276.4021096666819,5.0736242502479545,271.328485416434
P5,P2,R_C_log,G05,"{""max_leaf_nodes"":7,""min_samples_leaf"":20}",56582,2603,ok,2603,4.49480616634036,2.1200957917840317,1.8380397784202616,-0.4637660343500949,2.9275269962016206,1.623100339079143,1.3044266571224774,0.23904397565749438,0.3085021126570363,0.26911635964730124,0.8328083057054405,1.290566356288612,11699.980450983956,4429.07973662191,7270.900714362042
P5,P3,R_C_log,G05,"{""max_leaf_nodes"":7,""min_samples_leaf"":20}",58824,509,ok,509,1.174652553416014,1.0838138924261922,0.7679819393646896,0.15068078598979406,1.780364889623482,1.6488027194022565,0.1315621702212252,0.4862858449528735,0.41094091420283796,0.4336662700369225,0.3870269919987799,0.8450604073056306,597.8981496887511,8.810079758359187,589.0880699303921
P5,P4,R_C_log,G05,"{""max_leaf_nodes"":7,""min_samples_leaf"":20}",58718,576,ok,576,1.3473723870731587,1.1607637085441458,0.8623463540084706,0.22800049761510643,1.582593810997146,1.7824071120176574,-0.19981330102051145,0.4722558365477611,0.5017428424504382,0.4680391544561323,-0.31110435338153963,1.0624386267372152,776.0864949541394,22.99700463247499,753.0894903216645
P5,P1,R_C_log,G05,"{""max_leaf_nodes"":7,""min_samples_leaf"":50}",59108,270,ok,270,1.020156178934883,1.0100278109710064,0.7683363139806177,0.12573351195754134,1.7064488001878504,1.8383633314249972,-0.13191453123714697,0.40100481901415125,0.3758699074947591,0.3789000083220588,-0.016686240990011703,0.9373201758991697,275.4421683124184,4.69838975890938,270.74377855350906
P5,P2,R_C_log,G05,"{""max_leaf_nodes"":7,""min_samples_leaf"":50}",56582,2603,ok,2603,4.456922657913403,2.1111425006174747,1.8281075748975086,-0.45142899670147396,2.9275269962016206,1.6402512876685564,1.2872757085330642,0.24918348494019169,0.30159112357776124,0.2668893045453787,0.9423022172939703,1.2103174640572525,11601.369678548588,4313.375985675524,7287.993692873066
P5,P3,R_C_log,G05,"{""max_leaf_nodes"":7,""min_samples_leaf"":50}",58824,509,ok,509,1.1766419542458295,1.0847312820444655,0.7675867286828415,0.14924237226974002,1.780364889623482,1.6427913374015906,0.13757355222189144,0.4848893932391305,0.4104489394582089,0.4357932307279734,0.3897756715683798,0.8464795171458614,598.9107547111272,9.63357947591329,589.2771752352139
P5,P4,R_C_log,G05,"{""max_leaf_nodes"":7,""min_samples_leaf"":50}",58718,576,ok,576,1.347459954015359,1.160801427469556,0.8627313224884503,0.22795032467371878,1.582593810997146,1.7786696177228813,-0.1960758067257354,0.4724286803666394,0.5007817270615743,0.46431970711892295,-0.3028235653229081,1.0600155068336048,776.1369335128468,22.144735862293217,753.9921976505536
P5,P1,R_C_log,G05,"{""max_leaf_nodes"":15,""min_samples_leaf"":20}",59108,270,ok,270,1.0556772188023253,1.0274615412765216,0.7769887328830699,0.09529223696673705,1.7064488001878504,1.8717310175231108,-0.16528221733525997,0.4120870110968888,0.3500710335882442,0.3814719966469381,0.11639914014303665,0.8495075655416289,285.0328490766278,7.37591706916023,277.6569320074676
P5,P2,R_C_log,G05,"{""max_leaf_nodes"":15,""min_samples_leaf"":20}",56582,2603,ok,2603,4.5486423730305425,2.132754644357982,1.8469583906146372,-0.48129818320257844,2.9275269962016206,1.607561678171965,1.3199653180296553,0.23198844070300104,0.3015576084120241,0.2666354904373945,0.8378864366317633,1.2998820436837528,11840.116096998501,4535.228871405339,7304.887225593164
P5,P3,R_C_log,G05,"{""max_leaf_nodes"":15,""min_samples_leaf"":20}",58824,509,ok,509,1.171796202004086,1.082495358883393,0.761018546301924,0.1527460385013225,1.780364889623482,1.6597558523839793,0.12060903723950274,0.5086942030216589,0.4148204746045513,0.43676933733885537,0.4268980989191873,0.8154613756958602,596.4442668200797,7.4041887906944375,589.0400780293854
P5,P4,R_C_log,G05,"{""max_leaf_nodes"":15,""min_samples_leaf"":20}",58718,576,ok,576,1.3506043445031068,1.1621550432292185,0.8586573125527784,0.2261486936508964,1.582593810997146,1.7985233190764203,-0.2159295080792741,0.4908319541512051,0.5030026930249024,0.47851462686792,-0.26052594783753746,1.0247961420823637,777.9481024337896,26.856318216589806,751.0917842171997
P5,P1,R_C_log,G05,"{""max_leaf_nodes"":15,""min_samples_leaf"":50}",59108,270,ok,270,1.0344963878950848,1.0171019555064698,0.7696591395934044,0.11344405629936927,1.7064488001878504,1.8424528267133584,-0.13600402652550783,0.41277099099746956,0.3630049483339328,0.3867565423778904,0.08613267391992929,0.879434253499074,279.3140247316729,4.99421571241078,274.31980901926204
P5,P2,R_C_log,G05,"{""max_leaf_nodes"":15,""min_samples_leaf"":50}",56582,2603,ok,2603,4.5762353544233445,2.1392137234094553,1.8529764804227542,-0.49028403653073727,2.9275269962016206,1.5982423783310347,1.329284617870586,0.23298867688699562,0.2992316951936026,0.26852169376000373,0.8748745557990811,1.2843186166456322,11911.940627563965,4599.494740585032,7312.445886978934
P5,P3,R_C_log,G05,"{""max_leaf_nodes"":15,""min_samples_leaf"":50}",58824,509,ok,509,1.160951658286411,1.0774746671204902,0.7565676089749012,0.1605870629130176,1.780364889623482,1.6678120273395172,0.11255286228396476,0.5106150513800687,0.4215253275448712,0.4462886703280581,0.4035448973270155,0.8255246812752398,590.9243940677832,6.448086725431387,584.4763073423517
P5,P4,R_C_log,G05,"{""max_leaf_nodes"":15,""min_samples_leaf"":50}",58718,576,ok,576,1.3469663749239509,1.160588805272544,0.8580022751659804,0.22823312905401516,1.582593810997146,1.8027982390881974,-0.22020442809105154,0.49168434346201645,0.506188348921222,0.4781924964559759,-0.2733844730716817,1.0294986115626157,775.8526319561958,27.930234326922484,747.9223976292733
P5,P1,R_C_log,S05,"{""max_leaf_nodes"":7,""min_samples_leaf"":20}",3687,270,ok,270,1.0543121026544382,1.0267970114167835,0.7905898621843772,0.09646213166034112,1.7064488001878504,1.689150672987564,0.017298127200286555,0.4558208313814399,0.3340031596418901,0.2889524998739982,0.468721993847679,0.7327509772417347,284.6642677166983,0.08079080525206926,284.58347691144627
P5,P2,R_C_log,S05,"{""max_leaf_nodes"":7,""min_samples_leaf"":20}",1354,2603,ok,2603,4.8923842272012,2.211873465458908,1.9054030527169497,-0.5932401962948137,2.9275269962016206,1.5702581695583555,1.357268826643265,0.2872218771527333,0.15523708718384868,0.1199155577103883,2.0788371025719026,0.5404779354648522,12734.876143404723,4795.191072225055,7939.685071179668
P5,P3,R_C_log,S05,"{""max_leaf_nodes"":7,""min_samples_leaf"":20}",3449,509,ok,509,1.2547122184208384,1.120139374551595,0.8072540551559002,0.0927945526878039,1.780364889623482,1.8039151432118663,-0.02355025358838427,0.44933601865423867,0.32837164814750147,0.3368841933130431,0.46207620564747165,0.7307930691400488,638.6485191762067,0.2822987520352979,638.3662204241714
P5,P4,R_C_log,S05,"{""max_leaf_nodes"":7,""min_samples_leaf"":20}",3380,576,ok,576,1.5127673261406334,1.2299460663543884,0.9399567143402197,0.13323470615159383,1.582593810997146,1.8361161941313047,-0.25352238313415865,0.3231073233443074,0.42471906409493715,0.4048416073301708,-0.830949600737922,1.314482939287485,871.3539798570048,37.02159288001332,834.3323869769915
P5,P1,R_C_log,S05,"{""max_leaf_nodes"":7,""min_samples_leaf"":50}",3687,270,ok,270,1.0718604911363345,1.0353069550313736,0.78954125118095,0.08142328928927367,1.7064488001878504,1.7181393203914228,-0.011690520203572214,0.4582138658110216,0.31808330299023196,0.27946556007577034,0.5137493408203537,0.6941808764936352,289.4023326068103,0.03690043091013513,289.36543217590014
P5,P2,R_C_log,S05,"{""max_leaf_nodes"":7,""min_samples_leaf"":50}",1354,2603,ok,2603,4.826195042392812,2.1968602692007546,1.9001716507814925,-0.5716852110566577,2.9275269962016206,1.5781035551908358,1.3494234410107848,0.2718782451533314,0.1751445549541046,0.15125070889888184,1.9109092646523023,0.6442021679790091,12562.58569534849,4739.916251057854,7822.669444290639
P5,P3,R_C_log,S05,"{""max_leaf_nodes"":7,""min_samples_leaf"":50}",3449,509,ok,509,1.2293666663974943,1.108768085037396,0.8108146660873254,0.11112036678535997,1.780364889623482,1.7702790162243445,0.010085873399137388,0.4574846855788769,0.3502698182269771,0.3151286415925243,0.4249636515704036,0.7656427182557254,625.7476331963246,0.051777944691724434,625.6958552516329
P5,P4,R_C_log,S05,"{""max_leaf_nodes"":7,""min_samples_leaf"":50}",3380,576,ok,576,1.551379520276133,1.2455438652557094,0.9458619545984764,0.11111120492462678,1.582593810997146,1.8626219546562954,-0.28002814365914913,0.34334050898564145,0.3989094242484839,0.3822753399096369,-0.5814894593390139,1.1618478268906114,893.5946036790525,45.167478474924906,848.4271252041276
P5,P1,R_C_log,S05,"{""max_leaf_nodes"":15,""min_samples_leaf"":20}",3687,270,ok,270,1.1201100682228589,1.0583525254955737,0.8079892424883387,0.04007374969915756,1.7064488001878504,1.797539558305369,-0.09109075811751864,0.5612345766891437,0.3226537841196672,0.2601008857805544,0.6730432249050875,0.574900046292726,302.42971842017187,2.240332077894558,300.1893863422773
P5,P2,R_C_log,S05,"{""max_leaf_nodes"":15,""min_samples_leaf"":20}",1354,2603,ok,2603,4.942649945153472,2.2232071305106667,1.9195196103543541,-0.6096095897475828,2.9275269962016206,1.5686634481015163,1.3588635481001043,0.3005452645418917,0.13649725456488432,0.12582411988700973,2.2150943637044387,0.4541653809549829,12865.717807234489,4806.465900550597,8059.25190668389
P5,P3,R_C_log,S05,"{""max_leaf_nodes"":15,""min_samples_leaf"":20}",3449,509,ok,509,1.2580637209253018,1.1216343971746328,0.8108159022828064,0.09037128679137674,1.780364889623482,1.9094781385064667,-0.12911324888298484,0.4922403645456369,0.35015930194103473,0.3611517353054678,0.4220416390134625,0.7113583670941931,640.3544339509787,8.485147597893869,631.8692863530848
P5,P4,R_C_log,S05,"{""max_leaf_nodes"":15,""min_samples_leaf"":20}",3380,576,ok,576,1.412139233852533,1.1883346472490537,0.9057554782992374,0.1908912515266301,1.582593810997146,1.6244804994758735,-0.04188668847872751,0.3365591593331617,0.45336544528195305,0.43186306221397536,-0.6056792000715561,1.3470601904884252,813.392198699059,1.010588930907243,812.3816097681519
P5,P1,R_C_log,S05,"{""max_leaf_nodes"":15,""min_samples_leaf"":50}",3687,270,ok,270,1.0882451994101712,1.0431899153127253,0.7877662433357818,0.06738171246412183,1.7064488001878504,1.840169109048542,-0.13372030886069147,0.5401928675122819,0.3466484480265054,0.287732999817854,0.5255895106240331,0.6417123751057747,293.82620384074625,4.8279026704856545,288.99830117026056
P5,P2,R_C_log,S05,"{""max_leaf_nodes"":15,""min_samples_leaf"":50}",1354,2603,ok,2603,4.965050175930235,2.2282392546426055,1.9215135696433758,-0.6169043863993648,2.9275269962016206,1.5556038264153385,1.3719231697862821,0.31707379657071016,0.1522905304011164,0.1426723499784449,2.180370547510451,0.4802999555567321,12924.025607946402,4899.296797422133,8024.72881052427
P5,P3,R_C_log,S05,"{""max_leaf_nodes"":15,""min_samples_leaf"":50}",3449,509,ok,509,1.2616343848542728,1.1232249929797113,0.8221364581392022,0.08778955871116356,1.780364889623482,1.9506636369345534,-0.17029874731107136,0.4972907404428428,0.3579967755523382,0.36520582028498894,0.376093232387525,0.7198943121955944,642.1719018908249,14.761846637881549,627.4100552529433
P5,P4,R_C_log,S05,"{""max_leaf_nodes"":15,""min_samples_leaf"":50}",3380,576,ok,576,1.4968395871185765,1.2234539579071115,0.9330676458078625,0.14236077012404535,1.582593810997146,1.870920769668275,-0.288326958671129,0.3730301679474632,0.44117664081481506,0.40374401504204693,-0.6301133942527168,1.182683543377515,862.1796021803,47.884282615608726,814.2953195646911
