task,model,gust_mps,log_prediction_difference_from_9mps,training_gust_min,training_gust_max,inside_training_range,nearby_event_n,nearby_process_n
E_log,G02,1.0,0.49846867706316944,0.5,39.400001525878906,True,4,1
E_log,G02,1.25,0.4743776799039803,0.5,39.400001525878906,True,7,2
E_log,G02,1.5,0.45083596345453003,0.5,39.400001525878906,True,9,2
E_log,G02,1.75,0.4278435277148205,0.5,39.400001525878906,True,10,2
E_log,G02,2.0,0.4054003726848503,0.5,39.400001525878906,True,19,3
E_log,G02,2.25,0.3835064983646195,0.5,39.400001525878906,True,20,3
E_log,G02,2.5,0.36216190475412846,0.5,39.400001525878906,True,31,3
E_log,G02,2.75,0.34136659185337725,0.5,39.400001525878906,True,37,3
E_log,G02,3.0,0.3211205596623654,0.5,39.400001525878906,True,47,3
E_log,G02,3.25,0.3014238081810938,0.5,39.400001525878906,True,53,3
E_log,G02,3.5,0.28227633740956115,0.5,39.400001525878906,True,61,3
E_log,G02,3.75,0.2636781473477692,0.5,39.400001525878906,True,57,3
E_log,G02,4.0,0.24562923799571657,0.5,39.400001525878906,True,67,3
E_log,G02,4.25,0.22812960935340332,0.5,39.400001525878906,True,60,3
E_log,G02,4.5,0.21117926142083032,0.5,39.400001525878906,True,89,4
E_log,G02,4.75,0.1947781941979967,0.5,39.400001525878906,True,99,4
E_log,G02,5.0,0.17892640768490287,0.5,39.400001525878906,True,134,4
E_log,G02,5.25,0.16362390188154885,0.5,39.400001525878906,True,145,5
E_log,G02,5.5,0.14887067678793375,0.5,39.400001525878906,True,158,5
E_log,G02,5.75,0.13466673240405935,0.5,39.400001525878906,True,158,5
E_log,G02,6.0,0.12101206872992432,0.5,39.400001525878906,True,180,5
E_log,G02,6.25,0.10790668576552864,0.5,39.400001525878906,True,168,5
E_log,G02,6.5,0.09535058351087322,0.5,39.400001525878906,True,195,5
E_log,G02,6.75,0.08334376196595672,0.5,39.400001525878906,True,181,5
E_log,G02,7.0,0.07188622113078091,0.5,39.400001525878906,True,212,5
E_log,G02,7.25,0.06097796100534447,0.5,39.400001525878906,True,202,5
E_log,G02,7.5,0.050618981589647394,0.5,39.400001525878906,True,255,5
E_log,G02,7.75,0.04080928288369057,0.5,39.400001525878906,True,242,5
E_log,G02,8.0,0.03154886488747266,0.5,39.400001525878906,True,268,5
E_log,G02,8.25,0.02283772760099545,0.5,39.400001525878906,True,271,5
E_log,G02,8.5,0.014675871024256715,0.5,39.400001525878906,True,304,5
E_log,G02,8.75,0.0070632951572586755,0.5,39.400001525878906,True,277,5
E_log,G02,9.0,0.0,0.5,39.400001525878906,True,301,5
E_log,G02,9.25,-0.006514014447519312,0.5,39.400001525878906,True,265,5
E_log,G02,9.5,-0.012478748185298372,0.5,39.400001525878906,True,276,5
E_log,G02,9.75,-0.017894201213337624,0.5,39.400001525878906,True,284,5
E_log,G02,10.0,-0.022760373531637068,0.5,39.400001525878906,True,326,5
E_log,G02,10.25,-0.027077265140198037,0.5,39.400001525878906,True,308,5
E_log,G02,10.5,-0.03084487603901831,0.5,39.400001525878906,True,384,5
E_log,G02,10.75,-0.034063206228098775,0.5,39.400001525878906,True,326,5
E_log,G02,11.0,-0.036732255707439876,0.5,39.400001525878906,True,353,5
E_log,G02,11.25,-0.03885202447704206,0.5,39.400001525878906,True,354,5
E_log,G02,11.5,-0.040422512536902655,0.5,39.400001525878906,True,414,5
E_log,G02,11.75,-0.04144371988702478,0.5,39.400001525878906,True,396,5
E_log,G02,12.0,-0.04191564652740709,0.5,39.400001525878906,True,450,5
E_log,G02,12.25,-0.0418382924580496,0.5,39.400001525878906,True,405,5
E_log,G02,12.5,-0.041211657678952296,0.5,39.400001525878906,True,428,5
E_log,G02,12.75,-0.04003574219011563,0.5,39.400001525878906,True,379,5
E_log,G02,13.0,-0.038310545991538714,0.5,39.400001525878906,True,440,5
E_log,G02,13.25,-0.03603606908322243,0.5,39.400001525878906,True,377,5
E_log,G02,13.5,-0.0332123114651659,0.5,39.400001525878906,True,424,5
E_log,G02,13.75,-0.029839273137370892,0.5,39.400001525878906,True,395,5
E_log,G02,14.0,-0.025916954099835188,0.5,39.400001525878906,True,433,5
E_log,G02,14.25,-0.021445354352560564,0.5,39.400001525878906,True,392,5
E_log,G02,14.5,-0.016424473895545244,0.5,39.400001525878906,True,389,5
E_log,G02,14.75,-0.010854312728791005,0.5,39.400001525878906,True,324,5
E_log,G02,15.0,-0.004734870852296513,0.5,39.400001525878906,True,349,5
E_log,G02,15.25,0.0019338517339373418,0.5,39.400001525878906,True,305,5
E_log,G02,15.5,0.00915185502991056,0.5,39.400001525878906,True,360,5
E_log,G02,15.75,0.016919139035624475,0.5,39.400001525878906,True,327,5
E_log,G02,16.0,0.02523570375107731,0.5,39.400001525878906,True,361,5
E_log,G02,16.25,0.03410154917626995,0.5,39.400001525878906,True,347,5
E_log,G02,16.5,0.0435166753112024,0.5,39.400001525878906,True,354,5
E_log,G02,16.75,0.053481082155874216,0.5,39.400001525878906,True,306,5
E_log,G02,17.0,0.06399476971028628,0.5,39.400001525878906,True,334,5
E_log,G02,17.25,0.07505773797443771,0.5,39.400001525878906,True,274,5
E_log,G02,17.5,0.08666998694832939,0.5,39.400001525878906,True,321,5
E_log,G02,17.75,0.09883151663195999,0.5,39.400001525878906,True,287,5
E_log,G02,18.0,0.11154232702533085,0.5,39.400001525878906,True,309,5
E_log,G02,18.25,0.12480241812844106,0.5,39.400001525878906,True,265,5
E_log,G02,18.5,0.13861178994129153,0.5,39.400001525878906,True,296,5
E_log,G02,18.75,0.15297044246388092,0.5,39.400001525878906,True,284,5
E_log,G02,19.0,0.16787837569621056,0.5,39.400001525878906,True,300,5
E_log,G02,19.25,0.18333558963827956,0.5,39.400001525878906,True,287,5
E_log,G02,19.5,0.19934208429008837,0.5,39.400001525878906,True,331,5
E_log,G02,19.75,0.215897859651637,0.5,39.400001525878906,True,281,5
E_log,G02,20.0,0.23300291572292542,0.5,39.400001525878906,True,328,5
E_log,G02,20.25,0.25065725250395365,0.5,39.400001525878906,True,305,5
E_log,G02,20.5,0.2688608699947208,0.5,39.400001525878906,True,334,5
E_log,G02,20.75,0.2876137681952282,0.5,39.400001525878906,True,317,5
E_log,G02,21.0,0.306915947105475,0.5,39.400001525878906,True,328,5
E_log,G02,21.25,0.32676740672546156,0.5,39.400001525878906,True,285,5
E_log,G02,21.5,0.3471681470551893,0.5,39.400001525878906,True,324,5
E_log,G02,21.75,0.36811816809465503,0.5,39.400001525878906,True,285,4
E_log,G02,22.0,0.3896174698438606,0.5,39.400001525878906,True,332,5
E_log,G02,22.25,0.4116660523028064,0.5,39.400001525878906,True,280,5
E_log,G02,22.5,0.434263915471492,0.5,39.400001525878906,True,268,5
E_log,G02,22.75,0.457411059349917,0.5,39.400001525878906,True,209,4
E_log,G02,23.0,0.48110748393808134,0.5,39.400001525878906,True,223,4
E_log,G02,23.25,0.5053531892359859,0.5,39.400001525878906,True,196,4
E_log,G02,23.5,0.5301481752436299,0.5,39.400001525878906,True,207,4
E_log,G02,23.75,0.5554924419610141,0.5,39.400001525878906,True,191,4
E_log,G02,24.0,0.5813859893881377,0.5,39.400001525878906,True,220,4
E_log,G02,24.25,0.6078288175250006,0.5,39.400001525878906,True,171,4
E_log,G02,24.5,0.6348209263716034,0.5,39.400001525878906,True,178,4
E_log,G02,24.75,0.6623623159279464,0.5,39.400001525878906,True,160,3
E_log,G02,25.0,0.6904529861940287,0.5,39.400001525878906,True,127,3
E_log,G02,25.25,0.7190929371698509,0.5,39.400001525878906,True,120,3
E_log,G02,25.5,0.7482821688554124,0.5,39.400001525878906,True,138,3
E_log,G02,25.75,0.7780206812507138,0.5,39.400001525878906,True,134,3
E_log,G02,26.0,0.8083084743557554,0.5,39.400001525878906,True,160,3
E_log,G02,26.25,0.8391455481705359,0.5,39.400001525878906,True,151,3
E_log,G02,26.5,0.8705319026950562,0.5,39.400001525878906,True,151,3
E_log,G02,26.75,0.9024675379293163,0.5,39.400001525878906,True,136,3
E_log,G02,27.0,0.9349524538733167,0.5,39.400001525878906,True,135,3
E_log,G02,27.25,0.9679866505270565,0.5,39.400001525878906,True,119,3
E_log,G02,27.5,1.001570127890536,0.5,39.400001525878906,True,135,3
E_log,G02,27.75,1.0357028859637545,0.5,39.400001525878906,True,104,3
E_log,G02,28.0,1.070384924746714,0.5,39.400001525878906,True,126,3
E_log,G02,28.25,1.1056162442394122,0.5,39.400001525878906,True,114,3
E_log,G02,28.5,1.1413968444418505,0.5,39.400001525878906,True,125,3
E_log,G02,28.75,1.1777267253540282,0.5,39.400001525878906,True,118,3
E_log,G02,29.0,1.2146058869759457,0.5,39.400001525878906,True,142,3
E_log,G02,29.25,1.2520343293076026,0.5,39.400001525878906,True,136,3
E_log,G02,29.5,1.2900120523490002,0.5,39.400001525878906,True,131,3
E_log,G02,29.75,1.3285390561001371,0.5,39.400001525878906,True,123,3
E_log,G02,30.0,1.3676153405610134,0.5,39.400001525878906,True,125,3
E_log,G02,30.25,1.4072409057316295,0.5,39.400001525878906,True,106,2
E_log,G02,30.5,1.447415751611985,0.5,39.400001525878906,True,127,2
E_log,G02,30.75,1.4881398782020803,0.5,39.400001525878906,True,118,2
E_log,G02,31.0,1.5294132855019158,0.5,39.400001525878906,True,139,2
E_log,G02,31.25,1.5712359735114902,0.5,39.400001525878906,True,112,2
E_log,G02,31.5,1.613607942230805,0.5,39.400001525878906,True,123,1
E_log,G02,31.75,1.65652919165986,0.5,39.400001525878906,True,102,1
E_log,G02,32.0,1.6999997217986533,0.5,39.400001525878906,True,105,2
E_log,G02,32.25,1.7440195326471875,0.5,39.400001525878906,True,83,2
E_log,G02,32.5,1.788588624205461,0.5,39.400001525878906,True,72,2
E_log,G02,32.75,1.8337069964734733,0.5,39.400001525878906,True,63,2
E_log,G02,33.0,1.8793746494512278,0.5,39.400001525878906,True,56,2
E_log,G02,33.25,1.9255915831387198,0.5,39.400001525878906,True,47,1
E_log,G02,33.5,1.972357797535952,0.5,39.400001525878906,True,63,1
E_log,G02,33.75,2.0196732926429237,0.5,39.400001525878906,True,56,1
E_log,G02,34.0,2.0675380684596356,0.5,39.400001525878906,True,60,1
E_log,G02,34.25,2.115952124986087,0.5,39.400001525878906,True,64,1
E_log,G02,34.5,2.1649154622222784,0.5,39.400001525878906,True,62,1
E_log,G02,34.75,2.2144280801682084,0.5,39.400001525878906,True,44,1
E_log,G02,35.0,2.2644899788238786,0.5,39.400001525878906,True,44,1
E_log,G02,35.25,2.31510115818929,0.5,39.400001525878906,True,30,1
E_log,G02,35.5,2.366261618264439,0.5,39.400001525878906,True,24,1
E_log,G02,35.75,2.417971359049329,0.5,39.400001525878906,True,17,1
E_log,G02,36.0,2.4702303805439585,0.5,39.400001525878906,True,13,1
E_log,G02,36.25,2.523038682748328,0.5,39.400001525878906,True,5,1
E_log,G02,36.5,2.5763962656624364,0.5,39.400001525878906,True,3,1
E_log,G02,36.75,2.630303129286284,0.5,39.400001525878906,True,4,1
E_log,G02,37.0,2.6847592736198727,0.5,39.400001525878906,True,5,1
E_log,G02,37.25,2.7397646986632007,0.5,39.400001525878906,True,5,1
E_log,G02,37.5,2.7953194044162673,0.5,39.400001525878906,True,5,1
E_log,G02,37.75,2.851423390879076,0.5,39.400001525878906,True,2,1
E_log,G02,38.0,2.908076658051621,0.5,39.400001525878906,True,1,1
E_log,G02,38.25,2.9652792059339084,0.5,39.400001525878906,True,1,1
E_log,G02,38.5,3.023031034525934,0.5,39.400001525878906,True,1,1
E_log,G02,38.75,3.0813321438277,0.5,39.400001525878906,True,1,1
E_log,G02,39.0,3.1401825338392055,0.5,39.400001525878906,True,2,1
E_log,G02,39.25,3.199582204560451,0.5,39.400001525878906,True,1,1
E_log,G02,39.5,3.259531155991436,0.5,39.400001525878906,False,1,1
E_log,G02,39.75,3.3200293881321623,0.5,39.400001525878906,False,1,1
E_log,G02,40.0,3.381076900982626,0.5,39.400001525878906,False,0,0
E_log,P02,1.0,-0.31583903663937773,0.5,39.400001525878906,True,4,1
E_log,P02,1.25,-0.30754945570434433,0.5,39.400001525878906,True,7,2
E_log,P02,1.5,-0.2991579141912495,0.5,39.400001525878906,True,9,2
E_log,P02,1.75,-0.29066441210009475,0.5,39.400001525878906,True,10,2
E_log,P02,2.0,-0.28206894943087724,0.5,39.400001525878906,True,19,3
E_log,P02,2.25,-0.27337152618359983,0.5,39.400001525878906,True,20,3
E_log,P02,2.5,-0.264572142358261,0.5,39.400001525878906,True,31,3
E_log,P02,2.75,-0.25567079795486136,0.5,39.400001525878906,True,37,3
E_log,P02,3.0,-0.24666749297340052,0.5,39.400001525878906,True,47,3
E_log,P02,3.25,-0.23756222741387845,0.5,39.400001525878906,True,53,3
E_log,P02,3.5,-0.2283550012762947,0.5,39.400001525878906,True,61,3
E_log,P02,3.75,-0.21904581456065042,0.5,39.400001525878906,True,57,3
E_log,P02,4.0,-0.20963466726694469,0.5,39.400001525878906,True,67,3
E_log,P02,4.25,-0.2001215593951784,0.5,39.400001525878906,True,60,3
E_log,P02,4.5,-0.19050649094535066,0.5,39.400001525878906,True,89,4
E_log,P02,4.75,-0.18078946191746148,0.5,39.400001525878906,True,99,4
E_log,P02,5.0,-0.1709704723115122,0.5,39.400001525878906,True,134,4
E_log,P02,5.25,-0.16104952212750057,0.5,39.400001525878906,True,145,5
E_log,P02,5.5,-0.1510266113654284,0.5,39.400001525878906,True,158,5
E_log,P02,5.75,-0.1409017400252952,0.5,39.400001525878906,True,158,5
E_log,P02,6.0,-0.13067490810710058,0.5,39.400001525878906,True,180,5
E_log,P02,6.25,-0.1203461156108454,0.5,39.400001525878906,True,168,5
E_log,P02,6.5,-0.1099153625365279,0.5,39.400001525878906,True,195,5
E_log,P02,6.75,-0.09938264888415027,0.5,39.400001525878906,True,181,5
E_log,P02,7.0,-0.0887479746537112,0.5,39.400001525878906,True,212,5
E_log,P02,7.25,-0.07801133984521202,0.5,39.400001525878906,True,202,5
E_log,P02,7.5,-0.06717274445865051,0.5,39.400001525878906,True,255,5
E_log,P02,7.75,-0.056232188494028446,0.5,39.400001525878906,True,242,5
E_log,P02,8.0,-0.04518967195134538,0.5,39.400001525878906,True,268,5
E_log,P02,8.25,-0.03404519483060042,0.5,39.400001525878906,True,271,5
E_log,P02,8.5,-0.022798757131795355,0.5,39.400001525878906,True,304,5
E_log,P02,8.75,-0.011450358854927956,0.5,39.400001525878906,True,277,5
E_log,P02,9.0,0.0,0.5,39.400001525878906,True,301,5
E_log,P02,9.25,0.011552319432988067,0.5,39.400001525878906,True,265,5
E_log,P02,9.5,0.023206599444038467,0.5,39.400001525878906,True,276,5
E_log,P02,9.75,0.03496284003314942,0.5,39.400001525878906,True,284,5
E_log,P02,10.0,0.04682104120032182,0.5,39.400001525878906,True,326,5
E_log,P02,10.25,0.05878120294555522,0.5,39.400001525878906,True,308,5
E_log,P02,10.5,0.07084332526885007,0.5,39.400001525878906,True,384,5
E_log,P02,10.75,0.08300740817020547,0.5,39.400001525878906,True,326,5
E_log,P02,11.0,0.09527345164962187,0.5,39.400001525878906,True,353,5
E_log,P02,11.25,0.10764145570710015,0.5,39.400001525878906,True,354,5
E_log,P02,11.5,0.120111420342639,0.5,39.400001525878906,True,414,5
E_log,P02,11.75,0.13268334555623884,0.5,39.400001525878906,True,396,5
E_log,P02,12.0,0.14535723134789968,0.5,39.400001525878906,True,450,5
E_log,P02,12.25,0.15813307771762242,0.5,39.400001525878906,True,405,5
E_log,P02,12.5,0.1710108846654057,0.5,39.400001525878906,True,428,5
E_log,P02,12.75,0.18399065219125044,0.5,39.400001525878906,True,379,5
E_log,P02,13.0,0.19707238029515617,0.5,39.400001525878906,True,440,5
E_log,P02,13.25,0.2102560689771229,0.5,39.400001525878906,True,377,5
E_log,P02,13.5,0.22354171823715108,0.5,39.400001525878906,True,424,5
E_log,P02,13.75,0.2369293280752398,0.5,39.400001525878906,True,395,5
E_log,P02,14.0,0.25041889849138954,0.5,39.400001525878906,True,433,5
E_log,P02,14.25,0.2640104294856007,0.5,39.400001525878906,True,392,5
E_log,P02,14.5,0.2777039210578729,0.5,39.400001525878906,True,389,5
E_log,P02,14.75,0.2914993732082074,0.5,39.400001525878906,True,324,5
E_log,P02,15.0,0.305396785936602,0.5,39.400001525878906,True,349,5
E_log,P02,15.25,0.31939615924305675,0.5,39.400001525878906,True,305,5
E_log,P02,15.5,0.3334974931275738,0.5,39.400001525878906,True,360,5
E_log,P02,15.75,0.34770078759015144,0.5,39.400001525878906,True,327,5
E_log,P02,16.0,0.3620060426307914,0.5,39.400001525878906,True,361,5
E_log,P02,16.25,0.376413258249491,0.5,39.400001525878906,True,347,5
E_log,P02,16.5,0.3909224344462521,0.5,39.400001525878906,True,354,5
E_log,P02,16.75,0.4055335712210746,0.5,39.400001525878906,True,306,5
E_log,P02,17.0,0.4202466685739581,0.5,39.400001525878906,True,334,5
E_log,P02,17.25,0.43506172650490305,0.5,39.400001525878906,True,274,5
E_log,P02,17.5,0.4499787450139081,0.5,39.400001525878906,True,321,5
E_log,P02,17.75,0.4649977241009755,0.5,39.400001525878906,True,287,5
E_log,P02,18.0,0.480118663766103,0.5,39.400001525878906,True,309,5
E_log,P02,18.25,0.4953415640092924,0.5,39.400001525878906,True,265,5
E_log,P02,18.5,0.5106664248305424,0.5,39.400001525878906,True,296,5
E_log,P02,18.75,0.5260932462298538,0.5,39.400001525878906,True,284,5
E_log,P02,19.0,0.5416220282072266,0.5,39.400001525878906,True,300,5
E_log,P02,19.25,0.55725277076266,0.5,39.400001525878906,True,287,5
E_log,P02,19.5,0.5729854738961544,0.5,39.400001525878906,True,331,5
E_log,P02,19.75,0.5888201376077102,0.5,39.400001525878906,True,281,5
E_log,P02,20.0,0.6047567618973271,0.5,39.400001525878906,True,328,5
E_log,P02,20.25,0.6207953467650049,0.5,39.400001525878906,True,305,5
E_log,P02,20.5,0.6369358922107438,0.5,39.400001525878906,True,334,5
E_log,P02,20.75,0.653178398234544,0.5,39.400001525878906,True,317,5
E_log,P02,21.0,0.6695228648364053,0.5,39.400001525878906,True,328,5
E_log,P02,21.25,0.6859692920163276,0.5,39.400001525878906,True,285,5
E_log,P02,21.5,0.7025176797743113,0.5,39.400001525878906,True,324,5
E_log,P02,21.75,0.7191680281103561,0.5,39.400001525878906,True,285,4
E_log,P02,22.0,0.7359203370244618,0.5,39.400001525878906,True,332,5
E_log,P02,22.25,0.752774606516629,0.5,39.400001525878906,True,280,5
E_log,P02,22.5,0.7697308365868576,0.5,39.400001525878906,True,268,5
E_log,P02,22.75,0.7867890272351459,0.5,39.400001525878906,True,209,4
E_log,P02,23.0,0.8039491784614965,0.5,39.400001525878906,True,223,4
E_log,P02,23.25,0.8212112902659081,0.5,39.400001525878906,True,196,4
E_log,P02,23.5,0.8385753626483798,0.5,39.400001525878906,True,207,4
E_log,P02,23.75,0.8560413956089139,0.5,39.400001525878906,True,191,4
E_log,P02,24.0,0.873609389147509,0.5,39.400001525878906,True,220,4
E_log,P02,24.25,0.8912793432641646,0.5,39.400001525878906,True,171,4
E_log,P02,24.5,0.9090512579588812,0.5,39.400001525878906,True,178,4
E_log,P02,24.75,0.9269251332316597,0.5,39.400001525878906,True,160,3
E_log,P02,25.0,0.9449009690824988,0.5,39.400001525878906,True,127,3
E_log,P02,25.25,0.9629787655113988,0.5,39.400001525878906,True,120,3
E_log,P02,25.5,0.9811585225183608,0.5,39.400001525878906,True,138,3
E_log,P02,25.75,0.9994402401033828,0.5,39.400001525878906,True,134,3
E_log,P02,26.0,1.0178239182664663,0.5,39.400001525878906,True,160,3
E_log,P02,26.25,1.0363095570076117,0.5,39.400001525878906,True,151,3
E_log,P02,26.5,1.0548971563268172,0.5,39.400001525878906,True,151,3
E_log,P02,26.75,1.0735867162240837,0.5,39.400001525878906,True,136,3
E_log,P02,27.0,1.0923782366994117,0.5,39.400001525878906,True,135,3
E_log,P02,27.25,1.111271717752801,0.5,39.400001525878906,True,119,3
E_log,P02,27.5,1.1302671593842524,0.5,39.400001525878906,True,135,3
E_log,P02,27.75,1.1493645615937629,0.5,39.400001525878906,True,104,3
E_log,P02,28.0,1.1685639243813362,0.5,39.400001525878906,True,126,3
E_log,P02,28.25,1.187865247746969,0.5,39.400001525878906,True,114,3
E_log,P02,28.5,1.2072685316906635,0.5,39.400001525878906,True,125,3
E_log,P02,28.75,1.2267737762124207,0.5,39.400001525878906,True,118,3
E_log,P02,29.0,1.2463809813122366,0.5,39.400001525878906,True,142,3
E_log,P02,29.25,1.266090146990115,0.5,39.400001525878906,True,136,3
E_log,P02,29.5,1.2859012732460542,0.5,39.400001525878906,True,131,3
E_log,P02,29.75,1.305814360080055,0.5,39.400001525878906,True,123,3
E_log,P02,30.0,1.3258294074921162,0.5,39.400001525878906,True,125,3
E_log,P02,30.25,1.3459464154822385,0.5,39.400001525878906,True,106,2
E_log,P02,30.5,1.3661653840504226,0.5,39.400001525878906,True,127,2
E_log,P02,30.75,1.386486313196667,0.5,39.400001525878906,True,118,2
E_log,P02,31.0,1.4069092029209735,0.5,39.400001525878906,True,139,2
E_log,P02,31.25,1.4274340532233398,0.5,39.400001525878906,True,112,2
E_log,P02,31.5,1.4480608641037684,0.5,39.400001525878906,True,123,1
E_log,P02,31.75,1.4687896355622567,0.5,39.400001525878906,True,102,1
E_log,P02,32.0,1.4896203675988073,0.5,39.400001525878906,True,105,2
E_log,P02,32.25,1.5105530602134194,0.5,39.400001525878906,True,83,2
E_log,P02,32.5,1.531587713406092,0.5,39.400001525878906,True,72,2
E_log,P02,32.75,1.5527243271768252,0.5,39.400001525878906,True,63,2
E_log,P02,33.0,1.5739629015256211,0.5,39.400001525878906,True,56,2
E_log,P02,33.25,1.5953034364524767,0.5,39.400001525878906,True,47,1
E_log,P02,33.5,1.6167459319573934,0.5,39.400001525878906,True,63,1
E_log,P02,33.75,1.6382903880403719,0.5,39.400001525878906,True,56,1
E_log,P02,34.0,1.6599368047014122,0.5,39.400001525878906,True,60,1
E_log,P02,34.25,1.6816851819405114,0.5,39.400001525878906,True,64,1
E_log,P02,34.5,1.7035355197576734,0.5,39.400001525878906,True,62,1
E_log,P02,34.75,1.7254878181528959,0.5,39.400001525878906,True,44,1
E_log,P02,35.0,1.7475420771261803,0.5,39.400001525878906,True,44,1
E_log,P02,35.25,1.7696982966775239,0.5,39.400001525878906,True,30,1
E_log,P02,35.5,1.7919564768069312,0.5,39.400001525878906,True,24,1
E_log,P02,35.75,1.814316617514398,0.5,39.400001525878906,True,17,1
E_log,P02,36.0,1.8367787187999265,0.5,39.400001525878906,True,13,1
E_log,P02,36.25,1.8593427806635154,0.5,39.400001525878906,True,5,1
E_log,P02,36.5,1.882008803105165,0.5,39.400001525878906,True,3,1
E_log,P02,36.75,1.9047767861248786,0.5,39.400001525878906,True,4,1
E_log,P02,37.0,1.92764672972265,0.5,39.400001525878906,True,5,1
E_log,P02,37.25,1.950618633898484,0.5,39.400001525878906,True,5,1
E_log,P02,37.5,1.9736924986523792,0.5,39.400001525878906,True,5,1
E_log,P02,37.75,1.996868323984335,0.5,39.400001525878906,True,2,1
E_log,P02,38.0,2.0201461098943505,0.5,39.400001525878906,True,1,1
E_log,P02,38.25,2.043525856382431,0.5,39.400001525878906,True,1,1
E_log,P02,38.5,2.0670075634485694,0.5,39.400001525878906,True,1,1
E_log,P02,38.75,2.09059123109277,0.5,39.400001525878906,True,1,1
E_log,P02,39.0,2.1142768593150314,0.5,39.400001525878906,True,2,1
E_log,P02,39.25,2.138064448115354,0.5,39.400001525878906,True,1,1
E_log,P02,39.5,2.1619539974937374,0.5,39.400001525878906,False,1,1
E_log,P02,39.75,2.185945507450183,0.5,39.400001525878906,False,1,1
E_log,P02,40.0,2.2100389779846883,0.5,39.400001525878906,False,0,0
E_log,S01,1.0,-0.12957290398768162,1.2999999523162842,39.400001525878906,False,4,1
E_log,S01,1.25,-0.1255237507380662,1.2999999523162842,39.400001525878906,False,7,2
E_log,S01,1.5,-0.1214745974884508,1.2999999523162842,39.400001525878906,True,9,2
E_log,S01,1.75,-0.11742544423883583,1.2999999523162842,39.400001525878906,True,10,2
E_log,S01,2.0,-0.11337629098922175,1.2999999523162842,39.400001525878906,True,19,3
E_log,S01,2.25,-0.10932713773960634,1.2999999523162842,39.400001525878906,True,20,3
E_log,S01,2.5,-0.10527798448999137,1.2999999523162842,39.400001525878906,True,31,3
E_log,S01,2.75,-0.10122883124037596,1.2999999523162842,39.400001525878906,True,37,3
E_log,S01,3.0,-0.097179677990761,1.2999999523162842,39.400001525878906,True,47,3
E_log,S01,3.25,-0.09313052474114603,1.2999999523162842,39.400001525878906,True,53,3
E_log,S01,3.5,-0.08908137149153106,1.2999999523162842,39.400001525878906,True,61,3
E_log,S01,3.75,-0.08503221824191654,1.2999999523162842,39.400001525878906,True,57,3
E_log,S01,4.0,-0.08098306499230068,1.2999999523162842,39.400001525878906,True,67,3
E_log,S01,4.25,-0.07693391174268571,1.2999999523162842,39.400001525878906,True,60,3
E_log,S01,4.5,-0.07288475849307074,1.2999999523162842,39.400001525878906,True,89,4
E_log,S01,4.75,-0.06883560524345622,1.2999999523162842,39.400001525878906,True,99,4
E_log,S01,5.0,-0.06478645199384125,1.2999999523162842,39.400001525878906,True,134,4
E_log,S01,5.25,-0.06073729874422584,1.2999999523162842,39.400001525878906,True,145,5
E_log,S01,5.5,-0.05668814549461043,1.2999999523162842,39.400001525878906,True,158,5
E_log,S01,5.75,-0.052638992244995464,1.2999999523162842,39.400001525878906,True,158,5
E_log,S01,6.0,-0.0485898389953805,1.2999999523162842,39.400001525878906,True,180,5
E_log,S01,6.25,-0.04454068574576553,1.2999999523162842,39.400001525878906,True,168,5
E_log,S01,6.5,-0.04049153249615056,1.2999999523162842,39.400001525878906,True,195,5
E_log,S01,6.75,-0.03644237924653604,1.2999999523162842,39.400001525878906,True,181,5
E_log,S01,7.0,-0.03239322599691974,1.2999999523162842,39.400001525878906,True,212,5
E_log,S01,7.25,-0.028344072747305216,1.2999999523162842,39.400001525878906,True,202,5
E_log,S01,7.5,-0.024294919497690692,1.2999999523162842,39.400001525878906,True,255,5
E_log,S01,7.75,-0.020245766248075725,1.2999999523162842,39.400001525878906,True,242,5
E_log,S01,8.0,-0.016196612998460314,1.2999999523162842,39.400001525878906,True,268,5
E_log,S01,8.25,-0.012147459748845346,1.2999999523162842,39.400001525878906,True,271,5
E_log,S01,8.5,-0.00809830649922949,1.2999999523162842,39.400001525878906,True,304,5
E_log,S01,8.75,-0.0040491532496154115,1.2999999523162842,39.400001525878906,True,277,5
E_log,S01,9.0,0.0,1.2999999523162842,39.400001525878906,True,301,5
E_log,S01,9.25,0.004049153249614967,1.2999999523162842,39.400001525878906,True,265,5
E_log,S01,9.5,0.00809830649922949,1.2999999523162842,39.400001525878906,True,276,5
E_log,S01,9.75,0.012147459748844902,1.2999999523162842,39.400001525878906,True,284,5
E_log,S01,10.0,0.016196612998460314,1.2999999523162842,39.400001525878906,True,326,5
E_log,S01,10.25,0.02024576624807528,1.2999999523162842,39.400001525878906,True,308,5
E_log,S01,10.5,0.024294919497689804,1.2999999523162842,39.400001525878906,True,384,5
E_log,S01,10.75,0.028344072747305216,1.2999999523162842,39.400001525878906,True,326,5
E_log,S01,11.0,0.03239322599692018,1.2999999523162842,39.400001525878906,True,353,5
E_log,S01,11.25,0.036442379246535594,1.2999999523162842,39.400001525878906,True,354,5
E_log,S01,11.5,0.04049153249615012,1.2999999523162842,39.400001525878906,True,414,5
E_log,S01,11.75,0.04454068574576553,1.2999999523162842,39.400001525878906,True,396,5
E_log,S01,12.0,0.0485898389953805,1.2999999523162842,39.400001525878906,True,450,5
E_log,S01,12.25,0.052638992244995464,1.2999999523162842,39.400001525878906,True,405,5
E_log,S01,12.5,0.05668814549461043,1.2999999523162842,39.400001525878906,True,428,5
E_log,S01,12.75,0.06073729874422584,1.2999999523162842,39.400001525878906,True,379,5
E_log,S01,13.0,0.06478645199384037,1.2999999523162842,39.400001525878906,True,440,5
E_log,S01,13.25,0.06883560524345578,1.2999999523162842,39.400001525878906,True,377,5
E_log,S01,13.5,0.07288475849307074,1.2999999523162842,39.400001525878906,True,424,5
E_log,S01,13.75,0.07693391174268527,1.2999999523162842,39.400001525878906,True,395,5
E_log,S01,14.0,0.08098306499230068,1.2999999523162842,39.400001525878906,True,433,5
E_log,S01,14.25,0.08503221824191565,1.2999999523162842,39.400001525878906,True,392,5
E_log,S01,14.5,0.08908137149153106,1.2999999523162842,39.400001525878906,True,389,5
E_log,S01,14.75,0.09313052474114558,1.2999999523162842,39.400001525878906,True,324,5
E_log,S01,15.0,0.097179677990761,1.2999999523162842,39.400001525878906,True,349,5
E_log,S01,15.25,0.10122883124037596,1.2999999523162842,39.400001525878906,True,305,5
E_log,S01,15.5,0.10527798448999048,1.2999999523162842,39.400001525878906,True,360,5
E_log,S01,15.75,0.1093271377396059,1.2999999523162842,39.400001525878906,True,327,5
E_log,S01,16.0,0.1133762909892213,1.2999999523162842,39.400001525878906,True,361,5
E_log,S01,16.25,0.11742544423883583,1.2999999523162842,39.400001525878906,True,347,5
E_log,S01,16.5,0.1214745974884508,1.2999999523162842,39.400001525878906,True,354,5
E_log,S01,16.75,0.1255237507380662,1.2999999523162842,39.400001525878906,True,306,5
E_log,S01,17.0,0.12957290398768118,1.2999999523162842,39.400001525878906,True,334,5
E_log,S01,17.25,0.13362205723729614,1.2999999523162842,39.400001525878906,True,274,5
E_log,S01,17.5,0.13767121048691155,1.2999999523162842,39.400001525878906,True,321,5
E_log,S01,17.75,0.14172036373652652,1.2999999523162842,39.400001525878906,True,287,5
E_log,S01,18.0,0.14576951698614105,1.2999999523162842,39.400001525878906,True,309,5
E_log,S01,18.25,0.149818670235756,1.2999999523162842,39.400001525878906,True,265,5
E_log,S01,18.5,0.15386782348537142,1.2999999523162842,39.400001525878906,True,296,5
E_log,S01,18.75,0.15791697673498684,1.2999999523162842,39.400001525878906,True,284,5
E_log,S01,19.0,0.1619661299846018,1.2999999523162842,39.400001525878906,True,300,5
E_log,S01,19.25,0.16601528323421633,1.2999999523162842,39.400001525878906,True,287,5
E_log,S01,19.5,0.17006443648383174,1.2999999523162842,39.400001525878906,True,331,5
E_log,S01,19.75,0.1741135897334467,1.2999999523162842,39.400001525878906,True,281,5
E_log,S01,20.0,0.17816274298306212,1.2999999523162842,39.400001525878906,True,328,5
E_log,S01,20.25,0.18221189623267664,1.2999999523162842,39.400001525878906,True,305,5
E_log,S01,20.5,0.18626104948229205,1.2999999523162842,39.400001525878906,True,334,5
E_log,S01,20.75,0.19031020273190702,1.2999999523162842,39.400001525878906,True,317,5
E_log,S01,21.0,0.19435935598152154,1.2999999523162842,39.400001525878906,True,328,5
E_log,S01,21.25,0.19840850923113695,1.2999999523162842,39.400001525878906,True,285,5
E_log,S01,21.5,0.20245766248075237,1.2999999523162842,39.400001525878906,True,324,5
E_log,S01,21.75,0.2065068157303669,1.2999999523162842,39.400001525878906,True,285,4
E_log,S01,22.0,0.2105559689799823,1.2999999523162842,39.400001525878906,True,332,5
E_log,S01,22.25,0.21460512222959727,1.2999999523162842,39.400001525878906,True,280,5
E_log,S01,22.5,0.2186542754792118,1.2999999523162842,39.400001525878906,True,268,5
E_log,S01,22.75,0.2227034287288272,1.2999999523162842,39.400001525878906,True,209,4
E_log,S01,23.0,0.22675258197844217,1.2999999523162842,39.400001525878906,True,223,4
E_log,S01,23.25,0.23080173522805758,1.2999999523162842,39.400001525878906,True,196,4
E_log,S01,23.5,0.23485088847767255,1.2999999523162842,39.400001525878906,True,207,4
E_log,S01,23.75,0.23890004172728752,1.2999999523162842,39.400001525878906,True,191,4
E_log,S01,24.0,0.24294919497690248,1.2999999523162842,39.400001525878906,True,220,4
E_log,S01,24.25,0.24699834822651745,1.2999999523162842,39.400001525878906,True,171,4
E_log,S01,24.5,0.25104750147613286,1.2999999523162842,39.400001525878906,True,178,4
E_log,S01,24.75,0.2550966547257474,1.2999999523162842,39.400001525878906,True,160,3
E_log,S01,25.0,0.2591458079753628,1.2999999523162842,39.400001525878906,True,127,3
E_log,S01,25.25,0.26319496122497776,1.2999999523162842,39.400001525878906,True,120,3
E_log,S01,25.5,0.26724411447459273,1.2999999523162842,39.400001525878906,True,138,3
E_log,S01,25.75,0.27129326772420725,1.2999999523162842,39.400001525878906,True,134,3
E_log,S01,26.0,0.2753424209738231,1.2999999523162842,39.400001525878906,True,160,3
E_log,S01,26.25,0.27939157422343763,1.2999999523162842,39.400001525878906,True,151,3
E_log,S01,26.5,0.28344072747305304,1.2999999523162842,39.400001525878906,True,151,3
E_log,S01,26.75,0.287489880722668,1.2999999523162842,39.400001525878906,True,136,3
E_log,S01,27.0,0.29153903397228254,1.2999999523162842,39.400001525878906,True,135,3
E_log,S01,27.25,0.2955881872218984,1.2999999523162842,39.400001525878906,True,119,3
E_log,S01,27.5,0.29963734047151336,1.2999999523162842,39.400001525878906,True,135,3
E_log,S01,27.75,0.3036864937211279,1.2999999523162842,39.400001525878906,True,104,3
E_log,S01,28.0,0.3077356469707433,1.2999999523162842,39.400001525878906,True,126,3
E_log,S01,28.25,0.31178480022035826,1.2999999523162842,39.400001525878906,True,114,3
E_log,S01,28.5,0.31583395346997367,1.2999999523162842,39.400001525878906,True,125,3
E_log,S01,28.75,0.31988310671958864,1.2999999523162842,39.400001525878906,True,118,3
E_log,S01,29.0,0.3239322599692036,1.2999999523162842,39.400001525878906,True,142,3
E_log,S01,29.25,0.3279814132188186,1.2999999523162842,39.400001525878906,True,136,3
E_log,S01,29.5,0.33203056646843354,1.2999999523162842,39.400001525878906,True,131,3
E_log,S01,29.75,0.33607971971804806,1.2999999523162842,39.400001525878906,True,123,3
E_log,S01,30.0,0.3401288729676635,1.2999999523162842,39.400001525878906,True,125,3
E_log,S01,30.25,0.3441780262172789,1.2999999523162842,39.400001525878906,True,106,2
E_log,S01,30.5,0.3482271794668934,1.2999999523162842,39.400001525878906,True,127,2
E_log,S01,30.75,0.3522763327165084,1.2999999523162842,39.400001525878906,True,118,2
E_log,S01,31.0,0.3563254859661238,1.2999999523162842,39.400001525878906,True,139,2
E_log,S01,31.25,0.3603746392157392,1.2999999523162842,39.400001525878906,True,112,2
E_log,S01,31.5,0.3644237924653533,1.2999999523162842,39.400001525878906,True,123,1
E_log,S01,31.75,0.3684729457149687,1.2999999523162842,39.400001525878906,True,102,1
E_log,S01,32.0,0.3725220989645841,1.2999999523162842,39.400001525878906,True,105,2
E_log,S01,32.25,0.37657125221419907,1.2999999523162842,39.400001525878906,True,83,2
E_log,S01,32.5,0.3806204054638136,1.2999999523162842,39.400001525878906,True,72,2
E_log,S01,32.75,0.38466955871342856,1.2999999523162842,39.400001525878906,True,63,2
E_log,S01,33.0,0.388718711963044,1.2999999523162842,39.400001525878906,True,56,2
E_log,S01,33.25,0.3927678652126594,1.2999999523162842,39.400001525878906,True,47,1
E_log,S01,33.5,0.3968170184622739,1.2999999523162842,39.400001525878906,True,63,1
E_log,S01,33.75,0.4008661717118893,1.2999999523162842,39.400001525878906,True,56,1
E_log,S01,34.0,0.4049153249615043,1.2999999523162842,39.400001525878906,True,60,1
E_log,S01,34.25,0.40896447821111925,1.2999999523162842,39.400001525878906,True,64,1
E_log,S01,34.5,0.4130136314607342,1.2999999523162842,39.400001525878906,True,62,1
E_log,S01,34.75,0.41706278471034963,1.2999999523162842,39.400001525878906,True,44,1
E_log,S01,35.0,0.4211119379599646,1.2999999523162842,39.400001525878906,True,44,1
E_log,S01,35.25,0.4251610912095791,1.2999999523162842,39.400001525878906,True,30,1
E_log,S01,35.5,0.42921024445919453,1.2999999523162842,39.400001525878906,True,24,1
E_log,S01,35.75,0.43325939770880906,1.2999999523162842,39.400001525878906,True,17,1
E_log,S01,36.0,0.43730855095842447,1.2999999523162842,39.400001525878906,True,13,1
E_log,S01,36.25,0.44135770420803944,1.2999999523162842,39.400001525878906,True,5,1
E_log,S01,36.5,0.44540685745765485,1.2999999523162842,39.400001525878906,True,3,1
E_log,S01,36.75,0.4494560107072698,1.2999999523162842,39.400001525878906,True,4,1
E_log,S01,37.0,0.4535051639568848,1.2999999523162842,39.400001525878906,True,5,1
E_log,S01,37.25,0.45755431720649975,1.2999999523162842,39.400001525878906,True,5,1
E_log,S01,37.5,0.46160347045611516,1.2999999523162842,39.400001525878906,True,5,1
E_log,S01,37.75,0.46565262370573013,1.2999999523162842,39.400001525878906,True,2,1
E_log,S01,38.0,0.4697017769553451,1.2999999523162842,39.400001525878906,True,1,1
E_log,S01,38.25,0.47375093020496006,1.2999999523162842,39.400001525878906,True,1,1
E_log,S01,38.5,0.4778000834545746,1.2999999523162842,39.400001525878906,True,1,1
E_log,S01,38.75,0.48184923670419,1.2999999523162842,39.400001525878906,True,1,1
E_log,S01,39.0,0.4858983899538054,1.2999999523162842,39.400001525878906,True,2,1
E_log,S01,39.25,0.4899475432034204,1.2999999523162842,39.400001525878906,True,1,1
E_log,S01,39.5,0.4939966964530349,1.2999999523162842,39.400001525878906,False,1,1
E_log,S01,39.75,0.4980458497026503,1.2999999523162842,39.400001525878906,False,1,1
E_log,S01,40.0,0.5020950029522653,1.2999999523162842,39.400001525878906,False,0,0
E_log,S02,1.0,0.017025668218883183,1.2999999523162842,39.400001525878906,False,4,1
E_log,S02,1.25,0.015361119948833046,1.2999999523162842,39.400001525878906,False,7,2
E_log,S02,1.5,0.01376963594576397,1.2999999523162842,39.400001525878906,True,9,2
E_log,S02,1.75,0.01225121620967684,1.2999999523162842,39.400001525878906,True,10,2
E_log,S02,2.0,0.010805860740569884,1.2999999523162842,39.400001525878906,True,19,3
E_log,S02,2.25,0.009433569538445319,1.2999999523162842,39.400001525878906,True,20,3
E_log,S02,2.5,0.008134342603302258,1.2999999523162842,39.400001525878906,True,31,3
E_log,S02,2.75,0.006908179935139813,1.2999999523162842,39.400001525878906,True,37,3
E_log,S02,3.0,0.005755081533957984,1.2999999523162842,39.400001525878906,True,47,3
E_log,S02,3.25,0.004675047399758547,1.2999999523162842,39.400001525878906,True,53,3
E_log,S02,3.5,0.0036680775325397263,1.2999999523162842,39.400001525878906,True,61,3
E_log,S02,3.75,0.0027341719323024094,1.2999999523162842,39.400001525878906,True,57,3
E_log,S02,4.0,0.0018733305990465965,1.2999999523162842,39.400001525878906,True,67,3
E_log,S02,4.25,0.0010855535327722876,1.2999999523162842,39.400001525878906,True,60,3
E_log,S02,4.5,0.0003708407334785946,1.2999999523162842,39.400001525878906,True,89,4
E_log,S02,4.75,-0.0002708077988331503,1.2999999523162842,39.400001525878906,True,99,4
E_log,S02,5.0,-0.0008393920641642794,1.2999999523162842,39.400001525878906,True,134,4
E_log,S02,5.25,-0.0013349120625134603,1.2999999523162842,39.400001525878906,True,145,5
E_log,S02,5.5,-0.0017573677938820254,1.2999999523162842,39.400001525878906,True,158,5
E_log,S02,5.75,-0.002106759258268198,1.2999999523162842,39.400001525878906,True,158,5
E_log,S02,6.0,-0.002383086455673755,1.2999999523162842,39.400001525878906,True,180,5
E_log,S02,6.25,-0.0025863493860982523,1.2999999523162842,39.400001525878906,True,168,5
E_log,S02,6.5,-0.0027165480495416894,1.2999999523162842,39.400001525878906,True,195,5
E_log,S02,6.75,-0.0027736824460031784,1.2999999523162842,39.400001525878906,True,181,5
E_log,S02,7.0,-0.0027577525754836074,1.2999999523162842,39.400001525878906,True,212,5
E_log,S02,7.25,-0.0026687584379829765,1.2999999523162842,39.400001525878906,True,202,5
E_log,S02,7.5,-0.0025067000335008416,1.2999999523162842,39.400001525878906,True,255,5
E_log,S02,7.75,-0.0022715773620372026,1.2999999523162842,39.400001525878906,True,242,5
E_log,S02,8.0,-0.0019633904235920596,1.2999999523162842,39.400001525878906,True,268,5
E_log,S02,8.25,-0.0015821392181667449,1.2999999523162842,39.400001525878906,True,271,5
E_log,S02,8.5,-0.0011278237457590379,1.2999999523162842,39.400001525878906,True,304,5
E_log,S02,8.75,-0.000600444006370271,1.2999999523162842,39.400001525878906,True,277,5
E_log,S02,9.0,0.0,1.2999999523162842,39.400001525878906,True,301,5
E_log,S02,9.25,0.0006735082733508868,1.2999999523162842,39.400001525878906,True,265,5
E_log,S02,9.5,0.0014200808136832777,1.2999999523162842,39.400001525878906,True,276,5
E_log,S02,9.75,0.0022397176209967284,1.2999999523162842,39.400001525878906,True,284,5
E_log,S02,10.0,0.0031324186952921274,1.2999999523162842,39.400001525878906,True,326,5
E_log,S02,10.25,0.004098184036568142,1.2999999523162842,39.400001525878906,True,308,5
E_log,S02,10.5,0.005137013644826105,1.2999999523162842,39.400001525878906,True,384,5
E_log,S02,10.75,0.006248907520065128,1.2999999523162842,39.400001525878906,True,326,5
E_log,S02,11.0,0.007433865662285655,1.2999999523162842,39.400001525878906,True,353,5
E_log,S02,11.25,0.008691888071486797,1.2999999523162842,39.400001525878906,True,354,5
E_log,S02,11.5,0.010022974747669444,1.2999999523162842,39.400001525878906,True,414,5
E_log,S02,11.75,0.011427125690833595,1.2999999523162842,39.400001525878906,True,396,5
E_log,S02,12.0,0.01290434090097925,1.2999999523162842,39.400001525878906,True,450,5
E_log,S02,12.25,0.014454620378105965,1.2999999523162842,39.400001525878906,True,405,5
E_log,S02,12.5,0.01607796412221374,1.2999999523162842,39.400001525878906,True,428,5
E_log,S02,12.75,0.017774372133303018,1.2999999523162842,39.400001525878906,True,379,5
E_log,S02,13.0,0.0195438444113738,1.2999999523162842,39.400001525878906,True,440,5
E_log,S02,13.25,0.0213863809564252,1.2999999523162842,39.400001525878906,True,377,5
E_log,S02,13.5,0.023301981768458546,1.2999999523162842,39.400001525878906,True,424,5
E_log,S02,13.75,0.025290646847473397,1.2999999523162842,39.400001525878906,True,395,5
E_log,S02,14.0,0.027352376193468864,1.2999999523162842,39.400001525878906,True,433,5
E_log,S02,14.25,0.029487169806445834,1.2999999523162842,39.400001525878906,True,392,5
E_log,S02,14.5,0.03169502768640431,1.2999999523162842,39.400001525878906,True,389,5
E_log,S02,14.75,0.033975949833343844,1.2999999523162842,39.400001525878906,True,324,5
E_log,S02,15.0,0.03632993624726444,1.2999999523162842,39.400001525878906,True,349,5
E_log,S02,15.25,0.03875698692816698,1.2999999523162842,39.400001525878906,True,305,5
E_log,S02,15.5,0.041257101876050584,1.2999999523162842,39.400001525878906,True,360,5
E_log,S02,15.75,0.043830281090915246,1.2999999523162842,39.400001525878906,True,327,5
E_log,S02,16.0,0.04647652457276097,1.2999999523162842,39.400001525878906,True,361,5
E_log,S02,16.25,0.04919583232158864,1.2999999523162842,39.400001525878906,True,347,5
E_log,S02,16.5,0.051988204337397814,1.2999999523162842,39.400001525878906,True,354,5
E_log,S02,16.75,0.05485364062018672,1.2999999523162842,39.400001525878906,True,306,5
E_log,S02,17.0,0.057792141169958455,1.2999999523162842,39.400001525878906,True,334,5
E_log,S02,17.25,0.06080370598671081,1.2999999523162842,39.400001525878906,True,274,5
E_log,S02,17.5,0.06388833507044511,1.2999999523162842,39.400001525878906,True,321,5
E_log,S02,17.75,0.06704602842116003,1.2999999523162842,39.400001525878906,True,287,5
E_log,S02,18.0,0.07027678603885601,1.2999999523162842,39.400001525878906,True,309,5
E_log,S02,18.25,0.07358060792353394,1.2999999523162842,39.400001525878906,True,265,5
E_log,S02,18.5,0.07695749407519337,1.2999999523162842,39.400001525878906,True,296,5
E_log,S02,18.75,0.08040744449383341,1.2999999523162842,39.400001525878906,True,284,5
E_log,S02,19.0,0.08393045917945496,1.2999999523162842,39.400001525878906,True,300,5
E_log,S02,19.25,0.08752653813205713,1.2999999523162842,39.400001525878906,True,287,5
E_log,S02,19.5,0.09119568135164213,1.2999999523162842,39.400001525878906,True,331,5
E_log,S02,19.75,0.09493788883820731,1.2999999523162842,39.400001525878906,True,281,5
E_log,S02,20.0,0.09875316059175399,1.2999999523162842,39.400001525878906,True,328,5
E_log,S02,20.25,0.10264149661228261,1.2999999523162842,39.400001525878906,True,305,5
E_log,S02,20.5,0.10660289689979097,1.2999999523162842,39.400001525878906,True,334,5
E_log,S02,20.75,0.11063736145428216,1.2999999523162842,39.400001525878906,True,317,5
E_log,S02,21.0,0.11474489027575352,1.2999999523162842,39.400001525878906,True,328,5
E_log,S02,21.25,0.11892548336420683,1.2999999523162842,39.400001525878906,True,285,5
E_log,S02,21.5,0.1231791407196412,1.2999999523162842,39.400001525878906,True,324,5
E_log,S02,21.75,0.12750586234205752,1.2999999523162842,39.400001525878906,True,285,4
E_log,S02,22.0,0.1319056482314549,1.2999999523162842,39.400001525878906,True,332,5
E_log,S02,22.25,0.13637849838783245,1.2999999523162842,39.400001525878906,True,280,5
E_log,S02,22.5,0.14092441281119283,1.2999999523162842,39.400001525878906,True,268,5
E_log,S02,22.75,0.1455433915015334,1.2999999523162842,39.400001525878906,True,209,4
E_log,S02,23.0,0.15023543445885545,1.2999999523162842,39.400001525878906,True,223,4
E_log,S02,23.25,0.15500054168315947,1.2999999523162842,39.400001525878906,True,196,4
E_log,S02,23.5,0.1598387131744441,1.2999999523162842,39.400001525878906,True,207,4
E_log,S02,23.75,0.16474994893271067,1.2999999523162842,39.400001525878906,True,191,4
E_log,S02,24.0,0.1697342489579574,1.2999999523162842,39.400001525878906,True,220,4
E_log,S02,24.25,0.17479161325018566,1.2999999523162842,39.400001525878906,True,171,4
E_log,S02,24.5,0.1799220418093963,1.2999999523162842,39.400001525878906,True,178,4
E_log,S02,24.75,0.18512553463558712,1.2999999523162842,39.400001525878906,True,160,3
E_log,S02,25.0,0.19040209172876033,1.2999999523162842,39.400001525878906,True,127,3
E_log,S02,25.25,0.19575171308891415,1.2999999523162842,39.400001525878906,True,120,3
E_log,S02,25.5,0.20117439871604947,1.2999999523162842,39.400001525878906,True,138,3
E_log,S02,25.75,0.20667014861016497,1.2999999523162842,39.400001525878906,True,134,3
E_log,S02,26.0,0.2122389627712633,1.2999999523162842,39.400001525878906,True,160,3
E_log,S02,26.25,0.2178808411993418,1.2999999523162842,39.400001525878906,True,151,3
E_log,S02,26.5,0.2235957838944027,1.2999999523162842,39.400001525878906,True,151,3
E_log,S02,26.75,0.22938379085644423,1.2999999523162842,39.400001525878906,True,136,3
E_log,S02,27.0,0.2352448620854668,1.2999999523162842,39.400001525878906,True,135,3
E_log,S02,27.25,0.24117899758147132,1.2999999523162842,39.400001525878906,True,119,3
E_log,S02,27.5,0.2471861973444569,1.2999999523162842,39.400001525878906,True,135,3
E_log,S02,27.75,0.25326646137442355,1.2999999523162842,39.400001525878906,True,104,3
E_log,S02,28.0,0.25941978967137214,1.2999999523162842,39.400001525878906,True,126,3
E_log,S02,28.25,0.26564618223530134,1.2999999523162842,39.400001525878906,True,114,3
E_log,S02,28.5,0.2719456390662116,1.2999999523162842,39.400001525878906,True,125,3
E_log,S02,28.75,0.2783181601641038,1.2999999523162842,39.400001525878906,True,118,3
E_log,S02,29.0,0.28476374552897665,1.2999999523162842,39.400001525878906,True,142,3
E_log,S02,29.25,0.291282395160831,1.2999999523162842,39.400001525878906,True,136,3
E_log,S02,29.5,0.29787410905966727,1.2999999523162842,39.400001525878906,True,131,3
E_log,S02,29.75,0.30453888722548417,1.2999999523162842,39.400001525878906,True,123,3
E_log,S02,30.0,0.311276729658283,1.2999999523162842,39.400001525878906,True,125,3
E_log,S02,30.25,0.3180876363580625,1.2999999523162842,39.400001525878906,True,106,2
E_log,S02,30.5,0.324971607324823,1.2999999523162842,39.400001525878906,True,127,2
E_log,S02,30.75,0.33192864255856547,1.2999999523162842,39.400001525878906,True,118,2
E_log,S02,31.0,0.338958742059289,1.2999999523162842,39.400001525878906,True,139,2
E_log,S02,31.25,0.34606190582699403,1.2999999523162842,39.400001525878906,True,112,2
E_log,S02,31.5,0.3532381338616801,1.2999999523162842,39.400001525878906,True,123,1
E_log,S02,31.75,0.3604874261633477,1.2999999523162842,39.400001525878906,True,102,1
E_log,S02,32.0,0.36780978273199594,1.2999999523162842,39.400001525878906,True,105,2
E_log,S02,32.25,0.37520520356762654,1.2999999523162842,39.400001525878906,True,83,2
E_log,S02,32.5,0.38267368867023777,1.2999999523162842,39.400001525878906,True,72,2
E_log,S02,32.75,0.3902152380398305,1.2999999523162842,39.400001525878906,True,63,2
E_log,S02,33.0,0.3978298516764043,1.2999999523162842,39.400001525878906,True,56,2
E_log,S02,33.25,0.40551752957995957,1.2999999523162842,39.400001525878906,True,47,1
E_log,S02,33.5,0.4132782717504959,1.2999999523162842,39.400001525878906,True,63,1
E_log,S02,33.75,0.42111207818801333,1.2999999523162842,39.400001525878906,True,56,1
E_log,S02,34.0,0.4290189488925127,1.2999999523162842,39.400001525878906,True,60,1
E_log,S02,34.25,0.43699888386399266,1.2999999523162842,39.400001525878906,True,64,1
E_log,S02,34.5,0.4450518831024546,1.2999999523162842,39.400001525878906,True,62,1
E_log,S02,34.75,0.45317794660789845,1.2999999523162842,39.400001525878906,True,44,1
E_log,S02,35.0,0.46137707438032205,1.2999999523162842,39.400001525878906,True,44,1
E_log,S02,35.25,0.46964926641972715,1.2999999523162842,39.400001525878906,True,30,1
E_log,S02,35.5,0.4779945227261142,1.2999999523162842,39.400001525878906,True,24,1
E_log,S02,35.75,0.4864128432994823,1.2999999523162842,39.400001525878906,True,17,1
E_log,S02,36.0,0.4949042281398319,1.2999999523162842,39.400001525878906,True,13,1
E_log,S02,36.25,0.5034686772471626,1.2999999523162842,39.400001525878906,True,5,1
E_log,S02,36.5,0.5121061906214743,1.2999999523162842,39.400001525878906,True,3,1
E_log,S02,36.75,0.520816768262768,1.2999999523162842,39.400001525878906,True,4,1
E_log,S02,37.0,0.5296004101710423,1.2999999523162842,39.400001525878906,True,5,1
E_log,S02,37.25,0.5384571163462981,1.2999999523162842,39.400001525878906,True,5,1
E_log,S02,37.5,0.5473868867885354,1.2999999523162842,39.400001525878906,True,5,1
E_log,S02,37.75,0.5563897214977538,1.2999999523162842,39.400001525878906,True,2,1
E_log,S02,38.0,0.5654656204739537,1.2999999523162842,39.400001525878906,True,1,1
E_log,S02,38.25,0.5746145837171346,1.2999999523162842,39.400001525878906,True,1,1
E_log,S02,38.5,0.5838366112272966,1.2999999523162842,39.400001525878906,True,1,1
E_log,S02,38.75,0.5931317030044405,1.2999999523162842,39.400001525878906,True,1,1
E_log,S02,39.0,0.6024998590485651,1.2999999523162842,39.400001525878906,True,2,1
E_log,S02,39.25,0.6119410793596716,1.2999999523162842,39.400001525878906,True,1,1
E_log,S02,39.5,0.6214553639377591,1.2999999523162842,39.400001525878906,False,1,1
E_log,S02,39.75,0.6310427127828278,1.2999999523162842,39.400001525878906,False,1,1
E_log,S02,40.0,0.6407031258948779,1.2999999523162842,39.400001525878906,False,0,0
E_log,S03,1.0,1.2403737161252826,1.2999999523162842,39.400001525878906,False,4,1
E_log,S03,1.25,1.1663298801253794,1.2999999523162842,39.400001525878906,False,7,2
E_log,S03,1.5,1.0931874460996585,1.2999999523162842,39.400001525878906,True,9,2
E_log,S03,1.75,1.022781979678955,1.2999999523162842,39.400001525878906,True,10,2
E_log,S03,2.0,0.9551264524958638,1.2999999523162842,39.400001525878906,True,19,3
E_log,S03,2.25,0.8901772076484531,1.2999999523162842,39.400001525878906,True,20,3
E_log,S03,2.5,0.8278905882347924,1.2999999523162842,39.400001525878906,True,31,3
E_log,S03,2.75,0.7682229373529519,1.2999999523162842,39.400001525878906,True,37,3
E_log,S03,3.0,0.7111305981009979,1.2999999523162842,39.400001525878906,True,47,3
E_log,S03,3.25,0.6565699135770018,1.2999999523162842,39.400001525878906,True,53,3
E_log,S03,3.5,0.6044972268790314,1.2999999523162842,39.400001525878906,True,61,3
E_log,S03,3.75,0.5548688811051568,1.2999999523162842,39.400001525878906,True,57,3
E_log,S03,4.0,0.5076412193534461,1.2999999523162842,39.400001525878906,True,67,3
E_log,S03,4.25,0.46277058472196764,1.2999999523162842,39.400001525878906,True,60,3
E_log,S03,4.5,0.4202133203087923,1.2999999523162842,39.400001525878906,True,89,4
E_log,S03,4.75,0.3799257692119884,1.2999999523162842,39.400001525878906,True,99,4
E_log,S03,5.0,0.3418642745296232,1.2999999523162842,39.400001525878906,True,134,4
E_log,S03,5.25,0.30598517935976943,1.2999999523162842,39.400001525878906,True,145,5
E_log,S03,5.5,0.27224482680049267,1.2999999523162842,39.400001525878906,True,158,5
E_log,S03,5.75,0.24059955994986293,1.2999999523162842,39.400001525878906,True,158,5
E_log,S03,6.0,0.2110057219059498,1.2999999523162842,39.400001525878906,True,180,5
E_log,S03,6.25,0.18341965576682373,1.2999999523162842,39.400001525878906,True,168,5
E_log,S03,6.5,0.15779770463055032,1.2999999523162842,39.400001525878906,True,195,5
E_log,S03,6.75,0.13409621159520135,1.2999999523162842,39.400001525878906,True,181,5
E_log,S03,7.0,0.11227151975884375,1.2999999523162842,39.400001525878906,True,212,5
E_log,S03,7.25,0.09227997221954842,1.2999999523162842,39.400001525878906,True,202,5
E_log,S03,7.5,0.07407791207538317,1.2999999523162842,39.400001525878906,True,255,5
E_log,S03,7.75,0.057621682424417564,1.2999999523162842,39.400001525878906,True,242,5
E_log,S03,8.0,0.042867626364721634,1.2999999523162842,39.400001525878906,True,268,5
E_log,S03,8.25,0.02977208699436229,1.2999999523162842,39.400001525878906,True,271,5
E_log,S03,8.5,0.01829140741140911,1.2999999523162842,39.400001525878906,True,304,5
E_log,S03,8.75,0.008381930713932118,1.2999999523162842,39.400001525878906,True,277,5
E_log,S03,9.0,0.0,1.2999999523162842,39.400001525878906,True,301,5
E_log,S03,9.25,-0.006898041632318108,1.2999999523162842,39.400001525878906,True,265,5
E_log,S03,9.5,-0.012355851084953517,1.2999999523162842,39.400001525878906,True,276,5
E_log,S03,9.75,-0.01641708525983754,1.2999999523162842,39.400001525878906,True,284,5
E_log,S03,10.0,-0.019125401058901037,1.2999999523162842,39.400001525878906,True,326,5
E_log,S03,10.25,-0.020524455384073548,1.2999999523162842,39.400001525878906,True,308,5
E_log,S03,10.5,-0.020657905137289045,1.2999999523162842,39.400001525878906,True,384,5
E_log,S03,10.75,-0.0195694072204744,1.2999999523162842,39.400001525878906,True,326,5
E_log,S03,11.0,-0.017302618535564473,1.2999999523162842,39.400001525878906,True,353,5
E_log,S03,11.25,-0.013901195984487025,1.2999999523162842,39.400001525878906,True,354,5
E_log,S03,11.5,-0.009408796469176472,1.2999999523162842,39.400001525878906,True,414,5
E_log,S03,11.75,-0.0038690768915605744,1.2999999523162842,39.400001525878906,True,396,5
E_log,S03,12.0,0.0026743058464280267,1.2999999523162842,39.400001525878906,True,450,5
E_log,S03,12.25,0.010177694842858465,1.2999999523162842,39.400001525878906,True,405,5
E_log,S03,12.5,0.018597433195800317,1.2999999523162842,39.400001525878906,True,428,5
E_log,S03,12.75,0.02788986400332183,1.2999999523162842,39.400001525878906,True,379,5
E_log,S03,13.0,0.03801133036349347,1.2999999523162842,39.400001525878906,True,440,5
E_log,S03,13.25,0.048918175374382145,1.2999999523162842,39.400001525878906,True,377,5
E_log,S03,13.5,0.06056674213405877,1.2999999523162842,39.400001525878906,True,424,5
E_log,S03,13.75,0.07291337374059159,1.2999999523162842,39.400001525878906,True,395,5
E_log,S03,14.0,0.08591441329204974,1.2999999523162842,39.400001525878906,True,433,5
E_log,S03,14.25,0.09952620388650191,1.2999999523162842,39.400001525878906,True,392,5
E_log,S03,14.5,0.11370508862201811,1.2999999523162842,39.400001525878906,True,389,5
E_log,S03,14.75,0.12840741059666527,1.2999999523162842,39.400001525878906,True,324,5
E_log,S03,15.0,0.14358951290851474,1.2999999523162842,39.400001525878906,True,349,5
E_log,S03,15.25,0.15920773865563476,1.2999999523162842,39.400001525878906,True,305,5
E_log,S03,15.5,0.17521843093609402,1.2999999523162842,39.400001525878906,True,360,5
E_log,S03,15.75,0.1915779328479612,1.2999999523162842,39.400001525878906,True,327,5
E_log,S03,16.0,0.20824258748930635,1.2999999523162842,39.400001525878906,True,361,5
E_log,S03,16.25,0.22516873795819903,1.2999999523162842,39.400001525878906,True,347,5
E_log,S03,16.5,0.2423127273527057,1.2999999523162842,39.400001525878906,True,354,5
E_log,S03,16.75,0.25963089877089685,1.2999999523162842,39.400001525878906,True,306,5
E_log,S03,17.0,0.2770795953108425,1.2999999523162842,39.400001525878906,True,334,5
E_log,S03,17.25,0.29461516007061084,1.2999999523162842,39.400001525878906,True,274,5
E_log,S03,17.5,0.3121939361482702,1.2999999523162842,39.400001525878906,True,321,5
E_log,S03,17.75,0.3297722666418905,1.2999999523162842,39.400001525878906,True,287,5
E_log,S03,18.0,0.34730649464954144,1.2999999523162842,39.400001525878906,True,309,5
E_log,S03,18.25,0.3647529632692903,1.2999999523162842,39.400001525878906,True,265,5
E_log,S03,18.5,0.38206801559920756,1.2999999523162842,39.400001525878906,True,296,5
E_log,S03,18.75,0.39921419546933246,1.2999999523162842,39.400001525878906,True,284,5
E_log,S03,19.0,0.41617884963759,1.2999999523162842,39.400001525878906,True,300,5
E_log,S03,19.25,0.43295552559387707,1.2999999523162842,39.400001525878906,True,287,5
E_log,S03,19.5,0.4495377708280901,1.2999999523162842,39.400001525878906,True,331,5
E_log,S03,19.75,0.46591913283012554,1.2999999523162842,39.400001525878906,True,281,5
E_log,S03,20.0,0.48209315908987893,1.2999999523162842,39.400001525878906,True,328,5
E_log,S03,20.25,0.49805339709724805,1.2999999523162842,39.400001525878906,True,305,5
E_log,S03,20.5,0.5137933943421276,1.2999999523162842,39.400001525878906,True,334,5
E_log,S03,20.75,0.5293066983144148,1.2999999523162842,39.400001525878906,True,317,5
E_log,S03,21.0,0.5445868565040057,1.2999999523162842,39.400001525878906,True,328,5
E_log,S03,21.25,0.5596274164007959,1.2999999523162842,39.400001525878906,True,285,5
E_log,S03,21.5,0.5744219254946832,1.2999999523162842,39.400001525878906,True,324,5
E_log,S03,21.75,0.5889639312755635,1.2999999523162842,39.400001525878906,True,285,4
E_log,S03,22.0,0.6032469812333314,1.2999999523162842,39.400001525878906,True,332,5
E_log,S03,22.25,0.6172646228578857,1.2999999523162842,39.400001525878906,True,280,5
E_log,S03,22.5,0.631010403639122,1.2999999523162842,39.400001525878906,True,268,5
E_log,S03,22.75,0.6444778710669352,1.2999999523162842,39.400001525878906,True,209,4
E_log,S03,23.0,0.6576605726312246,1.2999999523162842,39.400001525878906,True,223,4
E_log,S03,23.25,0.6705520558218829,1.2999999523162842,39.400001525878906,True,196,4
E_log,S03,23.5,0.683145868128809,1.2999999523162842,39.400001525878906,True,207,4
E_log,S03,23.75,0.6954355570418973,1.2999999523162842,39.400001525878906,True,191,4
E_log,S03,24.0,0.7074146700510453,1.2999999523162842,39.400001525878906,True,220,4
E_log,S03,24.25,0.7190767546461512,1.2999999523162842,39.400001525878906,True,171,4
E_log,S03,24.5,0.7304153583171082,1.2999999523162842,39.400001525878906,True,178,4
E_log,S03,24.75,0.7414240285538134,1.2999999523162842,39.400001525878906,True,160,3
E_log,S03,25.0,0.752096312846164,1.2999999523162842,39.400001525878906,True,127,3
E_log,S03,25.25,0.762425758684055,1.2999999523162842,39.400001525878906,True,120,3
E_log,S03,25.5,0.772405913557384,1.2999999523162842,39.400001525878906,True,138,3
E_log,S03,25.75,0.7820303249560481,1.2999999523162842,39.400001525878906,True,134,3
E_log,S03,26.0,0.7912925403699407,1.2999999523162842,39.400001525878906,True,160,3
E_log,S03,26.25,0.8001861072889609,1.2999999523162842,39.400001525878906,True,151,3
E_log,S03,26.5,0.8087045732030038,1.2999999523162842,39.400001525878906,True,151,3
E_log,S03,26.75,0.816841485601965,1.2999999523162842,39.400001525878906,True,136,3
E_log,S03,27.0,0.8245903919757436,1.2999999523162842,39.400001525878906,True,135,3
E_log,S03,27.25,0.831944839814232,1.2999999523162842,39.400001525878906,True,119,3
E_log,S03,27.5,0.8388983766073306,1.2999999523162842,39.400001525878906,True,135,3
E_log,S03,27.75,0.8454445498449319,1.2999999523162842,39.400001525878906,True,104,3
E_log,S03,28.0,0.8515769070169341,1.2999999523162842,39.400001525878906,True,126,3
E_log,S03,28.25,0.8572889956132341,1.2999999523162842,39.400001525878906,True,114,3
E_log,S03,28.5,0.862574363123727,1.2999999523162842,39.400001525878906,True,125,3
E_log,S03,28.75,0.8674265570383111,1.2999999523162842,39.400001525878906,True,118,3
E_log,S03,29.0,0.8718391248468795,1.2999999523162842,39.400001525878906,True,142,3
E_log,S03,29.25,0.8758056140393307,1.2999999523162842,39.400001525878906,True,136,3
E_log,S03,29.5,0.8793195721055618,1.2999999523162842,39.400001525878906,True,131,3
E_log,S03,29.75,0.8823745465354671,1.2999999523162842,39.400001525878906,True,123,3
E_log,S03,30.0,0.8849640848189435,1.2999999523162842,39.400001525878906,True,125,3
E_log,S03,30.25,0.8870817344458883,1.2999999523162842,39.400001525878906,True,106,2
E_log,S03,30.5,0.8887210429061967,1.2999999523162842,39.400001525878906,True,127,2
E_log,S03,30.75,0.8898755576897655,1.2999999523162842,39.400001525878906,True,118,2
E_log,S03,31.0,0.8905388262864915,1.2999999523162842,39.400001525878906,True,139,2
E_log,S03,31.25,0.8907043961862695,1.2999999523162842,39.400001525878906,True,112,2
E_log,S03,31.5,0.8903658148789981,1.2999999523162842,39.400001525878906,True,123,1
E_log,S03,31.75,0.8895166298545716,1.2999999523162842,39.400001525878906,True,102,1
E_log,S03,32.0,0.8881503886028872,1.2999999523162842,39.400001525878906,True,105,2
E_log,S03,32.25,0.8862606386138414,1.2999999523162842,39.400001525878906,True,83,2
E_log,S03,32.5,0.8838409273773293,1.2999999523162842,39.400001525878906,True,72,2
E_log,S03,32.75,0.8808848023832492,1.2999999523162842,39.400001525878906,True,63,2
E_log,S03,33.0,0.8773858111214965,1.2999999523162842,39.400001525878906,True,56,2
E_log,S03,33.25,0.873337501081966,1.2999999523162842,39.400001525878906,True,47,1
E_log,S03,33.5,0.8687334197545566,1.2999999523162842,39.400001525878906,True,63,1
E_log,S03,33.75,0.8635671146291632,1.2999999523162842,39.400001525878906,True,56,1
E_log,S03,34.0,0.8578321331956826,1.2999999523162842,39.400001525878906,True,60,1
E_log,S03,34.25,0.8515220229440104,1.2999999523162842,39.400001525878906,True,64,1
E_log,S03,34.5,0.8446303313640433,1.2999999523162842,39.400001525878906,True,62,1
E_log,S03,34.75,0.8371506059456788,1.2999999523162842,39.400001525878906,True,44,1
E_log,S03,35.0,0.8290763941788111,1.2999999523162842,39.400001525878906,True,44,1
E_log,S03,35.25,0.8204012435533383,1.2999999523162842,39.400001525878906,True,30,1
E_log,S03,35.5,0.8111187015591557,1.2999999523162842,39.400001525878906,True,24,1
E_log,S03,35.75,0.80122231568616,1.2999999523162842,39.400001525878906,True,17,1
E_log,S03,36.0,0.7907056334242477,1.2999999523162842,39.400001525878906,True,13,1
E_log,S03,36.25,0.7795622022633144,1.2999999523162842,39.400001525878906,True,5,1
E_log,S03,36.5,0.7677855696932574,1.2999999523162842,39.400001525878906,True,3,1
E_log,S03,36.75,0.7553692832039722,1.2999999523162842,39.400001525878906,True,4,1
E_log,S03,37.0,0.7423068902853553,1.2999999523162842,39.400001525878906,True,5,1
E_log,S03,37.25,0.7285919384273036,1.2999999523162842,39.400001525878906,True,5,1
E_log,S03,37.5,0.714217975119714,1.2999999523162842,39.400001525878906,True,5,1
E_log,S03,37.75,0.6991785478524806,1.2999999523162842,39.400001525878906,True,2,1
E_log,S03,38.0,0.6834672041155003,1.2999999523162842,39.400001525878906,True,1,1
E_log,S03,38.25,0.6670774913986715,1.2999999523162842,39.400001525878906,True,1,1
E_log,S03,38.5,0.650002957191889,1.2999999523162842,39.400001525878906,True,1,1
E_log,S03,38.75,0.6322371489850482,1.2999999523162842,39.400001525878906,True,1,1
E_log,S03,39.0,0.6137736142680468,1.2999999523162842,39.400001525878906,True,2,1
E_log,S03,39.25,0.5946059005307811,1.2999999523162842,39.400001525878906,True,1,1
E_log,S03,39.5,0.5747847825884573,1.2999999523162842,39.400001525878906,False,1,1
E_log,S03,39.75,0.5548352837733375,1.2999999523162842,39.400001525878906,False,1,1
E_log,S03,40.0,0.534885784958218,1.2999999523162842,39.400001525878906,False,0,0
E_log,S04,1.0,0.0,1.2999999523162842,39.400001525878906,False,4,1
E_log,S04,1.25,0.0,1.2999999523162842,39.400001525878906,False,7,2
E_log,S04,1.5,0.0,1.2999999523162842,39.400001525878906,True,9,2
E_log,S04,1.75,0.0,1.2999999523162842,39.400001525878906,True,10,2
E_log,S04,2.0,0.0,1.2999999523162842,39.400001525878906,True,19,3
E_log,S04,2.25,0.0,1.2999999523162842,39.400001525878906,True,20,3
E_log,S04,2.5,0.0,1.2999999523162842,39.400001525878906,True,31,3
E_log,S04,2.75,0.0,1.2999999523162842,39.400001525878906,True,37,3
E_log,S04,3.0,0.0,1.2999999523162842,39.400001525878906,True,47,3
E_log,S04,3.25,0.0,1.2999999523162842,39.400001525878906,True,53,3
E_log,S04,3.5,0.0,1.2999999523162842,39.400001525878906,True,61,3
E_log,S04,3.75,0.0,1.2999999523162842,39.400001525878906,True,57,3
E_log,S04,4.0,0.0,1.2999999523162842,39.400001525878906,True,67,3
E_log,S04,4.25,0.0,1.2999999523162842,39.400001525878906,True,60,3
E_log,S04,4.5,0.0,1.2999999523162842,39.400001525878906,True,89,4
E_log,S04,4.75,0.0,1.2999999523162842,39.400001525878906,True,99,4
E_log,S04,5.0,0.0,1.2999999523162842,39.400001525878906,True,134,4
E_log,S04,5.25,0.0,1.2999999523162842,39.400001525878906,True,145,5
E_log,S04,5.5,0.0,1.2999999523162842,39.400001525878906,True,158,5
E_log,S04,5.75,0.0,1.2999999523162842,39.400001525878906,True,158,5
E_log,S04,6.0,0.0,1.2999999523162842,39.400001525878906,True,180,5
E_log,S04,6.25,0.0,1.2999999523162842,39.400001525878906,True,168,5
E_log,S04,6.5,0.0,1.2999999523162842,39.400001525878906,True,195,5
E_log,S04,6.75,0.0,1.2999999523162842,39.400001525878906,True,181,5
E_log,S04,7.0,0.0,1.2999999523162842,39.400001525878906,True,212,5
E_log,S04,7.25,0.0,1.2999999523162842,39.400001525878906,True,202,5
E_log,S04,7.5,0.0,1.2999999523162842,39.400001525878906,True,255,5
E_log,S04,7.75,0.0,1.2999999523162842,39.400001525878906,True,242,5
E_log,S04,8.0,0.0,1.2999999523162842,39.400001525878906,True,268,5
E_log,S04,8.25,0.0,1.2999999523162842,39.400001525878906,True,271,5
E_log,S04,8.5,0.0,1.2999999523162842,39.400001525878906,True,304,5
E_log,S04,8.75,0.0,1.2999999523162842,39.400001525878906,True,277,5
E_log,S04,9.0,0.0,1.2999999523162842,39.400001525878906,True,301,5
E_log,S04,9.25,0.0,1.2999999523162842,39.400001525878906,True,265,5
E_log,S04,9.5,0.0,1.2999999523162842,39.400001525878906,True,276,5
E_log,S04,9.75,0.0,1.2999999523162842,39.400001525878906,True,284,5
E_log,S04,10.0,0.0,1.2999999523162842,39.400001525878906,True,326,5
E_log,S04,10.25,0.0,1.2999999523162842,39.400001525878906,True,308,5
E_log,S04,10.5,0.0,1.2999999523162842,39.400001525878906,True,384,5
E_log,S04,10.75,0.0,1.2999999523162842,39.400001525878906,True,326,5
E_log,S04,11.0,0.0,1.2999999523162842,39.400001525878906,True,353,5
E_log,S04,11.25,1.7763568394002505e-15,1.2999999523162842,39.400001525878906,True,354,5
E_log,S04,11.5,2.580158309228864e-13,1.2999999523162842,39.400001525878906,True,414,5
E_log,S04,11.75,3.8322678364011153e-11,1.2999999523162842,39.400001525878906,True,396,5
E_log,S04,12.0,5.687536219767253e-09,1.2999999523162842,39.400001525878906,True,450,5
E_log,S04,12.25,8.438160561397012e-07,1.2999999523162842,39.400001525878906,True,405,5
E_log,S04,12.5,0.00011926949942075993,1.2999999523162842,39.400001525878906,True,428,5
E_log,S04,12.75,0.003407116946503752,1.2999999523162842,39.400001525878906,True,379,5
E_log,S04,13.0,0.009447009734683043,1.2999999523162842,39.400001525878906,True,440,5
E_log,S04,13.25,0.015563791587653864,1.2999999523162842,39.400001525878906,True,377,5
E_log,S04,13.5,0.021681108494856716,1.2999999523162842,39.400001525878906,True,424,5
E_log,S04,13.75,0.027798429008031533,1.2999999523162842,39.400001525878906,True,395,5
E_log,S04,14.0,0.033915749545502916,1.2999999523162842,39.400001525878906,True,433,5
E_log,S04,14.25,0.04003307008313861,1.2999999523162842,39.400001525878906,True,392,5
E_log,S04,14.5,0.04615039062077386,1.2999999523162842,39.400001525878906,True,389,5
E_log,S04,14.75,0.05226771115841,1.2999999523162842,39.400001525878906,True,324,5
E_log,S04,15.0,0.058385031696046585,1.2999999523162842,39.400001525878906,True,349,5
E_log,S04,15.25,0.06450235223368272,1.2999999523162842,39.400001525878906,True,305,5
E_log,S04,15.5,0.07061967277131886,1.2999999523162842,39.400001525878906,True,360,5
E_log,S04,15.75,0.076736993308955,1.2999999523162842,39.400001525878906,True,327,5
E_log,S04,16.0,0.08285431384659114,1.2999999523162842,39.400001525878906,True,361,5
E_log,S04,16.25,0.08897163438422773,1.2999999523162842,39.400001525878906,True,347,5
E_log,S04,16.5,0.09508895492186387,1.2999999523162842,39.400001525878906,True,354,5
E_log,S04,16.75,0.10120627545949956,1.2999999523162842,39.400001525878906,True,306,5
E_log,S04,17.0,0.1073235959971357,1.2999999523162842,39.400001525878906,True,334,5
E_log,S04,17.25,0.11344091653477228,1.2999999523162842,39.400001525878906,True,274,5
E_log,S04,17.5,0.11955823707240798,1.2999999523162842,39.400001525878906,True,321,5
E_log,S04,17.75,0.12567555761004412,1.2999999523162842,39.400001525878906,True,287,5
E_log,S04,18.0,0.1317928781476807,1.2999999523162842,39.400001525878906,True,309,5
E_log,S04,18.25,0.1379101986853173,1.2999999523162842,39.400001525878906,True,265,5
E_log,S04,18.5,0.14402751922295343,1.2999999523162842,39.400001525878906,True,296,5
E_log,S04,18.75,0.15014483976058912,1.2999999523162842,39.400001525878906,True,284,5
E_log,S04,19.0,0.1562621602982257,1.2999999523162842,39.400001525878906,True,300,5
E_log,S04,19.25,0.16237948083586184,1.2999999523162842,39.400001525878906,True,287,5
E_log,S04,19.5,0.16849680137349798,1.2999999523162842,39.400001525878906,True,331,5
E_log,S04,19.75,0.17461412191113412,1.2999999523162842,39.400001525878906,True,281,5
E_log,S04,20.0,0.1807314424487707,1.2999999523162842,39.400001525878906,True,328,5
E_log,S04,20.25,0.18684876298640685,1.2999999523162842,39.400001525878906,True,305,5
E_log,S04,20.5,0.192966083524043,1.2999999523162842,39.400001525878906,True,334,5
E_log,S04,20.75,0.19908340406167824,1.2999999523162842,39.400001525878906,True,317,5
E_log,S04,21.0,0.20520072459931527,1.2999999523162842,39.400001525878906,True,328,5
E_log,S04,21.25,0.21131804513695096,1.2999999523162842,39.400001525878906,True,285,5
E_log,S04,21.5,0.2174353656745871,1.2999999523162842,39.400001525878906,True,324,5
E_log,S04,21.75,0.22355268621222368,1.2999999523162842,39.400001525878906,True,285,4
E_log,S04,22.0,0.22967000674986027,1.2999999523162842,39.400001525878906,True,332,5
E_log,S04,22.25,0.23578732728749596,1.2999999523162842,39.400001525878906,True,280,5
E_log,S04,22.5,0.2419046478251321,1.2999999523162842,39.400001525878906,True,268,5
E_log,S04,22.75,0.24802196836276824,1.2999999523162842,39.400001525878906,True,209,4
E_log,S04,23.0,0.2541392889004048,1.2999999523162842,39.400001525878906,True,223,4
E_log,S04,23.25,0.2602566094380405,1.2999999523162842,39.400001525878906,True,196,4
E_log,S04,23.5,0.2663739299756771,1.2999999523162842,39.400001525878906,True,207,4
E_log,S04,23.75,0.27249125051331324,1.2999999523162842,39.400001525878906,True,191,4
E_log,S04,24.0,0.2786085710509498,1.2999999523162842,39.400001525878906,True,220,4
E_log,S04,24.25,0.28472589158858597,1.2999999523162842,39.400001525878906,True,171,4
E_log,S04,24.5,0.2908432121262212,1.2999999523162842,39.400001525878906,True,178,4
E_log,S04,24.75,0.2969605326638587,1.2999999523162842,39.400001525878906,True,160,3
E_log,S04,25.0,0.30307785320149394,1.2999999523162842,39.400001525878906,True,127,3
E_log,S04,25.25,0.3091951737391301,1.2999999523162842,39.400001525878906,True,120,3
E_log,S04,25.5,0.31531249427676666,1.2999999523162842,39.400001525878906,True,138,3
E_log,S04,25.75,0.3214298148144028,1.2999999523162842,39.400001525878906,True,134,3
E_log,S04,26.0,0.32754713535203894,1.2999999523162842,39.400001525878906,True,160,3
E_log,S04,26.25,0.3336644558896751,1.2999999523162842,39.400001525878906,True,151,3
E_log,S04,26.5,0.3397817764273112,1.2999999523162842,39.400001525878906,True,151,3
E_log,S04,26.75,0.3458990969649478,1.2999999523162842,39.400001525878906,True,136,3
E_log,S04,27.0,0.3520164175025835,1.2999999523162842,39.400001525878906,True,135,3
E_log,S04,27.25,0.35813373804021964,1.2999999523162842,39.400001525878906,True,119,3
E_log,S04,27.5,0.3642510585778562,1.2999999523162842,39.400001525878906,True,135,3
E_log,S04,27.75,0.37036837911549236,1.2999999523162842,39.400001525878906,True,104,3
E_log,S04,28.0,0.3764856996531285,1.2999999523162842,39.400001525878906,True,126,3
E_log,S04,28.25,0.38260302019076464,1.2999999523162842,39.400001525878906,True,114,3
E_log,S04,28.5,0.3887203407284008,1.2999999523162842,39.400001525878906,True,125,3
E_log,S04,28.75,0.3948376612660369,1.2999999523162842,39.400001525878906,True,118,3
E_log,S04,29.0,0.40095498180367306,1.2999999523162842,39.400001525878906,True,142,3
E_log,S04,29.25,0.40707230234130964,1.2999999523162842,39.400001525878906,True,136,3
E_log,S04,29.5,0.4131896228789458,1.2999999523162842,39.400001525878906,True,131,3
E_log,S04,29.75,0.4193069434165819,1.2999999523162842,39.400001525878906,True,123,3
E_log,S04,30.0,0.42542426395421806,1.2999999523162842,39.400001525878906,True,125,3
E_log,S04,30.25,0.43154158449185465,1.2999999523162842,39.400001525878906,True,106,2
E_log,S04,30.5,0.43765890502949034,1.2999999523162842,39.400001525878906,True,127,2
E_log,S04,30.75,0.4437762255671265,1.2999999523162842,39.400001525878906,True,118,2
E_log,S04,31.0,0.4498935461047635,1.2999999523162842,39.400001525878906,True,139,2
E_log,S04,31.25,0.4560108666423992,1.2999999523162842,39.400001525878906,True,112,2
E_log,S04,31.5,0.46212818718003534,1.2999999523162842,39.400001525878906,True,123,1
E_log,S04,31.75,0.46824550771767104,1.2999999523162842,39.400001525878906,True,102,1
E_log,S04,32.0,0.4743628282553076,1.2999999523162842,39.400001525878906,True,105,2
E_log,S04,32.25,0.4804801487929442,1.2999999523162842,39.400001525878906,True,83,2
E_log,S04,32.5,0.4865974693305799,1.2999999523162842,39.400001525878906,True,72,2
E_log,S04,32.75,0.49271478986821604,1.2999999523162842,39.400001525878906,True,63,2
E_log,S04,33.0,0.4988321104058526,1.2999999523162842,39.400001525878906,True,56,2
E_log,S04,33.25,0.5049494309434888,1.2999999523162842,39.400001525878906,True,47,1
E_log,S04,33.5,0.5110667514811249,1.2999999523162842,39.400001525878906,True,63,1
E_log,S04,33.75,0.517184072018761,1.2999999523162842,39.400001525878906,True,56,1
E_log,S04,34.0,0.5233013925563976,1.2999999523162842,39.400001525878906,True,60,1
E_log,S04,34.25,0.5294187130940338,1.2999999523162842,39.400001525878906,True,64,1
E_log,S04,34.5,0.5355360336316699,1.2999999523162842,39.400001525878906,True,62,1
E_log,S04,34.75,0.541653354169306,1.2999999523162842,39.400001525878906,True,44,1
E_log,S04,35.0,0.5477706747069422,1.2999999523162842,39.400001525878906,True,44,1
E_log,S04,35.25,0.5538879952445779,1.2999999523162842,39.400001525878906,True,30,1
E_log,S04,35.5,0.5600053157822145,1.2999999523162842,39.400001525878906,True,24,1
E_log,S04,35.75,0.5661226363198506,1.2999999523162842,39.400001525878906,True,17,1
E_log,S04,36.0,0.5722399568574867,1.2999999523162842,39.400001525878906,True,13,1
E_log,S04,36.25,0.5783572773951229,1.2999999523162842,39.400001525878906,True,5,1
E_log,S04,36.5,0.584474597932759,1.2999999523162842,39.400001525878906,True,3,1
E_log,S04,36.75,0.5905919184703956,1.2999999523162842,39.400001525878906,True,4,1
E_log,S04,37.0,0.5967092390080317,1.2999999523162842,39.400001525878906,True,5,1
E_log,S04,37.25,0.6028265595456679,1.2999999523162842,39.400001525878906,True,5,1
E_log,S04,37.5,0.608943880083304,1.2999999523162842,39.400001525878906,True,5,1
E_log,S04,37.75,0.6150612006209406,1.2999999523162842,39.400001525878906,True,2,1
E_log,S04,38.0,0.6211785211585767,1.2999999523162842,39.400001525878906,True,1,1
E_log,S04,38.25,0.6272958416962129,1.2999999523162842,39.400001525878906,True,1,1
E_log,S04,38.5,0.633413162233849,1.2999999523162842,39.400001525878906,True,1,1
E_log,S04,38.75,0.6395304827714856,1.2999999523162842,39.400001525878906,True,1,1
E_log,S04,39.0,0.6456478033091209,1.2999999523162842,39.400001525878906,True,2,1
E_log,S04,39.25,0.651765123846757,1.2999999523162842,39.400001525878906,True,1,1
E_log,S04,39.5,0.6578824443843936,1.2999999523162842,39.400001525878906,False,1,1
E_log,S04,39.75,0.6639997649220297,1.2999999523162842,39.400001525878906,False,1,1
E_log,S04,40.0,0.6701170854596659,1.2999999523162842,39.400001525878906,False,0,0
E_log,G05,1.0,0.21657030259129018,0.5,39.400001525878906,True,4,1
E_log,G05,1.25,0.21657030259129018,0.5,39.400001525878906,True,7,2
E_log,G05,1.5,0.21657030259129018,0.5,39.400001525878906,True,9,2
E_log,G05,1.75,0.21657030259129018,0.5,39.400001525878906,True,10,2
E_log,G05,2.0,0.21657030259129018,0.5,39.400001525878906,True,19,3
E_log,G05,2.25,0.21657030259129018,0.5,39.400001525878906,True,20,3
E_log,G05,2.5,0.21657030259129018,0.5,39.400001525878906,True,31,3
E_log,G05,2.75,0.21657030259129018,0.5,39.400001525878906,True,37,3
E_log,G05,3.0,0.18105313350758978,0.5,39.400001525878906,True,47,3
E_log,G05,3.25,0.17656173001151565,0.5,39.400001525878906,True,53,3
E_log,G05,3.5,0.1613539547656342,0.5,39.400001525878906,True,61,3
E_log,G05,3.75,0.15536976215642673,0.5,39.400001525878906,True,57,3
E_log,G05,4.0,0.15536976215642673,0.5,39.400001525878906,True,67,3
E_log,G05,4.25,0.14819782230443534,0.5,39.400001525878906,True,60,3
E_log,G05,4.5,0.14819782230443534,0.5,39.400001525878906,True,89,4
E_log,G05,4.75,0.14819782230443534,0.5,39.400001525878906,True,99,4
E_log,G05,5.0,0.14819782230443534,0.5,39.400001525878906,True,134,4
E_log,G05,5.25,0.14819782230443534,0.5,39.400001525878906,True,145,5
E_log,G05,5.5,0.14602513470327017,0.5,39.400001525878906,True,158,5
E_log,G05,5.75,0.09835082094053771,0.5,39.400001525878906,True,158,5
E_log,G05,6.0,0.07271550471116894,0.5,39.400001525878906,True,180,5
E_log,G05,6.25,0.07012345075637327,0.5,39.400001525878906,True,168,5
E_log,G05,6.5,0.035793936428841544,0.5,39.400001525878906,True,195,5
E_log,G05,6.75,0.0038219969979818025,0.5,39.400001525878906,True,181,5
E_log,G05,7.0,0.0038219969979818025,0.5,39.400001525878906,True,212,5
E_log,G05,7.25,-0.0017028297117147595,0.5,39.400001525878906,True,202,5
E_log,G05,7.5,-0.002838570905978166,0.5,39.400001525878906,True,255,5
E_log,G05,7.75,-0.002838570905978166,0.5,39.400001525878906,True,242,5
E_log,G05,8.0,-0.002838570905978166,0.5,39.400001525878906,True,268,5
E_log,G05,8.25,-0.004383546445045905,0.5,39.400001525878906,True,271,5
E_log,G05,8.5,-0.004383546445045905,0.5,39.400001525878906,True,304,5
E_log,G05,8.75,0.0,0.5,39.400001525878906,True,277,5
E_log,G05,9.0,0.0,0.5,39.400001525878906,True,301,5
E_log,G05,9.25,0.0,0.5,39.400001525878906,True,265,5
E_log,G05,9.5,2.282343692261435e-05,0.5,39.400001525878906,True,276,5
E_log,G05,9.75,2.282343692261435e-05,0.5,39.400001525878906,True,284,5
E_log,G05,10.0,2.282343692261435e-05,0.5,39.400001525878906,True,326,5
E_log,G05,10.25,-0.0009256466674414376,0.5,39.400001525878906,True,308,5
E_log,G05,10.5,-0.004946144711094558,0.5,39.400001525878906,True,384,5
E_log,G05,10.75,-0.004946144711094558,0.5,39.400001525878906,True,326,5
E_log,G05,11.0,-0.004946144711094558,0.5,39.400001525878906,True,353,5
E_log,G05,11.25,-0.004946144711094558,0.5,39.400001525878906,True,354,5
E_log,G05,11.5,-0.004946144711094558,0.5,39.400001525878906,True,414,5
E_log,G05,11.75,-0.0041093504464742026,0.5,39.400001525878906,True,396,5
E_log,G05,12.0,-0.0041093504464742026,0.5,39.400001525878906,True,450,5
E_log,G05,12.25,-0.0041093504464742026,0.5,39.400001525878906,True,405,5
E_log,G05,12.5,-0.0041093504464742026,0.5,39.400001525878906,True,428,5
E_log,G05,12.75,-0.0041093504464742026,0.5,39.400001525878906,True,379,5
E_log,G05,13.0,-0.0041093504464742026,0.5,39.400001525878906,True,440,5
E_log,G05,13.25,-0.003919591217172336,0.5,39.400001525878906,True,377,5
E_log,G05,13.5,-0.003919591217172336,0.5,39.400001525878906,True,424,5
E_log,G05,13.75,-0.003919591217172336,0.5,39.400001525878906,True,395,5
E_log,G05,14.0,-0.003919591217172336,0.5,39.400001525878906,True,433,5
E_log,G05,14.25,-0.00016324752543361853,0.5,39.400001525878906,True,392,5
E_log,G05,14.5,-0.00016324752543361853,0.5,39.400001525878906,True,389,5
E_log,G05,14.75,-0.00016324752543361853,0.5,39.400001525878906,True,324,5
E_log,G05,15.0,-0.00016324752543361853,0.5,39.400001525878906,True,349,5
E_log,G05,15.25,-0.00016324752543361853,0.5,39.400001525878906,True,305,5
E_log,G05,15.5,-0.00016324752543361853,0.5,39.400001525878906,True,360,5
E_log,G05,15.75,0.06077453306791902,0.5,39.400001525878906,True,327,5
E_log,G05,16.0,0.11752878746903184,0.5,39.400001525878906,True,361,5
E_log,G05,16.25,0.11752878746903184,0.5,39.400001525878906,True,347,5
E_log,G05,16.5,0.11752878746903184,0.5,39.400001525878906,True,354,5
E_log,G05,16.75,0.11752878746903184,0.5,39.400001525878906,True,306,5
E_log,G05,17.0,0.11752878746903184,0.5,39.400001525878906,True,334,5
E_log,G05,17.25,0.17967202307318342,0.5,39.400001525878906,True,274,5
E_log,G05,17.5,0.22517572824672838,0.5,39.400001525878906,True,321,5
E_log,G05,17.75,0.22517572824672838,0.5,39.400001525878906,True,287,5
E_log,G05,18.0,0.22517572824672838,0.5,39.400001525878906,True,309,5
E_log,G05,18.25,0.22517572824672838,0.5,39.400001525878906,True,265,5
E_log,G05,18.5,0.2228924978259461,0.5,39.400001525878906,True,296,5
E_log,G05,18.75,0.38199950231449753,0.5,39.400001525878906,True,284,5
E_log,G05,19.0,0.4123619696411551,0.5,39.400001525878906,True,300,5
E_log,G05,19.25,0.422268375019327,0.5,39.400001525878906,True,287,5
E_log,G05,19.5,0.422268375019327,0.5,39.400001525878906,True,331,5
E_log,G05,19.75,0.4531528685567361,0.5,39.400001525878906,True,281,5
E_log,G05,20.0,0.4531528685567361,0.5,39.400001525878906,True,328,5
E_log,G05,20.25,0.4656955002693235,0.5,39.400001525878906,True,305,5
E_log,G05,20.5,0.6348753954107056,0.5,39.400001525878906,True,334,5
E_log,G05,20.75,0.6348753954107056,0.5,39.400001525878906,True,317,5
E_log,G05,21.0,0.7204946870297402,0.5,39.400001525878906,True,328,5
E_log,G05,21.25,0.7204946870297402,0.5,39.400001525878906,True,285,5
E_log,G05,21.5,0.7204946870297402,0.5,39.400001525878906,True,324,5
E_log,G05,21.75,0.7204946870297402,0.5,39.400001525878906,True,285,4
E_log,G05,22.0,0.7204946870297402,0.5,39.400001525878906,True,332,5
E_log,G05,22.25,0.7204946870297402,0.5,39.400001525878906,True,280,5
E_log,G05,22.5,0.7204946870297402,0.5,39.400001525878906,True,268,5
E_log,G05,22.75,0.7262610100330922,0.5,39.400001525878906,True,209,4
E_log,G05,23.0,0.7262610100330922,0.5,39.400001525878906,True,223,4
E_log,G05,23.25,0.815236070709584,0.5,39.400001525878906,True,196,4
E_log,G05,23.5,0.815236070709584,0.5,39.400001525878906,True,207,4
E_log,G05,23.75,0.815236070709584,0.5,39.400001525878906,True,191,4
E_log,G05,24.0,0.815236070709584,0.5,39.400001525878906,True,220,4
E_log,G05,24.25,0.815236070709584,0.5,39.400001525878906,True,171,4
E_log,G05,24.5,0.9177895131668787,0.5,39.400001525878906,True,178,4
E_log,G05,24.75,0.9177895131668787,0.5,39.400001525878906,True,160,3
E_log,G05,25.0,0.9177895131668787,0.5,39.400001525878906,True,127,3
E_log,G05,25.25,0.9177895131668787,0.5,39.400001525878906,True,120,3
E_log,G05,25.5,0.9177895131668787,0.5,39.400001525878906,True,138,3
E_log,G05,25.75,0.9412613924144706,0.5,39.400001525878906,True,134,3
E_log,G05,26.0,0.9412613924144706,0.5,39.400001525878906,True,160,3
E_log,G05,26.25,0.9412613924144706,0.5,39.400001525878906,True,151,3
E_log,G05,26.5,0.9412613924144706,0.5,39.400001525878906,True,151,3
E_log,G05,26.75,0.9412613924144706,0.5,39.400001525878906,True,136,3
E_log,G05,27.0,0.9412613924144706,0.5,39.400001525878906,True,135,3
E_log,G05,27.25,0.9412613924144706,0.5,39.400001525878906,True,119,3
E_log,G05,27.5,0.9412613924144706,0.5,39.400001525878906,True,135,3
E_log,G05,27.75,0.9412613924144706,0.5,39.400001525878906,True,104,3
E_log,G05,28.0,0.9412613924144706,0.5,39.400001525878906,True,126,3
E_log,G05,28.25,0.9412613924144706,0.5,39.400001525878906,True,114,3
E_log,G05,28.5,0.9412613924144706,0.5,39.400001525878906,True,125,3
E_log,G05,28.75,0.9412613924144706,0.5,39.400001525878906,True,118,3
E_log,G05,29.0,0.9412613924144706,0.5,39.400001525878906,True,142,3
E_log,G05,29.25,0.9412613924144706,0.5,39.400001525878906,True,136,3
E_log,G05,29.5,0.9412613924144706,0.5,39.400001525878906,True,131,3
E_log,G05,29.75,0.9412613924144706,0.5,39.400001525878906,True,123,3
E_log,G05,30.0,0.9412613924144706,0.5,39.400001525878906,True,125,3
E_log,G05,30.25,0.9412613924144706,0.5,39.400001525878906,True,106,2
E_log,G05,30.5,0.9412613924144706,0.5,39.400001525878906,True,127,2
E_log,G05,30.75,0.9412613924144706,0.5,39.400001525878906,True,118,2
E_log,G05,31.0,0.9412613924144706,0.5,39.400001525878906,True,139,2
E_log,G05,31.25,0.9412613924144706,0.5,39.400001525878906,True,112,2
E_log,G05,31.5,0.9412613924144706,0.5,39.400001525878906,True,123,1
E_log,G05,31.75,0.9412613924144706,0.5,39.400001525878906,True,102,1
E_log,G05,32.0,0.9412613924144706,0.5,39.400001525878906,True,105,2
E_log,G05,32.25,0.9412613924144706,0.5,39.400001525878906,True,83,2
E_log,G05,32.5,0.9412613924144706,0.5,39.400001525878906,True,72,2
E_log,G05,32.75,0.9412613924144706,0.5,39.400001525878906,True,63,2
E_log,G05,33.0,0.9412613924144706,0.5,39.400001525878906,True,56,2
E_log,G05,33.25,0.9412613924144706,0.5,39.400001525878906,True,47,1
E_log,G05,33.5,0.9412613924144706,0.5,39.400001525878906,True,63,1
E_log,G05,33.75,0.9412613924144706,0.5,39.400001525878906,True,56,1
E_log,G05,34.0,0.9412613924144706,0.5,39.400001525878906,True,60,1
E_log,G05,34.25,0.9412613924144706,0.5,39.400001525878906,True,64,1
E_log,G05,34.5,0.9412613924144706,0.5,39.400001525878906,True,62,1
E_log,G05,34.75,0.9412613924144706,0.5,39.400001525878906,True,44,1
E_log,G05,35.0,0.9412613924144706,0.5,39.400001525878906,True,44,1
E_log,G05,35.25,0.9412613924144706,0.5,39.400001525878906,True,30,1
E_log,G05,35.5,0.9412613924144706,0.5,39.400001525878906,True,24,1
E_log,G05,35.75,0.9412613924144706,0.5,39.400001525878906,True,17,1
E_log,G05,36.0,0.9412613924144706,0.5,39.400001525878906,True,13,1
E_log,G05,36.25,0.9412613924144706,0.5,39.400001525878906,True,5,1
E_log,G05,36.5,0.9412613924144706,0.5,39.400001525878906,True,3,1
E_log,G05,36.75,0.9412613924144706,0.5,39.400001525878906,True,4,1
E_log,G05,37.0,0.9412613924144706,0.5,39.400001525878906,True,5,1
E_log,G05,37.25,0.9412613924144706,0.5,39.400001525878906,True,5,1
E_log,G05,37.5,0.9412613924144706,0.5,39.400001525878906,True,5,1
E_log,G05,37.75,0.9412613924144706,0.5,39.400001525878906,True,2,1
E_log,G05,38.0,0.9412613924144706,0.5,39.400001525878906,True,1,1
E_log,G05,38.25,0.9412613924144706,0.5,39.400001525878906,True,1,1
E_log,G05,38.5,0.9412613924144706,0.5,39.400001525878906,True,1,1
E_log,G05,38.75,0.9412613924144706,0.5,39.400001525878906,True,1,1
E_log,G05,39.0,0.9412613924144706,0.5,39.400001525878906,True,2,1
E_log,G05,39.25,0.9412613924144706,0.5,39.400001525878906,True,1,1
E_log,G05,39.5,0.9412613924144706,0.5,39.400001525878906,False,1,1
E_log,G05,39.75,0.9412613924144706,0.5,39.400001525878906,False,1,1
E_log,G05,40.0,0.9412613924144706,0.5,39.400001525878906,False,0,0
E_log,S05,1.0,0.12650658973823026,1.2999999523162842,39.400001525878906,False,4,1
E_log,S05,1.25,0.12650658973823026,1.2999999523162842,39.400001525878906,False,7,2
E_log,S05,1.5,0.12650658973823026,1.2999999523162842,39.400001525878906,True,9,2
E_log,S05,1.75,0.12650658973823026,1.2999999523162842,39.400001525878906,True,10,2
E_log,S05,2.0,0.12650658973823026,1.2999999523162842,39.400001525878906,True,19,3
E_log,S05,2.25,0.12650658973823026,1.2999999523162842,39.400001525878906,True,20,3
E_log,S05,2.5,0.12650658973823026,1.2999999523162842,39.400001525878906,True,31,3
E_log,S05,2.75,0.12650658973823026,1.2999999523162842,39.400001525878906,True,37,3
E_log,S05,3.0,0.12650658973823026,1.2999999523162842,39.400001525878906,True,47,3
E_log,S05,3.25,0.12650658973823026,1.2999999523162842,39.400001525878906,True,53,3
E_log,S05,3.5,0.12650658973823026,1.2999999523162842,39.400001525878906,True,61,3
E_log,S05,3.75,0.12650658973823026,1.2999999523162842,39.400001525878906,True,57,3
E_log,S05,4.0,0.12650658973823026,1.2999999523162842,39.400001525878906,True,67,3
E_log,S05,4.25,0.12650658973823026,1.2999999523162842,39.400001525878906,True,60,3
E_log,S05,4.5,0.12650658973823026,1.2999999523162842,39.400001525878906,True,89,4
E_log,S05,4.75,0.12650658973823026,1.2999999523162842,39.400001525878906,True,99,4
E_log,S05,5.0,0.04806230261915578,1.2999999523162842,39.400001525878906,True,134,4
E_log,S05,5.25,0.04806230261915578,1.2999999523162842,39.400001525878906,True,145,5
E_log,S05,5.5,0.04806230261915578,1.2999999523162842,39.400001525878906,True,158,5
E_log,S05,5.75,0.23440145526629674,1.2999999523162842,39.400001525878906,True,158,5
E_log,S05,6.0,0.23440145526629674,1.2999999523162842,39.400001525878906,True,180,5
E_log,S05,6.25,0.20973126076041737,1.2999999523162842,39.400001525878906,True,168,5
E_log,S05,6.5,0.20973126076041737,1.2999999523162842,39.400001525878906,True,195,5
E_log,S05,6.75,0.12166913728137452,1.2999999523162842,39.400001525878906,True,181,5
E_log,S05,7.0,0.12166913728137452,1.2999999523162842,39.400001525878906,True,212,5
E_log,S05,7.25,0.12166913728137452,1.2999999523162842,39.400001525878906,True,202,5
E_log,S05,7.5,0.12166913728137452,1.2999999523162842,39.400001525878906,True,255,5
E_log,S05,7.75,0.12166913728137452,1.2999999523162842,39.400001525878906,True,242,5
E_log,S05,8.0,0.04155521330792222,1.2999999523162842,39.400001525878906,True,268,5
E_log,S05,8.25,0.04155521330792222,1.2999999523162842,39.400001525878906,True,271,5
E_log,S05,8.5,0.04155521330792222,1.2999999523162842,39.400001525878906,True,304,5
E_log,S05,8.75,0.0,1.2999999523162842,39.400001525878906,True,277,5
E_log,S05,9.0,0.0,1.2999999523162842,39.400001525878906,True,301,5
E_log,S05,9.25,0.0,1.2999999523162842,39.400001525878906,True,265,5
E_log,S05,9.5,0.0,1.2999999523162842,39.400001525878906,True,276,5
E_log,S05,9.75,0.0,1.2999999523162842,39.400001525878906,True,284,5
E_log,S05,10.0,0.0,1.2999999523162842,39.400001525878906,True,326,5
E_log,S05,10.25,0.0,1.2999999523162842,39.400001525878906,True,308,5
E_log,S05,10.5,0.005318134511340666,1.2999999523162842,39.400001525878906,True,384,5
E_log,S05,10.75,0.005318134511340666,1.2999999523162842,39.400001525878906,True,326,5
E_log,S05,11.0,0.005318134511340666,1.2999999523162842,39.400001525878906,True,353,5
E_log,S05,11.25,0.005318134511340666,1.2999999523162842,39.400001525878906,True,354,5
E_log,S05,11.5,0.005318134511340666,1.2999999523162842,39.400001525878906,True,414,5
E_log,S05,11.75,0.09847567486374098,1.2999999523162842,39.400001525878906,True,396,5
E_log,S05,12.0,0.09148858038124486,1.2999999523162842,39.400001525878906,True,450,5
E_log,S05,12.25,0.025834843445818656,1.2999999523162842,39.400001525878906,True,405,5
E_log,S05,12.5,0.025834843445818656,1.2999999523162842,39.400001525878906,True,428,5
E_log,S05,12.75,0.007543816083136257,1.2999999523162842,39.400001525878906,True,379,5
E_log,S05,13.0,0.007543816083136257,1.2999999523162842,39.400001525878906,True,440,5
E_log,S05,13.25,0.20012712151353496,1.2999999523162842,39.400001525878906,True,377,5
E_log,S05,13.5,0.20012712151353496,1.2999999523162842,39.400001525878906,True,424,5
E_log,S05,13.75,0.20012712151353496,1.2999999523162842,39.400001525878906,True,395,5
E_log,S05,14.0,0.20012712151353496,1.2999999523162842,39.400001525878906,True,433,5
E_log,S05,14.25,0.20012712151353496,1.2999999523162842,39.400001525878906,True,392,5
E_log,S05,14.5,0.20012712151353496,1.2999999523162842,39.400001525878906,True,389,5
E_log,S05,14.75,0.2791552012094076,1.2999999523162842,39.400001525878906,True,324,5
E_log,S05,15.0,0.2812042753958264,1.2999999523162842,39.400001525878906,True,349,5
E_log,S05,15.25,0.2812042753958264,1.2999999523162842,39.400001525878906,True,305,5
E_log,S05,15.5,0.2812042753958264,1.2999999523162842,39.400001525878906,True,360,5
E_log,S05,15.75,0.2812042753958264,1.2999999523162842,39.400001525878906,True,327,5
E_log,S05,16.0,0.2812042753958264,1.2999999523162842,39.400001525878906,True,361,5
E_log,S05,16.25,0.2774818431468473,1.2999999523162842,39.400001525878906,True,347,5
E_log,S05,16.5,0.27476448177867585,1.2999999523162842,39.400001525878906,True,354,5
E_log,S05,16.75,0.18689898354067358,1.2999999523162842,39.400001525878906,True,306,5
E_log,S05,17.0,0.18689898354067358,1.2999999523162842,39.400001525878906,True,334,5
E_log,S05,17.25,0.18689898354067358,1.2999999523162842,39.400001525878906,True,274,5
E_log,S05,17.5,0.18689898354067358,1.2999999523162842,39.400001525878906,True,321,5
E_log,S05,17.75,0.18404947692112916,1.2999999523162842,39.400001525878906,True,287,5
E_log,S05,18.0,0.18404947692112916,1.2999999523162842,39.400001525878906,True,309,5
E_log,S05,18.25,0.18404947692112916,1.2999999523162842,39.400001525878906,True,265,5
E_log,S05,18.5,0.266923260012327,1.2999999523162842,39.400001525878906,True,296,5
E_log,S05,18.75,0.266923260012327,1.2999999523162842,39.400001525878906,True,284,5
E_log,S05,19.0,0.266923260012327,1.2999999523162842,39.400001525878906,True,300,5
E_log,S05,19.25,0.15060424235723158,1.2999999523162842,39.400001525878906,True,287,5
E_log,S05,19.5,0.15060424235723158,1.2999999523162842,39.400001525878906,True,331,5
E_log,S05,19.75,0.34495251584470576,1.2999999523162842,39.400001525878906,True,281,5
E_log,S05,20.0,0.34495251584470576,1.2999999523162842,39.400001525878906,True,328,5
E_log,S05,20.25,0.35111780372754664,1.2999999523162842,39.400001525878906,True,305,5
E_log,S05,20.5,0.35111780372754664,1.2999999523162842,39.400001525878906,True,334,5
E_log,S05,20.75,0.3496327910783612,1.2999999523162842,39.400001525878906,True,317,5
E_log,S05,21.0,0.6981101177915461,1.2999999523162842,39.400001525878906,True,328,5
E_log,S05,21.25,0.6981101177915461,1.2999999523162842,39.400001525878906,True,285,5
E_log,S05,21.5,0.6981101177915461,1.2999999523162842,39.400001525878906,True,324,5
E_log,S05,21.75,0.6981101177915461,1.2999999523162842,39.400001525878906,True,285,4
E_log,S05,22.0,0.6830413864632172,1.2999999523162842,39.400001525878906,True,332,5
E_log,S05,22.25,0.6830413864632172,1.2999999523162842,39.400001525878906,True,280,5
E_log,S05,22.5,0.6830413864632172,1.2999999523162842,39.400001525878906,True,268,5
E_log,S05,22.75,0.6830413864632172,1.2999999523162842,39.400001525878906,True,209,4
E_log,S05,23.0,0.6830413864632172,1.2999999523162842,39.400001525878906,True,223,4
E_log,S05,23.25,0.6830413864632172,1.2999999523162842,39.400001525878906,True,196,4
E_log,S05,23.5,0.7214572006979725,1.2999999523162842,39.400001525878906,True,207,4
E_log,S05,23.75,0.7214572006979725,1.2999999523162842,39.400001525878906,True,191,4
E_log,S05,24.0,0.7214572006979725,1.2999999523162842,39.400001525878906,True,220,4
E_log,S05,24.25,0.7214572006979725,1.2999999523162842,39.400001525878906,True,171,4
E_log,S05,24.5,0.7214572006979725,1.2999999523162842,39.400001525878906,True,178,4
E_log,S05,24.75,0.7355516041753956,1.2999999523162842,39.400001525878906,True,160,3
E_log,S05,25.0,0.7355516041753956,1.2999999523162842,39.400001525878906,True,127,3
E_log,S05,25.25,0.7355516041753956,1.2999999523162842,39.400001525878906,True,120,3
E_log,S05,25.5,0.7355516041753956,1.2999999523162842,39.400001525878906,True,138,3
E_log,S05,25.75,0.7355516041753956,1.2999999523162842,39.400001525878906,True,134,3
E_log,S05,26.0,0.7355516041753956,1.2999999523162842,39.400001525878906,True,160,3
E_log,S05,26.25,1.016643581860483,1.2999999523162842,39.400001525878906,True,151,3
E_log,S05,26.5,1.016643581860483,1.2999999523162842,39.400001525878906,True,151,3
E_log,S05,26.75,0.7733214767206418,1.2999999523162842,39.400001525878906,True,136,3
E_log,S05,27.0,0.7733214767206418,1.2999999523162842,39.400001525878906,True,135,3
E_log,S05,27.25,0.7733214767206418,1.2999999523162842,39.400001525878906,True,119,3
E_log,S05,27.5,0.7733214767206418,1.2999999523162842,39.400001525878906,True,135,3
E_log,S05,27.75,0.7733214767206418,1.2999999523162842,39.400001525878906,True,104,3
E_log,S05,28.0,0.7944501476949521,1.2999999523162842,39.400001525878906,True,126,3
E_log,S05,28.25,0.7992231268556598,1.2999999523162842,39.400001525878906,True,114,3
E_log,S05,28.5,0.8341568225215612,1.2999999523162842,39.400001525878906,True,125,3
E_log,S05,28.75,0.8692806006507507,1.2999999523162842,39.400001525878906,True,118,3
E_log,S05,29.0,0.907300171836456,1.2999999523162842,39.400001525878906,True,142,3
E_log,S05,29.25,0.8963824344458673,1.2999999523162842,39.400001525878906,True,136,3
E_log,S05,29.5,0.7267009501593362,1.2999999523162842,39.400001525878906,True,131,3
E_log,S05,29.75,0.7267009501593362,1.2999999523162842,39.400001525878906,True,123,3
E_log,S05,30.0,0.8674620594779507,1.2999999523162842,39.400001525878906,True,125,3
E_log,S05,30.25,0.8674620594779507,1.2999999523162842,39.400001525878906,True,106,2
E_log,S05,30.5,0.8674620594779507,1.2999999523162842,39.400001525878906,True,127,2
E_log,S05,30.75,0.7285795525951335,1.2999999523162842,39.400001525878906,True,118,2
E_log,S05,31.0,0.6386692351955205,1.2999999523162842,39.400001525878906,True,139,2
E_log,S05,31.25,0.7068283829639594,1.2999999523162842,39.400001525878906,True,112,2
E_log,S05,31.5,0.7153880487707514,1.2999999523162842,39.400001525878906,True,123,1
E_log,S05,31.75,0.7242226948036854,1.2999999523162842,39.400001525878906,True,102,1
E_log,S05,32.0,0.3702425796804274,1.2999999523162842,39.400001525878906,True,105,2
E_log,S05,32.25,0.3702425796804274,1.2999999523162842,39.400001525878906,True,83,2
E_log,S05,32.5,0.3702425796804274,1.2999999523162842,39.400001525878906,True,72,2
E_log,S05,32.75,0.3702425796804274,1.2999999523162842,39.400001525878906,True,63,2
E_log,S05,33.0,0.3702425796804274,1.2999999523162842,39.400001525878906,True,56,2
E_log,S05,33.25,0.3702425796804274,1.2999999523162842,39.400001525878906,True,47,1
E_log,S05,33.5,0.3702425796804274,1.2999999523162842,39.400001525878906,True,63,1
E_log,S05,33.75,0.3702425796804274,1.2999999523162842,39.400001525878906,True,56,1
E_log,S05,34.0,0.3702425796804274,1.2999999523162842,39.400001525878906,True,60,1
E_log,S05,34.25,0.38986963934760555,1.2999999523162842,39.400001525878906,True,64,1
E_log,S05,34.5,0.7261656748227932,1.2999999523162842,39.400001525878906,True,62,1
E_log,S05,34.75,0.7261656748227932,1.2999999523162842,39.400001525878906,True,44,1
E_log,S05,35.0,0.7261656748227932,1.2999999523162842,39.400001525878906,True,44,1
E_log,S05,35.25,0.7261656748227932,1.2999999523162842,39.400001525878906,True,30,1
E_log,S05,35.5,0.7261656748227932,1.2999999523162842,39.400001525878906,True,24,1
E_log,S05,35.75,0.7261656748227932,1.2999999523162842,39.400001525878906,True,17,1
E_log,S05,36.0,0.7261656748227932,1.2999999523162842,39.400001525878906,True,13,1
E_log,S05,36.25,0.7261656748227932,1.2999999523162842,39.400001525878906,True,5,1
E_log,S05,36.5,0.7261656748227932,1.2999999523162842,39.400001525878906,True,3,1
E_log,S05,36.75,0.7261656748227932,1.2999999523162842,39.400001525878906,True,4,1
E_log,S05,37.0,0.7261656748227932,1.2999999523162842,39.400001525878906,True,5,1
E_log,S05,37.25,0.7261656748227932,1.2999999523162842,39.400001525878906,True,5,1
E_log,S05,37.5,0.7261656748227932,1.2999999523162842,39.400001525878906,True,5,1
E_log,S05,37.75,0.7261656748227932,1.2999999523162842,39.400001525878906,True,2,1
E_log,S05,38.0,0.7261656748227932,1.2999999523162842,39.400001525878906,True,1,1
E_log,S05,38.25,0.7261656748227932,1.2999999523162842,39.400001525878906,True,1,1
E_log,S05,38.5,0.7261656748227932,1.2999999523162842,39.400001525878906,True,1,1
E_log,S05,38.75,0.7261656748227932,1.2999999523162842,39.400001525878906,True,1,1
E_log,S05,39.0,0.7261656748227932,1.2999999523162842,39.400001525878906,True,2,1
E_log,S05,39.25,0.7261656748227932,1.2999999523162842,39.400001525878906,True,1,1
E_log,S05,39.5,0.7261656748227932,1.2999999523162842,39.400001525878906,False,1,1
E_log,S05,39.75,0.7261656748227932,1.2999999523162842,39.400001525878906,False,1,1
E_log,S05,40.0,0.7261656748227932,1.2999999523162842,39.400001525878906,False,0,0
R_log,G02,1.0,0.2293021319353632,0.5,39.400001525878906,True,4,1
R_log,G02,1.25,0.21617363277846202,0.5,39.400001525878906,True,7,2
R_log,G02,1.5,0.2034298308818141,0.5,39.400001525878906,True,9,2
R_log,G02,1.75,0.191070726245419,0.5,39.400001525878906,True,10,2
R_log,G02,2.0,0.1790963188692769,0.5,39.400001525878906,True,19,3
R_log,G02,2.25,0.16750660875338785,0.5,39.400001525878906,True,20,3
R_log,G02,2.5,0.15630159589775183,0.5,39.400001525878906,True,31,3
R_log,G02,2.75,0.1454812803023684,0.5,39.400001525878906,True,37,3
R_log,G02,3.0,0.13504566196723844,0.5,39.400001525878906,True,47,3
R_log,G02,3.25,0.12499474089236107,0.5,39.400001525878906,True,53,3
R_log,G02,3.5,0.1153285170777365,0.5,39.400001525878906,True,61,3
R_log,G02,3.75,0.10604699052336564,0.5,39.400001525878906,True,57,3
R_log,G02,4.0,0.09715016122924669,0.5,39.400001525878906,True,67,3
R_log,G02,4.25,0.08863802919538144,0.5,39.400001525878906,True,60,3
R_log,G02,4.5,0.08051059442176922,0.5,39.400001525878906,True,89,4
R_log,G02,4.75,0.07276785690840937,0.5,39.400001525878906,True,99,4
R_log,G02,5.0,0.06540981665530277,0.5,39.400001525878906,True,134,4
R_log,G02,5.25,0.05843647366244942,0.5,39.400001525878906,True,145,5
R_log,G02,5.5,0.051847827929848433,0.5,39.400001525878906,True,158,5
R_log,G02,5.75,0.045643879457501146,0.5,39.400001525878906,True,158,5
R_log,G02,6.0,0.039824628245406224,0.5,39.400001525878906,True,180,5
R_log,G02,6.25,0.034390074293564554,0.5,39.400001525878906,True,168,5
R_log,G02,6.5,0.029340217601975693,0.5,39.400001525878906,True,195,5
R_log,G02,6.75,0.02467505817063964,0.5,39.400001525878906,True,181,5
R_log,G02,7.0,0.02039459599955684,0.5,39.400001525878906,True,212,5
R_log,G02,7.25,0.016498831088727295,0.5,39.400001525878906,True,202,5
R_log,G02,7.5,0.01298776343814989,0.5,39.400001525878906,True,255,5
R_log,G02,7.75,0.00986139304782574,0.5,39.400001525878906,True,242,5
R_log,G02,8.0,0.007119719917754841,0.5,39.400001525878906,True,268,5
R_log,G02,8.25,0.004762744047936529,0.5,39.400001525878906,True,271,5
R_log,G02,8.5,0.002790465438371248,0.5,39.400001525878906,True,304,5
R_log,G02,8.75,0.0012028840890592196,0.5,39.400001525878906,True,277,5
R_log,G02,9.0,0.0,0.5,39.400001525878906,True,301,5
R_log,G02,9.25,-0.0008181868288064109,0.5,39.400001525878906,True,265,5
R_log,G02,9.5,-0.001251676397359791,0.5,39.400001525878906,True,276,5
R_log,G02,9.75,-0.0013004687056601405,0.5,39.400001525878906,True,284,5
R_log,G02,10.0,-0.0009645637537074592,0.5,39.400001525878906,True,326,5
R_log,G02,10.25,-0.00024396154150219118,0.5,39.400001525878906,True,308,5
R_log,G02,10.5,0.0008613379309565516,0.5,39.400001525878906,True,384,5
R_log,G02,10.75,0.002351334663667881,0.5,39.400001525878906,True,326,5
R_log,G02,11.0,0.004226028656632241,0.5,39.400001525878906,True,353,5
R_log,G02,11.25,0.006485419909849632,0.5,39.400001525878906,True,354,5
R_log,G02,11.5,0.009129508423319832,0.5,39.400001525878906,True,414,5
R_log,G02,11.75,0.012158294197043507,0.5,39.400001525878906,True,396,5
R_log,G02,12.0,0.015571777231019546,0.5,39.400001525878906,True,450,5
R_log,G02,12.25,0.019369957525248838,0.5,39.400001525878906,True,405,5
R_log,G02,12.5,0.023552835079730938,0.5,39.400001525878906,True,428,5
R_log,G02,12.75,0.028120409894465848,0.5,39.400001525878906,True,379,5
R_log,G02,13.0,0.03307268196945379,0.5,39.400001525878906,True,440,5
R_log,G02,13.25,0.03840965130469498,0.5,39.400001525878906,True,377,5
R_log,G02,13.5,0.04413131790018876,0.5,39.400001525878906,True,424,5
R_log,G02,13.75,0.05023768175593579,0.5,39.400001525878906,True,395,5
R_log,G02,14.0,0.056728742871935633,0.5,39.400001525878906,True,433,5
R_log,G02,14.25,0.06360450124818873,0.5,39.400001525878906,True,392,5
R_log,G02,14.5,0.07086495688469419,0.5,39.400001525878906,True,389,5
R_log,G02,14.75,0.07851010978145334,0.5,39.400001525878906,True,324,5
R_log,G02,15.0,0.08653995993846508,0.5,39.400001525878906,True,349,5
R_log,G02,15.25,0.09495450735572941,0.5,39.400001525878906,True,305,5
R_log,G02,15.5,0.103753752033247,0.5,39.400001525878906,True,360,5
R_log,G02,15.75,0.11293769397101805,0.5,39.400001525878906,True,327,5
R_log,G02,16.0,0.12250633316904103,0.5,39.400001525878906,True,361,5
R_log,G02,16.25,0.1324596696273177,0.5,39.400001525878906,True,347,5
R_log,G02,16.5,0.14279770334584718,0.5,39.400001525878906,True,354,5
R_log,G02,16.75,0.15352043432462925,0.5,39.400001525878906,True,306,5
R_log,G02,17.0,0.1646278625636648,0.5,39.400001525878906,True,334,5
R_log,G02,17.25,0.17611998806295337,0.5,39.400001525878906,True,274,5
R_log,G02,17.5,0.18799681082249453,0.5,39.400001525878906,True,321,5
R_log,G02,17.75,0.20025833084228872,0.5,39.400001525878906,True,287,5
R_log,G02,18.0,0.21290454812233595,0.5,39.400001525878906,True,309,5
R_log,G02,18.25,0.2259354626626362,0.5,39.400001525878906,True,265,5
R_log,G02,18.5,0.23935107446318926,0.5,39.400001525878906,True,296,5
R_log,G02,18.75,0.25315138352399513,0.5,39.400001525878906,True,284,5
R_log,G02,19.0,0.26733638984505426,0.5,39.400001525878906,True,300,5
R_log,G02,19.25,0.2819060934263662,0.5,39.400001525878906,True,287,5
R_log,G02,19.5,0.29686049426793093,0.5,39.400001525878906,True,331,5
R_log,G02,19.75,0.3121995923697487,0.5,39.400001525878906,True,281,5
R_log,G02,20.0,0.32792338773181995,0.5,39.400001525878906,True,328,5
R_log,G02,20.25,0.3440318803541438,0.5,39.400001525878906,True,305,5
R_log,G02,20.5,0.36052507023672065,0.5,39.400001525878906,True,334,5
R_log,G02,20.75,0.3774029573795501,0.5,39.400001525878906,True,317,5
R_log,G02,21.0,0.394665541782633,0.5,39.400001525878906,True,328,5
R_log,G02,21.25,0.41231282344596853,0.5,39.400001525878906,True,285,5
R_log,G02,21.5,0.4303448023695571,0.5,39.400001525878906,True,324,5
R_log,G02,21.75,0.44876147855339865,0.5,39.400001525878906,True,285,4
R_log,G02,22.0,0.46756285199749326,0.5,39.400001525878906,True,332,5
R_log,G02,22.25,0.48674892270184,0.5,39.400001525878906,True,280,5
R_log,G02,22.5,0.5063196906664407,0.5,39.400001525878906,True,268,5
R_log,G02,22.75,0.5262751558912944,0.5,39.400001525878906,True,209,4
R_log,G02,23.0,0.5466153183764006,0.5,39.400001525878906,True,223,4
R_log,G02,23.25,0.5673401781217595,0.5,39.400001525878906,True,196,4
R_log,G02,23.5,0.5884497351273719,0.5,39.400001525878906,True,207,4
R_log,G02,23.75,0.6099439893932372,0.5,39.400001525878906,True,191,4
R_log,G02,24.0,0.6318229409193556,0.5,39.400001525878906,True,220,4
R_log,G02,24.25,0.6540865897057262,0.5,39.400001525878906,True,171,4
R_log,G02,24.5,0.6767349357523507,0.5,39.400001525878906,True,178,4
R_log,G02,24.75,0.6997679790592277,0.5,39.400001525878906,True,160,3
R_log,G02,25.0,0.7231857196263578,0.5,39.400001525878906,True,127,3
R_log,G02,25.25,0.7469881574537405,0.5,39.400001525878906,True,120,3
R_log,G02,25.5,0.7711752925413762,0.5,39.400001525878906,True,138,3
R_log,G02,25.75,0.7957471248892649,0.5,39.400001525878906,True,134,3
R_log,G02,26.0,0.8207036544974067,0.5,39.400001525878906,True,160,3
R_log,G02,26.25,0.8460448813658019,0.5,39.400001525878906,True,151,3
R_log,G02,26.5,0.8717708054944493,0.5,39.400001525878906,True,151,3
R_log,G02,26.75,0.8978814268833506,0.5,39.400001525878906,True,136,3
R_log,G02,27.0,0.924376745532504,0.5,39.400001525878906,True,135,3
R_log,G02,27.25,0.9512567614419101,0.5,39.400001525878906,True,119,3
R_log,G02,27.5,0.97852147461157,0.5,39.400001525878906,True,135,3
R_log,G02,27.75,1.006170885041482,0.5,39.400001525878906,True,104,3
R_log,G02,28.0,1.0342049927316481,0.5,39.400001525878906,True,126,3
R_log,G02,28.25,1.0626237976820663,0.5,39.400001525878906,True,114,3
R_log,G02,28.5,1.091427299892738,0.5,39.400001525878906,True,125,3
R_log,G02,28.75,1.1206154993636621,0.5,39.400001525878906,True,118,3
R_log,G02,29.0,1.1501883960948398,0.5,39.400001525878906,True,142,3
R_log,G02,29.25,1.1801459900862696,0.5,39.400001525878906,True,136,3
R_log,G02,29.5,1.2104882813379534,0.5,39.400001525878906,True,131,3
R_log,G02,29.75,1.2412152698498893,0.5,39.400001525878906,True,123,3
R_log,G02,30.0,1.2723269556220782,0.5,39.400001525878906,True,125,3
R_log,G02,30.25,1.3038233386545206,0.5,39.400001525878906,True,106,2
R_log,G02,30.5,1.3357044189472156,0.5,39.400001525878906,True,127,2
R_log,G02,30.75,1.3679701965001632,0.5,39.400001525878906,True,118,2
R_log,G02,31.0,1.4006206713133647,0.5,39.400001525878906,True,139,2
R_log,G02,31.25,1.4336558433868178,0.5,39.400001525878906,True,112,2
R_log,G02,31.5,1.467075712720525,0.5,39.400001525878906,True,123,1
R_log,G02,31.75,1.5008802793144846,0.5,39.400001525878906,True,102,1
R_log,G02,32.0,1.5350695431686978,0.5,39.400001525878906,True,105,2
R_log,G02,32.25,1.5696435042831631,0.5,39.400001525878906,True,83,2
R_log,G02,32.5,1.604602162657882,0.5,39.400001525878906,True,72,2
R_log,G02,32.75,1.6399455182928533,0.5,39.400001525878906,True,63,2
R_log,G02,33.0,1.6756735711880781,0.5,39.400001525878906,True,56,2
R_log,G02,33.25,1.711786321343556,0.5,39.400001525878906,True,47,1
R_log,G02,33.5,1.748283768759286,0.5,39.400001525878906,True,63,1
R_log,G02,33.75,1.7851659134352695,0.5,39.400001525878906,True,56,1
R_log,G02,34.0,1.8224327553715065,0.5,39.400001525878906,True,60,1
R_log,G02,34.25,1.8600842945679956,0.5,39.400001525878906,True,64,1
R_log,G02,34.5,1.8981205310247382,0.5,39.400001525878906,True,62,1
R_log,G02,34.75,1.9365414647417334,0.5,39.400001525878906,True,44,1
R_log,G02,35.0,1.9753470957189816,0.5,39.400001525878906,True,44,1
R_log,G02,35.25,2.014537423956483,0.5,39.400001525878906,True,30,1
R_log,G02,35.5,2.0541124494542373,0.5,39.400001525878906,True,24,1
R_log,G02,35.75,2.094072172212244,0.5,39.400001525878906,True,17,1
R_log,G02,36.0,2.1344165922305036,0.5,39.400001525878906,True,13,1
R_log,G02,36.25,2.1751457095090174,0.5,39.400001525878906,True,5,1
R_log,G02,36.5,2.216259524047783,0.5,39.400001525878906,True,3,1
R_log,G02,36.75,2.257758035846803,0.5,39.400001525878906,True,4,1
R_log,G02,37.0,2.2996412449060744,0.5,39.400001525878906,True,5,1
R_log,G02,37.25,2.3419091512255985,0.5,39.400001525878906,True,5,1
R_log,G02,37.5,2.384561754805376,0.5,39.400001525878906,True,5,1
R_log,G02,37.75,2.4275990556454072,0.5,39.400001525878906,True,2,1
R_log,G02,38.0,2.47102105374569,0.5,39.400001525878906,True,1,1
R_log,G02,38.25,2.5148277491062263,0.5,39.400001525878906,True,1,1
R_log,G02,38.5,2.559019141727017,0.5,39.400001525878906,True,1,1
R_log,G02,38.75,2.6035952316080593,0.5,39.400001525878906,True,1,1
R_log,G02,39.0,2.648556018749354,0.5,39.400001525878906,True,2,1
R_log,G02,39.25,2.6939015031509035,0.5,39.400001525878906,True,1,1
R_log,G02,39.5,2.7396316848127045,0.5,39.400001525878906,False,1,1
R_log,G02,39.75,2.78574656373476,0.5,39.400001525878906,False,1,1
R_log,G02,40.0,2.832246139917067,0.5,39.400001525878906,False,0,0
R_log,P02,1.0,-0.5405753235032174,0.5,39.400001525878906,True,4,1
R_log,P02,1.25,-0.5231980330403412,0.5,39.400001525878906,True,7,2
R_log,P02,1.5,-0.5058519884873609,0.5,39.400001525878906,True,9,2
R_log,P02,1.75,-0.4885371898442781,0.5,39.400001525878906,True,10,2
R_log,P02,2.0,-0.4712536371110918,0.5,39.400001525878906,True,19,3
R_log,P02,2.25,-0.45400133028780254,0.5,39.400001525878906,True,20,3
R_log,P02,2.5,-0.43678026937441006,0.5,39.400001525878906,True,31,3
R_log,P02,2.75,-0.41959045437091436,0.5,39.400001525878906,True,37,3
R_log,P02,3.0,-0.40243188527731566,0.5,39.400001525878906,True,47,3
R_log,P02,3.25,-0.38530456209361374,0.5,39.400001525878906,True,53,3
R_log,P02,3.5,-0.36820848481980883,0.5,39.400001525878906,True,61,3
R_log,P02,3.75,-0.3511436534559005,0.5,39.400001525878906,True,57,3
R_log,P02,4.0,-0.33411006800188936,0.5,39.400001525878906,True,67,3
R_log,P02,4.25,-0.3171077284577748,0.5,39.400001525878906,True,60,3
R_log,P02,4.5,-0.3001366348235568,0.5,39.400001525878906,True,89,4
R_log,P02,4.75,-0.28319678709923646,0.5,39.400001525878906,True,99,4
R_log,P02,5.0,-0.26628818528481224,0.5,39.400001525878906,True,134,4
R_log,P02,5.25,-0.24941082938028525,0.5,39.400001525878906,True,145,5
R_log,P02,5.5,-0.2325647193856546,0.5,39.400001525878906,True,158,5
R_log,P02,5.75,-0.21574985530092117,0.5,39.400001525878906,True,158,5
R_log,P02,6.0,-0.19896623712608474,0.5,39.400001525878906,True,180,5
R_log,P02,6.25,-0.18221386486114488,0.5,39.400001525878906,True,168,5
R_log,P02,6.5,-0.16549273850610224,0.5,39.400001525878906,True,195,5
R_log,P02,6.75,-0.14880285806095617,0.5,39.400001525878906,True,181,5
R_log,P02,7.0,-0.13214422352570665,0.5,39.400001525878906,True,212,5
R_log,P02,7.25,-0.11551683490035458,0.5,39.400001525878906,True,202,5
R_log,P02,7.5,-0.09892069218489885,0.5,39.400001525878906,True,255,5
R_log,P02,7.75,-0.08235579537934057,0.5,39.400001525878906,True,242,5
R_log,P02,8.0,-0.06582214448367862,0.5,39.400001525878906,True,268,5
R_log,P02,8.25,-0.049319739497913684,0.5,39.400001525878906,True,271,5
R_log,P02,8.5,-0.03284858042204508,0.5,39.400001525878906,True,304,5
R_log,P02,8.75,-0.01640866725607415,0.5,39.400001525878906,True,277,5
R_log,P02,9.0,0.0,0.5,39.400001525878906,True,301,5
R_log,P02,9.25,0.016377421346178256,0.5,39.400001525878906,True,265,5
R_log,P02,9.5,0.03272359678245884,0.5,39.400001525878906,True,276,5
R_log,P02,9.75,0.049038526308842645,0.5,39.400001525878906,True,284,5
R_log,P02,10.0,0.06532220992532922,0.5,39.400001525878906,True,326,5
R_log,P02,10.25,0.08157464763191902,0.5,39.400001525878906,True,308,5
R_log,P02,10.5,0.09779583942861292,0.5,39.400001525878906,True,384,5
R_log,P02,10.75,0.11398578531540915,0.5,39.400001525878906,True,326,5
R_log,P02,11.0,0.13014448529230904,0.5,39.400001525878906,True,353,5
R_log,P02,11.25,0.14627193935931126,0.5,39.400001525878906,True,354,5
R_log,P02,11.5,0.16236814751641715,0.5,39.400001525878906,True,414,5
R_log,P02,11.75,0.1784331097636267,0.5,39.400001525878906,True,396,5
R_log,P02,12.0,0.19446682610093902,0.5,39.400001525878906,True,450,5
R_log,P02,12.25,0.21046929652835455,0.5,39.400001525878906,True,405,5
R_log,P02,12.5,0.22644052104587242,0.5,39.400001525878906,True,428,5
R_log,P02,12.75,0.2423804996534944,0.5,39.400001525878906,True,379,5
R_log,P02,13.0,0.2582892323512187,0.5,39.400001525878906,True,440,5
R_log,P02,13.25,0.27416671913904667,0.5,39.400001525878906,True,377,5
R_log,P02,13.5,0.29001296001697874,0.5,39.400001525878906,True,424,5
R_log,P02,13.75,0.3058279549850127,0.5,39.400001525878906,True,395,5
R_log,P02,14.0,0.32161170404314987,0.5,39.400001525878906,True,433,5
R_log,P02,14.25,0.3373642071913907,0.5,39.400001525878906,True,392,5
R_log,P02,14.5,0.3530854644297339,0.5,39.400001525878906,True,389,5
R_log,P02,14.75,0.36877547575818115,0.5,39.400001525878906,True,324,5
R_log,P02,15.0,0.38443424117673075,0.5,39.400001525878906,True,349,5
R_log,P02,15.25,0.40006176068538446,0.5,39.400001525878906,True,305,5
R_log,P02,15.5,0.4156580342841405,0.5,39.400001525878906,True,360,5
R_log,P02,15.75,0.4312230619730002,0.5,39.400001525878906,True,327,5
R_log,P02,16.0,0.4467568437519627,0.5,39.400001525878906,True,361,5
R_log,P02,16.25,0.46225937962102837,0.5,39.400001525878906,True,347,5
R_log,P02,16.5,0.4777306695801977,0.5,39.400001525878906,True,354,5
R_log,P02,16.75,0.4931707136294694,0.5,39.400001525878906,True,306,5
R_log,P02,17.0,0.5085795117688452,0.5,39.400001525878906,True,334,5
R_log,P02,17.25,0.5239570639983233,0.5,39.400001525878906,True,274,5
R_log,P02,17.5,0.5393033703179051,0.5,39.400001525878906,True,321,5
R_log,P02,17.75,0.5546184307275897,0.5,39.400001525878906,True,287,5
R_log,P02,18.0,0.5699022452273774,0.5,39.400001525878906,True,309,5
R_log,P02,18.25,0.585154813817268,0.5,39.400001525878906,True,265,5
R_log,P02,18.5,0.6003761364972622,0.5,39.400001525878906,True,296,5
R_log,P02,18.75,0.6155662132673592,0.5,39.400001525878906,True,284,5
R_log,P02,19.0,0.6307250441275603,0.5,39.400001525878906,True,300,5
R_log,P02,19.25,0.6458526290778641,0.5,39.400001525878906,True,287,5
R_log,P02,19.5,0.6609489681182708,0.5,39.400001525878906,True,331,5
R_log,P02,19.75,0.6760140612487806,0.5,39.400001525878906,True,281,5
R_log,P02,20.0,0.6910479084693937,0.5,39.400001525878906,True,328,5
R_log,P02,20.25,0.7060505097801095,0.5,39.400001525878906,True,305,5
R_log,P02,20.5,0.7210218651809286,0.5,39.400001525878906,True,334,5
R_log,P02,20.75,0.7359619746718513,0.5,39.400001525878906,True,317,5
R_log,P02,21.0,0.7508708382528773,0.5,39.400001525878906,True,328,5
R_log,P02,21.25,0.765748455924006,0.5,39.400001525878906,True,285,5
R_log,P02,21.5,0.7805948276852384,0.5,39.400001525878906,True,324,5
R_log,P02,21.75,0.7954099535365731,0.5,39.400001525878906,True,285,4
R_log,P02,22.0,0.8101938334780114,0.5,39.400001525878906,True,332,5
R_log,P02,22.25,0.824946467509553,0.5,39.400001525878906,True,280,5
R_log,P02,22.5,0.8396678556311974,0.5,39.400001525878906,True,268,5
R_log,P02,22.75,0.854357997842945,0.5,39.400001525878906,True,209,4
R_log,P02,23.0,0.8690168941447962,0.5,39.400001525878906,True,223,4
R_log,P02,23.25,0.8836445445367502,0.5,39.400001525878906,True,196,4
R_log,P02,23.5,0.898240949018807,0.5,39.400001525878906,True,207,4
R_log,P02,23.75,0.9128061075909679,0.5,39.400001525878906,True,191,4
R_log,P02,24.0,0.9273400202532307,0.5,39.400001525878906,True,220,4
R_log,P02,24.25,0.941842687005598,0.5,39.400001525878906,True,171,4
R_log,P02,24.5,0.9563141078480673,0.5,39.400001525878906,True,178,4
R_log,P02,24.75,0.9707542827806406,0.5,39.400001525878906,True,160,3
R_log,P02,25.0,0.9851632118033162,0.5,39.400001525878906,True,127,3
R_log,P02,25.25,0.9995408949160955,0.5,39.400001525878906,True,120,3
R_log,P02,25.5,1.013887332118978,0.5,39.400001525878906,True,138,3
R_log,P02,25.75,1.0282025234119634,0.5,39.400001525878906,True,134,3
R_log,P02,26.0,1.0424864687950528,0.5,39.400001525878906,True,160,3
R_log,P02,26.25,1.056739168268244,0.5,39.400001525878906,True,151,3
R_log,P02,26.5,1.0709606218315395,0.5,39.400001525878906,True,151,3
R_log,P02,26.75,1.0851508294849368,0.5,39.400001525878906,True,136,3
R_log,P02,27.0,1.0993097912284386,0.5,39.400001525878906,True,135,3
R_log,P02,27.25,1.1134375070620433,0.5,39.400001525878906,True,119,3
R_log,P02,27.5,1.1275339769857506,0.5,39.400001525878906,True,135,3
R_log,P02,27.75,1.1415992009995612,0.5,39.400001525878906,True,104,3
R_log,P02,28.0,1.1556331791034755,0.5,39.400001525878906,True,126,3
R_log,P02,28.25,1.1696359112974921,0.5,39.400001525878906,True,114,3
R_log,P02,28.5,1.1836073975816128,0.5,39.400001525878906,True,125,3
R_log,P02,28.75,1.1975476379558363,0.5,39.400001525878906,True,118,3
R_log,P02,29.0,1.2114566324201625,0.5,39.400001525878906,True,142,3
R_log,P02,29.25,1.2253343809745916,0.5,39.400001525878906,True,136,3
R_log,P02,29.5,1.2391808836191247,0.5,39.400001525878906,True,131,3
R_log,P02,29.75,1.2529961403537606,0.5,39.400001525878906,True,123,3
R_log,P02,30.0,1.2667801511784997,0.5,39.400001525878906,True,125,3
R_log,P02,30.25,1.2805329160933425,0.5,39.400001525878906,True,106,2
R_log,P02,30.5,1.2942544350982876,0.5,39.400001525878906,True,127,2
R_log,P02,30.75,1.3079447081933364,0.5,39.400001525878906,True,118,2
R_log,P02,31.0,1.3216037353784884,0.5,39.400001525878906,True,139,2
R_log,P02,31.25,1.3352315166537432,0.5,39.400001525878906,True,112,2
R_log,P02,31.5,1.3488280520191007,0.5,39.400001525878906,True,123,1
R_log,P02,31.75,1.362393341474562,0.5,39.400001525878906,True,102,1
R_log,P02,32.0,1.3759273850201268,0.5,39.400001525878906,True,105,2
R_log,P02,32.25,1.389430182655794,0.5,39.400001525878906,True,83,2
R_log,P02,32.5,1.4029017343815644,0.5,39.400001525878906,True,72,2
R_log,P02,32.75,1.4163420401974376,0.5,39.400001525878906,True,63,2
R_log,P02,33.0,1.4297511001034153,0.5,39.400001525878906,True,56,2
R_log,P02,33.25,1.443128914099495,0.5,39.400001525878906,True,47,1
R_log,P02,33.5,1.4564754821856782,0.5,39.400001525878906,True,63,1
R_log,P02,33.75,1.4697908043619652,0.5,39.400001525878906,True,56,1
R_log,P02,34.0,1.4830748806283545,0.5,39.400001525878906,True,60,1
R_log,P02,34.25,1.4963277109848474,0.5,39.400001525878906,True,64,1
R_log,P02,34.5,1.5095492954314427,0.5,39.400001525878906,True,62,1
R_log,P02,34.75,1.522739633968142,0.5,39.400001525878906,True,44,1
R_log,P02,35.0,1.5358987265949446,0.5,39.400001525878906,True,44,1
R_log,P02,35.25,1.5490265733118496,0.5,39.400001525878906,True,30,1
R_log,P02,35.5,1.5621231741188581,0.5,39.400001525878906,True,24,1
R_log,P02,35.75,1.5751885290159695,0.5,39.400001525878906,True,17,1
R_log,P02,36.0,1.5882226380031845,0.5,39.400001525878906,True,13,1
R_log,P02,36.25,1.6012255010805028,0.5,39.400001525878906,True,5,1
R_log,P02,36.5,1.6141971182479233,0.5,39.400001525878906,True,3,1
R_log,P02,36.75,1.6271374895054476,0.5,39.400001525878906,True,4,1
R_log,P02,37.0,1.6400466148530746,0.5,39.400001525878906,True,5,1
R_log,P02,37.25,1.6529244942908057,0.5,39.400001525878906,True,5,1
R_log,P02,37.5,1.6657711278186396,0.5,39.400001525878906,True,5,1
R_log,P02,37.75,1.6785865154365762,0.5,39.400001525878906,True,2,1
R_log,P02,38.0,1.6913706571446157,0.5,39.400001525878906,True,1,1
R_log,P02,38.25,1.7041235529427592,0.5,39.400001525878906,True,1,1
R_log,P02,38.5,1.7168452028310055,0.5,39.400001525878906,True,1,1
R_log,P02,38.75,1.7295356068093546,0.5,39.400001525878906,True,1,1
R_log,P02,39.0,1.742194764877807,0.5,39.400001525878906,True,2,1
R_log,P02,39.25,1.7548226770363633,0.5,39.400001525878906,True,1,1
R_log,P02,39.5,1.7674193432850211,0.5,39.400001525878906,False,1,1
R_log,P02,39.75,1.7799847636237836,0.5,39.400001525878906,False,1,1
R_log,P02,40.0,1.7925189380526487,0.5,39.400001525878906,False,0,0
R_log,S01,1.0,-0.26228015496133916,1.2999999523162842,39.400001525878906,False,4,1
R_log,S01,1.25,-0.2540839001187971,1.2999999523162842,39.400001525878906,False,7,2
R_log,S01,1.5,-0.24588764527625528,1.2999999523162842,39.400001525878906,True,9,2
R_log,S01,1.75,-0.23769139043371323,1.2999999523162842,39.400001525878906,True,10,2
R_log,S01,2.0,-0.22949513559117163,1.2999999523162842,39.400001525878906,True,19,3
R_log,S01,2.25,-0.22129888074862958,1.2999999523162842,39.400001525878906,True,20,3
R_log,S01,2.5,-0.21310262590608797,1.2999999523162842,39.400001525878906,True,31,3
R_log,S01,2.75,-0.20490637106354637,1.2999999523162842,39.400001525878906,True,37,3
R_log,S01,3.0,-0.19671011622100432,1.2999999523162842,39.400001525878906,True,47,3
R_log,S01,3.25,-0.1885138613784627,1.2999999523162842,39.400001525878906,True,53,3
R_log,S01,3.5,-0.18031760653592066,1.2999999523162842,39.400001525878906,True,61,3
R_log,S01,3.75,-0.1721213516933786,1.2999999523162842,39.400001525878906,True,57,3
R_log,S01,4.0,-0.163925096850837,1.2999999523162842,39.400001525878906,True,67,3
R_log,S01,4.25,-0.1557288420082954,1.2999999523162842,39.400001525878906,True,60,3
R_log,S01,4.5,-0.1475325871657529,1.2999999523162842,39.400001525878906,True,89,4
R_log,S01,4.75,-0.1393363323232113,1.2999999523162842,39.400001525878906,True,99,4
R_log,S01,5.0,-0.13114007748066925,1.2999999523162842,39.400001525878906,True,134,4
R_log,S01,5.25,-0.12294382263812764,1.2999999523162842,39.400001525878906,True,145,5
R_log,S01,5.5,-0.11474756779558559,1.2999999523162842,39.400001525878906,True,158,5
R_log,S01,5.75,-0.10655131295304399,1.2999999523162842,39.400001525878906,True,158,5
R_log,S01,6.0,-0.09835505811050194,1.2999999523162842,39.400001525878906,True,180,5
R_log,S01,6.25,-0.09015880326796033,1.2999999523162842,39.400001525878906,True,168,5
R_log,S01,6.5,-0.08196254842541872,1.2999999523162842,39.400001525878906,True,195,5
R_log,S01,6.75,-0.07376629358287667,1.2999999523162842,39.400001525878906,True,181,5
R_log,S01,7.0,-0.06557003874033507,1.2999999523162842,39.400001525878906,True,212,5
R_log,S01,7.25,-0.05737378389779302,1.2999999523162842,39.400001525878906,True,202,5
R_log,S01,7.5,-0.04917752905525097,1.2999999523162842,39.400001525878906,True,255,5
R_log,S01,7.75,-0.04098127421270936,1.2999999523162842,39.400001525878906,True,242,5
R_log,S01,8.0,-0.032785019370167756,1.2999999523162842,39.400001525878906,True,268,5
R_log,S01,8.25,-0.024588764527625262,1.2999999523162842,39.400001525878906,True,271,5
R_log,S01,8.5,-0.016392509685083656,1.2999999523162842,39.400001525878906,True,304,5
R_log,S01,8.75,-0.00819625484254205,1.2999999523162842,39.400001525878906,True,277,5
R_log,S01,9.0,0.0,1.2999999523162842,39.400001525878906,True,301,5
R_log,S01,9.25,0.00819625484254205,1.2999999523162842,39.400001525878906,True,265,5
R_log,S01,9.5,0.016392509685083212,1.2999999523162842,39.400001525878906,True,276,5
R_log,S01,9.75,0.024588764527625706,1.2999999523162842,39.400001525878906,True,284,5
R_log,S01,10.0,0.032785019370167756,1.2999999523162842,39.400001525878906,True,326,5
R_log,S01,10.25,0.04098127421270936,1.2999999523162842,39.400001525878906,True,308,5
R_log,S01,10.5,0.04917752905525141,1.2999999523162842,39.400001525878906,True,384,5
R_log,S01,10.75,0.05737378389779302,1.2999999523162842,39.400001525878906,True,326,5
R_log,S01,11.0,0.06557003874033462,1.2999999523162842,39.400001525878906,True,353,5
R_log,S01,11.25,0.07376629358287623,1.2999999523162842,39.400001525878906,True,354,5
R_log,S01,11.5,0.08196254842541828,1.2999999523162842,39.400001525878906,True,414,5
R_log,S01,11.75,0.09015880326795989,1.2999999523162842,39.400001525878906,True,396,5
R_log,S01,12.0,0.09835505811050194,1.2999999523162842,39.400001525878906,True,450,5
R_log,S01,12.25,0.10655131295304354,1.2999999523162842,39.400001525878906,True,405,5
R_log,S01,12.5,0.11474756779558604,1.2999999523162842,39.400001525878906,True,428,5
R_log,S01,12.75,0.1229438226381272,1.2999999523162842,39.400001525878906,True,379,5
R_log,S01,13.0,0.1311400774806697,1.2999999523162842,39.400001525878906,True,440,5
R_log,S01,13.25,0.1393363323232113,1.2999999523162842,39.400001525878906,True,377,5
R_log,S01,13.5,0.1475325871657529,1.2999999523162842,39.400001525878906,True,424,5
R_log,S01,13.75,0.15572884200829495,1.2999999523162842,39.400001525878906,True,395,5
R_log,S01,14.0,0.16392509685083656,1.2999999523162842,39.400001525878906,True,433,5
R_log,S01,14.25,0.17212135169337817,1.2999999523162842,39.400001525878906,True,392,5
R_log,S01,14.5,0.18031760653592066,1.2999999523162842,39.400001525878906,True,389,5
R_log,S01,14.75,0.18851386137846182,1.2999999523162842,39.400001525878906,True,324,5
R_log,S01,15.0,0.19671011622100432,1.2999999523162842,39.400001525878906,True,349,5
R_log,S01,15.25,0.20490637106354637,1.2999999523162842,39.400001525878906,True,305,5
R_log,S01,15.5,0.21310262590608797,1.2999999523162842,39.400001525878906,True,360,5
R_log,S01,15.75,0.22129888074862958,1.2999999523162842,39.400001525878906,True,327,5
R_log,S01,16.0,0.22949513559117163,1.2999999523162842,39.400001525878906,True,361,5
R_log,S01,16.25,0.23769139043371368,1.2999999523162842,39.400001525878906,True,347,5
R_log,S01,16.5,0.24588764527625484,1.2999999523162842,39.400001525878906,True,354,5
R_log,S01,16.75,0.2540839001187978,1.2999999523162842,39.400001525878906,True,306,5
R_log,S01,17.0,0.26228015496133894,1.2999999523162842,39.400001525878906,True,334,5
R_log,S01,17.25,0.27047640980388055,1.2999999523162842,39.400001525878906,True,274,5
R_log,S01,17.5,0.27867266464642304,1.2999999523162842,39.400001525878906,True,321,5
R_log,S01,17.75,0.2868689194889642,1.2999999523162842,39.400001525878906,True,287,5
R_log,S01,18.0,0.29506517433150625,1.2999999523162842,39.400001525878906,True,309,5
R_log,S01,18.25,0.3032614291740483,1.2999999523162842,39.400001525878906,True,265,5
R_log,S01,18.5,0.3114576840165899,1.2999999523162842,39.400001525878906,True,296,5
R_log,S01,18.75,0.3196539388591315,1.2999999523162842,39.400001525878906,True,284,5
R_log,S01,19.0,0.32785019370167356,1.2999999523162842,39.400001525878906,True,300,5
R_log,S01,19.25,0.33604644854421517,1.2999999523162842,39.400001525878906,True,287,5
R_log,S01,19.5,0.34424270338675766,1.2999999523162842,39.400001525878906,True,331,5
R_log,S01,19.75,0.35243895822929927,1.2999999523162842,39.400001525878906,True,281,5
R_log,S01,20.0,0.3606352130718413,1.2999999523162842,39.400001525878906,True,328,5
R_log,S01,20.25,0.3688314679143829,1.2999999523162842,39.400001525878906,True,305,5
R_log,S01,20.5,0.377027722756925,1.2999999523162842,39.400001525878906,True,334,5
R_log,S01,20.75,0.3852239775994666,1.2999999523162842,39.400001525878906,True,317,5
R_log,S01,21.0,0.3934202324420082,1.2999999523162842,39.400001525878906,True,328,5
R_log,S01,21.25,0.4016164872845498,1.2999999523162842,39.400001525878906,True,285,5
R_log,S01,21.5,0.4098127421270923,1.2999999523162842,39.400001525878906,True,324,5
R_log,S01,21.75,0.4180089969696339,1.2999999523162842,39.400001525878906,True,285,4
R_log,S01,22.0,0.4262052518121755,1.2999999523162842,39.400001525878906,True,332,5
R_log,S01,22.25,0.43440150665471755,1.2999999523162842,39.400001525878906,True,280,5
R_log,S01,22.5,0.4425977614972596,1.2999999523162842,39.400001525878906,True,268,5
R_log,S01,22.75,0.45079401633980076,1.2999999523162842,39.400001525878906,True,209,4
R_log,S01,23.0,0.45899027118234326,1.2999999523162842,39.400001525878906,True,223,4
R_log,S01,23.25,0.4671865260248844,1.2999999523162842,39.400001525878906,True,196,4
R_log,S01,23.5,0.47538278086742647,1.2999999523162842,39.400001525878906,True,207,4
R_log,S01,23.75,0.4835790357099694,1.2999999523162842,39.400001525878906,True,191,4
R_log,S01,24.0,0.4917752905525101,1.2999999523162842,39.400001525878906,True,220,4
R_log,S01,24.25,0.4999715453950526,1.2999999523162842,39.400001525878906,True,171,4
R_log,S01,24.5,0.5081678002375942,1.2999999523162842,39.400001525878906,True,178,4
R_log,S01,24.75,0.5163640550801363,1.2999999523162842,39.400001525878906,True,160,3
R_log,S01,25.0,0.5245603099226774,1.2999999523162842,39.400001525878906,True,127,3
R_log,S01,25.25,0.5327565647652199,1.2999999523162842,39.400001525878906,True,120,3
R_log,S01,25.5,0.5409528196077615,1.2999999523162842,39.400001525878906,True,138,3
R_log,S01,25.75,0.5491490744503031,1.2999999523162842,39.400001525878906,True,134,3
R_log,S01,26.0,0.5573453292928456,1.2999999523162842,39.400001525878906,True,160,3
R_log,S01,26.25,0.5655415841353868,1.2999999523162842,39.400001525878906,True,151,3
R_log,S01,26.5,0.5737378389779284,1.2999999523162842,39.400001525878906,True,151,3
R_log,S01,26.75,0.5819340938204705,1.2999999523162842,39.400001525878906,True,136,3
R_log,S01,27.0,0.5901303486630121,1.2999999523162842,39.400001525878906,True,135,3
R_log,S01,27.25,0.5983266035055546,1.2999999523162842,39.400001525878906,True,119,3
R_log,S01,27.5,0.6065228583480966,1.2999999523162842,39.400001525878906,True,135,3
R_log,S01,27.75,0.6147191131906382,1.2999999523162842,39.400001525878906,True,104,3
R_log,S01,28.0,0.6229153680331798,1.2999999523162842,39.400001525878906,True,126,3
R_log,S01,28.25,0.6311116228757219,1.2999999523162842,39.400001525878906,True,114,3
R_log,S01,28.5,0.6393078777182635,1.2999999523162842,39.400001525878906,True,125,3
R_log,S01,28.75,0.6475041325608055,1.2999999523162842,39.400001525878906,True,118,3
R_log,S01,29.0,0.6557003874033476,1.2999999523162842,39.400001525878906,True,142,3
R_log,S01,29.25,0.6638966422458892,1.2999999523162842,39.400001525878906,True,136,3
R_log,S01,29.5,0.6720928970884312,1.2999999523162842,39.400001525878906,True,131,3
R_log,S01,29.75,0.6802891519309733,1.2999999523162842,39.400001525878906,True,123,3
R_log,S01,30.0,0.6884854067735149,1.2999999523162842,39.400001525878906,True,125,3
R_log,S01,30.25,0.6966816616160565,1.2999999523162842,39.400001525878906,True,106,2
R_log,S01,30.5,0.7048779164585981,1.2999999523162842,39.400001525878906,True,127,2
R_log,S01,30.75,0.7130741713011401,1.2999999523162842,39.400001525878906,True,118,2
R_log,S01,31.0,0.7212704261436818,1.2999999523162842,39.400001525878906,True,139,2
R_log,S01,31.25,0.7294666809862234,1.2999999523162842,39.400001525878906,True,112,2
R_log,S01,31.5,0.7376629358287659,1.2999999523162842,39.400001525878906,True,123,1
R_log,S01,31.75,0.745859190671307,1.2999999523162842,39.400001525878906,True,102,1
R_log,S01,32.0,0.7540554455138495,1.2999999523162842,39.400001525878906,True,105,2
R_log,S01,32.25,0.7622517003563916,1.2999999523162842,39.400001525878906,True,83,2
R_log,S01,32.5,0.7704479551989332,1.2999999523162842,39.400001525878906,True,72,2
R_log,S01,32.75,0.7786442100414748,1.2999999523162842,39.400001525878906,True,63,2
R_log,S01,33.0,0.7868404648840168,1.2999999523162842,39.400001525878906,True,56,2
R_log,S01,33.25,0.7950367197265589,1.2999999523162842,39.400001525878906,True,47,1
R_log,S01,33.5,0.8032329745691,1.2999999523162842,39.400001525878906,True,63,1
R_log,S01,33.75,0.8114292294116421,1.2999999523162842,39.400001525878906,True,56,1
R_log,S01,34.0,0.8196254842541841,1.2999999523162842,39.400001525878906,True,60,1
R_log,S01,34.25,0.8278217390967257,1.2999999523162842,39.400001525878906,True,64,1
R_log,S01,34.5,0.8360179939392682,1.2999999523162842,39.400001525878906,True,62,1
R_log,S01,34.75,0.8442142487818098,1.2999999523162842,39.400001525878906,True,44,1
R_log,S01,35.0,0.8524105036243514,1.2999999523162842,39.400001525878906,True,44,1
R_log,S01,35.25,0.8606067584668935,1.2999999523162842,39.400001525878906,True,30,1
R_log,S01,35.5,0.8688030133094351,1.2999999523162842,39.400001525878906,True,24,1
R_log,S01,35.75,0.8769992681519767,1.2999999523162842,39.400001525878906,True,17,1
R_log,S01,36.0,0.8851955229945188,1.2999999523162842,39.400001525878906,True,13,1
R_log,S01,36.25,0.8933917778370608,1.2999999523162842,39.400001525878906,True,5,1
R_log,S01,36.5,0.9015880326796029,1.2999999523162842,39.400001525878906,True,3,1
R_log,S01,36.75,0.9097842875221445,1.2999999523162842,39.400001525878906,True,4,1
R_log,S01,37.0,0.9179805423646865,1.2999999523162842,39.400001525878906,True,5,1
R_log,S01,37.25,0.9261767972072281,1.2999999523162842,39.400001525878906,True,5,1
R_log,S01,37.5,0.9343730520497702,1.2999999523162842,39.400001525878906,True,5,1
R_log,S01,37.75,0.9425693068923118,1.2999999523162842,39.400001525878906,True,2,1
R_log,S01,38.0,0.9507655617348534,1.2999999523162842,39.400001525878906,True,1,1
R_log,S01,38.25,0.9589618165773954,1.2999999523162842,39.400001525878906,True,1,1
R_log,S01,38.5,0.9671580714199375,1.2999999523162842,39.400001525878906,True,1,1
R_log,S01,38.75,0.9753543262624786,1.2999999523162842,39.400001525878906,True,1,1
R_log,S01,39.0,0.9835505811050216,1.2999999523162842,39.400001525878906,True,2,1
R_log,S01,39.25,0.9917468359475627,1.2999999523162842,39.400001525878906,True,1,1
R_log,S01,39.5,0.9999430907901048,1.2999999523162842,39.400001525878906,False,1,1
R_log,S01,39.75,1.0081393456326464,1.2999999523162842,39.400001525878906,False,1,1
R_log,S01,40.0,1.0163356004751884,1.2999999523162842,39.400001525878906,False,0,0
R_log,S02,1.0,-0.16073062040003894,1.2999999523162842,39.400001525878906,False,4,1
R_log,S02,1.25,-0.15680085707921076,1.2999999523162842,39.400001525878906,False,7,2
R_log,S02,1.5,-0.15280057320569362,1.2999999523162842,39.400001525878906,True,9,2
R_log,S02,1.75,-0.14872976877948796,1.2999999523162842,39.400001525878906,True,10,2
R_log,S02,2.0,-0.1445884438005942,1.2999999523162842,39.400001525878906,True,19,3
R_log,S02,2.25,-0.14037659826901105,1.2999999523162842,39.400001525878906,True,20,3
R_log,S02,2.5,-0.13609423218473982,1.2999999523162842,39.400001525878906,True,31,3
R_log,S02,2.75,-0.1317413455477805,1.2999999523162842,39.400001525878906,True,37,3
R_log,S02,3.0,-0.12731793835813177,1.2999999523162842,39.400001525878906,True,47,3
R_log,S02,3.25,-0.12282401061579451,1.2999999523162842,39.400001525878906,True,53,3
R_log,S02,3.5,-0.11825956232076962,1.2999999523162842,39.400001525878906,True,61,3
R_log,S02,3.75,-0.11362459347305531,1.2999999523162842,39.400001525878906,True,57,3
R_log,S02,4.0,-0.10891910407265293,1.2999999523162842,39.400001525878906,True,67,3
R_log,S02,4.25,-0.10414309411956113,1.2999999523162842,39.400001525878906,True,60,3
R_log,S02,4.5,-0.0992965636137817,1.2999999523162842,39.400001525878906,True,89,4
R_log,S02,4.75,-0.09437951255531285,1.2999999523162842,39.400001525878906,True,99,4
R_log,S02,5.0,-0.08939194094415592,1.2999999523162842,39.400001525878906,True,134,4
R_log,S02,5.25,-0.08433384878031136,1.2999999523162842,39.400001525878906,True,145,5
R_log,S02,5.5,-0.0792052360637765,1.2999999523162842,39.400001525878906,True,158,5
R_log,S02,5.75,-0.074006102794554,1.2999999523162842,39.400001525878906,True,158,5
R_log,S02,6.0,-0.06873644897264297,1.2999999523162842,39.400001525878906,True,180,5
R_log,S02,6.25,-0.06339627459804298,1.2999999523162842,39.400001525878906,True,168,5
R_log,S02,6.5,-0.05798557967075446,1.2999999523162842,39.400001525878906,True,195,5
R_log,S02,6.75,-0.05250436419077742,1.2999999523162842,39.400001525878906,True,181,5
R_log,S02,7.0,-0.0469526281581123,1.2999999523162842,39.400001525878906,True,212,5
R_log,S02,7.25,-0.04133037157275821,1.2999999523162842,39.400001525878906,True,202,5
R_log,S02,7.5,-0.03563759443471559,1.2999999523162842,39.400001525878906,True,255,5
R_log,S02,7.75,-0.029874296743984452,1.2999999523162842,39.400001525878906,True,242,5
R_log,S02,8.0,-0.024040478500564788,1.2999999523162842,39.400001525878906,True,268,5
R_log,S02,8.25,-0.018136139704456156,1.2999999523162842,39.400001525878906,True,271,5
R_log,S02,8.5,-0.012161280355659887,1.2999999523162842,39.400001525878906,True,304,5
R_log,S02,8.75,-0.006115900454174206,1.2999999523162842,39.400001525878906,True,277,5
R_log,S02,9.0,0.0,1.2999999523162842,39.400001525878906,True,301,5
R_log,S02,9.25,0.006186421006861842,1.2999999523162842,39.400001525878906,True,265,5
R_log,S02,9.5,0.012443362566413096,1.2999999523162842,39.400001525878906,True,276,5
R_log,S02,9.75,0.01877082467865332,1.2999999523162842,39.400001525878906,True,284,5
R_log,S02,10.0,0.025168807343581623,1.2999999523162842,39.400001525878906,True,326,5
R_log,S02,10.25,0.03163731056119845,1.2999999523162842,39.400001525878906,True,308,5
R_log,S02,10.5,0.0381763343315038,1.2999999523162842,39.400001525878906,True,384,5
R_log,S02,10.75,0.044785878654497235,1.2999999523162842,39.400001525878906,True,326,5
R_log,S02,11.0,0.051465943530179636,1.2999999523162842,39.400001525878906,True,353,5
R_log,S02,11.25,0.058216528958551006,1.2999999523162842,39.400001525878906,True,354,5
R_log,S02,11.5,0.0650376349396109,1.2999999523162842,39.400001525878906,True,414,5
R_log,S02,11.75,0.07192926147335843,1.2999999523162842,39.400001525878906,True,396,5
R_log,S02,12.0,0.07889140855979582,1.2999999523162842,39.400001525878906,True,450,5
R_log,S02,12.25,0.08592407619892128,1.2999999523162842,39.400001525878906,True,405,5
R_log,S02,12.5,0.09302726439073439,1.2999999523162842,39.400001525878906,True,428,5
R_log,S02,12.75,0.10020097313523735,1.2999999523162842,39.400001525878906,True,379,5
R_log,S02,13.0,0.10744520243242794,1.2999999523162842,39.400001525878906,True,440,5
R_log,S02,13.25,0.1147599522823084,1.2999999523162842,39.400001525878906,True,377,5
R_log,S02,13.5,0.12214522268487604,1.2999999523162842,39.400001525878906,True,424,5
R_log,S02,13.75,0.12960101364013266,1.2999999523162842,39.400001525878906,True,395,5
R_log,S02,14.0,0.13712732514807824,1.2999999523162842,39.400001525878906,True,433,5
R_log,S02,14.25,0.14472415720871235,1.2999999523162842,39.400001525878906,True,392,5
R_log,S02,14.5,0.15239150982203498,1.2999999523162842,39.400001525878906,True,389,5
R_log,S02,14.75,0.16012938298804613,1.2999999523162842,39.400001525878906,True,324,5
R_log,S02,15.0,0.16793777670674492,1.2999999523162842,39.400001525878906,True,349,5
R_log,S02,15.25,0.17581669097813313,1.2999999523162842,39.400001525878906,True,305,5
R_log,S02,15.5,0.18376612580220986,1.2999999523162842,39.400001525878906,True,360,5
R_log,S02,15.75,0.1917860811789751,1.2999999523162842,39.400001525878906,True,327,5
R_log,S02,16.0,0.19987655710842844,1.2999999523162842,39.400001525878906,True,361,5
R_log,S02,16.25,0.2080375535905712,1.2999999523162842,39.400001525878906,True,347,5
R_log,S02,16.5,0.21626907062540246,1.2999999523162842,39.400001525878906,True,354,5
R_log,S02,16.75,0.2245711082129218,1.2999999523162842,39.400001525878906,True,306,5
R_log,S02,17.0,0.23294366635312969,1.2999999523162842,39.400001525878906,True,334,5
R_log,S02,17.25,0.24138674504602697,1.2999999523162842,39.400001525878906,True,274,5
R_log,S02,17.5,0.2499003442916119,1.2999999523162842,39.400001525878906,True,321,5
R_log,S02,17.75,0.25848446408988535,1.2999999523162842,39.400001525878906,True,287,5
R_log,S02,18.0,0.2671391044408482,1.2999999523162842,39.400001525878906,True,309,5
R_log,S02,18.25,0.27586426534449826,1.2999999523162842,39.400001525878906,True,265,5
R_log,S02,18.5,0.2846599468008386,1.2999999523162842,39.400001525878906,True,296,5
R_log,S02,18.75,0.29352614880986616,1.2999999523162842,39.400001525878906,True,284,5
R_log,S02,19.0,0.3024628713715827,1.2999999523162842,39.400001525878906,True,300,5
R_log,S02,19.25,0.31147011448598816,1.2999999523162842,39.400001525878906,True,287,5
R_log,S02,19.5,0.32054787815308217,1.2999999523162842,39.400001525878906,True,331,5
R_log,S02,19.75,0.3296961623728647,1.2999999523162842,39.400001525878906,True,281,5
R_log,S02,20.0,0.3389149671453344,1.2999999523162842,39.400001525878906,True,328,5
R_log,S02,20.25,0.34820429247049445,1.2999999523162842,39.400001525878906,True,305,5
R_log,S02,20.5,0.35756413834834255,1.2999999523162842,39.400001525878906,True,334,5
R_log,S02,20.75,0.3669945047788792,1.2999999523162842,39.400001525878906,True,317,5
R_log,S02,21.0,0.3764953917621048,1.2999999523162842,39.400001525878906,True,328,5
R_log,S02,21.25,0.38606679929801846,1.2999999523162842,39.400001525878906,True,285,5
R_log,S02,21.5,0.3957087273866198,1.2999999523162842,39.400001525878906,True,324,5
R_log,S02,21.75,0.4054211760279114,1.2999999523162842,39.400001525878906,True,285,4
R_log,S02,22.0,0.4152041452218902,1.2999999523162842,39.400001525878906,True,332,5
R_log,S02,22.25,0.4250576349685584,1.2999999523162842,39.400001525878906,True,280,5
R_log,S02,22.5,0.43498164526791516,1.2999999523162842,39.400001525878906,True,268,5
R_log,S02,22.75,0.44497617611996,1.2999999523162842,39.400001525878906,True,209,4
R_log,S02,23.0,0.4550412275246938,1.2999999523162842,39.400001525878906,True,223,4
R_log,S02,23.25,0.46517679948211565,1.2999999523162842,39.400001525878906,True,196,4
R_log,S02,23.5,0.4753828919922265,1.2999999523162842,39.400001525878906,True,207,4
R_log,S02,23.75,0.4856595050550263,1.2999999523162842,39.400001525878906,True,191,4
R_log,S02,24.0,0.49600663867051376,1.2999999523162842,39.400001525878906,True,220,4
R_log,S02,24.25,0.5064242928386906,1.2999999523162842,39.400001525878906,True,171,4
R_log,S02,24.5,0.5169124675595556,1.2999999523162842,39.400001525878906,True,178,4
R_log,S02,24.75,0.5274711628331086,1.2999999523162842,39.400001525878906,True,160,3
R_log,S02,25.0,0.5381003786593515,1.2999999523162842,39.400001525878906,True,127,3
R_log,S02,25.25,0.5488001150382824,1.2999999523162842,39.400001525878906,True,120,3
R_log,S02,25.5,0.5595703719699019,1.2999999523162842,39.400001525878906,True,138,3
R_log,S02,25.75,0.5704111494542095,1.2999999523162842,39.400001525878906,True,134,3
R_log,S02,26.0,0.5813224474912055,1.2999999523162842,39.400001525878906,True,160,3
R_log,S02,26.25,0.592304266080891,1.2999999523162842,39.400001525878906,True,151,3
R_log,S02,26.5,0.6033566052232646,1.2999999523162842,39.400001525878906,True,151,3
R_log,S02,26.75,0.6144794649183267,1.2999999523162842,39.400001525878906,True,136,3
R_log,S02,27.0,0.6256728451660774,1.2999999523162842,39.400001525878906,True,135,3
R_log,S02,27.25,0.6369367459665161,1.2999999523162842,39.400001525878906,True,119,3
R_log,S02,27.5,0.6482711673196446,1.2999999523162842,39.400001525878906,True,135,3
R_log,S02,27.75,0.6596761092254608,1.2999999523162842,39.400001525878906,True,104,3
R_log,S02,28.0,0.6711515716839656,1.2999999523162842,39.400001525878906,True,126,3
R_log,S02,28.25,0.6826975546951592,1.2999999523162842,39.400001525878906,True,114,3
R_log,S02,28.5,0.6943140582590415,1.2999999523162842,39.400001525878906,True,125,3
R_log,S02,28.75,0.7060010823756127,1.2999999523162842,39.400001525878906,True,118,3
R_log,S02,29.0,0.7177586270448715,1.2999999523162842,39.400001525878906,True,142,3
R_log,S02,29.25,0.7295866922668197,1.2999999523162842,39.400001525878906,True,136,3
R_log,S02,29.5,0.7414852780414556,1.2999999523162842,39.400001525878906,True,131,3
R_log,S02,29.75,0.7534543843687804,1.2999999523162842,39.400001525878906,True,123,3
R_log,S02,30.0,0.7654940112487947,1.2999999523162842,39.400001525878906,True,125,3
R_log,S02,30.25,0.7776041586814961,1.2999999523162842,39.400001525878906,True,106,2
R_log,S02,30.5,0.789784826666887,1.2999999523162842,39.400001525878906,True,127,2
R_log,S02,30.75,0.8020360152049659,1.2999999523162842,39.400001525878906,True,118,2
R_log,S02,31.0,0.8143577242957338,1.2999999523162842,39.400001525878906,True,139,2
R_log,S02,31.25,0.8267499539391903,1.2999999523162842,39.400001525878906,True,112,2
R_log,S02,31.5,0.8392127041353352,1.2999999523162842,39.400001525878906,True,123,1
R_log,S02,31.75,0.8517459748841683,1.2999999523162842,39.400001525878906,True,102,1
R_log,S02,32.0,0.8643497661856907,1.2999999523162842,39.400001525878906,True,105,2
R_log,S02,32.25,0.8770240780399012,1.2999999523162842,39.400001525878906,True,83,2
R_log,S02,32.5,0.8897689104468003,1.2999999523162842,39.400001525878906,True,72,2
R_log,S02,32.75,0.9025842634063883,1.2999999523162842,39.400001525878906,True,63,2
R_log,S02,33.0,0.915470136918664,1.2999999523162842,39.400001525878906,True,56,2
R_log,S02,33.25,0.928426530983629,1.2999999523162842,39.400001525878906,True,47,1
R_log,S02,33.5,0.9414534456012831,1.2999999523162842,39.400001525878906,True,63,1
R_log,S02,33.75,0.9545508807716248,1.2999999523162842,39.400001525878906,True,56,1
R_log,S02,34.0,0.967718836494655,1.2999999523162842,39.400001525878906,True,60,1
R_log,S02,34.25,0.9809573127703741,1.2999999523162842,39.400001525878906,True,64,1
R_log,S02,34.5,0.9942663095987818,1.2999999523162842,39.400001525878906,True,62,1
R_log,S02,34.75,1.007645826979878,1.2999999523162842,39.400001525878906,True,44,1
R_log,S02,35.0,1.0210958649136637,1.2999999523162842,39.400001525878906,True,44,1
R_log,S02,35.25,1.034616423400137,1.2999999523162842,39.400001525878906,True,30,1
R_log,S02,35.5,1.0482075024392978,1.2999999523162842,39.400001525878906,True,24,1
R_log,S02,35.75,1.061869102031149,1.2999999523162842,39.400001525878906,True,17,1
R_log,S02,36.0,1.0756012221756883,1.2999999523162842,39.400001525878906,True,13,1
R_log,S02,36.25,1.0894038628729152,1.2999999523162842,39.400001525878906,True,5,1
R_log,S02,36.5,1.1032770241228316,1.2999999523162842,39.400001525878906,True,3,1
R_log,S02,36.75,1.1172207059254369,1.2999999523162842,39.400001525878906,True,4,1
R_log,S02,37.0,1.1312349082807298,1.2999999523162842,39.400001525878906,True,5,1
R_log,S02,37.25,1.1453196311887122,1.2999999523162842,39.400001525878906,True,5,1
R_log,S02,37.5,1.1594748746493821,1.2999999523162842,39.400001525878906,True,5,1
R_log,S02,37.75,1.1737006386627415,1.2999999523162842,39.400001525878906,True,2,1
R_log,S02,38.0,1.1879969232287886,1.2999999523162842,39.400001525878906,True,1,1
R_log,S02,38.25,1.2023637283475255,1.2999999523162842,39.400001525878906,True,1,1
R_log,S02,38.5,1.21680105401895,1.2999999523162842,39.400001525878906,True,1,1
R_log,S02,38.75,1.2313089002430635,1.2999999523162842,39.400001525878906,True,1,1
R_log,S02,39.0,1.245887267019865,1.2999999523162842,39.400001525878906,True,2,1
R_log,S02,39.25,1.2605361543493556,1.2999999523162842,39.400001525878906,True,1,1
R_log,S02,39.5,1.2752555622315347,1.2999999523162842,39.400001525878906,False,1,1
R_log,S02,39.75,1.2900454906664023,1.2999999523162842,39.400001525878906,False,1,1
R_log,S02,40.0,1.3049059396539584,1.2999999523162842,39.400001525878906,False,0,0
R_log,S03,1.0,0.976222801058483,1.2999999523162842,39.400001525878906,False,4,1
R_log,S03,1.25,0.9090716662844724,1.2999999523162842,39.400001525878906,False,7,2
R_log,S03,1.5,0.8429029420781493,1.2999999523162842,39.400001525878906,True,9,2
R_log,S03,1.75,0.7797105659604493,1.2999999523162842,39.400001525878906,True,10,2
R_log,S03,2.0,0.719496553757871,1.2999999523162842,39.400001525878906,True,19,3
R_log,S03,2.25,0.6622011222286308,1.2999999523162842,39.400001525878906,True,20,3
R_log,S03,2.5,0.6077644881309534,1.2999999523162842,39.400001525878906,True,31,3
R_log,S03,2.75,0.556126868223056,1.2999999523162842,39.400001525878906,True,37,3
R_log,S03,3.0,0.5072284792631621,1.2999999523162842,39.400001525878906,True,47,3
R_log,S03,3.25,0.46100953800949096,1.2999999523162842,39.400001525878906,True,53,3
R_log,S03,3.5,0.41741026122026215,1.2999999523162842,39.400001525878906,True,61,3
R_log,S03,3.75,0.37637086565369904,1.2999999523162842,39.400001525878906,True,57,3
R_log,S03,4.0,0.3378315680680197,1.2999999523162842,39.400001525878906,True,67,3
R_log,S03,4.25,0.3017325852214463,1.2999999523162842,39.400001525878906,True,60,3
R_log,S03,4.5,0.26801413387219775,1.2999999523162842,39.400001525878906,True,89,4
R_log,S03,4.75,0.23661643077849748,1.2999999523162842,39.400001525878906,True,99,4
R_log,S03,5.0,0.2074796926985627,1.2999999523162842,39.400001525878906,True,134,4
R_log,S03,5.25,0.18054413639061773,1.2999999523162842,39.400001525878906,True,145,5
R_log,S03,5.5,0.15574997861287931,1.2999999523162842,39.400001525878906,True,158,5
R_log,S03,5.75,0.13303743612357133,1.2999999523162842,39.400001525878906,True,158,5
R_log,S03,6.0,0.11234672568091275,1.2999999523162842,39.400001525878906,True,180,5
R_log,S03,6.25,0.09361806404312434,1.2999999523162842,39.400001525878906,True,168,5
R_log,S03,6.5,0.07679166796842729,1.2999999523162842,39.400001525878906,True,195,5
R_log,S03,6.75,0.06180775421504192,1.2999999523162842,39.400001525878906,True,181,5
R_log,S03,7.0,0.04860653954118899,1.2999999523162842,39.400001525878906,True,212,5
R_log,S03,7.25,0.037128240705088356,1.2999999523162842,39.400001525878906,True,202,5
R_log,S03,7.5,0.027313074464961673,1.2999999523162842,39.400001525878906,True,255,5
R_log,S03,7.75,0.01910125757902925,1.2999999523162842,39.400001525878906,True,242,5
R_log,S03,8.0,0.01243300680551096,1.2999999523162842,39.400001525878906,True,268,5
R_log,S03,8.25,0.007248538902628887,1.2999999523162842,39.400001525878906,True,271,5
R_log,S03,8.5,0.0034880706286024576,1.2999999523162842,39.400001525878906,True,304,5
R_log,S03,8.75,0.0010918187416528724,1.2999999523162842,39.400001525878906,True,277,5
R_log,S03,9.0,0.0,1.2999999523162842,39.400001525878906,True,301,5
R_log,S03,9.25,0.0001528311618659295,1.2999999523162842,39.400001525878906,True,265,5
R_log,S03,9.5,0.0014905289854700854,1.2999999523162842,39.400001525878906,True,276,5
R_log,S03,9.75,0.0039533102290332245,1.2999999523162842,39.400001525878906,True,284,5
R_log,S03,10.0,0.007481391650776104,1.2999999523162842,39.400001525878906,True,326,5
R_log,S03,10.25,0.012014990008919924,1.2999999523162842,39.400001525878906,True,308,5
R_log,S03,10.5,0.01749432206168411,1.2999999523162842,39.400001525878906,True,384,5
R_log,S03,10.75,0.023859604567290305,1.2999999523162842,39.400001525878906,True,326,5
R_log,S03,11.0,0.031051054283959267,1.2999999523162842,39.400001525878906,True,353,5
R_log,S03,11.25,0.039008887969910866,1.2999999523162842,39.400001525878906,True,354,5
R_log,S03,11.5,0.0476733223833663,1.2999999523162842,39.400001525878906,True,414,5
R_log,S03,11.75,0.05698457428254544,1.2999999523162842,39.400001525878906,True,396,5
R_log,S03,12.0,0.06688286042566949,1.2999999523162842,39.400001525878906,True,450,5
R_log,S03,12.25,0.07730839757095875,1.2999999523162842,39.400001525878906,True,405,5
R_log,S03,12.5,0.08820140247663488,1.2999999523162842,39.400001525878906,True,428,5
R_log,S03,12.75,0.09950209190091774,1.2999999523162842,39.400001525878906,True,379,5
R_log,S03,13.0,0.11115283903629836,1.2999999523162842,39.400001525878906,True,440,5
R_log,S03,13.25,0.12311195451135237,1.2999999523162842,39.400001525878906,True,377,5
R_log,S03,13.5,0.1353448921759548,1.2999999523162842,39.400001525878906,True,424,5
R_log,S03,13.75,0.1478171395747463,1.2999999523162842,39.400001525878906,True,395,5
R_log,S03,14.0,0.16049418425236928,1.2999999523162842,39.400001525878906,True,433,5
R_log,S03,14.25,0.1733415137534684,1.2999999523162842,39.400001525878906,True,392,5
R_log,S03,14.5,0.186324615622683,1.2999999523162842,39.400001525878906,True,389,5
R_log,S03,14.75,0.19940897740465724,1.2999999523162842,39.400001525878906,True,324,5
R_log,S03,15.0,0.2125600866440327,1.2999999523162842,39.400001525878906,True,349,5
R_log,S03,15.25,0.2257434308854518,1.2999999523162842,39.400001525878906,True,305,5
R_log,S03,15.5,0.2389244976735565,1.2999999523162842,39.400001525878906,True,360,5
R_log,S03,15.75,0.2520687745529906,1.2999999523162842,39.400001525878906,True,327,5
R_log,S03,16.0,0.2651417490683943,1.2999999523162842,39.400001525878906,True,361,5
R_log,S03,16.25,0.2781089087644122,1.2999999523162842,39.400001525878906,True,347,5
R_log,S03,16.5,0.29093574118568455,1.2999999523162842,39.400001525878906,True,354,5
R_log,S03,16.75,0.30358773387685467,1.2999999523162842,39.400001525878906,True,306,5
R_log,S03,17.0,0.316030374382565,1.2999999523162842,39.400001525878906,True,334,5
R_log,S03,17.25,0.328229150247457,1.2999999523162842,39.400001525878906,True,274,5
R_log,S03,17.5,0.3401495490161732,1.2999999523162842,39.400001525878906,True,321,5
R_log,S03,17.75,0.35175705823335734,1.2999999523162842,39.400001525878906,True,287,5
R_log,S03,18.0,0.36301716544364915,1.2999999523162842,39.400001525878906,True,309,5
R_log,S03,18.25,0.37389535819169417,1.2999999523162842,39.400001525878906,True,265,5
R_log,S03,18.5,0.3843571240221313,1.2999999523162842,39.400001525878906,True,296,5
R_log,S03,18.75,0.39438128394286487,1.2999999523162842,39.400001525878906,True,284,5
R_log,S03,19.0,0.4039999928148297,1.2999999523162842,39.400001525878906,True,300,5
R_log,S03,19.25,0.41325873896222287,1.2999999523162842,39.400001525878906,True,287,5
R_log,S03,19.5,0.4222030107092398,1.2999999523162842,39.400001525878906,True,331,5
R_log,S03,19.75,0.4308782963800777,1.2999999523162842,39.400001525878906,True,281,5
R_log,S03,20.0,0.4393300842989305,1.2999999523162842,39.400001525878906,True,328,5
R_log,S03,20.25,0.4476038627899963,1.2999999523162842,39.400001525878906,True,305,5
R_log,S03,20.5,0.4557451201774696,1.2999999523162842,39.400001525878906,True,334,5
R_log,S03,20.75,0.46379934478554796,1.2999999523162842,39.400001525878906,True,317,5
R_log,S03,21.0,0.47181202493842544,1.2999999523162842,39.400001525878906,True,328,5
R_log,S03,21.25,0.4798286489603001,1.2999999523162842,39.400001525878906,True,285,5
R_log,S03,21.5,0.48789470517536726,1.2999999523162842,39.400001525878906,True,324,5
R_log,S03,21.75,0.4960556819078219,1.2999999523162842,39.400001525878906,True,285,4
R_log,S03,22.0,0.5043570674818612,1.2999999523162842,39.400001525878906,True,332,5
R_log,S03,22.25,0.51284435022168,1.2999999523162842,39.400001525878906,True,280,5
R_log,S03,22.5,0.5215630184514759,1.2999999523162842,39.400001525878906,True,268,5
R_log,S03,22.75,0.5305585604954439,1.2999999523162842,39.400001525878906,True,209,4
R_log,S03,23.0,0.5398764646777798,1.2999999523162842,39.400001525878906,True,223,4
R_log,S03,23.25,0.5495622193226803,1.2999999523162842,39.400001525878906,True,196,4
R_log,S03,23.5,0.5596613127543413,1.2999999523162842,39.400001525878906,True,207,4
R_log,S03,23.75,0.5702192332969584,1.2999999523162842,39.400001525878906,True,191,4
R_log,S03,24.0,0.5812752938887509,1.2999999523162842,39.400001525878906,True,220,4
R_log,S03,24.25,0.5928231679531595,1.2999999523162842,39.400001525878906,True,171,4
R_log,S03,24.5,0.6048360733230171,1.2999999523162842,39.400001525878906,True,178,4
R_log,S03,24.75,0.6172871313462682,1.2999999523162842,39.400001525878906,True,160,3
R_log,S03,25.0,0.6301494633708606,1.2999999523162842,39.400001525878906,True,127,3
R_log,S03,25.25,0.6433961907447392,1.2999999523162842,39.400001525878906,True,120,3
R_log,S03,25.5,0.6570004348158518,1.2999999523162842,39.400001525878906,True,138,3
R_log,S03,25.75,0.6709353169321433,1.2999999523162842,39.400001525878906,True,134,3
R_log,S03,26.0,0.6851739584415593,1.2999999523162842,39.400001525878906,True,160,3
R_log,S03,26.25,0.6996894806920468,1.2999999523162842,39.400001525878906,True,151,3
R_log,S03,26.5,0.7144550050315521,1.2999999523162842,39.400001525878906,True,151,3
R_log,S03,26.75,0.7294436528080213,1.2999999523162842,39.400001525878906,True,136,3
R_log,S03,27.0,0.7446285453694008,1.2999999523162842,39.400001525878906,True,135,3
R_log,S03,27.25,0.7599828040636365,1.2999999523162842,39.400001525878906,True,119,3
R_log,S03,27.5,0.7754795502386753,1.2999999523162842,39.400001525878906,True,135,3
R_log,S03,27.75,0.7910919052424616,1.2999999523162842,39.400001525878906,True,104,3
R_log,S03,28.0,0.8067929904229421,1.2999999523162842,39.400001525878906,True,126,3
R_log,S03,28.25,0.8225559271280645,1.2999999523162842,39.400001525878906,True,114,3
R_log,S03,28.5,0.8383538367057741,1.2999999523162842,39.400001525878906,True,125,3
R_log,S03,28.75,0.8541598405040167,1.2999999523162842,39.400001525878906,True,118,3
R_log,S03,29.0,0.8699470598707393,1.2999999523162842,39.400001525878906,True,142,3
R_log,S03,29.25,0.8856886161538875,1.2999999523162842,39.400001525878906,True,136,3
R_log,S03,29.5,0.9013576307014071,1.2999999523162842,39.400001525878906,True,131,3
R_log,S03,29.75,0.916927224861245,1.2999999523162842,39.400001525878906,True,123,3
R_log,S03,30.0,0.9323705199813466,1.2999999523162842,39.400001525878906,True,125,3
R_log,S03,30.25,0.9476606374096592,1.2999999523162842,39.400001525878906,True,106,2
R_log,S03,30.5,0.9627706984941282,1.2999999523162842,39.400001525878906,True,127,2
R_log,S03,30.75,0.9776738245827001,1.2999999523162842,39.400001525878906,True,118,2
R_log,S03,31.0,0.9923431370233207,1.2999999523162842,39.400001525878906,True,139,2
R_log,S03,31.25,1.0067517571639368,1.2999999523162842,39.400001525878906,True,112,2
R_log,S03,31.5,1.0208728063524943,1.2999999523162842,39.400001525878906,True,123,1
R_log,S03,31.75,1.0346794059369384,1.2999999523162842,39.400001525878906,True,102,1
R_log,S03,32.0,1.048144677265217,1.2999999523162842,39.400001525878906,True,105,2
R_log,S03,32.25,1.0612417416852749,1.2999999523162842,39.400001525878906,True,83,2
R_log,S03,32.5,1.0739437205450595,1.2999999523162842,39.400001525878906,True,72,2
R_log,S03,32.75,1.0862237351925161,1.2999999523162842,39.400001525878906,True,63,2
R_log,S03,33.0,1.098054906975591,1.2999999523162842,39.400001525878906,True,56,2
R_log,S03,33.25,1.1094103572422305,1.2999999523162842,39.400001525878906,True,47,1
R_log,S03,33.5,1.1202632073403809,1.2999999523162842,39.400001525878906,True,63,1
R_log,S03,33.75,1.1305865786179874,1.2999999523162842,39.400001525878906,True,56,1
R_log,S03,34.0,1.1403535924229984,1.2999999523162842,39.400001525878906,True,60,1
R_log,S03,34.25,1.1495373701033587,1.2999999523162842,39.400001525878906,True,64,1
R_log,S03,34.5,1.1581110330070135,1.2999999523162842,39.400001525878906,True,62,1
R_log,S03,34.75,1.1660477024819103,1.2999999523162842,39.400001525878906,True,44,1
R_log,S03,35.0,1.1733204998759947,1.2999999523162842,39.400001525878906,True,44,1
R_log,S03,35.25,1.1799025465372144,1.2999999523162842,39.400001525878906,True,30,1
R_log,S03,35.5,1.185766963813513,1.2999999523162842,39.400001525878906,True,24,1
R_log,S03,35.75,1.1908868730528384,1.2999999523162842,39.400001525878906,True,17,1
R_log,S03,36.0,1.1952353956031367,1.2999999523162842,39.400001525878906,True,13,1
R_log,S03,36.25,1.198785652812353,1.2999999523162842,39.400001525878906,True,5,1
R_log,S03,36.5,1.2015107660284348,1.2999999523162842,39.400001525878906,True,3,1
R_log,S03,36.75,1.203383856599328,1.2999999523162842,39.400001525878906,True,4,1
R_log,S03,37.0,1.2043780458729785,1.2999999523162842,39.400001525878906,True,5,1
R_log,S03,37.25,1.2044664551973323,1.2999999523162842,39.400001525878906,True,5,1
R_log,S03,37.5,1.2036222059203356,1.2999999523162842,39.400001525878906,True,5,1
R_log,S03,37.75,1.201818419389935,1.2999999523162842,39.400001525878906,True,2,1
R_log,S03,38.0,1.1990282169540762,1.2999999523162842,39.400001525878906,True,1,1
R_log,S03,38.25,1.1952247199607053,1.2999999523162842,39.400001525878906,True,1,1
R_log,S03,38.5,1.1903810497577698,1.2999999523162842,39.400001525878906,True,1,1
R_log,S03,38.75,1.184470327693215,1.2999999523162842,39.400001525878906,True,1,1
R_log,S03,39.0,1.177465675114986,1.2999999523162842,39.400001525878906,True,2,1
R_log,S03,39.25,1.1693402133710302,1.2999999523162842,39.400001525878906,True,1,1
R_log,S03,39.5,1.1601604528743135,1.2999999523162842,39.400001525878906,False,1,1
R_log,S03,39.75,1.1507721690454074,1.2999999523162842,39.400001525878906,False,1,1
R_log,S03,40.0,1.1413838852165017,1.2999999523162842,39.400001525878906,False,0,0
R_log,S04,1.0,0.0,1.2999999523162842,39.400001525878906,False,4,1
R_log,S04,1.25,0.0,1.2999999523162842,39.400001525878906,False,7,2
R_log,S04,1.5,0.0,1.2999999523162842,39.400001525878906,True,9,2
R_log,S04,1.75,0.0,1.2999999523162842,39.400001525878906,True,10,2
R_log,S04,2.0,0.0,1.2999999523162842,39.400001525878906,True,19,3
R_log,S04,2.25,0.0,1.2999999523162842,39.400001525878906,True,20,3
R_log,S04,2.5,0.0,1.2999999523162842,39.400001525878906,True,31,3
R_log,S04,2.75,0.0,1.2999999523162842,39.400001525878906,True,37,3
R_log,S04,3.0,0.0,1.2999999523162842,39.400001525878906,True,47,3
R_log,S04,3.25,0.0,1.2999999523162842,39.400001525878906,True,53,3
R_log,S04,3.5,0.0,1.2999999523162842,39.400001525878906,True,61,3
R_log,S04,3.75,0.0,1.2999999523162842,39.400001525878906,True,57,3
R_log,S04,4.0,0.0,1.2999999523162842,39.400001525878906,True,67,3
R_log,S04,4.25,0.0,1.2999999523162842,39.400001525878906,True,60,3
R_log,S04,4.5,0.0,1.2999999523162842,39.400001525878906,True,89,4
R_log,S04,4.75,0.0,1.2999999523162842,39.400001525878906,True,99,4
R_log,S04,5.0,0.0,1.2999999523162842,39.400001525878906,True,134,4
R_log,S04,5.25,0.0,1.2999999523162842,39.400001525878906,True,145,5
R_log,S04,5.5,0.0,1.2999999523162842,39.400001525878906,True,158,5
R_log,S04,5.75,0.0,1.2999999523162842,39.400001525878906,True,158,5
R_log,S04,6.0,0.0,1.2999999523162842,39.400001525878906,True,180,5
R_log,S04,6.25,0.0,1.2999999523162842,39.400001525878906,True,168,5
R_log,S04,6.5,0.0,1.2999999523162842,39.400001525878906,True,195,5
R_log,S04,6.75,0.0,1.2999999523162842,39.400001525878906,True,181,5
R_log,S04,7.0,0.0,1.2999999523162842,39.400001525878906,True,212,5
R_log,S04,7.25,0.0,1.2999999523162842,39.400001525878906,True,202,5
R_log,S04,7.5,0.0,1.2999999523162842,39.400001525878906,True,255,5
R_log,S04,7.75,0.0,1.2999999523162842,39.400001525878906,True,242,5
R_log,S04,8.0,0.0,1.2999999523162842,39.400001525878906,True,268,5
R_log,S04,8.25,0.0,1.2999999523162842,39.400001525878906,True,271,5
R_log,S04,8.5,0.0,1.2999999523162842,39.400001525878906,True,304,5
R_log,S04,8.75,0.0,1.2999999523162842,39.400001525878906,True,277,5
R_log,S04,9.0,0.0,1.2999999523162842,39.400001525878906,True,301,5
R_log,S04,9.25,0.0,1.2999999523162842,39.400001525878906,True,265,5
R_log,S04,9.5,0.0,1.2999999523162842,39.400001525878906,True,276,5
R_log,S04,9.75,0.0,1.2999999523162842,39.400001525878906,True,284,5
R_log,S04,10.0,0.0,1.2999999523162842,39.400001525878906,True,326,5
R_log,S04,10.25,0.0,1.2999999523162842,39.400001525878906,True,308,5
R_log,S04,10.5,0.0,1.2999999523162842,39.400001525878906,True,384,5
R_log,S04,10.75,0.0,1.2999999523162842,39.400001525878906,True,326,5
R_log,S04,11.0,0.0,1.2999999523162842,39.400001525878906,True,353,5
R_log,S04,11.25,0.0,1.2999999523162842,39.400001525878906,True,354,5
R_log,S04,11.5,2.220446049250313e-15,1.2999999523162842,39.400001525878906,True,414,5
R_log,S04,11.75,3.659295089164516e-13,1.2999999523162842,39.400001525878906,True,396,5
R_log,S04,12.0,5.438138828139927e-11,1.2999999523162842,39.400001525878906,True,450,5
R_log,S04,12.25,8.070977219887254e-09,1.2999999523162842,39.400001525878906,True,405,5
R_log,S04,12.5,1.1975528604324381e-06,1.2999999523162842,39.400001525878906,True,428,5
R_log,S04,12.75,0.0001717088693702351,1.2999999523162842,39.400001525878906,True,379,5
R_log,S04,13.0,0.006097475206563896,1.2999999523162842,39.400001525878906,True,440,5
R_log,S04,13.25,0.01830980432409346,1.2999999523162842,39.400001525878906,True,377,5
R_log,S04,13.5,0.03074300487475501,1.2999999523162842,39.400001525878906,True,424,5
R_log,S04,13.75,0.04317776320815003,1.2999999523162842,39.400001525878906,True,395,5
R_log,S04,14.0,0.05561253204115735,1.2999999523162842,39.400001525878906,True,433,5
R_log,S04,14.25,0.06804730094491163,1.2999999523162842,39.400001525878906,True,392,5
R_log,S04,14.5,0.08048206984914108,1.2999999523162842,39.400001525878906,True,389,5
R_log,S04,14.75,0.09291683875337453,1.2999999523162842,39.400001525878906,True,324,5
R_log,S04,15.0,0.10535160765760843,1.2999999523162842,39.400001525878906,True,349,5
R_log,S04,15.25,0.11778637656184188,1.2999999523162842,39.400001525878906,True,305,5
R_log,S04,15.5,0.13022114546607533,1.2999999523162842,39.400001525878906,True,360,5
R_log,S04,15.75,0.14265591437030878,1.2999999523162842,39.400001525878906,True,327,5
R_log,S04,16.0,0.15509068327454223,1.2999999523162842,39.400001525878906,True,361,5
R_log,S04,16.25,0.16752545217877568,1.2999999523162842,39.400001525878906,True,347,5
R_log,S04,16.5,0.1799602210830087,1.2999999523162842,39.400001525878906,True,354,5
R_log,S04,16.75,0.19239498998724214,1.2999999523162842,39.400001525878906,True,306,5
R_log,S04,17.0,0.2048297588914756,1.2999999523162842,39.400001525878906,True,334,5
R_log,S04,17.25,0.21726452779570904,1.2999999523162842,39.400001525878906,True,274,5
R_log,S04,17.5,0.22969929669994293,1.2999999523162842,39.400001525878906,True,321,5
R_log,S04,17.75,0.24213406560417594,1.2999999523162842,39.400001525878906,True,287,5
R_log,S04,18.0,0.25456883450840984,1.2999999523162842,39.400001525878906,True,309,5
R_log,S04,18.25,0.2670036034126433,1.2999999523162842,39.400001525878906,True,265,5
R_log,S04,18.5,0.2794383723168763,1.2999999523162842,39.400001525878906,True,296,5
R_log,S04,18.75,0.2918731412211102,1.2999999523162842,39.400001525878906,True,284,5
R_log,S04,19.0,0.3043079101253432,1.2999999523162842,39.400001525878906,True,300,5
R_log,S04,19.25,0.31674267902957665,1.2999999523162842,39.400001525878906,True,287,5
R_log,S04,19.5,0.3291774479338101,1.2999999523162842,39.400001525878906,True,331,5
R_log,S04,19.75,0.34161221683804355,1.2999999523162842,39.400001525878906,True,281,5
R_log,S04,20.0,0.354046985742277,1.2999999523162842,39.400001525878906,True,328,5
R_log,S04,20.25,0.3664817546465109,1.2999999523162842,39.400001525878906,True,305,5
R_log,S04,20.5,0.37891652355074434,1.2999999523162842,39.400001525878906,True,334,5
R_log,S04,20.75,0.3913512924549778,1.2999999523162842,39.400001525878906,True,317,5
R_log,S04,21.0,0.40378606135921125,1.2999999523162842,39.400001525878906,True,328,5
R_log,S04,21.25,0.41622083026344425,1.2999999523162842,39.400001525878906,True,285,5
R_log,S04,21.5,0.4286555991676777,1.2999999523162842,39.400001525878906,True,324,5
R_log,S04,21.75,0.44109036807191115,1.2999999523162842,39.400001525878906,True,285,4
R_log,S04,22.0,0.45352513697614505,1.2999999523162842,39.400001525878906,True,332,5
R_log,S04,22.25,0.46595990588037806,1.2999999523162842,39.400001525878906,True,280,5
R_log,S04,22.5,0.4783946747846115,1.2999999523162842,39.400001525878906,True,268,5
R_log,S04,22.75,0.4908294436888454,1.2999999523162842,39.400001525878906,True,209,4
R_log,S04,23.0,0.5032642125930789,1.2999999523162842,39.400001525878906,True,223,4
R_log,S04,23.25,0.5156989814973123,1.2999999523162842,39.400001525878906,True,196,4
R_log,S04,23.5,0.5281337504015453,1.2999999523162842,39.400001525878906,True,207,4
R_log,S04,23.75,0.5405685193057792,1.2999999523162842,39.400001525878906,True,191,4
R_log,S04,24.0,0.5530032882100122,1.2999999523162842,39.400001525878906,True,220,4
R_log,S04,24.25,0.5654380571142461,1.2999999523162842,39.400001525878906,True,171,4
R_log,S04,24.5,0.5778728260184791,1.2999999523162842,39.400001525878906,True,178,4
R_log,S04,24.75,0.590307594922713,1.2999999523162842,39.400001525878906,True,160,3
R_log,S04,25.0,0.6027423638269465,1.2999999523162842,39.400001525878906,True,127,3
R_log,S04,25.25,0.6151771327311795,1.2999999523162842,39.400001525878906,True,120,3
R_log,S04,25.5,0.6276119016354134,1.2999999523162842,39.400001525878906,True,138,3
R_log,S04,25.75,0.6400466705396464,1.2999999523162842,39.400001525878906,True,134,3
R_log,S04,26.0,0.6524814394438803,1.2999999523162842,39.400001525878906,True,160,3
R_log,S04,26.25,0.6649162083481137,1.2999999523162842,39.400001525878906,True,151,3
R_log,S04,26.5,0.6773509772523476,1.2999999523162842,39.400001525878906,True,151,3
R_log,S04,26.75,0.6897857461565811,1.2999999523162842,39.400001525878906,True,136,3
R_log,S04,27.0,0.7022205150608141,1.2999999523162842,39.400001525878906,True,135,3
R_log,S04,27.25,0.7146552839650475,1.2999999523162842,39.400001525878906,True,119,3
R_log,S04,27.5,0.727090052869281,1.2999999523162842,39.400001525878906,True,135,3
R_log,S04,27.75,0.7395248217735144,1.2999999523162842,39.400001525878906,True,104,3
R_log,S04,28.0,0.7519595906777474,1.2999999523162842,39.400001525878906,True,126,3
R_log,S04,28.25,0.7643943595819809,1.2999999523162842,39.400001525878906,True,114,3
R_log,S04,28.5,0.7768291284862148,1.2999999523162842,39.400001525878906,True,125,3
R_log,S04,28.75,0.7892638973904482,1.2999999523162842,39.400001525878906,True,118,3
R_log,S04,29.0,0.8016986662946821,1.2999999523162842,39.400001525878906,True,142,3
R_log,S04,29.25,0.8141334351989151,1.2999999523162842,39.400001525878906,True,136,3
R_log,S04,29.5,0.8265682041031486,1.2999999523162842,39.400001525878906,True,131,3
R_log,S04,29.75,0.839002973007382,1.2999999523162842,39.400001525878906,True,123,3
R_log,S04,30.0,0.8514377419116155,1.2999999523162842,39.400001525878906,True,125,3
R_log,S04,30.25,0.8638725108158485,1.2999999523162842,39.400001525878906,True,106,2
R_log,S04,30.5,0.8763072797200819,1.2999999523162842,39.400001525878906,True,127,2
R_log,S04,30.75,0.8887420486243154,1.2999999523162842,39.400001525878906,True,118,2
R_log,S04,31.0,0.9011768175285493,1.2999999523162842,39.400001525878906,True,139,2
R_log,S04,31.25,0.9136115864327827,1.2999999523162842,39.400001525878906,True,112,2
R_log,S04,31.5,0.9260463553370157,1.2999999523162842,39.400001525878906,True,123,1
R_log,S04,31.75,0.9384811242412496,1.2999999523162842,39.400001525878906,True,102,1
R_log,S04,32.0,0.9509158931454831,1.2999999523162842,39.400001525878906,True,105,2
R_log,S04,32.25,0.9633506620497165,1.2999999523162842,39.400001525878906,True,83,2
R_log,S04,32.5,0.9757854309539495,1.2999999523162842,39.400001525878906,True,72,2
R_log,S04,32.75,0.988220199858183,1.2999999523162842,39.400001525878906,True,63,2
R_log,S04,33.0,1.0006549687624169,1.2999999523162842,39.400001525878906,True,56,2
R_log,S04,33.25,1.01308973766665,1.2999999523162842,39.400001525878906,True,47,1
R_log,S04,33.5,1.0255245065708842,1.2999999523162842,39.400001525878906,True,63,1
R_log,S04,33.75,1.0379592754751168,1.2999999523162842,39.400001525878906,True,56,1
R_log,S04,34.0,1.0503940443793507,1.2999999523162842,39.400001525878906,True,60,1
R_log,S04,34.25,1.0628288132835841,1.2999999523162842,39.400001525878906,True,64,1
R_log,S04,34.5,1.0752635821878176,1.2999999523162842,39.400001525878906,True,62,1
R_log,S04,34.75,1.087698351092051,1.2999999523162842,39.400001525878906,True,44,1
R_log,S04,35.0,1.100133119996284,1.2999999523162842,39.400001525878906,True,44,1
R_log,S04,35.25,1.1125678889005175,1.2999999523162842,39.400001525878906,True,30,1
R_log,S04,35.5,1.1250026578047514,1.2999999523162842,39.400001525878906,True,24,1
R_log,S04,35.75,1.1374374267089853,1.2999999523162842,39.400001525878906,True,17,1
R_log,S04,36.0,1.1498721956132183,1.2999999523162842,39.400001525878906,True,13,1
R_log,S04,36.25,1.1623069645174517,1.2999999523162842,39.400001525878906,True,5,1
R_log,S04,36.5,1.1747417334216852,1.2999999523162842,39.400001525878906,True,3,1
R_log,S04,36.75,1.1871765023259186,1.2999999523162842,39.400001525878906,True,4,1
R_log,S04,37.0,1.199611271230152,1.2999999523162842,39.400001525878906,True,5,1
R_log,S04,37.25,1.212046040134385,1.2999999523162842,39.400001525878906,True,5,1
R_log,S04,37.5,1.2244808090386186,1.2999999523162842,39.400001525878906,True,5,1
R_log,S04,37.75,1.2369155779428525,1.2999999523162842,39.400001525878906,True,2,1
R_log,S04,38.0,1.249350346847086,1.2999999523162842,39.400001525878906,True,1,1
R_log,S04,38.25,1.2617851157513194,1.2999999523162842,39.400001525878906,True,1,1
R_log,S04,38.5,1.2742198846555528,1.2999999523162842,39.400001525878906,True,1,1
R_log,S04,38.75,1.2866546535597863,1.2999999523162842,39.400001525878906,True,1,1
R_log,S04,39.0,1.2990894224640197,1.2999999523162842,39.400001525878906,True,2,1
R_log,S04,39.25,1.3115241913682532,1.2999999523162842,39.400001525878906,True,1,1
R_log,S04,39.5,1.3239589602724862,1.2999999523162842,39.400001525878906,False,1,1
R_log,S04,39.75,1.33639372917672,1.2999999523162842,39.400001525878906,False,1,1
R_log,S04,40.0,1.348828498080954,1.2999999523162842,39.400001525878906,False,0,0
R_log,G05,1.0,0.09043531307780261,0.5,39.400001525878906,True,4,1
R_log,G05,1.25,0.09043531307780261,0.5,39.400001525878906,True,7,2
R_log,G05,1.5,0.09043531307780261,0.5,39.400001525878906,True,9,2
R_log,G05,1.75,0.09043531307780261,0.5,39.400001525878906,True,10,2
R_log,G05,2.0,0.09043531307780261,0.5,39.400001525878906,True,19,3
R_log,G05,2.25,0.09043531307780261,0.5,39.400001525878906,True,20,3
R_log,G05,2.5,0.09043531307780261,0.5,39.400001525878906,True,31,3
R_log,G05,2.75,0.09043531307780261,0.5,39.400001525878906,True,37,3
R_log,G05,3.0,0.06841373676153495,0.5,39.400001525878906,True,47,3
R_log,G05,3.25,0.06841373676153495,0.5,39.400001525878906,True,53,3
R_log,G05,3.5,0.06841373676153495,0.5,39.400001525878906,True,61,3
R_log,G05,3.75,0.06841373676153495,0.5,39.400001525878906,True,57,3
R_log,G05,4.0,0.05202960899239928,0.5,39.400001525878906,True,67,3
R_log,G05,4.25,0.02611621275389453,0.5,39.400001525878906,True,60,3
R_log,G05,4.5,0.02289732263206945,0.5,39.400001525878906,True,89,4
R_log,G05,4.75,0.02289732263206945,0.5,39.400001525878906,True,99,4
R_log,G05,5.0,0.022981377061360053,0.5,39.400001525878906,True,134,4
R_log,G05,5.25,0.022981377061360053,0.5,39.400001525878906,True,145,5
R_log,G05,5.5,0.018979901989677472,0.5,39.400001525878906,True,158,5
R_log,G05,5.75,0.01713631378379077,0.5,39.400001525878906,True,158,5
R_log,G05,6.0,0.01713631378379077,0.5,39.400001525878906,True,180,5
R_log,G05,6.25,0.008451945794672788,0.5,39.400001525878906,True,168,5
R_log,G05,6.5,0.008451945794672788,0.5,39.400001525878906,True,195,5
R_log,G05,6.75,0.008451945794672788,0.5,39.400001525878906,True,181,5
R_log,G05,7.0,0.008451945794672788,0.5,39.400001525878906,True,212,5
R_log,G05,7.25,0.008451945794672788,0.5,39.400001525878906,True,202,5
R_log,G05,7.5,0.008451945794672788,0.5,39.400001525878906,True,255,5
R_log,G05,7.75,0.008451945794672788,0.5,39.400001525878906,True,242,5
R_log,G05,8.0,0.008451945794672788,0.5,39.400001525878906,True,268,5
R_log,G05,8.25,0.008451945794672788,0.5,39.400001525878906,True,271,5
R_log,G05,8.5,0.0,0.5,39.400001525878906,True,304,5
R_log,G05,8.75,0.0,0.5,39.400001525878906,True,277,5
R_log,G05,9.0,0.0,0.5,39.400001525878906,True,301,5
R_log,G05,9.25,0.0,0.5,39.400001525878906,True,265,5
R_log,G05,9.5,0.0,0.5,39.400001525878906,True,276,5
R_log,G05,9.75,0.0,0.5,39.400001525878906,True,284,5
R_log,G05,10.0,0.014714251847706361,0.5,39.400001525878906,True,326,5
R_log,G05,10.25,0.018507468770186275,0.5,39.400001525878906,True,308,5
R_log,G05,10.5,0.018507468770186275,0.5,39.400001525878906,True,384,5
R_log,G05,10.75,0.018507468770186275,0.5,39.400001525878906,True,326,5
R_log,G05,11.0,0.018507468770186275,0.5,39.400001525878906,True,353,5
R_log,G05,11.25,0.018507468770186275,0.5,39.400001525878906,True,354,5
R_log,G05,11.5,0.018822718640822966,0.5,39.400001525878906,True,414,5
R_log,G05,11.75,0.018822718640822966,0.5,39.400001525878906,True,396,5
R_log,G05,12.0,0.018822718640822966,0.5,39.400001525878906,True,450,5
R_log,G05,12.25,0.015519207215078712,0.5,39.400001525878906,True,405,5
R_log,G05,12.5,0.015519207215078712,0.5,39.400001525878906,True,428,5
R_log,G05,12.75,0.014984653615763843,0.5,39.400001525878906,True,379,5
R_log,G05,13.0,0.014984653615763843,0.5,39.400001525878906,True,440,5
R_log,G05,13.25,0.014984653615763843,0.5,39.400001525878906,True,377,5
R_log,G05,13.5,0.014984653615763843,0.5,39.400001525878906,True,424,5
R_log,G05,13.75,0.014894985800072202,0.5,39.400001525878906,True,395,5
R_log,G05,14.0,0.014894985800072202,0.5,39.400001525878906,True,433,5
R_log,G05,14.25,0.014894985800072202,0.5,39.400001525878906,True,392,5
R_log,G05,14.5,0.015655232217619552,0.5,39.400001525878906,True,389,5
R_log,G05,14.75,0.015655232217619552,0.5,39.400001525878906,True,324,5
R_log,G05,15.0,0.015655232217619552,0.5,39.400001525878906,True,349,5
R_log,G05,15.25,0.015655232217619552,0.5,39.400001525878906,True,305,5
R_log,G05,15.5,0.015655232217619552,0.5,39.400001525878906,True,360,5
R_log,G05,15.75,0.015655232217619552,0.5,39.400001525878906,True,327,5
R_log,G05,16.0,0.015655232217619552,0.5,39.400001525878906,True,361,5
R_log,G05,16.25,0.03414891598750014,0.5,39.400001525878906,True,347,5
R_log,G05,16.5,0.03414891598750014,0.5,39.400001525878906,True,354,5
R_log,G05,16.75,0.03414891598750014,0.5,39.400001525878906,True,306,5
R_log,G05,17.0,0.03414891598750014,0.5,39.400001525878906,True,334,5
R_log,G05,17.25,0.03414891598750014,0.5,39.400001525878906,True,274,5
R_log,G05,17.5,0.03414891598750014,0.5,39.400001525878906,True,321,5
R_log,G05,17.75,0.03414891598750014,0.5,39.400001525878906,True,287,5
R_log,G05,18.0,0.03414891598750014,0.5,39.400001525878906,True,309,5
R_log,G05,18.25,0.03414891598750014,0.5,39.400001525878906,True,265,5
R_log,G05,18.5,0.04087687394235706,0.5,39.400001525878906,True,296,5
R_log,G05,18.75,0.04087687394235706,0.5,39.400001525878906,True,284,5
R_log,G05,19.0,0.039647934979161636,0.5,39.400001525878906,True,300,5
R_log,G05,19.25,0.039000505209310976,0.5,39.400001525878906,True,287,5
R_log,G05,19.5,0.039000505209310976,0.5,39.400001525878906,True,331,5
R_log,G05,19.75,0.039000505209310976,0.5,39.400001525878906,True,281,5
R_log,G05,20.0,0.039000505209310976,0.5,39.400001525878906,True,328,5
R_log,G05,20.25,0.039000505209310976,0.5,39.400001525878906,True,305,5
R_log,G05,20.5,0.039000505209310976,0.5,39.400001525878906,True,334,5
R_log,G05,20.75,0.039000505209310976,0.5,39.400001525878906,True,317,5
R_log,G05,21.0,0.03801010450539399,0.5,39.400001525878906,True,328,5
R_log,G05,21.25,0.03801010450539399,0.5,39.400001525878906,True,285,5
R_log,G05,21.5,0.1543983268513518,0.5,39.400001525878906,True,324,5
R_log,G05,21.75,0.1543983268513518,0.5,39.400001525878906,True,285,4
R_log,G05,22.0,0.1543983268513518,0.5,39.400001525878906,True,332,5
R_log,G05,22.25,0.1543983268513518,0.5,39.400001525878906,True,280,5
R_log,G05,22.5,0.1543983268513518,0.5,39.400001525878906,True,268,5
R_log,G05,22.75,0.19655124276471847,0.5,39.400001525878906,True,209,4
R_log,G05,23.0,0.19655124276471847,0.5,39.400001525878906,True,223,4
R_log,G05,23.25,0.33985253052082776,0.5,39.400001525878906,True,196,4
R_log,G05,23.5,0.33985253052082776,0.5,39.400001525878906,True,207,4
R_log,G05,23.75,0.33985253052082776,0.5,39.400001525878906,True,191,4
R_log,G05,24.0,0.33985253052082776,0.5,39.400001525878906,True,220,4
R_log,G05,24.25,0.33985253052082776,0.5,39.400001525878906,True,171,4
R_log,G05,24.5,0.33985253052082776,0.5,39.400001525878906,True,178,4
R_log,G05,24.75,0.33985253052082776,0.5,39.400001525878906,True,160,3
R_log,G05,25.0,0.33985253052082776,0.5,39.400001525878906,True,127,3
R_log,G05,25.25,0.33985253052082776,0.5,39.400001525878906,True,120,3
R_log,G05,25.5,0.33985253052082776,0.5,39.400001525878906,True,138,3
R_log,G05,25.75,0.33729806820247843,0.5,39.400001525878906,True,134,3
R_log,G05,26.0,0.33729806820247843,0.5,39.400001525878906,True,160,3
R_log,G05,26.25,0.33729806820247843,0.5,39.400001525878906,True,151,3
R_log,G05,26.5,0.33729806820247843,0.5,39.400001525878906,True,151,3
R_log,G05,26.75,0.33729806820247843,0.5,39.400001525878906,True,136,3
R_log,G05,27.0,0.33729806820247843,0.5,39.400001525878906,True,135,3
R_log,G05,27.25,0.33729806820247843,0.5,39.400001525878906,True,119,3
R_log,G05,27.5,0.3386671426856376,0.5,39.400001525878906,True,135,3
R_log,G05,27.75,0.3386671426856376,0.5,39.400001525878906,True,104,3
R_log,G05,28.0,0.3386671426856376,0.5,39.400001525878906,True,126,3
R_log,G05,28.25,0.3386671426856376,0.5,39.400001525878906,True,114,3
R_log,G05,28.5,0.3386671426856376,0.5,39.400001525878906,True,125,3
R_log,G05,28.75,0.3386671426856376,0.5,39.400001525878906,True,118,3
R_log,G05,29.0,0.3386671426856376,0.5,39.400001525878906,True,142,3
R_log,G05,29.25,0.3386671426856376,0.5,39.400001525878906,True,136,3
R_log,G05,29.5,0.3469202007665735,0.5,39.400001525878906,True,131,3
R_log,G05,29.75,0.3469202007665735,0.5,39.400001525878906,True,123,3
R_log,G05,30.0,0.3469202007665735,0.5,39.400001525878906,True,125,3
R_log,G05,30.25,0.3469202007665735,0.5,39.400001525878906,True,106,2
R_log,G05,30.5,0.3469202007665735,0.5,39.400001525878906,True,127,2
R_log,G05,30.75,0.3469202007665735,0.5,39.400001525878906,True,118,2
R_log,G05,31.0,0.3469202007665735,0.5,39.400001525878906,True,139,2
R_log,G05,31.25,0.3469202007665735,0.5,39.400001525878906,True,112,2
R_log,G05,31.5,0.3469202007665735,0.5,39.400001525878906,True,123,1
R_log,G05,31.75,0.37897162232004655,0.5,39.400001525878906,True,102,1
R_log,G05,32.0,0.37897162232004655,0.5,39.400001525878906,True,105,2
R_log,G05,32.25,0.37897162232004655,0.5,39.400001525878906,True,83,2
R_log,G05,32.5,0.37897162232004655,0.5,39.400001525878906,True,72,2
R_log,G05,32.75,0.37897162232004655,0.5,39.400001525878906,True,63,2
R_log,G05,33.0,0.37897162232004655,0.5,39.400001525878906,True,56,2
R_log,G05,33.25,0.37897162232004655,0.5,39.400001525878906,True,47,1
R_log,G05,33.5,0.37897162232004655,0.5,39.400001525878906,True,63,1
R_log,G05,33.75,0.37897162232004655,0.5,39.400001525878906,True,56,1
R_log,G05,34.0,0.37897162232004655,0.5,39.400001525878906,True,60,1
R_log,G05,34.25,0.37897162232004655,0.5,39.400001525878906,True,64,1
R_log,G05,34.5,0.37897162232004655,0.5,39.400001525878906,True,62,1
R_log,G05,34.75,0.37897162232004655,0.5,39.400001525878906,True,44,1
R_log,G05,35.0,0.37897162232004655,0.5,39.400001525878906,True,44,1
R_log,G05,35.25,0.37897162232004655,0.5,39.400001525878906,True,30,1
R_log,G05,35.5,0.37897162232004655,0.5,39.400001525878906,True,24,1
R_log,G05,35.75,0.37897162232004655,0.5,39.400001525878906,True,17,1
R_log,G05,36.0,0.37897162232004655,0.5,39.400001525878906,True,13,1
R_log,G05,36.25,0.37897162232004655,0.5,39.400001525878906,True,5,1
R_log,G05,36.5,0.37897162232004655,0.5,39.400001525878906,True,3,1
R_log,G05,36.75,0.37897162232004655,0.5,39.400001525878906,True,4,1
R_log,G05,37.0,0.37897162232004655,0.5,39.400001525878906,True,5,1
R_log,G05,37.25,0.37897162232004655,0.5,39.400001525878906,True,5,1
R_log,G05,37.5,0.37897162232004655,0.5,39.400001525878906,True,5,1
R_log,G05,37.75,0.37897162232004655,0.5,39.400001525878906,True,2,1
R_log,G05,38.0,0.37897162232004655,0.5,39.400001525878906,True,1,1
R_log,G05,38.25,0.37897162232004655,0.5,39.400001525878906,True,1,1
R_log,G05,38.5,0.37897162232004655,0.5,39.400001525878906,True,1,1
R_log,G05,38.75,0.37897162232004655,0.5,39.400001525878906,True,1,1
R_log,G05,39.0,0.37897162232004655,0.5,39.400001525878906,True,2,1
R_log,G05,39.25,0.37897162232004655,0.5,39.400001525878906,True,1,1
R_log,G05,39.5,0.37897162232004655,0.5,39.400001525878906,False,1,1
R_log,G05,39.75,0.37897162232004655,0.5,39.400001525878906,False,1,1
R_log,G05,40.0,0.37897162232004655,0.5,39.400001525878906,False,0,0
R_log,S05,1.0,0.30937469594284206,1.2999999523162842,39.400001525878906,False,4,1
R_log,S05,1.25,0.30937469594284206,1.2999999523162842,39.400001525878906,False,7,2
R_log,S05,1.5,0.30937469594284206,1.2999999523162842,39.400001525878906,True,9,2
R_log,S05,1.75,0.30937469594284206,1.2999999523162842,39.400001525878906,True,10,2
R_log,S05,2.0,0.30937469594284206,1.2999999523162842,39.400001525878906,True,19,3
R_log,S05,2.25,0.30937469594284206,1.2999999523162842,39.400001525878906,True,20,3
R_log,S05,2.5,0.30937469594284206,1.2999999523162842,39.400001525878906,True,31,3
R_log,S05,2.75,0.30937469594284206,1.2999999523162842,39.400001525878906,True,37,3
R_log,S05,3.0,0.30937469594284206,1.2999999523162842,39.400001525878906,True,47,3
R_log,S05,3.25,0.30937469594284206,1.2999999523162842,39.400001525878906,True,53,3
R_log,S05,3.5,0.30937469594284206,1.2999999523162842,39.400001525878906,True,61,3
R_log,S05,3.75,0.30937469594284206,1.2999999523162842,39.400001525878906,True,57,3
R_log,S05,4.0,0.30937469594284206,1.2999999523162842,39.400001525878906,True,67,3
R_log,S05,4.25,0.30937469594284206,1.2999999523162842,39.400001525878906,True,60,3
R_log,S05,4.5,0.06987716440663405,1.2999999523162842,39.400001525878906,True,89,4
R_log,S05,4.75,0.06987716440663405,1.2999999523162842,39.400001525878906,True,99,4
R_log,S05,5.0,0.06987716440663405,1.2999999523162842,39.400001525878906,True,134,4
R_log,S05,5.25,0.06987716440663405,1.2999999523162842,39.400001525878906,True,145,5
R_log,S05,5.5,-0.011643078445846555,1.2999999523162842,39.400001525878906,True,158,5
R_log,S05,5.75,-0.011643078445846555,1.2999999523162842,39.400001525878906,True,158,5
R_log,S05,6.0,-0.011643078445846555,1.2999999523162842,39.400001525878906,True,180,5
R_log,S05,6.25,-0.04301945482611069,1.2999999523162842,39.400001525878906,True,168,5
R_log,S05,6.5,0.019853150712336287,1.2999999523162842,39.400001525878906,True,195,5
R_log,S05,6.75,0.019853150712336287,1.2999999523162842,39.400001525878906,True,181,5
R_log,S05,7.0,-0.035154289791537785,1.2999999523162842,39.400001525878906,True,212,5
R_log,S05,7.25,-0.035154289791537785,1.2999999523162842,39.400001525878906,True,202,5
R_log,S05,7.5,-0.0026430809518136478,1.2999999523162842,39.400001525878906,True,255,5
R_log,S05,7.75,0.005910329402912584,1.2999999523162842,39.400001525878906,True,242,5
R_log,S05,8.0,-0.004391720115992204,1.2999999523162842,39.400001525878906,True,268,5
R_log,S05,8.25,-0.004391720115992204,1.2999999523162842,39.400001525878906,True,271,5
R_log,S05,8.5,-0.006858509104754162,1.2999999523162842,39.400001525878906,True,304,5
R_log,S05,8.75,-0.01854184081717758,1.2999999523162842,39.400001525878906,True,277,5
R_log,S05,9.0,0.0,1.2999999523162842,39.400001525878906,True,301,5
R_log,S05,9.25,0.23832631369717117,1.2999999523162842,39.400001525878906,True,265,5
R_log,S05,9.5,0.23832631369717117,1.2999999523162842,39.400001525878906,True,276,5
R_log,S05,9.75,0.23832631369717117,1.2999999523162842,39.400001525878906,True,284,5
R_log,S05,10.0,0.24574847864935645,1.2999999523162842,39.400001525878906,True,326,5
R_log,S05,10.25,0.2666548153175232,1.2999999523162842,39.400001525878906,True,308,5
R_log,S05,10.5,0.27876299458719656,1.2999999523162842,39.400001525878906,True,384,5
R_log,S05,10.75,0.28173982893517824,1.2999999523162842,39.400001525878906,True,326,5
R_log,S05,11.0,0.28173982893517824,1.2999999523162842,39.400001525878906,True,353,5
R_log,S05,11.25,0.25626051802278615,1.2999999523162842,39.400001525878906,True,354,5
R_log,S05,11.5,0.26388780869224693,1.2999999523162842,39.400001525878906,True,414,5
R_log,S05,11.75,0.2669555318439061,1.2999999523162842,39.400001525878906,True,396,5
R_log,S05,12.0,0.2882706373925945,1.2999999523162842,39.400001525878906,True,450,5
R_log,S05,12.25,0.2882706373925945,1.2999999523162842,39.400001525878906,True,405,5
R_log,S05,12.5,0.28386781059273547,1.2999999523162842,39.400001525878906,True,428,5
R_log,S05,12.75,0.1784561667008635,1.2999999523162842,39.400001525878906,True,379,5
R_log,S05,13.0,0.23127342108651705,1.2999999523162842,39.400001525878906,True,440,5
R_log,S05,13.25,0.23127342108651705,1.2999999523162842,39.400001525878906,True,377,5
R_log,S05,13.5,0.2307372008211206,1.2999999523162842,39.400001525878906,True,424,5
R_log,S05,13.75,0.23119280509585316,1.2999999523162842,39.400001525878906,True,395,5
R_log,S05,14.0,0.23119280509585316,1.2999999523162842,39.400001525878906,True,433,5
R_log,S05,14.25,0.24815874985964648,1.2999999523162842,39.400001525878906,True,392,5
R_log,S05,14.5,0.24291065888865582,1.2999999523162842,39.400001525878906,True,389,5
R_log,S05,14.75,0.24501520428413714,1.2999999523162842,39.400001525878906,True,324,5
R_log,S05,15.0,0.2179515846060065,1.2999999523162842,39.400001525878906,True,349,5
R_log,S05,15.25,0.22544918581713125,1.2999999523162842,39.400001525878906,True,305,5
R_log,S05,15.5,0.1610348079371584,1.2999999523162842,39.400001525878906,True,360,5
R_log,S05,15.75,0.1653059769616929,1.2999999523162842,39.400001525878906,True,327,5
R_log,S05,16.0,0.18225296038176264,1.2999999523162842,39.400001525878906,True,361,5
R_log,S05,16.25,0.28933924414009704,1.2999999523162842,39.400001525878906,True,347,5
R_log,S05,16.5,0.29475073263452467,1.2999999523162842,39.400001525878906,True,354,5
R_log,S05,16.75,0.29475073263452467,1.2999999523162842,39.400001525878906,True,306,5
R_log,S05,17.0,0.2938900860437359,1.2999999523162842,39.400001525878906,True,334,5
R_log,S05,17.25,0.3012893484323267,1.2999999523162842,39.400001525878906,True,274,5
R_log,S05,17.5,0.3012893484323267,1.2999999523162842,39.400001525878906,True,321,5
R_log,S05,17.75,0.3041892858922983,1.2999999523162842,39.400001525878906,True,287,5
R_log,S05,18.0,0.3038820553074779,1.2999999523162842,39.400001525878906,True,309,5
R_log,S05,18.25,0.30112855894361434,1.2999999523162842,39.400001525878906,True,265,5
R_log,S05,18.5,0.2988225629805523,1.2999999523162842,39.400001525878906,True,296,5
R_log,S05,18.75,0.2967842412941408,1.2999999523162842,39.400001525878906,True,284,5
R_log,S05,19.0,0.2945942602012259,1.2999999523162842,39.400001525878906,True,300,5
R_log,S05,19.25,0.2905324910791811,1.2999999523162842,39.400001525878906,True,287,5
R_log,S05,19.5,0.2883046728369134,1.2999999523162842,39.400001525878906,True,331,5
R_log,S05,19.75,0.2883046728369134,1.2999999523162842,39.400001525878906,True,281,5
R_log,S05,20.0,0.2767968045471809,1.2999999523162842,39.400001525878906,True,328,5
R_log,S05,20.25,0.27584035173990706,1.2999999523162842,39.400001525878906,True,305,5
R_log,S05,20.5,0.27523387344235983,1.2999999523162842,39.400001525878906,True,334,5
R_log,S05,20.75,0.26691660496966074,1.2999999523162842,39.400001525878906,True,317,5
R_log,S05,21.0,0.2482809103114314,1.2999999523162842,39.400001525878906,True,328,5
R_log,S05,21.25,0.2233180571215274,1.2999999523162842,39.400001525878906,True,285,5
R_log,S05,21.5,0.2210473465286258,1.2999999523162842,39.400001525878906,True,324,5
R_log,S05,21.75,0.2619420518136981,1.2999999523162842,39.400001525878906,True,285,4
R_log,S05,22.0,0.26456188371553546,1.2999999523162842,39.400001525878906,True,332,5
R_log,S05,22.25,0.2670540600824385,1.2999999523162842,39.400001525878906,True,280,5
R_log,S05,22.5,0.24639597034933702,1.2999999523162842,39.400001525878906,True,268,5
R_log,S05,22.75,0.2393694833737623,1.2999999523162842,39.400001525878906,True,209,4
R_log,S05,23.0,0.2508587842446972,1.2999999523162842,39.400001525878906,True,223,4
R_log,S05,23.25,0.2508587842446972,1.2999999523162842,39.400001525878906,True,196,4
R_log,S05,23.5,0.24151100831308359,1.2999999523162842,39.400001525878906,True,207,4
R_log,S05,23.75,0.24008316753006564,1.2999999523162842,39.400001525878906,True,191,4
R_log,S05,24.0,0.22199669482183193,1.2999999523162842,39.400001525878906,True,220,4
R_log,S05,24.25,0.22199669482183193,1.2999999523162842,39.400001525878906,True,171,4
R_log,S05,24.5,0.15558345851020272,1.2999999523162842,39.400001525878906,True,178,4
R_log,S05,24.75,0.15558345851020272,1.2999999523162842,39.400001525878906,True,160,3
R_log,S05,25.0,0.1542734087298716,1.2999999523162842,39.400001525878906,True,127,3
R_log,S05,25.25,0.1407359597743585,1.2999999523162842,39.400001525878906,True,120,3
R_log,S05,25.5,0.1407359597743585,1.2999999523162842,39.400001525878906,True,138,3
R_log,S05,25.75,0.1407359597743585,1.2999999523162842,39.400001525878906,True,134,3
R_log,S05,26.0,0.1407359597743585,1.2999999523162842,39.400001525878906,True,160,3
R_log,S05,26.25,0.14126171046427194,1.2999999523162842,39.400001525878906,True,151,3
R_log,S05,26.5,0.14728266282821822,1.2999999523162842,39.400001525878906,True,151,3
R_log,S05,26.75,0.14728266282821822,1.2999999523162842,39.400001525878906,True,136,3
R_log,S05,27.0,0.14681837341227766,1.2999999523162842,39.400001525878906,True,135,3
R_log,S05,27.25,0.14516785479341499,1.2999999523162842,39.400001525878906,True,119,3
R_log,S05,27.5,0.12936569908266593,1.2999999523162842,39.400001525878906,True,135,3
R_log,S05,27.75,0.12936569908266593,1.2999999523162842,39.400001525878906,True,104,3
R_log,S05,28.0,0.12936569908266593,1.2999999523162842,39.400001525878906,True,126,3
R_log,S05,28.25,0.11980002993443506,1.2999999523162842,39.400001525878906,True,114,3
R_log,S05,28.5,0.11980002993443506,1.2999999523162842,39.400001525878906,True,125,3
R_log,S05,28.75,0.1406194622716681,1.2999999523162842,39.400001525878906,True,118,3
R_log,S05,29.0,0.10132882908381058,1.2999999523162842,39.400001525878906,True,142,3
R_log,S05,29.25,0.10132882908381058,1.2999999523162842,39.400001525878906,True,136,3
R_log,S05,29.5,0.10208749540951567,1.2999999523162842,39.400001525878906,True,131,3
R_log,S05,29.75,0.4605153833839202,1.2999999523162842,39.400001525878906,True,123,3
R_log,S05,30.0,-0.12220451300407609,1.2999999523162842,39.400001525878906,True,125,3
R_log,S05,30.25,-0.12220451300407609,1.2999999523162842,39.400001525878906,True,106,2
R_log,S05,30.5,-0.12730830124118953,1.2999999523162842,39.400001525878906,True,127,2
R_log,S05,30.75,-0.1458611616717338,1.2999999523162842,39.400001525878906,True,118,2
R_log,S05,31.0,-0.07424337822564775,1.2999999523162842,39.400001525878906,True,139,2
R_log,S05,31.25,-0.025452710859456662,1.2999999523162842,39.400001525878906,True,112,2
R_log,S05,31.5,0.0006370799475230449,1.2999999523162842,39.400001525878906,True,123,1
R_log,S05,31.75,0.0006370799475230449,1.2999999523162842,39.400001525878906,True,102,1
R_log,S05,32.0,0.0006370799475230449,1.2999999523162842,39.400001525878906,True,105,2
R_log,S05,32.25,0.002317230652559843,1.2999999523162842,39.400001525878906,True,83,2
R_log,S05,32.5,0.24700687539947808,1.2999999523162842,39.400001525878906,True,72,2
R_log,S05,32.75,0.24700687539947808,1.2999999523162842,39.400001525878906,True,63,2
R_log,S05,33.0,0.24700687539947808,1.2999999523162842,39.400001525878906,True,56,2
R_log,S05,33.25,0.24700687539947808,1.2999999523162842,39.400001525878906,True,47,1
R_log,S05,33.5,0.24388689628730242,1.2999999523162842,39.400001525878906,True,63,1
R_log,S05,33.75,0.24388689628730242,1.2999999523162842,39.400001525878906,True,56,1
R_log,S05,34.0,0.24388689628730242,1.2999999523162842,39.400001525878906,True,60,1
R_log,S05,34.25,-0.010789466980800189,1.2999999523162842,39.400001525878906,True,64,1
R_log,S05,34.5,-0.04889587181365673,1.2999999523162842,39.400001525878906,True,62,1
R_log,S05,34.75,-0.04889587181365673,1.2999999523162842,39.400001525878906,True,44,1
R_log,S05,35.0,-0.04889587181365673,1.2999999523162842,39.400001525878906,True,44,1
R_log,S05,35.25,-0.04889587181365673,1.2999999523162842,39.400001525878906,True,30,1
R_log,S05,35.5,-0.04889587181365673,1.2999999523162842,39.400001525878906,True,24,1
R_log,S05,35.75,-0.04889587181365673,1.2999999523162842,39.400001525878906,True,17,1
R_log,S05,36.0,-0.04889587181365673,1.2999999523162842,39.400001525878906,True,13,1
R_log,S05,36.25,-0.04889587181365673,1.2999999523162842,39.400001525878906,True,5,1
R_log,S05,36.5,-0.04889587181365673,1.2999999523162842,39.400001525878906,True,3,1
R_log,S05,36.75,-0.04889587181365673,1.2999999523162842,39.400001525878906,True,4,1
R_log,S05,37.0,-0.04889587181365673,1.2999999523162842,39.400001525878906,True,5,1
R_log,S05,37.25,-0.04889587181365673,1.2999999523162842,39.400001525878906,True,5,1
R_log,S05,37.5,-0.04889587181365673,1.2999999523162842,39.400001525878906,True,5,1
R_log,S05,37.75,-0.04889587181365673,1.2999999523162842,39.400001525878906,True,2,1
R_log,S05,38.0,-0.04889587181365673,1.2999999523162842,39.400001525878906,True,1,1
R_log,S05,38.25,-0.04889587181365673,1.2999999523162842,39.400001525878906,True,1,1
R_log,S05,38.5,-0.04889587181365673,1.2999999523162842,39.400001525878906,True,1,1
R_log,S05,38.75,-0.04889587181365673,1.2999999523162842,39.400001525878906,True,1,1
R_log,S05,39.0,-0.04889587181365673,1.2999999523162842,39.400001525878906,True,2,1
R_log,S05,39.25,-0.04889587181365673,1.2999999523162842,39.400001525878906,True,1,1
R_log,S05,39.5,-0.04889587181365673,1.2999999523162842,39.400001525878906,False,1,1
R_log,S05,39.75,-0.04889587181365673,1.2999999523162842,39.400001525878906,False,1,1
R_log,S05,40.0,-0.04889587181365673,1.2999999523162842,39.400001525878906,False,0,0
R_C_log,G02,1.0,0.26319899370140254,0.5,39.400001525878906,True,4,1
R_C_log,G02,1.25,0.24841023944013707,0.5,39.400001525878906,True,7,2
R_C_log,G02,1.5,0.2340449552245547,0.5,39.400001525878906,True,9,2
R_C_log,G02,1.75,0.22010314105465656,0.5,39.400001525878906,True,10,2
R_C_log,G02,2.0,0.20658479693044174,0.5,39.400001525878906,True,19,3
R_C_log,G02,2.25,0.1934899228519109,0.5,39.400001525878906,True,20,3
R_C_log,G02,2.5,0.18081851881906363,0.5,39.400001525878906,True,31,3
R_C_log,G02,2.75,0.1685705848318999,0.5,39.400001525878906,True,37,3
R_C_log,G02,3.0,0.15674612089041973,0.5,39.400001525878906,True,47,3
R_C_log,G02,3.25,0.1453451269946231,0.5,39.400001525878906,True,53,3
R_C_log,G02,3.5,0.13436760314451046,0.5,39.400001525878906,True,61,3
R_C_log,G02,3.75,0.1238135493400816,0.5,39.400001525878906,True,57,3
R_C_log,G02,4.0,0.11368296558133628,0.5,39.400001525878906,True,67,3
R_C_log,G02,4.25,0.1039758518682743,0.5,39.400001525878906,True,60,3
R_C_log,G02,4.5,0.0946922082008963,0.5,39.400001525878906,True,89,4
R_C_log,G02,4.75,0.08583203457920208,0.5,39.400001525878906,True,99,4
R_C_log,G02,5.0,0.0773953310031914,0.5,39.400001525878906,True,134,4
R_C_log,G02,5.25,0.06938209747286472,0.5,39.400001525878906,True,145,5
R_C_log,G02,5.5,0.06179233398822115,0.5,39.400001525878906,True,158,5
R_C_log,G02,5.75,0.054626040549261345,0.5,39.400001525878906,True,158,5
R_C_log,G02,6.0,0.047883217155985314,0.5,39.400001525878906,True,180,5
R_C_log,G02,6.25,0.041563863808393275,0.5,39.400001525878906,True,168,5
R_C_log,G02,6.5,0.035667980506484565,0.5,39.400001525878906,True,195,5
R_C_log,G02,6.75,0.030195567250259403,0.5,39.400001525878906,True,181,5
R_C_log,G02,7.0,0.025146624039718013,0.5,39.400001525878906,True,212,5
R_C_log,G02,7.25,0.020521150874860394,0.5,39.400001525878906,True,202,5
R_C_log,G02,7.5,0.01631914775568677,0.5,39.400001525878906,True,255,5
R_C_log,G02,7.75,0.012540614682196471,0.5,39.400001525878906,True,242,5
R_C_log,G02,8.0,0.009185551654389945,0.5,39.400001525878906,True,268,5
R_C_log,G02,8.25,0.006253958672266968,0.5,39.400001525878906,True,271,5
R_C_log,G02,8.5,0.0037458357358277627,0.5,39.400001525878906,True,304,5
R_C_log,G02,8.75,0.0016611828450721067,0.5,39.400001525878906,True,277,5
R_C_log,G02,9.0,0.0,0.5,39.400001525878906,True,301,5
R_C_log,G02,9.25,-0.0012377127993881132,0.5,39.400001525878906,True,265,5
R_C_log,G02,9.5,-0.002051955553092677,0.5,39.400001525878906,True,276,5
R_C_log,G02,9.75,-0.0024427282611136913,0.5,39.400001525878906,True,284,5
R_C_log,G02,10.0,-0.0024100309234509343,0.5,39.400001525878906,True,326,5
R_C_log,G02,10.25,-0.001953863540104628,0.5,39.400001525878906,True,308,5
R_C_log,G02,10.5,-0.00107422611107455,0.5,39.400001525878906,True,384,5
R_C_log,G02,10.75,0.00022888136363929945,0.5,39.400001525878906,True,326,5
R_C_log,G02,11.0,0.0019554588840369203,0.5,39.400001525878906,True,353,5
R_C_log,G02,11.25,0.004105506450117868,0.5,39.400001525878906,True,354,5
R_C_log,G02,11.5,0.006679024061882366,0.5,39.400001525878906,True,414,5
R_C_log,G02,11.75,0.009676011719331079,0.5,39.400001525878906,True,396,5
R_C_log,G02,12.0,0.01309646942246312,0.5,39.400001525878906,True,450,5
R_C_log,G02,12.25,0.016940397171279153,0.5,39.400001525878906,True,405,5
R_C_log,G02,12.5,0.021207794965778515,0.5,39.400001525878906,True,428,5
R_C_log,G02,12.75,0.025898662805961425,0.5,39.400001525878906,True,379,5
R_C_log,G02,13.0,0.03101300069182833,0.5,39.400001525878906,True,440,5
R_C_log,G02,13.25,0.036550808623379005,0.5,39.400001525878906,True,377,5
R_C_log,G02,13.5,0.04251208660061301,0.5,39.400001525878906,True,424,5
R_C_log,G02,13.75,0.04889683462353078,0.5,39.400001525878906,True,395,5
R_C_log,G02,14.0,0.05570505269213255,0.5,39.400001525878906,True,433,5
R_C_log,G02,14.25,0.06293674080641765,0.5,39.400001525878906,True,392,5
R_C_log,G02,14.5,0.07059189896638651,0.5,39.400001525878906,True,389,5
R_C_log,G02,14.75,0.07867052717203893,0.5,39.400001525878906,True,324,5
R_C_log,G02,15.0,0.08717262542337512,0.5,39.400001525878906,True,349,5
R_C_log,G02,15.25,0.09609819372039485,0.5,39.400001525878906,True,305,5
R_C_log,G02,15.5,0.10544723206309836,0.5,39.400001525878906,True,360,5
R_C_log,G02,15.75,0.11521974045148542,0.5,39.400001525878906,True,327,5
R_C_log,G02,16.0,0.12541571888555647,0.5,39.400001525878906,True,361,5
R_C_log,G02,16.25,0.13603516736531085,0.5,39.400001525878906,True,347,5
R_C_log,G02,16.5,0.14707808589074922,0.5,39.400001525878906,True,354,5
R_C_log,G02,16.75,0.15854447446187092,0.5,39.400001525878906,True,306,5
R_C_log,G02,17.0,0.1704343330786764,0.5,39.400001525878906,True,334,5
R_C_log,G02,17.25,0.18274766174116563,0.5,39.400001525878906,True,274,5
R_C_log,G02,17.5,0.19548446044933865,0.5,39.400001525878906,True,321,5
R_C_log,G02,17.75,0.208644729203195,0.5,39.400001525878906,True,287,5
R_C_log,G02,18.0,0.22222846800273555,0.5,39.400001525878906,True,309,5
R_C_log,G02,18.25,0.23623567684795943,0.5,39.400001525878906,True,265,5
R_C_log,G02,18.5,0.25066635573886686,0.5,39.400001525878906,True,296,5
R_C_log,G02,18.75,0.2655205046754583,0.5,39.400001525878906,True,284,5
R_C_log,G02,19.0,0.2807981236577328,0.5,39.400001525878906,True,300,5
R_C_log,G02,19.25,0.29649921268569157,0.5,39.400001525878906,True,287,5
R_C_log,G02,19.5,0.3126237717593341,0.5,39.400001525878906,True,331,5
R_C_log,G02,19.75,0.3291718008786595,0.5,39.400001525878906,True,281,5
R_C_log,G02,20.0,0.34614330004366956,0.5,39.400001525878906,True,328,5
R_C_log,G02,20.25,0.3635382692543625,0.5,39.400001525878906,True,305,5
R_C_log,G02,20.5,0.38135670851073966,0.5,39.400001525878906,True,334,5
R_C_log,G02,20.75,0.3995986178128006,0.5,39.400001525878906,True,317,5
R_C_log,G02,21.0,0.4182639971605444,0.5,39.400001525878906,True,328,5
R_C_log,G02,21.25,0.437352846553972,0.5,39.400001525878906,True,285,5
R_C_log,G02,21.5,0.45686516599308424,0.5,39.400001525878906,True,324,5
R_C_log,G02,21.75,0.47680095547787893,0.5,39.400001525878906,True,285,4
R_C_log,G02,22.0,0.4971602150083583,0.5,39.400001525878906,True,332,5
R_C_log,G02,22.25,0.517942944584521,0.5,39.400001525878906,True,280,5
R_C_log,G02,22.5,0.539149144206367,0.5,39.400001525878906,True,268,5
R_C_log,G02,22.75,0.5607788138738972,0.5,39.400001525878906,True,209,4
R_C_log,G02,23.0,0.5828319535871112,0.5,39.400001525878906,True,223,4
R_C_log,G02,23.25,0.605308563346008,0.5,39.400001525878906,True,196,4
R_C_log,G02,23.5,0.6282086431505896,0.5,39.400001525878906,True,207,4
R_C_log,G02,23.75,0.6515321930008535,0.5,39.400001525878906,True,191,4
R_C_log,G02,24.0,0.6752792128968022,0.5,39.400001525878906,True,220,4
R_C_log,G02,24.25,0.6994497028384341,0.5,39.400001525878906,True,171,4
R_C_log,G02,24.5,0.7240436628257498,0.5,39.400001525878906,True,178,4
R_C_log,G02,24.75,0.7490610928587493,0.5,39.400001525878906,True,160,3
R_C_log,G02,25.0,0.7745019929374326,0.5,39.400001525878906,True,127,3
R_C_log,G02,25.25,0.8003663630617983,0.5,39.400001525878906,True,120,3
R_C_log,G02,25.5,0.8266542032318491,0.5,39.400001525878906,True,138,3
R_C_log,G02,25.75,0.8533655134475828,0.5,39.400001525878906,True,134,3
R_C_log,G02,26.0,0.8805002937090012,0.5,39.400001525878906,True,160,3
R_C_log,G02,26.25,0.908058544016102,0.5,39.400001525878906,True,151,3
R_C_log,G02,26.5,0.9360402643688874,0.5,39.400001525878906,True,151,3
R_C_log,G02,26.75,0.9644454547673562,0.5,39.400001525878906,True,136,3
R_C_log,G02,27.0,0.9932741152115088,0.5,39.400001525878906,True,135,3
R_C_log,G02,27.25,1.0225262457013442,0.5,39.400001525878906,True,119,3
R_C_log,G02,27.5,1.0522018462368643,0.5,39.400001525878906,True,135,3
R_C_log,G02,27.75,1.0823009168180673,0.5,39.400001525878906,True,104,3
R_C_log,G02,28.0,1.1128234574449554,0.5,39.400001525878906,True,126,3
R_C_log,G02,28.25,1.1437694681175254,0.5,39.400001525878906,True,114,3
R_C_log,G02,28.5,1.1751389488357797,0.5,39.400001525878906,True,125,3
R_C_log,G02,28.75,1.2069318995997182,0.5,39.400001525878906,True,118,3
R_C_log,G02,29.0,1.2391483204093396,0.5,39.400001525878906,True,142,3
R_C_log,G02,29.25,1.2717882112646448,0.5,39.400001525878906,True,136,3
R_C_log,G02,29.5,1.3048515721656342,0.5,39.400001525878906,True,131,3
R_C_log,G02,29.75,1.338338403112307,0.5,39.400001525878906,True,123,3
R_C_log,G02,30.0,1.3722487041046634,0.5,39.400001525878906,True,125,3
R_C_log,G02,30.25,1.4065824751427036,0.5,39.400001525878906,True,106,2
R_C_log,G02,30.5,1.4413397162264276,0.5,39.400001525878906,True,127,2
R_C_log,G02,30.75,1.4765204273558346,0.5,39.400001525878906,True,118,2
R_C_log,G02,31.0,1.5121246085309257,0.5,39.400001525878906,True,139,2
R_C_log,G02,31.25,1.5481522597517006,0.5,39.400001525878906,True,112,2
R_C_log,G02,31.5,1.5846033810181588,0.5,39.400001525878906,True,123,1
R_C_log,G02,31.75,1.6214779723303012,0.5,39.400001525878906,True,102,1
R_C_log,G02,32.0,1.6587760336881274,0.5,39.400001525878906,True,105,2
R_C_log,G02,32.25,1.696497565091636,0.5,39.400001525878906,True,83,2
R_C_log,G02,32.5,1.7346425665408298,0.5,39.400001525878906,True,72,2
R_C_log,G02,32.75,1.773211038035706,0.5,39.400001525878906,True,63,2
R_C_log,G02,33.0,1.8122029795762673,0.5,39.400001525878906,True,56,2
R_C_log,G02,33.25,1.851618391162511,0.5,39.400001525878906,True,47,1
R_C_log,G02,33.5,1.8914572727944385,0.5,39.400001525878906,True,63,1
R_C_log,G02,33.75,1.9317196244720503,0.5,39.400001525878906,True,56,1
R_C_log,G02,34.0,1.9724054461953466,0.5,39.400001525878906,True,60,1
R_C_log,G02,34.25,2.013514737964325,0.5,39.400001525878906,True,64,1
R_C_log,G02,34.5,2.055047499778987,0.5,39.400001525878906,True,62,1
R_C_log,G02,34.75,2.0970037316393335,0.5,39.400001525878906,True,44,1
R_C_log,G02,35.0,2.139383433545364,0.5,39.400001525878906,True,44,1
R_C_log,G02,35.25,2.182186605497077,0.5,39.400001525878906,True,30,1
R_C_log,G02,35.5,2.225413247494474,0.5,39.400001525878906,True,24,1
R_C_log,G02,35.75,2.2690633595375544,0.5,39.400001525878906,True,17,1
R_C_log,G02,36.0,2.313136941626319,0.5,39.400001525878906,True,13,1
R_C_log,G02,36.25,2.357633993760767,0.5,39.400001525878906,True,5,1
R_C_log,G02,36.5,2.4025545159409,0.5,39.400001525878906,True,3,1
R_C_log,G02,36.75,2.447898508166716,0.5,39.400001525878906,True,4,1
R_C_log,G02,37.0,2.493665970438215,0.5,39.400001525878906,True,5,1
R_C_log,G02,37.25,2.539856902755398,0.5,39.400001525878906,True,5,1
R_C_log,G02,37.5,2.5864713051182635,0.5,39.400001525878906,True,5,1
R_C_log,G02,37.75,2.6335091775268147,0.5,39.400001525878906,True,2,1
R_C_log,G02,38.0,2.680970519981048,0.5,39.400001525878906,True,1,1
R_C_log,G02,38.25,2.7288553324809657,0.5,39.400001525878906,True,1,1
R_C_log,G02,38.5,2.7771636150265664,0.5,39.400001525878906,True,1,1
R_C_log,G02,38.75,2.8258953676178518,0.5,39.400001525878906,True,1,1
R_C_log,G02,39.0,2.87505059025482,0.5,39.400001525878906,True,2,1
R_C_log,G02,39.25,2.924629282937471,0.5,39.400001525878906,True,1,1
R_C_log,G02,39.5,2.9746314456658087,0.5,39.400001525878906,False,1,1
R_C_log,G02,39.75,3.0250570784398274,0.5,39.400001525878906,False,1,1
R_C_log,G02,40.0,3.0759061812595307,0.5,39.400001525878906,False,0,0
R_C_log,P02,1.0,-0.5724700413068733,0.5,39.400001525878906,True,4,1
R_C_log,P02,1.25,-0.5543205091203045,0.5,39.400001525878906,True,7,2
R_C_log,P02,1.5,-0.5361877410237827,0.5,39.400001525878906,True,9,2
R_C_log,P02,1.75,-0.518071737017308,0.5,39.400001525878906,True,10,2
R_C_log,P02,2.0,-0.49997249710088054,0.5,39.400001525878906,True,19,3
R_C_log,P02,2.25,-0.48189002127449987,0.5,39.400001525878906,True,20,3
R_C_log,P02,2.5,-0.4638243095381662,0.5,39.400001525878906,True,31,3
R_C_log,P02,2.75,-0.4457753618918796,0.5,39.400001525878906,True,37,3
R_C_log,P02,3.0,-0.42774317833564024,0.5,39.400001525878906,True,47,3
R_C_log,P02,3.25,-0.40972775886944746,0.5,39.400001525878906,True,53,3
R_C_log,P02,3.5,-0.3917291034933019,0.5,39.400001525878906,True,61,3
R_C_log,P02,3.75,-0.37374721220720364,0.5,39.400001525878906,True,57,3
R_C_log,P02,4.0,-0.3557820850111524,0.5,39.400001525878906,True,67,3
R_C_log,P02,4.25,-0.33783372190514793,0.5,39.400001525878906,True,60,3
R_C_log,P02,4.5,-0.3199021228891903,0.5,39.400001525878906,True,89,4
R_C_log,P02,4.75,-0.3019872879632801,0.5,39.400001525878906,True,99,4
R_C_log,P02,5.0,-0.28408921712741697,0.5,39.400001525878906,True,134,4
R_C_log,P02,5.25,-0.26620791038160063,0.5,39.400001525878906,True,145,5
R_C_log,P02,5.5,-0.24834336772583132,0.5,39.400001525878906,True,158,5
R_C_log,P02,5.75,-0.23049558916010904,0.5,39.400001525878906,True,158,5
R_C_log,P02,6.0,-0.212664574684434,0.5,39.400001525878906,True,180,5
R_C_log,P02,6.25,-0.194850324298806,0.5,39.400001525878906,True,168,5
R_C_log,P02,6.5,-0.1770528380032248,0.5,39.400001525878906,True,195,5
R_C_log,P02,6.75,-0.15927211579769085,0.5,39.400001525878906,True,181,5
R_C_log,P02,7.0,-0.1415081576822037,0.5,39.400001525878906,True,212,5
R_C_log,P02,7.25,-0.12376096365676381,0.5,39.400001525878906,True,202,5
R_C_log,P02,7.5,-0.1060305337213705,0.5,39.400001525878906,True,255,5
R_C_log,P02,7.75,-0.08831686787602444,0.5,39.400001525878906,True,242,5
R_C_log,P02,8.0,-0.07061996612072585,0.5,39.400001525878906,True,268,5
R_C_log,P02,8.25,-0.05293982845547385,0.5,39.400001525878906,True,271,5
R_C_log,P02,8.5,-0.03527645488026865,0.5,39.400001525878906,True,304,5
R_C_log,P02,8.75,-0.017629845395111143,0.5,39.400001525878906,True,277,5
R_C_log,P02,9.0,0.0,0.5,39.400001525878906,True,301,5
R_C_log,P02,9.25,0.01761308130506345,0.5,39.400001525878906,True,265,5
R_C_log,P02,9.5,0.03520939852008009,0.5,39.400001525878906,True,276,5
R_C_log,P02,9.75,0.052788951645050375,0.5,39.400001525878906,True,284,5
R_C_log,P02,10.0,0.07035174067997252,0.5,39.400001525878906,True,326,5
R_C_log,P02,10.25,0.08789776562484874,0.5,39.400001525878906,True,308,5
R_C_log,P02,10.5,0.10542702647967728,0.5,39.400001525878906,True,384,5
R_C_log,P02,10.75,0.12293952324445856,0.5,39.400001525878906,True,326,5
R_C_log,P02,11.0,0.14043525591919348,0.5,39.400001525878906,True,353,5
R_C_log,P02,11.25,0.1579142245038807,0.5,39.400001525878906,True,354,5
R_C_log,P02,11.5,0.17537642899852157,0.5,39.400001525878906,True,414,5
R_C_log,P02,11.75,0.19282186940311474,0.5,39.400001525878906,True,396,5
R_C_log,P02,12.0,0.2102505457176611,0.5,39.400001525878906,True,450,5
R_C_log,P02,12.25,0.22766245794216022,0.5,39.400001525878906,True,405,5
R_C_log,P02,12.5,0.24505760607661342,0.5,39.400001525878906,True,428,5
R_C_log,P02,12.75,0.26243599012101804,0.5,39.400001525878906,True,379,5
R_C_log,P02,13.0,0.27979761007537673,0.5,39.400001525878906,True,440,5
R_C_log,P02,13.25,0.29714246593968774,0.5,39.400001525878906,True,377,5
R_C_log,P02,13.5,0.3144705577139524,0.5,39.400001525878906,True,424,5
R_C_log,P02,13.75,0.3317818853981698,0.5,39.400001525878906,True,395,5
R_C_log,P02,14.0,0.34907644899234036,0.5,39.400001525878906,True,433,5
R_C_log,P02,14.25,0.3663542484964628,0.5,39.400001525878906,True,392,5
R_C_log,P02,14.5,0.38361528391053934,0.5,39.400001525878906,True,389,5
R_C_log,P02,14.75,0.4008595552345682,0.5,39.400001525878906,True,324,5
R_C_log,P02,15.0,0.4180870624685502,0.5,39.400001525878906,True,349,5
R_C_log,P02,15.25,0.43529780561248543,0.5,39.400001525878906,True,305,5
R_C_log,P02,15.5,0.4524917846663734,0.5,39.400001525878906,True,360,5
R_C_log,P02,15.75,0.4696689996302146,0.5,39.400001525878906,True,327,5
R_C_log,P02,16.0,0.4868294505040085,0.5,39.400001525878906,True,361,5
R_C_log,P02,16.25,0.5039731372877552,0.5,39.400001525878906,True,347,5
R_C_log,P02,16.5,0.521100059981455,0.5,39.400001525878906,True,354,5
R_C_log,P02,16.75,0.5382102185851081,0.5,39.400001525878906,True,306,5
R_C_log,P02,17.0,0.5553036130987139,0.5,39.400001525878906,True,334,5
R_C_log,P02,17.25,0.5723802435222729,0.5,39.400001525878906,True,274,5
R_C_log,P02,17.5,0.5894401098557847,0.5,39.400001525878906,True,321,5
R_C_log,P02,17.75,0.6064832120992496,0.5,39.400001525878906,True,287,5
R_C_log,P02,18.0,0.6235095502526673,0.5,39.400001525878906,True,309,5
R_C_log,P02,18.25,0.6405191243160377,0.5,39.400001525878906,True,265,5
R_C_log,P02,18.5,0.6575119342893618,0.5,39.400001525878906,True,296,5
R_C_log,P02,18.75,0.6744879801726382,0.5,39.400001525878906,True,284,5
R_C_log,P02,19.0,0.6914472619658674,0.5,39.400001525878906,True,300,5
R_C_log,P02,19.25,0.7083897796690506,0.5,39.400001525878906,True,287,5
R_C_log,P02,19.5,0.7253155332821861,0.5,39.400001525878906,True,331,5
R_C_log,P02,19.75,0.7422245228052744,0.5,39.400001525878906,True,281,5
R_C_log,P02,20.0,0.7591167482383159,0.5,39.400001525878906,True,328,5
R_C_log,P02,20.25,0.7759922095813101,0.5,39.400001525878906,True,305,5
R_C_log,P02,20.5,0.7928509068342575,0.5,39.400001525878906,True,334,5
R_C_log,P02,20.75,0.8096928399971581,0.5,39.400001525878906,True,317,5
R_C_log,P02,21.0,0.8265180090700119,0.5,39.400001525878906,True,328,5
R_C_log,P02,21.25,0.843326414052818,0.5,39.400001525878906,True,285,5
R_C_log,P02,21.5,0.8601180549455769,0.5,39.400001525878906,True,324,5
R_C_log,P02,21.75,0.8768929317482899,0.5,39.400001525878906,True,285,4
R_C_log,P02,22.0,0.8936510444609547,0.5,39.400001525878906,True,332,5
R_C_log,P02,22.25,0.9103923930835736,0.5,39.400001525878906,True,280,5
R_C_log,P02,22.5,0.9271169776161439,0.5,39.400001525878906,True,268,5
R_C_log,P02,22.75,0.9438247980586678,0.5,39.400001525878906,True,209,4
R_C_log,P02,23.0,0.9605158544111454,0.5,39.400001525878906,True,223,4
R_C_log,P02,23.25,0.9771901466735757,0.5,39.400001525878906,True,196,4
R_C_log,P02,23.5,0.9938476748459584,0.5,39.400001525878906,True,207,4
R_C_log,P02,23.75,1.0104884389282947,0.5,39.400001525878906,True,191,4
R_C_log,P02,24.0,1.0271124389205837,0.5,39.400001525878906,True,220,4
R_C_log,P02,24.25,1.043719674822825,0.5,39.400001525878906,True,171,4
R_C_log,P02,24.5,1.0603101466350209,0.5,39.400001525878906,True,178,4
R_C_log,P02,24.75,1.0768838543571682,0.5,39.400001525878906,True,160,3
R_C_log,P02,25.0,1.093440797989269,0.5,39.400001525878906,True,127,3
R_C_log,P02,25.25,1.1099809775313232,0.5,39.400001525878906,True,120,3
R_C_log,P02,25.5,1.12650439298333,0.5,39.400001525878906,True,138,3
R_C_log,P02,25.75,1.1430110443452897,0.5,39.400001525878906,True,134,3
R_C_log,P02,26.0,1.1595009316172025,0.5,39.400001525878906,True,160,3
R_C_log,P02,26.25,1.1759740547990685,0.5,39.400001525878906,True,151,3
R_C_log,P02,26.5,1.1924304138908868,0.5,39.400001525878906,True,151,3
R_C_log,P02,26.75,1.2088700088926583,0.5,39.400001525878906,True,136,3
R_C_log,P02,27.0,1.225292839804383,0.5,39.400001525878906,True,135,3
R_C_log,P02,27.25,1.2416989066260613,0.5,39.400001525878906,True,119,3
R_C_log,P02,27.5,1.2580882093576915,0.5,39.400001525878906,True,135,3
R_C_log,P02,27.75,1.2744607479992744,0.5,39.400001525878906,True,104,3
R_C_log,P02,28.0,1.2908165225508115,0.5,39.400001525878906,True,126,3
R_C_log,P02,28.25,1.3071555330123008,0.5,39.400001525878906,True,114,3
R_C_log,P02,28.5,1.323477779383743,0.5,39.400001525878906,True,125,3
R_C_log,P02,28.75,1.339783261665139,0.5,39.400001525878906,True,118,3
R_C_log,P02,29.0,1.3560719798564875,0.5,39.400001525878906,True,142,3
R_C_log,P02,29.25,1.3723439339577883,0.5,39.400001525878906,True,136,3
R_C_log,P02,29.5,1.3885991239690427,0.5,39.400001525878906,True,131,3
R_C_log,P02,29.75,1.4048375498902503,0.5,39.400001525878906,True,123,3
R_C_log,P02,30.0,1.4210592117214103,0.5,39.400001525878906,True,125,3
R_C_log,P02,30.25,1.4372641094625238,0.5,39.400001525878906,True,106,2
R_C_log,P02,30.5,1.4534522431135901,0.5,39.400001525878906,True,127,2
R_C_log,P02,30.75,1.4696236126746092,0.5,39.400001525878906,True,118,2
R_C_log,P02,31.0,1.4857782181455814,0.5,39.400001525878906,True,139,2
R_C_log,P02,31.25,1.5019160595265064,0.5,39.400001525878906,True,112,2
R_C_log,P02,31.5,1.5180371368173846,0.5,39.400001525878906,True,123,1
R_C_log,P02,31.75,1.5341414500182156,0.5,39.400001525878906,True,102,1
R_C_log,P02,32.0,1.5502289991289993,0.5,39.400001525878906,True,105,2
R_C_log,P02,32.25,1.566299784149737,0.5,39.400001525878906,True,83,2
R_C_log,P02,32.5,1.5823538050804267,0.5,39.400001525878906,True,72,2
R_C_log,P02,32.75,1.598391061921069,0.5,39.400001525878906,True,63,2
R_C_log,P02,33.0,1.6144115546716655,0.5,39.400001525878906,True,56,2
R_C_log,P02,33.25,1.6304152833322143,0.5,39.400001525878906,True,47,1
R_C_log,P02,33.5,1.6464022479027167,0.5,39.400001525878906,True,63,1
R_C_log,P02,33.75,1.6623724483831714,0.5,39.400001525878906,True,56,1
R_C_log,P02,34.0,1.678325884773579,0.5,39.400001525878906,True,60,1
R_C_log,P02,34.25,1.69426255707394,0.5,39.400001525878906,True,64,1
R_C_log,P02,34.5,1.7101824652842539,0.5,39.400001525878906,True,62,1
R_C_log,P02,34.75,1.72608560940452,0.5,39.400001525878906,True,44,1
R_C_log,P02,35.0,1.7419719894347399,0.5,39.400001525878906,True,44,1
R_C_log,P02,35.25,1.7578416053749124,0.5,39.400001525878906,True,30,1
R_C_log,P02,35.5,1.7736944572250386,0.5,39.400001525878906,True,24,1
R_C_log,P02,35.75,1.7895305449851175,0.5,39.400001525878906,True,17,1
R_C_log,P02,36.0,1.8053498686551483,0.5,39.400001525878906,True,13,1
R_C_log,P02,36.25,1.8211524282351328,0.5,39.400001525878906,True,5,1
R_C_log,P02,36.5,1.8369382237250704,0.5,39.400001525878906,True,3,1
R_C_log,P02,36.75,1.8527072551249608,0.5,39.400001525878906,True,4,1
R_C_log,P02,37.0,1.868459522434804,0.5,39.400001525878906,True,5,1
R_C_log,P02,37.25,1.8841950256546003,0.5,39.400001525878906,True,5,1
R_C_log,P02,37.5,1.8999137647843498,0.5,39.400001525878906,True,5,1
R_C_log,P02,37.75,1.9156157398240525,0.5,39.400001525878906,True,2,1
R_C_log,P02,38.0,1.9313009507737071,0.5,39.400001525878906,True,1,1
R_C_log,P02,38.25,1.9469693976333162,0.5,39.400001525878906,True,1,1
R_C_log,P02,38.5,1.9626210804028772,0.5,39.400001525878906,True,1,1
R_C_log,P02,38.75,1.9782559990823914,0.5,39.400001525878906,True,1,1
R_C_log,P02,39.0,1.9938741536718587,0.5,39.400001525878906,True,2,1
R_C_log,P02,39.25,2.0094755441712784,0.5,39.400001525878906,True,1,1
R_C_log,P02,39.5,2.025060170580652,0.5,39.400001525878906,False,1,1
R_C_log,P02,39.75,2.040628032899978,0.5,39.400001525878906,False,1,1
R_C_log,P02,40.0,2.0561791311292565,0.5,39.400001525878906,False,0,0
R_C_log,S01,1.0,-0.2941460761573409,1.2999999523162842,39.400001525878906,False,4,1
R_C_log,S01,1.25,-0.28495401127742404,1.2999999523162842,39.400001525878906,False,7,2
R_C_log,S01,1.5,-0.2757619463975072,1.2999999523162842,39.400001525878906,True,9,2
R_C_log,S01,1.75,-0.2665698815175903,1.2999999523162842,39.400001525878906,True,10,2
R_C_log,S01,2.0,-0.25737781663767345,1.2999999523162842,39.400001525878906,True,19,3
R_C_log,S01,2.25,-0.2481857517577566,1.2999999523162842,39.400001525878906,True,20,3
R_C_log,S01,2.5,-0.2389936868778395,1.2999999523162842,39.400001525878906,True,31,3
R_C_log,S01,2.75,-0.22980162199792264,1.2999999523162842,39.400001525878906,True,37,3
R_C_log,S01,3.0,-0.22060955711800534,1.2999999523162842,39.400001525878906,True,47,3
R_C_log,S01,3.25,-0.2114174922380887,1.2999999523162842,39.400001525878906,True,53,3
R_C_log,S01,3.5,-0.20222542735817162,1.2999999523162842,39.400001525878906,True,61,3
R_C_log,S01,3.75,-0.1930333624782552,1.2999999523162842,39.400001525878906,True,57,3
R_C_log,S01,4.0,-0.18384129759833812,1.2999999523162842,39.400001525878906,True,67,3
R_C_log,S01,4.25,-0.17464923271842103,1.2999999523162842,39.400001525878906,True,60,3
R_C_log,S01,4.5,-0.1654571678385044,1.2999999523162842,39.400001525878906,True,89,4
R_C_log,S01,4.75,-0.1562651029585873,1.2999999523162842,39.400001525878906,True,99,4
R_C_log,S01,5.0,-0.14707303807867067,1.2999999523162842,39.400001525878906,True,134,4
R_C_log,S01,5.25,-0.1378809731987536,1.2999999523162842,39.400001525878906,True,145,5
R_C_log,S01,5.5,-0.1286889083188365,1.2999999523162842,39.400001525878906,True,158,5
R_C_log,S01,5.75,-0.11949684343892031,1.2999999523162842,39.400001525878906,True,158,5
R_C_log,S01,6.0,-0.11030477855900234,1.2999999523162842,39.400001525878906,True,180,5
R_C_log,S01,6.25,-0.1011127136790857,1.2999999523162842,39.400001525878906,True,168,5
R_C_log,S01,6.5,-0.09192064879916861,1.2999999523162842,39.400001525878906,True,195,5
R_C_log,S01,6.75,-0.08272858391925197,1.2999999523162842,39.400001525878906,True,181,5
R_C_log,S01,7.0,-0.07353651903933534,1.2999999523162842,39.400001525878906,True,212,5
R_C_log,S01,7.25,-0.06434445415941825,1.2999999523162842,39.400001525878906,True,202,5
R_C_log,S01,7.5,-0.05515238927950117,1.2999999523162842,39.400001525878906,True,255,5
R_C_log,S01,7.75,-0.04596032439958453,1.2999999523162842,39.400001525878906,True,242,5
R_C_log,S01,8.0,-0.036768259519667446,1.2999999523162842,39.400001525878906,True,268,5
R_C_log,S01,8.25,-0.027576194639750806,1.2999999523162842,39.400001525878906,True,271,5
R_C_log,S01,8.5,-0.018384129759833723,1.2999999523162842,39.400001525878906,True,304,5
R_C_log,S01,8.75,-0.009192064879917083,1.2999999523162842,39.400001525878906,True,277,5
R_C_log,S01,9.0,0.0,1.2999999523162842,39.400001525878906,True,301,5
R_C_log,S01,9.25,0.00919206487991664,1.2999999523162842,39.400001525878906,True,265,5
R_C_log,S01,9.5,0.018384129759833723,1.2999999523162842,39.400001525878906,True,276,5
R_C_log,S01,9.75,0.027576194639750362,1.2999999523162842,39.400001525878906,True,284,5
R_C_log,S01,10.0,0.036768259519667446,1.2999999523162842,39.400001525878906,True,326,5
R_C_log,S01,10.25,0.04596032439958453,1.2999999523162842,39.400001525878906,True,308,5
R_C_log,S01,10.5,0.05515238927950161,1.2999999523162842,39.400001525878906,True,384,5
R_C_log,S01,10.75,0.06434445415941825,1.2999999523162842,39.400001525878906,True,326,5
R_C_log,S01,11.0,0.07353651903933534,1.2999999523162842,39.400001525878906,True,353,5
R_C_log,S01,11.25,0.08272858391925242,1.2999999523162842,39.400001525878906,True,354,5
R_C_log,S01,11.5,0.0919206487991695,1.2999999523162842,39.400001525878906,True,414,5
R_C_log,S01,11.75,0.10111271367908659,1.2999999523162842,39.400001525878906,True,396,5
R_C_log,S01,12.0,0.11030477855900234,1.2999999523162842,39.400001525878906,True,450,5
R_C_log,S01,12.25,0.11949684343892031,1.2999999523162842,39.400001525878906,True,405,5
R_C_log,S01,12.5,0.12868890831883695,1.2999999523162842,39.400001525878906,True,428,5
R_C_log,S01,12.75,0.13788097319875403,1.2999999523162842,39.400001525878906,True,379,5
R_C_log,S01,13.0,0.14707303807867067,1.2999999523162842,39.400001525878906,True,440,5
R_C_log,S01,13.25,0.15626510295858775,1.2999999523162842,39.400001525878906,True,377,5
R_C_log,S01,13.5,0.1654571678385044,1.2999999523162842,39.400001525878906,True,424,5
R_C_log,S01,13.75,0.17464923271842148,1.2999999523162842,39.400001525878906,True,395,5
R_C_log,S01,14.0,0.18384129759833812,1.2999999523162842,39.400001525878906,True,433,5
R_C_log,S01,14.25,0.1930333624782552,1.2999999523162842,39.400001525878906,True,392,5
R_C_log,S01,14.5,0.20222542735817184,1.2999999523162842,39.400001525878906,True,389,5
R_C_log,S01,14.75,0.21141749223808892,1.2999999523162842,39.400001525878906,True,324,5
R_C_log,S01,15.0,0.22060955711800556,1.2999999523162842,39.400001525878906,True,349,5
R_C_log,S01,15.25,0.22980162199792264,1.2999999523162842,39.400001525878906,True,305,5
R_C_log,S01,15.5,0.23899368687783928,1.2999999523162842,39.400001525878906,True,360,5
R_C_log,S01,15.75,0.24818575175775637,1.2999999523162842,39.400001525878906,True,327,5
R_C_log,S01,16.0,0.25737781663767345,1.2999999523162842,39.400001525878906,True,361,5
R_C_log,S01,16.25,0.2665698815175901,1.2999999523162842,39.400001525878906,True,347,5
R_C_log,S01,16.5,0.27576194639750673,1.2999999523162842,39.400001525878906,True,354,5
R_C_log,S01,16.75,0.28495401127742426,1.2999999523162842,39.400001525878906,True,306,5
R_C_log,S01,17.0,0.29414607615734134,1.2999999523162842,39.400001525878906,True,334,5
R_C_log,S01,17.25,0.303338141037258,1.2999999523162842,39.400001525878906,True,274,5
R_C_log,S01,17.5,0.31253020591717506,1.2999999523162842,39.400001525878906,True,321,5
R_C_log,S01,17.75,0.32172227079709215,1.2999999523162842,39.400001525878906,True,287,5
R_C_log,S01,18.0,0.33091433567700923,1.2999999523162842,39.400001525878906,True,309,5
R_C_log,S01,18.25,0.340106400556925,1.2999999523162842,39.400001525878906,True,265,5
R_C_log,S01,18.5,0.34929846543684295,1.2999999523162842,39.400001525878906,True,296,5
R_C_log,S01,18.75,0.3584905303167596,1.2999999523162842,39.400001525878906,True,284,5
R_C_log,S01,19.0,0.3676825951966767,1.2999999523162842,39.400001525878906,True,300,5
R_C_log,S01,19.25,0.3768746600765933,1.2999999523162842,39.400001525878906,True,287,5
R_C_log,S01,19.5,0.38606672495650995,1.2999999523162842,39.400001525878906,True,331,5
R_C_log,S01,19.75,0.3952587898364266,1.2999999523162842,39.400001525878906,True,281,5
R_C_log,S01,20.0,0.4044508547163441,1.2999999523162842,39.400001525878906,True,328,5
R_C_log,S01,20.25,0.41364291959626076,1.2999999523162842,39.400001525878906,True,305,5
R_C_log,S01,20.5,0.42283498447617784,1.2999999523162842,39.400001525878906,True,334,5
R_C_log,S01,20.75,0.4320270493560945,1.2999999523162842,39.400001525878906,True,317,5
R_C_log,S01,21.0,0.44121911423601157,1.2999999523162842,39.400001525878906,True,328,5
R_C_log,S01,21.25,0.4504111791159282,1.2999999523162842,39.400001525878906,True,285,5
R_C_log,S01,21.5,0.4596032439958453,1.2999999523162842,39.400001525878906,True,324,5
R_C_log,S01,21.75,0.46879530887576193,1.2999999523162842,39.400001525878906,True,285,4
R_C_log,S01,22.0,0.477987373755679,1.2999999523162842,39.400001525878906,True,332,5
R_C_log,S01,22.25,0.48717943863559654,1.2999999523162842,39.400001525878906,True,280,5
R_C_log,S01,22.5,0.49637150351551274,1.2999999523162842,39.400001525878906,True,268,5
R_C_log,S01,22.75,0.5055635683954303,1.2999999523162842,39.400001525878906,True,209,4
R_C_log,S01,23.0,0.5147556332753469,1.2999999523162842,39.400001525878906,True,223,4
R_C_log,S01,23.25,0.523947698155264,1.2999999523162842,39.400001525878906,True,196,4
R_C_log,S01,23.5,0.5331397630351802,1.2999999523162842,39.400001525878906,True,207,4
R_C_log,S01,23.75,0.5423318279150977,1.2999999523162842,39.400001525878906,True,191,4
R_C_log,S01,24.0,0.5515238927950143,1.2999999523162842,39.400001525878906,True,220,4
R_C_log,S01,24.25,0.5607159576749314,1.2999999523162842,39.400001525878906,True,171,4
R_C_log,S01,24.5,0.5699080225548481,1.2999999523162842,39.400001525878906,True,178,4
R_C_log,S01,24.75,0.5791000874347656,1.2999999523162842,39.400001525878906,True,160,3
R_C_log,S01,25.0,0.5882921523146822,1.2999999523162842,39.400001525878906,True,127,3
R_C_log,S01,25.25,0.5974842171945993,1.2999999523162842,39.400001525878906,True,120,3
R_C_log,S01,25.5,0.606676282074516,1.2999999523162842,39.400001525878906,True,138,3
R_C_log,S01,25.75,0.615868346954433,1.2999999523162842,39.400001525878906,True,134,3
R_C_log,S01,26.0,0.6250604118343497,1.2999999523162842,39.400001525878906,True,160,3
R_C_log,S01,26.25,0.6342524767142668,1.2999999523162842,39.400001525878906,True,151,3
R_C_log,S01,26.5,0.6434445415941834,1.2999999523162842,39.400001525878906,True,151,3
R_C_log,S01,26.75,0.6526366064741005,1.2999999523162842,39.400001525878906,True,136,3
R_C_log,S01,27.0,0.6618286713540171,1.2999999523162842,39.400001525878906,True,135,3
R_C_log,S01,27.25,0.6710207362339342,1.2999999523162842,39.400001525878906,True,119,3
R_C_log,S01,27.5,0.6802128011138509,1.2999999523162842,39.400001525878906,True,135,3
R_C_log,S01,27.75,0.6894048659937679,1.2999999523162842,39.400001525878906,True,104,3
R_C_log,S01,28.0,0.6985969308736846,1.2999999523162842,39.400001525878906,True,126,3
R_C_log,S01,28.25,0.7077889957536017,1.2999999523162842,39.400001525878906,True,114,3
R_C_log,S01,28.5,0.7169810606335187,1.2999999523162842,39.400001525878906,True,125,3
R_C_log,S01,28.75,0.7261731255134354,1.2999999523162842,39.400001525878906,True,118,3
R_C_log,S01,29.0,0.7353651903933529,1.2999999523162842,39.400001525878906,True,142,3
R_C_log,S01,29.25,0.7445572552732695,1.2999999523162842,39.400001525878906,True,136,3
R_C_log,S01,29.5,0.7537493201531866,1.2999999523162842,39.400001525878906,True,131,3
R_C_log,S01,29.75,0.7629413850331028,1.2999999523162842,39.400001525878906,True,123,3
R_C_log,S01,30.0,0.7721334499130204,1.2999999523162842,39.400001525878906,True,125,3
R_C_log,S01,30.25,0.7813255147929374,1.2999999523162842,39.400001525878906,True,106,2
R_C_log,S01,30.5,0.7905175796728545,1.2999999523162842,39.400001525878906,True,127,2
R_C_log,S01,30.75,0.7997096445527712,1.2999999523162842,39.400001525878906,True,118,2
R_C_log,S01,31.0,0.8089017094326882,1.2999999523162842,39.400001525878906,True,139,2
R_C_log,S01,31.25,0.8180937743126049,1.2999999523162842,39.400001525878906,True,112,2
R_C_log,S01,31.5,0.827285839192522,1.2999999523162842,39.400001525878906,True,123,1
R_C_log,S01,31.75,0.8364779040724386,1.2999999523162842,39.400001525878906,True,102,1
R_C_log,S01,32.0,0.8456699689523557,1.2999999523162842,39.400001525878906,True,105,2
R_C_log,S01,32.25,0.8548620338322719,1.2999999523162842,39.400001525878906,True,83,2
R_C_log,S01,32.5,0.8640540987121894,1.2999999523162842,39.400001525878906,True,72,2
R_C_log,S01,32.75,0.873246163592106,1.2999999523162842,39.400001525878906,True,63,2
R_C_log,S01,33.0,0.8824382284720231,1.2999999523162842,39.400001525878906,True,56,2
R_C_log,S01,33.25,0.8916302933519398,1.2999999523162842,39.400001525878906,True,47,1
R_C_log,S01,33.5,0.9008223582318569,1.2999999523162842,39.400001525878906,True,63,1
R_C_log,S01,33.75,0.9100144231117735,1.2999999523162842,39.400001525878906,True,56,1
R_C_log,S01,34.0,0.9192064879916906,1.2999999523162842,39.400001525878906,True,60,1
R_C_log,S01,34.25,0.9283985528716077,1.2999999523162842,39.400001525878906,True,64,1
R_C_log,S01,34.5,0.9375906177515243,1.2999999523162842,39.400001525878906,True,62,1
R_C_log,S01,34.75,0.9467826826314414,1.2999999523162842,39.400001525878906,True,44,1
R_C_log,S01,35.0,0.955974747511358,1.2999999523162842,39.400001525878906,True,44,1
R_C_log,S01,35.25,0.9651668123912751,1.2999999523162842,39.400001525878906,True,30,1
R_C_log,S01,35.5,0.9743588772711922,1.2999999523162842,39.400001525878906,True,24,1
R_C_log,S01,35.75,0.9835509421511093,1.2999999523162842,39.400001525878906,True,17,1
R_C_log,S01,36.0,0.9927430070310259,1.2999999523162842,39.400001525878906,True,13,1
R_C_log,S01,36.25,1.001935071910943,1.2999999523162842,39.400001525878906,True,5,1
R_C_log,S01,36.5,1.01112713679086,1.2999999523162842,39.400001525878906,True,3,1
R_C_log,S01,36.75,1.0203192016707772,1.2999999523162842,39.400001525878906,True,4,1
R_C_log,S01,37.0,1.0295112665506938,1.2999999523162842,39.400001525878906,True,5,1
R_C_log,S01,37.25,1.0387033314306109,1.2999999523162842,39.400001525878906,True,5,1
R_C_log,S01,37.5,1.0478953963105275,1.2999999523162842,39.400001525878906,True,5,1
R_C_log,S01,37.75,1.0570874611904446,1.2999999523162842,39.400001525878906,True,2,1
R_C_log,S01,38.0,1.0662795260703612,1.2999999523162842,39.400001525878906,True,1,1
R_C_log,S01,38.25,1.0754715909502783,1.2999999523162842,39.400001525878906,True,1,1
R_C_log,S01,38.5,1.0846636558301945,1.2999999523162842,39.400001525878906,True,1,1
R_C_log,S01,38.75,1.093855720710112,1.2999999523162842,39.400001525878906,True,1,1
R_C_log,S01,39.0,1.1030477855900287,1.2999999523162842,39.400001525878906,True,2,1
R_C_log,S01,39.25,1.1122398504699458,1.2999999523162842,39.400001525878906,True,1,1
R_C_log,S01,39.5,1.1214319153498629,1.2999999523162842,39.400001525878906,False,1,1
R_C_log,S01,39.75,1.1306239802297795,1.2999999523162842,39.400001525878906,False,1,1
R_C_log,S01,40.0,1.1398160451096966,1.2999999523162842,39.400001525878906,False,0,0
R_C_log,S02,1.0,-0.1823013309459669,1.2999999523162842,39.400001525878906,False,4,1
R_C_log,S02,1.25,-0.17781087381693794,1.2999999523162842,39.400001525878906,False,7,2
R_C_log,S02,1.5,-0.17324258059352005,1.2999999523162842,39.400001525878906,True,9,2
R_C_log,S02,1.75,-0.16859645127571232,1.2999999523162842,39.400001525878906,True,10,2
R_C_log,S02,2.0,-0.1638724858635161,1.2999999523162842,39.400001525878906,True,19,3
R_C_log,S02,2.25,-0.15907068435693006,1.2999999523162842,39.400001525878906,True,20,3
R_C_log,S02,2.5,-0.15419104675595507,1.2999999523162842,39.400001525878906,True,31,3
R_C_log,S02,2.75,-0.14923357306059026,1.2999999523162842,39.400001525878906,True,37,3
R_C_log,S02,3.0,-0.14419826327083785,1.2999999523162842,39.400001525878906,True,47,3
R_C_log,S02,3.25,-0.1390851173866947,1.2999999523162842,39.400001525878906,True,53,3
R_C_log,S02,3.5,-0.13389413540816308,1.2999999523162842,39.400001525878906,True,61,3
R_C_log,S02,3.75,-0.12862531733524252,1.2999999523162842,39.400001525878906,True,57,3
R_C_log,S02,4.0,-0.12327866316793168,1.2999999523162842,39.400001525878906,True,67,3
R_C_log,S02,4.25,-0.11785417290623279,1.2999999523162842,39.400001525878906,True,60,3
R_C_log,S02,4.5,-0.11235184655014452,1.2999999523162842,39.400001525878906,True,89,4
R_C_log,S02,4.75,-0.10677168409966686,1.2999999523162842,39.400001525878906,True,99,4
R_C_log,S02,5.0,-0.10111368555479983,1.2999999523162842,39.400001525878906,True,134,4
R_C_log,S02,5.25,-0.0953778509155434,1.2999999523162842,39.400001525878906,True,145,5
R_C_log,S02,5.5,-0.08956418018189849,1.2999999523162842,39.400001525878906,True,158,5
R_C_log,S02,5.75,-0.08367267335386375,1.2999999523162842,39.400001525878906,True,158,5
R_C_log,S02,6.0,-0.07770333043144051,1.2999999523162842,39.400001525878906,True,180,5
R_C_log,S02,6.25,-0.07165615141462744,1.2999999523162842,39.400001525878906,True,168,5
R_C_log,S02,6.5,-0.06553113630342544,1.2999999523162842,39.400001525878906,True,195,5
R_C_log,S02,6.75,-0.05932828509783494,1.2999999523162842,39.400001525878906,True,181,5
R_C_log,S02,7.0,-0.05304759779785373,1.2999999523162842,39.400001525878906,True,212,5
R_C_log,S02,7.25,-0.046689074403484465,1.2999999523162842,39.400001525878906,True,202,5
R_C_log,S02,7.5,-0.040252714914725374,1.2999999523162842,39.400001525878906,True,255,5
R_C_log,S02,7.75,-0.03373851933157779,1.2999999523162842,39.400001525878906,True,242,5
R_C_log,S02,8.0,-0.027146487654040374,1.2999999523162842,39.400001525878906,True,268,5
R_C_log,S02,8.25,-0.020476619882114022,1.2999999523162842,39.400001525878906,True,271,5
R_C_log,S02,8.5,-0.013728916015798731,1.2999999523162842,39.400001525878906,True,304,5
R_C_log,S02,8.75,-0.006903376055093613,1.2999999523162842,39.400001525878906,True,277,5
R_C_log,S02,9.0,0.0,1.2999999523162842,39.400001525878906,True,301,5
R_C_log,S02,9.25,0.00698121214948344,1.2999999523162842,39.400001525878906,True,265,5
R_C_log,S02,9.5,0.014040260393355375,1.2999999523162842,39.400001525878906,True,276,5
R_C_log,S02,9.75,0.021177144731616693,1.2999999523162842,39.400001525878906,True,284,5
R_C_log,S02,10.0,0.028391865164267394,1.2999999523162842,39.400001525878906,True,326,5
R_C_log,S02,10.25,0.03568442169130792,1.2999999523162842,39.400001525878906,True,308,5
R_C_log,S02,10.5,0.0430548143127365,1.2999999523162842,39.400001525878906,True,384,5
R_C_log,S02,10.75,0.050503043028554906,1.2999999523162842,39.400001525878906,True,326,5
R_C_log,S02,11.0,0.05802910783876225,1.2999999523162842,39.400001525878906,True,353,5
R_C_log,S02,11.25,0.06563300874335898,1.2999999523162842,39.400001525878906,True,354,5
R_C_log,S02,11.5,0.07331474574234464,1.2999999523162842,39.400001525878906,True,414,5
R_C_log,S02,11.75,0.0810743188357197,1.2999999523162842,39.400001525878906,True,396,5
R_C_log,S02,12.0,0.08891172802348413,1.2999999523162842,39.400001525878906,True,450,5
R_C_log,S02,12.25,0.09682697330563794,1.2999999523162842,39.400001525878906,True,405,5
R_C_log,S02,12.5,0.10482005468217981,1.2999999523162842,39.400001525878906,True,428,5
R_C_log,S02,12.75,0.11289097215311195,1.2999999523162842,39.400001525878906,True,379,5
R_C_log,S02,13.0,0.12103972571843258,1.2999999523162842,39.400001525878906,True,440,5
R_C_log,S02,13.25,0.12926631537814304,1.2999999523162842,39.400001525878906,True,377,5
R_C_log,S02,13.5,0.13757074113224244,1.2999999523162842,39.400001525878906,True,424,5
R_C_log,S02,13.75,0.14595300298073122,1.2999999523162842,39.400001525878906,True,395,5
R_C_log,S02,14.0,0.1544131009236085,1.2999999523162842,39.400001525878906,True,433,5
R_C_log,S02,14.25,0.1629510349608756,1.2999999523162842,39.400001525878906,True,392,5
R_C_log,S02,14.5,0.17156680509253164,1.2999999523162842,39.400001525878906,True,389,5
R_C_log,S02,14.75,0.18026041131857662,1.2999999523162842,39.400001525878906,True,324,5
R_C_log,S02,15.0,0.18903185363901143,1.2999999523162842,39.400001525878906,True,349,5
R_C_log,S02,15.25,0.19788113205383517,1.2999999523162842,39.400001525878906,True,305,5
R_C_log,S02,15.5,0.20680824656304786,1.2999999523162842,39.400001525878906,True,360,5
R_C_log,S02,15.75,0.21581319716664993,1.2999999523162842,39.400001525878906,True,327,5
R_C_log,S02,16.0,0.22489598386464094,1.2999999523162842,39.400001525878906,True,361,5
R_C_log,S02,16.25,0.23405660665702177,1.2999999523162842,39.400001525878906,True,347,5
R_C_log,S02,16.5,0.24329506554379066,1.2999999523162842,39.400001525878906,True,354,5
R_C_log,S02,16.75,0.25261136052495026,1.2999999523162842,39.400001525878906,True,306,5
R_C_log,S02,17.0,0.26200549160049746,1.2999999523162842,39.400001525878906,True,334,5
R_C_log,S02,17.25,0.27147745877043494,1.2999999523162842,39.400001525878906,True,274,5
R_C_log,S02,17.5,0.28102726203476136,1.2999999523162842,39.400001525878906,True,321,5
R_C_log,S02,17.75,0.29065490139347716,1.2999999523162842,39.400001525878906,True,287,5
R_C_log,S02,18.0,0.3003603768465819,1.2999999523162842,39.400001525878906,True,309,5
R_C_log,S02,18.25,0.310143688394076,1.2999999523162842,39.400001525878906,True,265,5
R_C_log,S02,18.5,0.3200048360359591,1.2999999523162842,39.400001525878906,True,296,5
R_C_log,S02,18.75,0.3299438197722311,1.2999999523162842,39.400001525878906,True,284,5
R_C_log,S02,19.0,0.3399606396028929,1.2999999523162842,39.400001525878906,True,300,5
R_C_log,S02,19.25,0.3500552955279437,1.2999999523162842,39.400001525878906,True,287,5
R_C_log,S02,19.5,0.3602277875473838,1.2999999523162842,39.400001525878906,True,331,5
R_C_log,S02,19.75,0.37047811566121247,1.2999999523162842,39.400001525878906,True,281,5
R_C_log,S02,20.0,0.38080627986943094,1.2999999523162842,39.400001525878906,True,328,5
R_C_log,S02,20.25,0.39121228017203835,1.2999999523162842,39.400001525878906,True,305,5
R_C_log,S02,20.5,0.4016961165690347,1.2999999523162842,39.400001525878906,True,334,5
R_C_log,S02,20.75,0.4122577890604209,1.2999999523162842,39.400001525878906,True,317,5
R_C_log,S02,21.0,0.422897297646196,1.2999999523162842,39.400001525878906,True,328,5
R_C_log,S02,21.25,0.4336146423263605,1.2999999523162842,39.400001525878906,True,285,5
R_C_log,S02,21.5,0.4444098231009135,1.2999999523162842,39.400001525878906,True,324,5
R_C_log,S02,21.75,0.45528283996985586,1.2999999523162842,39.400001525878906,True,285,4
R_C_log,S02,22.0,0.46623369293318806,1.2999999523162842,39.400001525878906,True,332,5
R_C_log,S02,22.25,0.4772623819909092,1.2999999523162842,39.400001525878906,True,280,5
R_C_log,S02,22.5,0.48836890714301884,1.2999999523162842,39.400001525878906,True,268,5
R_C_log,S02,22.75,0.4995532683895192,1.2999999523162842,39.400001525878906,True,209,4
R_C_log,S02,23.0,0.5108154657304076,1.2999999523162842,39.400001525878906,True,223,4
R_C_log,S02,23.25,0.5221554991656849,1.2999999523162842,39.400001525878906,True,196,4
R_C_log,S02,23.5,0.5335733686953517,1.2999999523162842,39.400001525878906,True,207,4
R_C_log,S02,23.75,0.5450690743194082,1.2999999523162842,39.400001525878906,True,191,4
R_C_log,S02,24.0,0.5566426160378533,1.2999999523162842,39.400001525878906,True,220,4
R_C_log,S02,24.25,0.5682939938506881,1.2999999523162842,39.400001525878906,True,171,4
R_C_log,S02,24.5,0.5800232077579119,1.2999999523162842,39.400001525878906,True,178,4
R_C_log,S02,24.75,0.5918302577595251,1.2999999523162842,39.400001525878906,True,160,3
R_C_log,S02,25.0,0.6037151438555264,1.2999999523162842,39.400001525878906,True,127,3
R_C_log,S02,25.25,0.6156778660459183,1.2999999523162842,39.400001525878906,True,120,3
R_C_log,S02,25.5,0.6277184243306988,1.2999999523162842,39.400001525878906,True,138,3
R_C_log,S02,25.75,0.6398368187098682,1.2999999523162842,39.400001525878906,True,134,3
R_C_log,S02,26.0,0.6520330491834265,1.2999999523162842,39.400001525878906,True,160,3
R_C_log,S02,26.25,0.6643071157513751,1.2999999523162842,39.400001525878906,True,151,3
R_C_log,S02,26.5,0.6766590184137127,1.2999999523162842,39.400001525878906,True,151,3
R_C_log,S02,26.75,0.6890887571704383,1.2999999523162842,39.400001525878906,True,136,3
R_C_log,S02,27.0,0.7015963320215541,1.2999999523162842,39.400001525878906,True,135,3
R_C_log,S02,27.25,0.7141817429670589,1.2999999523162842,39.400001525878906,True,119,3
R_C_log,S02,27.5,0.7268449900069531,1.2999999523162842,39.400001525878906,True,135,3
R_C_log,S02,27.75,0.7395860731412363,1.2999999523162842,39.400001525878906,True,104,3
R_C_log,S02,28.0,0.7524049923699088,1.2999999523162842,39.400001525878906,True,126,3
R_C_log,S02,28.25,0.7653017476929698,1.2999999523162842,39.400001525878906,True,114,3
R_C_log,S02,28.5,0.778276339110421,1.2999999523162842,39.400001525878906,True,125,3
R_C_log,S02,28.75,0.7913287666222608,1.2999999523162842,39.400001525878906,True,118,3
R_C_log,S02,29.0,0.8044590302284904,1.2999999523162842,39.400001525878906,True,142,3
R_C_log,S02,29.25,0.817667129929109,1.2999999523162842,39.400001525878906,True,136,3
R_C_log,S02,29.5,0.830953065724116,1.2999999523162842,39.400001525878906,True,131,3
R_C_log,S02,29.75,0.8443168376135128,1.2999999523162842,39.400001525878906,True,123,3
R_C_log,S02,30.0,0.8577584455972982,1.2999999523162842,39.400001525878906,True,125,3
R_C_log,S02,30.25,0.8712778896754738,1.2999999523162842,39.400001525878906,True,106,2
R_C_log,S02,30.5,0.8848751698480384,1.2999999523162842,39.400001525878906,True,127,2
R_C_log,S02,30.75,0.8985502861149919,1.2999999523162842,39.400001525878906,True,118,2
R_C_log,S02,31.0,0.9123032384763343,1.2999999523162842,39.400001525878906,True,139,2
R_C_log,S02,31.25,0.9261340269320657,1.2999999523162842,39.400001525878906,True,112,2
R_C_log,S02,31.5,0.9400426514821865,1.2999999523162842,39.400001525878906,True,123,1
R_C_log,S02,31.75,0.9540291121266975,1.2999999523162842,39.400001525878906,True,102,1
R_C_log,S02,32.0,0.968093408865597,1.2999999523162842,39.400001525878906,True,105,2
R_C_log,S02,32.25,0.9822355416988855,1.2999999523162842,39.400001525878906,True,83,2
R_C_log,S02,32.5,0.9964555106265633,1.2999999523162842,39.400001525878906,True,72,2
R_C_log,S02,32.75,1.0107533156486301,1.2999999523162842,39.400001525878906,True,63,2
R_C_log,S02,33.0,1.0251289567650863,1.2999999523162842,39.400001525878906,True,56,2
R_C_log,S02,33.25,1.0395824339759314,1.2999999523162842,39.400001525878906,True,47,1
R_C_log,S02,33.5,1.054113747281166,1.2999999523162842,39.400001525878906,True,63,1
R_C_log,S02,33.75,1.0687228966807898,1.2999999523162842,39.400001525878906,True,56,1
R_C_log,S02,34.0,1.083409882174803,1.2999999523162842,39.400001525878906,True,60,1
R_C_log,S02,34.25,1.0981747037632048,1.2999999523162842,39.400001525878906,True,64,1
R_C_log,S02,34.5,1.1130173614459964,1.2999999523162842,39.400001525878906,True,62,1
R_C_log,S02,34.75,1.127937855223177,1.2999999523162842,39.400001525878906,True,44,1
R_C_log,S02,35.0,1.1429361850947464,1.2999999523162842,39.400001525878906,True,44,1
R_C_log,S02,35.25,1.1580123510607057,1.2999999523162842,39.400001525878906,True,30,1
R_C_log,S02,35.5,1.1731663531210534,1.2999999523162842,39.400001525878906,True,24,1
R_C_log,S02,35.75,1.188398191275791,1.2999999523162842,39.400001525878906,True,17,1
R_C_log,S02,36.0,1.2037078655249172,1.2999999523162842,39.400001525878906,True,13,1
R_C_log,S02,36.25,1.2190953758684326,1.2999999523162842,39.400001525878906,True,5,1
R_C_log,S02,36.5,1.234560722306338,1.2999999523162842,39.400001525878906,True,3,1
R_C_log,S02,36.75,1.2501039048386318,1.2999999523162842,39.400001525878906,True,4,1
R_C_log,S02,37.0,1.2657249234653154,1.2999999523162842,39.400001525878906,True,5,1
R_C_log,S02,37.25,1.2814237781863875,1.2999999523162842,39.400001525878906,True,5,1
R_C_log,S02,37.5,1.2972004690018495,1.2999999523162842,39.400001525878906,True,5,1
R_C_log,S02,37.75,1.3130549959117,1.2999999523162842,39.400001525878906,True,2,1
R_C_log,S02,38.0,1.3289873589159398,1.2999999523162842,39.400001525878906,True,1,1
R_C_log,S02,38.25,1.3449975580145694,1.2999999523162842,39.400001525878906,True,1,1
R_C_log,S02,38.5,1.3610855932075876,1.2999999523162842,39.400001525878906,True,1,1
R_C_log,S02,38.75,1.3772514644949947,1.2999999523162842,39.400001525878906,True,1,1
R_C_log,S02,39.0,1.3934951718767916,1.2999999523162842,39.400001525878906,True,2,1
R_C_log,S02,39.25,1.4098167153529775,1.2999999523162842,39.400001525878906,True,1,1
R_C_log,S02,39.5,1.4262160949235527,1.2999999523162842,39.400001525878906,False,1,1
R_C_log,S02,39.75,1.442693310588517,1.2999999523162842,39.400001525878906,False,1,1
R_C_log,S02,40.0,1.45924836234787,1.2999999523162842,39.400001525878906,False,0,0
R_C_log,S03,1.0,1.094657848355077,1.2999999523162842,39.400001525878906,False,4,1
R_C_log,S03,1.25,1.0189004048797212,1.2999999523162842,39.400001525878906,False,7,2
R_C_log,S03,1.5,0.9442658056903426,1.2999999523162842,39.400001525878906,True,9,2
R_C_log,S03,1.75,0.8730318047163252,1.2999999523162842,39.400001525878906,True,10,2
R_C_log,S03,2.0,0.8051984743279323,1.2999999523162842,39.400001525878906,True,19,3
R_C_log,S03,2.25,0.7406952387908756,1.2999999523162842,39.400001525878906,True,20,3
R_C_log,S03,2.5,0.679451522370865,1.2999999523162842,39.400001525878906,True,31,3
R_C_log,S03,2.75,0.6213967493336097,1.2999999523162842,39.400001525878906,True,37,3
R_C_log,S03,3.0,0.5664603439448204,1.2999999523162842,39.400001525878906,True,47,3
R_C_log,S03,3.25,0.5145717304702071,1.2999999523162842,39.400001525878906,True,53,3
R_C_log,S03,3.5,0.46566033317547983,1.2999999523162842,39.400001525878906,True,61,3
R_C_log,S03,3.75,0.41965557632634987,1.2999999523162842,39.400001525878906,True,57,3
R_C_log,S03,4.0,0.37648688418852494,1.2999999523162842,39.400001525878906,True,67,3
R_C_log,S03,4.25,0.3360836810277177,1.2999999523162842,39.400001525878906,True,60,3
R_C_log,S03,4.5,0.29837539110963673,1.2999999523162842,39.400001525878906,True,89,4
R_C_log,S03,4.75,0.2632914386999934,1.2999999523162842,39.400001525878906,True,99,4
R_C_log,S03,5.0,0.23076124806449627,1.2999999523162842,39.400001525878906,True,134,4
R_C_log,S03,5.25,0.20071424346885625,1.2999999523162842,39.400001525878906,True,145,5
R_C_log,S03,5.5,0.17307984917878327,1.2999999523162842,39.400001525878906,True,158,5
R_C_log,S03,5.75,0.14778748945998865,1.2999999523162842,39.400001525878906,True,158,5
R_C_log,S03,6.0,0.12476658857818013,1.2999999523162842,39.400001525878906,True,180,5
R_C_log,S03,6.25,0.10394657079907077,1.2999999523162842,39.400001525878906,True,168,5
R_C_log,S03,6.5,0.08525686038836788,1.2999999523162842,39.400001525878906,True,195,5
R_C_log,S03,6.75,0.06862688161178365,1.2999999523162842,39.400001525878906,True,181,5
R_C_log,S03,7.0,0.053986058735027154,1.2999999523162842,39.400001525878906,True,212,5
R_C_log,S03,7.25,0.0412638160238088,1.2999999523162842,39.400001525878906,True,202,5
R_C_log,S03,7.5,0.03038957774383899,1.2999999523162842,39.400001525878906,True,255,5
R_C_log,S03,7.75,0.021292768160827702,1.2999999523162842,39.400001525878906,True,242,5
R_C_log,S03,8.0,0.013902811540484894,1.2999999523162842,39.400001525878906,True,268,5
R_C_log,S03,8.25,0.008149132148519644,1.2999999523162842,39.400001525878906,True,271,5
R_C_log,S03,8.5,0.003961154250644139,1.2999999523162842,39.400001525878906,True,304,5
R_C_log,S03,8.75,0.0012683021125670102,1.2999999523162842,39.400001525878906,True,277,5
R_C_log,S03,9.0,0.0,1.2999999523162842,39.400001525878906,True,301,5
R_C_log,S03,9.25,8.567217865174115e-05,1.2999999523162842,39.400001525878906,True,265,5
R_C_log,S03,9.5,0.001454742914232643,1.2999999523162842,39.400001525878906,True,276,5
R_C_log,S03,9.75,0.00403663647245267,1.2999999523162842,39.400001525878906,True,284,5
R_C_log,S03,10.0,0.007760777119022677,1.2999999523162842,39.400001525878906,True,326,5
R_C_log,S03,10.25,0.012556589119652628,1.2999999523162842,39.400001525878906,True,308,5
R_C_log,S03,10.5,0.0183534967400516,1.2999999523162842,39.400001525878906,True,384,5
R_C_log,S03,10.75,0.025080924245931335,1.2999999523162842,39.400001525878906,True,326,5
R_C_log,S03,11.0,0.03266829590300091,1.2999999523162842,39.400001525878906,True,353,5
R_C_log,S03,11.25,0.041045035976970734,1.2999999523162842,39.400001525878906,True,354,5
R_C_log,S03,11.5,0.05014056873355033,1.2999999523162842,39.400001525878906,True,414,5
R_C_log,S03,11.75,0.05988431843845099,1.2999999523162842,39.400001525878906,True,396,5
R_C_log,S03,12.0,0.0702057093573818,1.2999999523162842,39.400001525878906,True,450,5
R_C_log,S03,12.25,0.0810341657560536,1.2999999523162842,39.400001525878906,True,405,5
R_C_log,S03,12.5,0.09229911190017681,1.2999999523162842,39.400001525878906,True,428,5
R_C_log,S03,12.75,0.1039299720554605,1.2999999523162842,39.400001525878906,True,379,5
R_C_log,S03,13.0,0.11586045980401449,1.2999999523162842,39.400001525878906,True,440,5
R_C_log,S03,13.25,0.12805598953462827,1.2999999523162842,39.400001525878906,True,377,5
R_C_log,S03,13.5,0.14049618406185616,1.2999999523162842,39.400001525878906,True,424,5
R_C_log,S03,13.75,0.15316073322178303,1.2999999523162842,39.400001525878906,True,395,5
R_C_log,S03,14.0,0.16602932685049243,1.2999999523162842,39.400001525878906,True,433,5
R_C_log,S03,14.25,0.17908165478407012,1.2999999523162842,39.400001525878906,True,392,5
R_C_log,S03,14.5,0.1922974068585983,1.2999999523162842,39.400001525878906,True,389,5
R_C_log,S03,14.75,0.20565627291016098,1.2999999523162842,39.400001525878906,True,324,5
R_C_log,S03,15.0,0.21913794277484389,1.2999999523162842,39.400001525878906,True,349,5
R_C_log,S03,15.25,0.23272210628872925,1.2999999523162842,39.400001525878906,True,305,5
R_C_log,S03,15.5,0.24638845328790238,1.2999999523162842,39.400001525878906,True,360,5
R_C_log,S03,15.75,0.2601166736084468,1.2999999523162842,39.400001525878906,True,327,5
R_C_log,S03,16.0,0.27388645708644654,1.2999999523162842,39.400001525878906,True,361,5
R_C_log,S03,16.25,0.28767749355798644,1.2999999523162842,39.400001525878906,True,347,5
R_C_log,S03,16.5,0.3014694728591505,1.2999999523162842,39.400001525878906,True,354,5
R_C_log,S03,16.75,0.31524208482602134,1.2999999523162842,39.400001525878906,True,306,5
R_C_log,S03,17.0,0.3289750192946834,1.2999999523162842,39.400001525878906,True,334,5
R_C_log,S03,17.25,0.34264796610122206,1.2999999523162842,39.400001525878906,True,274,5
R_C_log,S03,17.5,0.3562406150817199,1.2999999523162842,39.400001525878906,True,321,5
R_C_log,S03,17.75,0.3697326560722627,1.2999999523162842,39.400001525878906,True,287,5
R_C_log,S03,18.0,0.38310377890893266,1.2999999523162842,39.400001525878906,True,309,5
R_C_log,S03,18.25,0.3963336734278151,1.2999999523162842,39.400001525878906,True,265,5
R_C_log,S03,18.5,0.40940202946499404,1.2999999523162842,39.400001525878906,True,296,5
R_C_log,S03,18.75,0.4222954544817643,1.2999999523162842,39.400001525878906,True,284,5
R_C_log,S03,19.0,0.43502822644026873,1.2999999523162842,39.400001525878906,True,300,5
R_C_log,S03,19.25,0.447621540927861,1.2999999523162842,39.400001525878906,True,287,5
R_C_log,S03,19.5,0.4600965935318948,1.2999999523162842,39.400001525878906,True,331,5
R_C_log,S03,19.75,0.47247457983972563,1.2999999523162842,39.400001525878906,True,281,5
R_C_log,S03,20.0,0.4847766954387054,1.2999999523162842,39.400001525878906,True,328,5
R_C_log,S03,20.25,0.49702413591618866,1.2999999523162842,39.400001525878906,True,305,5
R_C_log,S03,20.5,0.5092380968595296,1.2999999523162842,39.400001525878906,True,334,5
R_C_log,S03,20.75,0.5214397738560814,1.2999999523162842,39.400001525878906,True,317,5
R_C_log,S03,21.0,0.5336503624931996,1.2999999523162842,39.400001525878906,True,328,5
R_C_log,S03,21.25,0.5458910583582361,1.2999999523162842,39.400001525878906,True,285,5
R_C_log,S03,21.5,0.558183057038546,1.2999999523162842,39.400001525878906,True,324,5
R_C_log,S03,21.75,0.5705475541214833,1.2999999523162842,39.400001525878906,True,285,4
R_C_log,S03,22.0,0.5830057451944008,1.2999999523162842,39.400001525878906,True,332,5
R_C_log,S03,22.25,0.5955788258446537,1.2999999523162842,39.400001525878906,True,280,5
R_C_log,S03,22.5,0.6082879916595947,1.2999999523162842,39.400001525878906,True,268,5
R_C_log,S03,22.75,0.6211544382265797,1.2999999523162842,39.400001525878906,True,209,4
R_C_log,S03,23.0,0.6341993611329593,1.2999999523162842,39.400001525878906,True,223,4
R_C_log,S03,23.25,0.6474439559660912,1.2999999523162842,39.400001525878906,True,196,4
R_C_log,S03,23.5,0.660909418313326,1.2999999523162842,39.400001525878906,True,207,4
R_C_log,S03,23.75,0.6746169437620195,1.2999999523162842,39.400001525878906,True,191,4
R_C_log,S03,24.0,0.6885842044804376,1.2999999523162842,39.400001525878906,True,220,4
R_C_log,S03,24.25,0.7028028326228117,1.2999999523162842,39.400001525878906,True,171,4
R_C_log,S03,24.5,0.717252789231857,1.2999999523162842,39.400001525878906,True,178,4
R_C_log,S03,24.75,0.7319139803000132,1.2999999523162842,39.400001525878906,True,160,3
R_C_log,S03,25.0,0.7467663118197212,1.2999999523162842,39.400001525878906,True,127,3
R_C_log,S03,25.25,0.7617896897834218,1.2999999523162842,39.400001525878906,True,120,3
R_C_log,S03,25.5,0.7769640201835566,1.2999999523162842,39.400001525878906,True,138,3
R_C_log,S03,25.75,0.7922692090125651,1.2999999523162842,39.400001525878906,True,134,3
R_C_log,S03,26.0,0.8076851622628887,1.2999999523162842,39.400001525878906,True,160,3
R_C_log,S03,26.25,0.8231917859269684,1.2999999523162842,39.400001525878906,True,151,3
R_C_log,S03,26.5,0.8387689859972443,1.2999999523162842,39.400001525878906,True,151,3
R_C_log,S03,26.75,0.8543966684661579,1.2999999523162842,39.400001525878906,True,136,3
R_C_log,S03,27.0,0.8700547393261489,1.2999999523162842,39.400001525878906,True,135,3
R_C_log,S03,27.25,0.8857231045696601,1.2999999523162842,39.400001525878906,True,119,3
R_C_log,S03,27.5,0.9013816701891302,1.2999999523162842,39.400001525878906,True,135,3
R_C_log,S03,27.75,0.9170103421770004,1.2999999523162842,39.400001525878906,True,104,3
R_C_log,S03,28.0,0.9325890265257115,1.2999999523162842,39.400001525878906,True,126,3
R_C_log,S03,28.25,0.9480976292277057,1.2999999523162842,39.400001525878906,True,114,3
R_C_log,S03,28.5,0.9635160562754219,1.2999999523162842,39.400001525878906,True,125,3
R_C_log,S03,28.75,0.978824213661301,1.2999999523162842,39.400001525878906,True,118,3
R_C_log,S03,29.0,0.9940020073777855,1.2999999523162842,39.400001525878906,True,142,3
R_C_log,S03,29.25,1.009029343417315,1.2999999523162842,39.400001525878906,True,136,3
R_C_log,S03,29.5,1.0238861277723297,1.2999999523162842,39.400001525878906,True,131,3
R_C_log,S03,29.75,1.0385522664352709,1.2999999523162842,39.400001525878906,True,123,3
R_C_log,S03,30.0,1.0530076653985794,1.2999999523162842,39.400001525878906,True,125,3
R_C_log,S03,30.25,1.0672322306546964,1.2999999523162842,39.400001525878906,True,106,2
R_C_log,S03,30.5,1.0812058681960615,1.2999999523162842,39.400001525878906,True,127,2
R_C_log,S03,30.75,1.0949084840151158,1.2999999523162842,39.400001525878906,True,118,2
R_C_log,S03,31.0,1.1083199841043019,1.2999999523162842,39.400001525878906,True,139,2
R_C_log,S03,31.25,1.1214202744560584,1.2999999523162842,39.400001525878906,True,112,2
R_C_log,S03,31.5,1.1341892610628266,1.2999999523162842,39.400001525878906,True,123,1
R_C_log,S03,31.75,1.1466068499170472,1.2999999523162842,39.400001525878906,True,102,1
R_C_log,S03,32.0,1.1586529470111624,1.2999999523162842,39.400001525878906,True,105,2
R_C_log,S03,32.25,1.1703074583376107,1.2999999523162842,39.400001525878906,True,83,2
R_C_log,S03,32.5,1.1815502898888348,1.2999999523162842,39.400001525878906,True,72,2
R_C_log,S03,32.75,1.1923613476572732,1.2999999523162842,39.400001525878906,True,63,2
R_C_log,S03,33.0,1.2027205376353693,1.2999999523162842,39.400001525878906,True,56,2
R_C_log,S03,33.25,1.2126077658155627,1.2999999523162842,39.400001525878906,True,47,1
R_C_log,S03,33.5,1.2220029381902937,1.2999999523162842,39.400001525878906,True,63,1
R_C_log,S03,33.75,1.230885960752003,1.2999999523162842,39.400001525878906,True,56,1
R_C_log,S03,34.0,1.239236739493133,1.2999999523162842,39.400001525878906,True,60,1
R_C_log,S03,34.25,1.2470351804061224,1.2999999523162842,39.400001525878906,True,64,1
R_C_log,S03,34.5,1.254261189483413,1.2999999523162842,39.400001525878906,True,62,1
R_C_log,S03,34.75,1.2608946727174457,1.2999999523162842,39.400001525878906,True,44,1
R_C_log,S03,35.0,1.2669155361006603,1.2999999523162842,39.400001525878906,True,44,1
R_C_log,S03,35.25,1.2723036856254994,1.2999999523162842,39.400001525878906,True,30,1
R_C_log,S03,35.5,1.2770390272844012,1.2999999523162842,39.400001525878906,True,24,1
R_C_log,S03,35.75,1.281101467069809,1.2999999523162842,39.400001525878906,True,17,1
R_C_log,S03,36.0,1.284470910974162,1.2999999523162842,39.400001525878906,True,13,1
R_C_log,S03,36.25,1.287127264989902,1.2999999523162842,39.400001525878906,True,5,1
R_C_log,S03,36.5,1.2890504351094685,1.2999999523162842,39.400001525878906,True,3,1
R_C_log,S03,36.75,1.290220327325303,1.2999999523162842,39.400001525878906,True,4,1
R_C_log,S03,37.0,1.2906168476298467,1.2999999523162842,39.400001525878906,True,5,1
R_C_log,S03,37.25,1.2902199020155396,1.2999999523162842,39.400001525878906,True,5,1
R_C_log,S03,37.5,1.289009396474822,1.2999999523162842,39.400001525878906,True,5,1
R_C_log,S03,37.75,1.2869652370001372,1.2999999523162842,39.400001525878906,True,2,1
R_C_log,S03,38.0,1.2840673295839227,1.2999999523162842,39.400001525878906,True,1,1
R_C_log,S03,38.25,1.2802955802186209,1.2999999523162842,39.400001525878906,True,1,1
R_C_log,S03,38.5,1.2756298948966727,1.2999999523162842,39.400001525878906,True,1,1
R_C_log,S03,38.75,1.2700501796105188,1.2999999523162842,39.400001525878906,True,1,1
R_C_log,S03,39.0,1.2635363403525992,1.2999999523162842,39.400001525878906,True,2,1
R_C_log,S03,39.25,1.2560682831153551,1.2999999523162842,39.400001525878906,True,1,1
R_C_log,S03,39.5,1.247705035290514,1.2999999523162842,39.400001525878906,False,1,1
R_C_log,S03,39.75,1.2391649609272823,1.2999999523162842,39.400001525878906,False,1,1
R_C_log,S03,40.0,1.2306248865640503,1.2999999523162842,39.400001525878906,False,0,0
R_C_log,S04,1.0,0.0,1.2999999523162842,39.400001525878906,False,4,1
R_C_log,S04,1.25,0.0,1.2999999523162842,39.400001525878906,False,7,2
R_C_log,S04,1.5,0.0,1.2999999523162842,39.400001525878906,True,9,2
R_C_log,S04,1.75,0.0,1.2999999523162842,39.400001525878906,True,10,2
R_C_log,S04,2.0,0.0,1.2999999523162842,39.400001525878906,True,19,3
R_C_log,S04,2.25,0.0,1.2999999523162842,39.400001525878906,True,20,3
R_C_log,S04,2.5,0.0,1.2999999523162842,39.400001525878906,True,31,3
R_C_log,S04,2.75,0.0,1.2999999523162842,39.400001525878906,True,37,3
R_C_log,S04,3.0,0.0,1.2999999523162842,39.400001525878906,True,47,3
R_C_log,S04,3.25,0.0,1.2999999523162842,39.400001525878906,True,53,3
R_C_log,S04,3.5,0.0,1.2999999523162842,39.400001525878906,True,61,3
R_C_log,S04,3.75,0.0,1.2999999523162842,39.400001525878906,True,57,3
R_C_log,S04,4.0,0.0,1.2999999523162842,39.400001525878906,True,67,3
R_C_log,S04,4.25,0.0,1.2999999523162842,39.400001525878906,True,60,3
R_C_log,S04,4.5,0.0,1.2999999523162842,39.400001525878906,True,89,4
R_C_log,S04,4.75,0.0,1.2999999523162842,39.400001525878906,True,99,4
R_C_log,S04,5.0,0.0,1.2999999523162842,39.400001525878906,True,134,4
R_C_log,S04,5.25,0.0,1.2999999523162842,39.400001525878906,True,145,5
R_C_log,S04,5.5,0.0,1.2999999523162842,39.400001525878906,True,158,5
R_C_log,S04,5.75,0.0,1.2999999523162842,39.400001525878906,True,158,5
R_C_log,S04,6.0,0.0,1.2999999523162842,39.400001525878906,True,180,5
R_C_log,S04,6.25,0.0,1.2999999523162842,39.400001525878906,True,168,5
R_C_log,S04,6.5,0.0,1.2999999523162842,39.400001525878906,True,195,5
R_C_log,S04,6.75,0.0,1.2999999523162842,39.400001525878906,True,181,5
R_C_log,S04,7.0,0.0,1.2999999523162842,39.400001525878906,True,212,5
R_C_log,S04,7.25,0.0,1.2999999523162842,39.400001525878906,True,202,5
R_C_log,S04,7.5,0.0,1.2999999523162842,39.400001525878906,True,255,5
R_C_log,S04,7.75,0.0,1.2999999523162842,39.400001525878906,True,242,5
R_C_log,S04,8.0,0.0,1.2999999523162842,39.400001525878906,True,268,5
R_C_log,S04,8.25,0.0,1.2999999523162842,39.400001525878906,True,271,5
R_C_log,S04,8.5,0.0,1.2999999523162842,39.400001525878906,True,304,5
R_C_log,S04,8.75,0.0,1.2999999523162842,39.400001525878906,True,277,5
R_C_log,S04,9.0,0.0,1.2999999523162842,39.400001525878906,True,301,5
R_C_log,S04,9.25,0.0,1.2999999523162842,39.400001525878906,True,265,5
R_C_log,S04,9.5,0.0,1.2999999523162842,39.400001525878906,True,276,5
R_C_log,S04,9.75,0.0,1.2999999523162842,39.400001525878906,True,284,5
R_C_log,S04,10.0,0.0,1.2999999523162842,39.400001525878906,True,326,5
R_C_log,S04,10.25,0.0,1.2999999523162842,39.400001525878906,True,308,5
R_C_log,S04,10.5,0.0,1.2999999523162842,39.400001525878906,True,384,5
R_C_log,S04,10.75,0.0,1.2999999523162842,39.400001525878906,True,326,5
R_C_log,S04,11.0,0.0,1.2999999523162842,39.400001525878906,True,353,5
R_C_log,S04,11.25,0.0,1.2999999523162842,39.400001525878906,True,354,5
R_C_log,S04,11.5,4.440892098500626e-15,1.2999999523162842,39.400001525878906,True,414,5
R_C_log,S04,11.75,6.128431095930864e-13,1.2999999523162842,39.400001525878906,True,396,5
R_C_log,S04,12.0,9.093481523336777e-11,1.2999999523162842,39.400001525878906,True,450,5
R_C_log,S04,12.25,1.3495891959536266e-08,1.2999999523162842,39.400001525878906,True,405,5
R_C_log,S04,12.5,2.0022582170042824e-06,1.2999999523162842,39.400001525878906,True,428,5
R_C_log,S04,12.75,0.00028255297337231866,1.2999999523162842,39.400001525878906,True,379,5
R_C_log,S04,13.0,0.007904298162211276,1.2999999523162842,39.400001525878906,True,440,5
R_C_log,S04,13.25,0.021763569630121715,1.2999999523162842,39.400001525878906,True,377,5
R_C_log,S04,13.5,0.035793491824861245,1.2999999523162842,39.400001525878906,True,424,5
R_C_log,S04,13.75,0.04982460029514302,1.2999999523162842,39.400001525878906,True,395,5
R_C_log,S04,14.0,0.06385571676021096,1.2999999523162842,39.400001525878906,True,433,5
R_C_log,S04,14.25,0.0778868332791478,1.2999999523162842,39.400001525878906,True,392,5
R_C_log,S04,14.5,0.09191794979844792,1.2999999523162842,39.400001525878906,True,389,5
R_C_log,S04,14.75,0.10594906631775025,1.2999999523162842,39.400001525878906,True,324,5
R_C_log,S04,15.0,0.11998018283705214,1.2999999523162842,39.400001525878906,True,349,5
R_C_log,S04,15.25,0.13401129935635447,1.2999999523162842,39.400001525878906,True,305,5
R_C_log,S04,15.5,0.1480424158756568,1.2999999523162842,39.400001525878906,True,360,5
R_C_log,S04,15.75,0.1620735323949587,1.2999999523162842,39.400001525878906,True,327,5
R_C_log,S04,16.0,0.17610464891426103,1.2999999523162842,39.400001525878906,True,361,5
R_C_log,S04,16.25,0.19013576543356292,1.2999999523162842,39.400001525878906,True,347,5
R_C_log,S04,16.5,0.2041668819528648,1.2999999523162842,39.400001525878906,True,354,5
R_C_log,S04,16.75,0.2181979984721676,1.2999999523162842,39.400001525878906,True,306,5
R_C_log,S04,17.0,0.23222911499146948,1.2999999523162842,39.400001525878906,True,334,5
R_C_log,S04,17.25,0.24626023151077137,1.2999999523162842,39.400001525878906,True,274,5
R_C_log,S04,17.5,0.2602913480300737,1.2999999523162842,39.400001525878906,True,321,5
R_C_log,S04,17.75,0.27432246454937603,1.2999999523162842,39.400001525878906,True,287,5
R_C_log,S04,18.0,0.2883535810686779,1.2999999523162842,39.400001525878906,True,309,5
R_C_log,S04,18.25,0.30238469758798026,1.2999999523162842,39.400001525878906,True,265,5
R_C_log,S04,18.5,0.31641581410728215,1.2999999523162842,39.400001525878906,True,296,5
R_C_log,S04,18.75,0.3304469306265845,1.2999999523162842,39.400001525878906,True,284,5
R_C_log,S04,19.0,0.3444780471458868,1.2999999523162842,39.400001525878906,True,300,5
R_C_log,S04,19.25,0.3585091636651887,1.2999999523162842,39.400001525878906,True,287,5
R_C_log,S04,19.5,0.37254028018449103,1.2999999523162842,39.400001525878906,True,331,5
R_C_log,S04,19.75,0.3865713967037929,1.2999999523162842,39.400001525878906,True,281,5
R_C_log,S04,20.0,0.40060251322309526,1.2999999523162842,39.400001525878906,True,328,5
R_C_log,S04,20.25,0.4146336297423976,1.2999999523162842,39.400001525878906,True,305,5
R_C_log,S04,20.5,0.42866474626169904,1.2999999523162842,39.400001525878906,True,334,5
R_C_log,S04,20.75,0.4426958627810018,1.2999999523162842,39.400001525878906,True,317,5
R_C_log,S04,21.0,0.4567269793003037,1.2999999523162842,39.400001525878906,True,328,5
R_C_log,S04,21.25,0.4707580958196056,1.2999999523162842,39.400001525878906,True,285,5
R_C_log,S04,21.5,0.48478921233890837,1.2999999523162842,39.400001525878906,True,324,5
R_C_log,S04,21.75,0.49882032885821026,1.2999999523162842,39.400001525878906,True,285,4
R_C_log,S04,22.0,0.5128514453775126,1.2999999523162842,39.400001525878906,True,332,5
R_C_log,S04,22.25,0.5268825618968149,1.2999999523162842,39.400001525878906,True,280,5
R_C_log,S04,22.5,0.5409136784161173,1.2999999523162842,39.400001525878906,True,268,5
R_C_log,S04,22.75,0.5549447949354187,1.2999999523162842,39.400001525878906,True,209,4
R_C_log,S04,23.0,0.5689759114547215,1.2999999523162842,39.400001525878906,True,223,4
R_C_log,S04,23.25,0.5830070279740234,1.2999999523162842,39.400001525878906,True,196,4
R_C_log,S04,23.5,0.5970381444933253,1.2999999523162842,39.400001525878906,True,207,4
R_C_log,S04,23.75,0.611069261012628,1.2999999523162842,39.400001525878906,True,191,4
R_C_log,S04,24.0,0.6251003775319299,1.2999999523162842,39.400001525878906,True,220,4
R_C_log,S04,24.25,0.6391314940512318,1.2999999523162842,39.400001525878906,True,171,4
R_C_log,S04,24.5,0.6531626105705346,1.2999999523162842,39.400001525878906,True,178,4
R_C_log,S04,24.75,0.667193727089836,1.2999999523162842,39.400001525878906,True,160,3
R_C_log,S04,25.0,0.6812248436091384,1.2999999523162842,39.400001525878906,True,127,3
R_C_log,S04,25.25,0.6952559601284412,1.2999999523162842,39.400001525878906,True,120,3
R_C_log,S04,25.5,0.7092870766477426,1.2999999523162842,39.400001525878906,True,138,3
R_C_log,S04,25.75,0.7233181931670449,1.2999999523162842,39.400001525878906,True,134,3
R_C_log,S04,26.0,0.7373493096863473,1.2999999523162842,39.400001525878906,True,160,3
R_C_log,S04,26.25,0.7513804262056492,1.2999999523162842,39.400001525878906,True,151,3
R_C_log,S04,26.5,0.765411542724951,1.2999999523162842,39.400001525878906,True,151,3
R_C_log,S04,26.75,0.7794426592442538,1.2999999523162842,39.400001525878906,True,136,3
R_C_log,S04,27.0,0.7934737757635557,1.2999999523162842,39.400001525878906,True,135,3
R_C_log,S04,27.25,0.8075048922828576,1.2999999523162842,39.400001525878906,True,119,3
R_C_log,S04,27.5,0.8215360088021604,1.2999999523162842,39.400001525878906,True,135,3
R_C_log,S04,27.75,0.8355671253214623,1.2999999523162842,39.400001525878906,True,104,3
R_C_log,S04,28.0,0.8495982418407642,1.2999999523162842,39.400001525878906,True,126,3
R_C_log,S04,28.25,0.8636293583600665,1.2999999523162842,39.400001525878906,True,114,3
R_C_log,S04,28.5,0.8776604748793688,1.2999999523162842,39.400001525878906,True,125,3
R_C_log,S04,28.75,0.8916915913986707,1.2999999523162842,39.400001525878906,True,118,3
R_C_log,S04,29.0,0.9057227079179726,1.2999999523162842,39.400001525878906,True,142,3
R_C_log,S04,29.25,0.9197538244372754,1.2999999523162842,39.400001525878906,True,136,3
R_C_log,S04,29.5,0.9337849409565773,1.2999999523162842,39.400001525878906,True,131,3
R_C_log,S04,29.75,0.94781605747588,1.2999999523162842,39.400001525878906,True,123,3
R_C_log,S04,30.0,0.9618471739951819,1.2999999523162842,39.400001525878906,True,125,3
R_C_log,S04,30.25,0.9758782905144834,1.2999999523162842,39.400001525878906,True,106,2
R_C_log,S04,30.5,0.9899094070337857,1.2999999523162842,39.400001525878906,True,127,2
R_C_log,S04,30.75,1.0039405235530885,1.2999999523162842,39.400001525878906,True,118,2
R_C_log,S04,31.0,1.0179716400723904,1.2999999523162842,39.400001525878906,True,139,2
R_C_log,S04,31.25,1.0320027565916923,1.2999999523162842,39.400001525878906,True,112,2
R_C_log,S04,31.5,1.0460338731109946,1.2999999523162842,39.400001525878906,True,123,1
R_C_log,S04,31.75,1.060064989630297,1.2999999523162842,39.400001525878906,True,102,1
R_C_log,S04,32.0,1.0740961061495988,1.2999999523162842,39.400001525878906,True,105,2
R_C_log,S04,32.25,1.0881272226689016,1.2999999523162842,39.400001525878906,True,83,2
R_C_log,S04,32.5,1.102158339188203,1.2999999523162842,39.400001525878906,True,72,2
R_C_log,S04,32.75,1.1161894557075054,1.2999999523162842,39.400001525878906,True,63,2
R_C_log,S04,33.0,1.1302205722268082,1.2999999523162842,39.400001525878906,True,56,2
R_C_log,S04,33.25,1.1442516887461096,1.2999999523162842,39.400001525878906,True,47,1
R_C_log,S04,33.5,1.158282805265412,1.2999999523162842,39.400001525878906,True,63,1
R_C_log,S04,33.75,1.1723139217847143,1.2999999523162842,39.400001525878906,True,56,1
R_C_log,S04,34.0,1.1863450383040162,1.2999999523162842,39.400001525878906,True,60,1
R_C_log,S04,34.25,1.200376154823318,1.2999999523162842,39.400001525878906,True,64,1
R_C_log,S04,34.5,1.2144072713426208,1.2999999523162842,39.400001525878906,True,62,1
R_C_log,S04,34.75,1.2284383878619227,1.2999999523162842,39.400001525878906,True,44,1
R_C_log,S04,35.0,1.242469504381225,1.2999999523162842,39.400001525878906,True,44,1
R_C_log,S04,35.25,1.2565006209005274,1.2999999523162842,39.400001525878906,True,30,1
R_C_log,S04,35.5,1.2705317374198297,1.2999999523162842,39.400001525878906,True,24,1
R_C_log,S04,35.75,1.2845628539391307,1.2999999523162842,39.400001525878906,True,17,1
R_C_log,S04,36.0,1.2985939704584335,1.2999999523162842,39.400001525878906,True,13,1
R_C_log,S04,36.25,1.3126250869777358,1.2999999523162842,39.400001525878906,True,5,1
R_C_log,S04,36.5,1.3266562034970377,1.2999999523162842,39.400001525878906,True,3,1
R_C_log,S04,36.75,1.34068732001634,1.2999999523162842,39.400001525878906,True,4,1
R_C_log,S04,37.0,1.3547184365356424,1.2999999523162842,39.400001525878906,True,5,1
R_C_log,S04,37.25,1.3687495530549443,1.2999999523162842,39.400001525878906,True,5,1
R_C_log,S04,37.5,1.3827806695742466,1.2999999523162842,39.400001525878906,True,5,1
R_C_log,S04,37.75,1.3968117860935485,1.2999999523162842,39.400001525878906,True,2,1
R_C_log,S04,38.0,1.4108429026128504,1.2999999523162842,39.400001525878906,True,1,1
R_C_log,S04,38.25,1.4248740191321532,1.2999999523162842,39.400001525878906,True,1,1
R_C_log,S04,38.5,1.4389051356514546,1.2999999523162842,39.400001525878906,True,1,1
R_C_log,S04,38.75,1.4529362521707574,1.2999999523162842,39.400001525878906,True,1,1
R_C_log,S04,39.0,1.4669673686900597,1.2999999523162842,39.400001525878906,True,2,1
R_C_log,S04,39.25,1.480998485209362,1.2999999523162842,39.400001525878906,True,1,1
R_C_log,S04,39.5,1.4950296017286635,1.2999999523162842,39.400001525878906,False,1,1
R_C_log,S04,39.75,1.5090607182479663,1.2999999523162842,39.400001525878906,False,1,1
R_C_log,S04,40.0,1.5230918347672677,1.2999999523162842,39.400001525878906,False,0,0
R_C_log,G05,1.0,0.05775532648382242,0.5,39.400001525878906,True,4,1
R_C_log,G05,1.25,0.05775532648382242,0.5,39.400001525878906,True,7,2
R_C_log,G05,1.5,0.05775532648382242,0.5,39.400001525878906,True,9,2
R_C_log,G05,1.75,0.05775532648382242,0.5,39.400001525878906,True,10,2
R_C_log,G05,2.0,0.05775532648382242,0.5,39.400001525878906,True,19,3
R_C_log,G05,2.25,0.05775532648382242,0.5,39.400001525878906,True,20,3
R_C_log,G05,2.5,0.05775532648382242,0.5,39.400001525878906,True,31,3
R_C_log,G05,2.75,0.05608157670855718,0.5,39.400001525878906,True,37,3
R_C_log,G05,3.0,0.05485437466446097,0.5,39.400001525878906,True,47,3
R_C_log,G05,3.25,0.05485437466446097,0.5,39.400001525878906,True,53,3
R_C_log,G05,3.5,0.05485437466446097,0.5,39.400001525878906,True,61,3
R_C_log,G05,3.75,0.054039472402376276,0.5,39.400001525878906,True,57,3
R_C_log,G05,4.0,0.03440814139379844,0.5,39.400001525878906,True,67,3
R_C_log,G05,4.25,0.017880962396088496,0.5,39.400001525878906,True,60,3
R_C_log,G05,4.5,-0.0021540106047650553,0.5,39.400001525878906,True,89,4
R_C_log,G05,4.75,-0.0021540106047650553,0.5,39.400001525878906,True,99,4
R_C_log,G05,5.0,-0.0021540106047650553,0.5,39.400001525878906,True,134,4
R_C_log,G05,5.25,-0.0021540106047650553,0.5,39.400001525878906,True,145,5
R_C_log,G05,5.5,-0.003721697992310702,0.5,39.400001525878906,True,158,5
R_C_log,G05,5.75,-0.003721697992310702,0.5,39.400001525878906,True,158,5
R_C_log,G05,6.0,-0.003721697992310702,0.5,39.400001525878906,True,180,5
R_C_log,G05,6.25,-0.003193703069248155,0.5,39.400001525878906,True,168,5
R_C_log,G05,6.5,-0.003193703069248155,0.5,39.400001525878906,True,195,5
R_C_log,G05,6.75,-0.003193703069248155,0.5,39.400001525878906,True,181,5
R_C_log,G05,7.0,-0.003193703069248155,0.5,39.400001525878906,True,212,5
R_C_log,G05,7.25,-0.003193703069248155,0.5,39.400001525878906,True,202,5
R_C_log,G05,7.5,-0.003193703069248155,0.5,39.400001525878906,True,255,5
R_C_log,G05,7.75,-0.003193703069248155,0.5,39.400001525878906,True,242,5
R_C_log,G05,8.0,-0.003193703069248155,0.5,39.400001525878906,True,268,5
R_C_log,G05,8.25,-0.003193703069248155,0.5,39.400001525878906,True,271,5
R_C_log,G05,8.5,-5.321340120945095e-05,0.5,39.400001525878906,True,304,5
R_C_log,G05,8.75,0.0,0.5,39.400001525878906,True,277,5
R_C_log,G05,9.0,0.0,0.5,39.400001525878906,True,301,5
R_C_log,G05,9.25,0.0,0.5,39.400001525878906,True,265,5
R_C_log,G05,9.5,0.0,0.5,39.400001525878906,True,276,5
R_C_log,G05,9.75,0.0,0.5,39.400001525878906,True,284,5
R_C_log,G05,10.0,0.008651488438085497,0.5,39.400001525878906,True,326,5
R_C_log,G05,10.25,0.008651488438085497,0.5,39.400001525878906,True,308,5
R_C_log,G05,10.5,0.025749920717136998,0.5,39.400001525878906,True,384,5
R_C_log,G05,10.75,0.025749920717136998,0.5,39.400001525878906,True,326,5
R_C_log,G05,11.0,0.025749920717136998,0.5,39.400001525878906,True,353,5
R_C_log,G05,11.25,0.025749920717136998,0.5,39.400001525878906,True,354,5
R_C_log,G05,11.5,0.025749920717136998,0.5,39.400001525878906,True,414,5
R_C_log,G05,11.75,0.025749920717136998,0.5,39.400001525878906,True,396,5
R_C_log,G05,12.0,0.025749920717136998,0.5,39.400001525878906,True,450,5
R_C_log,G05,12.25,0.02835379517797687,0.5,39.400001525878906,True,405,5
R_C_log,G05,12.5,0.02835379517797687,0.5,39.400001525878906,True,428,5
R_C_log,G05,12.75,0.02835379517797687,0.5,39.400001525878906,True,379,5
R_C_log,G05,13.0,0.02835379517797687,0.5,39.400001525878906,True,440,5
R_C_log,G05,13.25,0.02835379517797687,0.5,39.400001525878906,True,377,5
R_C_log,G05,13.5,0.02835379517797687,0.5,39.400001525878906,True,424,5
R_C_log,G05,13.75,0.02835379517797687,0.5,39.400001525878906,True,395,5
R_C_log,G05,14.0,0.02835379517797687,0.5,39.400001525878906,True,433,5
R_C_log,G05,14.25,0.02835379517797687,0.5,39.400001525878906,True,392,5
R_C_log,G05,14.5,0.02835379517797687,0.5,39.400001525878906,True,389,5
R_C_log,G05,14.75,0.02835379517797687,0.5,39.400001525878906,True,324,5
R_C_log,G05,15.0,0.02835379517797687,0.5,39.400001525878906,True,349,5
R_C_log,G05,15.25,0.02835379517797687,0.5,39.400001525878906,True,305,5
R_C_log,G05,15.5,0.02977225827231944,0.5,39.400001525878906,True,360,5
R_C_log,G05,15.75,0.02977225827231944,0.5,39.400001525878906,True,327,5
R_C_log,G05,16.0,0.02977225827231944,0.5,39.400001525878906,True,361,5
R_C_log,G05,16.25,0.03505078309751797,0.5,39.400001525878906,True,347,5
R_C_log,G05,16.5,0.03505078309751797,0.5,39.400001525878906,True,354,5
R_C_log,G05,16.75,0.03505078309751797,0.5,39.400001525878906,True,306,5
R_C_log,G05,17.0,0.03505078309751797,0.5,39.400001525878906,True,334,5
R_C_log,G05,17.25,0.03505078309751797,0.5,39.400001525878906,True,274,5
R_C_log,G05,17.5,0.03711084463587877,0.5,39.400001525878906,True,321,5
R_C_log,G05,17.75,0.03711084463587877,0.5,39.400001525878906,True,287,5
R_C_log,G05,18.0,0.03711084463587877,0.5,39.400001525878906,True,309,5
R_C_log,G05,18.25,0.03711084463587877,0.5,39.400001525878906,True,265,5
R_C_log,G05,18.5,0.05249166389530879,0.5,39.400001525878906,True,296,5
R_C_log,G05,18.75,0.06131118539089231,0.5,39.400001525878906,True,284,5
R_C_log,G05,19.0,0.06701155028437977,0.5,39.400001525878906,True,300,5
R_C_log,G05,19.25,0.06701155028437977,0.5,39.400001525878906,True,287,5
R_C_log,G05,19.5,0.06701155028437977,0.5,39.400001525878906,True,331,5
R_C_log,G05,19.75,0.06701155028437977,0.5,39.400001525878906,True,281,5
R_C_log,G05,20.0,0.06701155028437977,0.5,39.400001525878906,True,328,5
R_C_log,G05,20.25,0.06701155028437977,0.5,39.400001525878906,True,305,5
R_C_log,G05,20.5,0.08138499251692188,0.5,39.400001525878906,True,334,5
R_C_log,G05,20.75,0.08138499251692188,0.5,39.400001525878906,True,317,5
R_C_log,G05,21.0,0.1534445652544596,0.5,39.400001525878906,True,328,5
R_C_log,G05,21.25,0.1534445652544596,0.5,39.400001525878906,True,285,5
R_C_log,G05,21.5,0.23022528709933443,0.5,39.400001525878906,True,324,5
R_C_log,G05,21.75,0.23022528709933443,0.5,39.400001525878906,True,285,4
R_C_log,G05,22.0,0.26309450208943863,0.5,39.400001525878906,True,332,5
R_C_log,G05,22.25,0.26309450208943863,0.5,39.400001525878906,True,280,5
R_C_log,G05,22.5,0.26309450208943863,0.5,39.400001525878906,True,268,5
R_C_log,G05,22.75,0.27634479214363905,0.5,39.400001525878906,True,209,4
R_C_log,G05,23.0,0.27634479214363905,0.5,39.400001525878906,True,223,4
R_C_log,G05,23.25,0.32348048449904754,0.5,39.400001525878906,True,196,4
R_C_log,G05,23.5,0.32348048449904754,0.5,39.400001525878906,True,207,4
R_C_log,G05,23.75,0.32348048449904754,0.5,39.400001525878906,True,191,4
R_C_log,G05,24.0,0.32348048449904754,0.5,39.400001525878906,True,220,4
R_C_log,G05,24.25,0.32348048449904754,0.5,39.400001525878906,True,171,4
R_C_log,G05,24.5,0.4466435966017177,0.5,39.400001525878906,True,178,4
R_C_log,G05,24.75,0.4466435966017177,0.5,39.400001525878906,True,160,3
R_C_log,G05,25.0,0.4466435966017177,0.5,39.400001525878906,True,127,3
R_C_log,G05,25.25,0.4466435966017177,0.5,39.400001525878906,True,120,3
R_C_log,G05,25.5,0.4466435966017177,0.5,39.400001525878906,True,138,3
R_C_log,G05,25.75,0.5026494935740948,0.5,39.400001525878906,True,134,3
R_C_log,G05,26.0,0.5026494935740948,0.5,39.400001525878906,True,160,3
R_C_log,G05,26.25,0.5026494935740948,0.5,39.400001525878906,True,151,3
R_C_log,G05,26.5,0.5026494935740948,0.5,39.400001525878906,True,151,3
R_C_log,G05,26.75,0.5026494935740948,0.5,39.400001525878906,True,136,3
R_C_log,G05,27.0,0.5026494935740948,0.5,39.400001525878906,True,135,3
R_C_log,G05,27.25,0.5026494935740948,0.5,39.400001525878906,True,119,3
R_C_log,G05,27.5,0.5026494935740948,0.5,39.400001525878906,True,135,3
R_C_log,G05,27.75,0.5026494935740948,0.5,39.400001525878906,True,104,3
R_C_log,G05,28.0,0.5026494935740948,0.5,39.400001525878906,True,126,3
R_C_log,G05,28.25,0.5026494935740948,0.5,39.400001525878906,True,114,3
R_C_log,G05,28.5,0.5026494935740948,0.5,39.400001525878906,True,125,3
R_C_log,G05,28.75,0.5026494935740948,0.5,39.400001525878906,True,118,3
R_C_log,G05,29.0,0.5026494935740948,0.5,39.400001525878906,True,142,3
R_C_log,G05,29.25,0.5026494935740948,0.5,39.400001525878906,True,136,3
R_C_log,G05,29.5,0.5026494935740948,0.5,39.400001525878906,True,131,3
R_C_log,G05,29.75,0.5026494935740948,0.5,39.400001525878906,True,123,3
R_C_log,G05,30.0,0.5026494935740948,0.5,39.400001525878906,True,125,3
R_C_log,G05,30.25,0.5026494935740948,0.5,39.400001525878906,True,106,2
R_C_log,G05,30.5,0.5026494935740948,0.5,39.400001525878906,True,127,2
R_C_log,G05,30.75,0.5026494935740948,0.5,39.400001525878906,True,118,2
R_C_log,G05,31.0,0.5026494935740948,0.5,39.400001525878906,True,139,2
R_C_log,G05,31.25,0.5026494935740948,0.5,39.400001525878906,True,112,2
R_C_log,G05,31.5,0.5026494935740948,0.5,39.400001525878906,True,123,1
R_C_log,G05,31.75,0.5026494935740948,0.5,39.400001525878906,True,102,1
R_C_log,G05,32.0,0.5026494935740948,0.5,39.400001525878906,True,105,2
R_C_log,G05,32.25,0.5026494935740948,0.5,39.400001525878906,True,83,2
R_C_log,G05,32.5,0.5026494935740948,0.5,39.400001525878906,True,72,2
R_C_log,G05,32.75,0.5026494935740948,0.5,39.400001525878906,True,63,2
R_C_log,G05,33.0,0.5026494935740948,0.5,39.400001525878906,True,56,2
R_C_log,G05,33.25,0.5026494935740948,0.5,39.400001525878906,True,47,1
R_C_log,G05,33.5,0.5026494935740948,0.5,39.400001525878906,True,63,1
R_C_log,G05,33.75,0.5026494935740948,0.5,39.400001525878906,True,56,1
R_C_log,G05,34.0,0.5026494935740948,0.5,39.400001525878906,True,60,1
R_C_log,G05,34.25,0.5026494935740948,0.5,39.400001525878906,True,64,1
R_C_log,G05,34.5,0.5026494935740948,0.5,39.400001525878906,True,62,1
R_C_log,G05,34.75,0.5026494935740948,0.5,39.400001525878906,True,44,1
R_C_log,G05,35.0,0.5026494935740948,0.5,39.400001525878906,True,44,1
R_C_log,G05,35.25,0.5026494935740948,0.5,39.400001525878906,True,30,1
R_C_log,G05,35.5,0.5026494935740948,0.5,39.400001525878906,True,24,1
R_C_log,G05,35.75,0.5026494935740948,0.5,39.400001525878906,True,17,1
R_C_log,G05,36.0,0.5026494935740948,0.5,39.400001525878906,True,13,1
R_C_log,G05,36.25,0.5026494935740948,0.5,39.400001525878906,True,5,1
R_C_log,G05,36.5,0.5026494935740948,0.5,39.400001525878906,True,3,1
R_C_log,G05,36.75,0.5026494935740948,0.5,39.400001525878906,True,4,1
R_C_log,G05,37.0,0.5026494935740948,0.5,39.400001525878906,True,5,1
R_C_log,G05,37.25,0.5026494935740948,0.5,39.400001525878906,True,5,1
R_C_log,G05,37.5,0.5026494935740948,0.5,39.400001525878906,True,5,1
R_C_log,G05,37.75,0.5026494935740948,0.5,39.400001525878906,True,2,1
R_C_log,G05,38.0,0.5026494935740948,0.5,39.400001525878906,True,1,1
R_C_log,G05,38.25,0.5026494935740948,0.5,39.400001525878906,True,1,1
R_C_log,G05,38.5,0.5026494935740948,0.5,39.400001525878906,True,1,1
R_C_log,G05,38.75,0.5026494935740948,0.5,39.400001525878906,True,1,1
R_C_log,G05,39.0,0.5026494935740948,0.5,39.400001525878906,True,2,1
R_C_log,G05,39.25,0.5026494935740948,0.5,39.400001525878906,True,1,1
R_C_log,G05,39.5,0.5026494935740948,0.5,39.400001525878906,False,1,1
R_C_log,G05,39.75,0.5026494935740948,0.5,39.400001525878906,False,1,1
R_C_log,G05,40.0,0.5026494935740948,0.5,39.400001525878906,False,0,0
R_C_log,S05,1.0,0.20383500429751455,1.2999999523162842,39.400001525878906,False,4,1
R_C_log,S05,1.25,0.20383500429751455,1.2999999523162842,39.400001525878906,False,7,2
R_C_log,S05,1.5,0.20383500429751455,1.2999999523162842,39.400001525878906,True,9,2
R_C_log,S05,1.75,0.20383500429751455,1.2999999523162842,39.400001525878906,True,10,2
R_C_log,S05,2.0,0.20383500429751455,1.2999999523162842,39.400001525878906,True,19,3
R_C_log,S05,2.25,0.20383500429751455,1.2999999523162842,39.400001525878906,True,20,3
R_C_log,S05,2.5,0.20383500429751455,1.2999999523162842,39.400001525878906,True,31,3
R_C_log,S05,2.75,0.20383500429751455,1.2999999523162842,39.400001525878906,True,37,3
R_C_log,S05,3.0,0.20383500429751455,1.2999999523162842,39.400001525878906,True,47,3
R_C_log,S05,3.25,0.20383500429751455,1.2999999523162842,39.400001525878906,True,53,3
R_C_log,S05,3.5,0.20383500429751455,1.2999999523162842,39.400001525878906,True,61,3
R_C_log,S05,3.75,0.20383500429751455,1.2999999523162842,39.400001525878906,True,57,3
R_C_log,S05,4.0,0.20383500429751455,1.2999999523162842,39.400001525878906,True,67,3
R_C_log,S05,4.25,0.20383500429751455,1.2999999523162842,39.400001525878906,True,60,3
R_C_log,S05,4.5,0.02381488223831907,1.2999999523162842,39.400001525878906,True,89,4
R_C_log,S05,4.75,0.02381488223831907,1.2999999523162842,39.400001525878906,True,99,4
R_C_log,S05,5.0,0.02381488223831907,1.2999999523162842,39.400001525878906,True,134,4
R_C_log,S05,5.25,0.02381488223831907,1.2999999523162842,39.400001525878906,True,145,5
R_C_log,S05,5.5,0.00891815276956276,1.2999999523162842,39.400001525878906,True,158,5
R_C_log,S05,5.75,0.00891815276956276,1.2999999523162842,39.400001525878906,True,158,5
R_C_log,S05,6.0,0.00891815276956276,1.2999999523162842,39.400001525878906,True,180,5
R_C_log,S05,6.25,0.00891815276956276,1.2999999523162842,39.400001525878906,True,168,5
R_C_log,S05,6.5,0.00891815276956276,1.2999999523162842,39.400001525878906,True,195,5
R_C_log,S05,6.75,0.00891815276956276,1.2999999523162842,39.400001525878906,True,181,5
R_C_log,S05,7.0,0.00891815276956276,1.2999999523162842,39.400001525878906,True,212,5
R_C_log,S05,7.25,0.00891815276956276,1.2999999523162842,39.400001525878906,True,202,5
R_C_log,S05,7.5,0.00891815276956276,1.2999999523162842,39.400001525878906,True,255,5
R_C_log,S05,7.75,0.00737083575959252,1.2999999523162842,39.400001525878906,True,242,5
R_C_log,S05,8.0,0.00737083575959252,1.2999999523162842,39.400001525878906,True,268,5
R_C_log,S05,8.25,0.0001012834509772631,1.2999999523162842,39.400001525878906,True,271,5
R_C_log,S05,8.5,0.0001012834509772631,1.2999999523162842,39.400001525878906,True,304,5
R_C_log,S05,8.75,0.029726926982779567,1.2999999523162842,39.400001525878906,True,277,5
R_C_log,S05,9.0,0.0,1.2999999523162842,39.400001525878906,True,301,5
R_C_log,S05,9.25,0.28528272129065124,1.2999999523162842,39.400001525878906,True,265,5
R_C_log,S05,9.5,0.28528272129065124,1.2999999523162842,39.400001525878906,True,276,5
R_C_log,S05,9.75,0.28528272129065124,1.2999999523162842,39.400001525878906,True,284,5
R_C_log,S05,10.0,0.28528272129065124,1.2999999523162842,39.400001525878906,True,326,5
R_C_log,S05,10.25,0.28528272129065124,1.2999999523162842,39.400001525878906,True,308,5
R_C_log,S05,10.5,0.28528272129065124,1.2999999523162842,39.400001525878906,True,384,5
R_C_log,S05,10.75,0.28528272129065124,1.2999999523162842,39.400001525878906,True,326,5
R_C_log,S05,11.0,0.28528272129065124,1.2999999523162842,39.400001525878906,True,353,5
R_C_log,S05,11.25,0.27114433606247257,1.2999999523162842,39.400001525878906,True,354,5
R_C_log,S05,11.5,0.27114433606247257,1.2999999523162842,39.400001525878906,True,414,5
R_C_log,S05,11.75,0.27114433606247257,1.2999999523162842,39.400001525878906,True,396,5
R_C_log,S05,12.0,0.27400890428565283,1.2999999523162842,39.400001525878906,True,450,5
R_C_log,S05,12.25,0.27400890428565283,1.2999999523162842,39.400001525878906,True,405,5
R_C_log,S05,12.5,0.27400890428565283,1.2999999523162842,39.400001525878906,True,428,5
R_C_log,S05,12.75,0.27511625056591393,1.2999999523162842,39.400001525878906,True,379,5
R_C_log,S05,13.0,0.27898831890222864,1.2999999523162842,39.400001525878906,True,440,5
R_C_log,S05,13.25,0.27898831890222864,1.2999999523162842,39.400001525878906,True,377,5
R_C_log,S05,13.5,0.2815402118536845,1.2999999523162842,39.400001525878906,True,424,5
R_C_log,S05,13.75,0.2815402118536845,1.2999999523162842,39.400001525878906,True,395,5
R_C_log,S05,14.0,0.2815402118536845,1.2999999523162842,39.400001525878906,True,433,5
R_C_log,S05,14.25,0.2815402118536845,1.2999999523162842,39.400001525878906,True,392,5
R_C_log,S05,14.5,0.2815402118536845,1.2999999523162842,39.400001525878906,True,389,5
R_C_log,S05,14.75,0.2815402118536845,1.2999999523162842,39.400001525878906,True,324,5
R_C_log,S05,15.0,0.2839843156834543,1.2999999523162842,39.400001525878906,True,349,5
R_C_log,S05,15.25,0.2839843156834543,1.2999999523162842,39.400001525878906,True,305,5
R_C_log,S05,15.5,0.2839843156834543,1.2999999523162842,39.400001525878906,True,360,5
R_C_log,S05,15.75,0.29118801526651383,1.2999999523162842,39.400001525878906,True,327,5
R_C_log,S05,16.0,0.30440002709222247,1.2999999523162842,39.400001525878906,True,361,5
R_C_log,S05,16.25,0.33730353307931926,1.2999999523162842,39.400001525878906,True,347,5
R_C_log,S05,16.5,0.33730353307931926,1.2999999523162842,39.400001525878906,True,354,5
R_C_log,S05,16.75,0.33730353307931926,1.2999999523162842,39.400001525878906,True,306,5
R_C_log,S05,17.0,0.33730353307931926,1.2999999523162842,39.400001525878906,True,334,5
R_C_log,S05,17.25,0.342076620198811,1.2999999523162842,39.400001525878906,True,274,5
R_C_log,S05,17.5,0.342076620198811,1.2999999523162842,39.400001525878906,True,321,5
R_C_log,S05,17.75,0.345029133003536,1.2999999523162842,39.400001525878906,True,287,5
R_C_log,S05,18.0,0.345029133003536,1.2999999523162842,39.400001525878906,True,309,5
R_C_log,S05,18.25,0.345029133003536,1.2999999523162842,39.400001525878906,True,265,5
R_C_log,S05,18.5,0.345029133003536,1.2999999523162842,39.400001525878906,True,296,5
R_C_log,S05,18.75,0.34378448768292724,1.2999999523162842,39.400001525878906,True,284,5
R_C_log,S05,19.0,0.34378448768292724,1.2999999523162842,39.400001525878906,True,300,5
R_C_log,S05,19.25,0.34378448768292724,1.2999999523162842,39.400001525878906,True,287,5
R_C_log,S05,19.5,0.34378448768292724,1.2999999523162842,39.400001525878906,True,331,5
R_C_log,S05,19.75,0.34378448768292724,1.2999999523162842,39.400001525878906,True,281,5
R_C_log,S05,20.0,0.34378448768292724,1.2999999523162842,39.400001525878906,True,328,5
R_C_log,S05,20.25,0.34378448768292724,1.2999999523162842,39.400001525878906,True,305,5
R_C_log,S05,20.5,0.34378448768292724,1.2999999523162842,39.400001525878906,True,334,5
R_C_log,S05,20.75,0.3427872462290811,1.2999999523162842,39.400001525878906,True,317,5
R_C_log,S05,21.0,0.3427872462290811,1.2999999523162842,39.400001525878906,True,328,5
R_C_log,S05,21.25,0.3427872462290811,1.2999999523162842,39.400001525878906,True,285,5
R_C_log,S05,21.5,0.3427872462290811,1.2999999523162842,39.400001525878906,True,324,5
R_C_log,S05,21.75,0.3601111107501076,1.2999999523162842,39.400001525878906,True,285,4
R_C_log,S05,22.0,0.3718421227128874,1.2999999523162842,39.400001525878906,True,332,5
R_C_log,S05,22.25,0.3718421227128874,1.2999999523162842,39.400001525878906,True,280,5
R_C_log,S05,22.5,0.36791600376496225,1.2999999523162842,39.400001525878906,True,268,5
R_C_log,S05,22.75,0.36791600376496225,1.2999999523162842,39.400001525878906,True,209,4
R_C_log,S05,23.0,0.36791600376496225,1.2999999523162842,39.400001525878906,True,223,4
R_C_log,S05,23.25,0.36791600376496225,1.2999999523162842,39.400001525878906,True,196,4
R_C_log,S05,23.5,0.36791600376496225,1.2999999523162842,39.400001525878906,True,207,4
R_C_log,S05,23.75,0.3328239513149476,1.2999999523162842,39.400001525878906,True,191,4
R_C_log,S05,24.0,0.3328239513149476,1.2999999523162842,39.400001525878906,True,220,4
R_C_log,S05,24.25,0.3328239513149476,1.2999999523162842,39.400001525878906,True,171,4
R_C_log,S05,24.5,0.3278014370825941,1.2999999523162842,39.400001525878906,True,178,4
R_C_log,S05,24.75,0.3278014370825941,1.2999999523162842,39.400001525878906,True,160,3
R_C_log,S05,25.0,0.3278014370825941,1.2999999523162842,39.400001525878906,True,127,3
R_C_log,S05,25.25,0.3278014370825941,1.2999999523162842,39.400001525878906,True,120,3
R_C_log,S05,25.5,0.3278014370825941,1.2999999523162842,39.400001525878906,True,138,3
R_C_log,S05,25.75,0.3278014370825941,1.2999999523162842,39.400001525878906,True,134,3
R_C_log,S05,26.0,0.3278014370825941,1.2999999523162842,39.400001525878906,True,160,3
R_C_log,S05,26.25,0.3278014370825941,1.2999999523162842,39.400001525878906,True,151,3
R_C_log,S05,26.5,0.3278014370825941,1.2999999523162842,39.400001525878906,True,151,3
R_C_log,S05,26.75,0.3278014370825941,1.2999999523162842,39.400001525878906,True,136,3
R_C_log,S05,27.0,0.3278014370825941,1.2999999523162842,39.400001525878906,True,135,3
R_C_log,S05,27.25,0.3278014370825941,1.2999999523162842,39.400001525878906,True,119,3
R_C_log,S05,27.5,0.3101645642465005,1.2999999523162842,39.400001525878906,True,135,3
R_C_log,S05,27.75,0.3101645642465005,1.2999999523162842,39.400001525878906,True,104,3
R_C_log,S05,28.0,0.3101645642465005,1.2999999523162842,39.400001525878906,True,126,3
R_C_log,S05,28.25,0.3101645642465005,1.2999999523162842,39.400001525878906,True,114,3
R_C_log,S05,28.5,0.3101645642465005,1.2999999523162842,39.400001525878906,True,125,3
R_C_log,S05,28.75,0.3101645642465005,1.2999999523162842,39.400001525878906,True,118,3
R_C_log,S05,29.0,0.3101645642465005,1.2999999523162842,39.400001525878906,True,142,3
R_C_log,S05,29.25,0.3101645642465005,1.2999999523162842,39.400001525878906,True,136,3
R_C_log,S05,29.5,0.3101645642465005,1.2999999523162842,39.400001525878906,True,131,3
R_C_log,S05,29.75,0.3101645642465005,1.2999999523162842,39.400001525878906,True,123,3
R_C_log,S05,30.0,0.3101645642465005,1.2999999523162842,39.400001525878906,True,125,3
R_C_log,S05,30.25,0.3101645642465005,1.2999999523162842,39.400001525878906,True,106,2
R_C_log,S05,30.5,0.3101645642465005,1.2999999523162842,39.400001525878906,True,127,2
R_C_log,S05,30.75,0.26658766484433283,1.2999999523162842,39.400001525878906,True,118,2
R_C_log,S05,31.0,0.3099117744371118,1.2999999523162842,39.400001525878906,True,139,2
R_C_log,S05,31.25,0.3104734749968707,1.2999999523162842,39.400001525878906,True,112,2
R_C_log,S05,31.5,0.3104734749968707,1.2999999523162842,39.400001525878906,True,123,1
R_C_log,S05,31.75,0.3104734749968707,1.2999999523162842,39.400001525878906,True,102,1
R_C_log,S05,32.0,0.30909911300675175,1.2999999523162842,39.400001525878906,True,105,2
R_C_log,S05,32.25,0.30909911300675175,1.2999999523162842,39.400001525878906,True,83,2
R_C_log,S05,32.5,0.30909911300675175,1.2999999523162842,39.400001525878906,True,72,2
R_C_log,S05,32.75,0.30909911300675175,1.2999999523162842,39.400001525878906,True,63,2
R_C_log,S05,33.0,0.30909911300675175,1.2999999523162842,39.400001525878906,True,56,2
R_C_log,S05,33.25,0.30909911300675175,1.2999999523162842,39.400001525878906,True,47,1
R_C_log,S05,33.5,0.30909911300675175,1.2999999523162842,39.400001525878906,True,63,1
R_C_log,S05,33.75,0.30909911300675175,1.2999999523162842,39.400001525878906,True,56,1
R_C_log,S05,34.0,0.30909911300675175,1.2999999523162842,39.400001525878906,True,60,1
R_C_log,S05,34.25,0.28179056113229306,1.2999999523162842,39.400001525878906,True,64,1
R_C_log,S05,34.5,0.28179056113229306,1.2999999523162842,39.400001525878906,True,62,1
R_C_log,S05,34.75,0.28179056113229306,1.2999999523162842,39.400001525878906,True,44,1
R_C_log,S05,35.0,0.28179056113229306,1.2999999523162842,39.400001525878906,True,44,1
R_C_log,S05,35.25,0.28179056113229306,1.2999999523162842,39.400001525878906,True,30,1
R_C_log,S05,35.5,0.28179056113229306,1.2999999523162842,39.400001525878906,True,24,1
R_C_log,S05,35.75,0.28179056113229306,1.2999999523162842,39.400001525878906,True,17,1
R_C_log,S05,36.0,0.28179056113229306,1.2999999523162842,39.400001525878906,True,13,1
R_C_log,S05,36.25,0.28179056113229306,1.2999999523162842,39.400001525878906,True,5,1
R_C_log,S05,36.5,0.28179056113229306,1.2999999523162842,39.400001525878906,True,3,1
R_C_log,S05,36.75,0.28179056113229306,1.2999999523162842,39.400001525878906,True,4,1
R_C_log,S05,37.0,0.28179056113229306,1.2999999523162842,39.400001525878906,True,5,1
R_C_log,S05,37.25,0.28179056113229306,1.2999999523162842,39.400001525878906,True,5,1
R_C_log,S05,37.5,0.28179056113229306,1.2999999523162842,39.400001525878906,True,5,1
R_C_log,S05,37.75,0.28179056113229306,1.2999999523162842,39.400001525878906,True,2,1
R_C_log,S05,38.0,0.28179056113229306,1.2999999523162842,39.400001525878906,True,1,1
R_C_log,S05,38.25,0.28179056113229306,1.2999999523162842,39.400001525878906,True,1,1
R_C_log,S05,38.5,0.28179056113229306,1.2999999523162842,39.400001525878906,True,1,1
R_C_log,S05,38.75,0.28179056113229306,1.2999999523162842,39.400001525878906,True,1,1
R_C_log,S05,39.0,0.28179056113229306,1.2999999523162842,39.400001525878906,True,2,1
R_C_log,S05,39.25,0.28179056113229306,1.2999999523162842,39.400001525878906,True,1,1
R_C_log,S05,39.5,0.28179056113229306,1.2999999523162842,39.400001525878906,False,1,1
R_C_log,S05,39.75,0.28179056113229306,1.2999999523162842,39.400001525878906,False,1,1
R_C_log,S05,40.0,0.28179056113229306,1.2999999523162842,39.400001525878906,False,0,0
