old_location,cell,old_numeric_token,old_context,new_value,unit,status,current_artifact,MR,CL,Word_status
D-P002,,"60,453","UK Power Networks records 60,453 weather- and asset-related outage incidents across London, the South East, and the East of England between April 2021 and March 2024, including seven named storms. Stage-level records are reconstructed into incident-level affected-customer counts and total restoration spans. Aggregating customer counts across eligible stages gives a mean almost twice that obtained from the earliest recorded stage alone. Quadratic regressions of log-transformed outcomes show positive gust curvature in both margins. For affected customers, the full-sample fitted minimum is approximately 10.7 m/s at mean pressure; this is a conditional feature of the response curve, not a physical damage threshold. Positive quadratic terms also appear in alternative distributional specifications and retrospective temporal analyses, but the temporal comparison is not a previously untouched validation because early model development used observations from both periods. Across the combined sample, gust contributes modestly to out-of-sample predictive fit. In the recovery model, its incremental contribution is smaller than that of affected customers; within weather-attributed incidents, this pairwise ordering reverses. Comparisons during the seven storms describe fitted performance and do not independently establish that reversal. The results characterise nonlinear variation in the consequences of recorded outages across a heterogeneous distribution network, complementing component-level fragility research while estimating a different quantity.",60436,events,current_value_computed_context_requires_revision,D:\Pyprogramme\STST2603\claude_branch\paper_revision_work_v2\R04\tables\core_metrics.csv,"MR10,MR13,MR19,MR26","CL01,CL02,CL03,CL04,CL05",not_modified
D-P002,,2021,"UK Power Networks records 60,453 weather- and asset-related outage incidents across London, the South East, and the East of England between April 2021 and March 2024, including seven named storms. Stage-level records are reconstructed into incident-level affected-customer counts and total restoration spans. Aggregating customer counts across eligible stages gives a mean almost twice that obtained from the earliest recorded stage alone. Quadratic regressions of log-transformed outcomes show positive gust curvature in both margins. For affected customers, the full-sample fitted minimum is approximately 10.7 m/s at mean pressure; this is a conditional feature of the response curve, not a physical damage threshold. Positive quadratic terms also appear in alternative distributional specifications and retrospective temporal analyses, but the temporal comparison is not a previously untouched validation because early model development used observations from both periods. Across the combined sample, gust contributes modestly to out-of-sample predictive fit. In the recovery model, its incremental contribution is smaller than that of affected customers; within weather-attributed incidents, this pairwise ordering reverses. Comparisons during the seven storms describe fitted performance and do not independently establish that reversal. The results characterise nonlinear variation in the consequences of recorded outages across a heterogeneous distribution network, complementing component-level fragility research while estimating a different quantity.",,requires_semantic_interpretation,citation_date_equation_index_or_definition; no model-derived replacement; source wording limits remain in MR,,"MR10,MR13,MR19,MR26","CL01,CL02,CL03,CL04,CL05",not_modified
D-P002,,2024,"UK Power Networks records 60,453 weather- and asset-related outage incidents across London, the South East, and the East of England between April 2021 and March 2024, including seven named storms. Stage-level records are reconstructed into incident-level affected-customer counts and total restoration spans. Aggregating customer counts across eligible stages gives a mean almost twice that obtained from the earliest recorded stage alone. Quadratic regressions of log-transformed outcomes show positive gust curvature in both margins. For affected customers, the full-sample fitted minimum is approximately 10.7 m/s at mean pressure; this is a conditional feature of the response curve, not a physical damage threshold. Positive quadratic terms also appear in alternative distributional specifications and retrospective temporal analyses, but the temporal comparison is not a previously untouched validation because early model development used observations from both periods. Across the combined sample, gust contributes modestly to out-of-sample predictive fit. In the recovery model, its incremental contribution is smaller than that of affected customers; within weather-attributed incidents, this pairwise ordering reverses. Comparisons during the seven storms describe fitted performance and do not independently establish that reversal. The results characterise nonlinear variation in the consequences of recorded outages across a heterogeneous distribution network, complementing component-level fragility research while estimating a different quantity.",,requires_semantic_interpretation,citation_date_equation_index_or_definition; no model-derived replacement; source wording limits remain in MR,,"MR10,MR13,MR19,MR26","CL01,CL02,CL03,CL04,CL05",not_modified
D-P002,,10.7,"UK Power Networks records 60,453 weather- and asset-related outage incidents across London, the South East, and the East of England between April 2021 and March 2024, including seven named storms. Stage-level records are reconstructed into incident-level affected-customer counts and total restoration spans. Aggregating customer counts across eligible stages gives a mean almost twice that obtained from the earliest recorded stage alone. Quadratic regressions of log-transformed outcomes show positive gust curvature in both margins. For affected customers, the full-sample fitted minimum is approximately 10.7 m/s at mean pressure; this is a conditional feature of the response curve, not a physical damage threshold. Positive quadratic terms also appear in alternative distributional specifications and retrospective temporal analyses, but the temporal comparison is not a previously untouched validation because early model development used observations from both periods. Across the combined sample, gust contributes modestly to out-of-sample predictive fit. In the recovery model, its incremental contribution is smaller than that of affected customers; within weather-attributed incidents, this pairwise ordering reverses. Comparisons during the seven storms describe fitted performance and do not independently establish that reversal. The results characterise nonlinear variation in the consequences of recorded outages across a heterogeneous distribution network, complementing component-level fragility research while estimating a different quantity.",10.807545499294342,m/s,current_value_computed_context_requires_revision,D:\Pyprogramme\STST2603\claude_branch\paper_revision_work_v2\R04\tables\AppendixH_pressure_minima.json,"MR10,MR13,MR19,MR26","CL01,CL02,CL03,CL04,CL05",not_modified
D-P005,,1,1. Introduction,,requires_semantic_interpretation,cross_reference_or_caption; content changes recorded in coverage,,,,not_modified
D-P006,,1,"Storms and other extreme weather events are the most common cause of power disruptions in Great Britain [1]. In November 2021, Storm Arwen alone left more than one million customers without power [2]. Three months later, three named storms struck the United Kingdom within five days: Dudley, Eunice, and Franklin. Within the service area of UK Power Networks (UKPN), which covers London, the South East, and the East of England, Storm Eunice produced a peak observed gust of 39.4 m/s in Lewes, East Sussex, on 18 February 2022. This value is the highest gust recorded across the entire study period examined in this paper. The storm was associated with 1,601 weather-related outage events across 101 Local Authority Districts, a cumulative estimate of 376,712 affected customers, and a mean restoration time of 52.7 hours. Two days later, Storm Franklin affected the same network and produced a further 1,187 events.",,requires_semantic_interpretation,citation_date_equation_index_or_definition; no model-derived replacement; source wording limits remain in MR,,"MR05,MR27","CL01,CL02,CL05",not_modified
D-P006,,2021,"Storms and other extreme weather events are the most common cause of power disruptions in Great Britain [1]. In November 2021, Storm Arwen alone left more than one million customers without power [2]. Three months later, three named storms struck the United Kingdom within five days: Dudley, Eunice, and Franklin. Within the service area of UK Power Networks (UKPN), which covers London, the South East, and the East of England, Storm Eunice produced a peak observed gust of 39.4 m/s in Lewes, East Sussex, on 18 February 2022. This value is the highest gust recorded across the entire study period examined in this paper. The storm was associated with 1,601 weather-related outage events across 101 Local Authority Districts, a cumulative estimate of 376,712 affected customers, and a mean restoration time of 52.7 hours. Two days later, Storm Franklin affected the same network and produced a further 1,187 events.",,requires_semantic_interpretation,citation_date_equation_index_or_definition; no model-derived replacement; source wording limits remain in MR,,"MR05,MR27","CL01,CL02,CL05",not_modified
D-P006,,2,"Storms and other extreme weather events are the most common cause of power disruptions in Great Britain [1]. In November 2021, Storm Arwen alone left more than one million customers without power [2]. Three months later, three named storms struck the United Kingdom within five days: Dudley, Eunice, and Franklin. Within the service area of UK Power Networks (UKPN), which covers London, the South East, and the East of England, Storm Eunice produced a peak observed gust of 39.4 m/s in Lewes, East Sussex, on 18 February 2022. This value is the highest gust recorded across the entire study period examined in this paper. The storm was associated with 1,601 weather-related outage events across 101 Local Authority Districts, a cumulative estimate of 376,712 affected customers, and a mean restoration time of 52.7 hours. Two days later, Storm Franklin affected the same network and produced a further 1,187 events.",,requires_semantic_interpretation,citation_date_equation_index_or_definition; no model-derived replacement; source wording limits remain in MR,,"MR05,MR27","CL01,CL02,CL05",not_modified
D-P006,,39.4,"Storms and other extreme weather events are the most common cause of power disruptions in Great Britain [1]. In November 2021, Storm Arwen alone left more than one million customers without power [2]. Three months later, three named storms struck the United Kingdom within five days: Dudley, Eunice, and Franklin. Within the service area of UK Power Networks (UKPN), which covers London, the South East, and the East of England, Storm Eunice produced a peak observed gust of 39.4 m/s in Lewes, East Sussex, on 18 February 2022. This value is the highest gust recorded across the entire study period examined in this paper. The storm was associated with 1,601 weather-related outage events across 101 Local Authority Districts, a cumulative estimate of 376,712 affected customers, and a mean restoration time of 52.7 hours. Two days later, Storm Franklin affected the same network and produced a further 1,187 events.",39.400001525878906,"m/s cached proxy, observed/3-second semantics unverified",current_value_computed_context_requires_revision,D:\Pyprogramme\STST2603\claude_branch\paper_revision_work_v2\R04\tables\storm_LAD_details.csv,"MR05,MR27","CL01,CL02,CL05",not_modified
D-P006,,18,"Storms and other extreme weather events are the most common cause of power disruptions in Great Britain [1]. In November 2021, Storm Arwen alone left more than one million customers without power [2]. Three months later, three named storms struck the United Kingdom within five days: Dudley, Eunice, and Franklin. Within the service area of UK Power Networks (UKPN), which covers London, the South East, and the East of England, Storm Eunice produced a peak observed gust of 39.4 m/s in Lewes, East Sussex, on 18 February 2022. This value is the highest gust recorded across the entire study period examined in this paper. The storm was associated with 1,601 weather-related outage events across 101 Local Authority Districts, a cumulative estimate of 376,712 affected customers, and a mean restoration time of 52.7 hours. Two days later, Storm Franklin affected the same network and produced a further 1,187 events.",,requires_semantic_interpretation,citation_date_equation_index_or_definition; no model-derived replacement; source wording limits remain in MR,,"MR05,MR27","CL01,CL02,CL05",not_modified
D-P006,,2022,"Storms and other extreme weather events are the most common cause of power disruptions in Great Britain [1]. In November 2021, Storm Arwen alone left more than one million customers without power [2]. Three months later, three named storms struck the United Kingdom within five days: Dudley, Eunice, and Franklin. Within the service area of UK Power Networks (UKPN), which covers London, the South East, and the East of England, Storm Eunice produced a peak observed gust of 39.4 m/s in Lewes, East Sussex, on 18 February 2022. This value is the highest gust recorded across the entire study period examined in this paper. The storm was associated with 1,601 weather-related outage events across 101 Local Authority Districts, a cumulative estimate of 376,712 affected customers, and a mean restoration time of 52.7 hours. Two days later, Storm Franklin affected the same network and produced a further 1,187 events.",,requires_semantic_interpretation,citation_date_equation_index_or_definition; no model-derived replacement; source wording limits remain in MR,,"MR05,MR27","CL01,CL02,CL05",not_modified
D-P006,,"1,601","Storms and other extreme weather events are the most common cause of power disruptions in Great Britain [1]. In November 2021, Storm Arwen alone left more than one million customers without power [2]. Three months later, three named storms struck the United Kingdom within five days: Dudley, Eunice, and Franklin. Within the service area of UK Power Networks (UKPN), which covers London, the South East, and the East of England, Storm Eunice produced a peak observed gust of 39.4 m/s in Lewes, East Sussex, on 18 February 2022. This value is the highest gust recorded across the entire study period examined in this paper. The storm was associated with 1,601 weather-related outage events across 101 Local Authority Districts, a cumulative estimate of 376,712 affected customers, and a mean restoration time of 52.7 hours. Two days later, Storm Franklin affected the same network and produced a further 1,187 events.",1659,events,current_main_population; old weather-related label cannot be retained,D:\Pyprogramme\STST2603\claude_branch\paper_revision_work_v2\R04\tables\storm_LAD_details.csv,"MR05,MR27","CL01,CL02,CL05",not_modified
D-P006,,101,"Storms and other extreme weather events are the most common cause of power disruptions in Great Britain [1]. In November 2021, Storm Arwen alone left more than one million customers without power [2]. Three months later, three named storms struck the United Kingdom within five days: Dudley, Eunice, and Franklin. Within the service area of UK Power Networks (UKPN), which covers London, the South East, and the East of England, Storm Eunice produced a peak observed gust of 39.4 m/s in Lewes, East Sussex, on 18 February 2022. This value is the highest gust recorded across the entire study period examined in this paper. The storm was associated with 1,601 weather-related outage events across 101 Local Authority Districts, a cumulative estimate of 376,712 affected customers, and a mean restoration time of 52.7 hours. Two days later, Storm Franklin affected the same network and produced a further 1,187 events.",101,LAD,current_main_population; old weather-related label cannot be retained,D:\Pyprogramme\STST2603\claude_branch\paper_revision_work_v2\R04\tables\storm_LAD_details.csv,"MR05,MR27","CL01,CL02,CL05",not_modified
D-P006,,"376,712","Storms and other extreme weather events are the most common cause of power disruptions in Great Britain [1]. In November 2021, Storm Arwen alone left more than one million customers without power [2]. Three months later, three named storms struck the United Kingdom within five days: Dudley, Eunice, and Franklin. Within the service area of UK Power Networks (UKPN), which covers London, the South East, and the East of England, Storm Eunice produced a peak observed gust of 39.4 m/s in Lewes, East Sussex, on 18 February 2022. This value is the highest gust recorded across the entire study period examined in this paper. The storm was associated with 1,601 weather-related outage events across 101 Local Authority Districts, a cumulative estimate of 376,712 affected customers, and a mean restoration time of 52.7 hours. Two days later, Storm Franklin affected the same network and produced a further 1,187 events.",395470,customers,current_main_population; old weather-related label cannot be retained,D:\Pyprogramme\STST2603\claude_branch\paper_revision_work_v2\R04\tables\storm_LAD_details.csv,"MR05,MR27","CL01,CL02,CL05",not_modified
D-P006,,52.7,"Storms and other extreme weather events are the most common cause of power disruptions in Great Britain [1]. In November 2021, Storm Arwen alone left more than one million customers without power [2]. Three months later, three named storms struck the United Kingdom within five days: Dudley, Eunice, and Franklin. Within the service area of UK Power Networks (UKPN), which covers London, the South East, and the East of England, Storm Eunice produced a peak observed gust of 39.4 m/s in Lewes, East Sussex, on 18 February 2022. This value is the highest gust recorded across the entire study period examined in this paper. The storm was associated with 1,601 weather-related outage events across 101 Local Authority Districts, a cumulative estimate of 376,712 affected customers, and a mean restoration time of 52.7 hours. Two days later, Storm Franklin affected the same network and produced a further 1,187 events.",54.56398432790837,hours,current_main_population; old weather-related label cannot be retained,D:\Pyprogramme\STST2603\claude_branch\paper_revision_work_v2\R04\tables\storm_LAD_details.csv,"MR05,MR27","CL01,CL02,CL05",not_modified
D-P006,,"1,187","Storms and other extreme weather events are the most common cause of power disruptions in Great Britain [1]. In November 2021, Storm Arwen alone left more than one million customers without power [2]. Three months later, three named storms struck the United Kingdom within five days: Dudley, Eunice, and Franklin. Within the service area of UK Power Networks (UKPN), which covers London, the South East, and the East of England, Storm Eunice produced a peak observed gust of 39.4 m/s in Lewes, East Sussex, on 18 February 2022. This value is the highest gust recorded across the entire study period examined in this paper. The storm was associated with 1,601 weather-related outage events across 101 Local Authority Districts, a cumulative estimate of 376,712 affected customers, and a mean restoration time of 52.7 hours. Two days later, Storm Franklin affected the same network and produced a further 1,187 events.",1132,events,current_value_computed_context_requires_revision,D:\Pyprogramme\STST2603\claude_branch\paper_revision_work_v2\R04\tables\storm_LAD_details.csv,"MR05,MR27","CL01,CL02,CL05",not_modified
D-P008,,3,"Existing empirical work on power outage duration and customer impact under severe weather has established regression- and machine-learning-based approaches for hurricane- and ice-storm-affected US utilities [3–6]. A separate line of engineering research addresses the wind vulnerability of individual distribution and transmission structures. It derives fragility curves, expressing the probability of structural failure as a function of wind speed, from finite element simulation or physical testing of particular structure types [7–10]. These studies motivate examining nonlinear wind response, but a component failure probability and the consequences of an observed network outage are different outcomes.",,requires_semantic_interpretation,citation_date_equation_index_or_definition; no model-derived replacement; source wording limits remain in MR,,MR27,"CL01,CL05",not_modified
D-P008,,6,"Existing empirical work on power outage duration and customer impact under severe weather has established regression- and machine-learning-based approaches for hurricane- and ice-storm-affected US utilities [3–6]. A separate line of engineering research addresses the wind vulnerability of individual distribution and transmission structures. It derives fragility curves, expressing the probability of structural failure as a function of wind speed, from finite element simulation or physical testing of particular structure types [7–10]. These studies motivate examining nonlinear wind response, but a component failure probability and the consequences of an observed network outage are different outcomes.",,requires_semantic_interpretation,citation_date_equation_index_or_definition; no model-derived replacement; source wording limits remain in MR,,MR27,"CL01,CL05",not_modified
D-P008,,7,"Existing empirical work on power outage duration and customer impact under severe weather has established regression- and machine-learning-based approaches for hurricane- and ice-storm-affected US utilities [3–6]. A separate line of engineering research addresses the wind vulnerability of individual distribution and transmission structures. It derives fragility curves, expressing the probability of structural failure as a function of wind speed, from finite element simulation or physical testing of particular structure types [7–10]. These studies motivate examining nonlinear wind response, but a component failure probability and the consequences of an observed network outage are different outcomes.",,requires_semantic_interpretation,citation_date_equation_index_or_definition; no model-derived replacement; source wording limits remain in MR,,MR27,"CL01,CL05",not_modified
D-P008,,10,"Existing empirical work on power outage duration and customer impact under severe weather has established regression- and machine-learning-based approaches for hurricane- and ice-storm-affected US utilities [3–6]. A separate line of engineering research addresses the wind vulnerability of individual distribution and transmission structures. It derives fragility curves, expressing the probability of structural failure as a function of wind speed, from finite element simulation or physical testing of particular structure types [7–10]. These studies motivate examining nonlinear wind response, but a component failure probability and the consequences of an observed network outage are different outcomes.",,requires_semantic_interpretation,citation_date_equation_index_or_definition; no model-derived replacement; source wording limits remain in MR,,MR27,"CL01,CL05",not_modified
D-P010,,6,"This study addresses two questions within that operational setting. First, is there a consistent nonlinear association between gust intensity and the consequences of recorded outages, and how stable is the location of any fitted minimum? Second, does the predictive contribution of gust relative to affected-customer scale in a restoration-duration model change when attention is restricted to weather-attributed incidents? Prior work has investigated influential hazard and infrastructure predictors [6]; the comparison here concerns these two particular variable groups within the same network under different cause-based sample definitions.",,requires_semantic_interpretation,citation_date_equation_index_or_definition; no model-derived replacement; source wording limits remain in MR,,"MR13,MR18,MR26","CL01,CL02,CL03,CL04,CL05",not_modified
D-P011,,2021,"Addressing both questions requires an observational record long enough, and varied enough, to include both routine operating conditions and a number of distinct severe wind events within the same network. The UKPN dataset examined in this paper spans three years of continuous operation, from April 2021 to March 2024, and includes seven officially named storms, among them Storm Eunice described above. This combination of duration and event coverage makes it possible to estimate a continuous response function across the full range of observed wind conditions, and to examine that function specifically under the seven storm events, rather than relying on a single simulated structure or a short observation window.",,requires_semantic_interpretation,citation_date_equation_index_or_definition; no model-derived replacement; source wording limits remain in MR,,MR14,CL04,not_modified
D-P011,,2024,"Addressing both questions requires an observational record long enough, and varied enough, to include both routine operating conditions and a number of distinct severe wind events within the same network. The UKPN dataset examined in this paper spans three years of continuous operation, from April 2021 to March 2024, and includes seven officially named storms, among them Storm Eunice described above. This combination of duration and event coverage makes it possible to estimate a continuous response function across the full range of observed wind conditions, and to examine that function specifically under the seven storm events, rather than relying on a single simulated structure or a short observation window.",,requires_semantic_interpretation,citation_date_equation_index_or_definition; no model-derived replacement; source wording limits remain in MR,,MR14,CL04,not_modified
D-P012,,2021,"The analysis uses UKPN outage records from April 2021 to March 2024. Separate quadratic specifications describe affected customers and restoration duration conditional on an incident having occurred. The exposure model’s fitted minimum is evaluated at a stated pressure reference, and nested-model comparisons assess the incremental predictive contribution of gust and affected customers to recovery duration. Retrospective temporal analyses examine sample sensitivity, while seven named storms provide a descriptive assessment of fitted performance during severe weather. The development history limits the independence of the temporal evidence, as explained in Section 3.2 and Appendix E.",,requires_semantic_interpretation,citation_date_equation_index_or_definition; no model-derived replacement; source wording limits remain in MR,,MR22,"CL03,CL05",not_modified
D-P012,,2024,"The analysis uses UKPN outage records from April 2021 to March 2024. Separate quadratic specifications describe affected customers and restoration duration conditional on an incident having occurred. The exposure model’s fitted minimum is evaluated at a stated pressure reference, and nested-model comparisons assess the incremental predictive contribution of gust and affected customers to recovery duration. Retrospective temporal analyses examine sample sensitivity, while seven named storms provide a descriptive assessment of fitted performance during severe weather. The development history limits the independence of the temporal evidence, as explained in Section 3.2 and Appendix E.",,requires_semantic_interpretation,citation_date_equation_index_or_definition; no model-derived replacement; source wording limits remain in MR,,MR22,"CL03,CL05",not_modified
D-P012,,3.2,"The analysis uses UKPN outage records from April 2021 to March 2024. Separate quadratic specifications describe affected customers and restoration duration conditional on an incident having occurred. The exposure model’s fitted minimum is evaluated at a stated pressure reference, and nested-model comparisons assess the incremental predictive contribution of gust and affected customers to recovery duration. Retrospective temporal analyses examine sample sensitivity, while seven named storms provide a descriptive assessment of fitted performance during severe weather. The development history limits the independence of the temporal evidence, as explained in Section 3.2 and Appendix E.",,requires_semantic_interpretation,citation_date_equation_index_or_definition; no model-derived replacement; source wording limits remain in MR,,MR22,"CL03,CL05",not_modified
D-P013,,2,"Section 2 describes the data, incident-level outcome construction and sample. Section 3 presents the regression specifications, model-development history and evaluation procedures. Section 4.1 reports gust curvature and conditional fitted minima; Sections 4.2 and 4.3 examine predictive contributions and storm-period fitted performance; Section 4.4 reports retrospective temporal and clustering checks. Section 5 discusses interpretation, limitations and further work.",,requires_semantic_interpretation,cross_reference_or_caption; content changes recorded in coverage,,MR26,"CL01,CL02,CL03,CL04,CL05",not_modified
D-P013,,3,"Section 2 describes the data, incident-level outcome construction and sample. Section 3 presents the regression specifications, model-development history and evaluation procedures. Section 4.1 reports gust curvature and conditional fitted minima; Sections 4.2 and 4.3 examine predictive contributions and storm-period fitted performance; Section 4.4 reports retrospective temporal and clustering checks. Section 5 discusses interpretation, limitations and further work.",,requires_semantic_interpretation,cross_reference_or_caption; content changes recorded in coverage,,MR26,"CL01,CL02,CL03,CL04,CL05",not_modified
D-P013,,4.1,"Section 2 describes the data, incident-level outcome construction and sample. Section 3 presents the regression specifications, model-development history and evaluation procedures. Section 4.1 reports gust curvature and conditional fitted minima; Sections 4.2 and 4.3 examine predictive contributions and storm-period fitted performance; Section 4.4 reports retrospective temporal and clustering checks. Section 5 discusses interpretation, limitations and further work.",,requires_semantic_interpretation,cross_reference_or_caption; content changes recorded in coverage,,MR26,"CL01,CL02,CL03,CL04,CL05",not_modified
D-P013,,4.2,"Section 2 describes the data, incident-level outcome construction and sample. Section 3 presents the regression specifications, model-development history and evaluation procedures. Section 4.1 reports gust curvature and conditional fitted minima; Sections 4.2 and 4.3 examine predictive contributions and storm-period fitted performance; Section 4.4 reports retrospective temporal and clustering checks. Section 5 discusses interpretation, limitations and further work.",,requires_semantic_interpretation,cross_reference_or_caption; content changes recorded in coverage,,MR26,"CL01,CL02,CL03,CL04,CL05",not_modified
D-P013,,4.3,"Section 2 describes the data, incident-level outcome construction and sample. Section 3 presents the regression specifications, model-development history and evaluation procedures. Section 4.1 reports gust curvature and conditional fitted minima; Sections 4.2 and 4.3 examine predictive contributions and storm-period fitted performance; Section 4.4 reports retrospective temporal and clustering checks. Section 5 discusses interpretation, limitations and further work.",,requires_semantic_interpretation,cross_reference_or_caption; content changes recorded in coverage,,MR26,"CL01,CL02,CL03,CL04,CL05",not_modified
D-P013,,4.4,"Section 2 describes the data, incident-level outcome construction and sample. Section 3 presents the regression specifications, model-development history and evaluation procedures. Section 4.1 reports gust curvature and conditional fitted minima; Sections 4.2 and 4.3 examine predictive contributions and storm-period fitted performance; Section 4.4 reports retrospective temporal and clustering checks. Section 5 discusses interpretation, limitations and further work.",,requires_semantic_interpretation,cross_reference_or_caption; content changes recorded in coverage,,MR26,"CL01,CL02,CL03,CL04,CL05",not_modified
D-P013,,5,"Section 2 describes the data, incident-level outcome construction and sample. Section 3 presents the regression specifications, model-development history and evaluation procedures. Section 4.1 reports gust curvature and conditional fitted minima; Sections 4.2 and 4.3 examine predictive contributions and storm-period fitted performance; Section 4.4 reports retrospective temporal and clustering checks. Section 5 discusses interpretation, limitations and further work.",,requires_semantic_interpretation,cross_reference_or_caption; content changes recorded in coverage,,MR26,"CL01,CL02,CL03,CL04,CL05",not_modified
D-P014,,2,2. Data and Study Setting,,requires_semantic_interpretation,cross_reference_or_caption; content changes recorded in coverage,,,,not_modified
D-P015,,2.1,2.1 Study setting and data sources,,requires_semantic_interpretation,cross_reference_or_caption; content changes recorded in coverage,,,,not_modified
D-P016,,11,"UKPN operates the electricity distribution network across London, the South East, and the East of England, and reports outage incidents to Ofgem, the energy regulator for Great Britain, under the regulatory reporting framework set out in the RIIO-ED1 and RIIO-ED2 Annex F guidance [11, 12]. RIIO-ED1 and RIIO-ED2 are successive multi-year price control periods during which Ofgem sets the revenue and performance requirements for UK electricity distribution network operators. This paper draws on UKPN’s outage incident records covering 1 April 2021 to 31 March 2024, a period of three complete regulatory years spanning both the RIIO-ED1 and RIIO-ED2 price control periods. Each record corresponds to a restoration stage rather than a complete outage incident. An incident that requires more than one restoration action, for example because power is restored to part of the affected area before the remainder, is represented by more than one stage-level record sharing a common incident reference. Section 2.2 describes how event-level outcome variables are constructed from these stage-level records.",,requires_semantic_interpretation,citation_date_equation_index_or_definition; no model-derived replacement; source wording limits remain in MR,,"MR02,MR03,MR27","CL01,CL04,CL05",not_modified
D-P016,,12,"UKPN operates the electricity distribution network across London, the South East, and the East of England, and reports outage incidents to Ofgem, the energy regulator for Great Britain, under the regulatory reporting framework set out in the RIIO-ED1 and RIIO-ED2 Annex F guidance [11, 12]. RIIO-ED1 and RIIO-ED2 are successive multi-year price control periods during which Ofgem sets the revenue and performance requirements for UK electricity distribution network operators. This paper draws on UKPN’s outage incident records covering 1 April 2021 to 31 March 2024, a period of three complete regulatory years spanning both the RIIO-ED1 and RIIO-ED2 price control periods. Each record corresponds to a restoration stage rather than a complete outage incident. An incident that requires more than one restoration action, for example because power is restored to part of the affected area before the remainder, is represented by more than one stage-level record sharing a common incident reference. Section 2.2 describes how event-level outcome variables are constructed from these stage-level records.",,requires_semantic_interpretation,citation_date_equation_index_or_definition; no model-derived replacement; source wording limits remain in MR,,"MR02,MR03,MR27","CL01,CL04,CL05",not_modified
D-P016,,1,"UKPN operates the electricity distribution network across London, the South East, and the East of England, and reports outage incidents to Ofgem, the energy regulator for Great Britain, under the regulatory reporting framework set out in the RIIO-ED1 and RIIO-ED2 Annex F guidance [11, 12]. RIIO-ED1 and RIIO-ED2 are successive multi-year price control periods during which Ofgem sets the revenue and performance requirements for UK electricity distribution network operators. This paper draws on UKPN’s outage incident records covering 1 April 2021 to 31 March 2024, a period of three complete regulatory years spanning both the RIIO-ED1 and RIIO-ED2 price control periods. Each record corresponds to a restoration stage rather than a complete outage incident. An incident that requires more than one restoration action, for example because power is restored to part of the affected area before the remainder, is represented by more than one stage-level record sharing a common incident reference. Section 2.2 describes how event-level outcome variables are constructed from these stage-level records.",,requires_semantic_interpretation,citation_date_equation_index_or_definition; no model-derived replacement; source wording limits remain in MR,,"MR02,MR03,MR27","CL01,CL04,CL05",not_modified
D-P016,,2021,"UKPN operates the electricity distribution network across London, the South East, and the East of England, and reports outage incidents to Ofgem, the energy regulator for Great Britain, under the regulatory reporting framework set out in the RIIO-ED1 and RIIO-ED2 Annex F guidance [11, 12]. RIIO-ED1 and RIIO-ED2 are successive multi-year price control periods during which Ofgem sets the revenue and performance requirements for UK electricity distribution network operators. This paper draws on UKPN’s outage incident records covering 1 April 2021 to 31 March 2024, a period of three complete regulatory years spanning both the RIIO-ED1 and RIIO-ED2 price control periods. Each record corresponds to a restoration stage rather than a complete outage incident. An incident that requires more than one restoration action, for example because power is restored to part of the affected area before the remainder, is represented by more than one stage-level record sharing a common incident reference. Section 2.2 describes how event-level outcome variables are constructed from these stage-level records.",,requires_semantic_interpretation,citation_date_equation_index_or_definition; no model-derived replacement; source wording limits remain in MR,,"MR02,MR03,MR27","CL01,CL04,CL05",not_modified
D-P016,,31,"UKPN operates the electricity distribution network across London, the South East, and the East of England, and reports outage incidents to Ofgem, the energy regulator for Great Britain, under the regulatory reporting framework set out in the RIIO-ED1 and RIIO-ED2 Annex F guidance [11, 12]. RIIO-ED1 and RIIO-ED2 are successive multi-year price control periods during which Ofgem sets the revenue and performance requirements for UK electricity distribution network operators. This paper draws on UKPN’s outage incident records covering 1 April 2021 to 31 March 2024, a period of three complete regulatory years spanning both the RIIO-ED1 and RIIO-ED2 price control periods. Each record corresponds to a restoration stage rather than a complete outage incident. An incident that requires more than one restoration action, for example because power is restored to part of the affected area before the remainder, is represented by more than one stage-level record sharing a common incident reference. Section 2.2 describes how event-level outcome variables are constructed from these stage-level records.",,requires_semantic_interpretation,citation_date_equation_index_or_definition; no model-derived replacement; source wording limits remain in MR,,"MR02,MR03,MR27","CL01,CL04,CL05",not_modified
D-P016,,2024,"UKPN operates the electricity distribution network across London, the South East, and the East of England, and reports outage incidents to Ofgem, the energy regulator for Great Britain, under the regulatory reporting framework set out in the RIIO-ED1 and RIIO-ED2 Annex F guidance [11, 12]. RIIO-ED1 and RIIO-ED2 are successive multi-year price control periods during which Ofgem sets the revenue and performance requirements for UK electricity distribution network operators. This paper draws on UKPN’s outage incident records covering 1 April 2021 to 31 March 2024, a period of three complete regulatory years spanning both the RIIO-ED1 and RIIO-ED2 price control periods. Each record corresponds to a restoration stage rather than a complete outage incident. An incident that requires more than one restoration action, for example because power is restored to part of the affected area before the remainder, is represented by more than one stage-level record sharing a common incident reference. Section 2.2 describes how event-level outcome variables are constructed from these stage-level records.",,requires_semantic_interpretation,citation_date_equation_index_or_definition; no model-derived replacement; source wording limits remain in MR,,"MR02,MR03,MR27","CL01,CL04,CL05",not_modified
D-P016,,2.2,"UKPN operates the electricity distribution network across London, the South East, and the East of England, and reports outage incidents to Ofgem, the energy regulator for Great Britain, under the regulatory reporting framework set out in the RIIO-ED1 and RIIO-ED2 Annex F guidance [11, 12]. RIIO-ED1 and RIIO-ED2 are successive multi-year price control periods during which Ofgem sets the revenue and performance requirements for UK electricity distribution network operators. This paper draws on UKPN’s outage incident records covering 1 April 2021 to 31 March 2024, a period of three complete regulatory years spanning both the RIIO-ED1 and RIIO-ED2 price control periods. Each record corresponds to a restoration stage rather than a complete outage incident. An incident that requires more than one restoration action, for example because power is restored to part of the affected area before the remainder, is represented by more than one stage-level record sharing a common incident reference. Section 2.2 describes how event-level outcome variables are constructed from these stage-level records.",,requires_semantic_interpretation,citation_date_equation_index_or_definition; no model-derived replacement; source wording limits remain in MR,,"MR02,MR03,MR27","CL01,CL04,CL05",not_modified
D-P017,,13,"Weather variables are matched to each incident using hourly reanalysis data from the Open-Meteo historical weather API [13], which is based on the ERA5 global reanalysis dataset [14]. Data are indexed to the latitude and longitude reported for each incident and the hour in which it began. The primary wind variable used throughout this paper is instantaneous gust speed rather than sustained wind speed. This choice follows the convention in structural wind engineering, where design wind loads are based on a short-duration (3-second) gust rather than a longer-averaged sustained speed, because peak instantaneous loading determines structural response and failure [15]. This convention has been applied specifically to wind-induced damage in electrical grid infrastructure [16]. In the final analysis sample, gust speed has a mean of 9.87 m/s and a standard deviation of 5.22 m/s, referenced in Section 4.1 when reporting the exposure margin’s turning point in physical units.",,requires_semantic_interpretation,citation_date_equation_index_or_definition; no model-derived replacement; source wording limits remain in MR,,"MR01,MR02,MR05,MR27","CL01,CL02,CL04,CL05",not_modified
D-P017,,14,"Weather variables are matched to each incident using hourly reanalysis data from the Open-Meteo historical weather API [13], which is based on the ERA5 global reanalysis dataset [14]. Data are indexed to the latitude and longitude reported for each incident and the hour in which it began. The primary wind variable used throughout this paper is instantaneous gust speed rather than sustained wind speed. This choice follows the convention in structural wind engineering, where design wind loads are based on a short-duration (3-second) gust rather than a longer-averaged sustained speed, because peak instantaneous loading determines structural response and failure [15]. This convention has been applied specifically to wind-induced damage in electrical grid infrastructure [16]. In the final analysis sample, gust speed has a mean of 9.87 m/s and a standard deviation of 5.22 m/s, referenced in Section 4.1 when reporting the exposure margin’s turning point in physical units.",,requires_semantic_interpretation,citation_date_equation_index_or_definition; no model-derived replacement; source wording limits remain in MR,,"MR01,MR02,MR05,MR27","CL01,CL02,CL04,CL05",not_modified
D-P017,,3,"Weather variables are matched to each incident using hourly reanalysis data from the Open-Meteo historical weather API [13], which is based on the ERA5 global reanalysis dataset [14]. Data are indexed to the latitude and longitude reported for each incident and the hour in which it began. The primary wind variable used throughout this paper is instantaneous gust speed rather than sustained wind speed. This choice follows the convention in structural wind engineering, where design wind loads are based on a short-duration (3-second) gust rather than a longer-averaged sustained speed, because peak instantaneous loading determines structural response and failure [15]. This convention has been applied specifically to wind-induced damage in electrical grid infrastructure [16]. In the final analysis sample, gust speed has a mean of 9.87 m/s and a standard deviation of 5.22 m/s, referenced in Section 4.1 when reporting the exposure margin’s turning point in physical units.",,requires_semantic_interpretation,citation_date_equation_index_or_definition; no model-derived replacement; source wording limits remain in MR,,"MR01,MR02,MR05,MR27","CL01,CL02,CL04,CL05",not_modified
D-P017,,15,"Weather variables are matched to each incident using hourly reanalysis data from the Open-Meteo historical weather API [13], which is based on the ERA5 global reanalysis dataset [14]. Data are indexed to the latitude and longitude reported for each incident and the hour in which it began. The primary wind variable used throughout this paper is instantaneous gust speed rather than sustained wind speed. This choice follows the convention in structural wind engineering, where design wind loads are based on a short-duration (3-second) gust rather than a longer-averaged sustained speed, because peak instantaneous loading determines structural response and failure [15]. This convention has been applied specifically to wind-induced damage in electrical grid infrastructure [16]. In the final analysis sample, gust speed has a mean of 9.87 m/s and a standard deviation of 5.22 m/s, referenced in Section 4.1 when reporting the exposure margin’s turning point in physical units.",,requires_semantic_interpretation,citation_date_equation_index_or_definition; no model-derived replacement; source wording limits remain in MR,,"MR01,MR02,MR05,MR27","CL01,CL02,CL04,CL05",not_modified
D-P017,,16,"Weather variables are matched to each incident using hourly reanalysis data from the Open-Meteo historical weather API [13], which is based on the ERA5 global reanalysis dataset [14]. Data are indexed to the latitude and longitude reported for each incident and the hour in which it began. The primary wind variable used throughout this paper is instantaneous gust speed rather than sustained wind speed. This choice follows the convention in structural wind engineering, where design wind loads are based on a short-duration (3-second) gust rather than a longer-averaged sustained speed, because peak instantaneous loading determines structural response and failure [15]. This convention has been applied specifically to wind-induced damage in electrical grid infrastructure [16]. In the final analysis sample, gust speed has a mean of 9.87 m/s and a standard deviation of 5.22 m/s, referenced in Section 4.1 when reporting the exposure margin’s turning point in physical units.",,requires_semantic_interpretation,citation_date_equation_index_or_definition; no model-derived replacement; source wording limits remain in MR,,"MR01,MR02,MR05,MR27","CL01,CL02,CL04,CL05",not_modified
D-P017,,9.87,"Weather variables are matched to each incident using hourly reanalysis data from the Open-Meteo historical weather API [13], which is based on the ERA5 global reanalysis dataset [14]. Data are indexed to the latitude and longitude reported for each incident and the hour in which it began. The primary wind variable used throughout this paper is instantaneous gust speed rather than sustained wind speed. This choice follows the convention in structural wind engineering, where design wind loads are based on a short-duration (3-second) gust rather than a longer-averaged sustained speed, because peak instantaneous loading determines structural response and failure [15]. This convention has been applied specifically to wind-induced damage in electrical grid infrastructure [16]. In the final analysis sample, gust speed has a mean of 9.87 m/s and a standard deviation of 5.22 m/s, referenced in Section 4.1 when reporting the exposure margin’s turning point in physical units.",9.91022238832415,m/s mean,current_value_computed_context_requires_revision,D:\Pyprogramme\STST2603\claude_branch\paper_revision_work_v2\R04\tables\H0_R1_B1_shape.csv,"MR01,MR02,MR05,MR27","CL01,CL02,CL04,CL05",not_modified
D-P017,,5.22,"Weather variables are matched to each incident using hourly reanalysis data from the Open-Meteo historical weather API [13], which is based on the ERA5 global reanalysis dataset [14]. Data are indexed to the latitude and longitude reported for each incident and the hour in which it began. The primary wind variable used throughout this paper is instantaneous gust speed rather than sustained wind speed. This choice follows the convention in structural wind engineering, where design wind loads are based on a short-duration (3-second) gust rather than a longer-averaged sustained speed, because peak instantaneous loading determines structural response and failure [15]. This convention has been applied specifically to wind-induced damage in electrical grid infrastructure [16]. In the final analysis sample, gust speed has a mean of 9.87 m/s and a standard deviation of 5.22 m/s, referenced in Section 4.1 when reporting the exposure margin’s turning point in physical units.",5.279979383259645,m/s SD,current_value_computed_context_requires_revision,D:\Pyprogramme\STST2603\claude_branch\paper_revision_work_v2\R04\tables\H0_R1_B1_shape.csv,"MR01,MR02,MR05,MR27","CL01,CL02,CL04,CL05",not_modified
D-P017,,4.1,"Weather variables are matched to each incident using hourly reanalysis data from the Open-Meteo historical weather API [13], which is based on the ERA5 global reanalysis dataset [14]. Data are indexed to the latitude and longitude reported for each incident and the hour in which it began. The primary wind variable used throughout this paper is instantaneous gust speed rather than sustained wind speed. This choice follows the convention in structural wind engineering, where design wind loads are based on a short-duration (3-second) gust rather than a longer-averaged sustained speed, because peak instantaneous loading determines structural response and failure [15]. This convention has been applied specifically to wind-induced damage in electrical grid infrastructure [16]. In the final analysis sample, gust speed has a mean of 9.87 m/s and a standard deviation of 5.22 m/s, referenced in Section 4.1 when reporting the exposure margin’s turning point in physical units.",,requires_semantic_interpretation,citation_date_equation_index_or_definition; no model-derived replacement; source wording limits remain in MR,,"MR01,MR02,MR05,MR27","CL01,CL02,CL04,CL05",not_modified
D-P018,,17,"Regional covariates are drawn from Office for National Statistics (ONS) data at the Local Authority District (LAD) level and merged to each incident by its reported location. These comprise resident population from ONS local authority population estimates [17], and income deprivation rate, the gap between local and national income deprivation, and spatial clustering of income deprivation measured by Moran’s I, all drawn from the ONS dataset mapping income deprivation at a local authority level [18]. Moran’s I follows the spatial autocorrelation statistic introduced by Moran [19]. An urban-rural classification is drawn from the same ONS local statistics resource used for the population and deprivation data [17]. LAD boundaries as at December 2021 are taken from the ONS Open Geography Portal [20].",,requires_semantic_interpretation,citation_date_equation_index_or_definition; no model-derived replacement; source wording limits remain in MR,,"MR06,MR07,MR08,MR27,MR28,MR29","CL01,CL05,CL06",not_modified
D-P018,,18,"Regional covariates are drawn from Office for National Statistics (ONS) data at the Local Authority District (LAD) level and merged to each incident by its reported location. These comprise resident population from ONS local authority population estimates [17], and income deprivation rate, the gap between local and national income deprivation, and spatial clustering of income deprivation measured by Moran’s I, all drawn from the ONS dataset mapping income deprivation at a local authority level [18]. Moran’s I follows the spatial autocorrelation statistic introduced by Moran [19]. An urban-rural classification is drawn from the same ONS local statistics resource used for the population and deprivation data [17]. LAD boundaries as at December 2021 are taken from the ONS Open Geography Portal [20].",,requires_semantic_interpretation,citation_date_equation_index_or_definition; no model-derived replacement; source wording limits remain in MR,,"MR06,MR07,MR08,MR27,MR28,MR29","CL01,CL05,CL06",not_modified
D-P018,,19,"Regional covariates are drawn from Office for National Statistics (ONS) data at the Local Authority District (LAD) level and merged to each incident by its reported location. These comprise resident population from ONS local authority population estimates [17], and income deprivation rate, the gap between local and national income deprivation, and spatial clustering of income deprivation measured by Moran’s I, all drawn from the ONS dataset mapping income deprivation at a local authority level [18]. Moran’s I follows the spatial autocorrelation statistic introduced by Moran [19]. An urban-rural classification is drawn from the same ONS local statistics resource used for the population and deprivation data [17]. LAD boundaries as at December 2021 are taken from the ONS Open Geography Portal [20].",,requires_semantic_interpretation,citation_date_equation_index_or_definition; no model-derived replacement; source wording limits remain in MR,,"MR06,MR07,MR08,MR27,MR28,MR29","CL01,CL05,CL06",not_modified
D-P018,,17,"Regional covariates are drawn from Office for National Statistics (ONS) data at the Local Authority District (LAD) level and merged to each incident by its reported location. These comprise resident population from ONS local authority population estimates [17], and income deprivation rate, the gap between local and national income deprivation, and spatial clustering of income deprivation measured by Moran’s I, all drawn from the ONS dataset mapping income deprivation at a local authority level [18]. Moran’s I follows the spatial autocorrelation statistic introduced by Moran [19]. An urban-rural classification is drawn from the same ONS local statistics resource used for the population and deprivation data [17]. LAD boundaries as at December 2021 are taken from the ONS Open Geography Portal [20].",,requires_semantic_interpretation,citation_date_equation_index_or_definition; no model-derived replacement; source wording limits remain in MR,,"MR06,MR07,MR08,MR27,MR28,MR29","CL01,CL05,CL06",not_modified
D-P018,,2021,"Regional covariates are drawn from Office for National Statistics (ONS) data at the Local Authority District (LAD) level and merged to each incident by its reported location. These comprise resident population from ONS local authority population estimates [17], and income deprivation rate, the gap between local and national income deprivation, and spatial clustering of income deprivation measured by Moran’s I, all drawn from the ONS dataset mapping income deprivation at a local authority level [18]. Moran’s I follows the spatial autocorrelation statistic introduced by Moran [19]. An urban-rural classification is drawn from the same ONS local statistics resource used for the population and deprivation data [17]. LAD boundaries as at December 2021 are taken from the ONS Open Geography Portal [20].",,requires_semantic_interpretation,citation_date_equation_index_or_definition; no model-derived replacement; source wording limits remain in MR,,"MR06,MR07,MR08,MR27,MR28,MR29","CL01,CL05,CL06",not_modified
D-P018,,20,"Regional covariates are drawn from Office for National Statistics (ONS) data at the Local Authority District (LAD) level and merged to each incident by its reported location. These comprise resident population from ONS local authority population estimates [17], and income deprivation rate, the gap between local and national income deprivation, and spatial clustering of income deprivation measured by Moran’s I, all drawn from the ONS dataset mapping income deprivation at a local authority level [18]. Moran’s I follows the spatial autocorrelation statistic introduced by Moran [19]. An urban-rural classification is drawn from the same ONS local statistics resource used for the population and deprivation data [17]. LAD boundaries as at December 2021 are taken from the ONS Open Geography Portal [20].",,requires_semantic_interpretation,citation_date_equation_index_or_definition; no model-derived replacement; source wording limits remain in MR,,"MR06,MR07,MR08,MR27,MR28,MR29","CL01,CL05,CL06",not_modified
D-P019,,1,"Figure 1 shows the three UKPN licence areas and the spatial density of incidents across the study period. Incident density is not uniform across the service area. It is concentrated around London, which sits at the boundary between the South East and East of England licence areas. A smaller, secondary concentration is visible near the north-east coast of the East of England licence area. The remainder of the service area shows a comparatively even, lower density of incidents.",,requires_semantic_interpretation,cross_reference_or_caption; content changes recorded in coverage,,,,not_modified
D-P021,,1,"Figure 1. Study area and event density. The map shows the three UKPN licence areas (London, South East, East of England) and the spatial density of all incidents in the final analysis sample, rendered as a hexagonal binning of incident coordinates on a logarithmic count scale. The inset shows the location of the UKPN service area within Great Britain.",,requires_semantic_interpretation,cross_reference_or_caption; content changes recorded in coverage,,,,not_modified
D-P022,,2.2,2.2 Outcome variable construction,,requires_semantic_interpretation,cross_reference_or_caption; content changes recorded in coverage,,,,not_modified
D-P023,,11,"Ofgem’s Annex F guidance distinguishes Customer Interruptions (CI) from Customer Minutes Lost (CML) [11, 12]. Customer counting excludes stages flagged as re-interruptions to avoid counting the same customers again, whereas interruption-time accounting includes repeat interruptions. This paper follows the customer-count aggregation logic when constructing affected customers. Its recovery outcome is a separate incident-level measure: the elapsed span from the earliest recorded start to the latest recorded end. This total incident span is not CML or the customer-weighted mean interruption duration.",,requires_semantic_interpretation,citation_date_equation_index_or_definition; no model-derived replacement; source wording limits remain in MR,,"MR03,MR04",CL01,not_modified
D-P023,,12,"Ofgem’s Annex F guidance distinguishes Customer Interruptions (CI) from Customer Minutes Lost (CML) [11, 12]. Customer counting excludes stages flagged as re-interruptions to avoid counting the same customers again, whereas interruption-time accounting includes repeat interruptions. This paper follows the customer-count aggregation logic when constructing affected customers. Its recovery outcome is a separate incident-level measure: the elapsed span from the earliest recorded start to the latest recorded end. This total incident span is not CML or the customer-weighted mean interruption duration.",,requires_semantic_interpretation,citation_date_equation_index_or_definition; no model-derived replacement; source wording limits remain in MR,,"MR03,MR04",CL01,not_modified
D-P025,,1,"Ci=r∈Ri, r∉Ii​Ni,r     (1)",,requires_semantic_interpretation,definition_date_or_cross_reference; preserve meaning; not empirical estimate,,MR04,CL01,not_modified
D-P028,,2,"Di=maxr ∈ RiTi,rend−minr ∈ RiTi,rstart     (2)",,requires_semantic_interpretation,definition_date_or_cross_reference; preserve meaning; not empirical estimate,,MR04,CL01,not_modified
D-P030,,47.13,"Constructing affected customers by aggregating across stages, rather than taking the customer count reported in the earliest stage of each incident, changes the sample mean from 47.13 to 93.02 customers, a difference of a factor of 1.97, within the same final analysis sample reported in Table 1. This difference reflects incidents with more than one restoration stage, in which the earliest stage alone does not capture the full extent of the customers affected as the incident evolves. Appendix B reports the full data processing pipeline underlying Equations 1 and 2, including the handling of a small number of boundary cases not covered by the general definitions above.",47.12833410550003,customers,current_value_computed_context_requires_revision,D:\Pyprogramme\STST2603\claude_branch\paper_revision_work_v2\R04\tables\customer_aggregation_comparison.json,MR04,CL01,not_modified
D-P030,,93.02,"Constructing affected customers by aggregating across stages, rather than taking the customer count reported in the earliest stage of each incident, changes the sample mean from 47.13 to 93.02 customers, a difference of a factor of 1.97, within the same final analysis sample reported in Table 1. This difference reflects incidents with more than one restoration stage, in which the earliest stage alone does not capture the full extent of the customers affected as the incident evolves. Appendix B reports the full data processing pipeline underlying Equations 1 and 2, including the handling of a small number of boundary cases not covered by the general definitions above.",93.02572969753128,customers,current_value_computed_context_requires_revision,D:\Pyprogramme\STST2603\claude_branch\paper_revision_work_v2\R04\tables\customer_aggregation_comparison.json,MR04,CL01,not_modified
D-P030,,1.97,"Constructing affected customers by aggregating across stages, rather than taking the customer count reported in the earliest stage of each incident, changes the sample mean from 47.13 to 93.02 customers, a difference of a factor of 1.97, within the same final analysis sample reported in Table 1. This difference reflects incidents with more than one restoration stage, in which the earliest stage alone does not capture the full extent of the customers affected as the incident evolves. Appendix B reports the full data processing pipeline underlying Equations 1 and 2, including the handling of a small number of boundary cases not covered by the general definitions above.",1.9738811367549456,"ratio; lowest stage number, not earliest timestamp",current_value_computed_context_requires_revision,D:\Pyprogramme\STST2603\claude_branch\paper_revision_work_v2\R04\tables\customer_aggregation_comparison.json,MR04,CL01,not_modified
D-P030,,1,"Constructing affected customers by aggregating across stages, rather than taking the customer count reported in the earliest stage of each incident, changes the sample mean from 47.13 to 93.02 customers, a difference of a factor of 1.97, within the same final analysis sample reported in Table 1. This difference reflects incidents with more than one restoration stage, in which the earliest stage alone does not capture the full extent of the customers affected as the incident evolves. Appendix B reports the full data processing pipeline underlying Equations 1 and 2, including the handling of a small number of boundary cases not covered by the general definitions above.",,requires_semantic_interpretation,citation_date_equation_index_or_definition; no model-derived replacement; source wording limits remain in MR,,MR04,CL01,not_modified
D-P030,,1,"Constructing affected customers by aggregating across stages, rather than taking the customer count reported in the earliest stage of each incident, changes the sample mean from 47.13 to 93.02 customers, a difference of a factor of 1.97, within the same final analysis sample reported in Table 1. This difference reflects incidents with more than one restoration stage, in which the earliest stage alone does not capture the full extent of the customers affected as the incident evolves. Appendix B reports the full data processing pipeline underlying Equations 1 and 2, including the handling of a small number of boundary cases not covered by the general definitions above.",,requires_semantic_interpretation,citation_date_equation_index_or_definition; no model-derived replacement; source wording limits remain in MR,,MR04,CL01,not_modified
D-P030,,2,"Constructing affected customers by aggregating across stages, rather than taking the customer count reported in the earliest stage of each incident, changes the sample mean from 47.13 to 93.02 customers, a difference of a factor of 1.97, within the same final analysis sample reported in Table 1. This difference reflects incidents with more than one restoration stage, in which the earliest stage alone does not capture the full extent of the customers affected as the incident evolves. Appendix B reports the full data processing pipeline underlying Equations 1 and 2, including the handling of a small number of boundary cases not covered by the general definitions above.",,requires_semantic_interpretation,citation_date_equation_index_or_definition; no model-derived replacement; source wording limits remain in MR,,MR04,CL01,not_modified
D-P031,,2.3,2.3 Descriptive statistics and visualization,,requires_semantic_interpretation,cross_reference_or_caption; content changes recorded in coverage,,,,not_modified
D-P032,,1,"Table 1 reports descriptive statistics for affected customers and restoration duration in the final analysis sample, on the original scale and after log transformation. Both variables are heavily right-skewed on the original scale, with the mean well above the median (93.0 versus 2.0 for affected customers, 11.8 versus 6.3 hours for restoration duration). Figure 2 shows the distribution of each variable before and after transformation. The log transformations substantially reduce this skew, but they do not produce a fully symmetric distribution in either case. The transformed affected-customers variable shows a sawtooth pattern at low values, reflecting the fact that many incidents affect a small integer number of customers. The transformed restoration-duration variable shows two distinct modes, one near one hour and one near seven to twelve hours, separated by a clear trough. Restoration-stage composition is examined separately in Section 4.1 and Appendix D; those analyses describe associations and do not by themselves identify the source of the bimodal duration distribution. Despite this remaining structure, the log transformation is still used for both variables, because it reduces the influence of very large observations on a least-squares fit.",,requires_semantic_interpretation,cross_reference_or_caption; content changes recorded in coverage,,"MR10,MR21","CL01,CL03,CL06",not_modified
D-P032,,93.0,"Table 1 reports descriptive statistics for affected customers and restoration duration in the final analysis sample, on the original scale and after log transformation. Both variables are heavily right-skewed on the original scale, with the mean well above the median (93.0 versus 2.0 for affected customers, 11.8 versus 6.3 hours for restoration duration). Figure 2 shows the distribution of each variable before and after transformation. The log transformations substantially reduce this skew, but they do not produce a fully symmetric distribution in either case. The transformed affected-customers variable shows a sawtooth pattern at low values, reflecting the fact that many incidents affect a small integer number of customers. The transformed restoration-duration variable shows two distinct modes, one near one hour and one near seven to twelve hours, separated by a clear trough. Restoration-stage composition is examined separately in Section 4.1 and Appendix D; those analyses describe associations and do not by themselves identify the source of the bimodal duration distribution. Despite this remaining structure, the log transformation is still used for both variables, because it reduces the influence of very large observations on a least-squares fit.",,requires_semantic_interpretation,cross_reference_or_caption; content changes recorded in coverage,,"MR10,MR21","CL01,CL03,CL06",not_modified
D-P032,,2.0,"Table 1 reports descriptive statistics for affected customers and restoration duration in the final analysis sample, on the original scale and after log transformation. Both variables are heavily right-skewed on the original scale, with the mean well above the median (93.0 versus 2.0 for affected customers, 11.8 versus 6.3 hours for restoration duration). Figure 2 shows the distribution of each variable before and after transformation. The log transformations substantially reduce this skew, but they do not produce a fully symmetric distribution in either case. The transformed affected-customers variable shows a sawtooth pattern at low values, reflecting the fact that many incidents affect a small integer number of customers. The transformed restoration-duration variable shows two distinct modes, one near one hour and one near seven to twelve hours, separated by a clear trough. Restoration-stage composition is examined separately in Section 4.1 and Appendix D; those analyses describe associations and do not by themselves identify the source of the bimodal duration distribution. Despite this remaining structure, the log transformation is still used for both variables, because it reduces the influence of very large observations on a least-squares fit.",,requires_semantic_interpretation,cross_reference_or_caption; content changes recorded in coverage,,"MR10,MR21","CL01,CL03,CL06",not_modified
D-P032,,11.8,"Table 1 reports descriptive statistics for affected customers and restoration duration in the final analysis sample, on the original scale and after log transformation. Both variables are heavily right-skewed on the original scale, with the mean well above the median (93.0 versus 2.0 for affected customers, 11.8 versus 6.3 hours for restoration duration). Figure 2 shows the distribution of each variable before and after transformation. The log transformations substantially reduce this skew, but they do not produce a fully symmetric distribution in either case. The transformed affected-customers variable shows a sawtooth pattern at low values, reflecting the fact that many incidents affect a small integer number of customers. The transformed restoration-duration variable shows two distinct modes, one near one hour and one near seven to twelve hours, separated by a clear trough. Restoration-stage composition is examined separately in Section 4.1 and Appendix D; those analyses describe associations and do not by themselves identify the source of the bimodal duration distribution. Despite this remaining structure, the log transformation is still used for both variables, because it reduces the influence of very large observations on a least-squares fit.",,requires_semantic_interpretation,cross_reference_or_caption; content changes recorded in coverage,,"MR10,MR21","CL01,CL03,CL06",not_modified
D-P032,,6.3,"Table 1 reports descriptive statistics for affected customers and restoration duration in the final analysis sample, on the original scale and after log transformation. Both variables are heavily right-skewed on the original scale, with the mean well above the median (93.0 versus 2.0 for affected customers, 11.8 versus 6.3 hours for restoration duration). Figure 2 shows the distribution of each variable before and after transformation. The log transformations substantially reduce this skew, but they do not produce a fully symmetric distribution in either case. The transformed affected-customers variable shows a sawtooth pattern at low values, reflecting the fact that many incidents affect a small integer number of customers. The transformed restoration-duration variable shows two distinct modes, one near one hour and one near seven to twelve hours, separated by a clear trough. Restoration-stage composition is examined separately in Section 4.1 and Appendix D; those analyses describe associations and do not by themselves identify the source of the bimodal duration distribution. Despite this remaining structure, the log transformation is still used for both variables, because it reduces the influence of very large observations on a least-squares fit.",,requires_semantic_interpretation,cross_reference_or_caption; content changes recorded in coverage,,"MR10,MR21","CL01,CL03,CL06",not_modified
D-P032,,2,"Table 1 reports descriptive statistics for affected customers and restoration duration in the final analysis sample, on the original scale and after log transformation. Both variables are heavily right-skewed on the original scale, with the mean well above the median (93.0 versus 2.0 for affected customers, 11.8 versus 6.3 hours for restoration duration). Figure 2 shows the distribution of each variable before and after transformation. The log transformations substantially reduce this skew, but they do not produce a fully symmetric distribution in either case. The transformed affected-customers variable shows a sawtooth pattern at low values, reflecting the fact that many incidents affect a small integer number of customers. The transformed restoration-duration variable shows two distinct modes, one near one hour and one near seven to twelve hours, separated by a clear trough. Restoration-stage composition is examined separately in Section 4.1 and Appendix D; those analyses describe associations and do not by themselves identify the source of the bimodal duration distribution. Despite this remaining structure, the log transformation is still used for both variables, because it reduces the influence of very large observations on a least-squares fit.",,requires_semantic_interpretation,cross_reference_or_caption; content changes recorded in coverage,,"MR10,MR21","CL01,CL03,CL06",not_modified
D-P032,,4.1,"Table 1 reports descriptive statistics for affected customers and restoration duration in the final analysis sample, on the original scale and after log transformation. Both variables are heavily right-skewed on the original scale, with the mean well above the median (93.0 versus 2.0 for affected customers, 11.8 versus 6.3 hours for restoration duration). Figure 2 shows the distribution of each variable before and after transformation. The log transformations substantially reduce this skew, but they do not produce a fully symmetric distribution in either case. The transformed affected-customers variable shows a sawtooth pattern at low values, reflecting the fact that many incidents affect a small integer number of customers. The transformed restoration-duration variable shows two distinct modes, one near one hour and one near seven to twelve hours, separated by a clear trough. Restoration-stage composition is examined separately in Section 4.1 and Appendix D; those analyses describe associations and do not by themselves identify the source of the bimodal duration distribution. Despite this remaining structure, the log transformation is still used for both variables, because it reduces the influence of very large observations on a least-squares fit.",,requires_semantic_interpretation,cross_reference_or_caption; content changes recorded in coverage,,"MR10,MR21","CL01,CL03,CL06",not_modified
D-P033,,1,"Table 1. Descriptive statistics for affected customers and restoration duration, final analysis sample.",,requires_semantic_interpretation,cross_reference_or_caption; content changes recorded in coverage,,,,not_modified
D-T01,row1col2,"60,437","Affected customers (n=60,437)",,requires_semantic_interpretation,current_replacement_dataset_available_not_automatic_token_substitution,D:\Pyprogramme\STST2603\claude_branch\paper_revision_work_v2\R04\tables\Table1_current.csv,MR10,"CL01,CL03",not_modified
D-T01,row1col3,1,log(1+affected customers),,requires_semantic_interpretation,current_replacement_dataset_available_not_automatic_token_substitution,D:\Pyprogramme\STST2603\claude_branch\paper_revision_work_v2\R04\tables\Table1_current.csv,MR10,"CL01,CL03",not_modified
D-T01,row1col4,"59,834","Restoration duration, hours (n=59,834)",,requires_semantic_interpretation,current_replacement_dataset_available_not_automatic_token_substitution,D:\Pyprogramme\STST2603\claude_branch\paper_revision_work_v2\R04\tables\Table1_current.csv,MR10,"CL01,CL03",not_modified
D-T01,row2col2,93.02,93.02,93.02572969753128,customers,current_value_computed,D:\Pyprogramme\STST2603\claude_branch\paper_revision_work_v2\R04\tables\Table1_current.csv,MR10,"CL01,CL03",not_modified
D-T01,row2col3,2.138,2.138,2.138446551261025,log target,current_value_computed,D:\Pyprogramme\STST2603\claude_branch\paper_revision_work_v2\R04\tables\Table1_current.csv,MR10,"CL01,CL03",not_modified
D-T01,row2col4,11.84,11.84,17.460139100315487,hours,current_value_computed,D:\Pyprogramme\STST2603\claude_branch\paper_revision_work_v2\R04\tables\Table1_current.csv,MR10,"CL01,CL03",not_modified
D-T01,row2col5,1.656,1.656,1.6995647962740112,log target,current_value_computed,D:\Pyprogramme\STST2603\claude_branch\paper_revision_work_v2\R04\tables\Table1_current.csv,MR10,"CL01,CL03",not_modified
D-T01,row3col2,2.00,2.00,2.0,customers,current_value_computed,D:\Pyprogramme\STST2603\claude_branch\paper_revision_work_v2\R04\tables\Table1_current.csv,MR10,"CL01,CL03",not_modified
D-T01,row3col3,1.099,1.099,1.0986122886681098,log target,current_value_computed,D:\Pyprogramme\STST2603\claude_branch\paper_revision_work_v2\R04\tables\Table1_current.csv,MR10,"CL01,CL03",not_modified
D-T01,row3col4,6.27,6.27,6.366666666666666,hours,current_value_computed,D:\Pyprogramme\STST2603\claude_branch\paper_revision_work_v2\R04\tables\Table1_current.csv,MR10,"CL01,CL03",not_modified
D-T01,row3col5,1.835,1.835,1.8510760463844744,log target,current_value_computed,D:\Pyprogramme\STST2603\claude_branch\paper_revision_work_v2\R04\tables\Table1_current.csv,MR10,"CL01,CL03",not_modified
D-T01,row4col2,410.96,410.96,410.9662982981648,customers,current_value_computed,D:\Pyprogramme\STST2603\claude_branch\paper_revision_work_v2\R04\tables\Table1_current.csv,MR10,"CL01,CL03",not_modified
D-T01,row4col3,2.019,2.019,2.0189634702968893,log target,current_value_computed,D:\Pyprogramme\STST2603\claude_branch\paper_revision_work_v2\R04\tables\Table1_current.csv,MR10,"CL01,CL03",not_modified
D-T01,row4col4,19.96,19.96,87.05886835640077,hours,current_value_computed,D:\Pyprogramme\STST2603\claude_branch\paper_revision_work_v2\R04\tables\Table1_current.csv,MR10,"CL01,CL03",not_modified
D-T01,row4col5,1.349,1.349,1.413304099666742,log target,current_value_computed,D:\Pyprogramme\STST2603\claude_branch\paper_revision_work_v2\R04\tables\Table1_current.csv,MR10,"CL01,CL03",not_modified
D-T01,row5col2,0.00,0.00,0.0,customers,current_value_computed,D:\Pyprogramme\STST2603\claude_branch\paper_revision_work_v2\R04\tables\Table1_current.csv,MR10,"CL01,CL03",not_modified
D-T01,row5col3,0.000,0.000,0.0,log target,current_value_computed,D:\Pyprogramme\STST2603\claude_branch\paper_revision_work_v2\R04\tables\Table1_current.csv,MR10,"CL01,CL03",not_modified
D-T01,row5col4,0.05,0.05,0.05,hours,current_value_computed,D:\Pyprogramme\STST2603\claude_branch\paper_revision_work_v2\R04\tables\Table1_current.csv,MR10,"CL01,CL03",not_modified
D-T01,row5col5,-2.996,-2.996,-2.995732273553991,log target,current_value_computed,D:\Pyprogramme\STST2603\claude_branch\paper_revision_work_v2\R04\tables\Table1_current.csv,MR10,"CL01,CL03",not_modified
D-T01,row6col1,25,25th pct.,,requires_semantic_interpretation,current_replacement_dataset_available_not_automatic_token_substitution,D:\Pyprogramme\STST2603\claude_branch\paper_revision_work_v2\R04\tables\Table1_current.csv,MR10,"CL01,CL03",not_modified
D-T01,row6col2,1.00,1.00,1.0,customers,current_value_computed,D:\Pyprogramme\STST2603\claude_branch\paper_revision_work_v2\R04\tables\Table1_current.csv,MR10,"CL01,CL03",not_modified
D-T01,row6col3,0.693,0.693,0.6931471805599453,log target,current_value_computed,D:\Pyprogramme\STST2603\claude_branch\paper_revision_work_v2\R04\tables\Table1_current.csv,MR10,"CL01,CL03",not_modified
D-T01,row6col4,2.03,2.03,2.066666666666667,hours,current_value_computed,D:\Pyprogramme\STST2603\claude_branch\paper_revision_work_v2\R04\tables\Table1_current.csv,MR10,"CL01,CL03",not_modified
D-T01,row6col5,0.710,0.710,0.7259370033829363,log target,current_value_computed,D:\Pyprogramme\STST2603\claude_branch\paper_revision_work_v2\R04\tables\Table1_current.csv,MR10,"CL01,CL03",not_modified
D-T01,row7col1,75,75th pct.,,requires_semantic_interpretation,current_replacement_dataset_available_not_automatic_token_substitution,D:\Pyprogramme\STST2603\claude_branch\paper_revision_work_v2\R04\tables\Table1_current.csv,MR10,"CL01,CL03",not_modified
D-T01,row7col2,35.00,35.00,35.0,customers,current_value_computed,D:\Pyprogramme\STST2603\claude_branch\paper_revision_work_v2\R04\tables\Table1_current.csv,MR10,"CL01,CL03",not_modified
D-T01,row7col3,3.584,3.584,3.58351893845611,log target,current_value_computed,D:\Pyprogramme\STST2603\claude_branch\paper_revision_work_v2\R04\tables\Table1_current.csv,MR10,"CL01,CL03",not_modified
D-T01,row7col4,12.67,12.67,13.05,hours,current_value_computed,D:\Pyprogramme\STST2603\claude_branch\paper_revision_work_v2\R04\tables\Table1_current.csv,MR10,"CL01,CL03",not_modified
D-T01,row7col5,2.539,2.539,2.5687881337687024,log target,current_value_computed,D:\Pyprogramme\STST2603\claude_branch\paper_revision_work_v2\R04\tables\Table1_current.csv,MR10,"CL01,CL03",not_modified
D-T01,row8col2,"27,013.00","27,013.00",27013.0,customers,current_value_computed,D:\Pyprogramme\STST2603\claude_branch\paper_revision_work_v2\R04\tables\Table1_current.csv,MR10,"CL01,CL03",not_modified
D-T01,row8col3,10.204,10.204,10.20411052912071,log target,current_value_computed,D:\Pyprogramme\STST2603\claude_branch\paper_revision_work_v2\R04\tables\Table1_current.csv,MR10,"CL01,CL03",not_modified
D-T01,row8col4,192.08,192.08,5547.05,hours,current_value_computed,D:\Pyprogramme\STST2603\claude_branch\paper_revision_work_v2\R04\tables\Table1_current.csv,MR10,"CL01,CL03",not_modified
D-T01,row8col5,5.258,5.258,8.621021533895988,log target,current_value_computed,D:\Pyprogramme\STST2603\claude_branch\paper_revision_work_v2\R04\tables\Table1_current.csv,MR10,"CL01,CL03",not_modified
D-P035,,2,"Figure 2. Distribution of affected customers and restoration duration, original scale and after log transformation. (a) Affected customers, original scale. (b) log(1+affected customers). (c) Restoration duration, original scale (hours). (d) log(restoration duration).",,requires_semantic_interpretation,cross_reference_or_caption; content changes recorded in coverage,,,,not_modified
D-P035,,1,"Figure 2. Distribution of affected customers and restoration duration, original scale and after log transformation. (a) Affected customers, original scale. (b) log(1+affected customers). (c) Restoration duration, original scale (hours). (d) log(restoration duration).",,requires_semantic_interpretation,cross_reference_or_caption; content changes recorded in coverage,,,,not_modified
D-P037,,2.4,2.4 Sample construction and predictor variables,,requires_semantic_interpretation,cross_reference_or_caption; content changes recorded in coverage,,,,not_modified
D-P038,,2,"UKPN records a Cause Code for each incident. This paper groups the original codes into six analytical categories, with the mapping reported in Appendix A.2. The main sample retains the weather-related and asset-related groups to examine incidents attributed to weather or network asset condition. Other groups cover no fault found or unknown causes, third-party interference, human error, and external or customer causes. These labels do not establish statistical independence from gust, and weather may affect restoration even when it is not the recorded initiating cause. A six-category sensitivity comparison is reported in Appendix C. Across five folds, the recovery model’s mean quadratic gust coefficient is 0.0608 in the six-category sample (n = 116,064) and 0.0792 in the two-category sample (n = 59,834), with positive significant quadratic terms in all folds. The mean linear coefficient changes from 0.0257 to 0.0002 and is significant in five versus zero folds. This shows sensitivity of the linear term to sample definition, rather than proving that its signal in the wider sample is non-physical. The restriction was originally chosen before temporal separation, as documented in Section 3.2.",,requires_semantic_interpretation,citation_date_equation_index_or_definition; no model-derived replacement; source wording limits remain in MR,,"MR03,MR09,MR10","CL01,CL03",not_modified
D-P038,,0.0608,"UKPN records a Cause Code for each incident. This paper groups the original codes into six analytical categories, with the mapping reported in Appendix A.2. The main sample retains the weather-related and asset-related groups to examine incidents attributed to weather or network asset condition. Other groups cover no fault found or unknown causes, third-party interference, human error, and external or customer causes. These labels do not establish statistical independence from gust, and weather may affect restoration even when it is not the recorded initiating cause. A six-category sensitivity comparison is reported in Appendix C. Across five folds, the recovery model’s mean quadratic gust coefficient is 0.0608 in the six-category sample (n = 116,064) and 0.0792 in the two-category sample (n = 59,834), with positive significant quadratic terms in all folds. The mean linear coefficient changes from 0.0257 to 0.0002 and is significant in five versus zero folds. This shows sensitivity of the linear term to sample definition, rather than proving that its signal in the wider sample is non-physical. The restriction was originally chosen before temporal separation, as documented in Section 3.2.",0.0780610485572144,"mean fold coefficient, overlapping training folds",current_value_computed_context_requires_revision,D:\Pyprogramme\STST2603\claude_branch\paper_revision_work_v2\R04\tables\AppendixC_fold_summary.csv,"MR03,MR09,MR10","CL01,CL03",not_modified
D-P038,,"116,064","UKPN records a Cause Code for each incident. This paper groups the original codes into six analytical categories, with the mapping reported in Appendix A.2. The main sample retains the weather-related and asset-related groups to examine incidents attributed to weather or network asset condition. Other groups cover no fault found or unknown causes, third-party interference, human error, and external or customer causes. These labels do not establish statistical independence from gust, and weather may affect restoration even when it is not the recorded initiating cause. A six-category sensitivity comparison is reported in Appendix C. Across five folds, the recovery model’s mean quadratic gust coefficient is 0.0608 in the six-category sample (n = 116,064) and 0.0792 in the two-category sample (n = 59,834), with positive significant quadratic terms in all folds. The mean linear coefficient changes from 0.0257 to 0.0002 and is significant in five versus zero folds. This shows sensitivity of the linear term to sample definition, rather than proving that its signal in the wider sample is non-physical. The restriction was originally chosen before temporal separation, as documented in Section 3.2.",117108,events,current_value_computed_context_requires_revision,D:\Pyprogramme\STST2603\claude_branch\paper_revision_work_v2\R04\tables\AppendixC_fold_summary.csv,"MR03,MR09,MR10","CL01,CL03",not_modified
D-P038,,0.0792,"UKPN records a Cause Code for each incident. This paper groups the original codes into six analytical categories, with the mapping reported in Appendix A.2. The main sample retains the weather-related and asset-related groups to examine incidents attributed to weather or network asset condition. Other groups cover no fault found or unknown causes, third-party interference, human error, and external or customer causes. These labels do not establish statistical independence from gust, and weather may affect restoration even when it is not the recorded initiating cause. A six-category sensitivity comparison is reported in Appendix C. Across five folds, the recovery model’s mean quadratic gust coefficient is 0.0608 in the six-category sample (n = 116,064) and 0.0792 in the two-category sample (n = 59,834), with positive significant quadratic terms in all folds. The mean linear coefficient changes from 0.0257 to 0.0002 and is significant in five versus zero folds. This shows sensitivity of the linear term to sample definition, rather than proving that its signal in the wider sample is non-physical. The restriction was originally chosen before temporal separation, as documented in Section 3.2.",0.0835022011747216,"mean fold coefficient, overlapping training folds",current_value_computed_context_requires_revision,D:\Pyprogramme\STST2603\claude_branch\paper_revision_work_v2\R04\tables\AppendixC_fold_summary.csv,"MR03,MR09,MR10","CL01,CL03",not_modified
D-P038,,"59,834","UKPN records a Cause Code for each incident. This paper groups the original codes into six analytical categories, with the mapping reported in Appendix A.2. The main sample retains the weather-related and asset-related groups to examine incidents attributed to weather or network asset condition. Other groups cover no fault found or unknown causes, third-party interference, human error, and external or customer causes. These labels do not establish statistical independence from gust, and weather may affect restoration even when it is not the recorded initiating cause. A six-category sensitivity comparison is reported in Appendix C. Across five folds, the recovery model’s mean quadratic gust coefficient is 0.0608 in the six-category sample (n = 116,064) and 0.0792 in the two-category sample (n = 59,834), with positive significant quadratic terms in all folds. The mean linear coefficient changes from 0.0257 to 0.0002 and is significant in five versus zero folds. This shows sensitivity of the linear term to sample definition, rather than proving that its signal in the wider sample is non-physical. The restriction was originally chosen before temporal separation, as documented in Section 3.2.",60436,events,current_value_computed_context_requires_revision,D:\Pyprogramme\STST2603\claude_branch\paper_revision_work_v2\R04\tables\AppendixC_fold_summary.csv,"MR03,MR09,MR10","CL01,CL03",not_modified
D-P038,,0.0257,"UKPN records a Cause Code for each incident. This paper groups the original codes into six analytical categories, with the mapping reported in Appendix A.2. The main sample retains the weather-related and asset-related groups to examine incidents attributed to weather or network asset condition. Other groups cover no fault found or unknown causes, third-party interference, human error, and external or customer causes. These labels do not establish statistical independence from gust, and weather may affect restoration even when it is not the recorded initiating cause. A six-category sensitivity comparison is reported in Appendix C. Across five folds, the recovery model’s mean quadratic gust coefficient is 0.0608 in the six-category sample (n = 116,064) and 0.0792 in the two-category sample (n = 59,834), with positive significant quadratic terms in all folds. The mean linear coefficient changes from 0.0257 to 0.0002 and is significant in five versus zero folds. This shows sensitivity of the linear term to sample definition, rather than proving that its signal in the wider sample is non-physical. The restriction was originally chosen before temporal separation, as documented in Section 3.2.",0.0189203050582171,"mean fold coefficient, overlapping training folds",current_value_computed_context_requires_revision,D:\Pyprogramme\STST2603\claude_branch\paper_revision_work_v2\R04\tables\AppendixC_fold_summary.csv,"MR03,MR09,MR10","CL01,CL03",not_modified
D-P038,,0.0002,"UKPN records a Cause Code for each incident. This paper groups the original codes into six analytical categories, with the mapping reported in Appendix A.2. The main sample retains the weather-related and asset-related groups to examine incidents attributed to weather or network asset condition. Other groups cover no fault found or unknown causes, third-party interference, human error, and external or customer causes. These labels do not establish statistical independence from gust, and weather may affect restoration even when it is not the recorded initiating cause. A six-category sensitivity comparison is reported in Appendix C. Across five folds, the recovery model’s mean quadratic gust coefficient is 0.0608 in the six-category sample (n = 116,064) and 0.0792 in the two-category sample (n = 59,834), with positive significant quadratic terms in all folds. The mean linear coefficient changes from 0.0257 to 0.0002 and is significant in five versus zero folds. This shows sensitivity of the linear term to sample definition, rather than proving that its signal in the wider sample is non-physical. The restriction was originally chosen before temporal separation, as documented in Section 3.2.",-0.0055458424425808,"mean fold coefficient, overlapping training folds",current_value_computed_context_requires_revision,D:\Pyprogramme\STST2603\claude_branch\paper_revision_work_v2\R04\tables\AppendixC_fold_summary.csv,"MR03,MR09,MR10","CL01,CL03",not_modified
D-P038,,3.2,"UKPN records a Cause Code for each incident. This paper groups the original codes into six analytical categories, with the mapping reported in Appendix A.2. The main sample retains the weather-related and asset-related groups to examine incidents attributed to weather or network asset condition. Other groups cover no fault found or unknown causes, third-party interference, human error, and external or customer causes. These labels do not establish statistical independence from gust, and weather may affect restoration even when it is not the recorded initiating cause. A six-category sensitivity comparison is reported in Appendix C. Across five folds, the recovery model’s mean quadratic gust coefficient is 0.0608 in the six-category sample (n = 116,064) and 0.0792 in the two-category sample (n = 59,834), with positive significant quadratic terms in all folds. The mean linear coefficient changes from 0.0257 to 0.0002 and is significant in five versus zero folds. This shows sensitivity of the linear term to sample definition, rather than proving that its signal in the wider sample is non-physical. The restriction was originally chosen before temporal separation, as documented in Section 3.2.",,requires_semantic_interpretation,citation_date_equation_index_or_definition; no model-derived replacement; source wording limits remain in MR,,"MR03,MR09,MR10","CL01,CL03",not_modified
D-P039,,"60,453","The resulting sample comprises 60,453 incidents. After matching weather data and excluding incidents with missing regional covariates, 60,437 incidents are available for the exposure model and 59,834 for the recovery model, the difference reflecting incidents for which restoration duration could not be computed or fell above the 99th percentile of the restoration duration distribution.",60436,events,current_value_computed_context_requires_revision,D:\Pyprogramme\STST2603\claude_branch\paper_revision_work_v2\R04\tables\core_metrics.csv,"MR01,MR10","CL01,CL03",not_modified
D-P039,,"60,437","The resulting sample comprises 60,453 incidents. After matching weather data and excluding incidents with missing regional covariates, 60,437 incidents are available for the exposure model and 59,834 for the recovery model, the difference reflecting incidents for which restoration duration could not be computed or fell above the 99th percentile of the restoration duration distribution.",60436,events,current_value_computed_context_requires_revision,D:\Pyprogramme\STST2603\claude_branch\paper_revision_work_v2\R04\tables\core_metrics.csv,"MR01,MR10","CL01,CL03",not_modified
D-P039,,"59,834","The resulting sample comprises 60,453 incidents. After matching weather data and excluding incidents with missing regional covariates, 60,437 incidents are available for the exposure model and 59,834 for the recovery model, the difference reflecting incidents for which restoration duration could not be computed or fell above the 99th percentile of the restoration duration distribution.",60436,events,current_value_computed_context_requires_revision,D:\Pyprogramme\STST2603\claude_branch\paper_revision_work_v2\R04\tables\core_metrics.csv,"MR01,MR10","CL01,CL03",not_modified
D-P039,,99,"The resulting sample comprises 60,453 incidents. After matching weather data and excluding incidents with missing regional covariates, 60,437 incidents are available for the exposure model and 59,834 for the recovery model, the difference reflecting incidents for which restoration duration could not be computed or fell above the 99th percentile of the restoration duration distribution.",,requires_semantic_interpretation,old_combined_sentence_requires_rewrite; all current numerical components in named dataset; not automatic substitution,D:\Pyprogramme\STST2603\claude_branch\paper_revision_work_v2\R04\tables\core_metrics.csv,"MR01,MR10","CL01,CL03",not_modified
D-P040,,24,"The full covariate set comprises gust speed and its square, an interaction between gust speed and mean sea level pressure, 24-hour cumulative precipitation, temperature, mean sea level pressure, log population, income deprivation rate, the gap between local and national income deprivation, Moran’s I, an urban-rural indicator, and calendar year and month fixed effects. The recovery model additionally includes standardised log(1 + affected customers) and its square as covariates, discussed further in Section 4.1.",,requires_semantic_interpretation,citation_date_equation_index_or_definition; no model-derived replacement; source wording limits remain in MR,,"MR05,MR06,MR11,MR22","CL01,CL02,CL03,CL05",not_modified
D-P040,,1,"The full covariate set comprises gust speed and its square, an interaction between gust speed and mean sea level pressure, 24-hour cumulative precipitation, temperature, mean sea level pressure, log population, income deprivation rate, the gap between local and national income deprivation, Moran’s I, an urban-rural indicator, and calendar year and month fixed effects. The recovery model additionally includes standardised log(1 + affected customers) and its square as covariates, discussed further in Section 4.1.",,requires_semantic_interpretation,citation_date_equation_index_or_definition; no model-derived replacement; source wording limits remain in MR,,"MR05,MR06,MR11,MR22","CL01,CL02,CL03,CL05",not_modified
D-P040,,4.1,"The full covariate set comprises gust speed and its square, an interaction between gust speed and mean sea level pressure, 24-hour cumulative precipitation, temperature, mean sea level pressure, log population, income deprivation rate, the gap between local and national income deprivation, Moran’s I, an urban-rural indicator, and calendar year and month fixed effects. The recovery model additionally includes standardised log(1 + affected customers) and its square as covariates, discussed further in Section 4.1.",,requires_semantic_interpretation,citation_date_equation_index_or_definition; no model-derived replacement; source wording limits remain in MR,,"MR05,MR06,MR11,MR22","CL01,CL02,CL03,CL05",not_modified
D-P041,,4,"Variance inflation factors for all continuous covariates in the final model specification are below 4, with the highest value, 3.76, corresponding to the gap between local income deprivation and the national average. Values of 5 and 10 are commonly cited as informal thresholds for concern regarding multicollinearity, although O’Brien [21] cautions that these thresholds are heuristic rather than absolute, and that a given VIF value should be interpreted alongside the sample size and the strength of the effect under study rather than treated as a fixed cutoff. The VIF values obtained here are below both commonly cited thresholds regardless of this qualification.",,requires_semantic_interpretation,old_combined_sentence_requires_rewrite; all current numerical components in named dataset; not automatic substitution,D:\Pyprogramme\STST2603\claude_branch\paper_revision_work_v2\R04\tables\VIF_summary.csv,"MR06,MR08,MR11,MR25,MR29","CL01,CL02,CL03,CL04,CL05,CL06",not_modified
D-P041,,3.76,"Variance inflation factors for all continuous covariates in the final model specification are below 4, with the highest value, 3.76, corresponding to the gap between local income deprivation and the national average. Values of 5 and 10 are commonly cited as informal thresholds for concern regarding multicollinearity, although O’Brien [21] cautions that these thresholds are heuristic rather than absolute, and that a given VIF value should be interpreted alongside the sample size and the strength of the effect under study rather than treated as a fixed cutoff. The VIF values obtained here are below both commonly cited thresholds regardless of this qualification.",,requires_semantic_interpretation,old_combined_sentence_requires_rewrite; all current numerical components in named dataset; not automatic substitution,D:\Pyprogramme\STST2603\claude_branch\paper_revision_work_v2\R04\tables\VIF_summary.csv,"MR06,MR08,MR11,MR25,MR29","CL01,CL02,CL03,CL04,CL05,CL06",not_modified
D-P041,,5,"Variance inflation factors for all continuous covariates in the final model specification are below 4, with the highest value, 3.76, corresponding to the gap between local income deprivation and the national average. Values of 5 and 10 are commonly cited as informal thresholds for concern regarding multicollinearity, although O’Brien [21] cautions that these thresholds are heuristic rather than absolute, and that a given VIF value should be interpreted alongside the sample size and the strength of the effect under study rather than treated as a fixed cutoff. The VIF values obtained here are below both commonly cited thresholds regardless of this qualification.",,requires_semantic_interpretation,old_combined_sentence_requires_rewrite; all current numerical components in named dataset; not automatic substitution,D:\Pyprogramme\STST2603\claude_branch\paper_revision_work_v2\R04\tables\VIF_summary.csv,"MR06,MR08,MR11,MR25,MR29","CL01,CL02,CL03,CL04,CL05,CL06",not_modified
D-P041,,10,"Variance inflation factors for all continuous covariates in the final model specification are below 4, with the highest value, 3.76, corresponding to the gap between local income deprivation and the national average. Values of 5 and 10 are commonly cited as informal thresholds for concern regarding multicollinearity, although O’Brien [21] cautions that these thresholds are heuristic rather than absolute, and that a given VIF value should be interpreted alongside the sample size and the strength of the effect under study rather than treated as a fixed cutoff. The VIF values obtained here are below both commonly cited thresholds regardless of this qualification.",,requires_semantic_interpretation,old_combined_sentence_requires_rewrite; all current numerical components in named dataset; not automatic substitution,D:\Pyprogramme\STST2603\claude_branch\paper_revision_work_v2\R04\tables\VIF_summary.csv,"MR06,MR08,MR11,MR25,MR29","CL01,CL02,CL03,CL04,CL05,CL06",not_modified
D-P041,,21,"Variance inflation factors for all continuous covariates in the final model specification are below 4, with the highest value, 3.76, corresponding to the gap between local income deprivation and the national average. Values of 5 and 10 are commonly cited as informal thresholds for concern regarding multicollinearity, although O’Brien [21] cautions that these thresholds are heuristic rather than absolute, and that a given VIF value should be interpreted alongside the sample size and the strength of the effect under study rather than treated as a fixed cutoff. The VIF values obtained here are below both commonly cited thresholds regardless of this qualification.",,requires_semantic_interpretation,old_combined_sentence_requires_rewrite; all current numerical components in named dataset; not automatic substitution,D:\Pyprogramme\STST2603\claude_branch\paper_revision_work_v2\R04\tables\VIF_summary.csv,"MR06,MR08,MR11,MR25,MR29","CL01,CL02,CL03,CL04,CL05,CL06",not_modified
D-P042,,3,3. Empirical Framework,,requires_semantic_interpretation,cross_reference_or_caption; content changes recorded in coverage,,,,not_modified
D-P043,,3.1,3.1 Modelling approach and rationale,,requires_semantic_interpretation,cross_reference_or_caption; content changes recorded in coverage,,,,not_modified
D-P045,,1,ηG=α+β1G+β2G2     (3),,requires_semantic_interpretation,definition_date_or_cross_reference; preserve meaning; not empirical estimate,,,,not_modified
D-P045,,2,ηG=α+β1G+β2G2     (3),,requires_semantic_interpretation,definition_date_or_cross_reference; preserve meaning; not empirical estimate,,,,not_modified
D-P045,,3,ηG=α+β1G+β2G2     (3),,requires_semantic_interpretation,definition_date_or_cross_reference; preserve meaning; not empirical estimate,,,,not_modified
D-P046,,1,"where ηG denotes the fitted log-scale response, G is standardised gust and α is an intercept. Setting its derivative to zero gives G*=−β1/2β2 when β2≠0; this is a minimum when β2>0. A GLM with a log link and the same quadratic predictor has the same stationary-point condition, since the derivative of its inverse link, the exponential function, is strictly positive. The chosen log-OLS specification therefore offers a consistent descriptive framework for both margins, rather than a unique way to estimate a minimum. The sign or significance of the linear coefficient alone does not determine whether a minimum exists or has an interpretable location.",,requires_semantic_interpretation,citation_date_equation_index_or_definition; no model-derived replacement; source wording limits remain in MR,,MR18,CL02,not_modified
D-P046,,2,"where ηG denotes the fitted log-scale response, G is standardised gust and α is an intercept. Setting its derivative to zero gives G*=−β1/2β2 when β2≠0; this is a minimum when β2>0. A GLM with a log link and the same quadratic predictor has the same stationary-point condition, since the derivative of its inverse link, the exponential function, is strictly positive. The chosen log-OLS specification therefore offers a consistent descriptive framework for both margins, rather than a unique way to estimate a minimum. The sign or significance of the linear coefficient alone does not determine whether a minimum exists or has an interpretable location.",,requires_semantic_interpretation,citation_date_equation_index_or_definition; no model-derived replacement; source wording limits remain in MR,,MR18,CL02,not_modified
D-P046,,2,"where ηG denotes the fitted log-scale response, G is standardised gust and α is an intercept. Setting its derivative to zero gives G*=−β1/2β2 when β2≠0; this is a minimum when β2>0. A GLM with a log link and the same quadratic predictor has the same stationary-point condition, since the derivative of its inverse link, the exponential function, is strictly positive. The chosen log-OLS specification therefore offers a consistent descriptive framework for both margins, rather than a unique way to estimate a minimum. The sign or significance of the linear coefficient alone does not determine whether a minimum exists or has an interpretable location.",,requires_semantic_interpretation,citation_date_equation_index_or_definition; no model-derived replacement; source wording limits remain in MR,,MR18,CL02,not_modified
D-P046,,2,"where ηG denotes the fitted log-scale response, G is standardised gust and α is an intercept. Setting its derivative to zero gives G*=−β1/2β2 when β2≠0; this is a minimum when β2>0. A GLM with a log link and the same quadratic predictor has the same stationary-point condition, since the derivative of its inverse link, the exponential function, is strictly positive. The chosen log-OLS specification therefore offers a consistent descriptive framework for both margins, rather than a unique way to estimate a minimum. The sign or significance of the linear coefficient alone does not determine whether a minimum exists or has an interpretable location.",,requires_semantic_interpretation,citation_date_equation_index_or_definition; no model-derived replacement; source wording limits remain in MR,,MR18,CL02,not_modified
D-P046,,0,"where ηG denotes the fitted log-scale response, G is standardised gust and α is an intercept. Setting its derivative to zero gives G*=−β1/2β2 when β2≠0; this is a minimum when β2>0. A GLM with a log link and the same quadratic predictor has the same stationary-point condition, since the derivative of its inverse link, the exponential function, is strictly positive. The chosen log-OLS specification therefore offers a consistent descriptive framework for both margins, rather than a unique way to estimate a minimum. The sign or significance of the linear coefficient alone does not determine whether a minimum exists or has an interpretable location.",,requires_semantic_interpretation,citation_date_equation_index_or_definition; no model-derived replacement; source wording limits remain in MR,,MR18,CL02,not_modified
D-P046,,2,"where ηG denotes the fitted log-scale response, G is standardised gust and α is an intercept. Setting its derivative to zero gives G*=−β1/2β2 when β2≠0; this is a minimum when β2>0. A GLM with a log link and the same quadratic predictor has the same stationary-point condition, since the derivative of its inverse link, the exponential function, is strictly positive. The chosen log-OLS specification therefore offers a consistent descriptive framework for both margins, rather than a unique way to estimate a minimum. The sign or significance of the linear coefficient alone does not determine whether a minimum exists or has an interpretable location.",,requires_semantic_interpretation,citation_date_equation_index_or_definition; no model-derived replacement; source wording limits remain in MR,,MR18,CL02,not_modified
D-P046,,0,"where ηG denotes the fitted log-scale response, G is standardised gust and α is an intercept. Setting its derivative to zero gives G*=−β1/2β2 when β2≠0; this is a minimum when β2>0. A GLM with a log link and the same quadratic predictor has the same stationary-point condition, since the derivative of its inverse link, the exponential function, is strictly positive. The chosen log-OLS specification therefore offers a consistent descriptive framework for both margins, rather than a unique way to estimate a minimum. The sign or significance of the linear coefficient alone does not determine whether a minimum exists or has an interpretable location.",,requires_semantic_interpretation,citation_date_equation_index_or_definition; no model-derived replacement; source wording limits remain in MR,,MR18,CL02,not_modified
D-P047,,1,"Ordinary least squares is applied to log(1 + affected customers) and log(restoration duration). Both outcomes are strongly right-skewed on their original scales, as shown in Figure 2. Negative binomial, gamma and Tweedie generalised linear models offer alternative distributional specifications for such outcomes [22]. Log-OLS is retained for a common modelling framework and transparent coefficient interpretation; it does not require normally distributed raw outcomes, and residual non-normality alone does not establish that coefficient estimation is invalid. Conditional-mean specification and appropriate treatment of error dependence remain necessary considerations.",,requires_semantic_interpretation,citation_date_equation_index_or_definition; no model-derived replacement; source wording limits remain in MR,,,,not_modified
D-P047,,2,"Ordinary least squares is applied to log(1 + affected customers) and log(restoration duration). Both outcomes are strongly right-skewed on their original scales, as shown in Figure 2. Negative binomial, gamma and Tweedie generalised linear models offer alternative distributional specifications for such outcomes [22]. Log-OLS is retained for a common modelling framework and transparent coefficient interpretation; it does not require normally distributed raw outcomes, and residual non-normality alone does not establish that coefficient estimation is invalid. Conditional-mean specification and appropriate treatment of error dependence remain necessary considerations.",,requires_semantic_interpretation,citation_date_equation_index_or_definition; no model-derived replacement; source wording limits remain in MR,,,,not_modified
D-P047,,22,"Ordinary least squares is applied to log(1 + affected customers) and log(restoration duration). Both outcomes are strongly right-skewed on their original scales, as shown in Figure 2. Negative binomial, gamma and Tweedie generalised linear models offer alternative distributional specifications for such outcomes [22]. Log-OLS is retained for a common modelling framework and transparent coefficient interpretation; it does not require normally distributed raw outcomes, and residual non-normality alone does not establish that coefficient estimation is invalid. Conditional-mean specification and appropriate treatment of error dependence remain necessary considerations.",,requires_semantic_interpretation,citation_date_equation_index_or_definition; no model-derived replacement; source wording limits remain in MR,,,,not_modified
D-P048,,3,"Exploratory specification checks re-estimated the exposure model using negative binomial and Tweedie alternatives and the recovery model using gamma and Tweedie alternatives. The project audit reports positive quadratic gust terms across these checks. They are treated as supplementary sensitivity evidence rather than independent validation. A complete comparison of model settings, coefficients and residual diagnostics remains necessary for a fully reproducible assessment. The main estimates and clustering checks are reported in Table 3 and Appendix F.",,requires_semantic_interpretation,citation_date_equation_index_or_definition; no model-derived replacement; source wording limits remain in MR,,"MR18,MR25,MR26","CL01,CL02,CL03,CL04,CL05",not_modified
D-P049,,3.2,3.2 Model development and retrospective evaluation,,requires_semantic_interpretation,cross_reference_or_caption; content changes recorded in coverage,,,,not_modified
D-P050,,23,"Choosing outcome definitions, sample restrictions and model terms using the same data later used for inference can make reported evidence optimistic. Separating data before exploration is one approach to this problem [23]. In this project, however, the temporal separation was established after several foundational decisions had already used observations from both periods. The subsequent temporal comparison is therefore retrospective and does not constitute validation on a previously untouched sample.",,requires_semantic_interpretation,citation_date_equation_index_or_definition; no model-derived replacement; source wording limits remain in MR,,,,not_modified
D-P051,,1,"The period 1 April 2021 to 29 September 2023 is called the development period, and 30 September 2023 to 31 March 2024 the later period. For continuity with the project records and figure labels, the latter is also called the confirmation sample, but that label does not imply independence from model development. The local audit identified six earlier analysis steps covering outcome reconstruction and duration choice, the first turning-point analysis, Cause Code restriction and its supporting checks, and the initial predictive-contribution analysis; all used data containing the later period. Subsequent re-estimation on separated or recombined samples corrected sample allocation without undoing this earlier information use. The historical duration-measure comparison was not repeated on separated data. Appendix E records these limits. Figure 3 places four storms in the earlier period and three in the later period.",,requires_semantic_interpretation,citation_date_equation_index_or_definition; no model-derived replacement; source wording limits remain in MR,,"MR02,MR14","CL01,CL04",not_modified
D-P051,,2021,"The period 1 April 2021 to 29 September 2023 is called the development period, and 30 September 2023 to 31 March 2024 the later period. For continuity with the project records and figure labels, the latter is also called the confirmation sample, but that label does not imply independence from model development. The local audit identified six earlier analysis steps covering outcome reconstruction and duration choice, the first turning-point analysis, Cause Code restriction and its supporting checks, and the initial predictive-contribution analysis; all used data containing the later period. Subsequent re-estimation on separated or recombined samples corrected sample allocation without undoing this earlier information use. The historical duration-measure comparison was not repeated on separated data. Appendix E records these limits. Figure 3 places four storms in the earlier period and three in the later period.",,requires_semantic_interpretation,citation_date_equation_index_or_definition; no model-derived replacement; source wording limits remain in MR,,"MR02,MR14","CL01,CL04",not_modified
D-P051,,29,"The period 1 April 2021 to 29 September 2023 is called the development period, and 30 September 2023 to 31 March 2024 the later period. For continuity with the project records and figure labels, the latter is also called the confirmation sample, but that label does not imply independence from model development. The local audit identified six earlier analysis steps covering outcome reconstruction and duration choice, the first turning-point analysis, Cause Code restriction and its supporting checks, and the initial predictive-contribution analysis; all used data containing the later period. Subsequent re-estimation on separated or recombined samples corrected sample allocation without undoing this earlier information use. The historical duration-measure comparison was not repeated on separated data. Appendix E records these limits. Figure 3 places four storms in the earlier period and three in the later period.",,requires_semantic_interpretation,citation_date_equation_index_or_definition; no model-derived replacement; source wording limits remain in MR,,"MR02,MR14","CL01,CL04",not_modified
D-P051,,2023,"The period 1 April 2021 to 29 September 2023 is called the development period, and 30 September 2023 to 31 March 2024 the later period. For continuity with the project records and figure labels, the latter is also called the confirmation sample, but that label does not imply independence from model development. The local audit identified six earlier analysis steps covering outcome reconstruction and duration choice, the first turning-point analysis, Cause Code restriction and its supporting checks, and the initial predictive-contribution analysis; all used data containing the later period. Subsequent re-estimation on separated or recombined samples corrected sample allocation without undoing this earlier information use. The historical duration-measure comparison was not repeated on separated data. Appendix E records these limits. Figure 3 places four storms in the earlier period and three in the later period.",,requires_semantic_interpretation,citation_date_equation_index_or_definition; no model-derived replacement; source wording limits remain in MR,,"MR02,MR14","CL01,CL04",not_modified
D-P051,,30,"The period 1 April 2021 to 29 September 2023 is called the development period, and 30 September 2023 to 31 March 2024 the later period. For continuity with the project records and figure labels, the latter is also called the confirmation sample, but that label does not imply independence from model development. The local audit identified six earlier analysis steps covering outcome reconstruction and duration choice, the first turning-point analysis, Cause Code restriction and its supporting checks, and the initial predictive-contribution analysis; all used data containing the later period. Subsequent re-estimation on separated or recombined samples corrected sample allocation without undoing this earlier information use. The historical duration-measure comparison was not repeated on separated data. Appendix E records these limits. Figure 3 places four storms in the earlier period and three in the later period.",,requires_semantic_interpretation,citation_date_equation_index_or_definition; no model-derived replacement; source wording limits remain in MR,,"MR02,MR14","CL01,CL04",not_modified
D-P051,,2023,"The period 1 April 2021 to 29 September 2023 is called the development period, and 30 September 2023 to 31 March 2024 the later period. For continuity with the project records and figure labels, the latter is also called the confirmation sample, but that label does not imply independence from model development. The local audit identified six earlier analysis steps covering outcome reconstruction and duration choice, the first turning-point analysis, Cause Code restriction and its supporting checks, and the initial predictive-contribution analysis; all used data containing the later period. Subsequent re-estimation on separated or recombined samples corrected sample allocation without undoing this earlier information use. The historical duration-measure comparison was not repeated on separated data. Appendix E records these limits. Figure 3 places four storms in the earlier period and three in the later period.",,requires_semantic_interpretation,citation_date_equation_index_or_definition; no model-derived replacement; source wording limits remain in MR,,"MR02,MR14","CL01,CL04",not_modified
D-P051,,31,"The period 1 April 2021 to 29 September 2023 is called the development period, and 30 September 2023 to 31 March 2024 the later period. For continuity with the project records and figure labels, the latter is also called the confirmation sample, but that label does not imply independence from model development. The local audit identified six earlier analysis steps covering outcome reconstruction and duration choice, the first turning-point analysis, Cause Code restriction and its supporting checks, and the initial predictive-contribution analysis; all used data containing the later period. Subsequent re-estimation on separated or recombined samples corrected sample allocation without undoing this earlier information use. The historical duration-measure comparison was not repeated on separated data. Appendix E records these limits. Figure 3 places four storms in the earlier period and three in the later period.",,requires_semantic_interpretation,citation_date_equation_index_or_definition; no model-derived replacement; source wording limits remain in MR,,"MR02,MR14","CL01,CL04",not_modified
D-P051,,2024,"The period 1 April 2021 to 29 September 2023 is called the development period, and 30 September 2023 to 31 March 2024 the later period. For continuity with the project records and figure labels, the latter is also called the confirmation sample, but that label does not imply independence from model development. The local audit identified six earlier analysis steps covering outcome reconstruction and duration choice, the first turning-point analysis, Cause Code restriction and its supporting checks, and the initial predictive-contribution analysis; all used data containing the later period. Subsequent re-estimation on separated or recombined samples corrected sample allocation without undoing this earlier information use. The historical duration-measure comparison was not repeated on separated data. Appendix E records these limits. Figure 3 places four storms in the earlier period and three in the later period.",,requires_semantic_interpretation,citation_date_equation_index_or_definition; no model-derived replacement; source wording limits remain in MR,,"MR02,MR14","CL01,CL04",not_modified
D-P051,,3,"The period 1 April 2021 to 29 September 2023 is called the development period, and 30 September 2023 to 31 March 2024 the later period. For continuity with the project records and figure labels, the latter is also called the confirmation sample, but that label does not imply independence from model development. The local audit identified six earlier analysis steps covering outcome reconstruction and duration choice, the first turning-point analysis, Cause Code restriction and its supporting checks, and the initial predictive-contribution analysis; all used data containing the later period. Subsequent re-estimation on separated or recombined samples corrected sample allocation without undoing this earlier information use. The historical duration-measure comparison was not repeated on separated data. Appendix E records these limits. Figure 3 places four storms in the earlier period and three in the later period.",,requires_semantic_interpretation,citation_date_equation_index_or_definition; no model-derived replacement; source wording limits remain in MR,,"MR02,MR14","CL01,CL04",not_modified
D-P053,,3,Figure 3. Study period and retrospective temporal partition. Storm markers indicate their months of occurrence; the diagram is schematic within each month. The later-period label does not denote a previously untouched validation sample.,,requires_semantic_interpretation,cross_reference_or_caption; content changes recorded in coverage,,,,not_modified
D-P054,,4.2,"Five-fold cross-validation groups incidents by start date, so all incidents starting on a given day enter the same fold. For each comparison, models are fitted on four folds and evaluated on the remaining fold, and fold-level R-squared values are averaged. Sections 4.2 and 4.3 report these predictive comparisons for the combined sample and the weather-attributed subset respectively. The development-only coefficient summaries used in Section 4.4 are separately identified. These evaluations are out of fold for coefficient fitting, but not independent of earlier model selection. Grouping by date also does not guarantee separation of all days belonging to the same storm.",,requires_semantic_interpretation,citation_date_equation_index_or_definition; no model-derived replacement; source wording limits remain in MR,,"MR01,MR12,MR14","CL01,CL03,CL04",not_modified
D-P054,,4.3,"Five-fold cross-validation groups incidents by start date, so all incidents starting on a given day enter the same fold. For each comparison, models are fitted on four folds and evaluated on the remaining fold, and fold-level R-squared values are averaged. Sections 4.2 and 4.3 report these predictive comparisons for the combined sample and the weather-attributed subset respectively. The development-only coefficient summaries used in Section 4.4 are separately identified. These evaluations are out of fold for coefficient fitting, but not independent of earlier model selection. Grouping by date also does not guarantee separation of all days belonging to the same storm.",,requires_semantic_interpretation,citation_date_equation_index_or_definition; no model-derived replacement; source wording limits remain in MR,,"MR01,MR12,MR14","CL01,CL03,CL04",not_modified
D-P054,,4.4,"Five-fold cross-validation groups incidents by start date, so all incidents starting on a given day enter the same fold. For each comparison, models are fitted on four folds and evaluated on the remaining fold, and fold-level R-squared values are averaged. Sections 4.2 and 4.3 report these predictive comparisons for the combined sample and the weather-attributed subset respectively. The development-only coefficient summaries used in Section 4.4 are separately identified. These evaluations are out of fold for coefficient fitting, but not independent of earlier model selection. Grouping by date also does not guarantee separation of all days belonging to the same storm.",,requires_semantic_interpretation,citation_date_equation_index_or_definition; no model-derived replacement; source wording limits remain in MR,,"MR01,MR12,MR14","CL01,CL03,CL04",not_modified
D-P055,,10.69,"The exposure minimum was first estimated as 10.69 m/s before temporal separation. Restricting the analysis to the earlier-period exposure sample (n = 48,323) changed the estimate to 12.13 m/s. The final combined exposure sample (n = 60,437) gave 10.69 m/s again. These estimates refer to different sample constructions; the repeated rounded value is not an independent replication. Table E2 records this sequence. Sections 4.1 to 4.3 use the final combined sample unless a subset is explicitly identified.",,requires_semantic_interpretation,historical_scope_or_original_development_result; current counterparts separately archived; not B1 carry-forward,,"MR20,MR26","CL01,CL02,CL03,CL04,CL05",not_modified
D-P055,,"48,323","The exposure minimum was first estimated as 10.69 m/s before temporal separation. Restricting the analysis to the earlier-period exposure sample (n = 48,323) changed the estimate to 12.13 m/s. The final combined exposure sample (n = 60,437) gave 10.69 m/s again. These estimates refer to different sample constructions; the repeated rounded value is not an independent replication. Table E2 records this sequence. Sections 4.1 to 4.3 use the final combined sample unless a subset is explicitly identified.",,requires_semantic_interpretation,historical_scope_or_original_development_result; current counterparts separately archived; not B1 carry-forward,,"MR20,MR26","CL01,CL02,CL03,CL04,CL05",not_modified
D-P055,,12.13,"The exposure minimum was first estimated as 10.69 m/s before temporal separation. Restricting the analysis to the earlier-period exposure sample (n = 48,323) changed the estimate to 12.13 m/s. The final combined exposure sample (n = 60,437) gave 10.69 m/s again. These estimates refer to different sample constructions; the repeated rounded value is not an independent replication. Table E2 records this sequence. Sections 4.1 to 4.3 use the final combined sample unless a subset is explicitly identified.",,requires_semantic_interpretation,historical_scope_or_original_development_result; current counterparts separately archived; not B1 carry-forward,,"MR20,MR26","CL01,CL02,CL03,CL04,CL05",not_modified
D-P055,,"60,437","The exposure minimum was first estimated as 10.69 m/s before temporal separation. Restricting the analysis to the earlier-period exposure sample (n = 48,323) changed the estimate to 12.13 m/s. The final combined exposure sample (n = 60,437) gave 10.69 m/s again. These estimates refer to different sample constructions; the repeated rounded value is not an independent replication. Table E2 records this sequence. Sections 4.1 to 4.3 use the final combined sample unless a subset is explicitly identified.",,requires_semantic_interpretation,historical_scope_or_original_development_result; current counterparts separately archived; not B1 carry-forward,,"MR20,MR26","CL01,CL02,CL03,CL04,CL05",not_modified
D-P055,,10.69,"The exposure minimum was first estimated as 10.69 m/s before temporal separation. Restricting the analysis to the earlier-period exposure sample (n = 48,323) changed the estimate to 12.13 m/s. The final combined exposure sample (n = 60,437) gave 10.69 m/s again. These estimates refer to different sample constructions; the repeated rounded value is not an independent replication. Table E2 records this sequence. Sections 4.1 to 4.3 use the final combined sample unless a subset is explicitly identified.",,requires_semantic_interpretation,historical_scope_or_original_development_result; current counterparts separately archived; not B1 carry-forward,,"MR20,MR26","CL01,CL02,CL03,CL04,CL05",not_modified
D-P055,,4.1,"The exposure minimum was first estimated as 10.69 m/s before temporal separation. Restricting the analysis to the earlier-period exposure sample (n = 48,323) changed the estimate to 12.13 m/s. The final combined exposure sample (n = 60,437) gave 10.69 m/s again. These estimates refer to different sample constructions; the repeated rounded value is not an independent replication. Table E2 records this sequence. Sections 4.1 to 4.3 use the final combined sample unless a subset is explicitly identified.",,requires_semantic_interpretation,historical_scope_or_original_development_result; current counterparts separately archived; not B1 carry-forward,,"MR20,MR26","CL01,CL02,CL03,CL04,CL05",not_modified
D-P055,,4.3,"The exposure minimum was first estimated as 10.69 m/s before temporal separation. Restricting the analysis to the earlier-period exposure sample (n = 48,323) changed the estimate to 12.13 m/s. The final combined exposure sample (n = 60,437) gave 10.69 m/s again. These estimates refer to different sample constructions; the repeated rounded value is not an independent replication. Table E2 records this sequence. Sections 4.1 to 4.3 use the final combined sample unless a subset is explicitly identified.",,requires_semantic_interpretation,historical_scope_or_original_development_result; current counterparts separately archived; not B1 carry-forward,,"MR20,MR26","CL01,CL02,CL03,CL04,CL05",not_modified
D-P056,,3.3,3.3 Model specification,,requires_semantic_interpretation,cross_reference_or_caption; content changes recorded in coverage,,,,not_modified
D-P057,,0,"Continuous predictors are standardised using the estimation sample’s means and standard deviations. In cross-validation, scaling is estimated on the training fold and applied to its validation fold. For the separate temporal analyses, each sample has its own scaling; bootstrap fits likewise recompute scaling within each resample. Thus G=0 denotes the mean gust for the relevant fit, not calm conditions. Gust and pressure enter as standardised variables, with gust squared and the gust-pressure product constructed from those variables. In the recovery model, the customer predictor is first transformed as ln1+Ci, then standardised; both this standardised predictor and its square enter the model. Appendix H distinguishes the reference scales used for fitted minima and uncertainty.",,requires_semantic_interpretation,citation_date_equation_index_or_definition; no model-derived replacement; source wording limits remain in MR,,MR11,"CL02,CL05",not_modified
D-P058,,3,"The final model specification is the same for both outcome margins, except that the recovery model includes two additional terms. This is the full version of Equation 3, with the additional covariates included, given by",,requires_semantic_interpretation,citation_date_equation_index_or_definition; no model-derived replacement; source wording limits remain in MR,,MR22,"CL03,CL05",not_modified
D-P059,,1,lnYi=α+β1Gi+β2Gi2+β3GiPi+Xi′γ+δyi+θmi+εi     (4),,requires_semantic_interpretation,definition_date_or_cross_reference; preserve meaning; not empirical estimate,,,,not_modified
D-P059,,2,lnYi=α+β1Gi+β2Gi2+β3GiPi+Xi′γ+δyi+θmi+εi     (4),,requires_semantic_interpretation,definition_date_or_cross_reference; preserve meaning; not empirical estimate,,,,not_modified
D-P059,,3,lnYi=α+β1Gi+β2Gi2+β3GiPi+Xi′γ+δyi+θmi+εi     (4),,requires_semantic_interpretation,definition_date_or_cross_reference; preserve meaning; not empirical estimate,,,,not_modified
D-P059,,4,lnYi=α+β1Gi+β2Gi2+β3GiPi+Xi′γ+δyi+θmi+εi     (4),,requires_semantic_interpretation,definition_date_or_cross_reference; preserve meaning; not empirical estimate,,,,not_modified
D-P060,,1,"where Yi is 1+Ci for the exposure margin and Di for the recovery margin; Gi and Pi are standardised gust and pressure; Xi contains the other continuous and categorical covariates in Table 2; and δyi and θmi are additive year and month effects. The intercept is α, and εi is the error term. For recovery, Xi additionally contains standardised ln1+Ci and its square.",,requires_semantic_interpretation,citation_date_equation_index_or_definition; no model-derived replacement; source wording limits remain in MR,,MR11,"CL02,CL05",not_modified
D-P060,,2,"where Yi is 1+Ci for the exposure margin and Di for the recovery margin; Gi and Pi are standardised gust and pressure; Xi contains the other continuous and categorical covariates in Table 2; and δyi and θmi are additive year and month effects. The intercept is α, and εi is the error term. For recovery, Xi additionally contains standardised ln1+Ci and its square.",,requires_semantic_interpretation,citation_date_equation_index_or_definition; no model-derived replacement; source wording limits remain in MR,,MR11,"CL02,CL05",not_modified
D-P061,,4,"Year and month effects enter as separate dummy-variable sets, not year-by-month interactions. The exposure and recovery equations describe conditional log-scale responses. Let ηi denote a fitted value on that scale. Figures 4 and 6 display expηi without a retransformation correction: for exposure this refers to 1+Ci, and for recovery to duration. These are exponentiated fitted log outcomes, not estimates of conditional arithmetic means. The exposure displays also do not subtract one. Figure 7 retains ratios on this same exponentiated-log scale.",,requires_semantic_interpretation,citation_date_equation_index_or_definition; no model-derived replacement; source wording limits remain in MR,,"MR11,MR15,MR17,MR23","CL02,CL04,CL05",not_modified
D-P061,,6,"Year and month effects enter as separate dummy-variable sets, not year-by-month interactions. The exposure and recovery equations describe conditional log-scale responses. Let ηi denote a fitted value on that scale. Figures 4 and 6 display expηi without a retransformation correction: for exposure this refers to 1+Ci, and for recovery to duration. These are exponentiated fitted log outcomes, not estimates of conditional arithmetic means. The exposure displays also do not subtract one. Figure 7 retains ratios on this same exponentiated-log scale.",,requires_semantic_interpretation,citation_date_equation_index_or_definition; no model-derived replacement; source wording limits remain in MR,,"MR11,MR15,MR17,MR23","CL02,CL04,CL05",not_modified
D-P061,,1,"Year and month effects enter as separate dummy-variable sets, not year-by-month interactions. The exposure and recovery equations describe conditional log-scale responses. Let ηi denote a fitted value on that scale. Figures 4 and 6 display expηi without a retransformation correction: for exposure this refers to 1+Ci, and for recovery to duration. These are exponentiated fitted log outcomes, not estimates of conditional arithmetic means. The exposure displays also do not subtract one. Figure 7 retains ratios on this same exponentiated-log scale.",,requires_semantic_interpretation,citation_date_equation_index_or_definition; no model-derived replacement; source wording limits remain in MR,,"MR11,MR15,MR17,MR23","CL02,CL04,CL05",not_modified
D-P061,,7,"Year and month effects enter as separate dummy-variable sets, not year-by-month interactions. The exposure and recovery equations describe conditional log-scale responses. Let ηi denote a fitted value on that scale. Figures 4 and 6 display expηi without a retransformation correction: for exposure this refers to 1+Ci, and for recovery to duration. These are exponentiated fitted log outcomes, not estimates of conditional arithmetic means. The exposure displays also do not subtract one. Figure 7 retains ratios on this same exponentiated-log scale.",,requires_semantic_interpretation,citation_date_equation_index_or_definition; no model-derived replacement; source wording limits remain in MR,,"MR11,MR15,MR17,MR23","CL02,CL04,CL05",not_modified
D-P062,,2,"Table 2 lists the covariates and fixed effects included alongside gust, its square and the gust-pressure interaction. Appendix A describes their sources and transformations.",,requires_semantic_interpretation,cross_reference_or_caption; content changes recorded in coverage,,,,not_modified
D-P063,,2,Table 2. Other covariates and temporal fixed effects in Equation 4.,,requires_semantic_interpretation,cross_reference_or_caption; content changes recorded in coverage,,,,not_modified
D-P063,,4,Table 2. Other covariates and temporal fixed effects in Equation 4.,,requires_semantic_interpretation,cross_reference_or_caption; content changes recorded in coverage,,,,not_modified
D-T02,row3col1,24,24-hour cumulative precipitation,,requires_semantic_interpretation,definition_or_code_identifier_not_new_estimate; see R01/R03 frozen contracts,,"MR06,MR07","CL01,CL05,CL06",not_modified
D-T02,row10col1,1,"Standardised log(1 + affected customers), and its square",,requires_semantic_interpretation,definition_or_code_identifier_not_new_estimate; see R01/R03 frozen contracts,,"MR06,MR07","CL01,CL05,CL06",not_modified
D-P064,,24,"The main standard errors are clustered by Local Authority District (LAD) [24]. Appendix F also reports two-way clustering by LAD and date for the same final combined-sample coefficients. Changing the covariance estimator changes standard errors and confidence intervals, not the OLS point estimates. These checks address specified patterns of error dependence; they do not remove omitted-variable bias or establish independence across all multi-day storm events.",,requires_semantic_interpretation,citation_date_equation_index_or_definition; no model-derived replacement; source wording limits remain in MR,,MR11,"CL02,CL05",not_modified
D-P065,,4,4. Results,,requires_semantic_interpretation,cross_reference_or_caption; content changes recorded in coverage,,,,not_modified
D-P066,,4.1,4.1 Nonlinear gust–outage response and conditional fitted minima,,requires_semantic_interpretation,cross_reference_or_caption; content changes recorded in coverage,,MR18,CL02,not_modified
D-P067,,4.2,"This section reports the fitted gust-response shape and the location of the exposure minimum under stated reference conditions. Sections 4.2 to 4.4 then examine predictive contributions, storm-period fitted performance and retrospective temporal sensitivity.",,requires_semantic_interpretation,citation_date_equation_index_or_definition; no model-derived replacement; source wording limits remain in MR,,,,not_modified
D-P067,,4.4,"This section reports the fitted gust-response shape and the location of the exposure minimum under stated reference conditions. Sections 4.2 to 4.4 then examine predictive contributions, storm-period fitted performance and retrospective temporal sensitivity.",,requires_semantic_interpretation,citation_date_equation_index_or_definition; no model-derived replacement; source wording limits remain in MR,,,,not_modified
D-P068,,3,"Table 3 reports the final combined-sample gust coefficients. The quadratic terms are positive in both margins (p < 0.001 under LAD clustering). The linear term is negative for exposure (p = 0.022) and close to zero for recovery (p = 0.982). The quadratic terms also retain a positive sign in the reported alternative-distribution and temporal checks. These results support positive curvature within the fitted specifications. They do not establish a physical damage threshold, and the significance of a linear term is not a criterion for deciding whether a fitted minimum exists.",,requires_semantic_interpretation,cross_reference_or_caption; content changes recorded in coverage,,MR18,CL02,not_modified
D-P068,,0.001,"Table 3 reports the final combined-sample gust coefficients. The quadratic terms are positive in both margins (p < 0.001 under LAD clustering). The linear term is negative for exposure (p = 0.022) and close to zero for recovery (p = 0.982). The quadratic terms also retain a positive sign in the reported alternative-distribution and temporal checks. These results support positive curvature within the fitted specifications. They do not establish a physical damage threshold, and the significance of a linear term is not a criterion for deciding whether a fitted minimum exists.",,requires_semantic_interpretation,cross_reference_or_caption; content changes recorded in coverage,,MR18,CL02,not_modified
D-P068,,0.022,"Table 3 reports the final combined-sample gust coefficients. The quadratic terms are positive in both margins (p < 0.001 under LAD clustering). The linear term is negative for exposure (p = 0.022) and close to zero for recovery (p = 0.982). The quadratic terms also retain a positive sign in the reported alternative-distribution and temporal checks. These results support positive curvature within the fitted specifications. They do not establish a physical damage threshold, and the significance of a linear term is not a criterion for deciding whether a fitted minimum exists.",,requires_semantic_interpretation,cross_reference_or_caption; content changes recorded in coverage,,MR18,CL02,not_modified
D-P068,,0.982,"Table 3 reports the final combined-sample gust coefficients. The quadratic terms are positive in both margins (p < 0.001 under LAD clustering). The linear term is negative for exposure (p = 0.022) and close to zero for recovery (p = 0.982). The quadratic terms also retain a positive sign in the reported alternative-distribution and temporal checks. These results support positive curvature within the fitted specifications. They do not establish a physical damage threshold, and the significance of a linear term is not a criterion for deciding whether a fitted minimum exists.",,requires_semantic_interpretation,cross_reference_or_caption; content changes recorded in coverage,,MR18,CL02,not_modified
D-P069,,3,"Table 3. Gust coefficients, final model specification.",,requires_semantic_interpretation,cross_reference_or_caption; content changes recorded in coverage,,,,not_modified
D-T03,row2col2,-0.032,-0.032 (p = 0.022),,requires_semantic_interpretation,current_replacement_dataset_available_not_automatic_token_substitution,D:\Pyprogramme\STST2603\claude_branch\paper_revision_work_v2\R04\tables\Tables3_F_complete_coefficients.csv,,,not_modified
D-T03,row2col2,0.022,-0.032 (p = 0.022),,requires_semantic_interpretation,current_replacement_dataset_available_not_automatic_token_substitution,D:\Pyprogramme\STST2603\claude_branch\paper_revision_work_v2\R04\tables\Tables3_F_complete_coefficients.csv,,,not_modified
D-T03,row2col3,0.000,0.000 (p = 0.982),,requires_semantic_interpretation,current_replacement_dataset_available_not_automatic_token_substitution,D:\Pyprogramme\STST2603\claude_branch\paper_revision_work_v2\R04\tables\Tables3_F_complete_coefficients.csv,,,not_modified
D-T03,row2col3,0.982,0.000 (p = 0.982),,requires_semantic_interpretation,current_replacement_dataset_available_not_automatic_token_substitution,D:\Pyprogramme\STST2603\claude_branch\paper_revision_work_v2\R04\tables\Tables3_F_complete_coefficients.csv,,,not_modified
D-T03,row3col2,0.103,0.103 (p < 0.001),,requires_semantic_interpretation,current_replacement_dataset_available_not_automatic_token_substitution,D:\Pyprogramme\STST2603\claude_branch\paper_revision_work_v2\R04\tables\Tables3_F_complete_coefficients.csv,,,not_modified
D-T03,row3col2,0.001,0.103 (p < 0.001),,requires_semantic_interpretation,current_replacement_dataset_available_not_automatic_token_substitution,D:\Pyprogramme\STST2603\claude_branch\paper_revision_work_v2\R04\tables\Tables3_F_complete_coefficients.csv,,,not_modified
D-T03,row3col3,0.079,0.079 (p < 0.001),,requires_semantic_interpretation,current_replacement_dataset_available_not_automatic_token_substitution,D:\Pyprogramme\STST2603\claude_branch\paper_revision_work_v2\R04\tables\Tables3_F_complete_coefficients.csv,,,not_modified
D-T03,row3col3,0.001,0.079 (p < 0.001),,requires_semantic_interpretation,current_replacement_dataset_available_not_automatic_token_substitution,D:\Pyprogramme\STST2603\claude_branch\paper_revision_work_v2\R04\tables\Tables3_F_complete_coefficients.csv,,,not_modified
D-T03,row4col2,"60,437","60,437",,requires_semantic_interpretation,current_replacement_dataset_available_not_automatic_token_substitution,D:\Pyprogramme\STST2603\claude_branch\paper_revision_work_v2\R04\tables\Tables3_F_complete_coefficients.csv,,,not_modified
D-T03,row4col3,"59,834","59,834",,requires_semantic_interpretation,current_replacement_dataset_available_not_automatic_token_substitution,D:\Pyprogramme\STST2603\claude_branch\paper_revision_work_v2\R04\tables\Tables3_F_complete_coefficients.csv,,,not_modified
D-P071,,4,"Because Equation 4 includes a gust-pressure interaction, the stationary point depends on pressure. At mean pressure on the relevant estimation scale, it is",,requires_semantic_interpretation,citation_date_equation_index_or_definition; no model-derived replacement; source wording limits remain in MR,,MR19,CL02,not_modified
D-P072,,0,G*P=0=−β12β2     (5),,requires_semantic_interpretation,citation_date_equation_index_or_definition; no model-derived replacement; source wording limits remain in MR,,,,not_modified
D-P072,,12,G*P=0=−β12β2     (5),,requires_semantic_interpretation,citation_date_equation_index_or_definition; no model-derived replacement; source wording limits remain in MR,,,,not_modified
D-P072,,2,G*P=0=−β12β2     (5),,requires_semantic_interpretation,definition_date_or_cross_reference; preserve meaning; not empirical estimate,,,,not_modified
D-P072,,5,G*P=0=−β12β2     (5),,requires_semantic_interpretation,definition_date_or_cross_reference; preserve meaning; not empirical estimate,,,,not_modified
D-P073,,1,"where β1 and β2 are the fitted linear and quadratic gust coefficients. At another pressure level the location is G*P=−β1+β3P/2β2. Using full-precision combined-sample coefficients gives G*0=0.157286 and a physical gust of 10.694 m/s, reported as 10.69 m/s. The corresponding algebraic estimates at pressure one standard deviation below and above its mean are 9.656 and 11.732 m/s (Appendix H). These are conditional fitted locations; the interaction is not significant under two-way clustering, so the pressure contrast is not presented as an established operational effect.",,requires_semantic_interpretation,citation_date_equation_index_or_definition; no model-derived replacement; source wording limits remain in MR,,MR19,CL02,not_modified
D-P073,,2,"where β1 and β2 are the fitted linear and quadratic gust coefficients. At another pressure level the location is G*P=−β1+β3P/2β2. Using full-precision combined-sample coefficients gives G*0=0.157286 and a physical gust of 10.694 m/s, reported as 10.69 m/s. The corresponding algebraic estimates at pressure one standard deviation below and above its mean are 9.656 and 11.732 m/s (Appendix H). These are conditional fitted locations; the interaction is not significant under two-way clustering, so the pressure contrast is not presented as an established operational effect.",,requires_semantic_interpretation,citation_date_equation_index_or_definition; no model-derived replacement; source wording limits remain in MR,,MR19,CL02,not_modified
D-P073,,1,"where β1 and β2 are the fitted linear and quadratic gust coefficients. At another pressure level the location is G*P=−β1+β3P/2β2. Using full-precision combined-sample coefficients gives G*0=0.157286 and a physical gust of 10.694 m/s, reported as 10.69 m/s. The corresponding algebraic estimates at pressure one standard deviation below and above its mean are 9.656 and 11.732 m/s (Appendix H). These are conditional fitted locations; the interaction is not significant under two-way clustering, so the pressure contrast is not presented as an established operational effect.",,requires_semantic_interpretation,citation_date_equation_index_or_definition; no model-derived replacement; source wording limits remain in MR,,MR19,CL02,not_modified
D-P073,,3,"where β1 and β2 are the fitted linear and quadratic gust coefficients. At another pressure level the location is G*P=−β1+β3P/2β2. Using full-precision combined-sample coefficients gives G*0=0.157286 and a physical gust of 10.694 m/s, reported as 10.69 m/s. The corresponding algebraic estimates at pressure one standard deviation below and above its mean are 9.656 and 11.732 m/s (Appendix H). These are conditional fitted locations; the interaction is not significant under two-way clustering, so the pressure contrast is not presented as an established operational effect.",,requires_semantic_interpretation,citation_date_equation_index_or_definition; no model-derived replacement; source wording limits remain in MR,,MR19,CL02,not_modified
D-P073,,2,"where β1 and β2 are the fitted linear and quadratic gust coefficients. At another pressure level the location is G*P=−β1+β3P/2β2. Using full-precision combined-sample coefficients gives G*0=0.157286 and a physical gust of 10.694 m/s, reported as 10.69 m/s. The corresponding algebraic estimates at pressure one standard deviation below and above its mean are 9.656 and 11.732 m/s (Appendix H). These are conditional fitted locations; the interaction is not significant under two-way clustering, so the pressure contrast is not presented as an established operational effect.",,requires_semantic_interpretation,citation_date_equation_index_or_definition; no model-derived replacement; source wording limits remain in MR,,MR19,CL02,not_modified
D-P073,,2,"where β1 and β2 are the fitted linear and quadratic gust coefficients. At another pressure level the location is G*P=−β1+β3P/2β2. Using full-precision combined-sample coefficients gives G*0=0.157286 and a physical gust of 10.694 m/s, reported as 10.69 m/s. The corresponding algebraic estimates at pressure one standard deviation below and above its mean are 9.656 and 11.732 m/s (Appendix H). These are conditional fitted locations; the interaction is not significant under two-way clustering, so the pressure contrast is not presented as an established operational effect.",,requires_semantic_interpretation,citation_date_equation_index_or_definition; no model-derived replacement; source wording limits remain in MR,,MR19,CL02,not_modified
D-P073,,0,"where β1 and β2 are the fitted linear and quadratic gust coefficients. At another pressure level the location is G*P=−β1+β3P/2β2. Using full-precision combined-sample coefficients gives G*0=0.157286 and a physical gust of 10.694 m/s, reported as 10.69 m/s. The corresponding algebraic estimates at pressure one standard deviation below and above its mean are 9.656 and 11.732 m/s (Appendix H). These are conditional fitted locations; the interaction is not significant under two-way clustering, so the pressure contrast is not presented as an established operational effect.",,requires_semantic_interpretation,citation_date_equation_index_or_definition; no model-derived replacement; source wording limits remain in MR,,MR19,CL02,not_modified
D-P073,,0.157286,"where β1 and β2 are the fitted linear and quadratic gust coefficients. At another pressure level the location is G*P=−β1+β3P/2β2. Using full-precision combined-sample coefficients gives G*0=0.157286 and a physical gust of 10.694 m/s, reported as 10.69 m/s. The corresponding algebraic estimates at pressure one standard deviation below and above its mean are 9.656 and 11.732 m/s (Appendix H). These are conditional fitted locations; the interaction is not significant under two-way clustering, so the pressure contrast is not presented as an established operational effect.",0.16994822249025912,standardized gust,current_value_computed_context_requires_revision,D:\Pyprogramme\STST2603\claude_branch\paper_revision_work_v2\R04\tables\AppendixH_pressure_minima.json,MR19,CL02,not_modified
D-P073,,10.694,"where β1 and β2 are the fitted linear and quadratic gust coefficients. At another pressure level the location is G*P=−β1+β3P/2β2. Using full-precision combined-sample coefficients gives G*0=0.157286 and a physical gust of 10.694 m/s, reported as 10.69 m/s. The corresponding algebraic estimates at pressure one standard deviation below and above its mean are 9.656 and 11.732 m/s (Appendix H). These are conditional fitted locations; the interaction is not significant under two-way clustering, so the pressure contrast is not presented as an established operational effect.",10.807545499294342,m/s,current_value_computed_context_requires_revision,D:\Pyprogramme\STST2603\claude_branch\paper_revision_work_v2\R04\tables\AppendixH_pressure_minima.json,MR19,CL02,not_modified
D-P073,,10.69,"where β1 and β2 are the fitted linear and quadratic gust coefficients. At another pressure level the location is G*P=−β1+β3P/2β2. Using full-precision combined-sample coefficients gives G*0=0.157286 and a physical gust of 10.694 m/s, reported as 10.69 m/s. The corresponding algebraic estimates at pressure one standard deviation below and above its mean are 9.656 and 11.732 m/s (Appendix H). These are conditional fitted locations; the interaction is not significant under two-way clustering, so the pressure contrast is not presented as an established operational effect.",10.807545499294342,m/s,current_value_computed_context_requires_revision,D:\Pyprogramme\STST2603\claude_branch\paper_revision_work_v2\R04\tables\AppendixH_pressure_minima.json,MR19,CL02,not_modified
D-P073,,9.656,"where β1 and β2 are the fitted linear and quadratic gust coefficients. At another pressure level the location is G*P=−β1+β3P/2β2. Using full-precision combined-sample coefficients gives G*0=0.157286 and a physical gust of 10.694 m/s, reported as 10.69 m/s. The corresponding algebraic estimates at pressure one standard deviation below and above its mean are 9.656 and 11.732 m/s (Appendix H). These are conditional fitted locations; the interaction is not significant under two-way clustering, so the pressure contrast is not presented as an established operational effect.",9.647571090290969,m/s,current_value_computed_context_requires_revision,D:\Pyprogramme\STST2603\claude_branch\paper_revision_work_v2\R04\tables\AppendixH_pressure_minima.json,MR19,CL02,not_modified
D-P073,,11.732,"where β1 and β2 are the fitted linear and quadratic gust coefficients. At another pressure level the location is G*P=−β1+β3P/2β2. Using full-precision combined-sample coefficients gives G*0=0.157286 and a physical gust of 10.694 m/s, reported as 10.69 m/s. The corresponding algebraic estimates at pressure one standard deviation below and above its mean are 9.656 and 11.732 m/s (Appendix H). These are conditional fitted locations; the interaction is not significant under two-way clustering, so the pressure contrast is not presented as an established operational effect.",11.967519908297716,m/s,current_value_computed_context_requires_revision,D:\Pyprogramme\STST2603\claude_branch\paper_revision_work_v2\R04\tables\AppendixH_pressure_minima.json,MR19,CL02,not_modified
D-P075,,500,"A local audit reproduced the original 500 day-bootstrap fits and examined their coefficients. The quadratic coefficient remained positive, ranging from 0.03659 to 0.16138; the explanation that the interval widened because the denominator approached zero is therefore unsupported. The resampled standardised locations had empirical 2.5th and 97.5th percentiles of -0.1281 and 0.4189. Scaling was re-estimated in every resample, so these locations are measured relative to each resample’s own mean gust and pressure reference. They cannot be treated without further checking as a physical-unit interval at one fixed pressure reference. The previously reported 9.2–12.1 m/s interval is consequently withheld. Appendix H documents the resampling diagnostics and the required conversion. Differences from the Delta approximation [25] may reflect nonlinear estimation and dependence or scaling choices; this audit does not isolate their relative contributions.",,requires_semantic_interpretation,historical_scope_or_original_development_result; current counterparts separately archived; not B1 carry-forward,,"MR19,MR26","CL01,CL02,CL03,CL04,CL05",not_modified
D-P075,,0.03659,"A local audit reproduced the original 500 day-bootstrap fits and examined their coefficients. The quadratic coefficient remained positive, ranging from 0.03659 to 0.16138; the explanation that the interval widened because the denominator approached zero is therefore unsupported. The resampled standardised locations had empirical 2.5th and 97.5th percentiles of -0.1281 and 0.4189. Scaling was re-estimated in every resample, so these locations are measured relative to each resample’s own mean gust and pressure reference. They cannot be treated without further checking as a physical-unit interval at one fixed pressure reference. The previously reported 9.2–12.1 m/s interval is consequently withheld. Appendix H documents the resampling diagnostics and the required conversion. Differences from the Delta approximation [25] may reflect nonlinear estimation and dependence or scaling choices; this audit does not isolate their relative contributions.",,requires_semantic_interpretation,historical_scope_or_original_development_result; current counterparts separately archived; not B1 carry-forward,,"MR19,MR26","CL01,CL02,CL03,CL04,CL05",not_modified
D-P075,,0.16138,"A local audit reproduced the original 500 day-bootstrap fits and examined their coefficients. The quadratic coefficient remained positive, ranging from 0.03659 to 0.16138; the explanation that the interval widened because the denominator approached zero is therefore unsupported. The resampled standardised locations had empirical 2.5th and 97.5th percentiles of -0.1281 and 0.4189. Scaling was re-estimated in every resample, so these locations are measured relative to each resample’s own mean gust and pressure reference. They cannot be treated without further checking as a physical-unit interval at one fixed pressure reference. The previously reported 9.2–12.1 m/s interval is consequently withheld. Appendix H documents the resampling diagnostics and the required conversion. Differences from the Delta approximation [25] may reflect nonlinear estimation and dependence or scaling choices; this audit does not isolate their relative contributions.",,requires_semantic_interpretation,historical_scope_or_original_development_result; current counterparts separately archived; not B1 carry-forward,,"MR19,MR26","CL01,CL02,CL03,CL04,CL05",not_modified
D-P075,,2.5,"A local audit reproduced the original 500 day-bootstrap fits and examined their coefficients. The quadratic coefficient remained positive, ranging from 0.03659 to 0.16138; the explanation that the interval widened because the denominator approached zero is therefore unsupported. The resampled standardised locations had empirical 2.5th and 97.5th percentiles of -0.1281 and 0.4189. Scaling was re-estimated in every resample, so these locations are measured relative to each resample’s own mean gust and pressure reference. They cannot be treated without further checking as a physical-unit interval at one fixed pressure reference. The previously reported 9.2–12.1 m/s interval is consequently withheld. Appendix H documents the resampling diagnostics and the required conversion. Differences from the Delta approximation [25] may reflect nonlinear estimation and dependence or scaling choices; this audit does not isolate their relative contributions.",,requires_semantic_interpretation,historical_scope_or_original_development_result; current counterparts separately archived; not B1 carry-forward,,"MR19,MR26","CL01,CL02,CL03,CL04,CL05",not_modified
D-P075,,97.5,"A local audit reproduced the original 500 day-bootstrap fits and examined their coefficients. The quadratic coefficient remained positive, ranging from 0.03659 to 0.16138; the explanation that the interval widened because the denominator approached zero is therefore unsupported. The resampled standardised locations had empirical 2.5th and 97.5th percentiles of -0.1281 and 0.4189. Scaling was re-estimated in every resample, so these locations are measured relative to each resample’s own mean gust and pressure reference. They cannot be treated without further checking as a physical-unit interval at one fixed pressure reference. The previously reported 9.2–12.1 m/s interval is consequently withheld. Appendix H documents the resampling diagnostics and the required conversion. Differences from the Delta approximation [25] may reflect nonlinear estimation and dependence or scaling choices; this audit does not isolate their relative contributions.",,requires_semantic_interpretation,historical_scope_or_original_development_result; current counterparts separately archived; not B1 carry-forward,,"MR19,MR26","CL01,CL02,CL03,CL04,CL05",not_modified
D-P075,,-0.1281,"A local audit reproduced the original 500 day-bootstrap fits and examined their coefficients. The quadratic coefficient remained positive, ranging from 0.03659 to 0.16138; the explanation that the interval widened because the denominator approached zero is therefore unsupported. The resampled standardised locations had empirical 2.5th and 97.5th percentiles of -0.1281 and 0.4189. Scaling was re-estimated in every resample, so these locations are measured relative to each resample’s own mean gust and pressure reference. They cannot be treated without further checking as a physical-unit interval at one fixed pressure reference. The previously reported 9.2–12.1 m/s interval is consequently withheld. Appendix H documents the resampling diagnostics and the required conversion. Differences from the Delta approximation [25] may reflect nonlinear estimation and dependence or scaling choices; this audit does not isolate their relative contributions.",,requires_semantic_interpretation,historical_scope_or_original_development_result; current counterparts separately archived; not B1 carry-forward,,"MR19,MR26","CL01,CL02,CL03,CL04,CL05",not_modified
D-P075,,0.4189,"A local audit reproduced the original 500 day-bootstrap fits and examined their coefficients. The quadratic coefficient remained positive, ranging from 0.03659 to 0.16138; the explanation that the interval widened because the denominator approached zero is therefore unsupported. The resampled standardised locations had empirical 2.5th and 97.5th percentiles of -0.1281 and 0.4189. Scaling was re-estimated in every resample, so these locations are measured relative to each resample’s own mean gust and pressure reference. They cannot be treated without further checking as a physical-unit interval at one fixed pressure reference. The previously reported 9.2–12.1 m/s interval is consequently withheld. Appendix H documents the resampling diagnostics and the required conversion. Differences from the Delta approximation [25] may reflect nonlinear estimation and dependence or scaling choices; this audit does not isolate their relative contributions.",,requires_semantic_interpretation,historical_scope_or_original_development_result; current counterparts separately archived; not B1 carry-forward,,"MR19,MR26","CL01,CL02,CL03,CL04,CL05",not_modified
D-P075,,9.2,"A local audit reproduced the original 500 day-bootstrap fits and examined their coefficients. The quadratic coefficient remained positive, ranging from 0.03659 to 0.16138; the explanation that the interval widened because the denominator approached zero is therefore unsupported. The resampled standardised locations had empirical 2.5th and 97.5th percentiles of -0.1281 and 0.4189. Scaling was re-estimated in every resample, so these locations are measured relative to each resample’s own mean gust and pressure reference. They cannot be treated without further checking as a physical-unit interval at one fixed pressure reference. The previously reported 9.2–12.1 m/s interval is consequently withheld. Appendix H documents the resampling diagnostics and the required conversion. Differences from the Delta approximation [25] may reflect nonlinear estimation and dependence or scaling choices; this audit does not isolate their relative contributions.",,requires_semantic_interpretation,historical_scope_or_original_development_result; current counterparts separately archived; not B1 carry-forward,,"MR19,MR26","CL01,CL02,CL03,CL04,CL05",not_modified
D-P075,,12.1,"A local audit reproduced the original 500 day-bootstrap fits and examined their coefficients. The quadratic coefficient remained positive, ranging from 0.03659 to 0.16138; the explanation that the interval widened because the denominator approached zero is therefore unsupported. The resampled standardised locations had empirical 2.5th and 97.5th percentiles of -0.1281 and 0.4189. Scaling was re-estimated in every resample, so these locations are measured relative to each resample’s own mean gust and pressure reference. They cannot be treated without further checking as a physical-unit interval at one fixed pressure reference. The previously reported 9.2–12.1 m/s interval is consequently withheld. Appendix H documents the resampling diagnostics and the required conversion. Differences from the Delta approximation [25] may reflect nonlinear estimation and dependence or scaling choices; this audit does not isolate their relative contributions.",,requires_semantic_interpretation,historical_scope_or_original_development_result; current counterparts separately archived; not B1 carry-forward,,"MR19,MR26","CL01,CL02,CL03,CL04,CL05",not_modified
D-P075,,25,"A local audit reproduced the original 500 day-bootstrap fits and examined their coefficients. The quadratic coefficient remained positive, ranging from 0.03659 to 0.16138; the explanation that the interval widened because the denominator approached zero is therefore unsupported. The resampled standardised locations had empirical 2.5th and 97.5th percentiles of -0.1281 and 0.4189. Scaling was re-estimated in every resample, so these locations are measured relative to each resample’s own mean gust and pressure reference. They cannot be treated without further checking as a physical-unit interval at one fixed pressure reference. The previously reported 9.2–12.1 m/s interval is consequently withheld. Appendix H documents the resampling diagnostics and the required conversion. Differences from the Delta approximation [25] may reflect nonlinear estimation and dependence or scaling choices; this audit does not isolate their relative contributions.",,requires_semantic_interpretation,historical_scope_or_original_development_result; current counterparts separately archived; not B1 carry-forward,,"MR19,MR26","CL01,CL02,CL03,CL04,CL05",not_modified
D-P076,,5,"For recovery, the near-zero linear term places the fitted minimum close to the sample mean gust under average pressure. That minimum exists mathematically even though the linear coefficient is not significant. We emphasise the positive curvature and do not assign operational meaning to a particular recovery minimum. At other pressure levels, the interaction term shifts its location in the same way as in Equation 5’s generalisation.",,requires_semantic_interpretation,citation_date_equation_index_or_definition; no model-derived replacement; source wording limits remain in MR,,,,not_modified
D-P077,,4,"Figure 4 displays the exponentiated fitted log responses under the reference covariates used for the original curves. The asymmetry of the plotted wind range around each minimum makes the high-wind arm extend farther from the minimum; it does not make the fitted function asymmetric about its own vertex. The exponentiated curves are not themselves quadratic on the displayed scale, although their log-scale predictors are quadratic. For exposure the plotted quantity is exp(fitted log(1 + customers)), so it includes the added one and is not a conditional arithmetic mean of customers.",,requires_semantic_interpretation,cross_reference_or_caption; content changes recorded in coverage,,"MR17,MR23",CL05,not_modified
D-P077,,1,"Figure 4 displays the exponentiated fitted log responses under the reference covariates used for the original curves. The asymmetry of the plotted wind range around each minimum makes the high-wind arm extend farther from the minimum; it does not make the fitted function asymmetric about its own vertex. The exponentiated curves are not themselves quadratic on the displayed scale, although their log-scale predictors are quadratic. For exposure the plotted quantity is exp(fitted log(1 + customers)), so it includes the added one and is not a conditional arithmetic mean of customers.",,requires_semantic_interpretation,cross_reference_or_caption; content changes recorded in coverage,,"MR17,MR23",CL05,not_modified
D-P079,,4,"Figure 4. Exponentiated fitted log responses under the original reference-covariate settings, with pressure at its standardised mean. (a) exp(fitted log(1 + affected customers)); the vertical marker identifies the point estimate 10.69 m/s. (b) exp(fitted log(restoration duration in hours)). No retransformation correction is applied, and panel (a) does not subtract one. The earlier physical-unit bootstrap band is omitted pending a consistent resample-level conversion (Appendix H).",,requires_semantic_interpretation,cross_reference_or_caption; content changes recorded in coverage,,"MR17,MR19,MR25","CL01,CL02,CL03,CL04,CL05",not_modified
D-P079,,1,"Figure 4. Exponentiated fitted log responses under the original reference-covariate settings, with pressure at its standardised mean. (a) exp(fitted log(1 + affected customers)); the vertical marker identifies the point estimate 10.69 m/s. (b) exp(fitted log(restoration duration in hours)). No retransformation correction is applied, and panel (a) does not subtract one. The earlier physical-unit bootstrap band is omitted pending a consistent resample-level conversion (Appendix H).",,requires_semantic_interpretation,cross_reference_or_caption; content changes recorded in coverage,,"MR17,MR19,MR25","CL01,CL02,CL03,CL04,CL05",not_modified
D-P079,,10.69,"Figure 4. Exponentiated fitted log responses under the original reference-covariate settings, with pressure at its standardised mean. (a) exp(fitted log(1 + affected customers)); the vertical marker identifies the point estimate 10.69 m/s. (b) exp(fitted log(restoration duration in hours)). No retransformation correction is applied, and panel (a) does not subtract one. The earlier physical-unit bootstrap band is omitted pending a consistent resample-level conversion (Appendix H).",,requires_semantic_interpretation,cross_reference_or_caption; content changes recorded in coverage,,"MR17,MR19,MR25","CL01,CL02,CL03,CL04,CL05",not_modified
D-P080,,1,"The recovery model includes standardised log(1 + affected customers) and its square. Their association with duration depends on the sample and on restoration-stage controls. Appendix D reports a positive linear coefficient without stage controls in the main sample, a negative coefficient in the weather-attributed subset, and a sign change after adding a stage control in the development-only analysis. These findings show sensitivity to event composition. A linear coefficient alone does not establish monotonicity across the full customer range, and these regressions do not identify a mediation or dispatch-priority mechanism. Gust curvature was reported to remain positive in the stage-control checks.",,requires_semantic_interpretation,citation_date_equation_index_or_definition; no model-derived replacement; source wording limits remain in MR,,"MR21,MR22","CL01,CL03,CL05,CL06",not_modified
D-P082,,4.2,4.2 Population-level weight of wind,,requires_semantic_interpretation,cross_reference_or_caption; content changes recorded in coverage,,,,not_modified
D-P084,,1.07,"Nested models add non-gust weather variables to a baseline of regional covariates and additive calendar effects, followed by gust terms. For recovery, affected-customer terms are added in either order relative to gust. Changes in mean fold-level out-of-sample R-squared measure conditional predictive increments, which can depend on the order of addition. In the combined exposure sample, gust contributes 1.07 percentage points to a total R-squared of 2.81 percent. In the combined recovery sample, gust contributes 0.62–0.75 percentage points and customer terms contribute 7.73–7.87 percentage points, with a full-model R-squared of 11.05 percent. Figure 5 shows the gust-before-customers order, in which 7.87/0.62 is approximately 12.7. These increments are descriptive predictive comparisons, not shares of a causal effect or an order-invariant variance decomposition.",,requires_semantic_interpretation,old_combined_sentence_requires_rewrite; all current numerical components in named dataset; not automatic substitution,D:\Pyprogramme\STST2603\claude_branch\paper_revision_work_v2\R04\tables\H0_R1_B1_increments.csv,"MR12,MR13","CL03,CL04",not_modified
D-P084,,2.81,"Nested models add non-gust weather variables to a baseline of regional covariates and additive calendar effects, followed by gust terms. For recovery, affected-customer terms are added in either order relative to gust. Changes in mean fold-level out-of-sample R-squared measure conditional predictive increments, which can depend on the order of addition. In the combined exposure sample, gust contributes 1.07 percentage points to a total R-squared of 2.81 percent. In the combined recovery sample, gust contributes 0.62–0.75 percentage points and customer terms contribute 7.73–7.87 percentage points, with a full-model R-squared of 11.05 percent. Figure 5 shows the gust-before-customers order, in which 7.87/0.62 is approximately 12.7. These increments are descriptive predictive comparisons, not shares of a causal effect or an order-invariant variance decomposition.",,requires_semantic_interpretation,old_combined_sentence_requires_rewrite; all current numerical components in named dataset; not automatic substitution,D:\Pyprogramme\STST2603\claude_branch\paper_revision_work_v2\R04\tables\H0_R1_B1_increments.csv,"MR12,MR13","CL03,CL04",not_modified
D-P084,,0.62,"Nested models add non-gust weather variables to a baseline of regional covariates and additive calendar effects, followed by gust terms. For recovery, affected-customer terms are added in either order relative to gust. Changes in mean fold-level out-of-sample R-squared measure conditional predictive increments, which can depend on the order of addition. In the combined exposure sample, gust contributes 1.07 percentage points to a total R-squared of 2.81 percent. In the combined recovery sample, gust contributes 0.62–0.75 percentage points and customer terms contribute 7.73–7.87 percentage points, with a full-model R-squared of 11.05 percent. Figure 5 shows the gust-before-customers order, in which 7.87/0.62 is approximately 12.7. These increments are descriptive predictive comparisons, not shares of a causal effect or an order-invariant variance decomposition.",,requires_semantic_interpretation,old_combined_sentence_requires_rewrite; all current numerical components in named dataset; not automatic substitution,D:\Pyprogramme\STST2603\claude_branch\paper_revision_work_v2\R04\tables\H0_R1_B1_increments.csv,"MR12,MR13","CL03,CL04",not_modified
D-P084,,0.75,"Nested models add non-gust weather variables to a baseline of regional covariates and additive calendar effects, followed by gust terms. For recovery, affected-customer terms are added in either order relative to gust. Changes in mean fold-level out-of-sample R-squared measure conditional predictive increments, which can depend on the order of addition. In the combined exposure sample, gust contributes 1.07 percentage points to a total R-squared of 2.81 percent. In the combined recovery sample, gust contributes 0.62–0.75 percentage points and customer terms contribute 7.73–7.87 percentage points, with a full-model R-squared of 11.05 percent. Figure 5 shows the gust-before-customers order, in which 7.87/0.62 is approximately 12.7. These increments are descriptive predictive comparisons, not shares of a causal effect or an order-invariant variance decomposition.",,requires_semantic_interpretation,old_combined_sentence_requires_rewrite; all current numerical components in named dataset; not automatic substitution,D:\Pyprogramme\STST2603\claude_branch\paper_revision_work_v2\R04\tables\H0_R1_B1_increments.csv,"MR12,MR13","CL03,CL04",not_modified
D-P084,,7.73,"Nested models add non-gust weather variables to a baseline of regional covariates and additive calendar effects, followed by gust terms. For recovery, affected-customer terms are added in either order relative to gust. Changes in mean fold-level out-of-sample R-squared measure conditional predictive increments, which can depend on the order of addition. In the combined exposure sample, gust contributes 1.07 percentage points to a total R-squared of 2.81 percent. In the combined recovery sample, gust contributes 0.62–0.75 percentage points and customer terms contribute 7.73–7.87 percentage points, with a full-model R-squared of 11.05 percent. Figure 5 shows the gust-before-customers order, in which 7.87/0.62 is approximately 12.7. These increments are descriptive predictive comparisons, not shares of a causal effect or an order-invariant variance decomposition.",,requires_semantic_interpretation,old_combined_sentence_requires_rewrite; all current numerical components in named dataset; not automatic substitution,D:\Pyprogramme\STST2603\claude_branch\paper_revision_work_v2\R04\tables\H0_R1_B1_increments.csv,"MR12,MR13","CL03,CL04",not_modified
D-P084,,7.87,"Nested models add non-gust weather variables to a baseline of regional covariates and additive calendar effects, followed by gust terms. For recovery, affected-customer terms are added in either order relative to gust. Changes in mean fold-level out-of-sample R-squared measure conditional predictive increments, which can depend on the order of addition. In the combined exposure sample, gust contributes 1.07 percentage points to a total R-squared of 2.81 percent. In the combined recovery sample, gust contributes 0.62–0.75 percentage points and customer terms contribute 7.73–7.87 percentage points, with a full-model R-squared of 11.05 percent. Figure 5 shows the gust-before-customers order, in which 7.87/0.62 is approximately 12.7. These increments are descriptive predictive comparisons, not shares of a causal effect or an order-invariant variance decomposition.",,requires_semantic_interpretation,old_combined_sentence_requires_rewrite; all current numerical components in named dataset; not automatic substitution,D:\Pyprogramme\STST2603\claude_branch\paper_revision_work_v2\R04\tables\H0_R1_B1_increments.csv,"MR12,MR13","CL03,CL04",not_modified
D-P084,,11.05,"Nested models add non-gust weather variables to a baseline of regional covariates and additive calendar effects, followed by gust terms. For recovery, affected-customer terms are added in either order relative to gust. Changes in mean fold-level out-of-sample R-squared measure conditional predictive increments, which can depend on the order of addition. In the combined exposure sample, gust contributes 1.07 percentage points to a total R-squared of 2.81 percent. In the combined recovery sample, gust contributes 0.62–0.75 percentage points and customer terms contribute 7.73–7.87 percentage points, with a full-model R-squared of 11.05 percent. Figure 5 shows the gust-before-customers order, in which 7.87/0.62 is approximately 12.7. These increments are descriptive predictive comparisons, not shares of a causal effect or an order-invariant variance decomposition.",,requires_semantic_interpretation,old_combined_sentence_requires_rewrite; all current numerical components in named dataset; not automatic substitution,D:\Pyprogramme\STST2603\claude_branch\paper_revision_work_v2\R04\tables\H0_R1_B1_increments.csv,"MR12,MR13","CL03,CL04",not_modified
D-P084,,5,"Nested models add non-gust weather variables to a baseline of regional covariates and additive calendar effects, followed by gust terms. For recovery, affected-customer terms are added in either order relative to gust. Changes in mean fold-level out-of-sample R-squared measure conditional predictive increments, which can depend on the order of addition. In the combined exposure sample, gust contributes 1.07 percentage points to a total R-squared of 2.81 percent. In the combined recovery sample, gust contributes 0.62–0.75 percentage points and customer terms contribute 7.73–7.87 percentage points, with a full-model R-squared of 11.05 percent. Figure 5 shows the gust-before-customers order, in which 7.87/0.62 is approximately 12.7. These increments are descriptive predictive comparisons, not shares of a causal effect or an order-invariant variance decomposition.",,requires_semantic_interpretation,old_combined_sentence_requires_rewrite; all current numerical components in named dataset; not automatic substitution,D:\Pyprogramme\STST2603\claude_branch\paper_revision_work_v2\R04\tables\H0_R1_B1_increments.csv,"MR12,MR13","CL03,CL04",not_modified
D-P084,,7.87,"Nested models add non-gust weather variables to a baseline of regional covariates and additive calendar effects, followed by gust terms. For recovery, affected-customer terms are added in either order relative to gust. Changes in mean fold-level out-of-sample R-squared measure conditional predictive increments, which can depend on the order of addition. In the combined exposure sample, gust contributes 1.07 percentage points to a total R-squared of 2.81 percent. In the combined recovery sample, gust contributes 0.62–0.75 percentage points and customer terms contribute 7.73–7.87 percentage points, with a full-model R-squared of 11.05 percent. Figure 5 shows the gust-before-customers order, in which 7.87/0.62 is approximately 12.7. These increments are descriptive predictive comparisons, not shares of a causal effect or an order-invariant variance decomposition.",,requires_semantic_interpretation,old_combined_sentence_requires_rewrite; all current numerical components in named dataset; not automatic substitution,D:\Pyprogramme\STST2603\claude_branch\paper_revision_work_v2\R04\tables\H0_R1_B1_increments.csv,"MR12,MR13","CL03,CL04",not_modified
D-P084,,0.62,"Nested models add non-gust weather variables to a baseline of regional covariates and additive calendar effects, followed by gust terms. For recovery, affected-customer terms are added in either order relative to gust. Changes in mean fold-level out-of-sample R-squared measure conditional predictive increments, which can depend on the order of addition. In the combined exposure sample, gust contributes 1.07 percentage points to a total R-squared of 2.81 percent. In the combined recovery sample, gust contributes 0.62–0.75 percentage points and customer terms contribute 7.73–7.87 percentage points, with a full-model R-squared of 11.05 percent. Figure 5 shows the gust-before-customers order, in which 7.87/0.62 is approximately 12.7. These increments are descriptive predictive comparisons, not shares of a causal effect or an order-invariant variance decomposition.",,requires_semantic_interpretation,old_combined_sentence_requires_rewrite; all current numerical components in named dataset; not automatic substitution,D:\Pyprogramme\STST2603\claude_branch\paper_revision_work_v2\R04\tables\H0_R1_B1_increments.csv,"MR12,MR13","CL03,CL04",not_modified
D-P084,,12.7,"Nested models add non-gust weather variables to a baseline of regional covariates and additive calendar effects, followed by gust terms. For recovery, affected-customer terms are added in either order relative to gust. Changes in mean fold-level out-of-sample R-squared measure conditional predictive increments, which can depend on the order of addition. In the combined exposure sample, gust contributes 1.07 percentage points to a total R-squared of 2.81 percent. In the combined recovery sample, gust contributes 0.62–0.75 percentage points and customer terms contribute 7.73–7.87 percentage points, with a full-model R-squared of 11.05 percent. Figure 5 shows the gust-before-customers order, in which 7.87/0.62 is approximately 12.7. These increments are descriptive predictive comparisons, not shares of a causal effect or an order-invariant variance decomposition.",,requires_semantic_interpretation,old_combined_sentence_requires_rewrite; all current numerical components in named dataset; not automatic substitution,D:\Pyprogramme\STST2603\claude_branch\paper_revision_work_v2\R04\tables\H0_R1_B1_increments.csv,"MR12,MR13","CL03,CL04",not_modified
D-P086,,5,"Figure 5. Incremental mean out-of-fold R-squared on the log-outcome scale, final combined samples. Groups are added in the displayed order; the recovery panel adds gust before customer terms. “Customers” denotes standardised log(1 + affected customers) and its square.",,requires_semantic_interpretation,cross_reference_or_caption; content changes recorded in coverage,,MR12,"CL03,CL04",not_modified
D-P086,,1,"Figure 5. Incremental mean out-of-fold R-squared on the log-outcome scale, final combined samples. Groups are added in the displayed order; the recovery panel adds gust before customer terms. “Customers” denotes standardised log(1 + affected customers) and its square.",,requires_semantic_interpretation,cross_reference_or_caption; content changes recorded in coverage,,MR12,"CL03,CL04",not_modified
D-P087,,6,"Figure 6 compares regional variation in exponentiated fitted log responses, holding the non-regional predictors at the reference settings used in the original map calculation. The exposure and recovery maps do not identify the same high-value districts: their cross-district correlations are -0.780 (Pearson) and -0.758 (Spearman). These are correlations between two model-generated surfaces under fixed reference conditions, not correlations between observed district-level outage outcomes. Both maps use exp(fitted log outcome) without a retransformation correction; the exposure surface therefore refers to 1 + affected customers.",,requires_semantic_interpretation,cross_reference_or_caption; content changes recorded in coverage,,"MR08,MR17,MR24","CL05,CL06",not_modified
D-P087,,-0.780,"Figure 6 compares regional variation in exponentiated fitted log responses, holding the non-regional predictors at the reference settings used in the original map calculation. The exposure and recovery maps do not identify the same high-value districts: their cross-district correlations are -0.780 (Pearson) and -0.758 (Spearman). These are correlations between two model-generated surfaces under fixed reference conditions, not correlations between observed district-level outage outcomes. Both maps use exp(fitted log outcome) without a retransformation correction; the exposure surface therefore refers to 1 + affected customers.",-0.8329951538970303,Pearson r,current_caption_number_computed; caption wording/scale must be revised,D:\Pyprogramme\STST2603\claude_branch\paper_revision_work_v2\R04\tables\regional_reference_correlations.json,"MR08,MR17,MR24","CL05,CL06",not_modified
D-P087,,-0.758,"Figure 6 compares regional variation in exponentiated fitted log responses, holding the non-regional predictors at the reference settings used in the original map calculation. The exposure and recovery maps do not identify the same high-value districts: their cross-district correlations are -0.780 (Pearson) and -0.758 (Spearman). These are correlations between two model-generated surfaces under fixed reference conditions, not correlations between observed district-level outage outcomes. Both maps use exp(fitted log outcome) without a retransformation correction; the exposure surface therefore refers to 1 + affected customers.",-0.824069849069849,Spearman rho,current_caption_number_computed; caption wording/scale must be revised,D:\Pyprogramme\STST2603\claude_branch\paper_revision_work_v2\R04\tables\regional_reference_correlations.json,"MR08,MR17,MR24","CL05,CL06",not_modified
D-P087,,1,"Figure 6 compares regional variation in exponentiated fitted log responses, holding the non-regional predictors at the reference settings used in the original map calculation. The exposure and recovery maps do not identify the same high-value districts: their cross-district correlations are -0.780 (Pearson) and -0.758 (Spearman). These are correlations between two model-generated surfaces under fixed reference conditions, not correlations between observed district-level outage outcomes. Both maps use exp(fitted log outcome) without a retransformation correction; the exposure surface therefore refers to 1 + affected customers.",,requires_semantic_interpretation,cross_reference_or_caption; content changes recorded in coverage,,"MR08,MR17,MR24","CL05,CL06",not_modified
D-P089,,6,Figure 6. Regional variation in exponentiated fitted log outcomes under fixed reference settings for non-regional predictors. (a) exp(fitted log(1 + affected customers)). (b) exp(fitted log(restoration duration in hours)). Only the five regional covariates vary across LADs. Colour scales are not conditional arithmetic means; panel (a) includes the added one.,,requires_semantic_interpretation,cross_reference_or_caption; content changes recorded in coverage,,"MR08,MR17,MR24","CL05,CL06",not_modified
D-P089,,1,Figure 6. Regional variation in exponentiated fitted log outcomes under fixed reference settings for non-regional predictors. (a) exp(fitted log(1 + affected customers)). (b) exp(fitted log(restoration duration in hours)). Only the five regional covariates vary across LADs. Colour scales are not conditional arithmetic means; panel (a) includes the added one.,,requires_semantic_interpretation,cross_reference_or_caption; content changes recorded in coverage,,"MR08,MR17,MR24","CL05,CL06",not_modified
D-P090,,7,"Figure 7 reports the highest divided by the lowest exponentiated fitted value on a 50-point grid spanning the driving variable’s 1st to 99th percentiles. This grid-extrema ratio is not the ratio of predictions at the two percentile endpoints. The reported ratios are 2.79 for gust on the exposure response, 2.37 for gust on recovery, and 5.99 for customer scale on recovery. For the gust curves the minima lie inside the range; for the customer curve the maximum is internal. The exposure ratio describes exp(fitted log(1 + customers)), so it should not be read as a fold change in arithmetic-mean customer counts. Each ratio is a reference-scenario contrast and does not quantify a population variance share.",,requires_semantic_interpretation,cross_reference_or_caption; content changes recorded in coverage,,"MR23,MR24","CL05,CL06",not_modified
D-P090,,50,"Figure 7 reports the highest divided by the lowest exponentiated fitted value on a 50-point grid spanning the driving variable’s 1st to 99th percentiles. This grid-extrema ratio is not the ratio of predictions at the two percentile endpoints. The reported ratios are 2.79 for gust on the exposure response, 2.37 for gust on recovery, and 5.99 for customer scale on recovery. For the gust curves the minima lie inside the range; for the customer curve the maximum is internal. The exposure ratio describes exp(fitted log(1 + customers)), so it should not be read as a fold change in arithmetic-mean customer counts. Each ratio is a reference-scenario contrast and does not quantify a population variance share.",,requires_semantic_interpretation,cross_reference_or_caption; content changes recorded in coverage,,"MR23,MR24","CL05,CL06",not_modified
D-P090,,1,"Figure 7 reports the highest divided by the lowest exponentiated fitted value on a 50-point grid spanning the driving variable’s 1st to 99th percentiles. This grid-extrema ratio is not the ratio of predictions at the two percentile endpoints. The reported ratios are 2.79 for gust on the exposure response, 2.37 for gust on recovery, and 5.99 for customer scale on recovery. For the gust curves the minima lie inside the range; for the customer curve the maximum is internal. The exposure ratio describes exp(fitted log(1 + customers)), so it should not be read as a fold change in arithmetic-mean customer counts. Each ratio is a reference-scenario contrast and does not quantify a population variance share.",,requires_semantic_interpretation,cross_reference_or_caption; content changes recorded in coverage,,"MR23,MR24","CL05,CL06",not_modified
D-P090,,99,"Figure 7 reports the highest divided by the lowest exponentiated fitted value on a 50-point grid spanning the driving variable’s 1st to 99th percentiles. This grid-extrema ratio is not the ratio of predictions at the two percentile endpoints. The reported ratios are 2.79 for gust on the exposure response, 2.37 for gust on recovery, and 5.99 for customer scale on recovery. For the gust curves the minima lie inside the range; for the customer curve the maximum is internal. The exposure ratio describes exp(fitted log(1 + customers)), so it should not be read as a fold change in arithmetic-mean customer counts. Each ratio is a reference-scenario contrast and does not quantify a population variance share.",,requires_semantic_interpretation,cross_reference_or_caption; content changes recorded in coverage,,"MR23,MR24","CL05,CL06",not_modified
D-P090,,2.79,"Figure 7 reports the highest divided by the lowest exponentiated fitted value on a 50-point grid spanning the driving variable’s 1st to 99th percentiles. This grid-extrema ratio is not the ratio of predictions at the two percentile endpoints. The reported ratios are 2.79 for gust on the exposure response, 2.37 for gust on recovery, and 5.99 for customer scale on recovery. For the gust curves the minima lie inside the range; for the customer curve the maximum is internal. The exposure ratio describes exp(fitted log(1 + customers)), so it should not be read as a fold change in arithmetic-mean customer counts. Each ratio is a reference-scenario contrast and does not quantify a population variance share.",2.885047788575596,exponentiated reference grid max/min,current_caption_number_computed; caption wording/scale must be revised,D:\Pyprogramme\STST2603\claude_branch\paper_revision_work_v2\R04\R04_B1_all_valid_v1\main_E0\figure7_gust_ratio.json,"MR23,MR24","CL05,CL06",not_modified
D-P090,,2.37,"Figure 7 reports the highest divided by the lowest exponentiated fitted value on a 50-point grid spanning the driving variable’s 1st to 99th percentiles. This grid-extrema ratio is not the ratio of predictions at the two percentile endpoints. The reported ratios are 2.79 for gust on the exposure response, 2.37 for gust on recovery, and 5.99 for customer scale on recovery. For the gust curves the minima lie inside the range; for the customer curve the maximum is internal. The exposure ratio describes exp(fitted log(1 + customers)), so it should not be read as a fold change in arithmetic-mean customer counts. Each ratio is a reference-scenario contrast and does not quantify a population variance share.",2.5866412382922377,exponentiated reference grid max/min,current_caption_number_computed; caption wording/scale must be revised,D:\Pyprogramme\STST2603\claude_branch\paper_revision_work_v2\R04\R04_B1_all_valid_v1\main_R0c\figure7_gust_ratio.json,"MR23,MR24","CL05,CL06",not_modified
D-P090,,5.99,"Figure 7 reports the highest divided by the lowest exponentiated fitted value on a 50-point grid spanning the driving variable’s 1st to 99th percentiles. This grid-extrema ratio is not the ratio of predictions at the two percentile endpoints. The reported ratios are 2.79 for gust on the exposure response, 2.37 for gust on recovery, and 5.99 for customer scale on recovery. For the gust curves the minima lie inside the range; for the customer curve the maximum is internal. The exposure ratio describes exp(fitted log(1 + customers)), so it should not be read as a fold change in arithmetic-mean customer counts. Each ratio is a reference-scenario contrast and does not quantify a population variance share.",5.642684478795596,exponentiated reference grid max/min,current_caption_number_computed; caption wording/scale must be revised,D:\Pyprogramme\STST2603\claude_branch\paper_revision_work_v2\R04\R04_B1_all_valid_v1\main_R0c\figure7_reference.json,"MR23,MR24","CL05,CL06",not_modified
D-P090,,1,"Figure 7 reports the highest divided by the lowest exponentiated fitted value on a 50-point grid spanning the driving variable’s 1st to 99th percentiles. This grid-extrema ratio is not the ratio of predictions at the two percentile endpoints. The reported ratios are 2.79 for gust on the exposure response, 2.37 for gust on recovery, and 5.99 for customer scale on recovery. For the gust curves the minima lie inside the range; for the customer curve the maximum is internal. The exposure ratio describes exp(fitted log(1 + customers)), so it should not be read as a fold change in arithmetic-mean customer counts. Each ratio is a reference-scenario contrast and does not quantify a population variance share.",,requires_semantic_interpretation,cross_reference_or_caption; content changes recorded in coverage,,"MR23,MR24","CL05,CL06",not_modified
D-P092,,7,"Figure 7. Maximum/minimum exponentiated fitted value over the 50-point plotting grid (1st–99th percentile range of the driving variable). Ratios are 2.79, 2.37 and 5.99 for gust–exposure, gust–recovery and customers–recovery respectively. The exposure response is on the 1 + customers scale; customer terms in the recovery model use standardised log(1 + customers).",,requires_semantic_interpretation,cross_reference_or_caption; content changes recorded in coverage,,MR24,"CL05,CL06",not_modified
D-P092,,50,"Figure 7. Maximum/minimum exponentiated fitted value over the 50-point plotting grid (1st–99th percentile range of the driving variable). Ratios are 2.79, 2.37 and 5.99 for gust–exposure, gust–recovery and customers–recovery respectively. The exposure response is on the 1 + customers scale; customer terms in the recovery model use standardised log(1 + customers).",,requires_semantic_interpretation,cross_reference_or_caption; content changes recorded in coverage,,MR24,"CL05,CL06",not_modified
D-P092,,1,"Figure 7. Maximum/minimum exponentiated fitted value over the 50-point plotting grid (1st–99th percentile range of the driving variable). Ratios are 2.79, 2.37 and 5.99 for gust–exposure, gust–recovery and customers–recovery respectively. The exposure response is on the 1 + customers scale; customer terms in the recovery model use standardised log(1 + customers).",,requires_semantic_interpretation,cross_reference_or_caption; content changes recorded in coverage,,MR24,"CL05,CL06",not_modified
D-P092,,99,"Figure 7. Maximum/minimum exponentiated fitted value over the 50-point plotting grid (1st–99th percentile range of the driving variable). Ratios are 2.79, 2.37 and 5.99 for gust–exposure, gust–recovery and customers–recovery respectively. The exposure response is on the 1 + customers scale; customer terms in the recovery model use standardised log(1 + customers).",,requires_semantic_interpretation,cross_reference_or_caption; content changes recorded in coverage,,MR24,"CL05,CL06",not_modified
D-P092,,2.79,"Figure 7. Maximum/minimum exponentiated fitted value over the 50-point plotting grid (1st–99th percentile range of the driving variable). Ratios are 2.79, 2.37 and 5.99 for gust–exposure, gust–recovery and customers–recovery respectively. The exposure response is on the 1 + customers scale; customer terms in the recovery model use standardised log(1 + customers).",2.885047788575596,exponentiated reference grid max/min,current_caption_number_computed; caption wording/scale must be revised,D:\Pyprogramme\STST2603\claude_branch\paper_revision_work_v2\R04\R04_B1_all_valid_v1\main_E0\figure7_gust_ratio.json,MR24,"CL05,CL06",not_modified
D-P092,,2.37,"Figure 7. Maximum/minimum exponentiated fitted value over the 50-point plotting grid (1st–99th percentile range of the driving variable). Ratios are 2.79, 2.37 and 5.99 for gust–exposure, gust–recovery and customers–recovery respectively. The exposure response is on the 1 + customers scale; customer terms in the recovery model use standardised log(1 + customers).",2.5866412382922377,exponentiated reference grid max/min,current_caption_number_computed; caption wording/scale must be revised,D:\Pyprogramme\STST2603\claude_branch\paper_revision_work_v2\R04\R04_B1_all_valid_v1\main_R0c\figure7_gust_ratio.json,MR24,"CL05,CL06",not_modified
D-P092,,5.99,"Figure 7. Maximum/minimum exponentiated fitted value over the 50-point plotting grid (1st–99th percentile range of the driving variable). Ratios are 2.79, 2.37 and 5.99 for gust–exposure, gust–recovery and customers–recovery respectively. The exposure response is on the 1 + customers scale; customer terms in the recovery model use standardised log(1 + customers).",5.642684478795596,exponentiated reference grid max/min,current_caption_number_computed; caption wording/scale must be revised,D:\Pyprogramme\STST2603\claude_branch\paper_revision_work_v2\R04\R04_B1_all_valid_v1\main_R0c\figure7_reference.json,MR24,"CL05,CL06",not_modified
D-P092,,1,"Figure 7. Maximum/minimum exponentiated fitted value over the 50-point plotting grid (1st–99th percentile range of the driving variable). Ratios are 2.79, 2.37 and 5.99 for gust–exposure, gust–recovery and customers–recovery respectively. The exposure response is on the 1 + customers scale; customer terms in the recovery model use standardised log(1 + customers).",,requires_semantic_interpretation,cross_reference_or_caption; content changes recorded in coverage,,MR24,"CL05,CL06",not_modified
D-P092,,1,"Figure 7. Maximum/minimum exponentiated fitted value over the 50-point plotting grid (1st–99th percentile range of the driving variable). Ratios are 2.79, 2.37 and 5.99 for gust–exposure, gust–recovery and customers–recovery respectively. The exposure response is on the 1 + customers scale; customer terms in the recovery model use standardised log(1 + customers).",,requires_semantic_interpretation,cross_reference_or_caption; content changes recorded in coverage,,MR24,"CL05,CL06",not_modified
D-P093,,6,"The regional-map ranges in Figure 6 give maximum/minimum ratios of 1.96 for the exponentiated exposure fit and 1.41 for recovery. These are of the same broad order as the gust-driven grid ratios, and smaller than the customer-driven recovery ratio. The comparisons describe fitted variation under different reference scenarios; they do not establish a universal ranking of regional conditions, gust and customer scale.",,requires_semantic_interpretation,old_combined_sentence_requires_rewrite; all current numerical components in named dataset; not automatic substitution,D:\Pyprogramme\STST2603\claude_branch\paper_revision_work_v2\R04\tables\regional_reference_ranges.csv,"MR17,MR24","CL05,CL06",not_modified
D-P093,,1.96,"The regional-map ranges in Figure 6 give maximum/minimum ratios of 1.96 for the exponentiated exposure fit and 1.41 for recovery. These are of the same broad order as the gust-driven grid ratios, and smaller than the customer-driven recovery ratio. The comparisons describe fitted variation under different reference scenarios; they do not establish a universal ranking of regional conditions, gust and customer scale.",1.94544161917769,map exponentiated reference max/min ratio,current_value_computed_context_requires_revision,D:\Pyprogramme\STST2603\claude_branch\paper_revision_work_v2\R04\tables\regional_reference_ranges.csv,"MR17,MR24","CL05,CL06",not_modified
D-P093,,1.41,"The regional-map ranges in Figure 6 give maximum/minimum ratios of 1.96 for the exponentiated exposure fit and 1.41 for recovery. These are of the same broad order as the gust-driven grid ratios, and smaller than the customer-driven recovery ratio. The comparisons describe fitted variation under different reference scenarios; they do not establish a universal ranking of regional conditions, gust and customer scale.",1.4540999663905203,map exponentiated reference max/min ratio,current_value_computed_context_requires_revision,D:\Pyprogramme\STST2603\claude_branch\paper_revision_work_v2\R04\tables\regional_reference_ranges.csv,"MR17,MR24","CL05,CL06",not_modified
D-P094,,4.3,The combined-sample recovery comparisons therefore assign a larger predictive increment to customer terms than to gust terms. The exposure model also gains a small positive increment from gust. Section 4.3 examines how these increments change under a weather-attributed sample restriction.,,requires_semantic_interpretation,citation_date_equation_index_or_definition; no model-derived replacement; source wording limits remain in MR,,"MR13,MR22","CL03,CL05",not_modified
D-P095,,4.3,4.3 Weather-attributed incidents and storm-period evidence,,requires_semantic_interpretation,cross_reference_or_caption; content changes recorded in coverage,,,,not_modified
D-P097,,3.3,"The recovery model described in Section 3.3 was re-estimated on the subset of incidents for which the Cause Code identifies weather as the direct cause, rather than the combined weather- and asset-related sample used elsewhere in this paper. This subset contains 9,758 incidents, about 16 percent of the main sample. Table 4 compares the two samples directly. The quadratic gust term is close to the same magnitude in both samples and remains significant in both. The marginal contribution of gust to out-of-sample R-squared more than doubles, from between 0.62 and 0.75 percentage points in the main sample to between 1.43 and 1.71 percentage points in the weather-only subset, and now exceeds the marginal contribution of affected customers, which falls to between 1.00 and 1.28 percentage points in this subset. Figure 8 shows this comparison. Figure 8a reports the exposure margin, where the marginal contribution of gust falls from a positive value in the main sample to a small negative value in the weather-only subset, the only instance of a negative bar among all of the figures reported in this paper. Figure 8b reports the recovery margin, where the relative height of the gust and affected-customers bars is reversed between the two samples, from affected customers roughly 12.7 times the height of gust in the main sample to gust slightly exceeding affected customers in the weather-only subset. The weather-attributed recovery sample contains 9,758 incidents; the corresponding exposure sample shown in Figure 8 contains 9,857. Since each sample has its own outcome variance and covariate distribution, the change in R-squared increment is not evidence that a physical wind effect has doubled. The comparison establishes an ordering of reported point estimates between these two variable groups, rather than dominance over all possible predictors.",,requires_semantic_interpretation,old_combined_sentence_requires_rewrite; all current numerical components in named dataset; not automatic substitution,D:\Pyprogramme\STST2603\claude_branch\paper_revision_work_v2\R04\tables\H0_R1_B1_increments.csv,"MR09,MR10,MR13","CL01,CL03",not_modified
D-P097,,"9,758","The recovery model described in Section 3.3 was re-estimated on the subset of incidents for which the Cause Code identifies weather as the direct cause, rather than the combined weather- and asset-related sample used elsewhere in this paper. This subset contains 9,758 incidents, about 16 percent of the main sample. Table 4 compares the two samples directly. The quadratic gust term is close to the same magnitude in both samples and remains significant in both. The marginal contribution of gust to out-of-sample R-squared more than doubles, from between 0.62 and 0.75 percentage points in the main sample to between 1.43 and 1.71 percentage points in the weather-only subset, and now exceeds the marginal contribution of affected customers, which falls to between 1.00 and 1.28 percentage points in this subset. Figure 8 shows this comparison. Figure 8a reports the exposure margin, where the marginal contribution of gust falls from a positive value in the main sample to a small negative value in the weather-only subset, the only instance of a negative bar among all of the figures reported in this paper. Figure 8b reports the recovery margin, where the relative height of the gust and affected-customers bars is reversed between the two samples, from affected customers roughly 12.7 times the height of gust in the main sample to gust slightly exceeding affected customers in the weather-only subset. The weather-attributed recovery sample contains 9,758 incidents; the corresponding exposure sample shown in Figure 8 contains 9,857. Since each sample has its own outcome variance and covariate distribution, the change in R-squared increment is not evidence that a physical wind effect has doubled. The comparison establishes an ordering of reported point estimates between these two variable groups, rather than dominance over all possible predictors.",9857,events,current_value_computed_context_requires_revision,D:\Pyprogramme\STST2603\claude_branch\paper_revision_work_v2\R04\tables\core_metrics.csv,"MR09,MR10,MR13","CL01,CL03",not_modified
D-P097,,16,"The recovery model described in Section 3.3 was re-estimated on the subset of incidents for which the Cause Code identifies weather as the direct cause, rather than the combined weather- and asset-related sample used elsewhere in this paper. This subset contains 9,758 incidents, about 16 percent of the main sample. Table 4 compares the two samples directly. The quadratic gust term is close to the same magnitude in both samples and remains significant in both. The marginal contribution of gust to out-of-sample R-squared more than doubles, from between 0.62 and 0.75 percentage points in the main sample to between 1.43 and 1.71 percentage points in the weather-only subset, and now exceeds the marginal contribution of affected customers, which falls to between 1.00 and 1.28 percentage points in this subset. Figure 8 shows this comparison. Figure 8a reports the exposure margin, where the marginal contribution of gust falls from a positive value in the main sample to a small negative value in the weather-only subset, the only instance of a negative bar among all of the figures reported in this paper. Figure 8b reports the recovery margin, where the relative height of the gust and affected-customers bars is reversed between the two samples, from affected customers roughly 12.7 times the height of gust in the main sample to gust slightly exceeding affected customers in the weather-only subset. The weather-attributed recovery sample contains 9,758 incidents; the corresponding exposure sample shown in Figure 8 contains 9,857. Since each sample has its own outcome variance and covariate distribution, the change in R-squared increment is not evidence that a physical wind effect has doubled. The comparison establishes an ordering of reported point estimates between these two variable groups, rather than dominance over all possible predictors.",,requires_semantic_interpretation,old_combined_sentence_requires_rewrite; all current numerical components in named dataset; not automatic substitution,D:\Pyprogramme\STST2603\claude_branch\paper_revision_work_v2\R04\tables\H0_R1_B1_increments.csv,"MR09,MR10,MR13","CL01,CL03",not_modified
D-P097,,4,"The recovery model described in Section 3.3 was re-estimated on the subset of incidents for which the Cause Code identifies weather as the direct cause, rather than the combined weather- and asset-related sample used elsewhere in this paper. This subset contains 9,758 incidents, about 16 percent of the main sample. Table 4 compares the two samples directly. The quadratic gust term is close to the same magnitude in both samples and remains significant in both. The marginal contribution of gust to out-of-sample R-squared more than doubles, from between 0.62 and 0.75 percentage points in the main sample to between 1.43 and 1.71 percentage points in the weather-only subset, and now exceeds the marginal contribution of affected customers, which falls to between 1.00 and 1.28 percentage points in this subset. Figure 8 shows this comparison. Figure 8a reports the exposure margin, where the marginal contribution of gust falls from a positive value in the main sample to a small negative value in the weather-only subset, the only instance of a negative bar among all of the figures reported in this paper. Figure 8b reports the recovery margin, where the relative height of the gust and affected-customers bars is reversed between the two samples, from affected customers roughly 12.7 times the height of gust in the main sample to gust slightly exceeding affected customers in the weather-only subset. The weather-attributed recovery sample contains 9,758 incidents; the corresponding exposure sample shown in Figure 8 contains 9,857. Since each sample has its own outcome variance and covariate distribution, the change in R-squared increment is not evidence that a physical wind effect has doubled. The comparison establishes an ordering of reported point estimates between these two variable groups, rather than dominance over all possible predictors.",,requires_semantic_interpretation,old_combined_sentence_requires_rewrite; all current numerical components in named dataset; not automatic substitution,D:\Pyprogramme\STST2603\claude_branch\paper_revision_work_v2\R04\tables\H0_R1_B1_increments.csv,"MR09,MR10,MR13","CL01,CL03",not_modified
D-P097,,0.62,"The recovery model described in Section 3.3 was re-estimated on the subset of incidents for which the Cause Code identifies weather as the direct cause, rather than the combined weather- and asset-related sample used elsewhere in this paper. This subset contains 9,758 incidents, about 16 percent of the main sample. Table 4 compares the two samples directly. The quadratic gust term is close to the same magnitude in both samples and remains significant in both. The marginal contribution of gust to out-of-sample R-squared more than doubles, from between 0.62 and 0.75 percentage points in the main sample to between 1.43 and 1.71 percentage points in the weather-only subset, and now exceeds the marginal contribution of affected customers, which falls to between 1.00 and 1.28 percentage points in this subset. Figure 8 shows this comparison. Figure 8a reports the exposure margin, where the marginal contribution of gust falls from a positive value in the main sample to a small negative value in the weather-only subset, the only instance of a negative bar among all of the figures reported in this paper. Figure 8b reports the recovery margin, where the relative height of the gust and affected-customers bars is reversed between the two samples, from affected customers roughly 12.7 times the height of gust in the main sample to gust slightly exceeding affected customers in the weather-only subset. The weather-attributed recovery sample contains 9,758 incidents; the corresponding exposure sample shown in Figure 8 contains 9,857. Since each sample has its own outcome variance and covariate distribution, the change in R-squared increment is not evidence that a physical wind effect has doubled. The comparison establishes an ordering of reported point estimates between these two variable groups, rather than dominance over all possible predictors.",,requires_semantic_interpretation,old_combined_sentence_requires_rewrite; all current numerical components in named dataset; not automatic substitution,D:\Pyprogramme\STST2603\claude_branch\paper_revision_work_v2\R04\tables\H0_R1_B1_increments.csv,"MR09,MR10,MR13","CL01,CL03",not_modified
D-P097,,0.75,"The recovery model described in Section 3.3 was re-estimated on the subset of incidents for which the Cause Code identifies weather as the direct cause, rather than the combined weather- and asset-related sample used elsewhere in this paper. This subset contains 9,758 incidents, about 16 percent of the main sample. Table 4 compares the two samples directly. The quadratic gust term is close to the same magnitude in both samples and remains significant in both. The marginal contribution of gust to out-of-sample R-squared more than doubles, from between 0.62 and 0.75 percentage points in the main sample to between 1.43 and 1.71 percentage points in the weather-only subset, and now exceeds the marginal contribution of affected customers, which falls to between 1.00 and 1.28 percentage points in this subset. Figure 8 shows this comparison. Figure 8a reports the exposure margin, where the marginal contribution of gust falls from a positive value in the main sample to a small negative value in the weather-only subset, the only instance of a negative bar among all of the figures reported in this paper. Figure 8b reports the recovery margin, where the relative height of the gust and affected-customers bars is reversed between the two samples, from affected customers roughly 12.7 times the height of gust in the main sample to gust slightly exceeding affected customers in the weather-only subset. The weather-attributed recovery sample contains 9,758 incidents; the corresponding exposure sample shown in Figure 8 contains 9,857. Since each sample has its own outcome variance and covariate distribution, the change in R-squared increment is not evidence that a physical wind effect has doubled. The comparison establishes an ordering of reported point estimates between these two variable groups, rather than dominance over all possible predictors.",,requires_semantic_interpretation,old_combined_sentence_requires_rewrite; all current numerical components in named dataset; not automatic substitution,D:\Pyprogramme\STST2603\claude_branch\paper_revision_work_v2\R04\tables\H0_R1_B1_increments.csv,"MR09,MR10,MR13","CL01,CL03",not_modified
D-P097,,1.43,"The recovery model described in Section 3.3 was re-estimated on the subset of incidents for which the Cause Code identifies weather as the direct cause, rather than the combined weather- and asset-related sample used elsewhere in this paper. This subset contains 9,758 incidents, about 16 percent of the main sample. Table 4 compares the two samples directly. The quadratic gust term is close to the same magnitude in both samples and remains significant in both. The marginal contribution of gust to out-of-sample R-squared more than doubles, from between 0.62 and 0.75 percentage points in the main sample to between 1.43 and 1.71 percentage points in the weather-only subset, and now exceeds the marginal contribution of affected customers, which falls to between 1.00 and 1.28 percentage points in this subset. Figure 8 shows this comparison. Figure 8a reports the exposure margin, where the marginal contribution of gust falls from a positive value in the main sample to a small negative value in the weather-only subset, the only instance of a negative bar among all of the figures reported in this paper. Figure 8b reports the recovery margin, where the relative height of the gust and affected-customers bars is reversed between the two samples, from affected customers roughly 12.7 times the height of gust in the main sample to gust slightly exceeding affected customers in the weather-only subset. The weather-attributed recovery sample contains 9,758 incidents; the corresponding exposure sample shown in Figure 8 contains 9,857. Since each sample has its own outcome variance and covariate distribution, the change in R-squared increment is not evidence that a physical wind effect has doubled. The comparison establishes an ordering of reported point estimates between these two variable groups, rather than dominance over all possible predictors.",,requires_semantic_interpretation,old_combined_sentence_requires_rewrite; all current numerical components in named dataset; not automatic substitution,D:\Pyprogramme\STST2603\claude_branch\paper_revision_work_v2\R04\tables\H0_R1_B1_increments.csv,"MR09,MR10,MR13","CL01,CL03",not_modified
D-P097,,1.71,"The recovery model described in Section 3.3 was re-estimated on the subset of incidents for which the Cause Code identifies weather as the direct cause, rather than the combined weather- and asset-related sample used elsewhere in this paper. This subset contains 9,758 incidents, about 16 percent of the main sample. Table 4 compares the two samples directly. The quadratic gust term is close to the same magnitude in both samples and remains significant in both. The marginal contribution of gust to out-of-sample R-squared more than doubles, from between 0.62 and 0.75 percentage points in the main sample to between 1.43 and 1.71 percentage points in the weather-only subset, and now exceeds the marginal contribution of affected customers, which falls to between 1.00 and 1.28 percentage points in this subset. Figure 8 shows this comparison. Figure 8a reports the exposure margin, where the marginal contribution of gust falls from a positive value in the main sample to a small negative value in the weather-only subset, the only instance of a negative bar among all of the figures reported in this paper. Figure 8b reports the recovery margin, where the relative height of the gust and affected-customers bars is reversed between the two samples, from affected customers roughly 12.7 times the height of gust in the main sample to gust slightly exceeding affected customers in the weather-only subset. The weather-attributed recovery sample contains 9,758 incidents; the corresponding exposure sample shown in Figure 8 contains 9,857. Since each sample has its own outcome variance and covariate distribution, the change in R-squared increment is not evidence that a physical wind effect has doubled. The comparison establishes an ordering of reported point estimates between these two variable groups, rather than dominance over all possible predictors.",,requires_semantic_interpretation,old_combined_sentence_requires_rewrite; all current numerical components in named dataset; not automatic substitution,D:\Pyprogramme\STST2603\claude_branch\paper_revision_work_v2\R04\tables\H0_R1_B1_increments.csv,"MR09,MR10,MR13","CL01,CL03",not_modified
D-P097,,1.00,"The recovery model described in Section 3.3 was re-estimated on the subset of incidents for which the Cause Code identifies weather as the direct cause, rather than the combined weather- and asset-related sample used elsewhere in this paper. This subset contains 9,758 incidents, about 16 percent of the main sample. Table 4 compares the two samples directly. The quadratic gust term is close to the same magnitude in both samples and remains significant in both. The marginal contribution of gust to out-of-sample R-squared more than doubles, from between 0.62 and 0.75 percentage points in the main sample to between 1.43 and 1.71 percentage points in the weather-only subset, and now exceeds the marginal contribution of affected customers, which falls to between 1.00 and 1.28 percentage points in this subset. Figure 8 shows this comparison. Figure 8a reports the exposure margin, where the marginal contribution of gust falls from a positive value in the main sample to a small negative value in the weather-only subset, the only instance of a negative bar among all of the figures reported in this paper. Figure 8b reports the recovery margin, where the relative height of the gust and affected-customers bars is reversed between the two samples, from affected customers roughly 12.7 times the height of gust in the main sample to gust slightly exceeding affected customers in the weather-only subset. The weather-attributed recovery sample contains 9,758 incidents; the corresponding exposure sample shown in Figure 8 contains 9,857. Since each sample has its own outcome variance and covariate distribution, the change in R-squared increment is not evidence that a physical wind effect has doubled. The comparison establishes an ordering of reported point estimates between these two variable groups, rather than dominance over all possible predictors.",,requires_semantic_interpretation,old_combined_sentence_requires_rewrite; all current numerical components in named dataset; not automatic substitution,D:\Pyprogramme\STST2603\claude_branch\paper_revision_work_v2\R04\tables\H0_R1_B1_increments.csv,"MR09,MR10,MR13","CL01,CL03",not_modified
D-P097,,1.28,"The recovery model described in Section 3.3 was re-estimated on the subset of incidents for which the Cause Code identifies weather as the direct cause, rather than the combined weather- and asset-related sample used elsewhere in this paper. This subset contains 9,758 incidents, about 16 percent of the main sample. Table 4 compares the two samples directly. The quadratic gust term is close to the same magnitude in both samples and remains significant in both. The marginal contribution of gust to out-of-sample R-squared more than doubles, from between 0.62 and 0.75 percentage points in the main sample to between 1.43 and 1.71 percentage points in the weather-only subset, and now exceeds the marginal contribution of affected customers, which falls to between 1.00 and 1.28 percentage points in this subset. Figure 8 shows this comparison. Figure 8a reports the exposure margin, where the marginal contribution of gust falls from a positive value in the main sample to a small negative value in the weather-only subset, the only instance of a negative bar among all of the figures reported in this paper. Figure 8b reports the recovery margin, where the relative height of the gust and affected-customers bars is reversed between the two samples, from affected customers roughly 12.7 times the height of gust in the main sample to gust slightly exceeding affected customers in the weather-only subset. The weather-attributed recovery sample contains 9,758 incidents; the corresponding exposure sample shown in Figure 8 contains 9,857. Since each sample has its own outcome variance and covariate distribution, the change in R-squared increment is not evidence that a physical wind effect has doubled. The comparison establishes an ordering of reported point estimates between these two variable groups, rather than dominance over all possible predictors.",,requires_semantic_interpretation,old_combined_sentence_requires_rewrite; all current numerical components in named dataset; not automatic substitution,D:\Pyprogramme\STST2603\claude_branch\paper_revision_work_v2\R04\tables\H0_R1_B1_increments.csv,"MR09,MR10,MR13","CL01,CL03",not_modified
D-P097,,8,"The recovery model described in Section 3.3 was re-estimated on the subset of incidents for which the Cause Code identifies weather as the direct cause, rather than the combined weather- and asset-related sample used elsewhere in this paper. This subset contains 9,758 incidents, about 16 percent of the main sample. Table 4 compares the two samples directly. The quadratic gust term is close to the same magnitude in both samples and remains significant in both. The marginal contribution of gust to out-of-sample R-squared more than doubles, from between 0.62 and 0.75 percentage points in the main sample to between 1.43 and 1.71 percentage points in the weather-only subset, and now exceeds the marginal contribution of affected customers, which falls to between 1.00 and 1.28 percentage points in this subset. Figure 8 shows this comparison. Figure 8a reports the exposure margin, where the marginal contribution of gust falls from a positive value in the main sample to a small negative value in the weather-only subset, the only instance of a negative bar among all of the figures reported in this paper. Figure 8b reports the recovery margin, where the relative height of the gust and affected-customers bars is reversed between the two samples, from affected customers roughly 12.7 times the height of gust in the main sample to gust slightly exceeding affected customers in the weather-only subset. The weather-attributed recovery sample contains 9,758 incidents; the corresponding exposure sample shown in Figure 8 contains 9,857. Since each sample has its own outcome variance and covariate distribution, the change in R-squared increment is not evidence that a physical wind effect has doubled. The comparison establishes an ordering of reported point estimates between these two variable groups, rather than dominance over all possible predictors.",,requires_semantic_interpretation,old_combined_sentence_requires_rewrite; all current numerical components in named dataset; not automatic substitution,D:\Pyprogramme\STST2603\claude_branch\paper_revision_work_v2\R04\tables\H0_R1_B1_increments.csv,"MR09,MR10,MR13","CL01,CL03",not_modified
D-P097,,8,"The recovery model described in Section 3.3 was re-estimated on the subset of incidents for which the Cause Code identifies weather as the direct cause, rather than the combined weather- and asset-related sample used elsewhere in this paper. This subset contains 9,758 incidents, about 16 percent of the main sample. Table 4 compares the two samples directly. The quadratic gust term is close to the same magnitude in both samples and remains significant in both. The marginal contribution of gust to out-of-sample R-squared more than doubles, from between 0.62 and 0.75 percentage points in the main sample to between 1.43 and 1.71 percentage points in the weather-only subset, and now exceeds the marginal contribution of affected customers, which falls to between 1.00 and 1.28 percentage points in this subset. Figure 8 shows this comparison. Figure 8a reports the exposure margin, where the marginal contribution of gust falls from a positive value in the main sample to a small negative value in the weather-only subset, the only instance of a negative bar among all of the figures reported in this paper. Figure 8b reports the recovery margin, where the relative height of the gust and affected-customers bars is reversed between the two samples, from affected customers roughly 12.7 times the height of gust in the main sample to gust slightly exceeding affected customers in the weather-only subset. The weather-attributed recovery sample contains 9,758 incidents; the corresponding exposure sample shown in Figure 8 contains 9,857. Since each sample has its own outcome variance and covariate distribution, the change in R-squared increment is not evidence that a physical wind effect has doubled. The comparison establishes an ordering of reported point estimates between these two variable groups, rather than dominance over all possible predictors.",,requires_semantic_interpretation,old_combined_sentence_requires_rewrite; all current numerical components in named dataset; not automatic substitution,D:\Pyprogramme\STST2603\claude_branch\paper_revision_work_v2\R04\tables\H0_R1_B1_increments.csv,"MR09,MR10,MR13","CL01,CL03",not_modified
D-P097,,8,"The recovery model described in Section 3.3 was re-estimated on the subset of incidents for which the Cause Code identifies weather as the direct cause, rather than the combined weather- and asset-related sample used elsewhere in this paper. This subset contains 9,758 incidents, about 16 percent of the main sample. Table 4 compares the two samples directly. The quadratic gust term is close to the same magnitude in both samples and remains significant in both. The marginal contribution of gust to out-of-sample R-squared more than doubles, from between 0.62 and 0.75 percentage points in the main sample to between 1.43 and 1.71 percentage points in the weather-only subset, and now exceeds the marginal contribution of affected customers, which falls to between 1.00 and 1.28 percentage points in this subset. Figure 8 shows this comparison. Figure 8a reports the exposure margin, where the marginal contribution of gust falls from a positive value in the main sample to a small negative value in the weather-only subset, the only instance of a negative bar among all of the figures reported in this paper. Figure 8b reports the recovery margin, where the relative height of the gust and affected-customers bars is reversed between the two samples, from affected customers roughly 12.7 times the height of gust in the main sample to gust slightly exceeding affected customers in the weather-only subset. The weather-attributed recovery sample contains 9,758 incidents; the corresponding exposure sample shown in Figure 8 contains 9,857. Since each sample has its own outcome variance and covariate distribution, the change in R-squared increment is not evidence that a physical wind effect has doubled. The comparison establishes an ordering of reported point estimates between these two variable groups, rather than dominance over all possible predictors.",,requires_semantic_interpretation,old_combined_sentence_requires_rewrite; all current numerical components in named dataset; not automatic substitution,D:\Pyprogramme\STST2603\claude_branch\paper_revision_work_v2\R04\tables\H0_R1_B1_increments.csv,"MR09,MR10,MR13","CL01,CL03",not_modified
D-P097,,12.7,"The recovery model described in Section 3.3 was re-estimated on the subset of incidents for which the Cause Code identifies weather as the direct cause, rather than the combined weather- and asset-related sample used elsewhere in this paper. This subset contains 9,758 incidents, about 16 percent of the main sample. Table 4 compares the two samples directly. The quadratic gust term is close to the same magnitude in both samples and remains significant in both. The marginal contribution of gust to out-of-sample R-squared more than doubles, from between 0.62 and 0.75 percentage points in the main sample to between 1.43 and 1.71 percentage points in the weather-only subset, and now exceeds the marginal contribution of affected customers, which falls to between 1.00 and 1.28 percentage points in this subset. Figure 8 shows this comparison. Figure 8a reports the exposure margin, where the marginal contribution of gust falls from a positive value in the main sample to a small negative value in the weather-only subset, the only instance of a negative bar among all of the figures reported in this paper. Figure 8b reports the recovery margin, where the relative height of the gust and affected-customers bars is reversed between the two samples, from affected customers roughly 12.7 times the height of gust in the main sample to gust slightly exceeding affected customers in the weather-only subset. The weather-attributed recovery sample contains 9,758 incidents; the corresponding exposure sample shown in Figure 8 contains 9,857. Since each sample has its own outcome variance and covariate distribution, the change in R-squared increment is not evidence that a physical wind effect has doubled. The comparison establishes an ordering of reported point estimates between these two variable groups, rather than dominance over all possible predictors.",,requires_semantic_interpretation,old_combined_sentence_requires_rewrite; all current numerical components in named dataset; not automatic substitution,D:\Pyprogramme\STST2603\claude_branch\paper_revision_work_v2\R04\tables\H0_R1_B1_increments.csv,"MR09,MR10,MR13","CL01,CL03",not_modified
D-P097,,"9,758","The recovery model described in Section 3.3 was re-estimated on the subset of incidents for which the Cause Code identifies weather as the direct cause, rather than the combined weather- and asset-related sample used elsewhere in this paper. This subset contains 9,758 incidents, about 16 percent of the main sample. Table 4 compares the two samples directly. The quadratic gust term is close to the same magnitude in both samples and remains significant in both. The marginal contribution of gust to out-of-sample R-squared more than doubles, from between 0.62 and 0.75 percentage points in the main sample to between 1.43 and 1.71 percentage points in the weather-only subset, and now exceeds the marginal contribution of affected customers, which falls to between 1.00 and 1.28 percentage points in this subset. Figure 8 shows this comparison. Figure 8a reports the exposure margin, where the marginal contribution of gust falls from a positive value in the main sample to a small negative value in the weather-only subset, the only instance of a negative bar among all of the figures reported in this paper. Figure 8b reports the recovery margin, where the relative height of the gust and affected-customers bars is reversed between the two samples, from affected customers roughly 12.7 times the height of gust in the main sample to gust slightly exceeding affected customers in the weather-only subset. The weather-attributed recovery sample contains 9,758 incidents; the corresponding exposure sample shown in Figure 8 contains 9,857. Since each sample has its own outcome variance and covariate distribution, the change in R-squared increment is not evidence that a physical wind effect has doubled. The comparison establishes an ordering of reported point estimates between these two variable groups, rather than dominance over all possible predictors.",9857,events,current_value_computed_context_requires_revision,D:\Pyprogramme\STST2603\claude_branch\paper_revision_work_v2\R04\tables\core_metrics.csv,"MR09,MR10,MR13","CL01,CL03",not_modified
D-P097,,8,"The recovery model described in Section 3.3 was re-estimated on the subset of incidents for which the Cause Code identifies weather as the direct cause, rather than the combined weather- and asset-related sample used elsewhere in this paper. This subset contains 9,758 incidents, about 16 percent of the main sample. Table 4 compares the two samples directly. The quadratic gust term is close to the same magnitude in both samples and remains significant in both. The marginal contribution of gust to out-of-sample R-squared more than doubles, from between 0.62 and 0.75 percentage points in the main sample to between 1.43 and 1.71 percentage points in the weather-only subset, and now exceeds the marginal contribution of affected customers, which falls to between 1.00 and 1.28 percentage points in this subset. Figure 8 shows this comparison. Figure 8a reports the exposure margin, where the marginal contribution of gust falls from a positive value in the main sample to a small negative value in the weather-only subset, the only instance of a negative bar among all of the figures reported in this paper. Figure 8b reports the recovery margin, where the relative height of the gust and affected-customers bars is reversed between the two samples, from affected customers roughly 12.7 times the height of gust in the main sample to gust slightly exceeding affected customers in the weather-only subset. The weather-attributed recovery sample contains 9,758 incidents; the corresponding exposure sample shown in Figure 8 contains 9,857. Since each sample has its own outcome variance and covariate distribution, the change in R-squared increment is not evidence that a physical wind effect has doubled. The comparison establishes an ordering of reported point estimates between these two variable groups, rather than dominance over all possible predictors.",,requires_semantic_interpretation,old_combined_sentence_requires_rewrite; all current numerical components in named dataset; not automatic substitution,D:\Pyprogramme\STST2603\claude_branch\paper_revision_work_v2\R04\tables\H0_R1_B1_increments.csv,"MR09,MR10,MR13","CL01,CL03",not_modified
D-P097,,"9,857","The recovery model described in Section 3.3 was re-estimated on the subset of incidents for which the Cause Code identifies weather as the direct cause, rather than the combined weather- and asset-related sample used elsewhere in this paper. This subset contains 9,758 incidents, about 16 percent of the main sample. Table 4 compares the two samples directly. The quadratic gust term is close to the same magnitude in both samples and remains significant in both. The marginal contribution of gust to out-of-sample R-squared more than doubles, from between 0.62 and 0.75 percentage points in the main sample to between 1.43 and 1.71 percentage points in the weather-only subset, and now exceeds the marginal contribution of affected customers, which falls to between 1.00 and 1.28 percentage points in this subset. Figure 8 shows this comparison. Figure 8a reports the exposure margin, where the marginal contribution of gust falls from a positive value in the main sample to a small negative value in the weather-only subset, the only instance of a negative bar among all of the figures reported in this paper. Figure 8b reports the recovery margin, where the relative height of the gust and affected-customers bars is reversed between the two samples, from affected customers roughly 12.7 times the height of gust in the main sample to gust slightly exceeding affected customers in the weather-only subset. The weather-attributed recovery sample contains 9,758 incidents; the corresponding exposure sample shown in Figure 8 contains 9,857. Since each sample has its own outcome variance and covariate distribution, the change in R-squared increment is not evidence that a physical wind effect has doubled. The comparison establishes an ordering of reported point estimates between these two variable groups, rather than dominance over all possible predictors.",9857,events,current_value_computed_context_requires_revision,D:\Pyprogramme\STST2603\claude_branch\paper_revision_work_v2\R04\tables\core_metrics.csv,"MR09,MR10,MR13","CL01,CL03",not_modified
D-P098,,4,"Table 4. Marginal out-of-sample R-squared, main sample versus weather-only subset.",,requires_semantic_interpretation,cross_reference_or_caption; content changes recorded in coverage,,,,not_modified
D-T04,row2col3,+1.07,+1.07 pp,,requires_semantic_interpretation,current_replacement_dataset_available_not_automatic_token_substitution,D:\Pyprogramme\STST2603\claude_branch\paper_revision_work_v2\R04\tables\H0_R1_B1_increments.csv,"MR12,MR13","CL03,CL04",not_modified
D-T04,row2col4,-0.15,-0.15 pp,,requires_semantic_interpretation,current_replacement_dataset_available_not_automatic_token_substitution,D:\Pyprogramme\STST2603\claude_branch\paper_revision_work_v2\R04\tables\H0_R1_B1_increments.csv,"MR12,MR13","CL03,CL04",not_modified
D-T04,row3col3,0.62,0.62-0.75 pp,,requires_semantic_interpretation,current_replacement_dataset_available_not_automatic_token_substitution,D:\Pyprogramme\STST2603\claude_branch\paper_revision_work_v2\R04\tables\H0_R1_B1_increments.csv,"MR12,MR13","CL03,CL04",not_modified
D-T04,row3col3,-0.75,0.62-0.75 pp,,requires_semantic_interpretation,current_replacement_dataset_available_not_automatic_token_substitution,D:\Pyprogramme\STST2603\claude_branch\paper_revision_work_v2\R04\tables\H0_R1_B1_increments.csv,"MR12,MR13","CL03,CL04",not_modified
D-T04,row3col4,1.43,1.43-1.71 pp,,requires_semantic_interpretation,current_replacement_dataset_available_not_automatic_token_substitution,D:\Pyprogramme\STST2603\claude_branch\paper_revision_work_v2\R04\tables\H0_R1_B1_increments.csv,"MR12,MR13","CL03,CL04",not_modified
D-T04,row3col4,-1.71,1.43-1.71 pp,,requires_semantic_interpretation,current_replacement_dataset_available_not_automatic_token_substitution,D:\Pyprogramme\STST2603\claude_branch\paper_revision_work_v2\R04\tables\H0_R1_B1_increments.csv,"MR12,MR13","CL03,CL04",not_modified
D-T04,row4col3,7.73,7.73-7.87 pp,,requires_semantic_interpretation,current_replacement_dataset_available_not_automatic_token_substitution,D:\Pyprogramme\STST2603\claude_branch\paper_revision_work_v2\R04\tables\H0_R1_B1_increments.csv,"MR12,MR13","CL03,CL04",not_modified
D-T04,row4col3,-7.87,7.73-7.87 pp,,requires_semantic_interpretation,current_replacement_dataset_available_not_automatic_token_substitution,D:\Pyprogramme\STST2603\claude_branch\paper_revision_work_v2\R04\tables\H0_R1_B1_increments.csv,"MR12,MR13","CL03,CL04",not_modified
D-T04,row4col4,1.00,1.00-1.28 pp,,requires_semantic_interpretation,current_replacement_dataset_available_not_automatic_token_substitution,D:\Pyprogramme\STST2603\claude_branch\paper_revision_work_v2\R04\tables\H0_R1_B1_increments.csv,"MR12,MR13","CL03,CL04",not_modified
D-T04,row4col4,-1.28,1.00-1.28 pp,,requires_semantic_interpretation,current_replacement_dataset_available_not_automatic_token_substitution,D:\Pyprogramme\STST2603\claude_branch\paper_revision_work_v2\R04\tables\H0_R1_B1_increments.csv,"MR12,MR13","CL03,CL04",not_modified
D-P100,,8,"Figure 8. Marginal out-of-sample R-squared, main sample versus weather-only subset. (a) Exposure margin. (b) Recovery margin, gust and affected customers shown separately.",,requires_semantic_interpretation,cross_reference_or_caption; content changes recorded in coverage,,MR13,CL03,not_modified
D-P101,,0.15,"For exposure, adding gust reduces mean out-of-fold R-squared by 0.15 percentage points in the weather-attributed sample. This is an unfavourable predictive result for that comparison, although it does not by itself negate a positive fitted quadratic coefficient. Appendix G documents an association between cause classification and gust: the weather-related share rises from 6.89 percent in the lowest gust decile to 56.10 percent in the highest. The share of observations below 10.69 m/s is 63.70 percent in the full exposure sample and 36.83 percent in the weather-attributed subset. This reduced low-gust coverage is a plausible contributor to the exposure result. The descriptive evidence does not establish it as the sole cause, and restricted covariate support can also affect recovery-model estimates.",0.382246342941095,R² percentage points; sign changes to positive,current_value_computed_context_requires_revision,D:\Pyprogramme\STST2603\claude_branch\paper_revision_work_v2\R04\tables\core_metrics.csv,MR12,"CL03,CL04",not_modified
D-P101,,6.89,"For exposure, adding gust reduces mean out-of-fold R-squared by 0.15 percentage points in the weather-attributed sample. This is an unfavourable predictive result for that comparison, although it does not by itself negate a positive fitted quadratic coefficient. Appendix G documents an association between cause classification and gust: the weather-related share rises from 6.89 percent in the lowest gust decile to 56.10 percent in the highest. The share of observations below 10.69 m/s is 63.70 percent in the full exposure sample and 36.83 percent in the weather-attributed subset. This reduced low-gust coverage is a plausible contributor to the exposure result. The descriptive evidence does not establish it as the sole cause, and restricted covariate support can also affect recovery-model estimates.",6.933842239185751,percent; main-population deciles,current_value_computed_context_requires_revision,D:\Pyprogramme\STST2603\claude_branch\paper_revision_work_v2\R04\tables\AppendixG_main_gust_deciles.csv,MR12,"CL03,CL04",not_modified
D-P101,,56.10,"For exposure, adding gust reduces mean out-of-fold R-squared by 0.15 percentage points in the weather-attributed sample. This is an unfavourable predictive result for that comparison, although it does not by itself negate a positive fitted quadratic coefficient. Appendix G documents an association between cause classification and gust: the weather-related share rises from 6.89 percent in the lowest gust decile to 56.10 percent in the highest. The share of observations below 10.69 m/s is 63.70 percent in the full exposure sample and 36.83 percent in the weather-attributed subset. This reduced low-gust coverage is a plausible contributor to the exposure result. The descriptive evidence does not establish it as the sole cause, and restricted covariate support can also affect recovery-model estimates.",57.07138092061374,percent; main-population deciles,current_value_computed_context_requires_revision,D:\Pyprogramme\STST2603\claude_branch\paper_revision_work_v2\R04\tables\AppendixG_main_gust_deciles.csv,MR12,"CL03,CL04",not_modified
D-P101,,10.69,"For exposure, adding gust reduces mean out-of-fold R-squared by 0.15 percentage points in the weather-attributed sample. This is an unfavourable predictive result for that comparison, although it does not by itself negate a positive fitted quadratic coefficient. Appendix G documents an association between cause classification and gust: the weather-related share rises from 6.89 percent in the lowest gust decile to 56.10 percent in the highest. The share of observations below 10.69 m/s is 63.70 percent in the full exposure sample and 36.83 percent in the weather-attributed subset. This reduced low-gust coverage is a plausible contributor to the exposure result. The descriptive evidence does not establish it as the sole cause, and restricted covariate support can also affect recovery-model estimates.",10.807545499294342,m/s,current_value_computed_context_requires_revision,D:\Pyprogramme\STST2603\claude_branch\paper_revision_work_v2\R04\tables\AppendixH_pressure_minima.json,MR12,"CL03,CL04",not_modified
D-P101,,63.70,"For exposure, adding gust reduces mean out-of-fold R-squared by 0.15 percentage points in the weather-attributed sample. This is an unfavourable predictive result for that comparison, although it does not by itself negate a positive fitted quadratic coefficient. Appendix G documents an association between cause classification and gust: the weather-related share rises from 6.89 percent in the lowest gust decile to 56.10 percent in the highest. The share of observations below 10.69 m/s is 63.70 percent in the full exposure sample and 36.83 percent in the weather-attributed subset. This reduced low-gust coverage is a plausible contributor to the exposure result. The descriptive evidence does not establish it as the sole cause, and restricted covariate support can also affect recovery-model estimates.",65.02912171553379,percent within population,current_value_computed_context_requires_revision,D:\Pyprogramme\STST2603\claude_branch\paper_revision_work_v2\R04\tables\AppendixG_low_gust_support.csv,MR12,"CL03,CL04",not_modified
D-P101,,36.83,"For exposure, adding gust reduces mean out-of-fold R-squared by 0.15 percentage points in the weather-attributed sample. This is an unfavourable predictive result for that comparison, although it does not by itself negate a positive fitted quadratic coefficient. Appendix G documents an association between cause classification and gust: the weather-related share rises from 6.89 percent in the lowest gust decile to 56.10 percent in the highest. The share of observations below 10.69 m/s is 63.70 percent in the full exposure sample and 36.83 percent in the weather-attributed subset. This reduced low-gust coverage is a plausible contributor to the exposure result. The descriptive evidence does not establish it as the sole cause, and restricted covariate support can also affect recovery-model estimates.",37.88170843055696,percent within population,current_value_computed_context_requires_revision,D:\Pyprogramme\STST2603\claude_branch\paper_revision_work_v2\R04\tables\AppendixG_low_gust_support.csv,MR12,"CL03,CL04",not_modified
D-P102,,5,"Storm periods provide a complementary view of fitted performance. Previous outage research has used named storms for model evaluation [5], but the comparison here is descriptive because the fitted model includes these incidents. The seven storms are Arwen, Dudley, Eunice, Franklin, Babet, Ciarán and Henk. Their selected windows span 27 days, or 2.46 percent of the study period, and contain 8.15 percent of final-sample incidents and 14.72 percent of affected-customer counts. Relative to the whole-period daily average, incident and customer-count concentrations are approximately 3.3 and 6 times as high respectively.",,requires_semantic_interpretation,citation_date_equation_index_or_definition; no model-derived replacement; source wording limits remain in MR,,"MR01,MR14,MR16","CL01,CL04",not_modified
D-P102,,27,"Storm periods provide a complementary view of fitted performance. Previous outage research has used named storms for model evaluation [5], but the comparison here is descriptive because the fitted model includes these incidents. The seven storms are Arwen, Dudley, Eunice, Franklin, Babet, Ciarán and Henk. Their selected windows span 27 days, or 2.46 percent of the study period, and contain 8.15 percent of final-sample incidents and 14.72 percent of affected-customer counts. Relative to the whole-period daily average, incident and customer-count concentrations are approximately 3.3 and 6 times as high respectively.",25,unique UTC days; summed windows remain27,current_value_computed_context_requires_revision,D:\Pyprogramme\STST2603\claude_branch\paper_revision_work_v2\R04\tables\storm_statistics.csv,"MR01,MR14,MR16","CL01,CL04",not_modified
D-P102,,2.46,"Storm periods provide a complementary view of fitted performance. Previous outage research has used named storms for model evaluation [5], but the comparison here is descriptive because the fitted model includes these incidents. The seven storms are Arwen, Dudley, Eunice, Franklin, Babet, Ciarán and Henk. Their selected windows span 27 days, or 2.46 percent of the study period, and contain 8.15 percent of final-sample incidents and 14.72 percent of affected-customer counts. Relative to the whole-period daily average, incident and customer-count concentrations are approximately 3.3 and 6 times as high respectively.",2.281021897810219,percent of calendar days,current_value_computed_context_requires_revision,D:\Pyprogramme\STST2603\claude_branch\paper_revision_work_v2\R04\tables\storm_statistics.csv,"MR01,MR14,MR16","CL01,CL04",not_modified
D-P102,,8.15,"Storm periods provide a complementary view of fitted performance. Previous outage research has used named storms for model evaluation [5], but the comparison here is descriptive because the fitted model includes these incidents. The seven storms are Arwen, Dudley, Eunice, Franklin, Babet, Ciarán and Henk. Their selected windows span 27 days, or 2.46 percent of the study period, and contain 8.15 percent of final-sample incidents and 14.72 percent of affected-customer counts. Relative to the whole-period daily average, incident and customer-count concentrations are approximately 3.3 and 6 times as high respectively.",7.366470315705871,percent events,current_value_computed_context_requires_revision,D:\Pyprogramme\STST2603\claude_branch\paper_revision_work_v2\R04\tables\storm_statistics.csv,"MR01,MR14,MR16","CL01,CL04",not_modified
D-P102,,14.72,"Storm periods provide a complementary view of fitted performance. Previous outage research has used named storms for model evaluation [5], but the comparison here is descriptive because the fitted model includes these incidents. The seven storms are Arwen, Dudley, Eunice, Franklin, Babet, Ciarán and Henk. Their selected windows span 27 days, or 2.46 percent of the study period, and contain 8.15 percent of final-sample incidents and 14.72 percent of affected-customer counts. Relative to the whole-period daily average, incident and customer-count concentrations are approximately 3.3 and 6 times as high respectively.",13.257885883627532,percent customers,current_value_computed_context_requires_revision,D:\Pyprogramme\STST2603\claude_branch\paper_revision_work_v2\R04\tables\storm_statistics.csv,"MR01,MR14,MR16","CL01,CL04",not_modified
D-P102,,3.3,"Storm periods provide a complementary view of fitted performance. Previous outage research has used named storms for model evaluation [5], but the comparison here is descriptive because the fitted model includes these incidents. The seven storms are Arwen, Dudley, Eunice, Franklin, Babet, Ciarán and Henk. Their selected windows span 27 days, or 2.46 percent of the study period, and contain 8.15 percent of final-sample incidents and 14.72 percent of affected-customer counts. Relative to the whole-period daily average, incident and customer-count concentrations are approximately 3.3 and 6 times as high respectively.",3.229460586405454,event concentration ratio,current_value_computed_context_requires_revision,D:\Pyprogramme\STST2603\claude_branch\paper_revision_work_v2\R04\tables\storm_statistics.csv,"MR01,MR14,MR16","CL01,CL04",not_modified
D-P102,,6,"Storm periods provide a complementary view of fitted performance. Previous outage research has used named storms for model evaluation [5], but the comparison here is descriptive because the fitted model includes these incidents. The seven storms are Arwen, Dudley, Eunice, Franklin, Babet, Ciarán and Henk. Their selected windows span 27 days, or 2.46 percent of the study period, and contain 8.15 percent of final-sample incidents and 14.72 percent of affected-customer counts. Relative to the whole-period daily average, incident and customer-count concentrations are approximately 3.3 and 6 times as high respectively.",5.81225717138231,customer concentration ratio,current_value_computed_context_requires_revision,D:\Pyprogramme\STST2603\claude_branch\paper_revision_work_v2\R04\tables\storm_statistics.csv,"MR01,MR14,MR16","CL01,CL04",not_modified
D-P103,,4.1,"The finalised exposure and recovery models, unchanged from Section 4.1, were then used to predict outcomes for the incidents recorded during each of the seven storms, using the gust and other covariate values actually observed during that storm. Figure 9 compares these predictions against the observed outcomes. For the exposure margin, Figure 9a, the predicted values are systematically higher than the observed values for incidents with a low observed customer count, visible as vertical clusters of points sitting well above the reference line at the low end of the horizontal axis. Predictions come closer to the reference line only among incidents with a comparatively high observed customer count. For the recovery margin, Figure 9b, the points are more evenly distributed around the reference line, without the same one-sided pattern, although two of the seven storms, Eunice and Franklin, each form a distinct local cluster: Eunice’s cluster sits slightly above the reference line, and Franklin’s sits below it.",,requires_semantic_interpretation,citation_date_equation_index_or_definition; no model-derived replacement; source wording limits remain in MR,,"MR05,MR15,MR16,MR23","CL01,CL02,CL04,CL05",not_modified
D-P103,,9,"The finalised exposure and recovery models, unchanged from Section 4.1, were then used to predict outcomes for the incidents recorded during each of the seven storms, using the gust and other covariate values actually observed during that storm. Figure 9 compares these predictions against the observed outcomes. For the exposure margin, Figure 9a, the predicted values are systematically higher than the observed values for incidents with a low observed customer count, visible as vertical clusters of points sitting well above the reference line at the low end of the horizontal axis. Predictions come closer to the reference line only among incidents with a comparatively high observed customer count. For the recovery margin, Figure 9b, the points are more evenly distributed around the reference line, without the same one-sided pattern, although two of the seven storms, Eunice and Franklin, each form a distinct local cluster: Eunice’s cluster sits slightly above the reference line, and Franklin’s sits below it.",,requires_semantic_interpretation,citation_date_equation_index_or_definition; no model-derived replacement; source wording limits remain in MR,,"MR05,MR15,MR16,MR23","CL01,CL02,CL04,CL05",not_modified
D-P103,,9,"The finalised exposure and recovery models, unchanged from Section 4.1, were then used to predict outcomes for the incidents recorded during each of the seven storms, using the gust and other covariate values actually observed during that storm. Figure 9 compares these predictions against the observed outcomes. For the exposure margin, Figure 9a, the predicted values are systematically higher than the observed values for incidents with a low observed customer count, visible as vertical clusters of points sitting well above the reference line at the low end of the horizontal axis. Predictions come closer to the reference line only among incidents with a comparatively high observed customer count. For the recovery margin, Figure 9b, the points are more evenly distributed around the reference line, without the same one-sided pattern, although two of the seven storms, Eunice and Franklin, each form a distinct local cluster: Eunice’s cluster sits slightly above the reference line, and Franklin’s sits below it.",,requires_semantic_interpretation,citation_date_equation_index_or_definition; no model-derived replacement; source wording limits remain in MR,,"MR05,MR15,MR16,MR23","CL01,CL02,CL04,CL05",not_modified
D-P103,,9,"The finalised exposure and recovery models, unchanged from Section 4.1, were then used to predict outcomes for the incidents recorded during each of the seven storms, using the gust and other covariate values actually observed during that storm. Figure 9 compares these predictions against the observed outcomes. For the exposure margin, Figure 9a, the predicted values are systematically higher than the observed values for incidents with a low observed customer count, visible as vertical clusters of points sitting well above the reference line at the low end of the horizontal axis. Predictions come closer to the reference line only among incidents with a comparatively high observed customer count. For the recovery margin, Figure 9b, the points are more evenly distributed around the reference line, without the same one-sided pattern, although two of the seven storms, Eunice and Franklin, each form a distinct local cluster: Eunice’s cluster sits slightly above the reference line, and Franklin’s sits below it.",,requires_semantic_interpretation,citation_date_equation_index_or_definition; no model-derived replacement; source wording limits remain in MR,,"MR05,MR15,MR16,MR23","CL01,CL02,CL04,CL05",not_modified
D-P105,,9,"Figure 9. Combined-sample fitted versus observed log outcomes during the seven named storms, with a 45-degree reference line. (a) log(1 + affected customers). (b) log(restoration duration). These events also contributed to fitting the model; the plot is not an out-of-sample storm validation.",,requires_semantic_interpretation,cross_reference_or_caption; content changes recorded in coverage,,"MR14,MR15,MR16","CL04,CL05",not_modified
D-P105,,45,"Figure 9. Combined-sample fitted versus observed log outcomes during the seven named storms, with a 45-degree reference line. (a) log(1 + affected customers). (b) log(restoration duration). These events also contributed to fitting the model; the plot is not an out-of-sample storm validation.",,requires_semantic_interpretation,cross_reference_or_caption; content changes recorded in coverage,,"MR14,MR15,MR16","CL04,CL05",not_modified
D-P105,,1,"Figure 9. Combined-sample fitted versus observed log outcomes during the seven named storms, with a 45-degree reference line. (a) log(1 + affected customers). (b) log(restoration duration). These events also contributed to fitting the model; the plot is not an out-of-sample storm validation.",,requires_semantic_interpretation,cross_reference_or_caption; content changes recorded in coverage,,"MR14,MR15,MR16","CL04,CL05",not_modified
D-P106,,0.179,"The fitted-observed correlation for each margin was also computed separately within each storm and compared against the correlation for the full sample. For the exposure margin, the full-sample correlation is 0.179, and the seven storm-specific correlations range from 0.116 to 0.341, without a consistent direction relative to the full-sample value. For the recovery margin, the full-sample correlation is 0.343, and all seven storm-specific correlations fall below this value, ranging from 0.084 to 0.317. The weakest of these, for Storm Dudley, is not statistically distinguishable from zero.",,requires_semantic_interpretation,old_combined_sentence_requires_rewrite; all current numerical components in named dataset; not automatic substitution,D:\Pyprogramme\STST2603\claude_branch\paper_revision_work_v2\R04\tables\storm_prediction_correlations.csv,"MR15,MR16,MR23","CL04,CL05",not_modified
D-P106,,0.116,"The fitted-observed correlation for each margin was also computed separately within each storm and compared against the correlation for the full sample. For the exposure margin, the full-sample correlation is 0.179, and the seven storm-specific correlations range from 0.116 to 0.341, without a consistent direction relative to the full-sample value. For the recovery margin, the full-sample correlation is 0.343, and all seven storm-specific correlations fall below this value, ranging from 0.084 to 0.317. The weakest of these, for Storm Dudley, is not statistically distinguishable from zero.",,requires_semantic_interpretation,old_combined_sentence_requires_rewrite; all current numerical components in named dataset; not automatic substitution,D:\Pyprogramme\STST2603\claude_branch\paper_revision_work_v2\R04\tables\storm_prediction_correlations.csv,"MR15,MR16,MR23","CL04,CL05",not_modified
D-P106,,0.341,"The fitted-observed correlation for each margin was also computed separately within each storm and compared against the correlation for the full sample. For the exposure margin, the full-sample correlation is 0.179, and the seven storm-specific correlations range from 0.116 to 0.341, without a consistent direction relative to the full-sample value. For the recovery margin, the full-sample correlation is 0.343, and all seven storm-specific correlations fall below this value, ranging from 0.084 to 0.317. The weakest of these, for Storm Dudley, is not statistically distinguishable from zero.",,requires_semantic_interpretation,old_combined_sentence_requires_rewrite; all current numerical components in named dataset; not automatic substitution,D:\Pyprogramme\STST2603\claude_branch\paper_revision_work_v2\R04\tables\storm_prediction_correlations.csv,"MR15,MR16,MR23","CL04,CL05",not_modified
D-P106,,0.343,"The fitted-observed correlation for each margin was also computed separately within each storm and compared against the correlation for the full sample. For the exposure margin, the full-sample correlation is 0.179, and the seven storm-specific correlations range from 0.116 to 0.341, without a consistent direction relative to the full-sample value. For the recovery margin, the full-sample correlation is 0.343, and all seven storm-specific correlations fall below this value, ranging from 0.084 to 0.317. The weakest of these, for Storm Dudley, is not statistically distinguishable from zero.",,requires_semantic_interpretation,old_combined_sentence_requires_rewrite; all current numerical components in named dataset; not automatic substitution,D:\Pyprogramme\STST2603\claude_branch\paper_revision_work_v2\R04\tables\storm_prediction_correlations.csv,"MR15,MR16,MR23","CL04,CL05",not_modified
D-P106,,0.084,"The fitted-observed correlation for each margin was also computed separately within each storm and compared against the correlation for the full sample. For the exposure margin, the full-sample correlation is 0.179, and the seven storm-specific correlations range from 0.116 to 0.341, without a consistent direction relative to the full-sample value. For the recovery margin, the full-sample correlation is 0.343, and all seven storm-specific correlations fall below this value, ranging from 0.084 to 0.317. The weakest of these, for Storm Dudley, is not statistically distinguishable from zero.",,requires_semantic_interpretation,old_combined_sentence_requires_rewrite; all current numerical components in named dataset; not automatic substitution,D:\Pyprogramme\STST2603\claude_branch\paper_revision_work_v2\R04\tables\storm_prediction_correlations.csv,"MR15,MR16,MR23","CL04,CL05",not_modified
D-P106,,0.317,"The fitted-observed correlation for each margin was also computed separately within each storm and compared against the correlation for the full sample. For the exposure margin, the full-sample correlation is 0.179, and the seven storm-specific correlations range from 0.116 to 0.341, without a consistent direction relative to the full-sample value. For the recovery margin, the full-sample correlation is 0.343, and all seven storm-specific correlations fall below this value, ranging from 0.084 to 0.317. The weakest of these, for Storm Dudley, is not statistically distinguishable from zero.",,requires_semantic_interpretation,old_combined_sentence_requires_rewrite; all current numerical components in named dataset; not automatic substitution,D:\Pyprogramme\STST2603\claude_branch\paper_revision_work_v2\R04\tables\storm_prediction_correlations.csv,"MR15,MR16,MR23","CL04,CL05",not_modified
D-P108,,4,The reversal in Table 4 is supported by the cause-based predictive comparisons. The storm analysis provides complementary evidence about fitted performance during named events and does not independently compute the same contribution reversal. An out-of-sample storm-level ablation comparison would be needed to examine that question directly.,,requires_semantic_interpretation,citation_date_equation_index_or_definition; no model-derived replacement; source wording limits remain in MR,,"MR13,MR16","CL03,CL04",not_modified
D-P109,,4.4,4.4 Retrospective temporal and clustering checks,,requires_semantic_interpretation,cross_reference_or_caption; content changes recorded in coverage,,,,not_modified
D-P110,,4.1,"Sections 4.1 to 4.3 use the final combined sample or explicitly identified cause subsets. This section compares earlier- and later-period estimates and examines alternative standard errors for the combined-sample fits. Because both periods informed early model development (Appendix E), the temporal results are retrospective sensitivity evidence, not confirmation on a previously untouched sample.",,requires_semantic_interpretation,citation_date_equation_index_or_definition; no model-derived replacement; source wording limits remain in MR,,,,not_modified
D-P110,,4.3,"Sections 4.1 to 4.3 use the final combined sample or explicitly identified cause subsets. This section compares earlier- and later-period estimates and examines alternative standard errors for the combined-sample fits. Because both periods informed early model development (Appendix E), the temporal results are retrospective sensitivity evidence, not confirmation on a previously untouched sample.",,requires_semantic_interpretation,citation_date_equation_index_or_definition; no model-derived replacement; source wording limits remain in MR,,,,not_modified
D-P111,,12.13,"The reported exposure quadratic term is positive in both periods, while the linear term changes sign relative to each period’s own mean gust and pressure. The earlier-period exposure minimum is 12.13 m/s, compared with 10.69 m/s in the combined sample. For recovery, the development row in Figure 10 is an inverse-variance-weighted summary of five cross-validation fits, with a value of 0.0660; it is not a single full-development-sample regression. The reported later-period coefficient is approximately 0.064, and the combined-sample coefficient is 0.079237. These results are consistent in sign, but the differing estimation procedures must be recognised. Since cross-validation training sets overlap, the nominal interval previously attached to their weighted summary is omitted rather than treated as an independent-fit confidence interval.",,requires_semantic_interpretation,old_combined_sentence_requires_rewrite; all current numerical components in named dataset; not automatic substitution,D:\Pyprogramme\STST2603\claude_branch\paper_revision_work_v2\R04\tables\period_comparison.csv,MR20,"CL02,CL04",not_modified
D-P111,,10.69,"The reported exposure quadratic term is positive in both periods, while the linear term changes sign relative to each period’s own mean gust and pressure. The earlier-period exposure minimum is 12.13 m/s, compared with 10.69 m/s in the combined sample. For recovery, the development row in Figure 10 is an inverse-variance-weighted summary of five cross-validation fits, with a value of 0.0660; it is not a single full-development-sample regression. The reported later-period coefficient is approximately 0.064, and the combined-sample coefficient is 0.079237. These results are consistent in sign, but the differing estimation procedures must be recognised. Since cross-validation training sets overlap, the nominal interval previously attached to their weighted summary is omitted rather than treated as an independent-fit confidence interval.",,requires_semantic_interpretation,old_combined_sentence_requires_rewrite; all current numerical components in named dataset; not automatic substitution,D:\Pyprogramme\STST2603\claude_branch\paper_revision_work_v2\R04\tables\period_comparison.csv,MR20,"CL02,CL04",not_modified
D-P111,,10,"The reported exposure quadratic term is positive in both periods, while the linear term changes sign relative to each period’s own mean gust and pressure. The earlier-period exposure minimum is 12.13 m/s, compared with 10.69 m/s in the combined sample. For recovery, the development row in Figure 10 is an inverse-variance-weighted summary of five cross-validation fits, with a value of 0.0660; it is not a single full-development-sample regression. The reported later-period coefficient is approximately 0.064, and the combined-sample coefficient is 0.079237. These results are consistent in sign, but the differing estimation procedures must be recognised. Since cross-validation training sets overlap, the nominal interval previously attached to their weighted summary is omitted rather than treated as an independent-fit confidence interval.",,requires_semantic_interpretation,old_combined_sentence_requires_rewrite; all current numerical components in named dataset; not automatic substitution,D:\Pyprogramme\STST2603\claude_branch\paper_revision_work_v2\R04\tables\period_comparison.csv,MR20,"CL02,CL04",not_modified
D-P111,,0.0660,"The reported exposure quadratic term is positive in both periods, while the linear term changes sign relative to each period’s own mean gust and pressure. The earlier-period exposure minimum is 12.13 m/s, compared with 10.69 m/s in the combined sample. For recovery, the development row in Figure 10 is an inverse-variance-weighted summary of five cross-validation fits, with a value of 0.0660; it is not a single full-development-sample regression. The reported later-period coefficient is approximately 0.064, and the combined-sample coefficient is 0.079237. These results are consistent in sign, but the differing estimation procedures must be recognised. Since cross-validation training sets overlap, the nominal interval previously attached to their weighted summary is omitted rather than treated as an independent-fit confidence interval.",,requires_semantic_interpretation,old_combined_sentence_requires_rewrite; all current numerical components in named dataset; not automatic substitution,D:\Pyprogramme\STST2603\claude_branch\paper_revision_work_v2\R04\tables\period_comparison.csv,MR20,"CL02,CL04",not_modified
D-P111,,0.064,"The reported exposure quadratic term is positive in both periods, while the linear term changes sign relative to each period’s own mean gust and pressure. The earlier-period exposure minimum is 12.13 m/s, compared with 10.69 m/s in the combined sample. For recovery, the development row in Figure 10 is an inverse-variance-weighted summary of five cross-validation fits, with a value of 0.0660; it is not a single full-development-sample regression. The reported later-period coefficient is approximately 0.064, and the combined-sample coefficient is 0.079237. These results are consistent in sign, but the differing estimation procedures must be recognised. Since cross-validation training sets overlap, the nominal interval previously attached to their weighted summary is omitted rather than treated as an independent-fit confidence interval.",,requires_semantic_interpretation,old_combined_sentence_requires_rewrite; all current numerical components in named dataset; not automatic substitution,D:\Pyprogramme\STST2603\claude_branch\paper_revision_work_v2\R04\tables\period_comparison.csv,MR20,"CL02,CL04",not_modified
D-P111,,0.079237,"The reported exposure quadratic term is positive in both periods, while the linear term changes sign relative to each period’s own mean gust and pressure. The earlier-period exposure minimum is 12.13 m/s, compared with 10.69 m/s in the combined sample. For recovery, the development row in Figure 10 is an inverse-variance-weighted summary of five cross-validation fits, with a value of 0.0660; it is not a single full-development-sample regression. The reported later-period coefficient is approximately 0.064, and the combined-sample coefficient is 0.079237. These results are consistent in sign, but the differing estimation procedures must be recognised. Since cross-validation training sets overlap, the nominal interval previously attached to their weighted summary is omitted rather than treated as an independent-fit confidence interval.",,requires_semantic_interpretation,old_combined_sentence_requires_rewrite; all current numerical components in named dataset; not automatic substitution,D:\Pyprogramme\STST2603\claude_branch\paper_revision_work_v2\R04\tables\period_comparison.csv,MR20,"CL02,CL04",not_modified
D-P112,,10,"Figure 10 distinguishes the development-fold summaries from the later-period fits and combined-sample clustering results. Mean gust is approximately 9.65 m/s in the earlier period and 10.77 m/s in the later period; standard deviations are approximately 5.21 and 5.17 m/s. The standard-deviation difference is small, but direct comparison of standardised coefficients is still approximate, and the linear terms refer to different physical wind and pressure reference conditions. Appendix H reports the available scaling values. The two combined-sample rows for each outcome have identical point estimates; only the covariance estimator differs.",,requires_semantic_interpretation,cross_reference_or_caption; content changes recorded in coverage,,MR20,"CL02,CL04",not_modified
D-P112,,9.65,"Figure 10 distinguishes the development-fold summaries from the later-period fits and combined-sample clustering results. Mean gust is approximately 9.65 m/s in the earlier period and 10.77 m/s in the later period; standard deviations are approximately 5.21 and 5.17 m/s. The standard-deviation difference is small, but direct comparison of standardised coefficients is still approximate, and the linear terms refer to different physical wind and pressure reference conditions. Appendix H reports the available scaling values. The two combined-sample rows for each outcome have identical point estimates; only the covariance estimator differs.",,requires_semantic_interpretation,sample-specific scale tuple; current values in AppendixH_period_scales.csv; not a shared scale,D:\Pyprogramme\STST2603\claude_branch\paper_revision_work_v2\R04\tables\AppendixH_period_scales.csv,MR20,"CL02,CL04",not_modified
D-P112,,10.77,"Figure 10 distinguishes the development-fold summaries from the later-period fits and combined-sample clustering results. Mean gust is approximately 9.65 m/s in the earlier period and 10.77 m/s in the later period; standard deviations are approximately 5.21 and 5.17 m/s. The standard-deviation difference is small, but direct comparison of standardised coefficients is still approximate, and the linear terms refer to different physical wind and pressure reference conditions. Appendix H reports the available scaling values. The two combined-sample rows for each outcome have identical point estimates; only the covariance estimator differs.",,requires_semantic_interpretation,sample-specific scale tuple; current values in AppendixH_period_scales.csv; not a shared scale,D:\Pyprogramme\STST2603\claude_branch\paper_revision_work_v2\R04\tables\AppendixH_period_scales.csv,MR20,"CL02,CL04",not_modified
D-P112,,5.21,"Figure 10 distinguishes the development-fold summaries from the later-period fits and combined-sample clustering results. Mean gust is approximately 9.65 m/s in the earlier period and 10.77 m/s in the later period; standard deviations are approximately 5.21 and 5.17 m/s. The standard-deviation difference is small, but direct comparison of standardised coefficients is still approximate, and the linear terms refer to different physical wind and pressure reference conditions. Appendix H reports the available scaling values. The two combined-sample rows for each outcome have identical point estimates; only the covariance estimator differs.",,requires_semantic_interpretation,sample-specific scale tuple; current values in AppendixH_period_scales.csv; not a shared scale,D:\Pyprogramme\STST2603\claude_branch\paper_revision_work_v2\R04\tables\AppendixH_period_scales.csv,MR20,"CL02,CL04",not_modified
D-P112,,5.17,"Figure 10 distinguishes the development-fold summaries from the later-period fits and combined-sample clustering results. Mean gust is approximately 9.65 m/s in the earlier period and 10.77 m/s in the later period; standard deviations are approximately 5.21 and 5.17 m/s. The standard-deviation difference is small, but direct comparison of standardised coefficients is still approximate, and the linear terms refer to different physical wind and pressure reference conditions. Appendix H reports the available scaling values. The two combined-sample rows for each outcome have identical point estimates; only the covariance estimator differs.",,requires_semantic_interpretation,sample-specific scale tuple; current values in AppendixH_period_scales.csv; not a shared scale,D:\Pyprogramme\STST2603\claude_branch\paper_revision_work_v2\R04\tables\AppendixH_period_scales.csv,MR20,"CL02,CL04",not_modified
D-P114,,10,"Figure 10. Gust quadratic-coefficient summaries and estimates. Development rows are descriptive summaries of overlapping cross-validation fits and are shown without inferential intervals. Later-period rows retain the reported model intervals; the other two rows use the final combined sample with LAD or LAD-and-date clustered standard errors. Scaling is sample-specific. These are retrospective checks, not four independent validations.",,requires_semantic_interpretation,cross_reference_or_caption; content changes recorded in coverage,,"MR14,MR20,MR25","CL01,CL02,CL03,CL04,CL05",not_modified
D-P116,,5.4,"For the final combined sample, the recovery quadratic term remains significant under two-way clustering (p=5.4×10−22, compared with 2.8×10−36 under LAD clustering). The exposure quadratic term also remains significant. The exposure linear term and both gust-pressure interactions are no longer significant under two-way clustering; the recovery linear term remains non-significant. Appendix F gives the reported non-calendar coefficients. Re-estimation on earlier versions of substantially overlapping data is not counted as independent corroboration.",,requires_semantic_interpretation,old_combined_sentence_requires_rewrite; all current numerical components in named dataset; not automatic substitution,D:\Pyprogramme\STST2603\claude_branch\paper_revision_work_v2\R04\tables\Tables3_F_complete_coefficients.csv,,,not_modified
D-P116,,10,"For the final combined sample, the recovery quadratic term remains significant under two-way clustering (p=5.4×10−22, compared with 2.8×10−36 under LAD clustering). The exposure quadratic term also remains significant. The exposure linear term and both gust-pressure interactions are no longer significant under two-way clustering; the recovery linear term remains non-significant. Appendix F gives the reported non-calendar coefficients. Re-estimation on earlier versions of substantially overlapping data is not counted as independent corroboration.",,requires_semantic_interpretation,old_combined_sentence_requires_rewrite; all current numerical components in named dataset; not automatic substitution,D:\Pyprogramme\STST2603\claude_branch\paper_revision_work_v2\R04\tables\Tables3_F_complete_coefficients.csv,,,not_modified
D-P116,,−22,"For the final combined sample, the recovery quadratic term remains significant under two-way clustering (p=5.4×10−22, compared with 2.8×10−36 under LAD clustering). The exposure quadratic term also remains significant. The exposure linear term and both gust-pressure interactions are no longer significant under two-way clustering; the recovery linear term remains non-significant. Appendix F gives the reported non-calendar coefficients. Re-estimation on earlier versions of substantially overlapping data is not counted as independent corroboration.",,requires_semantic_interpretation,old_combined_sentence_requires_rewrite; all current numerical components in named dataset; not automatic substitution,D:\Pyprogramme\STST2603\claude_branch\paper_revision_work_v2\R04\tables\Tables3_F_complete_coefficients.csv,,,not_modified
D-P116,,2.8,"For the final combined sample, the recovery quadratic term remains significant under two-way clustering (p=5.4×10−22, compared with 2.8×10−36 under LAD clustering). The exposure quadratic term also remains significant. The exposure linear term and both gust-pressure interactions are no longer significant under two-way clustering; the recovery linear term remains non-significant. Appendix F gives the reported non-calendar coefficients. Re-estimation on earlier versions of substantially overlapping data is not counted as independent corroboration.",,requires_semantic_interpretation,old_combined_sentence_requires_rewrite; all current numerical components in named dataset; not automatic substitution,D:\Pyprogramme\STST2603\claude_branch\paper_revision_work_v2\R04\tables\Tables3_F_complete_coefficients.csv,,,not_modified
D-P116,,10,"For the final combined sample, the recovery quadratic term remains significant under two-way clustering (p=5.4×10−22, compared with 2.8×10−36 under LAD clustering). The exposure quadratic term also remains significant. The exposure linear term and both gust-pressure interactions are no longer significant under two-way clustering; the recovery linear term remains non-significant. Appendix F gives the reported non-calendar coefficients. Re-estimation on earlier versions of substantially overlapping data is not counted as independent corroboration.",,requires_semantic_interpretation,old_combined_sentence_requires_rewrite; all current numerical components in named dataset; not automatic substitution,D:\Pyprogramme\STST2603\claude_branch\paper_revision_work_v2\R04\tables\Tables3_F_complete_coefficients.csv,,,not_modified
D-P116,,−36,"For the final combined sample, the recovery quadratic term remains significant under two-way clustering (p=5.4×10−22, compared with 2.8×10−36 under LAD clustering). The exposure quadratic term also remains significant. The exposure linear term and both gust-pressure interactions are no longer significant under two-way clustering; the recovery linear term remains non-significant. Appendix F gives the reported non-calendar coefficients. Re-estimation on earlier versions of substantially overlapping data is not counted as independent corroboration.",,requires_semantic_interpretation,old_combined_sentence_requires_rewrite; all current numerical components in named dataset; not automatic substitution,D:\Pyprogramme\STST2603\claude_branch\paper_revision_work_v2\R04\tables\Tables3_F_complete_coefficients.csv,,,not_modified
D-P117,,5,5. Conclusion,,requires_semantic_interpretation,cross_reference_or_caption; content changes recorded in coverage,,,,not_modified
D-P118,,10.69,"The analysis finds positive quadratic gust terms in models of log-transformed customer counts and restoration spans among recorded weather- and asset-related outages. The sign of this curvature recurs in the reported sensitivity checks, whereas fitted minima depend on the reference conditions and sample. The exposure point estimate is approximately 10.69 m/s at average pressure in the combined sample. Its physical-unit uncertainty requires a consistent resample-level treatment, and the temporal evidence is retrospective rather than independent.",10.807545499294342,m/s,current_value_computed_context_requires_revision,D:\Pyprogramme\STST2603\claude_branch\paper_revision_work_v2\R04\tables\AppendixH_pressure_minima.json,"MR18,MR19,MR26","CL01,CL02,CL03,CL04,CL05",not_modified
D-P121,,26,"The customer–duration association changes with restoration-stage controls and cause restriction (Appendix D). Prior work has also examined the relation between outage scale and recovery [26]. Differences in network conditions, incident definitions and restoration processes may contribute to different patterns across studies. Crew prioritisation is one possible explanation, but the present regressions do not identify it.",,requires_semantic_interpretation,citation_date_equation_index_or_definition; no model-derived replacement; source wording limits remain in MR,,MR21,"CL01,CL06",not_modified
D-P122,,4,"Several limitations remain. Early modelling used observations from both temporal periods, and the later period covers only one autumn–winter window. The original-code-to-category mapping and the meaning of zero-customer records require fuller documentary verification. Stage-count stratification does not identify the causal origin of the customer–duration relationship. Figure 4 and Figure 6 show uncorrected exponentiated log fits rather than conditional arithmetic means, and the available global residual retransformation factors do not establish a valid conditional-mean correction across all covariate values. These boundaries limit interpretation of both absolute predictions and generalisation.",,requires_semantic_interpretation,citation_date_equation_index_or_definition; no model-derived replacement; source wording limits remain in MR,,MR23,CL05,not_modified
D-P122,,6,"Several limitations remain. Early modelling used observations from both temporal periods, and the later period covers only one autumn–winter window. The original-code-to-category mapping and the meaning of zero-customer records require fuller documentary verification. Stage-count stratification does not identify the causal origin of the customer–duration relationship. Figure 4 and Figure 6 show uncorrected exponentiated log fits rather than conditional arithmetic means, and the available global residual retransformation factors do not establish a valid conditional-mean correction across all covariate values. These boundaries limit interpretation of both absolute predictions and generalisation.",,requires_semantic_interpretation,citation_date_equation_index_or_definition; no model-derived replacement; source wording limits remain in MR,,MR23,CL05,not_modified
D-P126,,1,[1] Institute for Government. Energy resilience [Internet]. [date unverified]. Available from: https://www.instituteforgovernment.org.uk/explainer/energy-resilience,,requires_semantic_interpretation,bibliographic_metadata_not_new_result,,,,not_modified
D-P127,,2,"[2] Ofgem. Storm Arwen report [Internet]. [title, date unverified]. Available from: https://www.ofgem.gov.uk/research/storm-arwen-report",,requires_semantic_interpretation,bibliographic_metadata_not_new_result,,,,not_modified
D-P128,,3,"[3] Guikema SD, Quiring SM, Han SR. Prestorm estimation of hurricane damage to electric power distribution systems. Risk Analysis. 2010;30(12):1744-1752.",,requires_semantic_interpretation,bibliographic_metadata_not_new_result,,,,not_modified
D-P128,,2010,"[3] Guikema SD, Quiring SM, Han SR. Prestorm estimation of hurricane damage to electric power distribution systems. Risk Analysis. 2010;30(12):1744-1752.",,requires_semantic_interpretation,bibliographic_metadata_not_new_result,,,,not_modified
D-P128,,30,"[3] Guikema SD, Quiring SM, Han SR. Prestorm estimation of hurricane damage to electric power distribution systems. Risk Analysis. 2010;30(12):1744-1752.",,requires_semantic_interpretation,bibliographic_metadata_not_new_result,,,,not_modified
D-P128,,12,"[3] Guikema SD, Quiring SM, Han SR. Prestorm estimation of hurricane damage to electric power distribution systems. Risk Analysis. 2010;30(12):1744-1752.",,requires_semantic_interpretation,bibliographic_metadata_not_new_result,,,,not_modified
D-P128,,1744,"[3] Guikema SD, Quiring SM, Han SR. Prestorm estimation of hurricane damage to electric power distribution systems. Risk Analysis. 2010;30(12):1744-1752.",,requires_semantic_interpretation,bibliographic_metadata_not_new_result,,,,not_modified
D-P128,,-1752,"[3] Guikema SD, Quiring SM, Han SR. Prestorm estimation of hurricane damage to electric power distribution systems. Risk Analysis. 2010;30(12):1744-1752.",,requires_semantic_interpretation,bibliographic_metadata_not_new_result,,,,not_modified
D-P129,,4,"[4] Liu H, Davidson RA, Apanasovich TV. Statistical forecasting of electric power restoration times in hurricanes and ice storms. IEEE Transactions on Power Systems. 2007;22(4):2270-2279.",,requires_semantic_interpretation,bibliographic_metadata_not_new_result,,,,not_modified
D-P129,,2007,"[4] Liu H, Davidson RA, Apanasovich TV. Statistical forecasting of electric power restoration times in hurricanes and ice storms. IEEE Transactions on Power Systems. 2007;22(4):2270-2279.",,requires_semantic_interpretation,bibliographic_metadata_not_new_result,,,,not_modified
D-P129,,22,"[4] Liu H, Davidson RA, Apanasovich TV. Statistical forecasting of electric power restoration times in hurricanes and ice storms. IEEE Transactions on Power Systems. 2007;22(4):2270-2279.",,requires_semantic_interpretation,bibliographic_metadata_not_new_result,,,,not_modified
D-P129,,4,"[4] Liu H, Davidson RA, Apanasovich TV. Statistical forecasting of electric power restoration times in hurricanes and ice storms. IEEE Transactions on Power Systems. 2007;22(4):2270-2279.",,requires_semantic_interpretation,bibliographic_metadata_not_new_result,,,,not_modified
D-P129,,2270,"[4] Liu H, Davidson RA, Apanasovich TV. Statistical forecasting of electric power restoration times in hurricanes and ice storms. IEEE Transactions on Power Systems. 2007;22(4):2270-2279.",,requires_semantic_interpretation,bibliographic_metadata_not_new_result,,,,not_modified
D-P129,,-2279,"[4] Liu H, Davidson RA, Apanasovich TV. Statistical forecasting of electric power restoration times in hurricanes and ice storms. IEEE Transactions on Power Systems. 2007;22(4):2270-2279.",,requires_semantic_interpretation,bibliographic_metadata_not_new_result,,,,not_modified
D-P130,,5,"[5] Nateghi R, Guikema SD, Quiring SM. Comparison and validation of statistical methods for predicting power outage durations in the event of hurricanes. Risk Analysis. 2011. [volume, pages unverified]",,requires_semantic_interpretation,bibliographic_metadata_not_new_result,,,,not_modified
D-P130,,2011,"[5] Nateghi R, Guikema SD, Quiring SM. Comparison and validation of statistical methods for predicting power outage durations in the event of hurricanes. Risk Analysis. 2011. [volume, pages unverified]",,requires_semantic_interpretation,bibliographic_metadata_not_new_result,,,,not_modified
D-P131,,6,"[6] Mukherjee S, Nateghi R, Hastak M. A multi-hazard approach to assess severe weather-induced major power outage risks in the U.S. Reliability Engineering & System Safety. 2018;175:283-305.",,requires_semantic_interpretation,bibliographic_metadata_not_new_result,,,,not_modified
D-P131,,2018,"[6] Mukherjee S, Nateghi R, Hastak M. A multi-hazard approach to assess severe weather-induced major power outage risks in the U.S. Reliability Engineering & System Safety. 2018;175:283-305.",,requires_semantic_interpretation,bibliographic_metadata_not_new_result,,,,not_modified
D-P131,,175,"[6] Mukherjee S, Nateghi R, Hastak M. A multi-hazard approach to assess severe weather-induced major power outage risks in the U.S. Reliability Engineering & System Safety. 2018;175:283-305.",,requires_semantic_interpretation,bibliographic_metadata_not_new_result,,,,not_modified
D-P131,,283,"[6] Mukherjee S, Nateghi R, Hastak M. A multi-hazard approach to assess severe weather-induced major power outage risks in the U.S. Reliability Engineering & System Safety. 2018;175:283-305.",,requires_semantic_interpretation,bibliographic_metadata_not_new_result,,,,not_modified
D-P131,,-305,"[6] Mukherjee S, Nateghi R, Hastak M. A multi-hazard approach to assess severe weather-induced major power outage risks in the U.S. Reliability Engineering & System Safety. 2018;175:283-305.",,requires_semantic_interpretation,bibliographic_metadata_not_new_result,,,,not_modified
D-P132,,7,"[7] Dikshit S, Alipour A. Characterizing probability of failure of transmission tower systems under multiple climatic hazards: wind and ice. Engineering Structures. 2025;342:120720.",,requires_semantic_interpretation,bibliographic_metadata_not_new_result,,,,not_modified
D-P132,,2025,"[7] Dikshit S, Alipour A. Characterizing probability of failure of transmission tower systems under multiple climatic hazards: wind and ice. Engineering Structures. 2025;342:120720.",,requires_semantic_interpretation,bibliographic_metadata_not_new_result,,,,not_modified
D-P132,,342,"[7] Dikshit S, Alipour A. Characterizing probability of failure of transmission tower systems under multiple climatic hazards: wind and ice. Engineering Structures. 2025;342:120720.",,requires_semantic_interpretation,bibliographic_metadata_not_new_result,,,,not_modified
D-P132,,120720,"[7] Dikshit S, Alipour A. Characterizing probability of failure of transmission tower systems under multiple climatic hazards: wind and ice. Engineering Structures. 2025;342:120720.",,requires_semantic_interpretation,bibliographic_metadata_not_new_result,,,,not_modified
D-P133,,8,"[8] Zhu X, Ou G. Wind fragility modeling of transmission tower-line system based on threat-dependent structural robustness index. Structural Safety. 2025;114:102571.",,requires_semantic_interpretation,bibliographic_metadata_not_new_result,,,,not_modified
D-P133,,2025,"[8] Zhu X, Ou G. Wind fragility modeling of transmission tower-line system based on threat-dependent structural robustness index. Structural Safety. 2025;114:102571.",,requires_semantic_interpretation,bibliographic_metadata_not_new_result,,,,not_modified
D-P133,,114,"[8] Zhu X, Ou G. Wind fragility modeling of transmission tower-line system based on threat-dependent structural robustness index. Structural Safety. 2025;114:102571.",,requires_semantic_interpretation,bibliographic_metadata_not_new_result,,,,not_modified
D-P133,,102571,"[8] Zhu X, Ou G. Wind fragility modeling of transmission tower-line system based on threat-dependent structural robustness index. Structural Safety. 2025;114:102571.",,requires_semantic_interpretation,bibliographic_metadata_not_new_result,,,,not_modified
D-P134,,9,"[9] Ma L, Khazaali M, Bocchini P. Component-based fragility analysis of transmission towers subjected to hurricane wind load. Engineering Structures. 2021;242:112586.",,requires_semantic_interpretation,bibliographic_metadata_not_new_result,,,,not_modified
D-P134,,2021,"[9] Ma L, Khazaali M, Bocchini P. Component-based fragility analysis of transmission towers subjected to hurricane wind load. Engineering Structures. 2021;242:112586.",,requires_semantic_interpretation,bibliographic_metadata_not_new_result,,,,not_modified
D-P134,,242,"[9] Ma L, Khazaali M, Bocchini P. Component-based fragility analysis of transmission towers subjected to hurricane wind load. Engineering Structures. 2021;242:112586.",,requires_semantic_interpretation,bibliographic_metadata_not_new_result,,,,not_modified
D-P134,,112586,"[9] Ma L, Khazaali M, Bocchini P. Component-based fragility analysis of transmission towers subjected to hurricane wind load. Engineering Structures. 2021;242:112586.",,requires_semantic_interpretation,bibliographic_metadata_not_new_result,,,,not_modified
D-P135,,10,"[10] Kabre WW, Weimar MR. Fragility functions resource report: documented sources for electricity and water resilience valuation. PNNL-33587. Richland (WA): Pacific Northwest National Laboratory; 2022.",,requires_semantic_interpretation,bibliographic_metadata_not_new_result,,,,not_modified
D-P135,,33587,"[10] Kabre WW, Weimar MR. Fragility functions resource report: documented sources for electricity and water resilience valuation. PNNL-33587. Richland (WA): Pacific Northwest National Laboratory; 2022.",,requires_semantic_interpretation,bibliographic_metadata_not_new_result,,,,not_modified
D-P135,,2022,"[10] Kabre WW, Weimar MR. Fragility functions resource report: documented sources for electricity and water resilience valuation. PNNL-33587. Richland (WA): Pacific Northwest National Laboratory; 2022.",,requires_semantic_interpretation,bibliographic_metadata_not_new_result,,,,not_modified
D-P136,,11,[11] Office of Gas and Electricity Markets. RIIO-ED1 regulatory instructions and guidance: Annex F. London: Ofgem. [date unverified].,,requires_semantic_interpretation,bibliographic_metadata_not_new_result,,MR27,"CL01,CL05",not_modified
D-P137,,12,[12] Office of Gas and Electricity Markets. RIIO-ED2 regulatory instructions and guidance: Annex F – interruptions. London: Ofgem; 2023.,,requires_semantic_interpretation,bibliographic_metadata_not_new_result,,,,not_modified
D-P137,,2023,[12] Office of Gas and Electricity Markets. RIIO-ED2 regulatory instructions and guidance: Annex F – interruptions. London: Ofgem; 2023.,,requires_semantic_interpretation,bibliographic_metadata_not_new_result,,,,not_modified
D-P138,,13,[13] Open-Meteo. Historical weather API [Internet]. [date unverified]. Available from: [URL unverified],,requires_semantic_interpretation,bibliographic_metadata_not_new_result,,"MR05,MR27","CL01,CL02,CL05",not_modified
D-P139,,14,"[14] Hersbach H, Bell B, Berrisford P, Hirahara S, Horanyi A, Munoz-Sabater J, et al. The ERA5 global reanalysis. Quarterly Journal of the Royal Meteorological Society. 2020;146:1999-2049.",,requires_semantic_interpretation,bibliographic_metadata_not_new_result,,,,not_modified
D-P139,,2020,"[14] Hersbach H, Bell B, Berrisford P, Hirahara S, Horanyi A, Munoz-Sabater J, et al. The ERA5 global reanalysis. Quarterly Journal of the Royal Meteorological Society. 2020;146:1999-2049.",,requires_semantic_interpretation,bibliographic_metadata_not_new_result,,,,not_modified
D-P139,,146,"[14] Hersbach H, Bell B, Berrisford P, Hirahara S, Horanyi A, Munoz-Sabater J, et al. The ERA5 global reanalysis. Quarterly Journal of the Royal Meteorological Society. 2020;146:1999-2049.",,requires_semantic_interpretation,bibliographic_metadata_not_new_result,,,,not_modified
D-P139,,1999,"[14] Hersbach H, Bell B, Berrisford P, Hirahara S, Horanyi A, Munoz-Sabater J, et al. The ERA5 global reanalysis. Quarterly Journal of the Royal Meteorological Society. 2020;146:1999-2049.",,requires_semantic_interpretation,bibliographic_metadata_not_new_result,,,,not_modified
D-P139,,-2049,"[14] Hersbach H, Bell B, Berrisford P, Hirahara S, Horanyi A, Munoz-Sabater J, et al. The ERA5 global reanalysis. Quarterly Journal of the Royal Meteorological Society. 2020;146:1999-2049.",,requires_semantic_interpretation,bibliographic_metadata_not_new_result,,,,not_modified
D-P140,,15,[15] American Society of Civil Engineers. Minimum design loads and associated criteria for buildings and other structures. ASCE/SEI 7. [edition unverified].,,requires_semantic_interpretation,bibliographic_metadata_not_new_result,,,,not_modified
D-P140,,7,[15] American Society of Civil Engineers. Minimum design loads and associated criteria for buildings and other structures. ASCE/SEI 7. [edition unverified].,,requires_semantic_interpretation,bibliographic_metadata_not_new_result,,,,not_modified
D-P141,,16,[16] [authors unverified]. The risk of cascading failures in electrical grids triggered by extreme weather events. arXiv:2107.00829. [publication status unverified].,,requires_semantic_interpretation,bibliographic_metadata_not_new_result,,,,not_modified
D-P141,,2107.00829,[16] [authors unverified]. The risk of cascading failures in electrical grids triggered by extreme weather events. arXiv:2107.00829. [publication status unverified].,,requires_semantic_interpretation,bibliographic_metadata_not_new_result,,,,not_modified
D-P142,,17,[17] Office for National Statistics. Explore local statistics [Internet]. 2025. Available from: [URL unverified],,requires_semantic_interpretation,bibliographic_metadata_not_new_result,,MR27,"CL01,CL05",not_modified
D-P142,,2025,[17] Office for National Statistics. Explore local statistics [Internet]. 2025. Available from: [URL unverified],,requires_semantic_interpretation,bibliographic_metadata_not_new_result,,MR27,"CL01,CL05",not_modified
D-P143,,18,[18] Office for National Statistics. Mapping income deprivation at a local authority level [Internet]. 2021. Available from: [URL unverified],,requires_semantic_interpretation,bibliographic_metadata_not_new_result,,,,not_modified
D-P143,,2021,[18] Office for National Statistics. Mapping income deprivation at a local authority level [Internet]. 2021. Available from: [URL unverified],,requires_semantic_interpretation,bibliographic_metadata_not_new_result,,,,not_modified
D-P144,,19,[19] Moran PAP. Notes on continuous stochastic phenomena. Biometrika. 1950;37(1-2):17-23.,,requires_semantic_interpretation,bibliographic_metadata_not_new_result,,,,not_modified
D-P144,,1950,[19] Moran PAP. Notes on continuous stochastic phenomena. Biometrika. 1950;37(1-2):17-23.,,requires_semantic_interpretation,bibliographic_metadata_not_new_result,,,,not_modified
D-P144,,37,[19] Moran PAP. Notes on continuous stochastic phenomena. Biometrika. 1950;37(1-2):17-23.,,requires_semantic_interpretation,bibliographic_metadata_not_new_result,,,,not_modified
D-P144,,1,[19] Moran PAP. Notes on continuous stochastic phenomena. Biometrika. 1950;37(1-2):17-23.,,requires_semantic_interpretation,bibliographic_metadata_not_new_result,,,,not_modified
D-P144,,-2,[19] Moran PAP. Notes on continuous stochastic phenomena. Biometrika. 1950;37(1-2):17-23.,,requires_semantic_interpretation,bibliographic_metadata_not_new_result,,,,not_modified
D-P144,,17,[19] Moran PAP. Notes on continuous stochastic phenomena. Biometrika. 1950;37(1-2):17-23.,,requires_semantic_interpretation,bibliographic_metadata_not_new_result,,,,not_modified
D-P144,,-23,[19] Moran PAP. Notes on continuous stochastic phenomena. Biometrika. 1950;37(1-2):17-23.,,requires_semantic_interpretation,bibliographic_metadata_not_new_result,,,,not_modified
D-P145,,20,[20] Office for National Statistics. Local Authority Districts (December 2021) boundaries UK BGC [Internet]. Available from: https://open-geography-portalx-ons.hub.arcgis.com/datasets/ons::local-authority-districts-december-2021-boundaries-uk-bgc,,requires_semantic_interpretation,bibliographic_metadata_not_new_result,,,,not_modified
D-P145,,2021,[20] Office for National Statistics. Local Authority Districts (December 2021) boundaries UK BGC [Internet]. Available from: https://open-geography-portalx-ons.hub.arcgis.com/datasets/ons::local-authority-districts-december-2021-boundaries-uk-bgc,,requires_semantic_interpretation,bibliographic_metadata_not_new_result,,,,not_modified
D-P145,,2021,[20] Office for National Statistics. Local Authority Districts (December 2021) boundaries UK BGC [Internet]. Available from: https://open-geography-portalx-ons.hub.arcgis.com/datasets/ons::local-authority-districts-december-2021-boundaries-uk-bgc,,requires_semantic_interpretation,bibliographic_metadata_not_new_result,,,,not_modified
D-P146,,21,[21] O’Brien RM. A caution regarding rules of thumb for variance inflation factors. Quality & Quantity. 2007;41(5):673-690.,,requires_semantic_interpretation,bibliographic_metadata_not_new_result,,,,not_modified
D-P146,,2007,[21] O’Brien RM. A caution regarding rules of thumb for variance inflation factors. Quality & Quantity. 2007;41(5):673-690.,,requires_semantic_interpretation,bibliographic_metadata_not_new_result,,,,not_modified
D-P146,,41,[21] O’Brien RM. A caution regarding rules of thumb for variance inflation factors. Quality & Quantity. 2007;41(5):673-690.,,requires_semantic_interpretation,bibliographic_metadata_not_new_result,,,,not_modified
D-P146,,5,[21] O’Brien RM. A caution regarding rules of thumb for variance inflation factors. Quality & Quantity. 2007;41(5):673-690.,,requires_semantic_interpretation,bibliographic_metadata_not_new_result,,,,not_modified
D-P146,,673,[21] O’Brien RM. A caution regarding rules of thumb for variance inflation factors. Quality & Quantity. 2007;41(5):673-690.,,requires_semantic_interpretation,bibliographic_metadata_not_new_result,,,,not_modified
D-P146,,-690,[21] O’Brien RM. A caution regarding rules of thumb for variance inflation factors. Quality & Quantity. 2007;41(5):673-690.,,requires_semantic_interpretation,bibliographic_metadata_not_new_result,,,,not_modified
D-P147,,22,"[22] McCullagh P, Nelder JA. Generalized linear models. 2nd ed. London: Chapman and Hall; 1989.",,requires_semantic_interpretation,bibliographic_metadata_not_new_result,,,,not_modified
D-P147,,2,"[22] McCullagh P, Nelder JA. Generalized linear models. 2nd ed. London: Chapman and Hall; 1989.",,requires_semantic_interpretation,bibliographic_metadata_not_new_result,,,,not_modified
D-P147,,1989,"[22] McCullagh P, Nelder JA. Generalized linear models. 2nd ed. London: Chapman and Hall; 1989.",,requires_semantic_interpretation,bibliographic_metadata_not_new_result,,,,not_modified
D-P148,,23,[23] Cox DR. A note on data-splitting for the evaluation of significance levels. Biometrika. 1975;62(2):441-444.,,requires_semantic_interpretation,bibliographic_metadata_not_new_result,,,,not_modified
D-P148,,1975,[23] Cox DR. A note on data-splitting for the evaluation of significance levels. Biometrika. 1975;62(2):441-444.,,requires_semantic_interpretation,bibliographic_metadata_not_new_result,,,,not_modified
D-P148,,62,[23] Cox DR. A note on data-splitting for the evaluation of significance levels. Biometrika. 1975;62(2):441-444.,,requires_semantic_interpretation,bibliographic_metadata_not_new_result,,,,not_modified
D-P148,,2,[23] Cox DR. A note on data-splitting for the evaluation of significance levels. Biometrika. 1975;62(2):441-444.,,requires_semantic_interpretation,bibliographic_metadata_not_new_result,,,,not_modified
D-P148,,441,[23] Cox DR. A note on data-splitting for the evaluation of significance levels. Biometrika. 1975;62(2):441-444.,,requires_semantic_interpretation,bibliographic_metadata_not_new_result,,,,not_modified
D-P148,,-444,[23] Cox DR. A note on data-splitting for the evaluation of significance levels. Biometrika. 1975;62(2):441-444.,,requires_semantic_interpretation,bibliographic_metadata_not_new_result,,,,not_modified
D-P149,,24,"[24] Cameron AC, Miller DL. A practitioner’s guide to cluster-robust inference. Journal of Human Resources. 2015;50(2):317-372.",,requires_semantic_interpretation,bibliographic_metadata_not_new_result,,,,not_modified
D-P149,,2015,"[24] Cameron AC, Miller DL. A practitioner’s guide to cluster-robust inference. Journal of Human Resources. 2015;50(2):317-372.",,requires_semantic_interpretation,bibliographic_metadata_not_new_result,,,,not_modified
D-P149,,50,"[24] Cameron AC, Miller DL. A practitioner’s guide to cluster-robust inference. Journal of Human Resources. 2015;50(2):317-372.",,requires_semantic_interpretation,bibliographic_metadata_not_new_result,,,,not_modified
D-P149,,2,"[24] Cameron AC, Miller DL. A practitioner’s guide to cluster-robust inference. Journal of Human Resources. 2015;50(2):317-372.",,requires_semantic_interpretation,bibliographic_metadata_not_new_result,,,,not_modified
D-P149,,317,"[24] Cameron AC, Miller DL. A practitioner’s guide to cluster-robust inference. Journal of Human Resources. 2015;50(2):317-372.",,requires_semantic_interpretation,bibliographic_metadata_not_new_result,,,,not_modified
D-P149,,-372,"[24] Cameron AC, Miller DL. A practitioner’s guide to cluster-robust inference. Journal of Human Resources. 2015;50(2):317-372.",,requires_semantic_interpretation,bibliographic_metadata_not_new_result,,,,not_modified
D-P150,,25,[25] Oehlert GW. A note on the delta method. The American Statistician. 1992;46(1):27-29.,,requires_semantic_interpretation,bibliographic_metadata_not_new_result,,,,not_modified
D-P150,,1992,[25] Oehlert GW. A note on the delta method. The American Statistician. 1992;46(1):27-29.,,requires_semantic_interpretation,bibliographic_metadata_not_new_result,,,,not_modified
D-P150,,46,[25] Oehlert GW. A note on the delta method. The American Statistician. 1992;46(1):27-29.,,requires_semantic_interpretation,bibliographic_metadata_not_new_result,,,,not_modified
D-P150,,1,[25] Oehlert GW. A note on the delta method. The American Statistician. 1992;46(1):27-29.,,requires_semantic_interpretation,bibliographic_metadata_not_new_result,,,,not_modified
D-P150,,27,[25] Oehlert GW. A note on the delta method. The American Statistician. 1992;46(1):27-29.,,requires_semantic_interpretation,bibliographic_metadata_not_new_result,,,,not_modified
D-P150,,-29,[25] Oehlert GW. A note on the delta method. The American Statistician. 1992;46(1):27-29.,,requires_semantic_interpretation,bibliographic_metadata_not_new_result,,,,not_modified
D-P151,,26,"[26] Wu H, Meng X, Danziger MM, Cornelius SP, Tian H, Barabási AL. Fragmentation of outage clusters during the recovery of power distribution grids. Nature Communications. 2022;13:7372.",,requires_semantic_interpretation,bibliographic_metadata_not_new_result,,,,not_modified
D-P151,,2022,"[26] Wu H, Meng X, Danziger MM, Cornelius SP, Tian H, Barabási AL. Fragmentation of outage clusters during the recovery of power distribution grids. Nature Communications. 2022;13:7372.",,requires_semantic_interpretation,bibliographic_metadata_not_new_result,,,,not_modified
D-P151,,13,"[26] Wu H, Meng X, Danziger MM, Cornelius SP, Tian H, Barabási AL. Fragmentation of outage clusters during the recovery of power distribution grids. Nature Communications. 2022;13:7372.",,requires_semantic_interpretation,bibliographic_metadata_not_new_result,,,,not_modified
D-P151,,7372,"[26] Wu H, Meng X, Danziger MM, Cornelius SP, Tian H, Barabási AL. Fragmentation of outage clusters during the recovery of power distribution grids. Nature Communications. 2022;13:7372.",,requires_semantic_interpretation,bibliographic_metadata_not_new_result,,,,not_modified
A-P002,,1,A.1 Outcome variables,,requires_semantic_interpretation,definition_date_or_cross_reference; preserve meaning; not empirical estimate,,,,not_modified
A-P003,,1,"Affected customers (Ci) and restoration span (Di) follow Equations 1 and 2. Customer counts sum eligible non-re-interruption stages; the span uses start and end timestamps from all stages, including re-interruptions. The span is not customer minutes lost or customer-weighted average interruption duration. Boundary cases assigned missing customer counts are excluded as described in Appendix B.4. The recovery model uses standardised ln1+Ci and its square as predictors, rather than raw customer counts and their square.",,requires_semantic_interpretation,citation_date_equation_index_or_definition; no model-derived replacement; source wording limits remain in MR,,"MR04,MR22","CL01,CL03,CL05",not_modified
A-P003,,2,"Affected customers (Ci) and restoration span (Di) follow Equations 1 and 2. Customer counts sum eligible non-re-interruption stages; the span uses start and end timestamps from all stages, including re-interruptions. The span is not customer minutes lost or customer-weighted average interruption duration. Boundary cases assigned missing customer counts are excluded as described in Appendix B.4. The recovery model uses standardised ln1+Ci and its square as predictors, rather than raw customer counts and their square.",,requires_semantic_interpretation,citation_date_equation_index_or_definition; no model-derived replacement; source wording limits remain in MR,,"MR04,MR22","CL01,CL03,CL05",not_modified
A-P003,,4,"Affected customers (Ci) and restoration span (Di) follow Equations 1 and 2. Customer counts sum eligible non-re-interruption stages; the span uses start and end timestamps from all stages, including re-interruptions. The span is not customer minutes lost or customer-weighted average interruption duration. Boundary cases assigned missing customer counts are excluded as described in Appendix B.4. The recovery model uses standardised ln1+Ci and its square as predictors, rather than raw customer counts and their square.",,requires_semantic_interpretation,citation_date_equation_index_or_definition; no model-derived replacement; source wording limits remain in MR,,"MR04,MR22","CL01,CL03,CL05",not_modified
A-P004,,2,A.2 Cause Code categories,,requires_semantic_interpretation,definition_date_or_cross_reference; preserve meaning; not empirical estimate,,,,not_modified
A-T01,row2col2,01,"01, 02, 03, 04, 05, 06, 07, 10, 18, 21, 23, 24, 25, 30, 32, 33",,requires_semantic_interpretation,definition_or_code_identifier_not_new_estimate; see R01/R03 frozen contracts,,MR09,"CL01,CL03",not_modified
A-T01,row2col2,02,"01, 02, 03, 04, 05, 06, 07, 10, 18, 21, 23, 24, 25, 30, 32, 33",,requires_semantic_interpretation,definition_or_code_identifier_not_new_estimate; see R01/R03 frozen contracts,,MR09,"CL01,CL03",not_modified
A-T01,row2col2,03,"01, 02, 03, 04, 05, 06, 07, 10, 18, 21, 23, 24, 25, 30, 32, 33",,requires_semantic_interpretation,definition_or_code_identifier_not_new_estimate; see R01/R03 frozen contracts,,MR09,"CL01,CL03",not_modified
A-T01,row2col2,04,"01, 02, 03, 04, 05, 06, 07, 10, 18, 21, 23, 24, 25, 30, 32, 33",,requires_semantic_interpretation,definition_or_code_identifier_not_new_estimate; see R01/R03 frozen contracts,,MR09,"CL01,CL03",not_modified
A-T01,row2col2,05,"01, 02, 03, 04, 05, 06, 07, 10, 18, 21, 23, 24, 25, 30, 32, 33",,requires_semantic_interpretation,definition_or_code_identifier_not_new_estimate; see R01/R03 frozen contracts,,MR09,"CL01,CL03",not_modified
A-T01,row2col2,06,"01, 02, 03, 04, 05, 06, 07, 10, 18, 21, 23, 24, 25, 30, 32, 33",,requires_semantic_interpretation,definition_or_code_identifier_not_new_estimate; see R01/R03 frozen contracts,,MR09,"CL01,CL03",not_modified
A-T01,row2col2,07,"01, 02, 03, 04, 05, 06, 07, 10, 18, 21, 23, 24, 25, 30, 32, 33",,requires_semantic_interpretation,definition_or_code_identifier_not_new_estimate; see R01/R03 frozen contracts,,MR09,"CL01,CL03",not_modified
A-T01,row2col2,10,"01, 02, 03, 04, 05, 06, 07, 10, 18, 21, 23, 24, 25, 30, 32, 33",,requires_semantic_interpretation,definition_or_code_identifier_not_new_estimate; see R01/R03 frozen contracts,,MR09,"CL01,CL03",not_modified
A-T01,row2col2,18,"01, 02, 03, 04, 05, 06, 07, 10, 18, 21, 23, 24, 25, 30, 32, 33",,requires_semantic_interpretation,definition_or_code_identifier_not_new_estimate; see R01/R03 frozen contracts,,MR09,"CL01,CL03",not_modified
A-T01,row2col2,21,"01, 02, 03, 04, 05, 06, 07, 10, 18, 21, 23, 24, 25, 30, 32, 33",,requires_semantic_interpretation,definition_or_code_identifier_not_new_estimate; see R01/R03 frozen contracts,,MR09,"CL01,CL03",not_modified
A-T01,row2col2,23,"01, 02, 03, 04, 05, 06, 07, 10, 18, 21, 23, 24, 25, 30, 32, 33",,requires_semantic_interpretation,definition_or_code_identifier_not_new_estimate; see R01/R03 frozen contracts,,MR09,"CL01,CL03",not_modified
A-T01,row2col2,24,"01, 02, 03, 04, 05, 06, 07, 10, 18, 21, 23, 24, 25, 30, 32, 33",,requires_semantic_interpretation,definition_or_code_identifier_not_new_estimate; see R01/R03 frozen contracts,,MR09,"CL01,CL03",not_modified
A-T01,row2col2,25,"01, 02, 03, 04, 05, 06, 07, 10, 18, 21, 23, 24, 25, 30, 32, 33",,requires_semantic_interpretation,definition_or_code_identifier_not_new_estimate; see R01/R03 frozen contracts,,MR09,"CL01,CL03",not_modified
A-T01,row2col2,30,"01, 02, 03, 04, 05, 06, 07, 10, 18, 21, 23, 24, 25, 30, 32, 33",,requires_semantic_interpretation,definition_or_code_identifier_not_new_estimate; see R01/R03 frozen contracts,,MR09,"CL01,CL03",not_modified
A-T01,row2col2,32,"01, 02, 03, 04, 05, 06, 07, 10, 18, 21, 23, 24, 25, 30, 32, 33",,requires_semantic_interpretation,definition_or_code_identifier_not_new_estimate; see R01/R03 frozen contracts,,MR09,"CL01,CL03",not_modified
A-T01,row2col2,33,"01, 02, 03, 04, 05, 06, 07, 10, 18, 21, 23, 24, 25, 30, 32, 33",,requires_semantic_interpretation,definition_or_code_identifier_not_new_estimate; see R01/R03 frozen contracts,,MR09,"CL01,CL03",not_modified
A-T01,row3col2,14,"14, 15, 16, 17, 19, 22, 26, 64, 67, 70, 71, 72, 73, 76, 77, 78, 90, A1, A2",,requires_semantic_interpretation,definition_or_code_identifier_not_new_estimate; see R01/R03 frozen contracts,,MR09,"CL01,CL03",not_modified
A-T01,row3col2,15,"14, 15, 16, 17, 19, 22, 26, 64, 67, 70, 71, 72, 73, 76, 77, 78, 90, A1, A2",,requires_semantic_interpretation,definition_or_code_identifier_not_new_estimate; see R01/R03 frozen contracts,,MR09,"CL01,CL03",not_modified
A-T01,row3col2,16,"14, 15, 16, 17, 19, 22, 26, 64, 67, 70, 71, 72, 73, 76, 77, 78, 90, A1, A2",,requires_semantic_interpretation,definition_or_code_identifier_not_new_estimate; see R01/R03 frozen contracts,,MR09,"CL01,CL03",not_modified
A-T01,row3col2,17,"14, 15, 16, 17, 19, 22, 26, 64, 67, 70, 71, 72, 73, 76, 77, 78, 90, A1, A2",,requires_semantic_interpretation,definition_or_code_identifier_not_new_estimate; see R01/R03 frozen contracts,,MR09,"CL01,CL03",not_modified
A-T01,row3col2,19,"14, 15, 16, 17, 19, 22, 26, 64, 67, 70, 71, 72, 73, 76, 77, 78, 90, A1, A2",,requires_semantic_interpretation,definition_or_code_identifier_not_new_estimate; see R01/R03 frozen contracts,,MR09,"CL01,CL03",not_modified
A-T01,row3col2,22,"14, 15, 16, 17, 19, 22, 26, 64, 67, 70, 71, 72, 73, 76, 77, 78, 90, A1, A2",,requires_semantic_interpretation,definition_or_code_identifier_not_new_estimate; see R01/R03 frozen contracts,,MR09,"CL01,CL03",not_modified
A-T01,row3col2,26,"14, 15, 16, 17, 19, 22, 26, 64, 67, 70, 71, 72, 73, 76, 77, 78, 90, A1, A2",,requires_semantic_interpretation,definition_or_code_identifier_not_new_estimate; see R01/R03 frozen contracts,,MR09,"CL01,CL03",not_modified
A-T01,row3col2,64,"14, 15, 16, 17, 19, 22, 26, 64, 67, 70, 71, 72, 73, 76, 77, 78, 90, A1, A2",,requires_semantic_interpretation,definition_or_code_identifier_not_new_estimate; see R01/R03 frozen contracts,,MR09,"CL01,CL03",not_modified
A-T01,row3col2,67,"14, 15, 16, 17, 19, 22, 26, 64, 67, 70, 71, 72, 73, 76, 77, 78, 90, A1, A2",,requires_semantic_interpretation,definition_or_code_identifier_not_new_estimate; see R01/R03 frozen contracts,,MR09,"CL01,CL03",not_modified
A-T01,row3col2,70,"14, 15, 16, 17, 19, 22, 26, 64, 67, 70, 71, 72, 73, 76, 77, 78, 90, A1, A2",,requires_semantic_interpretation,definition_or_code_identifier_not_new_estimate; see R01/R03 frozen contracts,,MR09,"CL01,CL03",not_modified
A-T01,row3col2,71,"14, 15, 16, 17, 19, 22, 26, 64, 67, 70, 71, 72, 73, 76, 77, 78, 90, A1, A2",,requires_semantic_interpretation,definition_or_code_identifier_not_new_estimate; see R01/R03 frozen contracts,,MR09,"CL01,CL03",not_modified
A-T01,row3col2,72,"14, 15, 16, 17, 19, 22, 26, 64, 67, 70, 71, 72, 73, 76, 77, 78, 90, A1, A2",,requires_semantic_interpretation,definition_or_code_identifier_not_new_estimate; see R01/R03 frozen contracts,,MR09,"CL01,CL03",not_modified
A-T01,row3col2,73,"14, 15, 16, 17, 19, 22, 26, 64, 67, 70, 71, 72, 73, 76, 77, 78, 90, A1, A2",,requires_semantic_interpretation,definition_or_code_identifier_not_new_estimate; see R01/R03 frozen contracts,,MR09,"CL01,CL03",not_modified
A-T01,row3col2,76,"14, 15, 16, 17, 19, 22, 26, 64, 67, 70, 71, 72, 73, 76, 77, 78, 90, A1, A2",,requires_semantic_interpretation,definition_or_code_identifier_not_new_estimate; see R01/R03 frozen contracts,,MR09,"CL01,CL03",not_modified
A-T01,row3col2,77,"14, 15, 16, 17, 19, 22, 26, 64, 67, 70, 71, 72, 73, 76, 77, 78, 90, A1, A2",,requires_semantic_interpretation,definition_or_code_identifier_not_new_estimate; see R01/R03 frozen contracts,,MR09,"CL01,CL03",not_modified
A-T01,row3col2,78,"14, 15, 16, 17, 19, 22, 26, 64, 67, 70, 71, 72, 73, 76, 77, 78, 90, A1, A2",,requires_semantic_interpretation,definition_or_code_identifier_not_new_estimate; see R01/R03 frozen contracts,,MR09,"CL01,CL03",not_modified
A-T01,row3col2,90,"14, 15, 16, 17, 19, 22, 26, 64, 67, 70, 71, 72, 73, 76, 77, 78, 90, A1, A2",,requires_semantic_interpretation,definition_or_code_identifier_not_new_estimate; see R01/R03 frozen contracts,,MR09,"CL01,CL03",not_modified
A-T01,row4col2,39,"39, 40, 41, 42, 43, 44, 45, 48, 49, 50, 53, 54, 55, 56, 57, 58",,requires_semantic_interpretation,definition_or_code_identifier_not_new_estimate; see R01/R03 frozen contracts,,MR09,"CL01,CL03",not_modified
A-T01,row4col2,40,"39, 40, 41, 42, 43, 44, 45, 48, 49, 50, 53, 54, 55, 56, 57, 58",,requires_semantic_interpretation,definition_or_code_identifier_not_new_estimate; see R01/R03 frozen contracts,,MR09,"CL01,CL03",not_modified
A-T01,row4col2,41,"39, 40, 41, 42, 43, 44, 45, 48, 49, 50, 53, 54, 55, 56, 57, 58",,requires_semantic_interpretation,definition_or_code_identifier_not_new_estimate; see R01/R03 frozen contracts,,MR09,"CL01,CL03",not_modified
A-T01,row4col2,42,"39, 40, 41, 42, 43, 44, 45, 48, 49, 50, 53, 54, 55, 56, 57, 58",,requires_semantic_interpretation,definition_or_code_identifier_not_new_estimate; see R01/R03 frozen contracts,,MR09,"CL01,CL03",not_modified
A-T01,row4col2,43,"39, 40, 41, 42, 43, 44, 45, 48, 49, 50, 53, 54, 55, 56, 57, 58",,requires_semantic_interpretation,definition_or_code_identifier_not_new_estimate; see R01/R03 frozen contracts,,MR09,"CL01,CL03",not_modified
A-T01,row4col2,44,"39, 40, 41, 42, 43, 44, 45, 48, 49, 50, 53, 54, 55, 56, 57, 58",,requires_semantic_interpretation,definition_or_code_identifier_not_new_estimate; see R01/R03 frozen contracts,,MR09,"CL01,CL03",not_modified
A-T01,row4col2,45,"39, 40, 41, 42, 43, 44, 45, 48, 49, 50, 53, 54, 55, 56, 57, 58",,requires_semantic_interpretation,definition_or_code_identifier_not_new_estimate; see R01/R03 frozen contracts,,MR09,"CL01,CL03",not_modified
A-T01,row4col2,48,"39, 40, 41, 42, 43, 44, 45, 48, 49, 50, 53, 54, 55, 56, 57, 58",,requires_semantic_interpretation,definition_or_code_identifier_not_new_estimate; see R01/R03 frozen contracts,,MR09,"CL01,CL03",not_modified
A-T01,row4col2,49,"39, 40, 41, 42, 43, 44, 45, 48, 49, 50, 53, 54, 55, 56, 57, 58",,requires_semantic_interpretation,definition_or_code_identifier_not_new_estimate; see R01/R03 frozen contracts,,MR09,"CL01,CL03",not_modified
A-T01,row4col2,50,"39, 40, 41, 42, 43, 44, 45, 48, 49, 50, 53, 54, 55, 56, 57, 58",,requires_semantic_interpretation,definition_or_code_identifier_not_new_estimate; see R01/R03 frozen contracts,,MR09,"CL01,CL03",not_modified
A-T01,row4col2,53,"39, 40, 41, 42, 43, 44, 45, 48, 49, 50, 53, 54, 55, 56, 57, 58",,requires_semantic_interpretation,definition_or_code_identifier_not_new_estimate; see R01/R03 frozen contracts,,MR09,"CL01,CL03",not_modified
A-T01,row4col2,54,"39, 40, 41, 42, 43, 44, 45, 48, 49, 50, 53, 54, 55, 56, 57, 58",,requires_semantic_interpretation,definition_or_code_identifier_not_new_estimate; see R01/R03 frozen contracts,,MR09,"CL01,CL03",not_modified
A-T01,row4col2,55,"39, 40, 41, 42, 43, 44, 45, 48, 49, 50, 53, 54, 55, 56, 57, 58",,requires_semantic_interpretation,definition_or_code_identifier_not_new_estimate; see R01/R03 frozen contracts,,MR09,"CL01,CL03",not_modified
A-T01,row4col2,56,"39, 40, 41, 42, 43, 44, 45, 48, 49, 50, 53, 54, 55, 56, 57, 58",,requires_semantic_interpretation,definition_or_code_identifier_not_new_estimate; see R01/R03 frozen contracts,,MR09,"CL01,CL03",not_modified
A-T01,row4col2,57,"39, 40, 41, 42, 43, 44, 45, 48, 49, 50, 53, 54, 55, 56, 57, 58",,requires_semantic_interpretation,definition_or_code_identifier_not_new_estimate; see R01/R03 frozen contracts,,MR09,"CL01,CL03",not_modified
A-T01,row4col2,58,"39, 40, 41, 42, 43, 44, 45, 48, 49, 50, 53, 54, 55, 56, 57, 58",,requires_semantic_interpretation,definition_or_code_identifier_not_new_estimate; see R01/R03 frozen contracts,,MR09,"CL01,CL03",not_modified
A-T01,row5col2,60,"60, 61, 62, 63, 65, 66, 68, 69, 81, 82, 83, 84",,requires_semantic_interpretation,definition_or_code_identifier_not_new_estimate; see R01/R03 frozen contracts,,MR09,"CL01,CL03",not_modified
A-T01,row5col2,61,"60, 61, 62, 63, 65, 66, 68, 69, 81, 82, 83, 84",,requires_semantic_interpretation,definition_or_code_identifier_not_new_estimate; see R01/R03 frozen contracts,,MR09,"CL01,CL03",not_modified
A-T01,row5col2,62,"60, 61, 62, 63, 65, 66, 68, 69, 81, 82, 83, 84",,requires_semantic_interpretation,definition_or_code_identifier_not_new_estimate; see R01/R03 frozen contracts,,MR09,"CL01,CL03",not_modified
A-T01,row5col2,63,"60, 61, 62, 63, 65, 66, 68, 69, 81, 82, 83, 84",,requires_semantic_interpretation,definition_or_code_identifier_not_new_estimate; see R01/R03 frozen contracts,,MR09,"CL01,CL03",not_modified
A-T01,row5col2,65,"60, 61, 62, 63, 65, 66, 68, 69, 81, 82, 83, 84",,requires_semantic_interpretation,definition_or_code_identifier_not_new_estimate; see R01/R03 frozen contracts,,MR09,"CL01,CL03",not_modified
A-T01,row5col2,66,"60, 61, 62, 63, 65, 66, 68, 69, 81, 82, 83, 84",,requires_semantic_interpretation,definition_or_code_identifier_not_new_estimate; see R01/R03 frozen contracts,,MR09,"CL01,CL03",not_modified
A-T01,row5col2,68,"60, 61, 62, 63, 65, 66, 68, 69, 81, 82, 83, 84",,requires_semantic_interpretation,definition_or_code_identifier_not_new_estimate; see R01/R03 frozen contracts,,MR09,"CL01,CL03",not_modified
A-T01,row5col2,69,"60, 61, 62, 63, 65, 66, 68, 69, 81, 82, 83, 84",,requires_semantic_interpretation,definition_or_code_identifier_not_new_estimate; see R01/R03 frozen contracts,,MR09,"CL01,CL03",not_modified
A-T01,row5col2,81,"60, 61, 62, 63, 65, 66, 68, 69, 81, 82, 83, 84",,requires_semantic_interpretation,definition_or_code_identifier_not_new_estimate; see R01/R03 frozen contracts,,MR09,"CL01,CL03",not_modified
A-T01,row5col2,82,"60, 61, 62, 63, 65, 66, 68, 69, 81, 82, 83, 84",,requires_semantic_interpretation,definition_or_code_identifier_not_new_estimate; see R01/R03 frozen contracts,,MR09,"CL01,CL03",not_modified
A-T01,row5col2,83,"60, 61, 62, 63, 65, 66, 68, 69, 81, 82, 83, 84",,requires_semantic_interpretation,definition_or_code_identifier_not_new_estimate; see R01/R03 frozen contracts,,MR09,"CL01,CL03",not_modified
A-T01,row5col2,84,"60, 61, 62, 63, 65, 66, 68, 69, 81, 82, 83, 84",,requires_semantic_interpretation,definition_or_code_identifier_not_new_estimate; see R01/R03 frozen contracts,,MR09,"CL01,CL03",not_modified
A-T01,row6col2,74,"74, 80, 85, 86, 87, 88, 89",,requires_semantic_interpretation,definition_or_code_identifier_not_new_estimate; see R01/R03 frozen contracts,,MR09,"CL01,CL03",not_modified
A-T01,row6col2,80,"74, 80, 85, 86, 87, 88, 89",,requires_semantic_interpretation,definition_or_code_identifier_not_new_estimate; see R01/R03 frozen contracts,,MR09,"CL01,CL03",not_modified
A-T01,row6col2,85,"74, 80, 85, 86, 87, 88, 89",,requires_semantic_interpretation,definition_or_code_identifier_not_new_estimate; see R01/R03 frozen contracts,,MR09,"CL01,CL03",not_modified
A-T01,row6col2,86,"74, 80, 85, 86, 87, 88, 89",,requires_semantic_interpretation,definition_or_code_identifier_not_new_estimate; see R01/R03 frozen contracts,,MR09,"CL01,CL03",not_modified
A-T01,row6col2,87,"74, 80, 85, 86, 87, 88, 89",,requires_semantic_interpretation,definition_or_code_identifier_not_new_estimate; see R01/R03 frozen contracts,,MR09,"CL01,CL03",not_modified
A-T01,row6col2,88,"74, 80, 85, 86, 87, 88, 89",,requires_semantic_interpretation,definition_or_code_identifier_not_new_estimate; see R01/R03 frozen contracts,,MR09,"CL01,CL03",not_modified
A-T01,row6col2,89,"74, 80, 85, 86, 87, 88, 89",,requires_semantic_interpretation,definition_or_code_identifier_not_new_estimate; see R01/R03 frozen contracts,,MR09,"CL01,CL03",not_modified
A-T01,row7col2,75,"75, 97, 98, 99, D, X",,requires_semantic_interpretation,definition_or_code_identifier_not_new_estimate; see R01/R03 frozen contracts,,MR09,"CL01,CL03",not_modified
A-T01,row7col2,97,"75, 97, 98, 99, D, X",,requires_semantic_interpretation,definition_or_code_identifier_not_new_estimate; see R01/R03 frozen contracts,,MR09,"CL01,CL03",not_modified
A-T01,row7col2,98,"75, 97, 98, 99, D, X",,requires_semantic_interpretation,definition_or_code_identifier_not_new_estimate; see R01/R03 frozen contracts,,MR09,"CL01,CL03",not_modified
A-T01,row7col2,99,"75, 97, 98, 99, D, X",,requires_semantic_interpretation,definition_or_code_identifier_not_new_estimate; see R01/R03 frozen contracts,,MR09,"CL01,CL03",not_modified
A-P008,,3,A.3 Regional covariates,,requires_semantic_interpretation,definition_date_or_cross_reference; preserve meaning; not empirical estimate,,,,not_modified
A-T02,row3col2,2019,"English Indices of Deprivation 2019, income deprivation domain",,requires_semantic_interpretation,definition_or_code_identifier_not_new_estimate; see R01/R03 frozen contracts,,"MR06,MR07,MR08,MR27,MR28,MR29","CL01,CL05,CL06",not_modified
A-T02,row4col2,2019,English Indices of Deprivation 2019,,requires_semantic_interpretation,definition_or_code_identifier_not_new_estimate; see R01/R03 frozen contracts,,"MR06,MR07,MR08,MR27,MR28,MR29","CL01,CL05,CL06",not_modified
A-T02,row5col2,2019,English Indices of Deprivation 2019,,requires_semantic_interpretation,definition_or_code_identifier_not_new_estimate; see R01/R03 frozen contracts,,"MR06,MR07,MR08,MR27,MR28,MR29","CL01,CL05,CL06",not_modified
A-T02,row6col2,2019,"English Indices of Deprivation 2019, rural-urban classification",,requires_semantic_interpretation,definition_or_code_identifier_not_new_estimate; see R01/R03 frozen contracts,,"MR06,MR07,MR08,MR27,MR28,MR29","CL01,CL05,CL06",not_modified
A-T02,row6col3,1,"Binary indicator, coded 1 where the underlying text classification contains “urban”",,requires_semantic_interpretation,definition_or_code_identifier_not_new_estimate; see R01/R03 frozen contracts,,"MR06,MR07,MR08,MR27,MR28,MR29","CL01,CL05,CL06",not_modified
A-P012,,4,A.4 Geographic boundaries,,requires_semantic_interpretation,definition_date_or_cross_reference; preserve meaning; not empirical estimate,,,,not_modified
A-P013,,2021,"Local Authority District boundaries follow the December 2021 generalised boundary product published by the Office for National Statistics, in the British National Grid coordinate system (EPSG:27700). All geographic figures in this paper are projected to this coordinate system.",,requires_semantic_interpretation,citation_date_equation_index_or_definition; no model-derived replacement; source wording limits remain in MR,,"MR02,MR08,MR29","CL01,CL04,CL05,CL06",not_modified
A-P013,,27700,"Local Authority District boundaries follow the December 2021 generalised boundary product published by the Office for National Statistics, in the British National Grid coordinate system (EPSG:27700). All geographic figures in this paper are projected to this coordinate system.",,requires_semantic_interpretation,citation_date_equation_index_or_definition; no model-derived replacement; source wording limits remain in MR,,"MR02,MR08,MR29","CL01,CL04,CL05,CL06",not_modified
A-P014,,5,A.5 Open items in the data dictionary,,requires_semantic_interpretation,definition_date_or_cross_reference; preserve meaning; not empirical estimate,,,,not_modified
A-P015,,5,"Two aspects of the underlying data could not be confirmed at the level of an official data dictionary or regulatory documentation. First, the exact meaning of incidents recorded with zero affected customers has not been confirmed. Candidate explanations, such as brief voltage disturbances or automatic reclosure events that do not correspond to a sustained loss of supply, remain plausible but unverified. This limitation is also noted in Section 5. Second, a separate field recording whether an incident was linked to an officially designated exceptional event is present in the underlying data, but is populated for only a small fraction of incidents and was not examined further in this paper.",,requires_semantic_interpretation,citation_date_equation_index_or_definition; no model-derived replacement; source wording limits remain in MR,,,,not_modified
A-P017,,1,B.1 Comparison against the earliest-stage convention,,requires_semantic_interpretation,definition_date_or_cross_reference; preserve meaning; not empirical estimate,,,,not_modified
A-P018,,"60,437","Within the final analysis sample (n = 60,437), the mean of affected customers computed by aggregating across stages, following Equation 1, is 93.02. The mean computed using only the customer count reported in the earliest stage of each incident, the convention used when an incident is treated as equivalent to its first recorded stage, is 47.13. The two figures differ by a factor of 1.97 within the same sample.",60436,events,current_value_computed_context_requires_revision,D:\Pyprogramme\STST2603\claude_branch\paper_revision_work_v2\R04\tables\core_metrics.csv,MR04,CL01,not_modified
A-P018,,1,"Within the final analysis sample (n = 60,437), the mean of affected customers computed by aggregating across stages, following Equation 1, is 93.02. The mean computed using only the customer count reported in the earliest stage of each incident, the convention used when an incident is treated as equivalent to its first recorded stage, is 47.13. The two figures differ by a factor of 1.97 within the same sample.",,requires_semantic_interpretation,citation_date_equation_index_or_definition; no model-derived replacement; source wording limits remain in MR,,MR04,CL01,not_modified
A-P018,,93.02,"Within the final analysis sample (n = 60,437), the mean of affected customers computed by aggregating across stages, following Equation 1, is 93.02. The mean computed using only the customer count reported in the earliest stage of each incident, the convention used when an incident is treated as equivalent to its first recorded stage, is 47.13. The two figures differ by a factor of 1.97 within the same sample.",93.02572969753128,customers,current_value_computed_context_requires_revision,D:\Pyprogramme\STST2603\claude_branch\paper_revision_work_v2\R04\tables\customer_aggregation_comparison.json,MR04,CL01,not_modified
A-P018,,47.13,"Within the final analysis sample (n = 60,437), the mean of affected customers computed by aggregating across stages, following Equation 1, is 93.02. The mean computed using only the customer count reported in the earliest stage of each incident, the convention used when an incident is treated as equivalent to its first recorded stage, is 47.13. The two figures differ by a factor of 1.97 within the same sample.",47.12833410550003,customers,current_value_computed_context_requires_revision,D:\Pyprogramme\STST2603\claude_branch\paper_revision_work_v2\R04\tables\customer_aggregation_comparison.json,MR04,CL01,not_modified
A-P018,,1.97,"Within the final analysis sample (n = 60,437), the mean of affected customers computed by aggregating across stages, following Equation 1, is 93.02. The mean computed using only the customer count reported in the earliest stage of each incident, the convention used when an incident is treated as equivalent to its first recorded stage, is 47.13. The two figures differ by a factor of 1.97 within the same sample.",1.9738811367549456,"ratio; lowest stage number, not earliest timestamp",current_value_computed_context_requires_revision,D:\Pyprogramme\STST2603\claude_branch\paper_revision_work_v2\R04\tables\customer_aggregation_comparison.json,MR04,CL01,not_modified
A-P019,,2,B.2 Choice of restoration duration measure,,requires_semantic_interpretation,definition_date_or_cross_reference; preserve meaning; not empirical estimate,,,,not_modified
A-P020,,2,"Two candidate measures of restoration duration were considered before settling on the definition used throughout this paper. The first, referred to during development as a customer-weighted average stage duration, weights each stage’s duration by the number of customers affected at that stage. The second is the total incident span defined in Equation 2. Across the full reconstructed dataset (n = 135,025), the customer-weighted measure differs from the earliest-stage convention for 30.6 percent of incidents (those with more than one restoration stage), with a median relative difference of 54.3 percent among this subset.",,requires_semantic_interpretation,historical_experiment_or_formula; retain source history; not a new B1 estimate or CI,,MR04,CL01,not_modified
A-P020,,"135,025","Two candidate measures of restoration duration were considered before settling on the definition used throughout this paper. The first, referred to during development as a customer-weighted average stage duration, weights each stage’s duration by the number of customers affected at that stage. The second is the total incident span defined in Equation 2. Across the full reconstructed dataset (n = 135,025), the customer-weighted measure differs from the earliest-stage convention for 30.6 percent of incidents (those with more than one restoration stage), with a median relative difference of 54.3 percent among this subset.",,requires_semantic_interpretation,historical_experiment_or_formula; retain source history; not a new B1 estimate or CI,,MR04,CL01,not_modified
A-P020,,30.6,"Two candidate measures of restoration duration were considered before settling on the definition used throughout this paper. The first, referred to during development as a customer-weighted average stage duration, weights each stage’s duration by the number of customers affected at that stage. The second is the total incident span defined in Equation 2. Across the full reconstructed dataset (n = 135,025), the customer-weighted measure differs from the earliest-stage convention for 30.6 percent of incidents (those with more than one restoration stage), with a median relative difference of 54.3 percent among this subset.",,requires_semantic_interpretation,historical_experiment_or_formula; retain source history; not a new B1 estimate or CI,,MR04,CL01,not_modified
A-P020,,54.3,"Two candidate measures of restoration duration were considered before settling on the definition used throughout this paper. The first, referred to during development as a customer-weighted average stage duration, weights each stage’s duration by the number of customers affected at that stage. The second is the total incident span defined in Equation 2. Across the full reconstructed dataset (n = 135,025), the customer-weighted measure differs from the earliest-stage convention for 30.6 percent of incidents (those with more than one restoration stage), with a median relative difference of 54.3 percent among this subset.",,requires_semantic_interpretation,historical_experiment_or_formula; retain source history; not a new B1 estimate or CI,,MR04,CL01,not_modified
A-P022,,3,B.3 Manual cross-check,,requires_semantic_interpretation,definition_date_or_cross_reference; preserve meaning; not empirical estimate,,,,not_modified
A-P023,,500,"A sample of 500 incidents (250 drawn from incidents with a single restoration stage and 250 from incidents with more than one stage, using a fixed random seed) was independently reconstructed directly from the underlying stage-level fields, without reference to any pre-aggregated columns in the dataset. Affected customers matched exactly for all 500 incidents. Restoration duration matched to within floating-point precision (maximum absolute difference on the order of 10−15 hours) for all 500 incidents.",,requires_semantic_interpretation,historical_experiment_or_formula; retain source history; not a new B1 estimate or CI,,MR04,CL01,not_modified
A-P023,,250,"A sample of 500 incidents (250 drawn from incidents with a single restoration stage and 250 from incidents with more than one stage, using a fixed random seed) was independently reconstructed directly from the underlying stage-level fields, without reference to any pre-aggregated columns in the dataset. Affected customers matched exactly for all 500 incidents. Restoration duration matched to within floating-point precision (maximum absolute difference on the order of 10−15 hours) for all 500 incidents.",,requires_semantic_interpretation,historical_experiment_or_formula; retain source history; not a new B1 estimate or CI,,MR04,CL01,not_modified
A-P023,,250,"A sample of 500 incidents (250 drawn from incidents with a single restoration stage and 250 from incidents with more than one stage, using a fixed random seed) was independently reconstructed directly from the underlying stage-level fields, without reference to any pre-aggregated columns in the dataset. Affected customers matched exactly for all 500 incidents. Restoration duration matched to within floating-point precision (maximum absolute difference on the order of 10−15 hours) for all 500 incidents.",,requires_semantic_interpretation,historical_experiment_or_formula; retain source history; not a new B1 estimate or CI,,MR04,CL01,not_modified
A-P023,,500,"A sample of 500 incidents (250 drawn from incidents with a single restoration stage and 250 from incidents with more than one stage, using a fixed random seed) was independently reconstructed directly from the underlying stage-level fields, without reference to any pre-aggregated columns in the dataset. Affected customers matched exactly for all 500 incidents. Restoration duration matched to within floating-point precision (maximum absolute difference on the order of 10−15 hours) for all 500 incidents.",,requires_semantic_interpretation,historical_experiment_or_formula; retain source history; not a new B1 estimate or CI,,MR04,CL01,not_modified
A-P023,,10,"A sample of 500 incidents (250 drawn from incidents with a single restoration stage and 250 from incidents with more than one stage, using a fixed random seed) was independently reconstructed directly from the underlying stage-level fields, without reference to any pre-aggregated columns in the dataset. Affected customers matched exactly for all 500 incidents. Restoration duration matched to within floating-point precision (maximum absolute difference on the order of 10−15 hours) for all 500 incidents.",,requires_semantic_interpretation,historical_experiment_or_formula; retain source history; not a new B1 estimate or CI,,MR04,CL01,not_modified
A-P023,,−15,"A sample of 500 incidents (250 drawn from incidents with a single restoration stage and 250 from incidents with more than one stage, using a fixed random seed) was independently reconstructed directly from the underlying stage-level fields, without reference to any pre-aggregated columns in the dataset. Affected customers matched exactly for all 500 incidents. Restoration duration matched to within floating-point precision (maximum absolute difference on the order of 10−15 hours) for all 500 incidents.",,requires_semantic_interpretation,historical_experiment_or_formula; retain source history; not a new B1 estimate or CI,,MR04,CL01,not_modified
A-P023,,500,"A sample of 500 incidents (250 drawn from incidents with a single restoration stage and 250 from incidents with more than one stage, using a fixed random seed) was independently reconstructed directly from the underlying stage-level fields, without reference to any pre-aggregated columns in the dataset. Affected customers matched exactly for all 500 incidents. Restoration duration matched to within floating-point precision (maximum absolute difference on the order of 10−15 hours) for all 500 incidents.",,requires_semantic_interpretation,historical_experiment_or_formula; retain source history; not a new B1 estimate or CI,,MR04,CL01,not_modified
A-P024,,4,B.4 Boundary cases,,requires_semantic_interpretation,definition_date_or_cross_reference; preserve meaning; not empirical estimate,,MR03,CL01,not_modified
A-P026,,5,B.5 Incidents with an apparently missing first stage,,requires_semantic_interpretation,definition_date_or_cross_reference; preserve meaning; not empirical estimate,,,,not_modified
A-P027,,"14,264","For 14,264 of the 135,025 reconstructed incidents (10.56 percent), the lowest recorded stage number is at least 2. This pattern is spread through the study period rather than concentrated at its boundaries. That distribution alone cannot determine whether stage numbering conventions or incomplete records explain the pattern. These incidents were retained without adjustment. A comparison excluding them has not been completed and remains a sensitivity check.",,requires_semantic_interpretation,old_combined_sentence_requires_rewrite; all current numerical components in named dataset; not automatic substitution,D:\Pyprogramme\STST2603\claude_branch\paper_revision_work_v2\R04\tables\descriptive_statistics.csv,"MR02,MR03,MR21","CL01,CL04,CL06",not_modified
A-P027,,"135,025","For 14,264 of the 135,025 reconstructed incidents (10.56 percent), the lowest recorded stage number is at least 2. This pattern is spread through the study period rather than concentrated at its boundaries. That distribution alone cannot determine whether stage numbering conventions or incomplete records explain the pattern. These incidents were retained without adjustment. A comparison excluding them has not been completed and remains a sensitivity check.",,requires_semantic_interpretation,old_combined_sentence_requires_rewrite; all current numerical components in named dataset; not automatic substitution,D:\Pyprogramme\STST2603\claude_branch\paper_revision_work_v2\R04\tables\descriptive_statistics.csv,"MR02,MR03,MR21","CL01,CL04,CL06",not_modified
A-P027,,10.56,"For 14,264 of the 135,025 reconstructed incidents (10.56 percent), the lowest recorded stage number is at least 2. This pattern is spread through the study period rather than concentrated at its boundaries. That distribution alone cannot determine whether stage numbering conventions or incomplete records explain the pattern. These incidents were retained without adjustment. A comparison excluding them has not been completed and remains a sensitivity check.",,requires_semantic_interpretation,old_combined_sentence_requires_rewrite; all current numerical components in named dataset; not automatic substitution,D:\Pyprogramme\STST2603\claude_branch\paper_revision_work_v2\R04\tables\descriptive_statistics.csv,"MR02,MR03,MR21","CL01,CL04,CL06",not_modified
A-P027,,2,"For 14,264 of the 135,025 reconstructed incidents (10.56 percent), the lowest recorded stage number is at least 2. This pattern is spread through the study period rather than concentrated at its boundaries. That distribution alone cannot determine whether stage numbering conventions or incomplete records explain the pattern. These incidents were retained without adjustment. A comparison excluding them has not been completed and remains a sensitivity check.",,requires_semantic_interpretation,old_combined_sentence_requires_rewrite; all current numerical components in named dataset; not automatic substitution,D:\Pyprogramme\STST2603\claude_branch\paper_revision_work_v2\R04\tables\descriptive_statistics.csv,"MR02,MR03,MR21","CL01,CL04,CL06",not_modified
A-T03,row1col2,"116,064","Six categories (n = 116,064)",,requires_semantic_interpretation,current_replacement_dataset_available_not_automatic_token_substitution,D:\Pyprogramme\STST2603\claude_branch\paper_revision_work_v2\R04\tables\..\supplements_v1\six_group_-1.json,MR10,"CL01,CL03",not_modified
A-T03,row1col3,"59,834","Main specification (n = 59,834)",,requires_semantic_interpretation,current_replacement_dataset_available_not_automatic_token_substitution,D:\Pyprogramme\STST2603\claude_branch\paper_revision_work_v2\R04\tables\..\supplements_v1\six_group_-1.json,MR10,"CL01,CL03",not_modified
A-T03,row2col2,5,5/5,,requires_semantic_interpretation,current_replacement_dataset_available_not_automatic_token_substitution,D:\Pyprogramme\STST2603\claude_branch\paper_revision_work_v2\R04\tables\..\supplements_v1\six_group_-1.json,MR10,"CL01,CL03",not_modified
A-T03,row2col2,5,5/5,,requires_semantic_interpretation,current_replacement_dataset_available_not_automatic_token_substitution,D:\Pyprogramme\STST2603\claude_branch\paper_revision_work_v2\R04\tables\..\supplements_v1\six_group_-1.json,MR10,"CL01,CL03",not_modified
A-T03,row2col3,5,5/5,,requires_semantic_interpretation,current_replacement_dataset_available_not_automatic_token_substitution,D:\Pyprogramme\STST2603\claude_branch\paper_revision_work_v2\R04\tables\..\supplements_v1\six_group_-1.json,MR10,"CL01,CL03",not_modified
A-T03,row2col3,5,5/5,,requires_semantic_interpretation,current_replacement_dataset_available_not_automatic_token_substitution,D:\Pyprogramme\STST2603\claude_branch\paper_revision_work_v2\R04\tables\..\supplements_v1\six_group_-1.json,MR10,"CL01,CL03",not_modified
A-T03,row3col2,5,5/5,,requires_semantic_interpretation,current_replacement_dataset_available_not_automatic_token_substitution,D:\Pyprogramme\STST2603\claude_branch\paper_revision_work_v2\R04\tables\..\supplements_v1\six_group_-1.json,MR10,"CL01,CL03",not_modified
A-T03,row3col2,5,5/5,,requires_semantic_interpretation,current_replacement_dataset_available_not_automatic_token_substitution,D:\Pyprogramme\STST2603\claude_branch\paper_revision_work_v2\R04\tables\..\supplements_v1\six_group_-1.json,MR10,"CL01,CL03",not_modified
A-T03,row3col3,0,0/5,,requires_semantic_interpretation,current_replacement_dataset_available_not_automatic_token_substitution,D:\Pyprogramme\STST2603\claude_branch\paper_revision_work_v2\R04\tables\..\supplements_v1\six_group_-1.json,MR10,"CL01,CL03",not_modified
A-T03,row3col3,5,0/5,,requires_semantic_interpretation,current_replacement_dataset_available_not_automatic_token_substitution,D:\Pyprogramme\STST2603\claude_branch\paper_revision_work_v2\R04\tables\..\supplements_v1\six_group_-1.json,MR10,"CL01,CL03",not_modified
A-T03,row4col2,0.0257,0.0257,,requires_semantic_interpretation,current_replacement_dataset_available_not_automatic_token_substitution,D:\Pyprogramme\STST2603\claude_branch\paper_revision_work_v2\R04\tables\..\supplements_v1\six_group_-1.json,MR10,"CL01,CL03",not_modified
A-T03,row4col3,0.0002,0.0002,,requires_semantic_interpretation,current_replacement_dataset_available_not_automatic_token_substitution,D:\Pyprogramme\STST2603\claude_branch\paper_revision_work_v2\R04\tables\..\supplements_v1\six_group_-1.json,MR10,"CL01,CL03",not_modified
A-T03,row5col2,5,5/5,,requires_semantic_interpretation,current_replacement_dataset_available_not_automatic_token_substitution,D:\Pyprogramme\STST2603\claude_branch\paper_revision_work_v2\R04\tables\..\supplements_v1\six_group_-1.json,MR10,"CL01,CL03",not_modified
A-T03,row5col2,5,5/5,,requires_semantic_interpretation,current_replacement_dataset_available_not_automatic_token_substitution,D:\Pyprogramme\STST2603\claude_branch\paper_revision_work_v2\R04\tables\..\supplements_v1\six_group_-1.json,MR10,"CL01,CL03",not_modified
A-T03,row5col3,5,5/5,,requires_semantic_interpretation,current_replacement_dataset_available_not_automatic_token_substitution,D:\Pyprogramme\STST2603\claude_branch\paper_revision_work_v2\R04\tables\..\supplements_v1\six_group_-1.json,MR10,"CL01,CL03",not_modified
A-T03,row5col3,5,5/5,,requires_semantic_interpretation,current_replacement_dataset_available_not_automatic_token_substitution,D:\Pyprogramme\STST2603\claude_branch\paper_revision_work_v2\R04\tables\..\supplements_v1\six_group_-1.json,MR10,"CL01,CL03",not_modified
A-T03,row6col2,5,5/5,,requires_semantic_interpretation,current_replacement_dataset_available_not_automatic_token_substitution,D:\Pyprogramme\STST2603\claude_branch\paper_revision_work_v2\R04\tables\..\supplements_v1\six_group_-1.json,MR10,"CL01,CL03",not_modified
A-T03,row6col2,5,5/5,,requires_semantic_interpretation,current_replacement_dataset_available_not_automatic_token_substitution,D:\Pyprogramme\STST2603\claude_branch\paper_revision_work_v2\R04\tables\..\supplements_v1\six_group_-1.json,MR10,"CL01,CL03",not_modified
A-T03,row6col3,5,5/5,,requires_semantic_interpretation,current_replacement_dataset_available_not_automatic_token_substitution,D:\Pyprogramme\STST2603\claude_branch\paper_revision_work_v2\R04\tables\..\supplements_v1\six_group_-1.json,MR10,"CL01,CL03",not_modified
A-T03,row6col3,5,5/5,,requires_semantic_interpretation,current_replacement_dataset_available_not_automatic_token_substitution,D:\Pyprogramme\STST2603\claude_branch\paper_revision_work_v2\R04\tables\..\supplements_v1\six_group_-1.json,MR10,"CL01,CL03",not_modified
A-T03,row7col2,0.0608,0.0608,,requires_semantic_interpretation,current_replacement_dataset_available_not_automatic_token_substitution,D:\Pyprogramme\STST2603\claude_branch\paper_revision_work_v2\R04\tables\..\supplements_v1\six_group_-1.json,MR10,"CL01,CL03",not_modified
A-T03,row7col3,0.0792,0.0792,,requires_semantic_interpretation,current_replacement_dataset_available_not_automatic_token_substitution,D:\Pyprogramme\STST2603\claude_branch\paper_revision_work_v2\R04\tables\..\supplements_v1\six_group_-1.json,MR10,"CL01,CL03",not_modified
A-T03,row8col2,19.82%,19.82%,,requires_semantic_interpretation,current_replacement_dataset_available_not_automatic_token_substitution,D:\Pyprogramme\STST2603\claude_branch\paper_revision_work_v2\R04\tables\..\supplements_v1\six_group_-1.json,MR10,"CL01,CL03",not_modified
A-T03,row8col3,12.5%,12.5%,,requires_semantic_interpretation,current_replacement_dataset_available_not_automatic_token_substitution,D:\Pyprogramme\STST2603\claude_branch\paper_revision_work_v2\R04\tables\..\supplements_v1\six_group_-1.json,MR10,"CL01,CL03",not_modified
A-P034,,1,D.1 Number of restoration stages,,requires_semantic_interpretation,definition_date_or_cross_reference; preserve meaning; not empirical estimate,,,,not_modified
A-P035,,2,"Restoration-stage counts, denoted nstages, range from one to several hundred. Table D1 and the original within-subset summaries in Sections D.2–D.3, together with Table D2, use the earlier-period recovery sample (n = 47,840). Figure D1 in Section D.4 instead uses the final combined recovery sample (n = 59,834). In that final sample, stage groups 1, 2, 3–4 and at least 5 contain 35,599, 9,348, 7,907 and 6,980 incidents respectively. These distinct sample bases must not be combined as if they were one analysis.",,requires_semantic_interpretation,historical_scope_or_original_development_result; current counterparts separately archived; not B1 carry-forward,,MR21,"CL01,CL06",not_modified
A-P035,,3,"Restoration-stage counts, denoted nstages, range from one to several hundred. Table D1 and the original within-subset summaries in Sections D.2–D.3, together with Table D2, use the earlier-period recovery sample (n = 47,840). Figure D1 in Section D.4 instead uses the final combined recovery sample (n = 59,834). In that final sample, stage groups 1, 2, 3–4 and at least 5 contain 35,599, 9,348, 7,907 and 6,980 incidents respectively. These distinct sample bases must not be combined as if they were one analysis.",,requires_semantic_interpretation,historical_scope_or_original_development_result; current counterparts separately archived; not B1 carry-forward,,MR21,"CL01,CL06",not_modified
A-P035,,"47,840","Restoration-stage counts, denoted nstages, range from one to several hundred. Table D1 and the original within-subset summaries in Sections D.2–D.3, together with Table D2, use the earlier-period recovery sample (n = 47,840). Figure D1 in Section D.4 instead uses the final combined recovery sample (n = 59,834). In that final sample, stage groups 1, 2, 3–4 and at least 5 contain 35,599, 9,348, 7,907 and 6,980 incidents respectively. These distinct sample bases must not be combined as if they were one analysis.",,requires_semantic_interpretation,historical_scope_or_original_development_result; current counterparts separately archived; not B1 carry-forward,,MR21,"CL01,CL06",not_modified
A-P035,,4,"Restoration-stage counts, denoted nstages, range from one to several hundred. Table D1 and the original within-subset summaries in Sections D.2–D.3, together with Table D2, use the earlier-period recovery sample (n = 47,840). Figure D1 in Section D.4 instead uses the final combined recovery sample (n = 59,834). In that final sample, stage groups 1, 2, 3–4 and at least 5 contain 35,599, 9,348, 7,907 and 6,980 incidents respectively. These distinct sample bases must not be combined as if they were one analysis.",,requires_semantic_interpretation,historical_scope_or_original_development_result; current counterparts separately archived; not B1 carry-forward,,MR21,"CL01,CL06",not_modified
A-P035,,"59,834","Restoration-stage counts, denoted nstages, range from one to several hundred. Table D1 and the original within-subset summaries in Sections D.2–D.3, together with Table D2, use the earlier-period recovery sample (n = 47,840). Figure D1 in Section D.4 instead uses the final combined recovery sample (n = 59,834). In that final sample, stage groups 1, 2, 3–4 and at least 5 contain 35,599, 9,348, 7,907 and 6,980 incidents respectively. These distinct sample bases must not be combined as if they were one analysis.",,requires_semantic_interpretation,historical_scope_or_original_development_result; current counterparts separately archived; not B1 carry-forward,,MR21,"CL01,CL06",not_modified
A-P035,,1,"Restoration-stage counts, denoted nstages, range from one to several hundred. Table D1 and the original within-subset summaries in Sections D.2–D.3, together with Table D2, use the earlier-period recovery sample (n = 47,840). Figure D1 in Section D.4 instead uses the final combined recovery sample (n = 59,834). In that final sample, stage groups 1, 2, 3–4 and at least 5 contain 35,599, 9,348, 7,907 and 6,980 incidents respectively. These distinct sample bases must not be combined as if they were one analysis.",,requires_semantic_interpretation,historical_scope_or_original_development_result; current counterparts separately archived; not B1 carry-forward,,MR21,"CL01,CL06",not_modified
A-P035,,2,"Restoration-stage counts, denoted nstages, range from one to several hundred. Table D1 and the original within-subset summaries in Sections D.2–D.3, together with Table D2, use the earlier-period recovery sample (n = 47,840). Figure D1 in Section D.4 instead uses the final combined recovery sample (n = 59,834). In that final sample, stage groups 1, 2, 3–4 and at least 5 contain 35,599, 9,348, 7,907 and 6,980 incidents respectively. These distinct sample bases must not be combined as if they were one analysis.",,requires_semantic_interpretation,historical_scope_or_original_development_result; current counterparts separately archived; not B1 carry-forward,,MR21,"CL01,CL06",not_modified
A-P035,,3,"Restoration-stage counts, denoted nstages, range from one to several hundred. Table D1 and the original within-subset summaries in Sections D.2–D.3, together with Table D2, use the earlier-period recovery sample (n = 47,840). Figure D1 in Section D.4 instead uses the final combined recovery sample (n = 59,834). In that final sample, stage groups 1, 2, 3–4 and at least 5 contain 35,599, 9,348, 7,907 and 6,980 incidents respectively. These distinct sample bases must not be combined as if they were one analysis.",,requires_semantic_interpretation,historical_scope_or_original_development_result; current counterparts separately archived; not B1 carry-forward,,MR21,"CL01,CL06",not_modified
A-P035,,4,"Restoration-stage counts, denoted nstages, range from one to several hundred. Table D1 and the original within-subset summaries in Sections D.2–D.3, together with Table D2, use the earlier-period recovery sample (n = 47,840). Figure D1 in Section D.4 instead uses the final combined recovery sample (n = 59,834). In that final sample, stage groups 1, 2, 3–4 and at least 5 contain 35,599, 9,348, 7,907 and 6,980 incidents respectively. These distinct sample bases must not be combined as if they were one analysis.",,requires_semantic_interpretation,historical_scope_or_original_development_result; current counterparts separately archived; not B1 carry-forward,,MR21,"CL01,CL06",not_modified
A-P035,,5,"Restoration-stage counts, denoted nstages, range from one to several hundred. Table D1 and the original within-subset summaries in Sections D.2–D.3, together with Table D2, use the earlier-period recovery sample (n = 47,840). Figure D1 in Section D.4 instead uses the final combined recovery sample (n = 59,834). In that final sample, stage groups 1, 2, 3–4 and at least 5 contain 35,599, 9,348, 7,907 and 6,980 incidents respectively. These distinct sample bases must not be combined as if they were one analysis.",,requires_semantic_interpretation,historical_scope_or_original_development_result; current counterparts separately archived; not B1 carry-forward,,MR21,"CL01,CL06",not_modified
A-P035,,"35,599","Restoration-stage counts, denoted nstages, range from one to several hundred. Table D1 and the original within-subset summaries in Sections D.2–D.3, together with Table D2, use the earlier-period recovery sample (n = 47,840). Figure D1 in Section D.4 instead uses the final combined recovery sample (n = 59,834). In that final sample, stage groups 1, 2, 3–4 and at least 5 contain 35,599, 9,348, 7,907 and 6,980 incidents respectively. These distinct sample bases must not be combined as if they were one analysis.",,requires_semantic_interpretation,historical_scope_or_original_development_result; current counterparts separately archived; not B1 carry-forward,,MR21,"CL01,CL06",not_modified
A-P035,,"9,348","Restoration-stage counts, denoted nstages, range from one to several hundred. Table D1 and the original within-subset summaries in Sections D.2–D.3, together with Table D2, use the earlier-period recovery sample (n = 47,840). Figure D1 in Section D.4 instead uses the final combined recovery sample (n = 59,834). In that final sample, stage groups 1, 2, 3–4 and at least 5 contain 35,599, 9,348, 7,907 and 6,980 incidents respectively. These distinct sample bases must not be combined as if they were one analysis.",,requires_semantic_interpretation,historical_scope_or_original_development_result; current counterparts separately archived; not B1 carry-forward,,MR21,"CL01,CL06",not_modified
A-P035,,"7,907","Restoration-stage counts, denoted nstages, range from one to several hundred. Table D1 and the original within-subset summaries in Sections D.2–D.3, together with Table D2, use the earlier-period recovery sample (n = 47,840). Figure D1 in Section D.4 instead uses the final combined recovery sample (n = 59,834). In that final sample, stage groups 1, 2, 3–4 and at least 5 contain 35,599, 9,348, 7,907 and 6,980 incidents respectively. These distinct sample bases must not be combined as if they were one analysis.",,requires_semantic_interpretation,historical_scope_or_original_development_result; current counterparts separately archived; not B1 carry-forward,,MR21,"CL01,CL06",not_modified
A-P035,,"6,980","Restoration-stage counts, denoted nstages, range from one to several hundred. Table D1 and the original within-subset summaries in Sections D.2–D.3, together with Table D2, use the earlier-period recovery sample (n = 47,840). Figure D1 in Section D.4 instead uses the final combined recovery sample (n = 59,834). In that final sample, stage groups 1, 2, 3–4 and at least 5 contain 35,599, 9,348, 7,907 and 6,980 incidents respectively. These distinct sample bases must not be combined as if they were one analysis.",,requires_semantic_interpretation,historical_scope_or_original_development_result; current counterparts separately archived; not B1 carry-forward,,MR21,"CL01,CL06",not_modified
A-P036,,"47,840","Table D1. Restoration-stage distribution in the earlier-period recovery sample (n = 47,840).",,requires_semantic_interpretation,cross_reference_or_caption; content changes recorded in coverage,,,,not_modified
A-T04,row2col1,1,1,,requires_semantic_interpretation,old_development_population; current_all_valid_combined_counterpart_available; no direct token substitution,D:\Pyprogramme\STST2603\claude_branch\paper_revision_work_v2\R04\tables\AppendixD_stage_counts.csv,,,not_modified
A-T04,row2col2,"28,328","28,328",,requires_semantic_interpretation,old_development_population; current_all_valid_combined_counterpart_available; no direct token substitution,D:\Pyprogramme\STST2603\claude_branch\paper_revision_work_v2\R04\tables\AppendixD_stage_counts.csv,,,not_modified
A-T04,row2col3,59.2%,59.2%,,requires_semantic_interpretation,old_development_population; current_all_valid_combined_counterpart_available; no direct token substitution,D:\Pyprogramme\STST2603\claude_branch\paper_revision_work_v2\R04\tables\AppendixD_stage_counts.csv,,,not_modified
A-T04,row3col1,2,2,,requires_semantic_interpretation,old_development_population; current_all_valid_combined_counterpart_available; no direct token substitution,D:\Pyprogramme\STST2603\claude_branch\paper_revision_work_v2\R04\tables\AppendixD_stage_counts.csv,,,not_modified
A-T04,row3col2,"7,563","7,563",,requires_semantic_interpretation,old_development_population; current_all_valid_combined_counterpart_available; no direct token substitution,D:\Pyprogramme\STST2603\claude_branch\paper_revision_work_v2\R04\tables\AppendixD_stage_counts.csv,,,not_modified
A-T04,row3col3,15.8%,15.8%,,requires_semantic_interpretation,old_development_population; current_all_valid_combined_counterpart_available; no direct token substitution,D:\Pyprogramme\STST2603\claude_branch\paper_revision_work_v2\R04\tables\AppendixD_stage_counts.csv,,,not_modified
A-T04,row4col1,3,3–4,,requires_semantic_interpretation,old_development_population; current_all_valid_combined_counterpart_available; no direct token substitution,D:\Pyprogramme\STST2603\claude_branch\paper_revision_work_v2\R04\tables\AppendixD_stage_counts.csv,,,not_modified
A-T04,row4col1,4,3–4,,requires_semantic_interpretation,old_development_population; current_all_valid_combined_counterpart_available; no direct token substitution,D:\Pyprogramme\STST2603\claude_branch\paper_revision_work_v2\R04\tables\AppendixD_stage_counts.csv,,,not_modified
A-T04,row4col2,"6,361","6,361",,requires_semantic_interpretation,old_development_population; current_all_valid_combined_counterpart_available; no direct token substitution,D:\Pyprogramme\STST2603\claude_branch\paper_revision_work_v2\R04\tables\AppendixD_stage_counts.csv,,,not_modified
A-T04,row4col3,13.3%,13.3%,,requires_semantic_interpretation,old_development_population; current_all_valid_combined_counterpart_available; no direct token substitution,D:\Pyprogramme\STST2603\claude_branch\paper_revision_work_v2\R04\tables\AppendixD_stage_counts.csv,,,not_modified
A-T04,row5col1,5,5–9,,requires_semantic_interpretation,old_development_population; current_all_valid_combined_counterpart_available; no direct token substitution,D:\Pyprogramme\STST2603\claude_branch\paper_revision_work_v2\R04\tables\AppendixD_stage_counts.csv,,,not_modified
A-T04,row5col1,9,5–9,,requires_semantic_interpretation,old_development_population; current_all_valid_combined_counterpart_available; no direct token substitution,D:\Pyprogramme\STST2603\claude_branch\paper_revision_work_v2\R04\tables\AppendixD_stage_counts.csv,,,not_modified
A-T04,row5col2,"4,786","4,786",,requires_semantic_interpretation,old_development_population; current_all_valid_combined_counterpart_available; no direct token substitution,D:\Pyprogramme\STST2603\claude_branch\paper_revision_work_v2\R04\tables\AppendixD_stage_counts.csv,,,not_modified
A-T04,row5col3,10.0%,10.0%,,requires_semantic_interpretation,old_development_population; current_all_valid_combined_counterpart_available; no direct token substitution,D:\Pyprogramme\STST2603\claude_branch\paper_revision_work_v2\R04\tables\AppendixD_stage_counts.csv,,,not_modified
A-T04,row6col1,10,10+,,requires_semantic_interpretation,old_development_population; current_all_valid_combined_counterpart_available; no direct token substitution,D:\Pyprogramme\STST2603\claude_branch\paper_revision_work_v2\R04\tables\AppendixD_stage_counts.csv,,,not_modified
A-T04,row6col2,802,802,,requires_semantic_interpretation,old_development_population; current_all_valid_combined_counterpart_available; no direct token substitution,D:\Pyprogramme\STST2603\claude_branch\paper_revision_work_v2\R04\tables\AppendixD_stage_counts.csv,,,not_modified
A-T04,row6col3,1.7%,1.7%,,requires_semantic_interpretation,old_development_population; current_all_valid_combined_counterpart_available; no direct token substitution,D:\Pyprogramme\STST2603\claude_branch\paper_revision_work_v2\R04\tables\AppendixD_stage_counts.csv,,,not_modified
A-P037,,2,D.2 Relationship within incidents with a single stage,,requires_semantic_interpretation,definition_date_or_cross_reference; preserve meaning; not empirical estimate,,,,not_modified
A-P038,,59.2,"Among incidents with exactly one restoration stage (59.2 percent of the sample), affected customers and restoration duration show a monotonic negative relationship: mean restoration duration falls from 11.45 hours in the lowest range of affected customers to 3.80 hours in the highest range, with the two lowest ranges close to one another and the decline concentrated at higher values of affected customers.",,requires_semantic_interpretation,historical_scope_or_original_development_result; current counterparts separately archived; not B1 carry-forward,,,,not_modified
A-P038,,11.45,"Among incidents with exactly one restoration stage (59.2 percent of the sample), affected customers and restoration duration show a monotonic negative relationship: mean restoration duration falls from 11.45 hours in the lowest range of affected customers to 3.80 hours in the highest range, with the two lowest ranges close to one another and the decline concentrated at higher values of affected customers.",,requires_semantic_interpretation,historical_scope_or_original_development_result; current counterparts separately archived; not B1 carry-forward,,,,not_modified
A-P038,,3.80,"Among incidents with exactly one restoration stage (59.2 percent of the sample), affected customers and restoration duration show a monotonic negative relationship: mean restoration duration falls from 11.45 hours in the lowest range of affected customers to 3.80 hours in the highest range, with the two lowest ranges close to one another and the decline concentrated at higher values of affected customers.",,requires_semantic_interpretation,historical_scope_or_original_development_result; current counterparts separately archived; not B1 carry-forward,,,,not_modified
A-P039,,3,D.3 Relationship within incidents with more than one stage,,requires_semantic_interpretation,definition_date_or_cross_reference; preserve meaning; not empirical estimate,,,,not_modified
A-P040,,4,"In the earlier-period investigation, the grouped customer–duration relationship was also reported as decreasing within multi-stage subsets, using bins defined separately within each subset. Such grouped summaries should not be read as proof that the fitted derivative is negative at every customer value. Section D.4 uses a common binning and the larger combined sample, which exposes differences in support across stage strata.",,requires_semantic_interpretation,citation_date_equation_index_or_definition; no model-derived replacement; source wording limits remain in MR,,,,not_modified
A-P041,,4,D.4 Source of the apparent non-monotonic pattern in the pooled sample,,requires_semantic_interpretation,definition_date_or_cross_reference; preserve meaning; not empirical estimate,,,,not_modified
A-P043,,"59,834","Figure D1 applies common affected-customer quartile bins from the final combined recovery sample (n = 59,834) to every stage stratum. These bins differ from the subset-specific bins used in the earlier-period summaries in Sections D.2 and D.3. Panel (a) shows stratum-specific means and panel (b) the pooled means, using the same combined-sample bin boundaries.",,requires_semantic_interpretation,cross_reference_or_caption; content changes recorded in coverage,,,,not_modified
A-P043,,2,"Figure D1 applies common affected-customer quartile bins from the final combined recovery sample (n = 59,834) to every stage stratum. These bins differ from the subset-specific bins used in the earlier-period summaries in Sections D.2 and D.3. Panel (a) shows stratum-specific means and panel (b) the pooled means, using the same combined-sample bin boundaries.",,requires_semantic_interpretation,cross_reference_or_caption; content changes recorded in coverage,,,,not_modified
A-P043,,3,"Figure D1 applies common affected-customer quartile bins from the final combined recovery sample (n = 59,834) to every stage stratum. These bins differ from the subset-specific bins used in the earlier-period summaries in Sections D.2 and D.3. Panel (a) shows stratum-specific means and panel (b) the pooled means, using the same combined-sample bin boundaries.",,requires_semantic_interpretation,cross_reference_or_caption; content changes recorded in coverage,,,,not_modified
A-P044,,40.6,"In Figure D1a, three of the four strata (single-stage, two-stage, and three-to-four-stage incidents) decline from the first bin onward, with the three-to-four-stage stratum showing the steepest decline, from 40.6 hours in the lowest bin to 9.4 hours in the highest. The stratum of five or more stages does not show a clean decline under this shared binning: mean duration rises from the lowest to the second bin before levelling off and then declining slightly. The lowest two bins for this stratum contain only 22 and 18 incidents respectively, because multi-stage incidents rarely fall into the lowest customer bins, and these sparse cells limit interpretation. The earlier-period, subset-specific binning in Section D.3 showed a mild decline, but it uses a different sample and cannot establish that the present rise is solely a small-sample artefact. In Figure D1b, the pooled relationship rises from 11.65 hours in the lowest bin to a peak of 14.19 hours in the second bin, before declining to 9.87 hours in the highest bin. No stratum in Figure D1a shows a comparable rise over the same two bins, other than the small-sample pattern noted above.",,requires_semantic_interpretation,old_combined_sentence_requires_rewrite; all current numerical components in named dataset; not automatic substitution,D:\Pyprogramme\STST2603\claude_branch\paper_revision_work_v2\R04\tables\..\R04_B1_all_valid_v1\main_R0c\stage_composition.csv,MR21,"CL01,CL06",not_modified
A-P044,,9.4,"In Figure D1a, three of the four strata (single-stage, two-stage, and three-to-four-stage incidents) decline from the first bin onward, with the three-to-four-stage stratum showing the steepest decline, from 40.6 hours in the lowest bin to 9.4 hours in the highest. The stratum of five or more stages does not show a clean decline under this shared binning: mean duration rises from the lowest to the second bin before levelling off and then declining slightly. The lowest two bins for this stratum contain only 22 and 18 incidents respectively, because multi-stage incidents rarely fall into the lowest customer bins, and these sparse cells limit interpretation. The earlier-period, subset-specific binning in Section D.3 showed a mild decline, but it uses a different sample and cannot establish that the present rise is solely a small-sample artefact. In Figure D1b, the pooled relationship rises from 11.65 hours in the lowest bin to a peak of 14.19 hours in the second bin, before declining to 9.87 hours in the highest bin. No stratum in Figure D1a shows a comparable rise over the same two bins, other than the small-sample pattern noted above.",,requires_semantic_interpretation,old_combined_sentence_requires_rewrite; all current numerical components in named dataset; not automatic substitution,D:\Pyprogramme\STST2603\claude_branch\paper_revision_work_v2\R04\tables\..\R04_B1_all_valid_v1\main_R0c\stage_composition.csv,MR21,"CL01,CL06",not_modified
A-P044,,22,"In Figure D1a, three of the four strata (single-stage, two-stage, and three-to-four-stage incidents) decline from the first bin onward, with the three-to-four-stage stratum showing the steepest decline, from 40.6 hours in the lowest bin to 9.4 hours in the highest. The stratum of five or more stages does not show a clean decline under this shared binning: mean duration rises from the lowest to the second bin before levelling off and then declining slightly. The lowest two bins for this stratum contain only 22 and 18 incidents respectively, because multi-stage incidents rarely fall into the lowest customer bins, and these sparse cells limit interpretation. The earlier-period, subset-specific binning in Section D.3 showed a mild decline, but it uses a different sample and cannot establish that the present rise is solely a small-sample artefact. In Figure D1b, the pooled relationship rises from 11.65 hours in the lowest bin to a peak of 14.19 hours in the second bin, before declining to 9.87 hours in the highest bin. No stratum in Figure D1a shows a comparable rise over the same two bins, other than the small-sample pattern noted above.",,requires_semantic_interpretation,old_combined_sentence_requires_rewrite; all current numerical components in named dataset; not automatic substitution,D:\Pyprogramme\STST2603\claude_branch\paper_revision_work_v2\R04\tables\..\R04_B1_all_valid_v1\main_R0c\stage_composition.csv,MR21,"CL01,CL06",not_modified
A-P044,,18,"In Figure D1a, three of the four strata (single-stage, two-stage, and three-to-four-stage incidents) decline from the first bin onward, with the three-to-four-stage stratum showing the steepest decline, from 40.6 hours in the lowest bin to 9.4 hours in the highest. The stratum of five or more stages does not show a clean decline under this shared binning: mean duration rises from the lowest to the second bin before levelling off and then declining slightly. The lowest two bins for this stratum contain only 22 and 18 incidents respectively, because multi-stage incidents rarely fall into the lowest customer bins, and these sparse cells limit interpretation. The earlier-period, subset-specific binning in Section D.3 showed a mild decline, but it uses a different sample and cannot establish that the present rise is solely a small-sample artefact. In Figure D1b, the pooled relationship rises from 11.65 hours in the lowest bin to a peak of 14.19 hours in the second bin, before declining to 9.87 hours in the highest bin. No stratum in Figure D1a shows a comparable rise over the same two bins, other than the small-sample pattern noted above.",,requires_semantic_interpretation,old_combined_sentence_requires_rewrite; all current numerical components in named dataset; not automatic substitution,D:\Pyprogramme\STST2603\claude_branch\paper_revision_work_v2\R04\tables\..\R04_B1_all_valid_v1\main_R0c\stage_composition.csv,MR21,"CL01,CL06",not_modified
A-P044,,3,"In Figure D1a, three of the four strata (single-stage, two-stage, and three-to-four-stage incidents) decline from the first bin onward, with the three-to-four-stage stratum showing the steepest decline, from 40.6 hours in the lowest bin to 9.4 hours in the highest. The stratum of five or more stages does not show a clean decline under this shared binning: mean duration rises from the lowest to the second bin before levelling off and then declining slightly. The lowest two bins for this stratum contain only 22 and 18 incidents respectively, because multi-stage incidents rarely fall into the lowest customer bins, and these sparse cells limit interpretation. The earlier-period, subset-specific binning in Section D.3 showed a mild decline, but it uses a different sample and cannot establish that the present rise is solely a small-sample artefact. In Figure D1b, the pooled relationship rises from 11.65 hours in the lowest bin to a peak of 14.19 hours in the second bin, before declining to 9.87 hours in the highest bin. No stratum in Figure D1a shows a comparable rise over the same two bins, other than the small-sample pattern noted above.",,requires_semantic_interpretation,old_combined_sentence_requires_rewrite; all current numerical components in named dataset; not automatic substitution,D:\Pyprogramme\STST2603\claude_branch\paper_revision_work_v2\R04\tables\..\R04_B1_all_valid_v1\main_R0c\stage_composition.csv,MR21,"CL01,CL06",not_modified
A-P044,,11.65,"In Figure D1a, three of the four strata (single-stage, two-stage, and three-to-four-stage incidents) decline from the first bin onward, with the three-to-four-stage stratum showing the steepest decline, from 40.6 hours in the lowest bin to 9.4 hours in the highest. The stratum of five or more stages does not show a clean decline under this shared binning: mean duration rises from the lowest to the second bin before levelling off and then declining slightly. The lowest two bins for this stratum contain only 22 and 18 incidents respectively, because multi-stage incidents rarely fall into the lowest customer bins, and these sparse cells limit interpretation. The earlier-period, subset-specific binning in Section D.3 showed a mild decline, but it uses a different sample and cannot establish that the present rise is solely a small-sample artefact. In Figure D1b, the pooled relationship rises from 11.65 hours in the lowest bin to a peak of 14.19 hours in the second bin, before declining to 9.87 hours in the highest bin. No stratum in Figure D1a shows a comparable rise over the same two bins, other than the small-sample pattern noted above.",,requires_semantic_interpretation,old_combined_sentence_requires_rewrite; all current numerical components in named dataset; not automatic substitution,D:\Pyprogramme\STST2603\claude_branch\paper_revision_work_v2\R04\tables\..\R04_B1_all_valid_v1\main_R0c\stage_composition.csv,MR21,"CL01,CL06",not_modified
A-P044,,14.19,"In Figure D1a, three of the four strata (single-stage, two-stage, and three-to-four-stage incidents) decline from the first bin onward, with the three-to-four-stage stratum showing the steepest decline, from 40.6 hours in the lowest bin to 9.4 hours in the highest. The stratum of five or more stages does not show a clean decline under this shared binning: mean duration rises from the lowest to the second bin before levelling off and then declining slightly. The lowest two bins for this stratum contain only 22 and 18 incidents respectively, because multi-stage incidents rarely fall into the lowest customer bins, and these sparse cells limit interpretation. The earlier-period, subset-specific binning in Section D.3 showed a mild decline, but it uses a different sample and cannot establish that the present rise is solely a small-sample artefact. In Figure D1b, the pooled relationship rises from 11.65 hours in the lowest bin to a peak of 14.19 hours in the second bin, before declining to 9.87 hours in the highest bin. No stratum in Figure D1a shows a comparable rise over the same two bins, other than the small-sample pattern noted above.",,requires_semantic_interpretation,old_combined_sentence_requires_rewrite; all current numerical components in named dataset; not automatic substitution,D:\Pyprogramme\STST2603\claude_branch\paper_revision_work_v2\R04\tables\..\R04_B1_all_valid_v1\main_R0c\stage_composition.csv,MR21,"CL01,CL06",not_modified
A-P044,,9.87,"In Figure D1a, three of the four strata (single-stage, two-stage, and three-to-four-stage incidents) decline from the first bin onward, with the three-to-four-stage stratum showing the steepest decline, from 40.6 hours in the lowest bin to 9.4 hours in the highest. The stratum of five or more stages does not show a clean decline under this shared binning: mean duration rises from the lowest to the second bin before levelling off and then declining slightly. The lowest two bins for this stratum contain only 22 and 18 incidents respectively, because multi-stage incidents rarely fall into the lowest customer bins, and these sparse cells limit interpretation. The earlier-period, subset-specific binning in Section D.3 showed a mild decline, but it uses a different sample and cannot establish that the present rise is solely a small-sample artefact. In Figure D1b, the pooled relationship rises from 11.65 hours in the lowest bin to a peak of 14.19 hours in the second bin, before declining to 9.87 hours in the highest bin. No stratum in Figure D1a shows a comparable rise over the same two bins, other than the small-sample pattern noted above.",,requires_semantic_interpretation,old_combined_sentence_requires_rewrite; all current numerical components in named dataset; not automatic substitution,D:\Pyprogramme\STST2603\claude_branch\paper_revision_work_v2\R04\tables\..\R04_B1_all_valid_v1\main_R0c\stage_composition.csv,MR21,"CL01,CL06",not_modified
A-P047,,5,D.5 Regression evidence,,requires_semantic_interpretation,definition_date_or_cross_reference; preserve meaning; not empirical estimate,,,,not_modified
A-P048,,1,"Table D2 reports the coefficients on affected customers in the recovery model, with and without a control for the logarithm of the number of restoration stages, estimated on the development sample described in Section D.1 (n = 47,840). These coefficients differ from the corresponding uncontrolled coefficients reported for the final combined sample in Table F2 (n = 59,834, affected customers coefficients of 0.339 and -0.396), because the two tables use different samples under an otherwise identical specification, not because of any difference in method.",,requires_semantic_interpretation,cross_reference_or_caption; content changes recorded in coverage,,MR21,"CL01,CL06",not_modified
A-P048,,"47,840","Table D2 reports the coefficients on affected customers in the recovery model, with and without a control for the logarithm of the number of restoration stages, estimated on the development sample described in Section D.1 (n = 47,840). These coefficients differ from the corresponding uncontrolled coefficients reported for the final combined sample in Table F2 (n = 59,834, affected customers coefficients of 0.339 and -0.396), because the two tables use different samples under an otherwise identical specification, not because of any difference in method.",,requires_semantic_interpretation,cross_reference_or_caption; content changes recorded in coverage,,MR21,"CL01,CL06",not_modified
A-P048,,"59,834","Table D2 reports the coefficients on affected customers in the recovery model, with and without a control for the logarithm of the number of restoration stages, estimated on the development sample described in Section D.1 (n = 47,840). These coefficients differ from the corresponding uncontrolled coefficients reported for the final combined sample in Table F2 (n = 59,834, affected customers coefficients of 0.339 and -0.396), because the two tables use different samples under an otherwise identical specification, not because of any difference in method.",,requires_semantic_interpretation,cross_reference_or_caption; content changes recorded in coverage,,MR21,"CL01,CL06",not_modified
A-P048,,0.339,"Table D2 reports the coefficients on affected customers in the recovery model, with and without a control for the logarithm of the number of restoration stages, estimated on the development sample described in Section D.1 (n = 47,840). These coefficients differ from the corresponding uncontrolled coefficients reported for the final combined sample in Table F2 (n = 59,834, affected customers coefficients of 0.339 and -0.396), because the two tables use different samples under an otherwise identical specification, not because of any difference in method.",,requires_semantic_interpretation,cross_reference_or_caption; content changes recorded in coverage,,MR21,"CL01,CL06",not_modified
A-P048,,-0.396,"Table D2 reports the coefficients on affected customers in the recovery model, with and without a control for the logarithm of the number of restoration stages, estimated on the development sample described in Section D.1 (n = 47,840). These coefficients differ from the corresponding uncontrolled coefficients reported for the final combined sample in Table F2 (n = 59,834, affected customers coefficients of 0.339 and -0.396), because the two tables use different samples under an otherwise identical specification, not because of any difference in method.",,requires_semantic_interpretation,cross_reference_or_caption; content changes recorded in coverage,,MR21,"CL01,CL06",not_modified
A-P049,,1,"Table D2. Coefficients on standardised log(1 + affected customers) and its square, with and without log(stage count), earlier-period recovery sample (n = 47,840).",,requires_semantic_interpretation,cross_reference_or_caption; content changes recorded in coverage,,,,not_modified
A-P049,,"47,840","Table D2. Coefficients on standardised log(1 + affected customers) and its square, with and without log(stage count), earlier-period recovery sample (n = 47,840).",,requires_semantic_interpretation,cross_reference_or_caption; content changes recorded in coverage,,,,not_modified
A-T05,row2col2,+0.307,+0.307 (p < 0.001),,requires_semantic_interpretation,old_development_population; current_all_valid_combined_counterpart_available; no direct token substitution,D:\Pyprogramme\STST2603\claude_branch\paper_revision_work_v2\R04\tables\..\R04_B1_all_valid_v1\main_R0c\step27_stage_coefficients.csv,,,not_modified
A-T05,row2col2,0.001,+0.307 (p < 0.001),,requires_semantic_interpretation,old_development_population; current_all_valid_combined_counterpart_available; no direct token substitution,D:\Pyprogramme\STST2603\claude_branch\paper_revision_work_v2\R04\tables\..\R04_B1_all_valid_v1\main_R0c\step27_stage_coefficients.csv,,,not_modified
A-T05,row2col3,-0.236,-0.236 (p < 0.001),,requires_semantic_interpretation,old_development_population; current_all_valid_combined_counterpart_available; no direct token substitution,D:\Pyprogramme\STST2603\claude_branch\paper_revision_work_v2\R04\tables\..\R04_B1_all_valid_v1\main_R0c\step27_stage_coefficients.csv,,,not_modified
A-T05,row2col3,0.001,-0.236 (p < 0.001),,requires_semantic_interpretation,old_development_population; current_all_valid_combined_counterpart_available; no direct token substitution,D:\Pyprogramme\STST2603\claude_branch\paper_revision_work_v2\R04\tables\..\R04_B1_all_valid_v1\main_R0c\step27_stage_coefficients.csv,,,not_modified
A-T05,row3col2,-0.381,-0.381 (p < 0.001),,requires_semantic_interpretation,old_development_population; current_all_valid_combined_counterpart_available; no direct token substitution,D:\Pyprogramme\STST2603\claude_branch\paper_revision_work_v2\R04\tables\..\R04_B1_all_valid_v1\main_R0c\step27_stage_coefficients.csv,,,not_modified
A-T05,row3col2,0.001,-0.381 (p < 0.001),,requires_semantic_interpretation,old_development_population; current_all_valid_combined_counterpart_available; no direct token substitution,D:\Pyprogramme\STST2603\claude_branch\paper_revision_work_v2\R04\tables\..\R04_B1_all_valid_v1\main_R0c\step27_stage_coefficients.csv,,,not_modified
A-T05,row3col3,-0.301,-0.301 (p < 0.001),,requires_semantic_interpretation,old_development_population; current_all_valid_combined_counterpart_available; no direct token substitution,D:\Pyprogramme\STST2603\claude_branch\paper_revision_work_v2\R04\tables\..\R04_B1_all_valid_v1\main_R0c\step27_stage_coefficients.csv,,,not_modified
A-T05,row3col3,0.001,-0.301 (p < 0.001),,requires_semantic_interpretation,old_development_population; current_all_valid_combined_counterpart_available; no direct token substitution,D:\Pyprogramme\STST2603\claude_branch\paper_revision_work_v2\R04\tables\..\R04_B1_all_valid_v1\main_R0c\step27_stage_coefficients.csv,,,not_modified
A-T05,row4col3,+0.971,+0.971 (p < 0.001),,requires_semantic_interpretation,old_development_population; current_all_valid_combined_counterpart_available; no direct token substitution,D:\Pyprogramme\STST2603\claude_branch\paper_revision_work_v2\R04\tables\..\R04_B1_all_valid_v1\main_R0c\step27_stage_coefficients.csv,,,not_modified
A-T05,row4col3,0.001,+0.971 (p < 0.001),,requires_semantic_interpretation,old_development_population; current_all_valid_combined_counterpart_available; no direct token substitution,D:\Pyprogramme\STST2603\claude_branch\paper_revision_work_v2\R04\tables\..\R04_B1_all_valid_v1\main_R0c\step27_stage_coefficients.csv,,,not_modified
A-P050,,+0.307,"Adding log(stage count) changes the linear customer coefficient from +0.307 to -0.236 and reduces the magnitude of the negative quadratic coefficient by approximately 21 percent. For the standardised log-customer predictor X, the fitted slope is a+2bX, so the linear coefficient alone does not establish monotonicity over its observed support. The change is consistent with sensitivity to stage composition; a full derivative-based comparison would require the relevant scaling and covariate range.",,requires_semantic_interpretation,historical_scope_or_original_development_result; current counterparts separately archived; not B1 carry-forward,,MR21,"CL01,CL06",not_modified
A-P050,,-0.236,"Adding log(stage count) changes the linear customer coefficient from +0.307 to -0.236 and reduces the magnitude of the negative quadratic coefficient by approximately 21 percent. For the standardised log-customer predictor X, the fitted slope is a+2bX, so the linear coefficient alone does not establish monotonicity over its observed support. The change is consistent with sensitivity to stage composition; a full derivative-based comparison would require the relevant scaling and covariate range.",,requires_semantic_interpretation,historical_scope_or_original_development_result; current counterparts separately archived; not B1 carry-forward,,MR21,"CL01,CL06",not_modified
A-P050,,21,"Adding log(stage count) changes the linear customer coefficient from +0.307 to -0.236 and reduces the magnitude of the negative quadratic coefficient by approximately 21 percent. For the standardised log-customer predictor X, the fitted slope is a+2bX, so the linear coefficient alone does not establish monotonicity over its observed support. The change is consistent with sensitivity to stage composition; a full derivative-based comparison would require the relevant scaling and covariate range.",,requires_semantic_interpretation,historical_scope_or_original_development_result; current counterparts separately archived; not B1 carry-forward,,MR21,"CL01,CL06",not_modified
A-P050,,2,"Adding log(stage count) changes the linear customer coefficient from +0.307 to -0.236 and reduces the magnitude of the negative quadratic coefficient by approximately 21 percent. For the standardised log-customer predictor X, the fitted slope is a+2bX, so the linear coefficient alone does not establish monotonicity over its observed support. The change is consistent with sensitivity to stage composition; a full derivative-based comparison would require the relevant scaling and covariate range.",,requires_semantic_interpretation,historical_scope_or_original_development_result; current counterparts separately archived; not B1 carry-forward,,MR21,"CL01,CL06",not_modified
A-P051,,6,D.6 Interpretation,,requires_semantic_interpretation,definition_date_or_cross_reference; preserve meaning; not empirical estimate,,,,not_modified
A-P053,,7,D.7 The same investigation within the weather-attributed subsample,,requires_semantic_interpretation,definition_date_or_cross_reference; preserve meaning; not empirical estimate,,,,not_modified
A-P054,,49.7,"This section describes the reported weather-attributed recovery subset from the final combined sample, rather than the earlier-period-only regression basis of Table D2. Its reported multi-stage share is 49.7 percent. For the final combined recovery sample, the stage counts given in Section D.1 imply a multi-stage share of approximately 40.5 percent. The weather-subset single-stage customer–duration pattern was reported as decreasing in grouped summaries.",,requires_semantic_interpretation,old_combined_sentence_requires_rewrite; all current numerical components in named dataset; not automatic substitution,D:\Pyprogramme\STST2603\claude_branch\paper_revision_work_v2\R04\tables\AppendixD_period_stage_counts.csv,MR21,"CL01,CL06",not_modified
A-P054,,1,"This section describes the reported weather-attributed recovery subset from the final combined sample, rather than the earlier-period-only regression basis of Table D2. Its reported multi-stage share is 49.7 percent. For the final combined recovery sample, the stage counts given in Section D.1 imply a multi-stage share of approximately 40.5 percent. The weather-subset single-stage customer–duration pattern was reported as decreasing in grouped summaries.",,requires_semantic_interpretation,old_combined_sentence_requires_rewrite; all current numerical components in named dataset; not automatic substitution,D:\Pyprogramme\STST2603\claude_branch\paper_revision_work_v2\R04\tables\AppendixD_period_stage_counts.csv,MR21,"CL01,CL06",not_modified
A-P054,,40.5,"This section describes the reported weather-attributed recovery subset from the final combined sample, rather than the earlier-period-only regression basis of Table D2. Its reported multi-stage share is 49.7 percent. For the final combined recovery sample, the stage counts given in Section D.1 imply a multi-stage share of approximately 40.5 percent. The weather-subset single-stage customer–duration pattern was reported as decreasing in grouped summaries.",,requires_semantic_interpretation,old_combined_sentence_requires_rewrite; all current numerical components in named dataset; not automatic substitution,D:\Pyprogramme\STST2603\claude_branch\paper_revision_work_v2\R04\tables\AppendixD_period_stage_counts.csv,MR21,"CL01,CL06",not_modified
A-P057,,30,Early analyses used records that included the period later designated as the confirmation sample (30 September 2023 to 31 March 2024; 184 days). The local audit identifies analysis steps 9–14 as preceding temporal separation: outcome reconstruction checks; choice between customer-weighted duration and total span; the initial fitted-minimum analysis; Cause Code restriction; the supporting linear/quadratic-term comparison; and the initial predictive-contribution analysis. These decisions therefore used information from both periods. Subsequent separation corrected record allocation but did not restore an untouched confirmation sample. Table E1 reports the record overlap at successive construction stages.,,requires_semantic_interpretation,historical_experiment_or_formula; retain source history; not a new B1 estimate or CI,,MR14,CL04,not_modified
A-P057,,2023,Early analyses used records that included the period later designated as the confirmation sample (30 September 2023 to 31 March 2024; 184 days). The local audit identifies analysis steps 9–14 as preceding temporal separation: outcome reconstruction checks; choice between customer-weighted duration and total span; the initial fitted-minimum analysis; Cause Code restriction; the supporting linear/quadratic-term comparison; and the initial predictive-contribution analysis. These decisions therefore used information from both periods. Subsequent separation corrected record allocation but did not restore an untouched confirmation sample. Table E1 reports the record overlap at successive construction stages.,,requires_semantic_interpretation,historical_experiment_or_formula; retain source history; not a new B1 estimate or CI,,MR14,CL04,not_modified
A-P057,,31,Early analyses used records that included the period later designated as the confirmation sample (30 September 2023 to 31 March 2024; 184 days). The local audit identifies analysis steps 9–14 as preceding temporal separation: outcome reconstruction checks; choice between customer-weighted duration and total span; the initial fitted-minimum analysis; Cause Code restriction; the supporting linear/quadratic-term comparison; and the initial predictive-contribution analysis. These decisions therefore used information from both periods. Subsequent separation corrected record allocation but did not restore an untouched confirmation sample. Table E1 reports the record overlap at successive construction stages.,,requires_semantic_interpretation,historical_experiment_or_formula; retain source history; not a new B1 estimate or CI,,MR14,CL04,not_modified
A-P057,,2024,Early analyses used records that included the period later designated as the confirmation sample (30 September 2023 to 31 March 2024; 184 days). The local audit identifies analysis steps 9–14 as preceding temporal separation: outcome reconstruction checks; choice between customer-weighted duration and total span; the initial fitted-minimum analysis; Cause Code restriction; the supporting linear/quadratic-term comparison; and the initial predictive-contribution analysis. These decisions therefore used information from both periods. Subsequent separation corrected record allocation but did not restore an untouched confirmation sample. Table E1 reports the record overlap at successive construction stages.,,requires_semantic_interpretation,historical_experiment_or_formula; retain source history; not a new B1 estimate or CI,,MR14,CL04,not_modified
A-P057,,184,Early analyses used records that included the period later designated as the confirmation sample (30 September 2023 to 31 March 2024; 184 days). The local audit identifies analysis steps 9–14 as preceding temporal separation: outcome reconstruction checks; choice between customer-weighted duration and total span; the initial fitted-minimum analysis; Cause Code restriction; the supporting linear/quadratic-term comparison; and the initial predictive-contribution analysis. These decisions therefore used information from both periods. Subsequent separation corrected record allocation but did not restore an untouched confirmation sample. Table E1 reports the record overlap at successive construction stages.,,requires_semantic_interpretation,historical_experiment_or_formula; retain source history; not a new B1 estimate or CI,,MR14,CL04,not_modified
A-P057,,9,Early analyses used records that included the period later designated as the confirmation sample (30 September 2023 to 31 March 2024; 184 days). The local audit identifies analysis steps 9–14 as preceding temporal separation: outcome reconstruction checks; choice between customer-weighted duration and total span; the initial fitted-minimum analysis; Cause Code restriction; the supporting linear/quadratic-term comparison; and the initial predictive-contribution analysis. These decisions therefore used information from both periods. Subsequent separation corrected record allocation but did not restore an untouched confirmation sample. Table E1 reports the record overlap at successive construction stages.,,requires_semantic_interpretation,historical_experiment_or_formula; retain source history; not a new B1 estimate or CI,,MR14,CL04,not_modified
A-P057,,14,Early analyses used records that included the period later designated as the confirmation sample (30 September 2023 to 31 March 2024; 184 days). The local audit identifies analysis steps 9–14 as preceding temporal separation: outcome reconstruction checks; choice between customer-weighted duration and total span; the initial fitted-minimum analysis; Cause Code restriction; the supporting linear/quadratic-term comparison; and the initial predictive-contribution analysis. These decisions therefore used information from both periods. Subsequent separation corrected record allocation but did not restore an untouched confirmation sample. Table E1 reports the record overlap at successive construction stages.,,requires_semantic_interpretation,historical_experiment_or_formula; retain source history; not a new B1 estimate or CI,,MR14,CL04,not_modified
A-T06,row2col2,"135,025","135,025",,requires_semantic_interpretation,historical_experiment_or_formula; retain source history; not a new B1 estimate or CI,,,,not_modified
A-T06,row2col3,"109,250","109,250",,requires_semantic_interpretation,historical_experiment_or_formula; retain source history; not a new B1 estimate or CI,,,,not_modified
A-T06,row2col4,"25,775","25,775",,requires_semantic_interpretation,historical_experiment_or_formula; retain source history; not a new B1 estimate or CI,,,,not_modified
A-T06,row2col5,19.09%,19.09%,,requires_semantic_interpretation,historical_experiment_or_formula; retain source history; not a new B1 estimate or CI,,,,not_modified
A-T06,row3col2,"66,079","66,079",,requires_semantic_interpretation,historical_experiment_or_formula; retain source history; not a new B1 estimate or CI,,,,not_modified
A-T06,row3col3,"53,114","53,114",,requires_semantic_interpretation,historical_experiment_or_formula; retain source history; not a new B1 estimate or CI,,,,not_modified
A-T06,row3col4,"12,965","12,965",,requires_semantic_interpretation,historical_experiment_or_formula; retain source history; not a new B1 estimate or CI,,,,not_modified
A-T06,row3col5,19.63%,19.63%,,requires_semantic_interpretation,historical_experiment_or_formula; retain source history; not a new B1 estimate or CI,,,,not_modified
A-T06,row4col2,"62,927","62,927",,requires_semantic_interpretation,historical_experiment_or_formula; retain source history; not a new B1 estimate or CI,,,,not_modified
A-T06,row4col3,"50,345","50,345",,requires_semantic_interpretation,historical_experiment_or_formula; retain source history; not a new B1 estimate or CI,,,,not_modified
A-T06,row4col4,"12,582","12,582",,requires_semantic_interpretation,historical_experiment_or_formula; retain source history; not a new B1 estimate or CI,,,,not_modified
A-T06,row4col5,20.00%,20.00%,,requires_semantic_interpretation,historical_experiment_or_formula; retain source history; not a new B1 estimate or CI,,,,not_modified
A-P060,,0.03,"Thirty-two incidents (approximately 0.03 percent of the reconstructed earlier-period sample) start before the temporal boundary and end after it. They were retained in the earlier period according to start date. Their weather predictors refer to incident onset, but their eventual recovery outcomes may extend into the later period; the assignment rule does not by itself make outcomes independent across that boundary.",,requires_semantic_interpretation,historical_scope_or_original_development_result; current counterparts separately archived; not B1 carry-forward,,"MR01,MR02,MR14","CL01,CL04",not_modified
A-T07,row2col2,"60,453","approx. 60,453",,requires_semantic_interpretation,historical_experiment_or_formula; retain source history; not a new B1 estimate or CI,,,,not_modified
A-T07,row2col3,10.69,10.69,,requires_semantic_interpretation,historical_experiment_or_formula; retain source history; not a new B1 estimate or CI,,,,not_modified
A-T07,row2col4,38.6%,38.6%,,requires_semantic_interpretation,historical_experiment_or_formula; retain source history; not a new B1 estimate or CI,,,,not_modified
A-T07,row3col2,"48,323","48,323",,requires_semantic_interpretation,historical_experiment_or_formula; retain source history; not a new B1 estimate or CI,,,,not_modified
A-T07,row3col3,12.13,12.13,,requires_semantic_interpretation,historical_experiment_or_formula; retain source history; not a new B1 estimate or CI,,,,not_modified
A-T07,row3col4,22.0%,22.0%,,requires_semantic_interpretation,historical_experiment_or_formula; retain source history; not a new B1 estimate or CI,,,,not_modified
A-T07,row4col2,"60,437","60,437",,requires_semantic_interpretation,historical_experiment_or_formula; retain source history; not a new B1 estimate or CI,,,,not_modified
A-T07,row4col3,10.69,10.69,,requires_semantic_interpretation,historical_experiment_or_formula; retain source history; not a new B1 estimate or CI,,,,not_modified
A-P063,,10.69,"The sequence is 10.69 m/s before separation, 12.13 m/s in the earlier-period exposure sample, and 10.69 m/s after recombining the final data. The repeated rounded value is not a second independent confirmation. A local audit gives the final full-precision point estimate as 10.694 m/s. The interval-crossing entries reproduce historical reports on their standardised scales; they do not provide a harmonised physical-unit confidence interval across samples. Appendix H explains the additional conversion required for the final bootstrap output.",,requires_semantic_interpretation,historical_experiment_or_formula; retain source history; not a new B1 estimate or CI,,MR20,"CL02,CL04",not_modified
A-P063,,12.13,"The sequence is 10.69 m/s before separation, 12.13 m/s in the earlier-period exposure sample, and 10.69 m/s after recombining the final data. The repeated rounded value is not a second independent confirmation. A local audit gives the final full-precision point estimate as 10.694 m/s. The interval-crossing entries reproduce historical reports on their standardised scales; they do not provide a harmonised physical-unit confidence interval across samples. Appendix H explains the additional conversion required for the final bootstrap output.",,requires_semantic_interpretation,historical_experiment_or_formula; retain source history; not a new B1 estimate or CI,,MR20,"CL02,CL04",not_modified
A-P063,,10.69,"The sequence is 10.69 m/s before separation, 12.13 m/s in the earlier-period exposure sample, and 10.69 m/s after recombining the final data. The repeated rounded value is not a second independent confirmation. A local audit gives the final full-precision point estimate as 10.694 m/s. The interval-crossing entries reproduce historical reports on their standardised scales; they do not provide a harmonised physical-unit confidence interval across samples. Appendix H explains the additional conversion required for the final bootstrap output.",,requires_semantic_interpretation,historical_experiment_or_formula; retain source history; not a new B1 estimate or CI,,MR20,"CL02,CL04",not_modified
A-P063,,10.694,"The sequence is 10.69 m/s before separation, 12.13 m/s in the earlier-period exposure sample, and 10.69 m/s after recombining the final data. The repeated rounded value is not a second independent confirmation. A local audit gives the final full-precision point estimate as 10.694 m/s. The interval-crossing entries reproduce historical reports on their standardised scales; they do not provide a harmonised physical-unit confidence interval across samples. Appendix H explains the additional conversion required for the final bootstrap output.",,requires_semantic_interpretation,historical_experiment_or_formula; retain source history; not a new B1 estimate or CI,,MR20,"CL02,CL04",not_modified
A-P065,,"60,437","Tables F1 and F2 report the non-calendar coefficient sets for the final combined exposure sample (n = 60,437) and recovery sample (n = 59,834), under LAD and LAD-and-date clustered standard errors. Additive year and month indicators are included in both fits but their individual coefficients are not reproduced here. Point estimates are identical under the two covariance estimators. The development-only customer coefficients in Table D2 use a different sample and are not expected to match Table F2 numerically.",60436,events,current_value_computed_context_requires_revision,D:\Pyprogramme\STST2603\claude_branch\paper_revision_work_v2\R04\tables\core_metrics.csv,"MR11,MR25","CL01,CL02,CL03,CL04,CL05",not_modified
A-P065,,"59,834","Tables F1 and F2 report the non-calendar coefficient sets for the final combined exposure sample (n = 60,437) and recovery sample (n = 59,834), under LAD and LAD-and-date clustered standard errors. Additive year and month indicators are included in both fits but their individual coefficients are not reproduced here. Point estimates are identical under the two covariance estimators. The development-only customer coefficients in Table D2 use a different sample and are not expected to match Table F2 numerically.",60436,events,current_value_computed_context_requires_revision,D:\Pyprogramme\STST2603\claude_branch\paper_revision_work_v2\R04\tables\core_metrics.csv,"MR11,MR25","CL01,CL02,CL03,CL04,CL05",not_modified
A-P066,,"60,437","Table F1. Final combined exposure model (n = 60,437): non-calendar coefficients and clustered standard errors.",,requires_semantic_interpretation,cross_reference_or_caption; content changes recorded in coverage,,,,not_modified
A-T08,row2col2,3.321,3.321,3.2844960164588817,coefficient,current_value_computed,D:\Pyprogramme\STST2603\claude_branch\paper_revision_work_v2\R04\tables\Tables3_F_complete_coefficients.csv,MR08,"CL05,CL06",not_modified
A-T08,row2col3,1.045,1.045,1.0409964930587765,SE,current_value_computed,D:\Pyprogramme\STST2603\claude_branch\paper_revision_work_v2\R04\tables\Tables3_F_complete_coefficients.csv,MR08,"CL05,CL06",not_modified
A-T08,row2col4,0.0015,0.0015,0.0016041775716127,p_normal_CR1_descriptive,current_value_computed,D:\Pyprogramme\STST2603\claude_branch\paper_revision_work_v2\R04\tables\Tables3_F_complete_coefficients.csv,MR08,"CL05,CL06",not_modified
A-T08,row2col5,1.049,1.049,1.0453495068760612,SE,current_value_computed,D:\Pyprogramme\STST2603\claude_branch\paper_revision_work_v2\R04\tables\Tables3_F_complete_coefficients.csv,MR08,"CL05,CL06",not_modified
A-T08,row2col6,0.0015,0.0015,0.0016779372359572,p_normal_CR1_descriptive,current_value_computed,D:\Pyprogramme\STST2603\claude_branch\paper_revision_work_v2\R04\tables\Tables3_F_complete_coefficients.csv,MR08,"CL05,CL06",not_modified
A-T08,row3col2,-0.032,-0.032,-0.0360357595511024,coefficient,current_value_computed,D:\Pyprogramme\STST2603\claude_branch\paper_revision_work_v2\R04\tables\Tables3_F_complete_coefficients.csv,MR08,"CL05,CL06",not_modified
A-T08,row3col3,0.014,0.014,0.0139758089853171,SE,current_value_computed,D:\Pyprogramme\STST2603\claude_branch\paper_revision_work_v2\R04\tables\Tables3_F_complete_coefficients.csv,MR08,"CL05,CL06",not_modified
A-T08,row3col4,0.022,0.022,0.0099248055183769,p_normal_CR1_descriptive,current_value_computed,D:\Pyprogramme\STST2603\claude_branch\paper_revision_work_v2\R04\tables\Tables3_F_complete_coefficients.csv,MR08,"CL05,CL06",not_modified
A-T08,row3col5,0.022,0.022,0.0217379227357945,SE,current_value_computed,D:\Pyprogramme\STST2603\claude_branch\paper_revision_work_v2\R04\tables\Tables3_F_complete_coefficients.csv,MR08,"CL05,CL06",not_modified
A-T08,row3col6,0.142,0.142,0.0973705554475519,p_normal_CR1_descriptive,current_value_computed,D:\Pyprogramme\STST2603\claude_branch\paper_revision_work_v2\R04\tables\Tables3_F_complete_coefficients.csv,MR08,"CL05,CL06",not_modified
A-T08,row4col2,0.103,0.103,0.106019818927991,coefficient,current_value_computed,D:\Pyprogramme\STST2603\claude_branch\paper_revision_work_v2\R04\tables\Tables3_F_complete_coefficients.csv,MR08,"CL05,CL06",not_modified
A-T08,row4col3,0.009,0.009,0.0083464357514341,SE,current_value_computed,D:\Pyprogramme\STST2603\claude_branch\paper_revision_work_v2\R04\tables\Tables3_F_complete_coefficients.csv,MR08,"CL05,CL06",not_modified
A-T08,row4col4,0.001,<0.001,5.733906005294877e-37,p_normal_CR1_descriptive,current_value_computed,D:\Pyprogramme\STST2603\claude_branch\paper_revision_work_v2\R04\tables\Tables3_F_complete_coefficients.csv,MR08,"CL05,CL06",not_modified
A-T08,row4col5,0.031,0.031,0.0319791698585505,SE,current_value_computed,D:\Pyprogramme\STST2603\claude_branch\paper_revision_work_v2\R04\tables\Tables3_F_complete_coefficients.csv,MR08,"CL05,CL06",not_modified
A-T08,row4col6,0.001,<0.001,0.000915522257769,p_normal_CR1_descriptive,current_value_computed,D:\Pyprogramme\STST2603\claude_branch\paper_revision_work_v2\R04\tables\Tables3_F_complete_coefficients.csv,MR08,"CL05,CL06",not_modified
A-T08,row5col2,0.049,0.049,0.0457429738376808,coefficient,current_value_computed,D:\Pyprogramme\STST2603\claude_branch\paper_revision_work_v2\R04\tables\Tables3_F_complete_coefficients.csv,MR08,"CL05,CL06",not_modified
A-T08,row5col3,0.011,0.011,0.0104717720244924,SE,current_value_computed,D:\Pyprogramme\STST2603\claude_branch\paper_revision_work_v2\R04\tables\Tables3_F_complete_coefficients.csv,MR08,"CL05,CL06",not_modified
A-T08,row5col4,0.001,<0.001,1.2526493010730109e-05,p_normal_CR1_descriptive,current_value_computed,D:\Pyprogramme\STST2603\claude_branch\paper_revision_work_v2\R04\tables\Tables3_F_complete_coefficients.csv,MR08,"CL05,CL06",not_modified
A-T08,row5col5,0.016,0.016,0.0162110826505447,SE,current_value_computed,D:\Pyprogramme\STST2603\claude_branch\paper_revision_work_v2\R04\tables\Tables3_F_complete_coefficients.csv,MR08,"CL05,CL06",not_modified
A-T08,row5col6,0.003,0.003,0.0047768353140821,p_normal_CR1_descriptive,current_value_computed,D:\Pyprogramme\STST2603\claude_branch\paper_revision_work_v2\R04\tables\Tables3_F_complete_coefficients.csv,MR08,"CL05,CL06",not_modified
A-T08,row6col2,-0.009,-0.009,-0.0111336338261673,coefficient,current_value_computed,D:\Pyprogramme\STST2603\claude_branch\paper_revision_work_v2\R04\tables\Tables3_F_complete_coefficients.csv,MR08,"CL05,CL06",not_modified
A-T08,row6col3,0.020,0.020,0.0208437435905779,SE,current_value_computed,D:\Pyprogramme\STST2603\claude_branch\paper_revision_work_v2\R04\tables\Tables3_F_complete_coefficients.csv,MR08,"CL05,CL06",not_modified
A-T08,row6col4,0.660,0.660,0.5932394786581827,p_normal_CR1_descriptive,current_value_computed,D:\Pyprogramme\STST2603\claude_branch\paper_revision_work_v2\R04\tables\Tables3_F_complete_coefficients.csv,MR08,"CL05,CL06",not_modified
A-T08,row6col5,0.041,0.041,0.0417683276315402,SE,current_value_computed,D:\Pyprogramme\STST2603\claude_branch\paper_revision_work_v2\R04\tables\Tables3_F_complete_coefficients.csv,MR08,"CL05,CL06",not_modified
A-T08,row6col6,0.829,0.829,0.7898103828238578,p_normal_CR1_descriptive,current_value_computed,D:\Pyprogramme\STST2603\claude_branch\paper_revision_work_v2\R04\tables\Tables3_F_complete_coefficients.csv,MR08,"CL05,CL06",not_modified
A-T08,row7col2,-0.084,-0.084,-0.0904688695588858,coefficient,current_value_computed,D:\Pyprogramme\STST2603\claude_branch\paper_revision_work_v2\R04\tables\Tables3_F_complete_coefficients.csv,MR08,"CL05,CL06",not_modified
A-T08,row7col3,0.011,0.011,0.0112243801609988,SE,current_value_computed,D:\Pyprogramme\STST2603\claude_branch\paper_revision_work_v2\R04\tables\Tables3_F_complete_coefficients.csv,MR08,"CL05,CL06",not_modified
A-T08,row7col4,0.001,<0.001,7.6274130191452825e-16,p_normal_CR1_descriptive,current_value_computed,D:\Pyprogramme\STST2603\claude_branch\paper_revision_work_v2\R04\tables\Tables3_F_complete_coefficients.csv,MR08,"CL05,CL06",not_modified
A-T08,row7col5,0.022,0.022,0.0231038213445497,SE,current_value_computed,D:\Pyprogramme\STST2603\claude_branch\paper_revision_work_v2\R04\tables\Tables3_F_complete_coefficients.csv,MR08,"CL05,CL06",not_modified
A-T08,row7col6,0.001,<0.001,9.01222885335129e-05,p_normal_CR1_descriptive,current_value_computed,D:\Pyprogramme\STST2603\claude_branch\paper_revision_work_v2\R04\tables\Tables3_F_complete_coefficients.csv,MR08,"CL05,CL06",not_modified
A-T08,row8col2,-0.041,-0.041,-0.0465836200775914,coefficient,current_value_computed,D:\Pyprogramme\STST2603\claude_branch\paper_revision_work_v2\R04\tables\Tables3_F_complete_coefficients.csv,MR08,"CL05,CL06",not_modified
A-T08,row8col3,0.009,0.009,0.0086693048205372,SE,current_value_computed,D:\Pyprogramme\STST2603\claude_branch\paper_revision_work_v2\R04\tables\Tables3_F_complete_coefficients.csv,MR08,"CL05,CL06",not_modified
A-T08,row8col4,0.001,<0.001,7.726677388866191e-08,p_normal_CR1_descriptive,current_value_computed,D:\Pyprogramme\STST2603\claude_branch\paper_revision_work_v2\R04\tables\Tables3_F_complete_coefficients.csv,MR08,"CL05,CL06",not_modified
A-T08,row8col5,0.025,0.025,0.0276250385102014,SE,current_value_computed,D:\Pyprogramme\STST2603\claude_branch\paper_revision_work_v2\R04\tables\Tables3_F_complete_coefficients.csv,MR08,"CL05,CL06",not_modified
A-T08,row8col6,0.102,0.102,0.0917413925737066,p_normal_CR1_descriptive,current_value_computed,D:\Pyprogramme\STST2603\claude_branch\paper_revision_work_v2\R04\tables\Tables3_F_complete_coefficients.csv,MR08,"CL05,CL06",not_modified
A-T08,row9col2,-0.158,-0.158,-0.155834889891181,coefficient,current_value_computed,D:\Pyprogramme\STST2603\claude_branch\paper_revision_work_v2\R04\tables\Tables3_F_complete_coefficients.csv,MR08,"CL05,CL06",not_modified
A-T08,row9col3,0.077,0.077,0.0766188177064379,SE,current_value_computed,D:\Pyprogramme\STST2603\claude_branch\paper_revision_work_v2\R04\tables\Tables3_F_complete_coefficients.csv,MR08,"CL05,CL06",not_modified
A-T08,row9col4,0.039,0.039,0.0419618414478329,p_normal_CR1_descriptive,current_value_computed,D:\Pyprogramme\STST2603\claude_branch\paper_revision_work_v2\R04\tables\Tables3_F_complete_coefficients.csv,MR08,"CL05,CL06",not_modified
A-T08,row9col5,0.077,0.077,0.0768067868138772,SE,current_value_computed,D:\Pyprogramme\STST2603\claude_branch\paper_revision_work_v2\R04\tables\Tables3_F_complete_coefficients.csv,MR08,"CL05,CL06",not_modified
A-T08,row9col6,0.040,0.040,0.0424663544497163,p_normal_CR1_descriptive,current_value_computed,D:\Pyprogramme\STST2603\claude_branch\paper_revision_work_v2\R04\tables\Tables3_F_complete_coefficients.csv,MR08,"CL05,CL06",not_modified
A-T08,row10col2,-0.079,-0.079,-0.0775143531757319,coefficient,current_value_computed,D:\Pyprogramme\STST2603\claude_branch\paper_revision_work_v2\R04\tables\Tables3_F_complete_coefficients.csv,MR08,"CL05,CL06",not_modified
A-T08,row10col3,0.089,0.089,0.0887134200463839,SE,current_value_computed,D:\Pyprogramme\STST2603\claude_branch\paper_revision_work_v2\R04\tables\Tables3_F_complete_coefficients.csv,MR08,"CL05,CL06",not_modified
A-T08,row10col4,0.375,0.375,0.3822482602890902,p_normal_CR1_descriptive,current_value_computed,D:\Pyprogramme\STST2603\claude_branch\paper_revision_work_v2\R04\tables\Tables3_F_complete_coefficients.csv,MR08,"CL05,CL06",not_modified
A-T08,row10col5,0.089,0.089,0.0886789298707125,SE,current_value_computed,D:\Pyprogramme\STST2603\claude_branch\paper_revision_work_v2\R04\tables\Tables3_F_complete_coefficients.csv,MR08,"CL05,CL06",not_modified
A-T08,row10col6,0.375,0.375,0.3820631799143255,p_normal_CR1_descriptive,current_value_computed,D:\Pyprogramme\STST2603\claude_branch\paper_revision_work_v2\R04\tables\Tables3_F_complete_coefficients.csv,MR08,"CL05,CL06",not_modified
A-T08,row11col2,-3.203,-3.203,-3.1803620830587227,coefficient,current_value_computed,D:\Pyprogramme\STST2603\claude_branch\paper_revision_work_v2\R04\tables\Tables3_F_complete_coefficients.csv,MR08,"CL05,CL06",not_modified
A-T08,row11col3,0.905,0.905,0.9048089951834204,SE,current_value_computed,D:\Pyprogramme\STST2603\claude_branch\paper_revision_work_v2\R04\tables\Tables3_F_complete_coefficients.csv,MR08,"CL05,CL06",not_modified
A-T08,row11col4,0.001,<0.001,0.0004398300085559,p_normal_CR1_descriptive,current_value_computed,D:\Pyprogramme\STST2603\claude_branch\paper_revision_work_v2\R04\tables\Tables3_F_complete_coefficients.csv,MR08,"CL05,CL06",not_modified
A-T08,row11col5,0.916,0.916,0.9167644178458074,SE,current_value_computed,D:\Pyprogramme\STST2603\claude_branch\paper_revision_work_v2\R04\tables\Tables3_F_complete_coefficients.csv,MR08,"CL05,CL06",not_modified
A-T08,row11col6,0.001,<0.001,0.0005221739997746,p_normal_CR1_descriptive,current_value_computed,D:\Pyprogramme\STST2603\claude_branch\paper_revision_work_v2\R04\tables\Tables3_F_complete_coefficients.csv,MR08,"CL05,CL06",not_modified
A-T08,row12col2,0.178,0.178,0.175698010750466,coefficient,current_value_computed,D:\Pyprogramme\STST2603\claude_branch\paper_revision_work_v2\R04\tables\Tables3_F_complete_coefficients.csv,MR08,"CL05,CL06",not_modified
A-T08,row12col3,0.548,0.548,0.5464162999333938,SE,current_value_computed,D:\Pyprogramme\STST2603\claude_branch\paper_revision_work_v2\R04\tables\Tables3_F_complete_coefficients.csv,MR08,"CL05,CL06",not_modified
A-T08,row12col4,0.745,0.745,0.7477966097108144,p_normal_CR1_descriptive,current_value_computed,D:\Pyprogramme\STST2603\claude_branch\paper_revision_work_v2\R04\tables\Tables3_F_complete_coefficients.csv,MR08,"CL05,CL06",not_modified
A-T08,row12col5,0.545,0.545,0.5426878647144462,SE,current_value_computed,D:\Pyprogramme\STST2603\claude_branch\paper_revision_work_v2\R04\tables\Tables3_F_complete_coefficients.csv,MR08,"CL05,CL06",not_modified
A-T08,row12col6,0.743,0.743,0.7461233864231571,p_normal_CR1_descriptive,current_value_computed,D:\Pyprogramme\STST2603\claude_branch\paper_revision_work_v2\R04\tables\Tables3_F_complete_coefficients.csv,MR08,"CL05,CL06",not_modified
A-T08,row13col2,-0.027,-0.027,-0.0258985596323963,coefficient,current_value_computed,D:\Pyprogramme\STST2603\claude_branch\paper_revision_work_v2\R04\tables\Tables3_F_complete_coefficients.csv,MR08,"CL05,CL06",not_modified
A-T08,row13col3,0.241,0.241,0.2407625972420548,SE,current_value_computed,D:\Pyprogramme\STST2603\claude_branch\paper_revision_work_v2\R04\tables\Tables3_F_complete_coefficients.csv,MR08,"CL05,CL06",not_modified
A-T08,row13col4,0.909,0.909,0.9143376947465238,p_normal_CR1_descriptive,current_value_computed,D:\Pyprogramme\STST2603\claude_branch\paper_revision_work_v2\R04\tables\Tables3_F_complete_coefficients.csv,MR08,"CL05,CL06",not_modified
A-T08,row13col5,0.240,0.240,0.2394599825738235,SE,current_value_computed,D:\Pyprogramme\STST2603\claude_branch\paper_revision_work_v2\R04\tables\Tables3_F_complete_coefficients.csv,MR08,"CL05,CL06",not_modified
A-T08,row13col6,0.909,0.909,0.9138735180281524,p_normal_CR1_descriptive,current_value_computed,D:\Pyprogramme\STST2603\claude_branch\paper_revision_work_v2\R04\tables\Tables3_F_complete_coefficients.csv,MR08,"CL05,CL06",not_modified
A-P067,,"59,834","Table F2. Final combined recovery model (n = 59,834): non-calendar coefficients and clustered standard errors.",,requires_semantic_interpretation,cross_reference_or_caption; content changes recorded in coverage,,,,not_modified
A-T09,row2col2,1.678,1.678,1.7153754037082043,coefficient,current_value_computed,D:\Pyprogramme\STST2603\claude_branch\paper_revision_work_v2\R04\tables\Tables3_F_complete_coefficients.csv,MR08,"CL05,CL06",not_modified
A-T09,row2col3,0.259,0.259,0.2626026598084136,SE,current_value_computed,D:\Pyprogramme\STST2603\claude_branch\paper_revision_work_v2\R04\tables\Tables3_F_complete_coefficients.csv,MR08,"CL05,CL06",not_modified
A-T09,row2col4,0.001,<0.001,6.480672108854854e-11,p_normal_CR1_descriptive,current_value_computed,D:\Pyprogramme\STST2603\claude_branch\paper_revision_work_v2\R04\tables\Tables3_F_complete_coefficients.csv,MR08,"CL05,CL06",not_modified
A-T09,row2col5,0.268,0.268,0.2700192409689306,SE,current_value_computed,D:\Pyprogramme\STST2603\claude_branch\paper_revision_work_v2\R04\tables\Tables3_F_complete_coefficients.csv,MR08,"CL05,CL06",not_modified
A-T09,row2col6,0.001,<0.001,2.1144495134570087e-10,p_normal_CR1_descriptive,current_value_computed,D:\Pyprogramme\STST2603\claude_branch\paper_revision_work_v2\R04\tables\Tables3_F_complete_coefficients.csv,MR08,"CL05,CL06",not_modified
A-T09,row3col2,0.000,0.000,-0.007378949069827,coefficient,current_value_computed,D:\Pyprogramme\STST2603\claude_branch\paper_revision_work_v2\R04\tables\Tables3_F_complete_coefficients.csv,MR08,"CL05,CL06",not_modified
A-T09,row3col3,0.009,0.009,0.0092688178419489,SE,current_value_computed,D:\Pyprogramme\STST2603\claude_branch\paper_revision_work_v2\R04\tables\Tables3_F_complete_coefficients.csv,MR08,"CL05,CL06",not_modified
A-T09,row3col4,0.982,0.982,0.4259712062647932,p_normal_CR1_descriptive,current_value_computed,D:\Pyprogramme\STST2603\claude_branch\paper_revision_work_v2\R04\tables\Tables3_F_complete_coefficients.csv,MR08,"CL05,CL06",not_modified
A-T09,row3col5,0.017,0.017,0.0184596724351184,SE,current_value_computed,D:\Pyprogramme\STST2603\claude_branch\paper_revision_work_v2\R04\tables\Tables3_F_complete_coefficients.csv,MR08,"CL05,CL06",not_modified
A-T09,row3col6,0.991,0.991,0.6893528312465287,p_normal_CR1_descriptive,current_value_computed,D:\Pyprogramme\STST2603\claude_branch\paper_revision_work_v2\R04\tables\Tables3_F_complete_coefficients.csv,MR08,"CL05,CL06",not_modified
A-T09,row4col2,0.079,0.079,0.0878421321724063,coefficient,current_value_computed,D:\Pyprogramme\STST2603\claude_branch\paper_revision_work_v2\R04\tables\Tables3_F_complete_coefficients.csv,MR08,"CL05,CL06",not_modified
A-T09,row4col3,0.006,0.006,0.0064155132731828,SE,current_value_computed,D:\Pyprogramme\STST2603\claude_branch\paper_revision_work_v2\R04\tables\Tables3_F_complete_coefficients.csv,MR08,"CL05,CL06",not_modified
A-T09,row4col4,0.001,<0.001,1.1312131510408097e-42,p_normal_CR1_descriptive,current_value_computed,D:\Pyprogramme\STST2603\claude_branch\paper_revision_work_v2\R04\tables\Tables3_F_complete_coefficients.csv,MR08,"CL05,CL06",not_modified
A-T09,row4col5,0.008,0.008,0.0083621619326606,SE,current_value_computed,D:\Pyprogramme\STST2603\claude_branch\paper_revision_work_v2\R04\tables\Tables3_F_complete_coefficients.csv,MR08,"CL05,CL06",not_modified
A-T09,row4col6,0.001,<0.001,8.217017733911217e-26,p_normal_CR1_descriptive,current_value_computed,D:\Pyprogramme\STST2603\claude_branch\paper_revision_work_v2\R04\tables\Tables3_F_complete_coefficients.csv,MR08,"CL05,CL06",not_modified
A-T09,row5col2,0.050,0.050,0.050303766600442,coefficient,current_value_computed,D:\Pyprogramme\STST2603\claude_branch\paper_revision_work_v2\R04\tables\Tables3_F_complete_coefficients.csv,MR08,"CL05,CL06",not_modified
A-T09,row5col3,0.006,0.006,0.0062252037449519,SE,current_value_computed,D:\Pyprogramme\STST2603\claude_branch\paper_revision_work_v2\R04\tables\Tables3_F_complete_coefficients.csv,MR08,"CL05,CL06",not_modified
A-T09,row5col4,0.001,<0.001,6.441618509088131e-16,p_normal_CR1_descriptive,current_value_computed,D:\Pyprogramme\STST2603\claude_branch\paper_revision_work_v2\R04\tables\Tables3_F_complete_coefficients.csv,MR08,"CL05,CL06",not_modified
A-T09,row5col5,0.009,0.009,0.0100017828771731,SE,current_value_computed,D:\Pyprogramme\STST2603\claude_branch\paper_revision_work_v2\R04\tables\Tables3_F_complete_coefficients.csv,MR08,"CL05,CL06",not_modified
A-T09,row5col6,0.001,<0.001,4.91811883491983e-07,p_normal_CR1_descriptive,current_value_computed,D:\Pyprogramme\STST2603\claude_branch\paper_revision_work_v2\R04\tables\Tables3_F_complete_coefficients.csv,MR08,"CL05,CL06",not_modified
A-T09,row6col2,-0.073,-0.073,-0.0665531180686735,coefficient,current_value_computed,D:\Pyprogramme\STST2603\claude_branch\paper_revision_work_v2\R04\tables\Tables3_F_complete_coefficients.csv,MR08,"CL05,CL06",not_modified
A-T09,row6col3,0.010,0.010,0.0100797025504281,SE,current_value_computed,D:\Pyprogramme\STST2603\claude_branch\paper_revision_work_v2\R04\tables\Tables3_F_complete_coefficients.csv,MR08,"CL05,CL06",not_modified
A-T09,row6col4,0.001,<0.001,4.0377225196387406e-11,p_normal_CR1_descriptive,current_value_computed,D:\Pyprogramme\STST2603\claude_branch\paper_revision_work_v2\R04\tables\Tables3_F_complete_coefficients.csv,MR08,"CL05,CL06",not_modified
A-T09,row6col5,0.018,0.018,0.0184811837845394,SE,current_value_computed,D:\Pyprogramme\STST2603\claude_branch\paper_revision_work_v2\R04\tables\Tables3_F_complete_coefficients.csv,MR08,"CL05,CL06",not_modified
A-T09,row6col6,0.001,<0.001,0.0003168388912532,p_normal_CR1_descriptive,current_value_computed,D:\Pyprogramme\STST2603\claude_branch\paper_revision_work_v2\R04\tables\Tables3_F_complete_coefficients.csv,MR08,"CL05,CL06",not_modified
A-T09,row7col2,-0.039,-0.039,-0.0438723123973069,coefficient,current_value_computed,D:\Pyprogramme\STST2603\claude_branch\paper_revision_work_v2\R04\tables\Tables3_F_complete_coefficients.csv,MR08,"CL05,CL06",not_modified
A-T09,row7col3,0.008,0.008,0.0079596366093746,SE,current_value_computed,D:\Pyprogramme\STST2603\claude_branch\paper_revision_work_v2\R04\tables\Tables3_F_complete_coefficients.csv,MR08,"CL05,CL06",not_modified
A-T09,row7col4,0.001,<0.001,3.5508418088515284e-08,p_normal_CR1_descriptive,current_value_computed,D:\Pyprogramme\STST2603\claude_branch\paper_revision_work_v2\R04\tables\Tables3_F_complete_coefficients.csv,MR08,"CL05,CL06",not_modified
A-T09,row7col5,0.015,0.015,0.0160052872562415,SE,current_value_computed,D:\Pyprogramme\STST2603\claude_branch\paper_revision_work_v2\R04\tables\Tables3_F_complete_coefficients.csv,MR08,"CL05,CL06",not_modified
A-T09,row7col6,0.009,0.009,0.0061231312074714,p_normal_CR1_descriptive,current_value_computed,D:\Pyprogramme\STST2603\claude_branch\paper_revision_work_v2\R04\tables\Tables3_F_complete_coefficients.csv,MR08,"CL05,CL06",not_modified
A-T09,row8col2,0.025,0.025,0.0208228827693973,coefficient,current_value_computed,D:\Pyprogramme\STST2603\claude_branch\paper_revision_work_v2\R04\tables\Tables3_F_complete_coefficients.csv,MR08,"CL05,CL06",not_modified
A-T09,row8col3,0.009,0.009,0.0096959121082528,SE,current_value_computed,D:\Pyprogramme\STST2603\claude_branch\paper_revision_work_v2\R04\tables\Tables3_F_complete_coefficients.csv,MR08,"CL05,CL06",not_modified
A-T09,row8col4,0.007,0.007,0.0317460216577962,p_normal_CR1_descriptive,current_value_computed,D:\Pyprogramme\STST2603\claude_branch\paper_revision_work_v2\R04\tables\Tables3_F_complete_coefficients.csv,MR08,"CL05,CL06",not_modified
A-T09,row8col5,0.016,0.016,0.0177501556698204,SE,current_value_computed,D:\Pyprogramme\STST2603\claude_branch\paper_revision_work_v2\R04\tables\Tables3_F_complete_coefficients.csv,MR08,"CL05,CL06",not_modified
A-T09,row8col6,0.105,0.105,0.2407517499125384,p_normal_CR1_descriptive,current_value_computed,D:\Pyprogramme\STST2603\claude_branch\paper_revision_work_v2\R04\tables\Tables3_F_complete_coefficients.csv,MR08,"CL05,CL06",not_modified
A-T09,row9col2,0.136,0.136,0.1378421854210411,coefficient,current_value_computed,D:\Pyprogramme\STST2603\claude_branch\paper_revision_work_v2\R04\tables\Tables3_F_complete_coefficients.csv,MR08,"CL05,CL06",not_modified
A-T09,row9col3,0.037,0.037,0.0386652064007553,SE,current_value_computed,D:\Pyprogramme\STST2603\claude_branch\paper_revision_work_v2\R04\tables\Tables3_F_complete_coefficients.csv,MR08,"CL05,CL06",not_modified
A-T09,row9col4,0.001,<0.001,0.0003638301910114,p_normal_CR1_descriptive,current_value_computed,D:\Pyprogramme\STST2603\claude_branch\paper_revision_work_v2\R04\tables\Tables3_F_complete_coefficients.csv,MR08,"CL05,CL06",not_modified
A-T09,row9col5,0.037,0.037,0.0393541314529805,SE,current_value_computed,D:\Pyprogramme\STST2603\claude_branch\paper_revision_work_v2\R04\tables\Tables3_F_complete_coefficients.csv,MR08,"CL05,CL06",not_modified
A-T09,row9col6,0.001,<0.001,0.000460723017411,p_normal_CR1_descriptive,current_value_computed,D:\Pyprogramme\STST2603\claude_branch\paper_revision_work_v2\R04\tables\Tables3_F_complete_coefficients.csv,MR08,"CL05,CL06",not_modified
A-T09,row10col2,0.014,0.014,0.0095692563411053,coefficient,current_value_computed,D:\Pyprogramme\STST2603\claude_branch\paper_revision_work_v2\R04\tables\Tables3_F_complete_coefficients.csv,MR08,"CL05,CL06",not_modified
A-T09,row10col3,0.023,0.023,0.0230079500389576,SE,current_value_computed,D:\Pyprogramme\STST2603\claude_branch\paper_revision_work_v2\R04\tables\Tables3_F_complete_coefficients.csv,MR08,"CL05,CL06",not_modified
A-T09,row10col4,0.525,0.525,0.6774752307207237,p_normal_CR1_descriptive,current_value_computed,D:\Pyprogramme\STST2603\claude_branch\paper_revision_work_v2\R04\tables\Tables3_F_complete_coefficients.csv,MR08,"CL05,CL06",not_modified
A-T09,row10col5,0.023,0.023,0.0230897729721848,SE,current_value_computed,D:\Pyprogramme\STST2603\claude_branch\paper_revision_work_v2\R04\tables\Tables3_F_complete_coefficients.csv,MR08,"CL05,CL06",not_modified
A-T09,row10col6,0.527,0.527,0.6785540933127616,p_normal_CR1_descriptive,current_value_computed,D:\Pyprogramme\STST2603\claude_branch\paper_revision_work_v2\R04\tables\Tables3_F_complete_coefficients.csv,MR08,"CL05,CL06",not_modified
A-T09,row11col2,0.160,0.160,0.5956553750215532,coefficient,current_value_computed,D:\Pyprogramme\STST2603\claude_branch\paper_revision_work_v2\R04\tables\Tables3_F_complete_coefficients.csv,MR08,"CL05,CL06",not_modified
A-T09,row11col3,0.541,0.541,0.5626992877760234,SE,current_value_computed,D:\Pyprogramme\STST2603\claude_branch\paper_revision_work_v2\R04\tables\Tables3_F_complete_coefficients.csv,MR08,"CL05,CL06",not_modified
A-T09,row11col4,0.768,0.768,0.2897966353601248,p_normal_CR1_descriptive,current_value_computed,D:\Pyprogramme\STST2603\claude_branch\paper_revision_work_v2\R04\tables\Tables3_F_complete_coefficients.csv,MR08,"CL05,CL06",not_modified
A-T09,row11col5,0.543,0.543,0.5650494528868336,SE,current_value_computed,D:\Pyprogramme\STST2603\claude_branch\paper_revision_work_v2\R04\tables\Tables3_F_complete_coefficients.csv,MR08,"CL05,CL06",not_modified
A-T09,row11col6,0.769,0.769,0.2918073661464428,p_normal_CR1_descriptive,current_value_computed,D:\Pyprogramme\STST2603\claude_branch\paper_revision_work_v2\R04\tables\Tables3_F_complete_coefficients.csv,MR08,"CL05,CL06",not_modified
A-T09,row12col2,-0.176,-0.176,-0.3152592127934771,coefficient,current_value_computed,D:\Pyprogramme\STST2603\claude_branch\paper_revision_work_v2\R04\tables\Tables3_F_complete_coefficients.csv,MR08,"CL05,CL06",not_modified
A-T09,row12col3,0.466,0.466,0.4711834563559194,SE,current_value_computed,D:\Pyprogramme\STST2603\claude_branch\paper_revision_work_v2\R04\tables\Tables3_F_complete_coefficients.csv,MR08,"CL05,CL06",not_modified
A-T09,row12col4,0.706,0.706,0.5034447371860942,p_normal_CR1_descriptive,current_value_computed,D:\Pyprogramme\STST2603\claude_branch\paper_revision_work_v2\R04\tables\Tables3_F_complete_coefficients.csv,MR08,"CL05,CL06",not_modified
A-T09,row12col5,0.462,0.462,0.4670936319300362,SE,current_value_computed,D:\Pyprogramme\STST2603\claude_branch\paper_revision_work_v2\R04\tables\Tables3_F_complete_coefficients.csv,MR08,"CL05,CL06",not_modified
A-T09,row12col6,0.704,0.704,0.4997151958833398,p_normal_CR1_descriptive,current_value_computed,D:\Pyprogramme\STST2603\claude_branch\paper_revision_work_v2\R04\tables\Tables3_F_complete_coefficients.csv,MR08,"CL05,CL06",not_modified
A-T09,row13col2,0.262,0.262,0.2891675381938069,coefficient,current_value_computed,D:\Pyprogramme\STST2603\claude_branch\paper_revision_work_v2\R04\tables\Tables3_F_complete_coefficients.csv,MR08,"CL05,CL06",not_modified
A-T09,row13col3,0.126,0.126,0.1314162683138128,SE,current_value_computed,D:\Pyprogramme\STST2603\claude_branch\paper_revision_work_v2\R04\tables\Tables3_F_complete_coefficients.csv,MR08,"CL05,CL06",not_modified
A-T09,row13col4,0.037,0.037,0.0277789694000587,p_normal_CR1_descriptive,current_value_computed,D:\Pyprogramme\STST2603\claude_branch\paper_revision_work_v2\R04\tables\Tables3_F_complete_coefficients.csv,MR08,"CL05,CL06",not_modified
A-T09,row13col5,0.124,0.124,0.1293801708121587,SE,current_value_computed,D:\Pyprogramme\STST2603\claude_branch\paper_revision_work_v2\R04\tables\Tables3_F_complete_coefficients.csv,MR08,"CL05,CL06",not_modified
A-T09,row13col6,0.034,0.034,0.0254158993533008,p_normal_CR1_descriptive,current_value_computed,D:\Pyprogramme\STST2603\claude_branch\paper_revision_work_v2\R04\tables\Tables3_F_complete_coefficients.csv,MR08,"CL05,CL06",not_modified
A-T09,row14col1,1,Standardised log(1 + customers),,requires_semantic_interpretation,current_replacement_dataset_available_not_automatic_token_substitution,D:\Pyprogramme\STST2603\claude_branch\paper_revision_work_v2\R04\tables\Tables3_F_complete_coefficients.csv,MR08,"CL05,CL06",not_modified
A-T09,row14col2,0.339,0.339,0.2860675937751148,coefficient,current_value_computed,D:\Pyprogramme\STST2603\claude_branch\paper_revision_work_v2\R04\tables\Tables3_F_complete_coefficients.csv,MR08,"CL05,CL06",not_modified
A-T09,row14col3,0.020,0.020,0.0204644687052157,SE,current_value_computed,D:\Pyprogramme\STST2603\claude_branch\paper_revision_work_v2\R04\tables\Tables3_F_complete_coefficients.csv,MR08,"CL05,CL06",not_modified
A-T09,row14col4,0.001,<0.001,2.101607078618461e-44,p_normal_CR1_descriptive,current_value_computed,D:\Pyprogramme\STST2603\claude_branch\paper_revision_work_v2\R04\tables\Tables3_F_complete_coefficients.csv,MR08,"CL05,CL06",not_modified
A-T09,row14col5,0.023,0.023,0.0231482948106271,SE,current_value_computed,D:\Pyprogramme\STST2603\claude_branch\paper_revision_work_v2\R04\tables\Tables3_F_complete_coefficients.csv,MR08,"CL05,CL06",not_modified
A-T09,row14col6,0.001,<0.001,4.4076334519024075e-35,p_normal_CR1_descriptive,current_value_computed,D:\Pyprogramme\STST2603\claude_branch\paper_revision_work_v2\R04\tables\Tables3_F_complete_coefficients.csv,MR08,"CL05,CL06",not_modified
A-T09,row15col1,1,Squared standardised log(1 + customers),,requires_semantic_interpretation,current_replacement_dataset_available_not_automatic_token_substitution,D:\Pyprogramme\STST2603\claude_branch\paper_revision_work_v2\R04\tables\Tables3_F_complete_coefficients.csv,MR08,"CL05,CL06",not_modified
A-T09,row15col2,-0.396,-0.396,-0.3652604887580347,coefficient,current_value_computed,D:\Pyprogramme\STST2603\claude_branch\paper_revision_work_v2\R04\tables\Tables3_F_complete_coefficients.csv,MR08,"CL05,CL06",not_modified
A-T09,row15col3,0.021,0.021,0.0205596572457654,SE,current_value_computed,D:\Pyprogramme\STST2603\claude_branch\paper_revision_work_v2\R04\tables\Tables3_F_complete_coefficients.csv,MR08,"CL05,CL06",not_modified
A-T09,row15col4,0.001,<0.001,1.2987753534238332e-70,p_normal_CR1_descriptive,current_value_computed,D:\Pyprogramme\STST2603\claude_branch\paper_revision_work_v2\R04\tables\Tables3_F_complete_coefficients.csv,MR08,"CL05,CL06",not_modified
A-T09,row15col5,0.023,0.023,0.0234294034001515,SE,current_value_computed,D:\Pyprogramme\STST2603\claude_branch\paper_revision_work_v2\R04\tables\Tables3_F_complete_coefficients.csv,MR08,"CL05,CL06",not_modified
A-T09,row15col6,0.001,<0.001,8.535625597804726e-55,p_normal_CR1_descriptive,current_value_computed,D:\Pyprogramme\STST2603\claude_branch\paper_revision_work_v2\R04\tables\Tables3_F_complete_coefficients.csv,MR08,"CL05,CL06",not_modified
A-P070,,4.3,Appendix G describes the association between gust conditions and membership of the analytical weather-related Cause Code group. This bears on covariate support for the exposure comparison in Section 4.3; it does not identify why any particular incident received its code.,,requires_semantic_interpretation,cross_reference_or_caption; content changes recorded in coverage,,MR09,"CL01,CL03",not_modified
A-P071,,6.89,"The supplied cause-distribution summaries group incidents by gust decile. The weather-related share rises from 6.89 percent in the lowest decile to 56.10 percent in the highest, increasing across all nine adjacent comparisons (Table G1). These are unadjusted group proportions; they do not compare otherwise identical incidents.",6.933842239185751,percent; main-population deciles,current_value_computed_context_requires_revision,D:\Pyprogramme\STST2603\claude_branch\paper_revision_work_v2\R04\tables\AppendixG_main_gust_deciles.csv,,,not_modified
A-P071,,56.10,"The supplied cause-distribution summaries group incidents by gust decile. The weather-related share rises from 6.89 percent in the lowest decile to 56.10 percent in the highest, increasing across all nine adjacent comparisons (Table G1). These are unadjusted group proportions; they do not compare otherwise identical incidents.",57.07138092061374,percent; main-population deciles,current_value_computed_context_requires_revision,D:\Pyprogramme\STST2603\claude_branch\paper_revision_work_v2\R04\tables\AppendixG_main_gust_deciles.csv,,,not_modified
A-T10,row2col2,6.89%,6.89%,6.933842239185751,percent of main bin,current_main_population_counterpart; six-group deciles separately archived,D:\Pyprogramme\STST2603\claude_branch\paper_revision_work_v2\R04\tables\AppendixG_main_gust_deciles.csv,,,not_modified
A-T10,row3col1,2,2nd,,requires_semantic_interpretation,current_replacement_dataset_available_not_automatic_token_substitution,D:\Pyprogramme\STST2603\claude_branch\paper_revision_work_v2\R04\tables\AppendixG_gust_deciles.csv,,,not_modified
A-T10,row3col2,8.07%,8.07%,8.060965283657916,percent of main bin,current_main_population_counterpart; six-group deciles separately archived,D:\Pyprogramme\STST2603\claude_branch\paper_revision_work_v2\R04\tables\AppendixG_main_gust_deciles.csv,,,not_modified
A-T10,row4col1,3,3rd,,requires_semantic_interpretation,current_replacement_dataset_available_not_automatic_token_substitution,D:\Pyprogramme\STST2603\claude_branch\paper_revision_work_v2\R04\tables\AppendixG_gust_deciles.csv,,,not_modified
A-T10,row4col2,9.55%,9.55%,9.1868203213764,percent of main bin,current_main_population_counterpart; six-group deciles separately archived,D:\Pyprogramme\STST2603\claude_branch\paper_revision_work_v2\R04\tables\AppendixG_main_gust_deciles.csv,,,not_modified
A-T10,row5col1,4,4th,,requires_semantic_interpretation,current_replacement_dataset_available_not_automatic_token_substitution,D:\Pyprogramme\STST2603\claude_branch\paper_revision_work_v2\R04\tables\AppendixG_gust_deciles.csv,,,not_modified
A-T10,row5col2,9.74%,9.74%,10.101514395074055,percent of main bin,current_main_population_counterpart; six-group deciles separately archived,D:\Pyprogramme\STST2603\claude_branch\paper_revision_work_v2\R04\tables\AppendixG_main_gust_deciles.csv,,,not_modified
A-T10,row6col1,5,5th,,requires_semantic_interpretation,current_replacement_dataset_available_not_automatic_token_substitution,D:\Pyprogramme\STST2603\claude_branch\paper_revision_work_v2\R04\tables\AppendixG_gust_deciles.csv,,,not_modified
A-T10,row6col2,10.64%,10.64%,10.625293841090738,percent of main bin,current_main_population_counterpart; six-group deciles separately archived,D:\Pyprogramme\STST2603\claude_branch\paper_revision_work_v2\R04\tables\AppendixG_main_gust_deciles.csv,,,not_modified
A-T10,row7col1,6,6th,,requires_semantic_interpretation,current_replacement_dataset_available_not_automatic_token_substitution,D:\Pyprogramme\STST2603\claude_branch\paper_revision_work_v2\R04\tables\AppendixG_gust_deciles.csv,,,not_modified
A-T10,row7col2,11.05%,11.05%,10.892612859097127,percent of main bin,current_main_population_counterpart; six-group deciles separately archived,D:\Pyprogramme\STST2603\claude_branch\paper_revision_work_v2\R04\tables\AppendixG_main_gust_deciles.csv,,,not_modified
A-T10,row8col1,7,7th,,requires_semantic_interpretation,current_replacement_dataset_available_not_automatic_token_substitution,D:\Pyprogramme\STST2603\claude_branch\paper_revision_work_v2\R04\tables\AppendixG_gust_deciles.csv,,,not_modified
A-T10,row8col2,12.78%,12.78%,12.423832092078538,percent of main bin,current_main_population_counterpart; six-group deciles separately archived,D:\Pyprogramme\STST2603\claude_branch\paper_revision_work_v2\R04\tables\AppendixG_main_gust_deciles.csv,,,not_modified
A-T10,row9col1,8,8th,,requires_semantic_interpretation,current_replacement_dataset_available_not_automatic_token_substitution,D:\Pyprogramme\STST2603\claude_branch\paper_revision_work_v2\R04\tables\AppendixG_gust_deciles.csv,,,not_modified
A-T10,row9col2,15.74%,15.74%,15.165954650016431,percent of main bin,current_main_population_counterpart; six-group deciles separately archived,D:\Pyprogramme\STST2603\claude_branch\paper_revision_work_v2\R04\tables\AppendixG_main_gust_deciles.csv,,,not_modified
A-T10,row10col1,9,9th,,requires_semantic_interpretation,current_replacement_dataset_available_not_automatic_token_substitution,D:\Pyprogramme\STST2603\claude_branch\paper_revision_work_v2\R04\tables\AppendixG_gust_deciles.csv,,,not_modified
A-T10,row10col2,23.30%,23.30%,23.53946019815511,percent of main bin,current_main_population_counterpart; six-group deciles separately archived,D:\Pyprogramme\STST2603\claude_branch\paper_revision_work_v2\R04\tables\AppendixG_main_gust_deciles.csv,,,not_modified
A-T10,row11col2,56.10%,56.10%,57.07138092061374,percent of main bin,current_main_population_counterpart; six-group deciles separately archived,D:\Pyprogramme\STST2603\claude_branch\paper_revision_work_v2\R04\tables\AppendixG_main_gust_deciles.csv,,,not_modified
A-P073,,63.70,"In the full combined exposure sample, 63.70 percent of incidents have gust below the fitted reference value of 10.69 m/s; the corresponding proportion within the weather-attributed exposure subset is 36.83 percent. Thus the within-subset share below that value is approximately 57.8 percent of the full-sample share. This is a comparison of two within-sample proportions, not the proportion of all low-gust incidents belonging to each group. The change documents reduced low-gust support and is consistent with a support-related explanation for the negative predictive increment. It does not establish that selection is the sole cause or that the recovery model is unaffected.",65.02912171553379,percent within population,current_value_computed_context_requires_revision,D:\Pyprogramme\STST2603\claude_branch\paper_revision_work_v2\R04\tables\AppendixG_low_gust_support.csv,,,not_modified
A-P073,,10.69,"In the full combined exposure sample, 63.70 percent of incidents have gust below the fitted reference value of 10.69 m/s; the corresponding proportion within the weather-attributed exposure subset is 36.83 percent. Thus the within-subset share below that value is approximately 57.8 percent of the full-sample share. This is a comparison of two within-sample proportions, not the proportion of all low-gust incidents belonging to each group. The change documents reduced low-gust support and is consistent with a support-related explanation for the negative predictive increment. It does not establish that selection is the sole cause or that the recovery model is unaffected.",10.807545499294342,m/s,current_value_computed_context_requires_revision,D:\Pyprogramme\STST2603\claude_branch\paper_revision_work_v2\R04\tables\AppendixH_pressure_minima.json,,,not_modified
A-P073,,36.83,"In the full combined exposure sample, 63.70 percent of incidents have gust below the fitted reference value of 10.69 m/s; the corresponding proportion within the weather-attributed exposure subset is 36.83 percent. Thus the within-subset share below that value is approximately 57.8 percent of the full-sample share. This is a comparison of two within-sample proportions, not the proportion of all low-gust incidents belonging to each group. The change documents reduced low-gust support and is consistent with a support-related explanation for the negative predictive increment. It does not establish that selection is the sole cause or that the recovery model is unaffected.",37.88170843055696,percent within population,current_value_computed_context_requires_revision,D:\Pyprogramme\STST2603\claude_branch\paper_revision_work_v2\R04\tables\AppendixG_low_gust_support.csv,,,not_modified
A-P073,,57.8,"In the full combined exposure sample, 63.70 percent of incidents have gust below the fitted reference value of 10.69 m/s; the corresponding proportion within the weather-attributed exposure subset is 36.83 percent. Thus the within-subset share below that value is approximately 57.8 percent of the full-sample share. This is a comparison of two within-sample proportions, not the proportion of all low-gust incidents belonging to each group. The change documents reduced low-gust support and is consistent with a support-related explanation for the negative predictive increment. It does not establish that selection is the sole cause or that the recovery model is unaffected.",58.25345234750109,percent ratio of within-group shares,current_value_computed_context_requires_revision,D:\Pyprogramme\STST2603\claude_branch\paper_revision_work_v2\R04\tables\AppendixG_low_gust_support.csv,,,not_modified
A-P075,,1,H.1 Conditional exposure minima,,requires_semantic_interpretation,definition_date_or_cross_reference; preserve meaning; not empirical estimate,,,,not_modified
A-P076,,1,"The local implementation audit reproduced the final exposure coefficients at full precision: β1=−0.032325899095631154, β2=0.10276170747389514 and β3=−0.0408384359554068. The corresponding gust mean and standard deviation are 9.87229677581956 and 5.222713076874045 m/s. Table H1 evaluates G*P=−β1+β3P/2β2 and converts the point estimates to physical gust units using that fit’s scaling. These deterministic evaluations add no new model fit or independent validation.",,requires_semantic_interpretation,citation_date_equation_index_or_definition; no model-derived replacement; source wording limits remain in MR,,MR19,CL02,not_modified
A-P076,,−0.032325899095631154,"The local implementation audit reproduced the final exposure coefficients at full precision: β1=−0.032325899095631154, β2=0.10276170747389514 and β3=−0.0408384359554068. The corresponding gust mean and standard deviation are 9.87229677581956 and 5.222713076874045 m/s. Table H1 evaluates G*P=−β1+β3P/2β2 and converts the point estimates to physical gust units using that fit’s scaling. These deterministic evaluations add no new model fit or independent validation.",-0.036035759551102414,beta1,current_value_computed_context_requires_revision,D:\Pyprogramme\STST2603\claude_branch\paper_revision_work_v2\R04\tables\AppendixH_pressure_minima.json,MR19,CL02,not_modified
A-P076,,2,"The local implementation audit reproduced the final exposure coefficients at full precision: β1=−0.032325899095631154, β2=0.10276170747389514 and β3=−0.0408384359554068. The corresponding gust mean and standard deviation are 9.87229677581956 and 5.222713076874045 m/s. Table H1 evaluates G*P=−β1+β3P/2β2 and converts the point estimates to physical gust units using that fit’s scaling. These deterministic evaluations add no new model fit or independent validation.",,requires_semantic_interpretation,citation_date_equation_index_or_definition; no model-derived replacement; source wording limits remain in MR,,MR19,CL02,not_modified
A-P076,,0.10276170747389514,"The local implementation audit reproduced the final exposure coefficients at full precision: β1=−0.032325899095631154, β2=0.10276170747389514 and β3=−0.0408384359554068. The corresponding gust mean and standard deviation are 9.87229677581956 and 5.222713076874045 m/s. Table H1 evaluates G*P=−β1+β3P/2β2 and converts the point estimates to physical gust units using that fit’s scaling. These deterministic evaluations add no new model fit or independent validation.",0.106019818927991,beta2,current_value_computed_context_requires_revision,D:\Pyprogramme\STST2603\claude_branch\paper_revision_work_v2\R04\tables\AppendixH_pressure_minima.json,MR19,CL02,not_modified
A-P076,,3,"The local implementation audit reproduced the final exposure coefficients at full precision: β1=−0.032325899095631154, β2=0.10276170747389514 and β3=−0.0408384359554068. The corresponding gust mean and standard deviation are 9.87229677581956 and 5.222713076874045 m/s. Table H1 evaluates G*P=−β1+β3P/2β2 and converts the point estimates to physical gust units using that fit’s scaling. These deterministic evaluations add no new model fit or independent validation.",,requires_semantic_interpretation,citation_date_equation_index_or_definition; no model-derived replacement; source wording limits remain in MR,,MR19,CL02,not_modified
A-P076,,−0.0408384359554068,"The local implementation audit reproduced the final exposure coefficients at full precision: β1=−0.032325899095631154, β2=0.10276170747389514 and β3=−0.0408384359554068. The corresponding gust mean and standard deviation are 9.87229677581956 and 5.222713076874045 m/s. Table H1 evaluates G*P=−β1+β3P/2β2 and converts the point estimates to physical gust units using that fit’s scaling. These deterministic evaluations add no new model fit or independent validation.",-0.046583620077591446,beta3_interaction,current_value_computed_context_requires_revision,D:\Pyprogramme\STST2603\claude_branch\paper_revision_work_v2\R04\tables\AppendixH_pressure_minima.json,MR19,CL02,not_modified
A-P076,,9.87229677581956,"The local implementation audit reproduced the final exposure coefficients at full precision: β1=−0.032325899095631154, β2=0.10276170747389514 and β3=−0.0408384359554068. The corresponding gust mean and standard deviation are 9.87229677581956 and 5.222713076874045 m/s. Table H1 evaluates G*P=−β1+β3P/2β2 and converts the point estimates to physical gust units using that fit’s scaling. These deterministic evaluations add no new model fit or independent validation.",9.91022238832415,gust_mean,current_value_computed_context_requires_revision,D:\Pyprogramme\STST2603\claude_branch\paper_revision_work_v2\R04\tables\AppendixH_pressure_minima.json,MR19,CL02,not_modified
A-P076,,5.222713076874045,"The local implementation audit reproduced the final exposure coefficients at full precision: β1=−0.032325899095631154, β2=0.10276170747389514 and β3=−0.0408384359554068. The corresponding gust mean and standard deviation are 9.87229677581956 and 5.222713076874045 m/s. Table H1 evaluates G*P=−β1+β3P/2β2 and converts the point estimates to physical gust units using that fit’s scaling. These deterministic evaluations add no new model fit or independent validation.",5.279979383259645,gust_sd,current_value_computed_context_requires_revision,D:\Pyprogramme\STST2603\claude_branch\paper_revision_work_v2\R04\tables\AppendixH_pressure_minima.json,MR19,CL02,not_modified
A-P076,,1,"The local implementation audit reproduced the final exposure coefficients at full precision: β1=−0.032325899095631154, β2=0.10276170747389514 and β3=−0.0408384359554068. The corresponding gust mean and standard deviation are 9.87229677581956 and 5.222713076874045 m/s. Table H1 evaluates G*P=−β1+β3P/2β2 and converts the point estimates to physical gust units using that fit’s scaling. These deterministic evaluations add no new model fit or independent validation.",,requires_semantic_interpretation,citation_date_equation_index_or_definition; no model-derived replacement; source wording limits remain in MR,,MR19,CL02,not_modified
A-P076,,3,"The local implementation audit reproduced the final exposure coefficients at full precision: β1=−0.032325899095631154, β2=0.10276170747389514 and β3=−0.0408384359554068. The corresponding gust mean and standard deviation are 9.87229677581956 and 5.222713076874045 m/s. Table H1 evaluates G*P=−β1+β3P/2β2 and converts the point estimates to physical gust units using that fit’s scaling. These deterministic evaluations add no new model fit or independent validation.",,requires_semantic_interpretation,citation_date_equation_index_or_definition; no model-derived replacement; source wording limits remain in MR,,MR19,CL02,not_modified
A-P076,,2,"The local implementation audit reproduced the final exposure coefficients at full precision: β1=−0.032325899095631154, β2=0.10276170747389514 and β3=−0.0408384359554068. The corresponding gust mean and standard deviation are 9.87229677581956 and 5.222713076874045 m/s. Table H1 evaluates G*P=−β1+β3P/2β2 and converts the point estimates to physical gust units using that fit’s scaling. These deterministic evaluations add no new model fit or independent validation.",,requires_semantic_interpretation,citation_date_equation_index_or_definition; no model-derived replacement; source wording limits remain in MR,,MR19,CL02,not_modified
A-P076,,2,"The local implementation audit reproduced the final exposure coefficients at full precision: β1=−0.032325899095631154, β2=0.10276170747389514 and β3=−0.0408384359554068. The corresponding gust mean and standard deviation are 9.87229677581956 and 5.222713076874045 m/s. Table H1 evaluates G*P=−β1+β3P/2β2 and converts the point estimates to physical gust units using that fit’s scaling. These deterministic evaluations add no new model fit or independent validation.",,requires_semantic_interpretation,citation_date_equation_index_or_definition; no model-derived replacement; source wording limits remain in MR,,MR19,CL02,not_modified
A-T11,row2col1,-1,-1,,requires_semantic_interpretation,current_replacement_dataset_available_not_automatic_token_substitution,D:\Pyprogramme\STST2603\claude_branch\paper_revision_work_v2\R04\tables\AppendixH_pressure_minima.json,,,not_modified
A-T11,row2col2,-0.041419,-0.041419,-0.049744758259080896,standardized gust,current_value_computed,D:\Pyprogramme\STST2603\claude_branch\paper_revision_work_v2\R04\tables\AppendixH_pressure_minima.json,,,not_modified
A-T11,row2col3,9.656,9.656,9.647571090290969,m/s,current_value_computed,D:\Pyprogramme\STST2603\claude_branch\paper_revision_work_v2\R04\tables\AppendixH_pressure_minima.json,,,not_modified
A-T11,row3col1,0,0,,requires_semantic_interpretation,current_replacement_dataset_available_not_automatic_token_substitution,D:\Pyprogramme\STST2603\claude_branch\paper_revision_work_v2\R04\tables\AppendixH_pressure_minima.json,,,not_modified
A-T11,row3col2,0.157286,0.157286,0.16994822249025912,standardized gust,current_value_computed,D:\Pyprogramme\STST2603\claude_branch\paper_revision_work_v2\R04\tables\AppendixH_pressure_minima.json,,,not_modified
A-T11,row3col3,10.694,10.694,10.807545499294342,m/s,current_value_computed,D:\Pyprogramme\STST2603\claude_branch\paper_revision_work_v2\R04\tables\AppendixH_pressure_minima.json,,,not_modified
A-T11,row4col1,+1,+1,,requires_semantic_interpretation,current_replacement_dataset_available_not_automatic_token_substitution,D:\Pyprogramme\STST2603\claude_branch\paper_revision_work_v2\R04\tables\AppendixH_pressure_minima.json,,,not_modified
A-T11,row4col2,0.355990,0.355990,0.38964120323959917,standardized gust,current_value_computed,D:\Pyprogramme\STST2603\claude_branch\paper_revision_work_v2\R04\tables\AppendixH_pressure_minima.json,,,not_modified
A-T11,row4col3,11.732,11.732,11.967519908297716,m/s,current_value_computed,D:\Pyprogramme\STST2603\claude_branch\paper_revision_work_v2\R04\tables\AppendixH_pressure_minima.json,,,not_modified
A-P078,,19,"The earlier 19–48 percent calculation divided values of the gust-only log-scale component, β1z+β2z2, at z=+k and z=−k for k=1,2,3. It was centred on the sample mean and was not a percentage difference in customer predictions. Because the component omits the intercept and other predictors, its ratio is not an invariant response-scale contrast. Those percentages are not used as a substantive result. Evaluations at matched distances from the actual quadratic vertex agree to floating-point precision, as required algebraically.",,requires_semantic_interpretation,historical_experiment_or_formula; retain source history; not a new B1 estimate or CI,,MR26,"CL01,CL02,CL03,CL04,CL05",not_modified
A-P078,,48,"The earlier 19–48 percent calculation divided values of the gust-only log-scale component, β1z+β2z2, at z=+k and z=−k for k=1,2,3. It was centred on the sample mean and was not a percentage difference in customer predictions. Because the component omits the intercept and other predictors, its ratio is not an invariant response-scale contrast. Those percentages are not used as a substantive result. Evaluations at matched distances from the actual quadratic vertex agree to floating-point precision, as required algebraically.",,requires_semantic_interpretation,historical_experiment_or_formula; retain source history; not a new B1 estimate or CI,,MR26,"CL01,CL02,CL03,CL04,CL05",not_modified
A-P078,,1,"The earlier 19–48 percent calculation divided values of the gust-only log-scale component, β1z+β2z2, at z=+k and z=−k for k=1,2,3. It was centred on the sample mean and was not a percentage difference in customer predictions. Because the component omits the intercept and other predictors, its ratio is not an invariant response-scale contrast. Those percentages are not used as a substantive result. Evaluations at matched distances from the actual quadratic vertex agree to floating-point precision, as required algebraically.",,requires_semantic_interpretation,historical_experiment_or_formula; retain source history; not a new B1 estimate or CI,,MR26,"CL01,CL02,CL03,CL04,CL05",not_modified
A-P078,,2,"The earlier 19–48 percent calculation divided values of the gust-only log-scale component, β1z+β2z2, at z=+k and z=−k for k=1,2,3. It was centred on the sample mean and was not a percentage difference in customer predictions. Because the component omits the intercept and other predictors, its ratio is not an invariant response-scale contrast. Those percentages are not used as a substantive result. Evaluations at matched distances from the actual quadratic vertex agree to floating-point precision, as required algebraically.",,requires_semantic_interpretation,historical_experiment_or_formula; retain source history; not a new B1 estimate or CI,,MR26,"CL01,CL02,CL03,CL04,CL05",not_modified
A-P078,,1,"The earlier 19–48 percent calculation divided values of the gust-only log-scale component, β1z+β2z2, at z=+k and z=−k for k=1,2,3. It was centred on the sample mean and was not a percentage difference in customer predictions. Because the component omits the intercept and other predictors, its ratio is not an invariant response-scale contrast. Those percentages are not used as a substantive result. Evaluations at matched distances from the actual quadratic vertex agree to floating-point precision, as required algebraically.",,requires_semantic_interpretation,historical_experiment_or_formula; retain source history; not a new B1 estimate or CI,,MR26,"CL01,CL02,CL03,CL04,CL05",not_modified
A-P078,,2,"The earlier 19–48 percent calculation divided values of the gust-only log-scale component, β1z+β2z2, at z=+k and z=−k for k=1,2,3. It was centred on the sample mean and was not a percentage difference in customer predictions. Because the component omits the intercept and other predictors, its ratio is not an invariant response-scale contrast. Those percentages are not used as a substantive result. Evaluations at matched distances from the actual quadratic vertex agree to floating-point precision, as required algebraically.",,requires_semantic_interpretation,historical_experiment_or_formula; retain source history; not a new B1 estimate or CI,,MR26,"CL01,CL02,CL03,CL04,CL05",not_modified
A-P078,,3,"The earlier 19–48 percent calculation divided values of the gust-only log-scale component, β1z+β2z2, at z=+k and z=−k for k=1,2,3. It was centred on the sample mean and was not a percentage difference in customer predictions. Because the component omits the intercept and other predictors, its ratio is not an invariant response-scale contrast. Those percentages are not used as a substantive result. Evaluations at matched distances from the actual quadratic vertex agree to floating-point precision, as required algebraically.",,requires_semantic_interpretation,historical_experiment_or_formula; retain source history; not a new B1 estimate or CI,,MR26,"CL01,CL02,CL03,CL04,CL05",not_modified
A-P079,,2,H.2 Day-bootstrap diagnostics and physical-unit conversion,,requires_semantic_interpretation,definition_date_or_cross_reference; preserve meaning; not empirical estimate,,,,not_modified
A-P080,,500,The audit deterministically reproduced 500 day-bootstrap fits using seed 20260826. Sorted standardised minima matched the archived output to a maximum difference of 5.55×10−17. Table H2 gives the reported diagnostics. A positive coefficient in every resample is a sign-stability observation; it is not evidence that every resample has a statistically significant coefficient.,,requires_semantic_interpretation,historical_experiment_or_formula; retain source history; not a new B1 estimate or CI,,MR19,CL02,not_modified
A-P080,,20260826,The audit deterministically reproduced 500 day-bootstrap fits using seed 20260826. Sorted standardised minima matched the archived output to a maximum difference of 5.55×10−17. Table H2 gives the reported diagnostics. A positive coefficient in every resample is a sign-stability observation; it is not evidence that every resample has a statistically significant coefficient.,,requires_semantic_interpretation,historical_experiment_or_formula; retain source history; not a new B1 estimate or CI,,MR19,CL02,not_modified
A-P080,,5.55,The audit deterministically reproduced 500 day-bootstrap fits using seed 20260826. Sorted standardised minima matched the archived output to a maximum difference of 5.55×10−17. Table H2 gives the reported diagnostics. A positive coefficient in every resample is a sign-stability observation; it is not evidence that every resample has a statistically significant coefficient.,,requires_semantic_interpretation,historical_experiment_or_formula; retain source history; not a new B1 estimate or CI,,MR19,CL02,not_modified
A-P080,,10,The audit deterministically reproduced 500 day-bootstrap fits using seed 20260826. Sorted standardised minima matched the archived output to a maximum difference of 5.55×10−17. Table H2 gives the reported diagnostics. A positive coefficient in every resample is a sign-stability observation; it is not evidence that every resample has a statistically significant coefficient.,,requires_semantic_interpretation,historical_experiment_or_formula; retain source history; not a new B1 estimate or CI,,MR19,CL02,not_modified
A-P080,,−17,The audit deterministically reproduced 500 day-bootstrap fits using seed 20260826. Sorted standardised minima matched the archived output to a maximum difference of 5.55×10−17. Table H2 gives the reported diagnostics. A positive coefficient in every resample is a sign-stability observation; it is not evidence that every resample has a statistically significant coefficient.,,requires_semantic_interpretation,historical_experiment_or_formula; retain source history; not a new B1 estimate or CI,,MR19,CL02,not_modified
A-P081,,500,Table H2. Diagnostics from the reproduced 500 day-bootstrap fits.,,requires_semantic_interpretation,cross_reference_or_caption; content changes recorded in coverage,,,,not_modified
A-T12,row2col2,0.10504,0.10504,,requires_semantic_interpretation,historical_experiment_or_formula; retain source history; not a new B1 estimate or CI,,,,not_modified
A-T12,row3col2,0.01944,0.01944,,requires_semantic_interpretation,historical_experiment_or_formula; retain source history; not a new B1 estimate or CI,,,,not_modified
A-T12,row4col2,0.03659,0.03659 / 0.16138,,requires_semantic_interpretation,historical_experiment_or_formula; retain source history; not a new B1 estimate or CI,,,,not_modified
A-T12,row4col2,0.16138,0.03659 / 0.16138,,requires_semantic_interpretation,historical_experiment_or_formula; retain source history; not a new B1 estimate or CI,,,,not_modified
A-T12,row5col2,0,0 / 500,,requires_semantic_interpretation,historical_experiment_or_formula; retain source history; not a new B1 estimate or CI,,,,not_modified
A-T12,row5col2,500,0 / 500,,requires_semantic_interpretation,historical_experiment_or_formula; retain source history; not a new B1 estimate or CI,,,,not_modified
A-T12,row6col2,0.1608,0.1608 / 0.1397,,requires_semantic_interpretation,historical_experiment_or_formula; retain source history; not a new B1 estimate or CI,,,,not_modified
A-T12,row6col2,0.1397,0.1608 / 0.1397,,requires_semantic_interpretation,historical_experiment_or_formula; retain source history; not a new B1 estimate or CI,,,,not_modified
A-T12,row7col2,-0.519,-0.519 / 1.144,,requires_semantic_interpretation,historical_experiment_or_formula; retain source history; not a new B1 estimate or CI,,,,not_modified
A-T12,row7col2,1.144,-0.519 / 1.144,,requires_semantic_interpretation,historical_experiment_or_formula; retain source history; not a new B1 estimate or CI,,,,not_modified
A-T12,row8col1,2.5,Standardised minimum: 2.5th / 97.5th percentiles,,requires_semantic_interpretation,historical_experiment_or_formula; retain source history; not a new B1 estimate or CI,,,,not_modified
A-T12,row8col1,97.5,Standardised minimum: 2.5th / 97.5th percentiles,,requires_semantic_interpretation,historical_experiment_or_formula; retain source history; not a new B1 estimate or CI,,,,not_modified
A-T12,row8col2,-0.1281,-0.1281 / 0.4189,,requires_semantic_interpretation,historical_experiment_or_formula; retain source history; not a new B1 estimate or CI,,,,not_modified
A-T12,row8col2,0.4189,-0.1281 / 0.4189,,requires_semantic_interpretation,historical_experiment_or_formula; retain source history; not a new B1 estimate or CI,,,,not_modified
A-T12,row9col2,0.339,0.339,,requires_semantic_interpretation,historical_experiment_or_formula; retain source history; not a new B1 estimate or CI,,,,not_modified
A-T12,row10col2,0.460,0.460,,requires_semantic_interpretation,historical_experiment_or_formula; retain source history; not a new B1 estimate or CI,,,,not_modified
A-P085,,1,"vb*p0=vb−sv,bβ1b+β3bPbp02β2b.",,requires_semantic_interpretation,definition_date_or_cross_reference; preserve meaning; not empirical estimate,,,,not_modified
A-P085,,3,"vb*p0=vb−sv,bβ1b+β3bPbp02β2b.",,requires_semantic_interpretation,definition_date_or_cross_reference; preserve meaning; not empirical estimate,,,,not_modified
A-P085,,2,"vb*p0=vb−sv,bβ1b+β3bPbp02β2b.",,requires_semantic_interpretation,definition_date_or_cross_reference; preserve meaning; not empirical estimate,,,,not_modified
A-P085,,2,"vb*p0=vb−sv,bβ1b+β3bPbp02β2b.",,requires_semantic_interpretation,definition_date_or_cross_reference; preserve meaning; not empirical estimate,,,,not_modified
A-P086,,9.2,"The percentile interval must then be computed from the physical-unit values vb*p0. Alternatively, a minimum at each resample’s own mean pressure is a different reference convention and must be named as such. The summary supplied for this revision does not contain the complete paired pressure-scaling quantities needed to verify a common-reference interval. Accordingly, the former 9.2–12.1 m/s band is not retained as a validated physical-unit interval.",,requires_semantic_interpretation,historical_experiment_or_formula; retain source history; not a new B1 estimate or CI,,"MR19,MR26","CL01,CL02,CL03,CL04,CL05",not_modified
A-P086,,12.1,"The percentile interval must then be computed from the physical-unit values vb*p0. Alternatively, a minimum at each resample’s own mean pressure is a different reference convention and must be named as such. The summary supplied for this revision does not contain the complete paired pressure-scaling quantities needed to verify a common-reference interval. Accordingly, the former 9.2–12.1 m/s band is not retained as a validated physical-unit interval.",,requires_semantic_interpretation,historical_experiment_or_formula; retain source history; not a new B1 estimate or CI,,"MR19,MR26","CL01,CL02,CL03,CL04,CL05",not_modified
A-P087,,3,H.3 Temporal scaling and development-fold summaries,,requires_semantic_interpretation,definition_date_or_cross_reference; preserve meaning; not empirical estimate,,,,not_modified
A-T13,row2col3,9.648,9.648,9.690894608982568,m/s,current_value_computed,D:\Pyprogramme\STST2603\claude_branch\paper_revision_work_v2\R04\tables\AppendixH_period_scales.csv,,,not_modified
A-T13,row2col4,5.212,5.212,5.274015917517526,m/s,current_value_computed,D:\Pyprogramme\STST2603\claude_branch\paper_revision_work_v2\R04\tables\AppendixH_period_scales.csv,,,not_modified
A-T13,row3col3,10.766,10.766,10.785197727308988,m/s,current_value_computed,D:\Pyprogramme\STST2603\claude_branch\paper_revision_work_v2\R04\tables\AppendixH_period_scales.csv,,,not_modified
A-T13,row3col4,5.169,5.169,5.212870179442403,m/s,current_value_computed,D:\Pyprogramme\STST2603\claude_branch\paper_revision_work_v2\R04\tables\AppendixH_period_scales.csv,,,not_modified
A-T13,row4col3,9.650,9.650,9.690894608982568,m/s,current_value_computed,D:\Pyprogramme\STST2603\claude_branch\paper_revision_work_v2\R04\tables\AppendixH_period_scales.csv,,,not_modified
A-T13,row4col4,5.207,5.207,5.274015917517526,m/s,current_value_computed,D:\Pyprogramme\STST2603\claude_branch\paper_revision_work_v2\R04\tables\AppendixH_period_scales.csv,,,not_modified
A-T13,row5col3,10.773,10.773,10.785197727308988,m/s,current_value_computed,D:\Pyprogramme\STST2603\claude_branch\paper_revision_work_v2\R04\tables\AppendixH_period_scales.csv,,,not_modified
A-T13,row5col4,5.172,5.172,5.212870179442403,m/s,current_value_computed,D:\Pyprogramme\STST2603\claude_branch\paper_revision_work_v2\R04\tables\AppendixH_period_scales.csv,,,not_modified
A-P089,,2,"For a quadratic coefficient estimated on standardised gust, its raw-wind curvature coefficient is β2/sv2. The small differences in SD limit, but do not eliminate, scaling effects on comparisons. These whole-period values do not supply the separate scaling of every training fold. The development recovery point in Figure 10, 0.0660, is an inverse-variance-weighted summary of overlapping cross-validation fits. The archived nominal interval of 0.0587–0.0732 is not used for inference, because treating those fits as independent would omit their covariance. A full-development-sample fit or a covariance-aware resampling procedure is needed for a directly comparable interval.",,requires_semantic_interpretation,historical_experiment_or_formula; retain source history; not a new B1 estimate or CI,,MR20,"CL02,CL04",not_modified
A-P089,,10,"For a quadratic coefficient estimated on standardised gust, its raw-wind curvature coefficient is β2/sv2. The small differences in SD limit, but do not eliminate, scaling effects on comparisons. These whole-period values do not supply the separate scaling of every training fold. The development recovery point in Figure 10, 0.0660, is an inverse-variance-weighted summary of overlapping cross-validation fits. The archived nominal interval of 0.0587–0.0732 is not used for inference, because treating those fits as independent would omit their covariance. A full-development-sample fit or a covariance-aware resampling procedure is needed for a directly comparable interval.",,requires_semantic_interpretation,historical_experiment_or_formula; retain source history; not a new B1 estimate or CI,,MR20,"CL02,CL04",not_modified
A-P089,,0.0660,"For a quadratic coefficient estimated on standardised gust, its raw-wind curvature coefficient is β2/sv2. The small differences in SD limit, but do not eliminate, scaling effects on comparisons. These whole-period values do not supply the separate scaling of every training fold. The development recovery point in Figure 10, 0.0660, is an inverse-variance-weighted summary of overlapping cross-validation fits. The archived nominal interval of 0.0587–0.0732 is not used for inference, because treating those fits as independent would omit their covariance. A full-development-sample fit or a covariance-aware resampling procedure is needed for a directly comparable interval.",,requires_semantic_interpretation,historical_experiment_or_formula; retain source history; not a new B1 estimate or CI,,MR20,"CL02,CL04",not_modified
A-P089,,0.0587,"For a quadratic coefficient estimated on standardised gust, its raw-wind curvature coefficient is β2/sv2. The small differences in SD limit, but do not eliminate, scaling effects on comparisons. These whole-period values do not supply the separate scaling of every training fold. The development recovery point in Figure 10, 0.0660, is an inverse-variance-weighted summary of overlapping cross-validation fits. The archived nominal interval of 0.0587–0.0732 is not used for inference, because treating those fits as independent would omit their covariance. A full-development-sample fit or a covariance-aware resampling procedure is needed for a directly comparable interval.",,requires_semantic_interpretation,historical_experiment_or_formula; retain source history; not a new B1 estimate or CI,,MR20,"CL02,CL04",not_modified
A-P089,,0.0732,"For a quadratic coefficient estimated on standardised gust, its raw-wind curvature coefficient is β2/sv2. The small differences in SD limit, but do not eliminate, scaling effects on comparisons. These whole-period values do not supply the separate scaling of every training fold. The development recovery point in Figure 10, 0.0660, is an inverse-variance-weighted summary of overlapping cross-validation fits. The archived nominal interval of 0.0587–0.0732 is not used for inference, because treating those fits as independent would omit their covariance. A full-development-sample fit or a covariance-aware resampling procedure is needed for a directly comparable interval.",,requires_semantic_interpretation,historical_experiment_or_formula; retain source history; not a new B1 estimate or CI,,MR20,"CL02,CL04",not_modified
A-P090,,4,H.4 Exponentiated fitted values and retransformation,,requires_semantic_interpretation,definition_date_or_cross_reference; preserve meaning; not empirical estimate,,,,not_modified
A-P091,,4,"The audited plotting scripts for Figures 4 and 6 calculate expη without a retransformation correction. For exposure, η predicts ln1+C and the plotting code does not subtract one. The plotted quantities are therefore not arithmetic-mean customer counts or durations. The local audit reports global residual factors n−1i​expεi of 10.46 for exposure and 2.20 for recovery. These are full-sample diagnostics, not proof that the true conditional means are exactly those multiples of the plotted curves.",,requires_semantic_interpretation,citation_date_equation_index_or_definition; no model-derived replacement; source wording limits remain in MR,,"MR15,MR17,MR23","CL04,CL05",not_modified
A-P091,,6,"The audited plotting scripts for Figures 4 and 6 calculate expη without a retransformation correction. For exposure, η predicts ln1+C and the plotting code does not subtract one. The plotted quantities are therefore not arithmetic-mean customer counts or durations. The local audit reports global residual factors n−1i​expεi of 10.46 for exposure and 2.20 for recovery. These are full-sample diagnostics, not proof that the true conditional means are exactly those multiples of the plotted curves.",,requires_semantic_interpretation,citation_date_equation_index_or_definition; no model-derived replacement; source wording limits remain in MR,,"MR15,MR17,MR23","CL04,CL05",not_modified
A-P091,,1,"The audited plotting scripts for Figures 4 and 6 calculate expη without a retransformation correction. For exposure, η predicts ln1+C and the plotting code does not subtract one. The plotted quantities are therefore not arithmetic-mean customer counts or durations. The local audit reports global residual factors n−1i​expεi of 10.46 for exposure and 2.20 for recovery. These are full-sample diagnostics, not proof that the true conditional means are exactly those multiples of the plotted curves.",,requires_semantic_interpretation,citation_date_equation_index_or_definition; no model-derived replacement; source wording limits remain in MR,,"MR15,MR17,MR23","CL04,CL05",not_modified
A-P091,,10.46,"The audited plotting scripts for Figures 4 and 6 calculate expη without a retransformation correction. For exposure, η predicts ln1+C and the plotting code does not subtract one. The plotted quantities are therefore not arithmetic-mean customer counts or durations. The local audit reports global residual factors n−1i​expεi of 10.46 for exposure and 2.20 for recovery. These are full-sample diagnostics, not proof that the true conditional means are exactly those multiples of the plotted curves.",10.4485500028908,mean exp residual; not applied correction,current_value_computed_context_requires_revision,D:\Pyprogramme\STST2603\claude_branch\paper_revision_work_v2\R04\tables\residual_diagnostics.csv,"MR15,MR17,MR23","CL04,CL05",not_modified
A-P091,,2.20,"The audited plotting scripts for Figures 4 and 6 calculate expη without a retransformation correction. For exposure, η predicts ln1+C and the plotting code does not subtract one. The plotted quantities are therefore not arithmetic-mean customer counts or durations. The local audit reports global residual factors n−1i​expεi of 10.46 for exposure and 2.20 for recovery. These are full-sample diagnostics, not proof that the true conditional means are exactly those multiples of the plotted curves.",3.4635270260323283,mean exp residual; not applied correction,current_value_computed_context_requires_revision,D:\Pyprogramme\STST2603\claude_branch\paper_revision_work_v2\R04\tables\residual_diagnostics.csv,"MR15,MR17,MR23","CL04,CL05",not_modified
A-P092,,1,"For example, ED∣X=expηXEexpε∣X. A single global factor is an adequate conditional correction only under additional assumptions about the residual distribution across covariates. If the target is customer count rather than 1+C, subtraction of one is also required after retransformation. A constant multiplicative factor cancels in ratios of the same positive transformed quantity, but subtraction of one does not; nor must a covariate-dependent factor cancel. The existing figure ratios are retained only on their explicitly stated exponentiated-log scale.",,requires_semantic_interpretation,citation_date_equation_index_or_definition; no model-derived replacement; source wording limits remain in MR,,"MR17,MR23",CL05,not_modified
A-P093,,5,H.5 Material still required for additional analyses,,requires_semantic_interpretation,definition_date_or_cross_reference; preserve meaning; not empirical estimate,,,,not_modified
