Incident Reference,Spatial Coordinates,Cause Code,licence_area,regulatory_year,substation,SiteFunctionalLocation
FREP-10003-I,1,1,1,1,1,1
FREP-10019-I,1,1,1,1,1,1
FREP-10034-I,1,1,1,1,1,1
FREP-10043-I,1,1,1,1,1,1
FREP-10054-I,1,1,1,1,1,1
FREP-10063-I,1,1,1,1,1,1
FREP-10074-I,1,1,1,1,1,1
FREP-10074-O,1,1,1,1,1,1
FREP-10082-I,1,1,1,1,1,1
FREP-10087-I,1,1,1,1,1,1
FREP-10087-O,1,1,1,1,1,1
FREP-10112-I,1,1,1,1,1,1
FREP-10117-I,1,1,1,1,1,1
FREP-10127-L,1,1,1,1,1,1
FREP-10233-L,1,1,1,1,1,1
FREP-10252-O,1,1,1,1,1,1
FREP-10275-O,1,1,1,1,1,1
FREP-102775-G,1,1,1,1,1,1
FREP-10297-O,1,1,1,1,1,1
FREP-10304-O,1,1,1,1,1,1
FREP-10469-O,1,1,1,1,1,1
FREP-10484-O,1,1,1,1,1,1
FREP-10543-L,1,1,1,1,1,1
FREP-10569-O,1,1,1,1,1,1
FREP-10571-O,1,1,1,1,1,1
FREP-10608-L,1,1,1,1,1,1
FREP-10612-L,1,1,1,1,1,1
FREP-10614-L,1,1,1,1,1,1
FREP-10778-L,1,1,1,1,1,1
FREP-10779-L,1,1,1,1,1,1
FREP-10786-L,1,1,1,1,1,1
FREP-10787-L,1,1,1,1,1,1
FREP-10795-L,1,1,1,1,1,1
FREP-10800-L,1,1,1,1,1,1
FREP-10807-L,1,1,1,1,1,1
FREP-10967-L,1,1,1,1,1,1
FREP-11043-L,1,1,1,1,1,1
FREP-11044-L,1,1,1,1,1,1
FREP-11056-L,1,1,1,1,1,1
FREP-11066-L,1,1,1,1,1,1
FREP-11156-L,1,1,1,1,1,1
FREP-11350-O,1,1,1,1,1,1
FREP-11610-O,1,1,1,1,1,1
FREP-11680-O,1,1,1,1,1,1
FREP-119011-Z,1,1,1,1,1,1
FREP-1190301-A,1,1,1,1,1,1
FREP-11905-O,1,1,1,1,1,1
FREP-120637-Z,1,1,1,1,1,1
FREP-12066-O,1,1,1,1,1,1
FREP-12140-O,1,1,1,1,1,1
FREP-12311-O,1,1,1,1,1,1
FREP-12333-O,1,1,1,1,1,1
FREP-12511-O,1,1,1,1,1,1
FREP-12552-O,1,1,1,1,1,1
FREP-12553-O,1,1,1,1,1,1
FREP-12556-O,1,1,1,1,1,1
FREP-12558-O,1,1,1,1,1,1
FREP-125605-Z,1,1,1,1,1,1
FREP-13070-O,1,1,1,1,1,1
FREP-13071-O,1,1,1,1,1,1
FREP-13073-O,1,1,1,1,1,1
FREP-13080-W,1,1,1,1,1,1
FREP-13081-O,1,1,1,1,1,1
FREP-13157-W,1,1,1,1,1,1
FREP-13158-O,1,1,1,1,1,1
FREP-13164-O,1,1,1,1,1,1
FREP-13175-W,1,1,1,1,1,1
FREP-13233-W,1,1,1,1,1,1
FREP-13243-W,1,1,1,1,1,1
FREP-13255-W,1,1,1,1,1,1
FREP-13257-W,1,1,1,1,1,1
FREP-13271-W,1,1,1,1,1,1
FREP-13320-W,1,1,1,1,1,1
FREP-13365-O,1,1,1,1,1,1
FREP-13382-O,1,1,1,1,1,1
FREP-13386-W,1,1,1,1,1,1
FREP-13396-O,1,1,1,1,1,1
FREP-13402-W,1,1,1,1,1,1
FREP-134857-Z,1,1,1,1,1,1
FREP-13494-W,1,1,1,1,1,1
FREP-13496-W,1,1,1,1,1,1
FREP-13502-W,1,1,1,1,1,1
FREP-13604-O,1,1,1,1,1,1
FREP-13608-O,1,1,1,1,1,1
FREP-13633-W,1,1,1,1,1,1
FREP-13646-O,1,1,1,1,1,1
FREP-13720-W,1,1,1,1,1,1
FREP-13744-W,1,1,1,1,1,1
FREP-13758-O,1,1,1,1,1,1
FREP-13765-O,1,1,1,1,1,1
FREP-13770-O,1,1,1,1,1,1
FREP-13810-W,1,1,1,1,1,1
FREP-13823-W,1,1,1,1,1,1
FREP-13841-W,1,1,1,1,1,1
FREP-13873-O,1,1,1,1,1,1
FREP-13875-O,1,1,1,1,1,1
FREP-13895-O,1,1,1,1,1,1
FREP-13896-O,1,1,1,1,1,1
FREP-13911-W,1,1,1,1,1,1
FREP-13989-W,1,1,1,1,1,1
FREP-14052-W,1,1,1,1,1,1
FREP-14069-W,1,1,1,1,1,1
FREP-14081-W,1,1,1,1,1,1
FREP-14088-W,1,1,1,1,1,1
FREP-14089-W,1,1,1,1,1,1
FREP-14095-W,1,1,1,1,1,1
FREP-14105-W,1,1,1,1,1,1
FREP-14109-W,1,1,1,1,1,1
FREP-14111-W,1,1,1,1,1,1
FREP-14115-W,1,1,1,1,1,1
FREP-14122-W,1,1,1,1,1,1
FREP-14126-W,1,1,1,1,1,1
FREP-14144-W,1,1,1,1,1,1
FREP-14172-W,1,1,1,1,1,1
FREP-14178-W,1,1,1,1,1,1
FREP-14185-W,1,1,1,1,1,1
FREP-14188-W,1,1,1,1,1,1
FREP-14192-W,1,1,1,1,1,1
FREP-14256-O,1,1,1,1,1,1
FREP-14282-O,1,1,1,1,1,1
FREP-14287-W,1,1,1,1,1,1
FREP-14345-W,1,1,1,1,1,1
FREP-14346-W,1,1,1,1,1,1
FREP-14347-W,1,1,1,1,1,1
FREP-14348-W,1,1,1,1,1,1
FREP-14460-W,1,1,1,1,1,1
FREP-14468-W,1,1,1,1,1,1
FREP-14478-W,1,1,1,1,1,1
FREP-14479-W,1,1,1,1,1,1
FREP-14554-O,1,1,1,1,1,1
FREP-14566-W,1,1,1,1,1,1
FREP-14593-W,1,1,1,1,1,1
FREP-14661-W,1,1,1,1,1,1
FREP-14727-W,1,1,1,1,1,1
FREP-14770-O,1,1,1,1,1,1
FREP-14786-W,1,1,1,1,1,1
FREP-14793-W,1,1,1,1,1,1
FREP-14835-W,1,1,1,1,1,1
FREP-14850-W,1,1,1,1,1,1
FREP-14950-W,1,1,1,1,1,1
FREP-14981-W,1,1,1,1,1,1
FREP-14986-W,1,1,1,1,1,1
FREP-14999-W,1,1,1,1,1,1
FREP-15024-W,1,1,1,1,1,1
FREP-15046-W,1,1,1,1,1,1
FREP-15077-W,1,1,1,1,1,1
FREP-15213-W,1,1,1,1,1,1
FREP-15220-W,1,1,1,1,1,1
FREP-15319-O,1,1,1,1,1,1
FREP-15374-O,1,1,1,1,1,1
FREP-15377-O,1,1,1,1,1,1
FREP-15429-W,1,1,1,1,1,1
FREP-15446-W,1,1,1,1,1,1
FREP-15448-W,1,1,1,1,1,1
FREP-15456-O,1,1,1,1,1,1
FREP-15468-W,1,1,1,1,1,1
FREP-15523-W,1,1,1,1,1,1
FREP-15537-W,1,1,1,1,1,1
FREP-15540-W,1,1,1,1,1,1
FREP-15637-O,1,1,1,1,1,1
FREP-15775-W,1,1,1,1,1,1
FREP-15801-W,1,1,1,1,1,1
FREP-15804-W,1,1,1,1,1,1
FREP-15807-W,1,1,1,1,1,1
FREP-15941-W,1,1,1,1,1,1
FREP-16001-W,1,1,1,1,1,1
FREP-16019-W,1,1,1,1,1,1
FREP-16021-W,1,1,1,1,1,1
FREP-16024-W,1,1,1,1,1,1
FREP-16031-W,1,1,1,1,1,1
FREP-16044-W,1,1,1,1,1,1
FREP-16045-W,1,1,1,1,1,1
FREP-16109-O,1,1,1,1,1,1
FREP-16116-W,1,1,1,1,1,1
FREP-16125-W,1,1,1,1,1,1
FREP-16142-W,1,1,1,1,1,1
FREP-16149-W,1,1,1,1,1,1
FREP-16167-O,1,1,1,1,1,1
FREP-16179-W,1,1,1,1,1,1
FREP-16214-W,1,1,1,1,1,1
FREP-16241-W,1,1,1,1,1,1
FREP-16266-O,1,1,1,1,1,1
FREP-16363-O,1,1,1,1,1,1
FREP-16365-O,1,1,1,1,1,1
FREP-16376-O,1,1,1,1,1,1
FREP-16476-O,1,1,1,1,1,1
FREP-16557-O,1,1,1,1,1,1
FREP-16826-O,1,1,1,1,1,1
FREP-16827-O,1,1,1,1,1,1
FREP-16829-O,1,1,1,1,1,1
FREP-16896-O,1,1,1,1,1,1
FREP-17011-O,1,1,1,1,1,1
FREP-17033-O,1,1,1,1,1,1
FREP-17076-O,1,1,1,1,1,1
FREP-17215-O,1,1,1,1,1,1
FREP-17216-O,1,1,1,1,1,1
FREP-174422-G,1,1,1,1,1,1
FREP-17450-U,1,1,1,1,1,1
FREP-17527-U,1,1,1,1,1,1
FREP-17618-U,1,1,1,1,1,1
FREP-176584-Z,1,1,1,1,1,1
FREP-17772-U,1,1,1,1,1,1
FREP-17821-U,1,1,1,1,1,1
FREP-17829-U,1,1,1,1,1,1
FREP-17830-U,1,1,1,1,1,1
FREP-17853-U,1,1,1,1,1,1
FREP-17887-U,1,1,1,1,1,1
FREP-17895-U,1,1,1,1,1,1
FREP-17907-U,1,1,1,1,1,1
FREP-17966-U,1,1,1,1,1,1
FREP-17991-U,1,1,1,1,1,1
FREP-17995-U,1,1,1,1,1,1
FREP-17999-U,1,1,1,1,1,1
FREP-180479-J,1,1,1,1,1,1
FREP-180796-Z,1,1,1,1,1,1
FREP-18096-U,1,1,1,1,1,1
FREP-18104-U,1,1,1,1,1,1
FREP-18113-U,1,1,1,1,1,1
FREP-18118-U,1,1,1,1,1,1
FREP-18141-U,1,1,1,1,1,1
FREP-18160-U,1,1,1,1,1,1
FREP-18161-U,1,1,1,1,1,1
FREP-18195-U,1,1,1,1,1,1
FREP-18196-U,1,1,1,1,1,1
FREP-18213-U,1,1,1,1,1,1
FREP-18238-U,1,1,1,1,1,1
FREP-18255-U,1,1,1,1,1,1
FREP-18262-U,1,1,1,1,1,1
FREP-18286-U,1,1,1,1,1,1
FREP-18293-U,1,1,1,1,1,1
FREP-18296-U,1,1,1,1,1,1
FREP-18297-U,1,1,1,1,1,1
FREP-18317-U,1,1,1,1,1,1
FREP-18348-U,1,1,1,1,1,1
FREP-18352-U,1,1,1,1,1,1
FREP-18355-U,1,1,1,1,1,1
FREP-18362-U,1,1,1,1,1,1
FREP-18364-U,1,1,1,1,1,1
FREP-18385-U,1,1,1,1,1,1
FREP-18390-U,1,1,1,1,1,1
FREP-18412-U,1,1,1,1,1,1
FREP-18417-U,1,1,1,1,1,1
FREP-18422-U,1,1,1,1,1,1
FREP-18423-U,1,1,1,1,1,1
FREP-18442-U,1,1,1,1,1,1
FREP-18470-U,1,1,1,1,1,1
FREP-18498-U,1,1,1,1,1,1
FREP-18503-U,1,1,1,1,1,1
FREP-18522-U,1,1,1,1,1,1
FREP-18565-U,1,1,1,1,1,1
FREP-18633-U,1,1,1,1,1,1
FREP-187622-J,1,1,1,1,1,1
FREP-18786-U,1,1,1,1,1,1
FREP-18837-U,1,1,1,1,1,1
FREP-18842-U,1,1,1,1,1,1
FREP-18843-U,1,1,1,1,1,1
FREP-18999-U,1,1,1,1,1,1
FREP-19019-U,1,1,1,1,1,1
FREP-190571-Z,1,1,1,1,1,1
FREP-190856-J,1,1,1,1,1,1
FREP-19154-U,1,1,1,1,1,1
FREP-19159-U,1,1,1,1,1,1
FREP-19163-U,1,1,1,1,1,1
FREP-19179-U,1,1,1,1,1,1
FREP-19209-U,1,1,1,1,1,1
FREP-19211-U,1,1,1,1,1,1
FREP-19237-U,1,1,1,1,1,1
FREP-19238-U,1,1,1,1,1,1
FREP-19281-U,1,1,1,1,1,1
FREP-19284-U,1,1,1,1,1,1
FREP-19285-U,1,1,1,1,1,1
FREP-19287-U,1,1,1,1,1,1
FREP-19295-U,1,1,1,1,1,1
FREP-19297-U,1,1,1,1,1,1
FREP-19298-U,1,1,1,1,1,1
FREP-193002-Z,1,1,1,1,1,1
FREP-19301-U,1,1,1,1,1,1
FREP-19308-U,1,1,1,1,1,1
FREP-19316-U,1,1,1,1,1,1
FREP-19326-U,1,1,1,1,1,1
FREP-19327-U,1,1,1,1,1,1
FREP-19339-U,1,1,1,1,1,1
FREP-19446-U,1,1,1,1,1,1
FREP-19451-U,1,1,1,1,1,1
FREP-194602-J,1,1,1,1,1,1
FREP-19542-U,1,1,1,1,1,1
FREP-19555-U,1,1,1,1,1,1
FREP-19593-U,1,1,1,1,1,1
FREP-19644-U,1,1,1,1,1,1
FREP-19648-U,1,1,1,1,1,1
FREP-19664-U,1,1,1,1,1,1
FREP-19668-U,1,1,1,1,1,1
FREP-19690-U,1,1,1,1,1,1
FREP-19717-U,1,1,1,1,1,1
FREP-19718-U,1,1,1,1,1,1
FREP-19726-U,1,1,1,1,1,1
FREP-19837-U,1,1,1,1,1,1
FREP-19846-U,1,1,1,1,1,1
FREP-19851-U,1,1,1,1,1,1
FREP-19855-U,1,1,1,1,1,1
FREP-19856-U,1,1,1,1,1,1
FREP-19858-U,1,1,1,1,1,1
FREP-19861-U,1,1,1,1,1,1
FREP-19862-U,1,1,1,1,1,1
FREP-19863-U,1,1,1,1,1,1
FREP-19867-U,1,1,1,1,1,1
FREP-19870-U,1,1,1,1,1,1
FREP-19877-U,1,1,1,1,1,1
FREP-19880-U,1,1,1,1,1,1
FREP-19892-U,1,1,1,1,1,1
FREP-19901-U,1,1,1,1,1,1
FREP-19919-U,1,1,1,1,1,1
FREP-19924-U,1,1,1,1,1,1
FREP-19925-U,1,1,1,1,1,1
FREP-19926-U,1,1,1,1,1,1
FREP-19927-U,1,1,1,1,1,1
FREP-19928-U,1,1,1,1,1,1
FREP-19939-U,1,1,1,1,1,1
FREP-19943-U,1,1,1,1,1,1
FREP-19945-U,1,1,1,1,1,1
FREP-19946-U,1,1,1,1,1,1
FREP-19949-U,1,1,1,1,1,1
FREP-19953-U,1,1,1,1,1,1
FREP-19958-U,1,1,1,1,1,1
FREP-19959-U,1,1,1,1,1,1
FREP-19965-U,1,1,1,1,1,1
FREP-19967-U,1,1,1,1,1,1
FREP-19971-U,1,1,1,1,1,1
FREP-19972-U,1,1,1,1,1,1
FREP-19978-U,1,1,1,1,1,1
FREP-20001-U,1,1,1,1,1,1
FREP-20002-U,1,1,1,1,1,1
FREP-20004-U,1,1,1,1,1,1
FREP-20006-U,1,1,1,1,1,1
FREP-20007-U,1,1,1,1,1,1
FREP-20008-U,1,1,1,1,1,1
FREP-20010-U,1,1,1,1,1,1
FREP-20012-U,1,1,1,1,1,1
FREP-20019-U,1,1,1,1,1,1
FREP-20036-U,1,1,1,1,1,1
FREP-20042-U,1,1,1,1,1,1
FREP-20052-U,1,1,1,1,1,1
FREP-20053-U,1,1,1,1,1,1
FREP-20313-U,1,1,1,1,1,1
FREP-20337-U,1,1,1,1,1,1
FREP-20384-U,1,1,1,1,1,1
FREP-20417-U,1,1,1,1,1,1
FREP-204445-Z,1,1,1,1,1,1
FREP-20476-U,1,1,1,1,1,1
FREP-20497-U,1,1,1,1,1,1
FREP-20670-U,1,1,1,1,1,1
FREP-20671-U,1,1,1,1,1,1
FREP-20683-U,1,1,1,1,1,1
FREP-20686-U,1,1,1,1,1,1
FREP-20687-U,1,1,1,1,1,1
FREP-20689-U,1,1,1,1,1,1
FREP-20691-U,1,1,1,1,1,1
FREP-20694-U,1,1,1,1,1,1
FREP-20700-U,1,1,1,1,1,1
FREP-20702-U,1,1,1,1,1,1
FREP-20704-U,1,1,1,1,1,1
FREP-20706-U,1,1,1,1,1,1
FREP-20707-U,1,1,1,1,1,1
FREP-20711-U,1,1,1,1,1,1
FREP-20719-U,1,1,1,1,1,1
FREP-20816-U,1,1,1,1,1,1
FREP-20838-U,1,1,1,1,1,1
FREP-20839-U,1,1,1,1,1,1
FREP-20856-U,1,1,1,1,1,1
FREP-20878-U,1,1,1,1,1,1
FREP-20881-U,1,1,1,1,1,1
FREP-20903-U,1,1,1,1,1,1
FREP-20925-U,1,1,1,1,1,1
FREP-20939-U,1,1,1,1,1,1
FREP-21111-U,1,1,1,1,1,1
FREP-21319-U,1,1,1,1,1,1
FREP-21321-U,1,1,1,1,1,1
FREP-21322-U,1,1,1,1,1,1
FREP-21323-U,1,1,1,1,1,1
FREP-21324-U,1,1,1,1,1,1
FREP-21331-U,1,1,1,1,1,1
FREP-21344-U,1,1,1,1,1,1
FREP-21345-U,1,1,1,1,1,1
FREP-21347-U,1,1,1,1,1,1
FREP-21348-U,1,1,1,1,1,1
FREP-21349-U,1,1,1,1,1,1
FREP-213495-J,1,1,1,1,1,1
FREP-21352-U,1,1,1,1,1,1
FREP-21358-U,1,1,1,1,1,1
FREP-21360-U,1,1,1,1,1,1
FREP-21363-U,1,1,1,1,1,1
FREP-21364-U,1,1,1,1,1,1
FREP-21365-U,1,1,1,1,1,1
FREP-21496-U,1,1,1,1,1,1
FREP-21524-U,1,1,1,1,1,1
FREP-21531-U,1,1,1,1,1,1
FREP-216673-J,1,1,1,1,1,1
FREP-21671-U,1,1,1,1,1,1
FREP-21672-U,1,1,1,1,1,1
FREP-21673-U,1,1,1,1,1,1
FREP-21677-U,1,1,1,1,1,1
FREP-21679-U,1,1,1,1,1,1
FREP-21680-U,1,1,1,1,1,1
FREP-21686-U,1,1,1,1,1,1
FREP-21692-U,1,1,1,1,1,1
FREP-21693-U,1,1,1,1,1,1
FREP-21694-U,1,1,1,1,1,1
FREP-21695-U,1,1,1,1,1,1
FREP-21696-U,1,1,1,1,1,1
FREP-21699-U,1,1,1,1,1,1
FREP-21701-U,1,1,1,1,1,1
FREP-21702-U,1,1,1,1,1,1
FREP-21720-U,1,1,1,1,1,1
FREP-21796-U,1,1,1,1,1,1
FREP-21809-U,1,1,1,1,1,1
FREP-21810-U,1,1,1,1,1,1
FREP-21822-U,1,1,1,1,1,1
FREP-21823-U,1,1,1,1,1,1
FREP-21831-U,1,1,1,1,1,1
FREP-21842-U,1,1,1,1,1,1
FREP-21844-U,1,1,1,1,1,1
FREP-21845-U,1,1,1,1,1,1
FREP-21846-U,1,1,1,1,1,1
FREP-21851-U,1,1,1,1,1,1
FREP-21858-U,1,1,1,1,1,1
FREP-21859-U,1,1,1,1,1,1
FREP-21861-U,1,1,1,1,1,1
FREP-21863-U,1,1,1,1,1,1
FREP-21866-U,1,1,1,1,1,1
FREP-21867-U,1,1,1,1,1,1
FREP-21869-U,1,1,1,1,1,1
FREP-21870-U,1,1,1,1,1,1
FREP-21872-U,1,1,1,1,1,1
FREP-21877-U,1,1,1,1,1,1
FREP-21880-U,1,1,1,1,1,1
FREP-21886-U,1,1,1,1,1,1
FREP-21890-U,1,1,1,1,1,1
FREP-21895-U,1,1,1,1,1,1
FREP-21901-U,1,1,1,1,1,1
FREP-21906-U,1,1,1,1,1,1
FREP-21909-U,1,1,1,1,1,1
FREP-21910-U,1,1,1,1,1,1
FREP-21911-U,1,1,1,1,1,1
FREP-21913-U,1,1,1,1,1,1
FREP-21916-U,1,1,1,1,1,1
FREP-21925-U,1,1,1,1,1,1
FREP-21938-U,1,1,1,1,1,1
FREP-21942-U,1,1,1,1,1,1
FREP-21951-U,1,1,1,1,1,1
FREP-21952-U,1,1,1,1,1,1
FREP-21958-U,1,1,1,1,1,1
FREP-21961-U,1,1,1,1,1,1
FREP-21962-U,1,1,1,1,1,1
FREP-21973-U,1,1,1,1,1,1
FREP-22016-U,1,1,1,1,1,1
FREP-22030-U,1,1,1,1,1,1
FREP-22320-U,1,1,1,1,1,1
FREP-22323-U,1,1,1,1,1,1
FREP-22330-U,1,1,1,1,1,1
FREP-22391-U,1,1,1,1,1,1
FREP-22394-U,1,1,1,1,1,1
FREP-22399-U,1,1,1,1,1,1
FREP-22401-U,1,1,1,1,1,1
FREP-22409-U,1,1,1,1,1,1
FREP-22415-U,1,1,1,1,1,1
FREP-22420-U,1,1,1,1,1,1
FREP-22421-U,1,1,1,1,1,1
FREP-225212-Z,1,1,1,1,1,1
FREP-226264-Z,1,1,1,1,1,1
FREP-22674-U,1,1,1,1,1,1
FREP-22676-U,1,1,1,1,1,1
FREP-22678-U,1,1,1,1,1,1
FREP-22679-U,1,1,1,1,1,1
FREP-22685-U,1,1,1,1,1,1
FREP-22688-U,1,1,1,1,1,1
FREP-22693-U,1,1,1,1,1,1
FREP-22707-U,1,1,1,1,1,1
FREP-22709-U,1,1,1,1,1,1
FREP-22711-U,1,1,1,1,1,1
FREP-22734-U,1,1,1,1,1,1
FREP-227489-Z,1,1,1,1,1,1
FREP-22821-U,1,1,1,1,1,1
FREP-22848-U,1,1,1,1,1,1
FREP-22855-U,1,1,1,1,1,1
FREP-228636-Z,1,1,1,1,1,1
FREP-228639-Z,1,1,1,1,1,1
FREP-228640-Z,1,1,1,1,1,1
FREP-22869-U,1,1,1,1,1,1
FREP-228738-Z,1,1,1,1,1,1
FREP-228772-Z,1,1,1,1,1,1
FREP-228831-Z,1,1,1,1,1,1
FREP-228839-Z,1,1,1,1,1,1
FREP-228844-Z,1,1,1,1,1,1
FREP-228851-Z,1,1,1,1,1,1
FREP-228852-Z,1,1,1,1,1,1
FREP-228860-Z,1,1,1,1,1,1
FREP-228865-Z,1,1,1,1,1,1
FREP-228867-Z,1,1,1,1,1,1
FREP-228871-Z,1,1,1,1,1,1
FREP-228885-Z,1,1,1,1,1,1
FREP-228891-Z,1,1,1,1,1,1
FREP-228899-Z,1,1,1,1,1,1
FREP-22892-U,1,1,1,1,1,1
FREP-22894-U,1,1,1,1,1,1
FREP-228946-Z,1,1,1,1,1,1
FREP-228955-Z,1,1,1,1,1,1
FREP-228964-Z,1,1,1,1,1,1
FREP-228978-J,1,1,1,1,1,1
FREP-229001-Z,1,1,1,1,1,1
FREP-229032-Z,1,1,1,1,1,1
FREP-229035-Z,1,1,1,1,1,1
FREP-229039-Z,1,1,1,1,1,1
FREP-229057-Z,1,1,1,1,1,1
FREP-229072-Z,1,1,1,1,1,1
FREP-229086-Z,1,1,1,1,1,1
FREP-229106-Z,1,1,1,1,1,1
FREP-229120-Z,1,1,1,1,1,1
FREP-229163-Z,1,1,1,1,1,1
FREP-229164-Z,1,1,1,1,1,1
FREP-229172-Z,1,1,1,1,1,1
FREP-229186-Z,1,1,1,1,1,1
FREP-229209-Z,1,1,1,1,1,1
FREP-229229-Z,1,1,1,1,1,1
FREP-229271-Z,1,1,1,1,1,1
FREP-22929-U,1,1,1,1,1,1
FREP-229294-Z,1,1,1,1,1,1
FREP-229403-Z,1,1,1,1,1,1
FREP-229446-Z,1,1,1,1,1,1
FREP-229453-Z,1,1,1,1,1,1
FREP-22946-U,1,1,1,1,1,1
FREP-22947-U,1,1,1,1,1,1
FREP-229532-Z,1,1,1,1,1,1
FREP-229541-Z,1,1,1,1,1,1
FREP-229565-Z,1,1,1,1,1,1
FREP-22967-U,1,1,1,1,1,1
FREP-229750-Z,1,1,1,1,1,1
FREP-229767-Z,1,1,1,1,1,1
FREP-229888-Z,1,1,1,1,1,1
FREP-229927-Z,1,1,1,1,1,1
FREP-229944-Z,1,1,1,1,1,1
FREP-229948-Z,1,1,1,1,1,1
FREP-230061-Z,1,1,1,1,1,1
FREP-230122-Z,1,1,1,1,1,1
FREP-230147-Z,1,1,1,1,1,1
FREP-230156-Z,1,1,1,1,1,1
FREP-230180-Z,1,1,1,1,1,1
FREP-230192-Z,1,1,1,1,1,1
FREP-230195-Z,1,1,1,1,1,1
FREP-230206-Z,1,1,1,1,1,1
FREP-230228-Z,1,1,1,1,1,1
FREP-23024-U,1,1,1,1,1,1
FREP-23026-U,1,1,1,1,1,1
FREP-230275-Z,1,1,1,1,1,1
FREP-230286-Z,1,1,1,1,1,1
FREP-230290-Z,1,1,1,1,1,1
FREP-230291-Z,1,1,1,1,1,1
FREP-230297-Z,1,1,1,1,1,1
FREP-230299-Z,1,1,1,1,1,1
FREP-230301-Z,1,1,1,1,1,1
FREP-230302-Z,1,1,1,1,1,1
FREP-230306-Z,1,1,1,1,1,1
FREP-230332-Z,1,1,1,1,1,1
FREP-230359-Z,1,1,1,1,1,1
FREP-230371-Z,1,1,1,1,1,1
FREP-230374-Z,1,1,1,1,1,1
FREP-23038-U,1,1,1,1,1,1
FREP-23040-U,1,1,1,1,1,1
FREP-230406-Z,1,1,1,1,1,1
FREP-230483-Z,1,1,1,1,1,1
FREP-23052-U,1,1,1,1,1,1
FREP-230537-Z,1,1,1,1,1,1
FREP-230558-Z,1,1,1,1,1,1
FREP-23060-U,1,1,1,1,1,1
FREP-230626-Z,1,1,1,1,1,1
FREP-230629-Z,1,1,1,1,1,1
FREP-230634-Z,1,1,1,1,1,1
FREP-230664-Z,1,1,1,1,1,1
FREP-230757-Z,1,1,1,1,1,1
FREP-230780-Z,1,1,1,1,1,1
FREP-230865-Z,1,1,1,1,1,1
FREP-230874-Z,1,1,1,1,1,1
FREP-230916-Z,1,1,1,1,1,1
FREP-230917-Z,1,1,1,1,1,1
FREP-230934-Z,1,1,1,1,1,1
FREP-230940-Z,1,1,1,1,1,1
FREP-230996-Z,1,1,1,1,1,1
FREP-231003-Z,1,1,1,1,1,1
FREP-231014-Z,1,1,1,1,1,1
FREP-231032-Z,1,1,1,1,1,1
FREP-231176-Z,1,1,1,1,1,1
FREP-231194-Z,1,1,1,1,1,1
FREP-231263-Z,1,1,1,1,1,1
FREP-231299-Z,1,1,1,1,1,1
FREP-231384-Z,1,1,1,1,1,1
FREP-231434-Z,1,1,1,1,1,1
FREP-231497-Z,1,1,1,1,1,1
FREP-231538-Z,1,1,1,1,1,1
FREP-231590-Z,1,1,1,1,1,1
FREP-231591-Z,1,1,1,1,1,1
FREP-231628-Z,1,1,1,1,1,1
FREP-231652-Z,1,1,1,1,1,1
FREP-231660-Z,1,1,1,1,1,1
FREP-231661-Z,1,1,1,1,1,1
FREP-231664-Z,1,1,1,1,1,1
FREP-231689-Z,1,1,1,1,1,1
FREP-231743-Z,1,1,1,1,1,1
FREP-231753-Z,1,1,1,1,1,1
FREP-231755-Z,1,1,1,1,1,1
FREP-231757-Z,1,1,1,1,1,1
FREP-231768-Z,1,1,1,1,1,1
FREP-231771-Z,1,1,1,1,1,1
FREP-231788-Z,1,1,1,1,1,1
FREP-231804-Z,1,1,1,1,1,1
FREP-231819-Z,1,1,1,1,1,1
FREP-231820-Z,1,1,1,1,1,1
FREP-231824-Z,1,1,1,1,1,1
FREP-231889-Z,1,1,1,1,1,1
FREP-232004-Z,1,1,1,1,1,1
FREP-232044-Z,1,1,1,1,1,1
FREP-232049-Z,1,1,1,1,1,1
FREP-232051-Z,1,1,1,1,1,1
FREP-232055-Z,1,1,1,1,1,1
FREP-232061-Z,1,1,1,1,1,1
FREP-232065-Z,1,1,1,1,1,1
FREP-232087-Z,1,1,1,1,1,1
FREP-232096-Z,1,1,1,1,1,1
FREP-232212-Z,1,1,1,1,1,1
FREP-232218-Z,1,1,1,1,1,1
FREP-232250-Z,1,1,1,1,1,1
FREP-232262-Z,1,1,1,1,1,1
FREP-232295-Z,1,1,1,1,1,1
FREP-232329-Z,1,1,1,1,1,1
FREP-232387-Z,1,1,1,1,1,1
FREP-232459-Z,1,1,1,1,1,1
FREP-232472-Z,1,1,1,1,1,1
FREP-232509-Z,1,1,1,1,1,1
FREP-232518-Z,1,1,1,1,1,1
FREP-232569-Z,1,1,1,1,1,1
FREP-232570-Z,1,1,1,1,1,1
FREP-232573-Z,1,1,1,1,1,1
FREP-232634-Z,1,1,1,1,1,1
FREP-232691-Z,1,1,1,1,1,1
FREP-232747-Z,1,1,1,1,1,1
FREP-232753-Z,1,1,1,1,1,1
FREP-232757-Z,1,1,1,1,1,1
FREP-232762-Z,1,1,1,1,1,1
FREP-232779-Z,1,1,1,1,1,1
FREP-232782-Z,1,1,1,1,1,1
FREP-232857-Z,1,1,1,1,1,1
FREP-232876-Z,1,1,1,1,1,1
FREP-232901-Z,1,1,1,1,1,1
FREP-232909-Z,1,1,1,1,1,1
FREP-232917-Z,1,1,1,1,1,1
FREP-232929-Z,1,1,1,1,1,1
FREP-232937-Z,1,1,1,1,1,1
FREP-232945-Z,1,1,1,1,1,1
FREP-232947-Z,1,1,1,1,1,1
FREP-232955-Z,1,1,1,1,1,1
FREP-233039-Z,1,1,1,1,1,1
FREP-233059-Z,1,1,1,1,1,1
FREP-233092-Z,1,1,1,1,1,1
FREP-233103-Z,1,1,1,1,1,1
FREP-233108-Z,1,1,1,1,1,1
FREP-233115-Z,1,1,1,1,1,1
FREP-233135-Z,1,1,1,1,1,1
FREP-233259-Z,1,1,1,1,1,1
FREP-233297-Z,1,1,1,1,1,1
FREP-233310-Z,1,1,1,1,1,1
FREP-233322-Z,1,1,1,1,1,1
FREP-233327-Z,1,1,1,1,1,1
FREP-233329-Z,1,1,1,1,1,1
FREP-233348-Z,1,1,1,1,1,1
FREP-233405-Z,1,1,1,1,1,1
FREP-233497-Z,1,1,1,1,1,1
FREP-233542-Z,1,1,1,1,1,1
FREP-233560-Z,1,1,1,1,1,1
FREP-233562-Z,1,1,1,1,1,1
FREP-233567-Z,1,1,1,1,1,1
FREP-233570-Z,1,1,1,1,1,1
FREP-233754-Z,1,1,1,1,1,1
FREP-233822-Z,1,1,1,1,1,1
FREP-233833-Z,1,1,1,1,1,1
FREP-233834-Z,1,1,1,1,1,1
FREP-233946-Z,1,1,1,1,1,1
FREP-233949-Z,1,1,1,1,1,1
FREP-234001-Z,1,1,1,1,1,1
FREP-234016-Z,1,1,1,1,1,1
FREP-234030-Z,1,1,1,1,1,1
FREP-234031-Z,1,1,1,1,1,1
FREP-234038-Z,1,1,1,1,1,1
FREP-234039-Z,1,1,1,1,1,1
FREP-234065-Z,1,1,1,1,1,1
FREP-234220-Z,1,1,1,1,1,1
FREP-234223-Z,1,1,1,1,1,1
FREP-234245-Z,1,1,1,1,1,1
FREP-234255-Z,1,1,1,1,1,1
FREP-234256-Z,1,1,1,1,1,1
FREP-234285-Z,1,1,1,1,1,1
FREP-234296-Z,1,1,1,1,1,1
FREP-234297-Z,1,1,1,1,1,1
FREP-234302-Z,1,1,1,1,1,1
FREP-234343-Z,1,1,1,1,1,1
FREP-234394-Z,1,1,1,1,1,1
FREP-234395-Z,1,1,1,1,1,1
FREP-234403-Z,1,1,1,1,1,1
FREP-234413-Z,1,1,1,1,1,1
FREP-234435-Z,1,1,1,1,1,1
FREP-234439-Z,1,1,1,1,1,1
FREP-234461-Z,1,1,1,1,1,1
FREP-234470-Z,1,1,1,1,1,1
FREP-234472-Z,1,1,1,1,1,1
FREP-234477-Z,1,1,1,1,1,1
FREP-234483-Z,1,1,1,1,1,1
FREP-234487-Z,1,1,1,1,1,1
FREP-234502-Z,1,1,1,1,1,1
FREP-234507-Z,1,1,1,1,1,1
FREP-234510-Z,1,1,1,1,1,1
FREP-234521-Z,1,1,1,1,1,1
FREP-234544-Z,1,1,1,1,1,1
FREP-234547-Z,1,1,1,1,1,1
FREP-234549-Z,1,1,1,1,1,1
FREP-234558-Z,1,1,1,1,1,1
FREP-234559-Z,1,1,1,1,1,1
FREP-234560-Z,1,1,1,1,1,1
FREP-234566-Z,1,1,1,1,1,1
FREP-234568-Z,1,1,1,1,1,1
FREP-234575-Z,1,1,1,1,1,1
FREP-234576-Z,1,1,1,1,1,1
FREP-234585-Z,1,1,1,1,1,1
FREP-234589-Z,1,1,1,1,1,1
FREP-234594-Z,1,1,1,1,1,1
FREP-234596-Z,1,1,1,1,1,1
FREP-234599-Z,1,1,1,1,1,1
FREP-234611-Z,1,1,1,1,1,1
FREP-234629-Z,1,1,1,1,1,1
FREP-234647-Z,1,1,1,1,1,1
FREP-234648-Z,1,1,1,1,1,1
FREP-234687-Z,1,1,1,1,1,1
FREP-234735-Z,1,1,1,1,1,1
FREP-234747-Z,1,1,1,1,1,1
FREP-234770-Z,1,1,1,1,1,1
FREP-234842-Z,1,1,1,1,1,1
FREP-234929-Z,1,1,1,1,1,1
FREP-234939-Z,1,1,1,1,1,1
FREP-234941-Z,1,1,1,1,1,1
FREP-234948-Z,1,1,1,1,1,1
FREP-234966-Z,1,1,1,1,1,1
FREP-235035-Z,1,1,1,1,1,1
FREP-235045-Z,1,1,1,1,1,1
FREP-235053-Z,1,1,1,1,1,1
FREP-235064-Z,1,1,1,1,1,1
FREP-235086-Z,1,1,1,1,1,1
FREP-235100-Z,1,1,1,1,1,1
FREP-235104-Z,1,1,1,1,1,1
FREP-235158-Z,1,1,1,1,1,1
FREP-235161-Z,1,1,1,1,1,1
FREP-235166-Z,1,1,1,1,1,1
FREP-235182-Z,1,1,1,1,1,1
FREP-235185-Z,1,1,1,1,1,1
FREP-235186-Z,1,1,1,1,1,1
FREP-235192-Z,1,1,1,1,1,1
FREP-235214-Z,1,1,1,1,1,1
FREP-235287-Z,1,1,1,1,1,1
FREP-235307-Z,1,1,1,1,1,1
FREP-235356-Z,1,1,1,1,1,1
FREP-235388-Z,1,1,1,1,1,1
FREP-235517-Z,1,1,1,1,1,1
FREP-235547-Z,1,1,1,1,1,1
FREP-235572-Z,1,1,1,1,1,1
FREP-235574-Z,1,1,1,1,1,1
FREP-235599-Z,1,1,1,1,1,1
FREP-235601-Z,1,1,1,1,1,1
FREP-235605-Z,1,1,1,1,1,1
FREP-235611-Z,1,1,1,1,1,1
FREP-235614-Z,1,1,1,1,1,1
FREP-235621-Z,1,1,1,1,1,1
FREP-235628-Z,1,1,1,1,1,1
FREP-235639-Z,1,1,1,1,1,1
FREP-235644-Z,1,1,1,1,1,1
FREP-235655-Z,1,1,1,1,1,1
FREP-235660-Z,1,1,1,1,1,1
FREP-235680-Z,1,1,1,1,1,1
FREP-235702-Z,1,1,1,1,1,1
FREP-235718-Z,1,1,1,1,1,1
FREP-235740-Z,1,1,1,1,1,1
FREP-235747-Z,1,1,1,1,1,1
FREP-235766-Z,1,1,1,1,1,1
FREP-235782-Z,1,1,1,1,1,1
FREP-235804-Z,1,1,1,1,1,1
FREP-235819-Z,1,1,1,1,1,1
FREP-235829-Z,1,1,1,1,1,1
FREP-235833-Z,1,1,1,1,1,1
FREP-235856-Z,1,1,1,1,1,1
FREP-235872-Z,1,1,1,1,1,1
FREP-235889-Z,1,1,1,1,1,1
FREP-235905-Z,1,1,1,1,1,1
FREP-235912-Z,1,1,1,1,1,1
FREP-235913-Z,1,1,1,1,1,1
FREP-235929-Z,1,1,1,1,1,1
FREP-235979-Z,1,1,1,1,1,1
FREP-235982-Z,1,1,1,1,1,1
FREP-236030-Z,1,1,1,1,1,1
FREP-236066-Z,1,1,1,1,1,1
FREP-236071-Z,1,1,1,1,1,1
FREP-236076-Z,1,1,1,1,1,1
FREP-236085-Z,1,1,1,1,1,1
FREP-236097-Z,1,1,1,1,1,1
FREP-236120-Z,1,1,1,1,1,1
FREP-236191-Z,1,1,1,1,1,1
FREP-236221-Z,1,1,1,1,1,1
FREP-236242-Z,1,1,1,1,1,1
FREP-236248-Z,1,1,1,1,1,1
FREP-236259-Z,1,1,1,1,1,1
FREP-236293-Z,1,1,1,1,1,1
FREP-236327-Z,1,1,1,1,1,1
FREP-236335-Z,1,1,1,1,1,1
FREP-236340-Z,1,1,1,1,1,1
FREP-236355-Z,1,1,1,1,1,1
FREP-236367-Z,1,1,1,1,1,1
FREP-236373-Z,1,1,1,1,1,1
FREP-236382-Z,1,1,1,1,1,1
FREP-236389-Z,1,1,1,1,1,1
FREP-236408-Z,1,1,1,1,1,1
FREP-236435-Z,1,1,1,1,1,1
FREP-236441-Z,1,1,1,1,1,1
FREP-236493-Z,1,1,1,1,1,1
FREP-236543-Z,1,1,1,1,1,1
FREP-236547-Z,1,1,1,1,1,1
FREP-236560-Z,1,1,1,1,1,1
FREP-236592-Z,1,1,1,1,1,1
FREP-236599-Z,1,1,1,1,1,1
FREP-236614-Z,1,1,1,1,1,1
FREP-236620-Z,1,1,1,1,1,1
FREP-236641-Z,1,1,1,1,1,1
FREP-236663-Z,1,1,1,1,1,1
FREP-236686-Z,1,1,1,1,1,1
FREP-236688-Z,1,1,1,1,1,1
FREP-236694-Z,1,1,1,1,1,1
FREP-236774-Z,1,1,1,1,1,1
FREP-236797-Z,1,1,1,1,1,1
FREP-236840-Z,1,1,1,1,1,1
FREP-236854-Z,1,1,1,1,1,1
FREP-236868-Z,1,1,1,1,1,1
FREP-236870-Z,1,1,1,1,1,1
FREP-236871-Z,1,1,1,1,1,1
FREP-236898-Z,1,1,1,1,1,1
FREP-236923-Z,1,1,1,1,1,1
FREP-236932-Z,1,1,1,1,1,1
FREP-236940-Z,1,1,1,1,1,1
FREP-236947-Z,1,1,1,1,1,1
FREP-236952-Z,1,1,1,1,1,1
FREP-236969-Z,1,1,1,1,1,1
FREP-236970-Z,1,1,1,1,1,1
FREP-236974-Z,1,1,1,1,1,1
FREP-236994-Z,1,1,1,1,1,1
FREP-237002-Z,1,1,1,1,1,1
FREP-237009-Z,1,1,1,1,1,1
FREP-237038-Z,1,1,1,1,1,1
FREP-237069-Z,1,1,1,1,1,1
FREP-237070-Z,1,1,1,1,1,1
FREP-237071-Z,1,1,1,1,1,1
FREP-237076-Z,1,1,1,1,1,1
FREP-237084-Z,1,1,1,1,1,1
FREP-237089-Z,1,1,1,1,1,1
FREP-237093-Z,1,1,1,1,1,1
FREP-237114-Z,1,1,1,1,1,1
FREP-237137-Z,1,1,1,1,1,1
FREP-237151-Z,1,1,1,1,1,1
FREP-237208-Z,1,1,1,1,1,1
FREP-237269-Z,1,1,1,1,1,1
FREP-237288-Z,1,1,1,1,1,1
FREP-237315-Z,1,1,1,1,1,1
FREP-237356-Z,1,1,1,1,1,1
FREP-237381-Z,1,1,1,1,1,1
FREP-237408-Z,1,1,1,1,1,1
FREP-237420-Z,1,1,1,1,1,1
FREP-237424-Z,1,1,1,1,1,1
FREP-237469-Z,1,1,1,1,1,1
FREP-237474-Z,1,1,1,1,1,1
FREP-237519-Z,1,1,1,1,1,1
FREP-237559-Z,1,1,1,1,1,1
FREP-237571-Z,1,1,1,1,1,1
FREP-237652-Z,1,1,1,1,1,1
FREP-237658-Z,1,1,1,1,1,1
FREP-237671-Z,1,1,1,1,1,1
FREP-237701-Z,1,1,1,1,1,1
FREP-237723-Z,1,1,1,1,1,1
FREP-237730-Z,1,1,1,1,1,1
FREP-237747-Z,1,1,1,1,1,1
FREP-237748-Z,1,1,1,1,1,1
FREP-237777-Z,1,1,1,1,1,1
FREP-237808-Z,1,1,1,1,1,1
FREP-237811-Z,1,1,1,1,1,1
FREP-237813-Z,1,1,1,1,1,1
FREP-237824-Z,1,1,1,1,1,1
FREP-237834-Z,1,1,1,1,1,1
FREP-237847-Z,1,1,1,1,1,1
FREP-237889-Z,1,1,1,1,1,1
FREP-237896-Z,1,1,1,1,1,1
FREP-237897-Z,1,1,1,1,1,1
FREP-238045-Z,1,1,1,1,1,1
FREP-238098-Z,1,1,1,1,1,1
FREP-238101-Z,1,1,1,1,1,1
FREP-238102-Z,1,1,1,1,1,1
FREP-238106-Z,1,1,1,1,1,1
FREP-238110-Z,1,1,1,1,1,1
FREP-238115-Z,1,1,1,1,1,1
FREP-238116-Z,1,1,1,1,1,1
FREP-238141-Z,1,1,1,1,1,1
FREP-238143-Z,1,1,1,1,1,1
FREP-238165-Z,1,1,1,1,1,1
FREP-238308-Z,1,1,1,1,1,1
FREP-238347-Z,1,1,1,1,1,1
FREP-238350-Z,1,1,1,1,1,1
FREP-238356-Z,1,1,1,1,1,1
FREP-238369-Z,1,1,1,1,1,1
FREP-238386-Z,1,1,1,1,1,1
FREP-238390-Z,1,1,1,1,1,1
FREP-238404-Z,1,1,1,1,1,1
FREP-238408-Z,1,1,1,1,1,1
FREP-238409-Z,1,1,1,1,1,1
FREP-238415-Z,1,1,1,1,1,1
FREP-238422-Z,1,1,1,1,1,1
FREP-238455-Z,1,1,1,1,1,1
FREP-238487-Z,1,1,1,1,1,1
FREP-238522-Z,1,1,1,1,1,1
FREP-238544-Z,1,1,1,1,1,1
FREP-238553-Z,1,1,1,1,1,1
FREP-238563-Z,1,1,1,1,1,1
FREP-238564-Z,1,1,1,1,1,1
FREP-238566-Z,1,1,1,1,1,1
FREP-238571-Z,1,1,1,1,1,1
FREP-238575-Z,1,1,1,1,1,1
FREP-238588-Z,1,1,1,1,1,1
FREP-238590-Z,1,1,1,1,1,1
FREP-238600-Z,1,1,1,1,1,1
FREP-238612-Z,1,1,1,1,1,1
FREP-238620-Z,1,1,1,1,1,1
FREP-238626-Z,1,1,1,1,1,1
FREP-238663-Z,1,1,1,1,1,1
FREP-238669-Z,1,1,1,1,1,1
FREP-238676-Z,1,1,1,1,1,1
FREP-238678-Z,1,1,1,1,1,1
FREP-238682-Z,1,1,1,1,1,1
FREP-238693-Z,1,1,1,1,1,1
FREP-238696-Z,1,1,1,1,1,1
FREP-238738-Z,1,1,1,1,1,1
FREP-238767-Z,1,1,1,1,1,1
FREP-238850-Z,1,1,1,1,1,1
FREP-238870-Z,1,1,1,1,1,1
FREP-238890-Z,1,1,1,1,1,1
FREP-238905-Z,1,1,1,1,1,1
FREP-238906-Z,1,1,1,1,1,1
FREP-238907-Z,1,1,1,1,1,1
FREP-238924-Z,1,1,1,1,1,1
FREP-238929-Z,1,1,1,1,1,1
FREP-238946-Z,1,1,1,1,1,1
FREP-238964-Z,1,1,1,1,1,1
FREP-238976-Z,1,1,1,1,1,1
FREP-238988-Z,1,1,1,1,1,1
FREP-239055-Z,1,1,1,1,1,1
FREP-239106-Z,1,1,1,1,1,1
FREP-239123-Z,1,1,1,1,1,1
FREP-239128-Z,1,1,1,1,1,1
FREP-239145-Z,1,1,1,1,1,1
FREP-239161-Z,1,1,1,1,1,1
FREP-239224-Z,1,1,1,1,1,1
FREP-239232-Z,1,1,1,1,1,1
FREP-239316-Z,1,1,1,1,1,1
FREP-239336-Z,1,1,1,1,1,1
FREP-239346-Z,1,1,1,1,1,1
FREP-239349-Z,1,1,1,1,1,1
FREP-239350-Z,1,1,1,1,1,1
FREP-239359-Z,1,1,1,1,1,1
FREP-239367-Z,1,1,1,1,1,1
FREP-239428-J,1,1,1,1,1,1
FREP-239480-Z,1,1,1,1,1,1
FREP-239490-Z,1,1,1,1,1,1
FREP-239522-Z,1,1,1,1,1,1
FREP-239525-Z,1,1,1,1,1,1
FREP-239535-Z,1,1,1,1,1,1
FREP-239547-Z,1,1,1,1,1,1
FREP-239551-Z,1,1,1,1,1,1
FREP-239555-Z,1,1,1,1,1,1
FREP-239562-Z,1,1,1,1,1,1
FREP-239577-Z,1,1,1,1,1,1
FREP-239599-Z,1,1,1,1,1,1
FREP-239615-Z,1,1,1,1,1,1
FREP-239658-Z,1,1,1,1,1,1
FREP-239689-Z,1,1,1,1,1,1
FREP-239703-Z,1,1,1,1,1,1
FREP-239766-Z,1,1,1,1,1,1
FREP-239797-Z,1,1,1,1,1,1
FREP-239800-Z,1,1,1,1,1,1
FREP-239812-Z,1,1,1,1,1,1
FREP-239824-Z,1,1,1,1,1,1
FREP-239844-Z,1,1,1,1,1,1
FREP-239845-Z,1,1,1,1,1,1
FREP-239858-Z,1,1,1,1,1,1
FREP-239882-Z,1,1,1,1,1,1
FREP-239896-Z,1,1,1,1,1,1
FREP-239899-Z,1,1,1,1,1,1
FREP-239901-Z,1,1,1,1,1,1
FREP-239902-Z,1,1,1,1,1,1
FREP-239908-Z,1,1,1,1,1,1
FREP-239954-Z,1,1,1,1,1,1
FREP-239955-Z,1,1,1,1,1,1
FREP-239961-Z,1,1,1,1,1,1
FREP-239962-Z,1,1,1,1,1,1
FREP-239967-Z,1,1,1,1,1,1
FREP-239968-Z,1,1,1,1,1,1
FREP-239970-Z,1,1,1,1,1,1
FREP-239978-Z,1,1,1,1,1,1
FREP-239990-Z,1,1,1,1,1,1
FREP-240002-Z,1,1,1,1,1,1
FREP-240006-Z,1,1,1,1,1,1
FREP-240010-Z,1,1,1,1,1,1
FREP-240020-Z,1,1,1,1,1,1
FREP-240024-Z,1,1,1,1,1,1
FREP-240185-Z,1,1,1,1,1,1
FREP-240203-Z,1,1,1,1,1,1
FREP-240206-Z,1,1,1,1,1,1
FREP-240219-Z,1,1,1,1,1,1
FREP-240229-Z,1,1,1,1,1,1
FREP-240234-Z,1,1,1,1,1,1
FREP-240276-Z,1,1,1,1,1,1
FREP-240324-Z,1,1,1,1,1,1
FREP-240332-Z,1,1,1,1,1,1
FREP-240370-Z,1,1,1,1,1,1
FREP-240405-Z,1,1,1,1,1,1
FREP-240418-Z,1,1,1,1,1,1
FREP-240492-Z,1,1,1,1,1,1
FREP-240513-Z,1,1,1,1,1,1
FREP-240560-Z,1,1,1,1,1,1
FREP-240575-Z,1,1,1,1,1,1
FREP-240617-Z,1,1,1,1,1,1
FREP-240634-Z,1,1,1,1,1,1
FREP-240668-Z,1,1,1,1,1,1
FREP-240690-Z,1,1,1,1,1,1
FREP-240692-Z,1,1,1,1,1,1
FREP-240694-Z,1,1,1,1,1,1
FREP-240696-Z,1,1,1,1,1,1
FREP-240698-Z,1,1,1,1,1,1
FREP-240702-Z,1,1,1,1,1,1
FREP-240714-Z,1,1,1,1,1,1
FREP-240737-Z,1,1,1,1,1,1
FREP-240749-Z,1,1,1,1,1,1
FREP-240761-Z,1,1,1,1,1,1
FREP-240765-Z,1,1,1,1,1,1
FREP-240821-Z,1,1,1,1,1,1
FREP-240866-Z,1,1,1,1,1,1
FREP-240872-Z,1,1,1,1,1,1
FREP-240873-Z,1,1,1,1,1,1
FREP-240906-Z,1,1,1,1,1,1
FREP-240929-Z,1,1,1,1,1,1
FREP-240934-Z,1,1,1,1,1,1
FREP-240936-Z,1,1,1,1,1,1
FREP-240942-Z,1,1,1,1,1,1
FREP-240943-Z,1,1,1,1,1,1
FREP-240955-Z,1,1,1,1,1,1
FREP-240961-Z,1,1,1,1,1,1
FREP-240989-Z,1,1,1,1,1,1
FREP-241045-Z,1,1,1,1,1,1
FREP-241050-Z,1,1,1,1,1,1
FREP-241052-Z,1,1,1,1,1,1
FREP-241058-Z,1,1,1,1,1,1
FREP-241107-Z,1,1,1,1,1,1
FREP-241108-Z,1,1,1,1,1,1
FREP-241115-Z,1,1,1,1,1,1
FREP-241135-Z,1,1,1,1,1,1
FREP-241140-Z,1,1,1,1,1,1
FREP-241144-Z,1,1,1,1,1,1
FREP-241154-Z,1,1,1,1,1,1
FREP-241155-Z,1,1,1,1,1,1
FREP-241158-Z,1,1,1,1,1,1
FREP-241177-Z,1,1,1,1,1,1
FREP-241180-Z,1,1,1,1,1,1
FREP-241187-Z,1,1,1,1,1,1
FREP-241190-Z,1,1,1,1,1,1
FREP-241203-Z,1,1,1,1,1,1
FREP-241204-Z,1,1,1,1,1,1
FREP-241207-Z,1,1,1,1,1,1
FREP-241237-Z,1,1,1,1,1,1
FREP-241306-Z,1,1,1,1,1,1
FREP-241336-Z,1,1,1,1,1,1
FREP-241356-Z,1,1,1,1,1,1
FREP-241428-Z,1,1,1,1,1,1
FREP-241437-Z,1,1,1,1,1,1
FREP-241441-Z,1,1,1,1,1,1
FREP-241444-Z,1,1,1,1,1,1
FREP-241461-Z,1,1,1,1,1,1
FREP-241462-Z,1,1,1,1,1,1
FREP-241467-Z,1,1,1,1,1,1
FREP-241492-Z,1,1,1,1,1,1
FREP-241524-Z,1,1,1,1,1,1
FREP-241531-Z,1,1,1,1,1,1
FREP-241532-Z,1,1,1,1,1,1
FREP-241536-Z,1,1,1,1,1,1
FREP-241564-Z,1,1,1,1,1,1
FREP-241585-Z,1,1,1,1,1,1
FREP-241590-Z,1,1,1,1,1,1
FREP-241599-Z,1,1,1,1,1,1
FREP-241722-Z,1,1,1,1,1,1
FREP-241733-Z,1,1,1,1,1,1
FREP-241735-Z,1,1,1,1,1,1
FREP-241765-Z,1,1,1,1,1,1
FREP-241773-Z,1,1,1,1,1,1
FREP-241776-Z,1,1,1,1,1,1
FREP-241784-Z,1,1,1,1,1,1
FREP-241808-Z,1,1,1,1,1,1
FREP-241858-Z,1,1,1,1,1,1
FREP-241868-Z,1,1,1,1,1,1
FREP-241896-Z,1,1,1,1,1,1
FREP-241906-Z,1,1,1,1,1,1
FREP-241949-Z,1,1,1,1,1,1
FREP-241995-Z,1,1,1,1,1,1
FREP-242010-Z,1,1,1,1,1,1
FREP-242014-Z,1,1,1,1,1,1
FREP-242026-Z,1,1,1,1,1,1
FREP-242034-Z,1,1,1,1,1,1
FREP-242037-Z,1,1,1,1,1,1
FREP-242078-Z,1,1,1,1,1,1
FREP-242104-Z,1,1,1,1,1,1
FREP-242145-Z,1,1,1,1,1,1
FREP-242184-Z,1,1,1,1,1,1
FREP-242203-Z,1,1,1,1,1,1
FREP-242220-Z,1,1,1,1,1,1
FREP-242225-Z,1,1,1,1,1,1
FREP-242226-Z,1,1,1,1,1,1
FREP-242228-Z,1,1,1,1,1,1
FREP-242232-Z,1,1,1,1,1,1
FREP-242238-Z,1,1,1,1,1,1
FREP-242241-Z,1,1,1,1,1,1
FREP-242248-Z,1,1,1,1,1,1
FREP-242259-Z,1,1,1,1,1,1
FREP-242280-Z,1,1,1,1,1,1
FREP-242289-Z,1,1,1,1,1,1
FREP-242291-Z,1,1,1,1,1,1
FREP-242301-Z,1,1,1,1,1,1
FREP-242315-Z,1,1,1,1,1,1
FREP-242322-Z,1,1,1,1,1,1
FREP-242330-Z,1,1,1,1,1,1
FREP-242336-Z,1,1,1,1,1,1
FREP-242349-Z,1,1,1,1,1,1
FREP-242357-Z,1,1,1,1,1,1
FREP-242362-Z,1,1,1,1,1,1
FREP-242369-Z,1,1,1,1,1,1
FREP-242398-Z,1,1,1,1,1,1
FREP-242418-Z,1,1,1,1,1,1
FREP-242421-Z,1,1,1,1,1,1
FREP-242427-Z,1,1,1,1,1,1
FREP-242446-Z,1,1,1,1,1,1
FREP-242503-Z,1,1,1,1,1,1
FREP-242561-Z,1,1,1,1,1,1
FREP-242585-Z,1,1,1,1,1,1
FREP-242587-Z,1,1,1,1,1,1
FREP-242614-Z,1,1,1,1,1,1
FREP-242642-Z,1,1,1,1,1,1
FREP-242659-Z,1,1,1,1,1,1
FREP-242673-Z,1,1,1,1,1,1
FREP-242679-Z,1,1,1,1,1,1
FREP-242714-Z,1,1,1,1,1,1
FREP-242743-Z,1,1,1,1,1,1
FREP-242752-Z,1,1,1,1,1,1
FREP-242779-Z,1,1,1,1,1,1
FREP-242781-Z,1,1,1,1,1,1
FREP-242782-Z,1,1,1,1,1,1
FREP-242799-Z,1,1,1,1,1,1
FREP-242813-Z,1,1,1,1,1,1
FREP-242819-Z,1,1,1,1,1,1
FREP-242862-Z,1,1,1,1,1,1
FREP-242864-Z,1,1,1,1,1,1
FREP-242909-Z,1,1,1,1,1,1
FREP-242936-Z,1,1,1,1,1,1
FREP-242942-Z,1,1,1,1,1,1
FREP-242950-Z,1,1,1,1,1,1
FREP-242969-Z,1,1,1,1,1,1
FREP-242970-Z,1,1,1,1,1,1
FREP-242976-Z,1,1,1,1,1,1
FREP-242980-Z,1,1,1,1,1,1
FREP-242985-Z,1,1,1,1,1,1
FREP-242987-Z,1,1,1,1,1,1
FREP-242990-Z,1,1,1,1,1,1
FREP-242991-Z,1,1,1,1,1,1
FREP-242992-Z,1,1,1,1,1,1
FREP-243024-Z,1,1,1,1,1,1
FREP-243027-Z,1,1,1,1,1,1
FREP-243034-Z,1,1,1,1,1,1
FREP-243055-Z,1,1,1,1,1,1
FREP-243060-Z,1,1,1,1,1,1
FREP-243080-Z,1,1,1,1,1,1
FREP-243084-Z,1,1,1,1,1,1
FREP-243105-Z,1,1,1,1,1,1
FREP-243129-Z,1,1,1,1,1,1
FREP-243184-Z,1,1,1,1,1,1
FREP-243195-Z,1,1,1,1,1,1
FREP-243229-Z,1,1,1,1,1,1
FREP-243250-Z,1,1,1,1,1,1
FREP-243259-Z,1,1,1,1,1,1
FREP-243277-Z,1,1,1,1,1,1
FREP-243337-Z,1,1,1,1,1,1
FREP-243342-Z,1,1,1,1,1,1
FREP-243347-Z,1,1,1,1,1,1
FREP-243356-Z,1,1,1,1,1,1
FREP-243364-Z,1,1,1,1,1,1
FREP-243367-Z,1,1,1,1,1,1
FREP-243368-Z,1,1,1,1,1,1
FREP-243384-Z,1,1,1,1,1,1
FREP-243395-Z,1,1,1,1,1,1
FREP-243406-Z,1,1,1,1,1,1
FREP-243414-Z,1,1,1,1,1,1
FREP-243417-Z,1,1,1,1,1,1
FREP-243425-Z,1,1,1,1,1,1
FREP-243438-Z,1,1,1,1,1,1
FREP-243447-Z,1,1,1,1,1,1
FREP-243466-Z,1,1,1,1,1,1
FREP-243468-Z,1,1,1,1,1,1
FREP-243469-Z,1,1,1,1,1,1
FREP-243496-Z,1,1,1,1,1,1
FREP-243510-Z,1,1,1,1,1,1
FREP-243515-Z,1,1,1,1,1,1
FREP-243518-Z,1,1,1,1,1,1
FREP-243521-Z,1,1,1,1,1,1
FREP-243534-Z,1,1,1,1,1,1
FREP-243547-Z,1,1,1,1,1,1
FREP-243569-Z,1,1,1,1,1,1
FREP-243573-Z,1,1,1,1,1,1
FREP-243575-Z,1,1,1,1,1,1
FREP-243617-Z,1,1,1,1,1,1
FREP-243633-Z,1,1,1,1,1,1
FREP-243655-Z,1,1,1,1,1,1
FREP-243663-Z,1,1,1,1,1,1
FREP-243666-Z,1,1,1,1,1,1
FREP-243692-Z,1,1,1,1,1,1
FREP-243696-Z,1,1,1,1,1,1
FREP-243729-Z,1,1,1,1,1,1
FREP-243750-Z,1,1,1,1,1,1
FREP-243766-Z,1,1,1,1,1,1
FREP-243786-Z,1,1,1,1,1,1
FREP-243789-Z,1,1,1,1,1,1
FREP-243791-Z,1,1,1,1,1,1
FREP-243845-Z,1,1,1,1,1,1
FREP-243846-Z,1,1,1,1,1,1
FREP-243879-Z,1,1,1,1,1,1
FREP-243916-Z,1,1,1,1,1,1
FREP-243944-Z,1,1,1,1,1,1
FREP-243956-Z,1,1,1,1,1,1
FREP-243957-Z,1,1,1,1,1,1
FREP-243963-Z,1,1,1,1,1,1
FREP-243971-Z,1,1,1,1,1,1
FREP-244002-Z,1,1,1,1,1,1
FREP-244008-Z,1,1,1,1,1,1
FREP-244021-Z,1,1,1,1,1,1
FREP-244022-Z,1,1,1,1,1,1
FREP-244038-Z,1,1,1,1,1,1
FREP-244041-Z,1,1,1,1,1,1
FREP-244046-Z,1,1,1,1,1,1
FREP-244052-Z,1,1,1,1,1,1
FREP-244053-Z,1,1,1,1,1,1
FREP-244054-Z,1,1,1,1,1,1
FREP-244059-Z,1,1,1,1,1,1
FREP-244065-Z,1,1,1,1,1,1
FREP-244091-Z,1,1,1,1,1,1
FREP-244167-J,1,1,1,1,1,1
FREP-244200-Z,1,1,1,1,1,1
FREP-244222-Z,1,1,1,1,1,1
FREP-244254-Z,1,1,1,1,1,1
FREP-244269-Z,1,1,1,1,1,1
FREP-244292-Z,1,1,1,1,1,1
FREP-244295-Z,1,1,1,1,1,1
FREP-244299-Z,1,1,1,1,1,1
FREP-244307-Z,1,1,1,1,1,1
FREP-244488-Z,1,1,1,1,1,1
FREP-244497-Z,1,1,1,1,1,1
FREP-244514-Z,1,1,1,1,1,1
FREP-244546-Z,1,1,1,1,1,1
FREP-244579-Z,1,1,1,1,1,1
FREP-244647-Z,1,1,1,1,1,1
FREP-244651-Z,1,1,1,1,1,1
FREP-244662-Z,1,1,1,1,1,1
FREP-244677-Z,1,1,1,1,1,1
FREP-244724-Z,1,1,1,1,1,1
FREP-244745-Z,1,1,1,1,1,1
FREP-244756-Z,1,1,1,1,1,1
FREP-244779-Z,1,1,1,1,1,1
FREP-244800-Z,1,1,1,1,1,1
FREP-244811-Z,1,1,1,1,1,1
FREP-244831-Z,1,1,1,1,1,1
FREP-244867-Z,1,1,1,1,1,1
FREP-244926-Z,1,1,1,1,1,1
FREP-244941-Z,1,1,1,1,1,1
FREP-244948-Z,1,1,1,1,1,1
FREP-244959-Z,1,1,1,1,1,1
FREP-245048-Z,1,1,1,1,1,1
FREP-245091-Z,1,1,1,1,1,1
FREP-245097-Z,1,1,1,1,1,1
FREP-245123-Z,1,1,1,1,1,1
FREP-245155-Z,1,1,1,1,1,1
FREP-245181-Z,1,1,1,1,1,1
FREP-245186-Z,1,1,1,1,1,1
FREP-245256-Z,1,1,1,1,1,1
FREP-245274-Z,1,1,1,1,1,1
FREP-245283-Z,1,1,1,1,1,1
FREP-245288-Z,1,1,1,1,1,1
FREP-245302-Z,1,1,1,1,1,1
FREP-245330-Z,1,1,1,1,1,1
FREP-245369-Z,1,1,1,1,1,1
FREP-245374-Z,1,1,1,1,1,1
FREP-245376-Z,1,1,1,1,1,1
FREP-245381-Z,1,1,1,1,1,1
FREP-245387-Z,1,1,1,1,1,1
FREP-245394-Z,1,1,1,1,1,1
FREP-245406-Z,1,1,1,1,1,1
FREP-245409-Z,1,1,1,1,1,1
FREP-245419-Z,1,1,1,1,1,1
FREP-245458-Z,1,1,1,1,1,1
FREP-245567-Z,1,1,1,1,1,1
FREP-245620-Z,1,1,1,1,1,1
FREP-245621-Z,1,1,1,1,1,1
FREP-245625-Z,1,1,1,1,1,1
FREP-245680-Z,1,1,1,1,1,1
FREP-245707-Z,1,1,1,1,1,1
FREP-245739-Z,1,1,1,1,1,1
FREP-245774-Z,1,1,1,1,1,1
FREP-245842-Z,1,1,1,1,1,1
FREP-245848-Z,1,1,1,1,1,1
FREP-245866-Z,1,1,1,1,1,1
FREP-245876-Z,1,1,1,1,1,1
FREP-245881-Z,1,1,1,1,1,1
FREP-245951-Z,1,1,1,1,1,1
FREP-245993-Z,1,1,1,1,1,1
FREP-246026-Z,1,1,1,1,1,1
FREP-246068-Z,1,1,1,1,1,1
FREP-246103-Z,1,1,1,1,1,1
FREP-246108-Z,1,1,1,1,1,1
FREP-246138-Z,1,1,1,1,1,1
FREP-246145-Z,1,1,1,1,1,1
FREP-246176-Z,1,1,1,1,1,1
FREP-246192-Z,1,1,1,1,1,1
FREP-246200-Z,1,1,1,1,1,1
FREP-246215-Z,1,1,1,1,1,1
FREP-246219-Z,1,1,1,1,1,1
FREP-246258-Z,1,1,1,1,1,1
FREP-246288-Z,1,1,1,1,1,1
FREP-246293-Z,1,1,1,1,1,1
FREP-246306-Z,1,1,1,1,1,1
FREP-246347-Z,1,1,1,1,1,1
FREP-246450-Z,1,1,1,1,1,1
FREP-246486-Z,1,1,1,1,1,1
FREP-246517-Z,1,1,1,1,1,1
FREP-246523-Z,1,1,1,1,1,1
FREP-246533-Z,1,1,1,1,1,1
FREP-246541-Z,1,1,1,1,1,1
FREP-246543-Z,1,1,1,1,1,1
FREP-246550-Z,1,1,1,1,1,1
FREP-246588-Z,1,1,1,1,1,1
FREP-246634-Z,1,1,1,1,1,1
FREP-246647-Z,1,1,1,1,1,1
FREP-246652-Z,1,1,1,1,1,1
FREP-246678-Z,1,1,1,1,1,1
FREP-246701-Z,1,1,1,1,1,1
FREP-246709-Z,1,1,1,1,1,1
FREP-246714-Z,1,1,1,1,1,1
FREP-246718-Z,1,1,1,1,1,1
FREP-246730-Z,1,1,1,1,1,1
FREP-246733-Z,1,1,1,1,1,1
FREP-246734-Z,1,1,1,1,1,1
FREP-246751-Z,1,1,1,1,1,1
FREP-246785-Z,1,1,1,1,1,1
FREP-246793-Z,1,1,1,1,1,1
FREP-246926-Z,1,1,1,1,1,1
FREP-247020-Z,1,1,1,1,1,1
FREP-247025-Z,1,1,1,1,1,1
FREP-247028-Z,1,1,1,1,1,1
FREP-247036-Z,1,1,1,1,1,1
FREP-247037-Z,1,1,1,1,1,1
FREP-247041-Z,1,1,1,1,1,1
FREP-247045-Z,1,1,1,1,1,1
FREP-247046-Z,1,1,1,1,1,1
FREP-247060-Z,1,1,1,1,1,1
FREP-247066-Z,1,1,1,1,1,1
FREP-247071-Z,1,1,1,1,1,1
FREP-247076-Z,1,1,1,1,1,1
FREP-247096-Z,1,1,1,1,1,1
FREP-247132-Z,1,1,1,1,1,1
FREP-247190-Z,1,1,1,1,1,1
FREP-247229-Z,1,1,1,1,1,1
FREP-247299-Z,1,1,1,1,1,1
FREP-247320-Z,1,1,1,1,1,1
FREP-247323-Z,1,1,1,1,1,1
FREP-247364-Z,1,1,1,1,1,1
FREP-247365-Z,1,1,1,1,1,1
FREP-247372-Z,1,1,1,1,1,1
FREP-247387-Z,1,1,1,1,1,1
FREP-247400-Z,1,1,1,1,1,1
FREP-247479-Z,1,1,1,1,1,1
FREP-247488-Z,1,1,1,1,1,1
FREP-247505-Z,1,1,1,1,1,1
FREP-247516-Z,1,1,1,1,1,1
FREP-247528-Z,1,1,1,1,1,1
FREP-247537-Z,1,1,1,1,1,1
FREP-247552-Z,1,1,1,1,1,1
FREP-247578-Z,1,1,1,1,1,1
FREP-247586-Z,1,1,1,1,1,1
FREP-247598-Z,1,1,1,1,1,1
FREP-247603-Z,1,1,1,1,1,1
FREP-247661-Z,1,1,1,1,1,1
FREP-247672-Z,1,1,1,1,1,1
FREP-247682-Z,1,1,1,1,1,1
FREP-247693-Z,1,1,1,1,1,1
FREP-247713-Z,1,1,1,1,1,1
FREP-247721-Z,1,1,1,1,1,1
FREP-247742-Z,1,1,1,1,1,1
FREP-247747-Z,1,1,1,1,1,1
FREP-247750-Z,1,1,1,1,1,1
FREP-247774-Z,1,1,1,1,1,1
FREP-247776-Z,1,1,1,1,1,1
FREP-247780-Z,1,1,1,1,1,1
FREP-247820-Z,1,1,1,1,1,1
FREP-247831-Z,1,1,1,1,1,1
FREP-247836-Z,1,1,1,1,1,1
FREP-247837-Z,1,1,1,1,1,1
FREP-247846-Z,1,1,1,1,1,1
FREP-247848-Z,1,1,1,1,1,1
FREP-247882-Z,1,1,1,1,1,1
FREP-247908-Z,1,1,1,1,1,1
FREP-247922-Z,1,1,1,1,1,1
FREP-247952-Z,1,1,1,1,1,1
FREP-247982-Z,1,1,1,1,1,1
FREP-247986-Z,1,1,1,1,1,1
FREP-247990-Z,1,1,1,1,1,1
FREP-248009-Z,1,1,1,1,1,1
FREP-248038-Z,1,1,1,1,1,1
FREP-248040-Z,1,1,1,1,1,1
FREP-248044-Z,1,1,1,1,1,1
FREP-248050-Z,1,1,1,1,1,1
FREP-248053-Z,1,1,1,1,1,1
FREP-248057-Z,1,1,1,1,1,1
FREP-248058-Z,1,1,1,1,1,1
FREP-248060-Z,1,1,1,1,1,1
FREP-248185-Z,1,1,1,1,1,1
FREP-248257-Z,1,1,1,1,1,1
FREP-248261-Z,1,1,1,1,1,1
FREP-248273-Z,1,1,1,1,1,1
FREP-248291-Z,1,1,1,1,1,1
FREP-248307-Z,1,1,1,1,1,1
FREP-248321-Z,1,1,1,1,1,1
FREP-248324-Z,1,1,1,1,1,1
FREP-248325-Z,1,1,1,1,1,1
FREP-248345-Z,1,1,1,1,1,1
FREP-248349-Z,1,1,1,1,1,1
FREP-248439-Z,1,1,1,1,1,1
FREP-248473-Z,1,1,1,1,1,1
FREP-248483-G,1,1,1,1,1,1
FREP-248486-Z,1,1,1,1,1,1
FREP-248521-G,1,1,1,1,1,1
FREP-248522-G,1,1,1,1,1,1
FREP-248538-G,1,1,1,1,1,1
FREP-248566-Z,1,1,1,1,1,1
FREP-248594-Z,1,1,1,1,1,1
FREP-248605-Z,1,1,1,1,1,1
FREP-248636-Z,1,1,1,1,1,1
FREP-248637-G,1,1,1,1,1,1
FREP-248651-G,1,1,1,1,1,1
FREP-248651-Z,1,1,1,1,1,1
FREP-248657-G,1,1,1,1,1,1
FREP-248658-Z,1,1,1,1,1,1
FREP-248659-G,1,1,1,1,1,1
FREP-248666-G,1,1,1,1,1,1
FREP-248679-G,1,1,1,1,1,1
FREP-248689-Z,1,1,1,1,1,1
FREP-248697-G,1,1,1,1,1,1
FREP-248706-G,1,1,1,1,1,1
FREP-248715-Z,1,1,1,1,1,1
FREP-248731-Z,1,1,1,1,1,1
FREP-248736-Z,1,1,1,1,1,1
FREP-248741-Z,1,1,1,1,1,1
FREP-248743-G,1,1,1,1,1,1
FREP-248794-Z,1,1,1,1,1,1
FREP-248804-G,1,1,1,1,1,1
FREP-248825-G,1,1,1,1,1,1
FREP-248828-G,1,1,1,1,1,1
FREP-248830-Z,1,1,1,1,1,1
FREP-248841-Z,1,1,1,1,1,1
FREP-248849-Z,1,1,1,1,1,1
FREP-248867-G,1,1,1,1,1,1
FREP-248870-G,1,1,1,1,1,1
FREP-248875-G,1,1,1,1,1,1
FREP-248876-G,1,1,1,1,1,1
FREP-248878-G,1,1,1,1,1,1
FREP-248880-G,1,1,1,1,1,1
FREP-248894-G,1,1,1,1,1,1
FREP-248898-G,1,1,1,1,1,1
FREP-248901-G,1,1,1,1,1,1
FREP-248902-G,1,1,1,1,1,1
FREP-248916-Z,1,1,1,1,1,1
FREP-248929-G,1,1,1,1,1,1
FREP-248969-G,1,1,1,1,1,1
FREP-248971-G,1,1,1,1,1,1
FREP-248975-G,1,1,1,1,1,1
FREP-248979-Z,1,1,1,1,1,1
FREP-248990-G,1,1,1,1,1,1
FREP-248993-G,1,1,1,1,1,1
FREP-248994-Z,1,1,1,1,1,1
FREP-249006-Z,1,1,1,1,1,1
FREP-249007-G,1,1,1,1,1,1
FREP-249010-Z,1,1,1,1,1,1
FREP-249011-G,1,1,1,1,1,1
FREP-249015-Z,1,1,1,1,1,1
FREP-249018-Z,1,1,1,1,1,1
FREP-249025-G,1,1,1,1,1,1
FREP-249036-G,1,1,1,1,1,1
FREP-249051-Z,1,1,1,1,1,1
FREP-249057-G,1,1,1,1,1,1
FREP-249064-Z,1,1,1,1,1,1
FREP-249065-G,1,1,1,1,1,1
FREP-249068-G,1,1,1,1,1,1
FREP-249077-Z,1,1,1,1,1,1
FREP-249124-G,1,1,1,1,1,1
FREP-249127-G,1,1,1,1,1,1
FREP-249134-Z,1,1,1,1,1,1
FREP-249151-G,1,1,1,1,1,1
FREP-249160-G,1,1,1,1,1,1
FREP-249166-G,1,1,1,1,1,1
FREP-249173-Z,1,1,1,1,1,1
FREP-249175-G,1,1,1,1,1,1
FREP-249178-G,1,1,1,1,1,1
FREP-249192-Z,1,1,1,1,1,1
FREP-249198-Z,1,1,1,1,1,1
FREP-249203-G,1,1,1,1,1,1
FREP-249220-Z,1,1,1,1,1,1
FREP-249226-Z,1,1,1,1,1,1
FREP-249229-G,1,1,1,1,1,1
FREP-249249-Z,1,1,1,1,1,1
FREP-249268-G,1,1,1,1,1,1
FREP-249279-Z,1,1,1,1,1,1
FREP-249291-Z,1,1,1,1,1,1
FREP-249302-Z,1,1,1,1,1,1
FREP-249311-Z,1,1,1,1,1,1
FREP-249334-G,1,1,1,1,1,1
FREP-249340-G,1,1,1,1,1,1
FREP-249342-Z,1,1,1,1,1,1
FREP-249345-G,1,1,1,1,1,1
FREP-249345-Z,1,1,1,1,1,1
FREP-249357-Z,1,1,1,1,1,1
FREP-249359-Z,1,1,1,1,1,1
FREP-249384-Z,1,1,1,1,1,1
FREP-249388-Z,1,1,1,1,1,1
FREP-249390-Z,1,1,1,1,1,1
FREP-249391-Z,1,1,1,1,1,1
FREP-249398-Z,1,1,1,1,1,1
FREP-249404-Z,1,1,1,1,1,1
FREP-249406-G,1,1,1,1,1,1
FREP-249408-Z,1,1,1,1,1,1
FREP-249419-Z,1,1,1,1,1,1
FREP-249422-Z,1,1,1,1,1,1
FREP-249426-Z,1,1,1,1,1,1
FREP-249434-G,1,1,1,1,1,1
FREP-249448-Z,1,1,1,1,1,1
FREP-249453-G,1,1,1,1,1,1
FREP-249460-Z,1,1,1,1,1,1
FREP-249471-Z,1,1,1,1,1,1
FREP-249477-Z,1,1,1,1,1,1
FREP-249479-Z,1,1,1,1,1,1
FREP-249482-G,1,1,1,1,1,1
FREP-249490-Z,1,1,1,1,1,1
FREP-249495-Z,1,1,1,1,1,1
FREP-249507-G,1,1,1,1,1,1
FREP-249520-G,1,1,1,1,1,1
FREP-249545-G,1,1,1,1,1,1
FREP-249557-Z,1,1,1,1,1,1
FREP-249558-G,1,1,1,1,1,1
FREP-249562-G,1,1,1,1,1,1
FREP-249610-G,1,1,1,1,1,1
FREP-249628-Z,1,1,1,1,1,1
FREP-249632-Z,1,1,1,1,1,1
FREP-249642-G,1,1,1,1,1,1
FREP-249647-G,1,1,1,1,1,1
FREP-249658-G,1,1,1,1,1,1
FREP-249679-G,1,1,1,1,1,1
FREP-249684-G,1,1,1,1,1,1
FREP-249711-G,1,1,1,1,1,1
FREP-249712-G,1,1,1,1,1,1
FREP-249714-Z,1,1,1,1,1,1
FREP-249717-G,1,1,1,1,1,1
FREP-249720-Z,1,1,1,1,1,1
FREP-249723-Z,1,1,1,1,1,1
FREP-249727-G,1,1,1,1,1,1
FREP-249731-Z,1,1,1,1,1,1
FREP-249736-Z,1,1,1,1,1,1
FREP-249740-G,1,1,1,1,1,1
FREP-249741-G,1,1,1,1,1,1
FREP-249754-G,1,1,1,1,1,1
FREP-249757-Z,1,1,1,1,1,1
FREP-249759-G,1,1,1,1,1,1
FREP-249762-G,1,1,1,1,1,1
FREP-249763-G,1,1,1,1,1,1
FREP-249769-Z,1,1,1,1,1,1
FREP-249804-G,1,1,1,1,1,1
FREP-249806-G,1,1,1,1,1,1
FREP-249816-Z,1,1,1,1,1,1
FREP-249821-Z,1,1,1,1,1,1
FREP-249822-Z,1,1,1,1,1,1
FREP-249833-G,1,1,1,1,1,1
FREP-249856-Z,1,1,1,1,1,1
FREP-249862-G,1,1,1,1,1,1
FREP-249862-Z,1,1,1,1,1,1
FREP-249880-Z,1,1,1,1,1,1
FREP-249896-Z,1,1,1,1,1,1
FREP-249909-G,1,1,1,1,1,1
FREP-249920-Z,1,1,1,1,1,1
FREP-249925-G,1,1,1,1,1,1
FREP-249930-G,1,1,1,1,1,1
FREP-249934-Z,1,1,1,1,1,1
FREP-249950-Z,1,1,1,1,1,1
FREP-249952-Z,1,1,1,1,1,1
FREP-249957-G,1,1,1,1,1,1
FREP-249962-Z,1,1,1,1,1,1
FREP-249964-Z,1,1,1,1,1,1
FREP-249978-Z,1,1,1,1,1,1
FREP-249980-Z,1,1,1,1,1,1
FREP-249985-Z,1,1,1,1,1,1
FREP-249989-Z,1,1,1,1,1,1
FREP-250001-G,1,1,1,1,1,1
FREP-250020-G,1,1,1,1,1,1
FREP-250040-Z,1,1,1,1,1,1
FREP-250041-G,1,1,1,1,1,1
FREP-250043-G,1,1,1,1,1,1
FREP-250044-G,1,1,1,1,1,1
FREP-250049-G,1,1,1,1,1,1
FREP-250058-Z,1,1,1,1,1,1
FREP-250060-Z,1,1,1,1,1,1
FREP-250071-G,1,1,1,1,1,1
FREP-250075-G,1,1,1,1,1,1
FREP-250085-G,1,1,1,1,1,1
FREP-250088-Z,1,1,1,1,1,1
FREP-250092-Z,1,1,1,1,1,1
FREP-250095-G,1,1,1,1,1,1
FREP-250096-Z,1,1,1,1,1,1
FREP-250100-G,1,1,1,1,1,1
FREP-250113-Z,1,1,1,1,1,1
FREP-250114-G,1,1,1,1,1,1
FREP-250116-G,1,1,1,1,1,1
FREP-250121-G,1,1,1,1,1,1
FREP-250122-G,1,1,1,1,1,1
FREP-250125-Z,1,1,1,1,1,1
FREP-250126-Z,1,1,1,1,1,1
FREP-250128-Z,1,1,1,1,1,1
FREP-250129-G,1,1,1,1,1,1
FREP-250137-G,1,1,1,1,1,1
FREP-250139-Z,1,1,1,1,1,1
FREP-250140-Z,1,1,1,1,1,1
FREP-250143-Z,1,1,1,1,1,1
FREP-250146-G,1,1,1,1,1,1
FREP-250165-G,1,1,1,1,1,1
FREP-250173-G,1,1,1,1,1,1
FREP-250181-G,1,1,1,1,1,1
FREP-250186-G,1,1,1,1,1,1
FREP-250188-G,1,1,1,1,1,1
FREP-250192-G,1,1,1,1,1,1
FREP-250196-Z,1,1,1,1,1,1
FREP-250201-G,1,1,1,1,1,1
FREP-250204-G,1,1,1,1,1,1
FREP-250206-G,1,1,1,1,1,1
FREP-250208-G,1,1,1,1,1,1
FREP-250214-G,1,1,1,1,1,1
FREP-250216-Z,1,1,1,1,1,1
FREP-250219-G,1,1,1,1,1,1
FREP-250236-Z,1,1,1,1,1,1
FREP-250260-Z,1,1,1,1,1,1
FREP-250262-Z,1,1,1,1,1,1
FREP-250263-G,1,1,1,1,1,1
FREP-250273-G,1,1,1,1,1,1
FREP-250277-G,1,1,1,1,1,1
FREP-250281-G,1,1,1,1,1,1
FREP-250289-Z,1,1,1,1,1,1
FREP-250294-G,1,1,1,1,1,1
FREP-250296-Z,1,1,1,1,1,1
FREP-250305-Z,1,1,1,1,1,1
FREP-250335-G,1,1,1,1,1,1
FREP-250338-G,1,1,1,1,1,1
FREP-250368-Z,1,1,1,1,1,1
FREP-250378-Z,1,1,1,1,1,1
FREP-250403-G,1,1,1,1,1,1
FREP-250403-Z,1,1,1,1,1,1
FREP-250419-G,1,1,1,1,1,1
FREP-250421-G,1,1,1,1,1,1
FREP-250422-G,1,1,1,1,1,1
FREP-250423-Z,1,1,1,1,1,1
FREP-250434-G,1,1,1,1,1,1
FREP-250436-G,1,1,1,1,1,1
FREP-250437-Z,1,1,1,1,1,1
FREP-250446-G,1,1,1,1,1,1
FREP-250447-Z,1,1,1,1,1,1
FREP-250465-G,1,1,1,1,1,1
FREP-250466-Z,1,1,1,1,1,1
FREP-250489-Z,1,1,1,1,1,1
FREP-250495-Z,1,1,1,1,1,1
FREP-250497-G,1,1,1,1,1,1
FREP-250526-Z,1,1,1,1,1,1
FREP-250570-G,1,1,1,1,1,1
FREP-250614-Z,1,1,1,1,1,1
FREP-250624-Z,1,1,1,1,1,1
FREP-250629-G,1,1,1,1,1,1
FREP-250635-Z,1,1,1,1,1,1
FREP-250644-G,1,1,1,1,1,1
FREP-250651-G,1,1,1,1,1,1
FREP-250655-Z,1,1,1,1,1,1
FREP-250657-Z,1,1,1,1,1,1
FREP-250665-Z,1,1,1,1,1,1
FREP-250698-G,1,1,1,1,1,1
FREP-250706-Z,1,1,1,1,1,1
FREP-250707-G,1,1,1,1,1,1
FREP-250710-G,1,1,1,1,1,1
FREP-250714-G,1,1,1,1,1,1
FREP-250717-G,1,1,1,1,1,1
FREP-250720-G,1,1,1,1,1,1
FREP-250728-G,1,1,1,1,1,1
FREP-250742-G,1,1,1,1,1,1
FREP-250745-G,1,1,1,1,1,1
FREP-250754-G,1,1,1,1,1,1
FREP-250755-G,1,1,1,1,1,1
FREP-250760-G,1,1,1,1,1,1
FREP-250763-G,1,1,1,1,1,1
FREP-250779-Z,1,1,1,1,1,1
FREP-250780-Z,1,1,1,1,1,1
FREP-250792-G,1,1,1,1,1,1
FREP-250800-G,1,1,1,1,1,1
FREP-250800-Z,1,1,1,1,1,1
FREP-250803-G,1,1,1,1,1,1
FREP-250804-Z,1,1,1,1,1,1
FREP-250807-G,1,1,1,1,1,1
FREP-250810-G,1,1,1,1,1,1
FREP-250822-G,1,1,1,1,1,1
FREP-250862-Z,1,1,1,1,1,1
FREP-250864-Z,1,1,1,1,1,1
FREP-250878-Z,1,1,1,1,1,1
FREP-250891-G,1,1,1,1,1,1
FREP-250898-Z,1,1,1,1,1,1
FREP-250902-Z,1,1,1,1,1,1
FREP-250905-Z,1,1,1,1,1,1
FREP-250911-Z,1,1,1,1,1,1
FREP-250912-G,1,1,1,1,1,1
FREP-250913-Z,1,1,1,1,1,1
FREP-250919-Z,1,1,1,1,1,1
FREP-250920-G,1,1,1,1,1,1
FREP-250923-Z,1,1,1,1,1,1
FREP-250927-G,1,1,1,1,1,1
FREP-250936-Z,1,1,1,1,1,1
FREP-250942-G,1,1,1,1,1,1
FREP-250943-G,1,1,1,1,1,1
FREP-250959-G,1,1,1,1,1,1
FREP-250964-Z,1,1,1,1,1,1
FREP-250976-G,1,1,1,1,1,1
FREP-250978-G,1,1,1,1,1,1
FREP-250984-G,1,1,1,1,1,1
FREP-250987-G,1,1,1,1,1,1
FREP-251000-G,1,1,1,1,1,1
FREP-251008-Z,1,1,1,1,1,1
FREP-251010-G,1,1,1,1,1,1
FREP-251020-G,1,1,1,1,1,1
FREP-251021-G,1,1,1,1,1,1
FREP-251027-G,1,1,1,1,1,1
FREP-251030-G,1,1,1,1,1,1
FREP-251031-G,1,1,1,1,1,1
FREP-251032-G,1,1,1,1,1,1
FREP-251037-G,1,1,1,1,1,1
FREP-251043-Z,1,1,1,1,1,1
FREP-251052-G,1,1,1,1,1,1
FREP-251053-G,1,1,1,1,1,1
FREP-251055-G,1,1,1,1,1,1
FREP-251062-Z,1,1,1,1,1,1
FREP-251066-Z,1,1,1,1,1,1
FREP-251069-G,1,1,1,1,1,1
FREP-251070-Z,1,1,1,1,1,1
FREP-251071-G,1,1,1,1,1,1
FREP-251074-Z,1,1,1,1,1,1
FREP-251077-G,1,1,1,1,1,1
FREP-251077-Z,1,1,1,1,1,1
FREP-251084-G,1,1,1,1,1,1
FREP-251087-Z,1,1,1,1,1,1
FREP-251093-G,1,1,1,1,1,1
FREP-251101-G,1,1,1,1,1,1
FREP-251102-G,1,1,1,1,1,1
FREP-251105-G,1,1,1,1,1,1
FREP-251117-G,1,1,1,1,1,1
FREP-251117-Z,1,1,1,1,1,1
FREP-251118-Z,1,1,1,1,1,1
FREP-251124-Z,1,1,1,1,1,1
FREP-251126-G,1,1,1,1,1,1
FREP-251128-G,1,1,1,1,1,1
FREP-251131-Z,1,1,1,1,1,1
FREP-251134-G,1,1,1,1,1,1
FREP-251139-Z,1,1,1,1,1,1
FREP-251143-G,1,1,1,1,1,1
FREP-251152-Z,1,1,1,1,1,1
FREP-251156-Z,1,1,1,1,1,1
FREP-251160-Z,1,1,1,1,1,1
FREP-251161-Z,1,1,1,1,1,1
FREP-251177-G,1,1,1,1,1,1
FREP-251183-Z,1,1,1,1,1,1
FREP-251185-Z,1,1,1,1,1,1
FREP-251241-G,1,1,1,1,1,1
FREP-251251-Z,1,1,1,1,1,1
FREP-251304-G,1,1,1,1,1,1
FREP-251311-G,1,1,1,1,1,1
FREP-251319-G,1,1,1,1,1,1
FREP-251320-G,1,1,1,1,1,1
FREP-251326-G,1,1,1,1,1,1
FREP-251335-Z,1,1,1,1,1,1
FREP-251344-G,1,1,1,1,1,1
FREP-251346-G,1,1,1,1,1,1
FREP-251350-Z,1,1,1,1,1,1
FREP-251372-G,1,1,1,1,1,1
FREP-251389-G,1,1,1,1,1,1
FREP-251390-Z,1,1,1,1,1,1
FREP-251396-Z,1,1,1,1,1,1
FREP-251399-G,1,1,1,1,1,1
FREP-251402-Z,1,1,1,1,1,1
FREP-251405-Z,1,1,1,1,1,1
FREP-251416-G,1,1,1,1,1,1
FREP-251426-G,1,1,1,1,1,1
FREP-251432-Z,1,1,1,1,1,1
FREP-251436-G,1,1,1,1,1,1
FREP-251438-Z,1,1,1,1,1,1
FREP-251457-G,1,1,1,1,1,1
FREP-251464-G,1,1,1,1,1,1
FREP-251465-G,1,1,1,1,1,1
FREP-251468-G,1,1,1,1,1,1
FREP-251482-Z,1,1,1,1,1,1
FREP-251488-Z,1,1,1,1,1,1
FREP-251494-G,1,1,1,1,1,1
FREP-251494-Z,1,1,1,1,1,1
FREP-251496-G,1,1,1,1,1,1
FREP-251497-Z,1,1,1,1,1,1
FREP-251517-G,1,1,1,1,1,1
FREP-251518-G,1,1,1,1,1,1
FREP-251522-Z,1,1,1,1,1,1
FREP-251530-G,1,1,1,1,1,1
FREP-251531-G,1,1,1,1,1,1
FREP-251547-G,1,1,1,1,1,1
FREP-251556-Z,1,1,1,1,1,1
FREP-251578-Z,1,1,1,1,1,1
FREP-251598-G,1,1,1,1,1,1
FREP-251603-G,1,1,1,1,1,1
FREP-251609-G,1,1,1,1,1,1
FREP-251611-Z,1,1,1,1,1,1
FREP-251622-Z,1,1,1,1,1,1
FREP-251628-G,1,1,1,1,1,1
FREP-251631-G,1,1,1,1,1,1
FREP-251636-Z,1,1,1,1,1,1
FREP-251638-G,1,1,1,1,1,1
FREP-251650-Z,1,1,1,1,1,1
FREP-251653-Z,1,1,1,1,1,1
FREP-251660-G,1,1,1,1,1,1
FREP-251662-Z,1,1,1,1,1,1
FREP-251678-G,1,1,1,1,1,1
FREP-251678-Z,1,1,1,1,1,1
FREP-251705-Z,1,1,1,1,1,1
FREP-251708-Z,1,1,1,1,1,1
FREP-251715-G,1,1,1,1,1,1
FREP-251716-G,1,1,1,1,1,1
FREP-251717-Z,1,1,1,1,1,1
FREP-251721-Z,1,1,1,1,1,1
FREP-251725-G,1,1,1,1,1,1
FREP-251727-G,1,1,1,1,1,1
FREP-251728-G,1,1,1,1,1,1
FREP-251735-G,1,1,1,1,1,1
FREP-251740-G,1,1,1,1,1,1
FREP-251742-Z,1,1,1,1,1,1
FREP-251751-G,1,1,1,1,1,1
FREP-251754-G,1,1,1,1,1,1
FREP-251759-Z,1,1,1,1,1,1
FREP-251760-G,1,1,1,1,1,1
FREP-251763-G,1,1,1,1,1,1
FREP-251770-G,1,1,1,1,1,1
FREP-251775-G,1,1,1,1,1,1
FREP-251777-G,1,1,1,1,1,1
FREP-251786-G,1,1,1,1,1,1
FREP-251798-G,1,1,1,1,1,1
FREP-251816-G,1,1,1,1,1,1
FREP-251835-G,1,1,1,1,1,1
FREP-251842-Z,1,1,1,1,1,1
FREP-251845-G,1,1,1,1,1,1
FREP-251864-Z,1,1,1,1,1,1
FREP-251874-Z,1,1,1,1,1,1
FREP-251875-G,1,1,1,1,1,1
FREP-251883-G,1,1,1,1,1,1
FREP-251887-G,1,1,1,1,1,1
FREP-251907-G,1,1,1,1,1,1
FREP-251910-Z,1,1,1,1,1,1
FREP-251915-G,1,1,1,1,1,1
FREP-251916-Z,1,1,1,1,1,1
FREP-251917-G,1,1,1,1,1,1
FREP-251920-Z,1,1,1,1,1,1
FREP-251929-G,1,1,1,1,1,1
FREP-251947-G,1,1,1,1,1,1
FREP-251952-G,1,1,1,1,1,1
FREP-251958-G,1,1,1,1,1,1
FREP-251961-G,1,1,1,1,1,1
FREP-251964-Z,1,1,1,1,1,1
FREP-251968-G,1,1,1,1,1,1
FREP-251975-Z,1,1,1,1,1,1
FREP-251979-Z,1,1,1,1,1,1
FREP-251991-Z,1,1,1,1,1,1
FREP-251994-G,1,1,1,1,1,1
FREP-251995-G,1,1,1,1,1,1
FREP-251998-G,1,1,1,1,1,1
FREP-251999-Z,1,1,1,1,1,1
FREP-252002-Z,1,1,1,1,1,1
FREP-252004-G,1,1,1,1,1,1
FREP-252013-G,1,1,1,1,1,1
FREP-252013-Z,1,1,1,1,1,1
FREP-252018-G,1,1,1,1,1,1
FREP-252018-Z,1,1,1,1,1,1
FREP-252024-Z,1,1,1,1,1,1
FREP-252031-G,1,1,1,1,1,1
FREP-252032-G,1,1,1,1,1,1
FREP-252034-G,1,1,1,1,1,1
FREP-252035-G,1,1,1,1,1,1
FREP-252036-Z,1,1,1,1,1,1
FREP-252042-G,1,1,1,1,1,1
FREP-252045-Z,1,1,1,1,1,1
FREP-252046-G,1,1,1,1,1,1
FREP-252051-G,1,1,1,1,1,1
FREP-252075-Z,1,1,1,1,1,1
FREP-252084-Z,1,1,1,1,1,1
FREP-252089-G,1,1,1,1,1,1
FREP-252092-G,1,1,1,1,1,1
FREP-252101-G,1,1,1,1,1,1
FREP-252114-G,1,1,1,1,1,1
FREP-252115-G,1,1,1,1,1,1
FREP-252117-Z,1,1,1,1,1,1
FREP-252118-Z,1,1,1,1,1,1
FREP-252120-G,1,1,1,1,1,1
FREP-252127-G,1,1,1,1,1,1
FREP-252137-G,1,1,1,1,1,1
FREP-252140-G,1,1,1,1,1,1
FREP-252142-Z,1,1,1,1,1,1
FREP-252145-G,1,1,1,1,1,1
FREP-252201-G,1,1,1,1,1,1
FREP-252206-G,1,1,1,1,1,1
FREP-252240-G,1,1,1,1,1,1
FREP-252241-Z,1,1,1,1,1,1
FREP-252244-Z,1,1,1,1,1,1
FREP-252264-G,1,1,1,1,1,1
FREP-252265-Z,1,1,1,1,1,1
FREP-252269-Z,1,1,1,1,1,1
FREP-252275-G,1,1,1,1,1,1
FREP-252277-Z,1,1,1,1,1,1
FREP-252283-G,1,1,1,1,1,1
FREP-252292-Z,1,1,1,1,1,1
FREP-252301-G,1,1,1,1,1,1
FREP-252307-Z,1,1,1,1,1,1
FREP-252322-G,1,1,1,1,1,1
FREP-252324-Z,1,1,1,1,1,1
FREP-252326-G,1,1,1,1,1,1
FREP-252328-Z,1,1,1,1,1,1
FREP-252340-Z,1,1,1,1,1,1
FREP-252350-G,1,1,1,1,1,1
FREP-252350-Z,1,1,1,1,1,1
FREP-252353-G,1,1,1,1,1,1
FREP-252359-G,1,1,1,1,1,1
FREP-252360-G,1,1,1,1,1,1
FREP-252372-Z,1,1,1,1,1,1
FREP-252374-Z,1,1,1,1,1,1
FREP-252404-G,1,1,1,1,1,1
FREP-252409-G,1,1,1,1,1,1
FREP-252410-G,1,1,1,1,1,1
FREP-252412-G,1,1,1,1,1,1
FREP-252413-Z,1,1,1,1,1,1
FREP-252418-G,1,1,1,1,1,1
FREP-252420-G,1,1,1,1,1,1
FREP-252422-G,1,1,1,1,1,1
FREP-252452-Z,1,1,1,1,1,1
FREP-252455-Z,1,1,1,1,1,1
FREP-252461-Z,1,1,1,1,1,1
FREP-252463-G,1,1,1,1,1,1
FREP-252467-Z,1,1,1,1,1,1
FREP-252497-Z,1,1,1,1,1,1
FREP-252504-Z,1,1,1,1,1,1
FREP-252510-G,1,1,1,1,1,1
FREP-252519-Z,1,1,1,1,1,1
FREP-252523-G,1,1,1,1,1,1
FREP-252527-G,1,1,1,1,1,1
FREP-252527-Z,1,1,1,1,1,1
FREP-252528-G,1,1,1,1,1,1
FREP-252528-Z,1,1,1,1,1,1
FREP-252529-Z,1,1,1,1,1,1
FREP-252530-G,1,1,1,1,1,1
FREP-252534-G,1,1,1,1,1,1
FREP-252535-G,1,1,1,1,1,1
FREP-252539-G,1,1,1,1,1,1
FREP-252542-Z,1,1,1,1,1,1
FREP-252551-G,1,1,1,1,1,1
FREP-252554-G,1,1,1,1,1,1
FREP-252557-G,1,1,1,1,1,1
FREP-252565-G,1,1,1,1,1,1
FREP-252568-G,1,1,1,1,1,1
FREP-252589-G,1,1,1,1,1,1
FREP-252612-G,1,1,1,1,1,1
FREP-252627-G,1,1,1,1,1,1
FREP-252634-G,1,1,1,1,1,1
FREP-252635-G,1,1,1,1,1,1
FREP-252639-Z,1,1,1,1,1,1
FREP-252640-Z,1,1,1,1,1,1
FREP-252642-Z,1,1,1,1,1,1
FREP-252644-G,1,1,1,1,1,1
FREP-252664-Z,1,1,1,1,1,1
FREP-252672-Z,1,1,1,1,1,1
FREP-252676-Z,1,1,1,1,1,1
FREP-252682-Z,1,1,1,1,1,1
FREP-252683-G,1,1,1,1,1,1
FREP-252684-Z,1,1,1,1,1,1
FREP-252698-Z,1,1,1,1,1,1
FREP-252702-G,1,1,1,1,1,1
FREP-252703-Z,1,1,1,1,1,1
FREP-252706-Z,1,1,1,1,1,1
FREP-252715-G,1,1,1,1,1,1
FREP-252715-J,1,1,1,1,1,1
FREP-252718-G,1,1,1,1,1,1
FREP-252719-G,1,1,1,1,1,1
FREP-252720-G,1,1,1,1,1,1
FREP-252733-Z,1,1,1,1,1,1
FREP-252735-G,1,1,1,1,1,1
FREP-252737-Z,1,1,1,1,1,1
FREP-252742-G,1,1,1,1,1,1
FREP-252750-G,1,1,1,1,1,1
FREP-252777-G,1,1,1,1,1,1
FREP-252782-G,1,1,1,1,1,1
FREP-252791-G,1,1,1,1,1,1
FREP-252793-Z,1,1,1,1,1,1
FREP-252797-G,1,1,1,1,1,1
FREP-252805-Z,1,1,1,1,1,1
FREP-252824-G,1,1,1,1,1,1
FREP-252857-G,1,1,1,1,1,1
FREP-252863-G,1,1,1,1,1,1
FREP-252864-G,1,1,1,1,1,1
FREP-252866-G,1,1,1,1,1,1
FREP-252888-G,1,1,1,1,1,1
FREP-252889-G,1,1,1,1,1,1
FREP-252895-G,1,1,1,1,1,1
FREP-252902-G,1,1,1,1,1,1
FREP-252916-Z,1,1,1,1,1,1
FREP-252936-G,1,1,1,1,1,1
FREP-252937-G,1,1,1,1,1,1
FREP-252944-G,1,1,1,1,1,1
FREP-252945-G,1,1,1,1,1,1
FREP-252947-Z,1,1,1,1,1,1
FREP-252954-G,1,1,1,1,1,1
FREP-252973-G,1,1,1,1,1,1
FREP-252976-G,1,1,1,1,1,1
FREP-252988-G,1,1,1,1,1,1
FREP-252992-Z,1,1,1,1,1,1
FREP-252995-Z,1,1,1,1,1,1
FREP-253007-G,1,1,1,1,1,1
FREP-253015-G,1,1,1,1,1,1
FREP-253016-G,1,1,1,1,1,1
FREP-253019-G,1,1,1,1,1,1
FREP-253026-G,1,1,1,1,1,1
FREP-253037-G,1,1,1,1,1,1
FREP-253043-G,1,1,1,1,1,1
FREP-253052-G,1,1,1,1,1,1
FREP-253061-Z,1,1,1,1,1,1
FREP-253085-G,1,1,1,1,1,1
FREP-253092-G,1,1,1,1,1,1
FREP-253092-Z,1,1,1,1,1,1
FREP-253094-G,1,1,1,1,1,1
FREP-253104-Z,1,1,1,1,1,1
FREP-253106-G,1,1,1,1,1,1
FREP-253108-G,1,1,1,1,1,1
FREP-253112-G,1,1,1,1,1,1
FREP-253115-G,1,1,1,1,1,1
FREP-253118-Z,1,1,1,1,1,1
FREP-253119-G,1,1,1,1,1,1
FREP-253126-G,1,1,1,1,1,1
FREP-253147-G,1,1,1,1,1,1
FREP-253161-G,1,1,1,1,1,1
FREP-253175-Z,1,1,1,1,1,1
FREP-253176-G,1,1,1,1,1,1
FREP-253182-G,1,1,1,1,1,1
FREP-253183-G,1,1,1,1,1,1
FREP-253184-G,1,1,1,1,1,1
FREP-253186-G,1,1,1,1,1,1
FREP-253194-Z,1,1,1,1,1,1
FREP-253204-G,1,1,1,1,1,1
FREP-253205-G,1,1,1,1,1,1
FREP-253210-G,1,1,1,1,1,1
FREP-253211-Z,1,1,1,1,1,1
FREP-253215-Z,1,1,1,1,1,1
FREP-253229-Z,1,1,1,1,1,1
FREP-253234-Z,1,1,1,1,1,1
FREP-253236-G,1,1,1,1,1,1
FREP-253242-Z,1,1,1,1,1,1
FREP-253243-G,1,1,1,1,1,1
FREP-253244-Z,1,1,1,1,1,1
FREP-253245-G,1,1,1,1,1,1
FREP-253245-Z,1,1,1,1,1,1
FREP-253248-Z,1,1,1,1,1,1
FREP-253249-Z,1,1,1,1,1,1
FREP-253250-Z,1,1,1,1,1,1
FREP-253252-Z,1,1,1,1,1,1
FREP-253253-Z,1,1,1,1,1,1
FREP-253256-G,1,1,1,1,1,1
FREP-253257-Z,1,1,1,1,1,1
FREP-253272-G,1,1,1,1,1,1
FREP-253275-Z,1,1,1,1,1,1
FREP-253280-G,1,1,1,1,1,1
FREP-253309-G,1,1,1,1,1,1
FREP-253316-Z,1,1,1,1,1,1
FREP-253328-G,1,1,1,1,1,1
FREP-253333-G,1,1,1,1,1,1
FREP-253342-Z,1,1,1,1,1,1
FREP-253361-G,1,1,1,1,1,1
FREP-253363-G,1,1,1,1,1,1
FREP-253365-G,1,1,1,1,1,1
FREP-253368-G,1,1,1,1,1,1
FREP-253379-Z,1,1,1,1,1,1
FREP-253382-G,1,1,1,1,1,1
FREP-253416-Z,1,1,1,1,1,1
FREP-253423-Z,1,1,1,1,1,1
FREP-253430-Z,1,1,1,1,1,1
FREP-253453-G,1,1,1,1,1,1
FREP-253457-G,1,1,1,1,1,1
FREP-253467-G,1,1,1,1,1,1
FREP-253476-Z,1,1,1,1,1,1
FREP-253480-G,1,1,1,1,1,1
FREP-253483-Z,1,1,1,1,1,1
FREP-253484-Z,1,1,1,1,1,1
FREP-253485-G,1,1,1,1,1,1
FREP-253489-G,1,1,1,1,1,1
FREP-253492-G,1,1,1,1,1,1
FREP-253495-G,1,1,1,1,1,1
FREP-253496-G,1,1,1,1,1,1
FREP-253501-G,1,1,1,1,1,1
FREP-253501-Z,1,1,1,1,1,1
FREP-253504-G,1,1,1,1,1,1
FREP-253515-G,1,1,1,1,1,1
FREP-253533-G,1,1,1,1,1,1
FREP-253539-Z,1,1,1,1,1,1
FREP-253542-G,1,1,1,1,1,1
FREP-253544-Z,1,1,1,1,1,1
FREP-253548-G,1,1,1,1,1,1
FREP-253560-G,1,1,1,1,1,1
FREP-253572-G,1,1,1,1,1,1
FREP-253573-G,1,1,1,1,1,1
FREP-253574-G,1,1,1,1,1,1
FREP-253578-G,1,1,1,1,1,1
FREP-253580-G,1,1,1,1,1,1
FREP-253587-G,1,1,1,1,1,1
FREP-253596-G,1,1,1,1,1,1
FREP-253621-G,1,1,1,1,1,1
FREP-253625-G,1,1,1,1,1,1
FREP-253660-G,1,1,1,1,1,1
FREP-253663-G,1,1,1,1,1,1
FREP-253674-G,1,1,1,1,1,1
FREP-253675-G,1,1,1,1,1,1
FREP-253681-G,1,1,1,1,1,1
FREP-253683-Z,1,1,1,1,1,1
FREP-253694-Z,1,1,1,1,1,1
FREP-253697-G,1,1,1,1,1,1
FREP-253700-G,1,1,1,1,1,1
FREP-253701-G,1,1,1,1,1,1
FREP-253709-G,1,1,1,1,1,1
FREP-253712-Z,1,1,1,1,1,1
FREP-253715-G,1,1,1,1,1,1
FREP-253718-G,1,1,1,1,1,1
FREP-253720-Z,1,1,1,1,1,1
FREP-253724-G,1,1,1,1,1,1
FREP-253725-G,1,1,1,1,1,1
FREP-253732-Z,1,1,1,1,1,1
FREP-253744-Z,1,1,1,1,1,1
FREP-253745-Z,1,1,1,1,1,1
FREP-253748-Z,1,1,1,1,1,1
FREP-253752-G,1,1,1,1,1,1
FREP-253759-G,1,1,1,1,1,1
FREP-253771-Z,1,1,1,1,1,1
FREP-253773-Z,1,1,1,1,1,1
FREP-253787-G,1,1,1,1,1,1
FREP-253794-G,1,1,1,1,1,1
FREP-253797-Z,1,1,1,1,1,1
FREP-253812-G,1,1,1,1,1,1
FREP-253819-G,1,1,1,1,1,1
FREP-253825-Z,1,1,1,1,1,1
FREP-253842-G,1,1,1,1,1,1
FREP-253855-G,1,1,1,1,1,1
FREP-253864-G,1,1,1,1,1,1
FREP-253888-Z,1,1,1,1,1,1
FREP-253899-G,1,1,1,1,1,1
FREP-253907-G,1,1,1,1,1,1
FREP-253928-G,1,1,1,1,1,1
FREP-253929-G,1,1,1,1,1,1
FREP-253942-G,1,1,1,1,1,1
FREP-253955-Z,1,1,1,1,1,1
FREP-253967-Z,1,1,1,1,1,1
FREP-253968-G,1,1,1,1,1,1
FREP-253970-Z,1,1,1,1,1,1
FREP-253976-G,1,1,1,1,1,1
FREP-253978-G,1,1,1,1,1,1
FREP-253979-Z,1,1,1,1,1,1
FREP-253985-Z,1,1,1,1,1,1
FREP-253991-G,1,1,1,1,1,1
FREP-253995-G,1,1,1,1,1,1
FREP-253999-Z,1,1,1,1,1,1
FREP-254006-G,1,1,1,1,1,1
FREP-254007-G,1,1,1,1,1,1
FREP-254008-Z,1,1,1,1,1,1
FREP-254011-Z,1,1,1,1,1,1
FREP-254016-Z,1,1,1,1,1,1
FREP-254026-G,1,1,1,1,1,1
FREP-254029-G,1,1,1,1,1,1
FREP-254031-G,1,1,1,1,1,1
FREP-254032-Z,1,1,1,1,1,1
FREP-254034-G,1,1,1,1,1,1
FREP-254038-G,1,1,1,1,1,1
FREP-254039-G,1,1,1,1,1,1
FREP-254050-G,1,1,1,1,1,1
FREP-254051-G,1,1,1,1,1,1
FREP-254053-G,1,1,1,1,1,1
FREP-254056-G,1,1,1,1,1,1
FREP-254057-G,1,1,1,1,1,1
FREP-254063-Z,1,1,1,1,1,1
FREP-254068-G,1,1,1,1,1,1
FREP-254069-G,1,1,1,1,1,1
FREP-254070-G,1,1,1,1,1,1
FREP-254072-G,1,1,1,1,1,1
FREP-254074-G,1,1,1,1,1,1
FREP-254082-Z,1,1,1,1,1,1
FREP-254083-G,1,1,1,1,1,1
FREP-254097-G,1,1,1,1,1,1
FREP-254120-G,1,1,1,1,1,1
FREP-254124-Z,1,1,1,1,1,1
FREP-254126-G,1,1,1,1,1,1
FREP-254131-G,1,1,1,1,1,1
FREP-254150-Z,1,1,1,1,1,1
FREP-254176-G,1,1,1,1,1,1
FREP-254184-Z,1,1,1,1,1,1
FREP-254190-G,1,1,1,1,1,1
FREP-254197-J,1,1,1,1,1,1
FREP-254211-Z,1,1,1,1,1,1
FREP-254224-Z,1,1,1,1,1,1
FREP-254234-G,1,1,1,1,1,1
FREP-254243-G,1,1,1,1,1,1
FREP-254245-Z,1,1,1,1,1,1
FREP-254248-G,1,1,1,1,1,1
FREP-254253-G,1,1,1,1,1,1
FREP-254254-Z,1,1,1,1,1,1
FREP-254256-Z,1,1,1,1,1,1
FREP-254257-G,1,1,1,1,1,1
FREP-254259-Z,1,1,1,1,1,1
FREP-254280-G,1,1,1,1,1,1
FREP-254281-G,1,1,1,1,1,1
FREP-254283-G,1,1,1,1,1,1
FREP-254288-G,1,1,1,1,1,1
FREP-254290-G,1,1,1,1,1,1
FREP-254292-G,1,1,1,1,1,1
FREP-254300-G,1,1,1,1,1,1
FREP-254326-G,1,1,1,1,1,1
FREP-254342-G,1,1,1,1,1,1
FREP-254344-Z,1,1,1,1,1,1
FREP-254358-G,1,1,1,1,1,1
FREP-254363-G,1,1,1,1,1,1
FREP-254374-G,1,1,1,1,1,1
FREP-254382-G,1,1,1,1,1,1
FREP-254385-G,1,1,1,1,1,1
FREP-254394-G,1,1,1,1,1,1
FREP-254403-G,1,1,1,1,1,1
FREP-254404-G,1,1,1,1,1,1
FREP-254405-G,1,1,1,1,1,1
FREP-254433-G,1,1,1,1,1,1
FREP-254440-G,1,1,1,1,1,1
FREP-254449-G,1,1,1,1,1,1
FREP-254455-G,1,1,1,1,1,1
FREP-254457-G,1,1,1,1,1,1
FREP-254464-G,1,1,1,1,1,1
FREP-254465-G,1,1,1,1,1,1
FREP-254470-Z,1,1,1,1,1,1
FREP-254475-Z,1,1,1,1,1,1
FREP-254485-Z,1,1,1,1,1,1
FREP-254499-Z,1,1,1,1,1,1
FREP-254518-Z,1,1,1,1,1,1
FREP-254521-G,1,1,1,1,1,1
FREP-254527-Z,1,1,1,1,1,1
FREP-254534-G,1,1,1,1,1,1
FREP-254538-Z,1,1,1,1,1,1
FREP-254558-G,1,1,1,1,1,1
FREP-254564-G,1,1,1,1,1,1
FREP-254567-G,1,1,1,1,1,1
FREP-254568-G,1,1,1,1,1,1
FREP-254573-Z,1,1,1,1,1,1
FREP-254580-G,1,1,1,1,1,1
FREP-254591-G,1,1,1,1,1,1
FREP-254597-Z,1,1,1,1,1,1
FREP-254604-G,1,1,1,1,1,1
FREP-254615-G,1,1,1,1,1,1
FREP-254620-J,1,1,1,1,1,1
FREP-254624-G,1,1,1,1,1,1
FREP-254658-G,1,1,1,1,1,1
FREP-254661-G,1,1,1,1,1,1
FREP-254666-G,1,1,1,1,1,1
FREP-254669-G,1,1,1,1,1,1
FREP-254676-Z,1,1,1,1,1,1
FREP-254687-Z,1,1,1,1,1,1
FREP-254698-Z,1,1,1,1,1,1
FREP-254705-G,1,1,1,1,1,1
FREP-254713-G,1,1,1,1,1,1
FREP-254717-Z,1,1,1,1,1,1
FREP-254723-Z,1,1,1,1,1,1
FREP-254727-G,1,1,1,1,1,1
FREP-254727-Z,1,1,1,1,1,1
FREP-254740-G,1,1,1,1,1,1
FREP-254745-G,1,1,1,1,1,1
FREP-254753-G,1,1,1,1,1,1
FREP-254758-G,1,1,1,1,1,1
FREP-254776-G,1,1,1,1,1,1
FREP-254778-G,1,1,1,1,1,1
FREP-254781-G,1,1,1,1,1,1
FREP-254793-G,1,1,1,1,1,1
FREP-254806-G,1,1,1,1,1,1
FREP-254821-G,1,1,1,1,1,1
FREP-254826-G,1,1,1,1,1,1
FREP-254836-G,1,1,1,1,1,1
FREP-254838-G,1,1,1,1,1,1
FREP-254855-G,1,1,1,1,1,1
FREP-254856-G,1,1,1,1,1,1
FREP-254870-G,1,1,1,1,1,1
FREP-254879-G,1,1,1,1,1,1
FREP-254880-Z,1,1,1,1,1,1
FREP-254884-G,1,1,1,1,1,1
FREP-254886-G,1,1,1,1,1,1
FREP-254886-Z,1,1,1,1,1,1
FREP-254887-G,1,1,1,1,1,1
FREP-254896-Z,1,1,1,1,1,1
FREP-254901-G,1,1,1,1,1,1
FREP-254903-G,1,1,1,1,1,1
FREP-254926-Z,1,1,1,1,1,1
FREP-254927-G,1,1,1,1,1,1
FREP-254936-G,1,1,1,1,1,1
FREP-254942-G,1,1,1,1,1,1
FREP-254946-G,1,1,1,1,1,1
FREP-254947-Z,1,1,1,1,1,1
FREP-254948-Z,1,1,1,1,1,1
FREP-254952-G,1,1,1,1,1,1
FREP-254953-Z,1,1,1,1,1,1
FREP-254956-G,1,1,1,1,1,1
FREP-254966-G,1,1,1,1,1,1
FREP-254981-G,1,1,1,1,1,1
FREP-254992-G,1,1,1,1,1,1
FREP-254993-G,1,1,1,1,1,1
FREP-255008-G,1,1,1,1,1,1
FREP-255023-G,1,1,1,1,1,1
FREP-255035-G,1,1,1,1,1,1
FREP-255043-G,1,1,1,1,1,1
FREP-255046-G,1,1,1,1,1,1
FREP-255063-G,1,1,1,1,1,1
FREP-255066-Z,1,1,1,1,1,1
FREP-255077-G,1,1,1,1,1,1
FREP-255086-G,1,1,1,1,1,1
FREP-255105-G,1,1,1,1,1,1
FREP-255112-G,1,1,1,1,1,1
FREP-255116-G,1,1,1,1,1,1
FREP-255123-G,1,1,1,1,1,1
FREP-255127-G,1,1,1,1,1,1
FREP-255128-G,1,1,1,1,1,1
FREP-255131-Z,1,1,1,1,1,1
FREP-255139-G,1,1,1,1,1,1
FREP-255145-Z,1,1,1,1,1,1
FREP-255146-G,1,1,1,1,1,1
FREP-255147-G,1,1,1,1,1,1
FREP-255148-G,1,1,1,1,1,1
FREP-255164-Z,1,1,1,1,1,1
FREP-255172-G,1,1,1,1,1,1
FREP-255176-G,1,1,1,1,1,1
FREP-255181-Z,1,1,1,1,1,1
FREP-255182-G,1,1,1,1,1,1
FREP-255184-G,1,1,1,1,1,1
FREP-255199-G,1,1,1,1,1,1
FREP-255212-G,1,1,1,1,1,1
FREP-255223-G,1,1,1,1,1,1
FREP-255227-G,1,1,1,1,1,1
FREP-255228-G,1,1,1,1,1,1
FREP-255229-G,1,1,1,1,1,1
FREP-255235-G,1,1,1,1,1,1
FREP-255240-G,1,1,1,1,1,1
FREP-255241-G,1,1,1,1,1,1
FREP-255248-G,1,1,1,1,1,1
FREP-255254-G,1,1,1,1,1,1
FREP-255276-G,1,1,1,1,1,1
FREP-255283-G,1,1,1,1,1,1
FREP-255284-G,1,1,1,1,1,1
FREP-255287-G,1,1,1,1,1,1
FREP-255288-G,1,1,1,1,1,1
FREP-255289-G,1,1,1,1,1,1
FREP-255324-G,1,1,1,1,1,1
FREP-255336-G,1,1,1,1,1,1
FREP-255339-G,1,1,1,1,1,1
FREP-255346-Z,1,1,1,1,1,1
FREP-255361-G,1,1,1,1,1,1
FREP-255361-Z,1,1,1,1,1,1
FREP-255365-G,1,1,1,1,1,1
FREP-255368-Z,1,1,1,1,1,1
FREP-255371-G,1,1,1,1,1,1
FREP-255375-G,1,1,1,1,1,1
FREP-255376-G,1,1,1,1,1,1
FREP-255378-G,1,1,1,1,1,1
FREP-255384-G,1,1,1,1,1,1
FREP-255387-J,1,1,1,1,1,1
FREP-255412-G,1,1,1,1,1,1
FREP-255421-Z,1,1,1,1,1,1
FREP-255469-G,1,1,1,1,1,1
FREP-255470-G,1,1,1,1,1,1
FREP-255480-Z,1,1,1,1,1,1
FREP-255482-G,1,1,1,1,1,1
FREP-255483-G,1,1,1,1,1,1
FREP-255492-G,1,1,1,1,1,1
FREP-255495-Z,1,1,1,1,1,1
FREP-255506-G,1,1,1,1,1,1
FREP-255511-G,1,1,1,1,1,1
FREP-255511-Z,1,1,1,1,1,1
FREP-255516-Z,1,1,1,1,1,1
FREP-255517-G,1,1,1,1,1,1
FREP-255518-G,1,1,1,1,1,1
FREP-255519-Z,1,1,1,1,1,1
FREP-255520-G,1,1,1,1,1,1
FREP-255521-Z,1,1,1,1,1,1
FREP-255522-G,1,1,1,1,1,1
FREP-255523-G,1,1,1,1,1,1
FREP-255524-G,1,1,1,1,1,1
FREP-255528-Z,1,1,1,1,1,1
FREP-255531-G,1,1,1,1,1,1
FREP-255535-G,1,1,1,1,1,1
FREP-255543-G,1,1,1,1,1,1
FREP-255545-G,1,1,1,1,1,1
FREP-255547-G,1,1,1,1,1,1
FREP-255549-G,1,1,1,1,1,1
FREP-255551-G,1,1,1,1,1,1
FREP-255553-G,1,1,1,1,1,1
FREP-255553-Z,1,1,1,1,1,1
FREP-255555-G,1,1,1,1,1,1
FREP-255564-G,1,1,1,1,1,1
FREP-255570-G,1,1,1,1,1,1
FREP-255573-G,1,1,1,1,1,1
FREP-255578-G,1,1,1,1,1,1
FREP-255592-G,1,1,1,1,1,1
FREP-255597-G,1,1,1,1,1,1
FREP-255600-G,1,1,1,1,1,1
FREP-255608-G,1,1,1,1,1,1
FREP-255633-G,1,1,1,1,1,1
FREP-255636-G,1,1,1,1,1,1
FREP-255641-G,1,1,1,1,1,1
FREP-255643-G,1,1,1,1,1,1
FREP-255653-G,1,1,1,1,1,1
FREP-255659-G,1,1,1,1,1,1
FREP-255659-Z,1,1,1,1,1,1
FREP-255665-G,1,1,1,1,1,1
FREP-255689-G,1,1,1,1,1,1
FREP-255700-G,1,1,1,1,1,1
FREP-255704-Z,1,1,1,1,1,1
FREP-255711-G,1,1,1,1,1,1
FREP-255726-G,1,1,1,1,1,1
FREP-255730-G,1,1,1,1,1,1
FREP-255746-G,1,1,1,1,1,1
FREP-255746-Z,1,1,1,1,1,1
FREP-255749-G,1,1,1,1,1,1
FREP-255757-Z,1,1,1,1,1,1
FREP-255759-Z,1,1,1,1,1,1
FREP-255760-G,1,1,1,1,1,1
FREP-255763-G,1,1,1,1,1,1
FREP-255772-G,1,1,1,1,1,1
FREP-255780-G,1,1,1,1,1,1
FREP-255781-G,1,1,1,1,1,1
FREP-255782-G,1,1,1,1,1,1
FREP-255782-Z,1,1,1,1,1,1
FREP-255787-G,1,1,1,1,1,1
FREP-255795-G,1,1,1,1,1,1
FREP-255800-Z,1,1,1,1,1,1
FREP-255808-Z,1,1,1,1,1,1
FREP-255813-G,1,1,1,1,1,1
FREP-255818-G,1,1,1,1,1,1
FREP-255828-G,1,1,1,1,1,1
FREP-255828-Z,1,1,1,1,1,1
FREP-255834-G,1,1,1,1,1,1
FREP-255836-G,1,1,1,1,1,1
FREP-255846-G,1,1,1,1,1,1
FREP-255847-G,1,1,1,1,1,1
FREP-255850-G,1,1,1,1,1,1
FREP-255852-G,1,1,1,1,1,1
FREP-255858-G,1,1,1,1,1,1
FREP-255859-G,1,1,1,1,1,1
FREP-255866-Z,1,1,1,1,1,1
FREP-255883-G,1,1,1,1,1,1
FREP-255889-G,1,1,1,1,1,1
FREP-255894-G,1,1,1,1,1,1
FREP-255912-G,1,1,1,1,1,1
FREP-255914-G,1,1,1,1,1,1
FREP-255919-G,1,1,1,1,1,1
FREP-255947-G,1,1,1,1,1,1
FREP-255951-G,1,1,1,1,1,1
FREP-255952-G,1,1,1,1,1,1
FREP-255953-G,1,1,1,1,1,1
FREP-255955-G,1,1,1,1,1,1
FREP-255955-Z,1,1,1,1,1,1
FREP-255957-G,1,1,1,1,1,1
FREP-255958-G,1,1,1,1,1,1
FREP-255959-G,1,1,1,1,1,1
FREP-255959-Z,1,1,1,1,1,1
FREP-255967-Z,1,1,1,1,1,1
FREP-255972-G,1,1,1,1,1,1
FREP-255974-G,1,1,1,1,1,1
FREP-255975-Z,1,1,1,1,1,1
FREP-255977-G,1,1,1,1,1,1
FREP-255982-Z,1,1,1,1,1,1
FREP-255985-G,1,1,1,1,1,1
FREP-255987-G,1,1,1,1,1,1
FREP-255994-G,1,1,1,1,1,1
FREP-255994-Z,1,1,1,1,1,1
FREP-255995-G,1,1,1,1,1,1
FREP-255996-Z,1,1,1,1,1,1
FREP-255998-G,1,1,1,1,1,1
FREP-256002-G,1,1,1,1,1,1
FREP-256014-G,1,1,1,1,1,1
FREP-256026-G,1,1,1,1,1,1
FREP-256027-G,1,1,1,1,1,1
FREP-256027-Z,1,1,1,1,1,1
FREP-256030-G,1,1,1,1,1,1
FREP-256047-G,1,1,1,1,1,1
FREP-256047-Z,1,1,1,1,1,1
FREP-256053-G,1,1,1,1,1,1
FREP-256062-G,1,1,1,1,1,1
FREP-256064-G,1,1,1,1,1,1
FREP-256065-G,1,1,1,1,1,1
FREP-256069-G,1,1,1,1,1,1
FREP-256073-G,1,1,1,1,1,1
FREP-256075-G,1,1,1,1,1,1
FREP-256076-G,1,1,1,1,1,1
FREP-256078-Z,1,1,1,1,1,1
FREP-256081-G,1,1,1,1,1,1
FREP-256084-G,1,1,1,1,1,1
FREP-256100-G,1,1,1,1,1,1
FREP-256105-G,1,1,1,1,1,1
FREP-256106-Z,1,1,1,1,1,1
FREP-256108-G,1,1,1,1,1,1
FREP-256112-G,1,1,1,1,1,1
FREP-256121-G,1,1,1,1,1,1
FREP-256126-G,1,1,1,1,1,1
FREP-256130-G,1,1,1,1,1,1
FREP-256137-G,1,1,1,1,1,1
FREP-256138-G,1,1,1,1,1,1
FREP-256145-G,1,1,1,1,1,1
FREP-256153-G,1,1,1,1,1,1
FREP-256158-G,1,1,1,1,1,1
FREP-256176-G,1,1,1,1,1,1
FREP-256177-G,1,1,1,1,1,1
FREP-256181-G,1,1,1,1,1,1
FREP-256182-G,1,1,1,1,1,1
FREP-256195-Z,1,1,1,1,1,1
FREP-256197-G,1,1,1,1,1,1
FREP-256203-G,1,1,1,1,1,1
FREP-256204-G,1,1,1,1,1,1
FREP-256213-G,1,1,1,1,1,1
FREP-256221-G,1,1,1,1,1,1
FREP-256222-Z,1,1,1,1,1,1
FREP-256224-Z,1,1,1,1,1,1
FREP-256227-G,1,1,1,1,1,1
FREP-256227-Z,1,1,1,1,1,1
FREP-256228-G,1,1,1,1,1,1
FREP-256229-Z,1,1,1,1,1,1
FREP-256232-G,1,1,1,1,1,1
FREP-256237-G,1,1,1,1,1,1
FREP-256237-Z,1,1,1,1,1,1
FREP-256254-G,1,1,1,1,1,1
FREP-256255-G,1,1,1,1,1,1
FREP-256287-G,1,1,1,1,1,1
FREP-256289-Z,1,1,1,1,1,1
FREP-256297-G,1,1,1,1,1,1
FREP-256301-G,1,1,1,1,1,1
FREP-256308-G,1,1,1,1,1,1
FREP-256314-G,1,1,1,1,1,1
FREP-256322-G,1,1,1,1,1,1
FREP-256327-G,1,1,1,1,1,1
FREP-256328-G,1,1,1,1,1,1
FREP-256336-G,1,1,1,1,1,1
FREP-256337-Z,1,1,1,1,1,1
FREP-256364-G,1,1,1,1,1,1
FREP-256369-G,1,1,1,1,1,1
FREP-256392-G,1,1,1,1,1,1
FREP-256395-G,1,1,1,1,1,1
FREP-256398-G,1,1,1,1,1,1
FREP-256399-G,1,1,1,1,1,1
FREP-256416-Z,1,1,1,1,1,1
FREP-256425-G,1,1,1,1,1,1
FREP-256426-G,1,1,1,1,1,1
FREP-256429-G,1,1,1,1,1,1
FREP-256436-G,1,1,1,1,1,1
FREP-256441-G,1,1,1,1,1,1
FREP-256459-G,1,1,1,1,1,1
FREP-256469-G,1,1,1,1,1,1
FREP-256475-Z,1,1,1,1,1,1
FREP-256481-G,1,1,1,1,1,1
FREP-256486-G,1,1,1,1,1,1
FREP-256492-G,1,1,1,1,1,1
FREP-256497-G,1,1,1,1,1,1
FREP-256502-G,1,1,1,1,1,1
FREP-256503-Z,1,1,1,1,1,1
FREP-256511-G,1,1,1,1,1,1
FREP-256559-Z,1,1,1,1,1,1
FREP-256570-Z,1,1,1,1,1,1
FREP-256611-G,1,1,1,1,1,1
FREP-256612-G,1,1,1,1,1,1
FREP-256620-G,1,1,1,1,1,1
FREP-256620-Z,1,1,1,1,1,1
FREP-256630-Z,1,1,1,1,1,1
FREP-256631-G,1,1,1,1,1,1
FREP-256633-Z,1,1,1,1,1,1
FREP-256634-G,1,1,1,1,1,1
FREP-256635-G,1,1,1,1,1,1
FREP-256637-Z,1,1,1,1,1,1
FREP-256649-Z,1,1,1,1,1,1
FREP-256664-G,1,1,1,1,1,1
FREP-256667-G,1,1,1,1,1,1
FREP-256668-Z,1,1,1,1,1,1
FREP-256671-G,1,1,1,1,1,1
FREP-256674-G,1,1,1,1,1,1
FREP-256676-G,1,1,1,1,1,1
FREP-256682-G,1,1,1,1,1,1
FREP-256682-Z,1,1,1,1,1,1
FREP-256691-Z,1,1,1,1,1,1
FREP-256693-Z,1,1,1,1,1,1
FREP-256702-Z,1,1,1,1,1,1
FREP-256706-Z,1,1,1,1,1,1
FREP-256708-G,1,1,1,1,1,1
FREP-256708-Z,1,1,1,1,1,1
FREP-256709-G,1,1,1,1,1,1
FREP-256711-G,1,1,1,1,1,1
FREP-256715-G,1,1,1,1,1,1
FREP-256718-Z,1,1,1,1,1,1
FREP-256720-G,1,1,1,1,1,1
FREP-256722-G,1,1,1,1,1,1
FREP-256722-Z,1,1,1,1,1,1
FREP-256724-Z,1,1,1,1,1,1
FREP-256725-G,1,1,1,1,1,1
FREP-256725-Z,1,1,1,1,1,1
FREP-256726-G,1,1,1,1,1,1
FREP-256731-G,1,1,1,1,1,1
FREP-256738-G,1,1,1,1,1,1
FREP-256743-G,1,1,1,1,1,1
FREP-256748-G,1,1,1,1,1,1
FREP-256752-G,1,1,1,1,1,1
FREP-256753-G,1,1,1,1,1,1
FREP-256754-Z,1,1,1,1,1,1
FREP-256761-G,1,1,1,1,1,1
FREP-256767-G,1,1,1,1,1,1
FREP-256768-Z,1,1,1,1,1,1
FREP-256775-G,1,1,1,1,1,1
FREP-256781-G,1,1,1,1,1,1
FREP-256792-G,1,1,1,1,1,1
FREP-256799-G,1,1,1,1,1,1
FREP-256805-G,1,1,1,1,1,1
FREP-256806-Z,1,1,1,1,1,1
FREP-256810-G,1,1,1,1,1,1
FREP-256811-G,1,1,1,1,1,1
FREP-256821-G,1,1,1,1,1,1
FREP-256824-G,1,1,1,1,1,1
FREP-256837-G,1,1,1,1,1,1
FREP-256844-Z,1,1,1,1,1,1
FREP-256846-G,1,1,1,1,1,1
FREP-256847-Z,1,1,1,1,1,1
FREP-256852-G,1,1,1,1,1,1
FREP-256854-Z,1,1,1,1,1,1
FREP-256856-Z,1,1,1,1,1,1
FREP-256862-Z,1,1,1,1,1,1
FREP-256866-G,1,1,1,1,1,1
FREP-256872-G,1,1,1,1,1,1
FREP-256888-Z,1,1,1,1,1,1
FREP-256890-G,1,1,1,1,1,1
FREP-256901-G,1,1,1,1,1,1
FREP-256903-Z,1,1,1,1,1,1
FREP-256904-G,1,1,1,1,1,1
FREP-256907-G,1,1,1,1,1,1
FREP-256909-Z,1,1,1,1,1,1
FREP-256910-G,1,1,1,1,1,1
FREP-256914-G,1,1,1,1,1,1
FREP-256922-G,1,1,1,1,1,1
FREP-256925-G,1,1,1,1,1,1
FREP-256944-G,1,1,1,1,1,1
FREP-256946-G,1,1,1,1,1,1
FREP-256947-G,1,1,1,1,1,1
FREP-256949-G,1,1,1,1,1,1
FREP-256957-Z,1,1,1,1,1,1
FREP-256960-Z,1,1,1,1,1,1
FREP-256965-G,1,1,1,1,1,1
FREP-256967-G,1,1,1,1,1,1
FREP-256972-G,1,1,1,1,1,1
FREP-256973-G,1,1,1,1,1,1
FREP-256980-G,1,1,1,1,1,1
FREP-256984-Z,1,1,1,1,1,1
FREP-256986-G,1,1,1,1,1,1
FREP-257003-G,1,1,1,1,1,1
FREP-257046-G,1,1,1,1,1,1
FREP-257097-G,1,1,1,1,1,1
FREP-257102-G,1,1,1,1,1,1
FREP-257106-G,1,1,1,1,1,1
FREP-257110-Z,1,1,1,1,1,1
FREP-257121-Z,1,1,1,1,1,1
FREP-257126-Z,1,1,1,1,1,1
FREP-257127-Z,1,1,1,1,1,1
FREP-257130-G,1,1,1,1,1,1
FREP-257144-G,1,1,1,1,1,1
FREP-257148-G,1,1,1,1,1,1
FREP-257155-Z,1,1,1,1,1,1
FREP-257166-Z,1,1,1,1,1,1
FREP-257183-G,1,1,1,1,1,1
FREP-257194-G,1,1,1,1,1,1
FREP-257199-G,1,1,1,1,1,1
FREP-257212-G,1,1,1,1,1,1
FREP-257219-Z,1,1,1,1,1,1
FREP-257228-Z,1,1,1,1,1,1
FREP-257229-G,1,1,1,1,1,1
FREP-257250-G,1,1,1,1,1,1
FREP-257252-Z,1,1,1,1,1,1
FREP-257284-Z,1,1,1,1,1,1
FREP-257287-G,1,1,1,1,1,1
FREP-257287-Z,1,1,1,1,1,1
FREP-257289-G,1,1,1,1,1,1
FREP-257304-G,1,1,1,1,1,1
FREP-257319-Z,1,1,1,1,1,1
FREP-257339-G,1,1,1,1,1,1
FREP-257348-Z,1,1,1,1,1,1
FREP-257350-Z,1,1,1,1,1,1
FREP-257357-Z,1,1,1,1,1,1
FREP-257373-G,1,1,1,1,1,1
FREP-257381-G,1,1,1,1,1,1
FREP-257399-G,1,1,1,1,1,1
FREP-257400-G,1,1,1,1,1,1
FREP-257415-G,1,1,1,1,1,1
FREP-257463-G,1,1,1,1,1,1
FREP-257498-G,1,1,1,1,1,1
FREP-257520-Z,1,1,1,1,1,1
FREP-257528-G,1,1,1,1,1,1
FREP-257553-Z,1,1,1,1,1,1
FREP-257563-G,1,1,1,1,1,1
FREP-257564-G,1,1,1,1,1,1
FREP-257587-Z,1,1,1,1,1,1
FREP-257621-Z,1,1,1,1,1,1
FREP-257626-Z,1,1,1,1,1,1
FREP-257636-Z,1,1,1,1,1,1
FREP-257652-G,1,1,1,1,1,1
FREP-257669-Z,1,1,1,1,1,1
FREP-257703-G,1,1,1,1,1,1
FREP-257721-G,1,1,1,1,1,1
FREP-257727-G,1,1,1,1,1,1
FREP-257731-G,1,1,1,1,1,1
FREP-257735-G,1,1,1,1,1,1
FREP-257750-G,1,1,1,1,1,1
FREP-257816-Z,1,1,1,1,1,1
FREP-257822-G,1,1,1,1,1,1
FREP-257823-G,1,1,1,1,1,1
FREP-257825-G,1,1,1,1,1,1
FREP-257828-G,1,1,1,1,1,1
FREP-257835-G,1,1,1,1,1,1
FREP-257842-G,1,1,1,1,1,1
FREP-257847-G,1,1,1,1,1,1
FREP-257870-G,1,1,1,1,1,1
FREP-257916-G,1,1,1,1,1,1
FREP-257930-G,1,1,1,1,1,1
FREP-257940-G,1,1,1,1,1,1
FREP-257951-Z,1,1,1,1,1,1
FREP-257967-G,1,1,1,1,1,1
FREP-257985-G,1,1,1,1,1,1
FREP-257987-G,1,1,1,1,1,1
FREP-257987-Z,1,1,1,1,1,1
FREP-257988-G,1,1,1,1,1,1
FREP-257992-Z,1,1,1,1,1,1
FREP-258011-Z,1,1,1,1,1,1
FREP-258013-G,1,1,1,1,1,1
FREP-258018-G,1,1,1,1,1,1
FREP-258036-G,1,1,1,1,1,1
FREP-258039-G,1,1,1,1,1,1
FREP-258039-Z,1,1,1,1,1,1
FREP-258047-G,1,1,1,1,1,1
FREP-258063-Z,1,1,1,1,1,1
FREP-258065-Z,1,1,1,1,1,1
FREP-258070-Z,1,1,1,1,1,1
FREP-258094-G,1,1,1,1,1,1
FREP-258102-Z,1,1,1,1,1,1
FREP-258107-Z,1,1,1,1,1,1
FREP-258121-Z,1,1,1,1,1,1
FREP-258135-Z,1,1,1,1,1,1
FREP-258145-Z,1,1,1,1,1,1
FREP-258149-Z,1,1,1,1,1,1
FREP-258151-Z,1,1,1,1,1,1
FREP-258176-Z,1,1,1,1,1,1
FREP-258186-G,1,1,1,1,1,1
FREP-258191-G,1,1,1,1,1,1
FREP-258196-G,1,1,1,1,1,1
FREP-258208-Z,1,1,1,1,1,1
FREP-258223-Z,1,1,1,1,1,1
FREP-258230-Z,1,1,1,1,1,1
FREP-258233-Z,1,1,1,1,1,1
FREP-258240-Z,1,1,1,1,1,1
FREP-258303-Z,1,1,1,1,1,1
FREP-258315-G,1,1,1,1,1,1
FREP-258316-G,1,1,1,1,1,1
FREP-258318-G,1,1,1,1,1,1
FREP-258343-G,1,1,1,1,1,1
FREP-258394-G,1,1,1,1,1,1
FREP-258399-Z,1,1,1,1,1,1
FREP-258423-G,1,1,1,1,1,1
FREP-258431-Z,1,1,1,1,1,1
FREP-258440-Z,1,1,1,1,1,1
FREP-258445-G,1,1,1,1,1,1
FREP-258446-G,1,1,1,1,1,1
FREP-258455-Z,1,1,1,1,1,1
FREP-258457-Z,1,1,1,1,1,1
FREP-258458-G,1,1,1,1,1,1
FREP-258460-G,1,1,1,1,1,1
FREP-258504-G,1,1,1,1,1,1
FREP-258525-G,1,1,1,1,1,1
FREP-258536-G,1,1,1,1,1,1
FREP-258555-G,1,1,1,1,1,1
FREP-258563-G,1,1,1,1,1,1
FREP-258608-G,1,1,1,1,1,1
FREP-258613-Z,1,1,1,1,1,1
FREP-258624-G,1,1,1,1,1,1
FREP-258628-G,1,1,1,1,1,1
FREP-258637-G,1,1,1,1,1,1
FREP-258642-G,1,1,1,1,1,1
FREP-258644-G,1,1,1,1,1,1
FREP-258657-Z,1,1,1,1,1,1
FREP-258670-Z,1,1,1,1,1,1
FREP-258679-G,1,1,1,1,1,1
FREP-258681-G,1,1,1,1,1,1
FREP-258682-G,1,1,1,1,1,1
FREP-258690-G,1,1,1,1,1,1
FREP-258691-G,1,1,1,1,1,1
FREP-258694-G,1,1,1,1,1,1
FREP-258695-G,1,1,1,1,1,1
FREP-258703-G,1,1,1,1,1,1
FREP-258703-Z,1,1,1,1,1,1
FREP-258710-G,1,1,1,1,1,1
FREP-258711-G,1,1,1,1,1,1
FREP-258717-G,1,1,1,1,1,1
FREP-258719-Z,1,1,1,1,1,1
FREP-258724-G,1,1,1,1,1,1
FREP-258728-G,1,1,1,1,1,1
FREP-258729-G,1,1,1,1,1,1
FREP-258733-G,1,1,1,1,1,1
FREP-258733-Z,1,1,1,1,1,1
FREP-258753-Z,1,1,1,1,1,1
FREP-258766-Z,1,1,1,1,1,1
FREP-258782-G,1,1,1,1,1,1
FREP-258784-G,1,1,1,1,1,1
FREP-258790-G,1,1,1,1,1,1
FREP-258791-Z,1,1,1,1,1,1
FREP-258793-G,1,1,1,1,1,1
FREP-258812-G,1,1,1,1,1,1
FREP-258812-Z,1,1,1,1,1,1
FREP-258826-Z,1,1,1,1,1,1
FREP-258837-Z,1,1,1,1,1,1
FREP-258860-Z,1,1,1,1,1,1
FREP-258866-G,1,1,1,1,1,1
FREP-258869-G,1,1,1,1,1,1
FREP-258879-Z,1,1,1,1,1,1
FREP-258884-G,1,1,1,1,1,1
FREP-258885-G,1,1,1,1,1,1
FREP-258927-G,1,1,1,1,1,1
FREP-258946-G,1,1,1,1,1,1
FREP-258970-Z,1,1,1,1,1,1
FREP-258984-G,1,1,1,1,1,1
FREP-259014-G,1,1,1,1,1,1
FREP-259024-G,1,1,1,1,1,1
FREP-259026-G,1,1,1,1,1,1
FREP-259027-Z,1,1,1,1,1,1
FREP-259035-G,1,1,1,1,1,1
FREP-259051-Z,1,1,1,1,1,1
FREP-259058-G,1,1,1,1,1,1
FREP-259059-Z,1,1,1,1,1,1
FREP-259076-G,1,1,1,1,1,1
FREP-259085-G,1,1,1,1,1,1
FREP-259099-G,1,1,1,1,1,1
FREP-259121-Z,1,1,1,1,1,1
FREP-259126-G,1,1,1,1,1,1
FREP-259132-Z,1,1,1,1,1,1
FREP-259135-Z,1,1,1,1,1,1
FREP-259136-G,1,1,1,1,1,1
FREP-259141-G,1,1,1,1,1,1
FREP-259144-G,1,1,1,1,1,1
FREP-259146-G,1,1,1,1,1,1
FREP-259146-Z,1,1,1,1,1,1
FREP-259148-Z,1,1,1,1,1,1
FREP-259151-G,1,1,1,1,1,1
FREP-259152-Z,1,1,1,1,1,1
FREP-259155-Z,1,1,1,1,1,1
FREP-259167-Z,1,1,1,1,1,1
FREP-259220-G,1,1,1,1,1,1
FREP-259220-Z,1,1,1,1,1,1
FREP-259246-Z,1,1,1,1,1,1
FREP-259273-G,1,1,1,1,1,1
FREP-259277-G,1,1,1,1,1,1
FREP-259284-G,1,1,1,1,1,1
FREP-259291-G,1,1,1,1,1,1
FREP-259313-G,1,1,1,1,1,1
FREP-259323-Z,1,1,1,1,1,1
FREP-259324-Z,1,1,1,1,1,1
FREP-259342-Z,1,1,1,1,1,1
FREP-259351-Z,1,1,1,1,1,1
FREP-259361-Z,1,1,1,1,1,1
FREP-259389-G,1,1,1,1,1,1
FREP-259392-Z,1,1,1,1,1,1
FREP-259419-G,1,1,1,1,1,1
FREP-259421-G,1,1,1,1,1,1
FREP-259474-G,1,1,1,1,1,1
FREP-259482-G,1,1,1,1,1,1
FREP-259483-G,1,1,1,1,1,1
FREP-259489-Z,1,1,1,1,1,1
FREP-259494-Z,1,1,1,1,1,1
FREP-259502-Z,1,1,1,1,1,1
FREP-259504-Z,1,1,1,1,1,1
FREP-259510-Z,1,1,1,1,1,1
FREP-259511-Z,1,1,1,1,1,1
FREP-259531-G,1,1,1,1,1,1
FREP-259540-G,1,1,1,1,1,1
FREP-259544-G,1,1,1,1,1,1
FREP-259545-G,1,1,1,1,1,1
FREP-259547-Z,1,1,1,1,1,1
FREP-259567-Z,1,1,1,1,1,1
FREP-259571-G,1,1,1,1,1,1
FREP-259592-G,1,1,1,1,1,1
FREP-259593-G,1,1,1,1,1,1
FREP-259598-G,1,1,1,1,1,1
FREP-259604-G,1,1,1,1,1,1
FREP-259609-G,1,1,1,1,1,1
FREP-259614-J,1,1,1,1,1,1
FREP-259621-Z,1,1,1,1,1,1
FREP-259627-G,1,1,1,1,1,1
FREP-259646-Z,1,1,1,1,1,1
FREP-259647-Z,1,1,1,1,1,1
FREP-259651-Z,1,1,1,1,1,1
FREP-259654-G,1,1,1,1,1,1
FREP-259658-Z,1,1,1,1,1,1
FREP-259687-Z,1,1,1,1,1,1
FREP-259692-Z,1,1,1,1,1,1
FREP-259693-G,1,1,1,1,1,1
FREP-259705-G,1,1,1,1,1,1
FREP-259706-G,1,1,1,1,1,1
FREP-259717-G,1,1,1,1,1,1
FREP-259726-Z,1,1,1,1,1,1
FREP-259737-Z,1,1,1,1,1,1
FREP-259744-Z,1,1,1,1,1,1
FREP-259745-G,1,1,1,1,1,1
FREP-259764-Z,1,1,1,1,1,1
FREP-259776-G,1,1,1,1,1,1
FREP-259779-Z,1,1,1,1,1,1
FREP-259783-G,1,1,1,1,1,1
FREP-259788-Z,1,1,1,1,1,1
FREP-259797-G,1,1,1,1,1,1
FREP-259805-Z,1,1,1,1,1,1
FREP-259816-G,1,1,1,1,1,1
FREP-259819-Z,1,1,1,1,1,1
FREP-259821-G,1,1,1,1,1,1
FREP-259822-G,1,1,1,1,1,1
FREP-259825-Z,1,1,1,1,1,1
FREP-259830-G,1,1,1,1,1,1
FREP-259836-G,1,1,1,1,1,1
FREP-259840-G,1,1,1,1,1,1
FREP-259844-Z,1,1,1,1,1,1
FREP-259852-G,1,1,1,1,1,1
FREP-259853-G,1,1,1,1,1,1
FREP-259856-Z,1,1,1,1,1,1
FREP-259857-Z,1,1,1,1,1,1
FREP-259858-Z,1,1,1,1,1,1
FREP-259871-G,1,1,1,1,1,1
FREP-259873-G,1,1,1,1,1,1
FREP-259874-G,1,1,1,1,1,1
FREP-259881-G,1,1,1,1,1,1
FREP-259884-G,1,1,1,1,1,1
FREP-259884-Z,1,1,1,1,1,1
FREP-259893-G,1,1,1,1,1,1
FREP-259896-Z,1,1,1,1,1,1
FREP-259905-Z,1,1,1,1,1,1
FREP-259912-Z,1,1,1,1,1,1
FREP-259920-Z,1,1,1,1,1,1
FREP-259925-Z,1,1,1,1,1,1
FREP-259929-G,1,1,1,1,1,1
FREP-259958-Z,1,1,1,1,1,1
FREP-259974-Z,1,1,1,1,1,1
FREP-259976-Z,1,1,1,1,1,1
FREP-259983-Z,1,1,1,1,1,1
FREP-259998-Z,1,1,1,1,1,1
FREP-260004-G,1,1,1,1,1,1
FREP-260020-Z,1,1,1,1,1,1
FREP-260025-G,1,1,1,1,1,1
FREP-260028-G,1,1,1,1,1,1
FREP-260042-G,1,1,1,1,1,1
FREP-260044-G,1,1,1,1,1,1
FREP-260063-Z,1,1,1,1,1,1
FREP-260073-G,1,1,1,1,1,1
FREP-260076-Z,1,1,1,1,1,1
FREP-260082-G,1,1,1,1,1,1
FREP-260083-Z,1,1,1,1,1,1
FREP-260095-G,1,1,1,1,1,1
FREP-260099-G,1,1,1,1,1,1
FREP-260118-Z,1,1,1,1,1,1
FREP-260162-G,1,1,1,1,1,1
FREP-260162-Z,1,1,1,1,1,1
FREP-260164-Z,1,1,1,1,1,1
FREP-260169-G,1,1,1,1,1,1
FREP-260169-Z,1,1,1,1,1,1
FREP-260171-Z,1,1,1,1,1,1
FREP-260177-Z,1,1,1,1,1,1
FREP-260180-G,1,1,1,1,1,1
FREP-260181-G,1,1,1,1,1,1
FREP-260188-J,1,1,1,1,1,1
FREP-260192-G,1,1,1,1,1,1
FREP-260203-Z,1,1,1,1,1,1
FREP-260215-G,1,1,1,1,1,1
FREP-260268-G,1,1,1,1,1,1
FREP-260275-G,1,1,1,1,1,1
FREP-260283-Z,1,1,1,1,1,1
FREP-260297-G,1,1,1,1,1,1
FREP-260299-G,1,1,1,1,1,1
FREP-260302-Z,1,1,1,1,1,1
FREP-260303-G,1,1,1,1,1,1
FREP-260308-G,1,1,1,1,1,1
FREP-260328-Z,1,1,1,1,1,1
FREP-260331-Z,1,1,1,1,1,1
FREP-260333-Z,1,1,1,1,1,1
FREP-260338-G,1,1,1,1,1,1
FREP-260356-G,1,1,1,1,1,1
FREP-260359-G,1,1,1,1,1,1
FREP-260361-G,1,1,1,1,1,1
FREP-260381-Z,1,1,1,1,1,1
FREP-260388-G,1,1,1,1,1,1
FREP-260392-G,1,1,1,1,1,1
FREP-260409-Z,1,1,1,1,1,1
FREP-260411-Z,1,1,1,1,1,1
FREP-260412-Z,1,1,1,1,1,1
FREP-260414-G,1,1,1,1,1,1
FREP-260416-G,1,1,1,1,1,1
FREP-260419-G,1,1,1,1,1,1
FREP-260424-G,1,1,1,1,1,1
FREP-260463-G,1,1,1,1,1,1
FREP-260480-G,1,1,1,1,1,1
FREP-260485-J,1,1,1,1,1,1
FREP-260485-Z,1,1,1,1,1,1
FREP-260507-G,1,1,1,1,1,1
FREP-260509-G,1,1,1,1,1,1
FREP-260519-Z,1,1,1,1,1,1
FREP-260534-G,1,1,1,1,1,1
FREP-260542-G,1,1,1,1,1,1
FREP-260548-Z,1,1,1,1,1,1
FREP-260557-Z,1,1,1,1,1,1
FREP-260569-Z,1,1,1,1,1,1
FREP-260583-G,1,1,1,1,1,1
FREP-260602-Z,1,1,1,1,1,1
FREP-260622-Z,1,1,1,1,1,1
FREP-260642-G,1,1,1,1,1,1
FREP-260660-G,1,1,1,1,1,1
FREP-260660-Z,1,1,1,1,1,1
FREP-260697-Z,1,1,1,1,1,1
FREP-260704-Z,1,1,1,1,1,1
FREP-260706-Z,1,1,1,1,1,1
FREP-260707-Z,1,1,1,1,1,1
FREP-260719-G,1,1,1,1,1,1
FREP-260725-Z,1,1,1,1,1,1
FREP-260735-J,1,1,1,1,1,1
FREP-260742-G,1,1,1,1,1,1
FREP-260765-G,1,1,1,1,1,1
FREP-260777-J,1,1,1,1,1,1
FREP-260792-J,1,1,1,1,1,1
FREP-260803-G,1,1,1,1,1,1
FREP-260813-G,1,1,1,1,1,1
FREP-260826-Z,1,1,1,1,1,1
FREP-260831-G,1,1,1,1,1,1
FREP-260838-Z,1,1,1,1,1,1
FREP-260843-J,1,1,1,1,1,1
FREP-260844-J,1,1,1,1,1,1
FREP-260845-Z,1,1,1,1,1,1
FREP-260850-J,1,1,1,1,1,1
FREP-260881-G,1,1,1,1,1,1
FREP-260889-J,1,1,1,1,1,1
FREP-260902-J,1,1,1,1,1,1
FREP-260910-Z,1,1,1,1,1,1
FREP-260911-G,1,1,1,1,1,1
FREP-260914-Z,1,1,1,1,1,1
FREP-260917-G,1,1,1,1,1,1
FREP-260917-J,1,1,1,1,1,1
FREP-260918-G,1,1,1,1,1,1
FREP-260921-J,1,1,1,1,1,1
FREP-260921-Z,1,1,1,1,1,1
FREP-260933-G,1,1,1,1,1,1
FREP-260936-J,1,1,1,1,1,1
FREP-260939-J,1,1,1,1,1,1
FREP-260949-Z,1,1,1,1,1,1
FREP-260954-Z,1,1,1,1,1,1
FREP-260962-Z,1,1,1,1,1,1
FREP-260963-G,1,1,1,1,1,1
FREP-260963-Z,1,1,1,1,1,1
FREP-260966-G,1,1,1,1,1,1
FREP-260971-Z,1,1,1,1,1,1
FREP-260973-G,1,1,1,1,1,1
FREP-260974-G,1,1,1,1,1,1
FREP-260976-G,1,1,1,1,1,1
FREP-260978-Z,1,1,1,1,1,1
FREP-260979-Z,1,1,1,1,1,1
FREP-260991-G,1,1,1,1,1,1
FREP-260992-G,1,1,1,1,1,1
FREP-261003-J,1,1,1,1,1,1
FREP-261016-G,1,1,1,1,1,1
FREP-261047-G,1,1,1,1,1,1
FREP-261051-Z,1,1,1,1,1,1
FREP-261063-G,1,1,1,1,1,1
FREP-261074-G,1,1,1,1,1,1
FREP-261102-J,1,1,1,1,1,1
FREP-261107-G,1,1,1,1,1,1
FREP-261114-Z,1,1,1,1,1,1
FREP-261116-J,1,1,1,1,1,1
FREP-261118-G,1,1,1,1,1,1
FREP-261121-Z,1,1,1,1,1,1
FREP-261126-J,1,1,1,1,1,1
FREP-261189-G,1,1,1,1,1,1
FREP-261190-G,1,1,1,1,1,1
FREP-261190-J,1,1,1,1,1,1
FREP-261202-Z,1,1,1,1,1,1
FREP-261208-J,1,1,1,1,1,1
FREP-261228-G,1,1,1,1,1,1
FREP-261233-Z,1,1,1,1,1,1
FREP-261234-G,1,1,1,1,1,1
FREP-261235-J,1,1,1,1,1,1
FREP-261240-Z,1,1,1,1,1,1
FREP-261256-J,1,1,1,1,1,1
FREP-261261-G,1,1,1,1,1,1
FREP-261265-J,1,1,1,1,1,1
FREP-261266-G,1,1,1,1,1,1
FREP-261289-J,1,1,1,1,1,1
FREP-261296-Z,1,1,1,1,1,1
FREP-261298-Z,1,1,1,1,1,1
FREP-261300-G,1,1,1,1,1,1
FREP-261318-J,1,1,1,1,1,1
FREP-261322-J,1,1,1,1,1,1
FREP-261338-Z,1,1,1,1,1,1
FREP-261342-G,1,1,1,1,1,1
FREP-261350-G,1,1,1,1,1,1
FREP-261358-G,1,1,1,1,1,1
FREP-261360-Z,1,1,1,1,1,1
FREP-261362-Z,1,1,1,1,1,1
FREP-261404-Z,1,1,1,1,1,1
FREP-261405-Z,1,1,1,1,1,1
FREP-261407-G,1,1,1,1,1,1
FREP-261412-G,1,1,1,1,1,1
FREP-261417-G,1,1,1,1,1,1
FREP-261419-G,1,1,1,1,1,1
FREP-261420-G,1,1,1,1,1,1
FREP-261423-G,1,1,1,1,1,1
FREP-261426-G,1,1,1,1,1,1
FREP-261427-G,1,1,1,1,1,1
FREP-261428-G,1,1,1,1,1,1
FREP-261430-J,1,1,1,1,1,1
FREP-261431-J,1,1,1,1,1,1
FREP-261443-G,1,1,1,1,1,1
FREP-261456-J,1,1,1,1,1,1
FREP-261464-G,1,1,1,1,1,1
FREP-261469-G,1,1,1,1,1,1
FREP-261482-J,1,1,1,1,1,1
FREP-261485-G,1,1,1,1,1,1
FREP-261493-J,1,1,1,1,1,1
FREP-261496-J,1,1,1,1,1,1
FREP-261511-G,1,1,1,1,1,1
FREP-261519-G,1,1,1,1,1,1
FREP-261524-J,1,1,1,1,1,1
FREP-261526-J,1,1,1,1,1,1
FREP-261533-Z,1,1,1,1,1,1
FREP-261540-G,1,1,1,1,1,1
FREP-261541-G,1,1,1,1,1,1
FREP-261542-Z,1,1,1,1,1,1
FREP-261545-G,1,1,1,1,1,1
FREP-261554-Z,1,1,1,1,1,1
FREP-261566-Z,1,1,1,1,1,1
FREP-261573-G,1,1,1,1,1,1
FREP-261577-J,1,1,1,1,1,1
FREP-261581-J,1,1,1,1,1,1
FREP-261583-J,1,1,1,1,1,1
FREP-261614-G,1,1,1,1,1,1
FREP-261618-G,1,1,1,1,1,1
FREP-261619-G,1,1,1,1,1,1
FREP-261620-G,1,1,1,1,1,1
FREP-261621-G,1,1,1,1,1,1
FREP-261625-G,1,1,1,1,1,1
FREP-261662-J,1,1,1,1,1,1
FREP-261676-G,1,1,1,1,1,1
FREP-261683-G,1,1,1,1,1,1
FREP-261689-G,1,1,1,1,1,1
FREP-261691-G,1,1,1,1,1,1
FREP-261692-G,1,1,1,1,1,1
FREP-261695-J,1,1,1,1,1,1
FREP-261700-G,1,1,1,1,1,1
FREP-261723-Z,1,1,1,1,1,1
FREP-261724-J,1,1,1,1,1,1
FREP-261727-Z,1,1,1,1,1,1
FREP-261730-Z,1,1,1,1,1,1
FREP-261739-Z,1,1,1,1,1,1
FREP-261740-J,1,1,1,1,1,1
FREP-261743-Z,1,1,1,1,1,1
FREP-261746-Z,1,1,1,1,1,1
FREP-261750-Z,1,1,1,1,1,1
FREP-261763-J,1,1,1,1,1,1
FREP-261772-G,1,1,1,1,1,1
FREP-261773-Z,1,1,1,1,1,1
FREP-261775-G,1,1,1,1,1,1
FREP-261779-G,1,1,1,1,1,1
FREP-261801-J,1,1,1,1,1,1
FREP-261802-Z,1,1,1,1,1,1
FREP-261803-G,1,1,1,1,1,1
FREP-261816-Z,1,1,1,1,1,1
FREP-261818-J,1,1,1,1,1,1
FREP-261832-J,1,1,1,1,1,1
FREP-261841-G,1,1,1,1,1,1
FREP-261854-G,1,1,1,1,1,1
FREP-261856-Z,1,1,1,1,1,1
FREP-261877-G,1,1,1,1,1,1
FREP-261881-G,1,1,1,1,1,1
FREP-261881-Z,1,1,1,1,1,1
FREP-261882-G,1,1,1,1,1,1
FREP-261883-J,1,1,1,1,1,1
FREP-261890-J,1,1,1,1,1,1
FREP-261891-G,1,1,1,1,1,1
FREP-261899-Z,1,1,1,1,1,1
FREP-261908-G,1,1,1,1,1,1
FREP-261914-G,1,1,1,1,1,1
FREP-261921-Z,1,1,1,1,1,1
FREP-261924-J,1,1,1,1,1,1
FREP-261925-Z,1,1,1,1,1,1
FREP-261928-J,1,1,1,1,1,1
FREP-261932-G,1,1,1,1,1,1
FREP-261937-Z,1,1,1,1,1,1
FREP-261942-Z,1,1,1,1,1,1
FREP-261945-G,1,1,1,1,1,1
FREP-261946-G,1,1,1,1,1,1
FREP-261948-G,1,1,1,1,1,1
FREP-261949-G,1,1,1,1,1,1
FREP-261955-G,1,1,1,1,1,1
FREP-261958-Z,1,1,1,1,1,1
FREP-261962-G,1,1,1,1,1,1
FREP-261963-J,1,1,1,1,1,1
FREP-261965-G,1,1,1,1,1,1
FREP-261969-G,1,1,1,1,1,1
FREP-261969-Z,1,1,1,1,1,1
FREP-261970-Z,1,1,1,1,1,1
FREP-261971-G,1,1,1,1,1,1
FREP-261975-Z,1,1,1,1,1,1
FREP-261985-G,1,1,1,1,1,1
FREP-261993-J,1,1,1,1,1,1
FREP-261997-Z,1,1,1,1,1,1
FREP-261998-Z,1,1,1,1,1,1
FREP-261999-J,1,1,1,1,1,1
FREP-261999-Z,1,1,1,1,1,1
FREP-262003-Z,1,1,1,1,1,1
FREP-262006-Z,1,1,1,1,1,1
FREP-262010-J,1,1,1,1,1,1
FREP-262013-Z,1,1,1,1,1,1
FREP-262015-G,1,1,1,1,1,1
FREP-262015-J,1,1,1,1,1,1
FREP-262015-Z,1,1,1,1,1,1
FREP-262016-Z,1,1,1,1,1,1
FREP-262021-G,1,1,1,1,1,1
FREP-262031-Z,1,1,1,1,1,1
FREP-262034-G,1,1,1,1,1,1
FREP-262038-Z,1,1,1,1,1,1
FREP-262040-G,1,1,1,1,1,1
FREP-262049-G,1,1,1,1,1,1
FREP-262062-G,1,1,1,1,1,1
FREP-262083-Z,1,1,1,1,1,1
FREP-262085-Z,1,1,1,1,1,1
FREP-262092-G,1,1,1,1,1,1
FREP-262117-J,1,1,1,1,1,1
FREP-262129-J,1,1,1,1,1,1
FREP-262129-Z,1,1,1,1,1,1
FREP-262140-Z,1,1,1,1,1,1
FREP-262144-G,1,1,1,1,1,1
FREP-262145-Z,1,1,1,1,1,1
FREP-262147-Z,1,1,1,1,1,1
FREP-262191-J,1,1,1,1,1,1
FREP-262196-G,1,1,1,1,1,1
FREP-262200-G,1,1,1,1,1,1
FREP-262209-Z,1,1,1,1,1,1
FREP-262214-J,1,1,1,1,1,1
FREP-262225-Z,1,1,1,1,1,1
FREP-262239-Z,1,1,1,1,1,1
FREP-262240-Z,1,1,1,1,1,1
FREP-262244-Z,1,1,1,1,1,1
FREP-262257-J,1,1,1,1,1,1
FREP-262267-J,1,1,1,1,1,1
FREP-262268-J,1,1,1,1,1,1
FREP-262275-Z,1,1,1,1,1,1
FREP-262277-Z,1,1,1,1,1,1
FREP-262283-G,1,1,1,1,1,1
FREP-262289-Z,1,1,1,1,1,1
FREP-262319-J,1,1,1,1,1,1
FREP-262323-J,1,1,1,1,1,1
FREP-262325-J,1,1,1,1,1,1
FREP-262327-G,1,1,1,1,1,1
FREP-262330-J,1,1,1,1,1,1
FREP-262336-J,1,1,1,1,1,1
FREP-262350-Z,1,1,1,1,1,1
FREP-262351-G,1,1,1,1,1,1
FREP-262352-Z,1,1,1,1,1,1
FREP-262378-J,1,1,1,1,1,1
FREP-262380-J,1,1,1,1,1,1
FREP-262391-G,1,1,1,1,1,1
FREP-262391-Z,1,1,1,1,1,1
FREP-262402-Z,1,1,1,1,1,1
FREP-262404-Z,1,1,1,1,1,1
FREP-262412-Z,1,1,1,1,1,1
FREP-262414-G,1,1,1,1,1,1
FREP-262416-Z,1,1,1,1,1,1
FREP-262417-G,1,1,1,1,1,1
FREP-262417-Z,1,1,1,1,1,1
FREP-262421-G,1,1,1,1,1,1
FREP-262421-J,1,1,1,1,1,1
FREP-262434-J,1,1,1,1,1,1
FREP-262442-Z,1,1,1,1,1,1
FREP-262447-J,1,1,1,1,1,1
FREP-262456-Z,1,1,1,1,1,1
FREP-262464-G,1,1,1,1,1,1
FREP-262464-Z,1,1,1,1,1,1
FREP-262480-Z,1,1,1,1,1,1
FREP-262502-Z,1,1,1,1,1,1
FREP-262509-J,1,1,1,1,1,1
FREP-262511-G,1,1,1,1,1,1
FREP-262516-Z,1,1,1,1,1,1
FREP-262536-Z,1,1,1,1,1,1
FREP-262537-J,1,1,1,1,1,1
FREP-262538-Z,1,1,1,1,1,1
FREP-262539-J,1,1,1,1,1,1
FREP-262542-Z,1,1,1,1,1,1
FREP-262543-G,1,1,1,1,1,1
FREP-262545-G,1,1,1,1,1,1
FREP-262556-G,1,1,1,1,1,1
FREP-262600-J,1,1,1,1,1,1
FREP-262603-G,1,1,1,1,1,1
FREP-262608-G,1,1,1,1,1,1
FREP-262612-G,1,1,1,1,1,1
FREP-262613-J,1,1,1,1,1,1
FREP-262619-G,1,1,1,1,1,1
FREP-262621-G,1,1,1,1,1,1
FREP-262622-G,1,1,1,1,1,1
FREP-262625-J,1,1,1,1,1,1
FREP-262636-G,1,1,1,1,1,1
FREP-262640-G,1,1,1,1,1,1
FREP-262648-G,1,1,1,1,1,1
FREP-262661-G,1,1,1,1,1,1
FREP-262679-Z,1,1,1,1,1,1
FREP-262682-Z,1,1,1,1,1,1
FREP-262689-Z,1,1,1,1,1,1
FREP-262698-G,1,1,1,1,1,1
FREP-262700-Z,1,1,1,1,1,1
FREP-262702-Z,1,1,1,1,1,1
FREP-262705-Z,1,1,1,1,1,1
FREP-262715-Z,1,1,1,1,1,1
FREP-262757-G,1,1,1,1,1,1
FREP-262762-J,1,1,1,1,1,1
FREP-262763-G,1,1,1,1,1,1
FREP-262772-G,1,1,1,1,1,1
FREP-262774-Z,1,1,1,1,1,1
FREP-262776-J,1,1,1,1,1,1
FREP-262790-G,1,1,1,1,1,1
FREP-262810-G,1,1,1,1,1,1
FREP-262816-G,1,1,1,1,1,1
FREP-262819-Z,1,1,1,1,1,1
FREP-262825-G,1,1,1,1,1,1
FREP-262832-G,1,1,1,1,1,1
FREP-262841-G,1,1,1,1,1,1
FREP-262841-Z,1,1,1,1,1,1
FREP-262856-Z,1,1,1,1,1,1
FREP-262857-G,1,1,1,1,1,1
FREP-262857-Z,1,1,1,1,1,1
FREP-262861-Z,1,1,1,1,1,1
FREP-262862-J,1,1,1,1,1,1
FREP-262867-Z,1,1,1,1,1,1
FREP-262872-J,1,1,1,1,1,1
FREP-262882-G,1,1,1,1,1,1
FREP-262884-Z,1,1,1,1,1,1
FREP-262903-J,1,1,1,1,1,1
FREP-262916-Z,1,1,1,1,1,1
FREP-262920-Z,1,1,1,1,1,1
FREP-262936-Z,1,1,1,1,1,1
FREP-262937-G,1,1,1,1,1,1
FREP-262944-G,1,1,1,1,1,1
FREP-262945-Z,1,1,1,1,1,1
FREP-262946-Z,1,1,1,1,1,1
FREP-262947-Z,1,1,1,1,1,1
FREP-262950-J,1,1,1,1,1,1
FREP-262953-G,1,1,1,1,1,1
FREP-262964-Z,1,1,1,1,1,1
FREP-262966-J,1,1,1,1,1,1
FREP-262970-Z,1,1,1,1,1,1
FREP-262974-Z,1,1,1,1,1,1
FREP-262978-Z,1,1,1,1,1,1
FREP-262986-G,1,1,1,1,1,1
FREP-262990-Z,1,1,1,1,1,1
FREP-263004-Z,1,1,1,1,1,1
FREP-263005-Z,1,1,1,1,1,1
FREP-263007-G,1,1,1,1,1,1
FREP-263025-G,1,1,1,1,1,1
FREP-263031-Z,1,1,1,1,1,1
FREP-263034-G,1,1,1,1,1,1
FREP-263049-Z,1,1,1,1,1,1
FREP-263060-Z,1,1,1,1,1,1
FREP-263065-G,1,1,1,1,1,1
FREP-263090-G,1,1,1,1,1,1
FREP-263090-Z,1,1,1,1,1,1
FREP-263105-G,1,1,1,1,1,1
FREP-263137-J,1,1,1,1,1,1
FREP-263145-G,1,1,1,1,1,1
FREP-263152-Z,1,1,1,1,1,1
FREP-263163-G,1,1,1,1,1,1
FREP-263173-G,1,1,1,1,1,1
FREP-263174-J,1,1,1,1,1,1
FREP-263207-Z,1,1,1,1,1,1
FREP-263211-Z,1,1,1,1,1,1
FREP-263246-J,1,1,1,1,1,1
FREP-263259-J,1,1,1,1,1,1
FREP-263263-Z,1,1,1,1,1,1
FREP-263268-J,1,1,1,1,1,1
FREP-263273-G,1,1,1,1,1,1
FREP-263282-Z,1,1,1,1,1,1
FREP-263289-Z,1,1,1,1,1,1
FREP-263291-Z,1,1,1,1,1,1
FREP-263298-J,1,1,1,1,1,1
FREP-263302-Z,1,1,1,1,1,1
FREP-263306-J,1,1,1,1,1,1
FREP-263306-Z,1,1,1,1,1,1
FREP-263312-G,1,1,1,1,1,1
FREP-263314-G,1,1,1,1,1,1
FREP-263316-G,1,1,1,1,1,1
FREP-263323-G,1,1,1,1,1,1
FREP-263323-Z,1,1,1,1,1,1
FREP-263340-J,1,1,1,1,1,1
FREP-263344-G,1,1,1,1,1,1
FREP-263348-Z,1,1,1,1,1,1
FREP-263355-G,1,1,1,1,1,1
FREP-263361-Z,1,1,1,1,1,1
FREP-263368-Z,1,1,1,1,1,1
FREP-263371-G,1,1,1,1,1,1
FREP-263374-Z,1,1,1,1,1,1
FREP-263380-G,1,1,1,1,1,1
FREP-263415-Z,1,1,1,1,1,1
FREP-263429-Z,1,1,1,1,1,1
FREP-263443-J,1,1,1,1,1,1
FREP-263445-J,1,1,1,1,1,1
FREP-263464-Z,1,1,1,1,1,1
FREP-263468-J,1,1,1,1,1,1
FREP-263482-Z,1,1,1,1,1,1
FREP-263513-G,1,1,1,1,1,1
FREP-263526-G,1,1,1,1,1,1
FREP-263536-Z,1,1,1,1,1,1
FREP-263537-Z,1,1,1,1,1,1
FREP-263538-J,1,1,1,1,1,1
FREP-263538-Z,1,1,1,1,1,1
FREP-263542-Z,1,1,1,1,1,1
FREP-263548-Z,1,1,1,1,1,1
FREP-263558-J,1,1,1,1,1,1
FREP-263562-J,1,1,1,1,1,1
FREP-263601-J,1,1,1,1,1,1
FREP-263614-G,1,1,1,1,1,1
FREP-263618-J,1,1,1,1,1,1
FREP-263638-G,1,1,1,1,1,1
FREP-263639-G,1,1,1,1,1,1
FREP-263642-G,1,1,1,1,1,1
FREP-263647-G,1,1,1,1,1,1
FREP-263647-Z,1,1,1,1,1,1
FREP-263651-Z,1,1,1,1,1,1
FREP-263664-G,1,1,1,1,1,1
FREP-263674-Z,1,1,1,1,1,1
FREP-263675-G,1,1,1,1,1,1
FREP-263680-J,1,1,1,1,1,1
FREP-263699-Z,1,1,1,1,1,1
FREP-263700-Z,1,1,1,1,1,1
FREP-263708-G,1,1,1,1,1,1
FREP-263711-Z,1,1,1,1,1,1
FREP-263718-J,1,1,1,1,1,1
FREP-263721-J,1,1,1,1,1,1
FREP-263725-J,1,1,1,1,1,1
FREP-263730-J,1,1,1,1,1,1
FREP-263745-G,1,1,1,1,1,1
FREP-263748-G,1,1,1,1,1,1
FREP-263751-G,1,1,1,1,1,1
FREP-263753-G,1,1,1,1,1,1
FREP-263756-G,1,1,1,1,1,1
FREP-263757-G,1,1,1,1,1,1
FREP-263763-G,1,1,1,1,1,1
FREP-263769-J,1,1,1,1,1,1
FREP-263779-Z,1,1,1,1,1,1
FREP-263780-J,1,1,1,1,1,1
FREP-263781-J,1,1,1,1,1,1
FREP-263784-J,1,1,1,1,1,1
FREP-263786-G,1,1,1,1,1,1
FREP-263800-J,1,1,1,1,1,1
FREP-263834-J,1,1,1,1,1,1
FREP-263848-J,1,1,1,1,1,1
FREP-263850-J,1,1,1,1,1,1
FREP-263860-G,1,1,1,1,1,1
FREP-263863-G,1,1,1,1,1,1
FREP-263870-G,1,1,1,1,1,1
FREP-263875-G,1,1,1,1,1,1
FREP-263876-J,1,1,1,1,1,1
FREP-263878-G,1,1,1,1,1,1
FREP-263879-G,1,1,1,1,1,1
FREP-263885-G,1,1,1,1,1,1
FREP-263892-Z,1,1,1,1,1,1
FREP-263896-Z,1,1,1,1,1,1
FREP-263899-J,1,1,1,1,1,1
FREP-263907-Z,1,1,1,1,1,1
FREP-263933-G,1,1,1,1,1,1
FREP-263938-J,1,1,1,1,1,1
FREP-263957-G,1,1,1,1,1,1
FREP-263960-J,1,1,1,1,1,1
FREP-263991-J,1,1,1,1,1,1
FREP-263993-J,1,1,1,1,1,1
FREP-263995-G,1,1,1,1,1,1
FREP-264003-G,1,1,1,1,1,1
FREP-264010-G,1,1,1,1,1,1
FREP-264045-Z,1,1,1,1,1,1
FREP-264047-Z,1,1,1,1,1,1
FREP-264048-J,1,1,1,1,1,1
FREP-264054-G,1,1,1,1,1,1
FREP-264054-J,1,1,1,1,1,1
FREP-264060-J,1,1,1,1,1,1
FREP-264067-G,1,1,1,1,1,1
FREP-264071-Z,1,1,1,1,1,1
FREP-264073-J,1,1,1,1,1,1
FREP-264077-Z,1,1,1,1,1,1
FREP-264087-G,1,1,1,1,1,1
FREP-264097-G,1,1,1,1,1,1
FREP-264097-Z,1,1,1,1,1,1
FREP-264108-G,1,1,1,1,1,1
FREP-264116-Z,1,1,1,1,1,1
FREP-264130-J,1,1,1,1,1,1
FREP-264154-J,1,1,1,1,1,1
FREP-264157-G,1,1,1,1,1,1
FREP-264157-Z,1,1,1,1,1,1
FREP-264162-J,1,1,1,1,1,1
FREP-264164-Z,1,1,1,1,1,1
FREP-264182-Z,1,1,1,1,1,1
FREP-264187-Z,1,1,1,1,1,1
FREP-264195-Z,1,1,1,1,1,1
FREP-264204-Z,1,1,1,1,1,1
FREP-264205-Z,1,1,1,1,1,1
FREP-264208-Z,1,1,1,1,1,1
FREP-264212-Z,1,1,1,1,1,1
FREP-264236-J,1,1,1,1,1,1
FREP-264238-J,1,1,1,1,1,1
FREP-264246-J,1,1,1,1,1,1
FREP-264251-G,1,1,1,1,1,1
FREP-264254-G,1,1,1,1,1,1
FREP-264273-Z,1,1,1,1,1,1
FREP-264278-Z,1,1,1,1,1,1
FREP-264285-J,1,1,1,1,1,1
FREP-264293-Z,1,1,1,1,1,1
FREP-264297-G,1,1,1,1,1,1
FREP-264331-Z,1,1,1,1,1,1
FREP-264343-J,1,1,1,1,1,1
FREP-264347-Z,1,1,1,1,1,1
FREP-264374-G,1,1,1,1,1,1
FREP-264381-G,1,1,1,1,1,1
FREP-264381-J,1,1,1,1,1,1
FREP-264385-Z,1,1,1,1,1,1
FREP-264389-Z,1,1,1,1,1,1
FREP-264392-J,1,1,1,1,1,1
FREP-264413-G,1,1,1,1,1,1
FREP-264413-J,1,1,1,1,1,1
FREP-264428-G,1,1,1,1,1,1
FREP-264433-Z,1,1,1,1,1,1
FREP-264454-J,1,1,1,1,1,1
FREP-264455-G,1,1,1,1,1,1
FREP-264456-J,1,1,1,1,1,1
FREP-264464-J,1,1,1,1,1,1
FREP-264505-G,1,1,1,1,1,1
FREP-264506-J,1,1,1,1,1,1
FREP-264509-G,1,1,1,1,1,1
FREP-264514-G,1,1,1,1,1,1
FREP-264541-J,1,1,1,1,1,1
FREP-264576-Z,1,1,1,1,1,1
FREP-264592-J,1,1,1,1,1,1
FREP-264601-Z,1,1,1,1,1,1
FREP-264604-J,1,1,1,1,1,1
FREP-264610-J,1,1,1,1,1,1
FREP-264619-J,1,1,1,1,1,1
FREP-264619-Z,1,1,1,1,1,1
FREP-264630-G,1,1,1,1,1,1
FREP-264634-G,1,1,1,1,1,1
FREP-264647-G,1,1,1,1,1,1
FREP-264649-J,1,1,1,1,1,1
FREP-264649-Z,1,1,1,1,1,1
FREP-264650-G,1,1,1,1,1,1
FREP-264653-G,1,1,1,1,1,1
FREP-264657-Z,1,1,1,1,1,1
FREP-264703-Z,1,1,1,1,1,1
FREP-264716-J,1,1,1,1,1,1
FREP-264753-G,1,1,1,1,1,1
FREP-264758-G,1,1,1,1,1,1
FREP-264766-G,1,1,1,1,1,1
FREP-264769-J,1,1,1,1,1,1
FREP-264771-G,1,1,1,1,1,1
FREP-264771-Z,1,1,1,1,1,1
FREP-264775-J,1,1,1,1,1,1
FREP-264776-G,1,1,1,1,1,1
FREP-264776-J,1,1,1,1,1,1
FREP-264778-G,1,1,1,1,1,1
FREP-264795-J,1,1,1,1,1,1
FREP-264796-G,1,1,1,1,1,1
FREP-264800-J,1,1,1,1,1,1
FREP-264807-J,1,1,1,1,1,1
FREP-264827-G,1,1,1,1,1,1
FREP-264841-G,1,1,1,1,1,1
FREP-264865-Z,1,1,1,1,1,1
FREP-264874-J,1,1,1,1,1,1
FREP-264883-G,1,1,1,1,1,1
FREP-264884-G,1,1,1,1,1,1
FREP-264886-Z,1,1,1,1,1,1
FREP-264890-G,1,1,1,1,1,1
FREP-264892-G,1,1,1,1,1,1
FREP-264894-Z,1,1,1,1,1,1
FREP-264899-G,1,1,1,1,1,1
FREP-264900-J,1,1,1,1,1,1
FREP-264921-J,1,1,1,1,1,1
FREP-264929-G,1,1,1,1,1,1
FREP-264939-G,1,1,1,1,1,1
FREP-264940-J,1,1,1,1,1,1
FREP-264942-Z,1,1,1,1,1,1
FREP-264943-J,1,1,1,1,1,1
FREP-264946-J,1,1,1,1,1,1
FREP-264979-Z,1,1,1,1,1,1
FREP-264981-G,1,1,1,1,1,1
FREP-264981-J,1,1,1,1,1,1
FREP-265001-Z,1,1,1,1,1,1
FREP-265004-Z,1,1,1,1,1,1
FREP-265005-Z,1,1,1,1,1,1
FREP-265014-J,1,1,1,1,1,1
FREP-265022-Z,1,1,1,1,1,1
FREP-265027-Z,1,1,1,1,1,1
FREP-265029-Z,1,1,1,1,1,1
FREP-265037-G,1,1,1,1,1,1
FREP-265046-Z,1,1,1,1,1,1
FREP-265050-Z,1,1,1,1,1,1
FREP-265055-G,1,1,1,1,1,1
FREP-265077-J,1,1,1,1,1,1
FREP-265084-Z,1,1,1,1,1,1
FREP-265105-G,1,1,1,1,1,1
FREP-265109-J,1,1,1,1,1,1
FREP-265112-G,1,1,1,1,1,1
FREP-265121-Z,1,1,1,1,1,1
FREP-265125-G,1,1,1,1,1,1
FREP-265127-G,1,1,1,1,1,1
FREP-265127-Z,1,1,1,1,1,1
FREP-265128-Z,1,1,1,1,1,1
FREP-265136-Z,1,1,1,1,1,1
FREP-265145-G,1,1,1,1,1,1
FREP-265150-J,1,1,1,1,1,1
FREP-265153-Z,1,1,1,1,1,1
FREP-265156-G,1,1,1,1,1,1
FREP-265160-G,1,1,1,1,1,1
FREP-265160-Z,1,1,1,1,1,1
FREP-265161-J,1,1,1,1,1,1
FREP-265162-G,1,1,1,1,1,1
FREP-265163-G,1,1,1,1,1,1
FREP-265166-G,1,1,1,1,1,1
FREP-265167-G,1,1,1,1,1,1
FREP-265193-G,1,1,1,1,1,1
FREP-265200-Z,1,1,1,1,1,1
FREP-265202-Z,1,1,1,1,1,1
FREP-265210-J,1,1,1,1,1,1
FREP-265212-J,1,1,1,1,1,1
FREP-265233-J,1,1,1,1,1,1
FREP-265253-Z,1,1,1,1,1,1
FREP-265272-J,1,1,1,1,1,1
FREP-265278-G,1,1,1,1,1,1
FREP-265282-J,1,1,1,1,1,1
FREP-265286-J,1,1,1,1,1,1
FREP-265287-J,1,1,1,1,1,1
FREP-265288-G,1,1,1,1,1,1
FREP-265295-J,1,1,1,1,1,1
FREP-265306-J,1,1,1,1,1,1
FREP-265319-J,1,1,1,1,1,1
FREP-265328-J,1,1,1,1,1,1
FREP-265355-J,1,1,1,1,1,1
FREP-265356-G,1,1,1,1,1,1
FREP-265362-Z,1,1,1,1,1,1
FREP-265364-Z,1,1,1,1,1,1
FREP-265369-Z,1,1,1,1,1,1
FREP-265374-G,1,1,1,1,1,1
FREP-265374-Z,1,1,1,1,1,1
FREP-265378-G,1,1,1,1,1,1
FREP-265379-J,1,1,1,1,1,1
FREP-265387-Z,1,1,1,1,1,1
FREP-265392-G,1,1,1,1,1,1
FREP-265397-J,1,1,1,1,1,1
FREP-265398-Z,1,1,1,1,1,1
FREP-265406-Z,1,1,1,1,1,1
FREP-265409-G,1,1,1,1,1,1
FREP-265415-J,1,1,1,1,1,1
FREP-265433-G,1,1,1,1,1,1
FREP-265439-Z,1,1,1,1,1,1
FREP-265448-G,1,1,1,1,1,1
FREP-265448-Z,1,1,1,1,1,1
FREP-265461-J,1,1,1,1,1,1
FREP-265464-Z,1,1,1,1,1,1
FREP-265465-J,1,1,1,1,1,1
FREP-265489-G,1,1,1,1,1,1
FREP-265493-J,1,1,1,1,1,1
FREP-265497-G,1,1,1,1,1,1
FREP-265500-G,1,1,1,1,1,1
FREP-265503-G,1,1,1,1,1,1
FREP-265510-J,1,1,1,1,1,1
FREP-265512-G,1,1,1,1,1,1
FREP-265513-G,1,1,1,1,1,1
FREP-265518-G,1,1,1,1,1,1
FREP-265519-Z,1,1,1,1,1,1
FREP-265532-Z,1,1,1,1,1,1
FREP-265552-Z,1,1,1,1,1,1
FREP-265554-Z,1,1,1,1,1,1
FREP-265555-G,1,1,1,1,1,1
FREP-265555-J,1,1,1,1,1,1
FREP-265558-J,1,1,1,1,1,1
FREP-265559-J,1,1,1,1,1,1
FREP-265560-G,1,1,1,1,1,1
FREP-265563-G,1,1,1,1,1,1
FREP-265566-Z,1,1,1,1,1,1
FREP-265567-Z,1,1,1,1,1,1
FREP-265568-G,1,1,1,1,1,1
FREP-265569-Z,1,1,1,1,1,1
FREP-265571-Z,1,1,1,1,1,1
FREP-265573-G,1,1,1,1,1,1
FREP-265574-G,1,1,1,1,1,1
FREP-265577-Z,1,1,1,1,1,1
FREP-265579-J,1,1,1,1,1,1
FREP-265583-G,1,1,1,1,1,1
FREP-265584-Z,1,1,1,1,1,1
FREP-265591-Z,1,1,1,1,1,1
FREP-265598-Z,1,1,1,1,1,1
FREP-265603-Z,1,1,1,1,1,1
FREP-265604-Z,1,1,1,1,1,1
FREP-265607-Z,1,1,1,1,1,1
FREP-265613-Z,1,1,1,1,1,1
FREP-265624-J,1,1,1,1,1,1
FREP-265628-G,1,1,1,1,1,1
FREP-265632-G,1,1,1,1,1,1
FREP-265633-G,1,1,1,1,1,1
FREP-265652-J,1,1,1,1,1,1
FREP-265654-J,1,1,1,1,1,1
FREP-265661-J,1,1,1,1,1,1
FREP-265678-J,1,1,1,1,1,1
FREP-265692-Z,1,1,1,1,1,1
FREP-265713-Z,1,1,1,1,1,1
FREP-265729-J,1,1,1,1,1,1
FREP-265732-G,1,1,1,1,1,1
FREP-265739-G,1,1,1,1,1,1
FREP-265741-J,1,1,1,1,1,1
FREP-265744-J,1,1,1,1,1,1
FREP-265750-G,1,1,1,1,1,1
FREP-265751-G,1,1,1,1,1,1
FREP-265756-J,1,1,1,1,1,1
FREP-265762-G,1,1,1,1,1,1
FREP-265770-Z,1,1,1,1,1,1
FREP-265783-J,1,1,1,1,1,1
FREP-265787-Z,1,1,1,1,1,1
FREP-265797-J,1,1,1,1,1,1
FREP-265800-Z,1,1,1,1,1,1
FREP-265802-Z,1,1,1,1,1,1
FREP-265805-J,1,1,1,1,1,1
FREP-265805-Z,1,1,1,1,1,1
FREP-265806-J,1,1,1,1,1,1
FREP-265808-G,1,1,1,1,1,1
FREP-265809-J,1,1,1,1,1,1
FREP-265810-Z,1,1,1,1,1,1
FREP-265811-J,1,1,1,1,1,1
FREP-265812-Z,1,1,1,1,1,1
FREP-265816-G,1,1,1,1,1,1
FREP-265819-Z,1,1,1,1,1,1
FREP-265824-Z,1,1,1,1,1,1
FREP-265828-Z,1,1,1,1,1,1
FREP-265830-G,1,1,1,1,1,1
FREP-265831-J,1,1,1,1,1,1
FREP-265832-J,1,1,1,1,1,1
FREP-265835-Z,1,1,1,1,1,1
FREP-265859-J,1,1,1,1,1,1
FREP-265861-Z,1,1,1,1,1,1
FREP-265863-G,1,1,1,1,1,1
FREP-265866-G,1,1,1,1,1,1
FREP-265868-Z,1,1,1,1,1,1
FREP-265872-G,1,1,1,1,1,1
FREP-265875-J,1,1,1,1,1,1
FREP-265876-J,1,1,1,1,1,1
FREP-265887-J,1,1,1,1,1,1
FREP-265904-G,1,1,1,1,1,1
FREP-265916-J,1,1,1,1,1,1
FREP-265918-J,1,1,1,1,1,1
FREP-265920-J,1,1,1,1,1,1
FREP-265922-J,1,1,1,1,1,1
FREP-265935-J,1,1,1,1,1,1
FREP-265938-Z,1,1,1,1,1,1
FREP-265950-G,1,1,1,1,1,1
FREP-265956-G,1,1,1,1,1,1
FREP-265964-G,1,1,1,1,1,1
FREP-265965-J,1,1,1,1,1,1
FREP-265966-G,1,1,1,1,1,1
FREP-265970-Z,1,1,1,1,1,1
FREP-265971-J,1,1,1,1,1,1
FREP-265973-Z,1,1,1,1,1,1
FREP-265984-J,1,1,1,1,1,1
FREP-266015-J,1,1,1,1,1,1
FREP-266016-Z,1,1,1,1,1,1
FREP-266019-J,1,1,1,1,1,1
FREP-266026-J,1,1,1,1,1,1
FREP-266031-J,1,1,1,1,1,1
FREP-266034-J,1,1,1,1,1,1
FREP-266036-G,1,1,1,1,1,1
FREP-266052-J,1,1,1,1,1,1
FREP-266055-G,1,1,1,1,1,1
FREP-266057-G,1,1,1,1,1,1
FREP-266057-Z,1,1,1,1,1,1
FREP-266059-J,1,1,1,1,1,1
FREP-266061-G,1,1,1,1,1,1
FREP-266063-Z,1,1,1,1,1,1
FREP-266076-Z,1,1,1,1,1,1
FREP-266087-Z,1,1,1,1,1,1
FREP-266092-Z,1,1,1,1,1,1
FREP-266096-Z,1,1,1,1,1,1
FREP-266104-G,1,1,1,1,1,1
FREP-266109-G,1,1,1,1,1,1
FREP-266109-J,1,1,1,1,1,1
FREP-266114-G,1,1,1,1,1,1
FREP-266145-Z,1,1,1,1,1,1
FREP-266158-J,1,1,1,1,1,1
FREP-266167-Z,1,1,1,1,1,1
FREP-266185-Z,1,1,1,1,1,1
FREP-266190-J,1,1,1,1,1,1
FREP-266195-G,1,1,1,1,1,1
FREP-266196-J,1,1,1,1,1,1
FREP-266202-J,1,1,1,1,1,1
FREP-266207-G,1,1,1,1,1,1
FREP-266210-G,1,1,1,1,1,1
FREP-266213-G,1,1,1,1,1,1
FREP-266215-J,1,1,1,1,1,1
FREP-266216-G,1,1,1,1,1,1
FREP-266220-Z,1,1,1,1,1,1
FREP-266242-Z,1,1,1,1,1,1
FREP-266252-J,1,1,1,1,1,1
FREP-266253-Z,1,1,1,1,1,1
FREP-266257-Z,1,1,1,1,1,1
FREP-266258-J,1,1,1,1,1,1
FREP-266258-Z,1,1,1,1,1,1
FREP-266261-J,1,1,1,1,1,1
FREP-266270-G,1,1,1,1,1,1
FREP-266280-Z,1,1,1,1,1,1
FREP-266281-Z,1,1,1,1,1,1
FREP-266283-G,1,1,1,1,1,1
FREP-266285-Z,1,1,1,1,1,1
FREP-266291-Z,1,1,1,1,1,1
FREP-266294-G,1,1,1,1,1,1
FREP-266295-G,1,1,1,1,1,1
FREP-266306-J,1,1,1,1,1,1
FREP-266308-J,1,1,1,1,1,1
FREP-266325-J,1,1,1,1,1,1
FREP-266328-J,1,1,1,1,1,1
FREP-266340-J,1,1,1,1,1,1
FREP-266341-J,1,1,1,1,1,1
FREP-266342-G,1,1,1,1,1,1
FREP-266348-Z,1,1,1,1,1,1
FREP-266350-J,1,1,1,1,1,1
FREP-266361-J,1,1,1,1,1,1
FREP-266371-J,1,1,1,1,1,1
FREP-266376-Z,1,1,1,1,1,1
FREP-266387-J,1,1,1,1,1,1
FREP-266388-Z,1,1,1,1,1,1
FREP-266390-J,1,1,1,1,1,1
FREP-266393-Z,1,1,1,1,1,1
FREP-266394-G,1,1,1,1,1,1
FREP-266397-G,1,1,1,1,1,1
FREP-266397-Z,1,1,1,1,1,1
FREP-266402-G,1,1,1,1,1,1
FREP-266403-J,1,1,1,1,1,1
FREP-266405-G,1,1,1,1,1,1
FREP-266408-Z,1,1,1,1,1,1
FREP-266409-G,1,1,1,1,1,1
FREP-266415-Z,1,1,1,1,1,1
FREP-266420-Z,1,1,1,1,1,1
FREP-266424-J,1,1,1,1,1,1
FREP-266428-Z,1,1,1,1,1,1
FREP-266429-J,1,1,1,1,1,1
FREP-266431-Z,1,1,1,1,1,1
FREP-266439-J,1,1,1,1,1,1
FREP-266440-J,1,1,1,1,1,1
FREP-266461-J,1,1,1,1,1,1
FREP-266465-Z,1,1,1,1,1,1
FREP-266468-Z,1,1,1,1,1,1
FREP-266471-Z,1,1,1,1,1,1
FREP-266484-J,1,1,1,1,1,1
FREP-266492-J,1,1,1,1,1,1
FREP-266495-J,1,1,1,1,1,1
FREP-266499-G,1,1,1,1,1,1
FREP-266508-G,1,1,1,1,1,1
FREP-266513-G,1,1,1,1,1,1
FREP-266515-G,1,1,1,1,1,1
FREP-266523-G,1,1,1,1,1,1
FREP-266531-J,1,1,1,1,1,1
FREP-266542-J,1,1,1,1,1,1
FREP-266544-G,1,1,1,1,1,1
FREP-266547-G,1,1,1,1,1,1
FREP-266566-J,1,1,1,1,1,1
FREP-266597-G,1,1,1,1,1,1
FREP-266605-J,1,1,1,1,1,1
FREP-266608-Z,1,1,1,1,1,1
FREP-266616-G,1,1,1,1,1,1
FREP-266619-Z,1,1,1,1,1,1
FREP-266621-J,1,1,1,1,1,1
FREP-266624-Z,1,1,1,1,1,1
FREP-266634-J,1,1,1,1,1,1
FREP-266635-G,1,1,1,1,1,1
FREP-266635-J,1,1,1,1,1,1
FREP-266636-G,1,1,1,1,1,1
FREP-266637-G,1,1,1,1,1,1
FREP-266643-G,1,1,1,1,1,1
FREP-266651-G,1,1,1,1,1,1
FREP-266655-J,1,1,1,1,1,1
FREP-266661-J,1,1,1,1,1,1
FREP-266675-G,1,1,1,1,1,1
FREP-266675-Z,1,1,1,1,1,1
FREP-266677-G,1,1,1,1,1,1
FREP-266692-G,1,1,1,1,1,1
FREP-266705-G,1,1,1,1,1,1
FREP-266732-G,1,1,1,1,1,1
FREP-266749-J,1,1,1,1,1,1
FREP-266775-J,1,1,1,1,1,1
FREP-266776-Z,1,1,1,1,1,1
FREP-266779-J,1,1,1,1,1,1
FREP-266789-J,1,1,1,1,1,1
FREP-266791-Z,1,1,1,1,1,1
FREP-266792-J,1,1,1,1,1,1
FREP-266798-Z,1,1,1,1,1,1
FREP-266799-Z,1,1,1,1,1,1
FREP-266801-J,1,1,1,1,1,1
FREP-266810-Z,1,1,1,1,1,1
FREP-266831-G,1,1,1,1,1,1
FREP-266840-G,1,1,1,1,1,1
FREP-266845-G,1,1,1,1,1,1
FREP-266856-Z,1,1,1,1,1,1
FREP-266858-G,1,1,1,1,1,1
FREP-266864-G,1,1,1,1,1,1
FREP-266868-G,1,1,1,1,1,1
FREP-266876-G,1,1,1,1,1,1
FREP-266878-G,1,1,1,1,1,1
FREP-266898-G,1,1,1,1,1,1
FREP-266899-J,1,1,1,1,1,1
FREP-266908-G,1,1,1,1,1,1
FREP-266910-G,1,1,1,1,1,1
FREP-266912-Z,1,1,1,1,1,1
FREP-266923-G,1,1,1,1,1,1
FREP-266926-G,1,1,1,1,1,1
FREP-266931-Z,1,1,1,1,1,1
FREP-266933-G,1,1,1,1,1,1
FREP-266934-G,1,1,1,1,1,1
FREP-266939-G,1,1,1,1,1,1
FREP-266944-G,1,1,1,1,1,1
FREP-266945-G,1,1,1,1,1,1
FREP-266946-G,1,1,1,1,1,1
FREP-266950-J,1,1,1,1,1,1
FREP-266959-Z,1,1,1,1,1,1
FREP-266960-G,1,1,1,1,1,1
FREP-266962-G,1,1,1,1,1,1
FREP-266964-G,1,1,1,1,1,1
FREP-266970-G,1,1,1,1,1,1
FREP-266971-G,1,1,1,1,1,1
FREP-266974-J,1,1,1,1,1,1
FREP-266977-G,1,1,1,1,1,1
FREP-266978-J,1,1,1,1,1,1
FREP-266979-G,1,1,1,1,1,1
FREP-266984-G,1,1,1,1,1,1
FREP-266984-J,1,1,1,1,1,1
FREP-266985-G,1,1,1,1,1,1
FREP-266986-G,1,1,1,1,1,1
FREP-266986-J,1,1,1,1,1,1
FREP-266988-Z,1,1,1,1,1,1
FREP-266993-G,1,1,1,1,1,1
FREP-266993-J,1,1,1,1,1,1
FREP-266995-G,1,1,1,1,1,1
FREP-266999-J,1,1,1,1,1,1
FREP-267000-G,1,1,1,1,1,1
FREP-267000-Z,1,1,1,1,1,1
FREP-267002-G,1,1,1,1,1,1
FREP-267003-G,1,1,1,1,1,1
FREP-267006-G,1,1,1,1,1,1
FREP-267007-G,1,1,1,1,1,1
FREP-267015-J,1,1,1,1,1,1
FREP-267018-J,1,1,1,1,1,1
FREP-267031-G,1,1,1,1,1,1
FREP-267032-G,1,1,1,1,1,1
FREP-267033-G,1,1,1,1,1,1
FREP-267043-G,1,1,1,1,1,1
FREP-267047-G,1,1,1,1,1,1
FREP-267048-G,1,1,1,1,1,1
FREP-267049-G,1,1,1,1,1,1
FREP-267051-G,1,1,1,1,1,1
FREP-267055-G,1,1,1,1,1,1
FREP-267058-G,1,1,1,1,1,1
FREP-267060-G,1,1,1,1,1,1
FREP-267063-G,1,1,1,1,1,1
FREP-267064-G,1,1,1,1,1,1
FREP-267065-J,1,1,1,1,1,1
FREP-267070-G,1,1,1,1,1,1
FREP-267071-G,1,1,1,1,1,1
FREP-267072-G,1,1,1,1,1,1
FREP-267074-G,1,1,1,1,1,1
FREP-267079-G,1,1,1,1,1,1
FREP-267080-G,1,1,1,1,1,1
FREP-267082-G,1,1,1,1,1,1
FREP-267083-G,1,1,1,1,1,1
FREP-267083-J,1,1,1,1,1,1
FREP-267085-J,1,1,1,1,1,1
FREP-267089-G,1,1,1,1,1,1
FREP-267090-G,1,1,1,1,1,1
FREP-267091-G,1,1,1,1,1,1
FREP-267091-J,1,1,1,1,1,1
FREP-267092-G,1,1,1,1,1,1
FREP-267093-G,1,1,1,1,1,1
FREP-267093-J,1,1,1,1,1,1
FREP-267094-G,1,1,1,1,1,1
FREP-267094-J,1,1,1,1,1,1
FREP-267097-G,1,1,1,1,1,1
FREP-267099-G,1,1,1,1,1,1
FREP-267100-G,1,1,1,1,1,1
FREP-267102-G,1,1,1,1,1,1
FREP-267105-G,1,1,1,1,1,1
FREP-267105-Z,1,1,1,1,1,1
FREP-267106-J,1,1,1,1,1,1
FREP-267107-J,1,1,1,1,1,1
FREP-267108-J,1,1,1,1,1,1
FREP-267110-Z,1,1,1,1,1,1
FREP-267112-G,1,1,1,1,1,1
FREP-267117-G,1,1,1,1,1,1
FREP-267122-J,1,1,1,1,1,1
FREP-267129-Z,1,1,1,1,1,1
FREP-267132-G,1,1,1,1,1,1
FREP-267134-G,1,1,1,1,1,1
FREP-267142-G,1,1,1,1,1,1
FREP-267147-G,1,1,1,1,1,1
FREP-267150-G,1,1,1,1,1,1
FREP-267152-G,1,1,1,1,1,1
FREP-267154-G,1,1,1,1,1,1
FREP-267157-G,1,1,1,1,1,1
FREP-267161-G,1,1,1,1,1,1
FREP-267167-J,1,1,1,1,1,1
FREP-267168-G,1,1,1,1,1,1
FREP-267171-G,1,1,1,1,1,1
FREP-267173-G,1,1,1,1,1,1
FREP-267179-G,1,1,1,1,1,1
FREP-267181-G,1,1,1,1,1,1
FREP-267185-G,1,1,1,1,1,1
FREP-267193-G,1,1,1,1,1,1
FREP-267194-Z,1,1,1,1,1,1
FREP-267199-J,1,1,1,1,1,1
FREP-267200-G,1,1,1,1,1,1
FREP-267201-G,1,1,1,1,1,1
FREP-267204-G,1,1,1,1,1,1
FREP-267205-J,1,1,1,1,1,1
FREP-267206-G,1,1,1,1,1,1
FREP-267206-J,1,1,1,1,1,1
FREP-267207-G,1,1,1,1,1,1
FREP-267208-J,1,1,1,1,1,1
FREP-267213-G,1,1,1,1,1,1
FREP-267219-G,1,1,1,1,1,1
FREP-267220-G,1,1,1,1,1,1
FREP-267223-G,1,1,1,1,1,1
FREP-267227-G,1,1,1,1,1,1
FREP-267230-G,1,1,1,1,1,1
FREP-267232-G,1,1,1,1,1,1
FREP-267233-G,1,1,1,1,1,1
FREP-267236-G,1,1,1,1,1,1
FREP-267236-Z,1,1,1,1,1,1
FREP-267238-G,1,1,1,1,1,1
FREP-267239-G,1,1,1,1,1,1
FREP-267250-G,1,1,1,1,1,1
FREP-267250-J,1,1,1,1,1,1
FREP-267254-G,1,1,1,1,1,1
FREP-267257-G,1,1,1,1,1,1
FREP-267258-G,1,1,1,1,1,1
FREP-267263-G,1,1,1,1,1,1
FREP-267263-Z,1,1,1,1,1,1
FREP-267271-G,1,1,1,1,1,1
FREP-267275-G,1,1,1,1,1,1
FREP-267276-G,1,1,1,1,1,1
FREP-267277-G,1,1,1,1,1,1
FREP-267281-G,1,1,1,1,1,1
FREP-267283-J,1,1,1,1,1,1
FREP-267285-G,1,1,1,1,1,1
FREP-267289-G,1,1,1,1,1,1
FREP-267296-G,1,1,1,1,1,1
FREP-267300-G,1,1,1,1,1,1
FREP-267300-Z,1,1,1,1,1,1
FREP-267301-G,1,1,1,1,1,1
FREP-267303-G,1,1,1,1,1,1
FREP-267306-J,1,1,1,1,1,1
FREP-267310-Z,1,1,1,1,1,1
FREP-267311-G,1,1,1,1,1,1
FREP-267311-Z,1,1,1,1,1,1
FREP-267312-Z,1,1,1,1,1,1
FREP-267313-G,1,1,1,1,1,1
FREP-267315-Z,1,1,1,1,1,1
FREP-267317-G,1,1,1,1,1,1
FREP-267317-J,1,1,1,1,1,1
FREP-267323-G,1,1,1,1,1,1
FREP-267326-Z,1,1,1,1,1,1
FREP-267327-G,1,1,1,1,1,1
FREP-267328-G,1,1,1,1,1,1
FREP-267329-G,1,1,1,1,1,1
FREP-267331-G,1,1,1,1,1,1
FREP-267333-Z,1,1,1,1,1,1
FREP-267341-G,1,1,1,1,1,1
FREP-267342-J,1,1,1,1,1,1
FREP-267352-G,1,1,1,1,1,1
FREP-267353-G,1,1,1,1,1,1
FREP-267357-G,1,1,1,1,1,1
FREP-267359-G,1,1,1,1,1,1
FREP-267360-G,1,1,1,1,1,1
FREP-267363-G,1,1,1,1,1,1
FREP-267366-Z,1,1,1,1,1,1
FREP-267367-G,1,1,1,1,1,1
FREP-267370-G,1,1,1,1,1,1
FREP-267373-G,1,1,1,1,1,1
FREP-267374-G,1,1,1,1,1,1
FREP-267375-G,1,1,1,1,1,1
FREP-267380-G,1,1,1,1,1,1
FREP-267384-G,1,1,1,1,1,1
FREP-267390-G,1,1,1,1,1,1
FREP-267390-Z,1,1,1,1,1,1
FREP-267394-G,1,1,1,1,1,1
FREP-267397-G,1,1,1,1,1,1
FREP-267401-G,1,1,1,1,1,1
FREP-267403-J,1,1,1,1,1,1
FREP-267406-G,1,1,1,1,1,1
FREP-267410-Z,1,1,1,1,1,1
FREP-267411-Z,1,1,1,1,1,1
FREP-267412-Z,1,1,1,1,1,1
FREP-267413-J,1,1,1,1,1,1
FREP-267414-G,1,1,1,1,1,1
FREP-267414-Z,1,1,1,1,1,1
FREP-267415-Z,1,1,1,1,1,1
FREP-267417-Z,1,1,1,1,1,1
FREP-267421-Z,1,1,1,1,1,1
FREP-267423-G,1,1,1,1,1,1
FREP-267426-G,1,1,1,1,1,1
FREP-267427-Z,1,1,1,1,1,1
FREP-267429-G,1,1,1,1,1,1
FREP-267432-G,1,1,1,1,1,1
FREP-267434-Z,1,1,1,1,1,1
FREP-267437-Z,1,1,1,1,1,1
FREP-267438-G,1,1,1,1,1,1
FREP-267441-Z,1,1,1,1,1,1
FREP-267442-Z,1,1,1,1,1,1
FREP-267443-G,1,1,1,1,1,1
FREP-267447-Z,1,1,1,1,1,1
FREP-267452-Z,1,1,1,1,1,1
FREP-267454-Z,1,1,1,1,1,1
FREP-267455-Z,1,1,1,1,1,1
FREP-267468-J,1,1,1,1,1,1
FREP-267475-Z,1,1,1,1,1,1
FREP-267476-Z,1,1,1,1,1,1
FREP-267479-J,1,1,1,1,1,1
FREP-267487-Z,1,1,1,1,1,1
FREP-267488-G,1,1,1,1,1,1
FREP-267488-Z,1,1,1,1,1,1
FREP-267494-Z,1,1,1,1,1,1
FREP-267497-J,1,1,1,1,1,1
FREP-267499-G,1,1,1,1,1,1
FREP-267499-Z,1,1,1,1,1,1
FREP-267500-J,1,1,1,1,1,1
FREP-267500-Z,1,1,1,1,1,1
FREP-267505-G,1,1,1,1,1,1
FREP-267514-G,1,1,1,1,1,1
FREP-267529-J,1,1,1,1,1,1
FREP-267533-J,1,1,1,1,1,1
FREP-267551-Z,1,1,1,1,1,1
FREP-267552-G,1,1,1,1,1,1
FREP-267555-G,1,1,1,1,1,1
FREP-267561-G,1,1,1,1,1,1
FREP-267565-G,1,1,1,1,1,1
FREP-267570-G,1,1,1,1,1,1
FREP-267577-Z,1,1,1,1,1,1
FREP-267582-G,1,1,1,1,1,1
FREP-267584-Z,1,1,1,1,1,1
FREP-267589-Z,1,1,1,1,1,1
FREP-267594-Z,1,1,1,1,1,1
FREP-267596-J,1,1,1,1,1,1
FREP-267599-Z,1,1,1,1,1,1
FREP-267607-J,1,1,1,1,1,1
FREP-267616-G,1,1,1,1,1,1
FREP-267618-G,1,1,1,1,1,1
FREP-267619-G,1,1,1,1,1,1
FREP-267623-J,1,1,1,1,1,1
FREP-267624-Z,1,1,1,1,1,1
FREP-267626-G,1,1,1,1,1,1
FREP-267640-G,1,1,1,1,1,1
FREP-267658-Z,1,1,1,1,1,1
FREP-267662-J,1,1,1,1,1,1
FREP-267662-Z,1,1,1,1,1,1
FREP-267667-G,1,1,1,1,1,1
FREP-267672-G,1,1,1,1,1,1
FREP-267672-J,1,1,1,1,1,1
FREP-267679-G,1,1,1,1,1,1
FREP-267681-Z,1,1,1,1,1,1
FREP-267691-G,1,1,1,1,1,1
FREP-267696-J,1,1,1,1,1,1
FREP-267705-G,1,1,1,1,1,1
FREP-267724-Z,1,1,1,1,1,1
FREP-267727-G,1,1,1,1,1,1
FREP-267727-Z,1,1,1,1,1,1
FREP-267743-G,1,1,1,1,1,1
FREP-267758-Z,1,1,1,1,1,1
FREP-267773-G,1,1,1,1,1,1
FREP-267781-Z,1,1,1,1,1,1
FREP-267797-J,1,1,1,1,1,1
FREP-267798-G,1,1,1,1,1,1
FREP-267801-Z,1,1,1,1,1,1
FREP-267808-G,1,1,1,1,1,1
FREP-267814-J,1,1,1,1,1,1
FREP-267818-J,1,1,1,1,1,1
FREP-267821-Z,1,1,1,1,1,1
FREP-267827-J,1,1,1,1,1,1
FREP-267829-G,1,1,1,1,1,1
FREP-267842-G,1,1,1,1,1,1
FREP-267848-Z,1,1,1,1,1,1
FREP-267861-G,1,1,1,1,1,1
FREP-267864-J,1,1,1,1,1,1
FREP-267872-J,1,1,1,1,1,1
FREP-267875-J,1,1,1,1,1,1
FREP-267879-G,1,1,1,1,1,1
FREP-267895-J,1,1,1,1,1,1
FREP-267904-J,1,1,1,1,1,1
FREP-267914-J,1,1,1,1,1,1
FREP-267924-J,1,1,1,1,1,1
FREP-267937-G,1,1,1,1,1,1
FREP-267942-G,1,1,1,1,1,1
FREP-267942-J,1,1,1,1,1,1
FREP-267945-G,1,1,1,1,1,1
FREP-267952-G,1,1,1,1,1,1
FREP-267961-G,1,1,1,1,1,1
FREP-267963-J,1,1,1,1,1,1
FREP-267970-G,1,1,1,1,1,1
FREP-267971-Z,1,1,1,1,1,1
FREP-267977-Z,1,1,1,1,1,1
FREP-267986-G,1,1,1,1,1,1
FREP-267988-Z,1,1,1,1,1,1
FREP-267995-G,1,1,1,1,1,1
FREP-267998-Z,1,1,1,1,1,1
FREP-268000-G,1,1,1,1,1,1
FREP-268002-G,1,1,1,1,1,1
FREP-268004-G,1,1,1,1,1,1
FREP-268005-Z,1,1,1,1,1,1
FREP-268006-Z,1,1,1,1,1,1
FREP-268017-J,1,1,1,1,1,1
FREP-268026-G,1,1,1,1,1,1
FREP-268040-J,1,1,1,1,1,1
FREP-268060-J,1,1,1,1,1,1
FREP-268061-J,1,1,1,1,1,1
FREP-268062-J,1,1,1,1,1,1
FREP-268064-J,1,1,1,1,1,1
FREP-268068-Z,1,1,1,1,1,1
FREP-268076-G,1,1,1,1,1,1
FREP-268093-G,1,1,1,1,1,1
FREP-268102-G,1,1,1,1,1,1
FREP-268111-J,1,1,1,1,1,1
FREP-268118-Z,1,1,1,1,1,1
FREP-268121-J,1,1,1,1,1,1
FREP-268122-G,1,1,1,1,1,1
FREP-268144-Z,1,1,1,1,1,1
FREP-268155-J,1,1,1,1,1,1
FREP-268169-J,1,1,1,1,1,1
FREP-268178-G,1,1,1,1,1,1
FREP-268181-G,1,1,1,1,1,1
FREP-268184-Z,1,1,1,1,1,1
FREP-268185-Z,1,1,1,1,1,1
FREP-268194-G,1,1,1,1,1,1
FREP-268223-G,1,1,1,1,1,1
FREP-268233-J,1,1,1,1,1,1
FREP-268237-G,1,1,1,1,1,1
FREP-268252-J,1,1,1,1,1,1
FREP-268262-J,1,1,1,1,1,1
FREP-268265-G,1,1,1,1,1,1
FREP-268267-J,1,1,1,1,1,1
FREP-268295-G,1,1,1,1,1,1
FREP-268298-J,1,1,1,1,1,1
FREP-268299-G,1,1,1,1,1,1
FREP-268318-Z,1,1,1,1,1,1
FREP-268322-J,1,1,1,1,1,1
FREP-268330-J,1,1,1,1,1,1
FREP-268331-J,1,1,1,1,1,1
FREP-268332-J,1,1,1,1,1,1
FREP-268334-J,1,1,1,1,1,1
FREP-268337-J,1,1,1,1,1,1
FREP-268338-J,1,1,1,1,1,1
FREP-268341-G,1,1,1,1,1,1
FREP-268350-G,1,1,1,1,1,1
FREP-268351-G,1,1,1,1,1,1
FREP-268355-Z,1,1,1,1,1,1
FREP-268356-G,1,1,1,1,1,1
FREP-268380-G,1,1,1,1,1,1
FREP-268399-J,1,1,1,1,1,1
FREP-268401-J,1,1,1,1,1,1
FREP-268420-G,1,1,1,1,1,1
FREP-268423-G,1,1,1,1,1,1
FREP-268424-G,1,1,1,1,1,1
FREP-268425-G,1,1,1,1,1,1
FREP-268429-G,1,1,1,1,1,1
FREP-268430-G,1,1,1,1,1,1
FREP-268431-G,1,1,1,1,1,1
FREP-268433-G,1,1,1,1,1,1
FREP-268437-G,1,1,1,1,1,1
FREP-268447-J,1,1,1,1,1,1
FREP-268450-G,1,1,1,1,1,1
FREP-268457-Z,1,1,1,1,1,1
FREP-268467-Z,1,1,1,1,1,1
FREP-268474-Z,1,1,1,1,1,1
FREP-268479-G,1,1,1,1,1,1
FREP-268480-G,1,1,1,1,1,1
FREP-268481-G,1,1,1,1,1,1
FREP-268482-Z,1,1,1,1,1,1
FREP-268485-G,1,1,1,1,1,1
FREP-268488-G,1,1,1,1,1,1
FREP-268490-G,1,1,1,1,1,1
FREP-268493-Z,1,1,1,1,1,1
FREP-268497-Z,1,1,1,1,1,1
FREP-268505-J,1,1,1,1,1,1
FREP-268506-G,1,1,1,1,1,1
FREP-268509-G,1,1,1,1,1,1
FREP-268520-G,1,1,1,1,1,1
FREP-268531-G,1,1,1,1,1,1
FREP-268534-Z,1,1,1,1,1,1
FREP-268537-J,1,1,1,1,1,1
FREP-268540-G,1,1,1,1,1,1
FREP-268544-G,1,1,1,1,1,1
FREP-268544-J,1,1,1,1,1,1
FREP-268553-G,1,1,1,1,1,1
FREP-268561-J,1,1,1,1,1,1
FREP-268567-G,1,1,1,1,1,1
FREP-268574-G,1,1,1,1,1,1
FREP-268575-Z,1,1,1,1,1,1
FREP-268579-Z,1,1,1,1,1,1
FREP-268582-Z,1,1,1,1,1,1
FREP-268587-G,1,1,1,1,1,1
FREP-268594-G,1,1,1,1,1,1
FREP-268602-Z,1,1,1,1,1,1
FREP-268605-Z,1,1,1,1,1,1
FREP-268612-G,1,1,1,1,1,1
FREP-268612-Z,1,1,1,1,1,1
FREP-268616-J,1,1,1,1,1,1
FREP-268620-Z,1,1,1,1,1,1
FREP-268623-Z,1,1,1,1,1,1
FREP-268624-Z,1,1,1,1,1,1
FREP-268632-Z,1,1,1,1,1,1
FREP-268635-Z,1,1,1,1,1,1
FREP-268639-Z,1,1,1,1,1,1
FREP-268651-J,1,1,1,1,1,1
FREP-268652-J,1,1,1,1,1,1
FREP-268653-G,1,1,1,1,1,1
FREP-268657-Z,1,1,1,1,1,1
FREP-268660-J,1,1,1,1,1,1
FREP-268663-G,1,1,1,1,1,1
FREP-268670-J,1,1,1,1,1,1
FREP-268677-J,1,1,1,1,1,1
FREP-268681-G,1,1,1,1,1,1
FREP-268686-Z,1,1,1,1,1,1
FREP-268693-G,1,1,1,1,1,1
FREP-268700-Z,1,1,1,1,1,1
FREP-268707-G,1,1,1,1,1,1
FREP-268715-Z,1,1,1,1,1,1
FREP-268722-J,1,1,1,1,1,1
FREP-268728-G,1,1,1,1,1,1
FREP-268731-J,1,1,1,1,1,1
FREP-268740-J,1,1,1,1,1,1
FREP-268741-J,1,1,1,1,1,1
FREP-268744-G,1,1,1,1,1,1
FREP-268745-G,1,1,1,1,1,1
FREP-268751-G,1,1,1,1,1,1
FREP-268751-Z,1,1,1,1,1,1
FREP-268758-J,1,1,1,1,1,1
FREP-268764-J,1,1,1,1,1,1
FREP-268771-G,1,1,1,1,1,1
FREP-268772-G,1,1,1,1,1,1
FREP-268774-G,1,1,1,1,1,1
FREP-268774-Z,1,1,1,1,1,1
FREP-268777-J,1,1,1,1,1,1
FREP-268785-G,1,1,1,1,1,1
FREP-268787-G,1,1,1,1,1,1
FREP-268787-Z,1,1,1,1,1,1
FREP-268790-G,1,1,1,1,1,1
FREP-268808-J,1,1,1,1,1,1
FREP-268812-J,1,1,1,1,1,1
FREP-268824-J,1,1,1,1,1,1
FREP-268829-J,1,1,1,1,1,1
FREP-268833-J,1,1,1,1,1,1
FREP-268834-G,1,1,1,1,1,1
FREP-268834-J,1,1,1,1,1,1
FREP-268840-G,1,1,1,1,1,1
FREP-268841-J,1,1,1,1,1,1
FREP-268844-J,1,1,1,1,1,1
FREP-268845-J,1,1,1,1,1,1
FREP-268852-G,1,1,1,1,1,1
FREP-268852-J,1,1,1,1,1,1
FREP-268852-Z,1,1,1,1,1,1
FREP-268862-J,1,1,1,1,1,1
FREP-268870-G,1,1,1,1,1,1
FREP-268872-Z,1,1,1,1,1,1
FREP-268894-G,1,1,1,1,1,1
FREP-268906-G,1,1,1,1,1,1
FREP-268915-J,1,1,1,1,1,1
FREP-268918-G,1,1,1,1,1,1
FREP-268928-J,1,1,1,1,1,1
FREP-268931-G,1,1,1,1,1,1
FREP-268947-G,1,1,1,1,1,1
FREP-268950-G,1,1,1,1,1,1
FREP-268964-G,1,1,1,1,1,1
FREP-268964-Z,1,1,1,1,1,1
FREP-268967-J,1,1,1,1,1,1
FREP-268971-J,1,1,1,1,1,1
FREP-268977-Z,1,1,1,1,1,1
FREP-268994-Z,1,1,1,1,1,1
FREP-269000-J,1,1,1,1,1,1
FREP-269001-J,1,1,1,1,1,1
FREP-269001-Z,1,1,1,1,1,1
FREP-269011-G,1,1,1,1,1,1
FREP-269014-G,1,1,1,1,1,1
FREP-269026-J,1,1,1,1,1,1
FREP-269034-Z,1,1,1,1,1,1
FREP-269035-G,1,1,1,1,1,1
FREP-269037-J,1,1,1,1,1,1
FREP-269043-G,1,1,1,1,1,1
FREP-269052-J,1,1,1,1,1,1
FREP-269055-Z,1,1,1,1,1,1
FREP-269086-J,1,1,1,1,1,1
FREP-269091-J,1,1,1,1,1,1
FREP-269091-Z,1,1,1,1,1,1
FREP-269100-G,1,1,1,1,1,1
FREP-269102-Z,1,1,1,1,1,1
FREP-269108-G,1,1,1,1,1,1
FREP-269116-G,1,1,1,1,1,1
FREP-269117-J,1,1,1,1,1,1
FREP-269118-G,1,1,1,1,1,1
FREP-269122-J,1,1,1,1,1,1
FREP-269132-J,1,1,1,1,1,1
FREP-269134-Z,1,1,1,1,1,1
FREP-269145-G,1,1,1,1,1,1
FREP-269153-J,1,1,1,1,1,1
FREP-269156-Z,1,1,1,1,1,1
FREP-269160-Z,1,1,1,1,1,1
FREP-269164-J,1,1,1,1,1,1
FREP-269169-J,1,1,1,1,1,1
FREP-269174-Z,1,1,1,1,1,1
FREP-269175-Z,1,1,1,1,1,1
FREP-269187-G,1,1,1,1,1,1
FREP-269197-J,1,1,1,1,1,1
FREP-269203-Z,1,1,1,1,1,1
FREP-269217-G,1,1,1,1,1,1
FREP-269225-G,1,1,1,1,1,1
FREP-269244-G,1,1,1,1,1,1
FREP-269247-G,1,1,1,1,1,1
FREP-269248-G,1,1,1,1,1,1
FREP-269250-G,1,1,1,1,1,1
FREP-269256-J,1,1,1,1,1,1
FREP-269263-Z,1,1,1,1,1,1
FREP-269265-Z,1,1,1,1,1,1
FREP-269272-G,1,1,1,1,1,1
FREP-269293-G,1,1,1,1,1,1
FREP-269300-G,1,1,1,1,1,1
FREP-269305-G,1,1,1,1,1,1
FREP-269306-G,1,1,1,1,1,1
FREP-269320-G,1,1,1,1,1,1
FREP-269326-J,1,1,1,1,1,1
FREP-269328-G,1,1,1,1,1,1
FREP-269336-G,1,1,1,1,1,1
FREP-269348-Z,1,1,1,1,1,1
FREP-269351-Z,1,1,1,1,1,1
FREP-269352-Z,1,1,1,1,1,1
FREP-269354-J,1,1,1,1,1,1
FREP-269355-Z,1,1,1,1,1,1
FREP-269359-Z,1,1,1,1,1,1
FREP-269360-Z,1,1,1,1,1,1
FREP-269364-Z,1,1,1,1,1,1
FREP-269368-Z,1,1,1,1,1,1
FREP-269369-Z,1,1,1,1,1,1
FREP-269372-J,1,1,1,1,1,1
FREP-269382-G,1,1,1,1,1,1
FREP-269394-G,1,1,1,1,1,1
FREP-269396-Z,1,1,1,1,1,1
FREP-269411-J,1,1,1,1,1,1
FREP-269416-J,1,1,1,1,1,1
FREP-269463-J,1,1,1,1,1,1
FREP-269467-J,1,1,1,1,1,1
FREP-269469-J,1,1,1,1,1,1
FREP-269470-Z,1,1,1,1,1,1
FREP-269527-G,1,1,1,1,1,1
FREP-269535-Z,1,1,1,1,1,1
FREP-269537-J,1,1,1,1,1,1
FREP-269542-G,1,1,1,1,1,1
FREP-269546-Z,1,1,1,1,1,1
FREP-269585-Z,1,1,1,1,1,1
FREP-269587-Z,1,1,1,1,1,1
FREP-269592-G,1,1,1,1,1,1
FREP-269604-J,1,1,1,1,1,1
FREP-269607-G,1,1,1,1,1,1
FREP-269612-Z,1,1,1,1,1,1
FREP-269627-J,1,1,1,1,1,1
FREP-269631-G,1,1,1,1,1,1
FREP-269633-Z,1,1,1,1,1,1
FREP-269651-J,1,1,1,1,1,1
FREP-269656-G,1,1,1,1,1,1
FREP-269658-Z,1,1,1,1,1,1
FREP-269659-G,1,1,1,1,1,1
FREP-269676-J,1,1,1,1,1,1
FREP-269678-G,1,1,1,1,1,1
FREP-269678-Z,1,1,1,1,1,1
FREP-269709-Z,1,1,1,1,1,1
FREP-269710-J,1,1,1,1,1,1
FREP-269713-G,1,1,1,1,1,1
FREP-269720-G,1,1,1,1,1,1
FREP-269735-J,1,1,1,1,1,1
FREP-269743-J,1,1,1,1,1,1
FREP-269751-G,1,1,1,1,1,1
FREP-269751-J,1,1,1,1,1,1
FREP-269792-G,1,1,1,1,1,1
FREP-269793-G,1,1,1,1,1,1
FREP-269794-Z,1,1,1,1,1,1
FREP-269800-Z,1,1,1,1,1,1
FREP-269805-G,1,1,1,1,1,1
FREP-269809-J,1,1,1,1,1,1
FREP-269815-J,1,1,1,1,1,1
FREP-269820-J,1,1,1,1,1,1
FREP-269840-G,1,1,1,1,1,1
FREP-269862-G,1,1,1,1,1,1
FREP-269866-Z,1,1,1,1,1,1
FREP-269875-Z,1,1,1,1,1,1
FREP-269877-Z,1,1,1,1,1,1
FREP-269878-Z,1,1,1,1,1,1
FREP-269880-J,1,1,1,1,1,1
FREP-269885-Z,1,1,1,1,1,1
FREP-269895-J,1,1,1,1,1,1
FREP-269907-J,1,1,1,1,1,1
FREP-269911-G,1,1,1,1,1,1
FREP-269916-J,1,1,1,1,1,1
FREP-269918-G,1,1,1,1,1,1
FREP-269918-J,1,1,1,1,1,1
FREP-269926-G,1,1,1,1,1,1
FREP-269930-J,1,1,1,1,1,1
FREP-269939-J,1,1,1,1,1,1
FREP-269958-Z,1,1,1,1,1,1
FREP-269959-G,1,1,1,1,1,1
FREP-269962-J,1,1,1,1,1,1
FREP-269963-G,1,1,1,1,1,1
FREP-269964-G,1,1,1,1,1,1
FREP-269965-G,1,1,1,1,1,1
FREP-269967-G,1,1,1,1,1,1
FREP-269980-G,1,1,1,1,1,1
FREP-269982-Z,1,1,1,1,1,1
FREP-269992-J,1,1,1,1,1,1
FREP-270003-J,1,1,1,1,1,1
FREP-270009-G,1,1,1,1,1,1
FREP-270031-Z,1,1,1,1,1,1
FREP-270033-G,1,1,1,1,1,1
FREP-270036-G,1,1,1,1,1,1
FREP-270043-G,1,1,1,1,1,1
FREP-270048-J,1,1,1,1,1,1
FREP-270068-Z,1,1,1,1,1,1
FREP-270069-J,1,1,1,1,1,1
FREP-270071-G,1,1,1,1,1,1
FREP-270098-J,1,1,1,1,1,1
FREP-270104-J,1,1,1,1,1,1
FREP-270109-Z,1,1,1,1,1,1
FREP-270110-J,1,1,1,1,1,1
FREP-270121-Z,1,1,1,1,1,1
FREP-270127-G,1,1,1,1,1,1
FREP-270129-G,1,1,1,1,1,1
FREP-270144-G,1,1,1,1,1,1
FREP-270145-J,1,1,1,1,1,1
FREP-270161-G,1,1,1,1,1,1
FREP-270169-G,1,1,1,1,1,1
FREP-270170-J,1,1,1,1,1,1
FREP-270171-Z,1,1,1,1,1,1
FREP-270174-J,1,1,1,1,1,1
FREP-270174-Z,1,1,1,1,1,1
FREP-270193-Z,1,1,1,1,1,1
FREP-270214-J,1,1,1,1,1,1
FREP-270221-J,1,1,1,1,1,1
FREP-270224-G,1,1,1,1,1,1
FREP-270230-Z,1,1,1,1,1,1
FREP-270234-G,1,1,1,1,1,1
FREP-270254-J,1,1,1,1,1,1
FREP-270258-J,1,1,1,1,1,1
FREP-270262-J,1,1,1,1,1,1
FREP-270265-J,1,1,1,1,1,1
FREP-270268-Z,1,1,1,1,1,1
FREP-270301-Z,1,1,1,1,1,1
FREP-270303-J,1,1,1,1,1,1
FREP-270305-J,1,1,1,1,1,1
FREP-270306-G,1,1,1,1,1,1
FREP-270324-J,1,1,1,1,1,1
FREP-270339-J,1,1,1,1,1,1
FREP-270346-J,1,1,1,1,1,1
FREP-270347-G,1,1,1,1,1,1
FREP-270354-J,1,1,1,1,1,1
FREP-270359-G,1,1,1,1,1,1
FREP-270359-J,1,1,1,1,1,1
FREP-270361-G,1,1,1,1,1,1
FREP-270362-J,1,1,1,1,1,1
FREP-270376-J,1,1,1,1,1,1
FREP-270377-J,1,1,1,1,1,1
FREP-270381-Z,1,1,1,1,1,1
FREP-270384-G,1,1,1,1,1,1
FREP-270387-J,1,1,1,1,1,1
FREP-270398-G,1,1,1,1,1,1
FREP-270406-Z,1,1,1,1,1,1
FREP-270412-Z,1,1,1,1,1,1
FREP-270414-J,1,1,1,1,1,1
FREP-270416-J,1,1,1,1,1,1
FREP-270426-Z,1,1,1,1,1,1
FREP-270434-Z,1,1,1,1,1,1
FREP-270436-J,1,1,1,1,1,1
FREP-270461-Z,1,1,1,1,1,1
FREP-270467-Z,1,1,1,1,1,1
FREP-270471-G,1,1,1,1,1,1
FREP-270478-Z,1,1,1,1,1,1
FREP-270486-Z,1,1,1,1,1,1
FREP-270492-Z,1,1,1,1,1,1
FREP-270494-J,1,1,1,1,1,1
FREP-270497-Z,1,1,1,1,1,1
FREP-270498-G,1,1,1,1,1,1
FREP-270502-Z,1,1,1,1,1,1
FREP-270505-J,1,1,1,1,1,1
FREP-270506-Z,1,1,1,1,1,1
FREP-270513-Z,1,1,1,1,1,1
FREP-270517-G,1,1,1,1,1,1
FREP-270518-G,1,1,1,1,1,1
FREP-270521-J,1,1,1,1,1,1
FREP-270522-G,1,1,1,1,1,1
FREP-270522-Z,1,1,1,1,1,1
FREP-270529-J,1,1,1,1,1,1
FREP-270533-G,1,1,1,1,1,1
FREP-270535-Z,1,1,1,1,1,1
FREP-270553-Z,1,1,1,1,1,1
FREP-270572-Z,1,1,1,1,1,1
FREP-270577-Z,1,1,1,1,1,1
FREP-270580-J,1,1,1,1,1,1
FREP-270587-G,1,1,1,1,1,1
FREP-270596-Z,1,1,1,1,1,1
FREP-270597-J,1,1,1,1,1,1
FREP-270601-Z,1,1,1,1,1,1
FREP-270605-Z,1,1,1,1,1,1
FREP-270608-Z,1,1,1,1,1,1
FREP-270610-Z,1,1,1,1,1,1
FREP-270616-Z,1,1,1,1,1,1
FREP-270617-Z,1,1,1,1,1,1
FREP-270623-G,1,1,1,1,1,1
FREP-270631-G,1,1,1,1,1,1
FREP-270634-G,1,1,1,1,1,1
FREP-270658-G,1,1,1,1,1,1
FREP-270659-Z,1,1,1,1,1,1
FREP-270669-J,1,1,1,1,1,1
FREP-270671-J,1,1,1,1,1,1
FREP-270687-G,1,1,1,1,1,1
FREP-270693-J,1,1,1,1,1,1
FREP-270694-G,1,1,1,1,1,1
FREP-270700-J,1,1,1,1,1,1
FREP-270705-G,1,1,1,1,1,1
FREP-270712-Z,1,1,1,1,1,1
FREP-270735-J,1,1,1,1,1,1
FREP-270739-J,1,1,1,1,1,1
FREP-270761-G,1,1,1,1,1,1
FREP-270766-J,1,1,1,1,1,1
FREP-270773-G,1,1,1,1,1,1
FREP-270781-Z,1,1,1,1,1,1
FREP-270782-Z,1,1,1,1,1,1
FREP-270803-Z,1,1,1,1,1,1
FREP-270816-G,1,1,1,1,1,1
FREP-270819-G,1,1,1,1,1,1
FREP-270837-G,1,1,1,1,1,1
FREP-270841-Z,1,1,1,1,1,1
FREP-270842-G,1,1,1,1,1,1
FREP-270852-G,1,1,1,1,1,1
FREP-270867-G,1,1,1,1,1,1
FREP-270873-G,1,1,1,1,1,1
FREP-270877-G,1,1,1,1,1,1
FREP-270879-Z,1,1,1,1,1,1
FREP-270888-J,1,1,1,1,1,1
FREP-270890-J,1,1,1,1,1,1
FREP-270912-G,1,1,1,1,1,1
FREP-270933-J,1,1,1,1,1,1
FREP-270935-G,1,1,1,1,1,1
FREP-270935-J,1,1,1,1,1,1
FREP-270952-J,1,1,1,1,1,1
FREP-270952-Z,1,1,1,1,1,1
FREP-270953-G,1,1,1,1,1,1
FREP-270974-J,1,1,1,1,1,1
FREP-270977-Z,1,1,1,1,1,1
FREP-270988-Z,1,1,1,1,1,1
FREP-270995-J,1,1,1,1,1,1
FREP-271009-G,1,1,1,1,1,1
FREP-271027-G,1,1,1,1,1,1
FREP-271044-G,1,1,1,1,1,1
FREP-271048-G,1,1,1,1,1,1
FREP-271071-G,1,1,1,1,1,1
FREP-271080-J,1,1,1,1,1,1
FREP-271096-G,1,1,1,1,1,1
FREP-271104-Z,1,1,1,1,1,1
FREP-271106-J,1,1,1,1,1,1
FREP-271107-Z,1,1,1,1,1,1
FREP-271113-G,1,1,1,1,1,1
FREP-271115-G,1,1,1,1,1,1
FREP-271117-J,1,1,1,1,1,1
FREP-271118-G,1,1,1,1,1,1
FREP-271126-Z,1,1,1,1,1,1
FREP-271142-G,1,1,1,1,1,1
FREP-271150-G,1,1,1,1,1,1
FREP-271154-G,1,1,1,1,1,1
FREP-271157-G,1,1,1,1,1,1
FREP-271157-J,1,1,1,1,1,1
FREP-271158-G,1,1,1,1,1,1
FREP-271162-Z,1,1,1,1,1,1
FREP-271165-J,1,1,1,1,1,1
FREP-271170-G,1,1,1,1,1,1
FREP-271173-J,1,1,1,1,1,1
FREP-271175-G,1,1,1,1,1,1
FREP-271186-Z,1,1,1,1,1,1
FREP-271193-Z,1,1,1,1,1,1
FREP-271195-G,1,1,1,1,1,1
FREP-271201-G,1,1,1,1,1,1
FREP-271209-J,1,1,1,1,1,1
FREP-271216-Z,1,1,1,1,1,1
FREP-271222-J,1,1,1,1,1,1
FREP-271222-Z,1,1,1,1,1,1
FREP-271223-J,1,1,1,1,1,1
FREP-271227-Z,1,1,1,1,1,1
FREP-271233-J,1,1,1,1,1,1
FREP-271242-J,1,1,1,1,1,1
FREP-271243-J,1,1,1,1,1,1
FREP-271264-G,1,1,1,1,1,1
FREP-271269-J,1,1,1,1,1,1
FREP-271273-G,1,1,1,1,1,1
FREP-271284-G,1,1,1,1,1,1
FREP-271288-G,1,1,1,1,1,1
FREP-271292-Z,1,1,1,1,1,1
FREP-271295-Z,1,1,1,1,1,1
FREP-271301-G,1,1,1,1,1,1
FREP-271307-G,1,1,1,1,1,1
FREP-271313-Z,1,1,1,1,1,1
FREP-271318-J,1,1,1,1,1,1
FREP-271323-J,1,1,1,1,1,1
FREP-271343-Z,1,1,1,1,1,1
FREP-271344-G,1,1,1,1,1,1
FREP-271344-J,1,1,1,1,1,1
FREP-271384-G,1,1,1,1,1,1
FREP-271407-J,1,1,1,1,1,1
FREP-271407-Z,1,1,1,1,1,1
FREP-271410-J,1,1,1,1,1,1
FREP-271411-G,1,1,1,1,1,1
FREP-271414-J,1,1,1,1,1,1
FREP-271419-G,1,1,1,1,1,1
FREP-271427-J,1,1,1,1,1,1
FREP-271444-J,1,1,1,1,1,1
FREP-271451-G,1,1,1,1,1,1
FREP-271451-Z,1,1,1,1,1,1
FREP-271456-Z,1,1,1,1,1,1
FREP-271463-J,1,1,1,1,1,1
FREP-271473-Z,1,1,1,1,1,1
FREP-271495-Z,1,1,1,1,1,1
FREP-271503-Z,1,1,1,1,1,1
FREP-271515-Z,1,1,1,1,1,1
FREP-271520-J,1,1,1,1,1,1
FREP-271532-G,1,1,1,1,1,1
FREP-271534-Z,1,1,1,1,1,1
FREP-271540-Z,1,1,1,1,1,1
FREP-271541-Z,1,1,1,1,1,1
FREP-271546-Z,1,1,1,1,1,1
FREP-271548-G,1,1,1,1,1,1
FREP-271548-Z,1,1,1,1,1,1
FREP-271550-Z,1,1,1,1,1,1
FREP-271552-G,1,1,1,1,1,1
FREP-271566-J,1,1,1,1,1,1
FREP-271572-G,1,1,1,1,1,1
FREP-271576-G,1,1,1,1,1,1
FREP-271584-G,1,1,1,1,1,1
FREP-271584-J,1,1,1,1,1,1
FREP-271586-Z,1,1,1,1,1,1
FREP-271596-Z,1,1,1,1,1,1
FREP-271604-Z,1,1,1,1,1,1
FREP-271612-J,1,1,1,1,1,1
FREP-271614-Z,1,1,1,1,1,1
FREP-271623-Z,1,1,1,1,1,1
FREP-271624-Z,1,1,1,1,1,1
FREP-271635-Z,1,1,1,1,1,1
FREP-271638-J,1,1,1,1,1,1
FREP-271639-Z,1,1,1,1,1,1
FREP-271645-J,1,1,1,1,1,1
FREP-271660-G,1,1,1,1,1,1
FREP-271666-Z,1,1,1,1,1,1
FREP-271667-J,1,1,1,1,1,1
FREP-271681-G,1,1,1,1,1,1
FREP-271684-Z,1,1,1,1,1,1
FREP-271691-Z,1,1,1,1,1,1
FREP-271698-Z,1,1,1,1,1,1
FREP-271712-J,1,1,1,1,1,1
FREP-271713-Z,1,1,1,1,1,1
FREP-271714-J,1,1,1,1,1,1
FREP-271718-J,1,1,1,1,1,1
FREP-271719-J,1,1,1,1,1,1
FREP-271725-J,1,1,1,1,1,1
FREP-271732-G,1,1,1,1,1,1
FREP-271734-Z,1,1,1,1,1,1
FREP-271740-G,1,1,1,1,1,1
FREP-271740-Z,1,1,1,1,1,1
FREP-271743-G,1,1,1,1,1,1
FREP-271745-Z,1,1,1,1,1,1
FREP-271746-G,1,1,1,1,1,1
FREP-271754-G,1,1,1,1,1,1
FREP-271764-G,1,1,1,1,1,1
FREP-271765-G,1,1,1,1,1,1
FREP-271769-G,1,1,1,1,1,1
FREP-271769-Z,1,1,1,1,1,1
FREP-271772-Z,1,1,1,1,1,1
FREP-271774-G,1,1,1,1,1,1
FREP-271775-G,1,1,1,1,1,1
FREP-271778-G,1,1,1,1,1,1
FREP-271779-G,1,1,1,1,1,1
FREP-271779-Z,1,1,1,1,1,1
FREP-271787-Z,1,1,1,1,1,1
FREP-271791-G,1,1,1,1,1,1
FREP-271793-G,1,1,1,1,1,1
FREP-271796-Z,1,1,1,1,1,1
FREP-271797-Z,1,1,1,1,1,1
FREP-271802-Z,1,1,1,1,1,1
FREP-271815-J,1,1,1,1,1,1
FREP-271815-Z,1,1,1,1,1,1
FREP-271818-Z,1,1,1,1,1,1
FREP-271821-Z,1,1,1,1,1,1
FREP-271823-G,1,1,1,1,1,1
FREP-271824-J,1,1,1,1,1,1
FREP-271831-J,1,1,1,1,1,1
FREP-271841-Z,1,1,1,1,1,1
FREP-271842-Z,1,1,1,1,1,1
FREP-271858-J,1,1,1,1,1,1
FREP-271879-J,1,1,1,1,1,1
FREP-271883-G,1,1,1,1,1,1
FREP-271885-J,1,1,1,1,1,1
FREP-271885-Z,1,1,1,1,1,1
FREP-271899-Z,1,1,1,1,1,1
FREP-271904-Z,1,1,1,1,1,1
FREP-271915-G,1,1,1,1,1,1
FREP-271915-Z,1,1,1,1,1,1
FREP-271916-Z,1,1,1,1,1,1
FREP-271924-G,1,1,1,1,1,1
FREP-271926-G,1,1,1,1,1,1
FREP-271933-G,1,1,1,1,1,1
FREP-271935-Z,1,1,1,1,1,1
FREP-271944-G,1,1,1,1,1,1
FREP-271944-J,1,1,1,1,1,1
FREP-271946-Z,1,1,1,1,1,1
FREP-271989-G,1,1,1,1,1,1
FREP-271993-Z,1,1,1,1,1,1
FREP-271995-G,1,1,1,1,1,1
FREP-272005-Z,1,1,1,1,1,1
FREP-272006-Z,1,1,1,1,1,1
FREP-272018-Z,1,1,1,1,1,1
FREP-272030-J,1,1,1,1,1,1
FREP-272037-J,1,1,1,1,1,1
FREP-272048-G,1,1,1,1,1,1
FREP-272056-G,1,1,1,1,1,1
FREP-272069-G,1,1,1,1,1,1
FREP-272073-J,1,1,1,1,1,1
FREP-272074-J,1,1,1,1,1,1
FREP-272075-G,1,1,1,1,1,1
FREP-272077-G,1,1,1,1,1,1
FREP-272083-J,1,1,1,1,1,1
FREP-272088-G,1,1,1,1,1,1
FREP-272092-Z,1,1,1,1,1,1
FREP-272102-Z,1,1,1,1,1,1
FREP-272111-J,1,1,1,1,1,1
FREP-272117-Z,1,1,1,1,1,1
FREP-272119-Z,1,1,1,1,1,1
FREP-272122-J,1,1,1,1,1,1
FREP-272123-G,1,1,1,1,1,1
FREP-272133-G,1,1,1,1,1,1
FREP-272138-Z,1,1,1,1,1,1
FREP-272150-Z,1,1,1,1,1,1
FREP-272151-Z,1,1,1,1,1,1
FREP-272161-J,1,1,1,1,1,1
FREP-272166-G,1,1,1,1,1,1
FREP-272168-Z,1,1,1,1,1,1
FREP-272173-G,1,1,1,1,1,1
FREP-272176-Z,1,1,1,1,1,1
FREP-272182-Z,1,1,1,1,1,1
FREP-272192-G,1,1,1,1,1,1
FREP-272192-Z,1,1,1,1,1,1
FREP-272195-Z,1,1,1,1,1,1
FREP-272207-Z,1,1,1,1,1,1
FREP-272212-G,1,1,1,1,1,1
FREP-272214-J,1,1,1,1,1,1
FREP-272237-G,1,1,1,1,1,1
FREP-272238-G,1,1,1,1,1,1
FREP-272244-J,1,1,1,1,1,1
FREP-272248-G,1,1,1,1,1,1
FREP-272256-G,1,1,1,1,1,1
FREP-272283-G,1,1,1,1,1,1
FREP-272305-G,1,1,1,1,1,1
FREP-272307-G,1,1,1,1,1,1
FREP-272307-Z,1,1,1,1,1,1
FREP-272325-Z,1,1,1,1,1,1
FREP-272330-G,1,1,1,1,1,1
FREP-272332-J,1,1,1,1,1,1
FREP-272334-Z,1,1,1,1,1,1
FREP-272338-J,1,1,1,1,1,1
FREP-272343-Z,1,1,1,1,1,1
FREP-272355-G,1,1,1,1,1,1
FREP-272357-Z,1,1,1,1,1,1
FREP-272371-Z,1,1,1,1,1,1
FREP-272374-Z,1,1,1,1,1,1
FREP-272375-Z,1,1,1,1,1,1
FREP-272381-G,1,1,1,1,1,1
FREP-272382-Z,1,1,1,1,1,1
FREP-272397-Z,1,1,1,1,1,1
FREP-272400-J,1,1,1,1,1,1
FREP-272404-J,1,1,1,1,1,1
FREP-272406-J,1,1,1,1,1,1
FREP-272435-Z,1,1,1,1,1,1
FREP-272449-G,1,1,1,1,1,1
FREP-272496-J,1,1,1,1,1,1
FREP-272499-Z,1,1,1,1,1,1
FREP-272512-J,1,1,1,1,1,1
FREP-272514-Z,1,1,1,1,1,1
FREP-272544-J,1,1,1,1,1,1
FREP-272557-G,1,1,1,1,1,1
FREP-272562-Z,1,1,1,1,1,1
FREP-272584-J,1,1,1,1,1,1
FREP-272615-J,1,1,1,1,1,1
FREP-272617-G,1,1,1,1,1,1
FREP-272622-Z,1,1,1,1,1,1
FREP-272661-J,1,1,1,1,1,1
FREP-272664-Z,1,1,1,1,1,1
FREP-272667-J,1,1,1,1,1,1
FREP-272671-J,1,1,1,1,1,1
FREP-272675-Z,1,1,1,1,1,1
FREP-272677-J,1,1,1,1,1,1
FREP-272680-J,1,1,1,1,1,1
FREP-272687-J,1,1,1,1,1,1
FREP-272689-J,1,1,1,1,1,1
FREP-272691-J,1,1,1,1,1,1
FREP-272695-J,1,1,1,1,1,1
FREP-272730-J,1,1,1,1,1,1
FREP-272734-G,1,1,1,1,1,1
FREP-272742-J,1,1,1,1,1,1
FREP-272742-Z,1,1,1,1,1,1
FREP-272744-J,1,1,1,1,1,1
FREP-272745-Z,1,1,1,1,1,1
FREP-272753-Z,1,1,1,1,1,1
FREP-272755-J,1,1,1,1,1,1
FREP-272758-G,1,1,1,1,1,1
FREP-272761-G,1,1,1,1,1,1
FREP-272765-G,1,1,1,1,1,1
FREP-272765-Z,1,1,1,1,1,1
FREP-272771-Z,1,1,1,1,1,1
FREP-272782-G,1,1,1,1,1,1
FREP-272790-G,1,1,1,1,1,1
FREP-272806-Z,1,1,1,1,1,1
FREP-272819-G,1,1,1,1,1,1
FREP-272831-J,1,1,1,1,1,1
FREP-272839-G,1,1,1,1,1,1
FREP-272850-Z,1,1,1,1,1,1
FREP-272863-G,1,1,1,1,1,1
FREP-272883-Z,1,1,1,1,1,1
FREP-272884-G,1,1,1,1,1,1
FREP-272884-J,1,1,1,1,1,1
FREP-272885-Z,1,1,1,1,1,1
FREP-272894-G,1,1,1,1,1,1
FREP-272896-G,1,1,1,1,1,1
FREP-272896-Z,1,1,1,1,1,1
FREP-272900-Z,1,1,1,1,1,1
FREP-272905-J,1,1,1,1,1,1
FREP-272918-Z,1,1,1,1,1,1
FREP-272921-J,1,1,1,1,1,1
FREP-272931-Z,1,1,1,1,1,1
FREP-272935-Z,1,1,1,1,1,1
FREP-272937-Z,1,1,1,1,1,1
FREP-272939-Z,1,1,1,1,1,1
FREP-272940-Z,1,1,1,1,1,1
FREP-272943-Z,1,1,1,1,1,1
FREP-272953-Z,1,1,1,1,1,1
FREP-272955-Z,1,1,1,1,1,1
FREP-272958-Z,1,1,1,1,1,1
FREP-272979-G,1,1,1,1,1,1
FREP-272989-Z,1,1,1,1,1,1
FREP-272996-G,1,1,1,1,1,1
FREP-273000-J,1,1,1,1,1,1
FREP-273006-Z,1,1,1,1,1,1
FREP-273016-G,1,1,1,1,1,1
FREP-273017-Z,1,1,1,1,1,1
FREP-273024-J,1,1,1,1,1,1
FREP-273031-Z,1,1,1,1,1,1
FREP-273034-G,1,1,1,1,1,1
FREP-273043-Z,1,1,1,1,1,1
FREP-273044-G,1,1,1,1,1,1
FREP-273055-Z,1,1,1,1,1,1
FREP-273056-J,1,1,1,1,1,1
FREP-273061-J,1,1,1,1,1,1
FREP-273074-J,1,1,1,1,1,1
FREP-273074-Z,1,1,1,1,1,1
FREP-273076-G,1,1,1,1,1,1
FREP-273076-Z,1,1,1,1,1,1
FREP-273091-G,1,1,1,1,1,1
FREP-273091-Z,1,1,1,1,1,1
FREP-273098-G,1,1,1,1,1,1
FREP-273102-G,1,1,1,1,1,1
FREP-273121-Z,1,1,1,1,1,1
FREP-273127-Z,1,1,1,1,1,1
FREP-273138-J,1,1,1,1,1,1
FREP-273144-Z,1,1,1,1,1,1
FREP-273151-G,1,1,1,1,1,1
FREP-273151-Z,1,1,1,1,1,1
FREP-273154-Z,1,1,1,1,1,1
FREP-273159-Z,1,1,1,1,1,1
FREP-273163-J,1,1,1,1,1,1
FREP-273165-Z,1,1,1,1,1,1
FREP-273173-J,1,1,1,1,1,1
FREP-273183-J,1,1,1,1,1,1
FREP-273191-J,1,1,1,1,1,1
FREP-273203-J,1,1,1,1,1,1
FREP-273205-Z,1,1,1,1,1,1
FREP-273210-J,1,1,1,1,1,1
FREP-273215-G,1,1,1,1,1,1
FREP-273231-Z,1,1,1,1,1,1
FREP-273244-Z,1,1,1,1,1,1
FREP-273250-J,1,1,1,1,1,1
FREP-273260-G,1,1,1,1,1,1
FREP-273266-G,1,1,1,1,1,1
FREP-273283-J,1,1,1,1,1,1
FREP-273304-G,1,1,1,1,1,1
FREP-273306-J,1,1,1,1,1,1
FREP-273308-J,1,1,1,1,1,1
FREP-273311-Z,1,1,1,1,1,1
FREP-273319-Z,1,1,1,1,1,1
FREP-273320-J,1,1,1,1,1,1
FREP-273320-Z,1,1,1,1,1,1
FREP-273322-J,1,1,1,1,1,1
FREP-273339-Z,1,1,1,1,1,1
FREP-273360-G,1,1,1,1,1,1
FREP-273361-J,1,1,1,1,1,1
FREP-273362-Z,1,1,1,1,1,1
FREP-273371-J,1,1,1,1,1,1
FREP-273372-Z,1,1,1,1,1,1
FREP-273398-G,1,1,1,1,1,1
FREP-273401-J,1,1,1,1,1,1
FREP-273406-J,1,1,1,1,1,1
FREP-273407-Z,1,1,1,1,1,1
FREP-273416-Z,1,1,1,1,1,1
FREP-273433-J,1,1,1,1,1,1
FREP-273442-G,1,1,1,1,1,1
FREP-273455-G,1,1,1,1,1,1
FREP-273457-G,1,1,1,1,1,1
FREP-273463-G,1,1,1,1,1,1
FREP-273467-Z,1,1,1,1,1,1
FREP-273477-G,1,1,1,1,1,1
FREP-273480-G,1,1,1,1,1,1
FREP-273493-Z,1,1,1,1,1,1
FREP-273512-G,1,1,1,1,1,1
FREP-273512-J,1,1,1,1,1,1
FREP-273514-J,1,1,1,1,1,1
FREP-273520-J,1,1,1,1,1,1
FREP-273522-G,1,1,1,1,1,1
FREP-273530-Z,1,1,1,1,1,1
FREP-273536-Z,1,1,1,1,1,1
FREP-273537-Z,1,1,1,1,1,1
FREP-273544-Z,1,1,1,1,1,1
FREP-273545-J,1,1,1,1,1,1
FREP-273550-Z,1,1,1,1,1,1
FREP-273557-Z,1,1,1,1,1,1
FREP-273562-J,1,1,1,1,1,1
FREP-273573-Z,1,1,1,1,1,1
FREP-273581-G,1,1,1,1,1,1
FREP-273588-Z,1,1,1,1,1,1
FREP-273590-J,1,1,1,1,1,1
FREP-273594-Z,1,1,1,1,1,1
FREP-273597-Z,1,1,1,1,1,1
FREP-273602-G,1,1,1,1,1,1
FREP-273608-Z,1,1,1,1,1,1
FREP-273611-Z,1,1,1,1,1,1
FREP-273630-Z,1,1,1,1,1,1
FREP-273638-J,1,1,1,1,1,1
FREP-273640-Z,1,1,1,1,1,1
FREP-273662-Z,1,1,1,1,1,1
FREP-273665-G,1,1,1,1,1,1
FREP-273670-G,1,1,1,1,1,1
FREP-273671-J,1,1,1,1,1,1
FREP-273675-Z,1,1,1,1,1,1
FREP-273679-Z,1,1,1,1,1,1
FREP-273684-J,1,1,1,1,1,1
FREP-273695-G,1,1,1,1,1,1
FREP-273696-J,1,1,1,1,1,1
FREP-273717-J,1,1,1,1,1,1
FREP-273736-Z,1,1,1,1,1,1
FREP-273743-Z,1,1,1,1,1,1
FREP-273746-G,1,1,1,1,1,1
FREP-273752-G,1,1,1,1,1,1
FREP-273756-J,1,1,1,1,1,1
FREP-273757-Z,1,1,1,1,1,1
FREP-273763-Z,1,1,1,1,1,1
FREP-273771-Z,1,1,1,1,1,1
FREP-273778-Z,1,1,1,1,1,1
FREP-273782-J,1,1,1,1,1,1
FREP-273809-G,1,1,1,1,1,1
FREP-273810-J,1,1,1,1,1,1
FREP-273812-Z,1,1,1,1,1,1
FREP-273849-G,1,1,1,1,1,1
FREP-273860-G,1,1,1,1,1,1
FREP-273869-J,1,1,1,1,1,1
FREP-273872-J,1,1,1,1,1,1
FREP-273878-Z,1,1,1,1,1,1
FREP-273898-Z,1,1,1,1,1,1
FREP-273902-G,1,1,1,1,1,1
FREP-273906-Z,1,1,1,1,1,1
FREP-273910-J,1,1,1,1,1,1
FREP-273919-Z,1,1,1,1,1,1
FREP-273921-Z,1,1,1,1,1,1
FREP-273929-J,1,1,1,1,1,1
FREP-273932-J,1,1,1,1,1,1
FREP-273937-G,1,1,1,1,1,1
FREP-273951-Z,1,1,1,1,1,1
FREP-273953-G,1,1,1,1,1,1
FREP-273959-G,1,1,1,1,1,1
FREP-273975-J,1,1,1,1,1,1
FREP-273986-J,1,1,1,1,1,1
FREP-273998-Z,1,1,1,1,1,1
FREP-274000-G,1,1,1,1,1,1
FREP-274004-Z,1,1,1,1,1,1
FREP-274005-J,1,1,1,1,1,1
FREP-274009-G,1,1,1,1,1,1
FREP-274014-G,1,1,1,1,1,1
FREP-274015-J,1,1,1,1,1,1
FREP-274017-J,1,1,1,1,1,1
FREP-274020-J,1,1,1,1,1,1
FREP-274028-G,1,1,1,1,1,1
FREP-274047-G,1,1,1,1,1,1
FREP-274047-J,1,1,1,1,1,1
FREP-274055-J,1,1,1,1,1,1
FREP-274082-Z,1,1,1,1,1,1
FREP-274107-Z,1,1,1,1,1,1
FREP-274113-J,1,1,1,1,1,1
FREP-274122-J,1,1,1,1,1,1
FREP-274124-G,1,1,1,1,1,1
FREP-274126-J,1,1,1,1,1,1
FREP-274130-G,1,1,1,1,1,1
FREP-274142-Z,1,1,1,1,1,1
FREP-274144-G,1,1,1,1,1,1
FREP-274145-Z,1,1,1,1,1,1
FREP-274155-Z,1,1,1,1,1,1
FREP-274185-Z,1,1,1,1,1,1
FREP-274203-J,1,1,1,1,1,1
FREP-274205-Z,1,1,1,1,1,1
FREP-274218-J,1,1,1,1,1,1
FREP-274231-J,1,1,1,1,1,1
FREP-274238-J,1,1,1,1,1,1
FREP-274240-J,1,1,1,1,1,1
FREP-274249-J,1,1,1,1,1,1
FREP-274250-J,1,1,1,1,1,1
FREP-274254-G,1,1,1,1,1,1
FREP-274254-J,1,1,1,1,1,1
FREP-274260-J,1,1,1,1,1,1
FREP-274264-J,1,1,1,1,1,1
FREP-274267-J,1,1,1,1,1,1
FREP-274269-Z,1,1,1,1,1,1
FREP-274273-J,1,1,1,1,1,1
FREP-274276-J,1,1,1,1,1,1
FREP-274300-Z,1,1,1,1,1,1
FREP-274306-G,1,1,1,1,1,1
FREP-274310-Z,1,1,1,1,1,1
FREP-274331-Z,1,1,1,1,1,1
FREP-274349-Z,1,1,1,1,1,1
FREP-274351-Z,1,1,1,1,1,1
FREP-274353-Z,1,1,1,1,1,1
FREP-274360-J,1,1,1,1,1,1
FREP-274367-G,1,1,1,1,1,1
FREP-274367-Z,1,1,1,1,1,1
FREP-274372-G,1,1,1,1,1,1
FREP-274376-J,1,1,1,1,1,1
FREP-274377-Z,1,1,1,1,1,1
FREP-274379-J,1,1,1,1,1,1
FREP-274388-Z,1,1,1,1,1,1
FREP-274389-J,1,1,1,1,1,1
FREP-274396-J,1,1,1,1,1,1
FREP-274413-Z,1,1,1,1,1,1
FREP-274420-Z,1,1,1,1,1,1
FREP-274424-Z,1,1,1,1,1,1
FREP-274454-G,1,1,1,1,1,1
FREP-274456-Z,1,1,1,1,1,1
FREP-274457-G,1,1,1,1,1,1
FREP-274458-Z,1,1,1,1,1,1
FREP-274473-G,1,1,1,1,1,1
FREP-274490-J,1,1,1,1,1,1
FREP-274498-J,1,1,1,1,1,1
FREP-274503-Z,1,1,1,1,1,1
FREP-274513-Z,1,1,1,1,1,1
FREP-274520-J,1,1,1,1,1,1
FREP-274523-J,1,1,1,1,1,1
FREP-274549-Z,1,1,1,1,1,1
FREP-274551-Z,1,1,1,1,1,1
FREP-274560-G,1,1,1,1,1,1
FREP-274561-J,1,1,1,1,1,1
FREP-274571-J,1,1,1,1,1,1
FREP-274574-G,1,1,1,1,1,1
FREP-274584-J,1,1,1,1,1,1
FREP-274590-J,1,1,1,1,1,1
FREP-274600-Z,1,1,1,1,1,1
FREP-274603-J,1,1,1,1,1,1
FREP-274610-G,1,1,1,1,1,1
FREP-274611-G,1,1,1,1,1,1
FREP-274623-J,1,1,1,1,1,1
FREP-274641-G,1,1,1,1,1,1
FREP-274643-J,1,1,1,1,1,1
FREP-274643-Z,1,1,1,1,1,1
FREP-274686-G,1,1,1,1,1,1
FREP-274686-J,1,1,1,1,1,1
FREP-274688-G,1,1,1,1,1,1
FREP-274689-J,1,1,1,1,1,1
FREP-274691-G,1,1,1,1,1,1
FREP-274691-Z,1,1,1,1,1,1
FREP-274698-J,1,1,1,1,1,1
FREP-274700-J,1,1,1,1,1,1
FREP-274702-J,1,1,1,1,1,1
FREP-274705-G,1,1,1,1,1,1
FREP-274709-Z,1,1,1,1,1,1
FREP-274716-Z,1,1,1,1,1,1
FREP-274723-J,1,1,1,1,1,1
FREP-274723-Z,1,1,1,1,1,1
FREP-274725-G,1,1,1,1,1,1
FREP-274731-G,1,1,1,1,1,1
FREP-274736-Z,1,1,1,1,1,1
FREP-274748-J,1,1,1,1,1,1
FREP-274767-G,1,1,1,1,1,1
FREP-274775-G,1,1,1,1,1,1
FREP-274784-J,1,1,1,1,1,1
FREP-274798-Z,1,1,1,1,1,1
FREP-274803-J,1,1,1,1,1,1
FREP-274807-G,1,1,1,1,1,1
FREP-274830-Z,1,1,1,1,1,1
FREP-274844-J,1,1,1,1,1,1
FREP-274848-Z,1,1,1,1,1,1
FREP-274854-G,1,1,1,1,1,1
FREP-274863-G,1,1,1,1,1,1
FREP-274866-J,1,1,1,1,1,1
FREP-274869-Z,1,1,1,1,1,1
FREP-274873-Z,1,1,1,1,1,1
FREP-274876-Z,1,1,1,1,1,1
FREP-274877-G,1,1,1,1,1,1
FREP-274880-Z,1,1,1,1,1,1
FREP-274881-Z,1,1,1,1,1,1
FREP-274882-Z,1,1,1,1,1,1
FREP-274885-Z,1,1,1,1,1,1
FREP-274891-J,1,1,1,1,1,1
FREP-274914-Z,1,1,1,1,1,1
FREP-274941-G,1,1,1,1,1,1
FREP-274954-J,1,1,1,1,1,1
FREP-274962-G,1,1,1,1,1,1
FREP-274967-G,1,1,1,1,1,1
FREP-274967-Z,1,1,1,1,1,1
FREP-274975-G,1,1,1,1,1,1
FREP-275002-J,1,1,1,1,1,1
FREP-275009-G,1,1,1,1,1,1
FREP-275010-G,1,1,1,1,1,1
FREP-275012-Z,1,1,1,1,1,1
FREP-275017-Z,1,1,1,1,1,1
FREP-275018-Z,1,1,1,1,1,1
FREP-275020-Z,1,1,1,1,1,1
FREP-275021-J,1,1,1,1,1,1
FREP-275029-J,1,1,1,1,1,1
FREP-275033-Z,1,1,1,1,1,1
FREP-275035-G,1,1,1,1,1,1
FREP-275044-J,1,1,1,1,1,1
FREP-275052-G,1,1,1,1,1,1
FREP-275070-G,1,1,1,1,1,1
FREP-275072-J,1,1,1,1,1,1
FREP-275078-G,1,1,1,1,1,1
FREP-275091-J,1,1,1,1,1,1
FREP-275092-Z,1,1,1,1,1,1
FREP-275093-G,1,1,1,1,1,1
FREP-275106-Z,1,1,1,1,1,1
FREP-275114-Z,1,1,1,1,1,1
FREP-275118-J,1,1,1,1,1,1
FREP-275121-G,1,1,1,1,1,1
FREP-275130-G,1,1,1,1,1,1
FREP-275141-G,1,1,1,1,1,1
FREP-275159-Z,1,1,1,1,1,1
FREP-275163-G,1,1,1,1,1,1
FREP-275169-J,1,1,1,1,1,1
FREP-275169-Z,1,1,1,1,1,1
FREP-275185-G,1,1,1,1,1,1
FREP-275188-Z,1,1,1,1,1,1
FREP-275189-J,1,1,1,1,1,1
FREP-275191-Z,1,1,1,1,1,1
FREP-275218-Z,1,1,1,1,1,1
FREP-275225-G,1,1,1,1,1,1
FREP-275239-G,1,1,1,1,1,1
FREP-275241-J,1,1,1,1,1,1
FREP-275253-Z,1,1,1,1,1,1
FREP-275256-G,1,1,1,1,1,1
FREP-275257-G,1,1,1,1,1,1
FREP-275261-Z,1,1,1,1,1,1
FREP-275269-J,1,1,1,1,1,1
FREP-275270-Z,1,1,1,1,1,1
FREP-275283-J,1,1,1,1,1,1
FREP-275299-J,1,1,1,1,1,1
FREP-275304-J,1,1,1,1,1,1
FREP-275311-J,1,1,1,1,1,1
FREP-275314-J,1,1,1,1,1,1
FREP-275321-Z,1,1,1,1,1,1
FREP-275328-Z,1,1,1,1,1,1
FREP-275335-Z,1,1,1,1,1,1
FREP-275363-G,1,1,1,1,1,1
FREP-275367-G,1,1,1,1,1,1
FREP-275373-Z,1,1,1,1,1,1
FREP-275389-Z,1,1,1,1,1,1
FREP-275395-J,1,1,1,1,1,1
FREP-275399-Z,1,1,1,1,1,1
FREP-275420-J,1,1,1,1,1,1
FREP-275425-J,1,1,1,1,1,1
FREP-275430-J,1,1,1,1,1,1
FREP-275435-Z,1,1,1,1,1,1
FREP-275446-Z,1,1,1,1,1,1
FREP-275453-G,1,1,1,1,1,1
FREP-275454-Z,1,1,1,1,1,1
FREP-275455-J,1,1,1,1,1,1
FREP-275458-Z,1,1,1,1,1,1
FREP-275464-G,1,1,1,1,1,1
FREP-275467-J,1,1,1,1,1,1
FREP-275467-Z,1,1,1,1,1,1
FREP-275469-J,1,1,1,1,1,1
FREP-275473-Z,1,1,1,1,1,1
FREP-275480-Z,1,1,1,1,1,1
FREP-275485-G,1,1,1,1,1,1
FREP-275487-G,1,1,1,1,1,1
FREP-275490-Z,1,1,1,1,1,1
FREP-275491-G,1,1,1,1,1,1
FREP-275514-G,1,1,1,1,1,1
FREP-275516-J,1,1,1,1,1,1
FREP-275516-Z,1,1,1,1,1,1
FREP-275517-Z,1,1,1,1,1,1
FREP-275518-J,1,1,1,1,1,1
FREP-275518-Z,1,1,1,1,1,1
FREP-275522-G,1,1,1,1,1,1
FREP-275528-J,1,1,1,1,1,1
FREP-275530-G,1,1,1,1,1,1
FREP-275532-G,1,1,1,1,1,1
FREP-275539-G,1,1,1,1,1,1
FREP-275551-G,1,1,1,1,1,1
FREP-275552-Z,1,1,1,1,1,1
FREP-275562-J,1,1,1,1,1,1
FREP-275571-G,1,1,1,1,1,1
FREP-275574-G,1,1,1,1,1,1
FREP-275578-G,1,1,1,1,1,1
FREP-275589-G,1,1,1,1,1,1
FREP-275590-J,1,1,1,1,1,1
FREP-275609-J,1,1,1,1,1,1
FREP-275612-G,1,1,1,1,1,1
FREP-275625-J,1,1,1,1,1,1
FREP-275626-J,1,1,1,1,1,1
FREP-275627-G,1,1,1,1,1,1
FREP-275628-J,1,1,1,1,1,1
FREP-275636-G,1,1,1,1,1,1
FREP-275637-J,1,1,1,1,1,1
FREP-275649-J,1,1,1,1,1,1
FREP-275651-Z,1,1,1,1,1,1
FREP-275660-J,1,1,1,1,1,1
FREP-275661-Z,1,1,1,1,1,1
FREP-275674-J,1,1,1,1,1,1
FREP-275676-J,1,1,1,1,1,1
FREP-275680-J,1,1,1,1,1,1
FREP-275689-Z,1,1,1,1,1,1
FREP-275698-G,1,1,1,1,1,1
FREP-275698-Z,1,1,1,1,1,1
FREP-275699-Z,1,1,1,1,1,1
FREP-275702-J,1,1,1,1,1,1
FREP-275718-G,1,1,1,1,1,1
FREP-275720-J,1,1,1,1,1,1
FREP-275746-G,1,1,1,1,1,1
FREP-275750-J,1,1,1,1,1,1
FREP-275758-G,1,1,1,1,1,1
FREP-275766-G,1,1,1,1,1,1
FREP-275770-G,1,1,1,1,1,1
FREP-275771-G,1,1,1,1,1,1
FREP-275773-J,1,1,1,1,1,1
FREP-275774-Z,1,1,1,1,1,1
FREP-275775-Z,1,1,1,1,1,1
FREP-275786-G,1,1,1,1,1,1
FREP-275809-J,1,1,1,1,1,1
FREP-275812-G,1,1,1,1,1,1
FREP-275815-G,1,1,1,1,1,1
FREP-275826-J,1,1,1,1,1,1
FREP-275836-J,1,1,1,1,1,1
FREP-275838-G,1,1,1,1,1,1
FREP-275839-Z,1,1,1,1,1,1
FREP-275863-Z,1,1,1,1,1,1
FREP-275865-Z,1,1,1,1,1,1
FREP-275886-G,1,1,1,1,1,1
FREP-275886-J,1,1,1,1,1,1
FREP-275891-G,1,1,1,1,1,1
FREP-275924-J,1,1,1,1,1,1
FREP-275925-J,1,1,1,1,1,1
FREP-275935-J,1,1,1,1,1,1
FREP-275950-Z,1,1,1,1,1,1
FREP-275957-J,1,1,1,1,1,1
FREP-275960-J,1,1,1,1,1,1
FREP-275961-Z,1,1,1,1,1,1
FREP-275967-G,1,1,1,1,1,1
FREP-275971-Z,1,1,1,1,1,1
FREP-275975-Z,1,1,1,1,1,1
FREP-275984-Z,1,1,1,1,1,1
FREP-275989-J,1,1,1,1,1,1
FREP-275991-Z,1,1,1,1,1,1
FREP-276007-G,1,1,1,1,1,1
FREP-276010-G,1,1,1,1,1,1
FREP-276014-J,1,1,1,1,1,1
FREP-276018-G,1,1,1,1,1,1
FREP-276021-G,1,1,1,1,1,1
FREP-276041-G,1,1,1,1,1,1
FREP-276046-J,1,1,1,1,1,1
FREP-276050-Z,1,1,1,1,1,1
FREP-276054-G,1,1,1,1,1,1
FREP-276054-J,1,1,1,1,1,1
FREP-276074-Z,1,1,1,1,1,1
FREP-276083-Z,1,1,1,1,1,1
FREP-276085-J,1,1,1,1,1,1
FREP-276090-Z,1,1,1,1,1,1
FREP-276097-Z,1,1,1,1,1,1
FREP-276104-J,1,1,1,1,1,1
FREP-276105-Z,1,1,1,1,1,1
FREP-276112-G,1,1,1,1,1,1
FREP-276117-G,1,1,1,1,1,1
FREP-276118-G,1,1,1,1,1,1
FREP-276123-Z,1,1,1,1,1,1
FREP-276131-Z,1,1,1,1,1,1
FREP-276135-J,1,1,1,1,1,1
FREP-276140-J,1,1,1,1,1,1
FREP-276155-G,1,1,1,1,1,1
FREP-276162-G,1,1,1,1,1,1
FREP-276164-G,1,1,1,1,1,1
FREP-276168-G,1,1,1,1,1,1
FREP-276173-Z,1,1,1,1,1,1
FREP-276179-Z,1,1,1,1,1,1
FREP-276183-Z,1,1,1,1,1,1
FREP-276185-Z,1,1,1,1,1,1
FREP-276193-Z,1,1,1,1,1,1
FREP-276199-Z,1,1,1,1,1,1
FREP-276221-J,1,1,1,1,1,1
FREP-276225-Z,1,1,1,1,1,1
FREP-276226-J,1,1,1,1,1,1
FREP-276238-Z,1,1,1,1,1,1
FREP-276241-G,1,1,1,1,1,1
FREP-276245-G,1,1,1,1,1,1
FREP-276245-Z,1,1,1,1,1,1
FREP-276251-Z,1,1,1,1,1,1
FREP-276252-Z,1,1,1,1,1,1
FREP-276253-Z,1,1,1,1,1,1
FREP-276258-G,1,1,1,1,1,1
FREP-276263-Z,1,1,1,1,1,1
FREP-276266-G,1,1,1,1,1,1
FREP-276267-Z,1,1,1,1,1,1
FREP-276272-Z,1,1,1,1,1,1
FREP-276288-G,1,1,1,1,1,1
FREP-276291-G,1,1,1,1,1,1
FREP-276294-G,1,1,1,1,1,1
FREP-276295-G,1,1,1,1,1,1
FREP-276307-Z,1,1,1,1,1,1
FREP-276309-J,1,1,1,1,1,1
FREP-276313-Z,1,1,1,1,1,1
FREP-276334-G,1,1,1,1,1,1
FREP-276336-G,1,1,1,1,1,1
FREP-276347-Z,1,1,1,1,1,1
FREP-276349-Z,1,1,1,1,1,1
FREP-276350-Z,1,1,1,1,1,1
FREP-276354-Z,1,1,1,1,1,1
FREP-276356-Z,1,1,1,1,1,1
FREP-276357-G,1,1,1,1,1,1
FREP-276357-Z,1,1,1,1,1,1
FREP-276360-G,1,1,1,1,1,1
FREP-276364-G,1,1,1,1,1,1
FREP-276374-Z,1,1,1,1,1,1
FREP-276375-Z,1,1,1,1,1,1
FREP-276376-G,1,1,1,1,1,1
FREP-276378-Z,1,1,1,1,1,1
FREP-276387-G,1,1,1,1,1,1
FREP-276389-Z,1,1,1,1,1,1
FREP-276390-Z,1,1,1,1,1,1
FREP-276393-G,1,1,1,1,1,1
FREP-276394-G,1,1,1,1,1,1
FREP-276402-G,1,1,1,1,1,1
FREP-276402-J,1,1,1,1,1,1
FREP-276403-G,1,1,1,1,1,1
FREP-276404-G,1,1,1,1,1,1
FREP-276405-G,1,1,1,1,1,1
FREP-276409-J,1,1,1,1,1,1
FREP-276409-Z,1,1,1,1,1,1
FREP-276414-G,1,1,1,1,1,1
FREP-276418-Z,1,1,1,1,1,1
FREP-276419-Z,1,1,1,1,1,1
FREP-276420-G,1,1,1,1,1,1
FREP-276421-G,1,1,1,1,1,1
FREP-276422-Z,1,1,1,1,1,1
FREP-276429-Z,1,1,1,1,1,1
FREP-276435-G,1,1,1,1,1,1
FREP-276437-G,1,1,1,1,1,1
FREP-276456-Z,1,1,1,1,1,1
FREP-276458-Z,1,1,1,1,1,1
FREP-276462-Z,1,1,1,1,1,1
FREP-276464-J,1,1,1,1,1,1
FREP-276465-Z,1,1,1,1,1,1
FREP-276466-Z,1,1,1,1,1,1
FREP-276468-G,1,1,1,1,1,1
FREP-276473-Z,1,1,1,1,1,1
FREP-276474-G,1,1,1,1,1,1
FREP-276482-Z,1,1,1,1,1,1
FREP-276483-J,1,1,1,1,1,1
FREP-276486-G,1,1,1,1,1,1
FREP-276488-G,1,1,1,1,1,1
FREP-276491-J,1,1,1,1,1,1
FREP-276492-Z,1,1,1,1,1,1
FREP-276498-Z,1,1,1,1,1,1
FREP-276501-Z,1,1,1,1,1,1
FREP-276504-Z,1,1,1,1,1,1
FREP-276506-J,1,1,1,1,1,1
FREP-276517-J,1,1,1,1,1,1
FREP-276518-J,1,1,1,1,1,1
FREP-276518-Z,1,1,1,1,1,1
FREP-276521-J,1,1,1,1,1,1
FREP-276524-G,1,1,1,1,1,1
FREP-276531-J,1,1,1,1,1,1
FREP-276533-J,1,1,1,1,1,1
FREP-276535-J,1,1,1,1,1,1
FREP-276550-Z,1,1,1,1,1,1
FREP-276562-Z,1,1,1,1,1,1
FREP-276574-G,1,1,1,1,1,1
FREP-276577-G,1,1,1,1,1,1
FREP-276581-G,1,1,1,1,1,1
FREP-276583-G,1,1,1,1,1,1
FREP-276583-Z,1,1,1,1,1,1
FREP-276585-Z,1,1,1,1,1,1
FREP-276589-G,1,1,1,1,1,1
FREP-276593-Z,1,1,1,1,1,1
FREP-276612-Z,1,1,1,1,1,1
FREP-276617-Z,1,1,1,1,1,1
FREP-276627-J,1,1,1,1,1,1
FREP-276629-Z,1,1,1,1,1,1
FREP-276632-J,1,1,1,1,1,1
FREP-276632-Z,1,1,1,1,1,1
FREP-276635-G,1,1,1,1,1,1
FREP-276641-J,1,1,1,1,1,1
FREP-276645-J,1,1,1,1,1,1
FREP-276658-Z,1,1,1,1,1,1
FREP-276669-Z,1,1,1,1,1,1
FREP-276670-Z,1,1,1,1,1,1
FREP-276688-Z,1,1,1,1,1,1
FREP-276689-G,1,1,1,1,1,1
FREP-276701-J,1,1,1,1,1,1
FREP-276706-G,1,1,1,1,1,1
FREP-276710-G,1,1,1,1,1,1
FREP-276712-G,1,1,1,1,1,1
FREP-276714-G,1,1,1,1,1,1
FREP-276720-G,1,1,1,1,1,1
FREP-276720-Z,1,1,1,1,1,1
FREP-276738-Z,1,1,1,1,1,1
FREP-276744-J,1,1,1,1,1,1
FREP-276746-J,1,1,1,1,1,1
FREP-276748-J,1,1,1,1,1,1
FREP-276759-Z,1,1,1,1,1,1
FREP-276784-J,1,1,1,1,1,1
FREP-276792-Z,1,1,1,1,1,1
FREP-276815-Z,1,1,1,1,1,1
FREP-276820-Z,1,1,1,1,1,1
FREP-276821-G,1,1,1,1,1,1
FREP-276822-G,1,1,1,1,1,1
FREP-276852-G,1,1,1,1,1,1
FREP-276858-J,1,1,1,1,1,1
FREP-276863-Z,1,1,1,1,1,1
FREP-276889-Z,1,1,1,1,1,1
FREP-276894-G,1,1,1,1,1,1
FREP-276898-G,1,1,1,1,1,1
FREP-276899-G,1,1,1,1,1,1
FREP-276906-G,1,1,1,1,1,1
FREP-276916-Z,1,1,1,1,1,1
FREP-276919-Z,1,1,1,1,1,1
FREP-276948-G,1,1,1,1,1,1
FREP-276950-G,1,1,1,1,1,1
FREP-276955-Z,1,1,1,1,1,1
FREP-276957-G,1,1,1,1,1,1
FREP-276958-G,1,1,1,1,1,1
FREP-276967-G,1,1,1,1,1,1
FREP-276967-J,1,1,1,1,1,1
FREP-276969-J,1,1,1,1,1,1
FREP-276975-G,1,1,1,1,1,1
FREP-276993-G,1,1,1,1,1,1
FREP-276994-J,1,1,1,1,1,1
FREP-276998-G,1,1,1,1,1,1
FREP-277021-G,1,1,1,1,1,1
FREP-277043-G,1,1,1,1,1,1
FREP-277051-Z,1,1,1,1,1,1
FREP-277056-Z,1,1,1,1,1,1
FREP-277063-G,1,1,1,1,1,1
FREP-277063-J,1,1,1,1,1,1
FREP-277067-Z,1,1,1,1,1,1
FREP-277071-Z,1,1,1,1,1,1
FREP-277073-Z,1,1,1,1,1,1
FREP-277095-Z,1,1,1,1,1,1
FREP-277097-J,1,1,1,1,1,1
FREP-277107-Z,1,1,1,1,1,1
FREP-277114-G,1,1,1,1,1,1
FREP-277116-Z,1,1,1,1,1,1
FREP-277120-Z,1,1,1,1,1,1
FREP-277126-Z,1,1,1,1,1,1
FREP-277133-J,1,1,1,1,1,1
FREP-277154-J,1,1,1,1,1,1
FREP-277158-Z,1,1,1,1,1,1
FREP-277179-J,1,1,1,1,1,1
FREP-277183-J,1,1,1,1,1,1
FREP-277186-Z,1,1,1,1,1,1
FREP-277197-J,1,1,1,1,1,1
FREP-277199-G,1,1,1,1,1,1
FREP-277199-Z,1,1,1,1,1,1
FREP-277202-Z,1,1,1,1,1,1
FREP-277205-Z,1,1,1,1,1,1
FREP-277206-J,1,1,1,1,1,1
FREP-277207-G,1,1,1,1,1,1
FREP-277212-G,1,1,1,1,1,1
FREP-277212-Z,1,1,1,1,1,1
FREP-277215-J,1,1,1,1,1,1
FREP-277217-G,1,1,1,1,1,1
FREP-277236-Z,1,1,1,1,1,1
FREP-277240-Z,1,1,1,1,1,1
FREP-277252-G,1,1,1,1,1,1
FREP-277254-Z,1,1,1,1,1,1
FREP-277257-G,1,1,1,1,1,1
FREP-277257-J,1,1,1,1,1,1
FREP-277261-J,1,1,1,1,1,1
FREP-277263-J,1,1,1,1,1,1
FREP-277265-G,1,1,1,1,1,1
FREP-277266-J,1,1,1,1,1,1
FREP-277268-J,1,1,1,1,1,1
FREP-277280-J,1,1,1,1,1,1
FREP-277284-G,1,1,1,1,1,1
FREP-277289-G,1,1,1,1,1,1
FREP-277297-Z,1,1,1,1,1,1
FREP-277301-G,1,1,1,1,1,1
FREP-277302-G,1,1,1,1,1,1
FREP-277309-G,1,1,1,1,1,1
FREP-277314-G,1,1,1,1,1,1
FREP-277320-Z,1,1,1,1,1,1
FREP-277321-Z,1,1,1,1,1,1
FREP-277322-G,1,1,1,1,1,1
FREP-277340-G,1,1,1,1,1,1
FREP-277342-G,1,1,1,1,1,1
FREP-277348-Z,1,1,1,1,1,1
FREP-277356-J,1,1,1,1,1,1
FREP-277387-Z,1,1,1,1,1,1
FREP-277408-G,1,1,1,1,1,1
FREP-277411-J,1,1,1,1,1,1
FREP-277422-Z,1,1,1,1,1,1
FREP-277435-Z,1,1,1,1,1,1
FREP-277438-J,1,1,1,1,1,1
FREP-277446-J,1,1,1,1,1,1
FREP-277450-G,1,1,1,1,1,1
FREP-277450-J,1,1,1,1,1,1
FREP-277452-Z,1,1,1,1,1,1
FREP-277471-G,1,1,1,1,1,1
FREP-277501-G,1,1,1,1,1,1
FREP-277503-Z,1,1,1,1,1,1
FREP-277508-G,1,1,1,1,1,1
FREP-277514-G,1,1,1,1,1,1
FREP-277514-Z,1,1,1,1,1,1
FREP-277518-G,1,1,1,1,1,1
FREP-277518-Z,1,1,1,1,1,1
FREP-277522-G,1,1,1,1,1,1
FREP-277525-G,1,1,1,1,1,1
FREP-277531-J,1,1,1,1,1,1
FREP-277539-J,1,1,1,1,1,1
FREP-277540-Z,1,1,1,1,1,1
FREP-277565-G,1,1,1,1,1,1
FREP-277570-G,1,1,1,1,1,1
FREP-277583-G,1,1,1,1,1,1
FREP-277586-G,1,1,1,1,1,1
FREP-277587-J,1,1,1,1,1,1
FREP-277588-J,1,1,1,1,1,1
FREP-277593-G,1,1,1,1,1,1
FREP-277599-J,1,1,1,1,1,1
FREP-277600-J,1,1,1,1,1,1
FREP-277605-G,1,1,1,1,1,1
FREP-277609-G,1,1,1,1,1,1
FREP-277629-G,1,1,1,1,1,1
FREP-277638-Z,1,1,1,1,1,1
FREP-277641-G,1,1,1,1,1,1
FREP-277644-G,1,1,1,1,1,1
FREP-277652-G,1,1,1,1,1,1
FREP-277660-G,1,1,1,1,1,1
FREP-277662-G,1,1,1,1,1,1
FREP-277662-Z,1,1,1,1,1,1
FREP-277665-G,1,1,1,1,1,1
FREP-277667-J,1,1,1,1,1,1
FREP-277669-J,1,1,1,1,1,1
FREP-277682-G,1,1,1,1,1,1
FREP-277684-J,1,1,1,1,1,1
FREP-277687-Z,1,1,1,1,1,1
FREP-277689-Z,1,1,1,1,1,1
FREP-277690-Z,1,1,1,1,1,1
FREP-277693-Z,1,1,1,1,1,1
FREP-277702-G,1,1,1,1,1,1
FREP-277703-Z,1,1,1,1,1,1
FREP-277710-G,1,1,1,1,1,1
FREP-277724-Z,1,1,1,1,1,1
FREP-277732-J,1,1,1,1,1,1
FREP-277734-J,1,1,1,1,1,1
FREP-277736-J,1,1,1,1,1,1
FREP-277739-J,1,1,1,1,1,1
FREP-277752-G,1,1,1,1,1,1
FREP-277752-J,1,1,1,1,1,1
FREP-277756-G,1,1,1,1,1,1
FREP-277756-J,1,1,1,1,1,1
FREP-277760-G,1,1,1,1,1,1
FREP-277765-J,1,1,1,1,1,1
FREP-277767-G,1,1,1,1,1,1
FREP-277768-J,1,1,1,1,1,1
FREP-277769-G,1,1,1,1,1,1
FREP-277853-G,1,1,1,1,1,1
FREP-277858-G,1,1,1,1,1,1
FREP-277859-G,1,1,1,1,1,1
FREP-277862-G,1,1,1,1,1,1
FREP-277862-J,1,1,1,1,1,1
FREP-277863-G,1,1,1,1,1,1
FREP-277871-J,1,1,1,1,1,1
FREP-277874-Z,1,1,1,1,1,1
FREP-277882-J,1,1,1,1,1,1
FREP-277883-Z,1,1,1,1,1,1
FREP-277886-J,1,1,1,1,1,1
FREP-277887-Z,1,1,1,1,1,1
FREP-277893-Z,1,1,1,1,1,1
FREP-277900-J,1,1,1,1,1,1
FREP-277902-J,1,1,1,1,1,1
FREP-277919-G,1,1,1,1,1,1
FREP-277932-G,1,1,1,1,1,1
FREP-277955-J,1,1,1,1,1,1
FREP-277963-G,1,1,1,1,1,1
FREP-277966-G,1,1,1,1,1,1
FREP-277979-J,1,1,1,1,1,1
FREP-277985-Z,1,1,1,1,1,1
FREP-277992-J,1,1,1,1,1,1
FREP-278030-J,1,1,1,1,1,1
FREP-278038-Z,1,1,1,1,1,1
FREP-278039-G,1,1,1,1,1,1
FREP-278040-G,1,1,1,1,1,1
FREP-278055-Z,1,1,1,1,1,1
FREP-278073-G,1,1,1,1,1,1
FREP-278080-G,1,1,1,1,1,1
FREP-278081-J,1,1,1,1,1,1
FREP-278085-Z,1,1,1,1,1,1
FREP-278086-Z,1,1,1,1,1,1
FREP-278090-Z,1,1,1,1,1,1
FREP-278096-J,1,1,1,1,1,1
FREP-278101-Z,1,1,1,1,1,1
FREP-278106-G,1,1,1,1,1,1
FREP-278108-Z,1,1,1,1,1,1
FREP-278111-J,1,1,1,1,1,1
FREP-278117-G,1,1,1,1,1,1
FREP-278124-G,1,1,1,1,1,1
FREP-278132-G,1,1,1,1,1,1
FREP-278136-G,1,1,1,1,1,1
FREP-278137-G,1,1,1,1,1,1
FREP-278141-G,1,1,1,1,1,1
FREP-278149-G,1,1,1,1,1,1
FREP-278153-Z,1,1,1,1,1,1
FREP-278161-J,1,1,1,1,1,1
FREP-278161-Z,1,1,1,1,1,1
FREP-278164-Z,1,1,1,1,1,1
FREP-278166-G,1,1,1,1,1,1
FREP-278166-J,1,1,1,1,1,1
FREP-278170-G,1,1,1,1,1,1
FREP-278171-Z,1,1,1,1,1,1
FREP-278191-J,1,1,1,1,1,1
FREP-278212-Z,1,1,1,1,1,1
FREP-278214-Z,1,1,1,1,1,1
FREP-278222-G,1,1,1,1,1,1
FREP-278222-J,1,1,1,1,1,1
FREP-278224-J,1,1,1,1,1,1
FREP-278227-J,1,1,1,1,1,1
FREP-278237-J,1,1,1,1,1,1
FREP-278243-Z,1,1,1,1,1,1
FREP-278248-Z,1,1,1,1,1,1
FREP-278250-G,1,1,1,1,1,1
FREP-278263-Z,1,1,1,1,1,1
FREP-278265-Z,1,1,1,1,1,1
FREP-278291-Z,1,1,1,1,1,1
FREP-278304-G,1,1,1,1,1,1
FREP-278304-Z,1,1,1,1,1,1
FREP-278314-Z,1,1,1,1,1,1
FREP-278317-Z,1,1,1,1,1,1
FREP-278320-J,1,1,1,1,1,1
FREP-278326-G,1,1,1,1,1,1
FREP-278326-Z,1,1,1,1,1,1
FREP-278339-J,1,1,1,1,1,1
FREP-278343-G,1,1,1,1,1,1
FREP-278353-G,1,1,1,1,1,1
FREP-278366-J,1,1,1,1,1,1
FREP-278381-G,1,1,1,1,1,1
FREP-278401-G,1,1,1,1,1,1
FREP-278431-Z,1,1,1,1,1,1
FREP-278437-G,1,1,1,1,1,1
FREP-278444-G,1,1,1,1,1,1
FREP-278460-J,1,1,1,1,1,1
FREP-278461-J,1,1,1,1,1,1
FREP-278462-Z,1,1,1,1,1,1
FREP-278463-J,1,1,1,1,1,1
FREP-278463-Z,1,1,1,1,1,1
FREP-278465-G,1,1,1,1,1,1
FREP-278478-G,1,1,1,1,1,1
FREP-278478-Z,1,1,1,1,1,1
FREP-278491-J,1,1,1,1,1,1
FREP-278504-G,1,1,1,1,1,1
FREP-278508-Z,1,1,1,1,1,1
FREP-278524-Z,1,1,1,1,1,1
FREP-278531-Z,1,1,1,1,1,1
FREP-278550-Z,1,1,1,1,1,1
FREP-278551-J,1,1,1,1,1,1
FREP-278575-G,1,1,1,1,1,1
FREP-278646-J,1,1,1,1,1,1
FREP-278656-Z,1,1,1,1,1,1
FREP-278660-J,1,1,1,1,1,1
FREP-278661-J,1,1,1,1,1,1
FREP-278667-Z,1,1,1,1,1,1
FREP-278671-G,1,1,1,1,1,1
FREP-278675-J,1,1,1,1,1,1
FREP-278678-G,1,1,1,1,1,1
FREP-278698-G,1,1,1,1,1,1
FREP-278706-Z,1,1,1,1,1,1
FREP-278730-G,1,1,1,1,1,1
FREP-278752-J,1,1,1,1,1,1
FREP-278753-J,1,1,1,1,1,1
FREP-278758-J,1,1,1,1,1,1
FREP-278761-J,1,1,1,1,1,1
FREP-278766-G,1,1,1,1,1,1
FREP-278771-G,1,1,1,1,1,1
FREP-278773-G,1,1,1,1,1,1
FREP-278781-G,1,1,1,1,1,1
FREP-278808-G,1,1,1,1,1,1
FREP-278816-G,1,1,1,1,1,1
FREP-278816-J,1,1,1,1,1,1
FREP-278836-Z,1,1,1,1,1,1
FREP-278841-G,1,1,1,1,1,1
FREP-278844-J,1,1,1,1,1,1
FREP-278853-G,1,1,1,1,1,1
FREP-278855-G,1,1,1,1,1,1
FREP-278859-G,1,1,1,1,1,1
FREP-278887-Z,1,1,1,1,1,1
FREP-278895-J,1,1,1,1,1,1
FREP-278925-Z,1,1,1,1,1,1
FREP-278929-J,1,1,1,1,1,1
FREP-278930-Z,1,1,1,1,1,1
FREP-278935-Z,1,1,1,1,1,1
FREP-278948-Z,1,1,1,1,1,1
FREP-278955-G,1,1,1,1,1,1
FREP-278973-J,1,1,1,1,1,1
FREP-278974-G,1,1,1,1,1,1
FREP-278976-Z,1,1,1,1,1,1
FREP-278977-J,1,1,1,1,1,1
FREP-278999-Z,1,1,1,1,1,1
FREP-279002-J,1,1,1,1,1,1
FREP-279014-G,1,1,1,1,1,1
FREP-279017-J,1,1,1,1,1,1
FREP-279033-G,1,1,1,1,1,1
FREP-279035-J,1,1,1,1,1,1
FREP-279049-Z,1,1,1,1,1,1
FREP-279052-J,1,1,1,1,1,1
FREP-279062-J,1,1,1,1,1,1
FREP-279115-J,1,1,1,1,1,1
FREP-279128-J,1,1,1,1,1,1
FREP-279131-J,1,1,1,1,1,1
FREP-279138-Z,1,1,1,1,1,1
FREP-279139-G,1,1,1,1,1,1
FREP-279143-Z,1,1,1,1,1,1
FREP-279167-G,1,1,1,1,1,1
FREP-279168-G,1,1,1,1,1,1
FREP-279190-G,1,1,1,1,1,1
FREP-279190-Z,1,1,1,1,1,1
FREP-279193-Z,1,1,1,1,1,1
FREP-279194-G,1,1,1,1,1,1
FREP-279199-J,1,1,1,1,1,1
FREP-279201-J,1,1,1,1,1,1
FREP-279239-G,1,1,1,1,1,1
FREP-279248-J,1,1,1,1,1,1
FREP-279266-J,1,1,1,1,1,1
FREP-279267-J,1,1,1,1,1,1
FREP-279274-J,1,1,1,1,1,1
FREP-279274-Z,1,1,1,1,1,1
FREP-279289-J,1,1,1,1,1,1
FREP-279290-G,1,1,1,1,1,1
FREP-279291-G,1,1,1,1,1,1
FREP-279309-G,1,1,1,1,1,1
FREP-279309-Z,1,1,1,1,1,1
FREP-279312-Z,1,1,1,1,1,1
FREP-279319-Z,1,1,1,1,1,1
FREP-279322-G,1,1,1,1,1,1
FREP-279325-G,1,1,1,1,1,1
FREP-279328-J,1,1,1,1,1,1
FREP-279331-Z,1,1,1,1,1,1
FREP-279333-Z,1,1,1,1,1,1
FREP-279334-G,1,1,1,1,1,1
FREP-279335-G,1,1,1,1,1,1
FREP-279337-G,1,1,1,1,1,1
FREP-279341-Z,1,1,1,1,1,1
FREP-279345-G,1,1,1,1,1,1
FREP-279350-G,1,1,1,1,1,1
FREP-279351-G,1,1,1,1,1,1
FREP-279352-Z,1,1,1,1,1,1
FREP-279361-G,1,1,1,1,1,1
FREP-279365-G,1,1,1,1,1,1
FREP-279366-G,1,1,1,1,1,1
FREP-279373-G,1,1,1,1,1,1
FREP-279377-Z,1,1,1,1,1,1
FREP-279395-Z,1,1,1,1,1,1
FREP-279398-J,1,1,1,1,1,1
FREP-279398-Z,1,1,1,1,1,1
FREP-279414-J,1,1,1,1,1,1
FREP-279424-J,1,1,1,1,1,1
FREP-279431-G,1,1,1,1,1,1
FREP-279436-Z,1,1,1,1,1,1
FREP-279443-J,1,1,1,1,1,1
FREP-279444-G,1,1,1,1,1,1
FREP-279445-Z,1,1,1,1,1,1
FREP-279446-G,1,1,1,1,1,1
FREP-279457-Z,1,1,1,1,1,1
FREP-279465-J,1,1,1,1,1,1
FREP-279466-J,1,1,1,1,1,1
FREP-279469-J,1,1,1,1,1,1
FREP-279490-Z,1,1,1,1,1,1
FREP-279491-Z,1,1,1,1,1,1
FREP-279492-Z,1,1,1,1,1,1
FREP-279511-Z,1,1,1,1,1,1
FREP-279513-G,1,1,1,1,1,1
FREP-279515-J,1,1,1,1,1,1
FREP-279521-J,1,1,1,1,1,1
FREP-279523-J,1,1,1,1,1,1
FREP-279530-J,1,1,1,1,1,1
FREP-279534-Z,1,1,1,1,1,1
FREP-279544-Z,1,1,1,1,1,1
FREP-279549-G,1,1,1,1,1,1
FREP-279552-G,1,1,1,1,1,1
FREP-279553-J,1,1,1,1,1,1
FREP-279557-G,1,1,1,1,1,1
FREP-279562-G,1,1,1,1,1,1
FREP-279565-G,1,1,1,1,1,1
FREP-279594-Z,1,1,1,1,1,1
FREP-279596-J,1,1,1,1,1,1
FREP-279606-J,1,1,1,1,1,1
FREP-279607-G,1,1,1,1,1,1
FREP-279608-G,1,1,1,1,1,1
FREP-279616-J,1,1,1,1,1,1
FREP-279626-Z,1,1,1,1,1,1
FREP-279632-G,1,1,1,1,1,1
FREP-279634-J,1,1,1,1,1,1
FREP-279637-J,1,1,1,1,1,1
FREP-279643-J,1,1,1,1,1,1
FREP-279646-G,1,1,1,1,1,1
FREP-279652-G,1,1,1,1,1,1
FREP-279656-G,1,1,1,1,1,1
FREP-279659-J,1,1,1,1,1,1
FREP-279669-G,1,1,1,1,1,1
FREP-279670-G,1,1,1,1,1,1
FREP-279679-Z,1,1,1,1,1,1
FREP-279682-Z,1,1,1,1,1,1
FREP-279693-G,1,1,1,1,1,1
FREP-279702-J,1,1,1,1,1,1
FREP-279705-J,1,1,1,1,1,1
FREP-279712-G,1,1,1,1,1,1
FREP-279732-G,1,1,1,1,1,1
FREP-279745-G,1,1,1,1,1,1
FREP-279746-G,1,1,1,1,1,1
FREP-279754-J,1,1,1,1,1,1
FREP-279758-G,1,1,1,1,1,1
FREP-279776-G,1,1,1,1,1,1
FREP-279779-Z,1,1,1,1,1,1
FREP-279821-G,1,1,1,1,1,1
FREP-279824-G,1,1,1,1,1,1
FREP-279826-G,1,1,1,1,1,1
FREP-279828-G,1,1,1,1,1,1
FREP-279831-G,1,1,1,1,1,1
FREP-279837-G,1,1,1,1,1,1
FREP-279854-J,1,1,1,1,1,1
FREP-279867-Z,1,1,1,1,1,1
FREP-279870-Z,1,1,1,1,1,1
FREP-279880-G,1,1,1,1,1,1
FREP-279890-J,1,1,1,1,1,1
FREP-279893-G,1,1,1,1,1,1
FREP-279896-Z,1,1,1,1,1,1
FREP-279904-Z,1,1,1,1,1,1
FREP-279913-G,1,1,1,1,1,1
FREP-279915-G,1,1,1,1,1,1
FREP-279916-G,1,1,1,1,1,1
FREP-279932-J,1,1,1,1,1,1
FREP-279933-J,1,1,1,1,1,1
FREP-279938-J,1,1,1,1,1,1
FREP-279940-J,1,1,1,1,1,1
FREP-279956-Z,1,1,1,1,1,1
FREP-279968-G,1,1,1,1,1,1
FREP-279970-G,1,1,1,1,1,1
FREP-279973-G,1,1,1,1,1,1
FREP-279975-G,1,1,1,1,1,1
FREP-279976-G,1,1,1,1,1,1
FREP-279981-G,1,1,1,1,1,1
FREP-279984-G,1,1,1,1,1,1
FREP-280002-G,1,1,1,1,1,1
FREP-280004-G,1,1,1,1,1,1
FREP-280019-J,1,1,1,1,1,1
FREP-280029-J,1,1,1,1,1,1
FREP-280046-J,1,1,1,1,1,1
FREP-280054-G,1,1,1,1,1,1
FREP-280060-J,1,1,1,1,1,1
FREP-280066-Z,1,1,1,1,1,1
FREP-280078-G,1,1,1,1,1,1
FREP-280080-G,1,1,1,1,1,1
FREP-280098-G,1,1,1,1,1,1
FREP-280098-Z,1,1,1,1,1,1
FREP-280101-J,1,1,1,1,1,1
FREP-280105-Z,1,1,1,1,1,1
FREP-280106-J,1,1,1,1,1,1
FREP-280112-G,1,1,1,1,1,1
FREP-280119-G,1,1,1,1,1,1
FREP-280120-J,1,1,1,1,1,1
FREP-280130-G,1,1,1,1,1,1
FREP-280137-Z,1,1,1,1,1,1
FREP-280138-Z,1,1,1,1,1,1
FREP-280145-G,1,1,1,1,1,1
FREP-280146-J,1,1,1,1,1,1
FREP-280176-G,1,1,1,1,1,1
FREP-280179-Z,1,1,1,1,1,1
FREP-280181-Z,1,1,1,1,1,1
FREP-280187-Z,1,1,1,1,1,1
FREP-280200-Z,1,1,1,1,1,1
FREP-280212-Z,1,1,1,1,1,1
FREP-280226-G,1,1,1,1,1,1
FREP-280226-J,1,1,1,1,1,1
FREP-280228-J,1,1,1,1,1,1
FREP-280235-G,1,1,1,1,1,1
FREP-280236-G,1,1,1,1,1,1
FREP-280254-J,1,1,1,1,1,1
FREP-280275-Z,1,1,1,1,1,1
FREP-280289-J,1,1,1,1,1,1
FREP-280315-G,1,1,1,1,1,1
FREP-280334-Z,1,1,1,1,1,1
FREP-280339-Z,1,1,1,1,1,1
FREP-280350-G,1,1,1,1,1,1
FREP-280358-G,1,1,1,1,1,1
FREP-280359-Z,1,1,1,1,1,1
FREP-280370-J,1,1,1,1,1,1
FREP-280374-G,1,1,1,1,1,1
FREP-280377-G,1,1,1,1,1,1
FREP-280378-G,1,1,1,1,1,1
FREP-280383-G,1,1,1,1,1,1
FREP-280385-G,1,1,1,1,1,1
FREP-280401-G,1,1,1,1,1,1
FREP-280410-G,1,1,1,1,1,1
FREP-280433-J,1,1,1,1,1,1
FREP-280436-G,1,1,1,1,1,1
FREP-280449-J,1,1,1,1,1,1
FREP-280452-G,1,1,1,1,1,1
FREP-280463-G,1,1,1,1,1,1
FREP-280464-G,1,1,1,1,1,1
FREP-280471-G,1,1,1,1,1,1
FREP-280485-Z,1,1,1,1,1,1
FREP-280486-J,1,1,1,1,1,1
FREP-280493-Z,1,1,1,1,1,1
FREP-280499-J,1,1,1,1,1,1
FREP-280510-J,1,1,1,1,1,1
FREP-280520-J,1,1,1,1,1,1
FREP-280526-Z,1,1,1,1,1,1
FREP-280528-Z,1,1,1,1,1,1
FREP-280531-G,1,1,1,1,1,1
FREP-280532-G,1,1,1,1,1,1
FREP-280534-J,1,1,1,1,1,1
FREP-280552-Z,1,1,1,1,1,1
FREP-280554-Z,1,1,1,1,1,1
FREP-280558-Z,1,1,1,1,1,1
FREP-280559-Z,1,1,1,1,1,1
FREP-280571-Z,1,1,1,1,1,1
FREP-280573-Z,1,1,1,1,1,1
FREP-280574-Z,1,1,1,1,1,1
FREP-280576-Z,1,1,1,1,1,1
FREP-280578-G,1,1,1,1,1,1
FREP-280582-Z,1,1,1,1,1,1
FREP-280594-Z,1,1,1,1,1,1
FREP-280596-J,1,1,1,1,1,1
FREP-280598-Z,1,1,1,1,1,1
FREP-280600-J,1,1,1,1,1,1
FREP-280606-Z,1,1,1,1,1,1
FREP-280626-J,1,1,1,1,1,1
FREP-280627-Z,1,1,1,1,1,1
FREP-280637-G,1,1,1,1,1,1
FREP-280638-Z,1,1,1,1,1,1
FREP-280643-Z,1,1,1,1,1,1
FREP-280672-G,1,1,1,1,1,1
FREP-280675-G,1,1,1,1,1,1
FREP-280680-Z,1,1,1,1,1,1
FREP-280682-Z,1,1,1,1,1,1
FREP-280688-J,1,1,1,1,1,1
FREP-280699-Z,1,1,1,1,1,1
FREP-280711-Z,1,1,1,1,1,1
FREP-280716-G,1,1,1,1,1,1
FREP-280728-Z,1,1,1,1,1,1
FREP-280736-Z,1,1,1,1,1,1
FREP-280746-G,1,1,1,1,1,1
FREP-280752-Z,1,1,1,1,1,1
FREP-280763-G,1,1,1,1,1,1
FREP-280783-G,1,1,1,1,1,1
FREP-280787-G,1,1,1,1,1,1
FREP-280791-G,1,1,1,1,1,1
FREP-280792-J,1,1,1,1,1,1
FREP-280803-G,1,1,1,1,1,1
FREP-280805-G,1,1,1,1,1,1
FREP-280822-Z,1,1,1,1,1,1
FREP-280830-G,1,1,1,1,1,1
FREP-280832-J,1,1,1,1,1,1
FREP-280838-G,1,1,1,1,1,1
FREP-280869-Z,1,1,1,1,1,1
FREP-280871-G,1,1,1,1,1,1
FREP-280875-G,1,1,1,1,1,1
FREP-280893-G,1,1,1,1,1,1
FREP-280894-G,1,1,1,1,1,1
FREP-280900-G,1,1,1,1,1,1
FREP-280915-G,1,1,1,1,1,1
FREP-280919-Z,1,1,1,1,1,1
FREP-280936-G,1,1,1,1,1,1
FREP-280943-G,1,1,1,1,1,1
FREP-280967-J,1,1,1,1,1,1
FREP-280967-Z,1,1,1,1,1,1
FREP-280986-Z,1,1,1,1,1,1
FREP-281002-J,1,1,1,1,1,1
FREP-281007-J,1,1,1,1,1,1
FREP-281014-J,1,1,1,1,1,1
FREP-281016-G,1,1,1,1,1,1
FREP-281020-J,1,1,1,1,1,1
FREP-281022-J,1,1,1,1,1,1
FREP-281025-J,1,1,1,1,1,1
FREP-281033-J,1,1,1,1,1,1
FREP-281035-J,1,1,1,1,1,1
FREP-281051-J,1,1,1,1,1,1
FREP-281052-J,1,1,1,1,1,1
FREP-281073-J,1,1,1,1,1,1
FREP-281088-Z,1,1,1,1,1,1
FREP-281096-J,1,1,1,1,1,1
FREP-281103-J,1,1,1,1,1,1
FREP-281105-J,1,1,1,1,1,1
FREP-281108-Z,1,1,1,1,1,1
FREP-281109-G,1,1,1,1,1,1
FREP-281116-J,1,1,1,1,1,1
FREP-281122-J,1,1,1,1,1,1
FREP-281135-G,1,1,1,1,1,1
FREP-281138-Z,1,1,1,1,1,1
FREP-281145-G,1,1,1,1,1,1
FREP-281180-J,1,1,1,1,1,1
FREP-281190-J,1,1,1,1,1,1
FREP-281191-J,1,1,1,1,1,1
FREP-281195-G,1,1,1,1,1,1
FREP-281196-Z,1,1,1,1,1,1
FREP-281202-J,1,1,1,1,1,1
FREP-281222-G,1,1,1,1,1,1
FREP-281228-G,1,1,1,1,1,1
FREP-281229-G,1,1,1,1,1,1
FREP-281231-J,1,1,1,1,1,1
FREP-281232-Z,1,1,1,1,1,1
FREP-281245-J,1,1,1,1,1,1
FREP-281256-Z,1,1,1,1,1,1
FREP-281260-G,1,1,1,1,1,1
FREP-281265-J,1,1,1,1,1,1
FREP-281266-J,1,1,1,1,1,1
FREP-281269-J,1,1,1,1,1,1
FREP-281269-Z,1,1,1,1,1,1
FREP-281274-G,1,1,1,1,1,1
FREP-281275-G,1,1,1,1,1,1
FREP-281283-J,1,1,1,1,1,1
FREP-281292-J,1,1,1,1,1,1
FREP-281296-G,1,1,1,1,1,1
FREP-281297-J,1,1,1,1,1,1
FREP-281308-G,1,1,1,1,1,1
FREP-281325-G,1,1,1,1,1,1
FREP-281346-G,1,1,1,1,1,1
FREP-281367-G,1,1,1,1,1,1
FREP-281368-J,1,1,1,1,1,1
FREP-281369-J,1,1,1,1,1,1
FREP-281378-J,1,1,1,1,1,1
FREP-281380-J,1,1,1,1,1,1
FREP-281380-Z,1,1,1,1,1,1
FREP-281400-J,1,1,1,1,1,1
FREP-281411-Z,1,1,1,1,1,1
FREP-281412-Z,1,1,1,1,1,1
FREP-281416-Z,1,1,1,1,1,1
FREP-281427-J,1,1,1,1,1,1
FREP-281442-Z,1,1,1,1,1,1
FREP-281447-J,1,1,1,1,1,1
FREP-281448-G,1,1,1,1,1,1
FREP-281450-G,1,1,1,1,1,1
FREP-281454-J,1,1,1,1,1,1
FREP-281463-J,1,1,1,1,1,1
FREP-281464-J,1,1,1,1,1,1
FREP-281475-J,1,1,1,1,1,1
FREP-281477-G,1,1,1,1,1,1
FREP-281481-J,1,1,1,1,1,1
FREP-281482-G,1,1,1,1,1,1
FREP-281484-G,1,1,1,1,1,1
FREP-281489-J,1,1,1,1,1,1
FREP-281490-J,1,1,1,1,1,1
FREP-281495-J,1,1,1,1,1,1
FREP-281496-J,1,1,1,1,1,1
FREP-281499-J,1,1,1,1,1,1
FREP-281500-G,1,1,1,1,1,1
FREP-281500-J,1,1,1,1,1,1
FREP-281503-J,1,1,1,1,1,1
FREP-281520-J,1,1,1,1,1,1
FREP-281536-G,1,1,1,1,1,1
FREP-281557-G,1,1,1,1,1,1
FREP-281561-J,1,1,1,1,1,1
FREP-281566-J,1,1,1,1,1,1
FREP-281569-G,1,1,1,1,1,1
FREP-281571-J,1,1,1,1,1,1
FREP-281571-Z,1,1,1,1,1,1
FREP-281572-Z,1,1,1,1,1,1
FREP-281578-G,1,1,1,1,1,1
FREP-281584-G,1,1,1,1,1,1
FREP-281587-G,1,1,1,1,1,1
FREP-281599-Z,1,1,1,1,1,1
FREP-281607-Z,1,1,1,1,1,1
FREP-281611-Z,1,1,1,1,1,1
FREP-281612-G,1,1,1,1,1,1
FREP-281629-Z,1,1,1,1,1,1
FREP-281637-J,1,1,1,1,1,1
FREP-281656-J,1,1,1,1,1,1
FREP-281677-Z,1,1,1,1,1,1
FREP-281687-G,1,1,1,1,1,1
FREP-281691-G,1,1,1,1,1,1
FREP-281694-G,1,1,1,1,1,1
FREP-281717-J,1,1,1,1,1,1
FREP-281725-J,1,1,1,1,1,1
FREP-281741-G,1,1,1,1,1,1
FREP-281741-Z,1,1,1,1,1,1
FREP-281742-J,1,1,1,1,1,1
FREP-281742-Z,1,1,1,1,1,1
FREP-281744-J,1,1,1,1,1,1
FREP-281756-J,1,1,1,1,1,1
FREP-281759-Z,1,1,1,1,1,1
FREP-281763-J,1,1,1,1,1,1
FREP-281768-J,1,1,1,1,1,1
FREP-281771-G,1,1,1,1,1,1
FREP-281783-J,1,1,1,1,1,1
FREP-281786-Z,1,1,1,1,1,1
FREP-281793-G,1,1,1,1,1,1
FREP-281794-G,1,1,1,1,1,1
FREP-281796-Z,1,1,1,1,1,1
FREP-281799-Z,1,1,1,1,1,1
FREP-281801-Z,1,1,1,1,1,1
FREP-281802-J,1,1,1,1,1,1
FREP-281803-Z,1,1,1,1,1,1
FREP-281808-G,1,1,1,1,1,1
FREP-281809-G,1,1,1,1,1,1
FREP-281810-G,1,1,1,1,1,1
FREP-281815-J,1,1,1,1,1,1
FREP-281824-J,1,1,1,1,1,1
FREP-281826-G,1,1,1,1,1,1
FREP-281828-Z,1,1,1,1,1,1
FREP-281833-Z,1,1,1,1,1,1
FREP-281837-Z,1,1,1,1,1,1
FREP-281838-G,1,1,1,1,1,1
FREP-281842-Z,1,1,1,1,1,1
FREP-281845-Z,1,1,1,1,1,1
FREP-281852-J,1,1,1,1,1,1
FREP-281859-G,1,1,1,1,1,1
FREP-281863-G,1,1,1,1,1,1
FREP-281866-J,1,1,1,1,1,1
FREP-281866-Z,1,1,1,1,1,1
FREP-281873-G,1,1,1,1,1,1
FREP-281878-Z,1,1,1,1,1,1
FREP-281880-G,1,1,1,1,1,1
FREP-281885-J,1,1,1,1,1,1
FREP-281885-Z,1,1,1,1,1,1
FREP-281898-G,1,1,1,1,1,1
FREP-281908-G,1,1,1,1,1,1
FREP-281910-Z,1,1,1,1,1,1
FREP-281912-G,1,1,1,1,1,1
FREP-281915-Z,1,1,1,1,1,1
FREP-281918-J,1,1,1,1,1,1
FREP-281923-Z,1,1,1,1,1,1
FREP-281924-G,1,1,1,1,1,1
FREP-281924-J,1,1,1,1,1,1
FREP-281925-J,1,1,1,1,1,1
FREP-281926-G,1,1,1,1,1,1
FREP-281926-Z,1,1,1,1,1,1
FREP-281928-J,1,1,1,1,1,1
FREP-281935-G,1,1,1,1,1,1
FREP-281936-G,1,1,1,1,1,1
FREP-281937-J,1,1,1,1,1,1
FREP-281938-J,1,1,1,1,1,1
FREP-281945-Z,1,1,1,1,1,1
FREP-281956-J,1,1,1,1,1,1
FREP-281960-J,1,1,1,1,1,1
FREP-281960-Z,1,1,1,1,1,1
FREP-281968-Z,1,1,1,1,1,1
FREP-281969-G,1,1,1,1,1,1
FREP-281970-Z,1,1,1,1,1,1
FREP-281971-Z,1,1,1,1,1,1
FREP-281975-Z,1,1,1,1,1,1
FREP-281978-G,1,1,1,1,1,1
FREP-281979-Z,1,1,1,1,1,1
FREP-281981-Z,1,1,1,1,1,1
FREP-281982-G,1,1,1,1,1,1
FREP-281983-G,1,1,1,1,1,1
FREP-281989-Z,1,1,1,1,1,1
FREP-281991-Z,1,1,1,1,1,1
FREP-282000-G,1,1,1,1,1,1
FREP-282002-G,1,1,1,1,1,1
FREP-282006-Z,1,1,1,1,1,1
FREP-282009-J,1,1,1,1,1,1
FREP-282018-G,1,1,1,1,1,1
FREP-282020-G,1,1,1,1,1,1
FREP-282028-G,1,1,1,1,1,1
FREP-282029-Z,1,1,1,1,1,1
FREP-282036-Z,1,1,1,1,1,1
FREP-282040-G,1,1,1,1,1,1
FREP-282042-G,1,1,1,1,1,1
FREP-282044-G,1,1,1,1,1,1
FREP-282045-G,1,1,1,1,1,1
FREP-282048-J,1,1,1,1,1,1
FREP-282059-Z,1,1,1,1,1,1
FREP-282065-Z,1,1,1,1,1,1
FREP-282066-Z,1,1,1,1,1,1
FREP-282072-G,1,1,1,1,1,1
FREP-282080-Z,1,1,1,1,1,1
FREP-282099-Z,1,1,1,1,1,1
FREP-282104-Z,1,1,1,1,1,1
FREP-282112-Z,1,1,1,1,1,1
FREP-282115-Z,1,1,1,1,1,1
FREP-282117-J,1,1,1,1,1,1
FREP-282126-G,1,1,1,1,1,1
FREP-282135-G,1,1,1,1,1,1
FREP-282146-G,1,1,1,1,1,1
FREP-282148-G,1,1,1,1,1,1
FREP-282149-G,1,1,1,1,1,1
FREP-282159-G,1,1,1,1,1,1
FREP-282160-Z,1,1,1,1,1,1
FREP-282161-G,1,1,1,1,1,1
FREP-282161-Z,1,1,1,1,1,1
FREP-282162-G,1,1,1,1,1,1
FREP-282165-G,1,1,1,1,1,1
FREP-282181-J,1,1,1,1,1,1
FREP-282182-G,1,1,1,1,1,1
FREP-282194-J,1,1,1,1,1,1
FREP-282203-G,1,1,1,1,1,1
FREP-282204-J,1,1,1,1,1,1
FREP-282208-Z,1,1,1,1,1,1
FREP-282211-G,1,1,1,1,1,1
FREP-282212-G,1,1,1,1,1,1
FREP-282216-G,1,1,1,1,1,1
FREP-282218-G,1,1,1,1,1,1
FREP-282224-G,1,1,1,1,1,1
FREP-282230-J,1,1,1,1,1,1
FREP-282233-G,1,1,1,1,1,1
FREP-282240-G,1,1,1,1,1,1
FREP-282246-G,1,1,1,1,1,1
FREP-282248-G,1,1,1,1,1,1
FREP-282251-G,1,1,1,1,1,1
FREP-282254-G,1,1,1,1,1,1
FREP-282259-G,1,1,1,1,1,1
FREP-282264-G,1,1,1,1,1,1
FREP-282265-G,1,1,1,1,1,1
FREP-282267-G,1,1,1,1,1,1
FREP-282269-G,1,1,1,1,1,1
FREP-282276-Z,1,1,1,1,1,1
FREP-282286-G,1,1,1,1,1,1
FREP-282287-Z,1,1,1,1,1,1
FREP-282288-J,1,1,1,1,1,1
FREP-282298-J,1,1,1,1,1,1
FREP-282303-G,1,1,1,1,1,1
FREP-282309-G,1,1,1,1,1,1
FREP-282317-G,1,1,1,1,1,1
FREP-282318-Z,1,1,1,1,1,1
FREP-282331-Z,1,1,1,1,1,1
FREP-282332-G,1,1,1,1,1,1
FREP-282339-G,1,1,1,1,1,1
FREP-282345-J,1,1,1,1,1,1
FREP-282350-G,1,1,1,1,1,1
FREP-282369-J,1,1,1,1,1,1
FREP-282370-G,1,1,1,1,1,1
FREP-282372-J,1,1,1,1,1,1
FREP-282376-G,1,1,1,1,1,1
FREP-282386-Z,1,1,1,1,1,1
FREP-282389-G,1,1,1,1,1,1
FREP-282390-Z,1,1,1,1,1,1
FREP-282394-G,1,1,1,1,1,1
FREP-282399-G,1,1,1,1,1,1
FREP-282406-J,1,1,1,1,1,1
FREP-282409-Z,1,1,1,1,1,1
FREP-282413-J,1,1,1,1,1,1
FREP-282427-J,1,1,1,1,1,1
FREP-282434-G,1,1,1,1,1,1
FREP-282441-Z,1,1,1,1,1,1
FREP-282442-Z,1,1,1,1,1,1
FREP-282458-J,1,1,1,1,1,1
FREP-282462-G,1,1,1,1,1,1
FREP-282463-J,1,1,1,1,1,1
FREP-282465-Z,1,1,1,1,1,1
FREP-282473-G,1,1,1,1,1,1
FREP-282474-G,1,1,1,1,1,1
FREP-282485-G,1,1,1,1,1,1
FREP-282487-J,1,1,1,1,1,1
FREP-282488-J,1,1,1,1,1,1
FREP-282493-J,1,1,1,1,1,1
FREP-282509-J,1,1,1,1,1,1
FREP-282511-G,1,1,1,1,1,1
FREP-282518-J,1,1,1,1,1,1
FREP-282541-Z,1,1,1,1,1,1
FREP-282558-G,1,1,1,1,1,1
FREP-282591-J,1,1,1,1,1,1
FREP-282596-J,1,1,1,1,1,1
FREP-282646-Z,1,1,1,1,1,1
FREP-282647-Z,1,1,1,1,1,1
FREP-282648-Z,1,1,1,1,1,1
FREP-282653-J,1,1,1,1,1,1
FREP-282662-J,1,1,1,1,1,1
FREP-282667-Z,1,1,1,1,1,1
FREP-282669-J,1,1,1,1,1,1
FREP-282670-Z,1,1,1,1,1,1
FREP-282679-G,1,1,1,1,1,1
FREP-282686-J,1,1,1,1,1,1
FREP-282690-Z,1,1,1,1,1,1
FREP-282694-G,1,1,1,1,1,1
FREP-282695-G,1,1,1,1,1,1
FREP-282702-G,1,1,1,1,1,1
FREP-282725-J,1,1,1,1,1,1
FREP-282728-J,1,1,1,1,1,1
FREP-282744-J,1,1,1,1,1,1
FREP-282747-J,1,1,1,1,1,1
FREP-282749-G,1,1,1,1,1,1
FREP-282755-G,1,1,1,1,1,1
FREP-282762-J,1,1,1,1,1,1
FREP-282763-J,1,1,1,1,1,1
FREP-282779-J,1,1,1,1,1,1
FREP-282788-J,1,1,1,1,1,1
FREP-282793-G,1,1,1,1,1,1
FREP-282801-G,1,1,1,1,1,1
FREP-282803-G,1,1,1,1,1,1
FREP-282807-G,1,1,1,1,1,1
FREP-282811-Z,1,1,1,1,1,1
FREP-282813-G,1,1,1,1,1,1
FREP-282817-J,1,1,1,1,1,1
FREP-282829-G,1,1,1,1,1,1
FREP-282843-G,1,1,1,1,1,1
FREP-282849-J,1,1,1,1,1,1
FREP-282854-Z,1,1,1,1,1,1
FREP-282855-Z,1,1,1,1,1,1
FREP-282856-Z,1,1,1,1,1,1
FREP-282859-J,1,1,1,1,1,1
FREP-282859-Z,1,1,1,1,1,1
FREP-282860-Z,1,1,1,1,1,1
FREP-282861-G,1,1,1,1,1,1
FREP-282872-Z,1,1,1,1,1,1
FREP-282883-G,1,1,1,1,1,1
FREP-282902-Z,1,1,1,1,1,1
FREP-282908-J,1,1,1,1,1,1
FREP-282931-Z,1,1,1,1,1,1
FREP-282940-G,1,1,1,1,1,1
FREP-282953-J,1,1,1,1,1,1
FREP-282968-J,1,1,1,1,1,1
FREP-282969-G,1,1,1,1,1,1
FREP-282971-J,1,1,1,1,1,1
FREP-282974-Z,1,1,1,1,1,1
FREP-282977-G,1,1,1,1,1,1
FREP-282980-G,1,1,1,1,1,1
FREP-282997-G,1,1,1,1,1,1
FREP-282999-J,1,1,1,1,1,1
FREP-283012-G,1,1,1,1,1,1
FREP-283017-Z,1,1,1,1,1,1
FREP-283018-J,1,1,1,1,1,1
FREP-283025-G,1,1,1,1,1,1
FREP-283025-Z,1,1,1,1,1,1
FREP-283030-J,1,1,1,1,1,1
FREP-283053-J,1,1,1,1,1,1
FREP-283063-J,1,1,1,1,1,1
FREP-283071-Z,1,1,1,1,1,1
FREP-283082-Z,1,1,1,1,1,1
FREP-283088-J,1,1,1,1,1,1
FREP-283094-Z,1,1,1,1,1,1
FREP-283107-J,1,1,1,1,1,1
FREP-283108-Z,1,1,1,1,1,1
FREP-283111-Z,1,1,1,1,1,1
FREP-283115-J,1,1,1,1,1,1
FREP-283125-G,1,1,1,1,1,1
FREP-283143-Z,1,1,1,1,1,1
FREP-283159-Z,1,1,1,1,1,1
FREP-283163-G,1,1,1,1,1,1
FREP-283165-Z,1,1,1,1,1,1
FREP-283180-Z,1,1,1,1,1,1
FREP-283184-Z,1,1,1,1,1,1
FREP-283194-Z,1,1,1,1,1,1
FREP-283197-G,1,1,1,1,1,1
FREP-283199-G,1,1,1,1,1,1
FREP-283203-G,1,1,1,1,1,1
FREP-283203-Z,1,1,1,1,1,1
FREP-283208-G,1,1,1,1,1,1
FREP-283214-G,1,1,1,1,1,1
FREP-283214-Z,1,1,1,1,1,1
FREP-283221-G,1,1,1,1,1,1
FREP-283246-J,1,1,1,1,1,1
FREP-283247-Z,1,1,1,1,1,1
FREP-283248-J,1,1,1,1,1,1
FREP-283251-J,1,1,1,1,1,1
FREP-283287-Z,1,1,1,1,1,1
FREP-283298-Z,1,1,1,1,1,1
FREP-283301-Z,1,1,1,1,1,1
FREP-283310-J,1,1,1,1,1,1
FREP-283315-Z,1,1,1,1,1,1
FREP-283321-J,1,1,1,1,1,1
FREP-283323-G,1,1,1,1,1,1
FREP-283341-J,1,1,1,1,1,1
FREP-283343-Z,1,1,1,1,1,1
FREP-283346-Z,1,1,1,1,1,1
FREP-283348-Z,1,1,1,1,1,1
FREP-283356-G,1,1,1,1,1,1
FREP-283359-Z,1,1,1,1,1,1
FREP-283366-J,1,1,1,1,1,1
FREP-283368-Z,1,1,1,1,1,1
FREP-283372-Z,1,1,1,1,1,1
FREP-283382-J,1,1,1,1,1,1
FREP-283404-Z,1,1,1,1,1,1
FREP-283418-J,1,1,1,1,1,1
FREP-283422-J,1,1,1,1,1,1
FREP-283430-G,1,1,1,1,1,1
FREP-283437-Z,1,1,1,1,1,1
FREP-283443-J,1,1,1,1,1,1
FREP-283444-G,1,1,1,1,1,1
FREP-283448-J,1,1,1,1,1,1
FREP-283449-G,1,1,1,1,1,1
FREP-283450-G,1,1,1,1,1,1
FREP-283476-G,1,1,1,1,1,1
FREP-283480-G,1,1,1,1,1,1
FREP-283484-J,1,1,1,1,1,1
FREP-283493-J,1,1,1,1,1,1
FREP-283498-Z,1,1,1,1,1,1
FREP-283514-J,1,1,1,1,1,1
FREP-283535-G,1,1,1,1,1,1
FREP-283553-G,1,1,1,1,1,1
FREP-283561-J,1,1,1,1,1,1
FREP-283564-Z,1,1,1,1,1,1
FREP-283568-J,1,1,1,1,1,1
FREP-283568-Z,1,1,1,1,1,1
FREP-283578-J,1,1,1,1,1,1
FREP-283586-J,1,1,1,1,1,1
FREP-283590-Z,1,1,1,1,1,1
FREP-283593-G,1,1,1,1,1,1
FREP-283594-G,1,1,1,1,1,1
FREP-283600-J,1,1,1,1,1,1
FREP-283602-Z,1,1,1,1,1,1
FREP-283603-G,1,1,1,1,1,1
FREP-283603-Z,1,1,1,1,1,1
FREP-283607-G,1,1,1,1,1,1
FREP-283613-G,1,1,1,1,1,1
FREP-283613-Z,1,1,1,1,1,1
FREP-283616-Z,1,1,1,1,1,1
FREP-283620-G,1,1,1,1,1,1
FREP-283624-Z,1,1,1,1,1,1
FREP-283631-J,1,1,1,1,1,1
FREP-283635-G,1,1,1,1,1,1
FREP-283642-Z,1,1,1,1,1,1
FREP-283643-J,1,1,1,1,1,1
FREP-283646-Z,1,1,1,1,1,1
FREP-283653-G,1,1,1,1,1,1
FREP-283658-J,1,1,1,1,1,1
FREP-283659-G,1,1,1,1,1,1
FREP-283660-Z,1,1,1,1,1,1
FREP-283662-G,1,1,1,1,1,1
FREP-283681-G,1,1,1,1,1,1
FREP-283696-G,1,1,1,1,1,1
FREP-283698-G,1,1,1,1,1,1
FREP-283700-J,1,1,1,1,1,1
FREP-283716-G,1,1,1,1,1,1
FREP-283744-J,1,1,1,1,1,1
FREP-283748-J,1,1,1,1,1,1
FREP-283752-Z,1,1,1,1,1,1
FREP-283767-Z,1,1,1,1,1,1
FREP-283771-Z,1,1,1,1,1,1
FREP-283788-J,1,1,1,1,1,1
FREP-283795-G,1,1,1,1,1,1
FREP-283801-Z,1,1,1,1,1,1
FREP-283809-J,1,1,1,1,1,1
FREP-283830-Z,1,1,1,1,1,1
FREP-283838-Z,1,1,1,1,1,1
FREP-283856-J,1,1,1,1,1,1
FREP-283864-J,1,1,1,1,1,1
FREP-283866-G,1,1,1,1,1,1
FREP-283873-G,1,1,1,1,1,1
FREP-283896-G,1,1,1,1,1,1
FREP-283903-G,1,1,1,1,1,1
FREP-283911-G,1,1,1,1,1,1
FREP-283913-J,1,1,1,1,1,1
FREP-283926-J,1,1,1,1,1,1
FREP-283933-J,1,1,1,1,1,1
FREP-283937-J,1,1,1,1,1,1
FREP-283951-J,1,1,1,1,1,1
FREP-283953-G,1,1,1,1,1,1
FREP-283957-Z,1,1,1,1,1,1
FREP-283968-G,1,1,1,1,1,1
FREP-283982-G,1,1,1,1,1,1
FREP-283982-Z,1,1,1,1,1,1
FREP-284003-Z,1,1,1,1,1,1
FREP-284005-Z,1,1,1,1,1,1
FREP-284006-G,1,1,1,1,1,1
FREP-284011-G,1,1,1,1,1,1
FREP-284016-Z,1,1,1,1,1,1
FREP-284020-Z,1,1,1,1,1,1
FREP-284024-J,1,1,1,1,1,1
FREP-284028-G,1,1,1,1,1,1
FREP-284047-G,1,1,1,1,1,1
FREP-284052-J,1,1,1,1,1,1
FREP-284055-G,1,1,1,1,1,1
FREP-284058-J,1,1,1,1,1,1
FREP-284069-Z,1,1,1,1,1,1
FREP-284074-G,1,1,1,1,1,1
FREP-284076-G,1,1,1,1,1,1
FREP-284100-J,1,1,1,1,1,1
FREP-284102-G,1,1,1,1,1,1
FREP-284102-J,1,1,1,1,1,1
FREP-284105-G,1,1,1,1,1,1
FREP-284112-G,1,1,1,1,1,1
FREP-284114-G,1,1,1,1,1,1
FREP-284120-G,1,1,1,1,1,1
FREP-284125-J,1,1,1,1,1,1
FREP-284127-J,1,1,1,1,1,1
FREP-284134-J,1,1,1,1,1,1
FREP-284137-J,1,1,1,1,1,1
FREP-284150-G,1,1,1,1,1,1
FREP-284168-J,1,1,1,1,1,1
FREP-284192-G,1,1,1,1,1,1
FREP-284199-G,1,1,1,1,1,1
FREP-284205-G,1,1,1,1,1,1
FREP-284208-G,1,1,1,1,1,1
FREP-284208-J,1,1,1,1,1,1
FREP-284214-Z,1,1,1,1,1,1
FREP-284219-Z,1,1,1,1,1,1
FREP-284220-J,1,1,1,1,1,1
FREP-284226-Z,1,1,1,1,1,1
FREP-284228-Z,1,1,1,1,1,1
FREP-284234-Z,1,1,1,1,1,1
FREP-284249-Z,1,1,1,1,1,1
FREP-284250-G,1,1,1,1,1,1
FREP-284250-J,1,1,1,1,1,1
FREP-284250-Z,1,1,1,1,1,1
FREP-284256-J,1,1,1,1,1,1
FREP-284263-G,1,1,1,1,1,1
FREP-284265-J,1,1,1,1,1,1
FREP-284270-G,1,1,1,1,1,1
FREP-284273-G,1,1,1,1,1,1
FREP-284280-G,1,1,1,1,1,1
FREP-284283-G,1,1,1,1,1,1
FREP-284301-J,1,1,1,1,1,1
FREP-284312-G,1,1,1,1,1,1
FREP-284313-Z,1,1,1,1,1,1
FREP-284326-G,1,1,1,1,1,1
FREP-284335-J,1,1,1,1,1,1
FREP-284336-G,1,1,1,1,1,1
FREP-284340-G,1,1,1,1,1,1
FREP-284356-G,1,1,1,1,1,1
FREP-284358-G,1,1,1,1,1,1
FREP-284362-Z,1,1,1,1,1,1
FREP-284373-G,1,1,1,1,1,1
FREP-284377-Z,1,1,1,1,1,1
FREP-284381-G,1,1,1,1,1,1
FREP-284394-J,1,1,1,1,1,1
FREP-284399-J,1,1,1,1,1,1
FREP-284399-Z,1,1,1,1,1,1
FREP-284400-G,1,1,1,1,1,1
FREP-284401-Z,1,1,1,1,1,1
FREP-284403-G,1,1,1,1,1,1
FREP-284411-Z,1,1,1,1,1,1
FREP-284412-J,1,1,1,1,1,1
FREP-284416-Z,1,1,1,1,1,1
FREP-284452-J,1,1,1,1,1,1
FREP-284457-J,1,1,1,1,1,1
FREP-284457-Z,1,1,1,1,1,1
FREP-284461-Z,1,1,1,1,1,1
FREP-284467-G,1,1,1,1,1,1
FREP-284480-Z,1,1,1,1,1,1
FREP-284483-G,1,1,1,1,1,1
FREP-284494-Z,1,1,1,1,1,1
FREP-284505-G,1,1,1,1,1,1
FREP-284512-G,1,1,1,1,1,1
FREP-284512-J,1,1,1,1,1,1
FREP-284515-G,1,1,1,1,1,1
FREP-284519-G,1,1,1,1,1,1
FREP-284522-G,1,1,1,1,1,1
FREP-284523-G,1,1,1,1,1,1
FREP-284533-G,1,1,1,1,1,1
FREP-284537-G,1,1,1,1,1,1
FREP-284541-G,1,1,1,1,1,1
FREP-284542-G,1,1,1,1,1,1
FREP-284545-G,1,1,1,1,1,1
FREP-284547-Z,1,1,1,1,1,1
FREP-284551-Z,1,1,1,1,1,1
FREP-284552-Z,1,1,1,1,1,1
FREP-284554-G,1,1,1,1,1,1
FREP-284555-Z,1,1,1,1,1,1
FREP-284562-J,1,1,1,1,1,1
FREP-284562-Z,1,1,1,1,1,1
FREP-284565-G,1,1,1,1,1,1
FREP-284567-G,1,1,1,1,1,1
FREP-284567-J,1,1,1,1,1,1
FREP-284569-G,1,1,1,1,1,1
FREP-284570-G,1,1,1,1,1,1
FREP-284581-Z,1,1,1,1,1,1
FREP-284584-J,1,1,1,1,1,1
FREP-284589-Z,1,1,1,1,1,1
FREP-284594-Z,1,1,1,1,1,1
FREP-284595-G,1,1,1,1,1,1
FREP-284596-J,1,1,1,1,1,1
FREP-284598-J,1,1,1,1,1,1
FREP-284599-G,1,1,1,1,1,1
FREP-284607-J,1,1,1,1,1,1
FREP-284607-Z,1,1,1,1,1,1
FREP-284611-Z,1,1,1,1,1,1
FREP-284613-G,1,1,1,1,1,1
FREP-284617-G,1,1,1,1,1,1
FREP-284622-G,1,1,1,1,1,1
FREP-284623-G,1,1,1,1,1,1
FREP-284623-Z,1,1,1,1,1,1
FREP-284624-G,1,1,1,1,1,1
FREP-284631-G,1,1,1,1,1,1
FREP-284631-Z,1,1,1,1,1,1
FREP-284639-G,1,1,1,1,1,1
FREP-284642-G,1,1,1,1,1,1
FREP-284649-G,1,1,1,1,1,1
FREP-284661-Z,1,1,1,1,1,1
FREP-284664-G,1,1,1,1,1,1
FREP-284684-Z,1,1,1,1,1,1
FREP-284691-J,1,1,1,1,1,1
FREP-284696-G,1,1,1,1,1,1
FREP-284697-J,1,1,1,1,1,1
FREP-284702-G,1,1,1,1,1,1
FREP-284708-J,1,1,1,1,1,1
FREP-284716-G,1,1,1,1,1,1
FREP-284718-Z,1,1,1,1,1,1
FREP-284721-G,1,1,1,1,1,1
FREP-284724-G,1,1,1,1,1,1
FREP-284727-Z,1,1,1,1,1,1
FREP-284729-J,1,1,1,1,1,1
FREP-284738-Z,1,1,1,1,1,1
FREP-284747-Z,1,1,1,1,1,1
FREP-284755-J,1,1,1,1,1,1
FREP-284767-G,1,1,1,1,1,1
FREP-284783-G,1,1,1,1,1,1
FREP-284785-G,1,1,1,1,1,1
FREP-284787-Z,1,1,1,1,1,1
FREP-284790-G,1,1,1,1,1,1
FREP-284800-Z,1,1,1,1,1,1
FREP-284804-Z,1,1,1,1,1,1
FREP-284818-G,1,1,1,1,1,1
FREP-284819-G,1,1,1,1,1,1
FREP-284830-J,1,1,1,1,1,1
FREP-284830-Z,1,1,1,1,1,1
FREP-284834-G,1,1,1,1,1,1
FREP-284835-J,1,1,1,1,1,1
FREP-284838-J,1,1,1,1,1,1
FREP-284841-Z,1,1,1,1,1,1
FREP-284843-G,1,1,1,1,1,1
FREP-284846-Z,1,1,1,1,1,1
FREP-284847-J,1,1,1,1,1,1
FREP-284848-J,1,1,1,1,1,1
FREP-284849-J,1,1,1,1,1,1
FREP-284856-J,1,1,1,1,1,1
FREP-284857-Z,1,1,1,1,1,1
FREP-284858-G,1,1,1,1,1,1
FREP-284859-Z,1,1,1,1,1,1
FREP-284864-G,1,1,1,1,1,1
FREP-284882-G,1,1,1,1,1,1
FREP-284884-G,1,1,1,1,1,1
FREP-284886-G,1,1,1,1,1,1
FREP-284888-G,1,1,1,1,1,1
FREP-284889-G,1,1,1,1,1,1
FREP-284900-Z,1,1,1,1,1,1
FREP-284905-G,1,1,1,1,1,1
FREP-284911-G,1,1,1,1,1,1
FREP-284914-J,1,1,1,1,1,1
FREP-284921-J,1,1,1,1,1,1
FREP-284923-J,1,1,1,1,1,1
FREP-284924-G,1,1,1,1,1,1
FREP-284933-Z,1,1,1,1,1,1
FREP-284934-G,1,1,1,1,1,1
FREP-284937-G,1,1,1,1,1,1
FREP-284939-G,1,1,1,1,1,1
FREP-284943-J,1,1,1,1,1,1
FREP-284948-G,1,1,1,1,1,1
FREP-284953-Z,1,1,1,1,1,1
FREP-284954-G,1,1,1,1,1,1
FREP-284958-J,1,1,1,1,1,1
FREP-284962-Z,1,1,1,1,1,1
FREP-284967-J,1,1,1,1,1,1
FREP-284982-J,1,1,1,1,1,1
FREP-284983-G,1,1,1,1,1,1
FREP-284986-G,1,1,1,1,1,1
FREP-285003-G,1,1,1,1,1,1
FREP-285013-J,1,1,1,1,1,1
FREP-285017-G,1,1,1,1,1,1
FREP-285018-J,1,1,1,1,1,1
FREP-285020-J,1,1,1,1,1,1
FREP-285021-G,1,1,1,1,1,1
FREP-285027-J,1,1,1,1,1,1
FREP-285030-J,1,1,1,1,1,1
FREP-285032-J,1,1,1,1,1,1
FREP-285039-G,1,1,1,1,1,1
FREP-285040-G,1,1,1,1,1,1
FREP-285043-G,1,1,1,1,1,1
FREP-285046-G,1,1,1,1,1,1
FREP-285050-G,1,1,1,1,1,1
FREP-285051-J,1,1,1,1,1,1
FREP-285054-J,1,1,1,1,1,1
FREP-285057-G,1,1,1,1,1,1
FREP-285063-G,1,1,1,1,1,1
FREP-285065-G,1,1,1,1,1,1
FREP-285070-G,1,1,1,1,1,1
FREP-285072-G,1,1,1,1,1,1
FREP-285073-G,1,1,1,1,1,1
FREP-285080-J,1,1,1,1,1,1
FREP-285088-Z,1,1,1,1,1,1
FREP-285094-Z,1,1,1,1,1,1
FREP-285097-G,1,1,1,1,1,1
FREP-285098-Z,1,1,1,1,1,1
FREP-285100-G,1,1,1,1,1,1
FREP-285100-Z,1,1,1,1,1,1
FREP-285104-Z,1,1,1,1,1,1
FREP-285109-G,1,1,1,1,1,1
FREP-285113-G,1,1,1,1,1,1
FREP-285115-G,1,1,1,1,1,1
FREP-285117-Z,1,1,1,1,1,1
FREP-285118-Z,1,1,1,1,1,1
FREP-285121-J,1,1,1,1,1,1
FREP-285122-G,1,1,1,1,1,1
FREP-285123-J,1,1,1,1,1,1
FREP-285125-G,1,1,1,1,1,1
FREP-285125-J,1,1,1,1,1,1
FREP-285126-J,1,1,1,1,1,1
FREP-285140-G,1,1,1,1,1,1
FREP-285152-G,1,1,1,1,1,1
FREP-285159-G,1,1,1,1,1,1
FREP-285164-G,1,1,1,1,1,1
FREP-285166-G,1,1,1,1,1,1
FREP-285167-Z,1,1,1,1,1,1
FREP-285170-G,1,1,1,1,1,1
FREP-285181-G,1,1,1,1,1,1
FREP-285210-G,1,1,1,1,1,1
FREP-285217-G,1,1,1,1,1,1
FREP-285220-G,1,1,1,1,1,1
FREP-285226-G,1,1,1,1,1,1
FREP-285231-G,1,1,1,1,1,1
FREP-285232-G,1,1,1,1,1,1
FREP-285235-G,1,1,1,1,1,1
FREP-285236-Z,1,1,1,1,1,1
FREP-285238-G,1,1,1,1,1,1
FREP-285239-G,1,1,1,1,1,1
FREP-285249-G,1,1,1,1,1,1
FREP-285251-G,1,1,1,1,1,1
FREP-285251-Z,1,1,1,1,1,1
FREP-285253-G,1,1,1,1,1,1
FREP-285254-Z,1,1,1,1,1,1
FREP-285257-G,1,1,1,1,1,1
FREP-285260-G,1,1,1,1,1,1
FREP-285266-G,1,1,1,1,1,1
FREP-285275-G,1,1,1,1,1,1
FREP-285277-G,1,1,1,1,1,1
FREP-285279-Z,1,1,1,1,1,1
FREP-285282-G,1,1,1,1,1,1
FREP-285282-Z,1,1,1,1,1,1
FREP-285287-G,1,1,1,1,1,1
FREP-285292-G,1,1,1,1,1,1
FREP-285294-G,1,1,1,1,1,1
FREP-285297-Z,1,1,1,1,1,1
FREP-285300-Z,1,1,1,1,1,1
FREP-285302-G,1,1,1,1,1,1
FREP-285305-G,1,1,1,1,1,1
FREP-285306-Z,1,1,1,1,1,1
FREP-285314-G,1,1,1,1,1,1
FREP-285317-G,1,1,1,1,1,1
FREP-285319-G,1,1,1,1,1,1
FREP-285320-G,1,1,1,1,1,1
FREP-285321-Z,1,1,1,1,1,1
FREP-285323-G,1,1,1,1,1,1
FREP-285324-G,1,1,1,1,1,1
FREP-285324-Z,1,1,1,1,1,1
FREP-285327-G,1,1,1,1,1,1
FREP-285336-G,1,1,1,1,1,1
FREP-285337-Z,1,1,1,1,1,1
FREP-285338-Z,1,1,1,1,1,1
FREP-285343-G,1,1,1,1,1,1
FREP-285345-G,1,1,1,1,1,1
FREP-285349-G,1,1,1,1,1,1
FREP-285349-Z,1,1,1,1,1,1
FREP-285351-G,1,1,1,1,1,1
FREP-285352-Z,1,1,1,1,1,1
FREP-285353-G,1,1,1,1,1,1
FREP-285353-Z,1,1,1,1,1,1
FREP-285360-G,1,1,1,1,1,1
FREP-285360-Z,1,1,1,1,1,1
FREP-285364-J,1,1,1,1,1,1
FREP-285372-G,1,1,1,1,1,1
FREP-285372-Z,1,1,1,1,1,1
FREP-285374-Z,1,1,1,1,1,1
FREP-285385-Z,1,1,1,1,1,1
FREP-285386-G,1,1,1,1,1,1
FREP-285386-Z,1,1,1,1,1,1
FREP-285387-Z,1,1,1,1,1,1
FREP-285388-G,1,1,1,1,1,1
FREP-285391-Z,1,1,1,1,1,1
FREP-285395-G,1,1,1,1,1,1
FREP-285398-G,1,1,1,1,1,1
FREP-285404-Z,1,1,1,1,1,1
FREP-285405-Z,1,1,1,1,1,1
FREP-285412-Z,1,1,1,1,1,1
FREP-285413-Z,1,1,1,1,1,1
FREP-285416-Z,1,1,1,1,1,1
FREP-285417-G,1,1,1,1,1,1
FREP-285417-Z,1,1,1,1,1,1
FREP-285424-G,1,1,1,1,1,1
FREP-285432-Z,1,1,1,1,1,1
FREP-285434-Z,1,1,1,1,1,1
FREP-285435-Z,1,1,1,1,1,1
FREP-285440-J,1,1,1,1,1,1
FREP-285451-G,1,1,1,1,1,1
FREP-285452-G,1,1,1,1,1,1
FREP-285456-G,1,1,1,1,1,1
FREP-285457-G,1,1,1,1,1,1
FREP-285460-G,1,1,1,1,1,1
FREP-285469-G,1,1,1,1,1,1
FREP-285470-G,1,1,1,1,1,1
FREP-285476-J,1,1,1,1,1,1
FREP-285479-Z,1,1,1,1,1,1
FREP-285482-G,1,1,1,1,1,1
FREP-285491-Z,1,1,1,1,1,1
FREP-285493-G,1,1,1,1,1,1
FREP-285498-Z,1,1,1,1,1,1
FREP-285500-Z,1,1,1,1,1,1
FREP-285507-G,1,1,1,1,1,1
FREP-285509-Z,1,1,1,1,1,1
FREP-285510-Z,1,1,1,1,1,1
FREP-285511-J,1,1,1,1,1,1
FREP-285511-Z,1,1,1,1,1,1
FREP-285513-J,1,1,1,1,1,1
FREP-285516-J,1,1,1,1,1,1
FREP-285518-Z,1,1,1,1,1,1
FREP-285523-Z,1,1,1,1,1,1
FREP-285525-J,1,1,1,1,1,1
FREP-285526-Z,1,1,1,1,1,1
FREP-285532-Z,1,1,1,1,1,1
FREP-285540-G,1,1,1,1,1,1
FREP-285544-Z,1,1,1,1,1,1
FREP-285545-G,1,1,1,1,1,1
FREP-285546-J,1,1,1,1,1,1
FREP-285552-G,1,1,1,1,1,1
FREP-285554-Z,1,1,1,1,1,1
FREP-285555-G,1,1,1,1,1,1
FREP-285560-Z,1,1,1,1,1,1
FREP-285571-G,1,1,1,1,1,1
FREP-285576-G,1,1,1,1,1,1
FREP-285593-G,1,1,1,1,1,1
FREP-285594-J,1,1,1,1,1,1
FREP-285598-G,1,1,1,1,1,1
FREP-285600-Z,1,1,1,1,1,1
FREP-285607-Z,1,1,1,1,1,1
FREP-285608-J,1,1,1,1,1,1
FREP-285611-G,1,1,1,1,1,1
FREP-285637-Z,1,1,1,1,1,1
FREP-285643-J,1,1,1,1,1,1
FREP-285648-G,1,1,1,1,1,1
FREP-285650-G,1,1,1,1,1,1
FREP-285651-G,1,1,1,1,1,1
FREP-285653-Z,1,1,1,1,1,1
FREP-285654-G,1,1,1,1,1,1
FREP-285655-G,1,1,1,1,1,1
FREP-285655-J,1,1,1,1,1,1
FREP-285657-G,1,1,1,1,1,1
FREP-285658-G,1,1,1,1,1,1
FREP-285659-G,1,1,1,1,1,1
FREP-285660-Z,1,1,1,1,1,1
FREP-285667-Z,1,1,1,1,1,1
FREP-285687-G,1,1,1,1,1,1
FREP-285699-Z,1,1,1,1,1,1
FREP-285704-Z,1,1,1,1,1,1
FREP-285713-G,1,1,1,1,1,1
FREP-285726-J,1,1,1,1,1,1
FREP-285738-G,1,1,1,1,1,1
FREP-285758-J,1,1,1,1,1,1
FREP-285763-G,1,1,1,1,1,1
FREP-285772-J,1,1,1,1,1,1
FREP-285777-G,1,1,1,1,1,1
FREP-285779-G,1,1,1,1,1,1
FREP-285786-G,1,1,1,1,1,1
FREP-285794-G,1,1,1,1,1,1
FREP-285807-G,1,1,1,1,1,1
FREP-285811-G,1,1,1,1,1,1
FREP-285830-Z,1,1,1,1,1,1
FREP-285833-Z,1,1,1,1,1,1
FREP-285839-Z,1,1,1,1,1,1
FREP-285846-G,1,1,1,1,1,1
FREP-285855-G,1,1,1,1,1,1
FREP-285866-J,1,1,1,1,1,1
FREP-285867-G,1,1,1,1,1,1
FREP-285874-Z,1,1,1,1,1,1
FREP-285877-J,1,1,1,1,1,1
FREP-285886-G,1,1,1,1,1,1
FREP-285890-J,1,1,1,1,1,1
FREP-285894-J,1,1,1,1,1,1
FREP-285897-G,1,1,1,1,1,1
FREP-285898-Z,1,1,1,1,1,1
FREP-285902-Z,1,1,1,1,1,1
FREP-285903-Z,1,1,1,1,1,1
FREP-285904-G,1,1,1,1,1,1
FREP-285905-Z,1,1,1,1,1,1
FREP-285915-G,1,1,1,1,1,1
FREP-285917-Z,1,1,1,1,1,1
FREP-285919-G,1,1,1,1,1,1
FREP-285919-Z,1,1,1,1,1,1
FREP-285920-G,1,1,1,1,1,1
FREP-285926-G,1,1,1,1,1,1
FREP-285928-J,1,1,1,1,1,1
FREP-285929-G,1,1,1,1,1,1
FREP-285933-Z,1,1,1,1,1,1
FREP-285940-G,1,1,1,1,1,1
FREP-285940-Z,1,1,1,1,1,1
FREP-285943-Z,1,1,1,1,1,1
FREP-285946-G,1,1,1,1,1,1
FREP-285950-J,1,1,1,1,1,1
FREP-285951-Z,1,1,1,1,1,1
FREP-285959-G,1,1,1,1,1,1
FREP-285963-G,1,1,1,1,1,1
FREP-285964-G,1,1,1,1,1,1
FREP-285977-Z,1,1,1,1,1,1
FREP-285979-Z,1,1,1,1,1,1
FREP-285983-G,1,1,1,1,1,1
FREP-285983-Z,1,1,1,1,1,1
FREP-285984-G,1,1,1,1,1,1
FREP-285990-J,1,1,1,1,1,1
FREP-285990-Z,1,1,1,1,1,1
FREP-285991-Z,1,1,1,1,1,1
FREP-285992-Z,1,1,1,1,1,1
FREP-285993-G,1,1,1,1,1,1
FREP-285995-J,1,1,1,1,1,1
FREP-285997-J,1,1,1,1,1,1
FREP-285999-J,1,1,1,1,1,1
FREP-286002-Z,1,1,1,1,1,1
FREP-286003-G,1,1,1,1,1,1
FREP-286004-G,1,1,1,1,1,1
FREP-286005-Z,1,1,1,1,1,1
FREP-286007-Z,1,1,1,1,1,1
FREP-286010-Z,1,1,1,1,1,1
FREP-286012-Z,1,1,1,1,1,1
FREP-286014-Z,1,1,1,1,1,1
FREP-286015-Z,1,1,1,1,1,1
FREP-286020-Z,1,1,1,1,1,1
FREP-286024-G,1,1,1,1,1,1
FREP-286025-G,1,1,1,1,1,1
FREP-286030-G,1,1,1,1,1,1
FREP-286040-J,1,1,1,1,1,1
FREP-286042-Z,1,1,1,1,1,1
FREP-286047-Z,1,1,1,1,1,1
FREP-286054-Z,1,1,1,1,1,1
FREP-286056-J,1,1,1,1,1,1
FREP-286057-Z,1,1,1,1,1,1
FREP-286062-Z,1,1,1,1,1,1
FREP-286076-Z,1,1,1,1,1,1
FREP-286082-J,1,1,1,1,1,1
FREP-286082-Z,1,1,1,1,1,1
FREP-286083-Z,1,1,1,1,1,1
FREP-286090-G,1,1,1,1,1,1
FREP-286090-Z,1,1,1,1,1,1
FREP-286094-J,1,1,1,1,1,1
FREP-286094-Z,1,1,1,1,1,1
FREP-286095-Z,1,1,1,1,1,1
FREP-286103-Z,1,1,1,1,1,1
FREP-286104-Z,1,1,1,1,1,1
FREP-286111-Z,1,1,1,1,1,1
FREP-286114-G,1,1,1,1,1,1
FREP-286117-Z,1,1,1,1,1,1
FREP-286127-Z,1,1,1,1,1,1
FREP-286128-G,1,1,1,1,1,1
FREP-286131-J,1,1,1,1,1,1
FREP-286139-Z,1,1,1,1,1,1
FREP-286140-G,1,1,1,1,1,1
FREP-286144-Z,1,1,1,1,1,1
FREP-286146-Z,1,1,1,1,1,1
FREP-286147-Z,1,1,1,1,1,1
FREP-286149-J,1,1,1,1,1,1
FREP-286150-Z,1,1,1,1,1,1
FREP-286151-Z,1,1,1,1,1,1
FREP-286152-Z,1,1,1,1,1,1
FREP-286156-Z,1,1,1,1,1,1
FREP-286161-Z,1,1,1,1,1,1
FREP-286162-Z,1,1,1,1,1,1
FREP-286166-Z,1,1,1,1,1,1
FREP-286168-Z,1,1,1,1,1,1
FREP-286169-Z,1,1,1,1,1,1
FREP-286172-J,1,1,1,1,1,1
FREP-286175-Z,1,1,1,1,1,1
FREP-286176-G,1,1,1,1,1,1
FREP-286177-G,1,1,1,1,1,1
FREP-286177-Z,1,1,1,1,1,1
FREP-286179-Z,1,1,1,1,1,1
FREP-286182-J,1,1,1,1,1,1
FREP-286183-G,1,1,1,1,1,1
FREP-286187-Z,1,1,1,1,1,1
FREP-286189-G,1,1,1,1,1,1
FREP-286190-Z,1,1,1,1,1,1
FREP-286192-Z,1,1,1,1,1,1
FREP-286193-J,1,1,1,1,1,1
FREP-286196-Z,1,1,1,1,1,1
FREP-286199-Z,1,1,1,1,1,1
FREP-286200-Z,1,1,1,1,1,1
FREP-286201-Z,1,1,1,1,1,1
FREP-286204-Z,1,1,1,1,1,1
FREP-286205-Z,1,1,1,1,1,1
FREP-286208-G,1,1,1,1,1,1
FREP-286213-Z,1,1,1,1,1,1
FREP-286218-Z,1,1,1,1,1,1
FREP-286222-Z,1,1,1,1,1,1
FREP-286231-Z,1,1,1,1,1,1
FREP-286232-Z,1,1,1,1,1,1
FREP-286233-Z,1,1,1,1,1,1
FREP-286236-Z,1,1,1,1,1,1
FREP-286238-Z,1,1,1,1,1,1
FREP-286239-Z,1,1,1,1,1,1
FREP-286240-G,1,1,1,1,1,1
FREP-286241-Z,1,1,1,1,1,1
FREP-286242-J,1,1,1,1,1,1
FREP-286245-J,1,1,1,1,1,1
FREP-286247-G,1,1,1,1,1,1
FREP-286248-G,1,1,1,1,1,1
FREP-286250-G,1,1,1,1,1,1
FREP-286254-Z,1,1,1,1,1,1
FREP-286259-Z,1,1,1,1,1,1
FREP-286263-Z,1,1,1,1,1,1
FREP-286265-Z,1,1,1,1,1,1
FREP-286266-Z,1,1,1,1,1,1
FREP-286268-Z,1,1,1,1,1,1
FREP-286269-J,1,1,1,1,1,1
FREP-286276-G,1,1,1,1,1,1
FREP-286283-Z,1,1,1,1,1,1
FREP-286284-J,1,1,1,1,1,1
FREP-286284-Z,1,1,1,1,1,1
FREP-286285-Z,1,1,1,1,1,1
FREP-286294-Z,1,1,1,1,1,1
FREP-286297-Z,1,1,1,1,1,1
FREP-286298-J,1,1,1,1,1,1
FREP-286298-Z,1,1,1,1,1,1
FREP-286303-G,1,1,1,1,1,1
FREP-286303-J,1,1,1,1,1,1
FREP-286304-Z,1,1,1,1,1,1
FREP-286309-Z,1,1,1,1,1,1
FREP-286310-Z,1,1,1,1,1,1
FREP-286316-Z,1,1,1,1,1,1
FREP-286317-Z,1,1,1,1,1,1
FREP-286319-Z,1,1,1,1,1,1
FREP-286320-J,1,1,1,1,1,1
FREP-286321-Z,1,1,1,1,1,1
FREP-286322-Z,1,1,1,1,1,1
FREP-286323-J,1,1,1,1,1,1
FREP-286327-G,1,1,1,1,1,1
FREP-286327-Z,1,1,1,1,1,1
FREP-286333-Z,1,1,1,1,1,1
FREP-286339-G,1,1,1,1,1,1
FREP-286339-Z,1,1,1,1,1,1
FREP-286341-Z,1,1,1,1,1,1
FREP-286342-Z,1,1,1,1,1,1
FREP-286344-G,1,1,1,1,1,1
FREP-286353-G,1,1,1,1,1,1
FREP-286355-Z,1,1,1,1,1,1
FREP-286360-Z,1,1,1,1,1,1
FREP-286363-G,1,1,1,1,1,1
FREP-286369-Z,1,1,1,1,1,1
FREP-286370-J,1,1,1,1,1,1
FREP-286371-Z,1,1,1,1,1,1
FREP-286372-J,1,1,1,1,1,1
FREP-286373-J,1,1,1,1,1,1
FREP-286373-Z,1,1,1,1,1,1
FREP-286375-Z,1,1,1,1,1,1
FREP-286376-Z,1,1,1,1,1,1
FREP-286380-G,1,1,1,1,1,1
FREP-286380-Z,1,1,1,1,1,1
FREP-286385-Z,1,1,1,1,1,1
FREP-286393-J,1,1,1,1,1,1
FREP-286396-J,1,1,1,1,1,1
FREP-286398-G,1,1,1,1,1,1
FREP-286402-Z,1,1,1,1,1,1
FREP-286403-J,1,1,1,1,1,1
FREP-286404-J,1,1,1,1,1,1
FREP-286404-Z,1,1,1,1,1,1
FREP-286406-J,1,1,1,1,1,1
FREP-286406-Z,1,1,1,1,1,1
FREP-286407-J,1,1,1,1,1,1
FREP-286408-J,1,1,1,1,1,1
FREP-286409-Z,1,1,1,1,1,1
FREP-286413-Z,1,1,1,1,1,1
FREP-286415-Z,1,1,1,1,1,1
FREP-286417-Z,1,1,1,1,1,1
FREP-286418-Z,1,1,1,1,1,1
FREP-286419-Z,1,1,1,1,1,1
FREP-286421-G,1,1,1,1,1,1
FREP-286421-Z,1,1,1,1,1,1
FREP-286423-Z,1,1,1,1,1,1
FREP-286426-Z,1,1,1,1,1,1
FREP-286427-Z,1,1,1,1,1,1
FREP-286429-J,1,1,1,1,1,1
FREP-286430-Z,1,1,1,1,1,1
FREP-286432-Z,1,1,1,1,1,1
FREP-286433-Z,1,1,1,1,1,1
FREP-286434-J,1,1,1,1,1,1
FREP-286435-Z,1,1,1,1,1,1
FREP-286436-Z,1,1,1,1,1,1
FREP-286438-Z,1,1,1,1,1,1
FREP-286440-Z,1,1,1,1,1,1
FREP-286443-Z,1,1,1,1,1,1
FREP-286447-Z,1,1,1,1,1,1
FREP-286450-Z,1,1,1,1,1,1
FREP-286453-Z,1,1,1,1,1,1
FREP-286455-Z,1,1,1,1,1,1
FREP-286457-Z,1,1,1,1,1,1
FREP-286465-Z,1,1,1,1,1,1
FREP-286468-G,1,1,1,1,1,1
FREP-286469-G,1,1,1,1,1,1
FREP-286472-Z,1,1,1,1,1,1
FREP-286479-G,1,1,1,1,1,1
FREP-286480-Z,1,1,1,1,1,1
FREP-286481-G,1,1,1,1,1,1
FREP-286481-Z,1,1,1,1,1,1
FREP-286483-Z,1,1,1,1,1,1
FREP-286484-J,1,1,1,1,1,1
FREP-286486-J,1,1,1,1,1,1
FREP-286486-Z,1,1,1,1,1,1
FREP-286490-J,1,1,1,1,1,1
FREP-286491-Z,1,1,1,1,1,1
FREP-286492-J,1,1,1,1,1,1
FREP-286492-Z,1,1,1,1,1,1
FREP-286500-Z,1,1,1,1,1,1
FREP-286507-G,1,1,1,1,1,1
FREP-286507-Z,1,1,1,1,1,1
FREP-286513-Z,1,1,1,1,1,1
FREP-286518-G,1,1,1,1,1,1
FREP-286524-Z,1,1,1,1,1,1
FREP-286525-J,1,1,1,1,1,1
FREP-286528-J,1,1,1,1,1,1
FREP-286530-Z,1,1,1,1,1,1
FREP-286538-Z,1,1,1,1,1,1
FREP-286540-J,1,1,1,1,1,1
FREP-286548-J,1,1,1,1,1,1
FREP-286551-G,1,1,1,1,1,1
FREP-286553-J,1,1,1,1,1,1
FREP-286556-Z,1,1,1,1,1,1
FREP-286558-Z,1,1,1,1,1,1
FREP-286560-J,1,1,1,1,1,1
FREP-286571-Z,1,1,1,1,1,1
FREP-286572-J,1,1,1,1,1,1
FREP-286574-Z,1,1,1,1,1,1
FREP-286576-Z,1,1,1,1,1,1
FREP-286579-G,1,1,1,1,1,1
FREP-286579-Z,1,1,1,1,1,1
FREP-286580-J,1,1,1,1,1,1
FREP-286582-G,1,1,1,1,1,1
FREP-286583-J,1,1,1,1,1,1
FREP-286595-Z,1,1,1,1,1,1
FREP-286596-Z,1,1,1,1,1,1
FREP-286597-Z,1,1,1,1,1,1
FREP-286598-J,1,1,1,1,1,1
FREP-286600-Z,1,1,1,1,1,1
FREP-286602-Z,1,1,1,1,1,1
FREP-286605-Z,1,1,1,1,1,1
FREP-286606-Z,1,1,1,1,1,1
FREP-286608-Z,1,1,1,1,1,1
FREP-286622-J,1,1,1,1,1,1
FREP-286635-Z,1,1,1,1,1,1
FREP-286638-J,1,1,1,1,1,1
FREP-286638-Z,1,1,1,1,1,1
FREP-286639-Z,1,1,1,1,1,1
FREP-286644-Z,1,1,1,1,1,1
FREP-286645-G,1,1,1,1,1,1
FREP-286646-Z,1,1,1,1,1,1
FREP-286647-G,1,1,1,1,1,1
FREP-286648-Z,1,1,1,1,1,1
FREP-286651-G,1,1,1,1,1,1
FREP-286651-J,1,1,1,1,1,1
FREP-286652-Z,1,1,1,1,1,1
FREP-286655-Z,1,1,1,1,1,1
FREP-286657-Z,1,1,1,1,1,1
FREP-286658-G,1,1,1,1,1,1
FREP-286660-Z,1,1,1,1,1,1
FREP-286662-Z,1,1,1,1,1,1
FREP-286674-Z,1,1,1,1,1,1
FREP-286676-Z,1,1,1,1,1,1
FREP-286683-G,1,1,1,1,1,1
FREP-286688-J,1,1,1,1,1,1
FREP-286690-Z,1,1,1,1,1,1
FREP-286692-Z,1,1,1,1,1,1
FREP-286698-Z,1,1,1,1,1,1
FREP-286700-J,1,1,1,1,1,1
FREP-286702-Z,1,1,1,1,1,1
FREP-286705-Z,1,1,1,1,1,1
FREP-286709-Z,1,1,1,1,1,1
FREP-286713-Z,1,1,1,1,1,1
FREP-286716-J,1,1,1,1,1,1
FREP-286722-J,1,1,1,1,1,1
FREP-286726-J,1,1,1,1,1,1
FREP-286726-Z,1,1,1,1,1,1
FREP-286729-Z,1,1,1,1,1,1
FREP-286730-Z,1,1,1,1,1,1
FREP-286731-J,1,1,1,1,1,1
FREP-286738-Z,1,1,1,1,1,1
FREP-286745-Z,1,1,1,1,1,1
FREP-286748-Z,1,1,1,1,1,1
FREP-286753-Z,1,1,1,1,1,1
FREP-286754-Z,1,1,1,1,1,1
FREP-286755-Z,1,1,1,1,1,1
FREP-286757-J,1,1,1,1,1,1
FREP-286759-Z,1,1,1,1,1,1
FREP-286760-Z,1,1,1,1,1,1
FREP-286761-Z,1,1,1,1,1,1
FREP-286764-Z,1,1,1,1,1,1
FREP-286767-G,1,1,1,1,1,1
FREP-286768-G,1,1,1,1,1,1
FREP-286768-Z,1,1,1,1,1,1
FREP-286769-G,1,1,1,1,1,1
FREP-286771-Z,1,1,1,1,1,1
FREP-286775-G,1,1,1,1,1,1
FREP-286780-J,1,1,1,1,1,1
FREP-286780-Z,1,1,1,1,1,1
FREP-286783-Z,1,1,1,1,1,1
FREP-286786-G,1,1,1,1,1,1
FREP-286786-Z,1,1,1,1,1,1
FREP-286787-Z,1,1,1,1,1,1
FREP-286791-J,1,1,1,1,1,1
FREP-286794-Z,1,1,1,1,1,1
FREP-286797-Z,1,1,1,1,1,1
FREP-286798-G,1,1,1,1,1,1
FREP-286800-Z,1,1,1,1,1,1
FREP-286805-J,1,1,1,1,1,1
FREP-286805-Z,1,1,1,1,1,1
FREP-286811-Z,1,1,1,1,1,1
FREP-286816-Z,1,1,1,1,1,1
FREP-286823-J,1,1,1,1,1,1
FREP-286835-Z,1,1,1,1,1,1
FREP-286836-G,1,1,1,1,1,1
FREP-286842-Z,1,1,1,1,1,1
FREP-286844-Z,1,1,1,1,1,1
FREP-286849-J,1,1,1,1,1,1
FREP-286849-Z,1,1,1,1,1,1
FREP-286851-Z,1,1,1,1,1,1
FREP-286852-Z,1,1,1,1,1,1
FREP-286853-Z,1,1,1,1,1,1
FREP-286857-Z,1,1,1,1,1,1
FREP-286864-Z,1,1,1,1,1,1
FREP-286868-G,1,1,1,1,1,1
FREP-286871-G,1,1,1,1,1,1
FREP-286872-Z,1,1,1,1,1,1
FREP-286874-Z,1,1,1,1,1,1
FREP-286877-G,1,1,1,1,1,1
FREP-286877-Z,1,1,1,1,1,1
FREP-286879-G,1,1,1,1,1,1
FREP-286882-Z,1,1,1,1,1,1
FREP-286885-Z,1,1,1,1,1,1
FREP-286886-Z,1,1,1,1,1,1
FREP-286891-G,1,1,1,1,1,1
FREP-286910-Z,1,1,1,1,1,1
FREP-286913-Z,1,1,1,1,1,1
FREP-286915-Z,1,1,1,1,1,1
FREP-286918-Z,1,1,1,1,1,1
FREP-286920-J,1,1,1,1,1,1
FREP-286921-G,1,1,1,1,1,1
FREP-286926-Z,1,1,1,1,1,1
FREP-286928-Z,1,1,1,1,1,1
FREP-286931-Z,1,1,1,1,1,1
FREP-286934-G,1,1,1,1,1,1
FREP-286935-Z,1,1,1,1,1,1
FREP-286936-Z,1,1,1,1,1,1
FREP-286938-Z,1,1,1,1,1,1
FREP-286943-Z,1,1,1,1,1,1
FREP-286944-Z,1,1,1,1,1,1
FREP-286948-Z,1,1,1,1,1,1
FREP-286949-Z,1,1,1,1,1,1
FREP-286950-Z,1,1,1,1,1,1
FREP-286951-Z,1,1,1,1,1,1
FREP-286952-G,1,1,1,1,1,1
FREP-286955-Z,1,1,1,1,1,1
FREP-286963-Z,1,1,1,1,1,1
FREP-286966-G,1,1,1,1,1,1
FREP-286967-G,1,1,1,1,1,1
FREP-286975-G,1,1,1,1,1,1
FREP-286983-Z,1,1,1,1,1,1
FREP-286989-G,1,1,1,1,1,1
FREP-286993-Z,1,1,1,1,1,1
FREP-286997-J,1,1,1,1,1,1
FREP-287002-Z,1,1,1,1,1,1
FREP-287005-Z,1,1,1,1,1,1
FREP-287018-Z,1,1,1,1,1,1
FREP-287021-Z,1,1,1,1,1,1
FREP-287023-Z,1,1,1,1,1,1
FREP-287035-Z,1,1,1,1,1,1
FREP-287039-J,1,1,1,1,1,1
FREP-287040-Z,1,1,1,1,1,1
FREP-287042-Z,1,1,1,1,1,1
FREP-287043-Z,1,1,1,1,1,1
FREP-287046-Z,1,1,1,1,1,1
FREP-287052-Z,1,1,1,1,1,1
FREP-287055-G,1,1,1,1,1,1
FREP-287055-Z,1,1,1,1,1,1
FREP-287056-Z,1,1,1,1,1,1
FREP-287057-Z,1,1,1,1,1,1
FREP-287061-Z,1,1,1,1,1,1
FREP-287067-G,1,1,1,1,1,1
FREP-287068-G,1,1,1,1,1,1
FREP-287074-Z,1,1,1,1,1,1
FREP-287091-Z,1,1,1,1,1,1
FREP-287094-Z,1,1,1,1,1,1
FREP-287105-J,1,1,1,1,1,1
FREP-287108-Z,1,1,1,1,1,1
FREP-287119-Z,1,1,1,1,1,1
FREP-287122-Z,1,1,1,1,1,1
FREP-287128-G,1,1,1,1,1,1
FREP-287131-Z,1,1,1,1,1,1
FREP-287132-G,1,1,1,1,1,1
FREP-287138-Z,1,1,1,1,1,1
FREP-287141-Z,1,1,1,1,1,1
FREP-287142-Z,1,1,1,1,1,1
FREP-287148-Z,1,1,1,1,1,1
FREP-287149-G,1,1,1,1,1,1
FREP-287152-J,1,1,1,1,1,1
FREP-287152-Z,1,1,1,1,1,1
FREP-287153-G,1,1,1,1,1,1
FREP-287158-Z,1,1,1,1,1,1
FREP-287160-G,1,1,1,1,1,1
FREP-287161-G,1,1,1,1,1,1
FREP-287164-G,1,1,1,1,1,1
FREP-287168-J,1,1,1,1,1,1
FREP-287171-G,1,1,1,1,1,1
FREP-287175-G,1,1,1,1,1,1
FREP-287176-Z,1,1,1,1,1,1
FREP-287177-Z,1,1,1,1,1,1
FREP-287178-G,1,1,1,1,1,1
FREP-287184-G,1,1,1,1,1,1
FREP-287188-G,1,1,1,1,1,1
FREP-287188-J,1,1,1,1,1,1
FREP-287190-J,1,1,1,1,1,1
FREP-287195-J,1,1,1,1,1,1
FREP-287196-Z,1,1,1,1,1,1
FREP-287204-G,1,1,1,1,1,1
FREP-287204-Z,1,1,1,1,1,1
FREP-287206-G,1,1,1,1,1,1
FREP-287212-G,1,1,1,1,1,1
FREP-287215-G,1,1,1,1,1,1
FREP-287218-Z,1,1,1,1,1,1
FREP-287222-G,1,1,1,1,1,1
FREP-287225-G,1,1,1,1,1,1
FREP-287234-G,1,1,1,1,1,1
FREP-287248-Z,1,1,1,1,1,1
FREP-287251-J,1,1,1,1,1,1
FREP-287256-G,1,1,1,1,1,1
FREP-287260-Z,1,1,1,1,1,1
FREP-287264-G,1,1,1,1,1,1
FREP-287268-Z,1,1,1,1,1,1
FREP-287275-G,1,1,1,1,1,1
FREP-287290-Z,1,1,1,1,1,1
FREP-287291-J,1,1,1,1,1,1
FREP-287300-G,1,1,1,1,1,1
FREP-287306-Z,1,1,1,1,1,1
FREP-287307-Z,1,1,1,1,1,1
FREP-287323-Z,1,1,1,1,1,1
FREP-287331-J,1,1,1,1,1,1
FREP-287337-G,1,1,1,1,1,1
FREP-287345-J,1,1,1,1,1,1
FREP-287352-J,1,1,1,1,1,1
FREP-287360-G,1,1,1,1,1,1
FREP-287375-Z,1,1,1,1,1,1
FREP-287378-G,1,1,1,1,1,1
FREP-287384-Z,1,1,1,1,1,1
FREP-287390-G,1,1,1,1,1,1
FREP-287396-J,1,1,1,1,1,1
FREP-287408-Z,1,1,1,1,1,1
FREP-287418-Z,1,1,1,1,1,1
FREP-287421-Z,1,1,1,1,1,1
FREP-287427-J,1,1,1,1,1,1
FREP-287438-Z,1,1,1,1,1,1
FREP-287441-Z,1,1,1,1,1,1
FREP-287442-J,1,1,1,1,1,1
FREP-287443-J,1,1,1,1,1,1
FREP-287447-Z,1,1,1,1,1,1
FREP-287448-Z,1,1,1,1,1,1
FREP-287451-Z,1,1,1,1,1,1
FREP-287452-Z,1,1,1,1,1,1
FREP-287458-G,1,1,1,1,1,1
FREP-287460-G,1,1,1,1,1,1
FREP-287473-Z,1,1,1,1,1,1
FREP-287479-G,1,1,1,1,1,1
FREP-287487-G,1,1,1,1,1,1
FREP-287488-Z,1,1,1,1,1,1
FREP-287516-J,1,1,1,1,1,1
FREP-287516-Z,1,1,1,1,1,1
FREP-287518-Z,1,1,1,1,1,1
FREP-287521-G,1,1,1,1,1,1
FREP-287531-J,1,1,1,1,1,1
FREP-287536-G,1,1,1,1,1,1
FREP-287544-G,1,1,1,1,1,1
FREP-287545-G,1,1,1,1,1,1
FREP-287549-G,1,1,1,1,1,1
FREP-287551-G,1,1,1,1,1,1
FREP-287553-G,1,1,1,1,1,1
FREP-287555-G,1,1,1,1,1,1
FREP-287555-J,1,1,1,1,1,1
FREP-287559-G,1,1,1,1,1,1
FREP-287560-G,1,1,1,1,1,1
FREP-287571-Z,1,1,1,1,1,1
FREP-287572-J,1,1,1,1,1,1
FREP-287573-G,1,1,1,1,1,1
FREP-287577-Z,1,1,1,1,1,1
FREP-287579-Z,1,1,1,1,1,1
FREP-287581-G,1,1,1,1,1,1
FREP-287582-G,1,1,1,1,1,1
FREP-287597-Z,1,1,1,1,1,1
FREP-287610-J,1,1,1,1,1,1
FREP-287614-G,1,1,1,1,1,1
FREP-287616-G,1,1,1,1,1,1
FREP-287617-G,1,1,1,1,1,1
FREP-287618-Z,1,1,1,1,1,1
FREP-287619-G,1,1,1,1,1,1
FREP-287619-J,1,1,1,1,1,1
FREP-287620-G,1,1,1,1,1,1
FREP-287621-G,1,1,1,1,1,1
FREP-287627-G,1,1,1,1,1,1
FREP-287627-J,1,1,1,1,1,1
FREP-287633-G,1,1,1,1,1,1
FREP-287637-G,1,1,1,1,1,1
FREP-287648-J,1,1,1,1,1,1
FREP-287651-Z,1,1,1,1,1,1
FREP-287652-G,1,1,1,1,1,1
FREP-287653-G,1,1,1,1,1,1
FREP-287658-Z,1,1,1,1,1,1
FREP-287659-Z,1,1,1,1,1,1
FREP-287660-G,1,1,1,1,1,1
FREP-287662-G,1,1,1,1,1,1
FREP-287664-G,1,1,1,1,1,1
FREP-287664-Z,1,1,1,1,1,1
FREP-287672-Z,1,1,1,1,1,1
FREP-287679-G,1,1,1,1,1,1
FREP-287688-J,1,1,1,1,1,1
FREP-287690-Z,1,1,1,1,1,1
FREP-287696-Z,1,1,1,1,1,1
FREP-287702-G,1,1,1,1,1,1
FREP-287707-G,1,1,1,1,1,1
FREP-287717-G,1,1,1,1,1,1
FREP-287718-Z,1,1,1,1,1,1
FREP-287722-J,1,1,1,1,1,1
FREP-287723-G,1,1,1,1,1,1
FREP-287723-J,1,1,1,1,1,1
FREP-287732-G,1,1,1,1,1,1
FREP-287733-Z,1,1,1,1,1,1
FREP-287734-J,1,1,1,1,1,1
FREP-287734-Z,1,1,1,1,1,1
FREP-287735-Z,1,1,1,1,1,1
FREP-287741-J,1,1,1,1,1,1
FREP-287745-Z,1,1,1,1,1,1
FREP-287751-J,1,1,1,1,1,1
FREP-287751-Z,1,1,1,1,1,1
FREP-287756-Z,1,1,1,1,1,1
FREP-287761-G,1,1,1,1,1,1
FREP-287764-G,1,1,1,1,1,1
FREP-287771-Z,1,1,1,1,1,1
FREP-287772-G,1,1,1,1,1,1
FREP-287774-J,1,1,1,1,1,1
FREP-287789-Z,1,1,1,1,1,1
FREP-287792-J,1,1,1,1,1,1
FREP-287794-J,1,1,1,1,1,1
FREP-287797-G,1,1,1,1,1,1
FREP-287807-Z,1,1,1,1,1,1
FREP-287809-G,1,1,1,1,1,1
FREP-287812-G,1,1,1,1,1,1
FREP-287821-G,1,1,1,1,1,1
FREP-287827-Z,1,1,1,1,1,1
FREP-287830-G,1,1,1,1,1,1
FREP-287832-G,1,1,1,1,1,1
FREP-287838-Z,1,1,1,1,1,1
FREP-287848-Z,1,1,1,1,1,1
FREP-287850-G,1,1,1,1,1,1
FREP-287851-G,1,1,1,1,1,1
FREP-287852-Z,1,1,1,1,1,1
FREP-287860-Z,1,1,1,1,1,1
FREP-287866-J,1,1,1,1,1,1
FREP-287881-G,1,1,1,1,1,1
FREP-287882-G,1,1,1,1,1,1
FREP-287890-J,1,1,1,1,1,1
FREP-287892-G,1,1,1,1,1,1
FREP-287895-G,1,1,1,1,1,1
FREP-287904-G,1,1,1,1,1,1
FREP-287906-J,1,1,1,1,1,1
FREP-287908-Z,1,1,1,1,1,1
FREP-287917-J,1,1,1,1,1,1
FREP-287918-Z,1,1,1,1,1,1
FREP-287920-J,1,1,1,1,1,1
FREP-287931-G,1,1,1,1,1,1
FREP-287932-G,1,1,1,1,1,1
FREP-287939-G,1,1,1,1,1,1
FREP-287939-J,1,1,1,1,1,1
FREP-287942-G,1,1,1,1,1,1
FREP-287949-G,1,1,1,1,1,1
FREP-287951-J,1,1,1,1,1,1
FREP-287953-G,1,1,1,1,1,1
FREP-287954-J,1,1,1,1,1,1
FREP-287961-Z,1,1,1,1,1,1
FREP-287964-J,1,1,1,1,1,1
FREP-287966-J,1,1,1,1,1,1
FREP-287978-J,1,1,1,1,1,1
FREP-287995-J,1,1,1,1,1,1
FREP-287998-Z,1,1,1,1,1,1
FREP-287999-Z,1,1,1,1,1,1
FREP-288000-G,1,1,1,1,1,1
FREP-288000-Z,1,1,1,1,1,1
FREP-288003-G,1,1,1,1,1,1
FREP-288005-Z,1,1,1,1,1,1
FREP-288013-G,1,1,1,1,1,1
FREP-288023-G,1,1,1,1,1,1
FREP-288032-Z,1,1,1,1,1,1
FREP-288035-G,1,1,1,1,1,1
FREP-288038-J,1,1,1,1,1,1
FREP-288039-Z,1,1,1,1,1,1
FREP-288047-G,1,1,1,1,1,1
FREP-288054-Z,1,1,1,1,1,1
FREP-288057-J,1,1,1,1,1,1
FREP-288059-G,1,1,1,1,1,1
FREP-288059-J,1,1,1,1,1,1
FREP-288067-Z,1,1,1,1,1,1
FREP-288071-G,1,1,1,1,1,1
FREP-288072-Z,1,1,1,1,1,1
FREP-288073-J,1,1,1,1,1,1
FREP-288076-G,1,1,1,1,1,1
FREP-288078-Z,1,1,1,1,1,1
FREP-288082-Z,1,1,1,1,1,1
FREP-288093-Z,1,1,1,1,1,1
FREP-288098-Z,1,1,1,1,1,1
FREP-288102-Z,1,1,1,1,1,1
FREP-288110-Z,1,1,1,1,1,1
FREP-288113-G,1,1,1,1,1,1
FREP-288114-Z,1,1,1,1,1,1
FREP-288120-Z,1,1,1,1,1,1
FREP-288122-G,1,1,1,1,1,1
FREP-288123-G,1,1,1,1,1,1
FREP-288123-J,1,1,1,1,1,1
FREP-288124-Z,1,1,1,1,1,1
FREP-288128-Z,1,1,1,1,1,1
FREP-288129-G,1,1,1,1,1,1
FREP-288133-Z,1,1,1,1,1,1
FREP-288138-J,1,1,1,1,1,1
FREP-288139-Z,1,1,1,1,1,1
FREP-288154-Z,1,1,1,1,1,1
FREP-288155-G,1,1,1,1,1,1
FREP-288160-G,1,1,1,1,1,1
FREP-288161-J,1,1,1,1,1,1
FREP-288165-G,1,1,1,1,1,1
FREP-288168-G,1,1,1,1,1,1
FREP-288178-Z,1,1,1,1,1,1
FREP-288179-Z,1,1,1,1,1,1
FREP-288183-J,1,1,1,1,1,1
FREP-288199-G,1,1,1,1,1,1
FREP-288204-Z,1,1,1,1,1,1
FREP-288209-Z,1,1,1,1,1,1
FREP-288223-G,1,1,1,1,1,1
FREP-288229-G,1,1,1,1,1,1
FREP-288229-Z,1,1,1,1,1,1
FREP-288231-J,1,1,1,1,1,1
FREP-288231-Z,1,1,1,1,1,1
FREP-288239-J,1,1,1,1,1,1
FREP-288248-Z,1,1,1,1,1,1
FREP-288251-Z,1,1,1,1,1,1
FREP-288255-J,1,1,1,1,1,1
FREP-288261-G,1,1,1,1,1,1
FREP-288264-G,1,1,1,1,1,1
FREP-288265-G,1,1,1,1,1,1
FREP-288272-Z,1,1,1,1,1,1
FREP-288273-Z,1,1,1,1,1,1
FREP-288284-Z,1,1,1,1,1,1
FREP-288292-G,1,1,1,1,1,1
FREP-288292-Z,1,1,1,1,1,1
FREP-288327-Z,1,1,1,1,1,1
FREP-288332-Z,1,1,1,1,1,1
FREP-288333-G,1,1,1,1,1,1
FREP-288346-G,1,1,1,1,1,1
FREP-288347-G,1,1,1,1,1,1
FREP-288349-G,1,1,1,1,1,1
FREP-288356-G,1,1,1,1,1,1
FREP-288358-G,1,1,1,1,1,1
FREP-288361-Z,1,1,1,1,1,1
FREP-288365-G,1,1,1,1,1,1
FREP-288365-J,1,1,1,1,1,1
FREP-288366-G,1,1,1,1,1,1
FREP-288384-J,1,1,1,1,1,1
FREP-288388-G,1,1,1,1,1,1
FREP-288388-J,1,1,1,1,1,1
FREP-288389-J,1,1,1,1,1,1
FREP-288404-G,1,1,1,1,1,1
FREP-288412-G,1,1,1,1,1,1
FREP-288423-Z,1,1,1,1,1,1
FREP-288427-G,1,1,1,1,1,1
FREP-288434-Z,1,1,1,1,1,1
FREP-288443-J,1,1,1,1,1,1
FREP-288445-G,1,1,1,1,1,1
FREP-288453-J,1,1,1,1,1,1
FREP-288454-Z,1,1,1,1,1,1
FREP-288458-Z,1,1,1,1,1,1
FREP-288460-G,1,1,1,1,1,1
FREP-288465-Z,1,1,1,1,1,1
FREP-288466-Z,1,1,1,1,1,1
FREP-288477-Z,1,1,1,1,1,1
FREP-288481-G,1,1,1,1,1,1
FREP-288496-Z,1,1,1,1,1,1
FREP-288505-Z,1,1,1,1,1,1
FREP-288511-Z,1,1,1,1,1,1
FREP-288516-Z,1,1,1,1,1,1
FREP-288525-Z,1,1,1,1,1,1
FREP-288536-Z,1,1,1,1,1,1
FREP-288542-Z,1,1,1,1,1,1
FREP-288543-J,1,1,1,1,1,1
FREP-288544-J,1,1,1,1,1,1
FREP-288548-G,1,1,1,1,1,1
FREP-288548-Z,1,1,1,1,1,1
FREP-288553-Z,1,1,1,1,1,1
FREP-288567-G,1,1,1,1,1,1
FREP-288574-G,1,1,1,1,1,1
FREP-288583-G,1,1,1,1,1,1
FREP-288594-G,1,1,1,1,1,1
FREP-288598-G,1,1,1,1,1,1
FREP-288605-Z,1,1,1,1,1,1
FREP-288617-G,1,1,1,1,1,1
FREP-288624-G,1,1,1,1,1,1
FREP-288638-Z,1,1,1,1,1,1
FREP-288639-G,1,1,1,1,1,1
FREP-288640-G,1,1,1,1,1,1
FREP-288645-G,1,1,1,1,1,1
FREP-288670-Z,1,1,1,1,1,1
FREP-288675-G,1,1,1,1,1,1
FREP-288686-Z,1,1,1,1,1,1
FREP-288696-J,1,1,1,1,1,1
FREP-288696-Z,1,1,1,1,1,1
FREP-288707-Z,1,1,1,1,1,1
FREP-288712-Z,1,1,1,1,1,1
FREP-288716-Z,1,1,1,1,1,1
FREP-288721-Z,1,1,1,1,1,1
FREP-288725-G,1,1,1,1,1,1
FREP-288731-Z,1,1,1,1,1,1
FREP-288741-G,1,1,1,1,1,1
FREP-288746-Z,1,1,1,1,1,1
FREP-288750-G,1,1,1,1,1,1
FREP-288753-G,1,1,1,1,1,1
FREP-288761-Z,1,1,1,1,1,1
FREP-288763-G,1,1,1,1,1,1
FREP-288763-Z,1,1,1,1,1,1
FREP-288766-G,1,1,1,1,1,1
FREP-288767-Z,1,1,1,1,1,1
FREP-288771-Z,1,1,1,1,1,1
FREP-288776-G,1,1,1,1,1,1
FREP-288782-Z,1,1,1,1,1,1
FREP-288784-Z,1,1,1,1,1,1
FREP-288786-Z,1,1,1,1,1,1
FREP-288788-G,1,1,1,1,1,1
FREP-288793-J,1,1,1,1,1,1
FREP-288793-Z,1,1,1,1,1,1
FREP-288796-J,1,1,1,1,1,1
FREP-288797-Z,1,1,1,1,1,1
FREP-288800-Z,1,1,1,1,1,1
FREP-288808-Z,1,1,1,1,1,1
FREP-288810-Z,1,1,1,1,1,1
FREP-288813-Z,1,1,1,1,1,1
FREP-288817-Z,1,1,1,1,1,1
FREP-288823-Z,1,1,1,1,1,1
FREP-288831-Z,1,1,1,1,1,1
FREP-288837-G,1,1,1,1,1,1
FREP-288842-Z,1,1,1,1,1,1
FREP-288857-J,1,1,1,1,1,1
FREP-288859-J,1,1,1,1,1,1
FREP-288863-G,1,1,1,1,1,1
FREP-288866-Z,1,1,1,1,1,1
FREP-288870-J,1,1,1,1,1,1
FREP-288874-G,1,1,1,1,1,1
FREP-288877-G,1,1,1,1,1,1
FREP-288883-G,1,1,1,1,1,1
FREP-288887-J,1,1,1,1,1,1
FREP-288890-Z,1,1,1,1,1,1
FREP-288899-J,1,1,1,1,1,1
FREP-288899-Z,1,1,1,1,1,1
FREP-288903-Z,1,1,1,1,1,1
FREP-288914-G,1,1,1,1,1,1
FREP-288925-Z,1,1,1,1,1,1
FREP-288926-G,1,1,1,1,1,1
FREP-288927-J,1,1,1,1,1,1
FREP-288927-Z,1,1,1,1,1,1
FREP-288931-Z,1,1,1,1,1,1
FREP-288934-G,1,1,1,1,1,1
FREP-288936-G,1,1,1,1,1,1
FREP-288945-Z,1,1,1,1,1,1
FREP-288947-Z,1,1,1,1,1,1
FREP-288949-J,1,1,1,1,1,1
FREP-288950-G,1,1,1,1,1,1
FREP-288951-Z,1,1,1,1,1,1
FREP-288952-G,1,1,1,1,1,1
FREP-288962-G,1,1,1,1,1,1
FREP-288971-Z,1,1,1,1,1,1
FREP-288978-G,1,1,1,1,1,1
FREP-288979-J,1,1,1,1,1,1
FREP-289003-G,1,1,1,1,1,1
FREP-289004-Z,1,1,1,1,1,1
FREP-289008-G,1,1,1,1,1,1
FREP-289012-G,1,1,1,1,1,1
FREP-289016-Z,1,1,1,1,1,1
FREP-289023-G,1,1,1,1,1,1
FREP-289024-G,1,1,1,1,1,1
FREP-289032-G,1,1,1,1,1,1
FREP-289047-Z,1,1,1,1,1,1
FREP-289050-G,1,1,1,1,1,1
FREP-289058-G,1,1,1,1,1,1
FREP-289064-J,1,1,1,1,1,1
FREP-289067-J,1,1,1,1,1,1
FREP-289069-Z,1,1,1,1,1,1
FREP-289072-G,1,1,1,1,1,1
FREP-289078-Z,1,1,1,1,1,1
FREP-289081-J,1,1,1,1,1,1
FREP-289087-G,1,1,1,1,1,1
FREP-289088-Z,1,1,1,1,1,1
FREP-289095-G,1,1,1,1,1,1
FREP-289107-G,1,1,1,1,1,1
FREP-289112-Z,1,1,1,1,1,1
FREP-289115-J,1,1,1,1,1,1
FREP-289124-G,1,1,1,1,1,1
FREP-289132-J,1,1,1,1,1,1
FREP-289132-Z,1,1,1,1,1,1
FREP-289136-Z,1,1,1,1,1,1
FREP-289147-Z,1,1,1,1,1,1
FREP-289149-G,1,1,1,1,1,1
FREP-289153-Z,1,1,1,1,1,1
FREP-289159-J,1,1,1,1,1,1
FREP-289161-Z,1,1,1,1,1,1
FREP-289174-J,1,1,1,1,1,1
FREP-289179-G,1,1,1,1,1,1
FREP-289183-G,1,1,1,1,1,1
FREP-289188-G,1,1,1,1,1,1
FREP-289195-G,1,1,1,1,1,1
FREP-289199-G,1,1,1,1,1,1
FREP-289212-Z,1,1,1,1,1,1
FREP-289241-G,1,1,1,1,1,1
FREP-289247-Z,1,1,1,1,1,1
FREP-289258-J,1,1,1,1,1,1
FREP-289259-J,1,1,1,1,1,1
FREP-289261-Z,1,1,1,1,1,1
FREP-289270-J,1,1,1,1,1,1
FREP-289279-J,1,1,1,1,1,1
FREP-289280-G,1,1,1,1,1,1
FREP-289297-J,1,1,1,1,1,1
FREP-289298-G,1,1,1,1,1,1
FREP-289299-G,1,1,1,1,1,1
FREP-289301-G,1,1,1,1,1,1
FREP-289302-G,1,1,1,1,1,1
FREP-289307-G,1,1,1,1,1,1
FREP-289333-J,1,1,1,1,1,1
FREP-289341-G,1,1,1,1,1,1
FREP-289347-J,1,1,1,1,1,1
FREP-289351-J,1,1,1,1,1,1
FREP-289356-G,1,1,1,1,1,1
FREP-289363-Z,1,1,1,1,1,1
FREP-289364-G,1,1,1,1,1,1
FREP-289385-Z,1,1,1,1,1,1
FREP-289402-G,1,1,1,1,1,1
FREP-289405-J,1,1,1,1,1,1
FREP-289410-Z,1,1,1,1,1,1
FREP-289416-G,1,1,1,1,1,1
FREP-289429-J,1,1,1,1,1,1
FREP-289437-G,1,1,1,1,1,1
FREP-289443-G,1,1,1,1,1,1
FREP-289445-Z,1,1,1,1,1,1
FREP-289452-J,1,1,1,1,1,1
FREP-289453-J,1,1,1,1,1,1
FREP-289461-J,1,1,1,1,1,1
FREP-289470-G,1,1,1,1,1,1
FREP-289472-G,1,1,1,1,1,1
FREP-289477-G,1,1,1,1,1,1
FREP-289484-J,1,1,1,1,1,1
FREP-289485-G,1,1,1,1,1,1
FREP-289493-G,1,1,1,1,1,1
FREP-289495-Z,1,1,1,1,1,1
FREP-289502-J,1,1,1,1,1,1
FREP-289503-Z,1,1,1,1,1,1
FREP-289505-Z,1,1,1,1,1,1
FREP-289534-J,1,1,1,1,1,1
FREP-289543-G,1,1,1,1,1,1
FREP-289548-G,1,1,1,1,1,1
FREP-289559-J,1,1,1,1,1,1
FREP-289577-G,1,1,1,1,1,1
FREP-289581-G,1,1,1,1,1,1
FREP-289583-G,1,1,1,1,1,1
FREP-289613-Z,1,1,1,1,1,1
FREP-289619-G,1,1,1,1,1,1
FREP-289641-G,1,1,1,1,1,1
FREP-289652-G,1,1,1,1,1,1
FREP-289681-J,1,1,1,1,1,1
FREP-289683-G,1,1,1,1,1,1
FREP-289683-Z,1,1,1,1,1,1
FREP-289692-G,1,1,1,1,1,1
FREP-289694-Z,1,1,1,1,1,1
FREP-289698-G,1,1,1,1,1,1
FREP-289702-Z,1,1,1,1,1,1
FREP-289721-J,1,1,1,1,1,1
FREP-289722-J,1,1,1,1,1,1
FREP-289737-G,1,1,1,1,1,1
FREP-289743-G,1,1,1,1,1,1
FREP-289744-Z,1,1,1,1,1,1
FREP-289745-G,1,1,1,1,1,1
FREP-289756-Z,1,1,1,1,1,1
FREP-289782-J,1,1,1,1,1,1
FREP-289798-J,1,1,1,1,1,1
FREP-289799-G,1,1,1,1,1,1
FREP-289807-Z,1,1,1,1,1,1
FREP-289815-G,1,1,1,1,1,1
FREP-289816-J,1,1,1,1,1,1
FREP-289817-G,1,1,1,1,1,1
FREP-289822-G,1,1,1,1,1,1
FREP-289827-J,1,1,1,1,1,1
FREP-289850-G,1,1,1,1,1,1
FREP-289851-G,1,1,1,1,1,1
FREP-289865-J,1,1,1,1,1,1
FREP-289871-G,1,1,1,1,1,1
FREP-289892-J,1,1,1,1,1,1
FREP-289892-Z,1,1,1,1,1,1
FREP-289897-G,1,1,1,1,1,1
FREP-289905-J,1,1,1,1,1,1
FREP-289912-G,1,1,1,1,1,1
FREP-289917-G,1,1,1,1,1,1
FREP-289919-G,1,1,1,1,1,1
FREP-289919-J,1,1,1,1,1,1
FREP-289920-J,1,1,1,1,1,1
FREP-289925-G,1,1,1,1,1,1
FREP-289928-J,1,1,1,1,1,1
FREP-289932-J,1,1,1,1,1,1
FREP-289936-G,1,1,1,1,1,1
FREP-289938-Z,1,1,1,1,1,1
FREP-289946-G,1,1,1,1,1,1
FREP-289950-G,1,1,1,1,1,1
FREP-289954-G,1,1,1,1,1,1
FREP-289972-Z,1,1,1,1,1,1
FREP-289981-G,1,1,1,1,1,1
FREP-289994-G,1,1,1,1,1,1
FREP-290005-Z,1,1,1,1,1,1
FREP-290013-J,1,1,1,1,1,1
FREP-290018-G,1,1,1,1,1,1
FREP-290019-J,1,1,1,1,1,1
FREP-290022-J,1,1,1,1,1,1
FREP-290025-G,1,1,1,1,1,1
FREP-290030-G,1,1,1,1,1,1
FREP-290034-G,1,1,1,1,1,1
FREP-290039-Z,1,1,1,1,1,1
FREP-290041-G,1,1,1,1,1,1
FREP-290052-G,1,1,1,1,1,1
FREP-290055-G,1,1,1,1,1,1
FREP-290056-G,1,1,1,1,1,1
FREP-290057-Z,1,1,1,1,1,1
FREP-290059-G,1,1,1,1,1,1
FREP-290060-G,1,1,1,1,1,1
FREP-290094-G,1,1,1,1,1,1
FREP-290097-J,1,1,1,1,1,1
FREP-290103-G,1,1,1,1,1,1
FREP-290113-J,1,1,1,1,1,1
FREP-290131-J,1,1,1,1,1,1
FREP-290153-J,1,1,1,1,1,1
FREP-290156-Z,1,1,1,1,1,1
FREP-290162-G,1,1,1,1,1,1
FREP-290165-G,1,1,1,1,1,1
FREP-290172-G,1,1,1,1,1,1
FREP-290184-G,1,1,1,1,1,1
FREP-290186-G,1,1,1,1,1,1
FREP-290191-G,1,1,1,1,1,1
FREP-290192-G,1,1,1,1,1,1
FREP-290194-G,1,1,1,1,1,1
FREP-290197-G,1,1,1,1,1,1
FREP-290198-G,1,1,1,1,1,1
FREP-290208-Z,1,1,1,1,1,1
FREP-290227-Z,1,1,1,1,1,1
FREP-290232-Z,1,1,1,1,1,1
FREP-290233-G,1,1,1,1,1,1
FREP-290251-Z,1,1,1,1,1,1
FREP-290252-G,1,1,1,1,1,1
FREP-290259-J,1,1,1,1,1,1
FREP-290264-Z,1,1,1,1,1,1
FREP-290275-Z,1,1,1,1,1,1
FREP-290276-G,1,1,1,1,1,1
FREP-290282-Z,1,1,1,1,1,1
FREP-290284-Z,1,1,1,1,1,1
FREP-290286-Z,1,1,1,1,1,1
FREP-290308-G,1,1,1,1,1,1
FREP-290311-Z,1,1,1,1,1,1
FREP-290313-J,1,1,1,1,1,1
FREP-290320-J,1,1,1,1,1,1
FREP-290330-J,1,1,1,1,1,1
FREP-290334-G,1,1,1,1,1,1
FREP-290335-G,1,1,1,1,1,1
FREP-290351-Z,1,1,1,1,1,1
FREP-290352-G,1,1,1,1,1,1
FREP-290358-J,1,1,1,1,1,1
FREP-290376-Z,1,1,1,1,1,1
FREP-290378-J,1,1,1,1,1,1
FREP-290385-J,1,1,1,1,1,1
FREP-290396-G,1,1,1,1,1,1
FREP-290396-J,1,1,1,1,1,1
FREP-290412-G,1,1,1,1,1,1
FREP-290420-Z,1,1,1,1,1,1
FREP-290430-J,1,1,1,1,1,1
FREP-290433-Z,1,1,1,1,1,1
FREP-290436-J,1,1,1,1,1,1
FREP-290443-G,1,1,1,1,1,1
FREP-290462-G,1,1,1,1,1,1
FREP-290487-G,1,1,1,1,1,1
FREP-290490-J,1,1,1,1,1,1
FREP-290502-J,1,1,1,1,1,1
FREP-290503-G,1,1,1,1,1,1
FREP-290506-G,1,1,1,1,1,1
FREP-290508-G,1,1,1,1,1,1
FREP-290511-G,1,1,1,1,1,1
FREP-290512-G,1,1,1,1,1,1
FREP-290513-J,1,1,1,1,1,1
FREP-290515-Z,1,1,1,1,1,1
FREP-290518-J,1,1,1,1,1,1
FREP-290522-G,1,1,1,1,1,1
FREP-290526-G,1,1,1,1,1,1
FREP-290534-Z,1,1,1,1,1,1
FREP-290547-G,1,1,1,1,1,1
FREP-290548-G,1,1,1,1,1,1
FREP-290551-J,1,1,1,1,1,1
FREP-290563-J,1,1,1,1,1,1
FREP-290580-G,1,1,1,1,1,1
FREP-290588-Z,1,1,1,1,1,1
FREP-290596-J,1,1,1,1,1,1
FREP-290596-Z,1,1,1,1,1,1
FREP-290597-J,1,1,1,1,1,1
FREP-290599-G,1,1,1,1,1,1
FREP-290604-G,1,1,1,1,1,1
FREP-290606-Z,1,1,1,1,1,1
FREP-290625-G,1,1,1,1,1,1
FREP-290654-G,1,1,1,1,1,1
FREP-290655-Z,1,1,1,1,1,1
FREP-290657-J,1,1,1,1,1,1
FREP-290658-Z,1,1,1,1,1,1
FREP-290660-G,1,1,1,1,1,1
FREP-290665-G,1,1,1,1,1,1
FREP-290665-Z,1,1,1,1,1,1
FREP-290667-Z,1,1,1,1,1,1
FREP-290668-G,1,1,1,1,1,1
FREP-290671-G,1,1,1,1,1,1
FREP-290673-G,1,1,1,1,1,1
FREP-290673-J,1,1,1,1,1,1
FREP-290674-Z,1,1,1,1,1,1
FREP-290677-Z,1,1,1,1,1,1
FREP-290682-G,1,1,1,1,1,1
FREP-290689-G,1,1,1,1,1,1
FREP-290703-Z,1,1,1,1,1,1
FREP-290712-G,1,1,1,1,1,1
FREP-290720-G,1,1,1,1,1,1
FREP-290725-G,1,1,1,1,1,1
FREP-290725-J,1,1,1,1,1,1
FREP-290731-G,1,1,1,1,1,1
FREP-290769-J,1,1,1,1,1,1
FREP-290783-G,1,1,1,1,1,1
FREP-290786-J,1,1,1,1,1,1
FREP-290790-G,1,1,1,1,1,1
FREP-290804-G,1,1,1,1,1,1
FREP-290817-G,1,1,1,1,1,1
FREP-290830-G,1,1,1,1,1,1
FREP-290831-G,1,1,1,1,1,1
FREP-290833-Z,1,1,1,1,1,1
FREP-290838-J,1,1,1,1,1,1
FREP-290853-J,1,1,1,1,1,1
FREP-290859-Z,1,1,1,1,1,1
FREP-290862-Z,1,1,1,1,1,1
FREP-290864-G,1,1,1,1,1,1
FREP-290865-G,1,1,1,1,1,1
FREP-290867-J,1,1,1,1,1,1
FREP-290869-J,1,1,1,1,1,1
FREP-290879-G,1,1,1,1,1,1
FREP-290880-J,1,1,1,1,1,1
FREP-290884-G,1,1,1,1,1,1
FREP-290886-G,1,1,1,1,1,1
FREP-290886-J,1,1,1,1,1,1
FREP-290887-G,1,1,1,1,1,1
FREP-290894-G,1,1,1,1,1,1
FREP-290901-G,1,1,1,1,1,1
FREP-290901-J,1,1,1,1,1,1
FREP-290903-J,1,1,1,1,1,1
FREP-290905-J,1,1,1,1,1,1
FREP-290906-J,1,1,1,1,1,1
FREP-290907-J,1,1,1,1,1,1
FREP-290910-G,1,1,1,1,1,1
FREP-290912-J,1,1,1,1,1,1
FREP-290914-G,1,1,1,1,1,1
FREP-290915-G,1,1,1,1,1,1
FREP-290916-G,1,1,1,1,1,1
FREP-290916-Z,1,1,1,1,1,1
FREP-290920-G,1,1,1,1,1,1
FREP-290921-G,1,1,1,1,1,1
FREP-290933-J,1,1,1,1,1,1
FREP-290940-Z,1,1,1,1,1,1
FREP-290949-J,1,1,1,1,1,1
FREP-290951-J,1,1,1,1,1,1
FREP-290971-Z,1,1,1,1,1,1
FREP-290975-Z,1,1,1,1,1,1
FREP-290977-G,1,1,1,1,1,1
FREP-290984-Z,1,1,1,1,1,1
FREP-290985-J,1,1,1,1,1,1
FREP-290988-Z,1,1,1,1,1,1
FREP-290990-Z,1,1,1,1,1,1
FREP-290997-J,1,1,1,1,1,1
FREP-290998-Z,1,1,1,1,1,1
FREP-291000-Z,1,1,1,1,1,1
FREP-291003-Z,1,1,1,1,1,1
FREP-291009-Z,1,1,1,1,1,1
FREP-291014-G,1,1,1,1,1,1
FREP-291021-Z,1,1,1,1,1,1
FREP-291029-J,1,1,1,1,1,1
FREP-291030-Z,1,1,1,1,1,1
FREP-291042-Z,1,1,1,1,1,1
FREP-291055-J,1,1,1,1,1,1
FREP-291055-Z,1,1,1,1,1,1
FREP-291068-G,1,1,1,1,1,1
FREP-291073-G,1,1,1,1,1,1
FREP-291073-J,1,1,1,1,1,1
FREP-291080-G,1,1,1,1,1,1
FREP-291081-G,1,1,1,1,1,1
FREP-291087-G,1,1,1,1,1,1
FREP-291095-G,1,1,1,1,1,1
FREP-291107-G,1,1,1,1,1,1
FREP-291108-G,1,1,1,1,1,1
FREP-291109-J,1,1,1,1,1,1
FREP-291117-G,1,1,1,1,1,1
FREP-291126-J,1,1,1,1,1,1
FREP-291157-J,1,1,1,1,1,1
FREP-291167-J,1,1,1,1,1,1
FREP-291168-J,1,1,1,1,1,1
FREP-291175-Z,1,1,1,1,1,1
FREP-291177-G,1,1,1,1,1,1
FREP-291177-J,1,1,1,1,1,1
FREP-291190-G,1,1,1,1,1,1
FREP-291194-G,1,1,1,1,1,1
FREP-291200-G,1,1,1,1,1,1
FREP-291203-G,1,1,1,1,1,1
FREP-291208-G,1,1,1,1,1,1
FREP-291219-G,1,1,1,1,1,1
FREP-291219-Z,1,1,1,1,1,1
FREP-291224-G,1,1,1,1,1,1
FREP-291230-Z,1,1,1,1,1,1
FREP-291231-G,1,1,1,1,1,1
FREP-291231-Z,1,1,1,1,1,1
FREP-291239-Z,1,1,1,1,1,1
FREP-291240-G,1,1,1,1,1,1
FREP-291246-Z,1,1,1,1,1,1
FREP-291251-J,1,1,1,1,1,1
FREP-291255-Z,1,1,1,1,1,1
FREP-291264-J,1,1,1,1,1,1
FREP-291266-J,1,1,1,1,1,1
FREP-291282-Z,1,1,1,1,1,1
FREP-291287-G,1,1,1,1,1,1
FREP-291293-G,1,1,1,1,1,1
FREP-291300-G,1,1,1,1,1,1
FREP-291309-G,1,1,1,1,1,1
FREP-291317-G,1,1,1,1,1,1
FREP-291345-J,1,1,1,1,1,1
FREP-291352-G,1,1,1,1,1,1
FREP-291355-G,1,1,1,1,1,1
FREP-291397-J,1,1,1,1,1,1
FREP-291400-J,1,1,1,1,1,1
FREP-291421-G,1,1,1,1,1,1
FREP-291433-J,1,1,1,1,1,1
FREP-291441-J,1,1,1,1,1,1
FREP-291471-G,1,1,1,1,1,1
FREP-291475-Z,1,1,1,1,1,1
FREP-291479-G,1,1,1,1,1,1
FREP-291488-Z,1,1,1,1,1,1
FREP-291511-Z,1,1,1,1,1,1
FREP-291513-Z,1,1,1,1,1,1
FREP-291517-G,1,1,1,1,1,1
FREP-291541-G,1,1,1,1,1,1
FREP-291547-Z,1,1,1,1,1,1
FREP-291553-Z,1,1,1,1,1,1
FREP-291573-G,1,1,1,1,1,1
FREP-291583-G,1,1,1,1,1,1
FREP-291591-J,1,1,1,1,1,1
FREP-291599-G,1,1,1,1,1,1
FREP-291608-Z,1,1,1,1,1,1
FREP-291624-J,1,1,1,1,1,1
FREP-291631-G,1,1,1,1,1,1
FREP-291635-G,1,1,1,1,1,1
FREP-291639-G,1,1,1,1,1,1
FREP-291659-G,1,1,1,1,1,1
FREP-291674-J,1,1,1,1,1,1
FREP-291675-J,1,1,1,1,1,1
FREP-291679-G,1,1,1,1,1,1
FREP-291679-J,1,1,1,1,1,1
FREP-291702-G,1,1,1,1,1,1
FREP-291709-G,1,1,1,1,1,1
FREP-291714-J,1,1,1,1,1,1
FREP-291717-G,1,1,1,1,1,1
FREP-291726-Z,1,1,1,1,1,1
FREP-291727-G,1,1,1,1,1,1
FREP-291728-Z,1,1,1,1,1,1
FREP-291736-Z,1,1,1,1,1,1
FREP-291737-Z,1,1,1,1,1,1
FREP-291741-Z,1,1,1,1,1,1
FREP-291745-Z,1,1,1,1,1,1
FREP-291747-Z,1,1,1,1,1,1
FREP-291756-Z,1,1,1,1,1,1
FREP-291758-J,1,1,1,1,1,1
FREP-291759-G,1,1,1,1,1,1
FREP-291762-Z,1,1,1,1,1,1
FREP-291771-J,1,1,1,1,1,1
FREP-291790-Z,1,1,1,1,1,1
FREP-291799-Z,1,1,1,1,1,1
FREP-291827-J,1,1,1,1,1,1
FREP-291834-J,1,1,1,1,1,1
FREP-291839-G,1,1,1,1,1,1
FREP-291847-G,1,1,1,1,1,1
FREP-291859-J,1,1,1,1,1,1
FREP-291868-G,1,1,1,1,1,1
FREP-291870-Z,1,1,1,1,1,1
FREP-291874-J,1,1,1,1,1,1
FREP-291876-G,1,1,1,1,1,1
FREP-291882-J,1,1,1,1,1,1
FREP-291893-J,1,1,1,1,1,1
FREP-291908-J,1,1,1,1,1,1
FREP-291919-G,1,1,1,1,1,1
FREP-291927-G,1,1,1,1,1,1
FREP-291960-G,1,1,1,1,1,1
FREP-291971-Z,1,1,1,1,1,1
FREP-291985-J,1,1,1,1,1,1
FREP-291994-Z,1,1,1,1,1,1
FREP-291996-Z,1,1,1,1,1,1
FREP-291997-Z,1,1,1,1,1,1
FREP-291998-G,1,1,1,1,1,1
FREP-292005-J,1,1,1,1,1,1
FREP-292005-Z,1,1,1,1,1,1
FREP-292008-G,1,1,1,1,1,1
FREP-292011-G,1,1,1,1,1,1
FREP-292015-G,1,1,1,1,1,1
FREP-292026-Z,1,1,1,1,1,1
FREP-292034-Z,1,1,1,1,1,1
FREP-292038-Z,1,1,1,1,1,1
FREP-292041-Z,1,1,1,1,1,1
FREP-292043-Z,1,1,1,1,1,1
FREP-292044-G,1,1,1,1,1,1
FREP-292046-Z,1,1,1,1,1,1
FREP-292049-G,1,1,1,1,1,1
FREP-292050-G,1,1,1,1,1,1
FREP-292050-Z,1,1,1,1,1,1
FREP-292078-G,1,1,1,1,1,1
FREP-292079-J,1,1,1,1,1,1
FREP-292081-G,1,1,1,1,1,1
FREP-292085-G,1,1,1,1,1,1
FREP-292094-G,1,1,1,1,1,1
FREP-292099-G,1,1,1,1,1,1
FREP-292114-G,1,1,1,1,1,1
FREP-292114-Z,1,1,1,1,1,1
FREP-292119-J,1,1,1,1,1,1
FREP-292126-G,1,1,1,1,1,1
FREP-292133-G,1,1,1,1,1,1
FREP-292155-Z,1,1,1,1,1,1
FREP-292159-Z,1,1,1,1,1,1
FREP-292171-Z,1,1,1,1,1,1
FREP-292173-G,1,1,1,1,1,1
FREP-292179-G,1,1,1,1,1,1
FREP-292188-J,1,1,1,1,1,1
FREP-292195-J,1,1,1,1,1,1
FREP-292197-G,1,1,1,1,1,1
FREP-292209-G,1,1,1,1,1,1
FREP-292212-Z,1,1,1,1,1,1
FREP-292215-G,1,1,1,1,1,1
FREP-292221-Z,1,1,1,1,1,1
FREP-292226-Z,1,1,1,1,1,1
FREP-292228-J,1,1,1,1,1,1
FREP-292228-Z,1,1,1,1,1,1
FREP-292233-G,1,1,1,1,1,1
FREP-292233-J,1,1,1,1,1,1
FREP-292241-G,1,1,1,1,1,1
FREP-292247-Z,1,1,1,1,1,1
FREP-292249-J,1,1,1,1,1,1
FREP-292250-Z,1,1,1,1,1,1
FREP-292257-J,1,1,1,1,1,1
FREP-292265-Z,1,1,1,1,1,1
FREP-292267-G,1,1,1,1,1,1
FREP-292269-J,1,1,1,1,1,1
FREP-292274-J,1,1,1,1,1,1
FREP-292297-G,1,1,1,1,1,1
FREP-292299-J,1,1,1,1,1,1
FREP-292302-G,1,1,1,1,1,1
FREP-292304-Z,1,1,1,1,1,1
FREP-292306-G,1,1,1,1,1,1
FREP-292328-J,1,1,1,1,1,1
FREP-292329-Z,1,1,1,1,1,1
FREP-292342-J,1,1,1,1,1,1
FREP-292344-J,1,1,1,1,1,1
FREP-292344-Z,1,1,1,1,1,1
FREP-292348-Z,1,1,1,1,1,1
FREP-292360-G,1,1,1,1,1,1
FREP-292366-J,1,1,1,1,1,1
FREP-292380-J,1,1,1,1,1,1
FREP-292381-J,1,1,1,1,1,1
FREP-292383-Z,1,1,1,1,1,1
FREP-292395-G,1,1,1,1,1,1
FREP-292396-Z,1,1,1,1,1,1
FREP-292406-J,1,1,1,1,1,1
FREP-292410-J,1,1,1,1,1,1
FREP-292420-Z,1,1,1,1,1,1
FREP-292440-J,1,1,1,1,1,1
FREP-292441-J,1,1,1,1,1,1
FREP-292448-J,1,1,1,1,1,1
FREP-292463-Z,1,1,1,1,1,1
FREP-292467-J,1,1,1,1,1,1
FREP-292470-G,1,1,1,1,1,1
FREP-292474-Z,1,1,1,1,1,1
FREP-292477-J,1,1,1,1,1,1
FREP-292494-Z,1,1,1,1,1,1
FREP-292513-J,1,1,1,1,1,1
FREP-292541-G,1,1,1,1,1,1
FREP-292548-G,1,1,1,1,1,1
FREP-292550-Z,1,1,1,1,1,1
FREP-292551-G,1,1,1,1,1,1
FREP-292587-G,1,1,1,1,1,1
FREP-292590-J,1,1,1,1,1,1
FREP-292598-Z,1,1,1,1,1,1
FREP-292601-G,1,1,1,1,1,1
FREP-292602-G,1,1,1,1,1,1
FREP-292608-Z,1,1,1,1,1,1
FREP-292615-G,1,1,1,1,1,1
FREP-292636-G,1,1,1,1,1,1
FREP-292637-Z,1,1,1,1,1,1
FREP-292642-J,1,1,1,1,1,1
FREP-292644-J,1,1,1,1,1,1
FREP-292651-J,1,1,1,1,1,1
FREP-292654-J,1,1,1,1,1,1
FREP-292672-Z,1,1,1,1,1,1
FREP-292682-Z,1,1,1,1,1,1
FREP-292684-Z,1,1,1,1,1,1
FREP-292707-G,1,1,1,1,1,1
FREP-292721-G,1,1,1,1,1,1
FREP-292723-J,1,1,1,1,1,1
FREP-292726-Z,1,1,1,1,1,1
FREP-292733-Z,1,1,1,1,1,1
FREP-292742-Z,1,1,1,1,1,1
FREP-292743-J,1,1,1,1,1,1
FREP-292745-J,1,1,1,1,1,1
FREP-292755-Z,1,1,1,1,1,1
FREP-292771-Z,1,1,1,1,1,1
FREP-292774-J,1,1,1,1,1,1
FREP-292799-J,1,1,1,1,1,1
FREP-292806-G,1,1,1,1,1,1
FREP-292817-J,1,1,1,1,1,1
FREP-292819-Z,1,1,1,1,1,1
FREP-292825-G,1,1,1,1,1,1
FREP-292828-J,1,1,1,1,1,1
FREP-292834-Z,1,1,1,1,1,1
FREP-292840-Z,1,1,1,1,1,1
FREP-292848-G,1,1,1,1,1,1
FREP-292849-J,1,1,1,1,1,1
FREP-292856-Z,1,1,1,1,1,1
FREP-292860-J,1,1,1,1,1,1
FREP-292860-Z,1,1,1,1,1,1
FREP-292884-Z,1,1,1,1,1,1
FREP-292885-G,1,1,1,1,1,1
FREP-292895-J,1,1,1,1,1,1
FREP-292895-Z,1,1,1,1,1,1
FREP-292901-J,1,1,1,1,1,1
FREP-292907-Z,1,1,1,1,1,1
FREP-292913-G,1,1,1,1,1,1
FREP-292919-G,1,1,1,1,1,1
FREP-292925-G,1,1,1,1,1,1
FREP-292926-G,1,1,1,1,1,1
FREP-292935-Z,1,1,1,1,1,1
FREP-292936-G,1,1,1,1,1,1
FREP-292937-G,1,1,1,1,1,1
FREP-292937-Z,1,1,1,1,1,1
FREP-292939-G,1,1,1,1,1,1
FREP-292940-G,1,1,1,1,1,1
FREP-292942-Z,1,1,1,1,1,1
FREP-292944-G,1,1,1,1,1,1
FREP-292948-Z,1,1,1,1,1,1
FREP-292950-G,1,1,1,1,1,1
FREP-292957-Z,1,1,1,1,1,1
FREP-292958-G,1,1,1,1,1,1
FREP-292965-G,1,1,1,1,1,1
FREP-292965-J,1,1,1,1,1,1
FREP-292971-G,1,1,1,1,1,1
FREP-292974-Z,1,1,1,1,1,1
FREP-292980-J,1,1,1,1,1,1
FREP-292990-G,1,1,1,1,1,1
FREP-292994-G,1,1,1,1,1,1
FREP-293007-G,1,1,1,1,1,1
FREP-293007-Z,1,1,1,1,1,1
FREP-293009-G,1,1,1,1,1,1
FREP-293014-Z,1,1,1,1,1,1
FREP-293015-G,1,1,1,1,1,1
FREP-293017-Z,1,1,1,1,1,1
FREP-293030-Z,1,1,1,1,1,1
FREP-293031-J,1,1,1,1,1,1
FREP-293031-Z,1,1,1,1,1,1
FREP-293034-Z,1,1,1,1,1,1
FREP-293038-G,1,1,1,1,1,1
FREP-293057-Z,1,1,1,1,1,1
FREP-293058-J,1,1,1,1,1,1
FREP-293069-J,1,1,1,1,1,1
FREP-293073-J,1,1,1,1,1,1
FREP-293076-G,1,1,1,1,1,1
FREP-293077-G,1,1,1,1,1,1
FREP-293080-J,1,1,1,1,1,1
FREP-293081-J,1,1,1,1,1,1
FREP-293092-Z,1,1,1,1,1,1
FREP-293093-J,1,1,1,1,1,1
FREP-293106-G,1,1,1,1,1,1
FREP-293111-G,1,1,1,1,1,1
FREP-293115-G,1,1,1,1,1,1
FREP-293121-J,1,1,1,1,1,1
FREP-293124-G,1,1,1,1,1,1
FREP-293136-J,1,1,1,1,1,1
FREP-293144-Z,1,1,1,1,1,1
FREP-293167-J,1,1,1,1,1,1
FREP-293181-J,1,1,1,1,1,1
FREP-293182-J,1,1,1,1,1,1
FREP-293185-G,1,1,1,1,1,1
FREP-293199-G,1,1,1,1,1,1
FREP-293214-Z,1,1,1,1,1,1
FREP-293218-J,1,1,1,1,1,1
FREP-293232-Z,1,1,1,1,1,1
FREP-293235-J,1,1,1,1,1,1
FREP-293239-Z,1,1,1,1,1,1
FREP-293262-J,1,1,1,1,1,1
FREP-293263-J,1,1,1,1,1,1
FREP-293267-G,1,1,1,1,1,1
FREP-293274-G,1,1,1,1,1,1
FREP-293278-J,1,1,1,1,1,1
FREP-293285-J,1,1,1,1,1,1
FREP-293288-G,1,1,1,1,1,1
FREP-293306-G,1,1,1,1,1,1
FREP-293325-G,1,1,1,1,1,1
FREP-293326-G,1,1,1,1,1,1
FREP-293343-J,1,1,1,1,1,1
FREP-293350-G,1,1,1,1,1,1
FREP-293351-G,1,1,1,1,1,1
FREP-293352-Z,1,1,1,1,1,1
FREP-293356-J,1,1,1,1,1,1
FREP-293357-J,1,1,1,1,1,1
FREP-293358-G,1,1,1,1,1,1
FREP-293364-J,1,1,1,1,1,1
FREP-293366-G,1,1,1,1,1,1
FREP-293366-Z,1,1,1,1,1,1
FREP-293369-J,1,1,1,1,1,1
FREP-293369-Z,1,1,1,1,1,1
FREP-293373-G,1,1,1,1,1,1
FREP-293374-J,1,1,1,1,1,1
FREP-293380-J,1,1,1,1,1,1
FREP-293382-G,1,1,1,1,1,1
FREP-293398-J,1,1,1,1,1,1
FREP-293404-J,1,1,1,1,1,1
FREP-293404-Z,1,1,1,1,1,1
FREP-293406-G,1,1,1,1,1,1
FREP-293411-J,1,1,1,1,1,1
FREP-293415-J,1,1,1,1,1,1
FREP-293437-J,1,1,1,1,1,1
FREP-293462-J,1,1,1,1,1,1
FREP-293465-J,1,1,1,1,1,1
FREP-293479-G,1,1,1,1,1,1
FREP-293484-G,1,1,1,1,1,1
FREP-293496-Z,1,1,1,1,1,1
FREP-293520-J,1,1,1,1,1,1
FREP-293525-G,1,1,1,1,1,1
FREP-293530-G,1,1,1,1,1,1
FREP-293531-G,1,1,1,1,1,1
FREP-293560-J,1,1,1,1,1,1
FREP-293562-G,1,1,1,1,1,1
FREP-293562-J,1,1,1,1,1,1
FREP-293574-G,1,1,1,1,1,1
FREP-293578-J,1,1,1,1,1,1
FREP-293579-G,1,1,1,1,1,1
FREP-293592-Z,1,1,1,1,1,1
FREP-293593-Z,1,1,1,1,1,1
FREP-293595-Z,1,1,1,1,1,1
FREP-293597-Z,1,1,1,1,1,1
FREP-293598-J,1,1,1,1,1,1
FREP-293599-J,1,1,1,1,1,1
FREP-293610-J,1,1,1,1,1,1
FREP-293613-J,1,1,1,1,1,1
FREP-293617-G,1,1,1,1,1,1
FREP-293623-G,1,1,1,1,1,1
FREP-293624-J,1,1,1,1,1,1
FREP-293631-G,1,1,1,1,1,1
FREP-293633-Z,1,1,1,1,1,1
FREP-293634-J,1,1,1,1,1,1
FREP-293638-J,1,1,1,1,1,1
FREP-293648-Z,1,1,1,1,1,1
FREP-293653-Z,1,1,1,1,1,1
FREP-293658-Z,1,1,1,1,1,1
FREP-293677-Z,1,1,1,1,1,1
FREP-293686-J,1,1,1,1,1,1
FREP-293704-G,1,1,1,1,1,1
FREP-293715-G,1,1,1,1,1,1
FREP-293720-J,1,1,1,1,1,1
FREP-293724-Z,1,1,1,1,1,1
FREP-293728-J,1,1,1,1,1,1
FREP-293730-Z,1,1,1,1,1,1
FREP-293735-G,1,1,1,1,1,1
FREP-293761-G,1,1,1,1,1,1
FREP-293773-Z,1,1,1,1,1,1
FREP-293785-J,1,1,1,1,1,1
FREP-293792-J,1,1,1,1,1,1
FREP-293794-Z,1,1,1,1,1,1
FREP-293798-J,1,1,1,1,1,1
FREP-293802-J,1,1,1,1,1,1
FREP-293806-J,1,1,1,1,1,1
FREP-293817-G,1,1,1,1,1,1
FREP-293829-G,1,1,1,1,1,1
FREP-293830-J,1,1,1,1,1,1
FREP-293846-Z,1,1,1,1,1,1
FREP-293847-G,1,1,1,1,1,1
FREP-293868-J,1,1,1,1,1,1
FREP-293873-J,1,1,1,1,1,1
FREP-293886-Z,1,1,1,1,1,1
FREP-293934-J,1,1,1,1,1,1
FREP-293935-Z,1,1,1,1,1,1
FREP-293938-J,1,1,1,1,1,1
FREP-293939-G,1,1,1,1,1,1
FREP-293941-J,1,1,1,1,1,1
FREP-293955-G,1,1,1,1,1,1
FREP-293978-G,1,1,1,1,1,1
FREP-293993-J,1,1,1,1,1,1
FREP-293998-G,1,1,1,1,1,1
FREP-294002-Z,1,1,1,1,1,1
FREP-294003-J,1,1,1,1,1,1
FREP-294005-G,1,1,1,1,1,1
FREP-294005-J,1,1,1,1,1,1
FREP-294017-G,1,1,1,1,1,1
FREP-294018-G,1,1,1,1,1,1
FREP-294019-Z,1,1,1,1,1,1
FREP-294034-G,1,1,1,1,1,1
FREP-294038-Z,1,1,1,1,1,1
FREP-294042-J,1,1,1,1,1,1
FREP-294045-G,1,1,1,1,1,1
FREP-294074-Z,1,1,1,1,1,1
FREP-294093-J,1,1,1,1,1,1
FREP-294101-Z,1,1,1,1,1,1
FREP-294111-J,1,1,1,1,1,1
FREP-294120-Z,1,1,1,1,1,1
FREP-294124-Z,1,1,1,1,1,1
FREP-294141-Z,1,1,1,1,1,1
FREP-294147-G,1,1,1,1,1,1
FREP-294149-Z,1,1,1,1,1,1
FREP-294155-G,1,1,1,1,1,1
FREP-294159-G,1,1,1,1,1,1
FREP-294167-Z,1,1,1,1,1,1
FREP-294175-G,1,1,1,1,1,1
FREP-294176-G,1,1,1,1,1,1
FREP-294177-J,1,1,1,1,1,1
FREP-294182-G,1,1,1,1,1,1
FREP-294182-J,1,1,1,1,1,1
FREP-294184-Z,1,1,1,1,1,1
FREP-294186-G,1,1,1,1,1,1
FREP-294211-Z,1,1,1,1,1,1
FREP-294218-Z,1,1,1,1,1,1
FREP-294231-J,1,1,1,1,1,1
FREP-294241-J,1,1,1,1,1,1
FREP-294244-Z,1,1,1,1,1,1
FREP-294245-G,1,1,1,1,1,1
FREP-294254-G,1,1,1,1,1,1
FREP-294279-G,1,1,1,1,1,1
FREP-294287-J,1,1,1,1,1,1
FREP-294291-G,1,1,1,1,1,1
FREP-294293-G,1,1,1,1,1,1
FREP-294307-J,1,1,1,1,1,1
FREP-294311-J,1,1,1,1,1,1
FREP-294318-G,1,1,1,1,1,1
FREP-294330-G,1,1,1,1,1,1
FREP-294336-G,1,1,1,1,1,1
FREP-294336-J,1,1,1,1,1,1
FREP-294348-Z,1,1,1,1,1,1
FREP-294364-G,1,1,1,1,1,1
FREP-294370-G,1,1,1,1,1,1
FREP-294376-G,1,1,1,1,1,1
FREP-294385-Z,1,1,1,1,1,1
FREP-294387-Z,1,1,1,1,1,1
FREP-294388-Z,1,1,1,1,1,1
FREP-294390-Z,1,1,1,1,1,1
FREP-294393-G,1,1,1,1,1,1
FREP-294412-J,1,1,1,1,1,1
FREP-294417-J,1,1,1,1,1,1
FREP-294421-Z,1,1,1,1,1,1
FREP-294432-G,1,1,1,1,1,1
FREP-294435-Z,1,1,1,1,1,1
FREP-294436-Z,1,1,1,1,1,1
FREP-294440-G,1,1,1,1,1,1
FREP-294444-G,1,1,1,1,1,1
FREP-294470-G,1,1,1,1,1,1
FREP-294470-Z,1,1,1,1,1,1
FREP-294480-J,1,1,1,1,1,1
FREP-294482-J,1,1,1,1,1,1
FREP-294482-Z,1,1,1,1,1,1
FREP-294492-Z,1,1,1,1,1,1
FREP-294499-G,1,1,1,1,1,1
FREP-294501-G,1,1,1,1,1,1
FREP-294505-G,1,1,1,1,1,1
FREP-294524-G,1,1,1,1,1,1
FREP-294531-G,1,1,1,1,1,1
FREP-294545-G,1,1,1,1,1,1
FREP-294548-G,1,1,1,1,1,1
FREP-294551-J,1,1,1,1,1,1
FREP-294558-G,1,1,1,1,1,1
FREP-294566-J,1,1,1,1,1,1
FREP-294571-G,1,1,1,1,1,1
FREP-294571-J,1,1,1,1,1,1
FREP-294574-G,1,1,1,1,1,1
FREP-294580-G,1,1,1,1,1,1
FREP-294581-G,1,1,1,1,1,1
FREP-294581-J,1,1,1,1,1,1
FREP-294582-J,1,1,1,1,1,1
FREP-294589-Z,1,1,1,1,1,1
FREP-294594-Z,1,1,1,1,1,1
FREP-294595-Z,1,1,1,1,1,1
FREP-294601-Z,1,1,1,1,1,1
FREP-294611-G,1,1,1,1,1,1
FREP-294623-G,1,1,1,1,1,1
FREP-294634-J,1,1,1,1,1,1
FREP-294647-Z,1,1,1,1,1,1
FREP-294649-J,1,1,1,1,1,1
FREP-294657-G,1,1,1,1,1,1
FREP-294661-J,1,1,1,1,1,1
FREP-294665-J,1,1,1,1,1,1
FREP-294669-J,1,1,1,1,1,1
FREP-294670-G,1,1,1,1,1,1
FREP-294670-Z,1,1,1,1,1,1
FREP-294689-G,1,1,1,1,1,1
FREP-294713-Z,1,1,1,1,1,1
FREP-294727-J,1,1,1,1,1,1
FREP-294742-J,1,1,1,1,1,1
FREP-294765-J,1,1,1,1,1,1
FREP-294766-Z,1,1,1,1,1,1
FREP-294777-G,1,1,1,1,1,1
FREP-294779-J,1,1,1,1,1,1
FREP-294784-G,1,1,1,1,1,1
FREP-294796-J,1,1,1,1,1,1
FREP-294805-G,1,1,1,1,1,1
FREP-294805-Z,1,1,1,1,1,1
FREP-294817-Z,1,1,1,1,1,1
FREP-294818-G,1,1,1,1,1,1
FREP-294830-G,1,1,1,1,1,1
FREP-294831-G,1,1,1,1,1,1
FREP-294831-J,1,1,1,1,1,1
FREP-294836-G,1,1,1,1,1,1
FREP-294836-Z,1,1,1,1,1,1
FREP-294838-J,1,1,1,1,1,1
FREP-294846-Z,1,1,1,1,1,1
FREP-294856-G,1,1,1,1,1,1
FREP-294856-Z,1,1,1,1,1,1
FREP-294860-Z,1,1,1,1,1,1
FREP-294864-J,1,1,1,1,1,1
FREP-294868-G,1,1,1,1,1,1
FREP-294877-Z,1,1,1,1,1,1
FREP-294884-J,1,1,1,1,1,1
FREP-294887-J,1,1,1,1,1,1
FREP-294896-Z,1,1,1,1,1,1
FREP-294918-Z,1,1,1,1,1,1
FREP-294919-Z,1,1,1,1,1,1
FREP-294932-Z,1,1,1,1,1,1
FREP-294950-G,1,1,1,1,1,1
FREP-294952-J,1,1,1,1,1,1
FREP-294969-J,1,1,1,1,1,1
FREP-294971-J,1,1,1,1,1,1
FREP-294976-G,1,1,1,1,1,1
FREP-294976-J,1,1,1,1,1,1
FREP-294981-J,1,1,1,1,1,1
FREP-294982-J,1,1,1,1,1,1
FREP-294983-G,1,1,1,1,1,1
FREP-295001-J,1,1,1,1,1,1
FREP-295002-J,1,1,1,1,1,1
FREP-295004-J,1,1,1,1,1,1
FREP-295025-J,1,1,1,1,1,1
FREP-295037-J,1,1,1,1,1,1
FREP-295044-J,1,1,1,1,1,1
FREP-295050-G,1,1,1,1,1,1
FREP-295054-Z,1,1,1,1,1,1
FREP-295055-G,1,1,1,1,1,1
FREP-295056-Z,1,1,1,1,1,1
FREP-295065-J,1,1,1,1,1,1
FREP-295067-J,1,1,1,1,1,1
FREP-295077-G,1,1,1,1,1,1
FREP-295080-G,1,1,1,1,1,1
FREP-295086-J,1,1,1,1,1,1
FREP-295096-J,1,1,1,1,1,1
FREP-295100-J,1,1,1,1,1,1
FREP-295107-Z,1,1,1,1,1,1
FREP-295120-G,1,1,1,1,1,1
FREP-295137-J,1,1,1,1,1,1
FREP-295150-J,1,1,1,1,1,1
FREP-295156-J,1,1,1,1,1,1
FREP-295159-G,1,1,1,1,1,1
FREP-295163-J,1,1,1,1,1,1
FREP-295165-G,1,1,1,1,1,1
FREP-295171-G,1,1,1,1,1,1
FREP-295173-G,1,1,1,1,1,1
FREP-295176-G,1,1,1,1,1,1
FREP-295177-G,1,1,1,1,1,1
FREP-295178-G,1,1,1,1,1,1
FREP-295193-Z,1,1,1,1,1,1
FREP-295194-Z,1,1,1,1,1,1
FREP-295202-G,1,1,1,1,1,1
FREP-295205-G,1,1,1,1,1,1
FREP-295207-Z,1,1,1,1,1,1
FREP-295211-G,1,1,1,1,1,1
FREP-295213-G,1,1,1,1,1,1
FREP-295226-Z,1,1,1,1,1,1
FREP-295232-J,1,1,1,1,1,1
FREP-295235-G,1,1,1,1,1,1
FREP-295236-Z,1,1,1,1,1,1
FREP-295238-G,1,1,1,1,1,1
FREP-295244-Z,1,1,1,1,1,1
FREP-295245-G,1,1,1,1,1,1
FREP-295250-J,1,1,1,1,1,1
FREP-295250-Z,1,1,1,1,1,1
FREP-295251-G,1,1,1,1,1,1
FREP-295257-Z,1,1,1,1,1,1
FREP-295259-G,1,1,1,1,1,1
FREP-295261-G,1,1,1,1,1,1
FREP-295266-G,1,1,1,1,1,1
FREP-295270-G,1,1,1,1,1,1
FREP-295278-J,1,1,1,1,1,1
FREP-295279-J,1,1,1,1,1,1
FREP-295283-G,1,1,1,1,1,1
FREP-295286-Z,1,1,1,1,1,1
FREP-295291-G,1,1,1,1,1,1
FREP-295296-G,1,1,1,1,1,1
FREP-295297-G,1,1,1,1,1,1
FREP-295299-J,1,1,1,1,1,1
FREP-295301-G,1,1,1,1,1,1
FREP-295301-J,1,1,1,1,1,1
FREP-295305-G,1,1,1,1,1,1
FREP-295307-G,1,1,1,1,1,1
FREP-295310-G,1,1,1,1,1,1
FREP-295316-J,1,1,1,1,1,1
FREP-295318-G,1,1,1,1,1,1
FREP-295322-J,1,1,1,1,1,1
FREP-295325-G,1,1,1,1,1,1
FREP-295329-J,1,1,1,1,1,1
FREP-295331-Z,1,1,1,1,1,1
FREP-295333-Z,1,1,1,1,1,1
FREP-295334-Z,1,1,1,1,1,1
FREP-295335-Z,1,1,1,1,1,1
FREP-295340-G,1,1,1,1,1,1
FREP-295342-Z,1,1,1,1,1,1
FREP-295344-G,1,1,1,1,1,1
FREP-295350-Z,1,1,1,1,1,1
FREP-295351-G,1,1,1,1,1,1
FREP-295353-Z,1,1,1,1,1,1
FREP-295358-G,1,1,1,1,1,1
FREP-295365-G,1,1,1,1,1,1
FREP-295365-Z,1,1,1,1,1,1
FREP-295367-Z,1,1,1,1,1,1
FREP-295368-Z,1,1,1,1,1,1
FREP-295381-G,1,1,1,1,1,1
FREP-295395-G,1,1,1,1,1,1
FREP-295396-G,1,1,1,1,1,1
FREP-295408-G,1,1,1,1,1,1
FREP-295413-G,1,1,1,1,1,1
FREP-295420-J,1,1,1,1,1,1
FREP-295424-G,1,1,1,1,1,1
FREP-295432-G,1,1,1,1,1,1
FREP-295434-G,1,1,1,1,1,1
FREP-295441-J,1,1,1,1,1,1
FREP-295445-Z,1,1,1,1,1,1
FREP-295453-Z,1,1,1,1,1,1
FREP-295482-G,1,1,1,1,1,1
FREP-295489-G,1,1,1,1,1,1
FREP-295490-J,1,1,1,1,1,1
FREP-295494-Z,1,1,1,1,1,1
FREP-295503-Z,1,1,1,1,1,1
FREP-295518-J,1,1,1,1,1,1
FREP-295519-G,1,1,1,1,1,1
FREP-295549-G,1,1,1,1,1,1
FREP-295557-G,1,1,1,1,1,1
FREP-295561-J,1,1,1,1,1,1
FREP-295565-G,1,1,1,1,1,1
FREP-295567-J,1,1,1,1,1,1
FREP-295574-Z,1,1,1,1,1,1
FREP-295585-J,1,1,1,1,1,1
FREP-295587-J,1,1,1,1,1,1
FREP-295600-J,1,1,1,1,1,1
FREP-295607-Z,1,1,1,1,1,1
FREP-295612-G,1,1,1,1,1,1
FREP-295616-J,1,1,1,1,1,1
FREP-295618-G,1,1,1,1,1,1
FREP-295635-J,1,1,1,1,1,1
FREP-295661-Z,1,1,1,1,1,1
FREP-295664-J,1,1,1,1,1,1
FREP-295685-G,1,1,1,1,1,1
FREP-295705-J,1,1,1,1,1,1
FREP-295719-Z,1,1,1,1,1,1
FREP-295722-G,1,1,1,1,1,1
FREP-295723-Z,1,1,1,1,1,1
FREP-295725-J,1,1,1,1,1,1
FREP-295755-J,1,1,1,1,1,1
FREP-295772-Z,1,1,1,1,1,1
FREP-295780-G,1,1,1,1,1,1
FREP-295784-J,1,1,1,1,1,1
FREP-295785-J,1,1,1,1,1,1
FREP-295805-Z,1,1,1,1,1,1
FREP-295806-Z,1,1,1,1,1,1
FREP-295807-J,1,1,1,1,1,1
FREP-295811-J,1,1,1,1,1,1
FREP-295819-Z,1,1,1,1,1,1
FREP-295822-Z,1,1,1,1,1,1
FREP-295829-G,1,1,1,1,1,1
FREP-295832-J,1,1,1,1,1,1
FREP-295841-G,1,1,1,1,1,1
FREP-295852-J,1,1,1,1,1,1
FREP-295861-J,1,1,1,1,1,1
FREP-295883-Z,1,1,1,1,1,1
FREP-295889-G,1,1,1,1,1,1
FREP-295891-G,1,1,1,1,1,1
FREP-295892-Z,1,1,1,1,1,1
FREP-295899-Z,1,1,1,1,1,1
FREP-295900-G,1,1,1,1,1,1
FREP-295915-Z,1,1,1,1,1,1
FREP-295977-G,1,1,1,1,1,1
FREP-295982-J,1,1,1,1,1,1
FREP-295993-G,1,1,1,1,1,1
FREP-295996-J,1,1,1,1,1,1
FREP-296003-Z,1,1,1,1,1,1
FREP-296006-J,1,1,1,1,1,1
FREP-296007-G,1,1,1,1,1,1
FREP-296012-G,1,1,1,1,1,1
FREP-296014-J,1,1,1,1,1,1
FREP-296015-Z,1,1,1,1,1,1
FREP-296021-J,1,1,1,1,1,1
FREP-296021-Z,1,1,1,1,1,1
FREP-296022-Z,1,1,1,1,1,1
FREP-296025-J,1,1,1,1,1,1
FREP-296026-Z,1,1,1,1,1,1
FREP-296029-G,1,1,1,1,1,1
FREP-296048-G,1,1,1,1,1,1
FREP-296060-J,1,1,1,1,1,1
FREP-296060-Z,1,1,1,1,1,1
FREP-296067-G,1,1,1,1,1,1
FREP-296073-J,1,1,1,1,1,1
FREP-296087-Z,1,1,1,1,1,1
FREP-296099-G,1,1,1,1,1,1
FREP-296102-J,1,1,1,1,1,1
FREP-296110-G,1,1,1,1,1,1
FREP-296118-G,1,1,1,1,1,1
FREP-296124-G,1,1,1,1,1,1
FREP-296127-G,1,1,1,1,1,1
FREP-296130-G,1,1,1,1,1,1
FREP-296138-J,1,1,1,1,1,1
FREP-296146-Z,1,1,1,1,1,1
FREP-296151-Z,1,1,1,1,1,1
FREP-296174-J,1,1,1,1,1,1
FREP-296175-G,1,1,1,1,1,1
FREP-296186-Z,1,1,1,1,1,1
FREP-296193-J,1,1,1,1,1,1
FREP-296234-Z,1,1,1,1,1,1
FREP-296242-J,1,1,1,1,1,1
FREP-296244-G,1,1,1,1,1,1
FREP-296246-J,1,1,1,1,1,1
FREP-296250-G,1,1,1,1,1,1
FREP-296263-J,1,1,1,1,1,1
FREP-296272-G,1,1,1,1,1,1
FREP-296280-Z,1,1,1,1,1,1
FREP-296292-J,1,1,1,1,1,1
FREP-296297-G,1,1,1,1,1,1
FREP-296303-G,1,1,1,1,1,1
FREP-296306-G,1,1,1,1,1,1
FREP-296308-J,1,1,1,1,1,1
FREP-296310-G,1,1,1,1,1,1
FREP-296318-G,1,1,1,1,1,1
FREP-296321-G,1,1,1,1,1,1
FREP-296331-G,1,1,1,1,1,1
FREP-296333-G,1,1,1,1,1,1
FREP-296341-G,1,1,1,1,1,1
FREP-296345-G,1,1,1,1,1,1
FREP-296349-Z,1,1,1,1,1,1
FREP-296352-G,1,1,1,1,1,1
FREP-296356-G,1,1,1,1,1,1
FREP-296357-G,1,1,1,1,1,1
FREP-296357-Z,1,1,1,1,1,1
FREP-296358-G,1,1,1,1,1,1
FREP-296359-G,1,1,1,1,1,1
FREP-296359-J,1,1,1,1,1,1
FREP-296359-Z,1,1,1,1,1,1
FREP-296363-G,1,1,1,1,1,1
FREP-296368-G,1,1,1,1,1,1
FREP-296375-G,1,1,1,1,1,1
FREP-296377-Z,1,1,1,1,1,1
FREP-296395-G,1,1,1,1,1,1
FREP-296400-G,1,1,1,1,1,1
FREP-296402-G,1,1,1,1,1,1
FREP-296406-Z,1,1,1,1,1,1
FREP-296417-Z,1,1,1,1,1,1
FREP-296426-J,1,1,1,1,1,1
FREP-296436-Z,1,1,1,1,1,1
FREP-296440-Z,1,1,1,1,1,1
FREP-296446-G,1,1,1,1,1,1
FREP-296458-J,1,1,1,1,1,1
FREP-296458-Z,1,1,1,1,1,1
FREP-296467-G,1,1,1,1,1,1
FREP-296468-Z,1,1,1,1,1,1
FREP-296469-Z,1,1,1,1,1,1
FREP-296475-Z,1,1,1,1,1,1
FREP-296480-Z,1,1,1,1,1,1
FREP-296483-Z,1,1,1,1,1,1
FREP-296496-G,1,1,1,1,1,1
FREP-296500-Z,1,1,1,1,1,1
FREP-296503-Z,1,1,1,1,1,1
FREP-296514-J,1,1,1,1,1,1
FREP-296532-Z,1,1,1,1,1,1
FREP-296536-G,1,1,1,1,1,1
FREP-296537-G,1,1,1,1,1,1
FREP-296541-J,1,1,1,1,1,1
FREP-296544-J,1,1,1,1,1,1
FREP-296554-Z,1,1,1,1,1,1
FREP-296556-Z,1,1,1,1,1,1
FREP-296557-J,1,1,1,1,1,1
FREP-296568-G,1,1,1,1,1,1
FREP-296586-Z,1,1,1,1,1,1
FREP-296626-J,1,1,1,1,1,1
FREP-296627-G,1,1,1,1,1,1
FREP-296627-J,1,1,1,1,1,1
FREP-296642-G,1,1,1,1,1,1
FREP-296643-J,1,1,1,1,1,1
FREP-296644-Z,1,1,1,1,1,1
FREP-296649-J,1,1,1,1,1,1
FREP-296652-J,1,1,1,1,1,1
FREP-296666-J,1,1,1,1,1,1
FREP-296672-G,1,1,1,1,1,1
FREP-296688-Z,1,1,1,1,1,1
FREP-296743-J,1,1,1,1,1,1
FREP-296743-Z,1,1,1,1,1,1
FREP-296744-J,1,1,1,1,1,1
FREP-296747-Z,1,1,1,1,1,1
FREP-296753-J,1,1,1,1,1,1
FREP-296762-G,1,1,1,1,1,1
FREP-296766-J,1,1,1,1,1,1
FREP-296767-G,1,1,1,1,1,1
FREP-296768-Z,1,1,1,1,1,1
FREP-296774-G,1,1,1,1,1,1
FREP-296774-Z,1,1,1,1,1,1
FREP-296776-J,1,1,1,1,1,1
FREP-296780-Z,1,1,1,1,1,1
FREP-296782-G,1,1,1,1,1,1
FREP-296783-Z,1,1,1,1,1,1
FREP-296785-G,1,1,1,1,1,1
FREP-296793-Z,1,1,1,1,1,1
FREP-296802-G,1,1,1,1,1,1
FREP-296807-G,1,1,1,1,1,1
FREP-296813-J,1,1,1,1,1,1
FREP-296814-G,1,1,1,1,1,1
FREP-296821-G,1,1,1,1,1,1
FREP-296826-G,1,1,1,1,1,1
FREP-296852-G,1,1,1,1,1,1
FREP-296855-J,1,1,1,1,1,1
FREP-296862-J,1,1,1,1,1,1
FREP-296891-G,1,1,1,1,1,1
FREP-296892-Z,1,1,1,1,1,1
FREP-296898-G,1,1,1,1,1,1
FREP-296903-G,1,1,1,1,1,1
FREP-296904-G,1,1,1,1,1,1
FREP-296909-J,1,1,1,1,1,1
FREP-296910-J,1,1,1,1,1,1
FREP-296911-G,1,1,1,1,1,1
FREP-296914-Z,1,1,1,1,1,1
FREP-296916-G,1,1,1,1,1,1
FREP-296927-G,1,1,1,1,1,1
FREP-296938-Z,1,1,1,1,1,1
FREP-296940-Z,1,1,1,1,1,1
FREP-296943-J,1,1,1,1,1,1
FREP-296944-G,1,1,1,1,1,1
FREP-296950-Z,1,1,1,1,1,1
FREP-296954-J,1,1,1,1,1,1
FREP-296957-Z,1,1,1,1,1,1
FREP-296958-G,1,1,1,1,1,1
FREP-296970-G,1,1,1,1,1,1
FREP-296972-J,1,1,1,1,1,1
FREP-296973-G,1,1,1,1,1,1
FREP-296977-G,1,1,1,1,1,1
FREP-296983-Z,1,1,1,1,1,1
FREP-297000-J,1,1,1,1,1,1
FREP-297003-G,1,1,1,1,1,1
FREP-297053-Z,1,1,1,1,1,1
FREP-297061-Z,1,1,1,1,1,1
FREP-297078-G,1,1,1,1,1,1
FREP-297088-G,1,1,1,1,1,1
FREP-297093-J,1,1,1,1,1,1
FREP-297096-J,1,1,1,1,1,1
FREP-297101-J,1,1,1,1,1,1
FREP-297108-G,1,1,1,1,1,1
FREP-297109-G,1,1,1,1,1,1
FREP-297110-G,1,1,1,1,1,1
FREP-297121-G,1,1,1,1,1,1
FREP-297123-G,1,1,1,1,1,1
FREP-297128-Z,1,1,1,1,1,1
FREP-297132-J,1,1,1,1,1,1
FREP-297144-J,1,1,1,1,1,1
FREP-297145-G,1,1,1,1,1,1
FREP-297145-Z,1,1,1,1,1,1
FREP-297167-Z,1,1,1,1,1,1
FREP-297171-Z,1,1,1,1,1,1
FREP-297172-G,1,1,1,1,1,1
FREP-297174-G,1,1,1,1,1,1
FREP-297178-Z,1,1,1,1,1,1
FREP-297180-G,1,1,1,1,1,1
FREP-297182-Z,1,1,1,1,1,1
FREP-297183-G,1,1,1,1,1,1
FREP-297184-G,1,1,1,1,1,1
FREP-297194-Z,1,1,1,1,1,1
FREP-297196-Z,1,1,1,1,1,1
FREP-297199-Z,1,1,1,1,1,1
FREP-297200-Z,1,1,1,1,1,1
FREP-297202-G,1,1,1,1,1,1
FREP-297207-G,1,1,1,1,1,1
FREP-297208-G,1,1,1,1,1,1
FREP-297214-J,1,1,1,1,1,1
FREP-297218-Z,1,1,1,1,1,1
FREP-297234-Z,1,1,1,1,1,1
FREP-297260-G,1,1,1,1,1,1
FREP-297267-G,1,1,1,1,1,1
FREP-297268-G,1,1,1,1,1,1
FREP-297270-Z,1,1,1,1,1,1
FREP-297279-G,1,1,1,1,1,1
FREP-297279-J,1,1,1,1,1,1
FREP-297281-G,1,1,1,1,1,1
FREP-297282-Z,1,1,1,1,1,1
FREP-297286-G,1,1,1,1,1,1
FREP-297293-G,1,1,1,1,1,1
FREP-297308-J,1,1,1,1,1,1
FREP-297310-G,1,1,1,1,1,1
FREP-297312-G,1,1,1,1,1,1
FREP-297323-J,1,1,1,1,1,1
FREP-297324-G,1,1,1,1,1,1
FREP-297325-Z,1,1,1,1,1,1
FREP-297326-Z,1,1,1,1,1,1
FREP-297328-G,1,1,1,1,1,1
FREP-297342-J,1,1,1,1,1,1
FREP-297345-G,1,1,1,1,1,1
FREP-297373-Z,1,1,1,1,1,1
FREP-297375-G,1,1,1,1,1,1
FREP-297376-Z,1,1,1,1,1,1
FREP-297382-Z,1,1,1,1,1,1
FREP-297387-Z,1,1,1,1,1,1
FREP-297388-Z,1,1,1,1,1,1
FREP-297400-Z,1,1,1,1,1,1
FREP-297415-J,1,1,1,1,1,1
FREP-297429-G,1,1,1,1,1,1
FREP-297430-G,1,1,1,1,1,1
FREP-297431-G,1,1,1,1,1,1
FREP-297436-Z,1,1,1,1,1,1
FREP-297437-Z,1,1,1,1,1,1
FREP-297438-J,1,1,1,1,1,1
FREP-297440-G,1,1,1,1,1,1
FREP-297444-G,1,1,1,1,1,1
FREP-297446-Z,1,1,1,1,1,1
FREP-297492-G,1,1,1,1,1,1
FREP-297495-J,1,1,1,1,1,1
FREP-297504-J,1,1,1,1,1,1
FREP-297508-J,1,1,1,1,1,1
FREP-297508-Z,1,1,1,1,1,1
FREP-297519-G,1,1,1,1,1,1
FREP-297549-Z,1,1,1,1,1,1
FREP-297550-Z,1,1,1,1,1,1
FREP-297553-J,1,1,1,1,1,1
FREP-297576-G,1,1,1,1,1,1
FREP-297582-Z,1,1,1,1,1,1
FREP-297592-G,1,1,1,1,1,1
FREP-297596-G,1,1,1,1,1,1
FREP-297602-G,1,1,1,1,1,1
FREP-297602-Z,1,1,1,1,1,1
FREP-297606-G,1,1,1,1,1,1
FREP-297609-G,1,1,1,1,1,1
FREP-297610-J,1,1,1,1,1,1
FREP-297616-G,1,1,1,1,1,1
FREP-297631-G,1,1,1,1,1,1
FREP-297635-G,1,1,1,1,1,1
FREP-297649-J,1,1,1,1,1,1
FREP-297651-G,1,1,1,1,1,1
FREP-297651-Z,1,1,1,1,1,1
FREP-297659-Z,1,1,1,1,1,1
FREP-297662-Z,1,1,1,1,1,1
FREP-297676-G,1,1,1,1,1,1
FREP-297676-Z,1,1,1,1,1,1
FREP-297678-G,1,1,1,1,1,1
FREP-297683-G,1,1,1,1,1,1
FREP-297684-Z,1,1,1,1,1,1
FREP-297685-Z,1,1,1,1,1,1
FREP-297699-Z,1,1,1,1,1,1
FREP-297700-G,1,1,1,1,1,1
FREP-297706-J,1,1,1,1,1,1
FREP-297710-G,1,1,1,1,1,1
FREP-297715-J,1,1,1,1,1,1
FREP-297719-Z,1,1,1,1,1,1
FREP-297725-G,1,1,1,1,1,1
FREP-297727-G,1,1,1,1,1,1
FREP-297730-G,1,1,1,1,1,1
FREP-297733-J,1,1,1,1,1,1
FREP-297734-G,1,1,1,1,1,1
FREP-297737-J,1,1,1,1,1,1
FREP-297744-G,1,1,1,1,1,1
FREP-297746-G,1,1,1,1,1,1
FREP-297753-G,1,1,1,1,1,1
FREP-297755-J,1,1,1,1,1,1
FREP-297755-Z,1,1,1,1,1,1
FREP-297771-Z,1,1,1,1,1,1
FREP-297775-G,1,1,1,1,1,1
FREP-297776-Z,1,1,1,1,1,1
FREP-297783-G,1,1,1,1,1,1
FREP-297788-G,1,1,1,1,1,1
FREP-297831-G,1,1,1,1,1,1
FREP-297837-Z,1,1,1,1,1,1
FREP-297868-G,1,1,1,1,1,1
FREP-297874-G,1,1,1,1,1,1
FREP-297879-Z,1,1,1,1,1,1
FREP-297905-J,1,1,1,1,1,1
FREP-297908-J,1,1,1,1,1,1
FREP-297931-G,1,1,1,1,1,1
FREP-297947-G,1,1,1,1,1,1
FREP-297958-G,1,1,1,1,1,1
FREP-297963-J,1,1,1,1,1,1
FREP-297974-G,1,1,1,1,1,1
FREP-297977-G,1,1,1,1,1,1
FREP-297981-J,1,1,1,1,1,1
FREP-298003-J,1,1,1,1,1,1
FREP-298005-G,1,1,1,1,1,1
FREP-298006-J,1,1,1,1,1,1
FREP-298006-Z,1,1,1,1,1,1
FREP-298007-G,1,1,1,1,1,1
FREP-298008-G,1,1,1,1,1,1
FREP-298012-J,1,1,1,1,1,1
FREP-298015-Z,1,1,1,1,1,1
FREP-298017-Z,1,1,1,1,1,1
FREP-298018-Z,1,1,1,1,1,1
FREP-298020-G,1,1,1,1,1,1
FREP-298026-G,1,1,1,1,1,1
FREP-298026-Z,1,1,1,1,1,1
FREP-298046-G,1,1,1,1,1,1
FREP-298054-Z,1,1,1,1,1,1
FREP-298055-G,1,1,1,1,1,1
FREP-298056-J,1,1,1,1,1,1
FREP-298078-J,1,1,1,1,1,1
FREP-298092-G,1,1,1,1,1,1
FREP-298093-J,1,1,1,1,1,1
FREP-298145-J,1,1,1,1,1,1
FREP-298158-G,1,1,1,1,1,1
FREP-298158-J,1,1,1,1,1,1
FREP-298169-Z,1,1,1,1,1,1
FREP-298174-G,1,1,1,1,1,1
FREP-298174-Z,1,1,1,1,1,1
FREP-298183-G,1,1,1,1,1,1
FREP-298185-G,1,1,1,1,1,1
FREP-298192-J,1,1,1,1,1,1
FREP-298205-G,1,1,1,1,1,1
FREP-298210-Z,1,1,1,1,1,1
FREP-298229-Z,1,1,1,1,1,1
FREP-298231-Z,1,1,1,1,1,1
FREP-298233-Z,1,1,1,1,1,1
FREP-298234-G,1,1,1,1,1,1
FREP-298240-Z,1,1,1,1,1,1
FREP-298246-J,1,1,1,1,1,1
FREP-298247-Z,1,1,1,1,1,1
FREP-298249-Z,1,1,1,1,1,1
FREP-298279-G,1,1,1,1,1,1
FREP-298290-J,1,1,1,1,1,1
FREP-298294-G,1,1,1,1,1,1
FREP-298309-Z,1,1,1,1,1,1
FREP-298315-G,1,1,1,1,1,1
FREP-298317-G,1,1,1,1,1,1
FREP-298335-J,1,1,1,1,1,1
FREP-298348-G,1,1,1,1,1,1
FREP-298362-G,1,1,1,1,1,1
FREP-298373-J,1,1,1,1,1,1
FREP-298376-Z,1,1,1,1,1,1
FREP-298390-G,1,1,1,1,1,1
FREP-298396-G,1,1,1,1,1,1
FREP-298400-G,1,1,1,1,1,1
FREP-298409-G,1,1,1,1,1,1
FREP-298415-G,1,1,1,1,1,1
FREP-298421-G,1,1,1,1,1,1
FREP-298437-Z,1,1,1,1,1,1
FREP-298443-J,1,1,1,1,1,1
FREP-298448-Z,1,1,1,1,1,1
FREP-298449-G,1,1,1,1,1,1
FREP-298453-G,1,1,1,1,1,1
FREP-298469-G,1,1,1,1,1,1
FREP-298469-J,1,1,1,1,1,1
FREP-298472-G,1,1,1,1,1,1
FREP-298473-G,1,1,1,1,1,1
FREP-298474-Z,1,1,1,1,1,1
FREP-298477-G,1,1,1,1,1,1
FREP-298483-Z,1,1,1,1,1,1
FREP-298488-J,1,1,1,1,1,1
FREP-298489-Z,1,1,1,1,1,1
FREP-298491-G,1,1,1,1,1,1
FREP-298494-Z,1,1,1,1,1,1
FREP-298496-Z,1,1,1,1,1,1
FREP-298497-Z,1,1,1,1,1,1
FREP-298499-G,1,1,1,1,1,1
FREP-298501-J,1,1,1,1,1,1
FREP-298510-Z,1,1,1,1,1,1
FREP-298514-G,1,1,1,1,1,1
FREP-298523-Z,1,1,1,1,1,1
FREP-298525-G,1,1,1,1,1,1
FREP-298535-Z,1,1,1,1,1,1
FREP-298537-Z,1,1,1,1,1,1
FREP-298540-G,1,1,1,1,1,1
FREP-298541-Z,1,1,1,1,1,1
FREP-298545-G,1,1,1,1,1,1
FREP-298548-Z,1,1,1,1,1,1
FREP-298553-J,1,1,1,1,1,1
FREP-298574-J,1,1,1,1,1,1
FREP-298576-G,1,1,1,1,1,1
FREP-298576-J,1,1,1,1,1,1
FREP-298582-G,1,1,1,1,1,1
FREP-298594-Z,1,1,1,1,1,1
FREP-298600-Z,1,1,1,1,1,1
FREP-298607-Z,1,1,1,1,1,1
FREP-298613-Z,1,1,1,1,1,1
FREP-298616-Z,1,1,1,1,1,1
FREP-298618-G,1,1,1,1,1,1
FREP-298627-Z,1,1,1,1,1,1
FREP-298634-G,1,1,1,1,1,1
FREP-298639-G,1,1,1,1,1,1
FREP-298644-Z,1,1,1,1,1,1
FREP-298648-G,1,1,1,1,1,1
FREP-298651-Z,1,1,1,1,1,1
FREP-298652-G,1,1,1,1,1,1
FREP-298657-G,1,1,1,1,1,1
FREP-298660-Z,1,1,1,1,1,1
FREP-298661-G,1,1,1,1,1,1
FREP-298661-J,1,1,1,1,1,1
FREP-298662-J,1,1,1,1,1,1
FREP-298667-G,1,1,1,1,1,1
FREP-298670-Z,1,1,1,1,1,1
FREP-298688-G,1,1,1,1,1,1
FREP-298702-Z,1,1,1,1,1,1
FREP-298709-Z,1,1,1,1,1,1
FREP-298710-Z,1,1,1,1,1,1
FREP-298711-Z,1,1,1,1,1,1
FREP-298713-Z,1,1,1,1,1,1
FREP-298716-Z,1,1,1,1,1,1
FREP-298731-J,1,1,1,1,1,1
FREP-298738-G,1,1,1,1,1,1
FREP-298744-Z,1,1,1,1,1,1
FREP-298760-Z,1,1,1,1,1,1
FREP-298764-Z,1,1,1,1,1,1
FREP-298768-G,1,1,1,1,1,1
FREP-298771-Z,1,1,1,1,1,1
FREP-298789-Z,1,1,1,1,1,1
FREP-298795-Z,1,1,1,1,1,1
FREP-298808-G,1,1,1,1,1,1
FREP-298810-G,1,1,1,1,1,1
FREP-298819-G,1,1,1,1,1,1
FREP-298825-J,1,1,1,1,1,1
FREP-298830-Z,1,1,1,1,1,1
FREP-298833-J,1,1,1,1,1,1
FREP-298836-G,1,1,1,1,1,1
FREP-298840-G,1,1,1,1,1,1
FREP-298850-Z,1,1,1,1,1,1
FREP-298854-J,1,1,1,1,1,1
FREP-298866-G,1,1,1,1,1,1
FREP-298876-Z,1,1,1,1,1,1
FREP-298883-G,1,1,1,1,1,1
FREP-298883-Z,1,1,1,1,1,1
FREP-298888-G,1,1,1,1,1,1
FREP-298892-Z,1,1,1,1,1,1
FREP-298904-G,1,1,1,1,1,1
FREP-298909-G,1,1,1,1,1,1
FREP-298921-G,1,1,1,1,1,1
FREP-298925-Z,1,1,1,1,1,1
FREP-298926-J,1,1,1,1,1,1
FREP-298929-G,1,1,1,1,1,1
FREP-298946-G,1,1,1,1,1,1
FREP-298970-Z,1,1,1,1,1,1
FREP-298975-Z,1,1,1,1,1,1
FREP-298982-Z,1,1,1,1,1,1
FREP-298999-Z,1,1,1,1,1,1
FREP-299009-Z,1,1,1,1,1,1
FREP-299012-J,1,1,1,1,1,1
FREP-299019-Z,1,1,1,1,1,1
FREP-299058-J,1,1,1,1,1,1
FREP-299062-J,1,1,1,1,1,1
FREP-299066-J,1,1,1,1,1,1
FREP-299072-J,1,1,1,1,1,1
FREP-299073-Z,1,1,1,1,1,1
FREP-299081-J,1,1,1,1,1,1
FREP-299087-G,1,1,1,1,1,1
FREP-299100-Z,1,1,1,1,1,1
FREP-299114-Z,1,1,1,1,1,1
FREP-299115-Z,1,1,1,1,1,1
FREP-299120-J,1,1,1,1,1,1
FREP-299129-G,1,1,1,1,1,1
FREP-299129-Z,1,1,1,1,1,1
FREP-299163-G,1,1,1,1,1,1
FREP-299165-Z,1,1,1,1,1,1
FREP-299170-J,1,1,1,1,1,1
FREP-299178-Z,1,1,1,1,1,1
FREP-299186-Z,1,1,1,1,1,1
FREP-299188-Z,1,1,1,1,1,1
FREP-299190-J,1,1,1,1,1,1
FREP-299192-J,1,1,1,1,1,1
FREP-299195-Z,1,1,1,1,1,1
FREP-299197-Z,1,1,1,1,1,1
FREP-299199-Z,1,1,1,1,1,1
FREP-299200-Z,1,1,1,1,1,1
FREP-299205-Z,1,1,1,1,1,1
FREP-299208-Z,1,1,1,1,1,1
FREP-299209-Z,1,1,1,1,1,1
FREP-299219-G,1,1,1,1,1,1
FREP-299224-Z,1,1,1,1,1,1
FREP-299226-G,1,1,1,1,1,1
FREP-299226-J,1,1,1,1,1,1
FREP-299261-G,1,1,1,1,1,1
FREP-299272-G,1,1,1,1,1,1
FREP-299274-Z,1,1,1,1,1,1
FREP-299287-G,1,1,1,1,1,1
FREP-299304-G,1,1,1,1,1,1
FREP-299307-J,1,1,1,1,1,1
FREP-299310-G,1,1,1,1,1,1
FREP-299321-G,1,1,1,1,1,1
FREP-299342-Z,1,1,1,1,1,1
FREP-299345-Z,1,1,1,1,1,1
FREP-299354-G,1,1,1,1,1,1
FREP-299365-J,1,1,1,1,1,1
FREP-299381-J,1,1,1,1,1,1
FREP-299382-J,1,1,1,1,1,1
FREP-299384-G,1,1,1,1,1,1
FREP-299389-J,1,1,1,1,1,1
FREP-299403-G,1,1,1,1,1,1
FREP-299407-G,1,1,1,1,1,1
FREP-299431-G,1,1,1,1,1,1
FREP-299435-G,1,1,1,1,1,1
FREP-299436-Z,1,1,1,1,1,1
FREP-299445-G,1,1,1,1,1,1
FREP-299446-Z,1,1,1,1,1,1
FREP-299447-G,1,1,1,1,1,1
FREP-299449-G,1,1,1,1,1,1
FREP-299470-J,1,1,1,1,1,1
FREP-299474-J,1,1,1,1,1,1
FREP-299479-J,1,1,1,1,1,1
FREP-299479-Z,1,1,1,1,1,1
FREP-299480-Z,1,1,1,1,1,1
FREP-299493-J,1,1,1,1,1,1
FREP-299511-G,1,1,1,1,1,1
FREP-299512-G,1,1,1,1,1,1
FREP-299513-G,1,1,1,1,1,1
FREP-299516-J,1,1,1,1,1,1
FREP-299518-J,1,1,1,1,1,1
FREP-299519-G,1,1,1,1,1,1
FREP-299519-J,1,1,1,1,1,1
FREP-299522-J,1,1,1,1,1,1
FREP-299538-J,1,1,1,1,1,1
FREP-299548-G,1,1,1,1,1,1
FREP-299566-G,1,1,1,1,1,1
FREP-299588-J,1,1,1,1,1,1
FREP-299595-Z,1,1,1,1,1,1
FREP-299603-Z,1,1,1,1,1,1
FREP-299611-J,1,1,1,1,1,1
FREP-299618-G,1,1,1,1,1,1
FREP-299619-Z,1,1,1,1,1,1
FREP-299622-G,1,1,1,1,1,1
FREP-299623-J,1,1,1,1,1,1
FREP-299625-G,1,1,1,1,1,1
FREP-299626-Z,1,1,1,1,1,1
FREP-299631-G,1,1,1,1,1,1
FREP-299634-Z,1,1,1,1,1,1
FREP-299636-Z,1,1,1,1,1,1
FREP-299655-Z,1,1,1,1,1,1
FREP-299656-J,1,1,1,1,1,1
FREP-299667-G,1,1,1,1,1,1
FREP-299672-G,1,1,1,1,1,1
FREP-299679-G,1,1,1,1,1,1
FREP-299681-G,1,1,1,1,1,1
FREP-299686-J,1,1,1,1,1,1
FREP-299689-J,1,1,1,1,1,1
FREP-299693-G,1,1,1,1,1,1
FREP-299700-G,1,1,1,1,1,1
FREP-299701-G,1,1,1,1,1,1
FREP-299702-Z,1,1,1,1,1,1
FREP-299709-G,1,1,1,1,1,1
FREP-299724-G,1,1,1,1,1,1
FREP-299731-G,1,1,1,1,1,1
FREP-299748-G,1,1,1,1,1,1
FREP-299749-G,1,1,1,1,1,1
FREP-299749-Z,1,1,1,1,1,1
FREP-299750-G,1,1,1,1,1,1
FREP-299753-J,1,1,1,1,1,1
FREP-299756-G,1,1,1,1,1,1
FREP-299766-Z,1,1,1,1,1,1
FREP-299774-G,1,1,1,1,1,1
FREP-299777-G,1,1,1,1,1,1
FREP-299782-G,1,1,1,1,1,1
FREP-299783-G,1,1,1,1,1,1
FREP-299791-G,1,1,1,1,1,1
FREP-299802-J,1,1,1,1,1,1
FREP-299807-J,1,1,1,1,1,1
FREP-299809-J,1,1,1,1,1,1
FREP-299811-G,1,1,1,1,1,1
FREP-299828-Z,1,1,1,1,1,1
FREP-299832-G,1,1,1,1,1,1
FREP-299836-Z,1,1,1,1,1,1
FREP-299842-G,1,1,1,1,1,1
FREP-299844-Z,1,1,1,1,1,1
FREP-299851-J,1,1,1,1,1,1
FREP-299863-J,1,1,1,1,1,1
FREP-299872-J,1,1,1,1,1,1
FREP-299898-Z,1,1,1,1,1,1
FREP-299901-G,1,1,1,1,1,1
FREP-299908-G,1,1,1,1,1,1
FREP-299914-Z,1,1,1,1,1,1
FREP-299929-G,1,1,1,1,1,1
FREP-299929-J,1,1,1,1,1,1
FREP-299930-Z,1,1,1,1,1,1
FREP-299934-G,1,1,1,1,1,1
FREP-299942-G,1,1,1,1,1,1
FREP-299960-J,1,1,1,1,1,1
FREP-299960-Z,1,1,1,1,1,1
FREP-299962-Z,1,1,1,1,1,1
FREP-299964-G,1,1,1,1,1,1
FREP-299967-Z,1,1,1,1,1,1
FREP-299971-Z,1,1,1,1,1,1
FREP-299973-Z,1,1,1,1,1,1
FREP-299978-Z,1,1,1,1,1,1
FREP-299989-Z,1,1,1,1,1,1
FREP-300007-J,1,1,1,1,1,1
FREP-300013-Z,1,1,1,1,1,1
FREP-300016-J,1,1,1,1,1,1
FREP-300023-Z,1,1,1,1,1,1
FREP-300029-Z,1,1,1,1,1,1
FREP-300032-J,1,1,1,1,1,1
FREP-300034-G,1,1,1,1,1,1
FREP-300037-Z,1,1,1,1,1,1
FREP-300039-Z,1,1,1,1,1,1
FREP-300040-Z,1,1,1,1,1,1
FREP-300043-Z,1,1,1,1,1,1
FREP-300047-G,1,1,1,1,1,1
FREP-300053-Z,1,1,1,1,1,1
FREP-300057-J,1,1,1,1,1,1
FREP-300057-Z,1,1,1,1,1,1
FREP-300060-Z,1,1,1,1,1,1
FREP-300063-Z,1,1,1,1,1,1
FREP-300064-G,1,1,1,1,1,1
FREP-300071-G,1,1,1,1,1,1
FREP-300076-Z,1,1,1,1,1,1
FREP-300083-J,1,1,1,1,1,1
FREP-300084-Z,1,1,1,1,1,1
FREP-300090-Z,1,1,1,1,1,1
FREP-300095-G,1,1,1,1,1,1
FREP-300128-G,1,1,1,1,1,1
FREP-300131-Z,1,1,1,1,1,1
FREP-300134-Z,1,1,1,1,1,1
FREP-300147-G,1,1,1,1,1,1
FREP-300148-Z,1,1,1,1,1,1
FREP-300150-G,1,1,1,1,1,1
FREP-300159-Z,1,1,1,1,1,1
FREP-300163-G,1,1,1,1,1,1
FREP-300163-Z,1,1,1,1,1,1
FREP-300166-G,1,1,1,1,1,1
FREP-300168-G,1,1,1,1,1,1
FREP-300171-Z,1,1,1,1,1,1
FREP-300176-G,1,1,1,1,1,1
FREP-300177-Z,1,1,1,1,1,1
FREP-300178-Z,1,1,1,1,1,1
FREP-300186-G,1,1,1,1,1,1
FREP-300187-G,1,1,1,1,1,1
FREP-300187-Z,1,1,1,1,1,1
FREP-300200-G,1,1,1,1,1,1
FREP-300201-J,1,1,1,1,1,1
FREP-300212-J,1,1,1,1,1,1
FREP-300220-Z,1,1,1,1,1,1
FREP-300226-G,1,1,1,1,1,1
FREP-300233-Z,1,1,1,1,1,1
FREP-300241-G,1,1,1,1,1,1
FREP-300243-J,1,1,1,1,1,1
FREP-300246-Z,1,1,1,1,1,1
FREP-300259-G,1,1,1,1,1,1
FREP-300265-Z,1,1,1,1,1,1
FREP-300283-Z,1,1,1,1,1,1
FREP-300287-J,1,1,1,1,1,1
FREP-300287-Z,1,1,1,1,1,1
FREP-300302-G,1,1,1,1,1,1
FREP-300308-G,1,1,1,1,1,1
FREP-300312-G,1,1,1,1,1,1
FREP-300316-Z,1,1,1,1,1,1
FREP-300317-G,1,1,1,1,1,1
FREP-300320-Z,1,1,1,1,1,1
FREP-300333-J,1,1,1,1,1,1
FREP-300343-Z,1,1,1,1,1,1
FREP-300353-G,1,1,1,1,1,1
FREP-300364-G,1,1,1,1,1,1
FREP-300374-J,1,1,1,1,1,1
FREP-300380-J,1,1,1,1,1,1
FREP-300389-G,1,1,1,1,1,1
FREP-300412-G,1,1,1,1,1,1
FREP-300414-Z,1,1,1,1,1,1
FREP-300430-J,1,1,1,1,1,1
FREP-300457-G,1,1,1,1,1,1
FREP-300465-Z,1,1,1,1,1,1
FREP-300470-G,1,1,1,1,1,1
FREP-300473-G,1,1,1,1,1,1
FREP-300480-G,1,1,1,1,1,1
FREP-300483-G,1,1,1,1,1,1
FREP-300495-Z,1,1,1,1,1,1
FREP-300496-J,1,1,1,1,1,1
FREP-300496-Z,1,1,1,1,1,1
FREP-300498-Z,1,1,1,1,1,1
FREP-300510-J,1,1,1,1,1,1
FREP-300522-Z,1,1,1,1,1,1
FREP-300523-Z,1,1,1,1,1,1
FREP-300524-Z,1,1,1,1,1,1
FREP-300526-G,1,1,1,1,1,1
FREP-300527-Z,1,1,1,1,1,1
FREP-300531-Z,1,1,1,1,1,1
FREP-300538-J,1,1,1,1,1,1
FREP-300550-G,1,1,1,1,1,1
FREP-300554-Z,1,1,1,1,1,1
FREP-300564-J,1,1,1,1,1,1
FREP-300573-G,1,1,1,1,1,1
FREP-300591-J,1,1,1,1,1,1
FREP-300597-J,1,1,1,1,1,1
FREP-300598-Z,1,1,1,1,1,1
FREP-300606-J,1,1,1,1,1,1
FREP-300615-G,1,1,1,1,1,1
FREP-300618-G,1,1,1,1,1,1
FREP-300621-J,1,1,1,1,1,1
FREP-300626-J,1,1,1,1,1,1
FREP-300636-J,1,1,1,1,1,1
FREP-300657-G,1,1,1,1,1,1
FREP-300672-J,1,1,1,1,1,1
FREP-300673-G,1,1,1,1,1,1
FREP-300696-J,1,1,1,1,1,1
FREP-300706-G,1,1,1,1,1,1
FREP-300713-Z,1,1,1,1,1,1
FREP-300717-G,1,1,1,1,1,1
FREP-300718-Z,1,1,1,1,1,1
FREP-300719-Z,1,1,1,1,1,1
FREP-300745-Z,1,1,1,1,1,1
FREP-300748-J,1,1,1,1,1,1
FREP-300749-Z,1,1,1,1,1,1
FREP-300752-G,1,1,1,1,1,1
FREP-300754-Z,1,1,1,1,1,1
FREP-300779-G,1,1,1,1,1,1
FREP-300796-Z,1,1,1,1,1,1
FREP-300803-G,1,1,1,1,1,1
FREP-300803-J,1,1,1,1,1,1
FREP-300817-G,1,1,1,1,1,1
FREP-300851-G,1,1,1,1,1,1
FREP-300852-J,1,1,1,1,1,1
FREP-300861-J,1,1,1,1,1,1
FREP-300869-Z,1,1,1,1,1,1
FREP-300883-G,1,1,1,1,1,1
FREP-300900-Z,1,1,1,1,1,1
FREP-300914-Z,1,1,1,1,1,1
FREP-300928-G,1,1,1,1,1,1
FREP-300937-G,1,1,1,1,1,1
FREP-300939-J,1,1,1,1,1,1
FREP-300943-J,1,1,1,1,1,1
FREP-300944-G,1,1,1,1,1,1
FREP-300946-J,1,1,1,1,1,1
FREP-300947-G,1,1,1,1,1,1
FREP-300955-J,1,1,1,1,1,1
FREP-300960-Z,1,1,1,1,1,1
FREP-300963-Z,1,1,1,1,1,1
FREP-300986-J,1,1,1,1,1,1
FREP-300991-J,1,1,1,1,1,1
FREP-300996-G,1,1,1,1,1,1
FREP-301006-J,1,1,1,1,1,1
FREP-301008-G,1,1,1,1,1,1
FREP-301073-Z,1,1,1,1,1,1
FREP-301081-G,1,1,1,1,1,1
FREP-301111-G,1,1,1,1,1,1
FREP-301118-Z,1,1,1,1,1,1
FREP-301134-G,1,1,1,1,1,1
FREP-301139-G,1,1,1,1,1,1
FREP-301139-Z,1,1,1,1,1,1
FREP-301145-G,1,1,1,1,1,1
FREP-301146-G,1,1,1,1,1,1
FREP-301148-G,1,1,1,1,1,1
FREP-301154-Z,1,1,1,1,1,1
FREP-301158-G,1,1,1,1,1,1
FREP-301162-Z,1,1,1,1,1,1
FREP-301175-Z,1,1,1,1,1,1
FREP-301184-Z,1,1,1,1,1,1
FREP-301198-J,1,1,1,1,1,1
FREP-301214-Z,1,1,1,1,1,1
FREP-301220-J,1,1,1,1,1,1
FREP-301221-Z,1,1,1,1,1,1
FREP-301222-J,1,1,1,1,1,1
FREP-301236-Z,1,1,1,1,1,1
FREP-301237-Z,1,1,1,1,1,1
FREP-301238-G,1,1,1,1,1,1
FREP-301246-J,1,1,1,1,1,1
FREP-301248-J,1,1,1,1,1,1
FREP-301251-J,1,1,1,1,1,1
FREP-301259-Z,1,1,1,1,1,1
FREP-301268-G,1,1,1,1,1,1
FREP-301278-J,1,1,1,1,1,1
FREP-301281-G,1,1,1,1,1,1
FREP-301286-G,1,1,1,1,1,1
FREP-301286-J,1,1,1,1,1,1
FREP-301287-J,1,1,1,1,1,1
FREP-301296-G,1,1,1,1,1,1
FREP-301302-G,1,1,1,1,1,1
FREP-301302-Z,1,1,1,1,1,1
FREP-301304-G,1,1,1,1,1,1
FREP-301311-J,1,1,1,1,1,1
FREP-301317-J,1,1,1,1,1,1
FREP-301321-J,1,1,1,1,1,1
FREP-301323-J,1,1,1,1,1,1
FREP-301327-J,1,1,1,1,1,1
FREP-301338-G,1,1,1,1,1,1
FREP-301353-G,1,1,1,1,1,1
FREP-301355-Z,1,1,1,1,1,1
FREP-301358-G,1,1,1,1,1,1
FREP-301365-J,1,1,1,1,1,1
FREP-301367-J,1,1,1,1,1,1
FREP-301370-G,1,1,1,1,1,1
FREP-301372-J,1,1,1,1,1,1
FREP-301377-G,1,1,1,1,1,1
FREP-301377-J,1,1,1,1,1,1
FREP-301378-G,1,1,1,1,1,1
FREP-301381-J,1,1,1,1,1,1
FREP-301390-G,1,1,1,1,1,1
FREP-301391-G,1,1,1,1,1,1
FREP-301396-J,1,1,1,1,1,1
FREP-301412-G,1,1,1,1,1,1
FREP-301414-G,1,1,1,1,1,1
FREP-301416-G,1,1,1,1,1,1
FREP-301418-G,1,1,1,1,1,1
FREP-301419-J,1,1,1,1,1,1
FREP-301425-G,1,1,1,1,1,1
FREP-301428-G,1,1,1,1,1,1
FREP-301434-G,1,1,1,1,1,1
FREP-301435-G,1,1,1,1,1,1
FREP-301440-G,1,1,1,1,1,1
FREP-301441-G,1,1,1,1,1,1
FREP-301470-G,1,1,1,1,1,1
FREP-301487-Z,1,1,1,1,1,1
FREP-301498-G,1,1,1,1,1,1
FREP-301511-G,1,1,1,1,1,1
FREP-301514-J,1,1,1,1,1,1
FREP-301514-Z,1,1,1,1,1,1
FREP-301515-J,1,1,1,1,1,1
FREP-301522-J,1,1,1,1,1,1
FREP-301523-J,1,1,1,1,1,1
FREP-301541-J,1,1,1,1,1,1
FREP-301542-Z,1,1,1,1,1,1
FREP-301544-G,1,1,1,1,1,1
FREP-301552-Z,1,1,1,1,1,1
FREP-301555-Z,1,1,1,1,1,1
FREP-301564-G,1,1,1,1,1,1
FREP-301568-J,1,1,1,1,1,1
FREP-301571-Z,1,1,1,1,1,1
FREP-301587-J,1,1,1,1,1,1
FREP-301593-Z,1,1,1,1,1,1
FREP-301607-G,1,1,1,1,1,1
FREP-301619-J,1,1,1,1,1,1
FREP-301664-G,1,1,1,1,1,1
FREP-301668-G,1,1,1,1,1,1
FREP-301678-Z,1,1,1,1,1,1
FREP-301679-Z,1,1,1,1,1,1
FREP-301689-G,1,1,1,1,1,1
FREP-301689-J,1,1,1,1,1,1
FREP-301690-G,1,1,1,1,1,1
FREP-301696-J,1,1,1,1,1,1
FREP-301697-G,1,1,1,1,1,1
FREP-301703-G,1,1,1,1,1,1
FREP-301708-G,1,1,1,1,1,1
FREP-301709-G,1,1,1,1,1,1
FREP-301718-J,1,1,1,1,1,1
FREP-301720-Z,1,1,1,1,1,1
FREP-301727-G,1,1,1,1,1,1
FREP-301754-Z,1,1,1,1,1,1
FREP-301755-J,1,1,1,1,1,1
FREP-301760-Z,1,1,1,1,1,1
FREP-301764-Z,1,1,1,1,1,1
FREP-301770-G,1,1,1,1,1,1
FREP-301783-J,1,1,1,1,1,1
FREP-301804-G,1,1,1,1,1,1
FREP-301804-J,1,1,1,1,1,1
FREP-301804-Z,1,1,1,1,1,1
FREP-301820-J,1,1,1,1,1,1
FREP-301836-G,1,1,1,1,1,1
FREP-301839-J,1,1,1,1,1,1
FREP-301847-G,1,1,1,1,1,1
FREP-301849-G,1,1,1,1,1,1
FREP-301850-J,1,1,1,1,1,1
FREP-301858-G,1,1,1,1,1,1
FREP-301859-G,1,1,1,1,1,1
FREP-301860-G,1,1,1,1,1,1
FREP-301863-G,1,1,1,1,1,1
FREP-301866-G,1,1,1,1,1,1
FREP-301874-J,1,1,1,1,1,1
FREP-301881-G,1,1,1,1,1,1
FREP-301887-G,1,1,1,1,1,1
FREP-301888-J,1,1,1,1,1,1
FREP-301912-J,1,1,1,1,1,1
FREP-301917-Z,1,1,1,1,1,1
FREP-301922-G,1,1,1,1,1,1
FREP-301926-Z,1,1,1,1,1,1
FREP-301928-G,1,1,1,1,1,1
FREP-301933-J,1,1,1,1,1,1
FREP-301944-J,1,1,1,1,1,1
FREP-301945-Z,1,1,1,1,1,1
FREP-301946-Z,1,1,1,1,1,1
FREP-301949-G,1,1,1,1,1,1
FREP-301954-J,1,1,1,1,1,1
FREP-301955-G,1,1,1,1,1,1
FREP-301958-G,1,1,1,1,1,1
FREP-301970-G,1,1,1,1,1,1
FREP-301970-Z,1,1,1,1,1,1
FREP-301988-G,1,1,1,1,1,1
FREP-301996-G,1,1,1,1,1,1
FREP-302001-Z,1,1,1,1,1,1
FREP-302008-G,1,1,1,1,1,1
FREP-302013-G,1,1,1,1,1,1
FREP-302028-Z,1,1,1,1,1,1
FREP-302035-J,1,1,1,1,1,1
FREP-302036-Z,1,1,1,1,1,1
FREP-302038-J,1,1,1,1,1,1
FREP-302041-J,1,1,1,1,1,1
FREP-302047-J,1,1,1,1,1,1
FREP-302065-G,1,1,1,1,1,1
FREP-302067-G,1,1,1,1,1,1
FREP-302071-J,1,1,1,1,1,1
FREP-302088-G,1,1,1,1,1,1
FREP-302092-Z,1,1,1,1,1,1
FREP-302094-G,1,1,1,1,1,1
FREP-302097-Z,1,1,1,1,1,1
FREP-302100-G,1,1,1,1,1,1
FREP-302102-Z,1,1,1,1,1,1
FREP-302122-J,1,1,1,1,1,1
FREP-302123-Z,1,1,1,1,1,1
FREP-302138-J,1,1,1,1,1,1
FREP-302167-J,1,1,1,1,1,1
FREP-302167-Z,1,1,1,1,1,1
FREP-302170-J,1,1,1,1,1,1
FREP-302189-J,1,1,1,1,1,1
FREP-302195-G,1,1,1,1,1,1
FREP-302207-G,1,1,1,1,1,1
FREP-302215-J,1,1,1,1,1,1
FREP-302221-G,1,1,1,1,1,1
FREP-302223-Z,1,1,1,1,1,1
FREP-302236-G,1,1,1,1,1,1
FREP-302237-J,1,1,1,1,1,1
FREP-302242-G,1,1,1,1,1,1
FREP-302242-J,1,1,1,1,1,1
FREP-302242-Z,1,1,1,1,1,1
FREP-302245-G,1,1,1,1,1,1
FREP-302247-Z,1,1,1,1,1,1
FREP-302250-Z,1,1,1,1,1,1
FREP-302252-J,1,1,1,1,1,1
FREP-302253-J,1,1,1,1,1,1
FREP-302258-J,1,1,1,1,1,1
FREP-302266-J,1,1,1,1,1,1
FREP-302281-Z,1,1,1,1,1,1
FREP-302295-Z,1,1,1,1,1,1
FREP-302302-J,1,1,1,1,1,1
FREP-302311-Z,1,1,1,1,1,1
FREP-302321-Z,1,1,1,1,1,1
FREP-302329-G,1,1,1,1,1,1
FREP-302331-G,1,1,1,1,1,1
FREP-302332-G,1,1,1,1,1,1
FREP-302342-Z,1,1,1,1,1,1
FREP-302352-G,1,1,1,1,1,1
FREP-302353-Z,1,1,1,1,1,1
FREP-302357-J,1,1,1,1,1,1
FREP-302361-J,1,1,1,1,1,1
FREP-302363-Z,1,1,1,1,1,1
FREP-302370-G,1,1,1,1,1,1
FREP-302377-Z,1,1,1,1,1,1
FREP-302385-J,1,1,1,1,1,1
FREP-302390-G,1,1,1,1,1,1
FREP-302392-Z,1,1,1,1,1,1
FREP-302393-G,1,1,1,1,1,1
FREP-302395-J,1,1,1,1,1,1
FREP-302396-J,1,1,1,1,1,1
FREP-302398-J,1,1,1,1,1,1
FREP-302401-Z,1,1,1,1,1,1
FREP-302402-J,1,1,1,1,1,1
FREP-302405-J,1,1,1,1,1,1
FREP-302415-G,1,1,1,1,1,1
FREP-302418-G,1,1,1,1,1,1
FREP-302428-G,1,1,1,1,1,1
FREP-302430-Z,1,1,1,1,1,1
FREP-302432-Z,1,1,1,1,1,1
FREP-302433-Z,1,1,1,1,1,1
FREP-302437-G,1,1,1,1,1,1
FREP-302438-G,1,1,1,1,1,1
FREP-302443-Z,1,1,1,1,1,1
FREP-302446-G,1,1,1,1,1,1
FREP-302458-G,1,1,1,1,1,1
FREP-302459-Z,1,1,1,1,1,1
FREP-302460-Z,1,1,1,1,1,1
FREP-302466-G,1,1,1,1,1,1
FREP-302466-Z,1,1,1,1,1,1
FREP-302471-G,1,1,1,1,1,1
FREP-302479-J,1,1,1,1,1,1
FREP-302480-G,1,1,1,1,1,1
FREP-302483-G,1,1,1,1,1,1
FREP-302488-Z,1,1,1,1,1,1
FREP-302489-G,1,1,1,1,1,1
FREP-302491-G,1,1,1,1,1,1
FREP-302492-G,1,1,1,1,1,1
FREP-302513-G,1,1,1,1,1,1
FREP-302522-G,1,1,1,1,1,1
FREP-302525-Z,1,1,1,1,1,1
FREP-302533-G,1,1,1,1,1,1
FREP-302536-G,1,1,1,1,1,1
FREP-302539-J,1,1,1,1,1,1
FREP-302540-G,1,1,1,1,1,1
FREP-302540-Z,1,1,1,1,1,1
FREP-302543-J,1,1,1,1,1,1
FREP-302544-G,1,1,1,1,1,1
FREP-302550-G,1,1,1,1,1,1
FREP-302552-G,1,1,1,1,1,1
FREP-302560-J,1,1,1,1,1,1
FREP-302584-G,1,1,1,1,1,1
FREP-302591-G,1,1,1,1,1,1
FREP-302607-J,1,1,1,1,1,1
FREP-302611-G,1,1,1,1,1,1
FREP-302612-G,1,1,1,1,1,1
FREP-302612-J,1,1,1,1,1,1
FREP-302619-Z,1,1,1,1,1,1
FREP-302620-G,1,1,1,1,1,1
FREP-302625-J,1,1,1,1,1,1
FREP-302630-Z,1,1,1,1,1,1
FREP-302646-Z,1,1,1,1,1,1
FREP-302665-J,1,1,1,1,1,1
FREP-302668-Z,1,1,1,1,1,1
FREP-302672-J,1,1,1,1,1,1
FREP-302672-Z,1,1,1,1,1,1
FREP-302676-Z,1,1,1,1,1,1
FREP-302685-Z,1,1,1,1,1,1
FREP-302706-G,1,1,1,1,1,1
FREP-302708-G,1,1,1,1,1,1
FREP-302709-G,1,1,1,1,1,1
FREP-302710-G,1,1,1,1,1,1
FREP-302713-G,1,1,1,1,1,1
FREP-302714-Z,1,1,1,1,1,1
FREP-302715-G,1,1,1,1,1,1
FREP-302722-J,1,1,1,1,1,1
FREP-302725-G,1,1,1,1,1,1
FREP-302741-G,1,1,1,1,1,1
FREP-302742-G,1,1,1,1,1,1
FREP-302755-J,1,1,1,1,1,1
FREP-302757-G,1,1,1,1,1,1
FREP-302767-Z,1,1,1,1,1,1
FREP-302776-G,1,1,1,1,1,1
FREP-302778-G,1,1,1,1,1,1
FREP-302789-G,1,1,1,1,1,1
FREP-302792-J,1,1,1,1,1,1
FREP-302794-G,1,1,1,1,1,1
FREP-302795-G,1,1,1,1,1,1
FREP-302796-Z,1,1,1,1,1,1
FREP-302799-G,1,1,1,1,1,1
FREP-302800-G,1,1,1,1,1,1
FREP-302815-G,1,1,1,1,1,1
FREP-302828-G,1,1,1,1,1,1
FREP-302834-Z,1,1,1,1,1,1
FREP-302836-Z,1,1,1,1,1,1
FREP-302837-G,1,1,1,1,1,1
FREP-302838-G,1,1,1,1,1,1
FREP-302844-Z,1,1,1,1,1,1
FREP-302850-Z,1,1,1,1,1,1
FREP-302861-G,1,1,1,1,1,1
FREP-302861-Z,1,1,1,1,1,1
FREP-302862-Z,1,1,1,1,1,1
FREP-302874-Z,1,1,1,1,1,1
FREP-302876-G,1,1,1,1,1,1
FREP-302879-G,1,1,1,1,1,1
FREP-302882-G,1,1,1,1,1,1
FREP-302883-Z,1,1,1,1,1,1
FREP-302885-G,1,1,1,1,1,1
FREP-302904-J,1,1,1,1,1,1
FREP-302905-J,1,1,1,1,1,1
FREP-302910-G,1,1,1,1,1,1
FREP-302917-J,1,1,1,1,1,1
FREP-302918-G,1,1,1,1,1,1
FREP-302934-G,1,1,1,1,1,1
FREP-302947-J,1,1,1,1,1,1
FREP-302950-Z,1,1,1,1,1,1
FREP-302966-G,1,1,1,1,1,1
FREP-302980-G,1,1,1,1,1,1
FREP-302981-G,1,1,1,1,1,1
FREP-302992-G,1,1,1,1,1,1
FREP-302994-Z,1,1,1,1,1,1
FREP-302997-Z,1,1,1,1,1,1
FREP-302998-G,1,1,1,1,1,1
FREP-303009-Z,1,1,1,1,1,1
FREP-303019-J,1,1,1,1,1,1
FREP-303021-Z,1,1,1,1,1,1
FREP-303022-Z,1,1,1,1,1,1
FREP-303038-Z,1,1,1,1,1,1
FREP-303044-Z,1,1,1,1,1,1
FREP-303046-Z,1,1,1,1,1,1
FREP-303053-Z,1,1,1,1,1,1
FREP-303057-Z,1,1,1,1,1,1
FREP-303065-J,1,1,1,1,1,1
FREP-303067-Z,1,1,1,1,1,1
FREP-303075-G,1,1,1,1,1,1
FREP-303085-J,1,1,1,1,1,1
FREP-303101-G,1,1,1,1,1,1
FREP-303108-J,1,1,1,1,1,1
FREP-303111-G,1,1,1,1,1,1
FREP-303112-G,1,1,1,1,1,1
FREP-303115-G,1,1,1,1,1,1
FREP-303115-J,1,1,1,1,1,1
FREP-303115-Z,1,1,1,1,1,1
FREP-303117-G,1,1,1,1,1,1
FREP-303117-J,1,1,1,1,1,1
FREP-303119-J,1,1,1,1,1,1
FREP-303121-G,1,1,1,1,1,1
FREP-303121-J,1,1,1,1,1,1
FREP-303124-G,1,1,1,1,1,1
FREP-303133-Z,1,1,1,1,1,1
FREP-303135-Z,1,1,1,1,1,1
FREP-303138-Z,1,1,1,1,1,1
FREP-303139-Z,1,1,1,1,1,1
FREP-303142-J,1,1,1,1,1,1
FREP-303147-J,1,1,1,1,1,1
FREP-303148-J,1,1,1,1,1,1
FREP-303154-J,1,1,1,1,1,1
FREP-303159-G,1,1,1,1,1,1
FREP-303159-J,1,1,1,1,1,1
FREP-303170-J,1,1,1,1,1,1
FREP-303174-J,1,1,1,1,1,1
FREP-303182-J,1,1,1,1,1,1
FREP-303187-J,1,1,1,1,1,1
FREP-303203-G,1,1,1,1,1,1
FREP-303222-J,1,1,1,1,1,1
FREP-303234-G,1,1,1,1,1,1
FREP-303235-Z,1,1,1,1,1,1
FREP-303240-Z,1,1,1,1,1,1
FREP-303241-G,1,1,1,1,1,1
FREP-303244-Z,1,1,1,1,1,1
FREP-303246-J,1,1,1,1,1,1
FREP-303247-G,1,1,1,1,1,1
FREP-303251-G,1,1,1,1,1,1
FREP-303251-Z,1,1,1,1,1,1
FREP-303253-G,1,1,1,1,1,1
FREP-303255-G,1,1,1,1,1,1
FREP-303256-Z,1,1,1,1,1,1
FREP-303258-G,1,1,1,1,1,1
FREP-303260-G,1,1,1,1,1,1
FREP-303266-G,1,1,1,1,1,1
FREP-303270-G,1,1,1,1,1,1
FREP-303278-G,1,1,1,1,1,1
FREP-303283-G,1,1,1,1,1,1
FREP-303285-G,1,1,1,1,1,1
FREP-303285-J,1,1,1,1,1,1
FREP-303291-J,1,1,1,1,1,1
FREP-303297-G,1,1,1,1,1,1
FREP-303298-G,1,1,1,1,1,1
FREP-303300-G,1,1,1,1,1,1
FREP-303307-G,1,1,1,1,1,1
FREP-303309-J,1,1,1,1,1,1
FREP-303321-J,1,1,1,1,1,1
FREP-303328-Z,1,1,1,1,1,1
FREP-303332-Z,1,1,1,1,1,1
FREP-303334-Z,1,1,1,1,1,1
FREP-303340-J,1,1,1,1,1,1
FREP-303340-Z,1,1,1,1,1,1
FREP-303350-G,1,1,1,1,1,1
FREP-303373-G,1,1,1,1,1,1
FREP-303374-G,1,1,1,1,1,1
FREP-303375-G,1,1,1,1,1,1
FREP-303382-G,1,1,1,1,1,1
FREP-303384-J,1,1,1,1,1,1
FREP-303397-Z,1,1,1,1,1,1
FREP-303399-G,1,1,1,1,1,1
FREP-303403-J,1,1,1,1,1,1
FREP-303406-G,1,1,1,1,1,1
FREP-303407-G,1,1,1,1,1,1
FREP-303412-Z,1,1,1,1,1,1
FREP-303425-J,1,1,1,1,1,1
FREP-303429-G,1,1,1,1,1,1
FREP-303434-Z,1,1,1,1,1,1
FREP-303435-J,1,1,1,1,1,1
FREP-303437-G,1,1,1,1,1,1
FREP-303442-J,1,1,1,1,1,1
FREP-303446-G,1,1,1,1,1,1
FREP-303449-Z,1,1,1,1,1,1
FREP-303452-G,1,1,1,1,1,1
FREP-303461-G,1,1,1,1,1,1
FREP-303465-G,1,1,1,1,1,1
FREP-303467-G,1,1,1,1,1,1
FREP-303469-G,1,1,1,1,1,1
FREP-303470-G,1,1,1,1,1,1
FREP-303471-J,1,1,1,1,1,1
FREP-303480-G,1,1,1,1,1,1
FREP-303483-G,1,1,1,1,1,1
FREP-303489-G,1,1,1,1,1,1
FREP-303492-G,1,1,1,1,1,1
FREP-303499-J,1,1,1,1,1,1
FREP-303500-J,1,1,1,1,1,1
FREP-303500-Z,1,1,1,1,1,1
FREP-303501-G,1,1,1,1,1,1
FREP-303506-J,1,1,1,1,1,1
FREP-303511-G,1,1,1,1,1,1
FREP-303511-Z,1,1,1,1,1,1
FREP-303514-J,1,1,1,1,1,1
FREP-303523-G,1,1,1,1,1,1
FREP-303528-G,1,1,1,1,1,1
FREP-303529-G,1,1,1,1,1,1
FREP-303538-G,1,1,1,1,1,1
FREP-303544-G,1,1,1,1,1,1
FREP-303550-G,1,1,1,1,1,1
FREP-303554-G,1,1,1,1,1,1
FREP-303556-G,1,1,1,1,1,1
FREP-303560-G,1,1,1,1,1,1
FREP-303562-G,1,1,1,1,1,1
FREP-303570-G,1,1,1,1,1,1
FREP-303588-G,1,1,1,1,1,1
FREP-303594-G,1,1,1,1,1,1
FREP-303599-J,1,1,1,1,1,1
FREP-303615-G,1,1,1,1,1,1
FREP-303617-Z,1,1,1,1,1,1
FREP-303626-Z,1,1,1,1,1,1
FREP-303643-Z,1,1,1,1,1,1
FREP-303653-G,1,1,1,1,1,1
FREP-303657-G,1,1,1,1,1,1
FREP-303660-Z,1,1,1,1,1,1
FREP-303671-G,1,1,1,1,1,1
FREP-303692-G,1,1,1,1,1,1
FREP-303699-G,1,1,1,1,1,1
FREP-303718-J,1,1,1,1,1,1
FREP-303718-Z,1,1,1,1,1,1
FREP-303722-G,1,1,1,1,1,1
FREP-303731-Z,1,1,1,1,1,1
FREP-303741-J,1,1,1,1,1,1
FREP-303750-J,1,1,1,1,1,1
FREP-303751-G,1,1,1,1,1,1
FREP-303782-G,1,1,1,1,1,1
FREP-303785-G,1,1,1,1,1,1
FREP-303788-G,1,1,1,1,1,1
FREP-303795-G,1,1,1,1,1,1
FREP-303800-G,1,1,1,1,1,1
FREP-303805-G,1,1,1,1,1,1
FREP-303816-G,1,1,1,1,1,1
FREP-303816-Z,1,1,1,1,1,1
FREP-303820-J,1,1,1,1,1,1
FREP-303826-Z,1,1,1,1,1,1
FREP-303827-Z,1,1,1,1,1,1
FREP-303829-G,1,1,1,1,1,1
FREP-303842-J,1,1,1,1,1,1
FREP-303842-Z,1,1,1,1,1,1
FREP-303853-Z,1,1,1,1,1,1
FREP-303861-G,1,1,1,1,1,1
FREP-303862-G,1,1,1,1,1,1
FREP-303873-J,1,1,1,1,1,1
FREP-303881-J,1,1,1,1,1,1
FREP-303921-Z,1,1,1,1,1,1
FREP-303929-G,1,1,1,1,1,1
FREP-303935-G,1,1,1,1,1,1
FREP-303938-G,1,1,1,1,1,1
FREP-303944-J,1,1,1,1,1,1
FREP-303953-G,1,1,1,1,1,1
FREP-303955-G,1,1,1,1,1,1
FREP-303956-G,1,1,1,1,1,1
FREP-303965-Z,1,1,1,1,1,1
FREP-303970-G,1,1,1,1,1,1
FREP-303975-G,1,1,1,1,1,1
FREP-303993-Z,1,1,1,1,1,1
FREP-303999-Z,1,1,1,1,1,1
FREP-304000-Z,1,1,1,1,1,1
FREP-304003-Z,1,1,1,1,1,1
FREP-304009-Z,1,1,1,1,1,1
FREP-304014-Z,1,1,1,1,1,1
FREP-304019-G,1,1,1,1,1,1
FREP-304025-G,1,1,1,1,1,1
FREP-304027-G,1,1,1,1,1,1
FREP-304030-Z,1,1,1,1,1,1
FREP-304032-Z,1,1,1,1,1,1
FREP-304040-G,1,1,1,1,1,1
FREP-304048-G,1,1,1,1,1,1
FREP-304072-J,1,1,1,1,1,1
FREP-304073-Z,1,1,1,1,1,1
FREP-304080-Z,1,1,1,1,1,1
FREP-304096-G,1,1,1,1,1,1
FREP-304097-G,1,1,1,1,1,1
FREP-304099-J,1,1,1,1,1,1
FREP-304101-J,1,1,1,1,1,1
FREP-304102-J,1,1,1,1,1,1
FREP-304106-G,1,1,1,1,1,1
FREP-304108-J,1,1,1,1,1,1
FREP-304110-G,1,1,1,1,1,1
FREP-304113-G,1,1,1,1,1,1
FREP-304132-Z,1,1,1,1,1,1
FREP-304153-J,1,1,1,1,1,1
FREP-304158-Z,1,1,1,1,1,1
FREP-304161-G,1,1,1,1,1,1
FREP-304168-Z,1,1,1,1,1,1
FREP-304188-G,1,1,1,1,1,1
FREP-304191-G,1,1,1,1,1,1
FREP-304195-G,1,1,1,1,1,1
FREP-304201-J,1,1,1,1,1,1
FREP-304205-G,1,1,1,1,1,1
FREP-304206-G,1,1,1,1,1,1
FREP-304207-J,1,1,1,1,1,1
FREP-304211-J,1,1,1,1,1,1
FREP-304218-J,1,1,1,1,1,1
FREP-304241-Z,1,1,1,1,1,1
FREP-304242-G,1,1,1,1,1,1
FREP-304246-G,1,1,1,1,1,1
FREP-304251-Z,1,1,1,1,1,1
FREP-304254-Z,1,1,1,1,1,1
FREP-304259-G,1,1,1,1,1,1
FREP-304260-J,1,1,1,1,1,1
FREP-304261-G,1,1,1,1,1,1
FREP-304264-Z,1,1,1,1,1,1
FREP-304266-G,1,1,1,1,1,1
FREP-304277-G,1,1,1,1,1,1
FREP-304280-G,1,1,1,1,1,1
FREP-304283-G,1,1,1,1,1,1
FREP-304288-G,1,1,1,1,1,1
FREP-304299-G,1,1,1,1,1,1
FREP-304305-G,1,1,1,1,1,1
FREP-304318-J,1,1,1,1,1,1
FREP-304327-G,1,1,1,1,1,1
FREP-304336-J,1,1,1,1,1,1
FREP-304339-J,1,1,1,1,1,1
FREP-304341-G,1,1,1,1,1,1
FREP-304359-G,1,1,1,1,1,1
FREP-304374-G,1,1,1,1,1,1
FREP-304378-G,1,1,1,1,1,1
FREP-304384-G,1,1,1,1,1,1
FREP-304385-G,1,1,1,1,1,1
FREP-304397-J,1,1,1,1,1,1
FREP-304400-J,1,1,1,1,1,1
FREP-304408-J,1,1,1,1,1,1
FREP-304413-J,1,1,1,1,1,1
FREP-304415-G,1,1,1,1,1,1
FREP-304416-G,1,1,1,1,1,1
FREP-304418-G,1,1,1,1,1,1
FREP-304427-G,1,1,1,1,1,1
FREP-304443-J,1,1,1,1,1,1
FREP-304450-G,1,1,1,1,1,1
FREP-304451-J,1,1,1,1,1,1
FREP-304452-Z,1,1,1,1,1,1
FREP-304464-G,1,1,1,1,1,1
FREP-304469-G,1,1,1,1,1,1
FREP-304470-J,1,1,1,1,1,1
FREP-304471-Z,1,1,1,1,1,1
FREP-304475-G,1,1,1,1,1,1
FREP-304479-Z,1,1,1,1,1,1
FREP-304483-Z,1,1,1,1,1,1
FREP-304484-G,1,1,1,1,1,1
FREP-304492-Z,1,1,1,1,1,1
FREP-304494-J,1,1,1,1,1,1
FREP-304498-J,1,1,1,1,1,1
FREP-304505-Z,1,1,1,1,1,1
FREP-304508-Z,1,1,1,1,1,1
FREP-304509-J,1,1,1,1,1,1
FREP-304512-G,1,1,1,1,1,1
FREP-304516-G,1,1,1,1,1,1
FREP-304516-J,1,1,1,1,1,1
FREP-304530-G,1,1,1,1,1,1
FREP-304531-G,1,1,1,1,1,1
FREP-304535-Z,1,1,1,1,1,1
FREP-304542-G,1,1,1,1,1,1
FREP-304543-G,1,1,1,1,1,1
FREP-304546-J,1,1,1,1,1,1
FREP-304550-J,1,1,1,1,1,1
FREP-304555-Z,1,1,1,1,1,1
FREP-304565-Z,1,1,1,1,1,1
FREP-304571-J,1,1,1,1,1,1
FREP-304572-J,1,1,1,1,1,1
FREP-304575-G,1,1,1,1,1,1
FREP-304578-J,1,1,1,1,1,1
FREP-304588-Z,1,1,1,1,1,1
FREP-304592-G,1,1,1,1,1,1
FREP-304598-J,1,1,1,1,1,1
FREP-304598-Z,1,1,1,1,1,1
FREP-304599-Z,1,1,1,1,1,1
FREP-304602-G,1,1,1,1,1,1
FREP-304602-Z,1,1,1,1,1,1
FREP-304612-J,1,1,1,1,1,1
FREP-304616-G,1,1,1,1,1,1
FREP-304627-J,1,1,1,1,1,1
FREP-304629-J,1,1,1,1,1,1
FREP-304630-J,1,1,1,1,1,1
FREP-304640-G,1,1,1,1,1,1
FREP-304646-G,1,1,1,1,1,1
FREP-304648-G,1,1,1,1,1,1
FREP-304657-Z,1,1,1,1,1,1
FREP-304660-G,1,1,1,1,1,1
FREP-304664-G,1,1,1,1,1,1
FREP-304668-J,1,1,1,1,1,1
FREP-304709-G,1,1,1,1,1,1
FREP-304719-G,1,1,1,1,1,1
FREP-304752-J,1,1,1,1,1,1
FREP-304754-J,1,1,1,1,1,1
FREP-304771-J,1,1,1,1,1,1
FREP-304782-G,1,1,1,1,1,1
FREP-304790-Z,1,1,1,1,1,1
FREP-304791-G,1,1,1,1,1,1
FREP-304795-Z,1,1,1,1,1,1
FREP-304796-G,1,1,1,1,1,1
FREP-304796-J,1,1,1,1,1,1
FREP-304802-J,1,1,1,1,1,1
FREP-304802-Z,1,1,1,1,1,1
FREP-304807-G,1,1,1,1,1,1
FREP-304807-Z,1,1,1,1,1,1
FREP-304809-G,1,1,1,1,1,1
FREP-304811-G,1,1,1,1,1,1
FREP-304813-Z,1,1,1,1,1,1
FREP-304825-G,1,1,1,1,1,1
FREP-304832-J,1,1,1,1,1,1
FREP-304832-Z,1,1,1,1,1,1
FREP-304834-Z,1,1,1,1,1,1
FREP-304835-J,1,1,1,1,1,1
FREP-304839-J,1,1,1,1,1,1
FREP-304854-G,1,1,1,1,1,1
FREP-304857-J,1,1,1,1,1,1
FREP-304864-J,1,1,1,1,1,1
FREP-304866-G,1,1,1,1,1,1
FREP-304876-Z,1,1,1,1,1,1
FREP-304877-J,1,1,1,1,1,1
FREP-304888-G,1,1,1,1,1,1
FREP-304895-G,1,1,1,1,1,1
FREP-304899-G,1,1,1,1,1,1
FREP-304903-G,1,1,1,1,1,1
FREP-304913-G,1,1,1,1,1,1
FREP-304921-G,1,1,1,1,1,1
FREP-304924-G,1,1,1,1,1,1
FREP-304941-G,1,1,1,1,1,1
FREP-304953-J,1,1,1,1,1,1
FREP-304964-G,1,1,1,1,1,1
FREP-304978-Z,1,1,1,1,1,1
FREP-304980-J,1,1,1,1,1,1
FREP-304989-J,1,1,1,1,1,1
FREP-305007-G,1,1,1,1,1,1
FREP-305016-J,1,1,1,1,1,1
FREP-305021-J,1,1,1,1,1,1
FREP-305035-Z,1,1,1,1,1,1
FREP-305040-Z,1,1,1,1,1,1
FREP-305041-Z,1,1,1,1,1,1
FREP-305051-Z,1,1,1,1,1,1
FREP-305058-J,1,1,1,1,1,1
FREP-305067-J,1,1,1,1,1,1
FREP-305069-G,1,1,1,1,1,1
FREP-305075-J,1,1,1,1,1,1
FREP-305077-G,1,1,1,1,1,1
FREP-305079-G,1,1,1,1,1,1
FREP-305080-Z,1,1,1,1,1,1
FREP-305083-J,1,1,1,1,1,1
FREP-305086-J,1,1,1,1,1,1
FREP-305087-G,1,1,1,1,1,1
FREP-305096-J,1,1,1,1,1,1
FREP-305103-G,1,1,1,1,1,1
FREP-305111-Z,1,1,1,1,1,1
FREP-305112-Z,1,1,1,1,1,1
FREP-305116-J,1,1,1,1,1,1
FREP-305135-Z,1,1,1,1,1,1
FREP-305140-G,1,1,1,1,1,1
FREP-305143-G,1,1,1,1,1,1
FREP-305144-Z,1,1,1,1,1,1
FREP-305146-Z,1,1,1,1,1,1
FREP-305147-G,1,1,1,1,1,1
FREP-305156-G,1,1,1,1,1,1
FREP-305159-G,1,1,1,1,1,1
FREP-305160-G,1,1,1,1,1,1
FREP-305161-Z,1,1,1,1,1,1
FREP-305164-G,1,1,1,1,1,1
FREP-305164-Z,1,1,1,1,1,1
FREP-305168-G,1,1,1,1,1,1
FREP-305173-G,1,1,1,1,1,1
FREP-305173-Z,1,1,1,1,1,1
FREP-305177-J,1,1,1,1,1,1
FREP-305179-G,1,1,1,1,1,1
FREP-305181-G,1,1,1,1,1,1
FREP-305184-J,1,1,1,1,1,1
FREP-305186-G,1,1,1,1,1,1
FREP-305194-G,1,1,1,1,1,1
FREP-305200-G,1,1,1,1,1,1
FREP-305205-J,1,1,1,1,1,1
FREP-305206-Z,1,1,1,1,1,1
FREP-305220-Z,1,1,1,1,1,1
FREP-305222-G,1,1,1,1,1,1
FREP-305227-J,1,1,1,1,1,1
FREP-305229-G,1,1,1,1,1,1
FREP-305231-J,1,1,1,1,1,1
FREP-305234-G,1,1,1,1,1,1
FREP-305243-J,1,1,1,1,1,1
FREP-305254-G,1,1,1,1,1,1
FREP-305257-G,1,1,1,1,1,1
FREP-305266-J,1,1,1,1,1,1
FREP-305273-J,1,1,1,1,1,1
FREP-305285-G,1,1,1,1,1,1
FREP-305291-Z,1,1,1,1,1,1
FREP-305292-Z,1,1,1,1,1,1
FREP-305295-J,1,1,1,1,1,1
FREP-305306-J,1,1,1,1,1,1
FREP-305306-Z,1,1,1,1,1,1
FREP-305308-J,1,1,1,1,1,1
FREP-305311-G,1,1,1,1,1,1
FREP-305316-G,1,1,1,1,1,1
FREP-305322-G,1,1,1,1,1,1
FREP-305328-Z,1,1,1,1,1,1
FREP-305331-J,1,1,1,1,1,1
FREP-305333-J,1,1,1,1,1,1
FREP-305335-J,1,1,1,1,1,1
FREP-305345-Z,1,1,1,1,1,1
FREP-305347-G,1,1,1,1,1,1
FREP-305352-Z,1,1,1,1,1,1
FREP-305354-Z,1,1,1,1,1,1
FREP-305357-Z,1,1,1,1,1,1
FREP-305360-Z,1,1,1,1,1,1
FREP-305361-G,1,1,1,1,1,1
FREP-305366-Z,1,1,1,1,1,1
FREP-305375-G,1,1,1,1,1,1
FREP-305376-J,1,1,1,1,1,1
FREP-305391-J,1,1,1,1,1,1
FREP-305407-J,1,1,1,1,1,1
FREP-305414-J,1,1,1,1,1,1
FREP-305419-G,1,1,1,1,1,1
FREP-305422-Z,1,1,1,1,1,1
FREP-305434-G,1,1,1,1,1,1
FREP-305434-J,1,1,1,1,1,1
FREP-305447-J,1,1,1,1,1,1
FREP-305473-J,1,1,1,1,1,1
FREP-305474-J,1,1,1,1,1,1
FREP-305479-J,1,1,1,1,1,1
FREP-305480-J,1,1,1,1,1,1
FREP-305482-J,1,1,1,1,1,1
FREP-305483-J,1,1,1,1,1,1
FREP-305484-G,1,1,1,1,1,1
FREP-305488-G,1,1,1,1,1,1
FREP-305493-G,1,1,1,1,1,1
FREP-305497-Z,1,1,1,1,1,1
FREP-305511-G,1,1,1,1,1,1
FREP-305526-Z,1,1,1,1,1,1
FREP-305539-Z,1,1,1,1,1,1
FREP-305540-J,1,1,1,1,1,1
FREP-305542-J,1,1,1,1,1,1
FREP-305544-J,1,1,1,1,1,1
FREP-305548-Z,1,1,1,1,1,1
FREP-305549-Z,1,1,1,1,1,1
FREP-305569-G,1,1,1,1,1,1
FREP-305581-G,1,1,1,1,1,1
FREP-305583-J,1,1,1,1,1,1
FREP-305587-J,1,1,1,1,1,1
FREP-305594-G,1,1,1,1,1,1
FREP-305600-Z,1,1,1,1,1,1
FREP-305614-Z,1,1,1,1,1,1
FREP-305618-J,1,1,1,1,1,1
FREP-305623-J,1,1,1,1,1,1
FREP-305634-G,1,1,1,1,1,1
FREP-305640-J,1,1,1,1,1,1
FREP-305642-G,1,1,1,1,1,1
FREP-305665-G,1,1,1,1,1,1
FREP-305667-Z,1,1,1,1,1,1
FREP-305675-G,1,1,1,1,1,1
FREP-305676-G,1,1,1,1,1,1
FREP-305691-J,1,1,1,1,1,1
FREP-305700-Z,1,1,1,1,1,1
FREP-305704-Z,1,1,1,1,1,1
FREP-305709-Z,1,1,1,1,1,1
FREP-305711-G,1,1,1,1,1,1
FREP-305718-Z,1,1,1,1,1,1
FREP-305721-J,1,1,1,1,1,1
FREP-305721-Z,1,1,1,1,1,1
FREP-305730-Z,1,1,1,1,1,1
FREP-305734-Z,1,1,1,1,1,1
FREP-305744-J,1,1,1,1,1,1
FREP-305748-G,1,1,1,1,1,1
FREP-305750-J,1,1,1,1,1,1
FREP-305755-G,1,1,1,1,1,1
FREP-305768-Z,1,1,1,1,1,1
FREP-305771-G,1,1,1,1,1,1
FREP-305775-Z,1,1,1,1,1,1
FREP-305777-Z,1,1,1,1,1,1
FREP-305783-J,1,1,1,1,1,1
FREP-305793-Z,1,1,1,1,1,1
FREP-305796-Z,1,1,1,1,1,1
FREP-305817-Z,1,1,1,1,1,1
FREP-305830-G,1,1,1,1,1,1
FREP-305831-G,1,1,1,1,1,1
FREP-305839-G,1,1,1,1,1,1
FREP-305840-J,1,1,1,1,1,1
FREP-305845-J,1,1,1,1,1,1
FREP-305849-Z,1,1,1,1,1,1
FREP-305854-G,1,1,1,1,1,1
FREP-305856-Z,1,1,1,1,1,1
FREP-305861-G,1,1,1,1,1,1
FREP-305863-Z,1,1,1,1,1,1
FREP-305864-Z,1,1,1,1,1,1
FREP-305870-G,1,1,1,1,1,1
FREP-305890-J,1,1,1,1,1,1
FREP-305893-J,1,1,1,1,1,1
FREP-305901-Z,1,1,1,1,1,1
FREP-305908-J,1,1,1,1,1,1
FREP-305913-Z,1,1,1,1,1,1
FREP-305916-Z,1,1,1,1,1,1
FREP-305917-Z,1,1,1,1,1,1
FREP-305918-J,1,1,1,1,1,1
FREP-305925-Z,1,1,1,1,1,1
FREP-305929-J,1,1,1,1,1,1
FREP-305945-J,1,1,1,1,1,1
FREP-305948-J,1,1,1,1,1,1
FREP-305960-G,1,1,1,1,1,1
FREP-305964-G,1,1,1,1,1,1
FREP-305964-Z,1,1,1,1,1,1
FREP-305970-J,1,1,1,1,1,1
FREP-305975-Z,1,1,1,1,1,1
FREP-305980-Z,1,1,1,1,1,1
FREP-305984-J,1,1,1,1,1,1
FREP-305986-J,1,1,1,1,1,1
FREP-305989-G,1,1,1,1,1,1
FREP-305995-J,1,1,1,1,1,1
FREP-306002-G,1,1,1,1,1,1
FREP-306003-Z,1,1,1,1,1,1
FREP-306007-G,1,1,1,1,1,1
FREP-306014-G,1,1,1,1,1,1
FREP-306017-J,1,1,1,1,1,1
FREP-306017-Z,1,1,1,1,1,1
FREP-306030-G,1,1,1,1,1,1
FREP-306034-G,1,1,1,1,1,1
FREP-306036-J,1,1,1,1,1,1
FREP-306041-J,1,1,1,1,1,1
FREP-306042-J,1,1,1,1,1,1
FREP-306047-Z,1,1,1,1,1,1
FREP-306050-J,1,1,1,1,1,1
FREP-306077-G,1,1,1,1,1,1
FREP-306079-G,1,1,1,1,1,1
FREP-306081-J,1,1,1,1,1,1
FREP-306092-J,1,1,1,1,1,1
FREP-306099-J,1,1,1,1,1,1
FREP-306101-J,1,1,1,1,1,1
FREP-306104-J,1,1,1,1,1,1
FREP-306109-Z,1,1,1,1,1,1
FREP-306113-J,1,1,1,1,1,1
FREP-306131-J,1,1,1,1,1,1
FREP-306142-Z,1,1,1,1,1,1
FREP-306145-G,1,1,1,1,1,1
FREP-306154-G,1,1,1,1,1,1
FREP-306157-G,1,1,1,1,1,1
FREP-306159-Z,1,1,1,1,1,1
FREP-306164-Z,1,1,1,1,1,1
FREP-306168-G,1,1,1,1,1,1
FREP-306173-G,1,1,1,1,1,1
FREP-306175-G,1,1,1,1,1,1
FREP-306176-Z,1,1,1,1,1,1
FREP-306177-G,1,1,1,1,1,1
FREP-306177-J,1,1,1,1,1,1
FREP-306190-Z,1,1,1,1,1,1
FREP-306198-J,1,1,1,1,1,1
FREP-306217-G,1,1,1,1,1,1
FREP-306230-G,1,1,1,1,1,1
FREP-306246-J,1,1,1,1,1,1
FREP-306249-J,1,1,1,1,1,1
FREP-306250-G,1,1,1,1,1,1
FREP-306251-Z,1,1,1,1,1,1
FREP-306260-Z,1,1,1,1,1,1
FREP-306275-J,1,1,1,1,1,1
FREP-306292-J,1,1,1,1,1,1
FREP-306293-G,1,1,1,1,1,1
FREP-306299-Z,1,1,1,1,1,1
FREP-306302-G,1,1,1,1,1,1
FREP-306303-G,1,1,1,1,1,1
FREP-306312-Z,1,1,1,1,1,1
FREP-306315-J,1,1,1,1,1,1
FREP-306326-Z,1,1,1,1,1,1
FREP-306342-Z,1,1,1,1,1,1
FREP-306344-Z,1,1,1,1,1,1
FREP-306348-Z,1,1,1,1,1,1
FREP-306349-Z,1,1,1,1,1,1
FREP-306357-G,1,1,1,1,1,1
FREP-306358-Z,1,1,1,1,1,1
FREP-306363-G,1,1,1,1,1,1
FREP-306364-Z,1,1,1,1,1,1
FREP-306367-G,1,1,1,1,1,1
FREP-306368-J,1,1,1,1,1,1
FREP-306370-G,1,1,1,1,1,1
FREP-306371-J,1,1,1,1,1,1
FREP-306372-G,1,1,1,1,1,1
FREP-306372-Z,1,1,1,1,1,1
FREP-306386-J,1,1,1,1,1,1
FREP-306389-G,1,1,1,1,1,1
FREP-306396-G,1,1,1,1,1,1
FREP-306403-G,1,1,1,1,1,1
FREP-306408-G,1,1,1,1,1,1
FREP-306432-G,1,1,1,1,1,1
FREP-306443-G,1,1,1,1,1,1
FREP-306458-Z,1,1,1,1,1,1
FREP-306484-J,1,1,1,1,1,1
FREP-306492-Z,1,1,1,1,1,1
FREP-306493-G,1,1,1,1,1,1
FREP-306500-J,1,1,1,1,1,1
FREP-306514-J,1,1,1,1,1,1
FREP-306517-Z,1,1,1,1,1,1
FREP-306529-G,1,1,1,1,1,1
FREP-306532-G,1,1,1,1,1,1
FREP-306540-Z,1,1,1,1,1,1
FREP-306541-J,1,1,1,1,1,1
FREP-306548-J,1,1,1,1,1,1
FREP-306550-J,1,1,1,1,1,1
FREP-306556-J,1,1,1,1,1,1
FREP-306564-Z,1,1,1,1,1,1
FREP-306569-J,1,1,1,1,1,1
FREP-306573-J,1,1,1,1,1,1
FREP-306575-G,1,1,1,1,1,1
FREP-306576-G,1,1,1,1,1,1
FREP-306580-G,1,1,1,1,1,1
FREP-306601-J,1,1,1,1,1,1
FREP-306603-J,1,1,1,1,1,1
FREP-306605-Z,1,1,1,1,1,1
FREP-306624-J,1,1,1,1,1,1
FREP-306628-Z,1,1,1,1,1,1
FREP-306630-J,1,1,1,1,1,1
FREP-306675-J,1,1,1,1,1,1
FREP-306683-Z,1,1,1,1,1,1
FREP-306687-J,1,1,1,1,1,1
FREP-306702-J,1,1,1,1,1,1
FREP-306706-G,1,1,1,1,1,1
FREP-306708-G,1,1,1,1,1,1
FREP-306709-G,1,1,1,1,1,1
FREP-306738-J,1,1,1,1,1,1
FREP-306746-Z,1,1,1,1,1,1
FREP-306748-Z,1,1,1,1,1,1
FREP-306756-G,1,1,1,1,1,1
FREP-306773-Z,1,1,1,1,1,1
FREP-306783-Z,1,1,1,1,1,1
FREP-306785-G,1,1,1,1,1,1
FREP-306787-J,1,1,1,1,1,1
FREP-306831-G,1,1,1,1,1,1
FREP-306842-G,1,1,1,1,1,1
FREP-306849-G,1,1,1,1,1,1
FREP-306855-Z,1,1,1,1,1,1
FREP-306879-Z,1,1,1,1,1,1
FREP-306890-J,1,1,1,1,1,1
FREP-306894-J,1,1,1,1,1,1
FREP-306897-Z,1,1,1,1,1,1
FREP-306898-Z,1,1,1,1,1,1
FREP-306902-Z,1,1,1,1,1,1
FREP-306917-Z,1,1,1,1,1,1
FREP-306926-J,1,1,1,1,1,1
FREP-306933-J,1,1,1,1,1,1
FREP-306938-Z,1,1,1,1,1,1
FREP-306953-Z,1,1,1,1,1,1
FREP-306968-G,1,1,1,1,1,1
FREP-306969-G,1,1,1,1,1,1
FREP-306972-G,1,1,1,1,1,1
FREP-306976-G,1,1,1,1,1,1
FREP-306976-J,1,1,1,1,1,1
FREP-306977-Z,1,1,1,1,1,1
FREP-306992-G,1,1,1,1,1,1
FREP-306994-J,1,1,1,1,1,1
FREP-306998-G,1,1,1,1,1,1
FREP-307005-J,1,1,1,1,1,1
FREP-307007-G,1,1,1,1,1,1
FREP-307008-G,1,1,1,1,1,1
FREP-307010-G,1,1,1,1,1,1
FREP-307018-Z,1,1,1,1,1,1
FREP-307030-G,1,1,1,1,1,1
FREP-307033-J,1,1,1,1,1,1
FREP-307042-G,1,1,1,1,1,1
FREP-307043-Z,1,1,1,1,1,1
FREP-307051-Z,1,1,1,1,1,1
FREP-307054-Z,1,1,1,1,1,1
FREP-307062-G,1,1,1,1,1,1
FREP-307067-Z,1,1,1,1,1,1
FREP-307077-Z,1,1,1,1,1,1
FREP-307095-Z,1,1,1,1,1,1
FREP-307096-G,1,1,1,1,1,1
FREP-307096-J,1,1,1,1,1,1
FREP-307100-J,1,1,1,1,1,1
FREP-307107-Z,1,1,1,1,1,1
FREP-307108-J,1,1,1,1,1,1
FREP-307113-J,1,1,1,1,1,1
FREP-307120-Z,1,1,1,1,1,1
FREP-307132-G,1,1,1,1,1,1
FREP-307154-G,1,1,1,1,1,1
FREP-307155-J,1,1,1,1,1,1
FREP-307159-J,1,1,1,1,1,1
FREP-307160-J,1,1,1,1,1,1
FREP-307160-Z,1,1,1,1,1,1
FREP-307169-G,1,1,1,1,1,1
FREP-307195-J,1,1,1,1,1,1
FREP-307204-J,1,1,1,1,1,1
FREP-307207-G,1,1,1,1,1,1
FREP-307209-J,1,1,1,1,1,1
FREP-307211-J,1,1,1,1,1,1
FREP-307212-G,1,1,1,1,1,1
FREP-307221-G,1,1,1,1,1,1
FREP-307225-G,1,1,1,1,1,1
FREP-307230-G,1,1,1,1,1,1
FREP-307230-Z,1,1,1,1,1,1
FREP-307233-Z,1,1,1,1,1,1
FREP-307234-Z,1,1,1,1,1,1
FREP-307250-Z,1,1,1,1,1,1
FREP-307252-G,1,1,1,1,1,1
FREP-307258-Z,1,1,1,1,1,1
FREP-307260-Z,1,1,1,1,1,1
FREP-307266-G,1,1,1,1,1,1
FREP-307266-Z,1,1,1,1,1,1
FREP-307274-Z,1,1,1,1,1,1
FREP-307281-G,1,1,1,1,1,1
FREP-307284-Z,1,1,1,1,1,1
FREP-307304-G,1,1,1,1,1,1
FREP-307308-J,1,1,1,1,1,1
FREP-307317-G,1,1,1,1,1,1
FREP-307324-J,1,1,1,1,1,1
FREP-307325-G,1,1,1,1,1,1
FREP-307330-G,1,1,1,1,1,1
FREP-307348-G,1,1,1,1,1,1
FREP-307350-G,1,1,1,1,1,1
FREP-307352-J,1,1,1,1,1,1
FREP-307353-J,1,1,1,1,1,1
FREP-307371-J,1,1,1,1,1,1
FREP-307375-G,1,1,1,1,1,1
FREP-307390-J,1,1,1,1,1,1
FREP-307392-J,1,1,1,1,1,1
FREP-307402-G,1,1,1,1,1,1
FREP-307404-G,1,1,1,1,1,1
FREP-307408-J,1,1,1,1,1,1
FREP-307408-Z,1,1,1,1,1,1
FREP-307413-J,1,1,1,1,1,1
FREP-307423-Z,1,1,1,1,1,1
FREP-307430-J,1,1,1,1,1,1
FREP-307450-J,1,1,1,1,1,1
FREP-307454-J,1,1,1,1,1,1
FREP-307472-Z,1,1,1,1,1,1
FREP-307480-J,1,1,1,1,1,1
FREP-307485-G,1,1,1,1,1,1
FREP-307485-J,1,1,1,1,1,1
FREP-307488-G,1,1,1,1,1,1
FREP-307489-Z,1,1,1,1,1,1
FREP-307491-J,1,1,1,1,1,1
FREP-307493-G,1,1,1,1,1,1
FREP-307494-G,1,1,1,1,1,1
FREP-307528-G,1,1,1,1,1,1
FREP-307556-G,1,1,1,1,1,1
FREP-307556-Z,1,1,1,1,1,1
FREP-307559-G,1,1,1,1,1,1
FREP-307560-J,1,1,1,1,1,1
FREP-307561-J,1,1,1,1,1,1
FREP-307569-J,1,1,1,1,1,1
FREP-307592-J,1,1,1,1,1,1
FREP-307602-G,1,1,1,1,1,1
FREP-307615-J,1,1,1,1,1,1
FREP-307620-G,1,1,1,1,1,1
FREP-307626-Z,1,1,1,1,1,1
FREP-307637-G,1,1,1,1,1,1
FREP-307640-J,1,1,1,1,1,1
FREP-307646-J,1,1,1,1,1,1
FREP-307651-J,1,1,1,1,1,1
FREP-307653-G,1,1,1,1,1,1
FREP-307661-J,1,1,1,1,1,1
FREP-307663-J,1,1,1,1,1,1
FREP-307664-Z,1,1,1,1,1,1
FREP-307666-Z,1,1,1,1,1,1
FREP-307671-Z,1,1,1,1,1,1
FREP-307672-J,1,1,1,1,1,1
FREP-307694-Z,1,1,1,1,1,1
FREP-307698-Z,1,1,1,1,1,1
FREP-307709-J,1,1,1,1,1,1
FREP-307714-J,1,1,1,1,1,1
FREP-307718-Z,1,1,1,1,1,1
FREP-307721-Z,1,1,1,1,1,1
FREP-307725-Z,1,1,1,1,1,1
FREP-307729-J,1,1,1,1,1,1
FREP-307732-Z,1,1,1,1,1,1
FREP-307735-G,1,1,1,1,1,1
FREP-307748-G,1,1,1,1,1,1
FREP-307750-G,1,1,1,1,1,1
FREP-307750-J,1,1,1,1,1,1
FREP-307754-Z,1,1,1,1,1,1
FREP-307756-G,1,1,1,1,1,1
FREP-307767-Z,1,1,1,1,1,1
FREP-307768-J,1,1,1,1,1,1
FREP-307768-Z,1,1,1,1,1,1
FREP-307773-G,1,1,1,1,1,1
FREP-307775-Z,1,1,1,1,1,1
FREP-307779-J,1,1,1,1,1,1
FREP-307792-J,1,1,1,1,1,1
FREP-307796-Z,1,1,1,1,1,1
FREP-307817-Z,1,1,1,1,1,1
FREP-307824-J,1,1,1,1,1,1
FREP-307824-Z,1,1,1,1,1,1
FREP-307840-G,1,1,1,1,1,1
FREP-307843-J,1,1,1,1,1,1
FREP-307847-Z,1,1,1,1,1,1
FREP-307848-J,1,1,1,1,1,1
FREP-307849-Z,1,1,1,1,1,1
FREP-307851-J,1,1,1,1,1,1
FREP-307854-G,1,1,1,1,1,1
FREP-307855-Z,1,1,1,1,1,1
FREP-307858-J,1,1,1,1,1,1
FREP-307863-Z,1,1,1,1,1,1
FREP-307866-G,1,1,1,1,1,1
FREP-307870-J,1,1,1,1,1,1
FREP-307871-Z,1,1,1,1,1,1
FREP-307872-Z,1,1,1,1,1,1
FREP-307881-Z,1,1,1,1,1,1
FREP-307884-Z,1,1,1,1,1,1
FREP-307888-Z,1,1,1,1,1,1
FREP-307889-G,1,1,1,1,1,1
FREP-307891-Z,1,1,1,1,1,1
FREP-307898-G,1,1,1,1,1,1
FREP-307898-J,1,1,1,1,1,1
FREP-307899-Z,1,1,1,1,1,1
FREP-307901-Z,1,1,1,1,1,1
FREP-307904-Z,1,1,1,1,1,1
FREP-307905-Z,1,1,1,1,1,1
FREP-307906-Z,1,1,1,1,1,1
FREP-307908-Z,1,1,1,1,1,1
FREP-307909-Z,1,1,1,1,1,1
FREP-307910-J,1,1,1,1,1,1
FREP-307911-Z,1,1,1,1,1,1
FREP-307914-Z,1,1,1,1,1,1
FREP-307917-Z,1,1,1,1,1,1
FREP-307921-G,1,1,1,1,1,1
FREP-307923-Z,1,1,1,1,1,1
FREP-307933-Z,1,1,1,1,1,1
FREP-307947-J,1,1,1,1,1,1
FREP-307948-Z,1,1,1,1,1,1
FREP-307956-G,1,1,1,1,1,1
FREP-307967-Z,1,1,1,1,1,1
FREP-307980-J,1,1,1,1,1,1
FREP-307980-Z,1,1,1,1,1,1
FREP-307994-Z,1,1,1,1,1,1
FREP-308005-Z,1,1,1,1,1,1
FREP-308013-G,1,1,1,1,1,1
FREP-308035-Z,1,1,1,1,1,1
FREP-308037-Z,1,1,1,1,1,1
FREP-308038-Z,1,1,1,1,1,1
FREP-308040-Z,1,1,1,1,1,1
FREP-308052-Z,1,1,1,1,1,1
FREP-308060-Z,1,1,1,1,1,1
FREP-308063-G,1,1,1,1,1,1
FREP-308064-Z,1,1,1,1,1,1
FREP-308066-G,1,1,1,1,1,1
FREP-308099-G,1,1,1,1,1,1
FREP-308125-G,1,1,1,1,1,1
FREP-308134-J,1,1,1,1,1,1
FREP-308136-G,1,1,1,1,1,1
FREP-308138-Z,1,1,1,1,1,1
FREP-308142-J,1,1,1,1,1,1
FREP-308152-G,1,1,1,1,1,1
FREP-308153-G,1,1,1,1,1,1
FREP-308161-G,1,1,1,1,1,1
FREP-308166-G,1,1,1,1,1,1
FREP-308205-J,1,1,1,1,1,1
FREP-308210-Z,1,1,1,1,1,1
FREP-308218-G,1,1,1,1,1,1
FREP-308224-Z,1,1,1,1,1,1
FREP-308230-Z,1,1,1,1,1,1
FREP-308254-G,1,1,1,1,1,1
FREP-308258-G,1,1,1,1,1,1
FREP-308262-Z,1,1,1,1,1,1
FREP-308271-G,1,1,1,1,1,1
FREP-308280-J,1,1,1,1,1,1
FREP-308294-Z,1,1,1,1,1,1
FREP-308302-G,1,1,1,1,1,1
FREP-308307-J,1,1,1,1,1,1
FREP-308322-G,1,1,1,1,1,1
FREP-308332-Z,1,1,1,1,1,1
FREP-308334-G,1,1,1,1,1,1
FREP-308335-J,1,1,1,1,1,1
FREP-308355-J,1,1,1,1,1,1
FREP-308359-G,1,1,1,1,1,1
FREP-308361-G,1,1,1,1,1,1
FREP-308377-G,1,1,1,1,1,1
FREP-308382-G,1,1,1,1,1,1
FREP-308383-G,1,1,1,1,1,1
FREP-308386-Z,1,1,1,1,1,1
FREP-308388-G,1,1,1,1,1,1
FREP-308388-J,1,1,1,1,1,1
FREP-308398-G,1,1,1,1,1,1
FREP-308402-Z,1,1,1,1,1,1
FREP-308406-Z,1,1,1,1,1,1
FREP-308426-J,1,1,1,1,1,1
FREP-308428-Z,1,1,1,1,1,1
FREP-308445-Z,1,1,1,1,1,1
FREP-308463-G,1,1,1,1,1,1
FREP-308471-Z,1,1,1,1,1,1
FREP-308474-Z,1,1,1,1,1,1
FREP-308493-G,1,1,1,1,1,1
FREP-308500-Z,1,1,1,1,1,1
FREP-308506-Z,1,1,1,1,1,1
FREP-308507-Z,1,1,1,1,1,1
FREP-308509-G,1,1,1,1,1,1
FREP-308513-Z,1,1,1,1,1,1
FREP-308527-Z,1,1,1,1,1,1
FREP-308544-G,1,1,1,1,1,1
FREP-308544-Z,1,1,1,1,1,1
FREP-308547-G,1,1,1,1,1,1
FREP-308561-J,1,1,1,1,1,1
FREP-308562-J,1,1,1,1,1,1
FREP-308573-J,1,1,1,1,1,1
FREP-308586-G,1,1,1,1,1,1
FREP-308611-J,1,1,1,1,1,1
FREP-308621-Z,1,1,1,1,1,1
FREP-308640-G,1,1,1,1,1,1
FREP-308651-J,1,1,1,1,1,1
FREP-308652-G,1,1,1,1,1,1
FREP-308660-G,1,1,1,1,1,1
FREP-308666-J,1,1,1,1,1,1
FREP-308671-G,1,1,1,1,1,1
FREP-308686-J,1,1,1,1,1,1
FREP-308690-J,1,1,1,1,1,1
FREP-308699-Z,1,1,1,1,1,1
FREP-308703-Z,1,1,1,1,1,1
FREP-308708-Z,1,1,1,1,1,1
FREP-308711-J,1,1,1,1,1,1
FREP-308716-G,1,1,1,1,1,1
FREP-308757-J,1,1,1,1,1,1
FREP-308762-Z,1,1,1,1,1,1
FREP-308783-G,1,1,1,1,1,1
FREP-308799-G,1,1,1,1,1,1
FREP-308824-G,1,1,1,1,1,1
FREP-308827-G,1,1,1,1,1,1
FREP-308829-Z,1,1,1,1,1,1
FREP-308830-G,1,1,1,1,1,1
FREP-308851-Z,1,1,1,1,1,1
FREP-308863-G,1,1,1,1,1,1
FREP-308866-Z,1,1,1,1,1,1
FREP-308867-Z,1,1,1,1,1,1
FREP-308879-J,1,1,1,1,1,1
FREP-308884-G,1,1,1,1,1,1
FREP-308890-G,1,1,1,1,1,1
FREP-308894-G,1,1,1,1,1,1
FREP-308907-J,1,1,1,1,1,1
FREP-308917-G,1,1,1,1,1,1
FREP-308930-J,1,1,1,1,1,1
FREP-308936-G,1,1,1,1,1,1
FREP-308942-J,1,1,1,1,1,1
FREP-308943-J,1,1,1,1,1,1
FREP-308949-J,1,1,1,1,1,1
FREP-308951-J,1,1,1,1,1,1
FREP-308969-G,1,1,1,1,1,1
FREP-308970-G,1,1,1,1,1,1
FREP-308973-Z,1,1,1,1,1,1
FREP-308993-Z,1,1,1,1,1,1
FREP-308998-Z,1,1,1,1,1,1
FREP-309005-Z,1,1,1,1,1,1
FREP-309036-G,1,1,1,1,1,1
FREP-309037-G,1,1,1,1,1,1
FREP-309058-Z,1,1,1,1,1,1
FREP-309066-J,1,1,1,1,1,1
FREP-309082-Z,1,1,1,1,1,1
FREP-309091-J,1,1,1,1,1,1
FREP-309097-J,1,1,1,1,1,1
FREP-309099-Z,1,1,1,1,1,1
FREP-309103-Z,1,1,1,1,1,1
FREP-309105-Z,1,1,1,1,1,1
FREP-309107-Z,1,1,1,1,1,1
FREP-309112-J,1,1,1,1,1,1
FREP-309129-J,1,1,1,1,1,1
FREP-309134-J,1,1,1,1,1,1
FREP-309145-G,1,1,1,1,1,1
FREP-309155-G,1,1,1,1,1,1
FREP-309164-G,1,1,1,1,1,1
FREP-309173-J,1,1,1,1,1,1
FREP-309175-J,1,1,1,1,1,1
FREP-309177-G,1,1,1,1,1,1
FREP-309189-J,1,1,1,1,1,1
FREP-309190-G,1,1,1,1,1,1
FREP-309194-G,1,1,1,1,1,1
FREP-309200-Z,1,1,1,1,1,1
FREP-309205-Z,1,1,1,1,1,1
FREP-309210-Z,1,1,1,1,1,1
FREP-309216-Z,1,1,1,1,1,1
FREP-309228-Z,1,1,1,1,1,1
FREP-309241-G,1,1,1,1,1,1
FREP-309245-J,1,1,1,1,1,1
FREP-309247-Z,1,1,1,1,1,1
FREP-309251-G,1,1,1,1,1,1
FREP-309255-Z,1,1,1,1,1,1
FREP-309268-G,1,1,1,1,1,1
FREP-309269-G,1,1,1,1,1,1
FREP-309277-Z,1,1,1,1,1,1
FREP-309279-Z,1,1,1,1,1,1
FREP-309284-J,1,1,1,1,1,1
FREP-309288-Z,1,1,1,1,1,1
FREP-309291-G,1,1,1,1,1,1
FREP-309298-J,1,1,1,1,1,1
FREP-309304-J,1,1,1,1,1,1
FREP-309311-J,1,1,1,1,1,1
FREP-309341-Z,1,1,1,1,1,1
FREP-309345-J,1,1,1,1,1,1
FREP-309358-Z,1,1,1,1,1,1
FREP-309361-Z,1,1,1,1,1,1
FREP-309362-Z,1,1,1,1,1,1
FREP-309369-Z,1,1,1,1,1,1
FREP-309383-Z,1,1,1,1,1,1
FREP-309385-G,1,1,1,1,1,1
FREP-309385-Z,1,1,1,1,1,1
FREP-309389-J,1,1,1,1,1,1
FREP-309390-Z,1,1,1,1,1,1
FREP-309391-J,1,1,1,1,1,1
FREP-309405-J,1,1,1,1,1,1
FREP-309407-J,1,1,1,1,1,1
FREP-309407-Z,1,1,1,1,1,1
FREP-309409-Z,1,1,1,1,1,1
FREP-309418-G,1,1,1,1,1,1
FREP-309426-Z,1,1,1,1,1,1
FREP-309452-G,1,1,1,1,1,1
FREP-309457-Z,1,1,1,1,1,1
FREP-309466-G,1,1,1,1,1,1
FREP-309485-G,1,1,1,1,1,1
FREP-309491-G,1,1,1,1,1,1
FREP-309492-G,1,1,1,1,1,1
FREP-309496-J,1,1,1,1,1,1
FREP-309499-G,1,1,1,1,1,1
FREP-309505-G,1,1,1,1,1,1
FREP-309514-G,1,1,1,1,1,1
FREP-309514-J,1,1,1,1,1,1
FREP-309527-G,1,1,1,1,1,1
FREP-309528-J,1,1,1,1,1,1
FREP-309528-Z,1,1,1,1,1,1
FREP-309546-J,1,1,1,1,1,1
FREP-309546-Z,1,1,1,1,1,1
FREP-309556-G,1,1,1,1,1,1
FREP-309575-G,1,1,1,1,1,1
FREP-309578-Z,1,1,1,1,1,1
FREP-309598-G,1,1,1,1,1,1
FREP-309600-Z,1,1,1,1,1,1
FREP-309610-Z,1,1,1,1,1,1
FREP-309614-Z,1,1,1,1,1,1
FREP-309617-Z,1,1,1,1,1,1
FREP-309622-Z,1,1,1,1,1,1
FREP-309626-J,1,1,1,1,1,1
FREP-309639-J,1,1,1,1,1,1
FREP-309647-Z,1,1,1,1,1,1
FREP-309648-Z,1,1,1,1,1,1
FREP-309652-G,1,1,1,1,1,1
FREP-309652-Z,1,1,1,1,1,1
FREP-309672-G,1,1,1,1,1,1
FREP-309680-G,1,1,1,1,1,1
FREP-309684-J,1,1,1,1,1,1
FREP-309714-J,1,1,1,1,1,1
FREP-309730-J,1,1,1,1,1,1
FREP-309734-J,1,1,1,1,1,1
FREP-309735-J,1,1,1,1,1,1
FREP-309736-G,1,1,1,1,1,1
FREP-309784-J,1,1,1,1,1,1
FREP-309793-J,1,1,1,1,1,1
FREP-309804-Z,1,1,1,1,1,1
FREP-309806-G,1,1,1,1,1,1
FREP-309811-G,1,1,1,1,1,1
FREP-309812-G,1,1,1,1,1,1
FREP-309819-G,1,1,1,1,1,1
FREP-309821-G,1,1,1,1,1,1
FREP-309823-G,1,1,1,1,1,1
FREP-309823-Z,1,1,1,1,1,1
FREP-309835-Z,1,1,1,1,1,1
FREP-309843-J,1,1,1,1,1,1
FREP-309844-Z,1,1,1,1,1,1
FREP-309846-Z,1,1,1,1,1,1
FREP-309852-J,1,1,1,1,1,1
FREP-309870-J,1,1,1,1,1,1
FREP-309870-Z,1,1,1,1,1,1
FREP-309883-Z,1,1,1,1,1,1
FREP-309886-Z,1,1,1,1,1,1
FREP-309908-Z,1,1,1,1,1,1
FREP-309934-J,1,1,1,1,1,1
FREP-309935-Z,1,1,1,1,1,1
FREP-309950-Z,1,1,1,1,1,1
FREP-309952-Z,1,1,1,1,1,1
FREP-309970-G,1,1,1,1,1,1
FREP-309977-G,1,1,1,1,1,1
FREP-309991-Z,1,1,1,1,1,1
FREP-310002-Z,1,1,1,1,1,1
FREP-310013-J,1,1,1,1,1,1
FREP-310025-Z,1,1,1,1,1,1
FREP-310031-Z,1,1,1,1,1,1
FREP-310040-G,1,1,1,1,1,1
FREP-310040-Z,1,1,1,1,1,1
FREP-310046-Z,1,1,1,1,1,1
FREP-310047-J,1,1,1,1,1,1
FREP-310050-Z,1,1,1,1,1,1
FREP-310054-G,1,1,1,1,1,1
FREP-310078-G,1,1,1,1,1,1
FREP-310080-J,1,1,1,1,1,1
FREP-310101-J,1,1,1,1,1,1
FREP-310113-G,1,1,1,1,1,1
FREP-310129-J,1,1,1,1,1,1
FREP-310146-Z,1,1,1,1,1,1
FREP-310147-G,1,1,1,1,1,1
FREP-310162-G,1,1,1,1,1,1
FREP-310163-G,1,1,1,1,1,1
FREP-310169-J,1,1,1,1,1,1
FREP-310171-G,1,1,1,1,1,1
FREP-310172-Z,1,1,1,1,1,1
FREP-310178-Z,1,1,1,1,1,1
FREP-310179-Z,1,1,1,1,1,1
FREP-310181-Z,1,1,1,1,1,1
FREP-310184-G,1,1,1,1,1,1
FREP-310191-G,1,1,1,1,1,1
FREP-310201-G,1,1,1,1,1,1
FREP-310201-J,1,1,1,1,1,1
FREP-310203-G,1,1,1,1,1,1
FREP-310205-G,1,1,1,1,1,1
FREP-310206-G,1,1,1,1,1,1
FREP-310210-G,1,1,1,1,1,1
FREP-310213-Z,1,1,1,1,1,1
FREP-310218-G,1,1,1,1,1,1
FREP-310218-Z,1,1,1,1,1,1
FREP-310225-Z,1,1,1,1,1,1
FREP-310229-G,1,1,1,1,1,1
FREP-310256-J,1,1,1,1,1,1
FREP-310262-G,1,1,1,1,1,1
FREP-310268-G,1,1,1,1,1,1
FREP-310269-G,1,1,1,1,1,1
FREP-310272-G,1,1,1,1,1,1
FREP-310274-Z,1,1,1,1,1,1
FREP-310277-Z,1,1,1,1,1,1
FREP-310285-Z,1,1,1,1,1,1
FREP-310288-G,1,1,1,1,1,1
FREP-310295-J,1,1,1,1,1,1
FREP-310302-Z,1,1,1,1,1,1
FREP-310304-J,1,1,1,1,1,1
FREP-310317-G,1,1,1,1,1,1
FREP-310317-Z,1,1,1,1,1,1
FREP-310331-J,1,1,1,1,1,1
FREP-310336-G,1,1,1,1,1,1
FREP-310339-J,1,1,1,1,1,1
FREP-310351-J,1,1,1,1,1,1
FREP-310353-J,1,1,1,1,1,1
FREP-310375-J,1,1,1,1,1,1
FREP-310382-Z,1,1,1,1,1,1
FREP-310386-Z,1,1,1,1,1,1
FREP-310389-J,1,1,1,1,1,1
FREP-310396-Z,1,1,1,1,1,1
FREP-310397-J,1,1,1,1,1,1
FREP-310398-J,1,1,1,1,1,1
FREP-310399-Z,1,1,1,1,1,1
FREP-310416-Z,1,1,1,1,1,1
FREP-310419-G,1,1,1,1,1,1
FREP-310429-G,1,1,1,1,1,1
FREP-310443-G,1,1,1,1,1,1
FREP-310455-Z,1,1,1,1,1,1
FREP-310459-Z,1,1,1,1,1,1
FREP-310470-Z,1,1,1,1,1,1
FREP-310475-J,1,1,1,1,1,1
FREP-310476-G,1,1,1,1,1,1
FREP-310483-J,1,1,1,1,1,1
FREP-310484-Z,1,1,1,1,1,1
FREP-310490-J,1,1,1,1,1,1
FREP-310496-J,1,1,1,1,1,1
FREP-310501-J,1,1,1,1,1,1
FREP-310511-Z,1,1,1,1,1,1
FREP-310513-Z,1,1,1,1,1,1
FREP-310530-J,1,1,1,1,1,1
FREP-310532-Z,1,1,1,1,1,1
FREP-310540-Z,1,1,1,1,1,1
FREP-310543-G,1,1,1,1,1,1
FREP-310551-G,1,1,1,1,1,1
FREP-310554-G,1,1,1,1,1,1
FREP-310556-J,1,1,1,1,1,1
FREP-310560-G,1,1,1,1,1,1
FREP-310561-J,1,1,1,1,1,1
FREP-310564-Z,1,1,1,1,1,1
FREP-310569-J,1,1,1,1,1,1
FREP-310574-Z,1,1,1,1,1,1
FREP-310579-G,1,1,1,1,1,1
FREP-310579-J,1,1,1,1,1,1
FREP-310580-Z,1,1,1,1,1,1
FREP-310585-Z,1,1,1,1,1,1
FREP-310592-J,1,1,1,1,1,1
FREP-310596-Z,1,1,1,1,1,1
FREP-310598-G,1,1,1,1,1,1
FREP-310604-Z,1,1,1,1,1,1
FREP-310606-J,1,1,1,1,1,1
FREP-310616-Z,1,1,1,1,1,1
FREP-310620-Z,1,1,1,1,1,1
FREP-310624-Z,1,1,1,1,1,1
FREP-310628-J,1,1,1,1,1,1
FREP-310634-Z,1,1,1,1,1,1
FREP-310655-Z,1,1,1,1,1,1
FREP-310659-Z,1,1,1,1,1,1
FREP-310663-G,1,1,1,1,1,1
FREP-310667-Z,1,1,1,1,1,1
FREP-310668-J,1,1,1,1,1,1
FREP-310672-G,1,1,1,1,1,1
FREP-310674-Z,1,1,1,1,1,1
FREP-310688-Z,1,1,1,1,1,1
FREP-310692-J,1,1,1,1,1,1
FREP-310697-G,1,1,1,1,1,1
FREP-310704-Z,1,1,1,1,1,1
FREP-310715-Z,1,1,1,1,1,1
FREP-310733-G,1,1,1,1,1,1
FREP-310733-Z,1,1,1,1,1,1
FREP-310734-Z,1,1,1,1,1,1
FREP-310746-G,1,1,1,1,1,1
FREP-310753-J,1,1,1,1,1,1
FREP-310760-J,1,1,1,1,1,1
FREP-310763-Z,1,1,1,1,1,1
FREP-310770-Z,1,1,1,1,1,1
FREP-310779-G,1,1,1,1,1,1
FREP-310780-J,1,1,1,1,1,1
FREP-310821-Z,1,1,1,1,1,1
FREP-310836-J,1,1,1,1,1,1
FREP-310841-Z,1,1,1,1,1,1
FREP-310844-J,1,1,1,1,1,1
FREP-310845-Z,1,1,1,1,1,1
FREP-310846-G,1,1,1,1,1,1
FREP-310859-G,1,1,1,1,1,1
FREP-310862-G,1,1,1,1,1,1
FREP-310863-G,1,1,1,1,1,1
FREP-310864-Z,1,1,1,1,1,1
FREP-310867-Z,1,1,1,1,1,1
FREP-310868-G,1,1,1,1,1,1
FREP-310872-J,1,1,1,1,1,1
FREP-310880-G,1,1,1,1,1,1
FREP-310881-J,1,1,1,1,1,1
FREP-310909-J,1,1,1,1,1,1
FREP-310911-J,1,1,1,1,1,1
FREP-310911-Z,1,1,1,1,1,1
FREP-310912-J,1,1,1,1,1,1
FREP-310916-G,1,1,1,1,1,1
FREP-310919-G,1,1,1,1,1,1
FREP-310926-J,1,1,1,1,1,1
FREP-310929-J,1,1,1,1,1,1
FREP-310930-G,1,1,1,1,1,1
FREP-310932-G,1,1,1,1,1,1
FREP-310960-G,1,1,1,1,1,1
FREP-310983-J,1,1,1,1,1,1
FREP-310991-J,1,1,1,1,1,1
FREP-310993-G,1,1,1,1,1,1
FREP-311001-J,1,1,1,1,1,1
FREP-311001-Z,1,1,1,1,1,1
FREP-311020-J,1,1,1,1,1,1
FREP-311033-J,1,1,1,1,1,1
FREP-311035-Z,1,1,1,1,1,1
FREP-311037-Z,1,1,1,1,1,1
FREP-311043-Z,1,1,1,1,1,1
FREP-311047-Z,1,1,1,1,1,1
FREP-311067-J,1,1,1,1,1,1
FREP-311074-Z,1,1,1,1,1,1
FREP-311081-J,1,1,1,1,1,1
FREP-311097-J,1,1,1,1,1,1
FREP-311100-J,1,1,1,1,1,1
FREP-311101-G,1,1,1,1,1,1
FREP-311111-G,1,1,1,1,1,1
FREP-311123-Z,1,1,1,1,1,1
FREP-311125-J,1,1,1,1,1,1
FREP-311136-G,1,1,1,1,1,1
FREP-311179-Z,1,1,1,1,1,1
FREP-311193-J,1,1,1,1,1,1
FREP-311196-G,1,1,1,1,1,1
FREP-311196-J,1,1,1,1,1,1
FREP-311198-J,1,1,1,1,1,1
FREP-311203-Z,1,1,1,1,1,1
FREP-311205-G,1,1,1,1,1,1
FREP-311209-Z,1,1,1,1,1,1
FREP-311210-G,1,1,1,1,1,1
FREP-311216-Z,1,1,1,1,1,1
FREP-311223-Z,1,1,1,1,1,1
FREP-311230-Z,1,1,1,1,1,1
FREP-311234-Z,1,1,1,1,1,1
FREP-311237-G,1,1,1,1,1,1
FREP-311242-J,1,1,1,1,1,1
FREP-311245-Z,1,1,1,1,1,1
FREP-311248-Z,1,1,1,1,1,1
FREP-311252-G,1,1,1,1,1,1
FREP-311257-J,1,1,1,1,1,1
FREP-311259-Z,1,1,1,1,1,1
FREP-311272-Z,1,1,1,1,1,1
FREP-311276-J,1,1,1,1,1,1
FREP-311287-J,1,1,1,1,1,1
FREP-311290-J,1,1,1,1,1,1
FREP-311298-Z,1,1,1,1,1,1
FREP-311318-Z,1,1,1,1,1,1
FREP-311320-Z,1,1,1,1,1,1
FREP-311321-Z,1,1,1,1,1,1
FREP-311337-G,1,1,1,1,1,1
FREP-311340-G,1,1,1,1,1,1
FREP-311344-G,1,1,1,1,1,1
FREP-311351-J,1,1,1,1,1,1
FREP-311359-G,1,1,1,1,1,1
FREP-311362-G,1,1,1,1,1,1
FREP-311365-G,1,1,1,1,1,1
FREP-311367-G,1,1,1,1,1,1
FREP-311379-Z,1,1,1,1,1,1
FREP-311387-Z,1,1,1,1,1,1
FREP-311389-J,1,1,1,1,1,1
FREP-311402-G,1,1,1,1,1,1
FREP-311405-J,1,1,1,1,1,1
FREP-311409-J,1,1,1,1,1,1
FREP-311413-Z,1,1,1,1,1,1
FREP-311414-J,1,1,1,1,1,1
FREP-311422-Z,1,1,1,1,1,1
FREP-311424-G,1,1,1,1,1,1
FREP-311428-Z,1,1,1,1,1,1
FREP-311430-G,1,1,1,1,1,1
FREP-311432-G,1,1,1,1,1,1
FREP-311446-Z,1,1,1,1,1,1
FREP-311447-J,1,1,1,1,1,1
FREP-311454-G,1,1,1,1,1,1
FREP-311456-G,1,1,1,1,1,1
FREP-311458-G,1,1,1,1,1,1
FREP-311464-Z,1,1,1,1,1,1
FREP-311475-J,1,1,1,1,1,1
FREP-311482-Z,1,1,1,1,1,1
FREP-311483-G,1,1,1,1,1,1
FREP-311485-Z,1,1,1,1,1,1
FREP-311490-J,1,1,1,1,1,1
FREP-311492-J,1,1,1,1,1,1
FREP-311495-Z,1,1,1,1,1,1
FREP-311496-J,1,1,1,1,1,1
FREP-311498-G,1,1,1,1,1,1
FREP-311503-Z,1,1,1,1,1,1
FREP-311510-Z,1,1,1,1,1,1
FREP-311512-Z,1,1,1,1,1,1
FREP-311513-Z,1,1,1,1,1,1
FREP-311519-Z,1,1,1,1,1,1
FREP-311531-G,1,1,1,1,1,1
FREP-311533-G,1,1,1,1,1,1
FREP-311535-Z,1,1,1,1,1,1
FREP-311560-Z,1,1,1,1,1,1
FREP-311562-G,1,1,1,1,1,1
FREP-311579-G,1,1,1,1,1,1
FREP-311587-G,1,1,1,1,1,1
FREP-311590-G,1,1,1,1,1,1
FREP-311609-G,1,1,1,1,1,1
FREP-311613-G,1,1,1,1,1,1
FREP-311613-J,1,1,1,1,1,1
FREP-311626-J,1,1,1,1,1,1
FREP-311628-G,1,1,1,1,1,1
FREP-311630-J,1,1,1,1,1,1
FREP-311631-G,1,1,1,1,1,1
FREP-311643-J,1,1,1,1,1,1
FREP-311659-G,1,1,1,1,1,1
FREP-311665-G,1,1,1,1,1,1
FREP-311685-J,1,1,1,1,1,1
FREP-311687-J,1,1,1,1,1,1
FREP-311694-G,1,1,1,1,1,1
FREP-311703-J,1,1,1,1,1,1
FREP-311715-Z,1,1,1,1,1,1
FREP-311721-G,1,1,1,1,1,1
FREP-311730-G,1,1,1,1,1,1
FREP-311732-G,1,1,1,1,1,1
FREP-311733-Z,1,1,1,1,1,1
FREP-311736-G,1,1,1,1,1,1
FREP-311738-G,1,1,1,1,1,1
FREP-311740-G,1,1,1,1,1,1
FREP-311751-G,1,1,1,1,1,1
FREP-311753-G,1,1,1,1,1,1
FREP-311757-G,1,1,1,1,1,1
FREP-311764-Z,1,1,1,1,1,1
FREP-311772-Z,1,1,1,1,1,1
FREP-311792-Z,1,1,1,1,1,1
FREP-311798-G,1,1,1,1,1,1
FREP-311803-G,1,1,1,1,1,1
FREP-311807-Z,1,1,1,1,1,1
FREP-311811-Z,1,1,1,1,1,1
FREP-311826-Z,1,1,1,1,1,1
FREP-311832-Z,1,1,1,1,1,1
FREP-311834-G,1,1,1,1,1,1
FREP-311835-G,1,1,1,1,1,1
FREP-311837-G,1,1,1,1,1,1
FREP-311839-G,1,1,1,1,1,1
FREP-311842-G,1,1,1,1,1,1
FREP-311845-J,1,1,1,1,1,1
FREP-311875-Z,1,1,1,1,1,1
FREP-311876-G,1,1,1,1,1,1
FREP-311883-G,1,1,1,1,1,1
FREP-311889-G,1,1,1,1,1,1
FREP-311891-J,1,1,1,1,1,1
FREP-311904-G,1,1,1,1,1,1
FREP-311909-J,1,1,1,1,1,1
FREP-311916-J,1,1,1,1,1,1
FREP-311921-G,1,1,1,1,1,1
FREP-311950-G,1,1,1,1,1,1
FREP-311951-Z,1,1,1,1,1,1
FREP-311956-G,1,1,1,1,1,1
FREP-311961-Z,1,1,1,1,1,1
FREP-311963-J,1,1,1,1,1,1
FREP-311965-J,1,1,1,1,1,1
FREP-311968-J,1,1,1,1,1,1
FREP-311972-G,1,1,1,1,1,1
FREP-311972-Z,1,1,1,1,1,1
FREP-311977-G,1,1,1,1,1,1
FREP-311978-G,1,1,1,1,1,1
FREP-311980-G,1,1,1,1,1,1
FREP-311984-Z,1,1,1,1,1,1
FREP-311989-Z,1,1,1,1,1,1
FREP-311994-G,1,1,1,1,1,1
FREP-311994-J,1,1,1,1,1,1
FREP-311999-Z,1,1,1,1,1,1
FREP-312001-G,1,1,1,1,1,1
FREP-312001-J,1,1,1,1,1,1
FREP-312005-G,1,1,1,1,1,1
FREP-312008-Z,1,1,1,1,1,1
FREP-312014-G,1,1,1,1,1,1
FREP-312019-G,1,1,1,1,1,1
FREP-312021-J,1,1,1,1,1,1
FREP-312027-Z,1,1,1,1,1,1
FREP-312044-Z,1,1,1,1,1,1
FREP-312066-J,1,1,1,1,1,1
FREP-312067-Z,1,1,1,1,1,1
FREP-312084-G,1,1,1,1,1,1
FREP-312094-Z,1,1,1,1,1,1
FREP-312098-Z,1,1,1,1,1,1
FREP-312099-G,1,1,1,1,1,1
FREP-312101-Z,1,1,1,1,1,1
FREP-312115-G,1,1,1,1,1,1
FREP-312117-G,1,1,1,1,1,1
FREP-312119-G,1,1,1,1,1,1
FREP-312120-G,1,1,1,1,1,1
FREP-312122-J,1,1,1,1,1,1
FREP-312124-G,1,1,1,1,1,1
FREP-312134-Z,1,1,1,1,1,1
FREP-312138-G,1,1,1,1,1,1
FREP-312148-G,1,1,1,1,1,1
FREP-312154-G,1,1,1,1,1,1
FREP-312164-G,1,1,1,1,1,1
FREP-312180-Z,1,1,1,1,1,1
FREP-312182-G,1,1,1,1,1,1
FREP-312183-J,1,1,1,1,1,1
FREP-312188-G,1,1,1,1,1,1
FREP-312189-G,1,1,1,1,1,1
FREP-312194-Z,1,1,1,1,1,1
FREP-312197-G,1,1,1,1,1,1
FREP-312198-G,1,1,1,1,1,1
FREP-312202-J,1,1,1,1,1,1
FREP-312212-G,1,1,1,1,1,1
FREP-312217-Z,1,1,1,1,1,1
FREP-312240-G,1,1,1,1,1,1
FREP-312240-J,1,1,1,1,1,1
FREP-312261-G,1,1,1,1,1,1
FREP-312262-G,1,1,1,1,1,1
FREP-312263-J,1,1,1,1,1,1
FREP-312264-G,1,1,1,1,1,1
FREP-312265-Z,1,1,1,1,1,1
FREP-312271-J,1,1,1,1,1,1
FREP-312275-J,1,1,1,1,1,1
FREP-312275-Z,1,1,1,1,1,1
FREP-312280-G,1,1,1,1,1,1
FREP-312287-G,1,1,1,1,1,1
FREP-312289-G,1,1,1,1,1,1
FREP-312304-J,1,1,1,1,1,1
FREP-312307-J,1,1,1,1,1,1
FREP-312308-G,1,1,1,1,1,1
FREP-312313-J,1,1,1,1,1,1
FREP-312314-Z,1,1,1,1,1,1
FREP-312328-J,1,1,1,1,1,1
FREP-312337-G,1,1,1,1,1,1
FREP-312341-G,1,1,1,1,1,1
FREP-312345-J,1,1,1,1,1,1
FREP-312345-Z,1,1,1,1,1,1
FREP-312347-J,1,1,1,1,1,1
FREP-312353-G,1,1,1,1,1,1
FREP-312361-G,1,1,1,1,1,1
FREP-312371-G,1,1,1,1,1,1
FREP-312379-Z,1,1,1,1,1,1
FREP-312397-G,1,1,1,1,1,1
FREP-312402-G,1,1,1,1,1,1
FREP-312404-G,1,1,1,1,1,1
FREP-312406-Z,1,1,1,1,1,1
FREP-312407-G,1,1,1,1,1,1
FREP-312414-G,1,1,1,1,1,1
FREP-312424-Z,1,1,1,1,1,1
FREP-312427-Z,1,1,1,1,1,1
FREP-312428-G,1,1,1,1,1,1
FREP-312445-G,1,1,1,1,1,1
FREP-312447-Z,1,1,1,1,1,1
FREP-312448-J,1,1,1,1,1,1
FREP-312455-Z,1,1,1,1,1,1
FREP-312457-J,1,1,1,1,1,1
FREP-312460-J,1,1,1,1,1,1
FREP-312468-Z,1,1,1,1,1,1
FREP-312471-Z,1,1,1,1,1,1
FREP-312477-Z,1,1,1,1,1,1
FREP-312483-Z,1,1,1,1,1,1
FREP-312492-G,1,1,1,1,1,1
FREP-312493-Z,1,1,1,1,1,1
FREP-312503-G,1,1,1,1,1,1
FREP-312503-Z,1,1,1,1,1,1
FREP-312507-G,1,1,1,1,1,1
FREP-312517-J,1,1,1,1,1,1
FREP-312539-G,1,1,1,1,1,1
FREP-312540-G,1,1,1,1,1,1
FREP-312544-G,1,1,1,1,1,1
FREP-312548-G,1,1,1,1,1,1
FREP-312550-G,1,1,1,1,1,1
FREP-312556-J,1,1,1,1,1,1
FREP-312559-G,1,1,1,1,1,1
FREP-312562-G,1,1,1,1,1,1
FREP-312570-J,1,1,1,1,1,1
FREP-312581-J,1,1,1,1,1,1
FREP-312582-J,1,1,1,1,1,1
FREP-312588-J,1,1,1,1,1,1
FREP-312593-J,1,1,1,1,1,1
FREP-312593-Z,1,1,1,1,1,1
FREP-312594-J,1,1,1,1,1,1
FREP-312615-J,1,1,1,1,1,1
FREP-312627-J,1,1,1,1,1,1
FREP-312637-J,1,1,1,1,1,1
FREP-312639-G,1,1,1,1,1,1
FREP-312641-G,1,1,1,1,1,1
FREP-312647-G,1,1,1,1,1,1
FREP-312649-G,1,1,1,1,1,1
FREP-312654-J,1,1,1,1,1,1
FREP-312658-J,1,1,1,1,1,1
FREP-312660-G,1,1,1,1,1,1
FREP-312663-Z,1,1,1,1,1,1
FREP-312676-G,1,1,1,1,1,1
FREP-312676-Z,1,1,1,1,1,1
FREP-312683-J,1,1,1,1,1,1
FREP-312688-Z,1,1,1,1,1,1
FREP-312689-Z,1,1,1,1,1,1
FREP-312693-J,1,1,1,1,1,1
FREP-312693-Z,1,1,1,1,1,1
FREP-312697-Z,1,1,1,1,1,1
FREP-312708-Z,1,1,1,1,1,1
FREP-312711-J,1,1,1,1,1,1
FREP-312711-Z,1,1,1,1,1,1
FREP-312715-G,1,1,1,1,1,1
FREP-312721-J,1,1,1,1,1,1
FREP-312724-Z,1,1,1,1,1,1
FREP-312738-G,1,1,1,1,1,1
FREP-312738-J,1,1,1,1,1,1
FREP-312740-Z,1,1,1,1,1,1
FREP-312760-G,1,1,1,1,1,1
FREP-312766-G,1,1,1,1,1,1
FREP-312775-G,1,1,1,1,1,1
FREP-312788-J,1,1,1,1,1,1
FREP-312791-J,1,1,1,1,1,1
FREP-312793-G,1,1,1,1,1,1
FREP-312794-J,1,1,1,1,1,1
FREP-312797-G,1,1,1,1,1,1
FREP-312801-Z,1,1,1,1,1,1
FREP-312805-G,1,1,1,1,1,1
FREP-312807-Z,1,1,1,1,1,1
FREP-312812-J,1,1,1,1,1,1
FREP-312837-G,1,1,1,1,1,1
FREP-312842-G,1,1,1,1,1,1
FREP-312857-Z,1,1,1,1,1,1
FREP-312862-G,1,1,1,1,1,1
FREP-312864-Z,1,1,1,1,1,1
FREP-312867-Z,1,1,1,1,1,1
FREP-312870-G,1,1,1,1,1,1
FREP-312871-G,1,1,1,1,1,1
FREP-312878-Z,1,1,1,1,1,1
FREP-312887-G,1,1,1,1,1,1
FREP-312892-G,1,1,1,1,1,1
FREP-312896-Z,1,1,1,1,1,1
FREP-312901-J,1,1,1,1,1,1
FREP-312903-Z,1,1,1,1,1,1
FREP-312908-G,1,1,1,1,1,1
FREP-312909-Z,1,1,1,1,1,1
FREP-312912-Z,1,1,1,1,1,1
FREP-312967-G,1,1,1,1,1,1
FREP-312976-J,1,1,1,1,1,1
FREP-312983-G,1,1,1,1,1,1
FREP-312990-Z,1,1,1,1,1,1
FREP-313039-G,1,1,1,1,1,1
FREP-313052-Z,1,1,1,1,1,1
FREP-313062-G,1,1,1,1,1,1
FREP-313065-J,1,1,1,1,1,1
FREP-313069-Z,1,1,1,1,1,1
FREP-313071-G,1,1,1,1,1,1
FREP-313073-J,1,1,1,1,1,1
FREP-313108-G,1,1,1,1,1,1
FREP-313113-G,1,1,1,1,1,1
FREP-313114-G,1,1,1,1,1,1
FREP-313117-G,1,1,1,1,1,1
FREP-313127-Z,1,1,1,1,1,1
FREP-313128-Z,1,1,1,1,1,1
FREP-313133-Z,1,1,1,1,1,1
FREP-313135-G,1,1,1,1,1,1
FREP-313136-G,1,1,1,1,1,1
FREP-313138-G,1,1,1,1,1,1
FREP-313153-G,1,1,1,1,1,1
FREP-313157-G,1,1,1,1,1,1
FREP-313159-Z,1,1,1,1,1,1
FREP-313161-J,1,1,1,1,1,1
FREP-313170-J,1,1,1,1,1,1
FREP-313183-Z,1,1,1,1,1,1
FREP-313192-G,1,1,1,1,1,1
FREP-313198-J,1,1,1,1,1,1
FREP-313214-G,1,1,1,1,1,1
FREP-313216-J,1,1,1,1,1,1
FREP-313240-J,1,1,1,1,1,1
FREP-313245-G,1,1,1,1,1,1
FREP-313246-G,1,1,1,1,1,1
FREP-313251-J,1,1,1,1,1,1
FREP-313254-G,1,1,1,1,1,1
FREP-313257-Z,1,1,1,1,1,1
FREP-313264-Z,1,1,1,1,1,1
FREP-313265-G,1,1,1,1,1,1
FREP-313268-G,1,1,1,1,1,1
FREP-313270-G,1,1,1,1,1,1
FREP-313273-J,1,1,1,1,1,1
FREP-313274-J,1,1,1,1,1,1
FREP-313278-Z,1,1,1,1,1,1
FREP-313287-G,1,1,1,1,1,1
FREP-313296-Z,1,1,1,1,1,1
FREP-313301-Z,1,1,1,1,1,1
FREP-313318-Z,1,1,1,1,1,1
FREP-313323-Z,1,1,1,1,1,1
FREP-313343-Z,1,1,1,1,1,1
FREP-313346-J,1,1,1,1,1,1
FREP-313353-Z,1,1,1,1,1,1
FREP-313367-J,1,1,1,1,1,1
FREP-313375-Z,1,1,1,1,1,1
FREP-313377-J,1,1,1,1,1,1
FREP-313379-G,1,1,1,1,1,1
FREP-313388-J,1,1,1,1,1,1
FREP-313395-Z,1,1,1,1,1,1
FREP-313410-J,1,1,1,1,1,1
FREP-313421-Z,1,1,1,1,1,1
FREP-313426-G,1,1,1,1,1,1
FREP-313428-Z,1,1,1,1,1,1
FREP-313429-G,1,1,1,1,1,1
FREP-313430-Z,1,1,1,1,1,1
FREP-313435-J,1,1,1,1,1,1
FREP-313435-Z,1,1,1,1,1,1
FREP-313439-Z,1,1,1,1,1,1
FREP-313443-Z,1,1,1,1,1,1
FREP-313448-Z,1,1,1,1,1,1
FREP-313450-G,1,1,1,1,1,1
FREP-313453-Z,1,1,1,1,1,1
FREP-313461-J,1,1,1,1,1,1
FREP-313473-J,1,1,1,1,1,1
FREP-313476-Z,1,1,1,1,1,1
FREP-313484-Z,1,1,1,1,1,1
FREP-313494-G,1,1,1,1,1,1
FREP-313499-Z,1,1,1,1,1,1
FREP-313527-J,1,1,1,1,1,1
FREP-313532-J,1,1,1,1,1,1
FREP-313540-J,1,1,1,1,1,1
FREP-313544-G,1,1,1,1,1,1
FREP-313544-J,1,1,1,1,1,1
FREP-313544-Z,1,1,1,1,1,1
FREP-313550-G,1,1,1,1,1,1
FREP-313558-G,1,1,1,1,1,1
FREP-313559-G,1,1,1,1,1,1
FREP-313562-G,1,1,1,1,1,1
FREP-313562-J,1,1,1,1,1,1
FREP-313566-G,1,1,1,1,1,1
FREP-313597-J,1,1,1,1,1,1
FREP-313600-G,1,1,1,1,1,1
FREP-313604-G,1,1,1,1,1,1
FREP-313611-Z,1,1,1,1,1,1
FREP-313636-G,1,1,1,1,1,1
FREP-313639-J,1,1,1,1,1,1
FREP-313640-J,1,1,1,1,1,1
FREP-313647-J,1,1,1,1,1,1
FREP-313658-G,1,1,1,1,1,1
FREP-313681-G,1,1,1,1,1,1
FREP-313682-G,1,1,1,1,1,1
FREP-313700-Z,1,1,1,1,1,1
FREP-313703-G,1,1,1,1,1,1
FREP-313709-J,1,1,1,1,1,1
FREP-313715-J,1,1,1,1,1,1
FREP-313715-Z,1,1,1,1,1,1
FREP-313720-J,1,1,1,1,1,1
FREP-313723-Z,1,1,1,1,1,1
FREP-313726-J,1,1,1,1,1,1
FREP-313727-G,1,1,1,1,1,1
FREP-313732-G,1,1,1,1,1,1
FREP-313732-Z,1,1,1,1,1,1
FREP-313733-G,1,1,1,1,1,1
FREP-313739-G,1,1,1,1,1,1
FREP-313740-G,1,1,1,1,1,1
FREP-313741-G,1,1,1,1,1,1
FREP-313743-Z,1,1,1,1,1,1
FREP-313755-G,1,1,1,1,1,1
FREP-313758-J,1,1,1,1,1,1
FREP-313765-G,1,1,1,1,1,1
FREP-313773-Z,1,1,1,1,1,1
FREP-313785-J,1,1,1,1,1,1
FREP-313791-J,1,1,1,1,1,1
FREP-313809-G,1,1,1,1,1,1
FREP-313812-G,1,1,1,1,1,1
FREP-313835-G,1,1,1,1,1,1
FREP-313849-G,1,1,1,1,1,1
FREP-313850-G,1,1,1,1,1,1
FREP-313862-J,1,1,1,1,1,1
FREP-313883-G,1,1,1,1,1,1
FREP-313888-Z,1,1,1,1,1,1
FREP-313896-G,1,1,1,1,1,1
FREP-313925-G,1,1,1,1,1,1
FREP-313938-Z,1,1,1,1,1,1
FREP-313939-Z,1,1,1,1,1,1
FREP-313942-J,1,1,1,1,1,1
FREP-313942-Z,1,1,1,1,1,1
FREP-313948-J,1,1,1,1,1,1
FREP-313950-Z,1,1,1,1,1,1
FREP-313958-J,1,1,1,1,1,1
FREP-313981-Z,1,1,1,1,1,1
FREP-313987-Z,1,1,1,1,1,1
FREP-313998-G,1,1,1,1,1,1
FREP-314003-Z,1,1,1,1,1,1
FREP-314020-J,1,1,1,1,1,1
FREP-314034-J,1,1,1,1,1,1
FREP-314039-G,1,1,1,1,1,1
FREP-314041-G,1,1,1,1,1,1
FREP-314052-G,1,1,1,1,1,1
FREP-314070-G,1,1,1,1,1,1
FREP-314071-J,1,1,1,1,1,1
FREP-314084-Z,1,1,1,1,1,1
FREP-314088-J,1,1,1,1,1,1
FREP-314093-G,1,1,1,1,1,1
FREP-314096-G,1,1,1,1,1,1
FREP-314106-Z,1,1,1,1,1,1
FREP-314110-G,1,1,1,1,1,1
FREP-314121-G,1,1,1,1,1,1
FREP-314123-J,1,1,1,1,1,1
FREP-314133-G,1,1,1,1,1,1
FREP-314137-Z,1,1,1,1,1,1
FREP-314138-Z,1,1,1,1,1,1
FREP-314152-J,1,1,1,1,1,1
FREP-314155-Z,1,1,1,1,1,1
FREP-314156-G,1,1,1,1,1,1
FREP-314166-J,1,1,1,1,1,1
FREP-314171-J,1,1,1,1,1,1
FREP-314182-Z,1,1,1,1,1,1
FREP-314193-J,1,1,1,1,1,1
FREP-314199-J,1,1,1,1,1,1
FREP-314201-Z,1,1,1,1,1,1
FREP-314218-J,1,1,1,1,1,1
FREP-314233-J,1,1,1,1,1,1
FREP-314239-G,1,1,1,1,1,1
FREP-314246-G,1,1,1,1,1,1
FREP-314255-G,1,1,1,1,1,1
FREP-314265-G,1,1,1,1,1,1
FREP-314266-Z,1,1,1,1,1,1
FREP-314292-G,1,1,1,1,1,1
FREP-314293-Z,1,1,1,1,1,1
FREP-314297-J,1,1,1,1,1,1
FREP-314312-Z,1,1,1,1,1,1
FREP-314313-G,1,1,1,1,1,1
FREP-314342-G,1,1,1,1,1,1
FREP-314343-Z,1,1,1,1,1,1
FREP-314360-J,1,1,1,1,1,1
FREP-314371-J,1,1,1,1,1,1
FREP-314371-Z,1,1,1,1,1,1
FREP-314372-G,1,1,1,1,1,1
FREP-314381-G,1,1,1,1,1,1
FREP-314381-J,1,1,1,1,1,1
FREP-314383-G,1,1,1,1,1,1
FREP-314387-G,1,1,1,1,1,1
FREP-314388-Z,1,1,1,1,1,1
FREP-314392-G,1,1,1,1,1,1
FREP-314405-G,1,1,1,1,1,1
FREP-314414-Z,1,1,1,1,1,1
FREP-314416-G,1,1,1,1,1,1
FREP-314419-G,1,1,1,1,1,1
FREP-314421-G,1,1,1,1,1,1
FREP-314458-G,1,1,1,1,1,1
FREP-314466-Z,1,1,1,1,1,1
FREP-314468-G,1,1,1,1,1,1
FREP-314471-G,1,1,1,1,1,1
FREP-314481-G,1,1,1,1,1,1
FREP-314483-Z,1,1,1,1,1,1
FREP-314490-Z,1,1,1,1,1,1
FREP-314492-G,1,1,1,1,1,1
FREP-314497-G,1,1,1,1,1,1
FREP-314499-G,1,1,1,1,1,1
FREP-314499-Z,1,1,1,1,1,1
FREP-314505-G,1,1,1,1,1,1
FREP-314506-Z,1,1,1,1,1,1
FREP-314517-G,1,1,1,1,1,1
FREP-314518-G,1,1,1,1,1,1
FREP-314521-J,1,1,1,1,1,1
FREP-314525-J,1,1,1,1,1,1
FREP-314531-Z,1,1,1,1,1,1
FREP-314535-J,1,1,1,1,1,1
FREP-314540-G,1,1,1,1,1,1
FREP-314544-J,1,1,1,1,1,1
FREP-314547-G,1,1,1,1,1,1
FREP-314548-Z,1,1,1,1,1,1
FREP-314555-Z,1,1,1,1,1,1
FREP-314562-Z,1,1,1,1,1,1
FREP-314565-G,1,1,1,1,1,1
FREP-314567-G,1,1,1,1,1,1
FREP-314576-Z,1,1,1,1,1,1
FREP-314582-Z,1,1,1,1,1,1
FREP-314589-J,1,1,1,1,1,1
FREP-314589-Z,1,1,1,1,1,1
FREP-314590-Z,1,1,1,1,1,1
FREP-314606-Z,1,1,1,1,1,1
FREP-314607-G,1,1,1,1,1,1
FREP-314612-Z,1,1,1,1,1,1
FREP-314613-J,1,1,1,1,1,1
FREP-314620-Z,1,1,1,1,1,1
FREP-314621-J,1,1,1,1,1,1
FREP-314640-G,1,1,1,1,1,1
FREP-314641-G,1,1,1,1,1,1
FREP-314646-Z,1,1,1,1,1,1
FREP-314652-G,1,1,1,1,1,1
FREP-314656-Z,1,1,1,1,1,1
FREP-314660-Z,1,1,1,1,1,1
FREP-314676-G,1,1,1,1,1,1
FREP-314677-G,1,1,1,1,1,1
FREP-314682-G,1,1,1,1,1,1
FREP-314682-Z,1,1,1,1,1,1
FREP-314687-G,1,1,1,1,1,1
FREP-314693-G,1,1,1,1,1,1
FREP-314693-Z,1,1,1,1,1,1
FREP-314707-Z,1,1,1,1,1,1
FREP-314719-J,1,1,1,1,1,1
FREP-314721-J,1,1,1,1,1,1
FREP-314725-J,1,1,1,1,1,1
FREP-314727-J,1,1,1,1,1,1
FREP-314731-Z,1,1,1,1,1,1
FREP-314738-J,1,1,1,1,1,1
FREP-314742-Z,1,1,1,1,1,1
FREP-314743-J,1,1,1,1,1,1
FREP-314751-J,1,1,1,1,1,1
FREP-314752-J,1,1,1,1,1,1
FREP-314756-Z,1,1,1,1,1,1
FREP-314758-Z,1,1,1,1,1,1
FREP-314767-G,1,1,1,1,1,1
FREP-314768-G,1,1,1,1,1,1
FREP-314769-Z,1,1,1,1,1,1
FREP-314782-Z,1,1,1,1,1,1
FREP-314783-J,1,1,1,1,1,1
FREP-314783-Z,1,1,1,1,1,1
FREP-314785-Z,1,1,1,1,1,1
FREP-314793-Z,1,1,1,1,1,1
FREP-314794-J,1,1,1,1,1,1
FREP-314794-Z,1,1,1,1,1,1
FREP-314797-G,1,1,1,1,1,1
FREP-314797-J,1,1,1,1,1,1
FREP-314798-J,1,1,1,1,1,1
FREP-314801-J,1,1,1,1,1,1
FREP-314805-Z,1,1,1,1,1,1
FREP-314806-Z,1,1,1,1,1,1
FREP-314812-G,1,1,1,1,1,1
FREP-314812-Z,1,1,1,1,1,1
FREP-314818-Z,1,1,1,1,1,1
FREP-314820-Z,1,1,1,1,1,1
FREP-314822-J,1,1,1,1,1,1
FREP-314822-Z,1,1,1,1,1,1
FREP-314857-G,1,1,1,1,1,1
FREP-314858-G,1,1,1,1,1,1
FREP-314858-Z,1,1,1,1,1,1
FREP-314864-J,1,1,1,1,1,1
FREP-314867-G,1,1,1,1,1,1
FREP-314881-J,1,1,1,1,1,1
FREP-314890-G,1,1,1,1,1,1
FREP-314892-J,1,1,1,1,1,1
FREP-314896-Z,1,1,1,1,1,1
FREP-314906-J,1,1,1,1,1,1
FREP-314918-J,1,1,1,1,1,1
FREP-314927-G,1,1,1,1,1,1
FREP-314931-Z,1,1,1,1,1,1
FREP-314933-G,1,1,1,1,1,1
FREP-314941-Z,1,1,1,1,1,1
FREP-314956-J,1,1,1,1,1,1
FREP-314961-Z,1,1,1,1,1,1
FREP-314962-G,1,1,1,1,1,1
FREP-314971-G,1,1,1,1,1,1
FREP-314979-G,1,1,1,1,1,1
FREP-314986-Z,1,1,1,1,1,1
FREP-314987-Z,1,1,1,1,1,1
FREP-314990-Z,1,1,1,1,1,1
FREP-314995-G,1,1,1,1,1,1
FREP-314996-Z,1,1,1,1,1,1
FREP-315010-G,1,1,1,1,1,1
FREP-315013-G,1,1,1,1,1,1
FREP-315022-G,1,1,1,1,1,1
FREP-315023-G,1,1,1,1,1,1
FREP-315029-Z,1,1,1,1,1,1
FREP-315031-G,1,1,1,1,1,1
FREP-315033-G,1,1,1,1,1,1
FREP-315036-G,1,1,1,1,1,1
FREP-315039-G,1,1,1,1,1,1
FREP-315040-J,1,1,1,1,1,1
FREP-315041-Z,1,1,1,1,1,1
FREP-315043-Z,1,1,1,1,1,1
FREP-315045-Z,1,1,1,1,1,1
FREP-315050-J,1,1,1,1,1,1
FREP-315051-Z,1,1,1,1,1,1
FREP-315055-G,1,1,1,1,1,1
FREP-315073-G,1,1,1,1,1,1
FREP-315080-J,1,1,1,1,1,1
FREP-315081-G,1,1,1,1,1,1
FREP-315081-Z,1,1,1,1,1,1
FREP-315082-G,1,1,1,1,1,1
FREP-315093-Z,1,1,1,1,1,1
FREP-315097-G,1,1,1,1,1,1
FREP-315102-Z,1,1,1,1,1,1
FREP-315105-J,1,1,1,1,1,1
FREP-315109-G,1,1,1,1,1,1
FREP-315109-Z,1,1,1,1,1,1
FREP-315110-J,1,1,1,1,1,1
FREP-315116-Z,1,1,1,1,1,1
FREP-315120-G,1,1,1,1,1,1
FREP-315121-Z,1,1,1,1,1,1
FREP-315124-Z,1,1,1,1,1,1
FREP-315127-G,1,1,1,1,1,1
FREP-315130-Z,1,1,1,1,1,1
FREP-315133-G,1,1,1,1,1,1
FREP-315135-G,1,1,1,1,1,1
FREP-315138-J,1,1,1,1,1,1
FREP-315154-Z,1,1,1,1,1,1
FREP-315155-J,1,1,1,1,1,1
FREP-315160-J,1,1,1,1,1,1
FREP-315162-J,1,1,1,1,1,1
FREP-315175-G,1,1,1,1,1,1
FREP-315179-G,1,1,1,1,1,1
FREP-315179-Z,1,1,1,1,1,1
FREP-315183-G,1,1,1,1,1,1
FREP-315190-G,1,1,1,1,1,1
FREP-315198-G,1,1,1,1,1,1
FREP-315200-G,1,1,1,1,1,1
FREP-315211-G,1,1,1,1,1,1
FREP-315254-G,1,1,1,1,1,1
FREP-315254-J,1,1,1,1,1,1
FREP-315259-J,1,1,1,1,1,1
FREP-315270-J,1,1,1,1,1,1
FREP-315270-Z,1,1,1,1,1,1
FREP-315271-Z,1,1,1,1,1,1
FREP-315276-J,1,1,1,1,1,1
FREP-315304-G,1,1,1,1,1,1
FREP-315313-Z,1,1,1,1,1,1
FREP-315315-G,1,1,1,1,1,1
FREP-315319-Z,1,1,1,1,1,1
FREP-315325-G,1,1,1,1,1,1
FREP-315327-Z,1,1,1,1,1,1
FREP-315329-G,1,1,1,1,1,1
FREP-315330-J,1,1,1,1,1,1
FREP-315333-Z,1,1,1,1,1,1
FREP-315334-Z,1,1,1,1,1,1
FREP-315337-Z,1,1,1,1,1,1
FREP-315339-Z,1,1,1,1,1,1
FREP-315340-J,1,1,1,1,1,1
FREP-315341-J,1,1,1,1,1,1
FREP-315341-Z,1,1,1,1,1,1
FREP-315345-J,1,1,1,1,1,1
FREP-315348-J,1,1,1,1,1,1
FREP-315351-G,1,1,1,1,1,1
FREP-315351-Z,1,1,1,1,1,1
FREP-315352-J,1,1,1,1,1,1
FREP-315358-J,1,1,1,1,1,1
FREP-315360-G,1,1,1,1,1,1
FREP-315402-J,1,1,1,1,1,1
FREP-315404-G,1,1,1,1,1,1
FREP-315408-G,1,1,1,1,1,1
FREP-315413-G,1,1,1,1,1,1
FREP-315414-G,1,1,1,1,1,1
FREP-315419-J,1,1,1,1,1,1
FREP-315423-G,1,1,1,1,1,1
FREP-315429-G,1,1,1,1,1,1
FREP-315438-J,1,1,1,1,1,1
FREP-315447-J,1,1,1,1,1,1
FREP-315458-G,1,1,1,1,1,1
FREP-315467-G,1,1,1,1,1,1
FREP-315469-G,1,1,1,1,1,1
FREP-315471-G,1,1,1,1,1,1
FREP-315472-G,1,1,1,1,1,1
FREP-315476-G,1,1,1,1,1,1
FREP-315500-Z,1,1,1,1,1,1
FREP-315511-G,1,1,1,1,1,1
FREP-315518-Z,1,1,1,1,1,1
FREP-315523-G,1,1,1,1,1,1
FREP-315530-Z,1,1,1,1,1,1
FREP-315532-Z,1,1,1,1,1,1
FREP-315533-G,1,1,1,1,1,1
FREP-315533-J,1,1,1,1,1,1
FREP-315537-G,1,1,1,1,1,1
FREP-315540-Z,1,1,1,1,1,1
FREP-315544-Z,1,1,1,1,1,1
FREP-315552-J,1,1,1,1,1,1
FREP-315553-Z,1,1,1,1,1,1
FREP-315555-J,1,1,1,1,1,1
FREP-315556-Z,1,1,1,1,1,1
FREP-315559-Z,1,1,1,1,1,1
FREP-315569-J,1,1,1,1,1,1
FREP-315574-Z,1,1,1,1,1,1
FREP-315578-Z,1,1,1,1,1,1
FREP-315584-Z,1,1,1,1,1,1
FREP-315585-Z,1,1,1,1,1,1
FREP-315586-J,1,1,1,1,1,1
FREP-315589-Z,1,1,1,1,1,1
FREP-315591-Z,1,1,1,1,1,1
FREP-315593-G,1,1,1,1,1,1
FREP-315595-J,1,1,1,1,1,1
FREP-315618-Z,1,1,1,1,1,1
FREP-315638-J,1,1,1,1,1,1
FREP-315653-J,1,1,1,1,1,1
FREP-315656-G,1,1,1,1,1,1
FREP-315659-G,1,1,1,1,1,1
FREP-315663-Z,1,1,1,1,1,1
FREP-315666-J,1,1,1,1,1,1
FREP-315667-J,1,1,1,1,1,1
FREP-315673-Z,1,1,1,1,1,1
FREP-315681-G,1,1,1,1,1,1
FREP-315687-G,1,1,1,1,1,1
FREP-315692-J,1,1,1,1,1,1
FREP-315693-G,1,1,1,1,1,1
FREP-315708-Z,1,1,1,1,1,1
FREP-315733-J,1,1,1,1,1,1
FREP-315749-G,1,1,1,1,1,1
FREP-315751-J,1,1,1,1,1,1
FREP-315761-G,1,1,1,1,1,1
FREP-315765-Z,1,1,1,1,1,1
FREP-315778-G,1,1,1,1,1,1
FREP-315779-G,1,1,1,1,1,1
FREP-315780-Z,1,1,1,1,1,1
FREP-315784-G,1,1,1,1,1,1
FREP-315784-J,1,1,1,1,1,1
FREP-315788-G,1,1,1,1,1,1
FREP-315790-Z,1,1,1,1,1,1
FREP-315792-Z,1,1,1,1,1,1
FREP-315794-Z,1,1,1,1,1,1
FREP-315795-Z,1,1,1,1,1,1
FREP-315799-G,1,1,1,1,1,1
FREP-315799-Z,1,1,1,1,1,1
FREP-315806-G,1,1,1,1,1,1
FREP-315810-G,1,1,1,1,1,1
FREP-315815-G,1,1,1,1,1,1
FREP-315815-Z,1,1,1,1,1,1
FREP-315826-J,1,1,1,1,1,1
FREP-315832-G,1,1,1,1,1,1
FREP-315836-Z,1,1,1,1,1,1
FREP-315837-G,1,1,1,1,1,1
FREP-315839-G,1,1,1,1,1,1
FREP-315844-G,1,1,1,1,1,1
FREP-315847-Z,1,1,1,1,1,1
FREP-315849-G,1,1,1,1,1,1
FREP-315851-G,1,1,1,1,1,1
FREP-315858-G,1,1,1,1,1,1
FREP-315864-J,1,1,1,1,1,1
FREP-315870-G,1,1,1,1,1,1
FREP-315877-G,1,1,1,1,1,1
FREP-315898-Z,1,1,1,1,1,1
FREP-315920-J,1,1,1,1,1,1
FREP-315928-G,1,1,1,1,1,1
FREP-315942-J,1,1,1,1,1,1
FREP-315945-Z,1,1,1,1,1,1
FREP-315946-J,1,1,1,1,1,1
FREP-315946-Z,1,1,1,1,1,1
FREP-315953-Z,1,1,1,1,1,1
FREP-315970-Z,1,1,1,1,1,1
FREP-315975-Z,1,1,1,1,1,1
FREP-315983-J,1,1,1,1,1,1
FREP-315988-G,1,1,1,1,1,1
FREP-315988-Z,1,1,1,1,1,1
FREP-315994-G,1,1,1,1,1,1
FREP-315999-Z,1,1,1,1,1,1
FREP-316002-G,1,1,1,1,1,1
FREP-316005-Z,1,1,1,1,1,1
FREP-316011-G,1,1,1,1,1,1
FREP-316018-G,1,1,1,1,1,1
FREP-316019-J,1,1,1,1,1,1
FREP-316028-J,1,1,1,1,1,1
FREP-316033-J,1,1,1,1,1,1
FREP-316035-J,1,1,1,1,1,1
FREP-316042-J,1,1,1,1,1,1
FREP-316055-Z,1,1,1,1,1,1
FREP-316059-G,1,1,1,1,1,1
FREP-316069-J,1,1,1,1,1,1
FREP-316069-Z,1,1,1,1,1,1
FREP-316088-G,1,1,1,1,1,1
FREP-316089-Z,1,1,1,1,1,1
FREP-316099-J,1,1,1,1,1,1
FREP-316113-G,1,1,1,1,1,1
FREP-316118-G,1,1,1,1,1,1
FREP-316118-Z,1,1,1,1,1,1
FREP-316124-G,1,1,1,1,1,1
FREP-316130-Z,1,1,1,1,1,1
FREP-316133-G,1,1,1,1,1,1
FREP-316140-Z,1,1,1,1,1,1
FREP-316141-G,1,1,1,1,1,1
FREP-316143-Z,1,1,1,1,1,1
FREP-316144-G,1,1,1,1,1,1
FREP-316151-Z,1,1,1,1,1,1
FREP-316153-J,1,1,1,1,1,1
FREP-316159-J,1,1,1,1,1,1
FREP-316161-J,1,1,1,1,1,1
FREP-316169-Z,1,1,1,1,1,1
FREP-316177-G,1,1,1,1,1,1
FREP-316184-Z,1,1,1,1,1,1
FREP-316185-Z,1,1,1,1,1,1
FREP-316188-Z,1,1,1,1,1,1
FREP-316196-Z,1,1,1,1,1,1
FREP-316197-Z,1,1,1,1,1,1
FREP-316200-J,1,1,1,1,1,1
FREP-316202-Z,1,1,1,1,1,1
FREP-316203-G,1,1,1,1,1,1
FREP-316204-G,1,1,1,1,1,1
FREP-316214-G,1,1,1,1,1,1
FREP-316219-J,1,1,1,1,1,1
FREP-316220-J,1,1,1,1,1,1
FREP-316226-G,1,1,1,1,1,1
FREP-316226-Z,1,1,1,1,1,1
FREP-316246-G,1,1,1,1,1,1
FREP-316256-J,1,1,1,1,1,1
FREP-316259-G,1,1,1,1,1,1
FREP-316269-J,1,1,1,1,1,1
FREP-316273-J,1,1,1,1,1,1
FREP-316275-J,1,1,1,1,1,1
FREP-316278-Z,1,1,1,1,1,1
FREP-316279-J,1,1,1,1,1,1
FREP-316279-Z,1,1,1,1,1,1
FREP-316282-G,1,1,1,1,1,1
FREP-316283-J,1,1,1,1,1,1
FREP-316289-J,1,1,1,1,1,1
FREP-316295-Z,1,1,1,1,1,1
FREP-316305-Z,1,1,1,1,1,1
FREP-316306-J,1,1,1,1,1,1
FREP-316315-Z,1,1,1,1,1,1
FREP-316328-G,1,1,1,1,1,1
FREP-316328-Z,1,1,1,1,1,1
FREP-316331-Z,1,1,1,1,1,1
FREP-316332-Z,1,1,1,1,1,1
FREP-316333-Z,1,1,1,1,1,1
FREP-316344-Z,1,1,1,1,1,1
FREP-316349-G,1,1,1,1,1,1
FREP-316354-Z,1,1,1,1,1,1
FREP-316356-G,1,1,1,1,1,1
FREP-316357-G,1,1,1,1,1,1
FREP-316360-Z,1,1,1,1,1,1
FREP-316373-G,1,1,1,1,1,1
FREP-316375-J,1,1,1,1,1,1
FREP-316398-Z,1,1,1,1,1,1
FREP-316404-G,1,1,1,1,1,1
FREP-316407-J,1,1,1,1,1,1
FREP-316408-J,1,1,1,1,1,1
FREP-316409-G,1,1,1,1,1,1
FREP-316416-Z,1,1,1,1,1,1
FREP-316417-G,1,1,1,1,1,1
FREP-316418-Z,1,1,1,1,1,1
FREP-316419-Z,1,1,1,1,1,1
FREP-316424-Z,1,1,1,1,1,1
FREP-316425-Z,1,1,1,1,1,1
FREP-316428-Z,1,1,1,1,1,1
FREP-316431-Z,1,1,1,1,1,1
FREP-316437-G,1,1,1,1,1,1
FREP-316437-J,1,1,1,1,1,1
FREP-316442-Z,1,1,1,1,1,1
FREP-316457-Z,1,1,1,1,1,1
FREP-316460-G,1,1,1,1,1,1
FREP-316461-G,1,1,1,1,1,1
FREP-316465-G,1,1,1,1,1,1
FREP-316472-G,1,1,1,1,1,1
FREP-316479-G,1,1,1,1,1,1
FREP-316481-Z,1,1,1,1,1,1
FREP-316483-Z,1,1,1,1,1,1
FREP-316485-Z,1,1,1,1,1,1
FREP-316487-J,1,1,1,1,1,1
FREP-316495-Z,1,1,1,1,1,1
FREP-316508-G,1,1,1,1,1,1
FREP-316509-G,1,1,1,1,1,1
FREP-316510-J,1,1,1,1,1,1
FREP-316511-Z,1,1,1,1,1,1
FREP-316513-Z,1,1,1,1,1,1
FREP-316517-J,1,1,1,1,1,1
FREP-316519-G,1,1,1,1,1,1
FREP-316526-G,1,1,1,1,1,1
FREP-316534-G,1,1,1,1,1,1
FREP-316538-Z,1,1,1,1,1,1
FREP-316541-Z,1,1,1,1,1,1
FREP-316547-G,1,1,1,1,1,1
FREP-316548-G,1,1,1,1,1,1
FREP-316549-G,1,1,1,1,1,1
FREP-316556-G,1,1,1,1,1,1
FREP-316558-G,1,1,1,1,1,1
FREP-316559-Z,1,1,1,1,1,1
FREP-316560-G,1,1,1,1,1,1
FREP-316564-J,1,1,1,1,1,1
FREP-316573-J,1,1,1,1,1,1
FREP-316577-Z,1,1,1,1,1,1
FREP-316584-Z,1,1,1,1,1,1
FREP-316585-J,1,1,1,1,1,1
FREP-316599-G,1,1,1,1,1,1
FREP-316612-Z,1,1,1,1,1,1
FREP-316615-Z,1,1,1,1,1,1
FREP-316634-Z,1,1,1,1,1,1
FREP-316637-J,1,1,1,1,1,1
FREP-316640-J,1,1,1,1,1,1
FREP-316641-Z,1,1,1,1,1,1
FREP-316643-Z,1,1,1,1,1,1
FREP-316650-G,1,1,1,1,1,1
FREP-316652-Z,1,1,1,1,1,1
FREP-316653-Z,1,1,1,1,1,1
FREP-316657-G,1,1,1,1,1,1
FREP-316672-G,1,1,1,1,1,1
FREP-316678-Z,1,1,1,1,1,1
FREP-316687-Z,1,1,1,1,1,1
FREP-316689-G,1,1,1,1,1,1
FREP-316701-Z,1,1,1,1,1,1
FREP-316703-Z,1,1,1,1,1,1
FREP-316724-Z,1,1,1,1,1,1
FREP-316728-J,1,1,1,1,1,1
FREP-316730-Z,1,1,1,1,1,1
FREP-316733-G,1,1,1,1,1,1
FREP-316734-Z,1,1,1,1,1,1
FREP-316762-Z,1,1,1,1,1,1
FREP-316763-Z,1,1,1,1,1,1
FREP-316766-J,1,1,1,1,1,1
FREP-316778-J,1,1,1,1,1,1
FREP-316779-Z,1,1,1,1,1,1
FREP-316780-J,1,1,1,1,1,1
FREP-316790-G,1,1,1,1,1,1
FREP-316794-G,1,1,1,1,1,1
FREP-316796-G,1,1,1,1,1,1
FREP-316800-Z,1,1,1,1,1,1
FREP-316813-Z,1,1,1,1,1,1
FREP-316818-Z,1,1,1,1,1,1
FREP-316819-G,1,1,1,1,1,1
FREP-316819-Z,1,1,1,1,1,1
FREP-316823-Z,1,1,1,1,1,1
FREP-316824-Z,1,1,1,1,1,1
FREP-316831-Z,1,1,1,1,1,1
FREP-316832-Z,1,1,1,1,1,1
FREP-316837-Z,1,1,1,1,1,1
FREP-316838-Z,1,1,1,1,1,1
FREP-316844-Z,1,1,1,1,1,1
FREP-316847-Z,1,1,1,1,1,1
FREP-316848-J,1,1,1,1,1,1
FREP-316852-Z,1,1,1,1,1,1
FREP-316854-Z,1,1,1,1,1,1
FREP-316855-Z,1,1,1,1,1,1
FREP-316856-Z,1,1,1,1,1,1
FREP-316858-Z,1,1,1,1,1,1
FREP-316866-Z,1,1,1,1,1,1
FREP-316871-G,1,1,1,1,1,1
FREP-316876-J,1,1,1,1,1,1
FREP-316877-J,1,1,1,1,1,1
FREP-316877-Z,1,1,1,1,1,1
FREP-316883-J,1,1,1,1,1,1
FREP-316883-Z,1,1,1,1,1,1
FREP-316886-G,1,1,1,1,1,1
FREP-316888-Z,1,1,1,1,1,1
FREP-316890-Z,1,1,1,1,1,1
FREP-316892-Z,1,1,1,1,1,1
FREP-316894-G,1,1,1,1,1,1
FREP-316895-G,1,1,1,1,1,1
FREP-316896-J,1,1,1,1,1,1
FREP-316900-Z,1,1,1,1,1,1
FREP-316904-Z,1,1,1,1,1,1
FREP-316907-Z,1,1,1,1,1,1
FREP-316917-G,1,1,1,1,1,1
FREP-316920-G,1,1,1,1,1,1
FREP-316925-Z,1,1,1,1,1,1
FREP-316931-J,1,1,1,1,1,1
FREP-316948-Z,1,1,1,1,1,1
FREP-316949-Z,1,1,1,1,1,1
FREP-316951-J,1,1,1,1,1,1
FREP-316958-G,1,1,1,1,1,1
FREP-316958-Z,1,1,1,1,1,1
FREP-316962-J,1,1,1,1,1,1
FREP-316967-Z,1,1,1,1,1,1
FREP-316971-Z,1,1,1,1,1,1
FREP-316974-Z,1,1,1,1,1,1
FREP-316975-Z,1,1,1,1,1,1
FREP-316976-Z,1,1,1,1,1,1
FREP-316980-G,1,1,1,1,1,1
FREP-316988-Z,1,1,1,1,1,1
FREP-316995-J,1,1,1,1,1,1
FREP-317006-J,1,1,1,1,1,1
FREP-317015-J,1,1,1,1,1,1
FREP-317017-Z,1,1,1,1,1,1
FREP-317028-G,1,1,1,1,1,1
FREP-317036-G,1,1,1,1,1,1
FREP-317037-G,1,1,1,1,1,1
FREP-317042-G,1,1,1,1,1,1
FREP-317050-J,1,1,1,1,1,1
FREP-317058-J,1,1,1,1,1,1
FREP-317068-G,1,1,1,1,1,1
FREP-317077-Z,1,1,1,1,1,1
FREP-317079-J,1,1,1,1,1,1
FREP-317080-G,1,1,1,1,1,1
FREP-317084-Z,1,1,1,1,1,1
FREP-317085-G,1,1,1,1,1,1
FREP-317088-Z,1,1,1,1,1,1
FREP-317093-Z,1,1,1,1,1,1
FREP-317099-Z,1,1,1,1,1,1
FREP-317108-Z,1,1,1,1,1,1
FREP-317114-G,1,1,1,1,1,1
FREP-317120-G,1,1,1,1,1,1
FREP-317122-Z,1,1,1,1,1,1
FREP-317135-G,1,1,1,1,1,1
FREP-317144-J,1,1,1,1,1,1
FREP-317145-G,1,1,1,1,1,1
FREP-317158-Z,1,1,1,1,1,1
FREP-317161-G,1,1,1,1,1,1
FREP-317172-G,1,1,1,1,1,1
FREP-317181-J,1,1,1,1,1,1
FREP-317181-Z,1,1,1,1,1,1
FREP-317183-G,1,1,1,1,1,1
FREP-317192-J,1,1,1,1,1,1
FREP-317193-Z,1,1,1,1,1,1
FREP-317194-J,1,1,1,1,1,1
FREP-317198-J,1,1,1,1,1,1
FREP-317199-G,1,1,1,1,1,1
FREP-317204-Z,1,1,1,1,1,1
FREP-317205-J,1,1,1,1,1,1
FREP-317207-G,1,1,1,1,1,1
FREP-317211-G,1,1,1,1,1,1
FREP-317213-G,1,1,1,1,1,1
FREP-317221-G,1,1,1,1,1,1
FREP-317222-J,1,1,1,1,1,1
FREP-317222-Z,1,1,1,1,1,1
FREP-317226-J,1,1,1,1,1,1
FREP-317234-J,1,1,1,1,1,1
FREP-317238-G,1,1,1,1,1,1
FREP-317241-J,1,1,1,1,1,1
FREP-317250-G,1,1,1,1,1,1
FREP-317279-J,1,1,1,1,1,1
FREP-317308-J,1,1,1,1,1,1
FREP-317309-G,1,1,1,1,1,1
FREP-317320-G,1,1,1,1,1,1
FREP-317322-J,1,1,1,1,1,1
FREP-317325-J,1,1,1,1,1,1
FREP-317333-G,1,1,1,1,1,1
FREP-317333-Z,1,1,1,1,1,1
FREP-317334-G,1,1,1,1,1,1
FREP-317346-G,1,1,1,1,1,1
FREP-317357-G,1,1,1,1,1,1
FREP-317381-Z,1,1,1,1,1,1
FREP-317393-G,1,1,1,1,1,1
FREP-317419-Z,1,1,1,1,1,1
FREP-317422-G,1,1,1,1,1,1
FREP-317428-Z,1,1,1,1,1,1
FREP-317434-Z,1,1,1,1,1,1
FREP-317440-G,1,1,1,1,1,1
FREP-317443-J,1,1,1,1,1,1
FREP-317446-G,1,1,1,1,1,1
FREP-317454-Z,1,1,1,1,1,1
FREP-317458-Z,1,1,1,1,1,1
FREP-317460-G,1,1,1,1,1,1
FREP-317466-G,1,1,1,1,1,1
FREP-317467-G,1,1,1,1,1,1
FREP-317473-G,1,1,1,1,1,1
FREP-317473-Z,1,1,1,1,1,1
FREP-317518-G,1,1,1,1,1,1
FREP-317518-J,1,1,1,1,1,1
FREP-317529-J,1,1,1,1,1,1
FREP-317545-Z,1,1,1,1,1,1
FREP-317557-J,1,1,1,1,1,1
FREP-317568-G,1,1,1,1,1,1
FREP-317570-G,1,1,1,1,1,1
FREP-317571-G,1,1,1,1,1,1
FREP-317574-G,1,1,1,1,1,1
FREP-317577-G,1,1,1,1,1,1
FREP-317582-J,1,1,1,1,1,1
FREP-317588-J,1,1,1,1,1,1
FREP-317596-G,1,1,1,1,1,1
FREP-317598-J,1,1,1,1,1,1
FREP-317601-G,1,1,1,1,1,1
FREP-317606-Z,1,1,1,1,1,1
FREP-317623-Z,1,1,1,1,1,1
FREP-317636-J,1,1,1,1,1,1
FREP-317639-Z,1,1,1,1,1,1
FREP-317646-Z,1,1,1,1,1,1
FREP-317647-Z,1,1,1,1,1,1
FREP-317652-Z,1,1,1,1,1,1
FREP-317659-G,1,1,1,1,1,1
FREP-317677-J,1,1,1,1,1,1
FREP-317693-Z,1,1,1,1,1,1
FREP-317698-Z,1,1,1,1,1,1
FREP-317699-J,1,1,1,1,1,1
FREP-317713-G,1,1,1,1,1,1
FREP-317714-G,1,1,1,1,1,1
FREP-317715-G,1,1,1,1,1,1
FREP-317717-Z,1,1,1,1,1,1
FREP-317728-Z,1,1,1,1,1,1
FREP-317731-J,1,1,1,1,1,1
FREP-317738-Z,1,1,1,1,1,1
FREP-317742-G,1,1,1,1,1,1
FREP-317742-Z,1,1,1,1,1,1
FREP-317743-Z,1,1,1,1,1,1
FREP-317748-Z,1,1,1,1,1,1
FREP-317751-G,1,1,1,1,1,1
FREP-317758-Z,1,1,1,1,1,1
FREP-317760-G,1,1,1,1,1,1
FREP-317760-J,1,1,1,1,1,1
FREP-317762-G,1,1,1,1,1,1
FREP-317771-G,1,1,1,1,1,1
FREP-317773-G,1,1,1,1,1,1
FREP-317773-Z,1,1,1,1,1,1
FREP-317774-J,1,1,1,1,1,1
FREP-317783-G,1,1,1,1,1,1
FREP-317786-G,1,1,1,1,1,1
FREP-317787-Z,1,1,1,1,1,1
FREP-317794-G,1,1,1,1,1,1
FREP-317796-Z,1,1,1,1,1,1
FREP-317797-Z,1,1,1,1,1,1
FREP-317800-J,1,1,1,1,1,1
FREP-317801-G,1,1,1,1,1,1
FREP-317805-G,1,1,1,1,1,1
FREP-317806-G,1,1,1,1,1,1
FREP-317807-G,1,1,1,1,1,1
FREP-317808-G,1,1,1,1,1,1
FREP-317810-G,1,1,1,1,1,1
FREP-317810-Z,1,1,1,1,1,1
FREP-317812-Z,1,1,1,1,1,1
FREP-317814-Z,1,1,1,1,1,1
FREP-317821-Z,1,1,1,1,1,1
FREP-317831-G,1,1,1,1,1,1
FREP-317840-J,1,1,1,1,1,1
FREP-317843-Z,1,1,1,1,1,1
FREP-317846-G,1,1,1,1,1,1
FREP-317850-G,1,1,1,1,1,1
FREP-317859-G,1,1,1,1,1,1
FREP-317860-G,1,1,1,1,1,1
FREP-317868-Z,1,1,1,1,1,1
FREP-317869-G,1,1,1,1,1,1
FREP-317875-G,1,1,1,1,1,1
FREP-317877-Z,1,1,1,1,1,1
FREP-317882-Z,1,1,1,1,1,1
FREP-317885-Z,1,1,1,1,1,1
FREP-317886-J,1,1,1,1,1,1
FREP-317892-Z,1,1,1,1,1,1
FREP-317893-Z,1,1,1,1,1,1
FREP-317899-Z,1,1,1,1,1,1
FREP-317900-Z,1,1,1,1,1,1
FREP-317910-Z,1,1,1,1,1,1
FREP-317925-Z,1,1,1,1,1,1
FREP-317927-Z,1,1,1,1,1,1
FREP-317929-G,1,1,1,1,1,1
FREP-317934-Z,1,1,1,1,1,1
FREP-317954-Z,1,1,1,1,1,1
FREP-317988-J,1,1,1,1,1,1
FREP-318018-G,1,1,1,1,1,1
FREP-318018-J,1,1,1,1,1,1
FREP-318025-Z,1,1,1,1,1,1
FREP-318032-J,1,1,1,1,1,1
FREP-318033-Z,1,1,1,1,1,1
FREP-318040-Z,1,1,1,1,1,1
FREP-318048-G,1,1,1,1,1,1
FREP-318052-Z,1,1,1,1,1,1
FREP-318061-G,1,1,1,1,1,1
FREP-318063-G,1,1,1,1,1,1
FREP-318064-J,1,1,1,1,1,1
FREP-318073-J,1,1,1,1,1,1
FREP-318079-J,1,1,1,1,1,1
FREP-318104-J,1,1,1,1,1,1
FREP-318119-G,1,1,1,1,1,1
FREP-318129-Z,1,1,1,1,1,1
FREP-318137-G,1,1,1,1,1,1
FREP-318138-G,1,1,1,1,1,1
FREP-318143-J,1,1,1,1,1,1
FREP-318148-G,1,1,1,1,1,1
FREP-318166-Z,1,1,1,1,1,1
FREP-318169-Z,1,1,1,1,1,1
FREP-318177-Z,1,1,1,1,1,1
FREP-318180-Z,1,1,1,1,1,1
FREP-318182-Z,1,1,1,1,1,1
FREP-318192-G,1,1,1,1,1,1
FREP-318208-Z,1,1,1,1,1,1
FREP-318212-G,1,1,1,1,1,1
FREP-318214-J,1,1,1,1,1,1
FREP-318237-G,1,1,1,1,1,1
FREP-318242-J,1,1,1,1,1,1
FREP-318245-J,1,1,1,1,1,1
FREP-318246-Z,1,1,1,1,1,1
FREP-318249-G,1,1,1,1,1,1
FREP-318259-Z,1,1,1,1,1,1
FREP-318279-G,1,1,1,1,1,1
FREP-318279-J,1,1,1,1,1,1
FREP-318283-G,1,1,1,1,1,1
FREP-318285-J,1,1,1,1,1,1
FREP-318287-J,1,1,1,1,1,1
FREP-318291-G,1,1,1,1,1,1
FREP-318297-J,1,1,1,1,1,1
FREP-318303-Z,1,1,1,1,1,1
FREP-318312-J,1,1,1,1,1,1
FREP-318317-G,1,1,1,1,1,1
FREP-318318-J,1,1,1,1,1,1
FREP-318320-J,1,1,1,1,1,1
FREP-318323-Z,1,1,1,1,1,1
FREP-318337-J,1,1,1,1,1,1
FREP-318339-J,1,1,1,1,1,1
FREP-318343-Z,1,1,1,1,1,1
FREP-318350-J,1,1,1,1,1,1
FREP-318354-J,1,1,1,1,1,1
FREP-318354-Z,1,1,1,1,1,1
FREP-318359-G,1,1,1,1,1,1
FREP-318377-G,1,1,1,1,1,1
FREP-318380-G,1,1,1,1,1,1
FREP-318386-Z,1,1,1,1,1,1
FREP-318395-G,1,1,1,1,1,1
FREP-318406-Z,1,1,1,1,1,1
FREP-318416-G,1,1,1,1,1,1
FREP-318419-G,1,1,1,1,1,1
FREP-318420-Z,1,1,1,1,1,1
FREP-318436-J,1,1,1,1,1,1
FREP-318447-G,1,1,1,1,1,1
FREP-318456-J,1,1,1,1,1,1
FREP-318462-G,1,1,1,1,1,1
FREP-318466-J,1,1,1,1,1,1
FREP-318471-G,1,1,1,1,1,1
FREP-318472-G,1,1,1,1,1,1
FREP-318507-Z,1,1,1,1,1,1
FREP-318509-G,1,1,1,1,1,1
FREP-318512-G,1,1,1,1,1,1
FREP-318577-G,1,1,1,1,1,1
FREP-318581-Z,1,1,1,1,1,1
FREP-318584-Z,1,1,1,1,1,1
FREP-318591-Z,1,1,1,1,1,1
FREP-318592-Z,1,1,1,1,1,1
FREP-318602-G,1,1,1,1,1,1
FREP-318616-J,1,1,1,1,1,1
FREP-318617-G,1,1,1,1,1,1
FREP-318618-G,1,1,1,1,1,1
FREP-318619-G,1,1,1,1,1,1
FREP-318619-J,1,1,1,1,1,1
FREP-318622-Z,1,1,1,1,1,1
FREP-318628-G,1,1,1,1,1,1
FREP-318628-J,1,1,1,1,1,1
FREP-318630-J,1,1,1,1,1,1
FREP-318633-Z,1,1,1,1,1,1
FREP-318634-J,1,1,1,1,1,1
FREP-318673-J,1,1,1,1,1,1
FREP-318702-J,1,1,1,1,1,1
FREP-318713-J,1,1,1,1,1,1
FREP-318719-J,1,1,1,1,1,1
FREP-318721-G,1,1,1,1,1,1
FREP-318721-Z,1,1,1,1,1,1
FREP-318728-Z,1,1,1,1,1,1
FREP-318737-Z,1,1,1,1,1,1
FREP-318743-J,1,1,1,1,1,1
FREP-318744-G,1,1,1,1,1,1
FREP-318751-J,1,1,1,1,1,1
FREP-318753-J,1,1,1,1,1,1
FREP-318757-Z,1,1,1,1,1,1
FREP-318763-Z,1,1,1,1,1,1
FREP-318770-Z,1,1,1,1,1,1
FREP-318775-J,1,1,1,1,1,1
FREP-318784-G,1,1,1,1,1,1
FREP-318784-J,1,1,1,1,1,1
FREP-318784-Z,1,1,1,1,1,1
FREP-318793-Z,1,1,1,1,1,1
FREP-318797-G,1,1,1,1,1,1
FREP-318800-G,1,1,1,1,1,1
FREP-318802-Z,1,1,1,1,1,1
FREP-318823-Z,1,1,1,1,1,1
FREP-318824-G,1,1,1,1,1,1
FREP-318866-Z,1,1,1,1,1,1
FREP-318869-J,1,1,1,1,1,1
FREP-318870-J,1,1,1,1,1,1
FREP-318874-J,1,1,1,1,1,1
FREP-318884-Z,1,1,1,1,1,1
FREP-318886-G,1,1,1,1,1,1
FREP-318901-J,1,1,1,1,1,1
FREP-318920-Z,1,1,1,1,1,1
FREP-318921-G,1,1,1,1,1,1
FREP-318924-J,1,1,1,1,1,1
FREP-318928-G,1,1,1,1,1,1
FREP-318932-G,1,1,1,1,1,1
FREP-318943-G,1,1,1,1,1,1
FREP-318945-Z,1,1,1,1,1,1
FREP-318955-J,1,1,1,1,1,1
FREP-318966-G,1,1,1,1,1,1
FREP-318967-Z,1,1,1,1,1,1
FREP-318968-J,1,1,1,1,1,1
FREP-318969-Z,1,1,1,1,1,1
FREP-318982-Z,1,1,1,1,1,1
FREP-318993-G,1,1,1,1,1,1
FREP-318994-Z,1,1,1,1,1,1
FREP-318995-J,1,1,1,1,1,1
FREP-318996-G,1,1,1,1,1,1
FREP-319003-Z,1,1,1,1,1,1
FREP-319006-Z,1,1,1,1,1,1
FREP-319007-G,1,1,1,1,1,1
FREP-319018-Z,1,1,1,1,1,1
FREP-319020-J,1,1,1,1,1,1
FREP-319028-Z,1,1,1,1,1,1
FREP-319029-Z,1,1,1,1,1,1
FREP-319036-Z,1,1,1,1,1,1
FREP-319040-J,1,1,1,1,1,1
FREP-319043-J,1,1,1,1,1,1
FREP-319058-Z,1,1,1,1,1,1
FREP-319074-Z,1,1,1,1,1,1
FREP-319103-Z,1,1,1,1,1,1
FREP-319108-G,1,1,1,1,1,1
FREP-319113-G,1,1,1,1,1,1
FREP-319114-Z,1,1,1,1,1,1
FREP-319115-G,1,1,1,1,1,1
FREP-319117-G,1,1,1,1,1,1
FREP-319121-Z,1,1,1,1,1,1
FREP-319127-G,1,1,1,1,1,1
FREP-319127-Z,1,1,1,1,1,1
FREP-319132-G,1,1,1,1,1,1
FREP-319134-G,1,1,1,1,1,1
FREP-319139-Z,1,1,1,1,1,1
FREP-319145-Z,1,1,1,1,1,1
FREP-319150-G,1,1,1,1,1,1
FREP-319154-Z,1,1,1,1,1,1
FREP-319155-G,1,1,1,1,1,1
FREP-319156-G,1,1,1,1,1,1
FREP-319156-Z,1,1,1,1,1,1
FREP-319160-G,1,1,1,1,1,1
FREP-319161-G,1,1,1,1,1,1
FREP-319161-Z,1,1,1,1,1,1
FREP-319162-Z,1,1,1,1,1,1
FREP-319168-Z,1,1,1,1,1,1
FREP-319169-G,1,1,1,1,1,1
FREP-319169-Z,1,1,1,1,1,1
FREP-319172-G,1,1,1,1,1,1
FREP-319178-Z,1,1,1,1,1,1
FREP-319186-Z,1,1,1,1,1,1
FREP-319187-G,1,1,1,1,1,1
FREP-319188-Z,1,1,1,1,1,1
FREP-319201-G,1,1,1,1,1,1
FREP-319202-Z,1,1,1,1,1,1
FREP-319203-G,1,1,1,1,1,1
FREP-319206-G,1,1,1,1,1,1
FREP-319206-Z,1,1,1,1,1,1
FREP-319213-Z,1,1,1,1,1,1
FREP-319214-G,1,1,1,1,1,1
FREP-319224-G,1,1,1,1,1,1
FREP-319235-J,1,1,1,1,1,1
FREP-319238-Z,1,1,1,1,1,1
FREP-319241-Z,1,1,1,1,1,1
FREP-319243-G,1,1,1,1,1,1
FREP-319245-Z,1,1,1,1,1,1
FREP-319257-G,1,1,1,1,1,1
FREP-319269-G,1,1,1,1,1,1
FREP-319277-G,1,1,1,1,1,1
FREP-319277-J,1,1,1,1,1,1
FREP-319284-G,1,1,1,1,1,1
FREP-319286-Z,1,1,1,1,1,1
FREP-319304-Z,1,1,1,1,1,1
FREP-319305-G,1,1,1,1,1,1
FREP-319306-J,1,1,1,1,1,1
FREP-319313-Z,1,1,1,1,1,1
FREP-319319-G,1,1,1,1,1,1
FREP-319322-G,1,1,1,1,1,1
FREP-319326-G,1,1,1,1,1,1
FREP-319331-J,1,1,1,1,1,1
FREP-319334-J,1,1,1,1,1,1
FREP-319345-J,1,1,1,1,1,1
FREP-319354-J,1,1,1,1,1,1
FREP-319357-G,1,1,1,1,1,1
FREP-319371-J,1,1,1,1,1,1
FREP-319401-Z,1,1,1,1,1,1
FREP-319459-J,1,1,1,1,1,1
FREP-319480-Z,1,1,1,1,1,1
FREP-319485-G,1,1,1,1,1,1
FREP-319500-Z,1,1,1,1,1,1
FREP-319501-G,1,1,1,1,1,1
FREP-319505-J,1,1,1,1,1,1
FREP-319510-G,1,1,1,1,1,1
FREP-319523-Z,1,1,1,1,1,1
FREP-319532-Z,1,1,1,1,1,1
FREP-319533-J,1,1,1,1,1,1
FREP-319539-G,1,1,1,1,1,1
FREP-319541-J,1,1,1,1,1,1
FREP-319545-Z,1,1,1,1,1,1
FREP-319546-Z,1,1,1,1,1,1
FREP-319550-Z,1,1,1,1,1,1
FREP-319552-G,1,1,1,1,1,1
FREP-319552-J,1,1,1,1,1,1
FREP-319553-G,1,1,1,1,1,1
FREP-319564-Z,1,1,1,1,1,1
FREP-319567-G,1,1,1,1,1,1
FREP-319571-Z,1,1,1,1,1,1
FREP-319583-G,1,1,1,1,1,1
FREP-319588-J,1,1,1,1,1,1
FREP-319590-G,1,1,1,1,1,1
FREP-319598-G,1,1,1,1,1,1
FREP-319599-Z,1,1,1,1,1,1
FREP-319606-G,1,1,1,1,1,1
FREP-319619-G,1,1,1,1,1,1
FREP-319620-G,1,1,1,1,1,1
FREP-319621-G,1,1,1,1,1,1
FREP-319628-J,1,1,1,1,1,1
FREP-319629-J,1,1,1,1,1,1
FREP-319636-Z,1,1,1,1,1,1
FREP-319668-Z,1,1,1,1,1,1
FREP-319682-G,1,1,1,1,1,1
FREP-319687-G,1,1,1,1,1,1
FREP-319706-Z,1,1,1,1,1,1
FREP-319714-J,1,1,1,1,1,1
FREP-319714-Z,1,1,1,1,1,1
FREP-319739-J,1,1,1,1,1,1
FREP-319742-Z,1,1,1,1,1,1
FREP-319753-J,1,1,1,1,1,1
FREP-319755-Z,1,1,1,1,1,1
FREP-319773-J,1,1,1,1,1,1
FREP-319778-Z,1,1,1,1,1,1
FREP-319781-Z,1,1,1,1,1,1
FREP-319782-G,1,1,1,1,1,1
FREP-319790-G,1,1,1,1,1,1
FREP-319793-G,1,1,1,1,1,1
FREP-319802-J,1,1,1,1,1,1
FREP-319804-Z,1,1,1,1,1,1
FREP-319808-G,1,1,1,1,1,1
FREP-319808-J,1,1,1,1,1,1
FREP-319813-G,1,1,1,1,1,1
FREP-319814-J,1,1,1,1,1,1
FREP-319818-G,1,1,1,1,1,1
FREP-319823-G,1,1,1,1,1,1
FREP-319827-J,1,1,1,1,1,1
FREP-319841-G,1,1,1,1,1,1
FREP-319846-G,1,1,1,1,1,1
FREP-319850-J,1,1,1,1,1,1
FREP-319854-G,1,1,1,1,1,1
FREP-319855-J,1,1,1,1,1,1
FREP-319858-J,1,1,1,1,1,1
FREP-319859-J,1,1,1,1,1,1
FREP-319870-G,1,1,1,1,1,1
FREP-319879-J,1,1,1,1,1,1
FREP-319883-G,1,1,1,1,1,1
FREP-319892-G,1,1,1,1,1,1
FREP-319892-J,1,1,1,1,1,1
FREP-319894-J,1,1,1,1,1,1
FREP-319905-G,1,1,1,1,1,1
FREP-319908-Z,1,1,1,1,1,1
FREP-319913-J,1,1,1,1,1,1
FREP-319945-G,1,1,1,1,1,1
FREP-319947-J,1,1,1,1,1,1
FREP-319955-G,1,1,1,1,1,1
FREP-319964-J,1,1,1,1,1,1
FREP-319969-J,1,1,1,1,1,1
FREP-319975-J,1,1,1,1,1,1
FREP-319983-J,1,1,1,1,1,1
FREP-320015-J,1,1,1,1,1,1
FREP-320017-J,1,1,1,1,1,1
FREP-320022-J,1,1,1,1,1,1
FREP-320060-G,1,1,1,1,1,1
FREP-320065-Z,1,1,1,1,1,1
FREP-320073-J,1,1,1,1,1,1
FREP-320074-G,1,1,1,1,1,1
FREP-320074-J,1,1,1,1,1,1
FREP-320086-J,1,1,1,1,1,1
FREP-320099-G,1,1,1,1,1,1
FREP-320119-G,1,1,1,1,1,1
FREP-320147-J,1,1,1,1,1,1
FREP-320164-G,1,1,1,1,1,1
FREP-320166-Z,1,1,1,1,1,1
FREP-320177-G,1,1,1,1,1,1
FREP-320179-J,1,1,1,1,1,1
FREP-320188-Z,1,1,1,1,1,1
FREP-320190-G,1,1,1,1,1,1
FREP-320204-J,1,1,1,1,1,1
FREP-320216-J,1,1,1,1,1,1
FREP-320221-G,1,1,1,1,1,1
FREP-320256-Z,1,1,1,1,1,1
FREP-320260-Z,1,1,1,1,1,1
FREP-320263-G,1,1,1,1,1,1
FREP-320271-Z,1,1,1,1,1,1
FREP-320276-Z,1,1,1,1,1,1
FREP-320284-G,1,1,1,1,1,1
FREP-320285-G,1,1,1,1,1,1
FREP-320296-J,1,1,1,1,1,1
FREP-320301-G,1,1,1,1,1,1
FREP-320301-Z,1,1,1,1,1,1
FREP-320306-G,1,1,1,1,1,1
FREP-320310-Z,1,1,1,1,1,1
FREP-320314-J,1,1,1,1,1,1
FREP-320323-G,1,1,1,1,1,1
FREP-320323-Z,1,1,1,1,1,1
FREP-320335-Z,1,1,1,1,1,1
FREP-320341-J,1,1,1,1,1,1
FREP-320352-G,1,1,1,1,1,1
FREP-320353-G,1,1,1,1,1,1
FREP-320353-Z,1,1,1,1,1,1
FREP-320358-Z,1,1,1,1,1,1
FREP-320371-Z,1,1,1,1,1,1
FREP-320377-G,1,1,1,1,1,1
FREP-320378-G,1,1,1,1,1,1
FREP-320389-J,1,1,1,1,1,1
FREP-320395-J,1,1,1,1,1,1
FREP-320413-J,1,1,1,1,1,1
FREP-320416-Z,1,1,1,1,1,1
FREP-320425-Z,1,1,1,1,1,1
FREP-320438-Z,1,1,1,1,1,1
FREP-320450-Z,1,1,1,1,1,1
FREP-320452-Z,1,1,1,1,1,1
FREP-320456-G,1,1,1,1,1,1
FREP-320460-Z,1,1,1,1,1,1
FREP-320474-G,1,1,1,1,1,1
FREP-320475-J,1,1,1,1,1,1
FREP-320489-Z,1,1,1,1,1,1
FREP-320495-G,1,1,1,1,1,1
FREP-320496-J,1,1,1,1,1,1
FREP-320497-G,1,1,1,1,1,1
FREP-320510-G,1,1,1,1,1,1
FREP-320510-J,1,1,1,1,1,1
FREP-320511-Z,1,1,1,1,1,1
FREP-320514-J,1,1,1,1,1,1
FREP-320515-J,1,1,1,1,1,1
FREP-320517-Z,1,1,1,1,1,1
FREP-320530-G,1,1,1,1,1,1
FREP-320533-J,1,1,1,1,1,1
FREP-320544-J,1,1,1,1,1,1
FREP-320548-J,1,1,1,1,1,1
FREP-320549-G,1,1,1,1,1,1
FREP-320550-J,1,1,1,1,1,1
FREP-320551-J,1,1,1,1,1,1
FREP-320553-J,1,1,1,1,1,1
FREP-320556-G,1,1,1,1,1,1
FREP-320557-G,1,1,1,1,1,1
FREP-320564-G,1,1,1,1,1,1
FREP-320567-J,1,1,1,1,1,1
FREP-320568-G,1,1,1,1,1,1
FREP-320578-J,1,1,1,1,1,1
FREP-320586-G,1,1,1,1,1,1
FREP-320590-J,1,1,1,1,1,1
FREP-320595-J,1,1,1,1,1,1
FREP-320601-J,1,1,1,1,1,1
FREP-320602-Z,1,1,1,1,1,1
FREP-320645-J,1,1,1,1,1,1
FREP-320671-Z,1,1,1,1,1,1
FREP-320678-G,1,1,1,1,1,1
FREP-320685-J,1,1,1,1,1,1
FREP-320686-J,1,1,1,1,1,1
FREP-320707-Z,1,1,1,1,1,1
FREP-320717-Z,1,1,1,1,1,1
FREP-320721-G,1,1,1,1,1,1
FREP-320723-J,1,1,1,1,1,1
FREP-320723-Z,1,1,1,1,1,1
FREP-320725-J,1,1,1,1,1,1
FREP-320727-J,1,1,1,1,1,1
FREP-320738-Z,1,1,1,1,1,1
FREP-320747-G,1,1,1,1,1,1
FREP-320751-J,1,1,1,1,1,1
FREP-320756-J,1,1,1,1,1,1
FREP-320800-Z,1,1,1,1,1,1
FREP-320827-J,1,1,1,1,1,1
FREP-320844-Z,1,1,1,1,1,1
FREP-320846-J,1,1,1,1,1,1
FREP-320862-J,1,1,1,1,1,1
FREP-320869-Z,1,1,1,1,1,1
FREP-320875-J,1,1,1,1,1,1
FREP-320876-G,1,1,1,1,1,1
FREP-320878-G,1,1,1,1,1,1
FREP-320884-G,1,1,1,1,1,1
FREP-320887-Z,1,1,1,1,1,1
FREP-320892-J,1,1,1,1,1,1
FREP-320894-Z,1,1,1,1,1,1
FREP-320911-J,1,1,1,1,1,1
FREP-320915-G,1,1,1,1,1,1
FREP-320917-Z,1,1,1,1,1,1
FREP-320928-J,1,1,1,1,1,1
FREP-320934-J,1,1,1,1,1,1
FREP-320935-Z,1,1,1,1,1,1
FREP-320948-G,1,1,1,1,1,1
FREP-320952-Z,1,1,1,1,1,1
FREP-320957-Z,1,1,1,1,1,1
FREP-320960-G,1,1,1,1,1,1
FREP-320960-J,1,1,1,1,1,1
FREP-320960-Z,1,1,1,1,1,1
FREP-320970-G,1,1,1,1,1,1
FREP-320979-G,1,1,1,1,1,1
FREP-320981-G,1,1,1,1,1,1
FREP-320982-J,1,1,1,1,1,1
FREP-320983-G,1,1,1,1,1,1
FREP-320987-G,1,1,1,1,1,1
FREP-320991-G,1,1,1,1,1,1
FREP-320995-G,1,1,1,1,1,1
FREP-321003-G,1,1,1,1,1,1
FREP-321005-G,1,1,1,1,1,1
FREP-321008-G,1,1,1,1,1,1
FREP-321011-J,1,1,1,1,1,1
FREP-321023-G,1,1,1,1,1,1
FREP-321023-J,1,1,1,1,1,1
FREP-321027-J,1,1,1,1,1,1
FREP-321033-J,1,1,1,1,1,1
FREP-321035-J,1,1,1,1,1,1
FREP-321042-G,1,1,1,1,1,1
FREP-321042-J,1,1,1,1,1,1
FREP-321044-Z,1,1,1,1,1,1
FREP-321047-Z,1,1,1,1,1,1
FREP-321049-G,1,1,1,1,1,1
FREP-321053-J,1,1,1,1,1,1
FREP-321071-Z,1,1,1,1,1,1
FREP-321074-G,1,1,1,1,1,1
FREP-321076-G,1,1,1,1,1,1
FREP-321089-Z,1,1,1,1,1,1
FREP-321093-J,1,1,1,1,1,1
FREP-321119-J,1,1,1,1,1,1
FREP-321128-G,1,1,1,1,1,1
FREP-321129-G,1,1,1,1,1,1
FREP-321134-G,1,1,1,1,1,1
FREP-321134-J,1,1,1,1,1,1
FREP-321139-J,1,1,1,1,1,1
FREP-321139-Z,1,1,1,1,1,1
FREP-321143-G,1,1,1,1,1,1
FREP-321146-Z,1,1,1,1,1,1
FREP-321147-G,1,1,1,1,1,1
FREP-321149-G,1,1,1,1,1,1
FREP-321151-G,1,1,1,1,1,1
FREP-321153-J,1,1,1,1,1,1
FREP-321159-G,1,1,1,1,1,1
FREP-321161-J,1,1,1,1,1,1
FREP-321164-Z,1,1,1,1,1,1
FREP-321165-G,1,1,1,1,1,1
FREP-321170-G,1,1,1,1,1,1
FREP-321176-G,1,1,1,1,1,1
FREP-321179-G,1,1,1,1,1,1
FREP-321180-G,1,1,1,1,1,1
FREP-321183-G,1,1,1,1,1,1
FREP-321187-G,1,1,1,1,1,1
FREP-321191-Z,1,1,1,1,1,1
FREP-321197-G,1,1,1,1,1,1
FREP-321201-G,1,1,1,1,1,1
FREP-321202-Z,1,1,1,1,1,1
FREP-321205-G,1,1,1,1,1,1
FREP-321210-G,1,1,1,1,1,1
FREP-321212-J,1,1,1,1,1,1
FREP-321220-G,1,1,1,1,1,1
FREP-321221-G,1,1,1,1,1,1
FREP-321222-G,1,1,1,1,1,1
FREP-321225-G,1,1,1,1,1,1
FREP-321226-G,1,1,1,1,1,1
FREP-321228-Z,1,1,1,1,1,1
FREP-321229-G,1,1,1,1,1,1
FREP-321230-G,1,1,1,1,1,1
FREP-321233-G,1,1,1,1,1,1
FREP-321239-J,1,1,1,1,1,1
FREP-321256-G,1,1,1,1,1,1
FREP-321266-J,1,1,1,1,1,1
FREP-321276-Z,1,1,1,1,1,1
FREP-321285-G,1,1,1,1,1,1
FREP-321293-G,1,1,1,1,1,1
FREP-321294-J,1,1,1,1,1,1
FREP-321296-G,1,1,1,1,1,1
FREP-321297-G,1,1,1,1,1,1
FREP-321303-Z,1,1,1,1,1,1
FREP-321311-G,1,1,1,1,1,1
FREP-321315-G,1,1,1,1,1,1
FREP-321320-G,1,1,1,1,1,1
FREP-321323-G,1,1,1,1,1,1
FREP-321327-G,1,1,1,1,1,1
FREP-321344-Z,1,1,1,1,1,1
FREP-321348-G,1,1,1,1,1,1
FREP-321358-G,1,1,1,1,1,1
FREP-321361-G,1,1,1,1,1,1
FREP-321375-G,1,1,1,1,1,1
FREP-321375-Z,1,1,1,1,1,1
FREP-321376-G,1,1,1,1,1,1
FREP-321378-Z,1,1,1,1,1,1
FREP-321379-J,1,1,1,1,1,1
FREP-321391-G,1,1,1,1,1,1
FREP-321391-Z,1,1,1,1,1,1
FREP-321393-G,1,1,1,1,1,1
FREP-321395-G,1,1,1,1,1,1
FREP-321397-Z,1,1,1,1,1,1
FREP-321398-Z,1,1,1,1,1,1
FREP-321399-Z,1,1,1,1,1,1
FREP-321400-G,1,1,1,1,1,1
FREP-321410-G,1,1,1,1,1,1
FREP-321421-G,1,1,1,1,1,1
FREP-321424-Z,1,1,1,1,1,1
FREP-321432-G,1,1,1,1,1,1
FREP-321446-J,1,1,1,1,1,1
FREP-321449-J,1,1,1,1,1,1
FREP-321453-J,1,1,1,1,1,1
FREP-321463-Z,1,1,1,1,1,1
FREP-321467-J,1,1,1,1,1,1
FREP-321469-J,1,1,1,1,1,1
FREP-321470-J,1,1,1,1,1,1
FREP-321473-Z,1,1,1,1,1,1
FREP-321477-Z,1,1,1,1,1,1
FREP-321512-Z,1,1,1,1,1,1
FREP-321538-G,1,1,1,1,1,1
FREP-321542-G,1,1,1,1,1,1
FREP-321548-G,1,1,1,1,1,1
FREP-321551-Z,1,1,1,1,1,1
FREP-321563-Z,1,1,1,1,1,1
FREP-321565-G,1,1,1,1,1,1
FREP-321566-G,1,1,1,1,1,1
FREP-321571-Z,1,1,1,1,1,1
FREP-321582-J,1,1,1,1,1,1
FREP-321583-J,1,1,1,1,1,1
FREP-321585-J,1,1,1,1,1,1
FREP-321587-Z,1,1,1,1,1,1
FREP-321620-J,1,1,1,1,1,1
FREP-321621-Z,1,1,1,1,1,1
FREP-321623-J,1,1,1,1,1,1
FREP-321627-Z,1,1,1,1,1,1
FREP-321635-G,1,1,1,1,1,1
FREP-321640-Z,1,1,1,1,1,1
FREP-321643-Z,1,1,1,1,1,1
FREP-321645-G,1,1,1,1,1,1
FREP-321652-G,1,1,1,1,1,1
FREP-321653-Z,1,1,1,1,1,1
FREP-321659-G,1,1,1,1,1,1
FREP-321662-J,1,1,1,1,1,1
FREP-321670-G,1,1,1,1,1,1
FREP-321676-G,1,1,1,1,1,1
FREP-321678-G,1,1,1,1,1,1
FREP-321681-G,1,1,1,1,1,1
FREP-321683-G,1,1,1,1,1,1
FREP-321687-Z,1,1,1,1,1,1
FREP-321694-Z,1,1,1,1,1,1
FREP-321705-G,1,1,1,1,1,1
FREP-321711-Z,1,1,1,1,1,1
FREP-321712-Z,1,1,1,1,1,1
FREP-321717-Z,1,1,1,1,1,1
FREP-321722-Z,1,1,1,1,1,1
FREP-321739-G,1,1,1,1,1,1
FREP-321740-Z,1,1,1,1,1,1
FREP-321750-G,1,1,1,1,1,1
FREP-321750-Z,1,1,1,1,1,1
FREP-321756-G,1,1,1,1,1,1
FREP-321759-Z,1,1,1,1,1,1
FREP-321761-Z,1,1,1,1,1,1
FREP-321769-Z,1,1,1,1,1,1
FREP-321775-J,1,1,1,1,1,1
FREP-321776-J,1,1,1,1,1,1
FREP-321778-Z,1,1,1,1,1,1
FREP-321795-Z,1,1,1,1,1,1
FREP-321797-J,1,1,1,1,1,1
FREP-321809-G,1,1,1,1,1,1
FREP-321809-Z,1,1,1,1,1,1
FREP-321810-J,1,1,1,1,1,1
FREP-321811-Z,1,1,1,1,1,1
FREP-321812-J,1,1,1,1,1,1
FREP-321816-J,1,1,1,1,1,1
FREP-321825-G,1,1,1,1,1,1
FREP-321828-Z,1,1,1,1,1,1
FREP-321833-G,1,1,1,1,1,1
FREP-321840-G,1,1,1,1,1,1
FREP-321848-G,1,1,1,1,1,1
FREP-321854-G,1,1,1,1,1,1
FREP-321864-Z,1,1,1,1,1,1
FREP-321867-J,1,1,1,1,1,1
FREP-321875-J,1,1,1,1,1,1
FREP-321876-J,1,1,1,1,1,1
FREP-321882-J,1,1,1,1,1,1
FREP-321891-Z,1,1,1,1,1,1
FREP-321894-G,1,1,1,1,1,1
FREP-321900-Z,1,1,1,1,1,1
FREP-321903-J,1,1,1,1,1,1
FREP-321904-J,1,1,1,1,1,1
FREP-321909-G,1,1,1,1,1,1
FREP-321935-J,1,1,1,1,1,1
FREP-321943-Z,1,1,1,1,1,1
FREP-321959-J,1,1,1,1,1,1
FREP-321968-G,1,1,1,1,1,1
FREP-321970-G,1,1,1,1,1,1
FREP-321979-G,1,1,1,1,1,1
FREP-321979-Z,1,1,1,1,1,1
FREP-321985-Z,1,1,1,1,1,1
FREP-322005-J,1,1,1,1,1,1
FREP-322013-Z,1,1,1,1,1,1
FREP-322014-Z,1,1,1,1,1,1
FREP-322016-J,1,1,1,1,1,1
FREP-322024-G,1,1,1,1,1,1
FREP-322026-Z,1,1,1,1,1,1
FREP-322035-Z,1,1,1,1,1,1
FREP-322038-Z,1,1,1,1,1,1
FREP-322042-G,1,1,1,1,1,1
FREP-322042-Z,1,1,1,1,1,1
FREP-322047-Z,1,1,1,1,1,1
FREP-322057-G,1,1,1,1,1,1
FREP-322060-Z,1,1,1,1,1,1
FREP-322063-Z,1,1,1,1,1,1
FREP-322077-Z,1,1,1,1,1,1
FREP-322079-G,1,1,1,1,1,1
FREP-322079-Z,1,1,1,1,1,1
FREP-322080-Z,1,1,1,1,1,1
FREP-322081-Z,1,1,1,1,1,1
FREP-322084-Z,1,1,1,1,1,1
FREP-322090-Z,1,1,1,1,1,1
FREP-322095-G,1,1,1,1,1,1
FREP-322098-G,1,1,1,1,1,1
FREP-322100-G,1,1,1,1,1,1
FREP-322101-J,1,1,1,1,1,1
FREP-322104-G,1,1,1,1,1,1
FREP-322105-G,1,1,1,1,1,1
FREP-322105-Z,1,1,1,1,1,1
FREP-322108-J,1,1,1,1,1,1
FREP-322116-G,1,1,1,1,1,1
FREP-322120-Z,1,1,1,1,1,1
FREP-322126-J,1,1,1,1,1,1
FREP-322133-J,1,1,1,1,1,1
FREP-322137-J,1,1,1,1,1,1
FREP-322143-G,1,1,1,1,1,1
FREP-322145-G,1,1,1,1,1,1
FREP-322164-G,1,1,1,1,1,1
FREP-322180-G,1,1,1,1,1,1
FREP-322191-G,1,1,1,1,1,1
FREP-322195-G,1,1,1,1,1,1
FREP-322196-G,1,1,1,1,1,1
FREP-322205-Z,1,1,1,1,1,1
FREP-322206-G,1,1,1,1,1,1
FREP-322213-G,1,1,1,1,1,1
FREP-322217-Z,1,1,1,1,1,1
FREP-322227-G,1,1,1,1,1,1
FREP-322229-G,1,1,1,1,1,1
FREP-322243-G,1,1,1,1,1,1
FREP-322248-G,1,1,1,1,1,1
FREP-322252-G,1,1,1,1,1,1
FREP-322253-G,1,1,1,1,1,1
FREP-322256-Z,1,1,1,1,1,1
FREP-322257-G,1,1,1,1,1,1
FREP-322264-J,1,1,1,1,1,1
FREP-322266-Z,1,1,1,1,1,1
FREP-322273-Z,1,1,1,1,1,1
FREP-322274-G,1,1,1,1,1,1
FREP-322274-Z,1,1,1,1,1,1
FREP-322282-Z,1,1,1,1,1,1
FREP-322283-J,1,1,1,1,1,1
FREP-322285-G,1,1,1,1,1,1
FREP-322287-G,1,1,1,1,1,1
FREP-322294-G,1,1,1,1,1,1
FREP-322298-J,1,1,1,1,1,1
FREP-322300-G,1,1,1,1,1,1
FREP-322301-Z,1,1,1,1,1,1
FREP-322320-J,1,1,1,1,1,1
FREP-322321-G,1,1,1,1,1,1
FREP-322332-G,1,1,1,1,1,1
FREP-322350-G,1,1,1,1,1,1
FREP-322361-J,1,1,1,1,1,1
FREP-322370-G,1,1,1,1,1,1
FREP-322376-Z,1,1,1,1,1,1
FREP-322381-J,1,1,1,1,1,1
FREP-322386-G,1,1,1,1,1,1
FREP-322395-J,1,1,1,1,1,1
FREP-322407-G,1,1,1,1,1,1
FREP-322420-G,1,1,1,1,1,1
FREP-322422-G,1,1,1,1,1,1
FREP-322443-G,1,1,1,1,1,1
FREP-322454-Z,1,1,1,1,1,1
FREP-322462-Z,1,1,1,1,1,1
FREP-322463-J,1,1,1,1,1,1
FREP-322464-J,1,1,1,1,1,1
FREP-322469-G,1,1,1,1,1,1
FREP-322474-J,1,1,1,1,1,1
FREP-322476-J,1,1,1,1,1,1
FREP-322477-Z,1,1,1,1,1,1
FREP-322478-Z,1,1,1,1,1,1
FREP-322479-Z,1,1,1,1,1,1
FREP-322480-G,1,1,1,1,1,1
FREP-322490-Z,1,1,1,1,1,1
FREP-322494-G,1,1,1,1,1,1
FREP-322495-Z,1,1,1,1,1,1
FREP-322499-G,1,1,1,1,1,1
FREP-322500-Z,1,1,1,1,1,1
FREP-322507-Z,1,1,1,1,1,1
FREP-322510-Z,1,1,1,1,1,1
FREP-322520-G,1,1,1,1,1,1
FREP-322535-Z,1,1,1,1,1,1
FREP-322542-J,1,1,1,1,1,1
FREP-322543-Z,1,1,1,1,1,1
FREP-322555-G,1,1,1,1,1,1
FREP-322566-Z,1,1,1,1,1,1
FREP-322581-G,1,1,1,1,1,1
FREP-322589-Z,1,1,1,1,1,1
FREP-322593-Z,1,1,1,1,1,1
FREP-322598-G,1,1,1,1,1,1
FREP-322602-Z,1,1,1,1,1,1
FREP-322605-G,1,1,1,1,1,1
FREP-322619-J,1,1,1,1,1,1
FREP-322632-G,1,1,1,1,1,1
FREP-322632-J,1,1,1,1,1,1
FREP-322634-G,1,1,1,1,1,1
FREP-322642-G,1,1,1,1,1,1
FREP-322648-G,1,1,1,1,1,1
FREP-322649-G,1,1,1,1,1,1
FREP-322657-Z,1,1,1,1,1,1
FREP-322664-G,1,1,1,1,1,1
FREP-322669-Z,1,1,1,1,1,1
FREP-322682-J,1,1,1,1,1,1
FREP-322685-J,1,1,1,1,1,1
FREP-322689-Z,1,1,1,1,1,1
FREP-322696-G,1,1,1,1,1,1
FREP-322696-Z,1,1,1,1,1,1
FREP-322706-Z,1,1,1,1,1,1
FREP-322713-J,1,1,1,1,1,1
FREP-322725-J,1,1,1,1,1,1
FREP-322731-Z,1,1,1,1,1,1
FREP-322732-G,1,1,1,1,1,1
FREP-322756-Z,1,1,1,1,1,1
FREP-322770-G,1,1,1,1,1,1
FREP-322782-G,1,1,1,1,1,1
FREP-322785-Z,1,1,1,1,1,1
FREP-322806-G,1,1,1,1,1,1
FREP-322809-Z,1,1,1,1,1,1
FREP-322812-G,1,1,1,1,1,1
FREP-322819-G,1,1,1,1,1,1
FREP-322822-G,1,1,1,1,1,1
FREP-322833-G,1,1,1,1,1,1
FREP-322834-G,1,1,1,1,1,1
FREP-322834-Z,1,1,1,1,1,1
FREP-322836-G,1,1,1,1,1,1
FREP-322839-G,1,1,1,1,1,1
FREP-322840-G,1,1,1,1,1,1
FREP-322843-G,1,1,1,1,1,1
FREP-322843-Z,1,1,1,1,1,1
FREP-322846-G,1,1,1,1,1,1
FREP-322850-G,1,1,1,1,1,1
FREP-322860-Z,1,1,1,1,1,1
FREP-322863-G,1,1,1,1,1,1
FREP-322864-G,1,1,1,1,1,1
FREP-322866-G,1,1,1,1,1,1
FREP-322869-Z,1,1,1,1,1,1
FREP-322870-G,1,1,1,1,1,1
FREP-322875-J,1,1,1,1,1,1
FREP-322881-Z,1,1,1,1,1,1
FREP-322883-Z,1,1,1,1,1,1
FREP-322890-G,1,1,1,1,1,1
FREP-322893-G,1,1,1,1,1,1
FREP-322894-G,1,1,1,1,1,1
FREP-322897-G,1,1,1,1,1,1
FREP-322901-J,1,1,1,1,1,1
FREP-322907-J,1,1,1,1,1,1
FREP-322915-J,1,1,1,1,1,1
FREP-322927-G,1,1,1,1,1,1
FREP-322931-J,1,1,1,1,1,1
FREP-322935-Z,1,1,1,1,1,1
FREP-322937-Z,1,1,1,1,1,1
FREP-322940-G,1,1,1,1,1,1
FREP-322941-Z,1,1,1,1,1,1
FREP-322943-G,1,1,1,1,1,1
FREP-322953-J,1,1,1,1,1,1
FREP-322970-G,1,1,1,1,1,1
FREP-322981-Z,1,1,1,1,1,1
FREP-322984-Z,1,1,1,1,1,1
FREP-322999-Z,1,1,1,1,1,1
FREP-323019-J,1,1,1,1,1,1
FREP-323032-G,1,1,1,1,1,1
FREP-323042-G,1,1,1,1,1,1
FREP-323055-G,1,1,1,1,1,1
FREP-323060-Z,1,1,1,1,1,1
FREP-323071-G,1,1,1,1,1,1
FREP-323072-G,1,1,1,1,1,1
FREP-323078-Z,1,1,1,1,1,1
FREP-323080-G,1,1,1,1,1,1
FREP-323082-Z,1,1,1,1,1,1
FREP-323084-Z,1,1,1,1,1,1
FREP-323086-Z,1,1,1,1,1,1
FREP-323087-Z,1,1,1,1,1,1
FREP-323094-G,1,1,1,1,1,1
FREP-323096-J,1,1,1,1,1,1
FREP-323100-Z,1,1,1,1,1,1
FREP-323102-G,1,1,1,1,1,1
FREP-323105-G,1,1,1,1,1,1
FREP-323117-Z,1,1,1,1,1,1
FREP-323121-Z,1,1,1,1,1,1
FREP-323163-Z,1,1,1,1,1,1
FREP-323164-G,1,1,1,1,1,1
FREP-323167-Z,1,1,1,1,1,1
FREP-323173-G,1,1,1,1,1,1
FREP-323181-G,1,1,1,1,1,1
FREP-323181-J,1,1,1,1,1,1
FREP-323185-Z,1,1,1,1,1,1
FREP-323193-J,1,1,1,1,1,1
FREP-323200-J,1,1,1,1,1,1
FREP-323213-Z,1,1,1,1,1,1
FREP-323214-J,1,1,1,1,1,1
FREP-323217-J,1,1,1,1,1,1
FREP-323226-Z,1,1,1,1,1,1
FREP-323231-Z,1,1,1,1,1,1
FREP-323254-Z,1,1,1,1,1,1
FREP-323264-Z,1,1,1,1,1,1
FREP-323281-G,1,1,1,1,1,1
FREP-323284-G,1,1,1,1,1,1
FREP-323286-Z,1,1,1,1,1,1
FREP-323289-J,1,1,1,1,1,1
FREP-323293-G,1,1,1,1,1,1
FREP-323294-J,1,1,1,1,1,1
FREP-323294-Z,1,1,1,1,1,1
FREP-323308-G,1,1,1,1,1,1
FREP-323321-G,1,1,1,1,1,1
FREP-323327-G,1,1,1,1,1,1
FREP-323328-G,1,1,1,1,1,1
FREP-323330-Z,1,1,1,1,1,1
FREP-323331-G,1,1,1,1,1,1
FREP-323335-G,1,1,1,1,1,1
FREP-323335-Z,1,1,1,1,1,1
FREP-323342-Z,1,1,1,1,1,1
FREP-323386-J,1,1,1,1,1,1
FREP-323396-J,1,1,1,1,1,1
FREP-323400-G,1,1,1,1,1,1
FREP-323402-J,1,1,1,1,1,1
FREP-323405-Z,1,1,1,1,1,1
FREP-323415-J,1,1,1,1,1,1
FREP-323418-J,1,1,1,1,1,1
FREP-323423-J,1,1,1,1,1,1
FREP-323429-G,1,1,1,1,1,1
FREP-323452-G,1,1,1,1,1,1
FREP-323453-J,1,1,1,1,1,1
FREP-323457-G,1,1,1,1,1,1
FREP-323458-Z,1,1,1,1,1,1
FREP-323467-G,1,1,1,1,1,1
FREP-323469-G,1,1,1,1,1,1
FREP-323472-G,1,1,1,1,1,1
FREP-323480-G,1,1,1,1,1,1
FREP-323491-G,1,1,1,1,1,1
FREP-323492-G,1,1,1,1,1,1
FREP-323497-J,1,1,1,1,1,1
FREP-323500-Z,1,1,1,1,1,1
FREP-323501-G,1,1,1,1,1,1
FREP-323505-J,1,1,1,1,1,1
FREP-323506-J,1,1,1,1,1,1
FREP-323507-J,1,1,1,1,1,1
FREP-323511-J,1,1,1,1,1,1
FREP-323542-G,1,1,1,1,1,1
FREP-323558-Z,1,1,1,1,1,1
FREP-323570-J,1,1,1,1,1,1
FREP-323578-Z,1,1,1,1,1,1
FREP-323585-J,1,1,1,1,1,1
FREP-323588-Z,1,1,1,1,1,1
FREP-323594-J,1,1,1,1,1,1
FREP-323601-G,1,1,1,1,1,1
FREP-323617-G,1,1,1,1,1,1
FREP-323633-G,1,1,1,1,1,1
FREP-323637-G,1,1,1,1,1,1
FREP-323647-G,1,1,1,1,1,1
FREP-323661-J,1,1,1,1,1,1
FREP-323667-J,1,1,1,1,1,1
FREP-323670-G,1,1,1,1,1,1
FREP-323676-J,1,1,1,1,1,1
FREP-323689-G,1,1,1,1,1,1
FREP-323690-G,1,1,1,1,1,1
FREP-323695-G,1,1,1,1,1,1
FREP-323702-J,1,1,1,1,1,1
FREP-323710-G,1,1,1,1,1,1
FREP-323713-J,1,1,1,1,1,1
FREP-323722-G,1,1,1,1,1,1
FREP-323741-G,1,1,1,1,1,1
FREP-323751-G,1,1,1,1,1,1
FREP-323764-G,1,1,1,1,1,1
FREP-323766-J,1,1,1,1,1,1
FREP-323769-J,1,1,1,1,1,1
FREP-323770-G,1,1,1,1,1,1
FREP-323771-G,1,1,1,1,1,1
FREP-323779-G,1,1,1,1,1,1
FREP-323786-J,1,1,1,1,1,1
FREP-323794-G,1,1,1,1,1,1
FREP-323795-Z,1,1,1,1,1,1
FREP-323800-J,1,1,1,1,1,1
FREP-323801-J,1,1,1,1,1,1
FREP-323820-Z,1,1,1,1,1,1
FREP-323824-Z,1,1,1,1,1,1
FREP-323833-Z,1,1,1,1,1,1
FREP-323839-Z,1,1,1,1,1,1
FREP-323842-J,1,1,1,1,1,1
FREP-323847-G,1,1,1,1,1,1
FREP-323848-J,1,1,1,1,1,1
FREP-323851-G,1,1,1,1,1,1
FREP-323851-Z,1,1,1,1,1,1
FREP-323858-Z,1,1,1,1,1,1
FREP-323861-Z,1,1,1,1,1,1
FREP-323897-G,1,1,1,1,1,1
FREP-323919-G,1,1,1,1,1,1
FREP-323920-J,1,1,1,1,1,1
FREP-323923-G,1,1,1,1,1,1
FREP-323928-G,1,1,1,1,1,1
FREP-323947-G,1,1,1,1,1,1
FREP-323951-J,1,1,1,1,1,1
FREP-323966-Z,1,1,1,1,1,1
FREP-323973-G,1,1,1,1,1,1
FREP-323980-G,1,1,1,1,1,1
FREP-323999-J,1,1,1,1,1,1
FREP-324001-J,1,1,1,1,1,1
FREP-324003-Z,1,1,1,1,1,1
FREP-324024-G,1,1,1,1,1,1
FREP-324025-J,1,1,1,1,1,1
FREP-324026-G,1,1,1,1,1,1
FREP-324027-G,1,1,1,1,1,1
FREP-324027-J,1,1,1,1,1,1
FREP-324031-J,1,1,1,1,1,1
FREP-324039-Z,1,1,1,1,1,1
FREP-324042-Z,1,1,1,1,1,1
FREP-324057-J,1,1,1,1,1,1
FREP-324064-J,1,1,1,1,1,1
FREP-324066-J,1,1,1,1,1,1
FREP-324067-Z,1,1,1,1,1,1
FREP-324069-Z,1,1,1,1,1,1
FREP-324080-G,1,1,1,1,1,1
FREP-324081-J,1,1,1,1,1,1
FREP-324084-Z,1,1,1,1,1,1
FREP-324088-Z,1,1,1,1,1,1
FREP-324089-Z,1,1,1,1,1,1
FREP-324090-Z,1,1,1,1,1,1
FREP-324092-J,1,1,1,1,1,1
FREP-324098-G,1,1,1,1,1,1
FREP-324105-J,1,1,1,1,1,1
FREP-324106-Z,1,1,1,1,1,1
FREP-324107-Z,1,1,1,1,1,1
FREP-324108-J,1,1,1,1,1,1
FREP-324114-Z,1,1,1,1,1,1
FREP-324119-Z,1,1,1,1,1,1
FREP-324125-Z,1,1,1,1,1,1
FREP-324137-Z,1,1,1,1,1,1
FREP-324138-Z,1,1,1,1,1,1
FREP-324139-G,1,1,1,1,1,1
FREP-324139-Z,1,1,1,1,1,1
FREP-324140-Z,1,1,1,1,1,1
FREP-324149-Z,1,1,1,1,1,1
FREP-324152-J,1,1,1,1,1,1
FREP-324157-G,1,1,1,1,1,1
FREP-324159-G,1,1,1,1,1,1
FREP-324159-Z,1,1,1,1,1,1
FREP-324163-G,1,1,1,1,1,1
FREP-324172-J,1,1,1,1,1,1
FREP-324175-J,1,1,1,1,1,1
FREP-324175-Z,1,1,1,1,1,1
FREP-324178-Z,1,1,1,1,1,1
FREP-324180-G,1,1,1,1,1,1
FREP-324182-Z,1,1,1,1,1,1
FREP-324194-Z,1,1,1,1,1,1
FREP-324195-Z,1,1,1,1,1,1
FREP-324198-Z,1,1,1,1,1,1
FREP-324218-Z,1,1,1,1,1,1
FREP-324222-Z,1,1,1,1,1,1
FREP-324241-Z,1,1,1,1,1,1
FREP-324249-Z,1,1,1,1,1,1
FREP-324251-G,1,1,1,1,1,1
FREP-324266-Z,1,1,1,1,1,1
FREP-324267-Z,1,1,1,1,1,1
FREP-324272-Z,1,1,1,1,1,1
FREP-324274-G,1,1,1,1,1,1
FREP-324283-G,1,1,1,1,1,1
FREP-324300-G,1,1,1,1,1,1
FREP-324304-J,1,1,1,1,1,1
FREP-324305-Z,1,1,1,1,1,1
FREP-324313-Z,1,1,1,1,1,1
FREP-324322-Z,1,1,1,1,1,1
FREP-324323-G,1,1,1,1,1,1
FREP-324326-G,1,1,1,1,1,1
FREP-324328-G,1,1,1,1,1,1
FREP-324333-Z,1,1,1,1,1,1
FREP-324335-G,1,1,1,1,1,1
FREP-324335-Z,1,1,1,1,1,1
FREP-324336-Z,1,1,1,1,1,1
FREP-324340-Z,1,1,1,1,1,1
FREP-324343-G,1,1,1,1,1,1
FREP-324353-J,1,1,1,1,1,1
FREP-324393-G,1,1,1,1,1,1
FREP-324394-G,1,1,1,1,1,1
FREP-324398-Z,1,1,1,1,1,1
FREP-324399-Z,1,1,1,1,1,1
FREP-324401-G,1,1,1,1,1,1
FREP-324403-J,1,1,1,1,1,1
FREP-324416-Z,1,1,1,1,1,1
FREP-324418-G,1,1,1,1,1,1
FREP-324436-G,1,1,1,1,1,1
FREP-324436-Z,1,1,1,1,1,1
FREP-324440-G,1,1,1,1,1,1
FREP-324441-Z,1,1,1,1,1,1
FREP-324453-Z,1,1,1,1,1,1
FREP-324454-Z,1,1,1,1,1,1
FREP-324458-G,1,1,1,1,1,1
FREP-324462-J,1,1,1,1,1,1
FREP-324466-G,1,1,1,1,1,1
FREP-324482-J,1,1,1,1,1,1
FREP-324488-G,1,1,1,1,1,1
FREP-324494-G,1,1,1,1,1,1
FREP-324507-G,1,1,1,1,1,1
FREP-324511-G,1,1,1,1,1,1
FREP-324515-G,1,1,1,1,1,1
FREP-324516-J,1,1,1,1,1,1
FREP-324518-Z,1,1,1,1,1,1
FREP-324520-Z,1,1,1,1,1,1
FREP-324528-J,1,1,1,1,1,1
FREP-324529-Z,1,1,1,1,1,1
FREP-324534-G,1,1,1,1,1,1
FREP-324539-G,1,1,1,1,1,1
FREP-324539-Z,1,1,1,1,1,1
FREP-324540-Z,1,1,1,1,1,1
FREP-324549-G,1,1,1,1,1,1
FREP-324554-J,1,1,1,1,1,1
FREP-324566-Z,1,1,1,1,1,1
FREP-324567-G,1,1,1,1,1,1
FREP-324593-G,1,1,1,1,1,1
FREP-324593-J,1,1,1,1,1,1
FREP-324600-J,1,1,1,1,1,1
FREP-324609-Z,1,1,1,1,1,1
FREP-324621-Z,1,1,1,1,1,1
FREP-324632-Z,1,1,1,1,1,1
FREP-324633-J,1,1,1,1,1,1
FREP-324651-G,1,1,1,1,1,1
FREP-324655-J,1,1,1,1,1,1
FREP-324683-G,1,1,1,1,1,1
FREP-324705-J,1,1,1,1,1,1
FREP-324707-Z,1,1,1,1,1,1
FREP-324708-G,1,1,1,1,1,1
FREP-324711-J,1,1,1,1,1,1
FREP-324712-G,1,1,1,1,1,1
FREP-324716-J,1,1,1,1,1,1
FREP-324723-G,1,1,1,1,1,1
FREP-324724-J,1,1,1,1,1,1
FREP-324728-J,1,1,1,1,1,1
FREP-324734-Z,1,1,1,1,1,1
FREP-324736-J,1,1,1,1,1,1
FREP-324752-Z,1,1,1,1,1,1
FREP-324753-Z,1,1,1,1,1,1
FREP-324755-Z,1,1,1,1,1,1
FREP-324765-G,1,1,1,1,1,1
FREP-324794-Z,1,1,1,1,1,1
FREP-324800-J,1,1,1,1,1,1
FREP-324801-Z,1,1,1,1,1,1
FREP-324802-J,1,1,1,1,1,1
FREP-324806-J,1,1,1,1,1,1
FREP-324806-Z,1,1,1,1,1,1
FREP-324809-G,1,1,1,1,1,1
FREP-324813-Z,1,1,1,1,1,1
FREP-324816-G,1,1,1,1,1,1
FREP-324829-G,1,1,1,1,1,1
FREP-324867-Z,1,1,1,1,1,1
FREP-324882-Z,1,1,1,1,1,1
FREP-324894-G,1,1,1,1,1,1
FREP-324912-Z,1,1,1,1,1,1
FREP-324915-J,1,1,1,1,1,1
FREP-324917-Z,1,1,1,1,1,1
FREP-324918-J,1,1,1,1,1,1
FREP-324921-Z,1,1,1,1,1,1
FREP-324928-J,1,1,1,1,1,1
FREP-324938-J,1,1,1,1,1,1
FREP-324948-Z,1,1,1,1,1,1
FREP-324960-J,1,1,1,1,1,1
FREP-324963-J,1,1,1,1,1,1
FREP-324964-Z,1,1,1,1,1,1
FREP-324970-G,1,1,1,1,1,1
FREP-324977-Z,1,1,1,1,1,1
FREP-324983-J,1,1,1,1,1,1
FREP-324983-Z,1,1,1,1,1,1
FREP-324994-J,1,1,1,1,1,1
FREP-324995-Z,1,1,1,1,1,1
FREP-324998-J,1,1,1,1,1,1
FREP-325001-Z,1,1,1,1,1,1
FREP-325004-J,1,1,1,1,1,1
FREP-325009-Z,1,1,1,1,1,1
FREP-325016-J,1,1,1,1,1,1
FREP-325021-G,1,1,1,1,1,1
FREP-325036-G,1,1,1,1,1,1
FREP-325040-J,1,1,1,1,1,1
FREP-325052-J,1,1,1,1,1,1
FREP-325063-G,1,1,1,1,1,1
FREP-325065-J,1,1,1,1,1,1
FREP-325067-J,1,1,1,1,1,1
FREP-325078-Z,1,1,1,1,1,1
FREP-325090-J,1,1,1,1,1,1
FREP-325094-J,1,1,1,1,1,1
FREP-325095-G,1,1,1,1,1,1
FREP-325103-G,1,1,1,1,1,1
FREP-325107-J,1,1,1,1,1,1
FREP-325108-Z,1,1,1,1,1,1
FREP-325109-J,1,1,1,1,1,1
FREP-325114-Z,1,1,1,1,1,1
FREP-325120-G,1,1,1,1,1,1
FREP-325131-Z,1,1,1,1,1,1
FREP-325132-Z,1,1,1,1,1,1
FREP-325139-J,1,1,1,1,1,1
FREP-325142-J,1,1,1,1,1,1
FREP-325147-J,1,1,1,1,1,1
FREP-325155-Z,1,1,1,1,1,1
FREP-325176-J,1,1,1,1,1,1
FREP-325178-G,1,1,1,1,1,1
FREP-325178-Z,1,1,1,1,1,1
FREP-325179-Z,1,1,1,1,1,1
FREP-325200-J,1,1,1,1,1,1
FREP-325229-G,1,1,1,1,1,1
FREP-325230-G,1,1,1,1,1,1
FREP-325260-J,1,1,1,1,1,1
FREP-325261-G,1,1,1,1,1,1
FREP-325278-G,1,1,1,1,1,1
FREP-325294-G,1,1,1,1,1,1
FREP-325323-G,1,1,1,1,1,1
FREP-325334-G,1,1,1,1,1,1
FREP-325355-Z,1,1,1,1,1,1
FREP-325356-Z,1,1,1,1,1,1
FREP-325361-Z,1,1,1,1,1,1
FREP-325362-G,1,1,1,1,1,1
FREP-325362-Z,1,1,1,1,1,1
FREP-325363-Z,1,1,1,1,1,1
FREP-325368-G,1,1,1,1,1,1
FREP-325376-G,1,1,1,1,1,1
FREP-325379-Z,1,1,1,1,1,1
FREP-325380-Z,1,1,1,1,1,1
FREP-325383-Z,1,1,1,1,1,1
FREP-325384-Z,1,1,1,1,1,1
FREP-325385-Z,1,1,1,1,1,1
FREP-325388-G,1,1,1,1,1,1
FREP-325400-Z,1,1,1,1,1,1
FREP-325405-G,1,1,1,1,1,1
FREP-325408-G,1,1,1,1,1,1
FREP-325431-Z,1,1,1,1,1,1
FREP-325438-G,1,1,1,1,1,1
FREP-325439-Z,1,1,1,1,1,1
FREP-325451-G,1,1,1,1,1,1
FREP-325462-G,1,1,1,1,1,1
FREP-325468-J,1,1,1,1,1,1
FREP-325470-J,1,1,1,1,1,1
FREP-325491-Z,1,1,1,1,1,1
FREP-325495-Z,1,1,1,1,1,1
FREP-325502-G,1,1,1,1,1,1
FREP-325508-J,1,1,1,1,1,1
FREP-325509-G,1,1,1,1,1,1
FREP-325515-J,1,1,1,1,1,1
FREP-325520-J,1,1,1,1,1,1
FREP-325523-J,1,1,1,1,1,1
FREP-325527-G,1,1,1,1,1,1
FREP-325528-J,1,1,1,1,1,1
FREP-325533-G,1,1,1,1,1,1
FREP-325544-J,1,1,1,1,1,1
FREP-325560-J,1,1,1,1,1,1
FREP-325583-Z,1,1,1,1,1,1
FREP-325588-G,1,1,1,1,1,1
FREP-325597-G,1,1,1,1,1,1
FREP-325617-J,1,1,1,1,1,1
FREP-325617-Z,1,1,1,1,1,1
FREP-325619-Z,1,1,1,1,1,1
FREP-325628-Z,1,1,1,1,1,1
FREP-325632-Z,1,1,1,1,1,1
FREP-325645-G,1,1,1,1,1,1
FREP-325670-J,1,1,1,1,1,1
FREP-325679-G,1,1,1,1,1,1
FREP-325684-G,1,1,1,1,1,1
FREP-325688-G,1,1,1,1,1,1
FREP-325690-G,1,1,1,1,1,1
FREP-325691-Z,1,1,1,1,1,1
FREP-325700-G,1,1,1,1,1,1
FREP-325723-G,1,1,1,1,1,1
FREP-325749-Z,1,1,1,1,1,1
FREP-325755-Z,1,1,1,1,1,1
FREP-325763-J,1,1,1,1,1,1
FREP-325764-G,1,1,1,1,1,1
FREP-325772-J,1,1,1,1,1,1
FREP-325780-G,1,1,1,1,1,1
FREP-325781-G,1,1,1,1,1,1
FREP-325804-Z,1,1,1,1,1,1
FREP-325834-Z,1,1,1,1,1,1
FREP-325850-Z,1,1,1,1,1,1
FREP-325859-Z,1,1,1,1,1,1
FREP-325860-Z,1,1,1,1,1,1
FREP-325870-Z,1,1,1,1,1,1
FREP-325927-G,1,1,1,1,1,1
FREP-325929-Z,1,1,1,1,1,1
FREP-325934-Z,1,1,1,1,1,1
FREP-325940-G,1,1,1,1,1,1
FREP-325942-G,1,1,1,1,1,1
FREP-325946-G,1,1,1,1,1,1
FREP-325949-J,1,1,1,1,1,1
FREP-325952-G,1,1,1,1,1,1
FREP-325984-J,1,1,1,1,1,1
FREP-325988-J,1,1,1,1,1,1
FREP-326001-J,1,1,1,1,1,1
FREP-326010-G,1,1,1,1,1,1
FREP-326017-J,1,1,1,1,1,1
FREP-326032-Z,1,1,1,1,1,1
FREP-326059-Z,1,1,1,1,1,1
FREP-326062-Z,1,1,1,1,1,1
FREP-326063-Z,1,1,1,1,1,1
FREP-326069-Z,1,1,1,1,1,1
FREP-326071-J,1,1,1,1,1,1
FREP-326073-G,1,1,1,1,1,1
FREP-326079-G,1,1,1,1,1,1
FREP-326084-Z,1,1,1,1,1,1
FREP-326089-G,1,1,1,1,1,1
FREP-326092-Z,1,1,1,1,1,1
FREP-326097-G,1,1,1,1,1,1
FREP-326105-J,1,1,1,1,1,1
FREP-326105-Z,1,1,1,1,1,1
FREP-326107-J,1,1,1,1,1,1
FREP-326118-J,1,1,1,1,1,1
FREP-326122-J,1,1,1,1,1,1
FREP-326129-Z,1,1,1,1,1,1
FREP-326138-Z,1,1,1,1,1,1
FREP-326139-G,1,1,1,1,1,1
FREP-326144-J,1,1,1,1,1,1
FREP-326160-G,1,1,1,1,1,1
FREP-326168-Z,1,1,1,1,1,1
FREP-326171-Z,1,1,1,1,1,1
FREP-326172-Z,1,1,1,1,1,1
FREP-326173-G,1,1,1,1,1,1
FREP-326173-Z,1,1,1,1,1,1
FREP-326177-Z,1,1,1,1,1,1
FREP-326178-J,1,1,1,1,1,1
FREP-326187-J,1,1,1,1,1,1
FREP-326190-J,1,1,1,1,1,1
FREP-326197-J,1,1,1,1,1,1
FREP-326206-J,1,1,1,1,1,1
FREP-326209-J,1,1,1,1,1,1
FREP-326211-G,1,1,1,1,1,1
FREP-326218-Z,1,1,1,1,1,1
FREP-326227-Z,1,1,1,1,1,1
FREP-326232-Z,1,1,1,1,1,1
FREP-326237-Z,1,1,1,1,1,1
FREP-326242-G,1,1,1,1,1,1
FREP-326249-G,1,1,1,1,1,1
FREP-326255-J,1,1,1,1,1,1
FREP-326257-G,1,1,1,1,1,1
FREP-326257-Z,1,1,1,1,1,1
FREP-326264-G,1,1,1,1,1,1
FREP-326264-J,1,1,1,1,1,1
FREP-326270-G,1,1,1,1,1,1
FREP-326276-Z,1,1,1,1,1,1
FREP-326280-G,1,1,1,1,1,1
FREP-326289-G,1,1,1,1,1,1
FREP-326300-G,1,1,1,1,1,1
FREP-326302-J,1,1,1,1,1,1
FREP-326303-J,1,1,1,1,1,1
FREP-326306-Z,1,1,1,1,1,1
FREP-326307-G,1,1,1,1,1,1
FREP-326315-G,1,1,1,1,1,1
FREP-326321-G,1,1,1,1,1,1
FREP-326327-G,1,1,1,1,1,1
FREP-326329-G,1,1,1,1,1,1
FREP-326340-G,1,1,1,1,1,1
FREP-326346-G,1,1,1,1,1,1
FREP-326358-G,1,1,1,1,1,1
FREP-326361-Z,1,1,1,1,1,1
FREP-326364-G,1,1,1,1,1,1
FREP-326367-G,1,1,1,1,1,1
FREP-326368-G,1,1,1,1,1,1
FREP-326370-Z,1,1,1,1,1,1
FREP-326373-Z,1,1,1,1,1,1
FREP-326398-Z,1,1,1,1,1,1
FREP-326428-G,1,1,1,1,1,1
FREP-326432-G,1,1,1,1,1,1
FREP-326474-Z,1,1,1,1,1,1
FREP-326478-G,1,1,1,1,1,1
FREP-326483-Z,1,1,1,1,1,1
FREP-326485-J,1,1,1,1,1,1
FREP-326486-G,1,1,1,1,1,1
FREP-326492-Z,1,1,1,1,1,1
FREP-326517-J,1,1,1,1,1,1
FREP-326530-Z,1,1,1,1,1,1
FREP-326533-Z,1,1,1,1,1,1
FREP-326541-J,1,1,1,1,1,1
FREP-326545-G,1,1,1,1,1,1
FREP-326550-G,1,1,1,1,1,1
FREP-326551-Z,1,1,1,1,1,1
FREP-326552-G,1,1,1,1,1,1
FREP-326557-J,1,1,1,1,1,1
FREP-326570-J,1,1,1,1,1,1
FREP-326571-J,1,1,1,1,1,1
FREP-326572-G,1,1,1,1,1,1
FREP-326578-J,1,1,1,1,1,1
FREP-326581-Z,1,1,1,1,1,1
FREP-326582-Z,1,1,1,1,1,1
FREP-326588-J,1,1,1,1,1,1
FREP-326589-Z,1,1,1,1,1,1
FREP-326591-J,1,1,1,1,1,1
FREP-326592-G,1,1,1,1,1,1
FREP-326598-Z,1,1,1,1,1,1
FREP-326599-J,1,1,1,1,1,1
FREP-326603-Z,1,1,1,1,1,1
FREP-326606-Z,1,1,1,1,1,1
FREP-326608-J,1,1,1,1,1,1
FREP-326610-Z,1,1,1,1,1,1
FREP-326612-Z,1,1,1,1,1,1
FREP-326613-Z,1,1,1,1,1,1
FREP-326623-Z,1,1,1,1,1,1
FREP-326624-Z,1,1,1,1,1,1
FREP-326642-G,1,1,1,1,1,1
FREP-326642-Z,1,1,1,1,1,1
FREP-326643-Z,1,1,1,1,1,1
FREP-326649-J,1,1,1,1,1,1
FREP-326652-J,1,1,1,1,1,1
FREP-326657-G,1,1,1,1,1,1
FREP-326662-Z,1,1,1,1,1,1
FREP-326664-G,1,1,1,1,1,1
FREP-326668-G,1,1,1,1,1,1
FREP-326674-J,1,1,1,1,1,1
FREP-326678-J,1,1,1,1,1,1
FREP-326688-G,1,1,1,1,1,1
FREP-326691-G,1,1,1,1,1,1
FREP-326704-G,1,1,1,1,1,1
FREP-326704-J,1,1,1,1,1,1
FREP-326709-Z,1,1,1,1,1,1
FREP-326712-G,1,1,1,1,1,1
FREP-326726-Z,1,1,1,1,1,1
FREP-326740-G,1,1,1,1,1,1
FREP-326768-G,1,1,1,1,1,1
FREP-326785-Z,1,1,1,1,1,1
FREP-326786-J,1,1,1,1,1,1
FREP-326786-Z,1,1,1,1,1,1
FREP-326791-Z,1,1,1,1,1,1
FREP-326793-J,1,1,1,1,1,1
FREP-326818-J,1,1,1,1,1,1
FREP-326824-J,1,1,1,1,1,1
FREP-326830-J,1,1,1,1,1,1
FREP-326839-G,1,1,1,1,1,1
FREP-326843-G,1,1,1,1,1,1
FREP-326845-J,1,1,1,1,1,1
FREP-326847-G,1,1,1,1,1,1
FREP-326848-G,1,1,1,1,1,1
FREP-326856-G,1,1,1,1,1,1
FREP-326858-G,1,1,1,1,1,1
FREP-326859-Z,1,1,1,1,1,1
FREP-326866-J,1,1,1,1,1,1
FREP-326871-G,1,1,1,1,1,1
FREP-326874-G,1,1,1,1,1,1
FREP-326876-G,1,1,1,1,1,1
FREP-326881-G,1,1,1,1,1,1
FREP-326881-Z,1,1,1,1,1,1
FREP-326887-G,1,1,1,1,1,1
FREP-326895-G,1,1,1,1,1,1
FREP-326897-G,1,1,1,1,1,1
FREP-326898-J,1,1,1,1,1,1
FREP-326903-Z,1,1,1,1,1,1
FREP-326907-G,1,1,1,1,1,1
FREP-326915-G,1,1,1,1,1,1
FREP-326915-J,1,1,1,1,1,1
FREP-326920-G,1,1,1,1,1,1
FREP-326923-J,1,1,1,1,1,1
FREP-326934-Z,1,1,1,1,1,1
FREP-326943-J,1,1,1,1,1,1
FREP-326949-G,1,1,1,1,1,1
FREP-326954-J,1,1,1,1,1,1
FREP-326961-G,1,1,1,1,1,1
FREP-326983-J,1,1,1,1,1,1
FREP-326995-J,1,1,1,1,1,1
FREP-327019-Z,1,1,1,1,1,1
FREP-327024-J,1,1,1,1,1,1
FREP-327027-Z,1,1,1,1,1,1
FREP-327028-Z,1,1,1,1,1,1
FREP-327035-G,1,1,1,1,1,1
FREP-327038-J,1,1,1,1,1,1
FREP-327039-G,1,1,1,1,1,1
FREP-327040-G,1,1,1,1,1,1
FREP-327040-J,1,1,1,1,1,1
FREP-327063-G,1,1,1,1,1,1
FREP-327080-J,1,1,1,1,1,1
FREP-327081-J,1,1,1,1,1,1
FREP-327090-J,1,1,1,1,1,1
FREP-327101-Z,1,1,1,1,1,1
FREP-327103-G,1,1,1,1,1,1
FREP-327116-G,1,1,1,1,1,1
FREP-327121-Z,1,1,1,1,1,1
FREP-327124-G,1,1,1,1,1,1
FREP-327126-Z,1,1,1,1,1,1
FREP-327129-G,1,1,1,1,1,1
FREP-327130-G,1,1,1,1,1,1
FREP-327131-Z,1,1,1,1,1,1
FREP-327137-Z,1,1,1,1,1,1
FREP-327149-G,1,1,1,1,1,1
FREP-327156-G,1,1,1,1,1,1
FREP-327157-Z,1,1,1,1,1,1
FREP-327159-J,1,1,1,1,1,1
FREP-327159-Z,1,1,1,1,1,1
FREP-327160-G,1,1,1,1,1,1
FREP-327163-Z,1,1,1,1,1,1
FREP-327189-G,1,1,1,1,1,1
FREP-327191-G,1,1,1,1,1,1
FREP-327191-Z,1,1,1,1,1,1
FREP-327203-G,1,1,1,1,1,1
FREP-327206-Z,1,1,1,1,1,1
FREP-327234-J,1,1,1,1,1,1
FREP-327242-G,1,1,1,1,1,1
FREP-327246-G,1,1,1,1,1,1
FREP-327264-J,1,1,1,1,1,1
FREP-327279-G,1,1,1,1,1,1
FREP-327283-G,1,1,1,1,1,1
FREP-327290-G,1,1,1,1,1,1
FREP-327317-Z,1,1,1,1,1,1
FREP-327329-J,1,1,1,1,1,1
FREP-327330-Z,1,1,1,1,1,1
FREP-327334-J,1,1,1,1,1,1
FREP-327334-Z,1,1,1,1,1,1
FREP-327335-J,1,1,1,1,1,1
FREP-327344-Z,1,1,1,1,1,1
FREP-327346-J,1,1,1,1,1,1
FREP-327347-G,1,1,1,1,1,1
FREP-327347-J,1,1,1,1,1,1
FREP-327347-Z,1,1,1,1,1,1
FREP-327349-Z,1,1,1,1,1,1
FREP-327353-Z,1,1,1,1,1,1
FREP-327355-Z,1,1,1,1,1,1
FREP-327356-Z,1,1,1,1,1,1
FREP-327359-Z,1,1,1,1,1,1
FREP-327369-J,1,1,1,1,1,1
FREP-327373-Z,1,1,1,1,1,1
FREP-327381-Z,1,1,1,1,1,1
FREP-327382-J,1,1,1,1,1,1
FREP-327398-J,1,1,1,1,1,1
FREP-327411-J,1,1,1,1,1,1
FREP-327416-J,1,1,1,1,1,1
FREP-327418-J,1,1,1,1,1,1
FREP-327428-J,1,1,1,1,1,1
FREP-327429-G,1,1,1,1,1,1
FREP-327445-J,1,1,1,1,1,1
FREP-327449-J,1,1,1,1,1,1
FREP-327463-Z,1,1,1,1,1,1
FREP-327464-G,1,1,1,1,1,1
FREP-327471-J,1,1,1,1,1,1
FREP-327488-Z,1,1,1,1,1,1
FREP-327492-Z,1,1,1,1,1,1
FREP-327494-J,1,1,1,1,1,1
FREP-327520-J,1,1,1,1,1,1
FREP-327523-J,1,1,1,1,1,1
FREP-327524-J,1,1,1,1,1,1
FREP-327527-Z,1,1,1,1,1,1
FREP-327529-G,1,1,1,1,1,1
FREP-327547-J,1,1,1,1,1,1
FREP-327555-J,1,1,1,1,1,1
FREP-327556-G,1,1,1,1,1,1
FREP-327563-Z,1,1,1,1,1,1
FREP-327564-J,1,1,1,1,1,1
FREP-327575-Z,1,1,1,1,1,1
FREP-327577-J,1,1,1,1,1,1
FREP-327580-G,1,1,1,1,1,1
FREP-327583-G,1,1,1,1,1,1
FREP-327585-J,1,1,1,1,1,1
FREP-327608-J,1,1,1,1,1,1
FREP-327611-G,1,1,1,1,1,1
FREP-327625-J,1,1,1,1,1,1
FREP-327628-Z,1,1,1,1,1,1
FREP-327630-J,1,1,1,1,1,1
FREP-327631-G,1,1,1,1,1,1
FREP-327649-J,1,1,1,1,1,1
FREP-327653-J,1,1,1,1,1,1
FREP-327654-Z,1,1,1,1,1,1
FREP-327656-J,1,1,1,1,1,1
FREP-327661-J,1,1,1,1,1,1
FREP-327668-Z,1,1,1,1,1,1
FREP-327669-Z,1,1,1,1,1,1
FREP-327687-J,1,1,1,1,1,1
FREP-327687-Z,1,1,1,1,1,1
FREP-327693-Z,1,1,1,1,1,1
FREP-327698-G,1,1,1,1,1,1
FREP-327701-J,1,1,1,1,1,1
FREP-327710-Z,1,1,1,1,1,1
FREP-327714-J,1,1,1,1,1,1
FREP-327716-J,1,1,1,1,1,1
FREP-327721-J,1,1,1,1,1,1
FREP-327723-G,1,1,1,1,1,1
FREP-327736-J,1,1,1,1,1,1
FREP-327751-Z,1,1,1,1,1,1
FREP-327752-G,1,1,1,1,1,1
FREP-327755-Z,1,1,1,1,1,1
FREP-327759-Z,1,1,1,1,1,1
FREP-327761-Z,1,1,1,1,1,1
FREP-327762-Z,1,1,1,1,1,1
FREP-327764-G,1,1,1,1,1,1
FREP-327768-G,1,1,1,1,1,1
FREP-327778-G,1,1,1,1,1,1
FREP-327792-Z,1,1,1,1,1,1
FREP-327794-G,1,1,1,1,1,1
FREP-327795-J,1,1,1,1,1,1
FREP-327806-G,1,1,1,1,1,1
FREP-327810-J,1,1,1,1,1,1
FREP-327813-J,1,1,1,1,1,1
FREP-327824-G,1,1,1,1,1,1
FREP-327835-Z,1,1,1,1,1,1
FREP-327879-J,1,1,1,1,1,1
FREP-327886-G,1,1,1,1,1,1
FREP-327893-Z,1,1,1,1,1,1
FREP-327898-G,1,1,1,1,1,1
FREP-327913-Z,1,1,1,1,1,1
FREP-327938-G,1,1,1,1,1,1
FREP-327946-J,1,1,1,1,1,1
FREP-327951-J,1,1,1,1,1,1
FREP-327952-G,1,1,1,1,1,1
FREP-327961-G,1,1,1,1,1,1
FREP-327962-Z,1,1,1,1,1,1
FREP-327970-G,1,1,1,1,1,1
FREP-327971-Z,1,1,1,1,1,1
FREP-327980-G,1,1,1,1,1,1
FREP-327993-G,1,1,1,1,1,1
FREP-327995-Z,1,1,1,1,1,1
FREP-327999-J,1,1,1,1,1,1
FREP-328007-J,1,1,1,1,1,1
FREP-328009-Z,1,1,1,1,1,1
FREP-328017-G,1,1,1,1,1,1
FREP-328017-Z,1,1,1,1,1,1
FREP-328020-J,1,1,1,1,1,1
FREP-328022-G,1,1,1,1,1,1
FREP-328023-G,1,1,1,1,1,1
FREP-328027-J,1,1,1,1,1,1
FREP-328029-Z,1,1,1,1,1,1
FREP-328030-J,1,1,1,1,1,1
FREP-328035-Z,1,1,1,1,1,1
FREP-328037-J,1,1,1,1,1,1
FREP-328038-Z,1,1,1,1,1,1
FREP-328042-G,1,1,1,1,1,1
FREP-328043-G,1,1,1,1,1,1
FREP-328044-G,1,1,1,1,1,1
FREP-328046-G,1,1,1,1,1,1
FREP-328050-Z,1,1,1,1,1,1
FREP-328064-J,1,1,1,1,1,1
FREP-328066-J,1,1,1,1,1,1
FREP-328075-G,1,1,1,1,1,1
FREP-328076-Z,1,1,1,1,1,1
FREP-328086-J,1,1,1,1,1,1
FREP-328090-J,1,1,1,1,1,1
FREP-328093-Z,1,1,1,1,1,1
FREP-328110-G,1,1,1,1,1,1
FREP-328118-G,1,1,1,1,1,1
FREP-328120-Z,1,1,1,1,1,1
FREP-328121-J,1,1,1,1,1,1
FREP-328129-G,1,1,1,1,1,1
FREP-328133-G,1,1,1,1,1,1
FREP-328138-J,1,1,1,1,1,1
FREP-328144-G,1,1,1,1,1,1
FREP-328145-Z,1,1,1,1,1,1
FREP-328148-G,1,1,1,1,1,1
FREP-328154-Z,1,1,1,1,1,1
FREP-328155-G,1,1,1,1,1,1
FREP-328180-G,1,1,1,1,1,1
FREP-328205-J,1,1,1,1,1,1
FREP-328216-Z,1,1,1,1,1,1
FREP-328234-Z,1,1,1,1,1,1
FREP-328249-J,1,1,1,1,1,1
FREP-328252-J,1,1,1,1,1,1
FREP-328267-G,1,1,1,1,1,1
FREP-328267-Z,1,1,1,1,1,1
FREP-328270-Z,1,1,1,1,1,1
FREP-328272-G,1,1,1,1,1,1
FREP-328274-G,1,1,1,1,1,1
FREP-328277-Z,1,1,1,1,1,1
FREP-328281-Z,1,1,1,1,1,1
FREP-328315-Z,1,1,1,1,1,1
FREP-328318-Z,1,1,1,1,1,1
FREP-328329-Z,1,1,1,1,1,1
FREP-328363-J,1,1,1,1,1,1
FREP-328373-Z,1,1,1,1,1,1
FREP-328409-J,1,1,1,1,1,1
FREP-328415-Z,1,1,1,1,1,1
FREP-328416-Z,1,1,1,1,1,1
FREP-328425-J,1,1,1,1,1,1
FREP-328426-G,1,1,1,1,1,1
FREP-328442-J,1,1,1,1,1,1
FREP-328446-Z,1,1,1,1,1,1
FREP-328455-Z,1,1,1,1,1,1
FREP-328456-Z,1,1,1,1,1,1
FREP-328464-G,1,1,1,1,1,1
FREP-328475-Z,1,1,1,1,1,1
FREP-328477-G,1,1,1,1,1,1
FREP-328478-Z,1,1,1,1,1,1
FREP-328479-G,1,1,1,1,1,1
FREP-328493-Z,1,1,1,1,1,1
FREP-328495-G,1,1,1,1,1,1
FREP-328495-Z,1,1,1,1,1,1
FREP-328507-Z,1,1,1,1,1,1
FREP-328515-G,1,1,1,1,1,1
FREP-328517-J,1,1,1,1,1,1
FREP-328554-J,1,1,1,1,1,1
FREP-328556-J,1,1,1,1,1,1
FREP-328561-Z,1,1,1,1,1,1
FREP-328566-G,1,1,1,1,1,1
FREP-328584-Z,1,1,1,1,1,1
FREP-328603-J,1,1,1,1,1,1
FREP-328610-G,1,1,1,1,1,1
FREP-328615-Z,1,1,1,1,1,1
FREP-328619-G,1,1,1,1,1,1
FREP-328631-G,1,1,1,1,1,1
FREP-328635-G,1,1,1,1,1,1
FREP-328642-G,1,1,1,1,1,1
FREP-328642-J,1,1,1,1,1,1
FREP-328651-J,1,1,1,1,1,1
FREP-328672-Z,1,1,1,1,1,1
FREP-328678-G,1,1,1,1,1,1
FREP-328682-G,1,1,1,1,1,1
FREP-328689-Z,1,1,1,1,1,1
FREP-328697-Z,1,1,1,1,1,1
FREP-328706-J,1,1,1,1,1,1
FREP-328717-Z,1,1,1,1,1,1
FREP-328718-J,1,1,1,1,1,1
FREP-328718-Z,1,1,1,1,1,1
FREP-328719-J,1,1,1,1,1,1
FREP-328722-J,1,1,1,1,1,1
FREP-328737-J,1,1,1,1,1,1
FREP-328761-G,1,1,1,1,1,1
FREP-328774-J,1,1,1,1,1,1
FREP-328779-G,1,1,1,1,1,1
FREP-328780-G,1,1,1,1,1,1
FREP-328783-G,1,1,1,1,1,1
FREP-328791-J,1,1,1,1,1,1
FREP-328798-J,1,1,1,1,1,1
FREP-328801-J,1,1,1,1,1,1
FREP-328811-J,1,1,1,1,1,1
FREP-328822-Z,1,1,1,1,1,1
FREP-328823-J,1,1,1,1,1,1
FREP-328846-G,1,1,1,1,1,1
FREP-328852-G,1,1,1,1,1,1
FREP-328854-Z,1,1,1,1,1,1
FREP-328876-Z,1,1,1,1,1,1
FREP-328883-Z,1,1,1,1,1,1
FREP-328886-G,1,1,1,1,1,1
FREP-328886-J,1,1,1,1,1,1
FREP-328888-G,1,1,1,1,1,1
FREP-328893-G,1,1,1,1,1,1
FREP-328893-J,1,1,1,1,1,1
FREP-328905-G,1,1,1,1,1,1
FREP-328907-G,1,1,1,1,1,1
FREP-328910-J,1,1,1,1,1,1
FREP-328911-G,1,1,1,1,1,1
FREP-328912-J,1,1,1,1,1,1
FREP-328918-Z,1,1,1,1,1,1
FREP-328922-J,1,1,1,1,1,1
FREP-328924-J,1,1,1,1,1,1
FREP-328931-Z,1,1,1,1,1,1
FREP-328932-G,1,1,1,1,1,1
FREP-328938-Z,1,1,1,1,1,1
FREP-328939-Z,1,1,1,1,1,1
FREP-328941-J,1,1,1,1,1,1
FREP-328944-Z,1,1,1,1,1,1
FREP-328952-Z,1,1,1,1,1,1
FREP-328959-Z,1,1,1,1,1,1
FREP-328964-Z,1,1,1,1,1,1
FREP-328979-Z,1,1,1,1,1,1
FREP-328995-Z,1,1,1,1,1,1
FREP-328999-J,1,1,1,1,1,1
FREP-329011-Z,1,1,1,1,1,1
FREP-329013-J,1,1,1,1,1,1
FREP-329023-Z,1,1,1,1,1,1
FREP-329029-Z,1,1,1,1,1,1
FREP-329031-Z,1,1,1,1,1,1
FREP-329032-Z,1,1,1,1,1,1
FREP-329046-G,1,1,1,1,1,1
FREP-329049-G,1,1,1,1,1,1
FREP-329054-Z,1,1,1,1,1,1
FREP-329058-G,1,1,1,1,1,1
FREP-329060-G,1,1,1,1,1,1
FREP-329064-G,1,1,1,1,1,1
FREP-329070-G,1,1,1,1,1,1
FREP-329077-G,1,1,1,1,1,1
FREP-329081-Z,1,1,1,1,1,1
FREP-329089-Z,1,1,1,1,1,1
FREP-329092-Z,1,1,1,1,1,1
FREP-329097-Z,1,1,1,1,1,1
FREP-329101-J,1,1,1,1,1,1
FREP-329119-G,1,1,1,1,1,1
FREP-329150-Z,1,1,1,1,1,1
FREP-329161-J,1,1,1,1,1,1
FREP-329168-J,1,1,1,1,1,1
FREP-329168-Z,1,1,1,1,1,1
FREP-329170-Z,1,1,1,1,1,1
FREP-329182-J,1,1,1,1,1,1
FREP-329187-G,1,1,1,1,1,1
FREP-329193-G,1,1,1,1,1,1
FREP-329197-J,1,1,1,1,1,1
FREP-329201-J,1,1,1,1,1,1
FREP-329202-G,1,1,1,1,1,1
FREP-329206-G,1,1,1,1,1,1
FREP-329209-G,1,1,1,1,1,1
FREP-329210-G,1,1,1,1,1,1
FREP-329211-J,1,1,1,1,1,1
FREP-329214-J,1,1,1,1,1,1
FREP-329216-J,1,1,1,1,1,1
FREP-329222-J,1,1,1,1,1,1
FREP-329223-J,1,1,1,1,1,1
FREP-329228-J,1,1,1,1,1,1
FREP-329231-J,1,1,1,1,1,1
FREP-329234-J,1,1,1,1,1,1
FREP-329242-J,1,1,1,1,1,1
FREP-329243-J,1,1,1,1,1,1
FREP-329254-J,1,1,1,1,1,1
FREP-329256-G,1,1,1,1,1,1
FREP-329258-Z,1,1,1,1,1,1
FREP-329270-Z,1,1,1,1,1,1
FREP-329271-J,1,1,1,1,1,1
FREP-329273-J,1,1,1,1,1,1
FREP-329273-Z,1,1,1,1,1,1
FREP-329276-Z,1,1,1,1,1,1
FREP-329286-J,1,1,1,1,1,1
FREP-329307-G,1,1,1,1,1,1
FREP-329328-J,1,1,1,1,1,1
FREP-329329-Z,1,1,1,1,1,1
FREP-329337-G,1,1,1,1,1,1
FREP-329340-G,1,1,1,1,1,1
FREP-329343-G,1,1,1,1,1,1
FREP-329345-G,1,1,1,1,1,1
FREP-329349-G,1,1,1,1,1,1
FREP-329349-Z,1,1,1,1,1,1
FREP-329350-G,1,1,1,1,1,1
FREP-329360-G,1,1,1,1,1,1
FREP-329383-G,1,1,1,1,1,1
FREP-329399-J,1,1,1,1,1,1
FREP-329400-G,1,1,1,1,1,1
FREP-329400-J,1,1,1,1,1,1
FREP-329400-Z,1,1,1,1,1,1
FREP-329425-Z,1,1,1,1,1,1
FREP-329437-G,1,1,1,1,1,1
FREP-329453-G,1,1,1,1,1,1
FREP-329455-Z,1,1,1,1,1,1
FREP-329483-Z,1,1,1,1,1,1
FREP-329501-Z,1,1,1,1,1,1
FREP-329510-J,1,1,1,1,1,1
FREP-329517-Z,1,1,1,1,1,1
FREP-329521-Z,1,1,1,1,1,1
FREP-329533-G,1,1,1,1,1,1
FREP-329536-J,1,1,1,1,1,1
FREP-329542-Z,1,1,1,1,1,1
FREP-329547-J,1,1,1,1,1,1
FREP-329557-G,1,1,1,1,1,1
FREP-329580-Z,1,1,1,1,1,1
FREP-329588-G,1,1,1,1,1,1
FREP-329590-G,1,1,1,1,1,1
FREP-329593-G,1,1,1,1,1,1
FREP-329608-J,1,1,1,1,1,1
FREP-329620-Z,1,1,1,1,1,1
FREP-329672-G,1,1,1,1,1,1
FREP-329676-G,1,1,1,1,1,1
FREP-329676-Z,1,1,1,1,1,1
FREP-329687-J,1,1,1,1,1,1
FREP-329689-J,1,1,1,1,1,1
FREP-329712-G,1,1,1,1,1,1
FREP-329714-Z,1,1,1,1,1,1
FREP-329716-G,1,1,1,1,1,1
FREP-329719-Z,1,1,1,1,1,1
FREP-329723-G,1,1,1,1,1,1
FREP-329724-J,1,1,1,1,1,1
FREP-329732-G,1,1,1,1,1,1
FREP-329735-G,1,1,1,1,1,1
FREP-329748-G,1,1,1,1,1,1
FREP-329750-J,1,1,1,1,1,1
FREP-329758-G,1,1,1,1,1,1
FREP-329763-G,1,1,1,1,1,1
FREP-329770-G,1,1,1,1,1,1
FREP-329775-Z,1,1,1,1,1,1
FREP-329779-G,1,1,1,1,1,1
FREP-329782-G,1,1,1,1,1,1
FREP-329784-G,1,1,1,1,1,1
FREP-329800-J,1,1,1,1,1,1
FREP-329802-G,1,1,1,1,1,1
FREP-329833-G,1,1,1,1,1,1
FREP-329837-Z,1,1,1,1,1,1
FREP-329840-G,1,1,1,1,1,1
FREP-329842-Z,1,1,1,1,1,1
FREP-329848-Z,1,1,1,1,1,1
FREP-329852-J,1,1,1,1,1,1
FREP-329859-Z,1,1,1,1,1,1
FREP-329867-G,1,1,1,1,1,1
FREP-329876-Z,1,1,1,1,1,1
FREP-329878-G,1,1,1,1,1,1
FREP-329882-J,1,1,1,1,1,1
FREP-329904-Z,1,1,1,1,1,1
FREP-329906-G,1,1,1,1,1,1
FREP-329912-G,1,1,1,1,1,1
FREP-329913-G,1,1,1,1,1,1
FREP-329919-G,1,1,1,1,1,1
FREP-329925-Z,1,1,1,1,1,1
FREP-329942-J,1,1,1,1,1,1
FREP-329944-Z,1,1,1,1,1,1
FREP-329945-G,1,1,1,1,1,1
FREP-329956-Z,1,1,1,1,1,1
FREP-329982-J,1,1,1,1,1,1
FREP-329984-G,1,1,1,1,1,1
FREP-330010-G,1,1,1,1,1,1
FREP-330013-J,1,1,1,1,1,1
FREP-330022-G,1,1,1,1,1,1
FREP-330028-G,1,1,1,1,1,1
FREP-330033-G,1,1,1,1,1,1
FREP-330039-G,1,1,1,1,1,1
FREP-330044-G,1,1,1,1,1,1
FREP-330050-G,1,1,1,1,1,1
FREP-330060-Z,1,1,1,1,1,1
FREP-330064-G,1,1,1,1,1,1
FREP-330080-G,1,1,1,1,1,1
FREP-330081-J,1,1,1,1,1,1
FREP-330096-J,1,1,1,1,1,1
FREP-330124-Z,1,1,1,1,1,1
FREP-330145-Z,1,1,1,1,1,1
FREP-330148-Z,1,1,1,1,1,1
FREP-330165-G,1,1,1,1,1,1
FREP-330165-J,1,1,1,1,1,1
FREP-330173-G,1,1,1,1,1,1
FREP-330174-G,1,1,1,1,1,1
FREP-330179-J,1,1,1,1,1,1
FREP-330182-Z,1,1,1,1,1,1
FREP-330186-J,1,1,1,1,1,1
FREP-330188-J,1,1,1,1,1,1
FREP-330190-Z,1,1,1,1,1,1
FREP-330195-Z,1,1,1,1,1,1
FREP-330201-J,1,1,1,1,1,1
FREP-330202-J,1,1,1,1,1,1
FREP-330222-Z,1,1,1,1,1,1
FREP-330229-G,1,1,1,1,1,1
FREP-330232-J,1,1,1,1,1,1
FREP-330236-G,1,1,1,1,1,1
FREP-330237-G,1,1,1,1,1,1
FREP-330244-G,1,1,1,1,1,1
FREP-330252-J,1,1,1,1,1,1
FREP-330256-J,1,1,1,1,1,1
FREP-330256-Z,1,1,1,1,1,1
FREP-330261-Z,1,1,1,1,1,1
FREP-330282-Z,1,1,1,1,1,1
FREP-330284-G,1,1,1,1,1,1
FREP-330314-G,1,1,1,1,1,1
FREP-330316-Z,1,1,1,1,1,1
FREP-330327-Z,1,1,1,1,1,1
FREP-330331-J,1,1,1,1,1,1
FREP-330340-G,1,1,1,1,1,1
FREP-330340-J,1,1,1,1,1,1
FREP-330345-G,1,1,1,1,1,1
FREP-330352-Z,1,1,1,1,1,1
FREP-330353-G,1,1,1,1,1,1
FREP-330357-Z,1,1,1,1,1,1
FREP-330360-J,1,1,1,1,1,1
FREP-330360-Z,1,1,1,1,1,1
FREP-330362-Z,1,1,1,1,1,1
FREP-330371-J,1,1,1,1,1,1
FREP-330372-Z,1,1,1,1,1,1
FREP-330378-G,1,1,1,1,1,1
FREP-330390-Z,1,1,1,1,1,1
FREP-330406-Z,1,1,1,1,1,1
FREP-330434-Z,1,1,1,1,1,1
FREP-330456-G,1,1,1,1,1,1
FREP-330459-Z,1,1,1,1,1,1
FREP-330460-Z,1,1,1,1,1,1
FREP-330461-Z,1,1,1,1,1,1
FREP-330466-Z,1,1,1,1,1,1
FREP-330478-G,1,1,1,1,1,1
FREP-330483-G,1,1,1,1,1,1
FREP-330484-J,1,1,1,1,1,1
FREP-330490-J,1,1,1,1,1,1
FREP-330505-J,1,1,1,1,1,1
FREP-330520-Z,1,1,1,1,1,1
FREP-330531-G,1,1,1,1,1,1
FREP-330548-J,1,1,1,1,1,1
FREP-330551-G,1,1,1,1,1,1
FREP-330553-J,1,1,1,1,1,1
FREP-330558-G,1,1,1,1,1,1
FREP-330560-G,1,1,1,1,1,1
FREP-330580-Z,1,1,1,1,1,1
FREP-330589-Z,1,1,1,1,1,1
FREP-330596-Z,1,1,1,1,1,1
FREP-330600-Z,1,1,1,1,1,1
FREP-330606-G,1,1,1,1,1,1
FREP-330612-G,1,1,1,1,1,1
FREP-330612-Z,1,1,1,1,1,1
FREP-330617-G,1,1,1,1,1,1
FREP-330620-G,1,1,1,1,1,1
FREP-330620-Z,1,1,1,1,1,1
FREP-330622-Z,1,1,1,1,1,1
FREP-330623-J,1,1,1,1,1,1
FREP-330630-Z,1,1,1,1,1,1
FREP-330639-Z,1,1,1,1,1,1
FREP-330640-Z,1,1,1,1,1,1
FREP-330645-Z,1,1,1,1,1,1
FREP-330649-Z,1,1,1,1,1,1
FREP-330652-Z,1,1,1,1,1,1
FREP-330657-J,1,1,1,1,1,1
FREP-330657-Z,1,1,1,1,1,1
FREP-330668-Z,1,1,1,1,1,1
FREP-330671-G,1,1,1,1,1,1
FREP-330671-J,1,1,1,1,1,1
FREP-330697-G,1,1,1,1,1,1
FREP-330710-G,1,1,1,1,1,1
FREP-330715-J,1,1,1,1,1,1
FREP-330724-J,1,1,1,1,1,1
FREP-330724-Z,1,1,1,1,1,1
FREP-330733-J,1,1,1,1,1,1
FREP-330742-J,1,1,1,1,1,1
FREP-330748-Z,1,1,1,1,1,1
FREP-330758-Z,1,1,1,1,1,1
FREP-330776-J,1,1,1,1,1,1
FREP-330780-Z,1,1,1,1,1,1
FREP-330791-J,1,1,1,1,1,1
FREP-330822-J,1,1,1,1,1,1
FREP-330826-G,1,1,1,1,1,1
FREP-330830-J,1,1,1,1,1,1
FREP-330843-G,1,1,1,1,1,1
FREP-330855-G,1,1,1,1,1,1
FREP-330858-G,1,1,1,1,1,1
FREP-330873-J,1,1,1,1,1,1
FREP-330876-G,1,1,1,1,1,1
FREP-330880-G,1,1,1,1,1,1
FREP-330883-G,1,1,1,1,1,1
FREP-330888-G,1,1,1,1,1,1
FREP-330891-Z,1,1,1,1,1,1
FREP-330901-J,1,1,1,1,1,1
FREP-330903-Z,1,1,1,1,1,1
FREP-330908-G,1,1,1,1,1,1
FREP-330912-Z,1,1,1,1,1,1
FREP-330913-J,1,1,1,1,1,1
FREP-330921-G,1,1,1,1,1,1
FREP-330922-G,1,1,1,1,1,1
FREP-330929-Z,1,1,1,1,1,1
FREP-330931-G,1,1,1,1,1,1
FREP-330931-J,1,1,1,1,1,1
FREP-330936-Z,1,1,1,1,1,1
FREP-330937-Z,1,1,1,1,1,1
FREP-330940-Z,1,1,1,1,1,1
FREP-330944-Z,1,1,1,1,1,1
FREP-330947-G,1,1,1,1,1,1
FREP-330950-Z,1,1,1,1,1,1
FREP-330952-Z,1,1,1,1,1,1
FREP-330961-G,1,1,1,1,1,1
FREP-330961-Z,1,1,1,1,1,1
FREP-330967-Z,1,1,1,1,1,1
FREP-330968-Z,1,1,1,1,1,1
FREP-330989-G,1,1,1,1,1,1
FREP-330997-G,1,1,1,1,1,1
FREP-330999-J,1,1,1,1,1,1
FREP-331010-G,1,1,1,1,1,1
FREP-331019-G,1,1,1,1,1,1
FREP-331050-G,1,1,1,1,1,1
FREP-331064-J,1,1,1,1,1,1
FREP-331079-Z,1,1,1,1,1,1
FREP-331089-Z,1,1,1,1,1,1
FREP-331096-Z,1,1,1,1,1,1
FREP-331104-G,1,1,1,1,1,1
FREP-331110-G,1,1,1,1,1,1
FREP-331111-J,1,1,1,1,1,1
FREP-331112-Z,1,1,1,1,1,1
FREP-331122-G,1,1,1,1,1,1
FREP-331125-G,1,1,1,1,1,1
FREP-331132-G,1,1,1,1,1,1
FREP-331138-G,1,1,1,1,1,1
FREP-331148-J,1,1,1,1,1,1
FREP-331150-G,1,1,1,1,1,1
FREP-331152-G,1,1,1,1,1,1
FREP-331160-G,1,1,1,1,1,1
FREP-331160-J,1,1,1,1,1,1
FREP-331161-J,1,1,1,1,1,1
FREP-331162-J,1,1,1,1,1,1
FREP-331166-J,1,1,1,1,1,1
FREP-331166-Z,1,1,1,1,1,1
FREP-331169-J,1,1,1,1,1,1
FREP-331177-Z,1,1,1,1,1,1
FREP-331203-G,1,1,1,1,1,1
FREP-331206-Z,1,1,1,1,1,1
FREP-331207-G,1,1,1,1,1,1
FREP-331208-Z,1,1,1,1,1,1
FREP-331212-G,1,1,1,1,1,1
FREP-331218-Z,1,1,1,1,1,1
FREP-331227-Z,1,1,1,1,1,1
FREP-331231-Z,1,1,1,1,1,1
FREP-331249-J,1,1,1,1,1,1
FREP-331251-Z,1,1,1,1,1,1
FREP-331262-G,1,1,1,1,1,1
FREP-331279-G,1,1,1,1,1,1
FREP-331287-Z,1,1,1,1,1,1
FREP-331290-G,1,1,1,1,1,1
FREP-331293-G,1,1,1,1,1,1
FREP-331315-J,1,1,1,1,1,1
FREP-331325-J,1,1,1,1,1,1
FREP-331330-J,1,1,1,1,1,1
FREP-331339-Z,1,1,1,1,1,1
FREP-331363-Z,1,1,1,1,1,1
FREP-331366-G,1,1,1,1,1,1
FREP-331380-G,1,1,1,1,1,1
FREP-331386-G,1,1,1,1,1,1
FREP-331393-Z,1,1,1,1,1,1
FREP-331399-G,1,1,1,1,1,1
FREP-331414-Z,1,1,1,1,1,1
FREP-331417-J,1,1,1,1,1,1
FREP-331434-Z,1,1,1,1,1,1
FREP-331448-J,1,1,1,1,1,1
FREP-331453-J,1,1,1,1,1,1
FREP-331456-Z,1,1,1,1,1,1
FREP-331459-Z,1,1,1,1,1,1
FREP-331462-J,1,1,1,1,1,1
FREP-331476-Z,1,1,1,1,1,1
FREP-331480-Z,1,1,1,1,1,1
FREP-331484-Z,1,1,1,1,1,1
FREP-331485-J,1,1,1,1,1,1
FREP-331487-J,1,1,1,1,1,1
FREP-331488-Z,1,1,1,1,1,1
FREP-331490-J,1,1,1,1,1,1
FREP-331499-G,1,1,1,1,1,1
FREP-331499-Z,1,1,1,1,1,1
FREP-331500-G,1,1,1,1,1,1
FREP-331510-J,1,1,1,1,1,1
FREP-331511-Z,1,1,1,1,1,1
FREP-331513-Z,1,1,1,1,1,1
FREP-331515-G,1,1,1,1,1,1
FREP-331518-G,1,1,1,1,1,1
FREP-331520-Z,1,1,1,1,1,1
FREP-331521-G,1,1,1,1,1,1
FREP-331521-Z,1,1,1,1,1,1
FREP-331528-G,1,1,1,1,1,1
FREP-331552-G,1,1,1,1,1,1
FREP-331557-G,1,1,1,1,1,1
FREP-331578-G,1,1,1,1,1,1
FREP-331582-J,1,1,1,1,1,1
FREP-331585-G,1,1,1,1,1,1
FREP-331586-J,1,1,1,1,1,1
FREP-331590-Z,1,1,1,1,1,1
FREP-331597-J,1,1,1,1,1,1
FREP-331599-Z,1,1,1,1,1,1
FREP-331601-G,1,1,1,1,1,1
FREP-331613-Z,1,1,1,1,1,1
FREP-331619-Z,1,1,1,1,1,1
FREP-331622-Z,1,1,1,1,1,1
FREP-331624-Z,1,1,1,1,1,1
FREP-331629-Z,1,1,1,1,1,1
FREP-331649-G,1,1,1,1,1,1
FREP-331650-J,1,1,1,1,1,1
FREP-331651-Z,1,1,1,1,1,1
FREP-331653-G,1,1,1,1,1,1
FREP-331656-Z,1,1,1,1,1,1
FREP-331659-Z,1,1,1,1,1,1
FREP-331681-Z,1,1,1,1,1,1
FREP-331689-Z,1,1,1,1,1,1
FREP-331706-Z,1,1,1,1,1,1
FREP-331707-J,1,1,1,1,1,1
FREP-331710-J,1,1,1,1,1,1
FREP-331713-Z,1,1,1,1,1,1
FREP-331719-J,1,1,1,1,1,1
FREP-331725-Z,1,1,1,1,1,1
FREP-331726-G,1,1,1,1,1,1
FREP-331736-J,1,1,1,1,1,1
FREP-331750-G,1,1,1,1,1,1
FREP-331751-G,1,1,1,1,1,1
FREP-331782-J,1,1,1,1,1,1
FREP-331783-G,1,1,1,1,1,1
FREP-331786-G,1,1,1,1,1,1
FREP-331797-G,1,1,1,1,1,1
FREP-331799-J,1,1,1,1,1,1
FREP-331801-J,1,1,1,1,1,1
FREP-331813-J,1,1,1,1,1,1
FREP-331818-G,1,1,1,1,1,1
FREP-331819-G,1,1,1,1,1,1
FREP-331831-G,1,1,1,1,1,1
FREP-331838-G,1,1,1,1,1,1
FREP-331844-G,1,1,1,1,1,1
FREP-331867-J,1,1,1,1,1,1
FREP-331871-J,1,1,1,1,1,1
FREP-331878-G,1,1,1,1,1,1
FREP-331881-J,1,1,1,1,1,1
FREP-331883-G,1,1,1,1,1,1
FREP-331894-G,1,1,1,1,1,1
FREP-331902-J,1,1,1,1,1,1
FREP-331913-J,1,1,1,1,1,1
FREP-331917-G,1,1,1,1,1,1
FREP-331917-Z,1,1,1,1,1,1
FREP-331922-J,1,1,1,1,1,1
FREP-331928-Z,1,1,1,1,1,1
FREP-331933-Z,1,1,1,1,1,1
FREP-331940-J,1,1,1,1,1,1
FREP-331942-J,1,1,1,1,1,1
FREP-331945-G,1,1,1,1,1,1
FREP-331946-Z,1,1,1,1,1,1
FREP-331947-G,1,1,1,1,1,1
FREP-331951-G,1,1,1,1,1,1
FREP-331960-G,1,1,1,1,1,1
FREP-331962-J,1,1,1,1,1,1
FREP-331974-G,1,1,1,1,1,1
FREP-331983-J,1,1,1,1,1,1
FREP-331984-G,1,1,1,1,1,1
FREP-331989-G,1,1,1,1,1,1
FREP-332003-J,1,1,1,1,1,1
FREP-332036-Z,1,1,1,1,1,1
FREP-332045-Z,1,1,1,1,1,1
FREP-332046-G,1,1,1,1,1,1
FREP-332059-J,1,1,1,1,1,1
FREP-332059-Z,1,1,1,1,1,1
FREP-332072-G,1,1,1,1,1,1
FREP-332077-J,1,1,1,1,1,1
FREP-332089-G,1,1,1,1,1,1
FREP-332094-G,1,1,1,1,1,1
FREP-332103-G,1,1,1,1,1,1
FREP-332105-G,1,1,1,1,1,1
FREP-332116-J,1,1,1,1,1,1
FREP-332122-G,1,1,1,1,1,1
FREP-332125-G,1,1,1,1,1,1
FREP-332142-G,1,1,1,1,1,1
FREP-332151-G,1,1,1,1,1,1
FREP-332156-G,1,1,1,1,1,1
FREP-332158-G,1,1,1,1,1,1
FREP-332161-G,1,1,1,1,1,1
FREP-332163-G,1,1,1,1,1,1
FREP-332165-Z,1,1,1,1,1,1
FREP-332166-G,1,1,1,1,1,1
FREP-332175-G,1,1,1,1,1,1
FREP-332193-J,1,1,1,1,1,1
FREP-332195-G,1,1,1,1,1,1
FREP-332196-G,1,1,1,1,1,1
FREP-332197-G,1,1,1,1,1,1
FREP-332199-Z,1,1,1,1,1,1
FREP-332201-G,1,1,1,1,1,1
FREP-332204-J,1,1,1,1,1,1
FREP-332205-G,1,1,1,1,1,1
FREP-332212-G,1,1,1,1,1,1
FREP-332216-J,1,1,1,1,1,1
FREP-332219-J,1,1,1,1,1,1
FREP-332229-G,1,1,1,1,1,1
FREP-332229-Z,1,1,1,1,1,1
FREP-332240-G,1,1,1,1,1,1
FREP-332240-Z,1,1,1,1,1,1
FREP-332252-Z,1,1,1,1,1,1
FREP-332260-Z,1,1,1,1,1,1
FREP-332271-J,1,1,1,1,1,1
FREP-332273-Z,1,1,1,1,1,1
FREP-332279-G,1,1,1,1,1,1
FREP-332280-G,1,1,1,1,1,1
FREP-332282-G,1,1,1,1,1,1
FREP-332286-J,1,1,1,1,1,1
FREP-332306-G,1,1,1,1,1,1
FREP-332309-J,1,1,1,1,1,1
FREP-332311-G,1,1,1,1,1,1
FREP-332311-Z,1,1,1,1,1,1
FREP-332342-Z,1,1,1,1,1,1
FREP-332345-Z,1,1,1,1,1,1
FREP-332371-J,1,1,1,1,1,1
FREP-332373-J,1,1,1,1,1,1
FREP-332374-J,1,1,1,1,1,1
FREP-332376-J,1,1,1,1,1,1
FREP-332381-Z,1,1,1,1,1,1
FREP-332398-G,1,1,1,1,1,1
FREP-332411-G,1,1,1,1,1,1
FREP-332420-G,1,1,1,1,1,1
FREP-332425-Z,1,1,1,1,1,1
FREP-332426-Z,1,1,1,1,1,1
FREP-332437-J,1,1,1,1,1,1
FREP-332444-G,1,1,1,1,1,1
FREP-332487-G,1,1,1,1,1,1
FREP-332490-G,1,1,1,1,1,1
FREP-332512-Z,1,1,1,1,1,1
FREP-332521-J,1,1,1,1,1,1
FREP-332522-G,1,1,1,1,1,1
FREP-332563-J,1,1,1,1,1,1
FREP-332564-G,1,1,1,1,1,1
FREP-332571-J,1,1,1,1,1,1
FREP-332572-Z,1,1,1,1,1,1
FREP-332587-G,1,1,1,1,1,1
FREP-332590-G,1,1,1,1,1,1
FREP-332598-Z,1,1,1,1,1,1
FREP-332610-J,1,1,1,1,1,1
FREP-332630-J,1,1,1,1,1,1
FREP-332631-J,1,1,1,1,1,1
FREP-332635-J,1,1,1,1,1,1
FREP-332637-J,1,1,1,1,1,1
FREP-332661-Z,1,1,1,1,1,1
FREP-332667-Z,1,1,1,1,1,1
FREP-332673-J,1,1,1,1,1,1
FREP-332693-J,1,1,1,1,1,1
FREP-332695-G,1,1,1,1,1,1
FREP-332710-Z,1,1,1,1,1,1
FREP-332717-J,1,1,1,1,1,1
FREP-332727-Z,1,1,1,1,1,1
FREP-332729-J,1,1,1,1,1,1
FREP-332733-J,1,1,1,1,1,1
FREP-332736-J,1,1,1,1,1,1
FREP-332758-Z,1,1,1,1,1,1
FREP-332767-Z,1,1,1,1,1,1
FREP-332768-Z,1,1,1,1,1,1
FREP-332777-Z,1,1,1,1,1,1
FREP-332785-Z,1,1,1,1,1,1
FREP-332802-Z,1,1,1,1,1,1
FREP-332807-G,1,1,1,1,1,1
FREP-332813-G,1,1,1,1,1,1
FREP-332822-G,1,1,1,1,1,1
FREP-332831-J,1,1,1,1,1,1
FREP-332838-J,1,1,1,1,1,1
FREP-332849-J,1,1,1,1,1,1
FREP-332858-Z,1,1,1,1,1,1
FREP-332878-J,1,1,1,1,1,1
FREP-332891-Z,1,1,1,1,1,1
FREP-332894-Z,1,1,1,1,1,1
FREP-332898-Z,1,1,1,1,1,1
FREP-332901-G,1,1,1,1,1,1
FREP-332908-G,1,1,1,1,1,1
FREP-332909-G,1,1,1,1,1,1
FREP-332910-G,1,1,1,1,1,1
FREP-332928-Z,1,1,1,1,1,1
FREP-332962-G,1,1,1,1,1,1
FREP-332967-Z,1,1,1,1,1,1
FREP-332972-Z,1,1,1,1,1,1
FREP-332973-Z,1,1,1,1,1,1
FREP-332980-G,1,1,1,1,1,1
FREP-332988-Z,1,1,1,1,1,1
FREP-332994-Z,1,1,1,1,1,1
FREP-332999-Z,1,1,1,1,1,1
FREP-333000-Z,1,1,1,1,1,1
FREP-333005-G,1,1,1,1,1,1
FREP-333007-G,1,1,1,1,1,1
FREP-333010-G,1,1,1,1,1,1
FREP-333024-J,1,1,1,1,1,1
FREP-333025-J,1,1,1,1,1,1
FREP-333028-G,1,1,1,1,1,1
FREP-333038-G,1,1,1,1,1,1
FREP-333040-J,1,1,1,1,1,1
FREP-333045-J,1,1,1,1,1,1
FREP-333049-G,1,1,1,1,1,1
FREP-333050-J,1,1,1,1,1,1
FREP-333051-G,1,1,1,1,1,1
FREP-333055-G,1,1,1,1,1,1
FREP-333063-G,1,1,1,1,1,1
FREP-333066-Z,1,1,1,1,1,1
FREP-333070-G,1,1,1,1,1,1
FREP-333073-G,1,1,1,1,1,1
FREP-333080-J,1,1,1,1,1,1
FREP-333089-G,1,1,1,1,1,1
FREP-333098-Z,1,1,1,1,1,1
FREP-333099-J,1,1,1,1,1,1
FREP-333100-G,1,1,1,1,1,1
FREP-333105-G,1,1,1,1,1,1
FREP-333107-G,1,1,1,1,1,1
FREP-333108-Z,1,1,1,1,1,1
FREP-333120-Z,1,1,1,1,1,1
FREP-333137-G,1,1,1,1,1,1
FREP-333154-Z,1,1,1,1,1,1
FREP-333159-Z,1,1,1,1,1,1
FREP-333166-Z,1,1,1,1,1,1
FREP-333181-Z,1,1,1,1,1,1
FREP-333186-Z,1,1,1,1,1,1
FREP-333195-J,1,1,1,1,1,1
FREP-333206-Z,1,1,1,1,1,1
FREP-333212-Z,1,1,1,1,1,1
FREP-333230-G,1,1,1,1,1,1
FREP-333252-G,1,1,1,1,1,1
FREP-333260-Z,1,1,1,1,1,1
FREP-333262-Z,1,1,1,1,1,1
FREP-333263-J,1,1,1,1,1,1
FREP-333264-G,1,1,1,1,1,1
FREP-333268-G,1,1,1,1,1,1
FREP-333275-J,1,1,1,1,1,1
FREP-333275-Z,1,1,1,1,1,1
FREP-333277-G,1,1,1,1,1,1
FREP-333283-G,1,1,1,1,1,1
FREP-333292-G,1,1,1,1,1,1
FREP-333296-Z,1,1,1,1,1,1
FREP-333309-Z,1,1,1,1,1,1
FREP-333313-J,1,1,1,1,1,1
FREP-333313-Z,1,1,1,1,1,1
FREP-333314-G,1,1,1,1,1,1
FREP-333318-J,1,1,1,1,1,1
FREP-333322-J,1,1,1,1,1,1
FREP-333344-J,1,1,1,1,1,1
FREP-333346-J,1,1,1,1,1,1
FREP-333369-Z,1,1,1,1,1,1
FREP-333401-G,1,1,1,1,1,1
FREP-333402-Z,1,1,1,1,1,1
FREP-333412-Z,1,1,1,1,1,1
FREP-333418-G,1,1,1,1,1,1
FREP-333419-G,1,1,1,1,1,1
FREP-333422-G,1,1,1,1,1,1
FREP-333423-Z,1,1,1,1,1,1
FREP-333427-Z,1,1,1,1,1,1
FREP-333428-G,1,1,1,1,1,1
FREP-333435-G,1,1,1,1,1,1
FREP-333435-Z,1,1,1,1,1,1
FREP-333444-J,1,1,1,1,1,1
FREP-333444-Z,1,1,1,1,1,1
FREP-333445-G,1,1,1,1,1,1
FREP-333456-G,1,1,1,1,1,1
FREP-333458-J,1,1,1,1,1,1
FREP-333462-G,1,1,1,1,1,1
FREP-333470-J,1,1,1,1,1,1
FREP-333478-J,1,1,1,1,1,1
FREP-333487-Z,1,1,1,1,1,1
FREP-333497-J,1,1,1,1,1,1
FREP-333501-J,1,1,1,1,1,1
FREP-333511-G,1,1,1,1,1,1
FREP-333513-Z,1,1,1,1,1,1
FREP-333521-J,1,1,1,1,1,1
FREP-333522-G,1,1,1,1,1,1
FREP-333523-G,1,1,1,1,1,1
FREP-333527-J,1,1,1,1,1,1
FREP-333531-G,1,1,1,1,1,1
FREP-333547-Z,1,1,1,1,1,1
FREP-333553-J,1,1,1,1,1,1
FREP-333555-Z,1,1,1,1,1,1
FREP-333558-J,1,1,1,1,1,1
FREP-333559-J,1,1,1,1,1,1
FREP-333564-Z,1,1,1,1,1,1
FREP-333571-G,1,1,1,1,1,1
FREP-333579-G,1,1,1,1,1,1
FREP-333589-G,1,1,1,1,1,1
FREP-333592-G,1,1,1,1,1,1
FREP-333596-G,1,1,1,1,1,1
FREP-333598-G,1,1,1,1,1,1
FREP-333601-G,1,1,1,1,1,1
FREP-333605-Z,1,1,1,1,1,1
FREP-333615-Z,1,1,1,1,1,1
FREP-333642-G,1,1,1,1,1,1
FREP-333654-Z,1,1,1,1,1,1
FREP-333658-Z,1,1,1,1,1,1
FREP-333664-G,1,1,1,1,1,1
FREP-333670-J,1,1,1,1,1,1
FREP-333672-J,1,1,1,1,1,1
FREP-333677-J,1,1,1,1,1,1
FREP-333678-Z,1,1,1,1,1,1
FREP-333679-G,1,1,1,1,1,1
FREP-333679-Z,1,1,1,1,1,1
FREP-333681-G,1,1,1,1,1,1
FREP-333683-G,1,1,1,1,1,1
FREP-333695-G,1,1,1,1,1,1
FREP-333698-Z,1,1,1,1,1,1
FREP-333711-G,1,1,1,1,1,1
FREP-333711-Z,1,1,1,1,1,1
FREP-333715-G,1,1,1,1,1,1
FREP-333722-G,1,1,1,1,1,1
FREP-333727-G,1,1,1,1,1,1
FREP-333729-G,1,1,1,1,1,1
FREP-333740-G,1,1,1,1,1,1
FREP-333754-Z,1,1,1,1,1,1
FREP-333760-Z,1,1,1,1,1,1
FREP-333763-J,1,1,1,1,1,1
FREP-333769-G,1,1,1,1,1,1
FREP-333781-J,1,1,1,1,1,1
FREP-333784-G,1,1,1,1,1,1
FREP-333817-G,1,1,1,1,1,1
FREP-333822-J,1,1,1,1,1,1
FREP-333823-G,1,1,1,1,1,1
FREP-333835-J,1,1,1,1,1,1
FREP-333856-Z,1,1,1,1,1,1
FREP-333857-G,1,1,1,1,1,1
FREP-333866-J,1,1,1,1,1,1
FREP-333873-G,1,1,1,1,1,1
FREP-333874-J,1,1,1,1,1,1
FREP-333880-J,1,1,1,1,1,1
FREP-333882-J,1,1,1,1,1,1
FREP-333886-J,1,1,1,1,1,1
FREP-333887-G,1,1,1,1,1,1
FREP-333897-J,1,1,1,1,1,1
FREP-333897-Z,1,1,1,1,1,1
FREP-333899-Z,1,1,1,1,1,1
FREP-333901-Z,1,1,1,1,1,1
FREP-333902-J,1,1,1,1,1,1
FREP-333905-Z,1,1,1,1,1,1
FREP-333911-G,1,1,1,1,1,1
FREP-333913-Z,1,1,1,1,1,1
FREP-333935-Z,1,1,1,1,1,1
FREP-333940-G,1,1,1,1,1,1
FREP-333967-J,1,1,1,1,1,1
FREP-333971-J,1,1,1,1,1,1
FREP-333972-J,1,1,1,1,1,1
FREP-333976-Z,1,1,1,1,1,1
FREP-334003-G,1,1,1,1,1,1
FREP-334003-Z,1,1,1,1,1,1
FREP-334016-G,1,1,1,1,1,1
FREP-334018-Z,1,1,1,1,1,1
FREP-334019-J,1,1,1,1,1,1
FREP-334020-G,1,1,1,1,1,1
FREP-334021-G,1,1,1,1,1,1
FREP-334042-Z,1,1,1,1,1,1
FREP-334045-Z,1,1,1,1,1,1
FREP-334068-G,1,1,1,1,1,1
FREP-334069-G,1,1,1,1,1,1
FREP-334080-Z,1,1,1,1,1,1
FREP-334098-Z,1,1,1,1,1,1
FREP-334105-J,1,1,1,1,1,1
FREP-334115-J,1,1,1,1,1,1
FREP-334116-G,1,1,1,1,1,1
FREP-334119-Z,1,1,1,1,1,1
FREP-334121-J,1,1,1,1,1,1
FREP-334122-G,1,1,1,1,1,1
FREP-334123-Z,1,1,1,1,1,1
FREP-334129-J,1,1,1,1,1,1
FREP-334143-G,1,1,1,1,1,1
FREP-334151-J,1,1,1,1,1,1
FREP-334157-Z,1,1,1,1,1,1
FREP-334162-Z,1,1,1,1,1,1
FREP-334181-Z,1,1,1,1,1,1
FREP-334185-Z,1,1,1,1,1,1
FREP-334188-G,1,1,1,1,1,1
FREP-334199-G,1,1,1,1,1,1
FREP-334216-Z,1,1,1,1,1,1
FREP-334217-J,1,1,1,1,1,1
FREP-334219-J,1,1,1,1,1,1
FREP-334222-Z,1,1,1,1,1,1
FREP-334240-G,1,1,1,1,1,1
FREP-334241-J,1,1,1,1,1,1
FREP-334243-Z,1,1,1,1,1,1
FREP-334244-J,1,1,1,1,1,1
FREP-334250-Z,1,1,1,1,1,1
FREP-334269-Z,1,1,1,1,1,1
FREP-334282-Z,1,1,1,1,1,1
FREP-334289-Z,1,1,1,1,1,1
FREP-334291-Z,1,1,1,1,1,1
FREP-334293-Z,1,1,1,1,1,1
FREP-334301-G,1,1,1,1,1,1
FREP-334306-J,1,1,1,1,1,1
FREP-334319-Z,1,1,1,1,1,1
FREP-334327-G,1,1,1,1,1,1
FREP-334343-Z,1,1,1,1,1,1
FREP-334349-J,1,1,1,1,1,1
FREP-334350-J,1,1,1,1,1,1
FREP-334388-J,1,1,1,1,1,1
FREP-334401-J,1,1,1,1,1,1
FREP-334409-Z,1,1,1,1,1,1
FREP-334427-Z,1,1,1,1,1,1
FREP-334434-G,1,1,1,1,1,1
FREP-334438-Z,1,1,1,1,1,1
FREP-334439-Z,1,1,1,1,1,1
FREP-334440-G,1,1,1,1,1,1
FREP-334444-Z,1,1,1,1,1,1
FREP-334456-G,1,1,1,1,1,1
FREP-334459-G,1,1,1,1,1,1
FREP-334469-G,1,1,1,1,1,1
FREP-334494-G,1,1,1,1,1,1
FREP-334505-J,1,1,1,1,1,1
FREP-334505-Z,1,1,1,1,1,1
FREP-334517-G,1,1,1,1,1,1
FREP-334526-J,1,1,1,1,1,1
FREP-334542-Z,1,1,1,1,1,1
FREP-334569-G,1,1,1,1,1,1
FREP-334575-J,1,1,1,1,1,1
FREP-334587-G,1,1,1,1,1,1
FREP-334588-Z,1,1,1,1,1,1
FREP-334604-G,1,1,1,1,1,1
FREP-334623-G,1,1,1,1,1,1
FREP-334624-J,1,1,1,1,1,1
FREP-334637-Z,1,1,1,1,1,1
FREP-334641-J,1,1,1,1,1,1
FREP-334646-G,1,1,1,1,1,1
FREP-334648-G,1,1,1,1,1,1
FREP-334653-G,1,1,1,1,1,1
FREP-334660-Z,1,1,1,1,1,1
FREP-334671-G,1,1,1,1,1,1
FREP-334676-J,1,1,1,1,1,1
FREP-334680-J,1,1,1,1,1,1
FREP-334680-Z,1,1,1,1,1,1
FREP-334683-Z,1,1,1,1,1,1
FREP-334692-G,1,1,1,1,1,1
FREP-334694-G,1,1,1,1,1,1
FREP-334695-J,1,1,1,1,1,1
FREP-334697-Z,1,1,1,1,1,1
FREP-334699-Z,1,1,1,1,1,1
FREP-334703-J,1,1,1,1,1,1
FREP-334705-G,1,1,1,1,1,1
FREP-334711-J,1,1,1,1,1,1
FREP-334722-J,1,1,1,1,1,1
FREP-334741-J,1,1,1,1,1,1
FREP-334760-J,1,1,1,1,1,1
FREP-334761-Z,1,1,1,1,1,1
FREP-334765-J,1,1,1,1,1,1
FREP-334771-J,1,1,1,1,1,1
FREP-334778-J,1,1,1,1,1,1
FREP-334798-Z,1,1,1,1,1,1
FREP-334816-G,1,1,1,1,1,1
FREP-334821-J,1,1,1,1,1,1
FREP-334852-J,1,1,1,1,1,1
FREP-334854-J,1,1,1,1,1,1
FREP-334872-Z,1,1,1,1,1,1
FREP-334878-Z,1,1,1,1,1,1
FREP-334881-G,1,1,1,1,1,1
FREP-334883-G,1,1,1,1,1,1
FREP-334893-Z,1,1,1,1,1,1
FREP-334899-G,1,1,1,1,1,1
FREP-334907-Z,1,1,1,1,1,1
FREP-334916-G,1,1,1,1,1,1
FREP-334919-Z,1,1,1,1,1,1
FREP-334920-Z,1,1,1,1,1,1
FREP-334923-Z,1,1,1,1,1,1
FREP-334928-G,1,1,1,1,1,1
FREP-334930-J,1,1,1,1,1,1
FREP-334932-Z,1,1,1,1,1,1
FREP-334941-G,1,1,1,1,1,1
FREP-334943-Z,1,1,1,1,1,1
FREP-334944-J,1,1,1,1,1,1
FREP-334945-J,1,1,1,1,1,1
FREP-334968-G,1,1,1,1,1,1
FREP-334987-G,1,1,1,1,1,1
FREP-334991-Z,1,1,1,1,1,1
FREP-334992-Z,1,1,1,1,1,1
FREP-334993-Z,1,1,1,1,1,1
FREP-334999-J,1,1,1,1,1,1
FREP-335004-Z,1,1,1,1,1,1
FREP-335006-Z,1,1,1,1,1,1
FREP-335016-J,1,1,1,1,1,1
FREP-335016-Z,1,1,1,1,1,1
FREP-335025-J,1,1,1,1,1,1
FREP-335028-J,1,1,1,1,1,1
FREP-335033-Z,1,1,1,1,1,1
FREP-335040-Z,1,1,1,1,1,1
FREP-335042-G,1,1,1,1,1,1
FREP-335054-G,1,1,1,1,1,1
FREP-335072-G,1,1,1,1,1,1
FREP-335076-J,1,1,1,1,1,1
FREP-335085-J,1,1,1,1,1,1
FREP-335101-J,1,1,1,1,1,1
FREP-335121-J,1,1,1,1,1,1
FREP-335149-G,1,1,1,1,1,1
FREP-335153-J,1,1,1,1,1,1
FREP-335154-Z,1,1,1,1,1,1
FREP-335160-J,1,1,1,1,1,1
FREP-335161-J,1,1,1,1,1,1
FREP-335161-Z,1,1,1,1,1,1
FREP-335162-Z,1,1,1,1,1,1
FREP-335168-J,1,1,1,1,1,1
FREP-335173-G,1,1,1,1,1,1
FREP-335183-G,1,1,1,1,1,1
FREP-335186-Z,1,1,1,1,1,1
FREP-335187-Z,1,1,1,1,1,1
FREP-335193-Z,1,1,1,1,1,1
FREP-335194-G,1,1,1,1,1,1
FREP-335199-Z,1,1,1,1,1,1
FREP-335206-Z,1,1,1,1,1,1
FREP-335208-Z,1,1,1,1,1,1
FREP-335211-Z,1,1,1,1,1,1
FREP-335213-J,1,1,1,1,1,1
FREP-335215-J,1,1,1,1,1,1
FREP-335217-J,1,1,1,1,1,1
FREP-335218-J,1,1,1,1,1,1
FREP-335242-Z,1,1,1,1,1,1
FREP-335248-J,1,1,1,1,1,1
FREP-335250-Z,1,1,1,1,1,1
FREP-335255-Z,1,1,1,1,1,1
FREP-335287-J,1,1,1,1,1,1
FREP-335290-Z,1,1,1,1,1,1
FREP-335303-Z,1,1,1,1,1,1
FREP-335323-G,1,1,1,1,1,1
FREP-335328-Z,1,1,1,1,1,1
FREP-335330-G,1,1,1,1,1,1
FREP-335370-G,1,1,1,1,1,1
FREP-335386-J,1,1,1,1,1,1
FREP-335389-J,1,1,1,1,1,1
FREP-335392-J,1,1,1,1,1,1
FREP-335401-J,1,1,1,1,1,1
FREP-335425-J,1,1,1,1,1,1
FREP-335425-Z,1,1,1,1,1,1
FREP-335432-J,1,1,1,1,1,1
FREP-335432-Z,1,1,1,1,1,1
FREP-335433-G,1,1,1,1,1,1
FREP-335438-Z,1,1,1,1,1,1
FREP-335441-Z,1,1,1,1,1,1
FREP-335443-G,1,1,1,1,1,1
FREP-335444-Z,1,1,1,1,1,1
FREP-335446-Z,1,1,1,1,1,1
FREP-335449-G,1,1,1,1,1,1
FREP-335457-G,1,1,1,1,1,1
FREP-335490-J,1,1,1,1,1,1
FREP-335499-J,1,1,1,1,1,1
FREP-335504-J,1,1,1,1,1,1
FREP-335522-Z,1,1,1,1,1,1
FREP-335527-J,1,1,1,1,1,1
FREP-335532-J,1,1,1,1,1,1
FREP-335533-J,1,1,1,1,1,1
FREP-335546-J,1,1,1,1,1,1
FREP-335548-Z,1,1,1,1,1,1
FREP-335555-Z,1,1,1,1,1,1
FREP-335557-J,1,1,1,1,1,1
FREP-335568-G,1,1,1,1,1,1
FREP-335571-Z,1,1,1,1,1,1
FREP-335576-G,1,1,1,1,1,1
FREP-335577-Z,1,1,1,1,1,1
FREP-335581-G,1,1,1,1,1,1
FREP-335591-G,1,1,1,1,1,1
FREP-335593-G,1,1,1,1,1,1
FREP-335596-G,1,1,1,1,1,1
FREP-335599-G,1,1,1,1,1,1
FREP-335600-J,1,1,1,1,1,1
FREP-335603-Z,1,1,1,1,1,1
FREP-335607-G,1,1,1,1,1,1
FREP-335621-J,1,1,1,1,1,1
FREP-335622-Z,1,1,1,1,1,1
FREP-335628-Z,1,1,1,1,1,1
FREP-335629-Z,1,1,1,1,1,1
FREP-335632-Z,1,1,1,1,1,1
FREP-335634-Z,1,1,1,1,1,1
FREP-335639-J,1,1,1,1,1,1
FREP-335640-Z,1,1,1,1,1,1
FREP-335654-J,1,1,1,1,1,1
FREP-335664-J,1,1,1,1,1,1
FREP-335672-Z,1,1,1,1,1,1
FREP-335691-Z,1,1,1,1,1,1
FREP-335695-J,1,1,1,1,1,1
FREP-335695-Z,1,1,1,1,1,1
FREP-335704-J,1,1,1,1,1,1
FREP-335704-Z,1,1,1,1,1,1
FREP-335708-Z,1,1,1,1,1,1
FREP-335710-Z,1,1,1,1,1,1
FREP-335716-Z,1,1,1,1,1,1
FREP-335731-Z,1,1,1,1,1,1
FREP-335738-Z,1,1,1,1,1,1
FREP-335752-Z,1,1,1,1,1,1
FREP-335756-G,1,1,1,1,1,1
FREP-335773-Z,1,1,1,1,1,1
FREP-335778-J,1,1,1,1,1,1
FREP-335780-Z,1,1,1,1,1,1
FREP-335790-J,1,1,1,1,1,1
FREP-335804-Z,1,1,1,1,1,1
FREP-335814-G,1,1,1,1,1,1
FREP-335816-G,1,1,1,1,1,1
FREP-335823-G,1,1,1,1,1,1
FREP-335827-G,1,1,1,1,1,1
FREP-335832-Z,1,1,1,1,1,1
FREP-335845-Z,1,1,1,1,1,1
FREP-335859-Z,1,1,1,1,1,1
FREP-335861-Z,1,1,1,1,1,1
FREP-335863-Z,1,1,1,1,1,1
FREP-335864-G,1,1,1,1,1,1
FREP-335867-G,1,1,1,1,1,1
FREP-335868-J,1,1,1,1,1,1
FREP-335869-Z,1,1,1,1,1,1
FREP-335883-J,1,1,1,1,1,1
FREP-335889-Z,1,1,1,1,1,1
FREP-335898-Z,1,1,1,1,1,1
FREP-335909-Z,1,1,1,1,1,1
FREP-335920-J,1,1,1,1,1,1
FREP-335923-J,1,1,1,1,1,1
FREP-335931-G,1,1,1,1,1,1
FREP-335932-Z,1,1,1,1,1,1
FREP-335942-Z,1,1,1,1,1,1
FREP-335944-G,1,1,1,1,1,1
FREP-335945-G,1,1,1,1,1,1
FREP-335946-G,1,1,1,1,1,1
FREP-335961-G,1,1,1,1,1,1
FREP-335963-G,1,1,1,1,1,1
FREP-335974-J,1,1,1,1,1,1
FREP-335995-J,1,1,1,1,1,1
FREP-335997-Z,1,1,1,1,1,1
FREP-336001-J,1,1,1,1,1,1
FREP-336022-J,1,1,1,1,1,1
FREP-336028-J,1,1,1,1,1,1
FREP-336059-Z,1,1,1,1,1,1
FREP-336068-J,1,1,1,1,1,1
FREP-336068-Z,1,1,1,1,1,1
FREP-336076-Z,1,1,1,1,1,1
FREP-336078-Z,1,1,1,1,1,1
FREP-336079-J,1,1,1,1,1,1
FREP-336080-G,1,1,1,1,1,1
FREP-336097-G,1,1,1,1,1,1
FREP-336099-G,1,1,1,1,1,1
FREP-336100-G,1,1,1,1,1,1
FREP-336100-Z,1,1,1,1,1,1
FREP-336110-G,1,1,1,1,1,1
FREP-336121-G,1,1,1,1,1,1
FREP-336121-Z,1,1,1,1,1,1
FREP-336125-G,1,1,1,1,1,1
FREP-336126-Z,1,1,1,1,1,1
FREP-336130-Z,1,1,1,1,1,1
FREP-336133-J,1,1,1,1,1,1
FREP-336139-J,1,1,1,1,1,1
FREP-336152-Z,1,1,1,1,1,1
FREP-336157-G,1,1,1,1,1,1
FREP-336157-J,1,1,1,1,1,1
FREP-336183-G,1,1,1,1,1,1
FREP-336187-Z,1,1,1,1,1,1
FREP-336198-G,1,1,1,1,1,1
FREP-336203-G,1,1,1,1,1,1
FREP-336224-G,1,1,1,1,1,1
FREP-336232-Z,1,1,1,1,1,1
FREP-336242-Z,1,1,1,1,1,1
FREP-336244-J,1,1,1,1,1,1
FREP-336245-Z,1,1,1,1,1,1
FREP-336249-G,1,1,1,1,1,1
FREP-336255-Z,1,1,1,1,1,1
FREP-336256-G,1,1,1,1,1,1
FREP-336290-G,1,1,1,1,1,1
FREP-336294-G,1,1,1,1,1,1
FREP-336302-Z,1,1,1,1,1,1
FREP-336304-Z,1,1,1,1,1,1
FREP-336307-G,1,1,1,1,1,1
FREP-336315-Z,1,1,1,1,1,1
FREP-336322-J,1,1,1,1,1,1
FREP-336323-G,1,1,1,1,1,1
FREP-336325-Z,1,1,1,1,1,1
FREP-336331-Z,1,1,1,1,1,1
FREP-336336-Z,1,1,1,1,1,1
FREP-336341-Z,1,1,1,1,1,1
FREP-336344-Z,1,1,1,1,1,1
FREP-336345-J,1,1,1,1,1,1
FREP-336351-Z,1,1,1,1,1,1
FREP-336378-G,1,1,1,1,1,1
FREP-336381-J,1,1,1,1,1,1
FREP-336411-Z,1,1,1,1,1,1
FREP-336441-G,1,1,1,1,1,1
FREP-336450-Z,1,1,1,1,1,1
FREP-336453-J,1,1,1,1,1,1
FREP-336485-J,1,1,1,1,1,1
FREP-336493-Z,1,1,1,1,1,1
FREP-336495-G,1,1,1,1,1,1
FREP-336499-G,1,1,1,1,1,1
FREP-336501-J,1,1,1,1,1,1
FREP-336504-Z,1,1,1,1,1,1
FREP-336505-J,1,1,1,1,1,1
FREP-336530-J,1,1,1,1,1,1
FREP-336530-Z,1,1,1,1,1,1
FREP-336533-Z,1,1,1,1,1,1
FREP-336541-G,1,1,1,1,1,1
FREP-336546-Z,1,1,1,1,1,1
FREP-336549-G,1,1,1,1,1,1
FREP-336551-G,1,1,1,1,1,1
FREP-336552-Z,1,1,1,1,1,1
FREP-336559-Z,1,1,1,1,1,1
FREP-336565-Z,1,1,1,1,1,1
FREP-336569-Z,1,1,1,1,1,1
FREP-336570-Z,1,1,1,1,1,1
FREP-336587-J,1,1,1,1,1,1
FREP-336591-G,1,1,1,1,1,1
FREP-336602-J,1,1,1,1,1,1
FREP-336604-G,1,1,1,1,1,1
FREP-336616-G,1,1,1,1,1,1
FREP-336634-G,1,1,1,1,1,1
FREP-336643-Z,1,1,1,1,1,1
FREP-336659-Z,1,1,1,1,1,1
FREP-336660-Z,1,1,1,1,1,1
FREP-336669-G,1,1,1,1,1,1
FREP-336675-G,1,1,1,1,1,1
FREP-336682-G,1,1,1,1,1,1
FREP-336682-J,1,1,1,1,1,1
FREP-336683-G,1,1,1,1,1,1
FREP-336691-J,1,1,1,1,1,1
FREP-336695-G,1,1,1,1,1,1
FREP-336695-Z,1,1,1,1,1,1
FREP-336697-J,1,1,1,1,1,1
FREP-336701-G,1,1,1,1,1,1
FREP-336708-G,1,1,1,1,1,1
FREP-336710-Z,1,1,1,1,1,1
FREP-336717-Z,1,1,1,1,1,1
FREP-336741-Z,1,1,1,1,1,1
FREP-336744-J,1,1,1,1,1,1
FREP-336746-J,1,1,1,1,1,1
FREP-336748-Z,1,1,1,1,1,1
FREP-336756-G,1,1,1,1,1,1
FREP-336756-J,1,1,1,1,1,1
FREP-336763-Z,1,1,1,1,1,1
FREP-336772-Z,1,1,1,1,1,1
FREP-336777-J,1,1,1,1,1,1
FREP-336778-Z,1,1,1,1,1,1
FREP-336780-G,1,1,1,1,1,1
FREP-336782-Z,1,1,1,1,1,1
FREP-336784-G,1,1,1,1,1,1
FREP-336787-J,1,1,1,1,1,1
FREP-336796-J,1,1,1,1,1,1
FREP-336802-Z,1,1,1,1,1,1
FREP-336815-J,1,1,1,1,1,1
FREP-336824-Z,1,1,1,1,1,1
FREP-336857-G,1,1,1,1,1,1
FREP-336858-Z,1,1,1,1,1,1
FREP-336864-J,1,1,1,1,1,1
FREP-336865-J,1,1,1,1,1,1
FREP-336870-G,1,1,1,1,1,1
FREP-336873-G,1,1,1,1,1,1
FREP-336875-Z,1,1,1,1,1,1
FREP-336877-G,1,1,1,1,1,1
FREP-336879-G,1,1,1,1,1,1
FREP-336881-Z,1,1,1,1,1,1
FREP-336882-G,1,1,1,1,1,1
FREP-336885-G,1,1,1,1,1,1
FREP-336888-G,1,1,1,1,1,1
FREP-336893-G,1,1,1,1,1,1
FREP-336893-J,1,1,1,1,1,1
FREP-336901-G,1,1,1,1,1,1
FREP-336908-G,1,1,1,1,1,1
FREP-336908-Z,1,1,1,1,1,1
FREP-336911-G,1,1,1,1,1,1
FREP-336942-Z,1,1,1,1,1,1
FREP-336946-J,1,1,1,1,1,1
FREP-336953-Z,1,1,1,1,1,1
FREP-336969-Z,1,1,1,1,1,1
FREP-336972-Z,1,1,1,1,1,1
FREP-336981-Z,1,1,1,1,1,1
FREP-336982-Z,1,1,1,1,1,1
FREP-336995-G,1,1,1,1,1,1
FREP-336997-Z,1,1,1,1,1,1
FREP-336999-G,1,1,1,1,1,1
FREP-337004-J,1,1,1,1,1,1
FREP-337015-G,1,1,1,1,1,1
FREP-337028-Z,1,1,1,1,1,1
FREP-337034-G,1,1,1,1,1,1
FREP-337034-Z,1,1,1,1,1,1
FREP-337036-J,1,1,1,1,1,1
FREP-337054-G,1,1,1,1,1,1
FREP-337058-G,1,1,1,1,1,1
FREP-337064-G,1,1,1,1,1,1
FREP-337070-G,1,1,1,1,1,1
FREP-337079-G,1,1,1,1,1,1
FREP-337086-Z,1,1,1,1,1,1
FREP-337091-Z,1,1,1,1,1,1
FREP-337102-Z,1,1,1,1,1,1
FREP-337108-Z,1,1,1,1,1,1
FREP-337115-Z,1,1,1,1,1,1
FREP-337122-Z,1,1,1,1,1,1
FREP-337123-G,1,1,1,1,1,1
FREP-337128-G,1,1,1,1,1,1
FREP-337130-G,1,1,1,1,1,1
FREP-337130-Z,1,1,1,1,1,1
FREP-337137-Z,1,1,1,1,1,1
FREP-337152-Z,1,1,1,1,1,1
FREP-337157-J,1,1,1,1,1,1
FREP-337181-Z,1,1,1,1,1,1
FREP-337182-Z,1,1,1,1,1,1
FREP-337183-Z,1,1,1,1,1,1
FREP-337191-G,1,1,1,1,1,1
FREP-337200-G,1,1,1,1,1,1
FREP-337206-J,1,1,1,1,1,1
FREP-337215-G,1,1,1,1,1,1
FREP-337219-G,1,1,1,1,1,1
FREP-337220-G,1,1,1,1,1,1
FREP-337226-G,1,1,1,1,1,1
FREP-337226-Z,1,1,1,1,1,1
FREP-337233-Z,1,1,1,1,1,1
FREP-337240-Z,1,1,1,1,1,1
FREP-337250-J,1,1,1,1,1,1
FREP-337256-G,1,1,1,1,1,1
FREP-337259-J,1,1,1,1,1,1
FREP-337265-G,1,1,1,1,1,1
FREP-337288-G,1,1,1,1,1,1
FREP-337290-Z,1,1,1,1,1,1
FREP-337292-Z,1,1,1,1,1,1
FREP-337294-G,1,1,1,1,1,1
FREP-337298-Z,1,1,1,1,1,1
FREP-337309-G,1,1,1,1,1,1
FREP-337309-Z,1,1,1,1,1,1
FREP-337316-J,1,1,1,1,1,1
FREP-337334-J,1,1,1,1,1,1
FREP-337337-J,1,1,1,1,1,1
FREP-337347-Z,1,1,1,1,1,1
FREP-337348-Z,1,1,1,1,1,1
FREP-337350-G,1,1,1,1,1,1
FREP-337361-Z,1,1,1,1,1,1
FREP-337387-J,1,1,1,1,1,1
FREP-337389-J,1,1,1,1,1,1
FREP-337395-J,1,1,1,1,1,1
FREP-337418-J,1,1,1,1,1,1
FREP-337421-G,1,1,1,1,1,1
FREP-337424-J,1,1,1,1,1,1
FREP-337438-G,1,1,1,1,1,1
FREP-337446-Z,1,1,1,1,1,1
FREP-337456-Z,1,1,1,1,1,1
FREP-337457-Z,1,1,1,1,1,1
FREP-337468-Z,1,1,1,1,1,1
FREP-337477-Z,1,1,1,1,1,1
FREP-337478-Z,1,1,1,1,1,1
FREP-337487-Z,1,1,1,1,1,1
FREP-337495-G,1,1,1,1,1,1
FREP-337495-Z,1,1,1,1,1,1
FREP-337498-G,1,1,1,1,1,1
FREP-337498-Z,1,1,1,1,1,1
FREP-337503-Z,1,1,1,1,1,1
FREP-337507-G,1,1,1,1,1,1
FREP-337508-Z,1,1,1,1,1,1
FREP-337509-Z,1,1,1,1,1,1
FREP-337511-Z,1,1,1,1,1,1
FREP-337512-G,1,1,1,1,1,1
FREP-337516-G,1,1,1,1,1,1
FREP-337527-Z,1,1,1,1,1,1
FREP-337532-J,1,1,1,1,1,1
FREP-337548-Z,1,1,1,1,1,1
FREP-337564-Z,1,1,1,1,1,1
FREP-337583-G,1,1,1,1,1,1
FREP-337608-G,1,1,1,1,1,1
FREP-337627-G,1,1,1,1,1,1
FREP-337636-G,1,1,1,1,1,1
FREP-337639-G,1,1,1,1,1,1
FREP-337646-G,1,1,1,1,1,1
FREP-337673-J,1,1,1,1,1,1
FREP-337678-J,1,1,1,1,1,1
FREP-337716-G,1,1,1,1,1,1
FREP-337736-J,1,1,1,1,1,1
FREP-337745-Z,1,1,1,1,1,1
FREP-337748-G,1,1,1,1,1,1
FREP-337753-Z,1,1,1,1,1,1
FREP-337770-Z,1,1,1,1,1,1
FREP-337772-J,1,1,1,1,1,1
FREP-337780-G,1,1,1,1,1,1
FREP-337789-Z,1,1,1,1,1,1
FREP-337792-G,1,1,1,1,1,1
FREP-337813-J,1,1,1,1,1,1
FREP-337818-Z,1,1,1,1,1,1
FREP-337825-Z,1,1,1,1,1,1
FREP-337832-Z,1,1,1,1,1,1
FREP-337840-J,1,1,1,1,1,1
FREP-337846-J,1,1,1,1,1,1
FREP-337854-J,1,1,1,1,1,1
FREP-337867-Z,1,1,1,1,1,1
FREP-337868-Z,1,1,1,1,1,1
FREP-337870-G,1,1,1,1,1,1
FREP-337895-G,1,1,1,1,1,1
FREP-337896-G,1,1,1,1,1,1
FREP-337900-G,1,1,1,1,1,1
FREP-337922-G,1,1,1,1,1,1
FREP-337924-G,1,1,1,1,1,1
FREP-337929-J,1,1,1,1,1,1
FREP-337931-J,1,1,1,1,1,1
FREP-337938-J,1,1,1,1,1,1
FREP-337947-J,1,1,1,1,1,1
FREP-337972-J,1,1,1,1,1,1
FREP-337975-J,1,1,1,1,1,1
FREP-337981-G,1,1,1,1,1,1
FREP-337983-Z,1,1,1,1,1,1
FREP-337984-Z,1,1,1,1,1,1
FREP-337990-Z,1,1,1,1,1,1
FREP-337992-Z,1,1,1,1,1,1
FREP-337999-Z,1,1,1,1,1,1
FREP-338004-Z,1,1,1,1,1,1
FREP-338005-G,1,1,1,1,1,1
FREP-338008-J,1,1,1,1,1,1
FREP-338009-G,1,1,1,1,1,1
FREP-338015-G,1,1,1,1,1,1
FREP-338017-G,1,1,1,1,1,1
FREP-338021-G,1,1,1,1,1,1
FREP-338022-G,1,1,1,1,1,1
FREP-338022-Z,1,1,1,1,1,1
FREP-338025-Z,1,1,1,1,1,1
FREP-338026-Z,1,1,1,1,1,1
FREP-338027-Z,1,1,1,1,1,1
FREP-338029-J,1,1,1,1,1,1
FREP-338036-Z,1,1,1,1,1,1
FREP-338042-Z,1,1,1,1,1,1
FREP-338044-Z,1,1,1,1,1,1
FREP-338045-Z,1,1,1,1,1,1
FREP-338052-Z,1,1,1,1,1,1
FREP-338062-Z,1,1,1,1,1,1
FREP-338083-Z,1,1,1,1,1,1
FREP-338085-J,1,1,1,1,1,1
FREP-338086-G,1,1,1,1,1,1
FREP-338090-J,1,1,1,1,1,1
FREP-338090-Z,1,1,1,1,1,1
FREP-338091-J,1,1,1,1,1,1
FREP-338105-G,1,1,1,1,1,1
FREP-338107-G,1,1,1,1,1,1
FREP-338111-Z,1,1,1,1,1,1
FREP-338113-J,1,1,1,1,1,1
FREP-338116-G,1,1,1,1,1,1
FREP-338119-G,1,1,1,1,1,1
FREP-338121-G,1,1,1,1,1,1
FREP-338131-Z,1,1,1,1,1,1
FREP-338133-G,1,1,1,1,1,1
FREP-338142-G,1,1,1,1,1,1
FREP-338146-Z,1,1,1,1,1,1
FREP-338149-G,1,1,1,1,1,1
FREP-338160-J,1,1,1,1,1,1
FREP-338190-Z,1,1,1,1,1,1
FREP-338199-Z,1,1,1,1,1,1
FREP-338200-Z,1,1,1,1,1,1
FREP-338211-J,1,1,1,1,1,1
FREP-338217-G,1,1,1,1,1,1
FREP-338218-J,1,1,1,1,1,1
FREP-338221-G,1,1,1,1,1,1
FREP-338222-J,1,1,1,1,1,1
FREP-338242-Z,1,1,1,1,1,1
FREP-338248-G,1,1,1,1,1,1
FREP-338259-Z,1,1,1,1,1,1
FREP-338268-J,1,1,1,1,1,1
FREP-338277-J,1,1,1,1,1,1
FREP-338279-J,1,1,1,1,1,1
FREP-338283-G,1,1,1,1,1,1
FREP-338303-J,1,1,1,1,1,1
FREP-338309-G,1,1,1,1,1,1
FREP-338313-Z,1,1,1,1,1,1
FREP-338331-Z,1,1,1,1,1,1
FREP-338332-G,1,1,1,1,1,1
FREP-338349-G,1,1,1,1,1,1
FREP-338351-Z,1,1,1,1,1,1
FREP-338368-Z,1,1,1,1,1,1
FREP-338370-Z,1,1,1,1,1,1
FREP-338378-Z,1,1,1,1,1,1
FREP-338379-J,1,1,1,1,1,1
FREP-338381-J,1,1,1,1,1,1
FREP-338382-J,1,1,1,1,1,1
FREP-338384-J,1,1,1,1,1,1
FREP-338385-J,1,1,1,1,1,1
FREP-338385-Z,1,1,1,1,1,1
FREP-338392-Z,1,1,1,1,1,1
FREP-338402-G,1,1,1,1,1,1
FREP-338404-Z,1,1,1,1,1,1
FREP-338418-Z,1,1,1,1,1,1
FREP-338433-G,1,1,1,1,1,1
FREP-338434-G,1,1,1,1,1,1
FREP-338437-G,1,1,1,1,1,1
FREP-338455-J,1,1,1,1,1,1
FREP-338457-Z,1,1,1,1,1,1
FREP-338459-G,1,1,1,1,1,1
FREP-338462-G,1,1,1,1,1,1
FREP-338472-Z,1,1,1,1,1,1
FREP-338501-Z,1,1,1,1,1,1
FREP-338504-J,1,1,1,1,1,1
FREP-338514-Z,1,1,1,1,1,1
FREP-338515-G,1,1,1,1,1,1
FREP-338562-Z,1,1,1,1,1,1
FREP-338568-Z,1,1,1,1,1,1
FREP-338582-G,1,1,1,1,1,1
FREP-338582-J,1,1,1,1,1,1
FREP-338590-G,1,1,1,1,1,1
FREP-338590-Z,1,1,1,1,1,1
FREP-338593-G,1,1,1,1,1,1
FREP-338594-G,1,1,1,1,1,1
FREP-338595-G,1,1,1,1,1,1
FREP-338597-G,1,1,1,1,1,1
FREP-338598-Z,1,1,1,1,1,1
FREP-338600-G,1,1,1,1,1,1
FREP-338600-Z,1,1,1,1,1,1
FREP-338603-G,1,1,1,1,1,1
FREP-338606-G,1,1,1,1,1,1
FREP-338608-G,1,1,1,1,1,1
FREP-338609-G,1,1,1,1,1,1
FREP-338612-G,1,1,1,1,1,1
FREP-338613-Z,1,1,1,1,1,1
FREP-338614-G,1,1,1,1,1,1
FREP-338614-J,1,1,1,1,1,1
FREP-338615-G,1,1,1,1,1,1
FREP-338616-G,1,1,1,1,1,1
FREP-338617-G,1,1,1,1,1,1
FREP-338618-G,1,1,1,1,1,1
FREP-338620-G,1,1,1,1,1,1
FREP-338620-Z,1,1,1,1,1,1
FREP-338623-G,1,1,1,1,1,1
FREP-338626-G,1,1,1,1,1,1
FREP-338627-G,1,1,1,1,1,1
FREP-338629-G,1,1,1,1,1,1
FREP-338631-G,1,1,1,1,1,1
FREP-338633-Z,1,1,1,1,1,1
FREP-338634-J,1,1,1,1,1,1
FREP-338635-Z,1,1,1,1,1,1
FREP-338636-G,1,1,1,1,1,1
FREP-338639-G,1,1,1,1,1,1
FREP-338640-G,1,1,1,1,1,1
FREP-338641-G,1,1,1,1,1,1
FREP-338646-G,1,1,1,1,1,1
FREP-338649-Z,1,1,1,1,1,1
FREP-338651-G,1,1,1,1,1,1
FREP-338660-G,1,1,1,1,1,1
FREP-338666-G,1,1,1,1,1,1
FREP-338670-G,1,1,1,1,1,1
FREP-338677-J,1,1,1,1,1,1
FREP-338680-G,1,1,1,1,1,1
FREP-338686-Z,1,1,1,1,1,1
FREP-338688-J,1,1,1,1,1,1
FREP-338694-J,1,1,1,1,1,1
FREP-338696-J,1,1,1,1,1,1
FREP-338701-J,1,1,1,1,1,1
FREP-338702-G,1,1,1,1,1,1
FREP-338703-J,1,1,1,1,1,1
FREP-338703-Z,1,1,1,1,1,1
FREP-338705-J,1,1,1,1,1,1
FREP-338712-J,1,1,1,1,1,1
FREP-338721-J,1,1,1,1,1,1
FREP-338724-Z,1,1,1,1,1,1
FREP-338735-Z,1,1,1,1,1,1
FREP-338736-Z,1,1,1,1,1,1
FREP-338740-Z,1,1,1,1,1,1
FREP-338741-Z,1,1,1,1,1,1
FREP-338749-Z,1,1,1,1,1,1
FREP-338751-G,1,1,1,1,1,1
FREP-338759-G,1,1,1,1,1,1
FREP-338762-G,1,1,1,1,1,1
FREP-338762-J,1,1,1,1,1,1
FREP-338763-Z,1,1,1,1,1,1
FREP-338766-J,1,1,1,1,1,1
FREP-338769-Z,1,1,1,1,1,1
FREP-338771-G,1,1,1,1,1,1
FREP-338772-Z,1,1,1,1,1,1
FREP-338780-G,1,1,1,1,1,1
FREP-338787-G,1,1,1,1,1,1
FREP-338789-Z,1,1,1,1,1,1
FREP-338792-Z,1,1,1,1,1,1
FREP-338802-J,1,1,1,1,1,1
FREP-338802-Z,1,1,1,1,1,1
FREP-338803-Z,1,1,1,1,1,1
FREP-338805-Z,1,1,1,1,1,1
FREP-338806-J,1,1,1,1,1,1
FREP-338815-Z,1,1,1,1,1,1
FREP-338816-G,1,1,1,1,1,1
FREP-338821-Z,1,1,1,1,1,1
FREP-338827-G,1,1,1,1,1,1
FREP-338831-G,1,1,1,1,1,1
FREP-338835-G,1,1,1,1,1,1
FREP-338840-Z,1,1,1,1,1,1
FREP-338843-G,1,1,1,1,1,1
FREP-338844-G,1,1,1,1,1,1
FREP-338848-Z,1,1,1,1,1,1
FREP-338849-Z,1,1,1,1,1,1
FREP-338852-G,1,1,1,1,1,1
FREP-338853-G,1,1,1,1,1,1
FREP-338853-J,1,1,1,1,1,1
FREP-338853-Z,1,1,1,1,1,1
FREP-338855-Z,1,1,1,1,1,1
FREP-338862-J,1,1,1,1,1,1
FREP-338865-Z,1,1,1,1,1,1
FREP-338870-J,1,1,1,1,1,1
FREP-338874-J,1,1,1,1,1,1
FREP-338878-Z,1,1,1,1,1,1
FREP-338883-J,1,1,1,1,1,1
FREP-338888-J,1,1,1,1,1,1
FREP-338890-G,1,1,1,1,1,1
FREP-338893-Z,1,1,1,1,1,1
FREP-338907-G,1,1,1,1,1,1
FREP-338907-Z,1,1,1,1,1,1
FREP-338910-Z,1,1,1,1,1,1
FREP-338916-G,1,1,1,1,1,1
FREP-338923-J,1,1,1,1,1,1
FREP-338931-Z,1,1,1,1,1,1
FREP-338939-Z,1,1,1,1,1,1
FREP-338945-Z,1,1,1,1,1,1
FREP-338948-G,1,1,1,1,1,1
FREP-338948-Z,1,1,1,1,1,1
FREP-338949-J,1,1,1,1,1,1
FREP-338951-G,1,1,1,1,1,1
FREP-338952-Z,1,1,1,1,1,1
FREP-338954-Z,1,1,1,1,1,1
FREP-338956-G,1,1,1,1,1,1
FREP-338960-Z,1,1,1,1,1,1
FREP-338962-J,1,1,1,1,1,1
FREP-338965-G,1,1,1,1,1,1
FREP-338967-G,1,1,1,1,1,1
FREP-338971-G,1,1,1,1,1,1
FREP-338976-Z,1,1,1,1,1,1
FREP-338977-Z,1,1,1,1,1,1
FREP-338982-Z,1,1,1,1,1,1
FREP-338987-J,1,1,1,1,1,1
FREP-338995-G,1,1,1,1,1,1
FREP-339001-Z,1,1,1,1,1,1
FREP-339004-G,1,1,1,1,1,1
FREP-339010-Z,1,1,1,1,1,1
FREP-339024-G,1,1,1,1,1,1
FREP-339026-G,1,1,1,1,1,1
FREP-339030-Z,1,1,1,1,1,1
FREP-339033-G,1,1,1,1,1,1
FREP-339034-J,1,1,1,1,1,1
FREP-339041-Z,1,1,1,1,1,1
FREP-339052-G,1,1,1,1,1,1
FREP-339072-G,1,1,1,1,1,1
FREP-339073-J,1,1,1,1,1,1
FREP-339077-J,1,1,1,1,1,1
FREP-339078-G,1,1,1,1,1,1
FREP-339078-J,1,1,1,1,1,1
FREP-339084-G,1,1,1,1,1,1
FREP-339087-J,1,1,1,1,1,1
FREP-339109-J,1,1,1,1,1,1
FREP-339111-G,1,1,1,1,1,1
FREP-339111-J,1,1,1,1,1,1
FREP-339125-Z,1,1,1,1,1,1
FREP-339164-J,1,1,1,1,1,1
FREP-339183-Z,1,1,1,1,1,1
FREP-339184-G,1,1,1,1,1,1
FREP-339184-J,1,1,1,1,1,1
FREP-339203-J,1,1,1,1,1,1
FREP-339216-J,1,1,1,1,1,1
FREP-339227-Z,1,1,1,1,1,1
FREP-339228-Z,1,1,1,1,1,1
FREP-339232-J,1,1,1,1,1,1
FREP-339242-G,1,1,1,1,1,1
FREP-339257-Z,1,1,1,1,1,1
FREP-339278-Z,1,1,1,1,1,1
FREP-339285-Z,1,1,1,1,1,1
FREP-339291-J,1,1,1,1,1,1
FREP-339312-J,1,1,1,1,1,1
FREP-339314-Z,1,1,1,1,1,1
FREP-339319-J,1,1,1,1,1,1
FREP-339323-Z,1,1,1,1,1,1
FREP-339326-J,1,1,1,1,1,1
FREP-339353-J,1,1,1,1,1,1
FREP-339362-G,1,1,1,1,1,1
FREP-339363-J,1,1,1,1,1,1
FREP-339373-J,1,1,1,1,1,1
FREP-339387-J,1,1,1,1,1,1
FREP-339391-J,1,1,1,1,1,1
FREP-339398-Z,1,1,1,1,1,1
FREP-339407-J,1,1,1,1,1,1
FREP-339409-G,1,1,1,1,1,1
FREP-339409-Z,1,1,1,1,1,1
FREP-339411-G,1,1,1,1,1,1
FREP-339416-G,1,1,1,1,1,1
FREP-339421-G,1,1,1,1,1,1
FREP-339422-G,1,1,1,1,1,1
FREP-339445-J,1,1,1,1,1,1
FREP-339452-J,1,1,1,1,1,1
FREP-339453-G,1,1,1,1,1,1
FREP-339458-G,1,1,1,1,1,1
FREP-339463-G,1,1,1,1,1,1
FREP-339482-G,1,1,1,1,1,1
FREP-339490-J,1,1,1,1,1,1
FREP-339492-G,1,1,1,1,1,1
FREP-339502-Z,1,1,1,1,1,1
FREP-339532-J,1,1,1,1,1,1
FREP-339541-Z,1,1,1,1,1,1
FREP-339550-Z,1,1,1,1,1,1
FREP-339555-J,1,1,1,1,1,1
FREP-339556-Z,1,1,1,1,1,1
FREP-339562-Z,1,1,1,1,1,1
FREP-339563-Z,1,1,1,1,1,1
FREP-339564-J,1,1,1,1,1,1
FREP-339565-J,1,1,1,1,1,1
FREP-339566-Z,1,1,1,1,1,1
FREP-339572-Z,1,1,1,1,1,1
FREP-339575-J,1,1,1,1,1,1
FREP-339579-Z,1,1,1,1,1,1
FREP-339584-G,1,1,1,1,1,1
FREP-339589-Z,1,1,1,1,1,1
FREP-339590-J,1,1,1,1,1,1
FREP-339591-Z,1,1,1,1,1,1
FREP-339592-J,1,1,1,1,1,1
FREP-339629-J,1,1,1,1,1,1
FREP-339647-Z,1,1,1,1,1,1
FREP-339649-Z,1,1,1,1,1,1
FREP-339657-J,1,1,1,1,1,1
FREP-339658-J,1,1,1,1,1,1
FREP-339663-G,1,1,1,1,1,1
FREP-339666-G,1,1,1,1,1,1
FREP-339677-J,1,1,1,1,1,1
FREP-339680-G,1,1,1,1,1,1
FREP-339689-J,1,1,1,1,1,1
FREP-339693-J,1,1,1,1,1,1
FREP-339709-J,1,1,1,1,1,1
FREP-339718-J,1,1,1,1,1,1
FREP-339753-Z,1,1,1,1,1,1
FREP-339757-Z,1,1,1,1,1,1
FREP-339760-J,1,1,1,1,1,1
FREP-339769-Z,1,1,1,1,1,1
FREP-339777-G,1,1,1,1,1,1
FREP-339778-Z,1,1,1,1,1,1
FREP-339779-G,1,1,1,1,1,1
FREP-339786-J,1,1,1,1,1,1
FREP-339788-G,1,1,1,1,1,1
FREP-339793-G,1,1,1,1,1,1
FREP-339798-J,1,1,1,1,1,1
FREP-339803-G,1,1,1,1,1,1
FREP-339803-J,1,1,1,1,1,1
FREP-339805-J,1,1,1,1,1,1
FREP-339807-Z,1,1,1,1,1,1
FREP-339810-G,1,1,1,1,1,1
FREP-339830-G,1,1,1,1,1,1
FREP-339835-G,1,1,1,1,1,1
FREP-339841-J,1,1,1,1,1,1
FREP-339848-J,1,1,1,1,1,1
FREP-339877-G,1,1,1,1,1,1
FREP-339878-Z,1,1,1,1,1,1
FREP-339884-G,1,1,1,1,1,1
FREP-339886-G,1,1,1,1,1,1
FREP-339889-G,1,1,1,1,1,1
FREP-339891-G,1,1,1,1,1,1
FREP-339901-G,1,1,1,1,1,1
FREP-339903-G,1,1,1,1,1,1
FREP-339907-Z,1,1,1,1,1,1
FREP-339914-J,1,1,1,1,1,1
FREP-339918-J,1,1,1,1,1,1
FREP-339919-J,1,1,1,1,1,1
FREP-339922-Z,1,1,1,1,1,1
FREP-339934-G,1,1,1,1,1,1
FREP-339947-G,1,1,1,1,1,1
FREP-339954-G,1,1,1,1,1,1
FREP-339955-G,1,1,1,1,1,1
FREP-339959-G,1,1,1,1,1,1
FREP-339965-G,1,1,1,1,1,1
FREP-339966-G,1,1,1,1,1,1
FREP-339978-G,1,1,1,1,1,1
FREP-340001-G,1,1,1,1,1,1
FREP-340005-J,1,1,1,1,1,1
FREP-340006-J,1,1,1,1,1,1
FREP-340010-G,1,1,1,1,1,1
FREP-340015-J,1,1,1,1,1,1
FREP-340031-G,1,1,1,1,1,1
FREP-340033-G,1,1,1,1,1,1
FREP-340033-Z,1,1,1,1,1,1
FREP-340035-G,1,1,1,1,1,1
FREP-340035-J,1,1,1,1,1,1
FREP-340043-G,1,1,1,1,1,1
FREP-340045-G,1,1,1,1,1,1
FREP-340050-G,1,1,1,1,1,1
FREP-340062-J,1,1,1,1,1,1
FREP-340065-J,1,1,1,1,1,1
FREP-340068-J,1,1,1,1,1,1
FREP-340072-G,1,1,1,1,1,1
FREP-340073-G,1,1,1,1,1,1
FREP-340074-Z,1,1,1,1,1,1
FREP-340077-Z,1,1,1,1,1,1
FREP-340085-J,1,1,1,1,1,1
FREP-340086-J,1,1,1,1,1,1
FREP-340088-Z,1,1,1,1,1,1
FREP-340089-Z,1,1,1,1,1,1
FREP-340091-J,1,1,1,1,1,1
FREP-340101-J,1,1,1,1,1,1
FREP-340106-J,1,1,1,1,1,1
FREP-340115-Z,1,1,1,1,1,1
FREP-340118-G,1,1,1,1,1,1
FREP-340124-J,1,1,1,1,1,1
FREP-340142-J,1,1,1,1,1,1
FREP-340148-G,1,1,1,1,1,1
FREP-340149-G,1,1,1,1,1,1
FREP-340173-G,1,1,1,1,1,1
FREP-340177-J,1,1,1,1,1,1
FREP-340185-G,1,1,1,1,1,1
FREP-340191-Z,1,1,1,1,1,1
FREP-340197-Z,1,1,1,1,1,1
FREP-340221-Z,1,1,1,1,1,1
FREP-340224-Z,1,1,1,1,1,1
FREP-340227-Z,1,1,1,1,1,1
FREP-340246-Z,1,1,1,1,1,1
FREP-340247-J,1,1,1,1,1,1
FREP-340250-Z,1,1,1,1,1,1
FREP-340256-Z,1,1,1,1,1,1
FREP-340257-J,1,1,1,1,1,1
FREP-340265-G,1,1,1,1,1,1
FREP-340280-G,1,1,1,1,1,1
FREP-340289-G,1,1,1,1,1,1
FREP-340293-Z,1,1,1,1,1,1
FREP-340300-J,1,1,1,1,1,1
FREP-340306-J,1,1,1,1,1,1
FREP-340313-J,1,1,1,1,1,1
FREP-340320-G,1,1,1,1,1,1
FREP-340329-G,1,1,1,1,1,1
FREP-340333-G,1,1,1,1,1,1
FREP-340334-G,1,1,1,1,1,1
FREP-340340-G,1,1,1,1,1,1
FREP-340342-J,1,1,1,1,1,1
FREP-340350-G,1,1,1,1,1,1
FREP-340351-Z,1,1,1,1,1,1
FREP-340364-Z,1,1,1,1,1,1
FREP-340366-G,1,1,1,1,1,1
FREP-340368-Z,1,1,1,1,1,1
FREP-340388-Z,1,1,1,1,1,1
FREP-340394-J,1,1,1,1,1,1
FREP-340406-J,1,1,1,1,1,1
FREP-340413-Z,1,1,1,1,1,1
FREP-340415-Z,1,1,1,1,1,1
FREP-340419-Z,1,1,1,1,1,1
FREP-340427-J,1,1,1,1,1,1
FREP-340441-Z,1,1,1,1,1,1
FREP-340447-G,1,1,1,1,1,1
FREP-340465-Z,1,1,1,1,1,1
FREP-340466-Z,1,1,1,1,1,1
FREP-340471-Z,1,1,1,1,1,1
FREP-340477-G,1,1,1,1,1,1
FREP-340478-J,1,1,1,1,1,1
FREP-340483-G,1,1,1,1,1,1
FREP-340488-G,1,1,1,1,1,1
FREP-340497-G,1,1,1,1,1,1
FREP-340498-J,1,1,1,1,1,1
FREP-340503-Z,1,1,1,1,1,1
FREP-340553-Z,1,1,1,1,1,1
FREP-340557-Z,1,1,1,1,1,1
FREP-340566-Z,1,1,1,1,1,1
FREP-340575-J,1,1,1,1,1,1
FREP-340596-J,1,1,1,1,1,1
FREP-340598-J,1,1,1,1,1,1
FREP-340603-J,1,1,1,1,1,1
FREP-340612-Z,1,1,1,1,1,1
FREP-340613-Z,1,1,1,1,1,1
FREP-340619-G,1,1,1,1,1,1
FREP-340622-J,1,1,1,1,1,1
FREP-340623-G,1,1,1,1,1,1
FREP-340626-G,1,1,1,1,1,1
FREP-340642-Z,1,1,1,1,1,1
FREP-340649-J,1,1,1,1,1,1
FREP-340657-Z,1,1,1,1,1,1
FREP-340663-J,1,1,1,1,1,1
FREP-340664-G,1,1,1,1,1,1
FREP-340667-Z,1,1,1,1,1,1
FREP-340672-G,1,1,1,1,1,1
FREP-340672-Z,1,1,1,1,1,1
FREP-340698-Z,1,1,1,1,1,1
FREP-340701-G,1,1,1,1,1,1
FREP-340707-Z,1,1,1,1,1,1
FREP-340711-Z,1,1,1,1,1,1
FREP-340728-J,1,1,1,1,1,1
FREP-340733-J,1,1,1,1,1,1
FREP-340740-J,1,1,1,1,1,1
FREP-340749-G,1,1,1,1,1,1
FREP-340759-G,1,1,1,1,1,1
FREP-340760-Z,1,1,1,1,1,1
FREP-340761-J,1,1,1,1,1,1
FREP-340762-G,1,1,1,1,1,1
FREP-340764-G,1,1,1,1,1,1
FREP-340765-G,1,1,1,1,1,1
FREP-340766-G,1,1,1,1,1,1
FREP-340766-Z,1,1,1,1,1,1
FREP-340770-J,1,1,1,1,1,1
FREP-340772-Z,1,1,1,1,1,1
FREP-340786-G,1,1,1,1,1,1
FREP-340820-G,1,1,1,1,1,1
FREP-340824-G,1,1,1,1,1,1
FREP-340827-Z,1,1,1,1,1,1
FREP-340830-G,1,1,1,1,1,1
FREP-340843-J,1,1,1,1,1,1
FREP-340844-G,1,1,1,1,1,1
FREP-340849-J,1,1,1,1,1,1
FREP-340851-G,1,1,1,1,1,1
FREP-340851-J,1,1,1,1,1,1
FREP-340854-J,1,1,1,1,1,1
FREP-340857-J,1,1,1,1,1,1
FREP-340858-G,1,1,1,1,1,1
FREP-340870-Z,1,1,1,1,1,1
FREP-340872-J,1,1,1,1,1,1
FREP-340872-Z,1,1,1,1,1,1
FREP-340875-Z,1,1,1,1,1,1
FREP-340880-G,1,1,1,1,1,1
FREP-340881-Z,1,1,1,1,1,1
FREP-340883-G,1,1,1,1,1,1
FREP-340892-G,1,1,1,1,1,1
FREP-340897-Z,1,1,1,1,1,1
FREP-340899-Z,1,1,1,1,1,1
FREP-340900-Z,1,1,1,1,1,1
FREP-340901-Z,1,1,1,1,1,1
FREP-340907-G,1,1,1,1,1,1
FREP-340924-Z,1,1,1,1,1,1
FREP-340928-Z,1,1,1,1,1,1
FREP-340931-G,1,1,1,1,1,1
FREP-340942-G,1,1,1,1,1,1
FREP-340947-Z,1,1,1,1,1,1
FREP-340966-Z,1,1,1,1,1,1
FREP-340967-Z,1,1,1,1,1,1
FREP-340969-Z,1,1,1,1,1,1
FREP-340972-Z,1,1,1,1,1,1
FREP-340976-J,1,1,1,1,1,1
FREP-340983-Z,1,1,1,1,1,1
FREP-340985-Z,1,1,1,1,1,1
FREP-340989-J,1,1,1,1,1,1
FREP-340996-G,1,1,1,1,1,1
FREP-341032-Z,1,1,1,1,1,1
FREP-341035-G,1,1,1,1,1,1
FREP-341044-J,1,1,1,1,1,1
FREP-341045-Z,1,1,1,1,1,1
FREP-341063-Z,1,1,1,1,1,1
FREP-341066-J,1,1,1,1,1,1
FREP-341068-J,1,1,1,1,1,1
FREP-341074-J,1,1,1,1,1,1
FREP-341075-J,1,1,1,1,1,1
FREP-341093-J,1,1,1,1,1,1
FREP-341102-G,1,1,1,1,1,1
FREP-341108-G,1,1,1,1,1,1
FREP-341110-G,1,1,1,1,1,1
FREP-341113-G,1,1,1,1,1,1
FREP-341115-G,1,1,1,1,1,1
FREP-341172-Z,1,1,1,1,1,1
FREP-341173-J,1,1,1,1,1,1
FREP-341175-J,1,1,1,1,1,1
FREP-341177-Z,1,1,1,1,1,1
FREP-341187-G,1,1,1,1,1,1
FREP-341192-Z,1,1,1,1,1,1
FREP-341193-J,1,1,1,1,1,1
FREP-341205-Z,1,1,1,1,1,1
FREP-341210-Z,1,1,1,1,1,1
FREP-341212-Z,1,1,1,1,1,1
FREP-341215-J,1,1,1,1,1,1
FREP-341215-Z,1,1,1,1,1,1
FREP-341223-Z,1,1,1,1,1,1
FREP-341230-J,1,1,1,1,1,1
FREP-341237-G,1,1,1,1,1,1
FREP-341243-Z,1,1,1,1,1,1
FREP-341249-G,1,1,1,1,1,1
FREP-341282-J,1,1,1,1,1,1
FREP-341297-G,1,1,1,1,1,1
FREP-341301-J,1,1,1,1,1,1
FREP-341309-J,1,1,1,1,1,1
FREP-341364-J,1,1,1,1,1,1
FREP-341377-Z,1,1,1,1,1,1
FREP-341413-Z,1,1,1,1,1,1
FREP-341414-Z,1,1,1,1,1,1
FREP-341418-J,1,1,1,1,1,1
FREP-341430-G,1,1,1,1,1,1
FREP-341447-Z,1,1,1,1,1,1
FREP-341451-Z,1,1,1,1,1,1
FREP-341463-J,1,1,1,1,1,1
FREP-341464-Z,1,1,1,1,1,1
FREP-341469-Z,1,1,1,1,1,1
FREP-341486-Z,1,1,1,1,1,1
FREP-341488-G,1,1,1,1,1,1
FREP-341496-G,1,1,1,1,1,1
FREP-341502-J,1,1,1,1,1,1
FREP-341505-J,1,1,1,1,1,1
FREP-341515-J,1,1,1,1,1,1
FREP-341516-Z,1,1,1,1,1,1
FREP-341532-J,1,1,1,1,1,1
FREP-341532-Z,1,1,1,1,1,1
FREP-341539-J,1,1,1,1,1,1
FREP-341540-G,1,1,1,1,1,1
FREP-341544-Z,1,1,1,1,1,1
FREP-341560-G,1,1,1,1,1,1
FREP-341561-Z,1,1,1,1,1,1
FREP-341563-J,1,1,1,1,1,1
FREP-341568-J,1,1,1,1,1,1
FREP-341569-G,1,1,1,1,1,1
FREP-341572-Z,1,1,1,1,1,1
FREP-341580-G,1,1,1,1,1,1
FREP-341597-J,1,1,1,1,1,1
FREP-341598-J,1,1,1,1,1,1
FREP-341611-J,1,1,1,1,1,1
FREP-341612-G,1,1,1,1,1,1
FREP-341614-G,1,1,1,1,1,1
FREP-341615-G,1,1,1,1,1,1
FREP-341617-Z,1,1,1,1,1,1
FREP-341618-Z,1,1,1,1,1,1
FREP-341619-G,1,1,1,1,1,1
FREP-341643-G,1,1,1,1,1,1
FREP-341648-Z,1,1,1,1,1,1
FREP-341658-Z,1,1,1,1,1,1
FREP-341663-J,1,1,1,1,1,1
FREP-341663-Z,1,1,1,1,1,1
FREP-341676-Z,1,1,1,1,1,1
FREP-341677-G,1,1,1,1,1,1
FREP-341681-G,1,1,1,1,1,1
FREP-341682-G,1,1,1,1,1,1
FREP-341690-J,1,1,1,1,1,1
FREP-341695-Z,1,1,1,1,1,1
FREP-341699-G,1,1,1,1,1,1
FREP-341700-Z,1,1,1,1,1,1
FREP-341708-Z,1,1,1,1,1,1
FREP-341712-G,1,1,1,1,1,1
FREP-341716-G,1,1,1,1,1,1
FREP-341718-Z,1,1,1,1,1,1
FREP-341726-G,1,1,1,1,1,1
FREP-341743-G,1,1,1,1,1,1
FREP-341745-G,1,1,1,1,1,1
FREP-341752-J,1,1,1,1,1,1
FREP-341756-G,1,1,1,1,1,1
FREP-341762-G,1,1,1,1,1,1
FREP-341764-G,1,1,1,1,1,1
FREP-341774-J,1,1,1,1,1,1
FREP-341804-Z,1,1,1,1,1,1
FREP-341807-J,1,1,1,1,1,1
FREP-341811-J,1,1,1,1,1,1
FREP-341816-Z,1,1,1,1,1,1
FREP-341831-G,1,1,1,1,1,1
FREP-341831-Z,1,1,1,1,1,1
FREP-341846-Z,1,1,1,1,1,1
FREP-341856-Z,1,1,1,1,1,1
FREP-341861-J,1,1,1,1,1,1
FREP-341864-G,1,1,1,1,1,1
FREP-341864-J,1,1,1,1,1,1
FREP-341865-Z,1,1,1,1,1,1
FREP-341873-J,1,1,1,1,1,1
FREP-341880-G,1,1,1,1,1,1
FREP-341880-Z,1,1,1,1,1,1
FREP-341889-Z,1,1,1,1,1,1
FREP-341890-Z,1,1,1,1,1,1
FREP-341902-Z,1,1,1,1,1,1
FREP-341903-Z,1,1,1,1,1,1
FREP-341904-Z,1,1,1,1,1,1
FREP-341905-Z,1,1,1,1,1,1
FREP-341912-Z,1,1,1,1,1,1
FREP-341918-G,1,1,1,1,1,1
FREP-341921-Z,1,1,1,1,1,1
FREP-341927-G,1,1,1,1,1,1
FREP-341927-J,1,1,1,1,1,1
FREP-341936-Z,1,1,1,1,1,1
FREP-341945-G,1,1,1,1,1,1
FREP-341947-Z,1,1,1,1,1,1
FREP-341952-J,1,1,1,1,1,1
FREP-341954-J,1,1,1,1,1,1
FREP-341957-Z,1,1,1,1,1,1
FREP-341958-G,1,1,1,1,1,1
FREP-341959-G,1,1,1,1,1,1
FREP-341963-Z,1,1,1,1,1,1
FREP-341968-Z,1,1,1,1,1,1
FREP-342014-Z,1,1,1,1,1,1
FREP-342015-G,1,1,1,1,1,1
FREP-342018-G,1,1,1,1,1,1
FREP-342037-J,1,1,1,1,1,1
FREP-342067-Z,1,1,1,1,1,1
FREP-342070-J,1,1,1,1,1,1
FREP-342076-Z,1,1,1,1,1,1
FREP-342080-Z,1,1,1,1,1,1
FREP-342083-G,1,1,1,1,1,1
FREP-342085-G,1,1,1,1,1,1
FREP-342099-J,1,1,1,1,1,1
FREP-342100-J,1,1,1,1,1,1
FREP-342110-Z,1,1,1,1,1,1
FREP-342116-G,1,1,1,1,1,1
FREP-342119-G,1,1,1,1,1,1
FREP-342119-Z,1,1,1,1,1,1
FREP-342127-Z,1,1,1,1,1,1
FREP-342132-J,1,1,1,1,1,1
FREP-342139-Z,1,1,1,1,1,1
FREP-342143-G,1,1,1,1,1,1
FREP-342154-J,1,1,1,1,1,1
FREP-342155-Z,1,1,1,1,1,1
FREP-342164-Z,1,1,1,1,1,1
FREP-342185-G,1,1,1,1,1,1
FREP-342201-G,1,1,1,1,1,1
FREP-342205-J,1,1,1,1,1,1
FREP-342222-G,1,1,1,1,1,1
FREP-342240-J,1,1,1,1,1,1
FREP-342242-Z,1,1,1,1,1,1
FREP-342245-G,1,1,1,1,1,1
FREP-342251-G,1,1,1,1,1,1
FREP-342259-G,1,1,1,1,1,1
FREP-342267-G,1,1,1,1,1,1
FREP-342272-G,1,1,1,1,1,1
FREP-342274-J,1,1,1,1,1,1
FREP-342275-Z,1,1,1,1,1,1
FREP-342281-G,1,1,1,1,1,1
FREP-342288-Z,1,1,1,1,1,1
FREP-342303-Z,1,1,1,1,1,1
FREP-342316-G,1,1,1,1,1,1
FREP-342342-Z,1,1,1,1,1,1
FREP-342357-J,1,1,1,1,1,1
FREP-342362-J,1,1,1,1,1,1
FREP-342362-Z,1,1,1,1,1,1
FREP-342363-Z,1,1,1,1,1,1
FREP-342368-J,1,1,1,1,1,1
FREP-342376-G,1,1,1,1,1,1
FREP-342380-G,1,1,1,1,1,1
FREP-342387-G,1,1,1,1,1,1
FREP-342389-G,1,1,1,1,1,1
FREP-342391-G,1,1,1,1,1,1
FREP-342399-Z,1,1,1,1,1,1
FREP-342402-J,1,1,1,1,1,1
FREP-342409-Z,1,1,1,1,1,1
FREP-342421-Z,1,1,1,1,1,1
FREP-342429-Z,1,1,1,1,1,1
FREP-342435-Z,1,1,1,1,1,1
FREP-342444-J,1,1,1,1,1,1
FREP-342449-Z,1,1,1,1,1,1
FREP-342478-G,1,1,1,1,1,1
FREP-342482-G,1,1,1,1,1,1
FREP-342490-G,1,1,1,1,1,1
FREP-342501-G,1,1,1,1,1,1
FREP-342522-G,1,1,1,1,1,1
FREP-342525-J,1,1,1,1,1,1
FREP-342527-Z,1,1,1,1,1,1
FREP-342534-Z,1,1,1,1,1,1
FREP-342546-J,1,1,1,1,1,1
FREP-342552-G,1,1,1,1,1,1
FREP-342556-J,1,1,1,1,1,1
FREP-342560-Z,1,1,1,1,1,1
FREP-342567-Z,1,1,1,1,1,1
FREP-342576-Z,1,1,1,1,1,1
FREP-342583-Z,1,1,1,1,1,1
FREP-342595-Z,1,1,1,1,1,1
FREP-342601-G,1,1,1,1,1,1
FREP-342608-Z,1,1,1,1,1,1
FREP-342615-J,1,1,1,1,1,1
FREP-342626-G,1,1,1,1,1,1
FREP-342627-J,1,1,1,1,1,1
FREP-342629-G,1,1,1,1,1,1
FREP-342632-J,1,1,1,1,1,1
FREP-342636-G,1,1,1,1,1,1
FREP-342642-G,1,1,1,1,1,1
FREP-342655-Z,1,1,1,1,1,1
FREP-342659-G,1,1,1,1,1,1
FREP-342662-G,1,1,1,1,1,1
FREP-342666-G,1,1,1,1,1,1
FREP-342690-Z,1,1,1,1,1,1
FREP-342692-Z,1,1,1,1,1,1
FREP-342695-J,1,1,1,1,1,1
FREP-342700-G,1,1,1,1,1,1
FREP-342701-G,1,1,1,1,1,1
FREP-342702-J,1,1,1,1,1,1
FREP-342707-Z,1,1,1,1,1,1
FREP-342708-J,1,1,1,1,1,1
FREP-342708-Z,1,1,1,1,1,1
FREP-342714-Z,1,1,1,1,1,1
FREP-342732-G,1,1,1,1,1,1
FREP-342737-J,1,1,1,1,1,1
FREP-342737-Z,1,1,1,1,1,1
FREP-342740-J,1,1,1,1,1,1
FREP-342747-G,1,1,1,1,1,1
FREP-342748-G,1,1,1,1,1,1
FREP-342749-G,1,1,1,1,1,1
FREP-342751-Z,1,1,1,1,1,1
FREP-342779-J,1,1,1,1,1,1
FREP-342783-J,1,1,1,1,1,1
FREP-342788-G,1,1,1,1,1,1
FREP-342791-J,1,1,1,1,1,1
FREP-342800-J,1,1,1,1,1,1
FREP-342801-G,1,1,1,1,1,1
FREP-342818-J,1,1,1,1,1,1
FREP-342822-Z,1,1,1,1,1,1
FREP-342827-Z,1,1,1,1,1,1
FREP-342841-J,1,1,1,1,1,1
FREP-342846-Z,1,1,1,1,1,1
FREP-342854-Z,1,1,1,1,1,1
FREP-342862-Z,1,1,1,1,1,1
FREP-342867-J,1,1,1,1,1,1
FREP-342868-Z,1,1,1,1,1,1
FREP-342870-Z,1,1,1,1,1,1
FREP-342887-Z,1,1,1,1,1,1
FREP-342888-Z,1,1,1,1,1,1
FREP-342889-G,1,1,1,1,1,1
FREP-342896-Z,1,1,1,1,1,1
FREP-342897-Z,1,1,1,1,1,1
FREP-342906-G,1,1,1,1,1,1
FREP-342912-Z,1,1,1,1,1,1
FREP-342913-G,1,1,1,1,1,1
FREP-342914-G,1,1,1,1,1,1
FREP-342914-J,1,1,1,1,1,1
FREP-342916-G,1,1,1,1,1,1
FREP-342918-G,1,1,1,1,1,1
FREP-342928-Z,1,1,1,1,1,1
FREP-342929-Z,1,1,1,1,1,1
FREP-342930-G,1,1,1,1,1,1
FREP-342931-G,1,1,1,1,1,1
FREP-342935-J,1,1,1,1,1,1
FREP-342939-G,1,1,1,1,1,1
FREP-342940-J,1,1,1,1,1,1
FREP-342948-G,1,1,1,1,1,1
FREP-342950-G,1,1,1,1,1,1
FREP-342959-J,1,1,1,1,1,1
FREP-342959-Z,1,1,1,1,1,1
FREP-342964-Z,1,1,1,1,1,1
FREP-342970-G,1,1,1,1,1,1
FREP-342979-Z,1,1,1,1,1,1
FREP-342983-G,1,1,1,1,1,1
FREP-342992-J,1,1,1,1,1,1
FREP-342999-Z,1,1,1,1,1,1
FREP-343000-Z,1,1,1,1,1,1
FREP-343009-Z,1,1,1,1,1,1
FREP-343020-G,1,1,1,1,1,1
FREP-343020-Z,1,1,1,1,1,1
FREP-343021-J,1,1,1,1,1,1
FREP-343029-Z,1,1,1,1,1,1
FREP-343034-Z,1,1,1,1,1,1
FREP-343036-G,1,1,1,1,1,1
FREP-343045-G,1,1,1,1,1,1
FREP-343047-Z,1,1,1,1,1,1
FREP-343053-G,1,1,1,1,1,1
FREP-343055-Z,1,1,1,1,1,1
FREP-343057-Z,1,1,1,1,1,1
FREP-343059-G,1,1,1,1,1,1
FREP-343070-Z,1,1,1,1,1,1
FREP-343072-J,1,1,1,1,1,1
FREP-343072-Z,1,1,1,1,1,1
FREP-343073-Z,1,1,1,1,1,1
FREP-343076-Z,1,1,1,1,1,1
FREP-343084-Z,1,1,1,1,1,1
FREP-343098-G,1,1,1,1,1,1
FREP-343109-J,1,1,1,1,1,1
FREP-343110-Z,1,1,1,1,1,1
FREP-343119-Z,1,1,1,1,1,1
FREP-343121-J,1,1,1,1,1,1
FREP-343130-Z,1,1,1,1,1,1
FREP-343131-J,1,1,1,1,1,1
FREP-343165-J,1,1,1,1,1,1
FREP-343169-G,1,1,1,1,1,1
FREP-343170-Z,1,1,1,1,1,1
FREP-343174-G,1,1,1,1,1,1
FREP-343185-G,1,1,1,1,1,1
FREP-343187-Z,1,1,1,1,1,1
FREP-343188-G,1,1,1,1,1,1
FREP-343191-G,1,1,1,1,1,1
FREP-343198-G,1,1,1,1,1,1
FREP-343208-J,1,1,1,1,1,1
FREP-343225-Z,1,1,1,1,1,1
FREP-343236-J,1,1,1,1,1,1
FREP-343261-Z,1,1,1,1,1,1
FREP-343265-J,1,1,1,1,1,1
FREP-343270-G,1,1,1,1,1,1
FREP-343287-G,1,1,1,1,1,1
FREP-343293-Z,1,1,1,1,1,1
FREP-343295-G,1,1,1,1,1,1
FREP-343305-J,1,1,1,1,1,1
FREP-343319-J,1,1,1,1,1,1
FREP-343326-G,1,1,1,1,1,1
FREP-343331-Z,1,1,1,1,1,1
FREP-343337-Z,1,1,1,1,1,1
FREP-343342-G,1,1,1,1,1,1
FREP-343348-G,1,1,1,1,1,1
FREP-343358-J,1,1,1,1,1,1
FREP-343380-Z,1,1,1,1,1,1
FREP-343396-J,1,1,1,1,1,1
FREP-343396-Z,1,1,1,1,1,1
FREP-343397-Z,1,1,1,1,1,1
FREP-343414-J,1,1,1,1,1,1
FREP-343416-Z,1,1,1,1,1,1
FREP-343425-J,1,1,1,1,1,1
FREP-343447-J,1,1,1,1,1,1
FREP-343450-G,1,1,1,1,1,1
FREP-343460-G,1,1,1,1,1,1
FREP-343467-J,1,1,1,1,1,1
FREP-343470-Z,1,1,1,1,1,1
FREP-343475-G,1,1,1,1,1,1
FREP-343480-G,1,1,1,1,1,1
FREP-343488-Z,1,1,1,1,1,1
FREP-343491-G,1,1,1,1,1,1
FREP-343494-G,1,1,1,1,1,1
FREP-343501-G,1,1,1,1,1,1
FREP-343508-J,1,1,1,1,1,1
FREP-343509-G,1,1,1,1,1,1
FREP-343510-G,1,1,1,1,1,1
FREP-343519-J,1,1,1,1,1,1
FREP-343520-G,1,1,1,1,1,1
FREP-343530-G,1,1,1,1,1,1
FREP-343530-J,1,1,1,1,1,1
FREP-343533-G,1,1,1,1,1,1
FREP-343542-G,1,1,1,1,1,1
FREP-343552-G,1,1,1,1,1,1
FREP-343552-J,1,1,1,1,1,1
FREP-343555-Z,1,1,1,1,1,1
FREP-343560-J,1,1,1,1,1,1
FREP-343564-Z,1,1,1,1,1,1
FREP-343565-Z,1,1,1,1,1,1
FREP-343577-J,1,1,1,1,1,1
FREP-343577-Z,1,1,1,1,1,1
FREP-343583-G,1,1,1,1,1,1
FREP-343586-G,1,1,1,1,1,1
FREP-343590-Z,1,1,1,1,1,1
FREP-343595-Z,1,1,1,1,1,1
FREP-343598-G,1,1,1,1,1,1
FREP-343607-G,1,1,1,1,1,1
FREP-343608-G,1,1,1,1,1,1
FREP-343617-G,1,1,1,1,1,1
FREP-343630-G,1,1,1,1,1,1
FREP-343631-Z,1,1,1,1,1,1
FREP-343640-G,1,1,1,1,1,1
FREP-343643-J,1,1,1,1,1,1
FREP-343649-J,1,1,1,1,1,1
FREP-343656-Z,1,1,1,1,1,1
FREP-343658-G,1,1,1,1,1,1
FREP-343659-G,1,1,1,1,1,1
FREP-343667-G,1,1,1,1,1,1
FREP-343677-G,1,1,1,1,1,1
FREP-343684-G,1,1,1,1,1,1
FREP-343691-G,1,1,1,1,1,1
FREP-343693-G,1,1,1,1,1,1
FREP-343697-J,1,1,1,1,1,1
FREP-343710-G,1,1,1,1,1,1
FREP-343718-G,1,1,1,1,1,1
FREP-343727-Z,1,1,1,1,1,1
FREP-343738-G,1,1,1,1,1,1
FREP-343743-G,1,1,1,1,1,1
FREP-343745-J,1,1,1,1,1,1
FREP-343747-J,1,1,1,1,1,1
FREP-343748-G,1,1,1,1,1,1
FREP-343763-Z,1,1,1,1,1,1
FREP-343764-J,1,1,1,1,1,1
FREP-343765-G,1,1,1,1,1,1
FREP-343765-Z,1,1,1,1,1,1
FREP-343773-Z,1,1,1,1,1,1
FREP-343775-G,1,1,1,1,1,1
FREP-343781-Z,1,1,1,1,1,1
FREP-343811-G,1,1,1,1,1,1
FREP-343830-G,1,1,1,1,1,1
FREP-343836-G,1,1,1,1,1,1
FREP-343855-Z,1,1,1,1,1,1
FREP-343857-G,1,1,1,1,1,1
FREP-343909-G,1,1,1,1,1,1
FREP-343915-Z,1,1,1,1,1,1
FREP-343919-Z,1,1,1,1,1,1
FREP-343928-Z,1,1,1,1,1,1
FREP-343929-G,1,1,1,1,1,1
FREP-343938-G,1,1,1,1,1,1
FREP-343957-Z,1,1,1,1,1,1
FREP-343962-Z,1,1,1,1,1,1
FREP-343982-Z,1,1,1,1,1,1
FREP-343985-G,1,1,1,1,1,1
FREP-344014-G,1,1,1,1,1,1
FREP-344028-G,1,1,1,1,1,1
FREP-344079-Z,1,1,1,1,1,1
FREP-344093-Z,1,1,1,1,1,1
FREP-344115-Z,1,1,1,1,1,1
FREP-344116-Z,1,1,1,1,1,1
FREP-344120-G,1,1,1,1,1,1
FREP-344125-G,1,1,1,1,1,1
FREP-344139-G,1,1,1,1,1,1
FREP-344154-G,1,1,1,1,1,1
FREP-344154-Z,1,1,1,1,1,1
FREP-344158-G,1,1,1,1,1,1
FREP-344181-Z,1,1,1,1,1,1
FREP-344188-Z,1,1,1,1,1,1
FREP-344204-G,1,1,1,1,1,1
FREP-344215-Z,1,1,1,1,1,1
FREP-344219-Z,1,1,1,1,1,1
FREP-344250-G,1,1,1,1,1,1
FREP-344273-Z,1,1,1,1,1,1
FREP-344279-Z,1,1,1,1,1,1
FREP-344280-G,1,1,1,1,1,1
FREP-344301-G,1,1,1,1,1,1
FREP-344308-G,1,1,1,1,1,1
FREP-344315-G,1,1,1,1,1,1
FREP-344320-G,1,1,1,1,1,1
FREP-344329-Z,1,1,1,1,1,1
FREP-344330-G,1,1,1,1,1,1
FREP-344347-Z,1,1,1,1,1,1
FREP-344349-Z,1,1,1,1,1,1
FREP-344352-G,1,1,1,1,1,1
FREP-344360-Z,1,1,1,1,1,1
FREP-344371-Z,1,1,1,1,1,1
FREP-344372-Z,1,1,1,1,1,1
FREP-344374-Z,1,1,1,1,1,1
FREP-344376-G,1,1,1,1,1,1
FREP-344389-Z,1,1,1,1,1,1
FREP-344393-G,1,1,1,1,1,1
FREP-344400-G,1,1,1,1,1,1
FREP-344400-Z,1,1,1,1,1,1
FREP-344442-G,1,1,1,1,1,1
FREP-344445-G,1,1,1,1,1,1
FREP-344451-G,1,1,1,1,1,1
FREP-344457-G,1,1,1,1,1,1
FREP-344462-G,1,1,1,1,1,1
FREP-344487-G,1,1,1,1,1,1
FREP-344501-Z,1,1,1,1,1,1
FREP-344518-G,1,1,1,1,1,1
FREP-344528-G,1,1,1,1,1,1
FREP-344530-Z,1,1,1,1,1,1
FREP-344531-G,1,1,1,1,1,1
FREP-344551-G,1,1,1,1,1,1
FREP-344553-Z,1,1,1,1,1,1
FREP-344556-G,1,1,1,1,1,1
FREP-344565-G,1,1,1,1,1,1
FREP-344569-Z,1,1,1,1,1,1
FREP-344585-G,1,1,1,1,1,1
FREP-344597-Z,1,1,1,1,1,1
FREP-344599-G,1,1,1,1,1,1
FREP-344601-G,1,1,1,1,1,1
FREP-344607-Z,1,1,1,1,1,1
FREP-344610-G,1,1,1,1,1,1
FREP-344614-Z,1,1,1,1,1,1
FREP-344629-G,1,1,1,1,1,1
FREP-344629-Z,1,1,1,1,1,1
FREP-344645-Z,1,1,1,1,1,1
FREP-344646-G,1,1,1,1,1,1
FREP-344668-G,1,1,1,1,1,1
FREP-344701-G,1,1,1,1,1,1
FREP-344704-G,1,1,1,1,1,1
FREP-344717-G,1,1,1,1,1,1
FREP-344738-G,1,1,1,1,1,1
FREP-344745-G,1,1,1,1,1,1
FREP-344748-Z,1,1,1,1,1,1
FREP-344766-Z,1,1,1,1,1,1
FREP-344769-G,1,1,1,1,1,1
FREP-344780-G,1,1,1,1,1,1
FREP-344780-Z,1,1,1,1,1,1
FREP-344788-G,1,1,1,1,1,1
FREP-344793-Z,1,1,1,1,1,1
FREP-344799-Z,1,1,1,1,1,1
FREP-344822-G,1,1,1,1,1,1
FREP-344835-Z,1,1,1,1,1,1
FREP-344840-Z,1,1,1,1,1,1
FREP-344859-G,1,1,1,1,1,1
FREP-344862-G,1,1,1,1,1,1
FREP-344869-G,1,1,1,1,1,1
FREP-344891-Z,1,1,1,1,1,1
FREP-344918-G,1,1,1,1,1,1
FREP-344921-G,1,1,1,1,1,1
FREP-344924-G,1,1,1,1,1,1
FREP-344934-G,1,1,1,1,1,1
FREP-344942-G,1,1,1,1,1,1
FREP-344949-G,1,1,1,1,1,1
FREP-344956-G,1,1,1,1,1,1
FREP-344967-G,1,1,1,1,1,1
FREP-344977-Z,1,1,1,1,1,1
FREP-344984-G,1,1,1,1,1,1
FREP-344988-G,1,1,1,1,1,1
FREP-345003-Z,1,1,1,1,1,1
FREP-345015-Z,1,1,1,1,1,1
FREP-345026-Z,1,1,1,1,1,1
FREP-345044-Z,1,1,1,1,1,1
FREP-345061-Z,1,1,1,1,1,1
FREP-345067-Z,1,1,1,1,1,1
FREP-345076-Z,1,1,1,1,1,1
FREP-345078-G,1,1,1,1,1,1
FREP-345096-G,1,1,1,1,1,1
FREP-345099-G,1,1,1,1,1,1
FREP-345123-G,1,1,1,1,1,1
FREP-345133-G,1,1,1,1,1,1
FREP-345144-G,1,1,1,1,1,1
FREP-345159-Z,1,1,1,1,1,1
FREP-345161-G,1,1,1,1,1,1
FREP-345165-G,1,1,1,1,1,1
FREP-345172-G,1,1,1,1,1,1
FREP-345173-Z,1,1,1,1,1,1
FREP-345183-Z,1,1,1,1,1,1
FREP-345195-Z,1,1,1,1,1,1
FREP-345218-G,1,1,1,1,1,1
FREP-345220-G,1,1,1,1,1,1
FREP-345240-G,1,1,1,1,1,1
FREP-345241-G,1,1,1,1,1,1
FREP-345246-G,1,1,1,1,1,1
FREP-345257-Z,1,1,1,1,1,1
FREP-345283-G,1,1,1,1,1,1
FREP-345283-Z,1,1,1,1,1,1
FREP-345291-G,1,1,1,1,1,1
FREP-345296-G,1,1,1,1,1,1
FREP-345300-Z,1,1,1,1,1,1
FREP-345302-G,1,1,1,1,1,1
FREP-345303-G,1,1,1,1,1,1
FREP-345326-G,1,1,1,1,1,1
FREP-345340-G,1,1,1,1,1,1
FREP-345342-G,1,1,1,1,1,1
FREP-345343-G,1,1,1,1,1,1
FREP-345359-Z,1,1,1,1,1,1
FREP-345366-Z,1,1,1,1,1,1
FREP-345375-Z,1,1,1,1,1,1
FREP-345381-G,1,1,1,1,1,1
FREP-345390-Z,1,1,1,1,1,1
FREP-345392-G,1,1,1,1,1,1
FREP-345396-G,1,1,1,1,1,1
FREP-345400-Z,1,1,1,1,1,1
FREP-345402-Z,1,1,1,1,1,1
FREP-345410-Z,1,1,1,1,1,1
FREP-345435-G,1,1,1,1,1,1
FREP-345449-G,1,1,1,1,1,1
FREP-345450-G,1,1,1,1,1,1
FREP-345455-G,1,1,1,1,1,1
FREP-345460-G,1,1,1,1,1,1
FREP-345461-G,1,1,1,1,1,1
FREP-345471-Z,1,1,1,1,1,1
FREP-345483-G,1,1,1,1,1,1
FREP-345484-G,1,1,1,1,1,1
FREP-345486-Z,1,1,1,1,1,1
FREP-345488-G,1,1,1,1,1,1
FREP-345500-G,1,1,1,1,1,1
FREP-345503-G,1,1,1,1,1,1
FREP-345513-Z,1,1,1,1,1,1
FREP-345514-Z,1,1,1,1,1,1
FREP-345521-G,1,1,1,1,1,1
FREP-345523-G,1,1,1,1,1,1
FREP-345526-Z,1,1,1,1,1,1
FREP-345527-G,1,1,1,1,1,1
FREP-345533-Z,1,1,1,1,1,1
FREP-345536-Z,1,1,1,1,1,1
FREP-345539-G,1,1,1,1,1,1
FREP-345541-G,1,1,1,1,1,1
FREP-345545-Z,1,1,1,1,1,1
FREP-345549-Z,1,1,1,1,1,1
FREP-345551-G,1,1,1,1,1,1
FREP-345551-Z,1,1,1,1,1,1
FREP-345552-Z,1,1,1,1,1,1
FREP-345554-Z,1,1,1,1,1,1
FREP-345564-G,1,1,1,1,1,1
FREP-345567-G,1,1,1,1,1,1
FREP-345582-G,1,1,1,1,1,1
FREP-345583-Z,1,1,1,1,1,1
FREP-345586-G,1,1,1,1,1,1
FREP-345592-G,1,1,1,1,1,1
FREP-345600-G,1,1,1,1,1,1
FREP-345619-Z,1,1,1,1,1,1
FREP-345622-Z,1,1,1,1,1,1
FREP-345635-G,1,1,1,1,1,1
FREP-345639-G,1,1,1,1,1,1
FREP-345639-Z,1,1,1,1,1,1
FREP-345641-Z,1,1,1,1,1,1
FREP-345645-Z,1,1,1,1,1,1
FREP-345649-Z,1,1,1,1,1,1
FREP-345665-G,1,1,1,1,1,1
FREP-345665-Z,1,1,1,1,1,1
FREP-345672-Z,1,1,1,1,1,1
FREP-345674-Z,1,1,1,1,1,1
FREP-345676-Z,1,1,1,1,1,1
FREP-345682-Z,1,1,1,1,1,1
FREP-345683-Z,1,1,1,1,1,1
FREP-345687-G,1,1,1,1,1,1
FREP-345690-Z,1,1,1,1,1,1
FREP-345695-Z,1,1,1,1,1,1
FREP-345703-G,1,1,1,1,1,1
FREP-345715-G,1,1,1,1,1,1
FREP-345735-Z,1,1,1,1,1,1
FREP-345741-G,1,1,1,1,1,1
FREP-345744-Z,1,1,1,1,1,1
FREP-345746-G,1,1,1,1,1,1
FREP-345748-G,1,1,1,1,1,1
FREP-345755-G,1,1,1,1,1,1
FREP-345758-G,1,1,1,1,1,1
FREP-345762-G,1,1,1,1,1,1
FREP-345765-G,1,1,1,1,1,1
FREP-345767-G,1,1,1,1,1,1
FREP-345771-G,1,1,1,1,1,1
FREP-345772-G,1,1,1,1,1,1
FREP-345775-Z,1,1,1,1,1,1
FREP-345777-G,1,1,1,1,1,1
FREP-345778-G,1,1,1,1,1,1
FREP-345789-G,1,1,1,1,1,1
FREP-345791-G,1,1,1,1,1,1
FREP-345792-Z,1,1,1,1,1,1
FREP-345793-G,1,1,1,1,1,1
FREP-345795-G,1,1,1,1,1,1
FREP-345802-G,1,1,1,1,1,1
FREP-345814-G,1,1,1,1,1,1
FREP-345819-G,1,1,1,1,1,1
FREP-345829-G,1,1,1,1,1,1
FREP-345837-Z,1,1,1,1,1,1
FREP-345852-Z,1,1,1,1,1,1
FREP-345859-Z,1,1,1,1,1,1
FREP-345868-G,1,1,1,1,1,1
FREP-345870-Z,1,1,1,1,1,1
FREP-345878-Z,1,1,1,1,1,1
FREP-345883-Z,1,1,1,1,1,1
FREP-345887-G,1,1,1,1,1,1
FREP-345888-Z,1,1,1,1,1,1
FREP-345900-Z,1,1,1,1,1,1
FREP-345908-Z,1,1,1,1,1,1
FREP-345933-Z,1,1,1,1,1,1
FREP-345942-Z,1,1,1,1,1,1
FREP-345947-G,1,1,1,1,1,1
FREP-345947-Z,1,1,1,1,1,1
FREP-345953-G,1,1,1,1,1,1
FREP-345964-Z,1,1,1,1,1,1
FREP-345969-Z,1,1,1,1,1,1
FREP-345971-G,1,1,1,1,1,1
FREP-345976-Z,1,1,1,1,1,1
FREP-345996-Z,1,1,1,1,1,1
FREP-345998-Z,1,1,1,1,1,1
FREP-346003-G,1,1,1,1,1,1
FREP-346004-G,1,1,1,1,1,1
FREP-346006-G,1,1,1,1,1,1
FREP-346016-Z,1,1,1,1,1,1
FREP-346018-Z,1,1,1,1,1,1
FREP-346019-Z,1,1,1,1,1,1
FREP-346022-Z,1,1,1,1,1,1
FREP-346036-Z,1,1,1,1,1,1
FREP-346054-G,1,1,1,1,1,1
FREP-346058-Z,1,1,1,1,1,1
FREP-346059-Z,1,1,1,1,1,1
FREP-346060-G,1,1,1,1,1,1
FREP-346060-Z,1,1,1,1,1,1
FREP-346071-G,1,1,1,1,1,1
FREP-346074-G,1,1,1,1,1,1
FREP-346078-Z,1,1,1,1,1,1
FREP-346082-G,1,1,1,1,1,1
FREP-346083-G,1,1,1,1,1,1
FREP-346093-G,1,1,1,1,1,1
FREP-346094-G,1,1,1,1,1,1
FREP-346096-G,1,1,1,1,1,1
FREP-346097-G,1,1,1,1,1,1
FREP-346098-G,1,1,1,1,1,1
FREP-346101-G,1,1,1,1,1,1
FREP-346102-G,1,1,1,1,1,1
FREP-346105-G,1,1,1,1,1,1
FREP-346108-G,1,1,1,1,1,1
FREP-346110-G,1,1,1,1,1,1
FREP-346114-G,1,1,1,1,1,1
FREP-346116-G,1,1,1,1,1,1
FREP-346118-G,1,1,1,1,1,1
FREP-346119-Z,1,1,1,1,1,1
FREP-346120-G,1,1,1,1,1,1
FREP-346121-G,1,1,1,1,1,1
FREP-346138-G,1,1,1,1,1,1
FREP-346143-Z,1,1,1,1,1,1
FREP-346144-G,1,1,1,1,1,1
FREP-346146-G,1,1,1,1,1,1
FREP-346150-G,1,1,1,1,1,1
FREP-346156-G,1,1,1,1,1,1
FREP-346157-Z,1,1,1,1,1,1
FREP-346158-G,1,1,1,1,1,1
FREP-346172-G,1,1,1,1,1,1
FREP-346178-G,1,1,1,1,1,1
FREP-346178-Z,1,1,1,1,1,1
FREP-346196-G,1,1,1,1,1,1
FREP-346201-G,1,1,1,1,1,1
FREP-346207-G,1,1,1,1,1,1
FREP-346228-G,1,1,1,1,1,1
FREP-346230-G,1,1,1,1,1,1
FREP-346239-Z,1,1,1,1,1,1
FREP-346242-Z,1,1,1,1,1,1
FREP-346247-Z,1,1,1,1,1,1
FREP-346248-G,1,1,1,1,1,1
FREP-346254-G,1,1,1,1,1,1
FREP-346256-G,1,1,1,1,1,1
FREP-346259-G,1,1,1,1,1,1
FREP-346260-G,1,1,1,1,1,1
FREP-346262-G,1,1,1,1,1,1
FREP-346265-G,1,1,1,1,1,1
FREP-346269-G,1,1,1,1,1,1
FREP-346288-G,1,1,1,1,1,1
FREP-346293-Z,1,1,1,1,1,1
FREP-346310-G,1,1,1,1,1,1
FREP-346352-Z,1,1,1,1,1,1
FREP-346359-Z,1,1,1,1,1,1
FREP-346382-Z,1,1,1,1,1,1
FREP-346404-Z,1,1,1,1,1,1
FREP-346417-Z,1,1,1,1,1,1
FREP-346450-G,1,1,1,1,1,1
FREP-346451-Z,1,1,1,1,1,1
FREP-346476-Z,1,1,1,1,1,1
FREP-346487-G,1,1,1,1,1,1
FREP-346495-Z,1,1,1,1,1,1
FREP-346502-Z,1,1,1,1,1,1
FREP-346507-Z,1,1,1,1,1,1
FREP-346522-Z,1,1,1,1,1,1
FREP-346528-Z,1,1,1,1,1,1
FREP-346529-G,1,1,1,1,1,1
FREP-346534-G,1,1,1,1,1,1
FREP-346559-Z,1,1,1,1,1,1
FREP-346567-G,1,1,1,1,1,1
FREP-346582-Z,1,1,1,1,1,1
FREP-346601-Z,1,1,1,1,1,1
FREP-346625-G,1,1,1,1,1,1
FREP-346633-G,1,1,1,1,1,1
FREP-346634-Z,1,1,1,1,1,1
FREP-346636-G,1,1,1,1,1,1
FREP-346643-G,1,1,1,1,1,1
FREP-346645-Z,1,1,1,1,1,1
FREP-346647-G,1,1,1,1,1,1
FREP-346647-Z,1,1,1,1,1,1
FREP-346649-G,1,1,1,1,1,1
FREP-346662-G,1,1,1,1,1,1
FREP-346678-G,1,1,1,1,1,1
FREP-346682-G,1,1,1,1,1,1
FREP-346683-G,1,1,1,1,1,1
FREP-346732-Z,1,1,1,1,1,1
FREP-346741-Z,1,1,1,1,1,1
FREP-346759-Z,1,1,1,1,1,1
FREP-346770-Z,1,1,1,1,1,1
FREP-346802-G,1,1,1,1,1,1
FREP-346808-Z,1,1,1,1,1,1
FREP-346820-G,1,1,1,1,1,1
FREP-346826-G,1,1,1,1,1,1
FREP-346832-G,1,1,1,1,1,1
FREP-346841-Z,1,1,1,1,1,1
FREP-346882-G,1,1,1,1,1,1
FREP-346884-Z,1,1,1,1,1,1
FREP-346899-G,1,1,1,1,1,1
FREP-346911-G,1,1,1,1,1,1
FREP-346919-G,1,1,1,1,1,1
FREP-346934-Z,1,1,1,1,1,1
FREP-346936-G,1,1,1,1,1,1
FREP-346939-G,1,1,1,1,1,1
FREP-346939-Z,1,1,1,1,1,1
FREP-346940-G,1,1,1,1,1,1
FREP-346954-G,1,1,1,1,1,1
FREP-346954-Z,1,1,1,1,1,1
FREP-346961-G,1,1,1,1,1,1
FREP-346971-Z,1,1,1,1,1,1
FREP-346976-Z,1,1,1,1,1,1
FREP-346980-G,1,1,1,1,1,1
FREP-346991-G,1,1,1,1,1,1
FREP-347010-G,1,1,1,1,1,1
FREP-347012-G,1,1,1,1,1,1
FREP-347013-Z,1,1,1,1,1,1
FREP-347094-Z,1,1,1,1,1,1
FREP-347095-Z,1,1,1,1,1,1
FREP-347112-Z,1,1,1,1,1,1
FREP-347117-Z,1,1,1,1,1,1
FREP-347148-Z,1,1,1,1,1,1
FREP-347160-Z,1,1,1,1,1,1
FREP-347171-G,1,1,1,1,1,1
FREP-347188-G,1,1,1,1,1,1
FREP-347196-Z,1,1,1,1,1,1
FREP-347212-Z,1,1,1,1,1,1
FREP-347213-Z,1,1,1,1,1,1
FREP-347214-Z,1,1,1,1,1,1
FREP-347216-Z,1,1,1,1,1,1
FREP-347218-G,1,1,1,1,1,1
FREP-347218-Z,1,1,1,1,1,1
FREP-347247-Z,1,1,1,1,1,1
FREP-347254-Z,1,1,1,1,1,1
FREP-347256-G,1,1,1,1,1,1
FREP-347268-Z,1,1,1,1,1,1
FREP-347282-Z,1,1,1,1,1,1
FREP-347294-G,1,1,1,1,1,1
FREP-347310-Z,1,1,1,1,1,1
FREP-347313-Z,1,1,1,1,1,1
FREP-347317-G,1,1,1,1,1,1
FREP-347319-G,1,1,1,1,1,1
FREP-347327-G,1,1,1,1,1,1
FREP-347333-G,1,1,1,1,1,1
FREP-347342-G,1,1,1,1,1,1
FREP-347347-Z,1,1,1,1,1,1
FREP-347353-G,1,1,1,1,1,1
FREP-347363-Z,1,1,1,1,1,1
FREP-347370-Z,1,1,1,1,1,1
FREP-347373-Z,1,1,1,1,1,1
FREP-347377-Z,1,1,1,1,1,1
FREP-347381-Z,1,1,1,1,1,1
FREP-347383-G,1,1,1,1,1,1
FREP-347388-Z,1,1,1,1,1,1
FREP-347395-Z,1,1,1,1,1,1
FREP-347399-Z,1,1,1,1,1,1
FREP-347420-G,1,1,1,1,1,1
FREP-347421-Z,1,1,1,1,1,1
FREP-347422-Z,1,1,1,1,1,1
FREP-347432-G,1,1,1,1,1,1
FREP-347435-Z,1,1,1,1,1,1
FREP-347437-Z,1,1,1,1,1,1
FREP-347447-G,1,1,1,1,1,1
FREP-347455-G,1,1,1,1,1,1
FREP-347457-Z,1,1,1,1,1,1
FREP-347477-G,1,1,1,1,1,1
FREP-347487-Z,1,1,1,1,1,1
FREP-347490-Z,1,1,1,1,1,1
FREP-347491-Z,1,1,1,1,1,1
FREP-347492-Z,1,1,1,1,1,1
FREP-347542-G,1,1,1,1,1,1
FREP-347550-G,1,1,1,1,1,1
FREP-347565-G,1,1,1,1,1,1
FREP-347573-G,1,1,1,1,1,1
FREP-347609-G,1,1,1,1,1,1
FREP-347616-Z,1,1,1,1,1,1
FREP-347620-G,1,1,1,1,1,1
FREP-347624-Z,1,1,1,1,1,1
FREP-347625-Z,1,1,1,1,1,1
FREP-347632-Z,1,1,1,1,1,1
FREP-347641-Z,1,1,1,1,1,1
FREP-347672-G,1,1,1,1,1,1
FREP-347682-Z,1,1,1,1,1,1
FREP-347686-Z,1,1,1,1,1,1
FREP-347693-G,1,1,1,1,1,1
FREP-347696-Z,1,1,1,1,1,1
FREP-347700-Z,1,1,1,1,1,1
FREP-347721-Z,1,1,1,1,1,1
FREP-347722-G,1,1,1,1,1,1
FREP-347722-Z,1,1,1,1,1,1
FREP-347748-Z,1,1,1,1,1,1
FREP-347751-Z,1,1,1,1,1,1
FREP-347752-Z,1,1,1,1,1,1
FREP-347755-Z,1,1,1,1,1,1
FREP-347768-Z,1,1,1,1,1,1
FREP-347776-Z,1,1,1,1,1,1
FREP-347777-Z,1,1,1,1,1,1
FREP-347778-Z,1,1,1,1,1,1
FREP-347779-Z,1,1,1,1,1,1
FREP-347833-Z,1,1,1,1,1,1
FREP-347846-G,1,1,1,1,1,1
FREP-347848-Z,1,1,1,1,1,1
FREP-347852-Z,1,1,1,1,1,1
FREP-347854-G,1,1,1,1,1,1
FREP-347856-G,1,1,1,1,1,1
FREP-347856-Z,1,1,1,1,1,1
FREP-347861-G,1,1,1,1,1,1
FREP-347862-G,1,1,1,1,1,1
FREP-347863-G,1,1,1,1,1,1
FREP-347876-G,1,1,1,1,1,1
FREP-347891-Z,1,1,1,1,1,1
FREP-347896-G,1,1,1,1,1,1
FREP-347916-Z,1,1,1,1,1,1
FREP-347927-G,1,1,1,1,1,1
FREP-347927-Z,1,1,1,1,1,1
FREP-347951-G,1,1,1,1,1,1
FREP-347956-Z,1,1,1,1,1,1
FREP-347964-Z,1,1,1,1,1,1
FREP-347976-Z,1,1,1,1,1,1
FREP-347989-G,1,1,1,1,1,1
FREP-348009-G,1,1,1,1,1,1
FREP-348010-G,1,1,1,1,1,1
FREP-348011-Z,1,1,1,1,1,1
FREP-348024-Z,1,1,1,1,1,1
FREP-348026-Z,1,1,1,1,1,1
FREP-348028-Z,1,1,1,1,1,1
FREP-348040-Z,1,1,1,1,1,1
FREP-348049-Z,1,1,1,1,1,1
FREP-348052-Z,1,1,1,1,1,1
FREP-348059-Z,1,1,1,1,1,1
FREP-348066-Z,1,1,1,1,1,1
FREP-348067-Z,1,1,1,1,1,1
FREP-348070-Z,1,1,1,1,1,1
FREP-348087-Z,1,1,1,1,1,1
FREP-348116-Z,1,1,1,1,1,1
FREP-348124-G,1,1,1,1,1,1
FREP-348124-Z,1,1,1,1,1,1
FREP-348150-G,1,1,1,1,1,1
FREP-348162-G,1,1,1,1,1,1
FREP-348170-G,1,1,1,1,1,1
FREP-348192-Z,1,1,1,1,1,1
FREP-348195-G,1,1,1,1,1,1
FREP-348200-G,1,1,1,1,1,1
FREP-348210-Z,1,1,1,1,1,1
FREP-348232-G,1,1,1,1,1,1
FREP-348258-Z,1,1,1,1,1,1
FREP-348263-Z,1,1,1,1,1,1
FREP-348277-G,1,1,1,1,1,1
FREP-348278-G,1,1,1,1,1,1
FREP-348285-Z,1,1,1,1,1,1
FREP-348304-G,1,1,1,1,1,1
FREP-348308-Z,1,1,1,1,1,1
FREP-348314-G,1,1,1,1,1,1
FREP-348332-G,1,1,1,1,1,1
FREP-348333-Z,1,1,1,1,1,1
FREP-348348-Z,1,1,1,1,1,1
FREP-348351-Z,1,1,1,1,1,1
FREP-348357-Z,1,1,1,1,1,1
FREP-348358-Z,1,1,1,1,1,1
FREP-348362-Z,1,1,1,1,1,1
FREP-348365-Z,1,1,1,1,1,1
FREP-348369-Z,1,1,1,1,1,1
FREP-348372-G,1,1,1,1,1,1
FREP-348373-Z,1,1,1,1,1,1
FREP-348377-Z,1,1,1,1,1,1
FREP-348382-G,1,1,1,1,1,1
FREP-348398-Z,1,1,1,1,1,1
FREP-348427-Z,1,1,1,1,1,1
FREP-348444-G,1,1,1,1,1,1
FREP-348454-G,1,1,1,1,1,1
FREP-348495-G,1,1,1,1,1,1
FREP-348497-G,1,1,1,1,1,1
FREP-348528-Z,1,1,1,1,1,1
FREP-348557-Z,1,1,1,1,1,1
FREP-348575-G,1,1,1,1,1,1
FREP-348575-Z,1,1,1,1,1,1
FREP-348581-G,1,1,1,1,1,1
FREP-348586-Z,1,1,1,1,1,1
FREP-348590-G,1,1,1,1,1,1
FREP-348595-G,1,1,1,1,1,1
FREP-348596-G,1,1,1,1,1,1
FREP-3486-I,1,1,1,1,1,1
FREP-348607-G,1,1,1,1,1,1
FREP-348608-Z,1,1,1,1,1,1
FREP-348611-Z,1,1,1,1,1,1
FREP-348641-Z,1,1,1,1,1,1
FREP-348652-Z,1,1,1,1,1,1
FREP-348680-G,1,1,1,1,1,1
FREP-348685-Z,1,1,1,1,1,1
FREP-348701-G,1,1,1,1,1,1
FREP-348703-Z,1,1,1,1,1,1
FREP-348706-Z,1,1,1,1,1,1
FREP-348707-Z,1,1,1,1,1,1
FREP-348710-G,1,1,1,1,1,1
FREP-348722-G,1,1,1,1,1,1
FREP-348738-G,1,1,1,1,1,1
FREP-348746-Z,1,1,1,1,1,1
FREP-348749-G,1,1,1,1,1,1
FREP-348758-G,1,1,1,1,1,1
FREP-348758-Z,1,1,1,1,1,1
FREP-348760-G,1,1,1,1,1,1
FREP-348764-G,1,1,1,1,1,1
FREP-348775-Z,1,1,1,1,1,1
FREP-348787-G,1,1,1,1,1,1
FREP-3488-I,1,1,1,1,1,1
FREP-348801-G,1,1,1,1,1,1
FREP-348802-Z,1,1,1,1,1,1
FREP-348805-Z,1,1,1,1,1,1
FREP-348825-G,1,1,1,1,1,1
FREP-348828-G,1,1,1,1,1,1
FREP-348839-Z,1,1,1,1,1,1
FREP-348842-G,1,1,1,1,1,1
FREP-348849-Z,1,1,1,1,1,1
FREP-348853-Z,1,1,1,1,1,1
FREP-348856-Z,1,1,1,1,1,1
FREP-348859-Z,1,1,1,1,1,1
FREP-348873-G,1,1,1,1,1,1
FREP-348874-G,1,1,1,1,1,1
FREP-348894-G,1,1,1,1,1,1
FREP-348908-Z,1,1,1,1,1,1
FREP-348911-G,1,1,1,1,1,1
FREP-348918-G,1,1,1,1,1,1
FREP-348921-G,1,1,1,1,1,1
FREP-348925-Z,1,1,1,1,1,1
FREP-348926-G,1,1,1,1,1,1
FREP-348930-Z,1,1,1,1,1,1
FREP-348931-G,1,1,1,1,1,1
FREP-348932-G,1,1,1,1,1,1
FREP-348934-G,1,1,1,1,1,1
FREP-348937-Z,1,1,1,1,1,1
FREP-348943-G,1,1,1,1,1,1
FREP-348946-G,1,1,1,1,1,1
FREP-348948-G,1,1,1,1,1,1
FREP-348951-G,1,1,1,1,1,1
FREP-348951-Z,1,1,1,1,1,1
FREP-348961-G,1,1,1,1,1,1
FREP-348965-G,1,1,1,1,1,1
FREP-348967-G,1,1,1,1,1,1
FREP-348971-G,1,1,1,1,1,1
FREP-348980-Z,1,1,1,1,1,1
FREP-348983-G,1,1,1,1,1,1
FREP-348996-Z,1,1,1,1,1,1
FREP-349007-G,1,1,1,1,1,1
FREP-349012-Z,1,1,1,1,1,1
FREP-349013-G,1,1,1,1,1,1
FREP-349013-Z,1,1,1,1,1,1
FREP-349014-G,1,1,1,1,1,1
FREP-349016-G,1,1,1,1,1,1
FREP-349019-Z,1,1,1,1,1,1
FREP-349021-G,1,1,1,1,1,1
FREP-349021-Z,1,1,1,1,1,1
FREP-349023-G,1,1,1,1,1,1
FREP-349024-G,1,1,1,1,1,1
FREP-349026-Z,1,1,1,1,1,1
FREP-349028-G,1,1,1,1,1,1
FREP-349036-G,1,1,1,1,1,1
FREP-349038-G,1,1,1,1,1,1
FREP-349042-G,1,1,1,1,1,1
FREP-349043-G,1,1,1,1,1,1
FREP-349043-Z,1,1,1,1,1,1
FREP-349049-G,1,1,1,1,1,1
FREP-349050-G,1,1,1,1,1,1
FREP-349051-G,1,1,1,1,1,1
FREP-349060-G,1,1,1,1,1,1
FREP-349061-G,1,1,1,1,1,1
FREP-349074-G,1,1,1,1,1,1
FREP-349076-G,1,1,1,1,1,1
FREP-349077-Z,1,1,1,1,1,1
FREP-349078-G,1,1,1,1,1,1
FREP-349082-G,1,1,1,1,1,1
FREP-349084-G,1,1,1,1,1,1
FREP-349086-G,1,1,1,1,1,1
FREP-349086-Z,1,1,1,1,1,1
FREP-349088-G,1,1,1,1,1,1
FREP-349091-G,1,1,1,1,1,1
FREP-349093-Z,1,1,1,1,1,1
FREP-349096-G,1,1,1,1,1,1
FREP-349097-G,1,1,1,1,1,1
FREP-349101-Z,1,1,1,1,1,1
FREP-349102-Z,1,1,1,1,1,1
FREP-349117-G,1,1,1,1,1,1
FREP-349121-G,1,1,1,1,1,1
FREP-349140-G,1,1,1,1,1,1
FREP-349140-Z,1,1,1,1,1,1
FREP-349142-G,1,1,1,1,1,1
FREP-349146-Z,1,1,1,1,1,1
FREP-349147-G,1,1,1,1,1,1
FREP-349150-G,1,1,1,1,1,1
FREP-349150-Z,1,1,1,1,1,1
FREP-349156-Z,1,1,1,1,1,1
FREP-349162-Z,1,1,1,1,1,1
FREP-349167-G,1,1,1,1,1,1
FREP-349167-Z,1,1,1,1,1,1
FREP-349169-Z,1,1,1,1,1,1
FREP-349173-G,1,1,1,1,1,1
FREP-349175-Z,1,1,1,1,1,1
FREP-349180-Z,1,1,1,1,1,1
FREP-349187-Z,1,1,1,1,1,1
FREP-349211-Z,1,1,1,1,1,1
FREP-349220-Z,1,1,1,1,1,1
FREP-349233-G,1,1,1,1,1,1
FREP-349242-G,1,1,1,1,1,1
FREP-349247-Z,1,1,1,1,1,1
FREP-349249-Z,1,1,1,1,1,1
FREP-349254-G,1,1,1,1,1,1
FREP-349255-Z,1,1,1,1,1,1
FREP-349256-Z,1,1,1,1,1,1
FREP-349258-G,1,1,1,1,1,1
FREP-349269-Z,1,1,1,1,1,1
FREP-349275-G,1,1,1,1,1,1
FREP-349275-Z,1,1,1,1,1,1
FREP-349282-Z,1,1,1,1,1,1
FREP-349283-Z,1,1,1,1,1,1
FREP-349286-Z,1,1,1,1,1,1
FREP-349289-G,1,1,1,1,1,1
FREP-349289-Z,1,1,1,1,1,1
FREP-349322-Z,1,1,1,1,1,1
FREP-349325-G,1,1,1,1,1,1
FREP-349325-Z,1,1,1,1,1,1
FREP-349327-Z,1,1,1,1,1,1
FREP-349351-G,1,1,1,1,1,1
FREP-349354-Z,1,1,1,1,1,1
FREP-349381-G,1,1,1,1,1,1
FREP-349393-Z,1,1,1,1,1,1
FREP-349401-Z,1,1,1,1,1,1
FREP-349402-Z,1,1,1,1,1,1
FREP-349406-Z,1,1,1,1,1,1
FREP-349409-Z,1,1,1,1,1,1
FREP-349432-G,1,1,1,1,1,1
FREP-349440-Z,1,1,1,1,1,1
FREP-349472-Z,1,1,1,1,1,1
FREP-349475-Z,1,1,1,1,1,1
FREP-349484-G,1,1,1,1,1,1
FREP-349499-Z,1,1,1,1,1,1
FREP-349510-G,1,1,1,1,1,1
FREP-349514-Z,1,1,1,1,1,1
FREP-349516-Z,1,1,1,1,1,1
FREP-349518-Z,1,1,1,1,1,1
FREP-349520-Z,1,1,1,1,1,1
FREP-349524-Z,1,1,1,1,1,1
FREP-349526-Z,1,1,1,1,1,1
FREP-349529-G,1,1,1,1,1,1
FREP-349532-Z,1,1,1,1,1,1
FREP-349533-Z,1,1,1,1,1,1
FREP-349535-Z,1,1,1,1,1,1
FREP-349536-G,1,1,1,1,1,1
FREP-349542-Z,1,1,1,1,1,1
FREP-349543-G,1,1,1,1,1,1
FREP-349549-Z,1,1,1,1,1,1
FREP-349555-Z,1,1,1,1,1,1
FREP-349568-Z,1,1,1,1,1,1
FREP-349573-G,1,1,1,1,1,1
FREP-349574-G,1,1,1,1,1,1
FREP-349594-G,1,1,1,1,1,1
FREP-349637-Z,1,1,1,1,1,1
FREP-349641-Z,1,1,1,1,1,1
FREP-349681-Z,1,1,1,1,1,1
FREP-349693-G,1,1,1,1,1,1
FREP-349717-Z,1,1,1,1,1,1
FREP-349727-G,1,1,1,1,1,1
FREP-349727-Z,1,1,1,1,1,1
FREP-349728-G,1,1,1,1,1,1
FREP-349740-Z,1,1,1,1,1,1
FREP-349746-G,1,1,1,1,1,1
FREP-349757-Z,1,1,1,1,1,1
FREP-349763-Z,1,1,1,1,1,1
FREP-349764-G,1,1,1,1,1,1
FREP-349766-G,1,1,1,1,1,1
FREP-349766-Z,1,1,1,1,1,1
FREP-349770-Z,1,1,1,1,1,1
FREP-349771-G,1,1,1,1,1,1
FREP-349777-G,1,1,1,1,1,1
FREP-349780-G,1,1,1,1,1,1
FREP-349785-Z,1,1,1,1,1,1
FREP-349790-Z,1,1,1,1,1,1
FREP-349813-G,1,1,1,1,1,1
FREP-349824-Z,1,1,1,1,1,1
FREP-349830-Z,1,1,1,1,1,1
FREP-349850-Z,1,1,1,1,1,1
FREP-349871-Z,1,1,1,1,1,1
FREP-349886-G,1,1,1,1,1,1
FREP-349915-Z,1,1,1,1,1,1
FREP-349930-Z,1,1,1,1,1,1
FREP-349933-G,1,1,1,1,1,1
FREP-349936-Z,1,1,1,1,1,1
FREP-349943-Z,1,1,1,1,1,1
FREP-349952-Z,1,1,1,1,1,1
FREP-349953-G,1,1,1,1,1,1
FREP-349957-G,1,1,1,1,1,1
FREP-349963-G,1,1,1,1,1,1
FREP-349967-Z,1,1,1,1,1,1
FREP-349988-Z,1,1,1,1,1,1
FREP-350005-Z,1,1,1,1,1,1
FREP-350046-Z,1,1,1,1,1,1
FREP-350050-Z,1,1,1,1,1,1
FREP-350056-Z,1,1,1,1,1,1
FREP-350070-Z,1,1,1,1,1,1
FREP-350078-Z,1,1,1,1,1,1
FREP-350081-G,1,1,1,1,1,1
FREP-350087-G,1,1,1,1,1,1
FREP-350091-Z,1,1,1,1,1,1
FREP-350093-G,1,1,1,1,1,1
FREP-350096-G,1,1,1,1,1,1
FREP-350101-Z,1,1,1,1,1,1
FREP-350108-G,1,1,1,1,1,1
FREP-350108-Z,1,1,1,1,1,1
FREP-350118-G,1,1,1,1,1,1
FREP-350118-Z,1,1,1,1,1,1
FREP-350130-G,1,1,1,1,1,1
FREP-350132-Z,1,1,1,1,1,1
FREP-350137-Z,1,1,1,1,1,1
FREP-350155-Z,1,1,1,1,1,1
FREP-350161-G,1,1,1,1,1,1
FREP-350161-Z,1,1,1,1,1,1
FREP-350162-G,1,1,1,1,1,1
FREP-350181-Z,1,1,1,1,1,1
FREP-350183-Z,1,1,1,1,1,1
FREP-350193-G,1,1,1,1,1,1
FREP-350193-Z,1,1,1,1,1,1
FREP-350194-Z,1,1,1,1,1,1
FREP-350202-G,1,1,1,1,1,1
FREP-350202-Z,1,1,1,1,1,1
FREP-350211-Z,1,1,1,1,1,1
FREP-350218-G,1,1,1,1,1,1
FREP-350222-Z,1,1,1,1,1,1
FREP-350226-G,1,1,1,1,1,1
FREP-350228-G,1,1,1,1,1,1
FREP-350229-Z,1,1,1,1,1,1
FREP-350231-Z,1,1,1,1,1,1
FREP-350246-Z,1,1,1,1,1,1
FREP-350255-Z,1,1,1,1,1,1
FREP-350308-G,1,1,1,1,1,1
FREP-350309-Z,1,1,1,1,1,1
FREP-350313-Z,1,1,1,1,1,1
FREP-350320-Z,1,1,1,1,1,1
FREP-350322-G,1,1,1,1,1,1
FREP-350326-Z,1,1,1,1,1,1
FREP-350333-G,1,1,1,1,1,1
FREP-350350-G,1,1,1,1,1,1
FREP-350363-G,1,1,1,1,1,1
FREP-350373-G,1,1,1,1,1,1
FREP-350388-Z,1,1,1,1,1,1
FREP-350392-Z,1,1,1,1,1,1
FREP-350400-Z,1,1,1,1,1,1
FREP-350406-G,1,1,1,1,1,1
FREP-350408-G,1,1,1,1,1,1
FREP-350411-G,1,1,1,1,1,1
FREP-350417-G,1,1,1,1,1,1
FREP-350442-G,1,1,1,1,1,1
FREP-350443-Z,1,1,1,1,1,1
FREP-350445-Z,1,1,1,1,1,1
FREP-350475-G,1,1,1,1,1,1
FREP-350509-Z,1,1,1,1,1,1
FREP-350535-G,1,1,1,1,1,1
FREP-350537-G,1,1,1,1,1,1
FREP-350538-Z,1,1,1,1,1,1
FREP-350539-Z,1,1,1,1,1,1
FREP-350541-G,1,1,1,1,1,1
FREP-350551-Z,1,1,1,1,1,1
FREP-350558-Z,1,1,1,1,1,1
FREP-350559-Z,1,1,1,1,1,1
FREP-350560-Z,1,1,1,1,1,1
FREP-350569-Z,1,1,1,1,1,1
FREP-350571-G,1,1,1,1,1,1
FREP-350574-Z,1,1,1,1,1,1
FREP-350593-Z,1,1,1,1,1,1
FREP-350601-G,1,1,1,1,1,1
FREP-350602-Z,1,1,1,1,1,1
FREP-350611-G,1,1,1,1,1,1
FREP-350628-G,1,1,1,1,1,1
FREP-350660-Z,1,1,1,1,1,1
FREP-350675-G,1,1,1,1,1,1
FREP-350693-G,1,1,1,1,1,1
FREP-350698-G,1,1,1,1,1,1
FREP-350716-G,1,1,1,1,1,1
FREP-350754-Z,1,1,1,1,1,1
FREP-350758-G,1,1,1,1,1,1
FREP-350760-G,1,1,1,1,1,1
FREP-350768-Z,1,1,1,1,1,1
FREP-350781-Z,1,1,1,1,1,1
FREP-350794-Z,1,1,1,1,1,1
FREP-350801-Z,1,1,1,1,1,1
FREP-350802-Z,1,1,1,1,1,1
FREP-350807-Z,1,1,1,1,1,1
FREP-350818-Z,1,1,1,1,1,1
FREP-350820-Z,1,1,1,1,1,1
FREP-350823-G,1,1,1,1,1,1
FREP-350825-Z,1,1,1,1,1,1
FREP-350829-Z,1,1,1,1,1,1
FREP-350857-G,1,1,1,1,1,1
FREP-350892-Z,1,1,1,1,1,1
FREP-350901-G,1,1,1,1,1,1
FREP-350937-G,1,1,1,1,1,1
FREP-350969-G,1,1,1,1,1,1
FREP-350977-Z,1,1,1,1,1,1
FREP-350978-G,1,1,1,1,1,1
FREP-350980-Z,1,1,1,1,1,1
FREP-350986-Z,1,1,1,1,1,1
FREP-350991-G,1,1,1,1,1,1
FREP-351011-G,1,1,1,1,1,1
FREP-351012-Z,1,1,1,1,1,1
FREP-351032-Z,1,1,1,1,1,1
FREP-351051-G,1,1,1,1,1,1
FREP-351063-G,1,1,1,1,1,1
FREP-351065-G,1,1,1,1,1,1
FREP-351077-G,1,1,1,1,1,1
FREP-351078-G,1,1,1,1,1,1
FREP-351081-G,1,1,1,1,1,1
FREP-351101-Z,1,1,1,1,1,1
FREP-351105-G,1,1,1,1,1,1
FREP-351119-G,1,1,1,1,1,1
FREP-351134-Z,1,1,1,1,1,1
FREP-351157-Z,1,1,1,1,1,1
FREP-351175-G,1,1,1,1,1,1
FREP-351177-G,1,1,1,1,1,1
FREP-351181-G,1,1,1,1,1,1
FREP-351190-G,1,1,1,1,1,1
FREP-351207-Z,1,1,1,1,1,1
FREP-351210-G,1,1,1,1,1,1
FREP-351213-Z,1,1,1,1,1,1
FREP-351215-Z,1,1,1,1,1,1
FREP-351230-Z,1,1,1,1,1,1
FREP-351232-G,1,1,1,1,1,1
FREP-351233-G,1,1,1,1,1,1
FREP-351239-Z,1,1,1,1,1,1
FREP-351259-Z,1,1,1,1,1,1
FREP-351263-G,1,1,1,1,1,1
FREP-351270-Z,1,1,1,1,1,1
FREP-351280-Z,1,1,1,1,1,1
FREP-351301-Z,1,1,1,1,1,1
FREP-351312-Z,1,1,1,1,1,1
FREP-351318-Z,1,1,1,1,1,1
FREP-351332-Z,1,1,1,1,1,1
FREP-351363-Z,1,1,1,1,1,1
FREP-351384-Z,1,1,1,1,1,1
FREP-351392-Z,1,1,1,1,1,1
FREP-351407-Z,1,1,1,1,1,1
FREP-351409-Z,1,1,1,1,1,1
FREP-351418-Z,1,1,1,1,1,1
FREP-351443-Z,1,1,1,1,1,1
FREP-351444-Z,1,1,1,1,1,1
FREP-351447-Z,1,1,1,1,1,1
FREP-351450-Z,1,1,1,1,1,1
FREP-351496-Z,1,1,1,1,1,1
FREP-351550-Z,1,1,1,1,1,1
FREP-351552-Z,1,1,1,1,1,1
FREP-351554-Z,1,1,1,1,1,1
FREP-351556-G,1,1,1,1,1,1
FREP-351563-G,1,1,1,1,1,1
FREP-351581-Z,1,1,1,1,1,1
FREP-351583-G,1,1,1,1,1,1
FREP-351589-G,1,1,1,1,1,1
FREP-351614-G,1,1,1,1,1,1
FREP-351658-Z,1,1,1,1,1,1
FREP-351676-Z,1,1,1,1,1,1
FREP-351678-Z,1,1,1,1,1,1
FREP-351679-G,1,1,1,1,1,1
FREP-351683-Z,1,1,1,1,1,1
FREP-351700-Z,1,1,1,1,1,1
FREP-351704-G,1,1,1,1,1,1
FREP-351704-Z,1,1,1,1,1,1
FREP-351707-G,1,1,1,1,1,1
FREP-351712-Z,1,1,1,1,1,1
FREP-351713-G,1,1,1,1,1,1
FREP-351716-G,1,1,1,1,1,1
FREP-351718-Z,1,1,1,1,1,1
FREP-351722-G,1,1,1,1,1,1
FREP-351731-G,1,1,1,1,1,1
FREP-351736-Z,1,1,1,1,1,1
FREP-351739-Z,1,1,1,1,1,1
FREP-351744-Z,1,1,1,1,1,1
FREP-351746-G,1,1,1,1,1,1
FREP-351750-G,1,1,1,1,1,1
FREP-351776-Z,1,1,1,1,1,1
FREP-351778-Z,1,1,1,1,1,1
FREP-351784-G,1,1,1,1,1,1
FREP-351801-G,1,1,1,1,1,1
FREP-351821-Z,1,1,1,1,1,1
FREP-351826-G,1,1,1,1,1,1
FREP-351853-G,1,1,1,1,1,1
FREP-351861-Z,1,1,1,1,1,1
FREP-351864-G,1,1,1,1,1,1
FREP-351871-Z,1,1,1,1,1,1
FREP-351874-G,1,1,1,1,1,1
FREP-351887-G,1,1,1,1,1,1
FREP-351906-Z,1,1,1,1,1,1
FREP-351908-Z,1,1,1,1,1,1
FREP-351910-Z,1,1,1,1,1,1
FREP-351922-Z,1,1,1,1,1,1
FREP-351931-Z,1,1,1,1,1,1
FREP-351934-Z,1,1,1,1,1,1
FREP-351938-Z,1,1,1,1,1,1
FREP-351941-G,1,1,1,1,1,1
FREP-351941-Z,1,1,1,1,1,1
FREP-351956-G,1,1,1,1,1,1
FREP-351958-G,1,1,1,1,1,1
FREP-351968-G,1,1,1,1,1,1
FREP-351984-G,1,1,1,1,1,1
FREP-352008-G,1,1,1,1,1,1
FREP-352030-G,1,1,1,1,1,1
FREP-352034-G,1,1,1,1,1,1
FREP-352038-G,1,1,1,1,1,1
FREP-352039-G,1,1,1,1,1,1
FREP-352056-G,1,1,1,1,1,1
FREP-352062-G,1,1,1,1,1,1
FREP-352067-G,1,1,1,1,1,1
FREP-352068-G,1,1,1,1,1,1
FREP-352079-G,1,1,1,1,1,1
FREP-352080-G,1,1,1,1,1,1
FREP-3521-I,1,1,1,1,1,1
FREP-352108-Z,1,1,1,1,1,1
FREP-352119-Z,1,1,1,1,1,1
FREP-352133-Z,1,1,1,1,1,1
FREP-352134-Z,1,1,1,1,1,1
FREP-352142-Z,1,1,1,1,1,1
FREP-352150-Z,1,1,1,1,1,1
FREP-352163-Z,1,1,1,1,1,1
FREP-352209-Z,1,1,1,1,1,1
FREP-352230-G,1,1,1,1,1,1
FREP-352237-G,1,1,1,1,1,1
FREP-352238-G,1,1,1,1,1,1
FREP-352242-G,1,1,1,1,1,1
FREP-352279-G,1,1,1,1,1,1
FREP-352282-G,1,1,1,1,1,1
FREP-352292-Z,1,1,1,1,1,1
FREP-352310-G,1,1,1,1,1,1
FREP-352343-G,1,1,1,1,1,1
FREP-352344-Z,1,1,1,1,1,1
FREP-352346-G,1,1,1,1,1,1
FREP-352346-Z,1,1,1,1,1,1
FREP-352353-Z,1,1,1,1,1,1
FREP-352359-G,1,1,1,1,1,1
FREP-352368-G,1,1,1,1,1,1
FREP-352372-Z,1,1,1,1,1,1
FREP-352375-Z,1,1,1,1,1,1
FREP-352378-Z,1,1,1,1,1,1
FREP-352383-G,1,1,1,1,1,1
FREP-352384-Z,1,1,1,1,1,1
FREP-352388-G,1,1,1,1,1,1
FREP-352389-Z,1,1,1,1,1,1
FREP-352391-Z,1,1,1,1,1,1
FREP-352393-G,1,1,1,1,1,1
FREP-352429-G,1,1,1,1,1,1
FREP-352437-Z,1,1,1,1,1,1
FREP-352460-Z,1,1,1,1,1,1
FREP-352472-G,1,1,1,1,1,1
FREP-352483-G,1,1,1,1,1,1
FREP-352512-Z,1,1,1,1,1,1
FREP-352513-Z,1,1,1,1,1,1
FREP-352521-G,1,1,1,1,1,1
FREP-352535-G,1,1,1,1,1,1
FREP-352548-G,1,1,1,1,1,1
FREP-352549-G,1,1,1,1,1,1
FREP-352574-Z,1,1,1,1,1,1
FREP-352600-Z,1,1,1,1,1,1
FREP-352604-Z,1,1,1,1,1,1
FREP-352605-Z,1,1,1,1,1,1
FREP-352606-Z,1,1,1,1,1,1
FREP-352607-G,1,1,1,1,1,1
FREP-352618-Z,1,1,1,1,1,1
FREP-352660-Z,1,1,1,1,1,1
FREP-352670-G,1,1,1,1,1,1
FREP-352685-G,1,1,1,1,1,1
FREP-352709-G,1,1,1,1,1,1
FREP-352731-Z,1,1,1,1,1,1
FREP-352737-Z,1,1,1,1,1,1
FREP-352753-Z,1,1,1,1,1,1
FREP-352768-Z,1,1,1,1,1,1
FREP-352772-Z,1,1,1,1,1,1
FREP-352773-Z,1,1,1,1,1,1
FREP-352782-Z,1,1,1,1,1,1
FREP-352783-Z,1,1,1,1,1,1
FREP-352785-G,1,1,1,1,1,1
FREP-352810-G,1,1,1,1,1,1
FREP-352824-Z,1,1,1,1,1,1
FREP-352853-Z,1,1,1,1,1,1
FREP-352864-Z,1,1,1,1,1,1
FREP-352895-Z,1,1,1,1,1,1
FREP-352899-G,1,1,1,1,1,1
FREP-352908-G,1,1,1,1,1,1
FREP-352915-Z,1,1,1,1,1,1
FREP-352924-G,1,1,1,1,1,1
FREP-352924-Z,1,1,1,1,1,1
FREP-352928-Z,1,1,1,1,1,1
FREP-352931-Z,1,1,1,1,1,1
FREP-352946-Z,1,1,1,1,1,1
FREP-352947-Z,1,1,1,1,1,1
FREP-352950-G,1,1,1,1,1,1
FREP-352954-Z,1,1,1,1,1,1
FREP-352955-G,1,1,1,1,1,1
FREP-353009-Z,1,1,1,1,1,1
FREP-353028-G,1,1,1,1,1,1
FREP-353049-G,1,1,1,1,1,1
FREP-353051-G,1,1,1,1,1,1
FREP-353063-G,1,1,1,1,1,1
FREP-353065-G,1,1,1,1,1,1
FREP-353070-G,1,1,1,1,1,1
FREP-353079-G,1,1,1,1,1,1
FREP-353114-Z,1,1,1,1,1,1
FREP-353123-G,1,1,1,1,1,1
FREP-353128-Z,1,1,1,1,1,1
FREP-353131-G,1,1,1,1,1,1
FREP-353138-G,1,1,1,1,1,1
FREP-353143-G,1,1,1,1,1,1
FREP-353146-Z,1,1,1,1,1,1
FREP-353153-G,1,1,1,1,1,1
FREP-353154-Z,1,1,1,1,1,1
FREP-353155-G,1,1,1,1,1,1
FREP-353156-G,1,1,1,1,1,1
FREP-353157-Z,1,1,1,1,1,1
FREP-353165-Z,1,1,1,1,1,1
FREP-353182-G,1,1,1,1,1,1
FREP-353184-Z,1,1,1,1,1,1
FREP-353197-G,1,1,1,1,1,1
FREP-353213-G,1,1,1,1,1,1
FREP-353214-G,1,1,1,1,1,1
FREP-353220-Z,1,1,1,1,1,1
FREP-353223-G,1,1,1,1,1,1
FREP-353231-G,1,1,1,1,1,1
FREP-353235-Z,1,1,1,1,1,1
FREP-353245-G,1,1,1,1,1,1
FREP-353249-G,1,1,1,1,1,1
FREP-353267-G,1,1,1,1,1,1
FREP-353270-G,1,1,1,1,1,1
FREP-353317-Z,1,1,1,1,1,1
FREP-353318-Z,1,1,1,1,1,1
FREP-353324-G,1,1,1,1,1,1
FREP-353355-Z,1,1,1,1,1,1
FREP-353377-Z,1,1,1,1,1,1
FREP-353386-G,1,1,1,1,1,1
FREP-353401-Z,1,1,1,1,1,1
FREP-353428-Z,1,1,1,1,1,1
FREP-353452-Z,1,1,1,1,1,1
FREP-353459-G,1,1,1,1,1,1
FREP-353464-G,1,1,1,1,1,1
FREP-353475-G,1,1,1,1,1,1
FREP-353476-G,1,1,1,1,1,1
FREP-353485-Z,1,1,1,1,1,1
FREP-353487-Z,1,1,1,1,1,1
FREP-353489-Z,1,1,1,1,1,1
FREP-353497-Z,1,1,1,1,1,1
FREP-353503-Z,1,1,1,1,1,1
FREP-353514-G,1,1,1,1,1,1
FREP-353529-G,1,1,1,1,1,1
FREP-353549-G,1,1,1,1,1,1
FREP-353571-Z,1,1,1,1,1,1
FREP-353593-Z,1,1,1,1,1,1
FREP-353617-Z,1,1,1,1,1,1
FREP-353624-G,1,1,1,1,1,1
FREP-353678-G,1,1,1,1,1,1
FREP-353684-Z,1,1,1,1,1,1
FREP-353690-G,1,1,1,1,1,1
FREP-353706-G,1,1,1,1,1,1
FREP-353712-Z,1,1,1,1,1,1
FREP-353718-G,1,1,1,1,1,1
FREP-353737-G,1,1,1,1,1,1
FREP-353743-G,1,1,1,1,1,1
FREP-353748-Z,1,1,1,1,1,1
FREP-353750-Z,1,1,1,1,1,1
FREP-353752-G,1,1,1,1,1,1
FREP-353753-G,1,1,1,1,1,1
FREP-353755-Z,1,1,1,1,1,1
FREP-353762-G,1,1,1,1,1,1
FREP-353762-Z,1,1,1,1,1,1
FREP-353766-Z,1,1,1,1,1,1
FREP-353781-Z,1,1,1,1,1,1
FREP-353783-Z,1,1,1,1,1,1
FREP-353796-Z,1,1,1,1,1,1
FREP-353807-G,1,1,1,1,1,1
FREP-353827-Z,1,1,1,1,1,1
FREP-353838-G,1,1,1,1,1,1
FREP-353845-G,1,1,1,1,1,1
FREP-353869-G,1,1,1,1,1,1
FREP-353871-G,1,1,1,1,1,1
FREP-353890-Z,1,1,1,1,1,1
FREP-353896-G,1,1,1,1,1,1
FREP-353905-Z,1,1,1,1,1,1
FREP-353907-Z,1,1,1,1,1,1
FREP-353908-Z,1,1,1,1,1,1
FREP-353914-Z,1,1,1,1,1,1
FREP-353929-Z,1,1,1,1,1,1
FREP-353930-Z,1,1,1,1,1,1
FREP-353958-G,1,1,1,1,1,1
FREP-353962-G,1,1,1,1,1,1
FREP-353983-G,1,1,1,1,1,1
FREP-353990-G,1,1,1,1,1,1
FREP-353998-G,1,1,1,1,1,1
FREP-354007-G,1,1,1,1,1,1
FREP-354008-Z,1,1,1,1,1,1
FREP-354009-Z,1,1,1,1,1,1
FREP-354010-G,1,1,1,1,1,1
FREP-354013-G,1,1,1,1,1,1
FREP-354021-G,1,1,1,1,1,1
FREP-354022-G,1,1,1,1,1,1
FREP-354024-G,1,1,1,1,1,1
FREP-354026-G,1,1,1,1,1,1
FREP-354031-G,1,1,1,1,1,1
FREP-354031-Z,1,1,1,1,1,1
FREP-354034-G,1,1,1,1,1,1
FREP-354037-Z,1,1,1,1,1,1
FREP-354039-Z,1,1,1,1,1,1
FREP-354041-G,1,1,1,1,1,1
FREP-354047-G,1,1,1,1,1,1
FREP-354048-G,1,1,1,1,1,1
FREP-354066-Z,1,1,1,1,1,1
FREP-354077-Z,1,1,1,1,1,1
FREP-354080-G,1,1,1,1,1,1
FREP-354090-G,1,1,1,1,1,1
FREP-354113-Z,1,1,1,1,1,1
FREP-354114-Z,1,1,1,1,1,1
FREP-354126-G,1,1,1,1,1,1
FREP-354137-Z,1,1,1,1,1,1
FREP-354152-G,1,1,1,1,1,1
FREP-354155-G,1,1,1,1,1,1
FREP-354164-Z,1,1,1,1,1,1
FREP-354174-Z,1,1,1,1,1,1
FREP-354179-G,1,1,1,1,1,1
FREP-354180-Z,1,1,1,1,1,1
FREP-354189-G,1,1,1,1,1,1
FREP-354199-G,1,1,1,1,1,1
FREP-354209-G,1,1,1,1,1,1
FREP-354224-Z,1,1,1,1,1,1
FREP-354239-Z,1,1,1,1,1,1
FREP-354260-Z,1,1,1,1,1,1
FREP-354272-G,1,1,1,1,1,1
FREP-354273-Z,1,1,1,1,1,1
FREP-354306-G,1,1,1,1,1,1
FREP-354327-Z,1,1,1,1,1,1
FREP-354332-Z,1,1,1,1,1,1
FREP-354333-Z,1,1,1,1,1,1
FREP-354335-G,1,1,1,1,1,1
FREP-354339-G,1,1,1,1,1,1
FREP-354339-Z,1,1,1,1,1,1
FREP-354340-Z,1,1,1,1,1,1
FREP-354344-Z,1,1,1,1,1,1
FREP-354352-Z,1,1,1,1,1,1
FREP-354356-Z,1,1,1,1,1,1
FREP-354383-Z,1,1,1,1,1,1
FREP-354390-Z,1,1,1,1,1,1
FREP-354393-G,1,1,1,1,1,1
FREP-354395-G,1,1,1,1,1,1
FREP-354398-Z,1,1,1,1,1,1
FREP-354406-Z,1,1,1,1,1,1
FREP-354410-G,1,1,1,1,1,1
FREP-354418-Z,1,1,1,1,1,1
FREP-354428-Z,1,1,1,1,1,1
FREP-354439-Z,1,1,1,1,1,1
FREP-354443-G,1,1,1,1,1,1
FREP-354447-Z,1,1,1,1,1,1
FREP-354451-Z,1,1,1,1,1,1
FREP-354457-Z,1,1,1,1,1,1
FREP-354460-Z,1,1,1,1,1,1
FREP-354484-Z,1,1,1,1,1,1
FREP-354486-G,1,1,1,1,1,1
FREP-354487-Z,1,1,1,1,1,1
FREP-354488-G,1,1,1,1,1,1
FREP-354536-Z,1,1,1,1,1,1
FREP-354548-G,1,1,1,1,1,1
FREP-354554-Z,1,1,1,1,1,1
FREP-354556-G,1,1,1,1,1,1
FREP-354565-Z,1,1,1,1,1,1
FREP-354588-G,1,1,1,1,1,1
FREP-354644-G,1,1,1,1,1,1
FREP-354647-Z,1,1,1,1,1,1
FREP-354682-G,1,1,1,1,1,1
FREP-354700-G,1,1,1,1,1,1
FREP-354703-G,1,1,1,1,1,1
FREP-354711-G,1,1,1,1,1,1
FREP-354721-Z,1,1,1,1,1,1
FREP-354733-G,1,1,1,1,1,1
FREP-354739-Z,1,1,1,1,1,1
FREP-354740-Z,1,1,1,1,1,1
FREP-354743-G,1,1,1,1,1,1
FREP-354761-G,1,1,1,1,1,1
FREP-354774-G,1,1,1,1,1,1
FREP-354777-G,1,1,1,1,1,1
FREP-354780-G,1,1,1,1,1,1
FREP-354781-G,1,1,1,1,1,1
FREP-354783-G,1,1,1,1,1,1
FREP-354789-G,1,1,1,1,1,1
FREP-354791-G,1,1,1,1,1,1
FREP-354797-Z,1,1,1,1,1,1
FREP-354801-G,1,1,1,1,1,1
FREP-354805-G,1,1,1,1,1,1
FREP-354808-G,1,1,1,1,1,1
FREP-354874-Z,1,1,1,1,1,1
FREP-354880-Z,1,1,1,1,1,1
FREP-354882-Z,1,1,1,1,1,1
FREP-354892-G,1,1,1,1,1,1
FREP-354935-G,1,1,1,1,1,1
FREP-354947-G,1,1,1,1,1,1
FREP-354955-G,1,1,1,1,1,1
FREP-354956-G,1,1,1,1,1,1
FREP-354987-G,1,1,1,1,1,1
FREP-354987-Z,1,1,1,1,1,1
FREP-354989-G,1,1,1,1,1,1
FREP-355019-G,1,1,1,1,1,1
FREP-355022-G,1,1,1,1,1,1
FREP-355028-G,1,1,1,1,1,1
FREP-355028-Z,1,1,1,1,1,1
FREP-355032-G,1,1,1,1,1,1
FREP-355036-G,1,1,1,1,1,1
FREP-355055-Z,1,1,1,1,1,1
FREP-355068-Z,1,1,1,1,1,1
FREP-355077-G,1,1,1,1,1,1
FREP-355085-G,1,1,1,1,1,1
FREP-355094-G,1,1,1,1,1,1
FREP-355099-Z,1,1,1,1,1,1
FREP-355100-G,1,1,1,1,1,1
FREP-355101-G,1,1,1,1,1,1
FREP-355109-G,1,1,1,1,1,1
FREP-355121-G,1,1,1,1,1,1
FREP-355130-G,1,1,1,1,1,1
FREP-355134-Z,1,1,1,1,1,1
FREP-355141-G,1,1,1,1,1,1
FREP-355142-G,1,1,1,1,1,1
FREP-355145-G,1,1,1,1,1,1
FREP-355151-G,1,1,1,1,1,1
FREP-355161-Z,1,1,1,1,1,1
FREP-355165-G,1,1,1,1,1,1
FREP-355200-G,1,1,1,1,1,1
FREP-355203-Z,1,1,1,1,1,1
FREP-355226-Z,1,1,1,1,1,1
FREP-355231-G,1,1,1,1,1,1
FREP-355233-Z,1,1,1,1,1,1
FREP-355234-Z,1,1,1,1,1,1
FREP-355256-Z,1,1,1,1,1,1
FREP-355269-Z,1,1,1,1,1,1
FREP-355278-G,1,1,1,1,1,1
FREP-355279-Z,1,1,1,1,1,1
FREP-355283-Z,1,1,1,1,1,1
FREP-355284-Z,1,1,1,1,1,1
FREP-355287-Z,1,1,1,1,1,1
FREP-355288-G,1,1,1,1,1,1
FREP-355289-G,1,1,1,1,1,1
FREP-355293-Z,1,1,1,1,1,1
FREP-355305-G,1,1,1,1,1,1
FREP-355312-G,1,1,1,1,1,1
FREP-355315-G,1,1,1,1,1,1
FREP-355318-Z,1,1,1,1,1,1
FREP-355326-Z,1,1,1,1,1,1
FREP-355357-Z,1,1,1,1,1,1
FREP-355372-G,1,1,1,1,1,1
FREP-355380-G,1,1,1,1,1,1
FREP-355385-Z,1,1,1,1,1,1
FREP-355402-Z,1,1,1,1,1,1
FREP-355406-G,1,1,1,1,1,1
FREP-355412-G,1,1,1,1,1,1
FREP-355414-G,1,1,1,1,1,1
FREP-355415-Z,1,1,1,1,1,1
FREP-355418-Z,1,1,1,1,1,1
FREP-355421-G,1,1,1,1,1,1
FREP-355429-G,1,1,1,1,1,1
FREP-355429-Z,1,1,1,1,1,1
FREP-355443-G,1,1,1,1,1,1
FREP-355443-Z,1,1,1,1,1,1
FREP-355452-Z,1,1,1,1,1,1
FREP-355454-Z,1,1,1,1,1,1
FREP-355455-Z,1,1,1,1,1,1
FREP-355458-Z,1,1,1,1,1,1
FREP-355473-G,1,1,1,1,1,1
FREP-355477-G,1,1,1,1,1,1
FREP-355494-Z,1,1,1,1,1,1
FREP-355497-G,1,1,1,1,1,1
FREP-355518-Z,1,1,1,1,1,1
FREP-355533-Z,1,1,1,1,1,1
FREP-355563-Z,1,1,1,1,1,1
FREP-355574-Z,1,1,1,1,1,1
FREP-355597-G,1,1,1,1,1,1
FREP-355613-Z,1,1,1,1,1,1
FREP-355631-Z,1,1,1,1,1,1
FREP-355644-Z,1,1,1,1,1,1
FREP-355660-G,1,1,1,1,1,1
FREP-355678-G,1,1,1,1,1,1
FREP-355692-Z,1,1,1,1,1,1
FREP-355693-Z,1,1,1,1,1,1
FREP-355698-Z,1,1,1,1,1,1
FREP-355723-Z,1,1,1,1,1,1
FREP-355736-G,1,1,1,1,1,1
FREP-355737-G,1,1,1,1,1,1
FREP-355759-Z,1,1,1,1,1,1
FREP-355764-G,1,1,1,1,1,1
FREP-355765-Z,1,1,1,1,1,1
FREP-355767-G,1,1,1,1,1,1
FREP-355769-Z,1,1,1,1,1,1
FREP-355770-G,1,1,1,1,1,1
FREP-355772-Z,1,1,1,1,1,1
FREP-355773-G,1,1,1,1,1,1
FREP-355778-G,1,1,1,1,1,1
FREP-355795-G,1,1,1,1,1,1
FREP-355802-G,1,1,1,1,1,1
FREP-355805-G,1,1,1,1,1,1
FREP-355813-Z,1,1,1,1,1,1
FREP-355815-Z,1,1,1,1,1,1
FREP-355825-G,1,1,1,1,1,1
FREP-355836-G,1,1,1,1,1,1
FREP-355841-G,1,1,1,1,1,1
FREP-355843-G,1,1,1,1,1,1
FREP-355848-G,1,1,1,1,1,1
FREP-355859-G,1,1,1,1,1,1
FREP-355861-Z,1,1,1,1,1,1
FREP-355869-Z,1,1,1,1,1,1
FREP-355872-G,1,1,1,1,1,1
FREP-355887-Z,1,1,1,1,1,1
FREP-355888-Z,1,1,1,1,1,1
FREP-355906-G,1,1,1,1,1,1
FREP-355916-G,1,1,1,1,1,1
FREP-355918-G,1,1,1,1,1,1
FREP-355922-Z,1,1,1,1,1,1
FREP-355926-Z,1,1,1,1,1,1
FREP-355929-Z,1,1,1,1,1,1
FREP-355943-G,1,1,1,1,1,1
FREP-355947-G,1,1,1,1,1,1
FREP-356017-Z,1,1,1,1,1,1
FREP-356046-G,1,1,1,1,1,1
FREP-356047-G,1,1,1,1,1,1
FREP-356057-G,1,1,1,1,1,1
FREP-356058-G,1,1,1,1,1,1
FREP-356061-G,1,1,1,1,1,1
FREP-356082-G,1,1,1,1,1,1
FREP-356111-G,1,1,1,1,1,1
FREP-356126-Z,1,1,1,1,1,1
FREP-356127-Z,1,1,1,1,1,1
FREP-356136-G,1,1,1,1,1,1
FREP-356146-Z,1,1,1,1,1,1
FREP-356157-Z,1,1,1,1,1,1
FREP-356166-G,1,1,1,1,1,1
FREP-356170-G,1,1,1,1,1,1
FREP-356182-Z,1,1,1,1,1,1
FREP-356198-G,1,1,1,1,1,1
FREP-356202-Z,1,1,1,1,1,1
FREP-356203-G,1,1,1,1,1,1
FREP-356209-G,1,1,1,1,1,1
FREP-356213-Z,1,1,1,1,1,1
FREP-356221-G,1,1,1,1,1,1
FREP-356227-G,1,1,1,1,1,1
FREP-356237-G,1,1,1,1,1,1
FREP-356261-Z,1,1,1,1,1,1
FREP-356263-Z,1,1,1,1,1,1
FREP-356298-G,1,1,1,1,1,1
FREP-356311-Z,1,1,1,1,1,1
FREP-356336-Z,1,1,1,1,1,1
FREP-356340-G,1,1,1,1,1,1
FREP-356349-G,1,1,1,1,1,1
FREP-356369-Z,1,1,1,1,1,1
FREP-356374-G,1,1,1,1,1,1
FREP-356378-G,1,1,1,1,1,1
FREP-356381-G,1,1,1,1,1,1
FREP-356383-Z,1,1,1,1,1,1
FREP-356385-G,1,1,1,1,1,1
FREP-356385-Z,1,1,1,1,1,1
FREP-356402-Z,1,1,1,1,1,1
FREP-356407-Z,1,1,1,1,1,1
FREP-356425-G,1,1,1,1,1,1
FREP-356432-G,1,1,1,1,1,1
FREP-356442-G,1,1,1,1,1,1
FREP-356444-G,1,1,1,1,1,1
FREP-356458-G,1,1,1,1,1,1
FREP-356468-G,1,1,1,1,1,1
FREP-356496-Z,1,1,1,1,1,1
FREP-356503-G,1,1,1,1,1,1
FREP-356515-Z,1,1,1,1,1,1
FREP-356517-Z,1,1,1,1,1,1
FREP-356518-Z,1,1,1,1,1,1
FREP-356525-G,1,1,1,1,1,1
FREP-356534-G,1,1,1,1,1,1
FREP-356544-G,1,1,1,1,1,1
FREP-356587-G,1,1,1,1,1,1
FREP-356599-Z,1,1,1,1,1,1
FREP-3566-I,1,1,1,1,1,1
FREP-356602-Z,1,1,1,1,1,1
FREP-356608-Z,1,1,1,1,1,1
FREP-356611-Z,1,1,1,1,1,1
FREP-356616-Z,1,1,1,1,1,1
FREP-356621-G,1,1,1,1,1,1
FREP-356629-G,1,1,1,1,1,1
FREP-356630-G,1,1,1,1,1,1
FREP-356634-G,1,1,1,1,1,1
FREP-356667-G,1,1,1,1,1,1
FREP-356673-Z,1,1,1,1,1,1
FREP-356681-G,1,1,1,1,1,1
FREP-356692-G,1,1,1,1,1,1
FREP-356702-Z,1,1,1,1,1,1
FREP-356704-G,1,1,1,1,1,1
FREP-356710-G,1,1,1,1,1,1
FREP-356712-G,1,1,1,1,1,1
FREP-356721-G,1,1,1,1,1,1
FREP-356724-Z,1,1,1,1,1,1
FREP-356726-Z,1,1,1,1,1,1
FREP-356740-G,1,1,1,1,1,1
FREP-356741-Z,1,1,1,1,1,1
FREP-356743-Z,1,1,1,1,1,1
FREP-356748-G,1,1,1,1,1,1
FREP-356748-Z,1,1,1,1,1,1
FREP-356749-Z,1,1,1,1,1,1
FREP-356778-G,1,1,1,1,1,1
FREP-356803-Z,1,1,1,1,1,1
FREP-356816-Z,1,1,1,1,1,1
FREP-356838-G,1,1,1,1,1,1
FREP-356843-G,1,1,1,1,1,1
FREP-356847-Z,1,1,1,1,1,1
FREP-356849-G,1,1,1,1,1,1
FREP-356864-G,1,1,1,1,1,1
FREP-356878-G,1,1,1,1,1,1
FREP-356882-G,1,1,1,1,1,1
FREP-356890-G,1,1,1,1,1,1
FREP-356927-G,1,1,1,1,1,1
FREP-356934-G,1,1,1,1,1,1
FREP-356961-Z,1,1,1,1,1,1
FREP-356965-G,1,1,1,1,1,1
FREP-356970-Z,1,1,1,1,1,1
FREP-356974-G,1,1,1,1,1,1
FREP-356978-G,1,1,1,1,1,1
FREP-356979-G,1,1,1,1,1,1
FREP-356995-G,1,1,1,1,1,1
FREP-357012-G,1,1,1,1,1,1
FREP-357023-Z,1,1,1,1,1,1
FREP-357031-G,1,1,1,1,1,1
FREP-357032-G,1,1,1,1,1,1
FREP-357037-Z,1,1,1,1,1,1
FREP-357042-Z,1,1,1,1,1,1
FREP-357051-G,1,1,1,1,1,1
FREP-357053-Z,1,1,1,1,1,1
FREP-357054-Z,1,1,1,1,1,1
FREP-357067-Z,1,1,1,1,1,1
FREP-357070-G,1,1,1,1,1,1
FREP-357070-Z,1,1,1,1,1,1
FREP-357072-G,1,1,1,1,1,1
FREP-357077-Z,1,1,1,1,1,1
FREP-357093-G,1,1,1,1,1,1
FREP-357094-G,1,1,1,1,1,1
FREP-357100-G,1,1,1,1,1,1
FREP-357103-G,1,1,1,1,1,1
FREP-357104-Z,1,1,1,1,1,1
FREP-357136-G,1,1,1,1,1,1
FREP-357139-Z,1,1,1,1,1,1
FREP-357149-G,1,1,1,1,1,1
FREP-357150-Z,1,1,1,1,1,1
FREP-357157-Z,1,1,1,1,1,1
FREP-357167-Z,1,1,1,1,1,1
FREP-357169-Z,1,1,1,1,1,1
FREP-357177-Z,1,1,1,1,1,1
FREP-357189-Z,1,1,1,1,1,1
FREP-357225-G,1,1,1,1,1,1
FREP-357226-G,1,1,1,1,1,1
FREP-357233-G,1,1,1,1,1,1
FREP-357237-G,1,1,1,1,1,1
FREP-357249-Z,1,1,1,1,1,1
FREP-357254-G,1,1,1,1,1,1
FREP-357271-Z,1,1,1,1,1,1
FREP-357293-G,1,1,1,1,1,1
FREP-357301-G,1,1,1,1,1,1
FREP-357309-G,1,1,1,1,1,1
FREP-357314-Z,1,1,1,1,1,1
FREP-357329-G,1,1,1,1,1,1
FREP-357339-Z,1,1,1,1,1,1
FREP-357349-G,1,1,1,1,1,1
FREP-357351-G,1,1,1,1,1,1
FREP-357358-Z,1,1,1,1,1,1
FREP-357370-Z,1,1,1,1,1,1
FREP-357377-G,1,1,1,1,1,1
FREP-357405-G,1,1,1,1,1,1
FREP-357414-G,1,1,1,1,1,1
FREP-357424-G,1,1,1,1,1,1
FREP-357435-G,1,1,1,1,1,1
FREP-357443-G,1,1,1,1,1,1
FREP-357461-G,1,1,1,1,1,1
FREP-357478-G,1,1,1,1,1,1
FREP-357479-G,1,1,1,1,1,1
FREP-357483-G,1,1,1,1,1,1
FREP-357487-G,1,1,1,1,1,1
FREP-357495-G,1,1,1,1,1,1
FREP-357514-Z,1,1,1,1,1,1
FREP-357534-Z,1,1,1,1,1,1
FREP-357547-G,1,1,1,1,1,1
FREP-357558-Z,1,1,1,1,1,1
FREP-357559-Z,1,1,1,1,1,1
FREP-357566-G,1,1,1,1,1,1
FREP-357568-G,1,1,1,1,1,1
FREP-357576-G,1,1,1,1,1,1
FREP-357590-G,1,1,1,1,1,1
FREP-357604-G,1,1,1,1,1,1
FREP-357606-G,1,1,1,1,1,1
FREP-357612-G,1,1,1,1,1,1
FREP-357617-G,1,1,1,1,1,1
FREP-357627-G,1,1,1,1,1,1
FREP-357645-Z,1,1,1,1,1,1
FREP-357649-G,1,1,1,1,1,1
FREP-357668-Z,1,1,1,1,1,1
FREP-357680-G,1,1,1,1,1,1
FREP-357711-G,1,1,1,1,1,1
FREP-357724-Z,1,1,1,1,1,1
FREP-357734-G,1,1,1,1,1,1
FREP-357736-G,1,1,1,1,1,1
FREP-357756-G,1,1,1,1,1,1
FREP-357762-G,1,1,1,1,1,1
FREP-357776-Z,1,1,1,1,1,1
FREP-357778-Z,1,1,1,1,1,1
FREP-357785-Z,1,1,1,1,1,1
FREP-357791-Z,1,1,1,1,1,1
FREP-357797-G,1,1,1,1,1,1
FREP-357820-Z,1,1,1,1,1,1
FREP-357832-Z,1,1,1,1,1,1
FREP-357839-G,1,1,1,1,1,1
FREP-357852-Z,1,1,1,1,1,1
FREP-357860-Z,1,1,1,1,1,1
FREP-357879-G,1,1,1,1,1,1
FREP-357886-G,1,1,1,1,1,1
FREP-357892-G,1,1,1,1,1,1
FREP-357893-Z,1,1,1,1,1,1
FREP-357909-G,1,1,1,1,1,1
FREP-357913-G,1,1,1,1,1,1
FREP-357926-G,1,1,1,1,1,1
FREP-357930-G,1,1,1,1,1,1
FREP-357931-G,1,1,1,1,1,1
FREP-357935-G,1,1,1,1,1,1
FREP-357936-G,1,1,1,1,1,1
FREP-357985-Z,1,1,1,1,1,1
FREP-357987-G,1,1,1,1,1,1
FREP-357994-Z,1,1,1,1,1,1
FREP-357995-Z,1,1,1,1,1,1
FREP-358003-Z,1,1,1,1,1,1
FREP-358006-G,1,1,1,1,1,1
FREP-358026-Z,1,1,1,1,1,1
FREP-358027-G,1,1,1,1,1,1
FREP-358030-Z,1,1,1,1,1,1
FREP-358033-Z,1,1,1,1,1,1
FREP-358034-Z,1,1,1,1,1,1
FREP-358037-Z,1,1,1,1,1,1
FREP-358038-Z,1,1,1,1,1,1
FREP-358043-Z,1,1,1,1,1,1
FREP-358053-G,1,1,1,1,1,1
FREP-358059-Z,1,1,1,1,1,1
FREP-358079-G,1,1,1,1,1,1
FREP-358083-G,1,1,1,1,1,1
FREP-358083-Z,1,1,1,1,1,1
FREP-358085-G,1,1,1,1,1,1
FREP-358096-G,1,1,1,1,1,1
FREP-358097-G,1,1,1,1,1,1
FREP-358098-G,1,1,1,1,1,1
FREP-358100-G,1,1,1,1,1,1
FREP-358102-Z,1,1,1,1,1,1
FREP-358103-Z,1,1,1,1,1,1
FREP-358106-G,1,1,1,1,1,1
FREP-358111-G,1,1,1,1,1,1
FREP-358118-G,1,1,1,1,1,1
FREP-358121-G,1,1,1,1,1,1
FREP-358128-G,1,1,1,1,1,1
FREP-358133-Z,1,1,1,1,1,1
FREP-358181-Z,1,1,1,1,1,1
FREP-358202-Z,1,1,1,1,1,1
FREP-358206-Z,1,1,1,1,1,1
FREP-358212-Z,1,1,1,1,1,1
FREP-358213-Z,1,1,1,1,1,1
FREP-358237-Z,1,1,1,1,1,1
FREP-358247-Z,1,1,1,1,1,1
FREP-358287-Z,1,1,1,1,1,1
FREP-358309-Z,1,1,1,1,1,1
FREP-358312-Z,1,1,1,1,1,1
FREP-358372-Z,1,1,1,1,1,1
FREP-358383-Z,1,1,1,1,1,1
FREP-358428-Z,1,1,1,1,1,1
FREP-358444-Z,1,1,1,1,1,1
FREP-358475-Z,1,1,1,1,1,1
FREP-358518-Z,1,1,1,1,1,1
FREP-358543-Z,1,1,1,1,1,1
FREP-358553-Z,1,1,1,1,1,1
FREP-358566-Z,1,1,1,1,1,1
FREP-358572-Z,1,1,1,1,1,1
FREP-358582-Z,1,1,1,1,1,1
FREP-358631-Z,1,1,1,1,1,1
FREP-358646-Z,1,1,1,1,1,1
FREP-358653-Z,1,1,1,1,1,1
FREP-358667-Z,1,1,1,1,1,1
FREP-3587-I,1,1,1,1,1,1
FREP-358710-Z,1,1,1,1,1,1
FREP-358740-Z,1,1,1,1,1,1
FREP-358742-Z,1,1,1,1,1,1
FREP-358749-Z,1,1,1,1,1,1
FREP-358751-Z,1,1,1,1,1,1
FREP-358768-Z,1,1,1,1,1,1
FREP-358840-Z,1,1,1,1,1,1
FREP-358860-Z,1,1,1,1,1,1
FREP-358863-Z,1,1,1,1,1,1
FREP-358894-Z,1,1,1,1,1,1
FREP-358907-G,1,1,1,1,1,1
FREP-358907-Z,1,1,1,1,1,1
FREP-358938-Z,1,1,1,1,1,1
FREP-358948-Z,1,1,1,1,1,1
FREP-358977-Z,1,1,1,1,1,1
FREP-358981-Z,1,1,1,1,1,1
FREP-358983-Z,1,1,1,1,1,1
FREP-358994-Z,1,1,1,1,1,1
FREP-358997-Z,1,1,1,1,1,1
FREP-359005-Z,1,1,1,1,1,1
FREP-359023-Z,1,1,1,1,1,1
FREP-359031-Z,1,1,1,1,1,1
FREP-359038-Z,1,1,1,1,1,1
FREP-359078-Z,1,1,1,1,1,1
FREP-359122-Z,1,1,1,1,1,1
FREP-359133-Z,1,1,1,1,1,1
FREP-359159-Z,1,1,1,1,1,1
FREP-359162-Z,1,1,1,1,1,1
FREP-359211-Z,1,1,1,1,1,1
FREP-359238-Z,1,1,1,1,1,1
FREP-359242-Z,1,1,1,1,1,1
FREP-359256-Z,1,1,1,1,1,1
FREP-359276-Z,1,1,1,1,1,1
FREP-359329-Z,1,1,1,1,1,1
FREP-359347-Z,1,1,1,1,1,1
FREP-359369-Z,1,1,1,1,1,1
FREP-359386-Z,1,1,1,1,1,1
FREP-359441-Z,1,1,1,1,1,1
FREP-359475-Z,1,1,1,1,1,1
FREP-359479-Z,1,1,1,1,1,1
FREP-359483-Z,1,1,1,1,1,1
FREP-359486-Z,1,1,1,1,1,1
FREP-359496-Z,1,1,1,1,1,1
FREP-359500-Z,1,1,1,1,1,1
FREP-359508-Z,1,1,1,1,1,1
FREP-359516-Z,1,1,1,1,1,1
FREP-359538-Z,1,1,1,1,1,1
FREP-359609-Z,1,1,1,1,1,1
FREP-359690-Z,1,1,1,1,1,1
FREP-359716-Z,1,1,1,1,1,1
FREP-359718-Z,1,1,1,1,1,1
FREP-359719-Z,1,1,1,1,1,1
FREP-359722-Z,1,1,1,1,1,1
FREP-359728-Z,1,1,1,1,1,1
FREP-359736-Z,1,1,1,1,1,1
FREP-359772-Z,1,1,1,1,1,1
FREP-359792-Z,1,1,1,1,1,1
FREP-359877-Z,1,1,1,1,1,1
FREP-359904-Z,1,1,1,1,1,1
FREP-359931-Z,1,1,1,1,1,1
FREP-360020-Z,1,1,1,1,1,1
FREP-360076-Z,1,1,1,1,1,1
FREP-360083-Z,1,1,1,1,1,1
FREP-360104-Z,1,1,1,1,1,1
FREP-360111-Z,1,1,1,1,1,1
FREP-360117-Z,1,1,1,1,1,1
FREP-360122-Z,1,1,1,1,1,1
FREP-360179-Z,1,1,1,1,1,1
FREP-360213-Z,1,1,1,1,1,1
FREP-360232-Z,1,1,1,1,1,1
FREP-360245-Z,1,1,1,1,1,1
FREP-360283-G,1,1,1,1,1,1
FREP-360335-G,1,1,1,1,1,1
FREP-360378-Z,1,1,1,1,1,1
FREP-360394-Z,1,1,1,1,1,1
FREP-360416-Z,1,1,1,1,1,1
FREP-360418-Z,1,1,1,1,1,1
FREP-360423-Z,1,1,1,1,1,1
FREP-360425-Z,1,1,1,1,1,1
FREP-360432-Z,1,1,1,1,1,1
FREP-360461-Z,1,1,1,1,1,1
FREP-360477-Z,1,1,1,1,1,1
FREP-360481-Z,1,1,1,1,1,1
FREP-360489-Z,1,1,1,1,1,1
FREP-360500-Z,1,1,1,1,1,1
FREP-360517-Z,1,1,1,1,1,1
FREP-360547-Z,1,1,1,1,1,1
FREP-360573-Z,1,1,1,1,1,1
FREP-360583-Z,1,1,1,1,1,1
FREP-360591-Z,1,1,1,1,1,1
FREP-360603-Z,1,1,1,1,1,1
FREP-360651-Z,1,1,1,1,1,1
FREP-360798-Z,1,1,1,1,1,1
FREP-360873-Z,1,1,1,1,1,1
FREP-360886-Z,1,1,1,1,1,1
FREP-360906-Z,1,1,1,1,1,1
FREP-360915-Z,1,1,1,1,1,1
FREP-360976-Z,1,1,1,1,1,1
FREP-360979-Z,1,1,1,1,1,1
FREP-360981-Z,1,1,1,1,1,1
FREP-360985-Z,1,1,1,1,1,1
FREP-360989-Z,1,1,1,1,1,1
FREP-361001-Z,1,1,1,1,1,1
FREP-361083-Z,1,1,1,1,1,1
FREP-361104-Z,1,1,1,1,1,1
FREP-361120-Z,1,1,1,1,1,1
FREP-361141-Z,1,1,1,1,1,1
FREP-361146-Z,1,1,1,1,1,1
FREP-361286-Z,1,1,1,1,1,1
FREP-361310-Z,1,1,1,1,1,1
FREP-361340-Z,1,1,1,1,1,1
FREP-361376-Z,1,1,1,1,1,1
FREP-361447-Z,1,1,1,1,1,1
FREP-361458-Z,1,1,1,1,1,1
FREP-361487-Z,1,1,1,1,1,1
FREP-361497-Z,1,1,1,1,1,1
FREP-361499-Z,1,1,1,1,1,1
FREP-361511-Z,1,1,1,1,1,1
FREP-361519-Z,1,1,1,1,1,1
FREP-361560-Z,1,1,1,1,1,1
FREP-361568-Z,1,1,1,1,1,1
FREP-361569-Z,1,1,1,1,1,1
FREP-361572-Z,1,1,1,1,1,1
FREP-361588-Z,1,1,1,1,1,1
FREP-361589-Z,1,1,1,1,1,1
FREP-361613-Z,1,1,1,1,1,1
FREP-361620-Z,1,1,1,1,1,1
FREP-361623-Z,1,1,1,1,1,1
FREP-361625-Z,1,1,1,1,1,1
FREP-361638-Z,1,1,1,1,1,1
FREP-361642-Z,1,1,1,1,1,1
FREP-361657-Z,1,1,1,1,1,1
FREP-361678-Z,1,1,1,1,1,1
FREP-361695-Z,1,1,1,1,1,1
FREP-361698-Z,1,1,1,1,1,1
FREP-361717-Z,1,1,1,1,1,1
FREP-361784-Z,1,1,1,1,1,1
FREP-361819-Z,1,1,1,1,1,1
FREP-361822-Z,1,1,1,1,1,1
FREP-361827-Z,1,1,1,1,1,1
FREP-361834-Z,1,1,1,1,1,1
FREP-361841-Z,1,1,1,1,1,1
FREP-361842-Z,1,1,1,1,1,1
FREP-361843-Z,1,1,1,1,1,1
FREP-361844-Z,1,1,1,1,1,1
FREP-361848-Z,1,1,1,1,1,1
FREP-361850-Z,1,1,1,1,1,1
FREP-361854-Z,1,1,1,1,1,1
FREP-361855-Z,1,1,1,1,1,1
FREP-361860-Z,1,1,1,1,1,1
FREP-361919-Z,1,1,1,1,1,1
FREP-361942-Z,1,1,1,1,1,1
FREP-361957-Z,1,1,1,1,1,1
FREP-361977-Z,1,1,1,1,1,1
FREP-361994-Z,1,1,1,1,1,1
FREP-362006-Z,1,1,1,1,1,1
FREP-362045-Z,1,1,1,1,1,1
FREP-362048-Z,1,1,1,1,1,1
FREP-362056-Z,1,1,1,1,1,1
FREP-362061-Z,1,1,1,1,1,1
FREP-362086-Z,1,1,1,1,1,1
FREP-362091-Z,1,1,1,1,1,1
FREP-362095-Z,1,1,1,1,1,1
FREP-362137-Z,1,1,1,1,1,1
FREP-362173-Z,1,1,1,1,1,1
FREP-362201-Z,1,1,1,1,1,1
FREP-362203-Z,1,1,1,1,1,1
FREP-362213-Z,1,1,1,1,1,1
FREP-362225-Z,1,1,1,1,1,1
FREP-362229-Z,1,1,1,1,1,1
FREP-362240-Z,1,1,1,1,1,1
FREP-362253-Z,1,1,1,1,1,1
FREP-362260-Z,1,1,1,1,1,1
FREP-362263-Z,1,1,1,1,1,1
FREP-362267-Z,1,1,1,1,1,1
FREP-362271-Z,1,1,1,1,1,1
FREP-362276-Z,1,1,1,1,1,1
FREP-362293-Z,1,1,1,1,1,1
FREP-362300-Z,1,1,1,1,1,1
FREP-362302-Z,1,1,1,1,1,1
FREP-362353-Z,1,1,1,1,1,1
FREP-362396-Z,1,1,1,1,1,1
FREP-362397-Z,1,1,1,1,1,1
FREP-362436-Z,1,1,1,1,1,1
FREP-362503-Z,1,1,1,1,1,1
FREP-362510-Z,1,1,1,1,1,1
FREP-362512-Z,1,1,1,1,1,1
FREP-362518-Z,1,1,1,1,1,1
FREP-362519-Z,1,1,1,1,1,1
FREP-362540-Z,1,1,1,1,1,1
FREP-362541-Z,1,1,1,1,1,1
FREP-362552-Z,1,1,1,1,1,1
FREP-362565-Z,1,1,1,1,1,1
FREP-362582-Z,1,1,1,1,1,1
FREP-362585-Z,1,1,1,1,1,1
FREP-362591-Z,1,1,1,1,1,1
FREP-362594-Z,1,1,1,1,1,1
FREP-362596-Z,1,1,1,1,1,1
FREP-362597-Z,1,1,1,1,1,1
FREP-362603-Z,1,1,1,1,1,1
FREP-362607-Z,1,1,1,1,1,1
FREP-362610-Z,1,1,1,1,1,1
FREP-362615-Z,1,1,1,1,1,1
FREP-362619-Z,1,1,1,1,1,1
FREP-362626-Z,1,1,1,1,1,1
FREP-362631-Z,1,1,1,1,1,1
FREP-362634-Z,1,1,1,1,1,1
FREP-362651-Z,1,1,1,1,1,1
FREP-362660-Z,1,1,1,1,1,1
FREP-362663-Z,1,1,1,1,1,1
FREP-362668-Z,1,1,1,1,1,1
FREP-362692-Z,1,1,1,1,1,1
FREP-362695-Z,1,1,1,1,1,1
FREP-362705-Z,1,1,1,1,1,1
FREP-362715-Z,1,1,1,1,1,1
FREP-362716-Z,1,1,1,1,1,1
FREP-362733-Z,1,1,1,1,1,1
FREP-362739-Z,1,1,1,1,1,1
FREP-362768-Z,1,1,1,1,1,1
FREP-362813-Z,1,1,1,1,1,1
FREP-362816-Z,1,1,1,1,1,1
FREP-362824-Z,1,1,1,1,1,1
FREP-362847-Z,1,1,1,1,1,1
FREP-362889-Z,1,1,1,1,1,1
FREP-362892-Z,1,1,1,1,1,1
FREP-362906-Z,1,1,1,1,1,1
FREP-362916-Z,1,1,1,1,1,1
FREP-362945-Z,1,1,1,1,1,1
FREP-362998-Z,1,1,1,1,1,1
FREP-362999-Z,1,1,1,1,1,1
FREP-363011-Z,1,1,1,1,1,1
FREP-363027-Z,1,1,1,1,1,1
FREP-363029-Z,1,1,1,1,1,1
FREP-363030-Z,1,1,1,1,1,1
FREP-363031-Z,1,1,1,1,1,1
FREP-363044-Z,1,1,1,1,1,1
FREP-363052-Z,1,1,1,1,1,1
FREP-363054-Z,1,1,1,1,1,1
FREP-363055-Z,1,1,1,1,1,1
FREP-363061-Z,1,1,1,1,1,1
FREP-363065-Z,1,1,1,1,1,1
FREP-363072-Z,1,1,1,1,1,1
FREP-363092-Z,1,1,1,1,1,1
FREP-363108-Z,1,1,1,1,1,1
FREP-363116-Z,1,1,1,1,1,1
FREP-363123-Z,1,1,1,1,1,1
FREP-363131-Z,1,1,1,1,1,1
FREP-363136-Z,1,1,1,1,1,1
FREP-363143-Z,1,1,1,1,1,1
FREP-363146-Z,1,1,1,1,1,1
FREP-363153-Z,1,1,1,1,1,1
FREP-363154-Z,1,1,1,1,1,1
FREP-363165-Z,1,1,1,1,1,1
FREP-363168-Z,1,1,1,1,1,1
FREP-363181-Z,1,1,1,1,1,1
FREP-363182-Z,1,1,1,1,1,1
FREP-363198-Z,1,1,1,1,1,1
FREP-363221-Z,1,1,1,1,1,1
FREP-363228-Z,1,1,1,1,1,1
FREP-363230-Z,1,1,1,1,1,1
FREP-363231-Z,1,1,1,1,1,1
FREP-363252-Z,1,1,1,1,1,1
FREP-363254-Z,1,1,1,1,1,1
FREP-363261-Z,1,1,1,1,1,1
FREP-363264-Z,1,1,1,1,1,1
FREP-363269-Z,1,1,1,1,1,1
FREP-363280-Z,1,1,1,1,1,1
FREP-363282-Z,1,1,1,1,1,1
FREP-363286-Z,1,1,1,1,1,1
FREP-363289-Z,1,1,1,1,1,1
FREP-363291-Z,1,1,1,1,1,1
FREP-363306-Z,1,1,1,1,1,1
FREP-363307-Z,1,1,1,1,1,1
FREP-363316-Z,1,1,1,1,1,1
FREP-363319-Z,1,1,1,1,1,1
FREP-363329-Z,1,1,1,1,1,1
FREP-363331-Z,1,1,1,1,1,1
FREP-363336-Z,1,1,1,1,1,1
FREP-363338-Z,1,1,1,1,1,1
FREP-363355-Z,1,1,1,1,1,1
FREP-363370-Z,1,1,1,1,1,1
FREP-363380-Z,1,1,1,1,1,1
FREP-363395-Z,1,1,1,1,1,1
FREP-363398-Z,1,1,1,1,1,1
FREP-363403-Z,1,1,1,1,1,1
FREP-363404-Z,1,1,1,1,1,1
FREP-363407-Z,1,1,1,1,1,1
FREP-363420-Z,1,1,1,1,1,1
FREP-363421-Z,1,1,1,1,1,1
FREP-363429-Z,1,1,1,1,1,1
FREP-363436-Z,1,1,1,1,1,1
FREP-363499-Z,1,1,1,1,1,1
FREP-363500-Z,1,1,1,1,1,1
FREP-363518-Z,1,1,1,1,1,1
FREP-363530-Z,1,1,1,1,1,1
FREP-363534-Z,1,1,1,1,1,1
FREP-363550-Z,1,1,1,1,1,1
FREP-363559-Z,1,1,1,1,1,1
FREP-363585-Z,1,1,1,1,1,1
FREP-363592-Z,1,1,1,1,1,1
FREP-363603-Z,1,1,1,1,1,1
FREP-363634-Z,1,1,1,1,1,1
FREP-363636-Z,1,1,1,1,1,1
FREP-363645-Z,1,1,1,1,1,1
FREP-363647-Z,1,1,1,1,1,1
FREP-363648-Z,1,1,1,1,1,1
FREP-363667-Z,1,1,1,1,1,1
FREP-363745-Z,1,1,1,1,1,1
FREP-363760-Z,1,1,1,1,1,1
FREP-363771-Z,1,1,1,1,1,1
FREP-363775-Z,1,1,1,1,1,1
FREP-363783-Z,1,1,1,1,1,1
FREP-363788-Z,1,1,1,1,1,1
FREP-363816-Z,1,1,1,1,1,1
FREP-363823-Z,1,1,1,1,1,1
FREP-363828-Z,1,1,1,1,1,1
FREP-363851-Z,1,1,1,1,1,1
FREP-363902-Z,1,1,1,1,1,1
FREP-363916-Z,1,1,1,1,1,1
FREP-363925-Z,1,1,1,1,1,1
FREP-363934-Z,1,1,1,1,1,1
FREP-364010-Z,1,1,1,1,1,1
FREP-364034-Z,1,1,1,1,1,1
FREP-364070-Z,1,1,1,1,1,1
FREP-364072-Z,1,1,1,1,1,1
FREP-364083-Z,1,1,1,1,1,1
FREP-364123-Z,1,1,1,1,1,1
FREP-364126-Z,1,1,1,1,1,1
FREP-364186-Z,1,1,1,1,1,1
FREP-364188-Z,1,1,1,1,1,1
FREP-364231-Z,1,1,1,1,1,1
FREP-364237-Z,1,1,1,1,1,1
FREP-364242-Z,1,1,1,1,1,1
FREP-364300-Z,1,1,1,1,1,1
FREP-364303-Z,1,1,1,1,1,1
FREP-364310-Z,1,1,1,1,1,1
FREP-364318-Z,1,1,1,1,1,1
FREP-364340-Z,1,1,1,1,1,1
FREP-364381-Z,1,1,1,1,1,1
FREP-364383-Z,1,1,1,1,1,1
FREP-364392-Z,1,1,1,1,1,1
FREP-364402-Z,1,1,1,1,1,1
FREP-364407-Z,1,1,1,1,1,1
FREP-364409-Z,1,1,1,1,1,1
FREP-364410-Z,1,1,1,1,1,1
FREP-364437-Z,1,1,1,1,1,1
FREP-364458-Z,1,1,1,1,1,1
FREP-364464-Z,1,1,1,1,1,1
FREP-364465-Z,1,1,1,1,1,1
FREP-364466-Z,1,1,1,1,1,1
FREP-364472-Z,1,1,1,1,1,1
FREP-364485-Z,1,1,1,1,1,1
FREP-364489-Z,1,1,1,1,1,1
FREP-364518-Z,1,1,1,1,1,1
FREP-364520-Z,1,1,1,1,1,1
FREP-364534-Z,1,1,1,1,1,1
FREP-364535-Z,1,1,1,1,1,1
FREP-364545-Z,1,1,1,1,1,1
FREP-364552-Z,1,1,1,1,1,1
FREP-364572-Z,1,1,1,1,1,1
FREP-364576-Z,1,1,1,1,1,1
FREP-364577-Z,1,1,1,1,1,1
FREP-364581-Z,1,1,1,1,1,1
FREP-364588-Z,1,1,1,1,1,1
FREP-364596-Z,1,1,1,1,1,1
FREP-364606-Z,1,1,1,1,1,1
FREP-364614-Z,1,1,1,1,1,1
FREP-364630-Z,1,1,1,1,1,1
FREP-364631-Z,1,1,1,1,1,1
FREP-364665-Z,1,1,1,1,1,1
FREP-364675-Z,1,1,1,1,1,1
FREP-364678-Z,1,1,1,1,1,1
FREP-364734-Z,1,1,1,1,1,1
FREP-364773-Z,1,1,1,1,1,1
FREP-364778-Z,1,1,1,1,1,1
FREP-364779-Z,1,1,1,1,1,1
FREP-364797-Z,1,1,1,1,1,1
FREP-364804-Z,1,1,1,1,1,1
FREP-364817-Z,1,1,1,1,1,1
FREP-364823-Z,1,1,1,1,1,1
FREP-364833-Z,1,1,1,1,1,1
FREP-364863-Z,1,1,1,1,1,1
FREP-364868-Z,1,1,1,1,1,1
FREP-364968-Z,1,1,1,1,1,1
FREP-364977-Z,1,1,1,1,1,1
FREP-365066-Z,1,1,1,1,1,1
FREP-365068-Z,1,1,1,1,1,1
FREP-365069-Z,1,1,1,1,1,1
FREP-365087-Z,1,1,1,1,1,1
FREP-365093-Z,1,1,1,1,1,1
FREP-365110-Z,1,1,1,1,1,1
FREP-365159-Z,1,1,1,1,1,1
FREP-365239-Z,1,1,1,1,1,1
FREP-365252-Z,1,1,1,1,1,1
FREP-365262-Z,1,1,1,1,1,1
FREP-365279-Z,1,1,1,1,1,1
FREP-365292-Z,1,1,1,1,1,1
FREP-365343-Z,1,1,1,1,1,1
FREP-365348-Z,1,1,1,1,1,1
FREP-365362-Z,1,1,1,1,1,1
FREP-365429-Z,1,1,1,1,1,1
FREP-365449-Z,1,1,1,1,1,1
FREP-365468-Z,1,1,1,1,1,1
FREP-365469-Z,1,1,1,1,1,1
FREP-365482-Z,1,1,1,1,1,1
FREP-365485-Z,1,1,1,1,1,1
FREP-365486-Z,1,1,1,1,1,1
FREP-365487-Z,1,1,1,1,1,1
FREP-365491-Z,1,1,1,1,1,1
FREP-365496-Z,1,1,1,1,1,1
FREP-365601-Z,1,1,1,1,1,1
FREP-365617-Z,1,1,1,1,1,1
FREP-365618-Z,1,1,1,1,1,1
FREP-365619-Z,1,1,1,1,1,1
FREP-365623-Z,1,1,1,1,1,1
FREP-365628-Z,1,1,1,1,1,1
FREP-365651-Z,1,1,1,1,1,1
FREP-365666-Z,1,1,1,1,1,1
FREP-365684-Z,1,1,1,1,1,1
FREP-365686-Z,1,1,1,1,1,1
FREP-365698-Z,1,1,1,1,1,1
FREP-365718-Z,1,1,1,1,1,1
FREP-365762-Z,1,1,1,1,1,1
FREP-365769-Z,1,1,1,1,1,1
FREP-365770-Z,1,1,1,1,1,1
FREP-365772-Z,1,1,1,1,1,1
FREP-365784-Z,1,1,1,1,1,1
FREP-365790-Z,1,1,1,1,1,1
FREP-365795-Z,1,1,1,1,1,1
FREP-365796-Z,1,1,1,1,1,1
FREP-365802-Z,1,1,1,1,1,1
FREP-365804-Z,1,1,1,1,1,1
FREP-365814-Z,1,1,1,1,1,1
FREP-365834-Z,1,1,1,1,1,1
FREP-365853-Z,1,1,1,1,1,1
FREP-365905-Z,1,1,1,1,1,1
FREP-365971-Z,1,1,1,1,1,1
FREP-366022-Z,1,1,1,1,1,1
FREP-366030-Z,1,1,1,1,1,1
FREP-366101-Z,1,1,1,1,1,1
FREP-366107-Z,1,1,1,1,1,1
FREP-366110-Z,1,1,1,1,1,1
FREP-366215-Z,1,1,1,1,1,1
FREP-366256-Z,1,1,1,1,1,1
FREP-366289-Z,1,1,1,1,1,1
FREP-366297-Z,1,1,1,1,1,1
FREP-366304-Z,1,1,1,1,1,1
FREP-366360-Z,1,1,1,1,1,1
FREP-366362-Z,1,1,1,1,1,1
FREP-366414-Z,1,1,1,1,1,1
FREP-366425-Z,1,1,1,1,1,1
FREP-366429-Z,1,1,1,1,1,1
FREP-366454-Z,1,1,1,1,1,1
FREP-366458-Z,1,1,1,1,1,1
FREP-366459-Z,1,1,1,1,1,1
FREP-366603-Z,1,1,1,1,1,1
FREP-366647-Z,1,1,1,1,1,1
FREP-366661-Z,1,1,1,1,1,1
FREP-366667-Z,1,1,1,1,1,1
FREP-366679-Z,1,1,1,1,1,1
FREP-366682-Z,1,1,1,1,1,1
FREP-366687-Z,1,1,1,1,1,1
FREP-366716-Z,1,1,1,1,1,1
FREP-366730-Z,1,1,1,1,1,1
FREP-366753-Z,1,1,1,1,1,1
FREP-366780-Z,1,1,1,1,1,1
FREP-366807-Z,1,1,1,1,1,1
FREP-366810-Z,1,1,1,1,1,1
FREP-366823-Z,1,1,1,1,1,1
FREP-366827-Z,1,1,1,1,1,1
FREP-366829-Z,1,1,1,1,1,1
FREP-366842-Z,1,1,1,1,1,1
FREP-366848-Z,1,1,1,1,1,1
FREP-366850-Z,1,1,1,1,1,1
FREP-366851-Z,1,1,1,1,1,1
FREP-366856-Z,1,1,1,1,1,1
FREP-366865-Z,1,1,1,1,1,1
FREP-366871-Z,1,1,1,1,1,1
FREP-366874-Z,1,1,1,1,1,1
FREP-366877-Z,1,1,1,1,1,1
FREP-366878-Z,1,1,1,1,1,1
FREP-366891-Z,1,1,1,1,1,1
FREP-366894-Z,1,1,1,1,1,1
FREP-366896-Z,1,1,1,1,1,1
FREP-366897-Z,1,1,1,1,1,1
FREP-366906-Z,1,1,1,1,1,1
FREP-366955-Z,1,1,1,1,1,1
FREP-366956-Z,1,1,1,1,1,1
FREP-366962-Z,1,1,1,1,1,1
FREP-366967-Z,1,1,1,1,1,1
FREP-366968-Z,1,1,1,1,1,1
FREP-366975-Z,1,1,1,1,1,1
FREP-366983-Z,1,1,1,1,1,1
FREP-366989-Z,1,1,1,1,1,1
FREP-367038-Z,1,1,1,1,1,1
FREP-367069-Z,1,1,1,1,1,1
FREP-367077-Z,1,1,1,1,1,1
FREP-367082-Z,1,1,1,1,1,1
FREP-367133-Z,1,1,1,1,1,1
FREP-367156-Z,1,1,1,1,1,1
FREP-367158-Z,1,1,1,1,1,1
FREP-367219-Z,1,1,1,1,1,1
FREP-367251-Z,1,1,1,1,1,1
FREP-367260-Z,1,1,1,1,1,1
FREP-367290-Z,1,1,1,1,1,1
FREP-367298-Z,1,1,1,1,1,1
FREP-367307-Z,1,1,1,1,1,1
FREP-367323-Z,1,1,1,1,1,1
FREP-367334-Z,1,1,1,1,1,1
FREP-367342-Z,1,1,1,1,1,1
FREP-367356-Z,1,1,1,1,1,1
FREP-367368-Z,1,1,1,1,1,1
FREP-367406-Z,1,1,1,1,1,1
FREP-367409-Z,1,1,1,1,1,1
FREP-367420-Z,1,1,1,1,1,1
FREP-367427-Z,1,1,1,1,1,1
FREP-367459-Z,1,1,1,1,1,1
FREP-367465-Z,1,1,1,1,1,1
FREP-367467-Z,1,1,1,1,1,1
FREP-367475-Z,1,1,1,1,1,1
FREP-367481-Z,1,1,1,1,1,1
FREP-367485-Z,1,1,1,1,1,1
FREP-367569-Z,1,1,1,1,1,1
FREP-367602-Z,1,1,1,1,1,1
FREP-367630-Z,1,1,1,1,1,1
FREP-367644-Z,1,1,1,1,1,1
FREP-367650-Z,1,1,1,1,1,1
FREP-367672-Z,1,1,1,1,1,1
FREP-367723-Z,1,1,1,1,1,1
FREP-367747-Z,1,1,1,1,1,1
FREP-367756-Z,1,1,1,1,1,1
FREP-367778-Z,1,1,1,1,1,1
FREP-367816-Z,1,1,1,1,1,1
FREP-367879-Z,1,1,1,1,1,1
FREP-367886-Z,1,1,1,1,1,1
FREP-367893-Z,1,1,1,1,1,1
FREP-367909-Z,1,1,1,1,1,1
FREP-367923-Z,1,1,1,1,1,1
FREP-367977-Z,1,1,1,1,1,1
FREP-367998-Z,1,1,1,1,1,1
FREP-368017-Z,1,1,1,1,1,1
FREP-368020-Z,1,1,1,1,1,1
FREP-368028-Z,1,1,1,1,1,1
FREP-368043-Z,1,1,1,1,1,1
FREP-368054-Z,1,1,1,1,1,1
FREP-368057-Z,1,1,1,1,1,1
FREP-368065-Z,1,1,1,1,1,1
FREP-368080-Z,1,1,1,1,1,1
FREP-368084-Z,1,1,1,1,1,1
FREP-368088-Z,1,1,1,1,1,1
FREP-368096-Z,1,1,1,1,1,1
FREP-368099-Z,1,1,1,1,1,1
FREP-368104-Z,1,1,1,1,1,1
FREP-368114-Z,1,1,1,1,1,1
FREP-368126-Z,1,1,1,1,1,1
FREP-368129-Z,1,1,1,1,1,1
FREP-368143-Z,1,1,1,1,1,1
FREP-368144-Z,1,1,1,1,1,1
FREP-368147-Z,1,1,1,1,1,1
FREP-368151-Z,1,1,1,1,1,1
FREP-368156-Z,1,1,1,1,1,1
FREP-368159-Z,1,1,1,1,1,1
FREP-368162-Z,1,1,1,1,1,1
FREP-368168-Z,1,1,1,1,1,1
FREP-368171-Z,1,1,1,1,1,1
FREP-368180-Z,1,1,1,1,1,1
FREP-368182-Z,1,1,1,1,1,1
FREP-368184-Z,1,1,1,1,1,1
FREP-368187-Z,1,1,1,1,1,1
FREP-368194-Z,1,1,1,1,1,1
FREP-368202-Z,1,1,1,1,1,1
FREP-368214-Z,1,1,1,1,1,1
FREP-368224-Z,1,1,1,1,1,1
FREP-368236-Z,1,1,1,1,1,1
FREP-368246-Z,1,1,1,1,1,1
FREP-368250-Z,1,1,1,1,1,1
FREP-368253-Z,1,1,1,1,1,1
FREP-368269-Z,1,1,1,1,1,1
FREP-368295-Z,1,1,1,1,1,1
FREP-368331-Z,1,1,1,1,1,1
FREP-368348-Z,1,1,1,1,1,1
FREP-368363-Z,1,1,1,1,1,1
FREP-368401-Z,1,1,1,1,1,1
FREP-368407-Z,1,1,1,1,1,1
FREP-368415-Z,1,1,1,1,1,1
FREP-368448-Z,1,1,1,1,1,1
FREP-368462-Z,1,1,1,1,1,1
FREP-368493-Z,1,1,1,1,1,1
FREP-368528-Z,1,1,1,1,1,1
FREP-368583-Z,1,1,1,1,1,1
FREP-368587-Z,1,1,1,1,1,1
FREP-368601-Z,1,1,1,1,1,1
FREP-368620-Z,1,1,1,1,1,1
FREP-368631-Z,1,1,1,1,1,1
FREP-368694-Z,1,1,1,1,1,1
FREP-368697-Z,1,1,1,1,1,1
FREP-368704-Z,1,1,1,1,1,1
FREP-368734-Z,1,1,1,1,1,1
FREP-368763-Z,1,1,1,1,1,1
FREP-368776-Z,1,1,1,1,1,1
FREP-368779-Z,1,1,1,1,1,1
FREP-368837-Z,1,1,1,1,1,1
FREP-368845-Z,1,1,1,1,1,1
FREP-368851-Z,1,1,1,1,1,1
FREP-368852-Z,1,1,1,1,1,1
FREP-368887-Z,1,1,1,1,1,1
FREP-368896-Z,1,1,1,1,1,1
FREP-368906-Z,1,1,1,1,1,1
FREP-368935-Z,1,1,1,1,1,1
FREP-368958-Z,1,1,1,1,1,1
FREP-368991-Z,1,1,1,1,1,1
FREP-369002-Z,1,1,1,1,1,1
FREP-369057-Z,1,1,1,1,1,1
FREP-369074-Z,1,1,1,1,1,1
FREP-369091-Z,1,1,1,1,1,1
FREP-369106-Z,1,1,1,1,1,1
FREP-369118-Z,1,1,1,1,1,1
FREP-369119-Z,1,1,1,1,1,1
FREP-369121-Z,1,1,1,1,1,1
FREP-369131-Z,1,1,1,1,1,1
FREP-369135-Z,1,1,1,1,1,1
FREP-369136-Z,1,1,1,1,1,1
FREP-369149-Z,1,1,1,1,1,1
FREP-369172-Z,1,1,1,1,1,1
FREP-369186-Z,1,1,1,1,1,1
FREP-369190-Z,1,1,1,1,1,1
FREP-369212-Z,1,1,1,1,1,1
FREP-369235-Z,1,1,1,1,1,1
FREP-369252-Z,1,1,1,1,1,1
FREP-369280-Z,1,1,1,1,1,1
FREP-369282-Z,1,1,1,1,1,1
FREP-369291-Z,1,1,1,1,1,1
FREP-369299-Z,1,1,1,1,1,1
FREP-369315-Z,1,1,1,1,1,1
FREP-369330-Z,1,1,1,1,1,1
FREP-369345-Z,1,1,1,1,1,1
FREP-369355-Z,1,1,1,1,1,1
FREP-369409-Z,1,1,1,1,1,1
FREP-369478-Z,1,1,1,1,1,1
FREP-369509-Z,1,1,1,1,1,1
FREP-369528-Z,1,1,1,1,1,1
FREP-369546-Z,1,1,1,1,1,1
FREP-369571-Z,1,1,1,1,1,1
FREP-369596-Z,1,1,1,1,1,1
FREP-369608-Z,1,1,1,1,1,1
FREP-369632-Z,1,1,1,1,1,1
FREP-369651-Z,1,1,1,1,1,1
FREP-369654-Z,1,1,1,1,1,1
FREP-369660-Z,1,1,1,1,1,1
FREP-369667-Z,1,1,1,1,1,1
FREP-369688-Z,1,1,1,1,1,1
FREP-369689-Z,1,1,1,1,1,1
FREP-369708-Z,1,1,1,1,1,1
FREP-369721-Z,1,1,1,1,1,1
FREP-369738-Z,1,1,1,1,1,1
FREP-369745-Z,1,1,1,1,1,1
FREP-369747-Z,1,1,1,1,1,1
FREP-369750-Z,1,1,1,1,1,1
FREP-369751-Z,1,1,1,1,1,1
FREP-369756-Z,1,1,1,1,1,1
FREP-369764-Z,1,1,1,1,1,1
FREP-369787-Z,1,1,1,1,1,1
FREP-369789-Z,1,1,1,1,1,1
FREP-369809-Z,1,1,1,1,1,1
FREP-369916-Z,1,1,1,1,1,1
FREP-369936-Z,1,1,1,1,1,1
FREP-369944-Z,1,1,1,1,1,1
FREP-369952-Z,1,1,1,1,1,1
FREP-369964-Z,1,1,1,1,1,1
FREP-369971-Z,1,1,1,1,1,1
FREP-369986-Z,1,1,1,1,1,1
FREP-370016-Z,1,1,1,1,1,1
FREP-370059-Z,1,1,1,1,1,1
FREP-370075-Z,1,1,1,1,1,1
FREP-370079-Z,1,1,1,1,1,1
FREP-370105-Z,1,1,1,1,1,1
FREP-370123-Z,1,1,1,1,1,1
FREP-370129-Z,1,1,1,1,1,1
FREP-370131-Z,1,1,1,1,1,1
FREP-370133-Z,1,1,1,1,1,1
FREP-370143-Z,1,1,1,1,1,1
FREP-370168-Z,1,1,1,1,1,1
FREP-370169-Z,1,1,1,1,1,1
FREP-370175-Z,1,1,1,1,1,1
FREP-370191-Z,1,1,1,1,1,1
FREP-370201-Z,1,1,1,1,1,1
FREP-370252-Z,1,1,1,1,1,1
FREP-370281-Z,1,1,1,1,1,1
FREP-370285-Z,1,1,1,1,1,1
FREP-370286-Z,1,1,1,1,1,1
FREP-370294-Z,1,1,1,1,1,1
FREP-370296-Z,1,1,1,1,1,1
FREP-370334-Z,1,1,1,1,1,1
FREP-370338-Z,1,1,1,1,1,1
FREP-370341-Z,1,1,1,1,1,1
FREP-370342-Z,1,1,1,1,1,1
FREP-370361-Z,1,1,1,1,1,1
FREP-370367-Z,1,1,1,1,1,1
FREP-370386-Z,1,1,1,1,1,1
FREP-370392-Z,1,1,1,1,1,1
FREP-370398-Z,1,1,1,1,1,1
FREP-370400-Z,1,1,1,1,1,1
FREP-370404-Z,1,1,1,1,1,1
FREP-370445-Z,1,1,1,1,1,1
FREP-370446-Z,1,1,1,1,1,1
FREP-370460-Z,1,1,1,1,1,1
FREP-370462-Z,1,1,1,1,1,1
FREP-370469-Z,1,1,1,1,1,1
FREP-370498-Z,1,1,1,1,1,1
FREP-370501-Z,1,1,1,1,1,1
FREP-370541-Z,1,1,1,1,1,1
FREP-370596-Z,1,1,1,1,1,1
FREP-370599-Z,1,1,1,1,1,1
FREP-370637-Z,1,1,1,1,1,1
FREP-370726-Z,1,1,1,1,1,1
FREP-370736-Z,1,1,1,1,1,1
FREP-370740-Z,1,1,1,1,1,1
FREP-370745-Z,1,1,1,1,1,1
FREP-370788-Z,1,1,1,1,1,1
FREP-370855-Z,1,1,1,1,1,1
FREP-370863-Z,1,1,1,1,1,1
FREP-370873-Z,1,1,1,1,1,1
FREP-370892-Z,1,1,1,1,1,1
FREP-370898-Z,1,1,1,1,1,1
FREP-370900-Z,1,1,1,1,1,1
FREP-370960-Z,1,1,1,1,1,1
FREP-370963-Z,1,1,1,1,1,1
FREP-370988-Z,1,1,1,1,1,1
FREP-371051-Z,1,1,1,1,1,1
FREP-371057-Z,1,1,1,1,1,1
FREP-371059-Z,1,1,1,1,1,1
FREP-371060-Z,1,1,1,1,1,1
FREP-371072-Z,1,1,1,1,1,1
FREP-371081-Z,1,1,1,1,1,1
FREP-371098-Z,1,1,1,1,1,1
FREP-371102-Z,1,1,1,1,1,1
FREP-371159-Z,1,1,1,1,1,1
FREP-371186-Z,1,1,1,1,1,1
FREP-371210-Z,1,1,1,1,1,1
FREP-371225-Z,1,1,1,1,1,1
FREP-371235-Z,1,1,1,1,1,1
FREP-371244-Z,1,1,1,1,1,1
FREP-371253-Z,1,1,1,1,1,1
FREP-371254-Z,1,1,1,1,1,1
FREP-371270-Z,1,1,1,1,1,1
FREP-371297-Z,1,1,1,1,1,1
FREP-371302-Z,1,1,1,1,1,1
FREP-371307-Z,1,1,1,1,1,1
FREP-371379-Z,1,1,1,1,1,1
FREP-371389-Z,1,1,1,1,1,1
FREP-371390-Z,1,1,1,1,1,1
FREP-371426-Z,1,1,1,1,1,1
FREP-371432-Z,1,1,1,1,1,1
FREP-371463-Z,1,1,1,1,1,1
FREP-371472-Z,1,1,1,1,1,1
FREP-371473-Z,1,1,1,1,1,1
FREP-371532-Z,1,1,1,1,1,1
FREP-371539-Z,1,1,1,1,1,1
FREP-371569-Z,1,1,1,1,1,1
FREP-371583-Z,1,1,1,1,1,1
FREP-371584-Z,1,1,1,1,1,1
FREP-371586-Z,1,1,1,1,1,1
FREP-371588-Z,1,1,1,1,1,1
FREP-371604-Z,1,1,1,1,1,1
FREP-371607-Z,1,1,1,1,1,1
FREP-371611-Z,1,1,1,1,1,1
FREP-371664-Z,1,1,1,1,1,1
FREP-371668-Z,1,1,1,1,1,1
FREP-371690-Z,1,1,1,1,1,1
FREP-371716-Z,1,1,1,1,1,1
FREP-371771-Z,1,1,1,1,1,1
FREP-371779-Z,1,1,1,1,1,1
FREP-371790-Z,1,1,1,1,1,1
FREP-371797-Z,1,1,1,1,1,1
FREP-371802-Z,1,1,1,1,1,1
FREP-371810-Z,1,1,1,1,1,1
FREP-371814-Z,1,1,1,1,1,1
FREP-371823-Z,1,1,1,1,1,1
FREP-371841-Z,1,1,1,1,1,1
FREP-371959-Z,1,1,1,1,1,1
FREP-371963-Z,1,1,1,1,1,1
FREP-372014-Z,1,1,1,1,1,1
FREP-372037-Z,1,1,1,1,1,1
FREP-372061-Z,1,1,1,1,1,1
FREP-372073-Z,1,1,1,1,1,1
FREP-372096-Z,1,1,1,1,1,1
FREP-372101-Z,1,1,1,1,1,1
FREP-372129-Z,1,1,1,1,1,1
FREP-372145-Z,1,1,1,1,1,1
FREP-372186-Z,1,1,1,1,1,1
FREP-372210-Z,1,1,1,1,1,1
FREP-372228-Z,1,1,1,1,1,1
FREP-372238-Z,1,1,1,1,1,1
FREP-372239-Z,1,1,1,1,1,1
FREP-372241-Z,1,1,1,1,1,1
FREP-372269-Z,1,1,1,1,1,1
FREP-372284-Z,1,1,1,1,1,1
FREP-372296-Z,1,1,1,1,1,1
FREP-372297-Z,1,1,1,1,1,1
FREP-372331-Z,1,1,1,1,1,1
FREP-372390-Z,1,1,1,1,1,1
FREP-372391-Z,1,1,1,1,1,1
FREP-372401-Z,1,1,1,1,1,1
FREP-372410-Z,1,1,1,1,1,1
FREP-372429-Z,1,1,1,1,1,1
FREP-372432-Z,1,1,1,1,1,1
FREP-372441-Z,1,1,1,1,1,1
FREP-372452-Z,1,1,1,1,1,1
FREP-372456-Z,1,1,1,1,1,1
FREP-372471-Z,1,1,1,1,1,1
FREP-372503-Z,1,1,1,1,1,1
FREP-372517-Z,1,1,1,1,1,1
FREP-372519-Z,1,1,1,1,1,1
FREP-372528-Z,1,1,1,1,1,1
FREP-372551-Z,1,1,1,1,1,1
FREP-372589-Z,1,1,1,1,1,1
FREP-372599-Z,1,1,1,1,1,1
FREP-3726-I,1,1,1,1,1,1
FREP-372629-Z,1,1,1,1,1,1
FREP-372630-Z,1,1,1,1,1,1
FREP-372647-Z,1,1,1,1,1,1
FREP-372649-Z,1,1,1,1,1,1
FREP-372650-Z,1,1,1,1,1,1
FREP-372670-Z,1,1,1,1,1,1
FREP-372673-Z,1,1,1,1,1,1
FREP-372691-Z,1,1,1,1,1,1
FREP-372707-Z,1,1,1,1,1,1
FREP-372713-Z,1,1,1,1,1,1
FREP-372718-Z,1,1,1,1,1,1
FREP-372723-Z,1,1,1,1,1,1
FREP-372730-Z,1,1,1,1,1,1
FREP-372741-Z,1,1,1,1,1,1
FREP-372778-Z,1,1,1,1,1,1
FREP-372781-Z,1,1,1,1,1,1
FREP-372800-Z,1,1,1,1,1,1
FREP-372816-Z,1,1,1,1,1,1
FREP-372817-Z,1,1,1,1,1,1
FREP-372829-Z,1,1,1,1,1,1
FREP-372877-Z,1,1,1,1,1,1
FREP-372884-Z,1,1,1,1,1,1
FREP-372890-Z,1,1,1,1,1,1
FREP-372928-Z,1,1,1,1,1,1
FREP-372930-Z,1,1,1,1,1,1
FREP-372939-Z,1,1,1,1,1,1
FREP-372956-Z,1,1,1,1,1,1
FREP-372961-Z,1,1,1,1,1,1
FREP-372975-Z,1,1,1,1,1,1
FREP-373003-Z,1,1,1,1,1,1
FREP-373057-Z,1,1,1,1,1,1
FREP-373102-Z,1,1,1,1,1,1
FREP-373131-Z,1,1,1,1,1,1
FREP-373144-Z,1,1,1,1,1,1
FREP-373157-Z,1,1,1,1,1,1
FREP-373168-Z,1,1,1,1,1,1
FREP-373178-Z,1,1,1,1,1,1
FREP-373184-Z,1,1,1,1,1,1
FREP-373213-Z,1,1,1,1,1,1
FREP-373231-Z,1,1,1,1,1,1
FREP-373238-Z,1,1,1,1,1,1
FREP-373245-Z,1,1,1,1,1,1
FREP-373313-Z,1,1,1,1,1,1
FREP-373322-Z,1,1,1,1,1,1
FREP-373361-Z,1,1,1,1,1,1
FREP-373385-Z,1,1,1,1,1,1
FREP-373398-Z,1,1,1,1,1,1
FREP-373421-Z,1,1,1,1,1,1
FREP-373430-Z,1,1,1,1,1,1
FREP-373435-Z,1,1,1,1,1,1
FREP-373437-Z,1,1,1,1,1,1
FREP-373443-Z,1,1,1,1,1,1
FREP-373445-Z,1,1,1,1,1,1
FREP-373451-Z,1,1,1,1,1,1
FREP-373472-Z,1,1,1,1,1,1
FREP-373501-Z,1,1,1,1,1,1
FREP-373512-Z,1,1,1,1,1,1
FREP-373542-Z,1,1,1,1,1,1
FREP-373549-Z,1,1,1,1,1,1
FREP-373577-Z,1,1,1,1,1,1
FREP-373580-Z,1,1,1,1,1,1
FREP-373598-Z,1,1,1,1,1,1
FREP-373608-Z,1,1,1,1,1,1
FREP-373613-Z,1,1,1,1,1,1
FREP-373622-Z,1,1,1,1,1,1
FREP-373623-Z,1,1,1,1,1,1
FREP-373633-Z,1,1,1,1,1,1
FREP-373649-Z,1,1,1,1,1,1
FREP-373650-Z,1,1,1,1,1,1
FREP-373668-Z,1,1,1,1,1,1
FREP-373670-Z,1,1,1,1,1,1
FREP-373694-Z,1,1,1,1,1,1
FREP-373736-Z,1,1,1,1,1,1
FREP-373738-Z,1,1,1,1,1,1
FREP-373773-Z,1,1,1,1,1,1
FREP-373779-Z,1,1,1,1,1,1
FREP-373793-Z,1,1,1,1,1,1
FREP-373800-Z,1,1,1,1,1,1
FREP-373805-Z,1,1,1,1,1,1
FREP-373813-Z,1,1,1,1,1,1
FREP-373821-Z,1,1,1,1,1,1
FREP-373837-Z,1,1,1,1,1,1
FREP-373906-Z,1,1,1,1,1,1
FREP-373920-Z,1,1,1,1,1,1
FREP-373924-Z,1,1,1,1,1,1
FREP-373963-Z,1,1,1,1,1,1
FREP-373979-Z,1,1,1,1,1,1
FREP-373988-Z,1,1,1,1,1,1
FREP-373994-Z,1,1,1,1,1,1
FREP-373995-Z,1,1,1,1,1,1
FREP-373997-Z,1,1,1,1,1,1
FREP-374011-Z,1,1,1,1,1,1
FREP-374019-Z,1,1,1,1,1,1
FREP-374103-Z,1,1,1,1,1,1
FREP-374132-Z,1,1,1,1,1,1
FREP-374232-Z,1,1,1,1,1,1
FREP-374233-Z,1,1,1,1,1,1
FREP-374243-Z,1,1,1,1,1,1
FREP-374254-Z,1,1,1,1,1,1
FREP-374258-Z,1,1,1,1,1,1
FREP-374394-Z,1,1,1,1,1,1
FREP-374403-Z,1,1,1,1,1,1
FREP-374431-Z,1,1,1,1,1,1
FREP-374465-Z,1,1,1,1,1,1
FREP-374469-Z,1,1,1,1,1,1
FREP-374470-Z,1,1,1,1,1,1
FREP-374489-Z,1,1,1,1,1,1
FREP-37450-V,1,1,1,1,1,1
FREP-374503-Z,1,1,1,1,1,1
FREP-374549-Z,1,1,1,1,1,1
FREP-374551-Z,1,1,1,1,1,1
FREP-374552-Z,1,1,1,1,1,1
FREP-374553-Z,1,1,1,1,1,1
FREP-374573-Z,1,1,1,1,1,1
FREP-374583-Z,1,1,1,1,1,1
FREP-374587-Z,1,1,1,1,1,1
FREP-374617-Z,1,1,1,1,1,1
FREP-374618-Z,1,1,1,1,1,1
FREP-374626-Z,1,1,1,1,1,1
FREP-374641-Z,1,1,1,1,1,1
FREP-374655-Z,1,1,1,1,1,1
FREP-374657-Z,1,1,1,1,1,1
FREP-374659-Z,1,1,1,1,1,1
FREP-374672-Z,1,1,1,1,1,1
FREP-374676-Z,1,1,1,1,1,1
FREP-374677-Z,1,1,1,1,1,1
FREP-374686-Z,1,1,1,1,1,1
FREP-374687-Z,1,1,1,1,1,1
FREP-374718-Z,1,1,1,1,1,1
FREP-374731-Z,1,1,1,1,1,1
FREP-374733-Z,1,1,1,1,1,1
FREP-374749-Z,1,1,1,1,1,1
FREP-374753-Z,1,1,1,1,1,1
FREP-374760-Z,1,1,1,1,1,1
FREP-374771-Z,1,1,1,1,1,1
FREP-374777-Z,1,1,1,1,1,1
FREP-374778-Z,1,1,1,1,1,1
FREP-374781-Z,1,1,1,1,1,1
FREP-374784-Z,1,1,1,1,1,1
FREP-374787-Z,1,1,1,1,1,1
FREP-374788-Z,1,1,1,1,1,1
FREP-374789-Z,1,1,1,1,1,1
FREP-374818-Z,1,1,1,1,1,1
FREP-374857-Z,1,1,1,1,1,1
FREP-374874-Z,1,1,1,1,1,1
FREP-374955-Z,1,1,1,1,1,1
FREP-374966-Z,1,1,1,1,1,1
FREP-374980-Z,1,1,1,1,1,1
FREP-375007-Z,1,1,1,1,1,1
FREP-375011-Z,1,1,1,1,1,1
FREP-375019-Z,1,1,1,1,1,1
FREP-375022-Z,1,1,1,1,1,1
FREP-375033-Z,1,1,1,1,1,1
FREP-375043-Z,1,1,1,1,1,1
FREP-375093-Z,1,1,1,1,1,1
FREP-375096-Z,1,1,1,1,1,1
FREP-375116-Z,1,1,1,1,1,1
FREP-375126-Z,1,1,1,1,1,1
FREP-375132-Z,1,1,1,1,1,1
FREP-375134-Z,1,1,1,1,1,1
FREP-375190-Z,1,1,1,1,1,1
FREP-375195-Z,1,1,1,1,1,1
FREP-375205-Z,1,1,1,1,1,1
FREP-375209-Z,1,1,1,1,1,1
FREP-375217-Z,1,1,1,1,1,1
FREP-375226-Z,1,1,1,1,1,1
FREP-375227-Z,1,1,1,1,1,1
FREP-375239-Z,1,1,1,1,1,1
FREP-375245-Z,1,1,1,1,1,1
FREP-375252-Z,1,1,1,1,1,1
FREP-375268-Z,1,1,1,1,1,1
FREP-375295-Z,1,1,1,1,1,1
FREP-375298-Z,1,1,1,1,1,1
FREP-375316-Z,1,1,1,1,1,1
FREP-375319-Z,1,1,1,1,1,1
FREP-375392-Z,1,1,1,1,1,1
FREP-375405-Z,1,1,1,1,1,1
FREP-375490-Z,1,1,1,1,1,1
FREP-375501-Z,1,1,1,1,1,1
FREP-375550-Z,1,1,1,1,1,1
FREP-375578-Z,1,1,1,1,1,1
FREP-375581-Z,1,1,1,1,1,1
FREP-375607-Z,1,1,1,1,1,1
FREP-375635-Z,1,1,1,1,1,1
FREP-375663-Z,1,1,1,1,1,1
FREP-375676-Z,1,1,1,1,1,1
FREP-375684-Z,1,1,1,1,1,1
FREP-375707-Z,1,1,1,1,1,1
FREP-375724-Z,1,1,1,1,1,1
FREP-375729-Z,1,1,1,1,1,1
FREP-375749-Z,1,1,1,1,1,1
FREP-375792-Z,1,1,1,1,1,1
FREP-375804-Z,1,1,1,1,1,1
FREP-375879-Z,1,1,1,1,1,1
FREP-375892-Z,1,1,1,1,1,1
FREP-375966-Z,1,1,1,1,1,1
FREP-375968-Z,1,1,1,1,1,1
FREP-375971-Z,1,1,1,1,1,1
FREP-375980-Z,1,1,1,1,1,1
FREP-375986-Z,1,1,1,1,1,1
FREP-375989-Z,1,1,1,1,1,1
FREP-375996-Z,1,1,1,1,1,1
FREP-376000-Z,1,1,1,1,1,1
FREP-376012-Z,1,1,1,1,1,1
FREP-376023-Z,1,1,1,1,1,1
FREP-376025-Z,1,1,1,1,1,1
FREP-376031-Z,1,1,1,1,1,1
FREP-376052-Z,1,1,1,1,1,1
FREP-376080-Z,1,1,1,1,1,1
FREP-376086-Z,1,1,1,1,1,1
FREP-376114-Z,1,1,1,1,1,1
FREP-376120-Z,1,1,1,1,1,1
FREP-376124-Z,1,1,1,1,1,1
FREP-376135-Z,1,1,1,1,1,1
FREP-376147-Z,1,1,1,1,1,1
FREP-376148-Z,1,1,1,1,1,1
FREP-376191-Z,1,1,1,1,1,1
FREP-376240-Z,1,1,1,1,1,1
FREP-376278-Z,1,1,1,1,1,1
FREP-376296-Z,1,1,1,1,1,1
FREP-376317-Z,1,1,1,1,1,1
FREP-376327-Z,1,1,1,1,1,1
FREP-376331-Z,1,1,1,1,1,1
FREP-376337-Z,1,1,1,1,1,1
FREP-376348-Z,1,1,1,1,1,1
FREP-376353-Z,1,1,1,1,1,1
FREP-376362-Z,1,1,1,1,1,1
FREP-376411-Z,1,1,1,1,1,1
FREP-376425-Z,1,1,1,1,1,1
FREP-376516-Z,1,1,1,1,1,1
FREP-376556-Z,1,1,1,1,1,1
FREP-376562-Z,1,1,1,1,1,1
FREP-376653-Z,1,1,1,1,1,1
FREP-376673-Z,1,1,1,1,1,1
FREP-376686-Z,1,1,1,1,1,1
FREP-376703-Z,1,1,1,1,1,1
FREP-376761-Z,1,1,1,1,1,1
FREP-376767-Z,1,1,1,1,1,1
FREP-376835-Z,1,1,1,1,1,1
FREP-376859-Z,1,1,1,1,1,1
FREP-376866-Z,1,1,1,1,1,1
FREP-376884-Z,1,1,1,1,1,1
FREP-376887-Z,1,1,1,1,1,1
FREP-376913-Z,1,1,1,1,1,1
FREP-376934-Z,1,1,1,1,1,1
FREP-376944-Z,1,1,1,1,1,1
FREP-376948-Z,1,1,1,1,1,1
FREP-376960-Z,1,1,1,1,1,1
FREP-376968-Z,1,1,1,1,1,1
FREP-377010-Z,1,1,1,1,1,1
FREP-377019-Z,1,1,1,1,1,1
FREP-377022-Z,1,1,1,1,1,1
FREP-377052-Z,1,1,1,1,1,1
FREP-377111-Z,1,1,1,1,1,1
FREP-377136-Z,1,1,1,1,1,1
FREP-377162-Z,1,1,1,1,1,1
FREP-377201-Z,1,1,1,1,1,1
FREP-377219-Z,1,1,1,1,1,1
FREP-377221-Z,1,1,1,1,1,1
FREP-377225-Z,1,1,1,1,1,1
FREP-377237-Z,1,1,1,1,1,1
FREP-377240-Z,1,1,1,1,1,1
FREP-377388-Z,1,1,1,1,1,1
FREP-377413-Z,1,1,1,1,1,1
FREP-377415-Z,1,1,1,1,1,1
FREP-377437-Z,1,1,1,1,1,1
FREP-377505-Z,1,1,1,1,1,1
FREP-377553-Z,1,1,1,1,1,1
FREP-377588-Z,1,1,1,1,1,1
FREP-377593-Z,1,1,1,1,1,1
FREP-377599-Z,1,1,1,1,1,1
FREP-377604-Z,1,1,1,1,1,1
FREP-377637-Z,1,1,1,1,1,1
FREP-377758-Z,1,1,1,1,1,1
FREP-377776-Z,1,1,1,1,1,1
FREP-377781-Z,1,1,1,1,1,1
FREP-377786-Z,1,1,1,1,1,1
FREP-377793-Z,1,1,1,1,1,1
FREP-377804-Z,1,1,1,1,1,1
FREP-377840-Z,1,1,1,1,1,1
FREP-377844-Z,1,1,1,1,1,1
FREP-377904-Z,1,1,1,1,1,1
FREP-377906-Z,1,1,1,1,1,1
FREP-377915-Z,1,1,1,1,1,1
FREP-377927-Z,1,1,1,1,1,1
FREP-377931-Z,1,1,1,1,1,1
FREP-377932-Z,1,1,1,1,1,1
FREP-377936-Z,1,1,1,1,1,1
FREP-377938-Z,1,1,1,1,1,1
FREP-377954-Z,1,1,1,1,1,1
FREP-377975-Z,1,1,1,1,1,1
FREP-377977-Z,1,1,1,1,1,1
FREP-377978-Z,1,1,1,1,1,1
FREP-377985-Z,1,1,1,1,1,1
FREP-377989-Z,1,1,1,1,1,1
FREP-377999-Z,1,1,1,1,1,1
FREP-378000-Z,1,1,1,1,1,1
FREP-378032-Z,1,1,1,1,1,1
FREP-378058-Z,1,1,1,1,1,1
FREP-378068-Z,1,1,1,1,1,1
FREP-378073-Z,1,1,1,1,1,1
FREP-378074-Z,1,1,1,1,1,1
FREP-378103-Z,1,1,1,1,1,1
FREP-378104-Z,1,1,1,1,1,1
FREP-378113-Z,1,1,1,1,1,1
FREP-378131-Z,1,1,1,1,1,1
FREP-378145-Z,1,1,1,1,1,1
FREP-378151-Z,1,1,1,1,1,1
FREP-378166-Z,1,1,1,1,1,1
FREP-378168-Z,1,1,1,1,1,1
FREP-378179-Z,1,1,1,1,1,1
FREP-378199-Z,1,1,1,1,1,1
FREP-378201-Z,1,1,1,1,1,1
FREP-378202-Z,1,1,1,1,1,1
FREP-378223-Z,1,1,1,1,1,1
FREP-378225-Z,1,1,1,1,1,1
FREP-378246-Z,1,1,1,1,1,1
FREP-378253-Z,1,1,1,1,1,1
FREP-378259-Z,1,1,1,1,1,1
FREP-378283-Z,1,1,1,1,1,1
FREP-378290-Z,1,1,1,1,1,1
FREP-378293-Z,1,1,1,1,1,1
FREP-3783-I,1,1,1,1,1,1
FREP-378354-Z,1,1,1,1,1,1
FREP-378369-Z,1,1,1,1,1,1
FREP-378380-Z,1,1,1,1,1,1
FREP-378392-Z,1,1,1,1,1,1
FREP-378405-Z,1,1,1,1,1,1
FREP-378409-Z,1,1,1,1,1,1
FREP-378416-Z,1,1,1,1,1,1
FREP-378417-Z,1,1,1,1,1,1
FREP-378424-Z,1,1,1,1,1,1
FREP-378430-Z,1,1,1,1,1,1
FREP-378470-Z,1,1,1,1,1,1
FREP-378488-Z,1,1,1,1,1,1
FREP-378493-Z,1,1,1,1,1,1
FREP-378512-Z,1,1,1,1,1,1
FREP-378521-Z,1,1,1,1,1,1
FREP-378585-Z,1,1,1,1,1,1
FREP-378610-Z,1,1,1,1,1,1
FREP-378634-Z,1,1,1,1,1,1
FREP-378644-Z,1,1,1,1,1,1
FREP-378648-Z,1,1,1,1,1,1
FREP-378661-Z,1,1,1,1,1,1
FREP-378714-Z,1,1,1,1,1,1
FREP-378717-Z,1,1,1,1,1,1
FREP-378724-Z,1,1,1,1,1,1
FREP-378732-Z,1,1,1,1,1,1
FREP-378735-Z,1,1,1,1,1,1
FREP-378737-Z,1,1,1,1,1,1
FREP-378747-Z,1,1,1,1,1,1
FREP-378759-Z,1,1,1,1,1,1
FREP-378760-Z,1,1,1,1,1,1
FREP-378789-Z,1,1,1,1,1,1
FREP-378836-Z,1,1,1,1,1,1
FREP-378846-Z,1,1,1,1,1,1
FREP-378875-Z,1,1,1,1,1,1
FREP-378906-Z,1,1,1,1,1,1
FREP-378929-Z,1,1,1,1,1,1
FREP-378933-Z,1,1,1,1,1,1
FREP-378942-Z,1,1,1,1,1,1
FREP-378954-Z,1,1,1,1,1,1
FREP-378963-Z,1,1,1,1,1,1
FREP-378969-Z,1,1,1,1,1,1
FREP-378978-Z,1,1,1,1,1,1
FREP-378979-Z,1,1,1,1,1,1
FREP-378982-Z,1,1,1,1,1,1
FREP-378991-Z,1,1,1,1,1,1
FREP-378994-Z,1,1,1,1,1,1
FREP-379089-Z,1,1,1,1,1,1
FREP-379100-Z,1,1,1,1,1,1
FREP-379152-Z,1,1,1,1,1,1
FREP-379153-Z,1,1,1,1,1,1
FREP-379163-Z,1,1,1,1,1,1
FREP-379168-Z,1,1,1,1,1,1
FREP-379174-Z,1,1,1,1,1,1
FREP-379178-Z,1,1,1,1,1,1
FREP-379184-Z,1,1,1,1,1,1
FREP-379190-Z,1,1,1,1,1,1
FREP-379211-Z,1,1,1,1,1,1
FREP-379221-Z,1,1,1,1,1,1
FREP-379235-Z,1,1,1,1,1,1
FREP-379264-Z,1,1,1,1,1,1
FREP-379296-Z,1,1,1,1,1,1
FREP-379299-Z,1,1,1,1,1,1
FREP-379318-Z,1,1,1,1,1,1
FREP-379350-Z,1,1,1,1,1,1
FREP-379359-Z,1,1,1,1,1,1
FREP-379371-Z,1,1,1,1,1,1
FREP-379390-Z,1,1,1,1,1,1
FREP-379398-Z,1,1,1,1,1,1
FREP-379412-Z,1,1,1,1,1,1
FREP-379420-Z,1,1,1,1,1,1
FREP-379427-Z,1,1,1,1,1,1
FREP-379439-Z,1,1,1,1,1,1
FREP-379447-Z,1,1,1,1,1,1
FREP-379451-Z,1,1,1,1,1,1
FREP-379454-Z,1,1,1,1,1,1
FREP-379520-Z,1,1,1,1,1,1
FREP-379523-Z,1,1,1,1,1,1
FREP-379525-Z,1,1,1,1,1,1
FREP-379527-Z,1,1,1,1,1,1
FREP-379531-Z,1,1,1,1,1,1
FREP-379533-Z,1,1,1,1,1,1
FREP-379536-Z,1,1,1,1,1,1
FREP-379537-Z,1,1,1,1,1,1
FREP-379559-Z,1,1,1,1,1,1
FREP-379573-Z,1,1,1,1,1,1
FREP-379587-Z,1,1,1,1,1,1
FREP-379605-Z,1,1,1,1,1,1
FREP-379609-Z,1,1,1,1,1,1
FREP-379623-Z,1,1,1,1,1,1
FREP-379633-Z,1,1,1,1,1,1
FREP-379648-Z,1,1,1,1,1,1
FREP-379649-Z,1,1,1,1,1,1
FREP-379656-Z,1,1,1,1,1,1
FREP-379658-Z,1,1,1,1,1,1
FREP-379661-Z,1,1,1,1,1,1
FREP-379669-Z,1,1,1,1,1,1
FREP-379674-Z,1,1,1,1,1,1
FREP-379676-Z,1,1,1,1,1,1
FREP-379684-Z,1,1,1,1,1,1
FREP-379685-Z,1,1,1,1,1,1
FREP-379688-Z,1,1,1,1,1,1
FREP-379689-Z,1,1,1,1,1,1
FREP-379692-Z,1,1,1,1,1,1
FREP-379696-Z,1,1,1,1,1,1
FREP-379697-Z,1,1,1,1,1,1
FREP-379698-Z,1,1,1,1,1,1
FREP-379700-Z,1,1,1,1,1,1
FREP-379702-Z,1,1,1,1,1,1
FREP-379705-Z,1,1,1,1,1,1
FREP-379711-Z,1,1,1,1,1,1
FREP-379787-Z,1,1,1,1,1,1
FREP-379793-Z,1,1,1,1,1,1
FREP-379816-Z,1,1,1,1,1,1
FREP-379818-Z,1,1,1,1,1,1
FREP-379838-Z,1,1,1,1,1,1
FREP-379890-Z,1,1,1,1,1,1
FREP-379953-Z,1,1,1,1,1,1
FREP-379969-Z,1,1,1,1,1,1
FREP-379970-Z,1,1,1,1,1,1
FREP-379976-Z,1,1,1,1,1,1
FREP-379983-Z,1,1,1,1,1,1
FREP-379991-Z,1,1,1,1,1,1
FREP-380015-Z,1,1,1,1,1,1
FREP-380023-Z,1,1,1,1,1,1
FREP-380025-Z,1,1,1,1,1,1
FREP-380043-Z,1,1,1,1,1,1
FREP-380079-Z,1,1,1,1,1,1
FREP-380080-Z,1,1,1,1,1,1
FREP-380112-Z,1,1,1,1,1,1
FREP-380126-Z,1,1,1,1,1,1
FREP-380138-Z,1,1,1,1,1,1
FREP-380212-Z,1,1,1,1,1,1
FREP-380219-Z,1,1,1,1,1,1
FREP-380280-Z,1,1,1,1,1,1
FREP-380293-Z,1,1,1,1,1,1
FREP-380318-Z,1,1,1,1,1,1
FREP-380329-Z,1,1,1,1,1,1
FREP-380330-Z,1,1,1,1,1,1
FREP-380333-Z,1,1,1,1,1,1
FREP-380336-Z,1,1,1,1,1,1
FREP-380339-Z,1,1,1,1,1,1
FREP-380352-Z,1,1,1,1,1,1
FREP-380353-Z,1,1,1,1,1,1
FREP-380369-Z,1,1,1,1,1,1
FREP-380434-Z,1,1,1,1,1,1
FREP-380437-Z,1,1,1,1,1,1
FREP-380448-Z,1,1,1,1,1,1
FREP-380462-Z,1,1,1,1,1,1
FREP-380519-Z,1,1,1,1,1,1
FREP-380544-Z,1,1,1,1,1,1
FREP-380547-Z,1,1,1,1,1,1
FREP-380549-Z,1,1,1,1,1,1
FREP-380611-Z,1,1,1,1,1,1
FREP-380624-Z,1,1,1,1,1,1
FREP-380662-Z,1,1,1,1,1,1
FREP-380663-Z,1,1,1,1,1,1
FREP-380683-Z,1,1,1,1,1,1
FREP-380720-Z,1,1,1,1,1,1
FREP-380723-Z,1,1,1,1,1,1
FREP-380724-Z,1,1,1,1,1,1
FREP-380730-Z,1,1,1,1,1,1
FREP-380735-Z,1,1,1,1,1,1
FREP-380737-Z,1,1,1,1,1,1
FREP-380750-Z,1,1,1,1,1,1
FREP-380758-Z,1,1,1,1,1,1
FREP-380770-Z,1,1,1,1,1,1
FREP-380785-Z,1,1,1,1,1,1
FREP-380797-Z,1,1,1,1,1,1
FREP-380820-Z,1,1,1,1,1,1
FREP-380826-Z,1,1,1,1,1,1
FREP-380878-Z,1,1,1,1,1,1
FREP-380884-Z,1,1,1,1,1,1
FREP-380887-Z,1,1,1,1,1,1
FREP-380930-Z,1,1,1,1,1,1
FREP-380968-Z,1,1,1,1,1,1
FREP-380970-Z,1,1,1,1,1,1
FREP-380972-Z,1,1,1,1,1,1
FREP-380992-Z,1,1,1,1,1,1
FREP-381026-Z,1,1,1,1,1,1
FREP-381040-Z,1,1,1,1,1,1
FREP-381044-Z,1,1,1,1,1,1
FREP-381047-Z,1,1,1,1,1,1
FREP-381066-Z,1,1,1,1,1,1
FREP-381076-Z,1,1,1,1,1,1
FREP-381087-Z,1,1,1,1,1,1
FREP-381090-Z,1,1,1,1,1,1
FREP-381122-Z,1,1,1,1,1,1
FREP-381126-Z,1,1,1,1,1,1
FREP-381129-Z,1,1,1,1,1,1
FREP-381130-Z,1,1,1,1,1,1
FREP-381134-Z,1,1,1,1,1,1
FREP-381135-Z,1,1,1,1,1,1
FREP-381136-Z,1,1,1,1,1,1
FREP-381163-Z,1,1,1,1,1,1
FREP-381164-Z,1,1,1,1,1,1
FREP-381169-Z,1,1,1,1,1,1
FREP-381181-Z,1,1,1,1,1,1
FREP-381194-Z,1,1,1,1,1,1
FREP-381204-Z,1,1,1,1,1,1
FREP-381211-Z,1,1,1,1,1,1
FREP-381218-Z,1,1,1,1,1,1
FREP-381242-Z,1,1,1,1,1,1
FREP-381254-Z,1,1,1,1,1,1
FREP-381259-Z,1,1,1,1,1,1
FREP-381265-Z,1,1,1,1,1,1
FREP-381285-Z,1,1,1,1,1,1
FREP-381349-Z,1,1,1,1,1,1
FREP-381350-Z,1,1,1,1,1,1
FREP-381353-Z,1,1,1,1,1,1
FREP-381386-Z,1,1,1,1,1,1
FREP-381394-Z,1,1,1,1,1,1
FREP-381454-Z,1,1,1,1,1,1
FREP-381523-Z,1,1,1,1,1,1
FREP-381539-Z,1,1,1,1,1,1
FREP-381590-Z,1,1,1,1,1,1
FREP-381603-Z,1,1,1,1,1,1
FREP-381604-Z,1,1,1,1,1,1
FREP-381669-Z,1,1,1,1,1,1
FREP-381716-Z,1,1,1,1,1,1
FREP-381768-Z,1,1,1,1,1,1
FREP-381798-Z,1,1,1,1,1,1
FREP-381801-Z,1,1,1,1,1,1
FREP-381818-Z,1,1,1,1,1,1
FREP-381829-Z,1,1,1,1,1,1
FREP-381873-Z,1,1,1,1,1,1
FREP-381955-Z,1,1,1,1,1,1
FREP-381961-Z,1,1,1,1,1,1
FREP-381991-Z,1,1,1,1,1,1
FREP-381995-Z,1,1,1,1,1,1
FREP-382016-Z,1,1,1,1,1,1
FREP-382022-Z,1,1,1,1,1,1
FREP-382036-Z,1,1,1,1,1,1
FREP-382040-Z,1,1,1,1,1,1
FREP-382044-Z,1,1,1,1,1,1
FREP-382046-Z,1,1,1,1,1,1
FREP-382051-Z,1,1,1,1,1,1
FREP-382053-Z,1,1,1,1,1,1
FREP-382060-Z,1,1,1,1,1,1
FREP-382065-Z,1,1,1,1,1,1
FREP-382066-Z,1,1,1,1,1,1
FREP-382070-Z,1,1,1,1,1,1
FREP-382072-Z,1,1,1,1,1,1
FREP-382075-Z,1,1,1,1,1,1
FREP-382078-Z,1,1,1,1,1,1
FREP-382084-Z,1,1,1,1,1,1
FREP-382087-Z,1,1,1,1,1,1
FREP-382090-Z,1,1,1,1,1,1
FREP-382093-Z,1,1,1,1,1,1
FREP-382100-Z,1,1,1,1,1,1
FREP-382114-Z,1,1,1,1,1,1
FREP-382118-Z,1,1,1,1,1,1
FREP-382122-Z,1,1,1,1,1,1
FREP-382131-Z,1,1,1,1,1,1
FREP-382135-Z,1,1,1,1,1,1
FREP-382143-Z,1,1,1,1,1,1
FREP-382147-Z,1,1,1,1,1,1
FREP-382157-Z,1,1,1,1,1,1
FREP-382168-Z,1,1,1,1,1,1
FREP-382232-Z,1,1,1,1,1,1
FREP-382258-Z,1,1,1,1,1,1
FREP-382317-Z,1,1,1,1,1,1
FREP-382329-Z,1,1,1,1,1,1
FREP-382364-Z,1,1,1,1,1,1
FREP-382397-Z,1,1,1,1,1,1
FREP-382405-Z,1,1,1,1,1,1
FREP-382423-Z,1,1,1,1,1,1
FREP-382493-Z,1,1,1,1,1,1
FREP-382509-Z,1,1,1,1,1,1
FREP-382557-Z,1,1,1,1,1,1
FREP-382579-Z,1,1,1,1,1,1
FREP-382593-Z,1,1,1,1,1,1
FREP-382626-Z,1,1,1,1,1,1
FREP-382629-Z,1,1,1,1,1,1
FREP-382631-Z,1,1,1,1,1,1
FREP-382653-Z,1,1,1,1,1,1
FREP-382679-Z,1,1,1,1,1,1
FREP-382690-Z,1,1,1,1,1,1
FREP-382693-Z,1,1,1,1,1,1
FREP-382700-Z,1,1,1,1,1,1
FREP-382724-Z,1,1,1,1,1,1
FREP-382725-Z,1,1,1,1,1,1
FREP-382730-Z,1,1,1,1,1,1
FREP-382735-Z,1,1,1,1,1,1
FREP-382741-Z,1,1,1,1,1,1
FREP-382770-Z,1,1,1,1,1,1
FREP-382773-Z,1,1,1,1,1,1
FREP-382805-Z,1,1,1,1,1,1
FREP-382824-Z,1,1,1,1,1,1
FREP-382832-Z,1,1,1,1,1,1
FREP-382846-Z,1,1,1,1,1,1
FREP-382881-Z,1,1,1,1,1,1
FREP-382924-Z,1,1,1,1,1,1
FREP-382950-Z,1,1,1,1,1,1
FREP-382975-Z,1,1,1,1,1,1
FREP-382978-Z,1,1,1,1,1,1
FREP-382997-Z,1,1,1,1,1,1
FREP-383001-Z,1,1,1,1,1,1
FREP-383051-Z,1,1,1,1,1,1
FREP-383059-Z,1,1,1,1,1,1
FREP-383212-Z,1,1,1,1,1,1
FREP-383233-Z,1,1,1,1,1,1
FREP-383271-Z,1,1,1,1,1,1
FREP-383277-Z,1,1,1,1,1,1
FREP-383281-Z,1,1,1,1,1,1
FREP-383288-Z,1,1,1,1,1,1
FREP-383289-Z,1,1,1,1,1,1
FREP-383290-Z,1,1,1,1,1,1
FREP-383293-Z,1,1,1,1,1,1
FREP-383303-Z,1,1,1,1,1,1
FREP-383317-Z,1,1,1,1,1,1
FREP-383318-Z,1,1,1,1,1,1
FREP-383322-Z,1,1,1,1,1,1
FREP-383331-Z,1,1,1,1,1,1
FREP-383341-Z,1,1,1,1,1,1
FREP-383347-Z,1,1,1,1,1,1
FREP-383350-Z,1,1,1,1,1,1
FREP-383353-Z,1,1,1,1,1,1
FREP-383358-Z,1,1,1,1,1,1
FREP-383359-Z,1,1,1,1,1,1
FREP-383361-Z,1,1,1,1,1,1
FREP-383365-Z,1,1,1,1,1,1
FREP-383371-Z,1,1,1,1,1,1
FREP-383381-Z,1,1,1,1,1,1
FREP-383387-Z,1,1,1,1,1,1
FREP-383389-Z,1,1,1,1,1,1
FREP-383391-Z,1,1,1,1,1,1
FREP-383392-Z,1,1,1,1,1,1
FREP-383393-Z,1,1,1,1,1,1
FREP-383396-Z,1,1,1,1,1,1
FREP-383400-Z,1,1,1,1,1,1
FREP-383414-Z,1,1,1,1,1,1
FREP-383418-Z,1,1,1,1,1,1
FREP-383426-Z,1,1,1,1,1,1
FREP-383435-Z,1,1,1,1,1,1
FREP-383449-Z,1,1,1,1,1,1
FREP-383460-Z,1,1,1,1,1,1
FREP-383495-Z,1,1,1,1,1,1
FREP-383544-Z,1,1,1,1,1,1
FREP-383588-Z,1,1,1,1,1,1
FREP-383612-Z,1,1,1,1,1,1
FREP-383639-Z,1,1,1,1,1,1
FREP-383651-Z,1,1,1,1,1,1
FREP-383684-Z,1,1,1,1,1,1
FREP-383697-Z,1,1,1,1,1,1
FREP-383711-Z,1,1,1,1,1,1
FREP-383714-Z,1,1,1,1,1,1
FREP-383723-Z,1,1,1,1,1,1
FREP-383724-Z,1,1,1,1,1,1
FREP-383768-Z,1,1,1,1,1,1
FREP-383770-Z,1,1,1,1,1,1
FREP-383816-Z,1,1,1,1,1,1
FREP-383844-Z,1,1,1,1,1,1
FREP-383877-Z,1,1,1,1,1,1
FREP-383883-Z,1,1,1,1,1,1
FREP-383936-Z,1,1,1,1,1,1
FREP-383946-Z,1,1,1,1,1,1
FREP-383966-Z,1,1,1,1,1,1
FREP-383971-Z,1,1,1,1,1,1
FREP-383985-Z,1,1,1,1,1,1
FREP-383990-Z,1,1,1,1,1,1
FREP-384015-Z,1,1,1,1,1,1
FREP-384027-Z,1,1,1,1,1,1
FREP-384036-Z,1,1,1,1,1,1
FREP-384047-Z,1,1,1,1,1,1
FREP-384060-Z,1,1,1,1,1,1
FREP-384062-Z,1,1,1,1,1,1
FREP-384066-Z,1,1,1,1,1,1
FREP-384067-Z,1,1,1,1,1,1
FREP-384073-Z,1,1,1,1,1,1
FREP-384091-Z,1,1,1,1,1,1
FREP-384115-Z,1,1,1,1,1,1
FREP-384130-Z,1,1,1,1,1,1
FREP-384131-Z,1,1,1,1,1,1
FREP-384150-Z,1,1,1,1,1,1
FREP-384158-Z,1,1,1,1,1,1
FREP-384159-Z,1,1,1,1,1,1
FREP-384166-Z,1,1,1,1,1,1
FREP-384175-Z,1,1,1,1,1,1
FREP-384185-Z,1,1,1,1,1,1
FREP-384198-Z,1,1,1,1,1,1
FREP-384206-Z,1,1,1,1,1,1
FREP-384217-Z,1,1,1,1,1,1
FREP-384289-Z,1,1,1,1,1,1
FREP-384315-Z,1,1,1,1,1,1
FREP-384446-Z,1,1,1,1,1,1
FREP-384461-Z,1,1,1,1,1,1
FREP-384468-Z,1,1,1,1,1,1
FREP-384469-Z,1,1,1,1,1,1
FREP-384474-Z,1,1,1,1,1,1
FREP-384488-Z,1,1,1,1,1,1
FREP-384491-Z,1,1,1,1,1,1
FREP-384492-Z,1,1,1,1,1,1
FREP-384494-Z,1,1,1,1,1,1
FREP-384549-Z,1,1,1,1,1,1
FREP-384608-Z,1,1,1,1,1,1
FREP-384620-Z,1,1,1,1,1,1
FREP-384623-Z,1,1,1,1,1,1
FREP-384637-Z,1,1,1,1,1,1
FREP-384697-Z,1,1,1,1,1,1
FREP-384698-Z,1,1,1,1,1,1
FREP-384700-Z,1,1,1,1,1,1
FREP-384715-Z,1,1,1,1,1,1
FREP-384727-Z,1,1,1,1,1,1
FREP-384734-Z,1,1,1,1,1,1
FREP-384825-Z,1,1,1,1,1,1
FREP-384830-Z,1,1,1,1,1,1
FREP-384914-Z,1,1,1,1,1,1
FREP-384931-Z,1,1,1,1,1,1
FREP-384934-Z,1,1,1,1,1,1
FREP-384947-Z,1,1,1,1,1,1
FREP-384957-Z,1,1,1,1,1,1
FREP-384965-Z,1,1,1,1,1,1
FREP-384969-Z,1,1,1,1,1,1
FREP-384974-Z,1,1,1,1,1,1
FREP-384983-Z,1,1,1,1,1,1
FREP-384992-Z,1,1,1,1,1,1
FREP-384998-Z,1,1,1,1,1,1
FREP-385002-Z,1,1,1,1,1,1
FREP-385088-Z,1,1,1,1,1,1
FREP-385099-Z,1,1,1,1,1,1
FREP-385152-Z,1,1,1,1,1,1
FREP-385281-Z,1,1,1,1,1,1
FREP-385296-Z,1,1,1,1,1,1
FREP-385297-Z,1,1,1,1,1,1
FREP-385320-Z,1,1,1,1,1,1
FREP-385334-Z,1,1,1,1,1,1
FREP-385343-Z,1,1,1,1,1,1
FREP-385348-Z,1,1,1,1,1,1
FREP-385400-Z,1,1,1,1,1,1
FREP-385411-Z,1,1,1,1,1,1
FREP-385433-Z,1,1,1,1,1,1
FREP-385471-Z,1,1,1,1,1,1
FREP-385483-Z,1,1,1,1,1,1
FREP-385487-Z,1,1,1,1,1,1
FREP-385515-Z,1,1,1,1,1,1
FREP-385526-Z,1,1,1,1,1,1
FREP-385570-Z,1,1,1,1,1,1
FREP-385573-Z,1,1,1,1,1,1
FREP-385582-Z,1,1,1,1,1,1
FREP-385591-Z,1,1,1,1,1,1
FREP-385656-Z,1,1,1,1,1,1
FREP-385661-Z,1,1,1,1,1,1
FREP-385663-Z,1,1,1,1,1,1
FREP-385665-Z,1,1,1,1,1,1
FREP-385720-Z,1,1,1,1,1,1
FREP-385728-Z,1,1,1,1,1,1
FREP-385732-Z,1,1,1,1,1,1
FREP-385737-Z,1,1,1,1,1,1
FREP-385745-Z,1,1,1,1,1,1
FREP-385746-Z,1,1,1,1,1,1
FREP-385760-Z,1,1,1,1,1,1
FREP-385761-Z,1,1,1,1,1,1
FREP-385813-Z,1,1,1,1,1,1
FREP-385823-Z,1,1,1,1,1,1
FREP-385838-Z,1,1,1,1,1,1
FREP-385866-Z,1,1,1,1,1,1
FREP-385876-Z,1,1,1,1,1,1
FREP-385879-Z,1,1,1,1,1,1
FREP-385895-Z,1,1,1,1,1,1
FREP-385931-Z,1,1,1,1,1,1
FREP-385935-Z,1,1,1,1,1,1
FREP-385939-Z,1,1,1,1,1,1
FREP-385943-Z,1,1,1,1,1,1
FREP-385973-Z,1,1,1,1,1,1
FREP-386007-Z,1,1,1,1,1,1
FREP-386010-Z,1,1,1,1,1,1
FREP-386036-Z,1,1,1,1,1,1
FREP-386052-Z,1,1,1,1,1,1
FREP-386140-Z,1,1,1,1,1,1
FREP-386143-Z,1,1,1,1,1,1
FREP-386158-Z,1,1,1,1,1,1
FREP-386189-Z,1,1,1,1,1,1
FREP-386197-Z,1,1,1,1,1,1
FREP-386227-Z,1,1,1,1,1,1
FREP-386231-Z,1,1,1,1,1,1
FREP-386234-Z,1,1,1,1,1,1
FREP-386243-Z,1,1,1,1,1,1
FREP-386318-Z,1,1,1,1,1,1
FREP-386347-Z,1,1,1,1,1,1
FREP-386351-Z,1,1,1,1,1,1
FREP-386357-Z,1,1,1,1,1,1
FREP-386382-Z,1,1,1,1,1,1
FREP-386389-Z,1,1,1,1,1,1
FREP-386420-Z,1,1,1,1,1,1
FREP-386446-Z,1,1,1,1,1,1
FREP-386463-Z,1,1,1,1,1,1
FREP-386480-Z,1,1,1,1,1,1
FREP-386481-Z,1,1,1,1,1,1
FREP-386520-Z,1,1,1,1,1,1
FREP-386575-Z,1,1,1,1,1,1
FREP-386586-Z,1,1,1,1,1,1
FREP-386601-Z,1,1,1,1,1,1
FREP-386607-Z,1,1,1,1,1,1
FREP-386657-Z,1,1,1,1,1,1
FREP-386687-Z,1,1,1,1,1,1
FREP-386699-Z,1,1,1,1,1,1
FREP-386703-Z,1,1,1,1,1,1
FREP-386715-Z,1,1,1,1,1,1
FREP-386720-Z,1,1,1,1,1,1
FREP-386721-Z,1,1,1,1,1,1
FREP-386722-Z,1,1,1,1,1,1
FREP-386729-Z,1,1,1,1,1,1
FREP-386771-Z,1,1,1,1,1,1
FREP-386777-Z,1,1,1,1,1,1
FREP-386792-Z,1,1,1,1,1,1
FREP-386820-Z,1,1,1,1,1,1
FREP-386821-Z,1,1,1,1,1,1
FREP-386825-Z,1,1,1,1,1,1
FREP-386843-Z,1,1,1,1,1,1
FREP-386849-Z,1,1,1,1,1,1
FREP-386955-Z,1,1,1,1,1,1
FREP-387012-Z,1,1,1,1,1,1
FREP-387040-Z,1,1,1,1,1,1
FREP-387042-Z,1,1,1,1,1,1
FREP-387051-Z,1,1,1,1,1,1
FREP-387078-Z,1,1,1,1,1,1
FREP-387085-Z,1,1,1,1,1,1
FREP-387094-Z,1,1,1,1,1,1
FREP-387130-Z,1,1,1,1,1,1
FREP-387156-Z,1,1,1,1,1,1
FREP-387264-Z,1,1,1,1,1,1
FREP-387309-Z,1,1,1,1,1,1
FREP-387333-Z,1,1,1,1,1,1
FREP-387358-Z,1,1,1,1,1,1
FREP-387407-Z,1,1,1,1,1,1
FREP-387418-Z,1,1,1,1,1,1
FREP-387471-Z,1,1,1,1,1,1
FREP-387533-Z,1,1,1,1,1,1
FREP-387550-Z,1,1,1,1,1,1
FREP-387581-Z,1,1,1,1,1,1
FREP-387586-Z,1,1,1,1,1,1
FREP-387587-Z,1,1,1,1,1,1
FREP-387588-Z,1,1,1,1,1,1
FREP-387590-Z,1,1,1,1,1,1
FREP-387600-Z,1,1,1,1,1,1
FREP-387603-Z,1,1,1,1,1,1
FREP-387606-Z,1,1,1,1,1,1
FREP-387613-Z,1,1,1,1,1,1
FREP-387619-Z,1,1,1,1,1,1
FREP-387632-Z,1,1,1,1,1,1
FREP-387640-Z,1,1,1,1,1,1
FREP-387653-Z,1,1,1,1,1,1
FREP-387688-Z,1,1,1,1,1,1
FREP-387710-Z,1,1,1,1,1,1
FREP-387767-Z,1,1,1,1,1,1
FREP-387783-Z,1,1,1,1,1,1
FREP-387793-Z,1,1,1,1,1,1
FREP-3878-I,1,1,1,1,1,1
FREP-387805-Z,1,1,1,1,1,1
FREP-387828-Z,1,1,1,1,1,1
FREP-387837-Z,1,1,1,1,1,1
FREP-387854-Z,1,1,1,1,1,1
FREP-387878-Z,1,1,1,1,1,1
FREP-387885-Z,1,1,1,1,1,1
FREP-387886-Z,1,1,1,1,1,1
FREP-387889-Z,1,1,1,1,1,1
FREP-387900-Z,1,1,1,1,1,1
FREP-387902-Z,1,1,1,1,1,1
FREP-387917-Z,1,1,1,1,1,1
FREP-387925-Z,1,1,1,1,1,1
FREP-388046-Z,1,1,1,1,1,1
FREP-388079-Z,1,1,1,1,1,1
FREP-388132-Z,1,1,1,1,1,1
FREP-388135-Z,1,1,1,1,1,1
FREP-388137-Z,1,1,1,1,1,1
FREP-388145-Z,1,1,1,1,1,1
FREP-388154-Z,1,1,1,1,1,1
FREP-388203-Z,1,1,1,1,1,1
FREP-388219-Z,1,1,1,1,1,1
FREP-388227-Z,1,1,1,1,1,1
FREP-388250-Z,1,1,1,1,1,1
FREP-388261-Z,1,1,1,1,1,1
FREP-388268-Z,1,1,1,1,1,1
FREP-388271-Z,1,1,1,1,1,1
FREP-388274-Z,1,1,1,1,1,1
FREP-388283-Z,1,1,1,1,1,1
FREP-388292-Z,1,1,1,1,1,1
FREP-388295-Z,1,1,1,1,1,1
FREP-388299-Z,1,1,1,1,1,1
FREP-388400-Z,1,1,1,1,1,1
FREP-388405-Z,1,1,1,1,1,1
FREP-388411-Z,1,1,1,1,1,1
FREP-388412-Z,1,1,1,1,1,1
FREP-388414-Z,1,1,1,1,1,1
FREP-388415-Z,1,1,1,1,1,1
FREP-388417-Z,1,1,1,1,1,1
FREP-388419-Z,1,1,1,1,1,1
FREP-388434-Z,1,1,1,1,1,1
FREP-388437-Z,1,1,1,1,1,1
FREP-388439-Z,1,1,1,1,1,1
FREP-388452-Z,1,1,1,1,1,1
FREP-388470-Z,1,1,1,1,1,1
FREP-388486-Z,1,1,1,1,1,1
FREP-388491-Z,1,1,1,1,1,1
FREP-388582-Z,1,1,1,1,1,1
FREP-388659-Z,1,1,1,1,1,1
FREP-388668-Z,1,1,1,1,1,1
FREP-388671-Z,1,1,1,1,1,1
FREP-388672-Z,1,1,1,1,1,1
FREP-388674-Z,1,1,1,1,1,1
FREP-388699-Z,1,1,1,1,1,1
FREP-388756-Z,1,1,1,1,1,1
FREP-388775-Z,1,1,1,1,1,1
FREP-388796-Z,1,1,1,1,1,1
FREP-388894-Z,1,1,1,1,1,1
FREP-388895-Z,1,1,1,1,1,1
FREP-388905-Z,1,1,1,1,1,1
FREP-388916-Z,1,1,1,1,1,1
FREP-388917-Z,1,1,1,1,1,1
FREP-388923-Z,1,1,1,1,1,1
FREP-388926-Z,1,1,1,1,1,1
FREP-388931-Z,1,1,1,1,1,1
FREP-388939-Z,1,1,1,1,1,1
FREP-388940-Z,1,1,1,1,1,1
FREP-388952-Z,1,1,1,1,1,1
FREP-389024-Z,1,1,1,1,1,1
FREP-389032-Z,1,1,1,1,1,1
FREP-389036-Z,1,1,1,1,1,1
FREP-389087-Z,1,1,1,1,1,1
FREP-389121-Z,1,1,1,1,1,1
FREP-389144-Z,1,1,1,1,1,1
FREP-389169-Z,1,1,1,1,1,1
FREP-389192-Z,1,1,1,1,1,1
FREP-389199-Z,1,1,1,1,1,1
FREP-389214-Z,1,1,1,1,1,1
FREP-389222-Z,1,1,1,1,1,1
FREP-389224-Z,1,1,1,1,1,1
FREP-389312-Z,1,1,1,1,1,1
FREP-389353-Z,1,1,1,1,1,1
FREP-389415-Z,1,1,1,1,1,1
FREP-389427-Z,1,1,1,1,1,1
FREP-389476-Z,1,1,1,1,1,1
FREP-389493-Z,1,1,1,1,1,1
FREP-389503-Z,1,1,1,1,1,1
FREP-389508-Z,1,1,1,1,1,1
FREP-389522-Z,1,1,1,1,1,1
FREP-389523-Z,1,1,1,1,1,1
FREP-389524-Z,1,1,1,1,1,1
FREP-389537-Z,1,1,1,1,1,1
FREP-389540-Z,1,1,1,1,1,1
FREP-389555-Z,1,1,1,1,1,1
FREP-389582-Z,1,1,1,1,1,1
FREP-389584-Z,1,1,1,1,1,1
FREP-389602-Z,1,1,1,1,1,1
FREP-389607-Z,1,1,1,1,1,1
FREP-389707-Z,1,1,1,1,1,1
FREP-389730-Z,1,1,1,1,1,1
FREP-389737-Z,1,1,1,1,1,1
FREP-389742-Z,1,1,1,1,1,1
FREP-389748-Z,1,1,1,1,1,1
FREP-389752-Z,1,1,1,1,1,1
FREP-389758-Z,1,1,1,1,1,1
FREP-389759-Z,1,1,1,1,1,1
FREP-389795-Z,1,1,1,1,1,1
FREP-389805-Z,1,1,1,1,1,1
FREP-389823-Z,1,1,1,1,1,1
FREP-389824-Z,1,1,1,1,1,1
FREP-389825-Z,1,1,1,1,1,1
FREP-389830-Z,1,1,1,1,1,1
FREP-389837-Z,1,1,1,1,1,1
FREP-389840-Z,1,1,1,1,1,1
FREP-389852-Z,1,1,1,1,1,1
FREP-389875-Z,1,1,1,1,1,1
FREP-389883-Z,1,1,1,1,1,1
FREP-389887-Z,1,1,1,1,1,1
FREP-389894-Z,1,1,1,1,1,1
FREP-389900-Z,1,1,1,1,1,1
FREP-389949-Z,1,1,1,1,1,1
FREP-389954-Z,1,1,1,1,1,1
FREP-389961-Z,1,1,1,1,1,1
FREP-389981-Z,1,1,1,1,1,1
FREP-389984-Z,1,1,1,1,1,1
FREP-389986-Z,1,1,1,1,1,1
FREP-389991-Z,1,1,1,1,1,1
FREP-389994-Z,1,1,1,1,1,1
FREP-390000-Z,1,1,1,1,1,1
FREP-390007-Z,1,1,1,1,1,1
FREP-390042-Z,1,1,1,1,1,1
FREP-390045-Z,1,1,1,1,1,1
FREP-390060-Z,1,1,1,1,1,1
FREP-390107-Z,1,1,1,1,1,1
FREP-390110-Z,1,1,1,1,1,1
FREP-390135-Z,1,1,1,1,1,1
FREP-390204-Z,1,1,1,1,1,1
FREP-390221-Z,1,1,1,1,1,1
FREP-390239-Z,1,1,1,1,1,1
FREP-390354-Z,1,1,1,1,1,1
FREP-390403-Z,1,1,1,1,1,1
FREP-390484-Z,1,1,1,1,1,1
FREP-390610-Z,1,1,1,1,1,1
FREP-390614-Z,1,1,1,1,1,1
FREP-390629-Z,1,1,1,1,1,1
FREP-390669-Z,1,1,1,1,1,1
FREP-390695-Z,1,1,1,1,1,1
FREP-390734-Z,1,1,1,1,1,1
FREP-390736-Z,1,1,1,1,1,1
FREP-390743-Z,1,1,1,1,1,1
FREP-390751-Z,1,1,1,1,1,1
FREP-390813-Z,1,1,1,1,1,1
FREP-390834-Z,1,1,1,1,1,1
FREP-390867-Z,1,1,1,1,1,1
FREP-390904-Z,1,1,1,1,1,1
FREP-391032-Z,1,1,1,1,1,1
FREP-391050-Z,1,1,1,1,1,1
FREP-391070-Z,1,1,1,1,1,1
FREP-391088-Z,1,1,1,1,1,1
FREP-391098-Z,1,1,1,1,1,1
FREP-391108-Z,1,1,1,1,1,1
FREP-391152-Z,1,1,1,1,1,1
FREP-391194-Z,1,1,1,1,1,1
FREP-391195-Z,1,1,1,1,1,1
FREP-3912-I,1,1,1,1,1,1
FREP-391215-Z,1,1,1,1,1,1
FREP-391236-Z,1,1,1,1,1,1
FREP-391246-Z,1,1,1,1,1,1
FREP-391270-Z,1,1,1,1,1,1
FREP-391284-Z,1,1,1,1,1,1
FREP-391292-Z,1,1,1,1,1,1
FREP-391296-Z,1,1,1,1,1,1
FREP-391299-Z,1,1,1,1,1,1
FREP-391330-Z,1,1,1,1,1,1
FREP-391338-Z,1,1,1,1,1,1
FREP-391359-Z,1,1,1,1,1,1
FREP-391362-Z,1,1,1,1,1,1
FREP-391382-Z,1,1,1,1,1,1
FREP-391393-Z,1,1,1,1,1,1
FREP-391399-Z,1,1,1,1,1,1
FREP-391411-Z,1,1,1,1,1,1
FREP-391412-Z,1,1,1,1,1,1
FREP-391428-Z,1,1,1,1,1,1
FREP-391433-Z,1,1,1,1,1,1
FREP-391465-Z,1,1,1,1,1,1
FREP-391492-Z,1,1,1,1,1,1
FREP-391494-Z,1,1,1,1,1,1
FREP-391504-Z,1,1,1,1,1,1
FREP-391506-Z,1,1,1,1,1,1
FREP-391523-Z,1,1,1,1,1,1
FREP-391543-Z,1,1,1,1,1,1
FREP-391544-Z,1,1,1,1,1,1
FREP-391548-Z,1,1,1,1,1,1
FREP-391549-Z,1,1,1,1,1,1
FREP-391568-Z,1,1,1,1,1,1
FREP-391573-Z,1,1,1,1,1,1
FREP-391631-Z,1,1,1,1,1,1
FREP-391739-Z,1,1,1,1,1,1
FREP-391740-Z,1,1,1,1,1,1
FREP-391779-Z,1,1,1,1,1,1
FREP-391788-Z,1,1,1,1,1,1
FREP-391833-Z,1,1,1,1,1,1
FREP-391837-Z,1,1,1,1,1,1
FREP-391881-Z,1,1,1,1,1,1
FREP-391892-Z,1,1,1,1,1,1
FREP-391900-Z,1,1,1,1,1,1
FREP-391954-Z,1,1,1,1,1,1
FREP-391959-Z,1,1,1,1,1,1
FREP-391962-Z,1,1,1,1,1,1
FREP-392007-Z,1,1,1,1,1,1
FREP-392054-Z,1,1,1,1,1,1
FREP-392058-Z,1,1,1,1,1,1
FREP-392112-Z,1,1,1,1,1,1
FREP-392119-Z,1,1,1,1,1,1
FREP-392122-Z,1,1,1,1,1,1
FREP-392125-Z,1,1,1,1,1,1
FREP-392136-Z,1,1,1,1,1,1
FREP-392143-Z,1,1,1,1,1,1
FREP-392161-Z,1,1,1,1,1,1
FREP-392168-Z,1,1,1,1,1,1
FREP-392190-Z,1,1,1,1,1,1
FREP-392246-Z,1,1,1,1,1,1
FREP-392277-Z,1,1,1,1,1,1
FREP-392279-Z,1,1,1,1,1,1
FREP-392348-Z,1,1,1,1,1,1
FREP-392364-Z,1,1,1,1,1,1
FREP-392369-Z,1,1,1,1,1,1
FREP-392403-Z,1,1,1,1,1,1
FREP-392406-Z,1,1,1,1,1,1
FREP-392516-Z,1,1,1,1,1,1
FREP-392520-Z,1,1,1,1,1,1
FREP-392556-Z,1,1,1,1,1,1
FREP-392573-Z,1,1,1,1,1,1
FREP-392577-Z,1,1,1,1,1,1
FREP-392583-Z,1,1,1,1,1,1
FREP-392591-Z,1,1,1,1,1,1
FREP-392620-Z,1,1,1,1,1,1
FREP-392636-Z,1,1,1,1,1,1
FREP-392644-Z,1,1,1,1,1,1
FREP-392651-Z,1,1,1,1,1,1
FREP-392682-Z,1,1,1,1,1,1
FREP-392714-Z,1,1,1,1,1,1
FREP-392724-Z,1,1,1,1,1,1
FREP-392749-Z,1,1,1,1,1,1
FREP-392794-Z,1,1,1,1,1,1
FREP-392802-Z,1,1,1,1,1,1
FREP-392804-Z,1,1,1,1,1,1
FREP-392822-Z,1,1,1,1,1,1
FREP-392942-Z,1,1,1,1,1,1
FREP-392958-Z,1,1,1,1,1,1
FREP-392972-Z,1,1,1,1,1,1
FREP-393032-Z,1,1,1,1,1,1
FREP-393035-Z,1,1,1,1,1,1
FREP-393036-Z,1,1,1,1,1,1
FREP-393038-Z,1,1,1,1,1,1
FREP-393054-Z,1,1,1,1,1,1
FREP-393063-Z,1,1,1,1,1,1
FREP-393118-Z,1,1,1,1,1,1
FREP-393123-Z,1,1,1,1,1,1
FREP-393126-Z,1,1,1,1,1,1
FREP-393158-Z,1,1,1,1,1,1
FREP-393163-Z,1,1,1,1,1,1
FREP-393172-Z,1,1,1,1,1,1
FREP-393186-Z,1,1,1,1,1,1
FREP-393224-Z,1,1,1,1,1,1
FREP-393299-Z,1,1,1,1,1,1
FREP-3933-I,1,1,1,1,1,1
FREP-393352-Z,1,1,1,1,1,1
FREP-393391-Z,1,1,1,1,1,1
FREP-393411-Z,1,1,1,1,1,1
FREP-393462-Z,1,1,1,1,1,1
FREP-393516-Z,1,1,1,1,1,1
FREP-393538-Z,1,1,1,1,1,1
FREP-393553-Z,1,1,1,1,1,1
FREP-393554-Z,1,1,1,1,1,1
FREP-393572-Z,1,1,1,1,1,1
FREP-3936-I,1,1,1,1,1,1
FREP-393643-Z,1,1,1,1,1,1
FREP-393654-Z,1,1,1,1,1,1
FREP-393668-Z,1,1,1,1,1,1
FREP-393758-Z,1,1,1,1,1,1
FREP-393777-Z,1,1,1,1,1,1
FREP-393778-Z,1,1,1,1,1,1
FREP-393783-Z,1,1,1,1,1,1
FREP-393794-Z,1,1,1,1,1,1
FREP-393799-Z,1,1,1,1,1,1
FREP-393810-Z,1,1,1,1,1,1
FREP-393835-Z,1,1,1,1,1,1
FREP-3939-I,1,1,1,1,1,1
FREP-393929-Z,1,1,1,1,1,1
FREP-393997-Z,1,1,1,1,1,1
FREP-394001-Z,1,1,1,1,1,1
FREP-394003-Z,1,1,1,1,1,1
FREP-394009-Z,1,1,1,1,1,1
FREP-394018-Z,1,1,1,1,1,1
FREP-394031-Z,1,1,1,1,1,1
FREP-394046-Z,1,1,1,1,1,1
FREP-394049-Z,1,1,1,1,1,1
FREP-394050-Z,1,1,1,1,1,1
FREP-394057-Z,1,1,1,1,1,1
FREP-394081-Z,1,1,1,1,1,1
FREP-394093-Z,1,1,1,1,1,1
FREP-394115-Z,1,1,1,1,1,1
FREP-394123-Z,1,1,1,1,1,1
FREP-394154-Z,1,1,1,1,1,1
FREP-394156-Z,1,1,1,1,1,1
FREP-394174-Z,1,1,1,1,1,1
FREP-394179-Z,1,1,1,1,1,1
FREP-394184-Z,1,1,1,1,1,1
FREP-394243-Z,1,1,1,1,1,1
FREP-394250-Z,1,1,1,1,1,1
FREP-394260-Z,1,1,1,1,1,1
FREP-394263-Z,1,1,1,1,1,1
FREP-394279-Z,1,1,1,1,1,1
FREP-394320-Z,1,1,1,1,1,1
FREP-394336-Z,1,1,1,1,1,1
FREP-394354-Z,1,1,1,1,1,1
FREP-394361-Z,1,1,1,1,1,1
FREP-394400-Z,1,1,1,1,1,1
FREP-394407-Z,1,1,1,1,1,1
FREP-394414-Z,1,1,1,1,1,1
FREP-394423-Z,1,1,1,1,1,1
FREP-394425-Z,1,1,1,1,1,1
FREP-394435-Z,1,1,1,1,1,1
FREP-394442-Z,1,1,1,1,1,1
FREP-394451-Z,1,1,1,1,1,1
FREP-394504-Z,1,1,1,1,1,1
FREP-394530-Z,1,1,1,1,1,1
FREP-394547-Z,1,1,1,1,1,1
FREP-394548-Z,1,1,1,1,1,1
FREP-394606-Z,1,1,1,1,1,1
FREP-394639-Z,1,1,1,1,1,1
FREP-394682-Z,1,1,1,1,1,1
FREP-394688-Z,1,1,1,1,1,1
FREP-394690-Z,1,1,1,1,1,1
FREP-39478-M,1,1,1,1,1,1
FREP-394876-Z,1,1,1,1,1,1
FREP-394920-Z,1,1,1,1,1,1
FREP-394939-Z,1,1,1,1,1,1
FREP-394940-Z,1,1,1,1,1,1
FREP-395050-Z,1,1,1,1,1,1
FREP-395178-Z,1,1,1,1,1,1
FREP-395205-Z,1,1,1,1,1,1
FREP-395216-Z,1,1,1,1,1,1
FREP-395321-Z,1,1,1,1,1,1
FREP-395332-Z,1,1,1,1,1,1
FREP-395377-Z,1,1,1,1,1,1
FREP-395390-Z,1,1,1,1,1,1
FREP-395392-Z,1,1,1,1,1,1
FREP-395431-Z,1,1,1,1,1,1
FREP-395485-Z,1,1,1,1,1,1
FREP-395508-Z,1,1,1,1,1,1
FREP-395520-Z,1,1,1,1,1,1
FREP-395524-Z,1,1,1,1,1,1
FREP-395552-Z,1,1,1,1,1,1
FREP-395562-Z,1,1,1,1,1,1
FREP-395567-Z,1,1,1,1,1,1
FREP-395580-Z,1,1,1,1,1,1
FREP-395591-Z,1,1,1,1,1,1
FREP-395594-Z,1,1,1,1,1,1
FREP-39560-M,1,1,1,1,1,1
FREP-395605-Z,1,1,1,1,1,1
FREP-39561-M,1,1,1,1,1,1
FREP-395610-Z,1,1,1,1,1,1
FREP-395618-Z,1,1,1,1,1,1
FREP-395619-Z,1,1,1,1,1,1
FREP-395630-Z,1,1,1,1,1,1
FREP-395659-Z,1,1,1,1,1,1
FREP-395681-Z,1,1,1,1,1,1
FREP-395735-Z,1,1,1,1,1,1
FREP-395757-Z,1,1,1,1,1,1
FREP-395832-Z,1,1,1,1,1,1
FREP-395853-Z,1,1,1,1,1,1
FREP-395880-Z,1,1,1,1,1,1
FREP-395886-Z,1,1,1,1,1,1
FREP-395887-Z,1,1,1,1,1,1
FREP-395901-Z,1,1,1,1,1,1
FREP-395940-Z,1,1,1,1,1,1
FREP-395942-Z,1,1,1,1,1,1
FREP-395971-Z,1,1,1,1,1,1
FREP-395975-Z,1,1,1,1,1,1
FREP-395976-Z,1,1,1,1,1,1
FREP-395996-Z,1,1,1,1,1,1
FREP-396002-Z,1,1,1,1,1,1
FREP-39603-M,1,1,1,1,1,1
FREP-396059-Z,1,1,1,1,1,1
FREP-396070-Z,1,1,1,1,1,1
FREP-396071-Z,1,1,1,1,1,1
FREP-396090-Z,1,1,1,1,1,1
FREP-396091-Z,1,1,1,1,1,1
FREP-39611-M,1,1,1,1,1,1
FREP-396126-Z,1,1,1,1,1,1
FREP-396143-Z,1,1,1,1,1,1
FREP-396154-Z,1,1,1,1,1,1
FREP-396179-Z,1,1,1,1,1,1
FREP-396196-Z,1,1,1,1,1,1
FREP-396200-Z,1,1,1,1,1,1
FREP-396202-Z,1,1,1,1,1,1
FREP-396236-Z,1,1,1,1,1,1
FREP-396266-Z,1,1,1,1,1,1
FREP-39628-M,1,1,1,1,1,1
FREP-396337-Z,1,1,1,1,1,1
FREP-396364-Z,1,1,1,1,1,1
FREP-396384-Z,1,1,1,1,1,1
FREP-396385-Z,1,1,1,1,1,1
FREP-396388-Z,1,1,1,1,1,1
FREP-396393-Z,1,1,1,1,1,1
FREP-396405-Z,1,1,1,1,1,1
FREP-396423-Z,1,1,1,1,1,1
FREP-396442-Z,1,1,1,1,1,1
FREP-396471-Z,1,1,1,1,1,1
FREP-396499-Z,1,1,1,1,1,1
FREP-396539-Z,1,1,1,1,1,1
FREP-396567-Z,1,1,1,1,1,1
FREP-396608-Z,1,1,1,1,1,1
FREP-396611-Z,1,1,1,1,1,1
FREP-396615-Z,1,1,1,1,1,1
FREP-396617-Z,1,1,1,1,1,1
FREP-396632-Z,1,1,1,1,1,1
FREP-396636-Z,1,1,1,1,1,1
FREP-396641-Z,1,1,1,1,1,1
FREP-396642-Z,1,1,1,1,1,1
FREP-396656-Z,1,1,1,1,1,1
FREP-396681-Z,1,1,1,1,1,1
FREP-396683-Z,1,1,1,1,1,1
FREP-396719-Z,1,1,1,1,1,1
FREP-396738-Z,1,1,1,1,1,1
FREP-396799-Z,1,1,1,1,1,1
FREP-3968-I,1,1,1,1,1,1
FREP-396811-Z,1,1,1,1,1,1
FREP-396820-Z,1,1,1,1,1,1
FREP-396824-Z,1,1,1,1,1,1
FREP-396836-Z,1,1,1,1,1,1
FREP-396840-Z,1,1,1,1,1,1
FREP-396842-Z,1,1,1,1,1,1
FREP-396877-Z,1,1,1,1,1,1
FREP-396897-Z,1,1,1,1,1,1
FREP-396900-Z,1,1,1,1,1,1
FREP-396917-Z,1,1,1,1,1,1
FREP-396919-Z,1,1,1,1,1,1
FREP-396967-Z,1,1,1,1,1,1
FREP-396981-Z,1,1,1,1,1,1
FREP-396983-Z,1,1,1,1,1,1
FREP-397051-Z,1,1,1,1,1,1
FREP-397125-Z,1,1,1,1,1,1
FREP-397197-Z,1,1,1,1,1,1
FREP-397223-Z,1,1,1,1,1,1
FREP-397226-Z,1,1,1,1,1,1
FREP-397228-Z,1,1,1,1,1,1
FREP-397232-Z,1,1,1,1,1,1
FREP-397259-Z,1,1,1,1,1,1
FREP-397291-Z,1,1,1,1,1,1
FREP-397294-Z,1,1,1,1,1,1
FREP-397343-Z,1,1,1,1,1,1
FREP-397358-Z,1,1,1,1,1,1
FREP-397366-Z,1,1,1,1,1,1
FREP-397404-Z,1,1,1,1,1,1
FREP-397422-Z,1,1,1,1,1,1
FREP-397438-Z,1,1,1,1,1,1
FREP-397440-Z,1,1,1,1,1,1
FREP-397466-Z,1,1,1,1,1,1
FREP-397480-Z,1,1,1,1,1,1
FREP-397488-Z,1,1,1,1,1,1
FREP-397516-Z,1,1,1,1,1,1
FREP-397604-Z,1,1,1,1,1,1
FREP-397650-Z,1,1,1,1,1,1
FREP-397720-Z,1,1,1,1,1,1
FREP-397730-Z,1,1,1,1,1,1
FREP-397733-Z,1,1,1,1,1,1
FREP-397738-Z,1,1,1,1,1,1
FREP-397739-Z,1,1,1,1,1,1
FREP-397747-Z,1,1,1,1,1,1
FREP-397767-Z,1,1,1,1,1,1
FREP-397796-Z,1,1,1,1,1,1
FREP-397809-Z,1,1,1,1,1,1
FREP-397816-Z,1,1,1,1,1,1
FREP-397927-Z,1,1,1,1,1,1
FREP-397928-Z,1,1,1,1,1,1
FREP-397942-Z,1,1,1,1,1,1
FREP-397952-Z,1,1,1,1,1,1
FREP-397965-Z,1,1,1,1,1,1
FREP-397981-Z,1,1,1,1,1,1
FREP-397993-Z,1,1,1,1,1,1
FREP-398022-Z,1,1,1,1,1,1
FREP-398051-Z,1,1,1,1,1,1
FREP-39810-M,1,1,1,1,1,1
FREP-398103-Z,1,1,1,1,1,1
FREP-398111-Z,1,1,1,1,1,1
FREP-398129-Z,1,1,1,1,1,1
FREP-398158-Z,1,1,1,1,1,1
FREP-398161-Z,1,1,1,1,1,1
FREP-398175-Z,1,1,1,1,1,1
FREP-398209-Z,1,1,1,1,1,1
FREP-398211-Z,1,1,1,1,1,1
FREP-398274-Z,1,1,1,1,1,1
FREP-39829-M,1,1,1,1,1,1
FREP-398296-Z,1,1,1,1,1,1
FREP-39830-M,1,1,1,1,1,1
FREP-398301-Z,1,1,1,1,1,1
FREP-398314-Z,1,1,1,1,1,1
FREP-398320-Z,1,1,1,1,1,1
FREP-398330-Z,1,1,1,1,1,1
FREP-398348-Z,1,1,1,1,1,1
FREP-398359-Z,1,1,1,1,1,1
FREP-398368-Z,1,1,1,1,1,1
FREP-398375-Z,1,1,1,1,1,1
FREP-398381-Z,1,1,1,1,1,1
FREP-398383-Z,1,1,1,1,1,1
FREP-398391-Z,1,1,1,1,1,1
FREP-398403-Z,1,1,1,1,1,1
FREP-398404-Z,1,1,1,1,1,1
FREP-398405-Z,1,1,1,1,1,1
FREP-398406-Z,1,1,1,1,1,1
FREP-398409-Z,1,1,1,1,1,1
FREP-398437-Z,1,1,1,1,1,1
FREP-398439-Z,1,1,1,1,1,1
FREP-398454-Z,1,1,1,1,1,1
FREP-398467-Z,1,1,1,1,1,1
FREP-398477-Z,1,1,1,1,1,1
FREP-398483-Z,1,1,1,1,1,1
FREP-398496-Z,1,1,1,1,1,1
FREP-398502-Z,1,1,1,1,1,1
FREP-398515-Z,1,1,1,1,1,1
FREP-398547-Z,1,1,1,1,1,1
FREP-398588-Z,1,1,1,1,1,1
FREP-398589-Z,1,1,1,1,1,1
FREP-398630-Z,1,1,1,1,1,1
FREP-398682-Z,1,1,1,1,1,1
FREP-398683-Z,1,1,1,1,1,1
FREP-398691-Z,1,1,1,1,1,1
FREP-398716-Z,1,1,1,1,1,1
FREP-398724-Z,1,1,1,1,1,1
FREP-398728-Z,1,1,1,1,1,1
FREP-398732-Z,1,1,1,1,1,1
FREP-398736-Z,1,1,1,1,1,1
FREP-398741-Z,1,1,1,1,1,1
FREP-398743-Z,1,1,1,1,1,1
FREP-398755-Z,1,1,1,1,1,1
FREP-398763-Z,1,1,1,1,1,1
FREP-398764-Z,1,1,1,1,1,1
FREP-398767-Z,1,1,1,1,1,1
FREP-398770-Z,1,1,1,1,1,1
FREP-398776-Z,1,1,1,1,1,1
FREP-398795-Z,1,1,1,1,1,1
FREP-398799-Z,1,1,1,1,1,1
FREP-398803-Z,1,1,1,1,1,1
FREP-398804-Z,1,1,1,1,1,1
FREP-398808-Z,1,1,1,1,1,1
FREP-398822-Z,1,1,1,1,1,1
FREP-398826-Z,1,1,1,1,1,1
FREP-398831-Z,1,1,1,1,1,1
FREP-398833-Z,1,1,1,1,1,1
FREP-398863-Z,1,1,1,1,1,1
FREP-398869-Z,1,1,1,1,1,1
FREP-398870-Z,1,1,1,1,1,1
FREP-398883-Z,1,1,1,1,1,1
FREP-398904-Z,1,1,1,1,1,1
FREP-398910-Z,1,1,1,1,1,1
FREP-398917-Z,1,1,1,1,1,1
FREP-398921-Z,1,1,1,1,1,1
FREP-398925-Z,1,1,1,1,1,1
FREP-398928-Z,1,1,1,1,1,1
FREP-398946-Z,1,1,1,1,1,1
FREP-398985-Z,1,1,1,1,1,1
FREP-398995-Z,1,1,1,1,1,1
FREP-3990-I,1,1,1,1,1,1
FREP-399046-Z,1,1,1,1,1,1
FREP-399047-Z,1,1,1,1,1,1
FREP-399064-Z,1,1,1,1,1,1
FREP-399065-Z,1,1,1,1,1,1
FREP-399082-Z,1,1,1,1,1,1
FREP-399085-Z,1,1,1,1,1,1
FREP-399095-Z,1,1,1,1,1,1
FREP-399128-Z,1,1,1,1,1,1
FREP-399136-Z,1,1,1,1,1,1
FREP-399187-Z,1,1,1,1,1,1
FREP-399266-Z,1,1,1,1,1,1
FREP-399297-Z,1,1,1,1,1,1
FREP-399303-Z,1,1,1,1,1,1
FREP-399307-Z,1,1,1,1,1,1
FREP-399313-Z,1,1,1,1,1,1
FREP-399315-Z,1,1,1,1,1,1
FREP-399355-Z,1,1,1,1,1,1
FREP-399384-Z,1,1,1,1,1,1
FREP-399388-Z,1,1,1,1,1,1
FREP-399519-Z,1,1,1,1,1,1
FREP-399535-Z,1,1,1,1,1,1
FREP-399547-Z,1,1,1,1,1,1
FREP-399729-Z,1,1,1,1,1,1
FREP-399752-Z,1,1,1,1,1,1
FREP-399756-Z,1,1,1,1,1,1
FREP-399761-Z,1,1,1,1,1,1
FREP-399767-Z,1,1,1,1,1,1
FREP-399769-Z,1,1,1,1,1,1
FREP-399780-Z,1,1,1,1,1,1
FREP-399842-Z,1,1,1,1,1,1
FREP-399848-Z,1,1,1,1,1,1
FREP-399877-Z,1,1,1,1,1,1
FREP-399912-Z,1,1,1,1,1,1
FREP-399928-Z,1,1,1,1,1,1
FREP-399944-Z,1,1,1,1,1,1
FREP-399956-Z,1,1,1,1,1,1
FREP-399962-Z,1,1,1,1,1,1
FREP-399964-Z,1,1,1,1,1,1
FREP-400004-Z,1,1,1,1,1,1
FREP-400007-Z,1,1,1,1,1,1
FREP-400012-Z,1,1,1,1,1,1
FREP-400029-Z,1,1,1,1,1,1
FREP-400037-Z,1,1,1,1,1,1
FREP-400092-Z,1,1,1,1,1,1
FREP-400170-Z,1,1,1,1,1,1
FREP-400186-Z,1,1,1,1,1,1
FREP-400197-Z,1,1,1,1,1,1
FREP-400201-Z,1,1,1,1,1,1
FREP-400204-Z,1,1,1,1,1,1
FREP-400206-Z,1,1,1,1,1,1
FREP-400227-Z,1,1,1,1,1,1
FREP-400257-Z,1,1,1,1,1,1
FREP-400266-Z,1,1,1,1,1,1
FREP-400280-Z,1,1,1,1,1,1
FREP-400288-Z,1,1,1,1,1,1
FREP-400306-Z,1,1,1,1,1,1
FREP-40031-M,1,1,1,1,1,1
FREP-400322-Z,1,1,1,1,1,1
FREP-400331-Z,1,1,1,1,1,1
FREP-400362-Z,1,1,1,1,1,1
FREP-400365-Z,1,1,1,1,1,1
FREP-400367-Z,1,1,1,1,1,1
FREP-400369-Z,1,1,1,1,1,1
FREP-400374-Z,1,1,1,1,1,1
FREP-400376-Z,1,1,1,1,1,1
FREP-400385-Z,1,1,1,1,1,1
FREP-400386-Z,1,1,1,1,1,1
FREP-400415-Z,1,1,1,1,1,1
FREP-40044-M,1,1,1,1,1,1
FREP-400484-Z,1,1,1,1,1,1
FREP-400523-Z,1,1,1,1,1,1
FREP-400603-Z,1,1,1,1,1,1
FREP-400646-Z,1,1,1,1,1,1
FREP-400675-Z,1,1,1,1,1,1
FREP-400705-Z,1,1,1,1,1,1
FREP-400728-Z,1,1,1,1,1,1
FREP-400764-Z,1,1,1,1,1,1
FREP-4008-I,1,1,1,1,1,1
FREP-400829-Z,1,1,1,1,1,1
FREP-400907-Z,1,1,1,1,1,1
FREP-400915-Z,1,1,1,1,1,1
FREP-400920-Z,1,1,1,1,1,1
FREP-400939-Z,1,1,1,1,1,1
FREP-401010-Z,1,1,1,1,1,1
FREP-401021-Z,1,1,1,1,1,1
FREP-401040-Z,1,1,1,1,1,1
FREP-401041-Z,1,1,1,1,1,1
FREP-401059-Z,1,1,1,1,1,1
FREP-401060-Z,1,1,1,1,1,1
FREP-401085-Z,1,1,1,1,1,1
FREP-401088-Z,1,1,1,1,1,1
FREP-401089-Z,1,1,1,1,1,1
FREP-401114-Z,1,1,1,1,1,1
FREP-401165-Z,1,1,1,1,1,1
FREP-401182-Z,1,1,1,1,1,1
FREP-40121-M,1,1,1,1,1,1
FREP-401221-Z,1,1,1,1,1,1
FREP-401233-Z,1,1,1,1,1,1
FREP-401245-Z,1,1,1,1,1,1
FREP-401267-Z,1,1,1,1,1,1
FREP-40131-M,1,1,1,1,1,1
FREP-401362-Z,1,1,1,1,1,1
FREP-401390-Z,1,1,1,1,1,1
FREP-401440-Z,1,1,1,1,1,1
FREP-401473-Z,1,1,1,1,1,1
FREP-401476-Z,1,1,1,1,1,1
FREP-401481-Z,1,1,1,1,1,1
FREP-401503-Z,1,1,1,1,1,1
FREP-401523-Z,1,1,1,1,1,1
FREP-401550-Z,1,1,1,1,1,1
FREP-401555-Z,1,1,1,1,1,1
FREP-401560-Z,1,1,1,1,1,1
FREP-401584-Z,1,1,1,1,1,1
FREP-401587-Z,1,1,1,1,1,1
FREP-401710-Z,1,1,1,1,1,1
FREP-401718-Z,1,1,1,1,1,1
FREP-401730-Z,1,1,1,1,1,1
FREP-401739-Z,1,1,1,1,1,1
FREP-401745-Z,1,1,1,1,1,1
FREP-401756-Z,1,1,1,1,1,1
FREP-401768-Z,1,1,1,1,1,1
FREP-401795-Z,1,1,1,1,1,1
FREP-401806-Z,1,1,1,1,1,1
FREP-401812-Z,1,1,1,1,1,1
FREP-401815-Z,1,1,1,1,1,1
FREP-401892-Z,1,1,1,1,1,1
FREP-401932-Z,1,1,1,1,1,1
FREP-401933-Z,1,1,1,1,1,1
FREP-401957-Z,1,1,1,1,1,1
FREP-401962-Z,1,1,1,1,1,1
FREP-401966-Z,1,1,1,1,1,1
FREP-401969-Z,1,1,1,1,1,1
FREP-401971-Z,1,1,1,1,1,1
FREP-40198-M,1,1,1,1,1,1
FREP-401982-Z,1,1,1,1,1,1
FREP-401985-Z,1,1,1,1,1,1
FREP-401997-Z,1,1,1,1,1,1
FREP-402009-Z,1,1,1,1,1,1
FREP-40201-M,1,1,1,1,1,1
FREP-402014-Z,1,1,1,1,1,1
FREP-402022-Z,1,1,1,1,1,1
FREP-402028-Z,1,1,1,1,1,1
FREP-402136-Z,1,1,1,1,1,1
FREP-402147-Z,1,1,1,1,1,1
FREP-402148-Z,1,1,1,1,1,1
FREP-402166-Z,1,1,1,1,1,1
FREP-402171-Z,1,1,1,1,1,1
FREP-402172-Z,1,1,1,1,1,1
FREP-402175-Z,1,1,1,1,1,1
FREP-402182-Z,1,1,1,1,1,1
FREP-402183-Z,1,1,1,1,1,1
FREP-402185-Z,1,1,1,1,1,1
FREP-402186-Z,1,1,1,1,1,1
FREP-402187-Z,1,1,1,1,1,1
FREP-402192-Z,1,1,1,1,1,1
FREP-402194-Z,1,1,1,1,1,1
FREP-402198-Z,1,1,1,1,1,1
FREP-402199-Z,1,1,1,1,1,1
FREP-402200-Z,1,1,1,1,1,1
FREP-402203-Z,1,1,1,1,1,1
FREP-402211-Z,1,1,1,1,1,1
FREP-402227-Z,1,1,1,1,1,1
FREP-402234-Z,1,1,1,1,1,1
FREP-402235-Z,1,1,1,1,1,1
FREP-402250-Z,1,1,1,1,1,1
FREP-402271-Z,1,1,1,1,1,1
FREP-402272-Z,1,1,1,1,1,1
FREP-402275-Z,1,1,1,1,1,1
FREP-402285-Z,1,1,1,1,1,1
FREP-402300-Z,1,1,1,1,1,1
FREP-402325-Z,1,1,1,1,1,1
FREP-402347-Z,1,1,1,1,1,1
FREP-402354-Z,1,1,1,1,1,1
FREP-402359-Z,1,1,1,1,1,1
FREP-402391-Z,1,1,1,1,1,1
FREP-402396-Z,1,1,1,1,1,1
FREP-402410-Z,1,1,1,1,1,1
FREP-402432-Z,1,1,1,1,1,1
FREP-402436-Z,1,1,1,1,1,1
FREP-402445-Z,1,1,1,1,1,1
FREP-402447-Z,1,1,1,1,1,1
FREP-402456-Z,1,1,1,1,1,1
FREP-402472-Z,1,1,1,1,1,1
FREP-402474-Z,1,1,1,1,1,1
FREP-402476-Z,1,1,1,1,1,1
FREP-402493-Z,1,1,1,1,1,1
FREP-40252-M,1,1,1,1,1,1
FREP-402612-Z,1,1,1,1,1,1
FREP-402663-Z,1,1,1,1,1,1
FREP-402689-Z,1,1,1,1,1,1
FREP-402693-Z,1,1,1,1,1,1
FREP-402800-Z,1,1,1,1,1,1
FREP-402825-Z,1,1,1,1,1,1
FREP-402872-Z,1,1,1,1,1,1
FREP-402889-Z,1,1,1,1,1,1
FREP-402905-Z,1,1,1,1,1,1
FREP-402950-Z,1,1,1,1,1,1
FREP-403030-Z,1,1,1,1,1,1
FREP-40304-M,1,1,1,1,1,1
FREP-403079-Z,1,1,1,1,1,1
FREP-403099-Z,1,1,1,1,1,1
FREP-403110-Z,1,1,1,1,1,1
FREP-403119-Z,1,1,1,1,1,1
FREP-403120-Z,1,1,1,1,1,1
FREP-403121-Z,1,1,1,1,1,1
FREP-403125-Z,1,1,1,1,1,1
FREP-403133-Z,1,1,1,1,1,1
FREP-403148-Z,1,1,1,1,1,1
FREP-403156-Z,1,1,1,1,1,1
FREP-403157-Z,1,1,1,1,1,1
FREP-403160-Z,1,1,1,1,1,1
FREP-403164-Z,1,1,1,1,1,1
FREP-403180-Z,1,1,1,1,1,1
FREP-403181-Z,1,1,1,1,1,1
FREP-403201-Z,1,1,1,1,1,1
FREP-403216-Z,1,1,1,1,1,1
FREP-403243-Z,1,1,1,1,1,1
FREP-403253-Z,1,1,1,1,1,1
FREP-40326-M,1,1,1,1,1,1
FREP-403273-Z,1,1,1,1,1,1
FREP-403292-Z,1,1,1,1,1,1
FREP-403293-Z,1,1,1,1,1,1
FREP-403318-Z,1,1,1,1,1,1
FREP-403319-Z,1,1,1,1,1,1
FREP-403336-Z,1,1,1,1,1,1
FREP-403362-Z,1,1,1,1,1,1
FREP-403396-Z,1,1,1,1,1,1
FREP-403419-Z,1,1,1,1,1,1
FREP-403451-Z,1,1,1,1,1,1
FREP-403492-Z,1,1,1,1,1,1
FREP-403515-Z,1,1,1,1,1,1
FREP-403543-Z,1,1,1,1,1,1
FREP-403549-Z,1,1,1,1,1,1
FREP-403564-Z,1,1,1,1,1,1
FREP-403585-Z,1,1,1,1,1,1
FREP-403611-Z,1,1,1,1,1,1
FREP-403622-Z,1,1,1,1,1,1
FREP-403626-Z,1,1,1,1,1,1
FREP-403634-Z,1,1,1,1,1,1
FREP-403642-Z,1,1,1,1,1,1
FREP-403657-Z,1,1,1,1,1,1
FREP-403659-Z,1,1,1,1,1,1
FREP-403660-Z,1,1,1,1,1,1
FREP-403674-Z,1,1,1,1,1,1
FREP-403699-Z,1,1,1,1,1,1
FREP-403700-Z,1,1,1,1,1,1
FREP-403706-Z,1,1,1,1,1,1
FREP-403708-Z,1,1,1,1,1,1
FREP-403720-Z,1,1,1,1,1,1
FREP-403736-Z,1,1,1,1,1,1
FREP-403743-Z,1,1,1,1,1,1
FREP-403756-Z,1,1,1,1,1,1
FREP-403761-Z,1,1,1,1,1,1
FREP-403762-Z,1,1,1,1,1,1
FREP-403768-Z,1,1,1,1,1,1
FREP-403777-Z,1,1,1,1,1,1
FREP-403778-Z,1,1,1,1,1,1
FREP-403781-Z,1,1,1,1,1,1
FREP-403783-Z,1,1,1,1,1,1
FREP-403804-Z,1,1,1,1,1,1
FREP-403813-Z,1,1,1,1,1,1
FREP-403816-Z,1,1,1,1,1,1
FREP-403821-Z,1,1,1,1,1,1
FREP-403842-Z,1,1,1,1,1,1
FREP-403856-Z,1,1,1,1,1,1
FREP-403869-Z,1,1,1,1,1,1
FREP-40387-M,1,1,1,1,1,1
FREP-40390-M,1,1,1,1,1,1
FREP-40392-M,1,1,1,1,1,1
FREP-403920-Z,1,1,1,1,1,1
FREP-403924-Z,1,1,1,1,1,1
FREP-403948-Z,1,1,1,1,1,1
FREP-403959-Z,1,1,1,1,1,1
FREP-403984-Z,1,1,1,1,1,1
FREP-403985-Z,1,1,1,1,1,1
FREP-403986-Z,1,1,1,1,1,1
FREP-403995-Z,1,1,1,1,1,1
FREP-403996-Z,1,1,1,1,1,1
FREP-403998-Z,1,1,1,1,1,1
FREP-404003-Z,1,1,1,1,1,1
FREP-404055-Z,1,1,1,1,1,1
FREP-404101-Z,1,1,1,1,1,1
FREP-404176-Z,1,1,1,1,1,1
FREP-404235-Z,1,1,1,1,1,1
FREP-404241-Z,1,1,1,1,1,1
FREP-404244-Z,1,1,1,1,1,1
FREP-404245-Z,1,1,1,1,1,1
FREP-404292-Z,1,1,1,1,1,1
FREP-404355-Z,1,1,1,1,1,1
FREP-404364-Z,1,1,1,1,1,1
FREP-404366-Z,1,1,1,1,1,1
FREP-404370-Z,1,1,1,1,1,1
FREP-404371-Z,1,1,1,1,1,1
FREP-404374-Z,1,1,1,1,1,1
FREP-404399-Z,1,1,1,1,1,1
FREP-404423-Z,1,1,1,1,1,1
FREP-404459-Z,1,1,1,1,1,1
FREP-40446-M,1,1,1,1,1,1
FREP-404469-Z,1,1,1,1,1,1
FREP-404482-Z,1,1,1,1,1,1
FREP-404498-Z,1,1,1,1,1,1
FREP-404499-Z,1,1,1,1,1,1
FREP-404508-Z,1,1,1,1,1,1
FREP-404516-Z,1,1,1,1,1,1
FREP-404622-Z,1,1,1,1,1,1
FREP-404685-Z,1,1,1,1,1,1
FREP-404693-Z,1,1,1,1,1,1
FREP-404757-Z,1,1,1,1,1,1
FREP-404773-Z,1,1,1,1,1,1
FREP-404803-Z,1,1,1,1,1,1
FREP-40482-M,1,1,1,1,1,1
FREP-404843-Z,1,1,1,1,1,1
FREP-404892-Z,1,1,1,1,1,1
FREP-404913-Z,1,1,1,1,1,1
FREP-404917-Z,1,1,1,1,1,1
FREP-404939-Z,1,1,1,1,1,1
FREP-404940-Z,1,1,1,1,1,1
FREP-404954-Z,1,1,1,1,1,1
FREP-404964-Z,1,1,1,1,1,1
FREP-404965-Z,1,1,1,1,1,1
FREP-404973-Z,1,1,1,1,1,1
FREP-404982-Z,1,1,1,1,1,1
FREP-404985-Z,1,1,1,1,1,1
FREP-405004-Z,1,1,1,1,1,1
FREP-405034-Z,1,1,1,1,1,1
FREP-405038-Z,1,1,1,1,1,1
FREP-405041-Z,1,1,1,1,1,1
FREP-405052-Z,1,1,1,1,1,1
FREP-405063-Z,1,1,1,1,1,1
FREP-405067-Z,1,1,1,1,1,1
FREP-405117-Z,1,1,1,1,1,1
FREP-405190-Z,1,1,1,1,1,1
FREP-405194-Z,1,1,1,1,1,1
FREP-4052-I,1,1,1,1,1,1
FREP-405257-Z,1,1,1,1,1,1
FREP-405271-Z,1,1,1,1,1,1
FREP-405285-Z,1,1,1,1,1,1
FREP-405286-Z,1,1,1,1,1,1
FREP-405298-Z,1,1,1,1,1,1
FREP-405304-Z,1,1,1,1,1,1
FREP-405308-Z,1,1,1,1,1,1
FREP-405326-Z,1,1,1,1,1,1
FREP-40539-M,1,1,1,1,1,1
FREP-405399-Z,1,1,1,1,1,1
FREP-405404-Z,1,1,1,1,1,1
FREP-405425-Z,1,1,1,1,1,1
FREP-405427-Z,1,1,1,1,1,1
FREP-405428-Z,1,1,1,1,1,1
FREP-405439-Z,1,1,1,1,1,1
FREP-405440-Z,1,1,1,1,1,1
FREP-405442-Z,1,1,1,1,1,1
FREP-405524-Z,1,1,1,1,1,1
FREP-405599-Z,1,1,1,1,1,1
FREP-405601-Z,1,1,1,1,1,1
FREP-405605-Z,1,1,1,1,1,1
FREP-405612-Z,1,1,1,1,1,1
FREP-405615-Z,1,1,1,1,1,1
FREP-405618-Z,1,1,1,1,1,1
FREP-405632-Z,1,1,1,1,1,1
FREP-405635-Z,1,1,1,1,1,1
FREP-405636-Z,1,1,1,1,1,1
FREP-405641-Z,1,1,1,1,1,1
FREP-405650-Z,1,1,1,1,1,1
FREP-405652-Z,1,1,1,1,1,1
FREP-405691-Z,1,1,1,1,1,1
FREP-405702-Z,1,1,1,1,1,1
FREP-405711-Z,1,1,1,1,1,1
FREP-405726-Z,1,1,1,1,1,1
FREP-405734-Z,1,1,1,1,1,1
FREP-405759-Z,1,1,1,1,1,1
FREP-405760-Z,1,1,1,1,1,1
FREP-405776-Z,1,1,1,1,1,1
FREP-405792-Z,1,1,1,1,1,1
FREP-405795-Z,1,1,1,1,1,1
FREP-405813-Z,1,1,1,1,1,1
FREP-405843-Z,1,1,1,1,1,1
FREP-405850-Z,1,1,1,1,1,1
FREP-405866-Z,1,1,1,1,1,1
FREP-405882-Z,1,1,1,1,1,1
FREP-405888-Z,1,1,1,1,1,1
FREP-405892-Z,1,1,1,1,1,1
FREP-405899-Z,1,1,1,1,1,1
FREP-405912-Z,1,1,1,1,1,1
FREP-405915-Z,1,1,1,1,1,1
FREP-405935-Z,1,1,1,1,1,1
FREP-405937-Z,1,1,1,1,1,1
FREP-405942-Z,1,1,1,1,1,1
FREP-405964-Z,1,1,1,1,1,1
FREP-405983-Z,1,1,1,1,1,1
FREP-406021-Z,1,1,1,1,1,1
FREP-406023-Z,1,1,1,1,1,1
FREP-406028-Z,1,1,1,1,1,1
FREP-406044-Z,1,1,1,1,1,1
FREP-406049-Z,1,1,1,1,1,1
FREP-406052-Z,1,1,1,1,1,1
FREP-406061-Z,1,1,1,1,1,1
FREP-406107-Z,1,1,1,1,1,1
FREP-406128-Z,1,1,1,1,1,1
FREP-406191-Z,1,1,1,1,1,1
FREP-406205-Z,1,1,1,1,1,1
FREP-406237-Z,1,1,1,1,1,1
FREP-406241-Z,1,1,1,1,1,1
FREP-406246-Z,1,1,1,1,1,1
FREP-406260-Z,1,1,1,1,1,1
FREP-406295-Z,1,1,1,1,1,1
FREP-406299-Z,1,1,1,1,1,1
FREP-406308-Z,1,1,1,1,1,1
FREP-406359-Z,1,1,1,1,1,1
FREP-406370-Z,1,1,1,1,1,1
FREP-406372-Z,1,1,1,1,1,1
FREP-406373-Z,1,1,1,1,1,1
FREP-406382-Z,1,1,1,1,1,1
FREP-406390-Z,1,1,1,1,1,1
FREP-406395-Z,1,1,1,1,1,1
FREP-406415-Z,1,1,1,1,1,1
FREP-406424-Z,1,1,1,1,1,1
FREP-406438-Z,1,1,1,1,1,1
FREP-406450-Z,1,1,1,1,1,1
FREP-406455-Z,1,1,1,1,1,1
FREP-406460-Z,1,1,1,1,1,1
FREP-406466-Z,1,1,1,1,1,1
FREP-406480-Z,1,1,1,1,1,1
FREP-406545-Z,1,1,1,1,1,1
FREP-406561-Z,1,1,1,1,1,1
FREP-406622-Z,1,1,1,1,1,1
FREP-406627-Z,1,1,1,1,1,1
FREP-406660-Z,1,1,1,1,1,1
FREP-406771-Z,1,1,1,1,1,1
FREP-406786-Z,1,1,1,1,1,1
FREP-406795-Z,1,1,1,1,1,1
FREP-406828-Z,1,1,1,1,1,1
FREP-406839-Z,1,1,1,1,1,1
FREP-406854-Z,1,1,1,1,1,1
FREP-40689-M,1,1,1,1,1,1
FREP-406906-Z,1,1,1,1,1,1
FREP-406920-Z,1,1,1,1,1,1
FREP-406925-Z,1,1,1,1,1,1
FREP-406929-Z,1,1,1,1,1,1
FREP-406931-Z,1,1,1,1,1,1
FREP-406936-Z,1,1,1,1,1,1
FREP-406948-Z,1,1,1,1,1,1
FREP-406962-Z,1,1,1,1,1,1
FREP-407020-Z,1,1,1,1,1,1
FREP-407026-Z,1,1,1,1,1,1
FREP-407041-Z,1,1,1,1,1,1
FREP-407042-Z,1,1,1,1,1,1
FREP-407060-Z,1,1,1,1,1,1
FREP-407061-Z,1,1,1,1,1,1
FREP-407063-Z,1,1,1,1,1,1
FREP-407115-Z,1,1,1,1,1,1
FREP-407133-Z,1,1,1,1,1,1
FREP-407186-Z,1,1,1,1,1,1
FREP-407211-Z,1,1,1,1,1,1
FREP-407212-Z,1,1,1,1,1,1
FREP-407213-Z,1,1,1,1,1,1
FREP-407241-Z,1,1,1,1,1,1
FREP-407302-Z,1,1,1,1,1,1
FREP-407310-Z,1,1,1,1,1,1
FREP-407312-Z,1,1,1,1,1,1
FREP-407367-Z,1,1,1,1,1,1
FREP-407409-Z,1,1,1,1,1,1
FREP-407433-Z,1,1,1,1,1,1
FREP-407439-Z,1,1,1,1,1,1
FREP-407442-Z,1,1,1,1,1,1
FREP-407494-Z,1,1,1,1,1,1
FREP-407501-Z,1,1,1,1,1,1
FREP-407523-Z,1,1,1,1,1,1
FREP-407532-Z,1,1,1,1,1,1
FREP-407538-Z,1,1,1,1,1,1
FREP-407543-Z,1,1,1,1,1,1
FREP-407546-Z,1,1,1,1,1,1
FREP-407550-Z,1,1,1,1,1,1
FREP-407559-Z,1,1,1,1,1,1
FREP-407560-Z,1,1,1,1,1,1
FREP-407565-Z,1,1,1,1,1,1
FREP-407567-Z,1,1,1,1,1,1
FREP-407570-Z,1,1,1,1,1,1
FREP-407578-Z,1,1,1,1,1,1
FREP-407586-Z,1,1,1,1,1,1
FREP-407616-Z,1,1,1,1,1,1
FREP-407635-Z,1,1,1,1,1,1
FREP-407643-Z,1,1,1,1,1,1
FREP-407646-Z,1,1,1,1,1,1
FREP-407662-Z,1,1,1,1,1,1
FREP-407710-Z,1,1,1,1,1,1
FREP-407746-Z,1,1,1,1,1,1
FREP-407748-Z,1,1,1,1,1,1
FREP-407775-Z,1,1,1,1,1,1
FREP-407780-Z,1,1,1,1,1,1
FREP-407793-Z,1,1,1,1,1,1
FREP-407807-Z,1,1,1,1,1,1
FREP-407815-Z,1,1,1,1,1,1
FREP-407819-Z,1,1,1,1,1,1
FREP-407828-Z,1,1,1,1,1,1
FREP-407829-Z,1,1,1,1,1,1
FREP-407831-Z,1,1,1,1,1,1
FREP-407835-Z,1,1,1,1,1,1
FREP-407847-Z,1,1,1,1,1,1
FREP-407856-Z,1,1,1,1,1,1
FREP-407859-Z,1,1,1,1,1,1
FREP-407862-Z,1,1,1,1,1,1
FREP-407878-Z,1,1,1,1,1,1
FREP-407884-Z,1,1,1,1,1,1
FREP-407890-Z,1,1,1,1,1,1
FREP-407891-Z,1,1,1,1,1,1
FREP-407944-Z,1,1,1,1,1,1
FREP-407953-Z,1,1,1,1,1,1
FREP-407959-Z,1,1,1,1,1,1
FREP-407972-Z,1,1,1,1,1,1
FREP-407988-Z,1,1,1,1,1,1
FREP-408019-Z,1,1,1,1,1,1
FREP-408067-Z,1,1,1,1,1,1
FREP-408079-Z,1,1,1,1,1,1
FREP-408128-Z,1,1,1,1,1,1
FREP-408211-Z,1,1,1,1,1,1
FREP-408212-Z,1,1,1,1,1,1
FREP-408224-Z,1,1,1,1,1,1
FREP-408225-Z,1,1,1,1,1,1
FREP-408236-Z,1,1,1,1,1,1
FREP-408247-Z,1,1,1,1,1,1
FREP-408248-Z,1,1,1,1,1,1
FREP-408265-Z,1,1,1,1,1,1
FREP-408286-Z,1,1,1,1,1,1
FREP-408340-Z,1,1,1,1,1,1
FREP-408357-Z,1,1,1,1,1,1
FREP-408435-Z,1,1,1,1,1,1
FREP-408442-Z,1,1,1,1,1,1
FREP-408445-Z,1,1,1,1,1,1
FREP-408450-Z,1,1,1,1,1,1
FREP-408517-Z,1,1,1,1,1,1
FREP-408518-Z,1,1,1,1,1,1
FREP-408536-Z,1,1,1,1,1,1
FREP-408546-Z,1,1,1,1,1,1
FREP-408562-Z,1,1,1,1,1,1
FREP-408567-Z,1,1,1,1,1,1
FREP-408589-Z,1,1,1,1,1,1
FREP-408591-Z,1,1,1,1,1,1
FREP-408641-Z,1,1,1,1,1,1
FREP-408718-Z,1,1,1,1,1,1
FREP-408720-Z,1,1,1,1,1,1
FREP-408735-Z,1,1,1,1,1,1
FREP-408745-Z,1,1,1,1,1,1
FREP-408785-Z,1,1,1,1,1,1
FREP-408834-Z,1,1,1,1,1,1
FREP-408835-Z,1,1,1,1,1,1
FREP-408837-Z,1,1,1,1,1,1
FREP-408857-Z,1,1,1,1,1,1
FREP-408864-Z,1,1,1,1,1,1
FREP-408872-Z,1,1,1,1,1,1
FREP-408901-Z,1,1,1,1,1,1
FREP-408944-Z,1,1,1,1,1,1
FREP-408947-Z,1,1,1,1,1,1
FREP-408950-Z,1,1,1,1,1,1
FREP-408960-Z,1,1,1,1,1,1
FREP-408977-Z,1,1,1,1,1,1
FREP-409021-Z,1,1,1,1,1,1
FREP-409041-Z,1,1,1,1,1,1
FREP-409141-Z,1,1,1,1,1,1
FREP-409161-Z,1,1,1,1,1,1
FREP-409187-Z,1,1,1,1,1,1
FREP-409229-Z,1,1,1,1,1,1
FREP-409315-Z,1,1,1,1,1,1
FREP-409317-Z,1,1,1,1,1,1
FREP-409340-Z,1,1,1,1,1,1
FREP-409352-Z,1,1,1,1,1,1
FREP-409363-Z,1,1,1,1,1,1
FREP-409386-Z,1,1,1,1,1,1
FREP-409402-Z,1,1,1,1,1,1
FREP-409404-Z,1,1,1,1,1,1
FREP-409410-Z,1,1,1,1,1,1
FREP-409416-Z,1,1,1,1,1,1
FREP-409440-Z,1,1,1,1,1,1
FREP-409496-Z,1,1,1,1,1,1
FREP-409553-Z,1,1,1,1,1,1
FREP-409574-Z,1,1,1,1,1,1
FREP-409590-Z,1,1,1,1,1,1
FREP-409613-Z,1,1,1,1,1,1
FREP-409614-Z,1,1,1,1,1,1
FREP-409621-Z,1,1,1,1,1,1
FREP-409631-Z,1,1,1,1,1,1
FREP-409637-Z,1,1,1,1,1,1
FREP-409665-Z,1,1,1,1,1,1
FREP-409704-Z,1,1,1,1,1,1
FREP-409710-Z,1,1,1,1,1,1
FREP-409727-Z,1,1,1,1,1,1
FREP-409749-Z,1,1,1,1,1,1
FREP-409755-Z,1,1,1,1,1,1
FREP-409779-Z,1,1,1,1,1,1
FREP-409812-Z,1,1,1,1,1,1
FREP-409814-Z,1,1,1,1,1,1
FREP-409842-Z,1,1,1,1,1,1
FREP-409847-Z,1,1,1,1,1,1
FREP-409876-Z,1,1,1,1,1,1
FREP-409900-Z,1,1,1,1,1,1
FREP-409909-Z,1,1,1,1,1,1
FREP-410008-Z,1,1,1,1,1,1
FREP-410028-Z,1,1,1,1,1,1
FREP-410087-Z,1,1,1,1,1,1
FREP-410091-Z,1,1,1,1,1,1
FREP-410103-Z,1,1,1,1,1,1
FREP-410122-Z,1,1,1,1,1,1
FREP-410126-Z,1,1,1,1,1,1
FREP-410132-Z,1,1,1,1,1,1
FREP-410136-Z,1,1,1,1,1,1
FREP-410154-Z,1,1,1,1,1,1
FREP-41016-M,1,1,1,1,1,1
FREP-410190-Z,1,1,1,1,1,1
FREP-410203-Z,1,1,1,1,1,1
FREP-410209-Z,1,1,1,1,1,1
FREP-410230-Z,1,1,1,1,1,1
FREP-410269-Z,1,1,1,1,1,1
FREP-410304-Z,1,1,1,1,1,1
FREP-410325-Z,1,1,1,1,1,1
FREP-410331-Z,1,1,1,1,1,1
FREP-410359-Z,1,1,1,1,1,1
FREP-410367-Z,1,1,1,1,1,1
FREP-410373-Z,1,1,1,1,1,1
FREP-410403-Z,1,1,1,1,1,1
FREP-410436-Z,1,1,1,1,1,1
FREP-410458-Z,1,1,1,1,1,1
FREP-410460-Z,1,1,1,1,1,1
FREP-410463-Z,1,1,1,1,1,1
FREP-410467-Z,1,1,1,1,1,1
FREP-410472-Z,1,1,1,1,1,1
FREP-410530-Z,1,1,1,1,1,1
FREP-410624-Z,1,1,1,1,1,1
FREP-410647-Z,1,1,1,1,1,1
FREP-410666-Z,1,1,1,1,1,1
FREP-410669-Z,1,1,1,1,1,1
FREP-410687-Z,1,1,1,1,1,1
FREP-410688-Z,1,1,1,1,1,1
FREP-410692-Z,1,1,1,1,1,1
FREP-410753-Z,1,1,1,1,1,1
FREP-410791-Z,1,1,1,1,1,1
FREP-410806-Z,1,1,1,1,1,1
FREP-410839-Z,1,1,1,1,1,1
FREP-410876-Z,1,1,1,1,1,1
FREP-410881-Z,1,1,1,1,1,1
FREP-410899-Z,1,1,1,1,1,1
FREP-410903-Z,1,1,1,1,1,1
FREP-410905-Z,1,1,1,1,1,1
FREP-410913-Z,1,1,1,1,1,1
FREP-410917-Z,1,1,1,1,1,1
FREP-410920-Z,1,1,1,1,1,1
FREP-410924-Z,1,1,1,1,1,1
FREP-410930-Z,1,1,1,1,1,1
FREP-410978-Z,1,1,1,1,1,1
FREP-411011-Z,1,1,1,1,1,1
FREP-411081-Z,1,1,1,1,1,1
FREP-411087-Z,1,1,1,1,1,1
FREP-411101-Z,1,1,1,1,1,1
FREP-411113-Z,1,1,1,1,1,1
FREP-411124-Z,1,1,1,1,1,1
FREP-411128-Z,1,1,1,1,1,1
FREP-411137-Z,1,1,1,1,1,1
FREP-411149-Z,1,1,1,1,1,1
FREP-411165-Z,1,1,1,1,1,1
FREP-411204-Z,1,1,1,1,1,1
FREP-411210-Z,1,1,1,1,1,1
FREP-411260-Z,1,1,1,1,1,1
FREP-411266-Z,1,1,1,1,1,1
FREP-411309-Z,1,1,1,1,1,1
FREP-411313-Z,1,1,1,1,1,1
FREP-411314-Z,1,1,1,1,1,1
FREP-411335-Z,1,1,1,1,1,1
FREP-411349-Z,1,1,1,1,1,1
FREP-411361-Z,1,1,1,1,1,1
FREP-411364-Z,1,1,1,1,1,1
FREP-411370-Z,1,1,1,1,1,1
FREP-411415-Z,1,1,1,1,1,1
FREP-411416-Z,1,1,1,1,1,1
FREP-411418-Z,1,1,1,1,1,1
FREP-411438-Z,1,1,1,1,1,1
FREP-411439-Z,1,1,1,1,1,1
FREP-411454-Z,1,1,1,1,1,1
FREP-411456-Z,1,1,1,1,1,1
FREP-411457-Z,1,1,1,1,1,1
FREP-411465-Z,1,1,1,1,1,1
FREP-411472-Z,1,1,1,1,1,1
FREP-411478-Z,1,1,1,1,1,1
FREP-411482-Z,1,1,1,1,1,1
FREP-411483-Z,1,1,1,1,1,1
FREP-411492-Z,1,1,1,1,1,1
FREP-411496-Z,1,1,1,1,1,1
FREP-41150-M,1,1,1,1,1,1
FREP-411501-Z,1,1,1,1,1,1
FREP-411518-Z,1,1,1,1,1,1
FREP-411531-Z,1,1,1,1,1,1
FREP-411538-Z,1,1,1,1,1,1
FREP-411558-Z,1,1,1,1,1,1
FREP-411572-Z,1,1,1,1,1,1
FREP-411576-Z,1,1,1,1,1,1
FREP-411579-Z,1,1,1,1,1,1
FREP-411592-Z,1,1,1,1,1,1
FREP-411597-Z,1,1,1,1,1,1
FREP-411614-Z,1,1,1,1,1,1
FREP-411618-Z,1,1,1,1,1,1
FREP-411619-Z,1,1,1,1,1,1
FREP-411630-Z,1,1,1,1,1,1
FREP-41169-M,1,1,1,1,1,1
FREP-411727-Z,1,1,1,1,1,1
FREP-41173-M,1,1,1,1,1,1
FREP-411793-Z,1,1,1,1,1,1
FREP-411798-Z,1,1,1,1,1,1
FREP-411843-Z,1,1,1,1,1,1
FREP-411847-Z,1,1,1,1,1,1
FREP-411851-Z,1,1,1,1,1,1
FREP-411852-Z,1,1,1,1,1,1
FREP-411853-Z,1,1,1,1,1,1
FREP-411866-Z,1,1,1,1,1,1
FREP-411895-Z,1,1,1,1,1,1
FREP-411940-Z,1,1,1,1,1,1
FREP-411944-Z,1,1,1,1,1,1
FREP-411967-Z,1,1,1,1,1,1
FREP-411974-Z,1,1,1,1,1,1
FREP-411983-Z,1,1,1,1,1,1
FREP-411990-Z,1,1,1,1,1,1
FREP-411995-Z,1,1,1,1,1,1
FREP-412028-Z,1,1,1,1,1,1
FREP-412044-Z,1,1,1,1,1,1
FREP-412045-Z,1,1,1,1,1,1
FREP-412068-Z,1,1,1,1,1,1
FREP-412073-Z,1,1,1,1,1,1
FREP-412079-Z,1,1,1,1,1,1
FREP-412148-Z,1,1,1,1,1,1
FREP-412204-Z,1,1,1,1,1,1
FREP-412209-Z,1,1,1,1,1,1
FREP-412210-Z,1,1,1,1,1,1
FREP-412212-Z,1,1,1,1,1,1
FREP-412252-Z,1,1,1,1,1,1
FREP-412275-Z,1,1,1,1,1,1
FREP-412278-Z,1,1,1,1,1,1
FREP-412285-Z,1,1,1,1,1,1
FREP-412307-Z,1,1,1,1,1,1
FREP-412373-Z,1,1,1,1,1,1
FREP-412399-Z,1,1,1,1,1,1
FREP-412404-Z,1,1,1,1,1,1
FREP-412405-Z,1,1,1,1,1,1
FREP-412416-Z,1,1,1,1,1,1
FREP-412427-Z,1,1,1,1,1,1
FREP-412447-Z,1,1,1,1,1,1
FREP-412450-Z,1,1,1,1,1,1
FREP-412456-Z,1,1,1,1,1,1
FREP-412508-Z,1,1,1,1,1,1
FREP-412580-Z,1,1,1,1,1,1
FREP-412588-Z,1,1,1,1,1,1
FREP-412597-Z,1,1,1,1,1,1
FREP-412599-Z,1,1,1,1,1,1
FREP-412604-Z,1,1,1,1,1,1
FREP-412616-Z,1,1,1,1,1,1
FREP-412625-Z,1,1,1,1,1,1
FREP-412658-Z,1,1,1,1,1,1
FREP-412664-Z,1,1,1,1,1,1
FREP-412668-Z,1,1,1,1,1,1
FREP-412670-Z,1,1,1,1,1,1
FREP-412690-Z,1,1,1,1,1,1
FREP-412700-Z,1,1,1,1,1,1
FREP-412703-Z,1,1,1,1,1,1
FREP-412712-Z,1,1,1,1,1,1
FREP-412717-Z,1,1,1,1,1,1
FREP-412737-Z,1,1,1,1,1,1
FREP-412752-Z,1,1,1,1,1,1
FREP-412753-Z,1,1,1,1,1,1
FREP-412756-Z,1,1,1,1,1,1
FREP-412758-Z,1,1,1,1,1,1
FREP-412764-Z,1,1,1,1,1,1
FREP-412772-Z,1,1,1,1,1,1
FREP-412776-Z,1,1,1,1,1,1
FREP-412778-Z,1,1,1,1,1,1
FREP-412788-Z,1,1,1,1,1,1
FREP-412789-Z,1,1,1,1,1,1
FREP-412790-Z,1,1,1,1,1,1
FREP-412796-Z,1,1,1,1,1,1
FREP-412797-Z,1,1,1,1,1,1
FREP-412812-Z,1,1,1,1,1,1
FREP-412815-Z,1,1,1,1,1,1
FREP-412818-Z,1,1,1,1,1,1
FREP-412819-Z,1,1,1,1,1,1
FREP-412824-Z,1,1,1,1,1,1
FREP-412826-Z,1,1,1,1,1,1
FREP-412827-Z,1,1,1,1,1,1
FREP-412828-Z,1,1,1,1,1,1
FREP-412830-Z,1,1,1,1,1,1
FREP-412832-Z,1,1,1,1,1,1
FREP-412833-Z,1,1,1,1,1,1
FREP-412836-Z,1,1,1,1,1,1
FREP-412848-Z,1,1,1,1,1,1
FREP-412862-Z,1,1,1,1,1,1
FREP-412866-Z,1,1,1,1,1,1
FREP-412895-Z,1,1,1,1,1,1
FREP-412909-Z,1,1,1,1,1,1
FREP-412925-Z,1,1,1,1,1,1
FREP-412927-Z,1,1,1,1,1,1
FREP-412929-Z,1,1,1,1,1,1
FREP-412933-Z,1,1,1,1,1,1
FREP-412996-Z,1,1,1,1,1,1
FREP-412999-Z,1,1,1,1,1,1
FREP-413021-Z,1,1,1,1,1,1
FREP-413023-Z,1,1,1,1,1,1
FREP-413031-Z,1,1,1,1,1,1
FREP-413037-Z,1,1,1,1,1,1
FREP-413046-Z,1,1,1,1,1,1
FREP-413054-Z,1,1,1,1,1,1
FREP-413058-Z,1,1,1,1,1,1
FREP-413079-Z,1,1,1,1,1,1
FREP-413100-Z,1,1,1,1,1,1
FREP-413125-Z,1,1,1,1,1,1
FREP-413175-Z,1,1,1,1,1,1
FREP-413222-Z,1,1,1,1,1,1
FREP-413252-Z,1,1,1,1,1,1
FREP-413271-Z,1,1,1,1,1,1
FREP-413277-Z,1,1,1,1,1,1
FREP-413282-Z,1,1,1,1,1,1
FREP-413290-Z,1,1,1,1,1,1
FREP-413302-Z,1,1,1,1,1,1
FREP-413334-Z,1,1,1,1,1,1
FREP-413352-Z,1,1,1,1,1,1
FREP-413384-Z,1,1,1,1,1,1
FREP-413407-Z,1,1,1,1,1,1
FREP-413411-Z,1,1,1,1,1,1
FREP-413443-Z,1,1,1,1,1,1
FREP-413446-Z,1,1,1,1,1,1
FREP-413457-Z,1,1,1,1,1,1
FREP-413492-Z,1,1,1,1,1,1
FREP-413498-Z,1,1,1,1,1,1
FREP-413507-Z,1,1,1,1,1,1
FREP-413519-Z,1,1,1,1,1,1
FREP-413523-Z,1,1,1,1,1,1
FREP-413537-Z,1,1,1,1,1,1
FREP-413547-Z,1,1,1,1,1,1
FREP-413549-Z,1,1,1,1,1,1
FREP-413582-Z,1,1,1,1,1,1
FREP-413584-Z,1,1,1,1,1,1
FREP-413595-Z,1,1,1,1,1,1
FREP-413605-Z,1,1,1,1,1,1
FREP-413608-Z,1,1,1,1,1,1
FREP-413614-Z,1,1,1,1,1,1
FREP-413621-Z,1,1,1,1,1,1
FREP-413635-Z,1,1,1,1,1,1
FREP-413649-Z,1,1,1,1,1,1
FREP-413652-Z,1,1,1,1,1,1
FREP-413657-Z,1,1,1,1,1,1
FREP-413676-Z,1,1,1,1,1,1
FREP-413693-Z,1,1,1,1,1,1
FREP-413715-Z,1,1,1,1,1,1
FREP-413750-Z,1,1,1,1,1,1
FREP-413758-Z,1,1,1,1,1,1
FREP-413808-Z,1,1,1,1,1,1
FREP-413840-Z,1,1,1,1,1,1
FREP-413845-Z,1,1,1,1,1,1
FREP-413883-Z,1,1,1,1,1,1
FREP-413884-Z,1,1,1,1,1,1
FREP-413888-Z,1,1,1,1,1,1
FREP-413892-Z,1,1,1,1,1,1
FREP-413905-Z,1,1,1,1,1,1
FREP-413949-Z,1,1,1,1,1,1
FREP-413971-Z,1,1,1,1,1,1
FREP-413978-Z,1,1,1,1,1,1
FREP-413994-Z,1,1,1,1,1,1
FREP-414005-Z,1,1,1,1,1,1
FREP-414020-Z,1,1,1,1,1,1
FREP-414023-Z,1,1,1,1,1,1
FREP-414029-Z,1,1,1,1,1,1
FREP-414053-Z,1,1,1,1,1,1
FREP-414058-Z,1,1,1,1,1,1
FREP-414062-Z,1,1,1,1,1,1
FREP-414069-Z,1,1,1,1,1,1
FREP-414081-Z,1,1,1,1,1,1
FREP-4141-I,1,1,1,1,1,1
FREP-414110-Z,1,1,1,1,1,1
FREP-414126-Z,1,1,1,1,1,1
FREP-414135-Z,1,1,1,1,1,1
FREP-414176-Z,1,1,1,1,1,1
FREP-414199-Z,1,1,1,1,1,1
FREP-414233-Z,1,1,1,1,1,1
FREP-414303-Z,1,1,1,1,1,1
FREP-414313-Z,1,1,1,1,1,1
FREP-414318-Z,1,1,1,1,1,1
FREP-414319-Z,1,1,1,1,1,1
FREP-414323-Z,1,1,1,1,1,1
FREP-414326-Z,1,1,1,1,1,1
FREP-414331-Z,1,1,1,1,1,1
FREP-414343-Z,1,1,1,1,1,1
FREP-414412-Z,1,1,1,1,1,1
FREP-414470-Z,1,1,1,1,1,1
FREP-414476-Z,1,1,1,1,1,1
FREP-414482-Z,1,1,1,1,1,1
FREP-414490-Z,1,1,1,1,1,1
FREP-414509-Z,1,1,1,1,1,1
FREP-414519-Z,1,1,1,1,1,1
FREP-414559-Z,1,1,1,1,1,1
FREP-414636-Z,1,1,1,1,1,1
FREP-414649-Z,1,1,1,1,1,1
FREP-414661-Z,1,1,1,1,1,1
FREP-414732-Z,1,1,1,1,1,1
FREP-414754-Z,1,1,1,1,1,1
FREP-414759-Z,1,1,1,1,1,1
FREP-414764-Z,1,1,1,1,1,1
FREP-414775-Z,1,1,1,1,1,1
FREP-414778-Z,1,1,1,1,1,1
FREP-414783-Z,1,1,1,1,1,1
FREP-414788-Z,1,1,1,1,1,1
FREP-414810-Z,1,1,1,1,1,1
FREP-414812-Z,1,1,1,1,1,1
FREP-414814-Z,1,1,1,1,1,1
FREP-414816-Z,1,1,1,1,1,1
FREP-414851-Z,1,1,1,1,1,1
FREP-414854-Z,1,1,1,1,1,1
FREP-414872-Z,1,1,1,1,1,1
FREP-414874-Z,1,1,1,1,1,1
FREP-414876-Z,1,1,1,1,1,1
FREP-414879-Z,1,1,1,1,1,1
FREP-414882-Z,1,1,1,1,1,1
FREP-414885-Z,1,1,1,1,1,1
FREP-414890-Z,1,1,1,1,1,1
FREP-414904-Z,1,1,1,1,1,1
FREP-414910-Z,1,1,1,1,1,1
FREP-414912-Z,1,1,1,1,1,1
FREP-414917-Z,1,1,1,1,1,1
FREP-414920-Z,1,1,1,1,1,1
FREP-414922-Z,1,1,1,1,1,1
FREP-414925-Z,1,1,1,1,1,1
FREP-414941-Z,1,1,1,1,1,1
FREP-414952-Z,1,1,1,1,1,1
FREP-414966-Z,1,1,1,1,1,1
FREP-414967-Z,1,1,1,1,1,1
FREP-414973-Z,1,1,1,1,1,1
FREP-414974-Z,1,1,1,1,1,1
FREP-414984-Z,1,1,1,1,1,1
FREP-414993-Z,1,1,1,1,1,1
FREP-415016-Z,1,1,1,1,1,1
FREP-415056-Z,1,1,1,1,1,1
FREP-415059-Z,1,1,1,1,1,1
FREP-415075-Z,1,1,1,1,1,1
FREP-415091-Z,1,1,1,1,1,1
FREP-415094-Z,1,1,1,1,1,1
FREP-415121-Z,1,1,1,1,1,1
FREP-415143-Z,1,1,1,1,1,1
FREP-41515-M,1,1,1,1,1,1
FREP-415158-Z,1,1,1,1,1,1
FREP-415182-Z,1,1,1,1,1,1
FREP-415183-Z,1,1,1,1,1,1
FREP-415193-Z,1,1,1,1,1,1
FREP-415199-Z,1,1,1,1,1,1
FREP-415215-Z,1,1,1,1,1,1
FREP-415218-Z,1,1,1,1,1,1
FREP-415278-Z,1,1,1,1,1,1
FREP-415292-Z,1,1,1,1,1,1
FREP-415344-Z,1,1,1,1,1,1
FREP-415348-Z,1,1,1,1,1,1
FREP-415349-Z,1,1,1,1,1,1
FREP-415376-Z,1,1,1,1,1,1
FREP-415385-Z,1,1,1,1,1,1
FREP-415407-Z,1,1,1,1,1,1
FREP-415409-Z,1,1,1,1,1,1
FREP-415417-Z,1,1,1,1,1,1
FREP-415422-Z,1,1,1,1,1,1
FREP-415440-Z,1,1,1,1,1,1
FREP-415457-Z,1,1,1,1,1,1
FREP-415479-Z,1,1,1,1,1,1
FREP-415488-Z,1,1,1,1,1,1
FREP-415493-Z,1,1,1,1,1,1
FREP-415496-Z,1,1,1,1,1,1
FREP-415506-Z,1,1,1,1,1,1
FREP-415509-Z,1,1,1,1,1,1
FREP-415514-Z,1,1,1,1,1,1
FREP-415515-Z,1,1,1,1,1,1
FREP-415522-Z,1,1,1,1,1,1
FREP-415529-Z,1,1,1,1,1,1
FREP-415536-Z,1,1,1,1,1,1
FREP-415540-Z,1,1,1,1,1,1
FREP-415551-Z,1,1,1,1,1,1
FREP-415556-Z,1,1,1,1,1,1
FREP-415557-Z,1,1,1,1,1,1
FREP-415565-Z,1,1,1,1,1,1
FREP-415566-Z,1,1,1,1,1,1
FREP-415567-Z,1,1,1,1,1,1
FREP-415570-Z,1,1,1,1,1,1
FREP-415579-Z,1,1,1,1,1,1
FREP-415582-Z,1,1,1,1,1,1
FREP-415589-Z,1,1,1,1,1,1
FREP-415621-Z,1,1,1,1,1,1
FREP-415636-Z,1,1,1,1,1,1
FREP-415640-Z,1,1,1,1,1,1
FREP-415647-Z,1,1,1,1,1,1
FREP-415661-Z,1,1,1,1,1,1
FREP-415666-Z,1,1,1,1,1,1
FREP-415673-Z,1,1,1,1,1,1
FREP-415706-Z,1,1,1,1,1,1
FREP-415722-Z,1,1,1,1,1,1
FREP-415723-Z,1,1,1,1,1,1
FREP-415736-Z,1,1,1,1,1,1
FREP-415759-Z,1,1,1,1,1,1
FREP-415786-Z,1,1,1,1,1,1
FREP-415789-Z,1,1,1,1,1,1
FREP-415793-Z,1,1,1,1,1,1
FREP-415801-Z,1,1,1,1,1,1
FREP-415802-Z,1,1,1,1,1,1
FREP-415815-Z,1,1,1,1,1,1
FREP-415819-Z,1,1,1,1,1,1
FREP-415823-Z,1,1,1,1,1,1
FREP-415826-Z,1,1,1,1,1,1
FREP-415856-Z,1,1,1,1,1,1
FREP-415860-Z,1,1,1,1,1,1
FREP-415863-Z,1,1,1,1,1,1
FREP-415864-Z,1,1,1,1,1,1
FREP-415869-Z,1,1,1,1,1,1
FREP-415877-Z,1,1,1,1,1,1
FREP-415910-Z,1,1,1,1,1,1
FREP-415916-Z,1,1,1,1,1,1
FREP-415941-Z,1,1,1,1,1,1
FREP-415960-Z,1,1,1,1,1,1
FREP-415963-Z,1,1,1,1,1,1
FREP-415966-Z,1,1,1,1,1,1
FREP-415979-Z,1,1,1,1,1,1
FREP-415981-Z,1,1,1,1,1,1
FREP-416009-Z,1,1,1,1,1,1
FREP-416021-Z,1,1,1,1,1,1
FREP-416039-Z,1,1,1,1,1,1
FREP-416080-Z,1,1,1,1,1,1
FREP-416117-Z,1,1,1,1,1,1
FREP-416171-Z,1,1,1,1,1,1
FREP-416172-Z,1,1,1,1,1,1
FREP-416192-Z,1,1,1,1,1,1
FREP-416196-Z,1,1,1,1,1,1
FREP-416197-Z,1,1,1,1,1,1
FREP-416216-Z,1,1,1,1,1,1
FREP-416229-Z,1,1,1,1,1,1
FREP-416242-Z,1,1,1,1,1,1
FREP-416253-Z,1,1,1,1,1,1
FREP-416263-Z,1,1,1,1,1,1
FREP-416264-Z,1,1,1,1,1,1
FREP-416268-Z,1,1,1,1,1,1
FREP-416282-Z,1,1,1,1,1,1
FREP-416285-Z,1,1,1,1,1,1
FREP-416297-Z,1,1,1,1,1,1
FREP-416298-Z,1,1,1,1,1,1
FREP-416349-Z,1,1,1,1,1,1
FREP-416353-Z,1,1,1,1,1,1
FREP-416363-Z,1,1,1,1,1,1
FREP-416381-Z,1,1,1,1,1,1
FREP-416387-Z,1,1,1,1,1,1
FREP-416388-Z,1,1,1,1,1,1
FREP-416413-Z,1,1,1,1,1,1
FREP-416432-Z,1,1,1,1,1,1
FREP-416439-Z,1,1,1,1,1,1
FREP-416443-Z,1,1,1,1,1,1
FREP-416445-Z,1,1,1,1,1,1
FREP-416453-Z,1,1,1,1,1,1
FREP-416479-Z,1,1,1,1,1,1
FREP-416485-Z,1,1,1,1,1,1
FREP-416532-Z,1,1,1,1,1,1
FREP-416533-Z,1,1,1,1,1,1
FREP-416535-Z,1,1,1,1,1,1
FREP-416537-Z,1,1,1,1,1,1
FREP-416539-Z,1,1,1,1,1,1
FREP-416541-Z,1,1,1,1,1,1
FREP-416545-Z,1,1,1,1,1,1
FREP-416546-Z,1,1,1,1,1,1
FREP-416549-Z,1,1,1,1,1,1
FREP-416552-Z,1,1,1,1,1,1
FREP-416562-Z,1,1,1,1,1,1
FREP-416563-Z,1,1,1,1,1,1
FREP-416564-Z,1,1,1,1,1,1
FREP-416568-Z,1,1,1,1,1,1
FREP-416569-Z,1,1,1,1,1,1
FREP-416570-Z,1,1,1,1,1,1
FREP-416571-Z,1,1,1,1,1,1
FREP-416572-Z,1,1,1,1,1,1
FREP-416578-Z,1,1,1,1,1,1
FREP-416581-Z,1,1,1,1,1,1
FREP-416582-Z,1,1,1,1,1,1
FREP-416589-Z,1,1,1,1,1,1
FREP-416597-Z,1,1,1,1,1,1
FREP-416603-Z,1,1,1,1,1,1
FREP-416604-Z,1,1,1,1,1,1
FREP-416605-Z,1,1,1,1,1,1
FREP-416608-Z,1,1,1,1,1,1
FREP-416610-Z,1,1,1,1,1,1
FREP-416611-Z,1,1,1,1,1,1
FREP-416612-Z,1,1,1,1,1,1
FREP-416617-Z,1,1,1,1,1,1
FREP-416620-Z,1,1,1,1,1,1
FREP-416621-Z,1,1,1,1,1,1
FREP-416624-Z,1,1,1,1,1,1
FREP-416626-Z,1,1,1,1,1,1
FREP-416627-Z,1,1,1,1,1,1
FREP-416629-Z,1,1,1,1,1,1
FREP-416632-Z,1,1,1,1,1,1
FREP-416636-Z,1,1,1,1,1,1
FREP-416641-Z,1,1,1,1,1,1
FREP-416644-Z,1,1,1,1,1,1
FREP-416649-Z,1,1,1,1,1,1
FREP-416650-Z,1,1,1,1,1,1
FREP-416651-Z,1,1,1,1,1,1
FREP-416653-Z,1,1,1,1,1,1
FREP-416658-Z,1,1,1,1,1,1
FREP-416667-Z,1,1,1,1,1,1
FREP-416675-Z,1,1,1,1,1,1
FREP-416676-Z,1,1,1,1,1,1
FREP-416677-Z,1,1,1,1,1,1
FREP-416678-Z,1,1,1,1,1,1
FREP-416680-Z,1,1,1,1,1,1
FREP-416685-Z,1,1,1,1,1,1
FREP-416686-Z,1,1,1,1,1,1
FREP-416690-Z,1,1,1,1,1,1
FREP-416693-Z,1,1,1,1,1,1
FREP-416695-Z,1,1,1,1,1,1
FREP-416702-Z,1,1,1,1,1,1
FREP-416703-Z,1,1,1,1,1,1
FREP-416704-Z,1,1,1,1,1,1
FREP-416706-Z,1,1,1,1,1,1
FREP-416708-Z,1,1,1,1,1,1
FREP-416711-Z,1,1,1,1,1,1
FREP-416715-Z,1,1,1,1,1,1
FREP-416716-Z,1,1,1,1,1,1
FREP-416717-Z,1,1,1,1,1,1
FREP-416723-Z,1,1,1,1,1,1
FREP-416729-Z,1,1,1,1,1,1
FREP-416740-Z,1,1,1,1,1,1
FREP-416741-Z,1,1,1,1,1,1
FREP-416753-Z,1,1,1,1,1,1
FREP-416757-Z,1,1,1,1,1,1
FREP-416760-Z,1,1,1,1,1,1
FREP-416769-Z,1,1,1,1,1,1
FREP-416773-Z,1,1,1,1,1,1
FREP-416779-Z,1,1,1,1,1,1
FREP-416783-Z,1,1,1,1,1,1
FREP-416797-Z,1,1,1,1,1,1
FREP-416803-Z,1,1,1,1,1,1
FREP-416825-Z,1,1,1,1,1,1
FREP-416869-Z,1,1,1,1,1,1
FREP-416874-Z,1,1,1,1,1,1
FREP-416900-Z,1,1,1,1,1,1
FREP-416906-Z,1,1,1,1,1,1
FREP-416919-Z,1,1,1,1,1,1
FREP-416920-Z,1,1,1,1,1,1
FREP-416921-Z,1,1,1,1,1,1
FREP-416924-Z,1,1,1,1,1,1
FREP-416939-Z,1,1,1,1,1,1
FREP-416966-Z,1,1,1,1,1,1
FREP-416969-Z,1,1,1,1,1,1
FREP-416982-Z,1,1,1,1,1,1
FREP-417018-Z,1,1,1,1,1,1
FREP-417021-Z,1,1,1,1,1,1
FREP-417091-Z,1,1,1,1,1,1
FREP-417103-Z,1,1,1,1,1,1
FREP-417105-Z,1,1,1,1,1,1
FREP-417140-Z,1,1,1,1,1,1
FREP-417142-Z,1,1,1,1,1,1
FREP-417174-Z,1,1,1,1,1,1
FREP-417220-Z,1,1,1,1,1,1
FREP-417229-Z,1,1,1,1,1,1
FREP-417267-Z,1,1,1,1,1,1
FREP-417274-Z,1,1,1,1,1,1
FREP-417289-Z,1,1,1,1,1,1
FREP-417305-Z,1,1,1,1,1,1
FREP-417311-Z,1,1,1,1,1,1
FREP-41732-M,1,1,1,1,1,1
FREP-417347-Z,1,1,1,1,1,1
FREP-417425-Z,1,1,1,1,1,1
FREP-417461-Z,1,1,1,1,1,1
FREP-417472-Z,1,1,1,1,1,1
FREP-417488-Z,1,1,1,1,1,1
FREP-417503-Z,1,1,1,1,1,1
FREP-417525-Z,1,1,1,1,1,1
FREP-417538-Z,1,1,1,1,1,1
FREP-417542-Z,1,1,1,1,1,1
FREP-417544-Z,1,1,1,1,1,1
FREP-417552-Z,1,1,1,1,1,1
FREP-417562-Z,1,1,1,1,1,1
FREP-417609-Z,1,1,1,1,1,1
FREP-417614-Z,1,1,1,1,1,1
FREP-417651-Z,1,1,1,1,1,1
FREP-417655-Z,1,1,1,1,1,1
FREP-417673-Z,1,1,1,1,1,1
FREP-417680-Z,1,1,1,1,1,1
FREP-417692-Z,1,1,1,1,1,1
FREP-417697-Z,1,1,1,1,1,1
FREP-417705-Z,1,1,1,1,1,1
FREP-417706-Z,1,1,1,1,1,1
FREP-417729-Z,1,1,1,1,1,1
FREP-417748-Z,1,1,1,1,1,1
FREP-417806-Z,1,1,1,1,1,1
FREP-417808-Z,1,1,1,1,1,1
FREP-417836-Z,1,1,1,1,1,1
FREP-417840-Z,1,1,1,1,1,1
FREP-417842-Z,1,1,1,1,1,1
FREP-417865-Z,1,1,1,1,1,1
FREP-417885-Z,1,1,1,1,1,1
FREP-417959-Z,1,1,1,1,1,1
FREP-417984-Z,1,1,1,1,1,1
FREP-417989-Z,1,1,1,1,1,1
FREP-417999-Z,1,1,1,1,1,1
FREP-418006-Z,1,1,1,1,1,1
FREP-418039-Z,1,1,1,1,1,1
FREP-418065-Z,1,1,1,1,1,1
FREP-418070-Z,1,1,1,1,1,1
FREP-418072-Z,1,1,1,1,1,1
FREP-41808-M,1,1,1,1,1,1
FREP-418087-Z,1,1,1,1,1,1
FREP-418092-Z,1,1,1,1,1,1
FREP-418108-Z,1,1,1,1,1,1
FREP-418119-Z,1,1,1,1,1,1
FREP-418127-Z,1,1,1,1,1,1
FREP-418137-Z,1,1,1,1,1,1
FREP-418148-Z,1,1,1,1,1,1
FREP-418198-Z,1,1,1,1,1,1
FREP-418299-Z,1,1,1,1,1,1
FREP-418309-Z,1,1,1,1,1,1
FREP-418332-Z,1,1,1,1,1,1
FREP-418354-Z,1,1,1,1,1,1
FREP-418362-Z,1,1,1,1,1,1
FREP-418368-Z,1,1,1,1,1,1
FREP-418373-Z,1,1,1,1,1,1
FREP-418386-Z,1,1,1,1,1,1
FREP-418390-Z,1,1,1,1,1,1
FREP-418396-Z,1,1,1,1,1,1
FREP-418421-Z,1,1,1,1,1,1
FREP-418446-Z,1,1,1,1,1,1
FREP-418475-Z,1,1,1,1,1,1
FREP-418521-Z,1,1,1,1,1,1
FREP-418540-Z,1,1,1,1,1,1
FREP-418575-Z,1,1,1,1,1,1
FREP-418577-Z,1,1,1,1,1,1
FREP-418600-Z,1,1,1,1,1,1
FREP-418611-Z,1,1,1,1,1,1
FREP-418646-Z,1,1,1,1,1,1
FREP-418691-Z,1,1,1,1,1,1
FREP-418728-Z,1,1,1,1,1,1
FREP-418769-Z,1,1,1,1,1,1
FREP-418798-Z,1,1,1,1,1,1
FREP-418816-Z,1,1,1,1,1,1
FREP-418820-Z,1,1,1,1,1,1
FREP-418822-Z,1,1,1,1,1,1
FREP-418871-Z,1,1,1,1,1,1
FREP-418875-Z,1,1,1,1,1,1
FREP-418882-Z,1,1,1,1,1,1
FREP-418896-Z,1,1,1,1,1,1
FREP-418905-Z,1,1,1,1,1,1
FREP-418915-Z,1,1,1,1,1,1
FREP-418942-Z,1,1,1,1,1,1
FREP-418960-Z,1,1,1,1,1,1
FREP-418978-Z,1,1,1,1,1,1
FREP-419015-Z,1,1,1,1,1,1
FREP-419043-Z,1,1,1,1,1,1
FREP-419104-Z,1,1,1,1,1,1
FREP-419124-Z,1,1,1,1,1,1
FREP-419125-Z,1,1,1,1,1,1
FREP-419130-Z,1,1,1,1,1,1
FREP-419149-Z,1,1,1,1,1,1
FREP-419170-Z,1,1,1,1,1,1
FREP-419172-Z,1,1,1,1,1,1
FREP-419180-Z,1,1,1,1,1,1
FREP-419232-Z,1,1,1,1,1,1
FREP-419233-Z,1,1,1,1,1,1
FREP-419245-Z,1,1,1,1,1,1
FREP-419287-Z,1,1,1,1,1,1
FREP-419317-Z,1,1,1,1,1,1
FREP-419318-Z,1,1,1,1,1,1
FREP-419351-Z,1,1,1,1,1,1
FREP-419392-Z,1,1,1,1,1,1
FREP-419396-Z,1,1,1,1,1,1
FREP-419502-Z,1,1,1,1,1,1
FREP-419512-Z,1,1,1,1,1,1
FREP-419513-Z,1,1,1,1,1,1
FREP-419531-Z,1,1,1,1,1,1
FREP-419536-Z,1,1,1,1,1,1
FREP-419546-Z,1,1,1,1,1,1
FREP-419561-Z,1,1,1,1,1,1
FREP-419589-Z,1,1,1,1,1,1
FREP-419590-Z,1,1,1,1,1,1
FREP-419638-Z,1,1,1,1,1,1
FREP-419659-Z,1,1,1,1,1,1
FREP-419669-Z,1,1,1,1,1,1
FREP-419736-Z,1,1,1,1,1,1
FREP-419748-Z,1,1,1,1,1,1
FREP-419752-Z,1,1,1,1,1,1
FREP-419758-Z,1,1,1,1,1,1
FREP-419760-Z,1,1,1,1,1,1
FREP-419761-Z,1,1,1,1,1,1
FREP-419773-Z,1,1,1,1,1,1
FREP-419790-Z,1,1,1,1,1,1
FREP-419792-Z,1,1,1,1,1,1
FREP-419820-Z,1,1,1,1,1,1
FREP-419838-Z,1,1,1,1,1,1
FREP-419862-Z,1,1,1,1,1,1
FREP-419935-Z,1,1,1,1,1,1
FREP-419954-Z,1,1,1,1,1,1
FREP-419988-Z,1,1,1,1,1,1
FREP-420046-Z,1,1,1,1,1,1
FREP-420062-Z,1,1,1,1,1,1
FREP-420104-Z,1,1,1,1,1,1
FREP-420105-Z,1,1,1,1,1,1
FREP-420118-Z,1,1,1,1,1,1
FREP-420123-Z,1,1,1,1,1,1
FREP-420163-Z,1,1,1,1,1,1
FREP-420191-Z,1,1,1,1,1,1
FREP-420198-Z,1,1,1,1,1,1
FREP-420209-Z,1,1,1,1,1,1
FREP-420210-Z,1,1,1,1,1,1
FREP-420238-Z,1,1,1,1,1,1
FREP-420256-Z,1,1,1,1,1,1
FREP-420266-Z,1,1,1,1,1,1
FREP-420318-Z,1,1,1,1,1,1
FREP-420320-Z,1,1,1,1,1,1
FREP-420352-Z,1,1,1,1,1,1
FREP-420362-Z,1,1,1,1,1,1
FREP-420370-Z,1,1,1,1,1,1
FREP-420380-Z,1,1,1,1,1,1
FREP-420389-Z,1,1,1,1,1,1
FREP-420416-Z,1,1,1,1,1,1
FREP-420422-Z,1,1,1,1,1,1
FREP-420424-Z,1,1,1,1,1,1
FREP-420490-Z,1,1,1,1,1,1
FREP-420492-Z,1,1,1,1,1,1
FREP-420514-Z,1,1,1,1,1,1
FREP-420520-Z,1,1,1,1,1,1
FREP-420529-Z,1,1,1,1,1,1
FREP-420538-Z,1,1,1,1,1,1
FREP-420541-Z,1,1,1,1,1,1
FREP-420554-Z,1,1,1,1,1,1
FREP-420570-Z,1,1,1,1,1,1
FREP-420571-Z,1,1,1,1,1,1
FREP-420591-Z,1,1,1,1,1,1
FREP-420613-Z,1,1,1,1,1,1
FREP-420623-Z,1,1,1,1,1,1
FREP-420632-Z,1,1,1,1,1,1
FREP-420641-Z,1,1,1,1,1,1
FREP-420652-Z,1,1,1,1,1,1
FREP-420654-Z,1,1,1,1,1,1
FREP-420658-Z,1,1,1,1,1,1
FREP-420663-Z,1,1,1,1,1,1
FREP-420673-Z,1,1,1,1,1,1
FREP-420684-Z,1,1,1,1,1,1
FREP-420691-Z,1,1,1,1,1,1
FREP-420701-Z,1,1,1,1,1,1
FREP-420704-Z,1,1,1,1,1,1
FREP-420707-Z,1,1,1,1,1,1
FREP-420712-Z,1,1,1,1,1,1
FREP-420715-Z,1,1,1,1,1,1
FREP-420721-Z,1,1,1,1,1,1
FREP-420727-Z,1,1,1,1,1,1
FREP-420728-Z,1,1,1,1,1,1
FREP-420733-Z,1,1,1,1,1,1
FREP-420735-Z,1,1,1,1,1,1
FREP-420744-Z,1,1,1,1,1,1
FREP-420748-Z,1,1,1,1,1,1
FREP-420758-Z,1,1,1,1,1,1
FREP-420760-Z,1,1,1,1,1,1
FREP-420761-Z,1,1,1,1,1,1
FREP-420781-Z,1,1,1,1,1,1
FREP-420782-Z,1,1,1,1,1,1
FREP-420783-Z,1,1,1,1,1,1
FREP-420784-Z,1,1,1,1,1,1
FREP-420785-Z,1,1,1,1,1,1
FREP-420798-Z,1,1,1,1,1,1
FREP-420803-Z,1,1,1,1,1,1
FREP-420805-Z,1,1,1,1,1,1
FREP-420806-Z,1,1,1,1,1,1
FREP-420808-Z,1,1,1,1,1,1
FREP-420818-Z,1,1,1,1,1,1
FREP-420820-Z,1,1,1,1,1,1
FREP-420822-Z,1,1,1,1,1,1
FREP-420824-Z,1,1,1,1,1,1
FREP-420830-Z,1,1,1,1,1,1
FREP-420834-Z,1,1,1,1,1,1
FREP-420839-Z,1,1,1,1,1,1
FREP-420840-Z,1,1,1,1,1,1
FREP-420843-Z,1,1,1,1,1,1
FREP-420844-Z,1,1,1,1,1,1
FREP-420848-Z,1,1,1,1,1,1
FREP-420852-Z,1,1,1,1,1,1
FREP-420868-Z,1,1,1,1,1,1
FREP-420869-Z,1,1,1,1,1,1
FREP-420875-Z,1,1,1,1,1,1
FREP-420886-Z,1,1,1,1,1,1
FREP-420887-Z,1,1,1,1,1,1
FREP-420898-Z,1,1,1,1,1,1
FREP-420899-Z,1,1,1,1,1,1
FREP-420902-Z,1,1,1,1,1,1
FREP-420905-Z,1,1,1,1,1,1
FREP-420906-Z,1,1,1,1,1,1
FREP-420908-Z,1,1,1,1,1,1
FREP-420914-Z,1,1,1,1,1,1
FREP-420916-Z,1,1,1,1,1,1
FREP-420923-Z,1,1,1,1,1,1
FREP-420925-Z,1,1,1,1,1,1
FREP-420927-Z,1,1,1,1,1,1
FREP-420941-Z,1,1,1,1,1,1
FREP-42098-M,1,1,1,1,1,1
FREP-420997-Z,1,1,1,1,1,1
FREP-421046-Z,1,1,1,1,1,1
FREP-421047-Z,1,1,1,1,1,1
FREP-421069-Z,1,1,1,1,1,1
FREP-42111-M,1,1,1,1,1,1
FREP-421114-Z,1,1,1,1,1,1
FREP-42114-M,1,1,1,1,1,1
FREP-421144-Z,1,1,1,1,1,1
FREP-421147-Z,1,1,1,1,1,1
FREP-421148-Z,1,1,1,1,1,1
FREP-421170-Z,1,1,1,1,1,1
FREP-421185-Z,1,1,1,1,1,1
FREP-421206-Z,1,1,1,1,1,1
FREP-421218-Z,1,1,1,1,1,1
FREP-421236-Z,1,1,1,1,1,1
FREP-421260-Z,1,1,1,1,1,1
FREP-421263-Z,1,1,1,1,1,1
FREP-421301-Z,1,1,1,1,1,1
FREP-421309-Z,1,1,1,1,1,1
FREP-421326-Z,1,1,1,1,1,1
FREP-421352-Z,1,1,1,1,1,1
FREP-421362-Z,1,1,1,1,1,1
FREP-421381-Z,1,1,1,1,1,1
FREP-421387-Z,1,1,1,1,1,1
FREP-421453-Z,1,1,1,1,1,1
FREP-421461-Z,1,1,1,1,1,1
FREP-421494-Z,1,1,1,1,1,1
FREP-421502-Z,1,1,1,1,1,1
FREP-421507-Z,1,1,1,1,1,1
FREP-421532-Z,1,1,1,1,1,1
FREP-421538-Z,1,1,1,1,1,1
FREP-421539-Z,1,1,1,1,1,1
FREP-421625-Z,1,1,1,1,1,1
FREP-421667-Z,1,1,1,1,1,1
FREP-421682-Z,1,1,1,1,1,1
FREP-421683-Z,1,1,1,1,1,1
FREP-421691-Z,1,1,1,1,1,1
FREP-421696-Z,1,1,1,1,1,1
FREP-421704-Z,1,1,1,1,1,1
FREP-421706-Z,1,1,1,1,1,1
FREP-421716-Z,1,1,1,1,1,1
FREP-421717-Z,1,1,1,1,1,1
FREP-421722-Z,1,1,1,1,1,1
FREP-421735-Z,1,1,1,1,1,1
FREP-421757-Z,1,1,1,1,1,1
FREP-421762-Z,1,1,1,1,1,1
FREP-421768-Z,1,1,1,1,1,1
FREP-421806-Z,1,1,1,1,1,1
FREP-421868-Z,1,1,1,1,1,1
FREP-421900-Z,1,1,1,1,1,1
FREP-42191-M,1,1,1,1,1,1
FREP-421919-Z,1,1,1,1,1,1
FREP-421923-Z,1,1,1,1,1,1
FREP-421978-Z,1,1,1,1,1,1
FREP-421982-Z,1,1,1,1,1,1
FREP-421983-Z,1,1,1,1,1,1
FREP-421987-Z,1,1,1,1,1,1
FREP-422041-Z,1,1,1,1,1,1
FREP-422043-Z,1,1,1,1,1,1
FREP-422099-Z,1,1,1,1,1,1
FREP-422133-Z,1,1,1,1,1,1
FREP-42214-M,1,1,1,1,1,1
FREP-422164-Z,1,1,1,1,1,1
FREP-422171-Z,1,1,1,1,1,1
FREP-422179-Z,1,1,1,1,1,1
FREP-422191-Z,1,1,1,1,1,1
FREP-422215-Z,1,1,1,1,1,1
FREP-422228-Z,1,1,1,1,1,1
FREP-422230-Z,1,1,1,1,1,1
FREP-422232-Z,1,1,1,1,1,1
FREP-422235-Z,1,1,1,1,1,1
FREP-422263-Z,1,1,1,1,1,1
FREP-422291-Z,1,1,1,1,1,1
FREP-422305-Z,1,1,1,1,1,1
FREP-422319-Z,1,1,1,1,1,1
FREP-422320-Z,1,1,1,1,1,1
FREP-42233-M,1,1,1,1,1,1
FREP-422340-Z,1,1,1,1,1,1
FREP-42235-M,1,1,1,1,1,1
FREP-422425-Z,1,1,1,1,1,1
FREP-422426-Z,1,1,1,1,1,1
FREP-422453-Z,1,1,1,1,1,1
FREP-422455-Z,1,1,1,1,1,1
FREP-422476-Z,1,1,1,1,1,1
FREP-422488-Z,1,1,1,1,1,1
FREP-422532-Z,1,1,1,1,1,1
FREP-422537-Z,1,1,1,1,1,1
FREP-422552-Z,1,1,1,1,1,1
FREP-422573-Z,1,1,1,1,1,1
FREP-422579-Z,1,1,1,1,1,1
FREP-422583-Z,1,1,1,1,1,1
FREP-422587-Z,1,1,1,1,1,1
FREP-422600-Z,1,1,1,1,1,1
FREP-422617-Z,1,1,1,1,1,1
FREP-422625-Z,1,1,1,1,1,1
FREP-422632-Z,1,1,1,1,1,1
FREP-422639-Z,1,1,1,1,1,1
FREP-422648-Z,1,1,1,1,1,1
FREP-422679-Z,1,1,1,1,1,1
FREP-422705-Z,1,1,1,1,1,1
FREP-422714-Z,1,1,1,1,1,1
FREP-42272-M,1,1,1,1,1,1
FREP-422729-Z,1,1,1,1,1,1
FREP-42273-M,1,1,1,1,1,1
FREP-42274-M,1,1,1,1,1,1
FREP-422742-Z,1,1,1,1,1,1
FREP-422751-Z,1,1,1,1,1,1
FREP-422799-Z,1,1,1,1,1,1
FREP-422823-Z,1,1,1,1,1,1
FREP-422835-Z,1,1,1,1,1,1
FREP-422849-Z,1,1,1,1,1,1
FREP-422850-Z,1,1,1,1,1,1
FREP-422881-Z,1,1,1,1,1,1
FREP-422896-Z,1,1,1,1,1,1
FREP-422905-Z,1,1,1,1,1,1
FREP-422914-Z,1,1,1,1,1,1
FREP-422955-Z,1,1,1,1,1,1
FREP-422972-Z,1,1,1,1,1,1
FREP-422983-Z,1,1,1,1,1,1
FREP-423000-Z,1,1,1,1,1,1
FREP-423022-Z,1,1,1,1,1,1
FREP-423023-Z,1,1,1,1,1,1
FREP-423049-Z,1,1,1,1,1,1
FREP-423053-Z,1,1,1,1,1,1
FREP-423056-Z,1,1,1,1,1,1
FREP-423059-Z,1,1,1,1,1,1
FREP-423076-Z,1,1,1,1,1,1
FREP-423100-Z,1,1,1,1,1,1
FREP-423106-Z,1,1,1,1,1,1
FREP-423111-Z,1,1,1,1,1,1
FREP-423114-Z,1,1,1,1,1,1
FREP-423116-Z,1,1,1,1,1,1
FREP-423124-Z,1,1,1,1,1,1
FREP-423130-Z,1,1,1,1,1,1
FREP-423135-Z,1,1,1,1,1,1
FREP-423145-Z,1,1,1,1,1,1
FREP-423220-Z,1,1,1,1,1,1
FREP-42323-M,1,1,1,1,1,1
FREP-423274-Z,1,1,1,1,1,1
FREP-423290-Z,1,1,1,1,1,1
FREP-423291-Z,1,1,1,1,1,1
FREP-423309-Z,1,1,1,1,1,1
FREP-423323-Z,1,1,1,1,1,1
FREP-423444-Z,1,1,1,1,1,1
FREP-42345-M,1,1,1,1,1,1
FREP-423460-Z,1,1,1,1,1,1
FREP-423476-Z,1,1,1,1,1,1
FREP-423483-Z,1,1,1,1,1,1
FREP-423495-Z,1,1,1,1,1,1
FREP-423535-Z,1,1,1,1,1,1
FREP-423579-Z,1,1,1,1,1,1
FREP-423608-Z,1,1,1,1,1,1
FREP-423632-Z,1,1,1,1,1,1
FREP-42366-M,1,1,1,1,1,1
FREP-423667-Z,1,1,1,1,1,1
FREP-42370-M,1,1,1,1,1,1
FREP-423700-Z,1,1,1,1,1,1
FREP-423740-Z,1,1,1,1,1,1
FREP-423742-Z,1,1,1,1,1,1
FREP-423747-Z,1,1,1,1,1,1
FREP-423753-Z,1,1,1,1,1,1
FREP-423764-Z,1,1,1,1,1,1
FREP-423778-Z,1,1,1,1,1,1
FREP-423784-Z,1,1,1,1,1,1
FREP-423794-Z,1,1,1,1,1,1
FREP-423800-Z,1,1,1,1,1,1
FREP-423809-Z,1,1,1,1,1,1
FREP-423819-Z,1,1,1,1,1,1
FREP-423826-Z,1,1,1,1,1,1
FREP-423832-Z,1,1,1,1,1,1
FREP-423936-Z,1,1,1,1,1,1
FREP-423955-Z,1,1,1,1,1,1
FREP-423977-Z,1,1,1,1,1,1
FREP-424017-Z,1,1,1,1,1,1
FREP-424049-Z,1,1,1,1,1,1
FREP-424052-Z,1,1,1,1,1,1
FREP-424053-Z,1,1,1,1,1,1
FREP-424083-Z,1,1,1,1,1,1
FREP-424108-Z,1,1,1,1,1,1
FREP-42414-M,1,1,1,1,1,1
FREP-42419-M,1,1,1,1,1,1
FREP-424209-Z,1,1,1,1,1,1
FREP-424288-Z,1,1,1,1,1,1
FREP-424291-Z,1,1,1,1,1,1
FREP-424301-Z,1,1,1,1,1,1
FREP-424322-Z,1,1,1,1,1,1
FREP-424325-Z,1,1,1,1,1,1
FREP-424329-Z,1,1,1,1,1,1
FREP-424330-Z,1,1,1,1,1,1
FREP-424332-Z,1,1,1,1,1,1
FREP-424341-Z,1,1,1,1,1,1
FREP-424378-Z,1,1,1,1,1,1
FREP-424387-Z,1,1,1,1,1,1
FREP-424432-Z,1,1,1,1,1,1
FREP-424455-Z,1,1,1,1,1,1
FREP-424490-Z,1,1,1,1,1,1
FREP-424504-Z,1,1,1,1,1,1
FREP-424537-Z,1,1,1,1,1,1
FREP-424540-Z,1,1,1,1,1,1
FREP-424545-Z,1,1,1,1,1,1
FREP-424564-Z,1,1,1,1,1,1
FREP-424570-Z,1,1,1,1,1,1
FREP-424572-Z,1,1,1,1,1,1
FREP-424579-Z,1,1,1,1,1,1
FREP-424586-Z,1,1,1,1,1,1
FREP-424593-Z,1,1,1,1,1,1
FREP-424613-Z,1,1,1,1,1,1
FREP-424618-Z,1,1,1,1,1,1
FREP-424623-Z,1,1,1,1,1,1
FREP-424624-Z,1,1,1,1,1,1
FREP-424630-Z,1,1,1,1,1,1
FREP-424642-Z,1,1,1,1,1,1
FREP-424657-Z,1,1,1,1,1,1
FREP-424663-Z,1,1,1,1,1,1
FREP-424691-Z,1,1,1,1,1,1
FREP-424692-Z,1,1,1,1,1,1
FREP-424698-Z,1,1,1,1,1,1
FREP-424708-Z,1,1,1,1,1,1
FREP-424725-Z,1,1,1,1,1,1
FREP-424729-Z,1,1,1,1,1,1
FREP-424742-Z,1,1,1,1,1,1
FREP-424750-Z,1,1,1,1,1,1
FREP-424754-Z,1,1,1,1,1,1
FREP-424763-Z,1,1,1,1,1,1
FREP-424778-Z,1,1,1,1,1,1
FREP-42479-M,1,1,1,1,1,1
FREP-424798-Z,1,1,1,1,1,1
FREP-424816-Z,1,1,1,1,1,1
FREP-424817-Z,1,1,1,1,1,1
FREP-424818-Z,1,1,1,1,1,1
FREP-424831-Z,1,1,1,1,1,1
FREP-424833-Z,1,1,1,1,1,1
FREP-424841-Z,1,1,1,1,1,1
FREP-424844-Z,1,1,1,1,1,1
FREP-424850-Z,1,1,1,1,1,1
FREP-424852-Z,1,1,1,1,1,1
FREP-424856-Z,1,1,1,1,1,1
FREP-424863-Z,1,1,1,1,1,1
FREP-424864-Z,1,1,1,1,1,1
FREP-424866-Z,1,1,1,1,1,1
FREP-424881-Z,1,1,1,1,1,1
FREP-424882-Z,1,1,1,1,1,1
FREP-424884-Z,1,1,1,1,1,1
FREP-424886-Z,1,1,1,1,1,1
FREP-424894-Z,1,1,1,1,1,1
FREP-424957-Z,1,1,1,1,1,1
FREP-42498-M,1,1,1,1,1,1
FREP-424992-Z,1,1,1,1,1,1
FREP-425012-Z,1,1,1,1,1,1
FREP-425013-Z,1,1,1,1,1,1
FREP-425036-Z,1,1,1,1,1,1
FREP-42505-M,1,1,1,1,1,1
FREP-425051-Z,1,1,1,1,1,1
FREP-425057-Z,1,1,1,1,1,1
FREP-425064-Z,1,1,1,1,1,1
FREP-425077-Z,1,1,1,1,1,1
FREP-425109-Z,1,1,1,1,1,1
FREP-425133-Z,1,1,1,1,1,1
FREP-425140-Z,1,1,1,1,1,1
FREP-425151-Z,1,1,1,1,1,1
FREP-425204-Z,1,1,1,1,1,1
FREP-425213-Z,1,1,1,1,1,1
FREP-425218-Z,1,1,1,1,1,1
FREP-425224-Z,1,1,1,1,1,1
FREP-425231-Z,1,1,1,1,1,1
FREP-425241-Z,1,1,1,1,1,1
FREP-425244-Z,1,1,1,1,1,1
FREP-425253-Z,1,1,1,1,1,1
FREP-425265-Z,1,1,1,1,1,1
FREP-425298-Z,1,1,1,1,1,1
FREP-425311-Z,1,1,1,1,1,1
FREP-425321-Z,1,1,1,1,1,1
FREP-425342-Z,1,1,1,1,1,1
FREP-425348-Z,1,1,1,1,1,1
FREP-425354-Z,1,1,1,1,1,1
FREP-425362-Z,1,1,1,1,1,1
FREP-425417-Z,1,1,1,1,1,1
FREP-42546-M,1,1,1,1,1,1
FREP-425470-Z,1,1,1,1,1,1
FREP-42548-M,1,1,1,1,1,1
FREP-42550-M,1,1,1,1,1,1
FREP-425523-Z,1,1,1,1,1,1
FREP-425549-Z,1,1,1,1,1,1
FREP-42566-M,1,1,1,1,1,1
FREP-425663-Z,1,1,1,1,1,1
FREP-425673-Z,1,1,1,1,1,1
FREP-42568-M,1,1,1,1,1,1
FREP-425698-Z,1,1,1,1,1,1
FREP-425703-Z,1,1,1,1,1,1
FREP-425731-Z,1,1,1,1,1,1
FREP-425743-Z,1,1,1,1,1,1
FREP-425751-Z,1,1,1,1,1,1
FREP-425891-Z,1,1,1,1,1,1
FREP-425911-Z,1,1,1,1,1,1
FREP-425920-Z,1,1,1,1,1,1
FREP-425929-Z,1,1,1,1,1,1
FREP-425939-Z,1,1,1,1,1,1
FREP-425942-Z,1,1,1,1,1,1
FREP-425951-Z,1,1,1,1,1,1
FREP-425957-Z,1,1,1,1,1,1
FREP-425959-Z,1,1,1,1,1,1
FREP-425961-Z,1,1,1,1,1,1
FREP-425962-Z,1,1,1,1,1,1
FREP-425967-Z,1,1,1,1,1,1
FREP-425968-Z,1,1,1,1,1,1
FREP-426097-Z,1,1,1,1,1,1
FREP-426103-Z,1,1,1,1,1,1
FREP-426113-Z,1,1,1,1,1,1
FREP-426128-Z,1,1,1,1,1,1
FREP-426130-Z,1,1,1,1,1,1
FREP-426152-Z,1,1,1,1,1,1
FREP-426153-Z,1,1,1,1,1,1
FREP-426159-Z,1,1,1,1,1,1
FREP-426163-Z,1,1,1,1,1,1
FREP-426164-Z,1,1,1,1,1,1
FREP-426166-Z,1,1,1,1,1,1
FREP-426174-Z,1,1,1,1,1,1
FREP-426186-Z,1,1,1,1,1,1
FREP-426196-Z,1,1,1,1,1,1
FREP-426208-Z,1,1,1,1,1,1
FREP-426217-Z,1,1,1,1,1,1
FREP-426219-Z,1,1,1,1,1,1
FREP-426303-Z,1,1,1,1,1,1
FREP-426316-Z,1,1,1,1,1,1
FREP-426333-Z,1,1,1,1,1,1
FREP-426347-Z,1,1,1,1,1,1
FREP-426353-Z,1,1,1,1,1,1
FREP-426363-Z,1,1,1,1,1,1
FREP-426368-Z,1,1,1,1,1,1
FREP-426379-Z,1,1,1,1,1,1
FREP-426391-Z,1,1,1,1,1,1
FREP-426394-Z,1,1,1,1,1,1
FREP-426405-Z,1,1,1,1,1,1
FREP-426437-Z,1,1,1,1,1,1
FREP-426471-Z,1,1,1,1,1,1
FREP-426477-Z,1,1,1,1,1,1
FREP-426485-Z,1,1,1,1,1,1
FREP-426494-Z,1,1,1,1,1,1
FREP-426516-Z,1,1,1,1,1,1
FREP-426517-Z,1,1,1,1,1,1
FREP-426532-Z,1,1,1,1,1,1
FREP-426579-Z,1,1,1,1,1,1
FREP-426581-Z,1,1,1,1,1,1
FREP-426608-Z,1,1,1,1,1,1
FREP-426609-Z,1,1,1,1,1,1
FREP-426612-Z,1,1,1,1,1,1
FREP-426613-Z,1,1,1,1,1,1
FREP-426617-Z,1,1,1,1,1,1
FREP-426638-Z,1,1,1,1,1,1
FREP-426656-Z,1,1,1,1,1,1
FREP-426668-Z,1,1,1,1,1,1
FREP-426670-Z,1,1,1,1,1,1
FREP-426679-Z,1,1,1,1,1,1
FREP-426684-Z,1,1,1,1,1,1
FREP-426694-Z,1,1,1,1,1,1
FREP-426697-Z,1,1,1,1,1,1
FREP-426702-Z,1,1,1,1,1,1
FREP-426753-Z,1,1,1,1,1,1
FREP-426755-Z,1,1,1,1,1,1
FREP-426780-Z,1,1,1,1,1,1
FREP-426798-Z,1,1,1,1,1,1
FREP-426804-Z,1,1,1,1,1,1
FREP-426820-Z,1,1,1,1,1,1
FREP-426822-Z,1,1,1,1,1,1
FREP-426833-Z,1,1,1,1,1,1
FREP-426881-Z,1,1,1,1,1,1
FREP-426882-Z,1,1,1,1,1,1
FREP-426907-Z,1,1,1,1,1,1
FREP-426908-Z,1,1,1,1,1,1
FREP-426915-Z,1,1,1,1,1,1
FREP-426922-Z,1,1,1,1,1,1
FREP-426926-Z,1,1,1,1,1,1
FREP-426927-Z,1,1,1,1,1,1
FREP-426932-Z,1,1,1,1,1,1
FREP-426990-Z,1,1,1,1,1,1
FREP-427019-Z,1,1,1,1,1,1
FREP-427026-Z,1,1,1,1,1,1
FREP-427031-Z,1,1,1,1,1,1
FREP-427056-Z,1,1,1,1,1,1
FREP-427111-Z,1,1,1,1,1,1
FREP-427132-Z,1,1,1,1,1,1
FREP-427165-Z,1,1,1,1,1,1
FREP-427190-Z,1,1,1,1,1,1
FREP-427192-Z,1,1,1,1,1,1
FREP-427206-Z,1,1,1,1,1,1
FREP-427235-Z,1,1,1,1,1,1
FREP-427252-Z,1,1,1,1,1,1
FREP-427265-Z,1,1,1,1,1,1
FREP-427288-Z,1,1,1,1,1,1
FREP-427292-Z,1,1,1,1,1,1
FREP-427313-Z,1,1,1,1,1,1
FREP-427324-Z,1,1,1,1,1,1
FREP-427325-Z,1,1,1,1,1,1
FREP-427329-Z,1,1,1,1,1,1
FREP-427330-Z,1,1,1,1,1,1
FREP-427339-Z,1,1,1,1,1,1
FREP-427340-Z,1,1,1,1,1,1
FREP-427356-Z,1,1,1,1,1,1
FREP-427380-Z,1,1,1,1,1,1
FREP-427415-Z,1,1,1,1,1,1
FREP-427484-Z,1,1,1,1,1,1
FREP-427502-Z,1,1,1,1,1,1
FREP-427509-Z,1,1,1,1,1,1
FREP-427513-Z,1,1,1,1,1,1
FREP-427523-Z,1,1,1,1,1,1
FREP-427525-Z,1,1,1,1,1,1
FREP-427531-Z,1,1,1,1,1,1
FREP-427538-Z,1,1,1,1,1,1
FREP-427545-Z,1,1,1,1,1,1
FREP-427548-Z,1,1,1,1,1,1
FREP-427557-Z,1,1,1,1,1,1
FREP-427568-Z,1,1,1,1,1,1
FREP-427573-Z,1,1,1,1,1,1
FREP-427589-Z,1,1,1,1,1,1
FREP-427622-Z,1,1,1,1,1,1
FREP-427633-Z,1,1,1,1,1,1
FREP-427642-Z,1,1,1,1,1,1
FREP-427646-Z,1,1,1,1,1,1
FREP-427700-Z,1,1,1,1,1,1
FREP-427757-Z,1,1,1,1,1,1
FREP-427763-Z,1,1,1,1,1,1
FREP-427838-Z,1,1,1,1,1,1
FREP-427861-Z,1,1,1,1,1,1
FREP-427870-Z,1,1,1,1,1,1
FREP-427875-Z,1,1,1,1,1,1
FREP-427881-Z,1,1,1,1,1,1
FREP-427883-Z,1,1,1,1,1,1
FREP-427898-Z,1,1,1,1,1,1
FREP-427918-Z,1,1,1,1,1,1
FREP-427922-Z,1,1,1,1,1,1
FREP-427930-Z,1,1,1,1,1,1
FREP-427956-Z,1,1,1,1,1,1
FREP-427983-Z,1,1,1,1,1,1
FREP-428041-Z,1,1,1,1,1,1
FREP-428053-Z,1,1,1,1,1,1
FREP-428068-Z,1,1,1,1,1,1
FREP-42808-M,1,1,1,1,1,1
FREP-428143-Z,1,1,1,1,1,1
FREP-428147-Z,1,1,1,1,1,1
FREP-428180-Z,1,1,1,1,1,1
FREP-428182-Z,1,1,1,1,1,1
FREP-428190-Z,1,1,1,1,1,1
FREP-428218-Z,1,1,1,1,1,1
FREP-428224-Z,1,1,1,1,1,1
FREP-428329-Z,1,1,1,1,1,1
FREP-428353-Z,1,1,1,1,1,1
FREP-428358-Z,1,1,1,1,1,1
FREP-428365-Z,1,1,1,1,1,1
FREP-428375-Z,1,1,1,1,1,1
FREP-428380-Z,1,1,1,1,1,1
FREP-428393-Z,1,1,1,1,1,1
FREP-428395-Z,1,1,1,1,1,1
FREP-428397-Z,1,1,1,1,1,1
FREP-428398-Z,1,1,1,1,1,1
FREP-428399-Z,1,1,1,1,1,1
FREP-428401-Z,1,1,1,1,1,1
FREP-428407-Z,1,1,1,1,1,1
FREP-42844-M,1,1,1,1,1,1
FREP-428448-Z,1,1,1,1,1,1
FREP-42850-M,1,1,1,1,1,1
FREP-428529-Z,1,1,1,1,1,1
FREP-428535-Z,1,1,1,1,1,1
FREP-428548-Z,1,1,1,1,1,1
FREP-428556-Z,1,1,1,1,1,1
FREP-428562-Z,1,1,1,1,1,1
FREP-428563-Z,1,1,1,1,1,1
FREP-428564-Z,1,1,1,1,1,1
FREP-428567-Z,1,1,1,1,1,1
FREP-428570-Z,1,1,1,1,1,1
FREP-428574-Z,1,1,1,1,1,1
FREP-428651-Z,1,1,1,1,1,1
FREP-428679-Z,1,1,1,1,1,1
FREP-428729-Z,1,1,1,1,1,1
FREP-428732-Z,1,1,1,1,1,1
FREP-428742-Z,1,1,1,1,1,1
FREP-428747-Z,1,1,1,1,1,1
FREP-428777-Z,1,1,1,1,1,1
FREP-428797-Z,1,1,1,1,1,1
FREP-428809-Z,1,1,1,1,1,1
FREP-428812-Z,1,1,1,1,1,1
FREP-428813-Z,1,1,1,1,1,1
FREP-428823-Z,1,1,1,1,1,1
FREP-428869-Z,1,1,1,1,1,1
FREP-428888-Z,1,1,1,1,1,1
FREP-428897-Z,1,1,1,1,1,1
FREP-428908-Z,1,1,1,1,1,1
FREP-428923-Z,1,1,1,1,1,1
FREP-428925-Z,1,1,1,1,1,1
FREP-428932-Z,1,1,1,1,1,1
FREP-428954-Z,1,1,1,1,1,1
FREP-428963-Z,1,1,1,1,1,1
FREP-428965-Z,1,1,1,1,1,1
FREP-428969-Z,1,1,1,1,1,1
FREP-428974-Z,1,1,1,1,1,1
FREP-429000-Z,1,1,1,1,1,1
FREP-429016-Z,1,1,1,1,1,1
FREP-429051-Z,1,1,1,1,1,1
FREP-429055-Z,1,1,1,1,1,1
FREP-429076-Z,1,1,1,1,1,1
FREP-429077-Z,1,1,1,1,1,1
FREP-429079-Z,1,1,1,1,1,1
FREP-429084-Z,1,1,1,1,1,1
FREP-429131-Z,1,1,1,1,1,1
FREP-429133-Z,1,1,1,1,1,1
FREP-429158-Z,1,1,1,1,1,1
FREP-429185-Z,1,1,1,1,1,1
FREP-429186-Z,1,1,1,1,1,1
FREP-429244-Z,1,1,1,1,1,1
FREP-429267-Z,1,1,1,1,1,1
FREP-429273-Z,1,1,1,1,1,1
FREP-429276-Z,1,1,1,1,1,1
FREP-429284-Z,1,1,1,1,1,1
FREP-429303-Z,1,1,1,1,1,1
FREP-429304-Z,1,1,1,1,1,1
FREP-429326-Z,1,1,1,1,1,1
FREP-429330-Z,1,1,1,1,1,1
FREP-42934-M,1,1,1,1,1,1
FREP-429354-Z,1,1,1,1,1,1
FREP-429423-Z,1,1,1,1,1,1
FREP-429428-Z,1,1,1,1,1,1
FREP-429446-Z,1,1,1,1,1,1
FREP-429456-Z,1,1,1,1,1,1
FREP-429463-Z,1,1,1,1,1,1
FREP-429480-Z,1,1,1,1,1,1
FREP-429519-Z,1,1,1,1,1,1
FREP-429542-Z,1,1,1,1,1,1
FREP-429575-Z,1,1,1,1,1,1
FREP-429577-Z,1,1,1,1,1,1
FREP-429603-Z,1,1,1,1,1,1
FREP-429606-Z,1,1,1,1,1,1
FREP-429607-Z,1,1,1,1,1,1
FREP-429611-Z,1,1,1,1,1,1
FREP-429613-Z,1,1,1,1,1,1
FREP-429619-Z,1,1,1,1,1,1
FREP-429636-Z,1,1,1,1,1,1
FREP-429641-Z,1,1,1,1,1,1
FREP-429661-Z,1,1,1,1,1,1
FREP-429663-Z,1,1,1,1,1,1
FREP-429736-Z,1,1,1,1,1,1
FREP-429744-Z,1,1,1,1,1,1
FREP-429768-Z,1,1,1,1,1,1
FREP-429773-Z,1,1,1,1,1,1
FREP-429776-Z,1,1,1,1,1,1
FREP-429778-Z,1,1,1,1,1,1
FREP-429787-Z,1,1,1,1,1,1
FREP-4298-I,1,1,1,1,1,1
FREP-4299-I,1,1,1,1,1,1
FREP-429914-Z,1,1,1,1,1,1
FREP-429923-Z,1,1,1,1,1,1
FREP-429933-Z,1,1,1,1,1,1
FREP-429941-Z,1,1,1,1,1,1
FREP-429943-Z,1,1,1,1,1,1
FREP-429945-Z,1,1,1,1,1,1
FREP-429975-Z,1,1,1,1,1,1
FREP-429977-Z,1,1,1,1,1,1
FREP-430002-Z,1,1,1,1,1,1
FREP-43002-M,1,1,1,1,1,1
FREP-430026-Z,1,1,1,1,1,1
FREP-430051-Z,1,1,1,1,1,1
FREP-430054-Z,1,1,1,1,1,1
FREP-430059-Z,1,1,1,1,1,1
FREP-430072-Z,1,1,1,1,1,1
FREP-430073-Z,1,1,1,1,1,1
FREP-430075-Z,1,1,1,1,1,1
FREP-430079-Z,1,1,1,1,1,1
FREP-430086-Z,1,1,1,1,1,1
FREP-430088-Z,1,1,1,1,1,1
FREP-430101-Z,1,1,1,1,1,1
FREP-430122-Z,1,1,1,1,1,1
FREP-430127-Z,1,1,1,1,1,1
FREP-430196-Z,1,1,1,1,1,1
FREP-430217-Z,1,1,1,1,1,1
FREP-430222-Z,1,1,1,1,1,1
FREP-430234-Z,1,1,1,1,1,1
FREP-430307-Z,1,1,1,1,1,1
FREP-430344-Z,1,1,1,1,1,1
FREP-430407-Z,1,1,1,1,1,1
FREP-430428-Z,1,1,1,1,1,1
FREP-430434-Z,1,1,1,1,1,1
FREP-430504-Z,1,1,1,1,1,1
FREP-430519-Z,1,1,1,1,1,1
FREP-430525-Z,1,1,1,1,1,1
FREP-430560-Z,1,1,1,1,1,1
FREP-430612-Z,1,1,1,1,1,1
FREP-430630-Z,1,1,1,1,1,1
FREP-430635-Z,1,1,1,1,1,1
FREP-430640-Z,1,1,1,1,1,1
FREP-430647-Z,1,1,1,1,1,1
FREP-430699-Z,1,1,1,1,1,1
FREP-430799-Z,1,1,1,1,1,1
FREP-430801-Z,1,1,1,1,1,1
FREP-430827-Z,1,1,1,1,1,1
FREP-430839-Z,1,1,1,1,1,1
FREP-430852-Z,1,1,1,1,1,1
FREP-430890-Z,1,1,1,1,1,1
FREP-430894-Z,1,1,1,1,1,1
FREP-430897-Z,1,1,1,1,1,1
FREP-430953-Z,1,1,1,1,1,1
FREP-431016-Z,1,1,1,1,1,1
FREP-431017-Z,1,1,1,1,1,1
FREP-431034-Z,1,1,1,1,1,1
FREP-431041-Z,1,1,1,1,1,1
FREP-431044-Z,1,1,1,1,1,1
FREP-431052-Z,1,1,1,1,1,1
FREP-431063-Z,1,1,1,1,1,1
FREP-431064-Z,1,1,1,1,1,1
FREP-431104-Z,1,1,1,1,1,1
FREP-431120-Z,1,1,1,1,1,1
FREP-431143-Z,1,1,1,1,1,1
FREP-431157-Z,1,1,1,1,1,1
FREP-431161-Z,1,1,1,1,1,1
FREP-431166-Z,1,1,1,1,1,1
FREP-431183-Z,1,1,1,1,1,1
FREP-431221-Z,1,1,1,1,1,1
FREP-431236-Z,1,1,1,1,1,1
FREP-431281-Z,1,1,1,1,1,1
FREP-431287-Z,1,1,1,1,1,1
FREP-431302-Z,1,1,1,1,1,1
FREP-431336-Z,1,1,1,1,1,1
FREP-431359-Z,1,1,1,1,1,1
FREP-431443-Z,1,1,1,1,1,1
FREP-431456-Z,1,1,1,1,1,1
FREP-431483-Z,1,1,1,1,1,1
FREP-431497-Z,1,1,1,1,1,1
FREP-431534-Z,1,1,1,1,1,1
FREP-431580-Z,1,1,1,1,1,1
FREP-431582-Z,1,1,1,1,1,1
FREP-431610-Z,1,1,1,1,1,1
FREP-431631-Z,1,1,1,1,1,1
FREP-431633-Z,1,1,1,1,1,1
FREP-431636-Z,1,1,1,1,1,1
FREP-431643-Z,1,1,1,1,1,1
FREP-431649-Z,1,1,1,1,1,1
FREP-431659-Z,1,1,1,1,1,1
FREP-431664-Z,1,1,1,1,1,1
FREP-431697-Z,1,1,1,1,1,1
FREP-4317-I,1,1,1,1,1,1
FREP-431708-Z,1,1,1,1,1,1
FREP-431754-Z,1,1,1,1,1,1
FREP-431762-Z,1,1,1,1,1,1
FREP-431770-Z,1,1,1,1,1,1
FREP-431784-Z,1,1,1,1,1,1
FREP-431787-Z,1,1,1,1,1,1
FREP-431807-Z,1,1,1,1,1,1
FREP-431839-Z,1,1,1,1,1,1
FREP-43189-M,1,1,1,1,1,1
FREP-43191-M,1,1,1,1,1,1
FREP-431941-Z,1,1,1,1,1,1
FREP-431944-Z,1,1,1,1,1,1
FREP-431950-Z,1,1,1,1,1,1
FREP-431953-Z,1,1,1,1,1,1
FREP-431965-Z,1,1,1,1,1,1
FREP-431969-Z,1,1,1,1,1,1
FREP-431970-Z,1,1,1,1,1,1
FREP-431972-Z,1,1,1,1,1,1
FREP-431979-Z,1,1,1,1,1,1
FREP-431980-Z,1,1,1,1,1,1
FREP-432023-Z,1,1,1,1,1,1
FREP-432048-Z,1,1,1,1,1,1
FREP-432089-Z,1,1,1,1,1,1
FREP-432110-Z,1,1,1,1,1,1
FREP-432118-Z,1,1,1,1,1,1
FREP-432120-Z,1,1,1,1,1,1
FREP-432129-Z,1,1,1,1,1,1
FREP-432182-Z,1,1,1,1,1,1
FREP-432183-Z,1,1,1,1,1,1
FREP-432201-Z,1,1,1,1,1,1
FREP-432220-Z,1,1,1,1,1,1
FREP-432223-Z,1,1,1,1,1,1
FREP-432227-Z,1,1,1,1,1,1
FREP-432242-Z,1,1,1,1,1,1
FREP-432246-Z,1,1,1,1,1,1
FREP-432261-Z,1,1,1,1,1,1
FREP-432286-Z,1,1,1,1,1,1
FREP-432287-Z,1,1,1,1,1,1
FREP-432294-Z,1,1,1,1,1,1
FREP-432307-Z,1,1,1,1,1,1
FREP-432309-Z,1,1,1,1,1,1
FREP-432318-Z,1,1,1,1,1,1
FREP-432344-Z,1,1,1,1,1,1
FREP-432394-Z,1,1,1,1,1,1
FREP-432396-Z,1,1,1,1,1,1
FREP-432461-Z,1,1,1,1,1,1
FREP-432470-Z,1,1,1,1,1,1
FREP-432485-Z,1,1,1,1,1,1
FREP-432553-Z,1,1,1,1,1,1
FREP-432579-Z,1,1,1,1,1,1
FREP-43259-M,1,1,1,1,1,1
FREP-432648-Z,1,1,1,1,1,1
FREP-432652-Z,1,1,1,1,1,1
FREP-432664-Z,1,1,1,1,1,1
FREP-432706-Z,1,1,1,1,1,1
FREP-432737-Z,1,1,1,1,1,1
FREP-432775-Z,1,1,1,1,1,1
FREP-432819-Z,1,1,1,1,1,1
FREP-432833-Z,1,1,1,1,1,1
FREP-432841-Z,1,1,1,1,1,1
FREP-432845-Z,1,1,1,1,1,1
FREP-432862-Z,1,1,1,1,1,1
FREP-432891-Z,1,1,1,1,1,1
FREP-432896-Z,1,1,1,1,1,1
FREP-432921-Z,1,1,1,1,1,1
FREP-432938-Z,1,1,1,1,1,1
FREP-432943-Z,1,1,1,1,1,1
FREP-433004-Z,1,1,1,1,1,1
FREP-433015-Z,1,1,1,1,1,1
FREP-433016-Z,1,1,1,1,1,1
FREP-433028-Z,1,1,1,1,1,1
FREP-433044-Z,1,1,1,1,1,1
FREP-433060-Z,1,1,1,1,1,1
FREP-433063-Z,1,1,1,1,1,1
FREP-433068-Z,1,1,1,1,1,1
FREP-43385-M,1,1,1,1,1,1
FREP-436295-Z,1,1,1,1,1,1
FREP-43670-M,1,1,1,1,1,1
FREP-43686-M,1,1,1,1,1,1
FREP-43693-M,1,1,1,1,1,1
FREP-43737-M,1,1,1,1,1,1
FREP-43817-M,1,1,1,1,1,1
FREP-43869-M,1,1,1,1,1,1
FREP-4396-I,1,1,1,1,1,1
FREP-4406-I,1,1,1,1,1,1
FREP-44325-M,1,1,1,1,1,1
FREP-44394-M,1,1,1,1,1,1
FREP-4440-I,1,1,1,1,1,1
FREP-44446-M,1,1,1,1,1,1
FREP-44447-M,1,1,1,1,1,1
FREP-44449-M,1,1,1,1,1,1
FREP-4446-I,1,1,1,1,1,1
FREP-44493-M,1,1,1,1,1,1
FREP-44498-M,1,1,1,1,1,1
FREP-4450-I,1,1,1,1,1,1
FREP-44542-M,1,1,1,1,1,1
FREP-44609-M,1,1,1,1,1,1
FREP-44628-M,1,1,1,1,1,1
FREP-44632-M,1,1,1,1,1,1
FREP-44635-M,1,1,1,1,1,1
FREP-44637-M,1,1,1,1,1,1
FREP-44650-M,1,1,1,1,1,1
FREP-44700-M,1,1,1,1,1,1
FREP-4477-I,1,1,1,1,1,1
FREP-4492-I,1,1,1,1,1,1
FREP-4511-I,1,1,1,1,1,1
FREP-4514-I,1,1,1,1,1,1
FREP-4532-I,1,1,1,1,1,1
FREP-4543-I,1,1,1,1,1,1
FREP-45798-M,1,1,1,1,1,1
FREP-45862-M,1,1,1,1,1,1
FREP-4589-I,1,1,1,1,1,1
FREP-45907-C,1,1,1,1,1,1
FREP-4594-I,1,1,1,1,1,1
FREP-4599-I,1,1,1,1,1,1
FREP-4600-I,1,1,1,1,1,1
FREP-46037-M,1,1,1,1,1,1
FREP-4604-I,1,1,1,1,1,1
FREP-46042-C,1,1,1,1,1,1
FREP-46047-M,1,1,1,1,1,1
FREP-46054-C,1,1,1,1,1,1
FREP-46063-M,1,1,1,1,1,1
FREP-46076-M,1,1,1,1,1,1
FREP-4608-I,1,1,1,1,1,1
FREP-46086-C,1,1,1,1,1,1
FREP-4614-I,1,1,1,1,1,1
FREP-46143-C,1,1,1,1,1,1
FREP-4615-I,1,1,1,1,1,1
FREP-4616-I,1,1,1,1,1,1
FREP-46167-C,1,1,1,1,1,1
FREP-4618-I,1,1,1,1,1,1
FREP-4622-I,1,1,1,1,1,1
FREP-46269-C,1,1,1,1,1,1
FREP-4636-I,1,1,1,1,1,1
FREP-4639-I,1,1,1,1,1,1
FREP-4643-I,1,1,1,1,1,1
FREP-46441-C,1,1,1,1,1,1
FREP-4652-I,1,1,1,1,1,1
FREP-4655-I,1,1,1,1,1,1
FREP-46559-C,1,1,1,1,1,1
FREP-46666-C,1,1,1,1,1,1
FREP-46668-C,1,1,1,1,1,1
FREP-46682-M,1,1,1,1,1,1
FREP-4670-I,1,1,1,1,1,1
FREP-4677-I,1,1,1,1,1,1
FREP-46781-C,1,1,1,1,1,1
FREP-46801-C,1,1,1,1,1,1
FREP-46805-C,1,1,1,1,1,1
FREP-46813-C,1,1,1,1,1,1
FREP-4685-I,1,1,1,1,1,1
FREP-4687-I,1,1,1,1,1,1
FREP-46893-C,1,1,1,1,1,1
FREP-4690-I,1,1,1,1,1,1
FREP-4694-I,1,1,1,1,1,1
FREP-46975-C,1,1,1,1,1,1
FREP-46978-C,1,1,1,1,1,1
FREP-47018-C,1,1,1,1,1,1
FREP-47096-C,1,1,1,1,1,1
FREP-47107-C,1,1,1,1,1,1
FREP-47132-M,1,1,1,1,1,1
FREP-4715-I,1,1,1,1,1,1
FREP-47175-M,1,1,1,1,1,1
FREP-47178-M,1,1,1,1,1,1
FREP-4719-I,1,1,1,1,1,1
FREP-47197-M,1,1,1,1,1,1
FREP-4720-I,1,1,1,1,1,1
FREP-47217-M,1,1,1,1,1,1
FREP-47222-M,1,1,1,1,1,1
FREP-47225-V,1,1,1,1,1,1
FREP-47248-M,1,1,1,1,1,1
FREP-47251-M,1,1,1,1,1,1
FREP-47254-C,1,1,1,1,1,1
FREP-47272-C,1,1,1,1,1,1
FREP-47296-C,1,1,1,1,1,1
FREP-47334-C,1,1,1,1,1,1
FREP-47350-C,1,1,1,1,1,1
FREP-47414-C,1,1,1,1,1,1
FREP-47424-C,1,1,1,1,1,1
FREP-47459-C,1,1,1,1,1,1
FREP-47667-C,1,1,1,1,1,1
FREP-47800-C,1,1,1,1,1,1
FREP-47899-C,1,1,1,1,1,1
FREP-47906-C,1,1,1,1,1,1
FREP-47991-C,1,1,1,1,1,1
FREP-47994-C,1,1,1,1,1,1
FREP-48083-C,1,1,1,1,1,1
FREP-48092-C,1,1,1,1,1,1
FREP-48102-C,1,1,1,1,1,1
FREP-48146-C,1,1,1,1,1,1
FREP-48165-C,1,1,1,1,1,1
FREP-48228-C,1,1,1,1,1,1
FREP-48253-C,1,1,1,1,1,1
FREP-48279-C,1,1,1,1,1,1
FREP-48316-C,1,1,1,1,1,1
FREP-48375-C,1,1,1,1,1,1
FREP-48423-C,1,1,1,1,1,1
FREP-48464-C,1,1,1,1,1,1
FREP-48480-C,1,1,1,1,1,1
FREP-48508-C,1,1,1,1,1,1
FREP-48552-C,1,1,1,1,1,1
FREP-48558-C,1,1,1,1,1,1
FREP-48585-C,1,1,1,1,1,1
FREP-48602-C,1,1,1,1,1,1
FREP-48645-C,1,1,1,1,1,1
FREP-48715-C,1,1,1,1,1,1
FREP-48741-C,1,1,1,1,1,1
FREP-48747-C,1,1,1,1,1,1
FREP-48748-C,1,1,1,1,1,1
FREP-48800-C,1,1,1,1,1,1
FREP-48833-C,1,1,1,1,1,1
FREP-48850-C,1,1,1,1,1,1
FREP-48869-C,1,1,1,1,1,1
FREP-48923-C,1,1,1,1,1,1
FREP-48935-C,1,1,1,1,1,1
FREP-48943-C,1,1,1,1,1,1
FREP-48958-C,1,1,1,1,1,1
FREP-49013-C,1,1,1,1,1,1
FREP-49026-C,1,1,1,1,1,1
FREP-49064-C,1,1,1,1,1,1
FREP-49065-C,1,1,1,1,1,1
FREP-49084-C,1,1,1,1,1,1
FREP-49192-C,1,1,1,1,1,1
FREP-49198-C,1,1,1,1,1,1
FREP-49215-C,1,1,1,1,1,1
FREP-49230-C,1,1,1,1,1,1
FREP-49237-C,1,1,1,1,1,1
FREP-49241-C,1,1,1,1,1,1
FREP-49249-C,1,1,1,1,1,1
FREP-49252-C,1,1,1,1,1,1
FREP-49315-C,1,1,1,1,1,1
FREP-49372-C,1,1,1,1,1,1
FREP-49384-C,1,1,1,1,1,1
FREP-49449-C,1,1,1,1,1,1
FREP-49452-C,1,1,1,1,1,1
FREP-49474-C,1,1,1,1,1,1
FREP-49569-C,1,1,1,1,1,1
FREP-49655-C,1,1,1,1,1,1
FREP-49658-C,1,1,1,1,1,1
FREP-49737-C,1,1,1,1,1,1
FREP-49945-C,1,1,1,1,1,1
FREP-49963-C,1,1,1,1,1,1
FREP-4999-I,1,1,1,1,1,1
FREP-5000-I,1,1,1,1,1,1
FREP-50009-C,1,1,1,1,1,1
FREP-50047-C,1,1,1,1,1,1
FREP-5006-I,1,1,1,1,1,1
FREP-50096-C,1,1,1,1,1,1
FREP-50126-C,1,1,1,1,1,1
FREP-50145-C,1,1,1,1,1,1
FREP-5015-I,1,1,1,1,1,1
FREP-50211-C,1,1,1,1,1,1
FREP-50213-C,1,1,1,1,1,1
FREP-50219-C,1,1,1,1,1,1
FREP-50239-C,1,1,1,1,1,1
FREP-5024-I,1,1,1,1,1,1
FREP-50282-C,1,1,1,1,1,1
FREP-50287-C,1,1,1,1,1,1
FREP-50342-C,1,1,1,1,1,1
FREP-50377-C,1,1,1,1,1,1
FREP-50403-C,1,1,1,1,1,1
FREP-50443-C,1,1,1,1,1,1
FREP-50508-C,1,1,1,1,1,1
FREP-50587-C,1,1,1,1,1,1
FREP-50600-C,1,1,1,1,1,1
FREP-5068-I,1,1,1,1,1,1
FREP-5071-I,1,1,1,1,1,1
FREP-5076-I,1,1,1,1,1,1
FREP-50770-C,1,1,1,1,1,1
FREP-50860-C,1,1,1,1,1,1
FREP-50864-C,1,1,1,1,1,1
FREP-50869-C,1,1,1,1,1,1
FREP-50920-C,1,1,1,1,1,1
FREP-50925-C,1,1,1,1,1,1
FREP-5097-I,1,1,1,1,1,1
FREP-50974-C,1,1,1,1,1,1
FREP-51019-C,1,1,1,1,1,1
FREP-51046-C,1,1,1,1,1,1
FREP-51047-C,1,1,1,1,1,1
FREP-51061-C,1,1,1,1,1,1
FREP-51127-C,1,1,1,1,1,1
FREP-51159-C,1,1,1,1,1,1
FREP-51160-C,1,1,1,1,1,1
FREP-51163-C,1,1,1,1,1,1
FREP-51188-C,1,1,1,1,1,1
FREP-51196-C,1,1,1,1,1,1
FREP-51212-C,1,1,1,1,1,1
FREP-51225-C,1,1,1,1,1,1
FREP-51237-C,1,1,1,1,1,1
FREP-51299-C,1,1,1,1,1,1
FREP-51318-C,1,1,1,1,1,1
FREP-51319-C,1,1,1,1,1,1
FREP-51351-C,1,1,1,1,1,1
FREP-51377-C,1,1,1,1,1,1
FREP-51389-C,1,1,1,1,1,1
FREP-51396-N,1,1,1,1,1,1
FREP-51413-C,1,1,1,1,1,1
FREP-51519-C,1,1,1,1,1,1
FREP-51537-C,1,1,1,1,1,1
FREP-5156-I,1,1,1,1,1,1
FREP-51598-C,1,1,1,1,1,1
FREP-51666-C,1,1,1,1,1,1
FREP-51672-C,1,1,1,1,1,1
FREP-51675-C,1,1,1,1,1,1
FREP-51699-C,1,1,1,1,1,1
FREP-51704-C,1,1,1,1,1,1
FREP-51711-C,1,1,1,1,1,1
FREP-51730-C,1,1,1,1,1,1
FREP-51853-C,1,1,1,1,1,1
FREP-51868-C,1,1,1,1,1,1
FREP-51874-C,1,1,1,1,1,1
FREP-51941-C,1,1,1,1,1,1
FREP-52009-C,1,1,1,1,1,1
FREP-52079-C,1,1,1,1,1,1
FREP-52119-C,1,1,1,1,1,1
FREP-52127-C,1,1,1,1,1,1
FREP-52180-C,1,1,1,1,1,1
FREP-5221-I,1,1,1,1,1,1
FREP-52286-C,1,1,1,1,1,1
FREP-5229-I,1,1,1,1,1,1
FREP-52302-C,1,1,1,1,1,1
FREP-52321-C,1,1,1,1,1,1
FREP-52415-C,1,1,1,1,1,1
FREP-52426-C,1,1,1,1,1,1
FREP-52434-C,1,1,1,1,1,1
FREP-52478-C,1,1,1,1,1,1
FREP-52494-C,1,1,1,1,1,1
FREP-52551-C,1,1,1,1,1,1
FREP-5258-I,1,1,1,1,1,1
FREP-52580-C,1,1,1,1,1,1
FREP-52598-C,1,1,1,1,1,1
FREP-52629-C,1,1,1,1,1,1
FREP-52633-C,1,1,1,1,1,1
FREP-52651-C,1,1,1,1,1,1
FREP-52664-C,1,1,1,1,1,1
FREP-52697-C,1,1,1,1,1,1
FREP-52701-C,1,1,1,1,1,1
FREP-52712-C,1,1,1,1,1,1
FREP-52790-C,1,1,1,1,1,1
FREP-52818-C,1,1,1,1,1,1
FREP-52842-C,1,1,1,1,1,1
FREP-52866-C,1,1,1,1,1,1
FREP-52885-C,1,1,1,1,1,1
FREP-52892-C,1,1,1,1,1,1
FREP-52919-C,1,1,1,1,1,1
FREP-52992-C,1,1,1,1,1,1
FREP-53004-C,1,1,1,1,1,1
FREP-53008-C,1,1,1,1,1,1
FREP-53036-C,1,1,1,1,1,1
FREP-53054-C,1,1,1,1,1,1
FREP-53089-C,1,1,1,1,1,1
FREP-5314-I,1,1,1,1,1,1
FREP-53286-C,1,1,1,1,1,1
FREP-53295-C,1,1,1,1,1,1
FREP-53343-C,1,1,1,1,1,1
FREP-53347-C,1,1,1,1,1,1
FREP-53359-C,1,1,1,1,1,1
FREP-53415-C,1,1,1,1,1,1
FREP-53422-C,1,1,1,1,1,1
FREP-53430-C,1,1,1,1,1,1
FREP-53437-C,1,1,1,1,1,1
FREP-53444-C,1,1,1,1,1,1
FREP-53450-C,1,1,1,1,1,1
FREP-53455-C,1,1,1,1,1,1
FREP-53470-C,1,1,1,1,1,1
FREP-53493-C,1,1,1,1,1,1
FREP-53512-C,1,1,1,1,1,1
FREP-53617-C,1,1,1,1,1,1
FREP-53655-C,1,1,1,1,1,1
FREP-53744-C,1,1,1,1,1,1
FREP-53752-C,1,1,1,1,1,1
FREP-53822-C,1,1,1,1,1,1
FREP-53830-C,1,1,1,1,1,1
FREP-53848-C,1,1,1,1,1,1
FREP-53939-C,1,1,1,1,1,1
FREP-53940-C,1,1,1,1,1,1
FREP-53949-C,1,1,1,1,1,1
FREP-53962-C,1,1,1,1,1,1
FREP-53977-C,1,1,1,1,1,1
FREP-53979-C,1,1,1,1,1,1
FREP-53993-C,1,1,1,1,1,1
FREP-54008-C,1,1,1,1,1,1
FREP-54025-C,1,1,1,1,1,1
FREP-54090-C,1,1,1,1,1,1
FREP-54142-C,1,1,1,1,1,1
FREP-54167-C,1,1,1,1,1,1
FREP-54198-C,1,1,1,1,1,1
FREP-54223-C,1,1,1,1,1,1
FREP-54226-C,1,1,1,1,1,1
FREP-54261-C,1,1,1,1,1,1
FREP-54301-C,1,1,1,1,1,1
FREP-54342-C,1,1,1,1,1,1
FREP-54412-C,1,1,1,1,1,1
FREP-54430-C,1,1,1,1,1,1
FREP-54458-C,1,1,1,1,1,1
FREP-54459-C,1,1,1,1,1,1
FREP-54468-C,1,1,1,1,1,1
FREP-54473-C,1,1,1,1,1,1
FREP-5450-I,1,1,1,1,1,1
FREP-54534-C,1,1,1,1,1,1
FREP-54537-C,1,1,1,1,1,1
FREP-54545-C,1,1,1,1,1,1
FREP-54573-C,1,1,1,1,1,1
FREP-54575-C,1,1,1,1,1,1
FREP-54618-C,1,1,1,1,1,1
FREP-54638-C,1,1,1,1,1,1
FREP-54643-C,1,1,1,1,1,1
FREP-5465-I,1,1,1,1,1,1
FREP-5466-I,1,1,1,1,1,1
FREP-5467-I,1,1,1,1,1,1
FREP-54680-C,1,1,1,1,1,1
FREP-54688-C,1,1,1,1,1,1
FREP-5471-I,1,1,1,1,1,1
FREP-54728-C,1,1,1,1,1,1
FREP-54778-C,1,1,1,1,1,1
FREP-5479-I,1,1,1,1,1,1
FREP-54790-C,1,1,1,1,1,1
FREP-54806-C,1,1,1,1,1,1
FREP-5481-I,1,1,1,1,1,1
FREP-54810-C,1,1,1,1,1,1
FREP-54860-C,1,1,1,1,1,1
FREP-54888-C,1,1,1,1,1,1
FREP-54898-C,1,1,1,1,1,1
FREP-5491-I,1,1,1,1,1,1
FREP-54937-C,1,1,1,1,1,1
FREP-5497-I,1,1,1,1,1,1
FREP-5500-I,1,1,1,1,1,1
FREP-55012-C,1,1,1,1,1,1
FREP-55052-C,1,1,1,1,1,1
FREP-5506-I,1,1,1,1,1,1
FREP-55103-C,1,1,1,1,1,1
FREP-55119-C,1,1,1,1,1,1
FREP-55180-C,1,1,1,1,1,1
FREP-55267-C,1,1,1,1,1,1
FREP-5529-I,1,1,1,1,1,1
FREP-55291-C,1,1,1,1,1,1
FREP-55306-C,1,1,1,1,1,1
FREP-55366-C,1,1,1,1,1,1
FREP-55407-C,1,1,1,1,1,1
FREP-55436-C,1,1,1,1,1,1
FREP-55482-C,1,1,1,1,1,1
FREP-55488-C,1,1,1,1,1,1
FREP-55523-C,1,1,1,1,1,1
FREP-55529-C,1,1,1,1,1,1
FREP-55542-C,1,1,1,1,1,1
FREP-55543-C,1,1,1,1,1,1
FREP-55553-C,1,1,1,1,1,1
FREP-55563-C,1,1,1,1,1,1
FREP-55569-C,1,1,1,1,1,1
FREP-55574-C,1,1,1,1,1,1
FREP-55596-C,1,1,1,1,1,1
FREP-55609-C,1,1,1,1,1,1
FREP-55696-C,1,1,1,1,1,1
FREP-5576-I,1,1,1,1,1,1
FREP-55778-C,1,1,1,1,1,1
FREP-55789-C,1,1,1,1,1,1
FREP-55802-C,1,1,1,1,1,1
FREP-55806-C,1,1,1,1,1,1
FREP-55899-C,1,1,1,1,1,1
FREP-55931-C,1,1,1,1,1,1
FREP-55936-C,1,1,1,1,1,1
FREP-55939-C,1,1,1,1,1,1
FREP-55950-C,1,1,1,1,1,1
FREP-55982-C,1,1,1,1,1,1
FREP-56046-C,1,1,1,1,1,1
FREP-56052-C,1,1,1,1,1,1
FREP-56088-C,1,1,1,1,1,1
FREP-56130-C,1,1,1,1,1,1
FREP-56184-C,1,1,1,1,1,1
FREP-56192-C,1,1,1,1,1,1
FREP-56212-C,1,1,1,1,1,1
FREP-56217-V,1,1,1,1,1,1
FREP-56272-C,1,1,1,1,1,1
FREP-56318-V,1,1,1,1,1,1
FREP-56327-C,1,1,1,1,1,1
FREP-56343-C,1,1,1,1,1,1
FREP-56392-C,1,1,1,1,1,1
FREP-56397-C,1,1,1,1,1,1
FREP-56407-V,1,1,1,1,1,1
FREP-56441-V,1,1,1,1,1,1
FREP-56449-C,1,1,1,1,1,1
FREP-56455-C,1,1,1,1,1,1
FREP-56550-C,1,1,1,1,1,1
FREP-56572-V,1,1,1,1,1,1
FREP-56578-C,1,1,1,1,1,1
FREP-56579-C,1,1,1,1,1,1
FREP-56652-C,1,1,1,1,1,1
FREP-56655-C,1,1,1,1,1,1
FREP-56657-C,1,1,1,1,1,1
FREP-56661-C,1,1,1,1,1,1
FREP-56708-C,1,1,1,1,1,1
FREP-56727-V,1,1,1,1,1,1
FREP-56760-V,1,1,1,1,1,1
FREP-56768-V,1,1,1,1,1,1
FREP-56783-V,1,1,1,1,1,1
FREP-56784-C,1,1,1,1,1,1
FREP-56814-V,1,1,1,1,1,1
FREP-56858-V,1,1,1,1,1,1
FREP-56882-V,1,1,1,1,1,1
FREP-56890-V,1,1,1,1,1,1
FREP-56896-V,1,1,1,1,1,1
FREP-56899-C,1,1,1,1,1,1
FREP-56909-C,1,1,1,1,1,1
FREP-56910-C,1,1,1,1,1,1
FREP-56971-V,1,1,1,1,1,1
FREP-56977-V,1,1,1,1,1,1
FREP-57032-C,1,1,1,1,1,1
FREP-57047-C,1,1,1,1,1,1
FREP-57069-C,1,1,1,1,1,1
FREP-57073-C,1,1,1,1,1,1
FREP-57087-C,1,1,1,1,1,1
FREP-57095-C,1,1,1,1,1,1
FREP-57131-C,1,1,1,1,1,1
FREP-57135-V,1,1,1,1,1,1
FREP-57137-C,1,1,1,1,1,1
FREP-57142-V,1,1,1,1,1,1
FREP-57166-C,1,1,1,1,1,1
FREP-57167-C,1,1,1,1,1,1
FREP-57183-V,1,1,1,1,1,1
FREP-57205-C,1,1,1,1,1,1
FREP-57211-V,1,1,1,1,1,1
FREP-57216-C,1,1,1,1,1,1
FREP-57223-V,1,1,1,1,1,1
FREP-57229-C,1,1,1,1,1,1
FREP-57231-C,1,1,1,1,1,1
FREP-57241-C,1,1,1,1,1,1
FREP-57241-V,1,1,1,1,1,1
FREP-57269-C,1,1,1,1,1,1
FREP-57298-C,1,1,1,1,1,1
FREP-57317-C,1,1,1,1,1,1
FREP-57318-C,1,1,1,1,1,1
FREP-57340-V,1,1,1,1,1,1
FREP-57401-C,1,1,1,1,1,1
FREP-57411-C,1,1,1,1,1,1
FREP-57430-C,1,1,1,1,1,1
FREP-57438-C,1,1,1,1,1,1
FREP-57469-C,1,1,1,1,1,1
FREP-57480-V,1,1,1,1,1,1
FREP-57501-C,1,1,1,1,1,1
FREP-57520-C,1,1,1,1,1,1
FREP-57524-C,1,1,1,1,1,1
FREP-57528-V,1,1,1,1,1,1
FREP-57539-V,1,1,1,1,1,1
FREP-57547-C,1,1,1,1,1,1
FREP-57580-C,1,1,1,1,1,1
FREP-57605-C,1,1,1,1,1,1
FREP-57618-V,1,1,1,1,1,1
FREP-57638-V,1,1,1,1,1,1
FREP-57639-C,1,1,1,1,1,1
FREP-57656-C,1,1,1,1,1,1
FREP-57656-V,1,1,1,1,1,1
FREP-57663-C,1,1,1,1,1,1
FREP-57738-C,1,1,1,1,1,1
FREP-57787-V,1,1,1,1,1,1
FREP-57814-C,1,1,1,1,1,1
FREP-57823-C,1,1,1,1,1,1
FREP-57827-C,1,1,1,1,1,1
FREP-57831-V,1,1,1,1,1,1
FREP-57839-V,1,1,1,1,1,1
FREP-57893-C,1,1,1,1,1,1
FREP-57893-V,1,1,1,1,1,1
FREP-57903-V,1,1,1,1,1,1
FREP-57971-C,1,1,1,1,1,1
FREP-57978-C,1,1,1,1,1,1
FREP-57981-C,1,1,1,1,1,1
FREP-57988-V,1,1,1,1,1,1
FREP-57994-C,1,1,1,1,1,1
FREP-58005-C,1,1,1,1,1,1
FREP-58012-C,1,1,1,1,1,1
FREP-58014-C,1,1,1,1,1,1
FREP-58025-C,1,1,1,1,1,1
FREP-58026-V,1,1,1,1,1,1
FREP-58043-V,1,1,1,1,1,1
FREP-58055-C,1,1,1,1,1,1
FREP-58055-V,1,1,1,1,1,1
FREP-58066-V,1,1,1,1,1,1
FREP-58067-V,1,1,1,1,1,1
FREP-58074-C,1,1,1,1,1,1
FREP-58076-V,1,1,1,1,1,1
FREP-58084-V,1,1,1,1,1,1
FREP-58091-V,1,1,1,1,1,1
FREP-58095-C,1,1,1,1,1,1
FREP-58112-V,1,1,1,1,1,1
FREP-58119-C,1,1,1,1,1,1
FREP-58127-V,1,1,1,1,1,1
FREP-58135-V,1,1,1,1,1,1
FREP-58138-V,1,1,1,1,1,1
FREP-58151-C,1,1,1,1,1,1
FREP-58176-C,1,1,1,1,1,1
FREP-58178-C,1,1,1,1,1,1
FREP-58188-C,1,1,1,1,1,1
FREP-58241-V,1,1,1,1,1,1
FREP-58242-C,1,1,1,1,1,1
FREP-58249-V,1,1,1,1,1,1
FREP-58252-C,1,1,1,1,1,1
FREP-58274-V,1,1,1,1,1,1
FREP-58302-V,1,1,1,1,1,1
FREP-58310-C,1,1,1,1,1,1
FREP-58335-C,1,1,1,1,1,1
FREP-58340-V,1,1,1,1,1,1
FREP-58341-C,1,1,1,1,1,1
FREP-58362-V,1,1,1,1,1,1
FREP-58391-C,1,1,1,1,1,1
FREP-58399-C,1,1,1,1,1,1
FREP-58400-C,1,1,1,1,1,1
FREP-58424-V,1,1,1,1,1,1
FREP-58448-C,1,1,1,1,1,1
FREP-58463-V,1,1,1,1,1,1
FREP-58469-V,1,1,1,1,1,1
FREP-58486-V,1,1,1,1,1,1
FREP-58497-C,1,1,1,1,1,1
FREP-58569-V,1,1,1,1,1,1
FREP-58570-V,1,1,1,1,1,1
FREP-58590-V,1,1,1,1,1,1
FREP-58599-C,1,1,1,1,1,1
FREP-58605-C,1,1,1,1,1,1
FREP-58648-C,1,1,1,1,1,1
FREP-58661-V,1,1,1,1,1,1
FREP-58667-V,1,1,1,1,1,1
FREP-58669-V,1,1,1,1,1,1
FREP-58695-V,1,1,1,1,1,1
FREP-58700-V,1,1,1,1,1,1
FREP-58701-C,1,1,1,1,1,1
FREP-58728-V,1,1,1,1,1,1
FREP-58729-C,1,1,1,1,1,1
FREP-58745-V,1,1,1,1,1,1
FREP-58749-C,1,1,1,1,1,1
FREP-58757-V,1,1,1,1,1,1
FREP-58758-C,1,1,1,1,1,1
FREP-58763-C,1,1,1,1,1,1
FREP-58769-C,1,1,1,1,1,1
FREP-58784-C,1,1,1,1,1,1
FREP-58785-C,1,1,1,1,1,1
FREP-58792-C,1,1,1,1,1,1
FREP-58812-C,1,1,1,1,1,1
FREP-58838-V,1,1,1,1,1,1
FREP-58864-V,1,1,1,1,1,1
FREP-58866-V,1,1,1,1,1,1
FREP-58886-C,1,1,1,1,1,1
FREP-58893-C,1,1,1,1,1,1
FREP-58906-C,1,1,1,1,1,1
FREP-58941-C,1,1,1,1,1,1
FREP-58949-C,1,1,1,1,1,1
FREP-58977-C,1,1,1,1,1,1
FREP-58987-C,1,1,1,1,1,1
FREP-59036-C,1,1,1,1,1,1
FREP-59039-C,1,1,1,1,1,1
FREP-59069-C,1,1,1,1,1,1
FREP-59102-C,1,1,1,1,1,1
FREP-59103-V,1,1,1,1,1,1
FREP-59114-V,1,1,1,1,1,1
FREP-59115-V,1,1,1,1,1,1
FREP-59121-V,1,1,1,1,1,1
FREP-59133-C,1,1,1,1,1,1
FREP-59182-C,1,1,1,1,1,1
FREP-59193-V,1,1,1,1,1,1
FREP-59255-V,1,1,1,1,1,1
FREP-59264-V,1,1,1,1,1,1
FREP-59303-V,1,1,1,1,1,1
FREP-59317-C,1,1,1,1,1,1
FREP-59353-V,1,1,1,1,1,1
FREP-59367-V,1,1,1,1,1,1
FREP-59411-V,1,1,1,1,1,1
FREP-59417-V,1,1,1,1,1,1
FREP-59430-V,1,1,1,1,1,1
FREP-59432-C,1,1,1,1,1,1
FREP-59464-C,1,1,1,1,1,1
FREP-59486-V,1,1,1,1,1,1
FREP-59562-V,1,1,1,1,1,1
FREP-59563-V,1,1,1,1,1,1
FREP-59617-C,1,1,1,1,1,1
FREP-59639-V,1,1,1,1,1,1
FREP-59667-C,1,1,1,1,1,1
FREP-59672-C,1,1,1,1,1,1
FREP-59702-V,1,1,1,1,1,1
FREP-59750-V,1,1,1,1,1,1
FREP-59765-V,1,1,1,1,1,1
FREP-59772-V,1,1,1,1,1,1
FREP-59776-V,1,1,1,1,1,1
FREP-59781-V,1,1,1,1,1,1
FREP-59782-C,1,1,1,1,1,1
FREP-59787-V,1,1,1,1,1,1
FREP-59800-C,1,1,1,1,1,1
FREP-59802-C,1,1,1,1,1,1
FREP-59817-V,1,1,1,1,1,1
FREP-59819-V,1,1,1,1,1,1
FREP-59861-V,1,1,1,1,1,1
FREP-59866-V,1,1,1,1,1,1
FREP-59874-V,1,1,1,1,1,1
FREP-59882-V,1,1,1,1,1,1
FREP-59884-V,1,1,1,1,1,1
FREP-59924-V,1,1,1,1,1,1
FREP-59958-C,1,1,1,1,1,1
FREP-59960-V,1,1,1,1,1,1
FREP-59980-V,1,1,1,1,1,1
FREP-59985-C,1,1,1,1,1,1
FREP-59987-V,1,1,1,1,1,1
FREP-60008-C,1,1,1,1,1,1
FREP-60020-C,1,1,1,1,1,1
FREP-60031-C,1,1,1,1,1,1
FREP-60051-C,1,1,1,1,1,1
FREP-60180-V,1,1,1,1,1,1
FREP-60223-V,1,1,1,1,1,1
FREP-60262-C,1,1,1,1,1,1
FREP-60275-C,1,1,1,1,1,1
FREP-60295-C,1,1,1,1,1,1
FREP-60318-C,1,1,1,1,1,1
FREP-60328-C,1,1,1,1,1,1
FREP-60328-V,1,1,1,1,1,1
FREP-60331-V,1,1,1,1,1,1
FREP-60334-C,1,1,1,1,1,1
FREP-60337-C,1,1,1,1,1,1
FREP-60381-V,1,1,1,1,1,1
FREP-60384-V,1,1,1,1,1,1
FREP-60389-V,1,1,1,1,1,1
FREP-60390-C,1,1,1,1,1,1
FREP-60440-C,1,1,1,1,1,1
FREP-60463-C,1,1,1,1,1,1
FREP-60473-C,1,1,1,1,1,1
FREP-60523-C,1,1,1,1,1,1
FREP-60556-V,1,1,1,1,1,1
FREP-60558-V,1,1,1,1,1,1
FREP-60575-V,1,1,1,1,1,1
FREP-60581-V,1,1,1,1,1,1
FREP-60588-C,1,1,1,1,1,1
FREP-6059-I,1,1,1,1,1,1
FREP-60612-V,1,1,1,1,1,1
FREP-60615-V,1,1,1,1,1,1
FREP-60621-C,1,1,1,1,1,1
FREP-60622-V,1,1,1,1,1,1
FREP-60645-C,1,1,1,1,1,1
FREP-60646-C,1,1,1,1,1,1
FREP-60662-C,1,1,1,1,1,1
FREP-60676-C,1,1,1,1,1,1
FREP-60682-C,1,1,1,1,1,1
FREP-60698-C,1,1,1,1,1,1
FREP-60701-C,1,1,1,1,1,1
FREP-60721-C,1,1,1,1,1,1
FREP-60726-C,1,1,1,1,1,1
FREP-60743-C,1,1,1,1,1,1
FREP-60746-C,1,1,1,1,1,1
FREP-60758-V,1,1,1,1,1,1
FREP-60760-C,1,1,1,1,1,1
FREP-60765-C,1,1,1,1,1,1
FREP-60770-C,1,1,1,1,1,1
FREP-60775-C,1,1,1,1,1,1
FREP-60777-C,1,1,1,1,1,1
FREP-6083-I,1,1,1,1,1,1
FREP-60864-V,1,1,1,1,1,1
FREP-6087-I,1,1,1,1,1,1
FREP-60886-C,1,1,1,1,1,1
FREP-6094-I,1,1,1,1,1,1
FREP-6095-I,1,1,1,1,1,1
FREP-60959-C,1,1,1,1,1,1
FREP-60961-C,1,1,1,1,1,1
FREP-60969-C,1,1,1,1,1,1
FREP-60977-V,1,1,1,1,1,1
FREP-60989-C,1,1,1,1,1,1
FREP-60993-C,1,1,1,1,1,1
FREP-61009-C,1,1,1,1,1,1
FREP-61011-C,1,1,1,1,1,1
FREP-61024-C,1,1,1,1,1,1
FREP-61052-V,1,1,1,1,1,1
FREP-61054-V,1,1,1,1,1,1
FREP-61061-V,1,1,1,1,1,1
FREP-6107-I,1,1,1,1,1,1
FREP-61107-V,1,1,1,1,1,1
FREP-61135-V,1,1,1,1,1,1
FREP-61137-V,1,1,1,1,1,1
FREP-61162-C,1,1,1,1,1,1
FREP-61204-C,1,1,1,1,1,1
FREP-61207-V,1,1,1,1,1,1
FREP-61209-V,1,1,1,1,1,1
FREP-61231-V,1,1,1,1,1,1
FREP-61235-V,1,1,1,1,1,1
FREP-61242-V,1,1,1,1,1,1
FREP-61248-C,1,1,1,1,1,1
FREP-61288-V,1,1,1,1,1,1
FREP-61301-V,1,1,1,1,1,1
FREP-61304-V,1,1,1,1,1,1
FREP-61314-C,1,1,1,1,1,1
FREP-61316-V,1,1,1,1,1,1
FREP-61336-V,1,1,1,1,1,1
FREP-61348-V,1,1,1,1,1,1
FREP-61353-C,1,1,1,1,1,1
FREP-61368-C,1,1,1,1,1,1
FREP-61444-V,1,1,1,1,1,1
FREP-61459-C,1,1,1,1,1,1
FREP-61504-V,1,1,1,1,1,1
FREP-61521-V,1,1,1,1,1,1
FREP-61523-V,1,1,1,1,1,1
FREP-61536-C,1,1,1,1,1,1
FREP-61536-V,1,1,1,1,1,1
FREP-61540-C,1,1,1,1,1,1
FREP-61541-V,1,1,1,1,1,1
FREP-61545-C,1,1,1,1,1,1
FREP-61584-V,1,1,1,1,1,1
FREP-61610-V,1,1,1,1,1,1
FREP-61614-V,1,1,1,1,1,1
FREP-6165-I,1,1,1,1,1,1
FREP-61669-C,1,1,1,1,1,1
FREP-61671-C,1,1,1,1,1,1
FREP-61693-V,1,1,1,1,1,1
FREP-61698-C,1,1,1,1,1,1
FREP-61725-V,1,1,1,1,1,1
FREP-61734-V,1,1,1,1,1,1
FREP-61737-V,1,1,1,1,1,1
FREP-61770-C,1,1,1,1,1,1
FREP-61804-V,1,1,1,1,1,1
FREP-61849-C,1,1,1,1,1,1
FREP-61897-V,1,1,1,1,1,1
FREP-61914-V,1,1,1,1,1,1
FREP-61924-V,1,1,1,1,1,1
FREP-61950-V,1,1,1,1,1,1
FREP-61969-V,1,1,1,1,1,1
FREP-61981-V,1,1,1,1,1,1
FREP-62000-C,1,1,1,1,1,1
FREP-62031-V,1,1,1,1,1,1
FREP-62034-C,1,1,1,1,1,1
FREP-62035-C,1,1,1,1,1,1
FREP-62037-C,1,1,1,1,1,1
FREP-62041-C,1,1,1,1,1,1
FREP-62141-V,1,1,1,1,1,1
FREP-62157-C,1,1,1,1,1,1
FREP-62158-C,1,1,1,1,1,1
FREP-62164-C,1,1,1,1,1,1
FREP-6225-I,1,1,1,1,1,1
FREP-6227-I,1,1,1,1,1,1
FREP-62284-C,1,1,1,1,1,1
FREP-62291-C,1,1,1,1,1,1
FREP-62308-V,1,1,1,1,1,1
FREP-62343-V,1,1,1,1,1,1
FREP-62376-C,1,1,1,1,1,1
FREP-62378-V,1,1,1,1,1,1
FREP-62398-V,1,1,1,1,1,1
FREP-62405-C,1,1,1,1,1,1
FREP-62414-V,1,1,1,1,1,1
FREP-6244-I,1,1,1,1,1,1
FREP-62457-C,1,1,1,1,1,1
FREP-62471-V,1,1,1,1,1,1
FREP-62486-V,1,1,1,1,1,1
FREP-62528-V,1,1,1,1,1,1
FREP-62568-C,1,1,1,1,1,1
FREP-62573-V,1,1,1,1,1,1
FREP-62632-V,1,1,1,1,1,1
FREP-62669-C,1,1,1,1,1,1
FREP-62671-V,1,1,1,1,1,1
FREP-62685-C,1,1,1,1,1,1
FREP-62689-C,1,1,1,1,1,1
FREP-62707-V,1,1,1,1,1,1
FREP-62738-C,1,1,1,1,1,1
FREP-62745-C,1,1,1,1,1,1
FREP-62764-V,1,1,1,1,1,1
FREP-62799-V,1,1,1,1,1,1
FREP-62803-C,1,1,1,1,1,1
FREP-62814-C,1,1,1,1,1,1
FREP-62826-V,1,1,1,1,1,1
FREP-62831-C,1,1,1,1,1,1
FREP-62916-C,1,1,1,1,1,1
FREP-62941-V,1,1,1,1,1,1
FREP-62957-C,1,1,1,1,1,1
FREP-62957-V,1,1,1,1,1,1
FREP-6298-I,1,1,1,1,1,1
FREP-62982-C,1,1,1,1,1,1
FREP-62983-V,1,1,1,1,1,1
FREP-63008-V,1,1,1,1,1,1
FREP-63029-V,1,1,1,1,1,1
FREP-63033-V,1,1,1,1,1,1
FREP-63035-V,1,1,1,1,1,1
FREP-63070-C,1,1,1,1,1,1
FREP-63071-V,1,1,1,1,1,1
FREP-63127-C,1,1,1,1,1,1
FREP-63155-N,1,1,1,1,1,1
FREP-63166-V,1,1,1,1,1,1
FREP-63181-V,1,1,1,1,1,1
FREP-63182-V,1,1,1,1,1,1
FREP-63187-V,1,1,1,1,1,1
FREP-63204-C,1,1,1,1,1,1
FREP-63221-C,1,1,1,1,1,1
FREP-6326-I,1,1,1,1,1,1
FREP-63276-C,1,1,1,1,1,1
FREP-63279-C,1,1,1,1,1,1
FREP-63320-V,1,1,1,1,1,1
FREP-63337-V,1,1,1,1,1,1
FREP-63357-V,1,1,1,1,1,1
FREP-63366-V,1,1,1,1,1,1
FREP-63369-V,1,1,1,1,1,1
FREP-63390-V,1,1,1,1,1,1
FREP-63430-V,1,1,1,1,1,1
FREP-63456-V,1,1,1,1,1,1
FREP-63536-C,1,1,1,1,1,1
FREP-63542-V,1,1,1,1,1,1
FREP-63577-C,1,1,1,1,1,1
FREP-63593-C,1,1,1,1,1,1
FREP-63609-C,1,1,1,1,1,1
FREP-63611-C,1,1,1,1,1,1
FREP-63614-C,1,1,1,1,1,1
FREP-63770-N,1,1,1,1,1,1
FREP-63801-C,1,1,1,1,1,1
FREP-63826-V,1,1,1,1,1,1
FREP-63850-V,1,1,1,1,1,1
FREP-63853-V,1,1,1,1,1,1
FREP-63855-V,1,1,1,1,1,1
FREP-63876-V,1,1,1,1,1,1
FREP-63885-V,1,1,1,1,1,1
FREP-63899-V,1,1,1,1,1,1
FREP-63909-C,1,1,1,1,1,1
FREP-63919-V,1,1,1,1,1,1
FREP-63929-V,1,1,1,1,1,1
FREP-63959-C,1,1,1,1,1,1
FREP-6398-I,1,1,1,1,1,1
FREP-64015-V,1,1,1,1,1,1
FREP-64040-V,1,1,1,1,1,1
FREP-64053-V,1,1,1,1,1,1
FREP-6407-I,1,1,1,1,1,1
FREP-64084-V,1,1,1,1,1,1
FREP-64117-C,1,1,1,1,1,1
FREP-6412-I,1,1,1,1,1,1
FREP-6413-I,1,1,1,1,1,1
FREP-6415-I,1,1,1,1,1,1
FREP-64163-C,1,1,1,1,1,1
FREP-64168-C,1,1,1,1,1,1
FREP-6417-I,1,1,1,1,1,1
FREP-64170-V,1,1,1,1,1,1
FREP-64175-C,1,1,1,1,1,1
FREP-64185-C,1,1,1,1,1,1
FREP-6422-I,1,1,1,1,1,1
FREP-64224-V,1,1,1,1,1,1
FREP-64234-V,1,1,1,1,1,1
FREP-6424-I,1,1,1,1,1,1
FREP-64274-C,1,1,1,1,1,1
FREP-6428-I,1,1,1,1,1,1
FREP-64294-C,1,1,1,1,1,1
FREP-64306-C,1,1,1,1,1,1
FREP-64311-C,1,1,1,1,1,1
FREP-64328-V,1,1,1,1,1,1
FREP-64349-C,1,1,1,1,1,1
FREP-64358-V,1,1,1,1,1,1
FREP-64374-V,1,1,1,1,1,1
FREP-64380-V,1,1,1,1,1,1
FREP-64405-V,1,1,1,1,1,1
FREP-64409-V,1,1,1,1,1,1
FREP-64412-C,1,1,1,1,1,1
FREP-64415-C,1,1,1,1,1,1
FREP-64438-C,1,1,1,1,1,1
FREP-64448-C,1,1,1,1,1,1
FREP-64462-V,1,1,1,1,1,1
FREP-64465-V,1,1,1,1,1,1
FREP-64470-C,1,1,1,1,1,1
FREP-64470-V,1,1,1,1,1,1
FREP-64472-V,1,1,1,1,1,1
FREP-64473-C,1,1,1,1,1,1
FREP-64476-V,1,1,1,1,1,1
FREP-64488-C,1,1,1,1,1,1
FREP-64492-V,1,1,1,1,1,1
FREP-64502-C,1,1,1,1,1,1
FREP-64502-V,1,1,1,1,1,1
FREP-64503-C,1,1,1,1,1,1
FREP-6452-I,1,1,1,1,1,1
FREP-64523-V,1,1,1,1,1,1
FREP-64534-V,1,1,1,1,1,1
FREP-64535-C,1,1,1,1,1,1
FREP-64586-C,1,1,1,1,1,1
FREP-64603-C,1,1,1,1,1,1
FREP-64623-V,1,1,1,1,1,1
FREP-64633-C,1,1,1,1,1,1
FREP-64645-C,1,1,1,1,1,1
FREP-64652-V,1,1,1,1,1,1
FREP-64656-C,1,1,1,1,1,1
FREP-64658-V,1,1,1,1,1,1
FREP-64661-V,1,1,1,1,1,1
FREP-64692-N,1,1,1,1,1,1
FREP-64710-N,1,1,1,1,1,1
FREP-6472-I,1,1,1,1,1,1
FREP-64735-V,1,1,1,1,1,1
FREP-6477-I,1,1,1,1,1,1
FREP-64772-N,1,1,1,1,1,1
FREP-64784-N,1,1,1,1,1,1
FREP-6479-I,1,1,1,1,1,1
FREP-64805-N,1,1,1,1,1,1
FREP-64817-N,1,1,1,1,1,1
FREP-6482-I,1,1,1,1,1,1
FREP-64840-V,1,1,1,1,1,1
FREP-64841-N,1,1,1,1,1,1
FREP-64853-V,1,1,1,1,1,1
FREP-64855-C,1,1,1,1,1,1
FREP-6486-I,1,1,1,1,1,1
FREP-64861-N,1,1,1,1,1,1
FREP-64882-V,1,1,1,1,1,1
FREP-64917-V,1,1,1,1,1,1
FREP-6494-I,1,1,1,1,1,1
FREP-64945-C,1,1,1,1,1,1
FREP-64951-V,1,1,1,1,1,1
FREP-64963-N,1,1,1,1,1,1
FREP-64971-C,1,1,1,1,1,1
FREP-64975-C,1,1,1,1,1,1
FREP-64989-C,1,1,1,1,1,1
FREP-64990-V,1,1,1,1,1,1
FREP-64996-V,1,1,1,1,1,1
FREP-6500-I,1,1,1,1,1,1
FREP-6501-I,1,1,1,1,1,1
FREP-65014-N,1,1,1,1,1,1
FREP-65021-V,1,1,1,1,1,1
FREP-65033-C,1,1,1,1,1,1
FREP-65050-C,1,1,1,1,1,1
FREP-65052-V,1,1,1,1,1,1
FREP-65060-N,1,1,1,1,1,1
FREP-65089-V,1,1,1,1,1,1
FREP-65098-C,1,1,1,1,1,1
FREP-65105-V,1,1,1,1,1,1
FREP-65122-N,1,1,1,1,1,1
FREP-6513-I,1,1,1,1,1,1
FREP-6516-I,1,1,1,1,1,1
FREP-65165-N,1,1,1,1,1,1
FREP-65178-V,1,1,1,1,1,1
FREP-6518-I,1,1,1,1,1,1
FREP-65205-N,1,1,1,1,1,1
FREP-65206-N,1,1,1,1,1,1
FREP-6522-I,1,1,1,1,1,1
FREP-65226-C,1,1,1,1,1,1
FREP-6526-I,1,1,1,1,1,1
FREP-65262-N,1,1,1,1,1,1
FREP-65274-V,1,1,1,1,1,1
FREP-65305-N,1,1,1,1,1,1
FREP-65307-V,1,1,1,1,1,1
FREP-65310-N,1,1,1,1,1,1
FREP-65345-N,1,1,1,1,1,1
FREP-65365-V,1,1,1,1,1,1
FREP-65368-N,1,1,1,1,1,1
FREP-65384-C,1,1,1,1,1,1
FREP-65400-V,1,1,1,1,1,1
FREP-65439-V,1,1,1,1,1,1
FREP-65445-N,1,1,1,1,1,1
FREP-65477-C,1,1,1,1,1,1
FREP-65477-N,1,1,1,1,1,1
FREP-65484-N,1,1,1,1,1,1
FREP-65519-N,1,1,1,1,1,1
FREP-65569-V,1,1,1,1,1,1
FREP-65572-V,1,1,1,1,1,1
FREP-65628-V,1,1,1,1,1,1
FREP-65643-N,1,1,1,1,1,1
FREP-65695-V,1,1,1,1,1,1
FREP-65705-N,1,1,1,1,1,1
FREP-65708-N,1,1,1,1,1,1
FREP-65745-V,1,1,1,1,1,1
FREP-65747-V,1,1,1,1,1,1
FREP-65753-V,1,1,1,1,1,1
FREP-65777-V,1,1,1,1,1,1
FREP-65779-V,1,1,1,1,1,1
FREP-65796-V,1,1,1,1,1,1
FREP-6581-I,1,1,1,1,1,1
FREP-65867-V,1,1,1,1,1,1
FREP-65878-C,1,1,1,1,1,1
FREP-6588-I,1,1,1,1,1,1
FREP-65881-N,1,1,1,1,1,1
FREP-65882-N,1,1,1,1,1,1
FREP-65888-C,1,1,1,1,1,1
FREP-65889-N,1,1,1,1,1,1
FREP-65900-N,1,1,1,1,1,1
FREP-6593-I,1,1,1,1,1,1
FREP-65930-N,1,1,1,1,1,1
FREP-65938-V,1,1,1,1,1,1
FREP-65957-C,1,1,1,1,1,1
FREP-65965-C,1,1,1,1,1,1
FREP-66019-C,1,1,1,1,1,1
FREP-66057-N,1,1,1,1,1,1
FREP-66066-N,1,1,1,1,1,1
FREP-66077-N,1,1,1,1,1,1
FREP-66108-N,1,1,1,1,1,1
FREP-66143-C,1,1,1,1,1,1
FREP-66175-N,1,1,1,1,1,1
FREP-66178-N,1,1,1,1,1,1
FREP-6619-I,1,1,1,1,1,1
FREP-66196-N,1,1,1,1,1,1
FREP-66198-N,1,1,1,1,1,1
FREP-66223-N,1,1,1,1,1,1
FREP-66249-N,1,1,1,1,1,1
FREP-66252-C,1,1,1,1,1,1
FREP-66291-N,1,1,1,1,1,1
FREP-66299-C,1,1,1,1,1,1
FREP-66305-V,1,1,1,1,1,1
FREP-66311-V,1,1,1,1,1,1
FREP-66345-C,1,1,1,1,1,1
FREP-6635-I,1,1,1,1,1,1
FREP-66371-N,1,1,1,1,1,1
FREP-66371-V,1,1,1,1,1,1
FREP-66377-N,1,1,1,1,1,1
FREP-66386-V,1,1,1,1,1,1
FREP-66391-C,1,1,1,1,1,1
FREP-66401-V,1,1,1,1,1,1
FREP-66407-C,1,1,1,1,1,1
FREP-66411-C,1,1,1,1,1,1
FREP-66418-N,1,1,1,1,1,1
FREP-66436-V,1,1,1,1,1,1
FREP-66437-V,1,1,1,1,1,1
FREP-66454-V,1,1,1,1,1,1
FREP-66461-N,1,1,1,1,1,1
FREP-66465-N,1,1,1,1,1,1
FREP-66469-V,1,1,1,1,1,1
FREP-66481-V,1,1,1,1,1,1
FREP-66496-N,1,1,1,1,1,1
FREP-66519-C,1,1,1,1,1,1
FREP-66529-V,1,1,1,1,1,1
FREP-66535-C,1,1,1,1,1,1
FREP-66537-V,1,1,1,1,1,1
FREP-66542-C,1,1,1,1,1,1
FREP-6655-I,1,1,1,1,1,1
FREP-66571-V,1,1,1,1,1,1
FREP-66582-N,1,1,1,1,1,1
FREP-66602-V,1,1,1,1,1,1
FREP-66612-V,1,1,1,1,1,1
FREP-66624-N,1,1,1,1,1,1
FREP-66627-N,1,1,1,1,1,1
FREP-66633-N,1,1,1,1,1,1
FREP-66641-V,1,1,1,1,1,1
FREP-66679-C,1,1,1,1,1,1
FREP-66681-C,1,1,1,1,1,1
FREP-66689-C,1,1,1,1,1,1
FREP-66722-V,1,1,1,1,1,1
FREP-66727-V,1,1,1,1,1,1
FREP-66732-N,1,1,1,1,1,1
FREP-66754-C,1,1,1,1,1,1
FREP-66757-N,1,1,1,1,1,1
FREP-66781-C,1,1,1,1,1,1
FREP-66823-N,1,1,1,1,1,1
FREP-66825-N,1,1,1,1,1,1
FREP-66829-V,1,1,1,1,1,1
FREP-66836-V,1,1,1,1,1,1
FREP-66859-N,1,1,1,1,1,1
FREP-66862-N,1,1,1,1,1,1
FREP-66870-N,1,1,1,1,1,1
FREP-66915-V,1,1,1,1,1,1
FREP-66962-V,1,1,1,1,1,1
FREP-66967-V,1,1,1,1,1,1
FREP-66971-V,1,1,1,1,1,1
FREP-66985-V,1,1,1,1,1,1
FREP-66992-V,1,1,1,1,1,1
FREP-66996-C,1,1,1,1,1,1
FREP-66996-V,1,1,1,1,1,1
FREP-67019-C,1,1,1,1,1,1
FREP-67044-N,1,1,1,1,1,1
FREP-67052-V,1,1,1,1,1,1
FREP-67065-N,1,1,1,1,1,1
FREP-67076-N,1,1,1,1,1,1
FREP-67078-N,1,1,1,1,1,1
FREP-67078-V,1,1,1,1,1,1
FREP-67080-N,1,1,1,1,1,1
FREP-67083-N,1,1,1,1,1,1
FREP-67091-V,1,1,1,1,1,1
FREP-67104-C,1,1,1,1,1,1
FREP-67129-V,1,1,1,1,1,1
FREP-67130-V,1,1,1,1,1,1
FREP-67136-V,1,1,1,1,1,1
FREP-67141-V,1,1,1,1,1,1
FREP-67189-C,1,1,1,1,1,1
FREP-67191-N,1,1,1,1,1,1
FREP-67192-C,1,1,1,1,1,1
FREP-67193-C,1,1,1,1,1,1
FREP-67269-V,1,1,1,1,1,1
FREP-67277-V,1,1,1,1,1,1
FREP-6731-I,1,1,1,1,1,1
FREP-67332-C,1,1,1,1,1,1
FREP-67337-N,1,1,1,1,1,1
FREP-67348-C,1,1,1,1,1,1
FREP-67362-C,1,1,1,1,1,1
FREP-6737-I,1,1,1,1,1,1
FREP-67378-V,1,1,1,1,1,1
FREP-67384-C,1,1,1,1,1,1
FREP-67390-V,1,1,1,1,1,1
FREP-6745-I,1,1,1,1,1,1
FREP-67472-N,1,1,1,1,1,1
FREP-67482-N,1,1,1,1,1,1
FREP-67487-V,1,1,1,1,1,1
FREP-67555-C,1,1,1,1,1,1
FREP-67566-C,1,1,1,1,1,1
FREP-67573-C,1,1,1,1,1,1
FREP-67574-V,1,1,1,1,1,1
FREP-67584-N,1,1,1,1,1,1
FREP-67587-N,1,1,1,1,1,1
FREP-67588-V,1,1,1,1,1,1
FREP-67611-N,1,1,1,1,1,1
FREP-67636-V,1,1,1,1,1,1
FREP-67671-V,1,1,1,1,1,1
FREP-67689-V,1,1,1,1,1,1
FREP-67704-V,1,1,1,1,1,1
FREP-67706-V,1,1,1,1,1,1
FREP-67753-V,1,1,1,1,1,1
FREP-67761-V,1,1,1,1,1,1
FREP-67775-V,1,1,1,1,1,1
FREP-67779-V,1,1,1,1,1,1
FREP-67780-N,1,1,1,1,1,1
FREP-67788-C,1,1,1,1,1,1
FREP-67819-V,1,1,1,1,1,1
FREP-67838-C,1,1,1,1,1,1
FREP-67850-N,1,1,1,1,1,1
FREP-67853-V,1,1,1,1,1,1
FREP-67873-V,1,1,1,1,1,1
FREP-67884-V,1,1,1,1,1,1
FREP-67890-V,1,1,1,1,1,1
FREP-67915-C,1,1,1,1,1,1
FREP-67948-V,1,1,1,1,1,1
FREP-67955-V,1,1,1,1,1,1
FREP-67957-N,1,1,1,1,1,1
FREP-67963-N,1,1,1,1,1,1
FREP-67971-V,1,1,1,1,1,1
FREP-67977-V,1,1,1,1,1,1
FREP-67987-V,1,1,1,1,1,1
FREP-68006-N,1,1,1,1,1,1
FREP-68022-C,1,1,1,1,1,1
FREP-68045-C,1,1,1,1,1,1
FREP-68082-C,1,1,1,1,1,1
FREP-68083-N,1,1,1,1,1,1
FREP-68085-C,1,1,1,1,1,1
FREP-68111-N,1,1,1,1,1,1
FREP-68114-V,1,1,1,1,1,1
FREP-6812-I,1,1,1,1,1,1
FREP-68122-C,1,1,1,1,1,1
FREP-6814-I,1,1,1,1,1,1
FREP-6816-I,1,1,1,1,1,1
FREP-68160-C,1,1,1,1,1,1
FREP-6817-I,1,1,1,1,1,1
FREP-6818-I,1,1,1,1,1,1
FREP-68184-C,1,1,1,1,1,1
FREP-68189-V,1,1,1,1,1,1
FREP-68200-C,1,1,1,1,1,1
FREP-6821-I,1,1,1,1,1,1
FREP-68215-V,1,1,1,1,1,1
FREP-6822-I,1,1,1,1,1,1
FREP-68225-C,1,1,1,1,1,1
FREP-6823-I,1,1,1,1,1,1
FREP-68239-C,1,1,1,1,1,1
FREP-6824-I,1,1,1,1,1,1
FREP-6825-I,1,1,1,1,1,1
FREP-68252-N,1,1,1,1,1,1
FREP-68255-V,1,1,1,1,1,1
FREP-68260-N,1,1,1,1,1,1
FREP-68270-C,1,1,1,1,1,1
FREP-68297-C,1,1,1,1,1,1
FREP-6830-I,1,1,1,1,1,1
FREP-68307-N,1,1,1,1,1,1
FREP-68324-N,1,1,1,1,1,1
FREP-68336-N,1,1,1,1,1,1
FREP-68337-N,1,1,1,1,1,1
FREP-68340-V,1,1,1,1,1,1
FREP-68343-V,1,1,1,1,1,1
FREP-68350-C,1,1,1,1,1,1
FREP-68362-N,1,1,1,1,1,1
FREP-68365-N,1,1,1,1,1,1
FREP-68367-V,1,1,1,1,1,1
FREP-68375-C,1,1,1,1,1,1
FREP-68386-V,1,1,1,1,1,1
FREP-68419-V,1,1,1,1,1,1
FREP-68435-V,1,1,1,1,1,1
FREP-68437-C,1,1,1,1,1,1
FREP-68456-V,1,1,1,1,1,1
FREP-68513-N,1,1,1,1,1,1
FREP-68529-C,1,1,1,1,1,1
FREP-68532-V,1,1,1,1,1,1
FREP-6854-I,1,1,1,1,1,1
FREP-68566-N,1,1,1,1,1,1
FREP-68576-N,1,1,1,1,1,1
FREP-68579-N,1,1,1,1,1,1
FREP-68600-N,1,1,1,1,1,1
FREP-68608-C,1,1,1,1,1,1
FREP-68619-C,1,1,1,1,1,1
FREP-68637-C,1,1,1,1,1,1
FREP-68637-N,1,1,1,1,1,1
FREP-68639-N,1,1,1,1,1,1
FREP-68641-V,1,1,1,1,1,1
FREP-68644-N,1,1,1,1,1,1
FREP-68662-N,1,1,1,1,1,1
FREP-68664-N,1,1,1,1,1,1
FREP-68685-V,1,1,1,1,1,1
FREP-68691-C,1,1,1,1,1,1
FREP-6870-O,1,1,1,1,1,1
FREP-68725-V,1,1,1,1,1,1
FREP-68738-C,1,1,1,1,1,1
FREP-68741-V,1,1,1,1,1,1
FREP-68757-V,1,1,1,1,1,1
FREP-6879-I,1,1,1,1,1,1
FREP-6880-I,1,1,1,1,1,1
FREP-68803-C,1,1,1,1,1,1
FREP-68804-N,1,1,1,1,1,1
FREP-68809-N,1,1,1,1,1,1
FREP-68816-V,1,1,1,1,1,1
FREP-68844-V,1,1,1,1,1,1
FREP-68859-V,1,1,1,1,1,1
FREP-68866-N,1,1,1,1,1,1
FREP-68887-N,1,1,1,1,1,1
FREP-68905-N,1,1,1,1,1,1
FREP-68912-V,1,1,1,1,1,1
FREP-68938-V,1,1,1,1,1,1
FREP-68942-C,1,1,1,1,1,1
FREP-68960-N,1,1,1,1,1,1
FREP-68972-N,1,1,1,1,1,1
FREP-68987-C,1,1,1,1,1,1
FREP-69002-N,1,1,1,1,1,1
FREP-69009-N,1,1,1,1,1,1
FREP-69076-N,1,1,1,1,1,1
FREP-69084-N,1,1,1,1,1,1
FREP-69087-N,1,1,1,1,1,1
FREP-69096-C,1,1,1,1,1,1
FREP-69102-N,1,1,1,1,1,1
FREP-69129-N,1,1,1,1,1,1
FREP-6913-O,1,1,1,1,1,1
FREP-69134-C,1,1,1,1,1,1
FREP-69145-C,1,1,1,1,1,1
FREP-69156-N,1,1,1,1,1,1
FREP-69166-V,1,1,1,1,1,1
FREP-69173-C,1,1,1,1,1,1
FREP-69178-C,1,1,1,1,1,1
FREP-69179-C,1,1,1,1,1,1
FREP-69223-V,1,1,1,1,1,1
FREP-69234-V,1,1,1,1,1,1
FREP-6924-O,1,1,1,1,1,1
FREP-69272-N,1,1,1,1,1,1
FREP-69315-V,1,1,1,1,1,1
FREP-69318-V,1,1,1,1,1,1
FREP-69324-V,1,1,1,1,1,1
FREP-69332-V,1,1,1,1,1,1
FREP-69335-V,1,1,1,1,1,1
FREP-69336-N,1,1,1,1,1,1
FREP-69352-V,1,1,1,1,1,1
FREP-69361-V,1,1,1,1,1,1
FREP-69377-C,1,1,1,1,1,1
FREP-69387-V,1,1,1,1,1,1
FREP-69406-N,1,1,1,1,1,1
FREP-69415-N,1,1,1,1,1,1
FREP-69436-N,1,1,1,1,1,1
FREP-69440-N,1,1,1,1,1,1
FREP-69527-N,1,1,1,1,1,1
FREP-69546-C,1,1,1,1,1,1
FREP-69573-V,1,1,1,1,1,1
FREP-69574-N,1,1,1,1,1,1
FREP-69582-C,1,1,1,1,1,1
FREP-69600-C,1,1,1,1,1,1
FREP-69608-C,1,1,1,1,1,1
FREP-69615-C,1,1,1,1,1,1
FREP-6962-I,1,1,1,1,1,1
FREP-69639-C,1,1,1,1,1,1
FREP-69664-V,1,1,1,1,1,1
FREP-69670-N,1,1,1,1,1,1
FREP-69676-C,1,1,1,1,1,1
FREP-69678-C,1,1,1,1,1,1
FREP-69683-N,1,1,1,1,1,1
FREP-69687-V,1,1,1,1,1,1
FREP-69701-N,1,1,1,1,1,1
FREP-69704-N,1,1,1,1,1,1
FREP-69724-N,1,1,1,1,1,1
FREP-69773-V,1,1,1,1,1,1
FREP-69780-C,1,1,1,1,1,1
FREP-69781-C,1,1,1,1,1,1
FREP-69787-C,1,1,1,1,1,1
FREP-69812-N,1,1,1,1,1,1
FREP-69823-N,1,1,1,1,1,1
FREP-69881-N,1,1,1,1,1,1
FREP-69895-C,1,1,1,1,1,1
FREP-69901-V,1,1,1,1,1,1
FREP-69916-C,1,1,1,1,1,1
FREP-6993-O,1,1,1,1,1,1
FREP-69934-V,1,1,1,1,1,1
FREP-69955-N,1,1,1,1,1,1
FREP-6997-O,1,1,1,1,1,1
FREP-69978-N,1,1,1,1,1,1
FREP-70000-V,1,1,1,1,1,1
FREP-70002-V,1,1,1,1,1,1
FREP-70004-N,1,1,1,1,1,1
FREP-70032-N,1,1,1,1,1,1
FREP-70067-V,1,1,1,1,1,1
FREP-70076-N,1,1,1,1,1,1
FREP-70125-V,1,1,1,1,1,1
FREP-70153-N,1,1,1,1,1,1
FREP-70154-V,1,1,1,1,1,1
FREP-70155-N,1,1,1,1,1,1
FREP-70158-C,1,1,1,1,1,1
FREP-70181-C,1,1,1,1,1,1
FREP-70185-C,1,1,1,1,1,1
FREP-70185-V,1,1,1,1,1,1
FREP-70195-N,1,1,1,1,1,1
FREP-70211-C,1,1,1,1,1,1
FREP-70221-N,1,1,1,1,1,1
FREP-70265-C,1,1,1,1,1,1
FREP-70279-V,1,1,1,1,1,1
FREP-70311-N,1,1,1,1,1,1
FREP-70325-N,1,1,1,1,1,1
FREP-7033-I,1,1,1,1,1,1
FREP-70369-C,1,1,1,1,1,1
FREP-70372-N,1,1,1,1,1,1
FREP-70374-V,1,1,1,1,1,1
FREP-70394-N,1,1,1,1,1,1
FREP-70399-C,1,1,1,1,1,1
FREP-70403-N,1,1,1,1,1,1
FREP-70421-N,1,1,1,1,1,1
FREP-70422-N,1,1,1,1,1,1
FREP-70451-N,1,1,1,1,1,1
FREP-70464-V,1,1,1,1,1,1
FREP-70480-V,1,1,1,1,1,1
FREP-70485-N,1,1,1,1,1,1
FREP-70490-N,1,1,1,1,1,1
FREP-70490-V,1,1,1,1,1,1
FREP-70498-V,1,1,1,1,1,1
FREP-70511-N,1,1,1,1,1,1
FREP-70523-V,1,1,1,1,1,1
FREP-70524-V,1,1,1,1,1,1
FREP-70557-N,1,1,1,1,1,1
FREP-70574-N,1,1,1,1,1,1
FREP-70580-N,1,1,1,1,1,1
FREP-70581-N,1,1,1,1,1,1
FREP-70595-N,1,1,1,1,1,1
FREP-70601-V,1,1,1,1,1,1
FREP-70602-N,1,1,1,1,1,1
FREP-70610-N,1,1,1,1,1,1
FREP-70613-V,1,1,1,1,1,1
FREP-70662-N,1,1,1,1,1,1
FREP-70671-N,1,1,1,1,1,1
FREP-70674-C,1,1,1,1,1,1
FREP-70678-N,1,1,1,1,1,1
FREP-7071-O,1,1,1,1,1,1
FREP-70711-N,1,1,1,1,1,1
FREP-70723-V,1,1,1,1,1,1
FREP-70728-V,1,1,1,1,1,1
FREP-70733-C,1,1,1,1,1,1
FREP-70754-N,1,1,1,1,1,1
FREP-7076-O,1,1,1,1,1,1
FREP-70762-C,1,1,1,1,1,1
FREP-70763-V,1,1,1,1,1,1
FREP-70765-N,1,1,1,1,1,1
FREP-70791-N,1,1,1,1,1,1
FREP-70816-N,1,1,1,1,1,1
FREP-70820-V,1,1,1,1,1,1
FREP-70834-V,1,1,1,1,1,1
FREP-70839-V,1,1,1,1,1,1
FREP-70847-N,1,1,1,1,1,1
FREP-70861-V,1,1,1,1,1,1
FREP-70882-C,1,1,1,1,1,1
FREP-70885-V,1,1,1,1,1,1
FREP-70895-N,1,1,1,1,1,1
FREP-70906-N,1,1,1,1,1,1
FREP-70909-V,1,1,1,1,1,1
FREP-70912-N,1,1,1,1,1,1
FREP-70917-V,1,1,1,1,1,1
FREP-70918-C,1,1,1,1,1,1
FREP-70918-N,1,1,1,1,1,1
FREP-70931-C,1,1,1,1,1,1
FREP-70941-V,1,1,1,1,1,1
FREP-70951-N,1,1,1,1,1,1
FREP-7096-I,1,1,1,1,1,1
FREP-70964-V,1,1,1,1,1,1
FREP-70975-N,1,1,1,1,1,1
FREP-70978-N,1,1,1,1,1,1
FREP-70984-C,1,1,1,1,1,1
FREP-70985-N,1,1,1,1,1,1
FREP-70991-N,1,1,1,1,1,1
FREP-71003-N,1,1,1,1,1,1
FREP-71005-N,1,1,1,1,1,1
FREP-71005-V,1,1,1,1,1,1
FREP-71013-N,1,1,1,1,1,1
FREP-71015-N,1,1,1,1,1,1
FREP-71021-N,1,1,1,1,1,1
FREP-71057-C,1,1,1,1,1,1
FREP-7106-I,1,1,1,1,1,1
FREP-71069-V,1,1,1,1,1,1
FREP-71071-V,1,1,1,1,1,1
FREP-71072-V,1,1,1,1,1,1
FREP-7108-I,1,1,1,1,1,1
FREP-71081-V,1,1,1,1,1,1
FREP-71083-V,1,1,1,1,1,1
FREP-71085-V,1,1,1,1,1,1
FREP-71091-C,1,1,1,1,1,1
FREP-71100-V,1,1,1,1,1,1
FREP-71102-N,1,1,1,1,1,1
FREP-71104-N,1,1,1,1,1,1
FREP-71107-V,1,1,1,1,1,1
FREP-71118-N,1,1,1,1,1,1
FREP-71119-N,1,1,1,1,1,1
FREP-71127-N,1,1,1,1,1,1
FREP-71129-V,1,1,1,1,1,1
FREP-7113-I,1,1,1,1,1,1
FREP-71133-V,1,1,1,1,1,1
FREP-71141-C,1,1,1,1,1,1
FREP-71143-C,1,1,1,1,1,1
FREP-71144-V,1,1,1,1,1,1
FREP-71147-V,1,1,1,1,1,1
FREP-71149-V,1,1,1,1,1,1
FREP-7116-I,1,1,1,1,1,1
FREP-7117-I,1,1,1,1,1,1
FREP-71198-C,1,1,1,1,1,1
FREP-7120-I,1,1,1,1,1,1
FREP-71216-V,1,1,1,1,1,1
FREP-71217-V,1,1,1,1,1,1
FREP-7122-I,1,1,1,1,1,1
FREP-71234-C,1,1,1,1,1,1
FREP-71251-N,1,1,1,1,1,1
FREP-71251-V,1,1,1,1,1,1
FREP-71258-V,1,1,1,1,1,1
FREP-71273-C,1,1,1,1,1,1
FREP-71297-C,1,1,1,1,1,1
FREP-71311-C,1,1,1,1,1,1
FREP-7132-I,1,1,1,1,1,1
FREP-7133-I,1,1,1,1,1,1
FREP-71368-N,1,1,1,1,1,1
FREP-71373-N,1,1,1,1,1,1
FREP-71383-V,1,1,1,1,1,1
FREP-71397-V,1,1,1,1,1,1
FREP-71409-C,1,1,1,1,1,1
FREP-71409-V,1,1,1,1,1,1
FREP-7142-I,1,1,1,1,1,1
FREP-71422-V,1,1,1,1,1,1
FREP-71444-C,1,1,1,1,1,1
FREP-71451-C,1,1,1,1,1,1
FREP-71452-N,1,1,1,1,1,1
FREP-7146-I,1,1,1,1,1,1
FREP-71499-C,1,1,1,1,1,1
FREP-71507-V,1,1,1,1,1,1
FREP-71510-V,1,1,1,1,1,1
FREP-71539-V,1,1,1,1,1,1
FREP-71595-C,1,1,1,1,1,1
FREP-71606-V,1,1,1,1,1,1
FREP-71608-N,1,1,1,1,1,1
FREP-71647-V,1,1,1,1,1,1
FREP-71703-N,1,1,1,1,1,1
FREP-7171-O,1,1,1,1,1,1
FREP-71746-C,1,1,1,1,1,1
FREP-71764-V,1,1,1,1,1,1
FREP-71799-N,1,1,1,1,1,1
FREP-71801-N,1,1,1,1,1,1
FREP-71813-N,1,1,1,1,1,1
FREP-71815-V,1,1,1,1,1,1
FREP-7182-I,1,1,1,1,1,1
FREP-71823-V,1,1,1,1,1,1
FREP-7183-I,1,1,1,1,1,1
FREP-71836-V,1,1,1,1,1,1
FREP-71880-N,1,1,1,1,1,1
FREP-71891-N,1,1,1,1,1,1
FREP-71892-V,1,1,1,1,1,1
FREP-71915-V,1,1,1,1,1,1
FREP-71933-N,1,1,1,1,1,1
FREP-71937-N,1,1,1,1,1,1
FREP-71960-N,1,1,1,1,1,1
FREP-71962-V,1,1,1,1,1,1
FREP-71967-C,1,1,1,1,1,1
FREP-71974-N,1,1,1,1,1,1
FREP-72031-V,1,1,1,1,1,1
FREP-72045-V,1,1,1,1,1,1
FREP-72060-N,1,1,1,1,1,1
FREP-72069-V,1,1,1,1,1,1
FREP-72080-C,1,1,1,1,1,1
FREP-72085-C,1,1,1,1,1,1
FREP-72126-V,1,1,1,1,1,1
FREP-72134-C,1,1,1,1,1,1
FREP-72143-C,1,1,1,1,1,1
FREP-72153-C,1,1,1,1,1,1
FREP-72205-C,1,1,1,1,1,1
FREP-72208-N,1,1,1,1,1,1
FREP-72211-N,1,1,1,1,1,1
FREP-72218-V,1,1,1,1,1,1
FREP-72232-C,1,1,1,1,1,1
FREP-72236-V,1,1,1,1,1,1
FREP-72263-C,1,1,1,1,1,1
FREP-72268-C,1,1,1,1,1,1
FREP-72278-V,1,1,1,1,1,1
FREP-72323-C,1,1,1,1,1,1
FREP-72329-N,1,1,1,1,1,1
FREP-7235-I,1,1,1,1,1,1
FREP-72355-C,1,1,1,1,1,1
FREP-72405-C,1,1,1,1,1,1
FREP-72421-V,1,1,1,1,1,1
FREP-72432-V,1,1,1,1,1,1
FREP-72443-C,1,1,1,1,1,1
FREP-72451-C,1,1,1,1,1,1
FREP-72471-V,1,1,1,1,1,1
FREP-72491-N,1,1,1,1,1,1
FREP-72493-N,1,1,1,1,1,1
FREP-72516-C,1,1,1,1,1,1
FREP-72532-C,1,1,1,1,1,1
FREP-72549-V,1,1,1,1,1,1
FREP-72598-C,1,1,1,1,1,1
FREP-72672-V,1,1,1,1,1,1
FREP-72676-V,1,1,1,1,1,1
FREP-72724-C,1,1,1,1,1,1
FREP-72733-V,1,1,1,1,1,1
FREP-72739-V,1,1,1,1,1,1
FREP-72741-N,1,1,1,1,1,1
FREP-72757-C,1,1,1,1,1,1
FREP-7276-O,1,1,1,1,1,1
FREP-72760-C,1,1,1,1,1,1
FREP-72777-N,1,1,1,1,1,1
FREP-72791-V,1,1,1,1,1,1
FREP-72807-C,1,1,1,1,1,1
FREP-72811-V,1,1,1,1,1,1
FREP-72831-C,1,1,1,1,1,1
FREP-72848-C,1,1,1,1,1,1
FREP-72859-N,1,1,1,1,1,1
FREP-72883-C,1,1,1,1,1,1
FREP-72893-N,1,1,1,1,1,1
FREP-72895-C,1,1,1,1,1,1
FREP-72913-C,1,1,1,1,1,1
FREP-72918-C,1,1,1,1,1,1
FREP-72919-N,1,1,1,1,1,1
FREP-72938-C,1,1,1,1,1,1
FREP-72941-C,1,1,1,1,1,1
FREP-72951-C,1,1,1,1,1,1
FREP-72954-V,1,1,1,1,1,1
FREP-72964-N,1,1,1,1,1,1
FREP-72973-N,1,1,1,1,1,1
FREP-72976-N,1,1,1,1,1,1
FREP-72990-V,1,1,1,1,1,1
FREP-72993-N,1,1,1,1,1,1
FREP-72994-N,1,1,1,1,1,1
FREP-73017-N,1,1,1,1,1,1
FREP-73022-N,1,1,1,1,1,1
FREP-73035-N,1,1,1,1,1,1
FREP-73056-N,1,1,1,1,1,1
FREP-73057-N,1,1,1,1,1,1
FREP-73067-C,1,1,1,1,1,1
FREP-73116-N,1,1,1,1,1,1
FREP-73117-N,1,1,1,1,1,1
FREP-73126-V,1,1,1,1,1,1
FREP-73143-V,1,1,1,1,1,1
FREP-73144-V,1,1,1,1,1,1
FREP-73147-C,1,1,1,1,1,1
FREP-73147-V,1,1,1,1,1,1
FREP-73150-V,1,1,1,1,1,1
FREP-73155-V,1,1,1,1,1,1
FREP-73172-C,1,1,1,1,1,1
FREP-73176-N,1,1,1,1,1,1
FREP-73208-N,1,1,1,1,1,1
FREP-73212-N,1,1,1,1,1,1
FREP-73214-N,1,1,1,1,1,1
FREP-73219-C,1,1,1,1,1,1
FREP-73228-C,1,1,1,1,1,1
FREP-73230-C,1,1,1,1,1,1
FREP-73241-V,1,1,1,1,1,1
FREP-73242-N,1,1,1,1,1,1
FREP-73251-N,1,1,1,1,1,1
FREP-73258-C,1,1,1,1,1,1
FREP-73264-C,1,1,1,1,1,1
FREP-73267-C,1,1,1,1,1,1
FREP-73277-C,1,1,1,1,1,1
FREP-73277-V,1,1,1,1,1,1
FREP-73279-N,1,1,1,1,1,1
FREP-73280-N,1,1,1,1,1,1
FREP-73291-N,1,1,1,1,1,1
FREP-73321-C,1,1,1,1,1,1
FREP-73329-V,1,1,1,1,1,1
FREP-73336-V,1,1,1,1,1,1
FREP-73342-C,1,1,1,1,1,1
FREP-73350-V,1,1,1,1,1,1
FREP-73363-V,1,1,1,1,1,1
FREP-73371-V,1,1,1,1,1,1
FREP-73376-V,1,1,1,1,1,1
FREP-73386-V,1,1,1,1,1,1
FREP-73398-V,1,1,1,1,1,1
FREP-73444-C,1,1,1,1,1,1
FREP-73447-C,1,1,1,1,1,1
FREP-73447-N,1,1,1,1,1,1
FREP-73447-V,1,1,1,1,1,1
FREP-73454-C,1,1,1,1,1,1
FREP-73491-V,1,1,1,1,1,1
FREP-73494-V,1,1,1,1,1,1
FREP-73503-C,1,1,1,1,1,1
FREP-73506-N,1,1,1,1,1,1
FREP-73511-N,1,1,1,1,1,1
FREP-73536-V,1,1,1,1,1,1
FREP-73539-C,1,1,1,1,1,1
FREP-73553-V,1,1,1,1,1,1
FREP-73565-N,1,1,1,1,1,1
FREP-73567-C,1,1,1,1,1,1
FREP-73567-N,1,1,1,1,1,1
FREP-73586-V,1,1,1,1,1,1
FREP-73598-C,1,1,1,1,1,1
FREP-73616-V,1,1,1,1,1,1
FREP-73645-V,1,1,1,1,1,1
FREP-73690-V,1,1,1,1,1,1
FREP-73693-V,1,1,1,1,1,1
FREP-73727-N,1,1,1,1,1,1
FREP-7377-O,1,1,1,1,1,1
FREP-73771-C,1,1,1,1,1,1
FREP-73779-C,1,1,1,1,1,1
FREP-73795-C,1,1,1,1,1,1
FREP-73799-C,1,1,1,1,1,1
FREP-7382-I,1,1,1,1,1,1
FREP-73851-C,1,1,1,1,1,1
FREP-73860-V,1,1,1,1,1,1
FREP-73869-C,1,1,1,1,1,1
FREP-73877-N,1,1,1,1,1,1
FREP-73932-C,1,1,1,1,1,1
FREP-73937-N,1,1,1,1,1,1
FREP-73947-V,1,1,1,1,1,1
FREP-73954-C,1,1,1,1,1,1
FREP-73976-V,1,1,1,1,1,1
FREP-73981-V,1,1,1,1,1,1
FREP-74003-C,1,1,1,1,1,1
FREP-74004-C,1,1,1,1,1,1
FREP-74016-V,1,1,1,1,1,1
FREP-74017-V,1,1,1,1,1,1
FREP-74025-V,1,1,1,1,1,1
FREP-74026-C,1,1,1,1,1,1
FREP-74028-N,1,1,1,1,1,1
FREP-7403-I,1,1,1,1,1,1
FREP-74035-V,1,1,1,1,1,1
FREP-7406-I,1,1,1,1,1,1
FREP-74063-N,1,1,1,1,1,1
FREP-74070-C,1,1,1,1,1,1
FREP-74100-V,1,1,1,1,1,1
FREP-74109-V,1,1,1,1,1,1
FREP-74123-C,1,1,1,1,1,1
FREP-74125-C,1,1,1,1,1,1
FREP-74127-V,1,1,1,1,1,1
FREP-74133-C,1,1,1,1,1,1
FREP-74155-N,1,1,1,1,1,1
FREP-74159-N,1,1,1,1,1,1
FREP-74174-N,1,1,1,1,1,1
FREP-74179-N,1,1,1,1,1,1
FREP-74192-N,1,1,1,1,1,1
FREP-7421-I,1,1,1,1,1,1
FREP-74212-N,1,1,1,1,1,1
FREP-74221-V,1,1,1,1,1,1
FREP-7424-O,1,1,1,1,1,1
FREP-74250-V,1,1,1,1,1,1
FREP-74274-N,1,1,1,1,1,1
FREP-74292-N,1,1,1,1,1,1
FREP-74297-N,1,1,1,1,1,1
FREP-74353-N,1,1,1,1,1,1
FREP-74355-V,1,1,1,1,1,1
FREP-74382-N,1,1,1,1,1,1
FREP-74394-N,1,1,1,1,1,1
FREP-74396-V,1,1,1,1,1,1
FREP-74406-C,1,1,1,1,1,1
FREP-74414-C,1,1,1,1,1,1
FREP-74416-N,1,1,1,1,1,1
FREP-74440-C,1,1,1,1,1,1
FREP-74445-N,1,1,1,1,1,1
FREP-74452-C,1,1,1,1,1,1
FREP-74460-N,1,1,1,1,1,1
FREP-74462-V,1,1,1,1,1,1
FREP-74498-C,1,1,1,1,1,1
FREP-74501-V,1,1,1,1,1,1
FREP-74507-V,1,1,1,1,1,1
FREP-74512-N,1,1,1,1,1,1
FREP-74523-C,1,1,1,1,1,1
FREP-74526-V,1,1,1,1,1,1
FREP-74535-V,1,1,1,1,1,1
FREP-74564-C,1,1,1,1,1,1
FREP-74564-V,1,1,1,1,1,1
FREP-74565-V,1,1,1,1,1,1
FREP-74576-V,1,1,1,1,1,1
FREP-74595-V,1,1,1,1,1,1
FREP-74600-N,1,1,1,1,1,1
FREP-74611-N,1,1,1,1,1,1
FREP-74641-C,1,1,1,1,1,1
FREP-74652-C,1,1,1,1,1,1
FREP-74653-C,1,1,1,1,1,1
FREP-74654-C,1,1,1,1,1,1
FREP-74654-N,1,1,1,1,1,1
FREP-74680-N,1,1,1,1,1,1
FREP-74682-V,1,1,1,1,1,1
FREP-74685-C,1,1,1,1,1,1
FREP-74687-N,1,1,1,1,1,1
FREP-74706-V,1,1,1,1,1,1
FREP-74727-V,1,1,1,1,1,1
FREP-74728-N,1,1,1,1,1,1
FREP-74732-V,1,1,1,1,1,1
FREP-74754-N,1,1,1,1,1,1
FREP-74758-C,1,1,1,1,1,1
FREP-74771-N,1,1,1,1,1,1
FREP-74782-N,1,1,1,1,1,1
FREP-74787-V,1,1,1,1,1,1
FREP-74799-V,1,1,1,1,1,1
FREP-74832-N,1,1,1,1,1,1
FREP-74833-C,1,1,1,1,1,1
FREP-74842-V,1,1,1,1,1,1
FREP-74849-N,1,1,1,1,1,1
FREP-74859-C,1,1,1,1,1,1
FREP-74870-N,1,1,1,1,1,1
FREP-74880-C,1,1,1,1,1,1
FREP-74880-N,1,1,1,1,1,1
FREP-74883-C,1,1,1,1,1,1
FREP-74907-C,1,1,1,1,1,1
FREP-74928-C,1,1,1,1,1,1
FREP-74935-V,1,1,1,1,1,1
FREP-74936-V,1,1,1,1,1,1
FREP-74967-C,1,1,1,1,1,1
FREP-74969-V,1,1,1,1,1,1
FREP-74994-C,1,1,1,1,1,1
FREP-7500-I,1,1,1,1,1,1
FREP-75016-V,1,1,1,1,1,1
FREP-75024-N,1,1,1,1,1,1
FREP-75025-V,1,1,1,1,1,1
FREP-75026-V,1,1,1,1,1,1
FREP-75028-V,1,1,1,1,1,1
FREP-7510-I,1,1,1,1,1,1
FREP-75104-C,1,1,1,1,1,1
FREP-75122-V,1,1,1,1,1,1
FREP-75126-C,1,1,1,1,1,1
FREP-7513-O,1,1,1,1,1,1
FREP-75149-V,1,1,1,1,1,1
FREP-75154-V,1,1,1,1,1,1
FREP-75186-V,1,1,1,1,1,1
FREP-75229-C,1,1,1,1,1,1
FREP-75242-C,1,1,1,1,1,1
FREP-75246-C,1,1,1,1,1,1
FREP-75262-N,1,1,1,1,1,1
FREP-75264-C,1,1,1,1,1,1
FREP-75265-C,1,1,1,1,1,1
FREP-75271-C,1,1,1,1,1,1
FREP-75316-N,1,1,1,1,1,1
FREP-75386-V,1,1,1,1,1,1
FREP-75395-N,1,1,1,1,1,1
FREP-75431-N,1,1,1,1,1,1
FREP-75463-C,1,1,1,1,1,1
FREP-75467-N,1,1,1,1,1,1
FREP-75486-V,1,1,1,1,1,1
FREP-75524-N,1,1,1,1,1,1
FREP-75526-C,1,1,1,1,1,1
FREP-7555-O,1,1,1,1,1,1
FREP-75550-V,1,1,1,1,1,1
FREP-75568-V,1,1,1,1,1,1
FREP-75569-N,1,1,1,1,1,1
FREP-75577-C,1,1,1,1,1,1
FREP-75582-N,1,1,1,1,1,1
FREP-75596-N,1,1,1,1,1,1
FREP-75631-N,1,1,1,1,1,1
FREP-7565-I,1,1,1,1,1,1
FREP-75668-N,1,1,1,1,1,1
FREP-7568-I,1,1,1,1,1,1
FREP-75689-C,1,1,1,1,1,1
FREP-75699-C,1,1,1,1,1,1
FREP-75720-C,1,1,1,1,1,1
FREP-75721-V,1,1,1,1,1,1
FREP-75840-C,1,1,1,1,1,1
FREP-75878-C,1,1,1,1,1,1
FREP-75881-C,1,1,1,1,1,1
FREP-75887-V,1,1,1,1,1,1
FREP-7591-O,1,1,1,1,1,1
FREP-75924-V,1,1,1,1,1,1
FREP-75928-C,1,1,1,1,1,1
FREP-75950-C,1,1,1,1,1,1
FREP-75994-C,1,1,1,1,1,1
FREP-76064-V,1,1,1,1,1,1
FREP-76075-C,1,1,1,1,1,1
FREP-76077-C,1,1,1,1,1,1
FREP-76085-C,1,1,1,1,1,1
FREP-76113-C,1,1,1,1,1,1
FREP-76140-C,1,1,1,1,1,1
FREP-76141-C,1,1,1,1,1,1
FREP-76143-C,1,1,1,1,1,1
FREP-76155-V,1,1,1,1,1,1
FREP-76197-C,1,1,1,1,1,1
FREP-76199-C,1,1,1,1,1,1
FREP-76201-C,1,1,1,1,1,1
FREP-76207-C,1,1,1,1,1,1
FREP-76411-V,1,1,1,1,1,1
FREP-76417-V,1,1,1,1,1,1
FREP-76423-C,1,1,1,1,1,1
FREP-76476-C,1,1,1,1,1,1
FREP-76550-V,1,1,1,1,1,1
FREP-76559-C,1,1,1,1,1,1
FREP-7659-I,1,1,1,1,1,1
FREP-76597-V,1,1,1,1,1,1
FREP-76599-V,1,1,1,1,1,1
FREP-76601-C,1,1,1,1,1,1
FREP-76632-V,1,1,1,1,1,1
FREP-76635-C,1,1,1,1,1,1
FREP-76640-C,1,1,1,1,1,1
FREP-76660-C,1,1,1,1,1,1
FREP-76716-V,1,1,1,1,1,1
FREP-76726-V,1,1,1,1,1,1
FREP-76743-V,1,1,1,1,1,1
FREP-76745-V,1,1,1,1,1,1
FREP-76756-V,1,1,1,1,1,1
FREP-76789-V,1,1,1,1,1,1
FREP-76794-V,1,1,1,1,1,1
FREP-76796-C,1,1,1,1,1,1
FREP-76799-V,1,1,1,1,1,1
FREP-7682-O,1,1,1,1,1,1
FREP-76822-V,1,1,1,1,1,1
FREP-76823-V,1,1,1,1,1,1
FREP-76828-V,1,1,1,1,1,1
FREP-76842-V,1,1,1,1,1,1
FREP-76869-V,1,1,1,1,1,1
FREP-76874-V,1,1,1,1,1,1
FREP-76888-V,1,1,1,1,1,1
FREP-76893-V,1,1,1,1,1,1
FREP-76894-C,1,1,1,1,1,1
FREP-76896-C,1,1,1,1,1,1
FREP-76897-V,1,1,1,1,1,1
FREP-76934-V,1,1,1,1,1,1
FREP-76941-V,1,1,1,1,1,1
FREP-76946-V,1,1,1,1,1,1
FREP-76954-V,1,1,1,1,1,1
FREP-76958-V,1,1,1,1,1,1
FREP-77007-C,1,1,1,1,1,1
FREP-77025-C,1,1,1,1,1,1
FREP-77025-V,1,1,1,1,1,1
FREP-77027-C,1,1,1,1,1,1
FREP-77034-V,1,1,1,1,1,1
FREP-77036-C,1,1,1,1,1,1
FREP-77061-V,1,1,1,1,1,1
FREP-77064-C,1,1,1,1,1,1
FREP-77066-C,1,1,1,1,1,1
FREP-77067-V,1,1,1,1,1,1
FREP-77075-C,1,1,1,1,1,1
FREP-77080-C,1,1,1,1,1,1
FREP-77084-C,1,1,1,1,1,1
FREP-77086-V,1,1,1,1,1,1
FREP-77090-V,1,1,1,1,1,1
FREP-77097-V,1,1,1,1,1,1
FREP-77103-C,1,1,1,1,1,1
FREP-77112-C,1,1,1,1,1,1
FREP-77117-C,1,1,1,1,1,1
FREP-77120-C,1,1,1,1,1,1
FREP-77122-C,1,1,1,1,1,1
FREP-77123-C,1,1,1,1,1,1
FREP-77124-C,1,1,1,1,1,1
FREP-77130-C,1,1,1,1,1,1
FREP-77131-C,1,1,1,1,1,1
FREP-77134-C,1,1,1,1,1,1
FREP-77143-C,1,1,1,1,1,1
FREP-77147-C,1,1,1,1,1,1
FREP-77148-C,1,1,1,1,1,1
FREP-77152-C,1,1,1,1,1,1
FREP-77154-C,1,1,1,1,1,1
FREP-77157-V,1,1,1,1,1,1
FREP-77164-V,1,1,1,1,1,1
FREP-77183-C,1,1,1,1,1,1
FREP-77193-C,1,1,1,1,1,1
FREP-77210-C,1,1,1,1,1,1
FREP-77212-C,1,1,1,1,1,1
FREP-77214-C,1,1,1,1,1,1
FREP-77217-C,1,1,1,1,1,1
FREP-77220-C,1,1,1,1,1,1
FREP-77228-C,1,1,1,1,1,1
FREP-77229-C,1,1,1,1,1,1
FREP-77230-C,1,1,1,1,1,1
FREP-77231-C,1,1,1,1,1,1
FREP-77231-V,1,1,1,1,1,1
FREP-77234-C,1,1,1,1,1,1
FREP-77237-C,1,1,1,1,1,1
FREP-77238-C,1,1,1,1,1,1
FREP-77239-C,1,1,1,1,1,1
FREP-77244-C,1,1,1,1,1,1
FREP-7725-I,1,1,1,1,1,1
FREP-77250-C,1,1,1,1,1,1
FREP-77258-C,1,1,1,1,1,1
FREP-77258-V,1,1,1,1,1,1
FREP-77261-C,1,1,1,1,1,1
FREP-77265-C,1,1,1,1,1,1
FREP-77266-C,1,1,1,1,1,1
FREP-77267-C,1,1,1,1,1,1
FREP-77277-C,1,1,1,1,1,1
FREP-77287-C,1,1,1,1,1,1
FREP-77289-C,1,1,1,1,1,1
FREP-77298-C,1,1,1,1,1,1
FREP-77298-V,1,1,1,1,1,1
FREP-77355-C,1,1,1,1,1,1
FREP-77383-V,1,1,1,1,1,1
FREP-77385-C,1,1,1,1,1,1
FREP-77402-C,1,1,1,1,1,1
FREP-77414-C,1,1,1,1,1,1
FREP-77425-C,1,1,1,1,1,1
FREP-77450-C,1,1,1,1,1,1
FREP-77475-V,1,1,1,1,1,1
FREP-77485-V,1,1,1,1,1,1
FREP-77504-C,1,1,1,1,1,1
FREP-77505-C,1,1,1,1,1,1
FREP-77505-V,1,1,1,1,1,1
FREP-77528-C,1,1,1,1,1,1
FREP-77581-C,1,1,1,1,1,1
FREP-77589-V,1,1,1,1,1,1
FREP-7763-O,1,1,1,1,1,1
FREP-77631-C,1,1,1,1,1,1
FREP-77641-C,1,1,1,1,1,1
FREP-77652-C,1,1,1,1,1,1
FREP-77654-C,1,1,1,1,1,1
FREP-77658-C,1,1,1,1,1,1
FREP-77673-C,1,1,1,1,1,1
FREP-77739-V,1,1,1,1,1,1
FREP-77762-V,1,1,1,1,1,1
FREP-77779-V,1,1,1,1,1,1
FREP-77813-C,1,1,1,1,1,1
FREP-77822-C,1,1,1,1,1,1
FREP-77841-C,1,1,1,1,1,1
FREP-77940-C,1,1,1,1,1,1
FREP-77963-V,1,1,1,1,1,1
FREP-77980-V,1,1,1,1,1,1
FREP-78070-V,1,1,1,1,1,1
FREP-78133-C,1,1,1,1,1,1
FREP-78164-V,1,1,1,1,1,1
FREP-78167-V,1,1,1,1,1,1
FREP-78193-V,1,1,1,1,1,1
FREP-78219-V,1,1,1,1,1,1
FREP-78225-V,1,1,1,1,1,1
FREP-78267-C,1,1,1,1,1,1
FREP-78279-C,1,1,1,1,1,1
FREP-78290-V,1,1,1,1,1,1
FREP-78293-V,1,1,1,1,1,1
FREP-78323-V,1,1,1,1,1,1
FREP-78369-V,1,1,1,1,1,1
FREP-78382-C,1,1,1,1,1,1
FREP-78394-V,1,1,1,1,1,1
FREP-78431-V,1,1,1,1,1,1
FREP-78432-V,1,1,1,1,1,1
FREP-78433-V,1,1,1,1,1,1
FREP-78434-V,1,1,1,1,1,1
FREP-78435-V,1,1,1,1,1,1
FREP-78436-V,1,1,1,1,1,1
FREP-7845-I,1,1,1,1,1,1
FREP-78451-V,1,1,1,1,1,1
FREP-7846-I,1,1,1,1,1,1
FREP-7847-I,1,1,1,1,1,1
FREP-78515-V,1,1,1,1,1,1
FREP-78517-C,1,1,1,1,1,1
FREP-78692-V,1,1,1,1,1,1
FREP-78707-C,1,1,1,1,1,1
FREP-78707-V,1,1,1,1,1,1
FREP-78713-C,1,1,1,1,1,1
FREP-78718-C,1,1,1,1,1,1
FREP-78801-C,1,1,1,1,1,1
FREP-7881-I,1,1,1,1,1,1
FREP-78812-V,1,1,1,1,1,1
FREP-78844-V,1,1,1,1,1,1
FREP-78845-C,1,1,1,1,1,1
FREP-78865-V,1,1,1,1,1,1
FREP-78894-V,1,1,1,1,1,1
FREP-7903-I,1,1,1,1,1,1
FREP-79051-V,1,1,1,1,1,1
FREP-79108-C,1,1,1,1,1,1
FREP-79110-V,1,1,1,1,1,1
FREP-7913-I,1,1,1,1,1,1
FREP-7914-I,1,1,1,1,1,1
FREP-79162-C,1,1,1,1,1,1
FREP-79193-C,1,1,1,1,1,1
FREP-79207-V,1,1,1,1,1,1
FREP-7922-I,1,1,1,1,1,1
FREP-79224-V,1,1,1,1,1,1
FREP-79241-V,1,1,1,1,1,1
FREP-7926-I,1,1,1,1,1,1
FREP-79291-V,1,1,1,1,1,1
FREP-7930-I,1,1,1,1,1,1
FREP-79346-C,1,1,1,1,1,1
FREP-79365-C,1,1,1,1,1,1
FREP-7937-I,1,1,1,1,1,1
FREP-79376-C,1,1,1,1,1,1
FREP-79395-C,1,1,1,1,1,1
FREP-7943-I,1,1,1,1,1,1
FREP-7947-I,1,1,1,1,1,1
FREP-7947-O,1,1,1,1,1,1
FREP-79477-V,1,1,1,1,1,1
FREP-79492-V,1,1,1,1,1,1
FREP-79496-V,1,1,1,1,1,1
FREP-7950-O,1,1,1,1,1,1
FREP-7951-I,1,1,1,1,1,1
FREP-79533-V,1,1,1,1,1,1
FREP-79545-C,1,1,1,1,1,1
FREP-79569-V,1,1,1,1,1,1
FREP-79588-C,1,1,1,1,1,1
FREP-7961-I,1,1,1,1,1,1
FREP-79632-V,1,1,1,1,1,1
FREP-79635-V,1,1,1,1,1,1
FREP-79646-C,1,1,1,1,1,1
FREP-79728-V,1,1,1,1,1,1
FREP-79760-V,1,1,1,1,1,1
FREP-79808-C,1,1,1,1,1,1
FREP-79829-C,1,1,1,1,1,1
FREP-79841-C,1,1,1,1,1,1
FREP-79874-C,1,1,1,1,1,1
FREP-79884-C,1,1,1,1,1,1
FREP-79888-C,1,1,1,1,1,1
FREP-79952-V,1,1,1,1,1,1
FREP-79996-C,1,1,1,1,1,1
FREP-80003-V,1,1,1,1,1,1
FREP-80008-V,1,1,1,1,1,1
FREP-80015-C,1,1,1,1,1,1
FREP-80118-V,1,1,1,1,1,1
FREP-80144-C,1,1,1,1,1,1
FREP-80166-C,1,1,1,1,1,1
FREP-80167-C,1,1,1,1,1,1
FREP-80169-V,1,1,1,1,1,1
FREP-80173-C,1,1,1,1,1,1
FREP-80193-V,1,1,1,1,1,1
FREP-80215-V,1,1,1,1,1,1
FREP-80218-C,1,1,1,1,1,1
FREP-80225-V,1,1,1,1,1,1
FREP-80269-V,1,1,1,1,1,1
FREP-80271-V,1,1,1,1,1,1
FREP-80287-C,1,1,1,1,1,1
FREP-80300-C,1,1,1,1,1,1
FREP-80368-V,1,1,1,1,1,1
FREP-80384-V,1,1,1,1,1,1
FREP-80393-C,1,1,1,1,1,1
FREP-80397-C,1,1,1,1,1,1
FREP-80415-C,1,1,1,1,1,1
FREP-80433-C,1,1,1,1,1,1
FREP-80435-C,1,1,1,1,1,1
FREP-80442-C,1,1,1,1,1,1
FREP-80471-C,1,1,1,1,1,1
FREP-8048-I,1,1,1,1,1,1
FREP-80485-C,1,1,1,1,1,1
FREP-80531-V,1,1,1,1,1,1
FREP-80550-C,1,1,1,1,1,1
FREP-80687-V,1,1,1,1,1,1
FREP-80715-C,1,1,1,1,1,1
FREP-80756-V,1,1,1,1,1,1
FREP-80817-V,1,1,1,1,1,1
FREP-80821-V,1,1,1,1,1,1
FREP-80823-V,1,1,1,1,1,1
FREP-80828-V,1,1,1,1,1,1
FREP-80971-C,1,1,1,1,1,1
FREP-81033-C,1,1,1,1,1,1
FREP-81045-C,1,1,1,1,1,1
FREP-8105-I,1,1,1,1,1,1
FREP-8106-I,1,1,1,1,1,1
FREP-81095-V,1,1,1,1,1,1
FREP-81154-C,1,1,1,1,1,1
FREP-81170-V,1,1,1,1,1,1
FREP-81177-C,1,1,1,1,1,1
FREP-81215-C,1,1,1,1,1,1
FREP-81231-C,1,1,1,1,1,1
FREP-81254-C,1,1,1,1,1,1
FREP-8126-O,1,1,1,1,1,1
FREP-81273-V,1,1,1,1,1,1
FREP-81316-C,1,1,1,1,1,1
FREP-81328-V,1,1,1,1,1,1
FREP-81333-C,1,1,1,1,1,1
FREP-81336-V,1,1,1,1,1,1
FREP-81342-C,1,1,1,1,1,1
FREP-8135-I,1,1,1,1,1,1
FREP-81396-C,1,1,1,1,1,1
FREP-81449-C,1,1,1,1,1,1
FREP-81464-V,1,1,1,1,1,1
FREP-81488-V,1,1,1,1,1,1
FREP-81519-C,1,1,1,1,1,1
FREP-81551-C,1,1,1,1,1,1
FREP-81594-C,1,1,1,1,1,1
FREP-81605-C,1,1,1,1,1,1
FREP-81617-C,1,1,1,1,1,1
FREP-81626-C,1,1,1,1,1,1
FREP-81635-C,1,1,1,1,1,1
FREP-81652-C,1,1,1,1,1,1
FREP-8167-I,1,1,1,1,1,1
FREP-8169-I,1,1,1,1,1,1
FREP-81690-C,1,1,1,1,1,1
FREP-8172-I,1,1,1,1,1,1
FREP-81760-V,1,1,1,1,1,1
FREP-8179-I,1,1,1,1,1,1
FREP-81812-C,1,1,1,1,1,1
FREP-81824-C,1,1,1,1,1,1
FREP-81858-V,1,1,1,1,1,1
FREP-81867-V,1,1,1,1,1,1
FREP-81877-V,1,1,1,1,1,1
FREP-8190-O,1,1,1,1,1,1
FREP-81909-C,1,1,1,1,1,1
FREP-81913-C,1,1,1,1,1,1
FREP-81917-V,1,1,1,1,1,1
FREP-81922-C,1,1,1,1,1,1
FREP-8197-I,1,1,1,1,1,1
FREP-81988-V,1,1,1,1,1,1
FREP-82010-C,1,1,1,1,1,1
FREP-82012-V,1,1,1,1,1,1
FREP-82019-V,1,1,1,1,1,1
FREP-82051-C,1,1,1,1,1,1
FREP-82080-C,1,1,1,1,1,1
FREP-82152-V,1,1,1,1,1,1
FREP-82210-V,1,1,1,1,1,1
FREP-82216-C,1,1,1,1,1,1
FREP-82282-C,1,1,1,1,1,1
FREP-82289-C,1,1,1,1,1,1
FREP-82302-C,1,1,1,1,1,1
FREP-82316-C,1,1,1,1,1,1
FREP-82337-V,1,1,1,1,1,1
FREP-82338-C,1,1,1,1,1,1
FREP-82339-V,1,1,1,1,1,1
FREP-82352-C,1,1,1,1,1,1
FREP-82359-C,1,1,1,1,1,1
FREP-82364-V,1,1,1,1,1,1
FREP-82384-C,1,1,1,1,1,1
FREP-82386-C,1,1,1,1,1,1
FREP-82410-C,1,1,1,1,1,1
FREP-82486-C,1,1,1,1,1,1
FREP-82492-C,1,1,1,1,1,1
FREP-82542-C,1,1,1,1,1,1
FREP-82543-C,1,1,1,1,1,1
FREP-82544-V,1,1,1,1,1,1
FREP-82553-V,1,1,1,1,1,1
FREP-82579-C,1,1,1,1,1,1
FREP-82583-C,1,1,1,1,1,1
FREP-82588-C,1,1,1,1,1,1
FREP-82595-C,1,1,1,1,1,1
FREP-82603-V,1,1,1,1,1,1
FREP-82606-C,1,1,1,1,1,1
FREP-82615-V,1,1,1,1,1,1
FREP-82632-V,1,1,1,1,1,1
FREP-82651-C,1,1,1,1,1,1
FREP-82663-C,1,1,1,1,1,1
FREP-82667-V,1,1,1,1,1,1
FREP-82683-V,1,1,1,1,1,1
FREP-82689-V,1,1,1,1,1,1
FREP-82704-V,1,1,1,1,1,1
FREP-82750-C,1,1,1,1,1,1
FREP-82781-V,1,1,1,1,1,1
FREP-82789-V,1,1,1,1,1,1
FREP-8280-I,1,1,1,1,1,1
FREP-82822-C,1,1,1,1,1,1
FREP-8283-I,1,1,1,1,1,1
FREP-82845-C,1,1,1,1,1,1
FREP-82907-V,1,1,1,1,1,1
FREP-82913-C,1,1,1,1,1,1
FREP-8297-I,1,1,1,1,1,1
FREP-82975-C,1,1,1,1,1,1
FREP-82993-C,1,1,1,1,1,1
FREP-83012-C,1,1,1,1,1,1
FREP-83043-V,1,1,1,1,1,1
FREP-83046-C,1,1,1,1,1,1
FREP-8305-I,1,1,1,1,1,1
FREP-83081-C,1,1,1,1,1,1
FREP-83114-V,1,1,1,1,1,1
FREP-83124-C,1,1,1,1,1,1
FREP-83138-C,1,1,1,1,1,1
FREP-83140-V,1,1,1,1,1,1
FREP-83147-V,1,1,1,1,1,1
FREP-83236-C,1,1,1,1,1,1
FREP-83265-C,1,1,1,1,1,1
FREP-83272-C,1,1,1,1,1,1
FREP-8328-I,1,1,1,1,1,1
FREP-83286-C,1,1,1,1,1,1
FREP-83299-C,1,1,1,1,1,1
FREP-83316-C,1,1,1,1,1,1
FREP-83319-C,1,1,1,1,1,1
FREP-83332-C,1,1,1,1,1,1
FREP-83427-C,1,1,1,1,1,1
FREP-83437-C,1,1,1,1,1,1
FREP-83458-V,1,1,1,1,1,1
FREP-83564-C,1,1,1,1,1,1
FREP-83572-C,1,1,1,1,1,1
FREP-83575-C,1,1,1,1,1,1
FREP-83578-V,1,1,1,1,1,1
FREP-8359-I,1,1,1,1,1,1
FREP-83623-C,1,1,1,1,1,1
FREP-83634-C,1,1,1,1,1,1
FREP-83645-V,1,1,1,1,1,1
FREP-83661-C,1,1,1,1,1,1
FREP-83698-V,1,1,1,1,1,1
FREP-83717-C,1,1,1,1,1,1
FREP-83737-C,1,1,1,1,1,1
FREP-83743-C,1,1,1,1,1,1
FREP-83816-V,1,1,1,1,1,1
FREP-83829-C,1,1,1,1,1,1
FREP-83841-V,1,1,1,1,1,1
FREP-83858-V,1,1,1,1,1,1
FREP-83865-C,1,1,1,1,1,1
FREP-83885-V,1,1,1,1,1,1
FREP-83894-C,1,1,1,1,1,1
FREP-83903-C,1,1,1,1,1,1
FREP-83911-V,1,1,1,1,1,1
FREP-83914-V,1,1,1,1,1,1
FREP-83918-C,1,1,1,1,1,1
FREP-83940-V,1,1,1,1,1,1
FREP-83942-V,1,1,1,1,1,1
FREP-83954-V,1,1,1,1,1,1
FREP-83980-C,1,1,1,1,1,1
FREP-83982-V,1,1,1,1,1,1
FREP-83983-C,1,1,1,1,1,1
FREP-84003-V,1,1,1,1,1,1
FREP-84015-V,1,1,1,1,1,1
FREP-84032-V,1,1,1,1,1,1
FREP-8407-I,1,1,1,1,1,1
FREP-8408-I,1,1,1,1,1,1
FREP-84087-V,1,1,1,1,1,1
FREP-84122-C,1,1,1,1,1,1
FREP-84135-C,1,1,1,1,1,1
FREP-84140-C,1,1,1,1,1,1
FREP-84148-C,1,1,1,1,1,1
FREP-84148-V,1,1,1,1,1,1
FREP-84162-C,1,1,1,1,1,1
FREP-84165-V,1,1,1,1,1,1
FREP-84193-V,1,1,1,1,1,1
FREP-8420-O,1,1,1,1,1,1
FREP-84232-V,1,1,1,1,1,1
FREP-84259-C,1,1,1,1,1,1
FREP-84275-V,1,1,1,1,1,1
FREP-84317-C,1,1,1,1,1,1
FREP-84366-C,1,1,1,1,1,1
FREP-84396-C,1,1,1,1,1,1
FREP-84418-V,1,1,1,1,1,1
FREP-84420-C,1,1,1,1,1,1
FREP-84423-V,1,1,1,1,1,1
FREP-84436-V,1,1,1,1,1,1
FREP-84448-V,1,1,1,1,1,1
FREP-84460-V,1,1,1,1,1,1
FREP-84470-C,1,1,1,1,1,1
FREP-84494-C,1,1,1,1,1,1
FREP-84505-V,1,1,1,1,1,1
FREP-8454-I,1,1,1,1,1,1
FREP-84549-V,1,1,1,1,1,1
FREP-84550-V,1,1,1,1,1,1
FREP-8457-I,1,1,1,1,1,1
FREP-84574-C,1,1,1,1,1,1
FREP-84587-C,1,1,1,1,1,1
FREP-84593-V,1,1,1,1,1,1
FREP-84598-V,1,1,1,1,1,1
FREP-84605-C,1,1,1,1,1,1
FREP-8462-I,1,1,1,1,1,1
FREP-84626-C,1,1,1,1,1,1
FREP-8463-O,1,1,1,1,1,1
FREP-8469-O,1,1,1,1,1,1
FREP-84729-C,1,1,1,1,1,1
FREP-84730-V,1,1,1,1,1,1
FREP-84747-C,1,1,1,1,1,1
FREP-84756-V,1,1,1,1,1,1
FREP-84767-V,1,1,1,1,1,1
FREP-84782-C,1,1,1,1,1,1
FREP-84789-V,1,1,1,1,1,1
FREP-84811-C,1,1,1,1,1,1
FREP-84820-C,1,1,1,1,1,1
FREP-84823-C,1,1,1,1,1,1
FREP-84824-V,1,1,1,1,1,1
FREP-84842-V,1,1,1,1,1,1
FREP-84849-V,1,1,1,1,1,1
FREP-84917-C,1,1,1,1,1,1
FREP-84934-C,1,1,1,1,1,1
FREP-84948-V,1,1,1,1,1,1
FREP-84955-C,1,1,1,1,1,1
FREP-84961-C,1,1,1,1,1,1
FREP-84970-C,1,1,1,1,1,1
FREP-84979-C,1,1,1,1,1,1
FREP-85004-V,1,1,1,1,1,1
FREP-85005-V,1,1,1,1,1,1
FREP-85051-C,1,1,1,1,1,1
FREP-85062-C,1,1,1,1,1,1
FREP-85071-V,1,1,1,1,1,1
FREP-85075-C,1,1,1,1,1,1
FREP-85082-V,1,1,1,1,1,1
FREP-85115-V,1,1,1,1,1,1
FREP-8515-I,1,1,1,1,1,1
FREP-8516-I,1,1,1,1,1,1
FREP-8519-I,1,1,1,1,1,1
FREP-85198-C,1,1,1,1,1,1
FREP-8520-I,1,1,1,1,1,1
FREP-85204-V,1,1,1,1,1,1
FREP-85206-V,1,1,1,1,1,1
FREP-85236-V,1,1,1,1,1,1
FREP-85252-C,1,1,1,1,1,1
FREP-85257-C,1,1,1,1,1,1
FREP-85277-V,1,1,1,1,1,1
FREP-85309-C,1,1,1,1,1,1
FREP-85314-C,1,1,1,1,1,1
FREP-85322-V,1,1,1,1,1,1
FREP-85388-V,1,1,1,1,1,1
FREP-85394-V,1,1,1,1,1,1
FREP-85398-V,1,1,1,1,1,1
FREP-85399-C,1,1,1,1,1,1
FREP-8541-I,1,1,1,1,1,1
FREP-85441-V,1,1,1,1,1,1
FREP-85446-C,1,1,1,1,1,1
FREP-85463-C,1,1,1,1,1,1
FREP-85466-V,1,1,1,1,1,1
FREP-85495-C,1,1,1,1,1,1
FREP-85497-C,1,1,1,1,1,1
FREP-8553-I,1,1,1,1,1,1
FREP-85530-V,1,1,1,1,1,1
FREP-85572-C,1,1,1,1,1,1
FREP-85614-C,1,1,1,1,1,1
FREP-85640-C,1,1,1,1,1,1
FREP-85757-V,1,1,1,1,1,1
FREP-85781-V,1,1,1,1,1,1
FREP-85795-C,1,1,1,1,1,1
FREP-85807-V,1,1,1,1,1,1
FREP-85828-C,1,1,1,1,1,1
FREP-85836-C,1,1,1,1,1,1
FREP-85857-C,1,1,1,1,1,1
FREP-8594-O,1,1,1,1,1,1
FREP-85944-V,1,1,1,1,1,1
FREP-85945-V,1,1,1,1,1,1
FREP-85951-V,1,1,1,1,1,1
FREP-85953-C,1,1,1,1,1,1
FREP-85953-V,1,1,1,1,1,1
FREP-85968-V,1,1,1,1,1,1
FREP-85985-V,1,1,1,1,1,1
FREP-85993-V,1,1,1,1,1,1
FREP-86002-V,1,1,1,1,1,1
FREP-86010-V,1,1,1,1,1,1
FREP-86013-V,1,1,1,1,1,1
FREP-86014-V,1,1,1,1,1,1
FREP-86015-V,1,1,1,1,1,1
FREP-86025-C,1,1,1,1,1,1
FREP-86056-V,1,1,1,1,1,1
FREP-86066-C,1,1,1,1,1,1
FREP-86073-V,1,1,1,1,1,1
FREP-86074-C,1,1,1,1,1,1
FREP-86127-C,1,1,1,1,1,1
FREP-86135-C,1,1,1,1,1,1
FREP-86153-V,1,1,1,1,1,1
FREP-8616-I,1,1,1,1,1,1
FREP-86176-V,1,1,1,1,1,1
FREP-86188-C,1,1,1,1,1,1
FREP-86218-V,1,1,1,1,1,1
FREP-86221-V,1,1,1,1,1,1
FREP-86282-V,1,1,1,1,1,1
FREP-8631-I,1,1,1,1,1,1
FREP-86315-C,1,1,1,1,1,1
FREP-86343-V,1,1,1,1,1,1
FREP-86354-C,1,1,1,1,1,1
FREP-86358-C,1,1,1,1,1,1
FREP-86370-C,1,1,1,1,1,1
FREP-86431-V,1,1,1,1,1,1
FREP-86542-C,1,1,1,1,1,1
FREP-86574-C,1,1,1,1,1,1
FREP-86609-V,1,1,1,1,1,1
FREP-86616-V,1,1,1,1,1,1
FREP-86636-C,1,1,1,1,1,1
FREP-86650-V,1,1,1,1,1,1
FREP-8666-I,1,1,1,1,1,1
FREP-86670-V,1,1,1,1,1,1
FREP-86677-C,1,1,1,1,1,1
FREP-86697-V,1,1,1,1,1,1
FREP-86726-C,1,1,1,1,1,1
FREP-86729-C,1,1,1,1,1,1
FREP-86741-C,1,1,1,1,1,1
FREP-86748-C,1,1,1,1,1,1
FREP-86844-V,1,1,1,1,1,1
FREP-86864-V,1,1,1,1,1,1
FREP-86870-C,1,1,1,1,1,1
FREP-86933-C,1,1,1,1,1,1
FREP-86949-C,1,1,1,1,1,1
FREP-86958-C,1,1,1,1,1,1
FREP-8696-I,1,1,1,1,1,1
FREP-86976-C,1,1,1,1,1,1
FREP-86980-C,1,1,1,1,1,1
FREP-87035-C,1,1,1,1,1,1
FREP-87056-V,1,1,1,1,1,1
FREP-87131-C,1,1,1,1,1,1
FREP-87132-C,1,1,1,1,1,1
FREP-87133-C,1,1,1,1,1,1
FREP-87162-C,1,1,1,1,1,1
FREP-87202-C,1,1,1,1,1,1
FREP-87257-C,1,1,1,1,1,1
FREP-87267-C,1,1,1,1,1,1
FREP-87277-C,1,1,1,1,1,1
FREP-87287-C,1,1,1,1,1,1
FREP-87304-V,1,1,1,1,1,1
FREP-87335-V,1,1,1,1,1,1
FREP-87344-C,1,1,1,1,1,1
FREP-8735-I,1,1,1,1,1,1
FREP-87361-C,1,1,1,1,1,1
FREP-87383-V,1,1,1,1,1,1
FREP-87392-V,1,1,1,1,1,1
FREP-87396-V,1,1,1,1,1,1
FREP-87397-C,1,1,1,1,1,1
FREP-87406-V,1,1,1,1,1,1
FREP-87412-C,1,1,1,1,1,1
FREP-87421-C,1,1,1,1,1,1
FREP-87423-C,1,1,1,1,1,1
FREP-87433-C,1,1,1,1,1,1
FREP-87433-V,1,1,1,1,1,1
FREP-87440-C,1,1,1,1,1,1
FREP-87460-C,1,1,1,1,1,1
FREP-8754-I,1,1,1,1,1,1
FREP-87562-V,1,1,1,1,1,1
FREP-87565-V,1,1,1,1,1,1
FREP-87577-V,1,1,1,1,1,1
FREP-87578-V,1,1,1,1,1,1
FREP-87584-V,1,1,1,1,1,1
FREP-87587-V,1,1,1,1,1,1
FREP-87594-V,1,1,1,1,1,1
FREP-87603-V,1,1,1,1,1,1
FREP-87605-V,1,1,1,1,1,1
FREP-87612-V,1,1,1,1,1,1
FREP-87618-V,1,1,1,1,1,1
FREP-87623-V,1,1,1,1,1,1
FREP-87627-V,1,1,1,1,1,1
FREP-87630-V,1,1,1,1,1,1
FREP-87633-V,1,1,1,1,1,1
FREP-87634-V,1,1,1,1,1,1
FREP-87653-V,1,1,1,1,1,1
FREP-87655-V,1,1,1,1,1,1
FREP-87679-V,1,1,1,1,1,1
FREP-87706-V,1,1,1,1,1,1
FREP-87711-V,1,1,1,1,1,1
FREP-87741-V,1,1,1,1,1,1
FREP-87771-V,1,1,1,1,1,1
FREP-87778-C,1,1,1,1,1,1
FREP-87785-C,1,1,1,1,1,1
FREP-87786-C,1,1,1,1,1,1
FREP-87787-V,1,1,1,1,1,1
FREP-87809-V,1,1,1,1,1,1
FREP-87852-C,1,1,1,1,1,1
FREP-87867-V,1,1,1,1,1,1
FREP-87869-V,1,1,1,1,1,1
FREP-8788-I,1,1,1,1,1,1
FREP-87886-V,1,1,1,1,1,1
FREP-87906-V,1,1,1,1,1,1
FREP-87931-V,1,1,1,1,1,1
FREP-87933-C,1,1,1,1,1,1
FREP-87938-C,1,1,1,1,1,1
FREP-87943-V,1,1,1,1,1,1
FREP-8797-I,1,1,1,1,1,1
FREP-8799-O,1,1,1,1,1,1
FREP-88019-C,1,1,1,1,1,1
FREP-88023-V,1,1,1,1,1,1
FREP-88029-V,1,1,1,1,1,1
FREP-88034-V,1,1,1,1,1,1
FREP-8804-I,1,1,1,1,1,1
FREP-88040-C,1,1,1,1,1,1
FREP-88046-V,1,1,1,1,1,1
FREP-88047-C,1,1,1,1,1,1
FREP-88048-C,1,1,1,1,1,1
FREP-88051-V,1,1,1,1,1,1
FREP-88053-C,1,1,1,1,1,1
FREP-88061-V,1,1,1,1,1,1
FREP-88062-V,1,1,1,1,1,1
FREP-88064-V,1,1,1,1,1,1
FREP-88066-V,1,1,1,1,1,1
FREP-88067-V,1,1,1,1,1,1
FREP-88074-C,1,1,1,1,1,1
FREP-88080-C,1,1,1,1,1,1
FREP-88149-V,1,1,1,1,1,1
FREP-88163-C,1,1,1,1,1,1
FREP-88166-C,1,1,1,1,1,1
FREP-88168-C,1,1,1,1,1,1
FREP-88170-V,1,1,1,1,1,1
FREP-88199-C,1,1,1,1,1,1
FREP-88215-V,1,1,1,1,1,1
FREP-8828-I,1,1,1,1,1,1
FREP-88287-C,1,1,1,1,1,1
FREP-88321-V,1,1,1,1,1,1
FREP-88326-C,1,1,1,1,1,1
FREP-88329-V,1,1,1,1,1,1
FREP-88346-C,1,1,1,1,1,1
FREP-88398-V,1,1,1,1,1,1
FREP-88433-C,1,1,1,1,1,1
FREP-88536-V,1,1,1,1,1,1
FREP-88552-C,1,1,1,1,1,1
FREP-88556-C,1,1,1,1,1,1
FREP-88566-C,1,1,1,1,1,1
FREP-88581-V,1,1,1,1,1,1
FREP-88590-V,1,1,1,1,1,1
FREP-88598-C,1,1,1,1,1,1
FREP-88606-C,1,1,1,1,1,1
FREP-88611-C,1,1,1,1,1,1
FREP-88613-V,1,1,1,1,1,1
FREP-88614-V,1,1,1,1,1,1
FREP-88617-V,1,1,1,1,1,1
FREP-88624-C,1,1,1,1,1,1
FREP-88627-C,1,1,1,1,1,1
FREP-88632-C,1,1,1,1,1,1
FREP-88634-C,1,1,1,1,1,1
FREP-88635-C,1,1,1,1,1,1
FREP-88640-V,1,1,1,1,1,1
FREP-88644-C,1,1,1,1,1,1
FREP-88704-C,1,1,1,1,1,1
FREP-88743-C,1,1,1,1,1,1
FREP-88745-C,1,1,1,1,1,1
FREP-88767-C,1,1,1,1,1,1
FREP-88841-V,1,1,1,1,1,1
FREP-88842-V,1,1,1,1,1,1
FREP-88844-V,1,1,1,1,1,1
FREP-88845-V,1,1,1,1,1,1
FREP-8888-I,1,1,1,1,1,1
FREP-88901-C,1,1,1,1,1,1
FREP-88911-C,1,1,1,1,1,1
FREP-88924-C,1,1,1,1,1,1
FREP-88951-C,1,1,1,1,1,1
FREP-89013-C,1,1,1,1,1,1
FREP-89021-C,1,1,1,1,1,1
FREP-89071-C,1,1,1,1,1,1
FREP-89114-C,1,1,1,1,1,1
FREP-89120-C,1,1,1,1,1,1
FREP-89125-C,1,1,1,1,1,1
FREP-89127-C,1,1,1,1,1,1
FREP-89130-C,1,1,1,1,1,1
FREP-89132-C,1,1,1,1,1,1
FREP-89177-V,1,1,1,1,1,1
FREP-89181-V,1,1,1,1,1,1
FREP-89229-C,1,1,1,1,1,1
FREP-8929-O,1,1,1,1,1,1
FREP-89347-C,1,1,1,1,1,1
FREP-89380-C,1,1,1,1,1,1
FREP-89401-C,1,1,1,1,1,1
FREP-89412-C,1,1,1,1,1,1
FREP-89425-C,1,1,1,1,1,1
FREP-89429-C,1,1,1,1,1,1
FREP-89478-V,1,1,1,1,1,1
FREP-89505-C,1,1,1,1,1,1
FREP-8951-I,1,1,1,1,1,1
FREP-89524-C,1,1,1,1,1,1
FREP-89545-C,1,1,1,1,1,1
FREP-89556-V,1,1,1,1,1,1
FREP-89559-V,1,1,1,1,1,1
FREP-8958-I,1,1,1,1,1,1
FREP-89614-V,1,1,1,1,1,1
FREP-89688-C,1,1,1,1,1,1
FREP-89698-C,1,1,1,1,1,1
FREP-89699-C,1,1,1,1,1,1
FREP-89704-C,1,1,1,1,1,1
FREP-89739-C,1,1,1,1,1,1
FREP-89784-C,1,1,1,1,1,1
FREP-89795-V,1,1,1,1,1,1
FREP-8981-O,1,1,1,1,1,1
FREP-8982-I,1,1,1,1,1,1
FREP-89829-C,1,1,1,1,1,1
FREP-89853-C,1,1,1,1,1,1
FREP-8989-I,1,1,1,1,1,1
FREP-8990-I,1,1,1,1,1,1
FREP-89910-V,1,1,1,1,1,1
FREP-89915-C,1,1,1,1,1,1
FREP-89946-C,1,1,1,1,1,1
FREP-89959-V,1,1,1,1,1,1
FREP-89971-C,1,1,1,1,1,1
FREP-90007-V,1,1,1,1,1,1
FREP-90060-C,1,1,1,1,1,1
FREP-9008-I,1,1,1,1,1,1
FREP-90083-C,1,1,1,1,1,1
FREP-90116-C,1,1,1,1,1,1
FREP-90191-C,1,1,1,1,1,1
FREP-90259-C,1,1,1,1,1,1
FREP-90262-C,1,1,1,1,1,1
FREP-90266-C,1,1,1,1,1,1
FREP-9028-I,1,1,1,1,1,1
FREP-90331-C,1,1,1,1,1,1
FREP-90347-C,1,1,1,1,1,1
FREP-90361-C,1,1,1,1,1,1
FREP-90393-C,1,1,1,1,1,1
FREP-90395-C,1,1,1,1,1,1
FREP-90402-C,1,1,1,1,1,1
FREP-90506-C,1,1,1,1,1,1
FREP-90578-C,1,1,1,1,1,1
FREP-90579-C,1,1,1,1,1,1
FREP-90585-C,1,1,1,1,1,1
FREP-90673-C,1,1,1,1,1,1
FREP-90699-C,1,1,1,1,1,1
FREP-90747-C,1,1,1,1,1,1
FREP-90828-C,1,1,1,1,1,1
FREP-90835-C,1,1,1,1,1,1
FREP-90837-C,1,1,1,1,1,1
FREP-9084-I,1,1,1,1,1,1
FREP-90886-C,1,1,1,1,1,1
FREP-91006-C,1,1,1,1,1,1
FREP-91034-C,1,1,1,1,1,1
FREP-9105-I,1,1,1,1,1,1
FREP-91126-C,1,1,1,1,1,1
FREP-91192-C,1,1,1,1,1,1
FREP-91196-C,1,1,1,1,1,1
FREP-91199-C,1,1,1,1,1,1
FREP-91201-C,1,1,1,1,1,1
FREP-91203-C,1,1,1,1,1,1
FREP-91207-C,1,1,1,1,1,1
FREP-9124-I,1,1,1,1,1,1
FREP-91250-C,1,1,1,1,1,1
FREP-91256-C,1,1,1,1,1,1
FREP-91279-C,1,1,1,1,1,1
FREP-9130-I,1,1,1,1,1,1
FREP-91302-C,1,1,1,1,1,1
FREP-91308-C,1,1,1,1,1,1
FREP-9131-I,1,1,1,1,1,1
FREP-9132-I,1,1,1,1,1,1
FREP-91354-C,1,1,1,1,1,1
FREP-9138-I,1,1,1,1,1,1
FREP-91423-C,1,1,1,1,1,1
FREP-9143-I,1,1,1,1,1,1
FREP-9145-I,1,1,1,1,1,1
FREP-91460-C,1,1,1,1,1,1
FREP-91463-C,1,1,1,1,1,1
FREP-91543-C,1,1,1,1,1,1
FREP-91546-C,1,1,1,1,1,1
FREP-91551-C,1,1,1,1,1,1
FREP-91575-C,1,1,1,1,1,1
FREP-9159-O,1,1,1,1,1,1
FREP-91602-C,1,1,1,1,1,1
FREP-9162-I,1,1,1,1,1,1
FREP-9169-I,1,1,1,1,1,1
FREP-91690-C,1,1,1,1,1,1
FREP-9170-I,1,1,1,1,1,1
FREP-91706-C,1,1,1,1,1,1
FREP-91795-C,1,1,1,1,1,1
FREP-91800-C,1,1,1,1,1,1
FREP-91808-C,1,1,1,1,1,1
FREP-91951-C,1,1,1,1,1,1
FREP-91955-C,1,1,1,1,1,1
FREP-91990-C,1,1,1,1,1,1
FREP-9204-I,1,1,1,1,1,1
FREP-9206-I,1,1,1,1,1,1
FREP-92074-C,1,1,1,1,1,1
FREP-9211-I,1,1,1,1,1,1
FREP-9213-I,1,1,1,1,1,1
FREP-92186-C,1,1,1,1,1,1
FREP-92251-C,1,1,1,1,1,1
FREP-92273-C,1,1,1,1,1,1
FREP-9233-I,1,1,1,1,1,1
FREP-92336-C,1,1,1,1,1,1
FREP-9234-O,1,1,1,1,1,1
FREP-9238-I,1,1,1,1,1,1
FREP-92398-C,1,1,1,1,1,1
FREP-92464-C,1,1,1,1,1,1
FREP-92560-C,1,1,1,1,1,1
FREP-92602-C,1,1,1,1,1,1
FREP-92609-C,1,1,1,1,1,1
FREP-92632-C,1,1,1,1,1,1
FREP-92635-C,1,1,1,1,1,1
FREP-9264-O,1,1,1,1,1,1
FREP-92677-C,1,1,1,1,1,1
FREP-92718-C,1,1,1,1,1,1
FREP-92730-C,1,1,1,1,1,1
FREP-9308-O,1,1,1,1,1,1
FREP-9313-I,1,1,1,1,1,1
FREP-9337-I,1,1,1,1,1,1
FREP-9387-I,1,1,1,1,1,1
FREP-9410-I,1,1,1,1,1,1
FREP-9410-O,1,1,1,1,1,1
FREP-9415-O,1,1,1,1,1,1
FREP-9417-I,1,1,1,1,1,1
FREP-9419-O,1,1,1,1,1,1
FREP-9428-O,1,1,1,1,1,1
FREP-9441-I,1,1,1,1,1,1
FREP-9443-I,1,1,1,1,1,1
FREP-9444-O,1,1,1,1,1,1
FREP-9445-I,1,1,1,1,1,1
FREP-9457-I,1,1,1,1,1,1
FREP-9457-O,1,1,1,1,1,1
FREP-9459-I,1,1,1,1,1,1
FREP-9460-I,1,1,1,1,1,1
FREP-9461-L,1,1,1,1,1,1
FREP-9464-L,1,1,1,1,1,1
FREP-9477-O,1,1,1,1,1,1
FREP-9478-O,1,1,1,1,1,1
FREP-9479-L,1,1,1,1,1,1
FREP-9480-I,1,1,1,1,1,1
FREP-9484-I,1,1,1,1,1,1
FREP-9499-O,1,1,1,1,1,1
FREP-9502-I,1,1,1,1,1,1
FREP-9512-I,1,1,1,1,1,1
FREP-9512-O,1,1,1,1,1,1
FREP-9513-I,1,1,1,1,1,1
FREP-9525-L,1,1,1,1,1,1
FREP-9528-O,1,1,1,1,1,1
FREP-9530-L,1,1,1,1,1,1
FREP-9532-I,1,1,1,1,1,1
FREP-9532-L,1,1,1,1,1,1
FREP-9566-I,1,1,1,1,1,1
FREP-9569-I,1,1,1,1,1,1
FREP-9573-I,1,1,1,1,1,1
FREP-9583-I,1,1,1,1,1,1
FREP-9601-O,1,1,1,1,1,1
FREP-9613-L,1,1,1,1,1,1
FREP-9616-I,1,1,1,1,1,1
FREP-9616-L,1,1,1,1,1,1
FREP-9629-O,1,1,1,1,1,1
FREP-9672-I,1,1,1,1,1,1
FREP-9685-I,1,1,1,1,1,1
FREP-9695-O,1,1,1,1,1,1
FREP-9724-I,1,1,1,1,1,1
FREP-9730-I,1,1,1,1,1,1
FREP-9732-L,1,1,1,1,1,1
FREP-9733-O,1,1,1,1,1,1
FREP-9746-L,1,1,1,1,1,1
FREP-9758-I,1,1,1,1,1,1
FREP-9760-I,1,1,1,1,1,1
FREP-9772-L,1,1,1,1,1,1
FREP-9803-I,1,1,1,1,1,1
FREP-9811-I,1,1,1,1,1,1
FREP-9812-L,1,1,1,1,1,1
FREP-9817-I,1,1,1,1,1,1
FREP-9820-I,1,1,1,1,1,1
FREP-9824-I,1,1,1,1,1,1
FREP-9838-I,1,1,1,1,1,1
FREP-9857-L,1,1,1,1,1,1
FREP-9866-L,1,1,1,1,1,1
FREP-9877-L,1,1,1,1,1,1
FREP-9889-O,1,1,1,1,1,1
FREP-9901-I,1,1,1,1,1,1
FREP-9918-I,1,1,1,1,1,1
FREP-9932-I,1,1,1,1,1,1
FREP-9949-I,1,1,1,1,1,1
FREP-9961-I,1,1,1,1,1,1
FREP-9982-O,1,1,1,1,1,1
