storm,eta_pred,observed
Arwen,1.7849686665014999,0.0
Arwen,1.9482945923019395,0.0
Arwen,2.0960785568066345,2.0
Arwen,2.119434027883621,2.0
Arwen,1.8330341614064525,62.0
Arwen,2.0125543984943848,0.0
Arwen,2.676295088736108,190.0
Arwen,1.788817755131191,0.0
Arwen,1.774998850728217,10.0
Arwen,1.7820111967666048,24.0
Arwen,1.7787772684945524,402.0
Arwen,1.6538095302033116,415.0
Arwen,2.1260082335930846,5.0
Arwen,1.8968520577809909,73.0
Arwen,1.9266614740173769,1.0
Arwen,2.3544585850540645,22.0
Arwen,2.0010580303177963,31.0
Arwen,2.1146690750094748,131.0
Arwen,2.002674400718533,17.0
Arwen,2.3566642725218023,271.0
Arwen,2.131580237703129,14.0
Arwen,2.1132834345998655,2261.0
Arwen,2.0844447150391456,1.0
Arwen,2.007624812766982,189.0
Arwen,2.167825317026999,11.0
Arwen,2.233530339550421,1.0
Arwen,2.321492783789401,2.0
Arwen,2.421499560680658,0.0
Arwen,2.079240704332459,72.0
Arwen,1.9469189074311306,5.0
Arwen,2.138198983904157,0.0
Arwen,2.2512852109771084,38.0
Arwen,2.42038873618572,22.0
Arwen,2.2897320764838476,1.0
Arwen,2.3242436111213958,617.0
Arwen,2.541736867221244,2.0
Arwen,1.6208861317314847,116.0
Arwen,2.4320500912678176,392.0
Arwen,1.789152235440265,75.0
Arwen,2.0065141739304955,147.0
Arwen,2.0786138040795756,27.0
Arwen,2.0524355246513615,116.0
Arwen,2.2275133086575196,0.0
Arwen,2.1599993994234805,10.0
Arwen,2.583909036821742,105.0
Arwen,1.755813447657754,19.0
Arwen,1.9779605946855734,1.0
Arwen,1.7990332311966188,87.0
Arwen,1.7033302097269583,140.0
Arwen,2.1929203809271693,165.0
Arwen,2.361012415905311,74.0
Arwen,1.9116610910017477,6.0
Arwen,1.9584463869386577,0.0
Arwen,1.7223013835927454,48.0
Arwen,1.633526031808773,4.0
Arwen,2.1506801678311445,173.0
Arwen,2.051786461212352,4.0
Arwen,2.5568009396879083,13.0
Arwen,2.052543570709963,2.0
Arwen,1.9572327180871396,1083.0
Arwen,1.9110442507535013,1.0
Arwen,1.9835288494251084,124.0
Arwen,2.084672486402204,1.0
Arwen,2.0566338783393014,1.0
Arwen,2.3198835786082124,0.0
Arwen,2.532033209070041,75.0
Arwen,2.243964819954185,231.0
Arwen,2.5843853972876003,6.0
Arwen,1.9548243243988723,11.0
Arwen,1.9655441326531322,280.0
Arwen,2.0942051953609813,9.0
Arwen,2.4174395893212783,2837.0
Arwen,2.2579600983792347,7.0
Arwen,2.346072976503751,1.0
Arwen,2.1542094568182164,1906.0
Arwen,2.607351157844185,16.0
Arwen,2.330163402651499,1.0
Arwen,2.071555103129411,373.0
Arwen,2.073203079101977,32.0
Arwen,2.3682852648486334,168.0
Arwen,1.55464102152686,2.0
Arwen,1.6966097332659373,123.0
Arwen,1.6752512857244848,2591.0
Arwen,1.9741841957841555,0.0
Arwen,1.6587600259308612,1.0
Arwen,1.9176569302670512,2.0
Arwen,1.7123121396113496,39.0
Arwen,1.7224181831738339,22.0
Arwen,1.647671335221634,1.0
Arwen,2.2690014497446067,1.0
Arwen,2.2017723563335188,226.0
Arwen,2.0077255556447615,2.0
Arwen,1.9323600356269408,81.0
Arwen,2.7404788400466216,6.0
Arwen,2.117599291205058,68.0
Arwen,2.2964760607355132,25.0
Arwen,2.653110461532487,12.0
Arwen,2.468779348437901,187.0
Arwen,2.5584070420846463,621.0
Arwen,2.268594957189163,3.0
Arwen,1.9118553681203612,1.0
Arwen,2.0288066520664043,36.0
Arwen,1.8742839726463945,19.0
Arwen,2.0660067611766166,395.0
Arwen,1.9099430323917888,1.0
Arwen,2.0188007195266104,23.0
Arwen,2.054335056403263,5.0
Arwen,1.9314732718424883,3.0
Arwen,2.5568009396879083,0.0
Arwen,2.498552061231924,2.0
Arwen,2.486823753836526,126.0
Arwen,2.146423207359781,224.0
Arwen,1.97720509598474,0.0
Arwen,1.8258966595763761,1.0
Arwen,1.7077318900828693,23.0
Arwen,2.252977467411227,11.0
Arwen,1.937154770325989,1.0
Arwen,2.3820463434354937,1.0
Arwen,2.466528561972568,150.0
Arwen,2.18272344273031,1.0
Arwen,2.2482871014040353,1.0
Arwen,2.034929531931992,1.0
Arwen,1.8102695478722894,1.0
Arwen,2.1653143480681503,1.0
Arwen,1.7329620770315708,692.0
Arwen,1.8315872700197855,0.0
Arwen,1.8610119936918696,0.0
Arwen,2.021960987171347,1.0
Arwen,2.581994029319653,17.0
Arwen,2.0496002576360883,1.0
Arwen,2.1159145994217265,264.0
Arwen,2.3933888970739114,22.0
Arwen,2.5989500597866506,582.0
Arwen,2.1080920838095802,18.0
Arwen,1.5645884144630566,2.0
Arwen,2.031174933537342,69.0
Arwen,2.196237767995058,0.0
Arwen,2.606087178823001,1.0
Arwen,1.733924920397324,1.0
Arwen,1.6023060880627846,1.0
Arwen,1.807068352947972,40.0
Arwen,2.1371804820482487,17.0
Arwen,1.9384881704769905,24.0
Arwen,2.309931716750937,602.0
Arwen,2.06833861633055,0.0
Arwen,1.8226867399948692,0.0
Arwen,1.7481450426253062,9.0
Arwen,1.7998628271886363,1.0
Arwen,1.9376021362341962,1.0
Arwen,1.4735342402881595,1.0
Arwen,1.7166021234112232,266.0
Arwen,2.588797311542945,4.0
Arwen,2.4940858599030746,9.0
Arwen,2.15914913098578,158.0
Arwen,1.779674448228952,15.0
Arwen,1.8993275387518154,2.0
Arwen,2.452387508968858,1.0
Arwen,2.148321053858822,1.0
Arwen,2.113758998720463,0.0
Arwen,2.033619933254409,7.0
Arwen,1.8652174046305283,407.0
Arwen,2.3356831899953634,16.0
Arwen,1.9878736767230614,5.0
Arwen,2.1132957613308183,34.0
Arwen,2.6592160582059927,3.0
Arwen,1.951043161081761,240.0
Arwen,2.3838259853852244,2.0
Arwen,1.720649751643969,1.0
Arwen,1.6686234802743918,1.0
Arwen,2.0760222900786958,32.0
Arwen,1.9892100347080215,2.0
Arwen,1.499358365081892,1.0
Arwen,2.022048973294752,1.0
Arwen,2.5239324916880554,4.0
Arwen,2.383030522285374,1.0
Arwen,2.4136283987288394,16.0
Arwen,1.7695323932694027,2.0
Arwen,1.5660565097552341,4.0
Arwen,2.1808572733761626,19.0
Arwen,2.12886930558713,121.0
Arwen,1.9881314063615758,2.0
Arwen,1.9080178942542345,0.0
Arwen,1.5429487022662896,0.0
Arwen,1.8532122319088602,16.0
Arwen,2.4866316546511005,57.0
Arwen,2.282206946983683,1.0
Arwen,2.057420460852988,46.0
Arwen,2.0984937338815435,124.0
Arwen,2.1289088301679753,81.0
Arwen,2.479779302195919,1.0
Arwen,2.270620004836139,6.0
Arwen,1.9830813468858095,1.0
Arwen,2.141000959226082,1.0
Arwen,1.900276394096777,1.0
Arwen,2.0346421519126356,3.0
Arwen,2.104658135548943,86.0
Arwen,1.6982054892640033,1.0
Arwen,2.020382701246658,1.0
Arwen,2.2532836459228096,1.0
Arwen,2.3580994941989917,1.0
Arwen,2.5584070420846463,0.0
Arwen,2.4954352168670373,1.0
Arwen,1.793423738934669,2.0
Arwen,1.8815389380045866,5.0
Arwen,1.7069229035126376,0.0
Arwen,1.9768340002960534,0.0
Arwen,2.124194253434309,2.0
Arwen,2.3536327747575627,4.0
Arwen,1.840676291763684,1.0
Arwen,2.5764674608429994,241.0
Arwen,2.419915930636155,46.0
Arwen,2.101368005562788,2.0
Arwen,2.4084254507429264,1.0
Arwen,1.8468347621616579,792.0
Arwen,1.6093103224838954,1.0
Arwen,1.7335997431848391,1.0
Arwen,2.3849000538453318,2.0
Arwen,2.0982340936515707,1.0
Arwen,2.3552243128591344,507.0
Arwen,2.1769939940063456,6.0
Arwen,2.293616241612948,1.0
Arwen,2.2071917893367257,1.0
Arwen,2.4707218723914397,39.0
Arwen,2.2743081408713905,202.0
Arwen,2.491891531326577,1.0
Arwen,1.9360323798018098,1.0
Arwen,1.9397269331403517,0.0
Arwen,2.2621757972708942,1.0
Arwen,1.7949435491001158,1.0
Arwen,1.8044932597439143,1.0
Arwen,1.8443213326100405,1.0
Arwen,1.5528605390008565,1.0
Arwen,1.809995848573643,1.0
Arwen,2.140159906407669,68.0
Arwen,1.6183931385552224,1.0
Arwen,1.7124242246678028,7.0
Arwen,2.4912662673438173,4.0
Arwen,1.6378593571830695,1.0
Arwen,2.093861021886911,1.0
Arwen,2.3182898886866385,1.0
Arwen,1.9209614313253394,2.0
Arwen,1.8439995215044984,1.0
Arwen,1.6713949314387326,2.0
Arwen,1.9959196365783807,3.0
Arwen,2.2117747995122587,3.0
Arwen,2.288613757064169,2.0
Arwen,2.2016874320571698,1.0
Arwen,1.714613116892574,1.0
Arwen,2.371588218929145,8.0
Arwen,2.2207343001620203,6.0
Arwen,2.1182157358795886,21.0
Arwen,2.3937139974146167,1.0
Arwen,1.9807537663021615,1.0
Arwen,2.471994317240647,1.0
Arwen,2.3232699621119477,1.0
Arwen,2.4108634922903334,1.0
Arwen,2.2743081408713905,1.0
Arwen,2.5103833654895404,6.0
Arwen,2.4360588898348765,2.0
Arwen,2.3410931225481852,1.0
Arwen,1.8232165631993027,0.0
Arwen,2.1470437123793653,2.0
Arwen,2.012274766338953,39.0
Arwen,1.783782653647538,2.0
Arwen,1.7716586015480873,1.0
Arwen,2.1156998685734836,0.0
Arwen,1.8427659410249226,0.0
Arwen,1.7530545348659752,1.0
Arwen,1.9632211910044493,9.0
Arwen,1.9757407658275368,1.0
Dudley,2.0512491649223676,0.0
Dudley,2.199070417928037,18.0
Dudley,2.241258029326461,14.0
Dudley,2.323398925268281,192.0
Dudley,2.7090302953696184,1187.0
Dudley,2.7800393162482706,1.0
Dudley,2.186614239938751,194.0
Dudley,3.4237886796931662,116.0
Dudley,1.982059552037471,4.0
Dudley,1.9738951093827677,20.0
Dudley,2.2025752424819287,32.0
Dudley,2.027361434224969,42.0
Dudley,1.8924133423641367,476.0
Dudley,2.1776758333884696,12.0
Dudley,2.2482201434874787,343.0
Dudley,2.2379899495949527,10.0
Dudley,1.9048117498423094,1.0
Dudley,2.566616925265046,0.0
Dudley,2.5275044745757187,851.0
Dudley,2.887692672625771,1.0
Dudley,3.1568000917579524,266.0
Dudley,3.7224700733185734,2.0
Dudley,2.6045364226950776,1.0
Dudley,3.221061041541319,277.0
Dudley,2.0360980563589317,19.0
Dudley,2.6553130716313804,89.0
Dudley,1.919571562227991,187.0
Dudley,2.1615402658791916,2.0
Dudley,2.449455894652555,1.0
Dudley,2.548760387016437,330.0
Dudley,1.837531183680406,122.0
Dudley,2.1838980933970418,3.0
Dudley,1.8660898523621239,3.0
Dudley,2.3543524195535253,1.0
Dudley,2.5347107873956065,50.0
Dudley,1.8050542306434545,8.0
Dudley,2.097719792241063,0.0
Dudley,1.8316826195352633,7.0
Dudley,2.0624095061966843,1.0
Dudley,2.534280312694492,87.0
Dudley,1.9959235256360024,57.0
Dudley,2.1497610184819878,27.0
Dudley,2.537301265969489,1407.0
Dudley,2.537301265969489,190.0
Dudley,3.0881182622326775,936.0
Dudley,2.97083751927067,388.0
Dudley,2.9643234491031314,328.0
Dudley,2.839435653596936,55.0
Dudley,2.8790546887721127,32.0
Dudley,3.327905320443137,2751.0
Dudley,3.216473997681286,35.0
Dudley,2.338944425556418,494.0
Dudley,3.1385435528946664,4.0
Dudley,2.9671381555139225,8.0
Dudley,3.0073724399674435,840.0
Dudley,2.827685635244402,512.0
Dudley,2.85448863949845,562.0
Dudley,2.4427248121342457,1.0
Dudley,2.0993974546823098,1.0
Dudley,2.4391477497760174,10.0
Dudley,2.424478413179126,9.0
Dudley,2.0498667784897426,14.0
Dudley,2.048305932479189,1.0
Dudley,1.8189300498649905,54.0
Dudley,2.179434538972895,13.0
Dudley,2.1128450907135092,16.0
Dudley,2.528648945323828,45.0
Dudley,2.634163258967667,7.0
Dudley,2.685285749621651,1.0
Dudley,2.307005333949656,1.0
Dudley,3.6069771069710233,14.0
Dudley,2.2523756165173565,80.0
Dudley,2.0042004836146914,6.0
Dudley,2.5794217209552843,73.0
Dudley,2.589934482977205,68.0
Dudley,2.8286007031696667,1.0
Dudley,3.1680850696792233,809.0
Dudley,2.888868735388543,527.0
Dudley,3.089634243800951,451.0
Dudley,3.392594726702917,248.0
Dudley,2.774391112402416,1134.0
Dudley,3.2129127952020324,308.0
Dudley,3.457383280888725,531.0
Dudley,2.487378814215719,9.0
Dudley,2.2105697971103315,668.0
Dudley,3.4745726647848065,695.0
Dudley,2.7122126056667306,0.0
Dudley,2.9135496297204746,67.0
Dudley,2.841336250684733,59.0
Dudley,3.0836244900061236,1.0
Dudley,3.0141394040474814,571.0
Dudley,2.23763084100492,2.0
Dudley,2.41912324703251,4.0
Dudley,1.948189728433378,0.0
Dudley,2.338518131207708,3.0
Dudley,2.760786318991179,12.0
Dudley,2.161784094296268,12.0
Dudley,2.8269049370991675,1.0
Dudley,2.290783669849607,136.0
Dudley,2.180183451495219,1.0
Dudley,2.1525616048853013,2.0
Dudley,2.5340354635756133,56.0
Dudley,2.202556619503445,1.0
Dudley,1.9474398826713062,2.0
Dudley,2.0069597417772664,2.0
Dudley,3.0960532886624583,14.0
Dudley,2.823190166544417,2.0
Dudley,2.305406242902384,1552.0
Dudley,2.557404378020896,0.0
Dudley,1.9554355742941787,1.0
Dudley,2.3046080723403617,2.0
Dudley,2.0837967075992365,51.0
Dudley,2.41546933131503,94.0
Dudley,2.353436142936278,11.0
Dudley,2.288902412135605,10.0
Dudley,2.2451459788256245,1.0
Dudley,2.1087667598582693,52.0
Dudley,2.2011496858067665,1.0
Dudley,2.190439253092318,2.0
Dudley,2.7351481832456295,83.0
Dudley,2.1419053150659955,2.0
Dudley,2.2386801080682206,1.0
Dudley,2.5181013534256116,1.0
Dudley,2.590124223255344,584.0
Dudley,2.4114422261170687,8.0
Dudley,2.345159502730088,1.0
Dudley,1.9157013331639534,1.0
Dudley,2.5739464834886814,4.0
Dudley,2.5762697609106713,1.0
Dudley,2.0254686640253903,26.0
Dudley,2.0435018268322582,409.0
Dudley,2.4530521224701176,1.0
Dudley,2.0464598910767937,65.0
Dudley,2.5205448650221776,36.0
Dudley,2.548357673480163,26.0
Dudley,3.2559026473671158,975.0
Dudley,3.232198948734221,479.0
Dudley,3.09174198380564,38.0
Dudley,2.8659278397558103,424.0
Dudley,2.063746581802014,32.0
Dudley,2.4200827280026522,1.0
Dudley,2.7476633538051867,32.0
Dudley,1.9269479582430618,1.0
Dudley,2.472520536887751,0.0
Dudley,2.2160107854825255,169.0
Dudley,3.069869800591896,19.0
Dudley,2.2785135621067827,76.0
Dudley,2.7035032292362655,1.0
Dudley,3.0594858792172492,1.0
Dudley,2.5797386605987476,41.0
Dudley,2.1126351162926933,20.0
Dudley,2.5275044745757187,0.0
Dudley,2.1857280624573403,1.0
Dudley,2.249699549428026,0.0
Dudley,1.9628256867697236,94.0
Dudley,2.4898652959291616,1.0
Dudley,2.0494473025812225,0.0
Dudley,2.743096818803429,22.0
Dudley,2.0586388974988443,2.0
Dudley,1.8765618479546442,0.0
Dudley,2.1633543623346134,14.0
Dudley,2.332410664826613,1.0
Dudley,2.5726746414096935,1.0
Dudley,2.2588061234151477,1.0
Dudley,1.8883998684750216,1.0
Dudley,2.4277006881755905,1.0
Dudley,2.9936339942308385,1.0
Dudley,2.8062357011196593,0.0
Dudley,2.5052263619035684,7.0
Dudley,2.165902117827209,9.0
Dudley,1.9361633396667253,2.0
Dudley,1.9525742663804186,1.0
Dudley,2.6973457124609803,0.0
Dudley,2.0015783191871224,0.0
Dudley,1.7464542578229507,12.0
Dudley,2.5599004069468094,0.0
Dudley,2.5656343684372973,1.0
Dudley,2.5884626241304534,3.0
Dudley,2.8748191951896196,116.0
Dudley,2.0779385999609428,8.0
Dudley,2.738978350180765,1.0
Dudley,2.9743123455277733,87.0
Dudley,3.2092200700671465,5.0
Dudley,1.9234107083370129,1.0
Dudley,2.246977658780591,2.0
Dudley,2.5373304900403197,0.0
Dudley,3.0881182622326775,6.0
Dudley,2.886632788939002,61.0
Dudley,2.479546984214351,1.0
Dudley,2.2148076046092395,8.0
Dudley,2.358458548317864,1.0
Dudley,1.961882090573568,1.0
Dudley,1.9693288261449136,108.0
Dudley,2.0291210194232434,0.0
Dudley,1.865646274787481,0.0
Dudley,1.9361633396667253,1.0
Dudley,2.443089261184304,1.0
Dudley,3.4462717745574394,1.0
Dudley,2.7122126056667306,337.0
Dudley,3.1683401342290587,1.0
Dudley,3.101858748239034,90.0
Dudley,2.9516588510709156,2.0
Dudley,2.1991816974402036,22.0
Dudley,2.2312305754343544,0.0
Dudley,2.348916388214104,21.0
Dudley,2.7778052965601114,9.0
Dudley,2.843982765276349,363.0
Dudley,2.3143529299099317,73.0
Dudley,2.5366490963195645,4.0
Dudley,2.8766532913117744,164.0
Dudley,2.487378814215719,1.0
Dudley,1.727310867454556,0.0
Dudley,1.9915670711207014,0.0
Dudley,2.8061228159016465,0.0
Dudley,2.5981829402301293,0.0
Dudley,2.432617900915674,0.0
Dudley,1.9970919185130727,18.0
Dudley,2.1245891653814777,11.0
Dudley,2.204699870973097,6.0
Dudley,2.40441257595628,1.0
Dudley,1.95625993364328,1.0
Dudley,2.6052236595618425,1.0
Dudley,2.635315973249599,0.0
Dudley,3.0109691168426935,69.0
Dudley,3.1568000917579524,1.0
Dudley,2.277566752162801,1.0
Dudley,2.972859001535367,4.0
Dudley,3.2872963048386055,0.0
Dudley,2.3698250005000285,1.0
Dudley,1.7996442607023633,1.0
Dudley,2.3645581917148903,1.0
Dudley,1.9453939228378039,42.0
Dudley,2.5509988140461943,19.0
Dudley,2.466672754924591,0.0
Dudley,2.3640410314355353,1.0
Dudley,2.1788495563917203,1.0
Dudley,2.3288546553247618,0.0
Dudley,2.488380169229525,207.0
Dudley,2.4277688180912005,337.0
Dudley,1.97452193483407,1.0
Dudley,2.376251191455463,0.0
Dudley,1.8431455169296445,1.0
Dudley,1.8919828964669227,7.0
Dudley,2.8137407018750857,1.0
Dudley,2.703657435262201,1.0
Dudley,2.110348475162388,1.0
Dudley,2.074617960558243,5.0
Dudley,2.14796342476218,2.0
Dudley,1.9943930280497437,22.0
Dudley,1.7907518184040605,1.0
Dudley,2.8659278397558103,0.0
Dudley,2.0535676464144745,139.0
Dudley,2.122833526597177,2.0
Dudley,2.312635930864998,1.0
Dudley,1.9524313163132063,1.0
Dudley,1.8970466492250802,0.0
Dudley,2.2557332657082942,1.0
Dudley,2.187282807800917,1.0
Dudley,2.391800824086236,2.0
Dudley,2.3000945428140587,1.0
Dudley,2.77434953531431,0.0
Dudley,3.277388138820791,132.0
Dudley,3.0973493772960583,6.0
Dudley,2.225192672477221,10.0
Dudley,2.9221288552949334,1.0
Dudley,2.3133295469305306,2.0
Dudley,2.8659278397558103,0.0
Dudley,2.4796713281667224,24.0
Dudley,2.1980809605702665,0.0
Dudley,2.945375247606502,6.0
Dudley,2.466361682032663,21.0
Dudley,3.122087787411154,7.0
Dudley,2.2857582498416664,421.0
Dudley,2.2897840847518913,1.0
Dudley,2.0664493524886627,4.0
Dudley,3.0395348645522082,1.0
Dudley,2.8573710337799585,3.0
Dudley,3.011202341156468,19.0
Dudley,2.808341606579066,668.0
Dudley,2.0452537976270864,1.0
Dudley,2.0252518668216846,3.0
Dudley,2.5275044745757187,0.0
Dudley,2.435985894398639,1.0
Dudley,2.119771487835312,1.0
Dudley,1.9278061957887374,8.0
Dudley,2.8541558883407174,12.0
Dudley,2.5797386605987476,1.0
Dudley,2.453822611424244,4.0
Dudley,2.4538226114242447,475.0
Dudley,1.9284120508485116,1.0
Dudley,2.085429384335764,1.0
Eunice,2.6551131390386256,18.0
Eunice,2.92022396398646,1016.0
Eunice,3.892338716044466,22.0
Eunice,4.14955392477798,31.0
Eunice,3.980296569422378,1070.0
Eunice,3.0498434468983016,1763.0
Eunice,2.686935581069887,33.0
Eunice,2.430527914507451,7.0
Eunice,2.0459633690832466,10.0
Eunice,2.0892159882203813,165.0
Eunice,2.0512491649223676,0.0
Eunice,4.250316508290917,66.0
Eunice,3.2482004638656528,1661.0
Eunice,4.040584051804703,52.0
Eunice,3.9190765720994096,155.0
Eunice,4.121950240673248,294.0
Eunice,3.5201776100359496,259.0
Eunice,2.661625704193558,770.0
Eunice,3.305588902552925,78.0
Eunice,4.318055658162153,669.0
Eunice,3.743920202062576,199.0
Eunice,3.743920202062576,2832.0
Eunice,4.349279970928945,1608.0
Eunice,4.06103860841777,258.0
Eunice,2.8613196710044124,44.0
Eunice,4.18126682923584,251.0
Eunice,4.18126682923584,921.0
Eunice,4.050166521667911,257.0
Eunice,4.304397165290874,432.0
Eunice,4.230294986140021,5163.0
Eunice,3.7508819714272827,409.0
Eunice,4.07500779838606,26.0
Eunice,4.07500779838606,454.0
Eunice,3.475625163780293,411.0
Eunice,4.646103506489235,14171.0
Eunice,3.1978548958521826,3.0
Eunice,4.420644349673201,22.0
Eunice,2.996396518972245,13.0
Eunice,4.207228942197667,1358.0
Eunice,4.3105500926305185,1370.0
Eunice,4.1478852032594125,1.0
Eunice,4.752497921750801,2313.0
Eunice,4.436722175195915,110.0
Eunice,3.9280351469545343,32.0
Eunice,3.9759512240262187,1698.0
Eunice,4.7013257252201885,126.0
Eunice,3.2482004638656528,165.0
Eunice,4.72925659761239,130.0
Eunice,3.978032294097432,341.0
Eunice,2.009257188895046,23.0
Eunice,3.0534760589827967,982.0
Eunice,3.645512975896485,162.0
Eunice,2.387212741318693,59.0
Eunice,2.5643440259692794,128.0
Eunice,4.48211569101083,322.0
Eunice,3.3746997962715444,1.0
Eunice,3.3746997962715444,36.0
Eunice,4.105285049240546,18.0
Eunice,2.18118044750955,8.0
Eunice,3.8655247497232046,532.0
Eunice,4.0890103608769,9.0
Eunice,2.397116221137403,2.0
Eunice,3.799597627080511,1.0
Eunice,2.5746670113547707,1.0
Eunice,2.1497134997090486,16.0
Eunice,2.164132719447489,14.0
Eunice,2.3615888240394107,1.0
Eunice,2.7026435403845097,9.0
Eunice,2.2323234766223137,1.0
Eunice,3.457181250195693,855.0
Eunice,2.0615072381638866,4.0
Eunice,2.430527914507451,3817.0
Eunice,2.263975886144832,13.0
Eunice,3.5611773916904768,198.0
Eunice,2.0815924545029434,1.0
Eunice,2.186614239938751,194.0
Eunice,1.982059552037471,4.0
Eunice,3.2338422698330342,1059.0
Eunice,3.3252791127324213,1299.0
Eunice,3.0534760589827967,343.0
Eunice,3.305588902552925,3029.0
Eunice,3.241005268318474,488.0
Eunice,2.863767665305773,514.0
Eunice,3.1159480061017977,767.0
Eunice,2.6529019203264674,853.0
Eunice,3.3180095663341485,315.0
Eunice,2.4959374764141686,1196.0
Eunice,3.2482004638656528,1630.0
Eunice,1.9588582923351965,122.0
Eunice,4.322848590576486,34.0
Eunice,3.1111153212889233,25.0
Eunice,2.1477900526891056,311.0
Eunice,3.1530512000228987,13.0
Eunice,4.160503488129697,1130.0
Eunice,4.2025460615269425,36.0
Eunice,4.321852143092738,14.0
Eunice,2.4222226468616275,6.0
Eunice,4.815840241455233,2.0
Eunice,2.9532282637283074,64.0
Eunice,2.180402664554045,1.0
Eunice,4.4887393561213855,5.0
Eunice,2.551781239606204,20.0
Eunice,2.8877232745002743,55.0
Eunice,3.538271563635894,3.0
Eunice,2.6678419707158345,543.0
Eunice,2.308424774741296,251.0
Eunice,2.570510512108807,348.0
Eunice,2.3668523250995244,101.0
Eunice,2.4411764234038493,8.0
Eunice,2.009039948347156,0.0
Eunice,3.256045619867631,234.0
Eunice,2.539844410255044,558.0
Eunice,3.0498434468983016,782.0
Eunice,4.507918191212235,1.0
Eunice,2.7022390514829295,107.0
Eunice,2.1998645477127576,7.0
Eunice,2.924363869344097,245.0
Eunice,2.0805104246103316,99.0
Eunice,2.382118209673553,94.0
Eunice,2.2370382898013075,40.0
Eunice,2.2594724871004117,403.0
Eunice,2.6958279012314166,242.0
Eunice,3.0581279426298713,486.0
Eunice,2.430985009414767,615.0
Eunice,2.840656433266711,190.0
Eunice,2.77725575526529,64.0
Eunice,2.2188092620106885,28.0
Eunice,2.7414078412097127,513.0
Eunice,2.8702638532634266,87.0
Eunice,1.9914801306429533,1.0
Eunice,4.033754630457273,895.0
Eunice,4.407820943933285,509.0
Eunice,4.420644349673201,5663.0
Eunice,2.6394601603639636,4.0
Eunice,3.4621916593943167,0.0
Eunice,4.274645876269378,216.0
Eunice,4.572261782103677,2399.0
Eunice,3.730900973750653,193.0
Eunice,4.237482274477893,696.0
Eunice,4.875855703368276,249.0
Eunice,4.2522836698817095,302.0
Eunice,4.250316508290917,206.0
Eunice,4.328207754118406,545.0
Eunice,3.62104384052292,8.0
Eunice,3.0946269848524133,3.0
Eunice,4.22676377314315,373.0
Eunice,3.9980095934849467,695.0
Eunice,3.8786632149336344,344.0
Eunice,5.15378927414304,663.0
Eunice,3.5619121878796007,52.0
Eunice,3.153051200022898,194.0
Eunice,4.09526391892555,1215.0
Eunice,3.837642478805155,562.0
Eunice,3.5854641292195004,751.0
Eunice,3.028221184433866,7.0
Eunice,3.1926199293507804,95.0
Eunice,4.23512267853284,1350.0
Eunice,3.395923485840084,5.0
Eunice,3.6158786372374814,561.0
Eunice,3.6728127844148557,312.0
Eunice,3.7305960314568503,796.0
Eunice,3.732132156830135,1481.0
Eunice,2.714245921378181,2.0
Eunice,2.3743313904564225,386.0
Eunice,2.920396348968523,2.0
Eunice,5.225576637505379,24.0
Eunice,2.5876844893023754,1.0
Eunice,3.47535921319547,1000.0
Eunice,3.028221184433866,1707.0
Eunice,3.887420524626116,1360.0
Eunice,3.311515976816224,5.0
Eunice,3.3192977778844805,4.0
Eunice,2.691086097102822,9.0
Eunice,3.7267032813983465,66.0
Eunice,2.5108361544614692,1.0
Eunice,2.4709160966586516,934.0
Eunice,2.7211538503222514,3.0
Eunice,3.7693175776287853,3.0
Eunice,2.5223260609495246,293.0
Eunice,2.672069737281532,871.0
Eunice,2.4854314372475677,92.0
Eunice,2.3047308060927194,1025.0
Eunice,2.328105036755626,46.0
Eunice,2.0272826511789828,26.0
Eunice,2.2722929686191136,322.0
Eunice,1.7397631440178605,1116.0
Eunice,2.0621585086842793,2.0
Eunice,2.1090948712277333,50.0
Eunice,3.5642586288026226,444.0
Eunice,1.919571562227991,187.0
Eunice,2.1615402658791916,2.0
Eunice,3.100457607102473,263.0
Eunice,3.315742273831877,604.0
Eunice,3.315742273831877,110.0
Eunice,3.036027899142813,156.0
Eunice,2.799321414110674,2038.0
Eunice,2.775662597559285,1.0
Eunice,3.196651969620884,2134.0
Eunice,3.180204829960579,355.0
Eunice,2.9408478363876225,259.0
Eunice,3.1816325600281723,403.0
Eunice,3.1966519696208833,536.0
Eunice,3.4843904650103372,1373.0
Eunice,3.4011924562316156,497.0
Eunice,3.100457607102473,95.0
Eunice,3.4621916593943167,2055.0
Eunice,3.7321530854371088,118.0
Eunice,3.212344228790132,375.0
Eunice,3.1978548958521826,654.0
Eunice,4.321383464862305,1427.0
Eunice,3.3180095663341485,526.0
Eunice,3.305588902552925,133.0
Eunice,3.237079736121777,340.0
Eunice,3.8293280754659906,314.0
Eunice,3.4505605871761458,1.0
Eunice,3.340213667810303,212.0
Eunice,2.847484151753562,51.0
Eunice,2.661625704193558,357.0
Eunice,3.340213667810303,113.0
Eunice,2.7187950656727056,54.0
Eunice,4.83685084841322,1196.0
Eunice,1.7970693274951872,10.0
Eunice,1.8050542306434545,8.0
Eunice,4.632630346657634,1.0
Eunice,1.9959235256360024,57.0
Eunice,2.1497610184819878,27.0
Eunice,1.8431951145630625,20.0
Eunice,1.7079594736431403,0.0
Eunice,2.827685635244402,512.0
Eunice,2.85448863949845,562.0
Eunice,2.4427248121342457,1.0
Eunice,2.47062312162293,306.0
Eunice,2.0993974546823098,1.0
Eunice,2.4391477497760174,10.0
Eunice,2.424478413179126,9.0
Eunice,2.0498667784897426,14.0
Eunice,2.3072927928166096,1.0
Eunice,2.048305932479189,1.0
Eunice,1.8189300498649905,54.0
Eunice,2.529878594145196,258.0
Eunice,2.8338354600754925,1.0
Eunice,3.1569760261547475,1609.0
Eunice,3.23652098904908,188.0
Eunice,2.757272830826382,325.0
Eunice,3.0039786436364797,1.0
Eunice,3.0839899844130687,610.0
Eunice,2.6784508647976923,291.0
Eunice,2.763587780201972,551.0
Eunice,3.106954729498717,301.0
Eunice,3.0175361244297334,615.0
Eunice,3.0175361244297334,0.0
Eunice,4.611870649233998,18.0
Eunice,3.2123700663241386,228.0
Eunice,3.187672970060533,426.0
Eunice,2.9341314784829042,166.0
Eunice,2.794256238242739,403.0
Eunice,2.634043836885032,62.0
Eunice,3.2349160365707594,532.0
Eunice,3.1507429770693594,1108.0
Eunice,3.1210555667138737,35.0
Eunice,3.628465515491985,1.0
Eunice,3.6082691000351677,852.0
Eunice,4.2842620355357335,291.0
Eunice,2.963518485778643,320.0
Eunice,2.9307295563306455,261.0
Eunice,3.7109683808320346,39.0
Eunice,2.811236213290673,1545.0
Eunice,2.8873478970460633,553.0
Eunice,4.071199664423673,3.0
Eunice,3.6035161806271696,242.0
Eunice,3.0243740127909224,84.0
Eunice,2.87528144647698,733.0
Eunice,3.4774302529574794,1197.0
Eunice,2.0145512396978007,6.0
Eunice,4.310258077832823,3165.0
Eunice,3.422891327977902,984.0
Eunice,3.9646057579976697,2901.0
Eunice,3.041426946003518,290.0
Eunice,4.163163494864755,2.0
Eunice,3.160063758501872,1272.0
Eunice,3.4756155562825013,1086.0
Eunice,3.779036906119201,421.0
Eunice,4.244382891720193,163.0
Eunice,4.3679073261135315,788.0
Eunice,2.5748179742671145,1.0
Eunice,4.386997262834086,106.0
Eunice,3.982448509175905,6.0
Eunice,4.116061978182354,981.0
Eunice,4.116061978182354,88.0
Eunice,3.6789339101726664,425.0
Eunice,3.1258399129137526,801.0
Eunice,4.321852143092738,1.0
Eunice,3.7025617552170806,19.0
Eunice,2.4566643292769235,4.0
Eunice,3.545046443936032,297.0
Eunice,3.466079086607095,565.0
Eunice,4.098340236266657,204.0
Eunice,4.613587784429774,83.0
Eunice,4.10470243792255,781.0
Eunice,5.245291183548665,337.0
Eunice,5.631063404995121,1125.0
Eunice,2.397116221137403,4.0
Eunice,4.139191622286749,214.0
Eunice,3.591483227586481,50.0
Eunice,4.23178190673861,6.0
Eunice,3.7592166225227204,1865.0
Eunice,3.472561710253934,2.0
Eunice,4.100606682632395,397.0
Eunice,4.828706641684323,525.0
Eunice,2.540303363916682,71.0
Eunice,2.5746670113547707,48.0
Eunice,3.078812914342351,5.0
Eunice,4.496813886462881,12.0
Eunice,4.613823530712582,1301.0
Eunice,5.3773666448461706,778.0
Eunice,3.3538288306694883,100.0
Eunice,3.9981352057008053,1079.0
Eunice,4.875855703368276,89.0
Eunice,3.7900083086249743,660.0
Eunice,3.503991636238898,31.0
Eunice,4.192724376005527,161.0
Eunice,3.800838090910159,334.0
Eunice,4.251041755847205,252.0
Eunice,4.465822592977804,421.0
Eunice,3.8920445890366446,171.0
Eunice,4.397741969771223,417.0
Eunice,5.178440611752853,233.0
Eunice,5.15378927414304,945.0
Eunice,5.199834884636487,1.0
Eunice,4.397741969771223,323.0
Eunice,3.876721404752168,40.0
Eunice,4.552213057810422,906.0
Eunice,3.3538288306694883,929.0
Eunice,5.251684244334677,643.0
Eunice,3.9712579952177403,55.0
Eunice,4.71289596072871,1.0
Eunice,4.244382891720193,105.0
Eunice,3.5343003117746252,0.0
Eunice,4.333019964332036,662.0
Eunice,3.6847686588680353,316.0
Eunice,4.054525080497057,2.0
Eunice,2.8751277978242173,673.0
Eunice,3.4493367236667027,127.0
Eunice,3.6389036156316137,478.0
Eunice,4.394547710129058,1155.0
Eunice,3.7586737611270813,0.0
Eunice,3.707791232080829,217.0
Eunice,4.525762394677843,238.0
Eunice,4.9465090941336785,259.0
Eunice,2.8873478970460633,2934.0
Eunice,3.0498434468983016,1064.0
Eunice,3.292060626898702,451.0
Eunice,4.09526391892555,313.0
Eunice,3.75912719275093,666.0
Eunice,3.8550016596331154,1.0
Eunice,3.47535921319547,6.0
Eunice,2.4129565081704953,10.0
Eunice,3.525038217611612,216.0
Eunice,3.806278126681031,1909.0
Eunice,3.4003369437163307,16.0
Eunice,2.7874742205312795,3.0
Eunice,4.4699406947803615,10.0
Eunice,3.380405113666608,51.0
Eunice,3.8820412029500675,21.0
Eunice,2.3601822308374603,26.0
Eunice,3.7899461641934478,6.0
Eunice,2.3838578883763435,1361.0
Eunice,2.65147045202666,19.0
Eunice,2.1995453656764883,1.0
Eunice,2.647078475402959,1.0
Eunice,2.49834849056465,381.0
Eunice,2.2872272952184587,2.0
Eunice,2.5748179742671145,1.0
Eunice,3.739720327990533,2.0
Eunice,2.2845453018103767,33.0
Eunice,2.325369553261233,1.0
Eunice,2.505160756155844,5.0
Eunice,4.465822592977804,116.0
Eunice,3.029156844612167,2.0
Eunice,3.290746056600137,5.0
Eunice,4.088703721384008,117.0
Eunice,2.2403096328627163,1.0
Eunice,4.22676377314315,6.0
Eunice,2.9235380661270094,1.0
Eunice,2.3289427117842645,1.0
Eunice,2.2580574528718222,2.0
Eunice,2.1531306389791456,28.0
Eunice,4.672953558198965,1059.0
Eunice,2.0560650235526987,1.0
Eunice,5.178440611752853,4.0
Eunice,2.394950923429894,1.0
Eunice,2.0554726823576073,4.0
Eunice,2.3286487670172122,188.0
Eunice,2.2161870403962394,1.0
Eunice,2.352087210371517,206.0
Eunice,2.2749166472452242,0.0
Eunice,2.436867799570875,144.0
Eunice,4.283138679641282,46.0
Eunice,2.5992861337643656,3.0
Eunice,2.3939066390466204,449.0
Eunice,3.0385975844569253,0.0
Eunice,3.9646057579976697,447.0
Eunice,4.098340236266657,0.0
Eunice,2.7748233981522006,1211.0
Eunice,3.0498434468983016,2735.0
Eunice,4.121950240673248,679.0
Eunice,4.268916427955095,944.0
Eunice,4.628217294473347,160.0
Eunice,3.2161871853574806,456.0
Eunice,4.321383464862305,158.0
Eunice,4.230294986140021,2886.0
Eunice,4.238510289145445,101.0
Eunice,4.261684489367275,1702.0
Eunice,3.9729386366901296,2.0
Eunice,3.891815926461423,4.0
Eunice,4.541696814813604,146.0
Eunice,4.508871908537496,683.0
Eunice,4.204024385840842,119.0
Eunice,4.135326674287091,429.0
Eunice,4.2612905805024015,17.0
Eunice,4.207228942197667,169.0
Eunice,4.352161217809102,15.0
Eunice,4.436722175195915,332.0
Eunice,4.339139035615465,1.0
Eunice,4.121950240673248,180.0
Eunice,5.267436810162799,191.0
Eunice,4.728685512067766,64.0
Eunice,4.752497921750801,88.0
Eunice,3.653889384513356,785.0
Eunice,4.73593970918948,418.0
Eunice,2.220735540072512,6.0
Eunice,2.5794734207309,30.0
Eunice,4.526717986431894,8.0
Eunice,2.77725575526529,54.0
Eunice,3.795097924695537,122.0
Eunice,4.501877720385101,2.0
Eunice,2.92022396398646,5.0
Eunice,3.4843904650103372,911.0
Eunice,3.7286503021303576,80.0
Eunice,4.349279970928945,1.0
Eunice,3.0785991646096784,47.0
Eunice,2.8423917029360903,33.0
Eunice,2.154979540263347,1083.0
Eunice,2.547010570547765,3.0
Eunice,2.014433429587393,14.0
Eunice,2.2371511921584504,273.0
Eunice,2.9408478363876225,9.0
Eunice,2.3966935488082224,717.0
Eunice,2.359556026730631,315.0
Eunice,2.3387130626980253,6.0
Eunice,2.304617303017633,4.0
Eunice,3.715872617559152,72.0
Eunice,2.48643420203775,1.0
Eunice,2.6131356963878782,161.0
Eunice,2.1508996271566496,307.0
Eunice,2.167039622849598,48.0
Eunice,2.349809061576209,244.0
Eunice,2.3571106836258298,179.0
Eunice,2.0307158605374145,935.0
Eunice,2.816407181635702,554.0
Eunice,2.3662740988392135,213.0
Eunice,2.0061975525023956,1095.0
Eunice,2.2337435461103303,1446.0
Eunice,3.715872617559152,110.0
Eunice,2.866624712397265,168.0
Eunice,2.2625865800096756,18.0
Eunice,3.0444732816600255,238.0
Eunice,3.036027899142813,0.0
Eunice,3.196651969620884,8.0
Eunice,2.6279703487373456,1.0
Eunice,2.955680940999423,0.0
Eunice,2.6933870417754124,497.0
Eunice,2.8325341848654664,279.0
Eunice,2.9872516544933774,10.0
Eunice,2.938026002235041,1.0
Eunice,3.4621916593943167,625.0
Eunice,3.719537989249301,338.0
Eunice,3.4011924562316156,1021.0
Eunice,3.340213667810303,37.0
Eunice,3.2338422698330342,599.0
Eunice,3.305588902552925,112.0
Eunice,2.7748233981522006,145.0
Eunice,2.9467625870352,53.0
Eunice,2.7187950656727047,737.0
Eunice,3.0584601591410228,375.0
Eunice,2.1128505802566218,156.0
Eunice,2.307005333949656,1.0
Eunice,2.2523756165173565,80.0
Eunice,2.0042004836146914,6.0
Eunice,2.728076411780735,58.0
Eunice,1.915633283310467,21.0
Eunice,2.487378814215719,9.0
Eunice,2.195917023381766,28.0
Eunice,4.743478073174091,54.0
Eunice,2.9341314784829042,720.0
Eunice,3.0872087040600955,69.0
Eunice,3.9646057579976697,169.0
Eunice,4.7197799760297885,191.0
Eunice,3.8641567193914677,1933.0
Eunice,3.0802894679963986,149.0
Eunice,3.2401583648665615,131.0
Eunice,2.8615755913656917,1.0
Eunice,2.811236213290673,526.0
Eunice,2.604112062947905,2.0
Eunice,2.950863420605056,9.0
Eunice,2.496911968873523,3.0
Eunice,2.4579360121071914,2.0
Eunice,3.717762664752639,1.0
Eunice,2.217194140590502,88.0
Eunice,2.351748053262497,53.0
Eunice,2.380556731496724,5.0
Eunice,2.1654754858705547,5.0
Eunice,1.9601305134582823,1.0
Eunice,2.3147416507759555,59.0
Eunice,2.22966182533017,72.0
Eunice,4.316219199908913,92.0
Eunice,2.3999222447481285,40.0
Eunice,2.645958573109845,0.0
Eunice,2.5734832290720475,4.0
Eunice,2.1794801031682507,1714.0
Eunice,3.7430912341320295,102.0
Eunice,2.305467220228347,261.0
Eunice,2.310672833910098,11.0
Eunice,2.340899263162561,548.0
Eunice,2.4110773359661795,627.0
Eunice,2.5497495307188687,2.0
Eunice,2.5783438744456766,8.0
Eunice,2.3098995543518015,316.0
Eunice,2.107343350083757,1323.0
Eunice,1.8732323724423987,31.0
Eunice,3.067697785284006,1.0
Eunice,3.8756699756397444,363.0
Eunice,4.672953558198965,0.0
Eunice,4.105349877665155,3.0
Eunice,2.2105697971103315,668.0
Eunice,4.22676377314315,6.0
Eunice,2.5592031259633874,34.0
Eunice,1.9212025480733164,0.0
Eunice,1.8241835515822566,1.0
Eunice,2.4933727463323154,5.0
Eunice,2.23763084100492,2.0
Eunice,2.41912324703251,4.0
Eunice,2.2844614662419436,170.0
Eunice,3.1981752887978527,389.0
Eunice,3.6601607743665254,19.0
Eunice,3.1023870121333084,279.0
Eunice,3.2401583648665615,259.0
Eunice,3.077850965304258,147.0
Eunice,2.6727137617925445,183.0
Eunice,2.859799928442144,145.0
Eunice,3.941995068132695,1879.0
Eunice,3.422891327977902,473.0
Eunice,3.4774302529574794,1242.0
Eunice,3.613012605877254,143.0
Eunice,3.6789339101726664,391.0
Eunice,4.746160716581933,19.0
Eunice,4.0059595676647035,414.0
Eunice,4.786122738885626,4.0
Eunice,4.685859869373114,9.0
Eunice,4.9698415295230935,2.0
Eunice,4.10470243792255,1.0
Eunice,4.437075879299909,15.0
Eunice,3.9981352057008053,84.0
Eunice,5.178440611752853,1013.0
Eunice,4.946820005337045,2042.0
Eunice,3.7542376339249683,916.0
Eunice,4.397741969771223,2327.0
Eunice,5.178440611752853,450.0
Eunice,4.397741969771223,269.0
Eunice,2.4579360121071914,7.0
Eunice,2.276884621424428,3.0
Eunice,4.522886520899754,768.0
Eunice,4.92144690583886,101.0
Eunice,3.628094857763599,812.0
Eunice,4.39944814828971,144.0
Eunice,4.000355818027999,1542.0
Eunice,4.572261782103677,295.0
Eunice,5.225576637505379,1.0
Eunice,3.819484407074698,935.0
Eunice,4.805779698862854,1.0
Eunice,5.15378927414304,767.0
Eunice,5.178440611752853,19.0
Eunice,4.39944814828971,19.0
Eunice,3.13072085988995,0.0
Eunice,3.1119776198629503,330.0
Eunice,3.67329328812406,305.0
Eunice,2.585592762794189,340.0
Eunice,3.8550016596331154,221.0
Eunice,3.753992801101169,531.0
Eunice,3.5619121878796007,1.0
Eunice,3.9842436477386816,361.0
Eunice,4.11489838809469,777.0
Eunice,4.000895828864533,190.0
Eunice,3.1360895926691588,157.0
Eunice,2.71495025530762,2.0
Eunice,2.524590705420143,8.0
Eunice,2.307098926719877,8.0
Eunice,1.995731794881267,92.0
Eunice,3.6535105232100062,1366.0
Eunice,2.782765282572972,1.0
Eunice,2.4580554217687687,1.0
Eunice,2.540024054965957,173.0
Eunice,2.4066371535875484,250.0
Eunice,2.9714107864501726,62.0
Eunice,4.531798886920087,348.0
Eunice,2.920396348968523,22.0
Eunice,2.311332295794856,182.0
Eunice,2.874783785649328,1.0
Eunice,3.8321619381973364,4.0
Eunice,2.1353301895225782,5.0
Eunice,4.397741969771223,0.0
Eunice,4.762799352789008,0.0
Eunice,2.3143193908774697,1.0
Eunice,2.277824275470651,6.0
Eunice,2.2107548453935584,616.0
Eunice,2.105798424091166,1.0
Eunice,2.295687197368173,24.0
Eunice,2.329969195463479,1032.0
Eunice,2.458979788979233,1084.0
Eunice,2.811236213290673,0.0
Eunice,2.149460427702761,225.0
Eunice,4.786122738885626,8.0
Eunice,2.3414310606253523,334.0
Eunice,2.071546178383835,92.0
Eunice,2.1527534995286994,1.0
Eunice,2.2872272952184587,1.0
Eunice,4.304867328074746,732.0
Eunice,2.520267821224529,1.0
Eunice,2.2299066292052885,489.0
Eunice,2.5503723980926565,1070.0
Eunice,2.6791428078988826,19.0
Eunice,2.811882246622815,577.0
Eunice,2.224509401500685,684.0
Eunice,2.933173941545171,727.0
Eunice,2.757453334204342,2.0
Eunice,3.4843904650103372,661.0
Eunice,2.9402592964754057,467.0
Eunice,2.80711722701654,369.0
Eunice,3.100457607102473,18.0
Eunice,3.591483227586481,497.0
Eunice,3.2162094893894317,1.0
Eunice,3.3252791127324213,954.0
Eunice,3.3252791127324213,115.0
Eunice,3.3252791127324213,174.0
Eunice,3.7415457097341034,10.0
Eunice,2.699112517849948,1188.0
Eunice,3.3130275939321123,200.0
Eunice,3.0298958778850293,182.0
Eunice,2.6529019203264674,77.0
Eunice,2.161784094296268,12.0
Eunice,2.1525616048853013,2.0
Eunice,2.5340354635756133,56.0
Eunice,2.202556619503445,1.0
Eunice,1.9474398826713062,2.0
Eunice,2.0069597417772664,2.0
Eunice,3.1530512000228987,8.0
Eunice,3.395923485840084,0.0
Eunice,3.1159480061017977,33.0
Eunice,4.72925659761239,1.0
Eunice,2.649467627547309,10.0
Eunice,2.7748233981522006,3.0
Eunice,2.245317053387739,3.0
Eunice,3.6167838782833166,95.0
Eunice,3.912926792642964,32.0
Eunice,3.311515976816224,6.0
Eunice,2.305406242902384,1552.0
Eunice,2.672069737281532,149.0
Eunice,3.958563098124733,1071.0
Eunice,3.7694877991989153,233.0
Eunice,2.3606031743076112,6.0
Eunice,4.076377544326457,32.0
Eunice,3.3045799701752565,6.0
Eunice,2.255228465117169,170.0
Eunice,3.2123700663241386,0.0
Eunice,2.9341314784829042,243.0
Eunice,2.3663471369809046,981.0
Eunice,2.4094822249771917,316.0
Eunice,2.360559985231118,124.0
Eunice,2.0837967075992365,51.0
Eunice,2.353436142936278,11.0
Eunice,4.946820005337045,2.0
Eunice,4.5480295207807435,2.0
Eunice,2.4981120832951533,16.0
Eunice,3.2161871853574806,131.0
Eunice,3.800838090910159,0.0
Eunice,2.8873478970460633,0.0
Eunice,3.1530512000228987,0.0
Eunice,2.3688999669053574,113.0
Eunice,1.8034048976323418,0.0
Eunice,2.4114422261170687,8.0
Eunice,2.345159502730088,1.0
Eunice,2.190530123044151,351.0
Eunice,4.283138679641282,0.0
Eunice,3.9712579952177403,0.0
Eunice,3.881329152116468,0.0
Eunice,4.172785805084236,0.0
Eunice,2.948786893050849,387.0
Eunice,2.205206333278641,6.0
Eunice,2.0254686640253903,26.0
Eunice,2.0435018268322582,409.0
Eunice,3.918493700251934,24.0
Eunice,1.9109096601691304,0.0
Eunice,2.063746581802014,32.0
Eunice,2.4200827280026522,1.0
Eunice,2.086873787497578,473.0
Eunice,2.2733615987407774,371.0
Eunice,2.96035808248708,10.0
Eunice,2.9341314784829042,939.0
Eunice,3.0213014151647806,58.0
Eunice,2.867926348936924,0.0
Eunice,3.0039786436364797,84.0
Eunice,3.5605945764704665,47.0
Eunice,3.6136360953143916,468.0
Eunice,3.0385975844569253,1089.0
Eunice,2.6644890110279538,265.0
Eunice,3.1560486730865724,2299.0
Eunice,4.433451463367646,564.0
Eunice,3.112346537540444,1608.0
Eunice,4.429461707591639,1.0
Eunice,3.4137923868845097,292.0
Eunice,3.9646057579976697,551.0
Eunice,4.436267152342437,206.0
Eunice,4.391739942973089,420.0
Eunice,4.567847930093358,6.0
Eunice,1.8570650883990878,1.0
Eunice,2.794256238242739,0.0
Eunice,2.859694297262445,198.0
Eunice,4.5665338270066895,4.0
Eunice,2.2356573676945293,5.0
Eunice,2.3389694470521047,12.0
Eunice,3.3027460989430097,1.0
Eunice,4.382534817522369,63.0
Eunice,2.293642685781979,191.0
Eunice,2.0932343250203345,147.0
Eunice,2.1464937118688936,850.0
Eunice,2.4166055975069005,23.0
Eunice,2.4491783555825273,7.0
Eunice,3.8995374780099135,0.0
Eunice,4.135326674287091,629.0
Eunice,4.135326674287091,110.0
Eunice,3.2338422698330342,772.0
Eunice,4.349279970928945,302.0
Eunice,3.848485352041973,1782.0
Eunice,2.520558732056671,1.0
Eunice,3.8252784778609388,307.0
Eunice,4.02991376274765,29.0
Eunice,2.719651966527572,1.0
Eunice,3.928035146954535,154.0
Eunice,4.07500779838606,143.0
Eunice,4.355622090859888,210.0
Eunice,4.355622090859888,212.0
Eunice,2.8175517011012956,0.0
Eunice,4.321852143092738,7.0
Eunice,5.004412086832613,411.0
Eunice,3.930437260306827,31.0
Eunice,4.455616494224819,42.0
Eunice,4.1915281786019,23.0
Eunice,5.475591497011537,604.0
Eunice,2.0768483064521828,24.0
Eunice,4.752497921750801,1.0
Eunice,2.4128436539956155,4.0
Eunice,4.569858558768269,996.0
Eunice,4.5665338270066895,6.0
Eunice,2.6333509054878004,21.0
Eunice,3.5682269843848324,82.0
Eunice,3.1577905910904094,227.0
Eunice,3.3521858810631984,31.0
Eunice,4.837814555706174,1.0
Eunice,2.642300824353254,1.0
Eunice,2.7692103309417226,7.0
Eunice,4.508835227250378,2.0
Eunice,2.8132429141969078,3.0
Eunice,3.733803617148672,3.0
Eunice,2.6511868380078067,23.0
Eunice,2.649467627547309,0.0
Eunice,2.3701904514949166,3.0
Eunice,2.275072931324311,36.0
Eunice,1.9609649458339755,4.0
Eunice,3.43824971324605,2.0
Eunice,2.2402067355007333,2.0
Eunice,2.2352598100710463,1.0
Eunice,2.0191607676837062,577.0
Eunice,2.2016140026217488,15.0
Eunice,2.17071729535826,5.0
Eunice,2.2894707195611432,98.0
Eunice,2.349809061576209,1.0
Eunice,1.941547647318107,9.0
Eunice,2.087556083409205,1083.0
Eunice,2.163236440615276,1448.0
Eunice,2.050823284849058,1.0
Eunice,2.0194668855494813,2.0
Eunice,2.5962463051010345,544.0
Eunice,2.064487366913194,1.0
Eunice,2.244146880982515,283.0
Eunice,2.2364727496381422,49.0
Eunice,2.624566890452937,32.0
Eunice,2.921424399372547,470.0
Eunice,2.8630127140377017,227.0
Eunice,2.7503633161296155,439.0
Eunice,2.372174976842898,513.0
Eunice,4.16709474224222,41.0
Eunice,4.896684867281385,13.0
Eunice,1.9269479582430618,1.0
Eunice,2.2872272952184587,1.0
Eunice,4.293842572867661,278.0
Eunice,2.1580243498252796,178.0
Eunice,3.638448505059276,25.0
Eunice,3.6389052250171305,964.0
Eunice,2.7623446535470477,18.0
Eunice,2.39669392848706,1.0
Eunice,3.640054794383042,11.0
Eunice,4.16709474224222,1.0
Eunice,4.08709151803404,6.0
Eunice,4.3338079024766385,1.0
Eunice,2.988096683056788,13.0
Eunice,3.457181250195693,2424.0
Eunice,1.9167550194800242,457.0
Eunice,2.395448038111245,0.0
Eunice,2.5797386605987476,41.0
Eunice,2.1126351162926933,20.0
Eunice,2.1857280624573403,1.0
Eunice,2.736348983157307,967.0
Eunice,2.707386418382613,337.0
Eunice,2.9676687979477214,1.0
Eunice,2.818174184864293,330.0
Eunice,3.6563424130653925,721.0
Eunice,3.009464825917351,246.0
Eunice,3.0470292991024994,382.0
Eunice,3.2259429709976906,1912.0
Eunice,3.9265507043644585,71.0
Eunice,3.0872087040600955,10.0
Eunice,4.172785805084236,1180.0
Eunice,2.811236213290673,0.0
Eunice,2.8873478970460633,1.0
Eunice,4.601988419049928,87.0
Eunice,4.453864575673998,14.0
Eunice,4.282316126844575,86.0
Eunice,2.634043836885032,581.0
Eunice,3.5605945764704665,8.0
Eunice,3.321759239191022,212.0
Eunice,3.9905216576783173,389.0
Eunice,4.2842620355357335,323.0
Eunice,5.199834884636487,947.0
Eunice,4.613587784429774,15.0
Eunice,2.9977655029396475,7.0
Eunice,4.106566500616117,32.0
Eunice,3.160063758501872,1.0
Eunice,5.050353797834184,311.0
Eunice,3.5896053827647623,269.0
Eunice,4.282006921631143,230.0
Eunice,2.968095278521445,32.0
Eunice,4.072092184647254,7.0
Eunice,5.174069443956969,46.0
Eunice,4.675492930990869,11.0
Eunice,3.3627960686790783,13.0
Eunice,2.290543135463236,29.0
Eunice,2.21768825963732,213.0
Eunice,2.1791320496417006,1026.0
Eunice,3.038569327347628,45.0
Eunice,3.734855873776072,46.0
Eunice,2.718088174870243,150.0
Eunice,2.2072548496492614,183.0
Eunice,2.902204309423292,687.0
Eunice,2.0973905756199662,101.0
Eunice,2.3427433795607686,6.0
Eunice,4.455616494224819,2.0
Eunice,1.9212025480733164,0.0
Eunice,2.244146880982515,115.0
Eunice,4.420644349673201,5.0
Eunice,4.775154146849437,225.0
Eunice,3.982448509175905,509.0
Eunice,2.377158936360952,124.0
Eunice,2.3801969210648983,3.0
Eunice,2.2921923937486364,40.0
Eunice,2.4902808013942916,3.0
Eunice,2.3048537323603644,1.0
Eunice,2.297664062391898,1.0
Eunice,2.2762652096029696,5.0
Eunice,2.2258200575720606,2.0
Eunice,2.442422048768232,1.0
Eunice,2.1986594709462453,22.0
Eunice,1.9500100870869044,1.0
Eunice,4.282316126844575,14.0
Eunice,4.206075913185865,0.0
Eunice,3.1258399129137526,0.0
Eunice,2.249699549428026,0.0
Eunice,1.9628256867697236,94.0
Eunice,3.469094449098097,631.0
Eunice,2.4898652959291616,1.0
Eunice,2.9683930079253646,1.0
Eunice,4.034034868020417,316.0
Eunice,3.1770364754280918,3.0
Eunice,2.193788715851457,1.0
Eunice,3.9646057579976697,363.0
Eunice,2.818967327176893,0.0
Eunice,2.550431658063178,5.0
Eunice,2.6658115788986403,37.0
Eunice,4.121950240673248,32.0
Eunice,3.7353527734528407,27.0
Eunice,2.7596993585560106,14.0
Eunice,2.5755665631626132,1.0
Eunice,2.462376598803609,40.0
Eunice,3.8704242864111587,30.0
Eunice,3.1510194613419555,164.0
Eunice,2.838274079500136,802.0
Eunice,3.4853162641638384,1.0
Eunice,3.9338475572482756,1.0
Eunice,3.4774460337121913,1217.0
Eunice,3.4923061621631937,200.0
Eunice,2.5938379003101733,0.0
Eunice,3.6349313912280112,1.0
Eunice,2.2642852403748903,812.0
Eunice,2.2682017422975522,491.0
Eunice,2.2955884348628057,887.0
Eunice,2.2150608327401478,342.0
Eunice,2.02394886518472,0.0
Eunice,4.418028361196465,1.0
Eunice,2.6544320695476147,1572.0
Eunice,2.4209521891877768,491.0
Eunice,2.0586388974988443,2.0
Eunice,2.80711722701654,154.0
Eunice,2.9442742846708967,6.0
Eunice,3.142675135927858,37.0
Eunice,2.9323924934024164,26.0
Eunice,2.915752238185292,126.0
Eunice,2.7799501542511185,377.0
Eunice,5.348182486181101,50.0
Eunice,3.3180095663341485,416.0
Eunice,2.9818458460023316,602.0
Eunice,3.196651969620884,128.0
Eunice,3.2436967259050475,4.0
Eunice,2.6930817669026212,11.0
Eunice,3.2338422698330342,249.0
Eunice,3.1908674963442714,18.0
Eunice,3.4621916593943167,11.0
Eunice,2.6397905135773247,220.0
Eunice,2.8873478970460633,0.0
Eunice,4.09526391892555,707.0
Eunice,4.098340236266657,0.0
Eunice,2.395448038111245,42.0
Eunice,2.4712772062395545,4.0
Eunice,2.2963397056713974,653.0
Eunice,2.303753866784874,1.0
Eunice,2.3198953436436143,85.0
Eunice,4.762799352789008,61.0
Eunice,2.3098995543518015,1.0
Eunice,2.0804034041838473,22.0
Eunice,2.527722578896897,300.0
Eunice,2.3375455179560065,16.0
Eunice,3.8623904942265623,1.0
Eunice,3.7430912341320295,383.0
Eunice,2.736348983157307,73.0
Eunice,1.9277926843253745,0.0
Eunice,2.3248659542475614,127.0
Eunice,3.8774000874945402,679.0
Eunice,2.02394886518472,790.0
Eunice,2.7656223568122127,1.0
Eunice,3.6397870870536755,35.0
Eunice,2.2901085747246643,1.0
Eunice,3.507007018304551,899.0
Eunice,4.230294986140021,0.0
Eunice,4.02991376274765,83.0
Eunice,4.344983839940705,13.0
Eunice,2.3039745489083474,23.0
Eunice,3.241005268318474,0.0
Eunice,3.4396617689826945,211.0
Eunice,2.472147003801814,810.0
Eunice,4.828706641684323,0.0
Eunice,2.29877185012488,116.0
Eunice,2.655113139038626,512.0
Eunice,3.3627960686790783,538.0
Eunice,4.454147562172854,1.0
Eunice,4.230294986140021,0.0
Eunice,2.6683747540649505,1.0
Eunice,2.340995419458063,1.0
Eunice,2.3701045149989683,46.0
Eunice,2.2423188890900767,2102.0
Eunice,2.455952464399997,1.0
Eunice,2.2540910983247664,15.0
Eunice,2.3262679886613107,10.0
Eunice,2.2556287375197934,3.0
Eunice,3.6389052250171305,39.0
Eunice,3.1680601732960483,1142.0
Eunice,3.248211739899966,1.0
Eunice,3.039070342164482,1.0
Eunice,3.237079736121777,309.0
Eunice,3.541120270671693,247.0
Eunice,2.88739496678715,620.0
Eunice,3.2482004638656528,289.0
Eunice,4.5665338270066895,5.0
Eunice,4.07500779838606,50.0
Eunice,4.2994873581216755,53.0
Eunice,4.404035614744664,27.0
Eunice,4.121950240673248,116.0
Eunice,3.7025617552170806,250.0
Eunice,3.3763151769638244,32.0
Eunice,4.436722175195915,523.0
Eunice,4.455616494224819,206.0
Eunice,3.100457607102473,24.0
Eunice,3.9320405269554795,1.0
Eunice,3.7415457097341034,6.0
Eunice,1.9264277437500639,15.0
Eunice,4.455616494224819,1.0
Eunice,3.355283771656827,2.0
Eunice,3.0372297968406836,7.0
Eunice,3.799597627080511,31.0
Eunice,2.25019258103555,3.0
Eunice,2.2827864497032047,75.0
Eunice,3.094627039506776,44.0
Eunice,2.7934353946519437,1.0
Eunice,3.1092473198850565,45.0
Eunice,2.222627038264144,64.0
Eunice,3.628465515491985,82.0
Eunice,5.225576637505379,30.0
Eunice,2.7103856581564214,7.0
Eunice,2.2184819409378074,1.0
Eunice,2.6340578660543854,3.0
Eunice,2.5532973494190507,746.0
Eunice,3.354427266657869,996.0
Eunice,3.9646057579976697,0.0
Eunice,2.306500443037154,238.0
Eunice,3.2338422698330342,0.0
Eunice,3.1680601732960483,79.0
Eunice,3.1816325600281723,2.0
Eunice,2.187626379660679,4.0
Eunice,2.734208144786246,14.0
Eunice,3.513829833407501,22.0
Eunice,2.055577931658469,1.0
Eunice,2.1584081964228345,1.0
Eunice,2.3162946504400757,25.0
Eunice,2.520558732056671,3.0
Eunice,2.0313129360209197,1.0
Eunice,1.9848490255311895,4.0
Eunice,2.087556083409205,10.0
Eunice,2.3662740988392135,1.0
Eunice,2.131471843101323,157.0
Eunice,2.2451090940453935,1.0
Eunice,1.8883998684750216,1.0
Eunice,4.345856681116724,1.0
Eunice,3.2657721688686903,1.0
Eunice,3.89494091759638,37.0
Eunice,3.675249873162335,2.0
Eunice,2.198654321008663,0.0
Eunice,3.653889384513356,3.0
Eunice,1.9319016932913289,5.0
Eunice,2.455228089631988,29.0
Eunice,2.3147614146080957,1.0
Eunice,2.6045776982116253,7.0
Eunice,3.1004668531677404,8.0
Eunice,2.5643440259692794,13.0
Eunice,2.5224583392087623,168.0
Eunice,3.2141040411986572,15.0
Eunice,2.8651331670068725,547.0
Eunice,3.9259915666027707,886.0
Eunice,3.7430912341320295,26.0
Eunice,2.5052263619035684,7.0
Eunice,3.8387339564505805,23.0
Eunice,4.224019843705139,1.0
Eunice,3.9726541464719727,132.0
Eunice,3.474833066492328,3.0
Eunice,2.3198953436436143,31.0
Eunice,2.818967327176893,0.0
Eunice,1.9361633396667253,2.0
Eunice,1.9525742663804186,1.0
Eunice,2.0015783191871224,0.0
Eunice,1.7464542578229507,12.0
Eunice,2.5959473292104405,1.0
Eunice,3.0839342910473797,58.0
Eunice,2.963518485778643,339.0
Eunice,3.160063758501872,389.0
Eunice,4.0879096139382805,6.0
Eunice,3.6026278691185536,663.0
Eunice,3.8598525938708805,274.0
Eunice,3.615319430626708,40.0
Eunice,3.681484941080581,1.0
Eunice,4.437075879299909,895.0
Eunice,4.038576889420045,306.0
Eunice,3.521803746563542,26.0
Eunice,4.462920284044195,6.0
Eunice,2.6873600868259517,1.0
Eunice,2.633351656639219,14.0
Eunice,3.933785468040068,1.0
Eunice,4.093623513066105,0.0
Eunice,3.9009108319378867,1.0
Eunice,2.114897585026407,0.0
Eunice,2.2978573987439748,4.0
Eunice,3.1452407011561236,0.0
Eunice,4.18126682923584,15.0
Eunice,4.746650404675605,1.0
Eunice,2.0779385999609428,8.0
Eunice,3.130590254432166,2.0
Eunice,3.1560486730865724,38.0
Eunice,4.726038913844979,13.0
Eunice,4.767424234857407,37.0
Eunice,3.5744555192004355,11.0
Eunice,3.6450389223988098,44.0
Eunice,4.185800074564443,116.0
Eunice,2.3480132796753317,15.0
Eunice,4.09165751390723,184.0
Eunice,3.7489639390633864,790.0
Eunice,4.118766207227051,1.0
Eunice,3.950969418650343,0.0
Eunice,3.839970354966302,773.0
Eunice,3.2365301170780723,2.0
Eunice,1.891502587259822,17.0
Eunice,4.453864575673998,458.0
Eunice,2.4602405334816004,31.0
Eunice,3.6682957311876763,1.0
Eunice,4.71289596072871,6.0
Eunice,2.0435104604407206,2.0
Eunice,3.230310549894597,38.0
Eunice,2.8462393175641445,1.0
Eunice,2.968095278521445,6.0
Eunice,3.4949880774689372,9.0
Eunice,1.9886652921319625,3.0
Eunice,2.2749166472452242,822.0
Eunice,2.4049099411794406,0.0
Eunice,2.442182380648271,1.0
Eunice,2.2022423606037,5.0
Eunice,2.011437833113319,1.0
Eunice,2.3362500852812844,1.0
Eunice,1.9277926843253745,0.0
Eunice,2.5373304900403197,0.0
Eunice,2.886632788939002,61.0
Eunice,2.2148076046092395,8.0
Eunice,2.358458548317864,1.0
Eunice,1.961882090573568,1.0
Eunice,1.9693288261449136,108.0
Eunice,2.349979484245016,133.0
Eunice,2.770073855791225,0.0
Eunice,2.9798269075962813,35.0
Eunice,3.6563424130653925,137.0
Eunice,3.9646057579976697,400.0
Eunice,3.6389052250171305,193.0
Eunice,4.301029967428155,144.0
Eunice,4.0059595676647035,130.0
Eunice,4.545586198627423,19.0
Eunice,4.625583147512019,388.0
Eunice,3.8825671161219977,53.0
Eunice,4.701151023884257,37.0
Eunice,4.723155995542661,1.0
Eunice,3.160063758501872,5.0
Eunice,5.3773666448461706,3.0
Eunice,4.692766702988171,1.0
Eunice,3.911532547999935,29.0
Eunice,3.0213014151647806,279.0
Eunice,1.9277926843253745,0.0
Eunice,1.865646274787481,0.0
Eunice,1.9361633396667253,1.0
Eunice,2.1991816974402036,22.0
Eunice,2.2312305754343544,0.0
Eunice,2.236830273493109,31.0
Eunice,2.518000522849252,2.0
Eunice,2.7198886456693434,1.0
Eunice,3.6601607743665254,82.0
Eunice,3.6847686588680353,535.0
Eunice,4.435372670261814,293.0
Eunice,3.753992801101169,108.0
Eunice,2.569047664498704,2.0
Eunice,4.878733280677514,20.0
Eunice,3.041426946003518,15.0
Eunice,2.8142396311305946,1.0
Eunice,4.184928775163889,4.0
Eunice,3.4949880774689372,26.0
Eunice,4.462920284044195,1.0
Eunice,2.114833142271536,1576.0
Eunice,3.6398818623125924,4.0
Eunice,3.058323730380087,11.0
Eunice,2.3495459177306026,1.0
Eunice,2.343777638828598,1.0
Eunice,3.425792201302615,23.0
Eunice,2.753316944807756,7.0
Eunice,2.335223220856364,215.0
Eunice,2.0435104604407206,1.0
Eunice,2.0840087714771767,148.0
Eunice,2.6727137617925445,0.0
Eunice,3.210247594984145,88.0
Eunice,2.5740319709962534,1.0
Eunice,2.504310367929711,1.0
Eunice,2.2926185941010444,1.0
Eunice,2.163236440615276,0.0
Eunice,2.348916388214104,21.0
Eunice,3.672055636875828,1.0
Eunice,3.7587695646230417,3123.0
Eunice,3.1159480061017977,4.0
Eunice,2.6963243985828336,1.0
Eunice,4.06467865499578,171.0
Eunice,3.930437260306827,83.0
Eunice,3.5711143776543017,52.0
Eunice,4.752497921750801,56.0
Eunice,2.757453334204342,6.0
Eunice,2.719640068475657,1509.0
Eunice,2.255908353590999,44.0
Eunice,2.157949555600237,6.0
Eunice,4.105285049240546,1.0
Eunice,5.728646546199908,1.0
Eunice,3.8704242864111587,15.0
Eunice,2.5666332962487033,1086.0
Eunice,2.5643440259692794,22.0
Eunice,2.315607394805012,10.0
Eunice,2.02129430303049,8.0
Eunice,2.154979540263347,11.0
Eunice,2.154979540263347,95.0
Eunice,2.179007985313099,913.0
Eunice,2.7286374861931044,13.0
Eunice,3.4410678513778135,215.0
Eunice,1.9937011990890052,25.0
Eunice,2.1687990461418365,6.0
Eunice,2.686935581069887,27.0
Eunice,2.5764301408349053,175.0
Eunice,2.254948829485986,8.0
Eunice,2.2098976172120923,1.0
Eunice,2.5503723980926565,1.0
Eunice,2.12393597441987,6.0
Eunice,2.331209305117454,1399.0
Eunice,3.381341564123238,14.0
Eunice,2.6138521091655496,167.0
Eunice,2.9179227021144376,97.0
Eunice,4.418028361196465,1.0
Eunice,2.9179227021144376,1.0
Eunice,2.1727494390448117,10.0
Eunice,3.715126330376103,17.0
Eunice,2.487378814215719,1.0
Eunice,2.905583937306024,14.0
Eunice,3.1926199293507804,337.0
Eunice,2.9341314784829042,1.0
Eunice,3.112346537540444,47.0
Eunice,2.718849410531313,25.0
Eunice,3.705349669762546,135.0
Eunice,2.4978438198560373,0.0
Eunice,4.185800074564443,9.0
Eunice,3.8641567193914677,615.0
Eunice,3.4855663454019643,121.0
Eunice,3.9712579952177403,0.0
Eunice,3.4756155562825013,5.0
Eunice,3.768509507289411,845.0
Eunice,4.229828913718032,396.0
Eunice,4.579384132443386,538.0
Eunice,2.455952464399997,1.0
Eunice,4.498507287536752,524.0
Eunice,4.579384132443386,26.0
Eunice,3.3882717188687574,116.0
Eunice,3.7587695646230417,0.0
Eunice,2.619224219022494,944.0
Eunice,2.3323603957217043,3.0
Eunice,2.4799696316099644,1.0
Eunice,2.9977655029396475,3.0
Eunice,3.290746056600137,4.0
Eunice,2.1042381411624027,1.0
Eunice,2.4579360121071914,1.0
Eunice,2.3378911601481547,20.0
Eunice,5.245291183548665,0.0
Eunice,5.245291183548665,0.0
Eunice,1.727310867454556,0.0
Eunice,3.7430912341320295,0.0
Eunice,1.9915670711207014,0.0
Eunice,4.000895828864533,0.0
Eunice,2.2776864527454173,14.0
Eunice,4.7013257252201885,9.0
Eunice,2.8205791649268908,42.0
Eunice,3.8293280754659906,30.0
Eunice,2.8843246131079394,1.0
Eunice,3.0498434468983016,5.0
Eunice,2.3774535104777392,18.0
Eunice,2.811236213290673,0.0
Eunice,3.9646057579976697,0.0
Eunice,2.5755665631626132,1.0
Eunice,3.839970354966302,0.0
Eunice,2.551781239606204,1.0
Eunice,2.4128436539956155,8.0
Eunice,3.3252791127324213,70.0
Eunice,3.901707274663865,21.0
Eunice,3.3462596244975535,14.0
Eunice,3.7296070327564013,120.0
Eunice,3.4493367236667027,2.0
Eunice,2.1245891653814777,11.0
Eunice,1.9667769089882443,1.0
Eunice,2.277566752162801,1.0
Eunice,1.8837238207175762,0.0
Eunice,2.457090820506926,7.0
Eunice,3.9190765720994096,26.0
Eunice,2.329969195463479,7.0
Eunice,2.1597694448144926,1.0
Eunice,2.407653540929083,1.0
Eunice,4.315727668307049,72.0
Eunice,2.8651331670068725,545.0
Eunice,3.0820778967480806,18.0
Eunice,4.06467865499578,4.0
Eunice,2.5201253982283913,5.0
Eunice,4.40612648759042,2.0
Eunice,3.1634331839088614,0.0
Eunice,2.3198953436436143,1.0
Eunice,2.8440624207191267,8.0
Eunice,2.7185223768984623,19.0
Eunice,2.4019326801748555,18.0
Eunice,2.239264263824175,90.0
Eunice,2.9589600626446777,15.0
Eunice,2.3698250005000285,1.0
Eunice,1.9453939228378039,42.0
Eunice,3.2954355379205493,403.0
Eunice,2.3448102247349536,2.0
Eunice,3.8032814219251994,254.0
Eunice,4.845307735282776,766.0
Eunice,2.261693103775843,240.0
Eunice,4.250316508290917,1.0
Eunice,4.723155995542661,1.0
Eunice,2.36966757139248,1.0
Eunice,4.519170653280936,5.0
Eunice,2.2598255712947597,8.0
Eunice,2.430527914507451,3.0
Eunice,2.20109019630148,1.0
Eunice,4.353166612247279,1.0
Eunice,2.6070300776055024,17.0
Eunice,2.3315330410846946,1.0
Eunice,3.3745924954883235,7.0
Eunice,2.5654261006693804,8.0
Eunice,2.4588024289548875,2.0
Eunice,2.8651331670068725,0.0
Eunice,3.3252791127324213,5.0
Eunice,2.2625865800096756,0.0
Eunice,2.794256238242739,0.0
Eunice,2.488380169229525,207.0
Eunice,4.397741969771223,0.0
Eunice,4.522886520899754,0.0
Eunice,2.579573224450678,29.0
Eunice,2.259119553371264,3.0
Eunice,3.5293568084031266,1.0
Eunice,2.8579693812720053,545.0
Eunice,2.4277688180912005,337.0
Eunice,2.3813561650190556,0.0
Eunice,2.693485174706252,1.0
Eunice,2.6727137617925445,183.0
Eunice,3.009464825917351,447.0
Eunice,2.818967327176893,1133.0
Eunice,3.9888995669376683,1.0
Eunice,3.705349669762546,18.0
Eunice,4.333019964332036,259.0
Eunice,3.503205173305492,2.0
Eunice,3.706218510557824,266.0
Eunice,3.9447112123069092,609.0
Eunice,2.5961892930466535,2.0
Eunice,3.9863369773836124,2.0
Eunice,3.0703742146276447,11.0
Eunice,2.8440624207191267,5.0
Eunice,3.5871384030454587,29.0
Eunice,3.1055273158239536,3.0
Eunice,2.3104096669285954,1.0
Eunice,3.739720327990533,9.0
Eunice,2.4066371535875484,4.0
Eunice,2.955632165937203,11.0
Eunice,2.3329852307459524,2.0
Eunice,4.146320834256339,5.0
Eunice,3.6398818623125924,13.0
Eunice,2.7062729983846867,1.0
Eunice,1.9334679178530385,1.0
Eunice,2.5099406796980923,271.0
Eunice,2.0681577302891836,8.0
Eunice,2.657380175676362,1048.0
Eunice,2.492315985023746,26.0
Eunice,2.00060600593905,2.0
Eunice,4.498507287536752,0.0
Eunice,3.75912719275093,0.0
Eunice,2.269539242865914,0.0
Eunice,3.196651969620884,0.0
Eunice,3.2482004638656528,7.0
Eunice,2.482851005070471,10.0
Eunice,2.400622754408213,2.0
Eunice,2.0526679341160468,4.0
Eunice,3.3252791127324213,1.0
Eunice,2.8842424653876413,92.0
Eunice,2.719651966527572,2.0
Eunice,4.887089039170749,166.0
Eunice,4.416182598131481,3.0
Eunice,4.2025460615269425,217.0
Eunice,2.5332524877383222,1.0
Eunice,2.0973905756199662,8.0
Eunice,2.7689004731658025,8.0
Eunice,2.435386942878114,12.0
Eunice,2.6701835085579906,99.0
Eunice,4.72925659761239,449.0
Eunice,3.8483023698071235,12.0
Eunice,4.033754630457273,35.0
Eunice,2.3039745489083474,1.0
Eunice,4.542558671790437,57.0
Eunice,4.192591032990344,35.0
Eunice,2.0457397657948,3.0
Eunice,3.457181250195693,423.0
Eunice,3.4396617689826945,23.0
Eunice,2.816407181635702,487.0
Eunice,2.996396518972245,4.0
Eunice,2.3615888240394107,10.0
Eunice,2.5128519204846076,5.0
Eunice,2.565048381520302,2.0
Eunice,2.5654261006693804,6.0
Eunice,2.3887867410311645,2.0
Eunice,2.2098976172120923,301.0
Eunice,2.110348475162388,1.0
Eunice,2.14796342476218,2.0
Eunice,1.9943930280497437,22.0
Eunice,3.100457607102473,712.0
Eunice,2.1838257988298797,11.0
Eunice,3.1680601732960483,123.0
Eunice,2.9500956236312272,34.0
Eunice,3.9190765720994096,3.0
Eunice,2.80711722701654,89.0
Eunice,3.3252791127324213,247.0
Eunice,3.340213667810303,158.0
Eunice,3.1452407011561236,42.0
Eunice,3.340213667810303,1948.0
Eunice,2.909990841598509,15.0
Eunice,2.125171970878114,1.0
Eunice,2.5756090631292814,15.0
Eunice,2.343232074279388,1.0
Eunice,4.250316508290917,0.0
Eunice,1.7907518184040605,1.0
Eunice,3.2349160365707594,0.0
Eunice,2.9222812578722324,8.0
Eunice,4.075489983845624,107.0
Eunice,2.7547950600940845,615.0
Eunice,5.631063404995121,478.0
Eunice,4.786122738885626,19.0
Eunice,5.353505522610486,132.0
Eunice,4.300322386859682,7.0
Eunice,3.430215068886398,1.0
Eunice,4.335741133553481,42.0
Eunice,3.9814445362885924,44.0
Eunice,3.5073527553776653,529.0
Eunice,3.4493367236667027,2.0
Eunice,2.6463278602780513,16.0
Eunice,3.989578780663193,11.0
Eunice,2.4963386204828155,216.0
Eunice,3.264456976600667,1.0
Eunice,3.698859307307601,18.0
Eunice,5.166567730971956,3.0
Eunice,2.325898149816613,0.0
Eunice,3.8619719581474006,330.0
Eunice,2.0690510640707926,12.0
Eunice,2.5464126119157005,3.0
Eunice,4.611266059493571,1.0
Eunice,2.665701751961625,6.0
Eunice,2.430752909080589,2.0
Eunice,2.7187950656727056,0.0
Eunice,5.096926066176633,2.0
Eunice,2.308424774741296,4.0
Eunice,2.2685832044621583,72.0
Eunice,2.2581058919968906,1.0
Eunice,2.2897639024148786,3.0
Eunice,2.0896162564973197,28.0
Eunice,2.0167118370662687,69.0
Eunice,4.268916427955095,540.0
Eunice,3.7025617552170806,1.0
Eunice,4.215818247220121,74.0
Eunice,3.4064467593012173,115.0
Eunice,3.9546884630754033,24.0
Eunice,5.116321455619052,4.0
Eunice,3.3252791127324213,100.0
Eunice,4.7013257252201885,126.0
Eunice,3.6457514811225624,159.0
Eunice,3.6457514811225624,137.0
Eunice,4.7013257252201885,1.0
Eunice,4.000595776620998,37.0
Eunice,2.150663027297129,3.0
Eunice,3.4774842736895253,284.0
Eunice,2.655113139038626,1.0
Eunice,4.445054138105319,1.0
Eunice,2.5643440259692794,10.0
Eunice,2.3730924929207386,7.0
Eunice,2.8877232745002743,2.0
Eunice,2.6045776982116253,1.0
Eunice,2.3014125965750742,1.0
Eunice,2.602932217634918,16.0
Eunice,2.1601179752152158,11.0
Eunice,2.3774535104777392,3.0
Eunice,2.741453983940359,7.0
Eunice,3.1816325600281723,67.0
Eunice,3.050605648553559,148.0
Eunice,3.050605648553559,64.0
Eunice,4.369759041930309,0.0
Eunice,1.9524313163132063,1.0
Eunice,3.5396418131418876,16.0
Eunice,2.507150328470627,1.0
Eunice,3.5396418131418876,352.0
Eunice,4.644253037269715,655.0
Eunice,1.9968032431523752,0.0
Eunice,1.8970466492250802,0.0
Eunice,4.397741969771223,0.0
Eunice,4.397741969771223,0.0
Eunice,2.221610269791591,0.0
Eunice,2.8873478970460633,0.0
Eunice,2.2557332657082942,1.0
Eunice,3.989578780663193,4.0
Eunice,3.881329152116468,1.0
Eunice,3.4232640862313786,1.0
Eunice,5.15378927414304,1.0
Eunice,2.1584141672184787,14.0
Eunice,3.7586737611270813,3.0
Eunice,3.471206250236857,15.0
Eunice,4.185800074564443,0.0
Eunice,2.203875894287482,6.0
Eunice,2.284542918224638,7.0
Eunice,2.7179870341317747,1.0
Eunice,3.7690942420610276,144.0
Eunice,2.7038183468149395,1.0
Eunice,2.950972273907754,1.0
Eunice,4.552213057810422,9.0
Eunice,3.8321619381973364,1.0
Eunice,2.1442210273816973,1.0
Eunice,2.7844415420158852,59.0
Eunice,2.11308010510706,1.0
Eunice,2.438954035765977,1.0
Eunice,2.2281656321784475,124.0
Eunice,3.036027899142813,13.0
Eunice,2.44093009465213,9.0
Eunice,2.330506689203073,154.0
Eunice,2.482349678211438,82.0
Eunice,2.3172041187456425,11.0
Eunice,2.1395294831087877,4.0
Eunice,2.329969195463479,74.0
Eunice,2.919514469107727,0.0
Eunice,3.538271563635894,0.0
Eunice,3.321759239191022,0.0
Eunice,4.397741969771223,0.0
Eunice,1.7397631440178605,0.0
Eunice,2.918258624413444,6.0
Eunice,3.1452407011561236,73.0
Eunice,4.959039490211115,29.0
Eunice,3.6620181203675064,5.0
Eunice,4.06467865499578,25.0
Eunice,4.420644349673201,177.0
Eunice,3.513829833407501,2.0
Eunice,3.110452750127693,10.0
Eunice,4.455616494224819,1.0
Eunice,2.7689004731658025,26.0
Eunice,4.221489421559697,83.0
Eunice,4.302522757743371,1.0
Eunice,4.115344977949028,2.0
Eunice,2.7236654349777187,1.0
Eunice,2.8877232745002743,1.0
Eunice,2.1164086285618597,487.0
Eunice,2.204992778335122,50.0
Eunice,2.491739624211684,11.0
Eunice,2.686935581069887,304.0
Eunice,2.3461033648785024,216.0
Eunice,2.2141251775128756,1.0
Eunice,3.162530704036727,3.0
Eunice,3.8920445890366446,0.0
Eunice,2.794256238242739,0.0
Eunice,2.2072533267334093,1477.0
Eunice,3.733803617148672,11.0
Eunice,3.1055273158239536,0.0
Eunice,2.5664994301142845,0.0
Eunice,2.8078330864017986,505.0
Eunice,2.9818458460023316,5.0
Eunice,3.4198577610363587,247.0
Eunice,3.251409975434503,0.0
Eunice,3.0534760589827967,24.0
Eunice,4.420644349673201,22.0
Eunice,4.420644349673201,1.0
Eunice,4.5665338270066895,18.0
Eunice,4.353166612247279,2.0
Eunice,5.011337791918165,54.0
Eunice,4.4887393561213855,5.0
Eunice,2.523127022355364,15.0
Eunice,2.2769017516478756,0.0
Eunice,4.404035614744664,42.0
Eunice,2.254857309970904,1.0
Eunice,4.865284099844233,2.0
Eunice,2.4840303603240987,1.0
Eunice,2.3372144221358013,3.0
Eunice,2.1980809605702665,0.0
Eunice,2.2857582498416664,421.0
Eunice,2.2897840847518913,1.0
Eunice,2.516165987832441,108.0
Eunice,2.3401910233565526,0.0
Eunice,4.183918112768277,3.0
Eunice,2.895774766790443,44.0
Eunice,2.3137329770239163,111.0
Eunice,2.795056314695981,27.0
Eunice,2.250416710189962,1.0
Eunice,2.163212123856814,204.0
Eunice,2.402773894092642,1.0
Eunice,2.152583757448107,5.0
Eunice,5.245291183548665,0.0
Eunice,4.80654429549769,1.0
Eunice,3.398024847004583,1.0
Eunice,4.355622090859888,90.0
Eunice,5.116321455619052,1836.0
Eunice,2.3120010923453047,8.0
Eunice,3.8190879660727557,1377.0
Eunice,2.804834297700121,23.0
Eunice,2.436867799570875,0.0
Eunice,2.190530123044151,0.0
Eunice,4.397741969771223,0.0
Eunice,2.9341314784829042,0.0
Eunice,3.6927468424477596,5.0
Eunice,2.6193975331099026,4.0
Eunice,3.795097924695537,45.0
Eunice,2.9638954760781018,63.0
Eunice,2.0452537976270864,1.0
Eunice,2.0252518668216846,3.0
Eunice,2.435985894398639,1.0
Eunice,2.119771487835312,1.0
Eunice,1.9278061957887374,8.0
Eunice,2.344617614897388,1.0
Eunice,2.7872010284801596,200.0
Eunice,3.2401583648665615,509.0
Eunice,2.822746989608908,1.0
Eunice,4.687714059426862,53.0
Eunice,4.296136567463287,28.0
Eunice,3.8641567193914677,381.0
Eunice,4.397741969771223,434.0
Eunice,3.881329152116468,10.0
Eunice,4.16709474224222,1.0
Eunice,4.184928775163889,1.0
Eunice,3.6728127844148557,2.0
Eunice,2.6859425173510236,39.0
Eunice,3.7999448831265457,1.0
Eunice,3.2374385871254003,1.0
Eunice,3.503205173305492,10.0
Eunice,2.810776934018694,180.0
Eunice,3.898467630851825,1.0
Eunice,3.708623162620721,10.0
Eunice,3.0257745291803446,5.0
Eunice,2.2594619191303176,2.0
Eunice,2.1620728697580662,24.0
Eunice,1.92237954600365,1.0
Eunice,2.2797954822022453,1.0
Eunice,2.138582249296474,7.0
Eunice,2.795056314695981,1.0
Eunice,2.811236213290673,0.0
Eunice,2.294215170118288,3.0
Eunice,2.095507601862338,239.0
Eunice,3.526171611504227,73.0
Eunice,3.15330688393283,0.0
Eunice,4.122548029369564,1.0
Eunice,2.1357875358404512,5.0
Eunice,3.1975259435013776,1.0
Eunice,2.3774535104777392,11.0
Eunice,2.527722578896897,4.0
Eunice,1.8903139569696343,0.0
Eunice,2.5797386605987476,1.0
Eunice,2.453822611424244,4.0
Eunice,2.453822611424244,475.0
Eunice,1.928412050848512,1.0
Eunice,2.085429384335764,1.0
Eunice,3.2259429709976906,895.0
Eunice,3.1560486730865724,221.0
Eunice,3.628465515491985,278.0
Eunice,3.6563424130653925,328.0
Eunice,4.453864575673998,67.0
Eunice,4.805779698862854,0.0
Eunice,2.948786893050849,5.0
Eunice,4.651564293819081,10.0
Eunice,3.9854909773568497,150.0
Eunice,2.5763223504526125,3.0
Eunice,4.397741969771223,254.0
Eunice,4.726038913844977,1.0
Eunice,2.401932680174855,388.0
Eunice,4.349279970928945,71.0
Franklin,2.577611429385827,7.0
Franklin,2.3627394544651437,419.0
Franklin,2.310870746123647,3.0
Franklin,2.862789116884214,528.0
Franklin,2.686935581069887,33.0
Franklin,2.636485424125949,1.0
Franklin,1.986022383003071,0.0
Franklin,2.0459633690832466,10.0
Franklin,2.0892159882203813,165.0
Franklin,2.3783258337342814,483.0
Franklin,2.530666845685659,81.0
Franklin,2.688747689878964,0.0
Franklin,2.996396518972245,13.0
Franklin,2.009257188895046,23.0
Franklin,2.0420136099798687,10.0
Franklin,2.521687093797363,1.0
Franklin,2.1497134997090486,16.0
Franklin,2.4936048521144545,4.0
Franklin,2.164132719447489,14.0
Franklin,2.7026435403845097,9.0
Franklin,2.6366843875561314,8.0
Franklin,2.0615072381638866,4.0
Franklin,2.263975886144832,13.0
Franklin,1.9588582923351965,122.0
Franklin,2.1477900526891056,311.0
Franklin,2.2305504776345444,1.0
Franklin,2.7686243779903124,98.0
Franklin,2.4222226468616275,6.0
Franklin,2.6095384345937496,1.0
Franklin,2.6303314709948915,6.0
Franklin,2.557242829131926,16.0
Franklin,2.6678419707158345,543.0
Franklin,2.308424774741296,251.0
Franklin,2.2302143864001693,1.0
Franklin,2.8336124484641485,12.0
Franklin,2.3186625884320557,15.0
Franklin,1.9777176518183657,25.0
Franklin,2.208892296880465,22.0
Franklin,2.570510512108807,348.0
Franklin,2.3668523250995244,101.0
Franklin,2.568415952972469,1.0
Franklin,2.880948573525558,750.0
Franklin,2.4411764234038493,8.0
Franklin,1.964193604736354,15.0
Franklin,2.009039948347156,0.0
Franklin,2.236312304366247,1831.0
Franklin,2.7022390514829295,107.0
Franklin,2.1998645477127576,7.0
Franklin,3.0056590161819567,6.0
Franklin,2.924363869344097,245.0
Franklin,2.0805104246103316,99.0
Franklin,2.382118209673553,94.0
Franklin,2.2370382898013075,40.0
Franklin,2.2594724871004117,403.0
Franklin,2.6958279012314166,242.0
Franklin,3.0581279426298713,486.0
Franklin,2.7774040712565333,4.0
Franklin,2.002739269574749,225.0
Franklin,2.430985009414767,615.0
Franklin,2.840656433266711,190.0
Franklin,2.2154935071103234,1.0
Franklin,2.2222356651007713,305.0
Franklin,2.2188092620106885,28.0
Franklin,2.345004245460983,16.0
Franklin,2.4713933930177823,726.0
Franklin,2.6273066451293983,562.0
Franklin,2.6658446400992,1.0
Franklin,2.605720219055185,152.0
Franklin,2.684115554574312,5.0
Franklin,2.819784154582439,1.0
Franklin,1.9914801306429533,1.0
Franklin,3.4692082152865935,63.0
Franklin,3.373604661607903,543.0
Franklin,2.2192004122190574,12.0
Franklin,2.858524324340091,31.0
Franklin,2.679120456760089,1.0
Franklin,2.6198132368422615,23.0
Franklin,2.679120456760089,9551.0
Franklin,2.4501501149577423,921.0
Franklin,3.3306173627142894,64.0
Franklin,2.3227688391738956,411.0
Franklin,2.4677910440505277,7.0
Franklin,2.321156495956408,14.0
Franklin,2.43860357353189,57.0
Franklin,1.9985282738639119,10.0
Franklin,2.2055966186649383,1.0
Franklin,2.230516155780665,4416.0
Franklin,2.128986529598506,55.0
Franklin,2.126006847844882,29.0
Franklin,2.64641400264992,7.0
Franklin,2.5119845209733733,0.0
Franklin,2.4735346443797224,0.0
Franklin,2.2391349158572904,1.0
Franklin,2.4129047964569774,7.0
Franklin,1.808562423988031,149.0
Franklin,2.1001860231589484,3.0
Franklin,2.0895820511654057,674.0
Franklin,2.2427021235926357,9.0
Franklin,1.970139199011246,110.0
Franklin,2.290495296741392,1416.0
Franklin,2.1532225481374754,10.0
Franklin,2.140946179917708,541.0
Franklin,2.940527206739295,679.0
Franklin,2.104870337520489,282.0
Franklin,2.0004978107455464,3017.0
Franklin,2.0155006885375712,1.0
Franklin,2.327651966478324,1.0
Franklin,1.906604773875827,482.0
Franklin,2.0280989157682776,923.0
Franklin,2.230516155780665,69.0
Franklin,2.247160433595767,45.0
Franklin,2.297164708200174,4.0
Franklin,2.156921096795912,2.0
Franklin,2.714245921378181,2.0
Franklin,2.3743313904564225,386.0
Franklin,2.5876844893023754,1.0
Franklin,2.9875274868199475,1.0
Franklin,2.4709160966586516,934.0
Franklin,2.5223260609495246,293.0
Franklin,2.328105036755626,46.0
Franklin,2.0272826511789828,26.0
Franklin,2.4076264354585164,3.0
Franklin,2.2722929686191136,322.0
Franklin,1.7397631440178605,1116.0
Franklin,2.0621585086842793,2.0
Franklin,2.1090948712277333,50.0
Franklin,2.43676454422087,23.0
Franklin,1.8431951145630625,20.0
Franklin,1.7079594736431403,0.0
Franklin,1.981822207628449,3.0
Franklin,2.756430350121514,11.0
Franklin,2.27255776505402,25.0
Franklin,2.0145512396978007,6.0
Franklin,2.172930889073344,4.0
Franklin,2.57060821073807,684.0
Franklin,3.1979137567127935,5.0
Franklin,2.102579696579533,1.0
Franklin,2.346591299458669,3.0
Franklin,2.7856842009867404,3.0
Franklin,2.126647714897944,5.0
Franklin,2.331260608750417,34.0
Franklin,2.4905403151444445,1.0
Franklin,2.2872272952184587,2.0
Franklin,2.325369553261233,1.0
Franklin,2.6726369490984463,61.0
Franklin,2.2403096328627163,1.0
Franklin,2.3289427117842645,1.0
Franklin,2.6294140098000853,26.0
Franklin,2.2580574528718222,2.0
Franklin,2.1531306389791456,28.0
Franklin,2.0560650235526987,1.0
Franklin,2.394950923429894,1.0
Franklin,2.0554726823576073,4.0
Franklin,2.3286487670172122,188.0
Franklin,2.2161870403962394,1.0
Franklin,2.352087210371517,206.0
Franklin,2.2749166472452242,0.0
Franklin,2.0206978487899896,6.0
Franklin,2.0139095489740138,1.0
Franklin,2.1605085076171098,1.0
Franklin,2.162497004074469,515.0
Franklin,2.5992861337643656,3.0
Franklin,2.3939066390466204,449.0
Franklin,2.629590668678515,92.0
Franklin,2.3138648675815174,3.0
Franklin,3.1882786589121612,379.0
Franklin,2.3433897111739626,1402.0
Franklin,3.5650947913061666,992.0
Franklin,2.7689010080558796,20.0
Franklin,3.1266422980547777,65.0
Franklin,2.9841202134403906,403.0
Franklin,3.0052036378942035,0.0
Franklin,2.964521984020118,1.0
Franklin,2.827384653249518,9.0
Franklin,3.119170334016834,520.0
Franklin,2.68350142019252,375.0
Franklin,2.5778347933618346,1.0
Franklin,3.0544505054921225,515.0
Franklin,3.0531093852110858,895.0
Franklin,2.860443832857935,1060.0
Franklin,2.363576692772262,1.0
Franklin,2.6115807422674284,36.0
Franklin,2.3782629485002835,4.0
Franklin,2.2797353521641264,83.0
Franklin,2.285114404458534,1.0
Franklin,2.5382034688518,34.0
Franklin,2.2426557397654454,346.0
Franklin,2.086446550406121,6.0
Franklin,2.0954762300678866,1.0
Franklin,2.794138592927405,1.0
Franklin,3.386256054322303,2.0
Franklin,2.615259008891006,7.0
Franklin,2.154979540263347,1083.0
Franklin,2.547010570547765,3.0
Franklin,2.014433429587393,14.0
Franklin,2.3966935488082224,717.0
Franklin,2.359556026730631,315.0
Franklin,2.3387130626980253,6.0
Franklin,2.304617303017633,4.0
Franklin,2.1508996271566496,307.0
Franklin,2.167039622849598,48.0
Franklin,2.2222356651007713,29.0
Franklin,2.349809061576209,244.0
Franklin,2.3571106836258298,179.0
Franklin,2.0307158605374145,935.0
Franklin,2.3662740988392135,213.0
Franklin,2.0061975525023956,1095.0
Franklin,2.2337435461103303,1446.0
Franklin,2.2625865800096756,18.0
Franklin,1.8794339527601736,8.0
Franklin,3.0444732816600255,238.0
Franklin,1.915633283310467,21.0
Franklin,2.5174075317883124,8.0
Franklin,2.4579360121071914,2.0
Franklin,2.217194140590502,88.0
Franklin,2.351748053262497,53.0
Franklin,2.380556731496724,5.0
Franklin,2.1654754858705547,5.0
Franklin,1.9601305134582823,1.0
Franklin,2.3147416507759555,59.0
Franklin,2.22966182533017,72.0
Franklin,2.3999222447481285,40.0
Franklin,2.645958573109845,0.0
Franklin,2.5734832290720475,4.0
Franklin,2.1794801031682507,1714.0
Franklin,2.305467220228347,261.0
Franklin,2.310672833910098,11.0
Franklin,2.340899263162561,548.0
Franklin,2.4110773359661795,627.0
Franklin,2.5497495307188687,2.0
Franklin,2.5783438744456766,8.0
Franklin,2.3098995543518015,316.0
Franklin,2.107343350083757,1323.0
Franklin,1.8732323724423987,31.0
Franklin,2.2597356692981205,7.0
Franklin,2.539723777018957,886.0
Franklin,2.4948280118000166,798.0
Franklin,2.512859599966624,2.0
Franklin,2.6473792714669235,40.0
Franklin,2.385668151482151,399.0
Franklin,2.6513852931863457,24.0
Franklin,2.203939641675849,34.0
Franklin,2.661811587083713,1.0
Franklin,2.799104454397306,1.0
Franklin,2.611879720767885,2210.0
Franklin,2.520623867217305,50.0
Franklin,3.0420418344150537,334.0
Franklin,2.989966306139601,143.0
Franklin,3.0590126088671936,1065.0
Franklin,2.9979269962882102,273.0
Franklin,3.565016255850056,1038.0
Franklin,2.9841202134403906,1571.0
Franklin,3.0052036378942035,217.0
Franklin,3.2271391719155433,106.0
Franklin,2.8839836616731787,0.0
Franklin,3.305016433041487,313.0
Franklin,2.972072008514951,1609.0
Franklin,2.9396911928520937,1161.0
Franklin,2.2541702467763853,8.0
Franklin,3.2054640816238806,35.0
Franklin,3.122301115223863,617.0
Franklin,3.0531093852110858,127.0
Franklin,3.6317632716266908,282.0
Franklin,2.6861157412470025,14.0
Franklin,2.5036782995119395,521.0
Franklin,2.0323818537251546,1.0
Franklin,2.3375027007735594,0.0
Franklin,3.231909477592574,221.0
Franklin,2.0760943220571164,79.0
Franklin,2.149175609829128,1007.0
Franklin,1.7661587380968287,1.0
Franklin,2.0533159856955168,7.0
Franklin,1.9504490460625503,3.0
Franklin,1.9212025480733164,0.0
Franklin,1.8241835515822566,1.0
Franklin,2.4933727463323154,5.0
Franklin,2.43676454422087,15.0
Franklin,1.99867957430514,1.0
Franklin,1.6549764422177138,1.0
Franklin,2.4579360121071914,7.0
Franklin,2.276884621424428,3.0
Franklin,2.1191022632322025,5.0
Franklin,2.500464507129652,2.0
Franklin,2.557275098089034,34.0
Franklin,2.3023334679074403,6.0
Franklin,1.995731794881267,92.0
Franklin,2.4580554217687687,1.0
Franklin,2.6662066658628985,2.0
Franklin,2.3143193908774697,1.0
Franklin,2.277824275470651,6.0
Franklin,2.151771579735802,11.0
Franklin,2.2107548453935584,616.0
Franklin,2.358640852474212,76.0
Franklin,2.105798424091166,1.0
Franklin,2.295687197368173,24.0
Franklin,2.354850811107284,8.0
Franklin,2.5841630415007395,1.0
Franklin,2.946106247655726,11.0
Franklin,2.2065702587608436,3.0
Franklin,2.3846572978255085,1.0
Franklin,2.679120456760089,1016.0
Franklin,2.5775221042068375,132.0
Franklin,2.2870836447445253,176.0
Franklin,2.7048974339209764,15.0
Franklin,2.790671425273917,23.0
Franklin,2.945517444914567,371.0
Franklin,2.5358793535974296,41.0
Franklin,2.290685470664589,204.0
Franklin,2.1932175988865565,6.0
Franklin,2.3960292033465147,118.0
Franklin,3.1893086747503396,18.0
Franklin,2.1895254779425106,1.0
Franklin,2.334049526598767,1.0
Franklin,1.914296830365755,129.0
Franklin,2.249888687291873,491.0
Franklin,2.2175762822314193,1.0
Franklin,2.5352802563188384,16.0
Franklin,2.1770023420013165,33.0
Franklin,2.1465863225623094,5.0
Franklin,2.0092665248464128,2.0
Franklin,2.4223690253101426,20.0
Franklin,2.668086054353129,36.0
Franklin,2.154928269070322,1.0
Franklin,2.329969195463479,1032.0
Franklin,2.458979788979233,1084.0
Franklin,2.149460427702761,225.0
Franklin,2.3414310606253523,334.0
Franklin,2.071546178383835,92.0
Franklin,2.1527534995286994,1.0
Franklin,2.188691992190093,3.0
Franklin,2.2872272952184587,1.0
Franklin,2.684706695395883,1.0
Franklin,2.349628122872154,69.0
Franklin,2.322974343193996,17.0
Franklin,2.5951412552661144,374.0
Franklin,2.2931025693943496,1.0
Franklin,1.818102763629035,1.0
Franklin,2.520267821224529,1.0
Franklin,2.077869919396485,68.0
Franklin,2.0525687197269598,8.0
Franklin,2.285832824133682,1.0
Franklin,3.2401774088679955,1615.0
Franklin,2.2299066292052885,489.0
Franklin,2.5503723980926565,1070.0
Franklin,2.6791428078988826,19.0
Franklin,2.811882246622815,577.0
Franklin,2.2078305666983176,1.0
Franklin,2.104870337520489,2.0
Franklin,2.1352337892270996,1.0
Franklin,2.245317053387739,3.0
Franklin,2.5911066291488143,505.0
Franklin,2.7680199615771266,736.0
Franklin,2.4326937885231876,215.0
Franklin,2.382684423545206,1.0
Franklin,2.7227513794071467,8.0
Franklin,2.995093176729861,4.0
Franklin,2.3606031743076112,6.0
Franklin,1.9794973727616243,5.0
Franklin,2.611879720767885,0.0
Franklin,1.8658569530599067,0.0
Franklin,2.0198301170960615,5.0
Franklin,2.255228465117169,170.0
Franklin,1.724352924839397,1.0
Franklin,2.9934341479900763,2.0
Franklin,2.68684375803172,1.0
Franklin,1.8606830916069714,150.0
Franklin,2.3663471369809046,981.0
Franklin,2.4094822249771917,316.0
Franklin,2.360559985231118,124.0
Franklin,4.019371108267483,85.0
Franklin,2.7265639927535394,3.0
Franklin,2.830933563891952,100.0
Franklin,2.3688999669053574,113.0
Franklin,2.4958713070154928,10.0
Franklin,1.8034048976323418,0.0
Franklin,1.885053933368424,37.0
Franklin,2.371269271680841,239.0
Franklin,2.3857648297764427,0.0
Franklin,2.2558537716124465,3.0
Franklin,1.9218558737161098,1.0
Franklin,2.178737072446618,0.0
Franklin,2.2280777902805076,61.0
Franklin,2.205206333278641,6.0
Franklin,1.9109096601691304,0.0
Franklin,2.340802697674152,8.0
Franklin,1.8570650883990878,1.0
Franklin,3.1079243686691824,0.0
Franklin,2.859694297262445,198.0
Franklin,2.2356573676945293,5.0
Franklin,2.3389694470521047,12.0
Franklin,2.5936892328078596,10.0
Franklin,2.106026608656471,377.0
Franklin,2.1404112194883362,16.0
Franklin,2.1414631998503464,483.0
Franklin,2.0129466008366905,5.0
Franklin,2.2545795955023302,63.0
Franklin,2.142788418944554,2.0
Franklin,2.2323977321176156,3.0
Franklin,2.5767409801482013,3.0
Franklin,2.761827622177641,1.0
Franklin,2.293642685781979,191.0
Franklin,2.0932343250203345,147.0
Franklin,2.1464937118688936,850.0
Franklin,2.4166055975069005,23.0
Franklin,2.4491783555825273,7.0
Franklin,2.710715327846605,6.0
Franklin,3.058640252953428,725.0
Franklin,2.2851366659640395,2.0
Franklin,2.376981004935993,1.0
Franklin,2.4350736000194773,1.0
Franklin,2.4366171939646595,807.0
Franklin,2.0768483064521828,24.0
Franklin,2.8606612324582046,14.0
Franklin,2.8132429141969078,3.0
Franklin,2.275072931324311,36.0
Franklin,1.9609649458339755,4.0
Franklin,3.0065189808588264,4.0
Franklin,2.2402067355007333,2.0
Franklin,2.2352598100710463,1.0
Franklin,2.0191607676837062,577.0
Franklin,2.2016140026217488,15.0
Franklin,2.17071729535826,5.0
Franklin,2.2894707195611432,98.0
Franklin,2.349809061576209,1.0
Franklin,1.941547647318107,9.0
Franklin,2.087556083409205,1083.0
Franklin,2.163236440615276,1448.0
Franklin,2.050823284849058,1.0
Franklin,2.0194668855494813,2.0
Franklin,2.5962463051010345,544.0
Franklin,2.064487366913194,1.0
Franklin,2.244146880982515,283.0
Franklin,2.2364727496381422,49.0
Franklin,2.4888249230775785,14.0
Franklin,2.921424399372547,470.0
Franklin,2.8630127140377017,227.0
Franklin,2.7503633161296155,439.0
Franklin,2.372174976842898,513.0
Franklin,2.615358064923863,45.0
Franklin,2.2872272952184587,1.0
Franklin,2.504306143116113,1.0
Franklin,2.1580243498252796,178.0
Franklin,2.5562225130257317,1.0
Franklin,3.0307725015095226,391.0
Franklin,2.5993894694806285,44.0
Franklin,2.9813583439690823,917.0
Franklin,2.340188659683216,209.0
Franklin,1.9167550194800242,457.0
Franklin,2.4128085274481594,3.0
Franklin,2.395448038111245,0.0
Franklin,2.5029930739515387,2.0
Franklin,2.2194588737372363,1.0
Franklin,2.157113443344715,40.0
Franklin,2.3962309399664248,1.0
Franklin,1.8835216958268313,6.0
Franklin,1.7687052662516327,2.0
Franklin,2.6354331449680175,95.0
Franklin,3.3307229626047685,10.0
Franklin,2.4213367838874773,67.0
Franklin,2.6251348773018806,20.0
Franklin,2.6675031747797253,1.0
Franklin,3.0531093852110858,683.0
Franklin,3.1948060858957104,14.0
Franklin,3.3920084850861727,1.0
Franklin,2.7499072296337386,3.0
Franklin,2.2837394363092502,1.0
Franklin,2.050254710488102,0.0
Franklin,2.1113435583320537,0.0
Franklin,2.1370771887026554,0.0
Franklin,2.290543135463236,29.0
Franklin,2.2686543025203707,7.0
Franklin,2.21768825963732,213.0
Franklin,2.1791320496417006,1026.0
Franklin,2.2901149835839925,2.0
Franklin,2.5575136471284696,28.0
Franklin,3.2330333792271158,1.0
Franklin,2.9667480513471642,2.0
Franklin,2.551861781432939,227.0
Franklin,2.819381441475762,872.0
Franklin,2.9157239905825976,15.0
Franklin,2.92687726643896,11.0
Franklin,2.4001429465947233,100.0
Franklin,2.9678330529081114,1.0
Franklin,3.3306173627142894,6.0
Franklin,2.7906714252739167,1.0
Franklin,2.4462134961748867,406.0
Franklin,3.2163220999582753,972.0
Franklin,2.4945739282558743,2159.0
Franklin,2.544052787937148,5.0
Franklin,2.231189887266818,116.0
Franklin,2.7048974339209764,325.0
Franklin,2.2072548496492614,183.0
Franklin,2.1367815682830313,61.0
Franklin,2.0055754573318634,295.0
Franklin,1.9061039713981531,189.0
Franklin,1.8443438363923985,1.0
Franklin,2.0973905756199662,101.0
Franklin,2.3427433795607686,6.0
Franklin,1.9212025480733164,0.0
Franklin,2.244146880982515,115.0
Franklin,2.377158936360952,124.0
Franklin,2.3801969210648983,3.0
Franklin,2.2921923937486364,40.0
Franklin,2.4902808013942916,3.0
Franklin,2.3048537323603644,1.0
Franklin,2.297664062391898,1.0
Franklin,2.2762652096029696,5.0
Franklin,2.2258200575720606,2.0
Franklin,2.442422048768232,1.0
Franklin,2.1986594709462453,22.0
Franklin,1.9500100870869044,1.0
Franklin,2.7227513794071467,1.0
Franklin,2.7470815136019264,497.0
Franklin,2.4146334251448835,46.0
Franklin,2.3398386985308384,79.0
Franklin,2.0177979107553545,6.0
Franklin,2.719295935687946,6.0
Franklin,2.367277474639446,1.0
Franklin,2.679364157505022,392.0
Franklin,3.1079243686691824,535.0
Franklin,3.058640252953428,761.0
Franklin,2.361481734955063,1.0
Franklin,2.6096738197928855,1.0
Franklin,2.461588746780222,2.0
Franklin,3.1443071074494564,14.0
Franklin,2.2739731313480505,2.0
Franklin,2.2677160523646176,27.0
Franklin,2.326300549297498,154.0
Franklin,2.3548741053339146,1.0
Franklin,2.3008144916465514,97.0
Franklin,1.9737747920448006,21.0
Franklin,2.4087557570129965,16.0
Franklin,2.193788715851457,1.0
Franklin,2.579960011729138,24.0
Franklin,2.8923304347040846,33.0
Franklin,3.350021312699951,342.0
Franklin,2.7048974339209764,24.0
Franklin,2.5755665631626132,1.0
Franklin,2.462376598803609,40.0
Franklin,2.2881223155933794,1.0
Franklin,2.5692296449766316,1.0
Franklin,2.3536765854434707,4.0
Franklin,2.670092090606677,262.0
Franklin,2.5938379003101733,0.0
Franklin,2.5689409193615007,13.0
Franklin,2.2682017422975522,491.0
Franklin,2.2955884348628057,887.0
Franklin,2.6252444385794793,1.0
Franklin,2.2150608327401478,342.0
Franklin,2.635764141821222,50.0
Franklin,2.02394886518472,0.0
Franklin,2.505186615984371,1.0
Franklin,2.6544320695476147,1572.0
Franklin,2.4209521891877768,491.0
Franklin,2.9996327511609917,1.0
Franklin,2.395448038111245,42.0
Franklin,2.4712772062395545,4.0
Franklin,2.2963397056713974,653.0
Franklin,2.303753866784874,1.0
Franklin,2.3198953436436143,85.0
Franklin,2.3098995543518015,1.0
Franklin,2.0804034041838473,22.0
Franklin,2.527722578896897,300.0
Franklin,2.3375455179560065,16.0
Franklin,2.6096573021412817,52.0
Franklin,2.6506233222999294,9.0
Franklin,2.6827380823947946,1.0
Franklin,2.1860239497334044,1.0
Franklin,2.3181291798148034,379.0
Franklin,2.6284364595922565,553.0
Franklin,2.7727055282270046,1.0
Franklin,2.7856842009867404,557.0
Franklin,2.9589282091953897,1.0
Franklin,3.117404757260781,171.0
Franklin,2.455935220876832,11.0
Franklin,1.9869129598916948,35.0
Franklin,1.9508715087961892,96.0
Franklin,2.0472181230585047,1.0
Franklin,1.8789926160739807,1.0
Franklin,1.9277926843253745,0.0
Franklin,2.3248659542475614,127.0
Franklin,2.02394886518472,790.0
Franklin,2.629590668678515,7.0
Franklin,2.2901085747246643,1.0
Franklin,2.3947196553062136,10.0
Franklin,2.969666570724255,177.0
Franklin,4.115947181514139,0.0
Franklin,2.8858398934108114,1.0
Franklin,2.6538969387873785,2433.0
Franklin,2.384021679367781,4.0
Franklin,2.6719241471163073,762.0
Franklin,2.4745261995147234,7.0
Franklin,2.4945739282558743,248.0
Franklin,2.472147003801814,810.0
Franklin,2.8477623739908746,0.0
Franklin,2.29877185012488,116.0
Franklin,2.6325623265399343,295.0
Franklin,2.085529259692725,1.0
Franklin,2.6683747540649505,1.0
Franklin,2.340995419458063,1.0
Franklin,2.3701045149989683,46.0
Franklin,2.2423188890900767,2102.0
Franklin,2.455952464399997,1.0
Franklin,2.2540910983247664,15.0
Franklin,2.3262679886613107,10.0
Franklin,2.2556287375197934,3.0
Franklin,2.5721951548408657,449.0
Franklin,2.797140028182936,3.0
Franklin,2.6074699668771273,1.0
Franklin,2.8520498537084706,1.0
Franklin,2.9295461366108224,1.0
Franklin,3.360953791650034,1609.0
Franklin,2.2116259255877173,7.0
Franklin,2.593768666274204,14.0
Franklin,2.754874262644795,1.0
Franklin,2.8972347932275277,1.0
Franklin,3.1444572315238335,1.0
Franklin,2.7531156817661473,1.0
Franklin,2.495351648531931,11.0
Franklin,2.0534171490022226,3.0
Franklin,1.9264277437500639,15.0
Franklin,2.718893092728386,8.0
Franklin,3.0372297968406836,7.0
Franklin,2.3230432064425153,16.0
Franklin,2.2827864497032047,75.0
Franklin,2.6111191340639555,1.0
Franklin,2.306500443037154,238.0
Franklin,2.2261790492954585,2.0
Franklin,3.284076266776887,5.0
Franklin,2.187626379660679,4.0
Franklin,2.055577931658469,1.0
Franklin,2.1584081964228345,1.0
Franklin,2.4337962607172106,20.0
Franklin,2.0313129360209197,1.0
Franklin,2.6373624117760612,15.0
Franklin,1.9848490255311895,4.0
Franklin,2.087556083409205,10.0
Franklin,2.3662740988392135,1.0
Franklin,2.131471843101323,157.0
Franklin,2.3387524121234455,7.0
Franklin,2.5914788623127367,40.0
Franklin,2.498979761250538,2.0
Franklin,2.198654321008663,0.0
Franklin,1.9319016932913289,5.0
Franklin,2.1001860231589484,7.0
Franklin,3.0217429524344976,3.0
Franklin,2.4077809205199165,0.0
Franklin,2.3198953436436143,31.0
Franklin,2.3150854567956087,274.0
Franklin,2.7181024364423796,131.0
Franklin,2.2529440329551407,162.0
Franklin,2.6873600868259517,1.0
Franklin,2.3075931302348605,1.0
Franklin,2.7827201646974804,0.0
Franklin,2.114897585026407,0.0
Franklin,2.2978573987439748,4.0
Franklin,2.507774483015393,1.0
Franklin,3.373604661607903,112.0
Franklin,2.981722100660367,9.0
Franklin,2.7494651943680273,1.0
Franklin,3.394176224648996,370.0
Franklin,2.676183177656133,268.0
Franklin,2.605192412760441,7.0
Franklin,2.592228278250144,375.0
Franklin,3.168571820935237,1.0
Franklin,2.12272475310122,1.0
Franklin,1.9473839385117102,7.0
Franklin,2.525685715645588,51.0
Franklin,2.2277669962161393,432.0
Franklin,1.7289478707173258,1.0
Franklin,3.192221279382594,6.0
Franklin,2.2361759824983527,5.0
Franklin,2.019063135346322,91.0
Franklin,2.275757381902801,1.0
Franklin,2.3030328132421953,7.0
Franklin,2.0907846563654404,73.0
Franklin,2.520750289135257,1.0
Franklin,2.1694386898050086,126.0
Franklin,1.891502587259822,17.0
Franklin,2.0435104604407206,2.0
Franklin,2.642017127041465,6.0
Franklin,1.9886652921319625,3.0
Franklin,2.2749166472452242,822.0
Franklin,2.4049099411794406,0.0
Franklin,2.442182380648271,1.0
Franklin,2.2022423606037,5.0
Franklin,2.011437833113319,1.0
Franklin,2.6721287896672568,2.0
Franklin,2.3362500852812844,1.0
Franklin,1.9277926843253745,0.0
Franklin,1.932270076907949,4.0
Franklin,1.8749040206794765,0.0
Franklin,1.7671157377595892,50.0
Franklin,1.9517050069582316,0.0
Franklin,1.7057515239746668,1.0
Franklin,2.614911785361594,1.0
Franklin,2.2851366659640395,3.0
Franklin,2.2558537716124465,1.0
Franklin,3.1810915682038092,131.0
Franklin,3.0531093852110858,206.0
Franklin,2.9406970544946964,9.0
Franklin,2.298634272618455,302.0
Franklin,2.479887791204946,1.0
Franklin,2.172645549002571,16.0
Franklin,2.481832460540405,57.0
Franklin,2.854374744937204,475.0
Franklin,2.2739731313480505,389.0
Franklin,2.3194519844133357,1.0
Franklin,1.9295619935451558,166.0
Franklin,2.2857425006529435,1.0
Franklin,2.037341963601525,1.0
Franklin,2.218988909351142,0.0
Franklin,3.0544505054921225,1.0
Franklin,2.131716699750632,1.0
Franklin,2.317387104502727,7.0
Franklin,2.349571708346696,1.0
Franklin,2.106732163177245,1.0
Franklin,2.151392287337623,1.0
Franklin,1.9277926843253745,0.0
Franklin,1.9051219472391645,8.0
Franklin,2.172249481130078,1.0
Franklin,2.3241950878025857,181.0
Franklin,2.2383226382291954,4.0
Franklin,2.114833142271536,1576.0
Franklin,2.3495459177306026,1.0
Franklin,2.343777638828598,1.0
Franklin,2.753316944807756,7.0
Franklin,2.335223220856364,215.0
Franklin,2.0435104604407206,1.0
Franklin,2.0840087714771767,148.0
Franklin,3.210247594984145,88.0
Franklin,2.5740319709962534,1.0
Franklin,2.504310367929711,1.0
Franklin,3.373604661607903,341.0
Franklin,2.617457282226851,5.0
Franklin,2.8309668480676664,6303.0
Franklin,2.32249501620421,1.0
Franklin,3.1119598239357065,1.0
Franklin,2.1879789518543125,7.0
Franklin,3.145156665922821,1.0
Franklin,2.544426880415014,55.0
Franklin,2.606392067640399,43.0
Franklin,2.293400845223283,1.0
Franklin,3.004890899361297,28.0
Franklin,1.966765629049571,2.0
Franklin,2.2581290785607266,1.0
Franklin,2.19632673691526,19.0
Franklin,2.1202535973375474,2.0
Franklin,1.849254876631184,1.0
Franklin,1.96591623258044,1.0
Franklin,2.0645629898316034,102.0
Franklin,2.131182452581974,67.0
Franklin,1.8931704060348205,1.0
Franklin,2.021879780794629,104.0
Franklin,2.163236440615276,0.0
Franklin,2.175852409311428,32.0
Franklin,2.157949555600237,6.0
Franklin,2.382533200701245,1.0
Franklin,2.02129430303049,8.0
Franklin,2.154979540263347,11.0
Franklin,2.154979540263347,95.0
Franklin,2.179007985313099,913.0
Franklin,1.9937011990890052,25.0
Franklin,2.1687990461418365,6.0
Franklin,2.686935581069887,27.0
Franklin,2.5764301408349053,175.0
Franklin,2.254948829485986,8.0
Franklin,2.2098976172120923,1.0
Franklin,2.181267075154029,4.0
Franklin,2.5503723980926565,1.0
Franklin,2.477274816858982,115.0
Franklin,2.12393597441987,6.0
Franklin,1.9031368936753181,1.0
Franklin,2.331209305117454,1399.0
Franklin,2.6138521091655496,167.0
Franklin,2.1949119172266114,43.0
Franklin,3.2499711497747596,1.0
Franklin,2.653292320051706,1.0
Franklin,2.3645637438501796,1.0
Franklin,2.210136055841415,32.0
Franklin,2.6191522376186156,1.0
Franklin,2.941587374461548,1.0
Franklin,3.140048841736982,11.0
Franklin,2.302886719368806,2.0
Franklin,2.350821841446249,6.0
Franklin,2.660319283173513,3.0
Franklin,2.076072634521739,1.0
Franklin,2.188235562797459,7.0
Franklin,2.2861481819786627,240.0
Franklin,2.4677910440505277,5.0
Franklin,2.1727494390448117,10.0
Franklin,2.0942396844136386,1.0
Franklin,1.934699854036625,5.0
Franklin,2.6851263852033442,1.0
Franklin,2.2604735646621203,1.0
Franklin,1.821732419571447,1.0
Franklin,2.208892296880465,1.0
Franklin,3.168571820935237,1.0
Franklin,2.53843654041707,0.0
Franklin,2.3874202655356425,5.0
Franklin,2.4978438198560373,0.0
Franklin,2.455952464399997,1.0
Franklin,2.845772790030437,10.0
Franklin,2.3323603957217043,3.0
Franklin,3.841183081035338,45.0
Franklin,2.4579360121071914,1.0
Franklin,2.3378911601481547,20.0
Franklin,2.691591148082388,14.0
Franklin,2.365353581125564,365.0
Franklin,3.036645697751966,2.0
Franklin,2.6658346131095167,9.0
Franklin,2.8938199328565886,5.0
Franklin,1.937373979387566,18.0
Franklin,3.050094027148847,1.0
Franklin,2.387038984663263,3.0
Franklin,2.2776864527454173,14.0
Franklin,2.207181319756059,5.0
Franklin,1.8736858143530843,1.0
Franklin,2.1994706875802135,2.0
Franklin,2.280416776796645,3.0
Franklin,3.163069153498608,1.0
Franklin,2.3774535104777392,18.0
Franklin,2.889496728668137,381.0
Franklin,2.5755665631626132,1.0
Franklin,2.076072634521739,10.0
Franklin,2.540000507886375,9.0
Franklin,3.247298310193686,4.0
Franklin,2.392696747833457,14.0
Franklin,2.5744695444610604,120.0
Franklin,2.646446759577992,1.0
Franklin,1.8837238207175762,0.0
Franklin,2.457090820506926,7.0
Franklin,2.1949119172266114,222.0
Franklin,2.329969195463479,7.0
Franklin,2.1597694448144926,1.0
Franklin,2.407653540929083,1.0
Franklin,2.206099992860969,33.0
Franklin,2.3651853213017504,23.0
Franklin,2.9667480513471642,38.0
Franklin,2.983939500982531,1.0
Franklin,2.981722100660367,270.0
Franklin,2.249888687291873,30.0
Franklin,3.0820778967480806,18.0
Franklin,2.3238173050470636,13.0
Franklin,2.819752880680263,1.0
Franklin,1.9473839385117102,2.0
Franklin,2.2317567838593404,2.0
Franklin,2.1179760073460128,3.0
Franklin,2.3350406068336906,20.0
Franklin,2.255578151285332,1.0
Franklin,2.2064868762689334,1.0
Franklin,2.154928269070322,300.0
Franklin,2.252332270386215,1.0
Franklin,2.2464466690106653,107.0
Franklin,2.230516155780665,363.0
Franklin,2.089272347410604,2.0
Franklin,1.9771533620266066,27.0
Franklin,2.3198953436436143,1.0
Franklin,2.4019326801748555,18.0
Franklin,2.239264263824175,90.0
Franklin,3.505747975305001,2.0
Franklin,2.3448102247349536,2.0
Franklin,2.42390783219859,1.0
Franklin,2.261693103775843,240.0
Franklin,2.36966757139248,1.0
Franklin,2.6070300776055024,17.0
Franklin,2.790671425273917,1.0
Franklin,2.0020833446405844,5.0
Franklin,2.4588024289548875,2.0
Franklin,3.0739173276556504,1.0
Franklin,2.2625865800096756,0.0
Franklin,2.8316647757486346,1.0
Franklin,3.1392884400578365,1.0
Franklin,2.579573224450678,29.0
Franklin,2.754874262644795,8.0
Franklin,2.259119553371264,3.0
Franklin,2.4087557570129965,1.0
Franklin,2.5610365123196055,1.0
Franklin,2.4829740369537827,1.0
Franklin,2.719295935687946,12.0
Franklin,2.8303806474032034,74.0
Franklin,2.1380619798699754,1.0
Franklin,2.490450009266528,111.0
Franklin,2.816415620316369,22.0
Franklin,2.8139541000054797,14.0
Franklin,2.6958959261439146,357.0
Franklin,2.5144798636833587,1.0
Franklin,2.4519887324894047,1.0
Franklin,1.8642589527954287,1.0
Franklin,2.3366678839557076,9.0
Franklin,1.9847276897477024,16.0
Franklin,2.4485457468325884,0.0
Franklin,2.0830983064597106,1.0
Franklin,2.317387104502727,17.0
Franklin,2.2605375189294135,1.0
Franklin,2.7612817694016583,3.0
Franklin,2.344303539330429,17.0
Franklin,2.3329852307459524,2.0
Franklin,3.6123022087352306,2.0
Franklin,1.9334679178530385,1.0
Franklin,2.5099406796980923,271.0
Franklin,2.0681577302891836,8.0
Franklin,2.657380175676362,1048.0
Franklin,2.492315985023746,26.0
Franklin,2.00060600593905,2.0
Franklin,2.269539242865914,0.0
Franklin,2.482851005070471,10.0
Franklin,2.400622754408213,2.0
Franklin,2.0526679341160468,4.0
Franklin,2.4432689767628966,1.0
Franklin,2.9013683486585875,0.0
Franklin,3.1810915682038092,196.0
Franklin,2.130045599231356,46.0
Franklin,2.2629741986815026,0.0
Franklin,2.560364236530615,34.0
Franklin,2.2257286653997506,16.0
Franklin,2.5332524877383222,1.0
Franklin,2.0973905756199662,8.0
Franklin,2.435386942878114,12.0
Franklin,2.0457397657948,3.0
Franklin,2.588093772795213,1.0
Franklin,2.996396518972245,4.0
Franklin,2.565048381520302,2.0
Franklin,2.3887867410311645,2.0
Franklin,2.2098976172120923,301.0
Franklin,2.125171970878114,1.0
Franklin,2.5756090631292814,15.0
Franklin,2.343232074279388,1.0
Franklin,2.4120756907670855,1619.0
Franklin,2.5178173324928177,297.0
Franklin,2.922182549669785,1.0
Franklin,2.206894440129167,1.0
Franklin,2.263659412160124,3.0
Franklin,2.4858038402491798,5.0
Franklin,2.816032252691384,8.0
Franklin,2.885866193309639,144.0
Franklin,2.213791139068167,3.0
Franklin,2.0911811530861604,112.0
Franklin,2.0612049225428057,2.0
Franklin,2.231986572425098,1.0
Franklin,1.8943608561666745,1.0
Franklin,2.325898149816613,0.0
Franklin,2.9841202134403906,427.0
Franklin,2.3464440938703497,1.0
Franklin,2.0690510640707926,12.0
Franklin,2.5464126119157005,3.0
Franklin,2.6223636990422645,1.0
Franklin,2.665701751961625,6.0
Franklin,2.3546413493950524,54.0
Franklin,2.503348730443882,1.0
Franklin,2.085529259692725,1.0
Franklin,3.2218620081626894,13.0
Franklin,2.7748412700113336,1.0
Franklin,2.070273060483937,6.0
Franklin,2.234892685390023,9.0
Franklin,1.8598888594682303,1.0
Franklin,3.570104490194747,5.0
Franklin,2.308424774741296,4.0
Franklin,2.2685832044621583,72.0
Franklin,2.2581058919968906,1.0
Franklin,2.2897639024148786,3.0
Franklin,2.0896162564973197,28.0
Franklin,2.4556370628234903,46.0
Franklin,2.58374783022436,2.0
Franklin,2.487138390135288,1.0
Franklin,2.8530855863483255,1.0
Franklin,2.5350518656401464,1.0
Franklin,3.2330201527144404,1.0
Franklin,2.7531156817661473,2.0
Franklin,2.326300549297498,0.0
Franklin,2.171543987030954,2.0
Franklin,2.3248340067403412,2.0
Franklin,2.2314667452394503,1.0
Franklin,2.295687723645862,1.0
Franklin,2.0167118370662687,69.0
Franklin,2.150663027297129,3.0
Franklin,2.3730924929207386,7.0
Franklin,2.3014125965750742,1.0
Franklin,2.6532040874200464,0.0
Franklin,2.602932217634918,16.0
Franklin,2.1601179752152158,11.0
Franklin,2.3774535104777392,3.0
Franklin,2.741453983940359,7.0
Franklin,2.507150328470627,1.0
Franklin,2.560968975581566,74.0
Franklin,2.9841202134403906,13.0
Franklin,2.221610269791591,0.0
Franklin,2.193184976757175,80.0
Franklin,2.1584141672184787,14.0
Franklin,2.284542918224638,7.0
Franklin,3.083703160509796,1.0
Franklin,2.1442210273816973,1.0
Franklin,2.11308010510706,1.0
Franklin,2.5274993410680833,51.0
Franklin,2.438954035765977,1.0
Franklin,2.2281656321784475,124.0
Franklin,2.392693580593106,1.0
Franklin,2.374092577214304,1.0
Franklin,2.44093009465213,9.0
Franklin,2.330506689203073,154.0
Franklin,2.482349678211438,82.0
Franklin,2.3172041187456425,11.0
Franklin,2.2498462401065633,3.0
Franklin,2.3390834928604156,319.0
Franklin,2.934330829122021,1.0
Franklin,2.2434574929156264,182.0
Franklin,2.6755640786811394,1.0
Franklin,2.196457498063514,634.0
Franklin,3.0048445640444323,3.0
Franklin,2.876713906584344,27.0
Franklin,2.285740301778049,1.0
Franklin,2.937669770013447,1.0
Franklin,2.259574272203324,1.0
Franklin,2.72391996999464,20.0
Franklin,2.005609326398549,110.0
Franklin,2.6176255583433665,29.0
Franklin,2.243063830633455,1.0
Franklin,2.12711888427287,6.0
Franklin,2.3848240938758978,128.0
Franklin,2.0368915147419955,1.0
Franklin,1.9940852509757068,2.0
Franklin,2.1395294831087877,4.0
Franklin,2.329969195463479,74.0
Franklin,1.8870591600379012,0.0
Franklin,2.508438703195949,1.0
Franklin,3.037781099751554,28.0
Franklin,2.4483839733371044,413.0
Franklin,3.064175296756155,23.0
Franklin,2.9227714700445127,2.0
Franklin,2.692744431740321,350.0
Franklin,1.7397631440178605,0.0
Franklin,3.401825441656452,1.0
Franklin,2.1164086285618597,487.0
Franklin,2.204992778335122,50.0
Franklin,2.686935581069887,304.0
Franklin,2.3461033648785024,216.0
Franklin,2.2141251775128756,1.0
Franklin,2.1192029261042085,9.0
Franklin,2.2072533267334093,1477.0
Franklin,2.412514594311345,2.0
Franklin,3.0694393070724435,7.0
Franklin,2.941587374461548,7.0
Franklin,2.7105883826580635,1.0
Franklin,2.5269938533204117,98.0
Franklin,2.6398136939975227,1.0
Franklin,2.4013028731400974,1.0
Franklin,3.0160664384679037,3.0
Franklin,2.8199454447321575,1.0
Franklin,2.5186638208717276,4.0
Franklin,1.8988727467321496,0.0
Franklin,2.9059695276622577,21.0
Franklin,2.184724003422609,1.0
Franklin,2.0622200851467984,1.0
Franklin,2.3303757560529257,157.0
Franklin,2.2626606396635798,1.0
Franklin,2.0713807232609813,4.0
Franklin,2.5664994301142845,0.0
Franklin,1.872176844881272,30.0
Franklin,2.247773778299778,1.0
Franklin,2.2362949000557513,1.0
Franklin,1.9937550312069323,1.0
Franklin,2.572820886827197,25.0
Franklin,2.380610597722851,11.0
Franklin,2.001283825143319,1.0
Franklin,2.254857309970904,1.0
Franklin,2.4840303603240987,1.0
Franklin,2.3372144221358013,3.0
Franklin,1.9972992621653092,9.0
Franklin,2.3137329770239163,111.0
Franklin,2.250416710189962,1.0
Franklin,2.163212123856814,204.0
Franklin,2.1263493518785705,39.0
Franklin,2.402773894092642,1.0
Franklin,2.3514395912389108,5.0
Franklin,2.870485280591908,1.0
Franklin,2.8461683785663197,2.0
Franklin,3.168292149366016,1.0
Franklin,3.1513467841615648,0.0
Franklin,2.7949581341437955,3.0
Franklin,2.4401743533590867,1.0
Franklin,2.8451272696099674,8.0
Franklin,2.8917867876764385,1.0
Franklin,2.365068902356386,1.0
Franklin,1.8715953914617571,28.0
Franklin,2.629590668678515,9.0
Franklin,2.2148493818361774,5.0
Franklin,2.189073512718838,1.0
Franklin,2.152583757448107,5.0
Franklin,2.5849362977668693,1.0
Franklin,3.144648877532338,0.0
Franklin,2.066646057825184,20.0
Franklin,2.1909660481409765,23.0
Franklin,2.5853589055346196,5.0
Franklin,2.9638954760781018,63.0
Franklin,2.2600588536213406,1.0
Franklin,2.3186625884320557,9.0
Franklin,2.137138372069115,0.0
Franklin,2.407931904718539,8.0
Franklin,2.59235231819848,0.0
Franklin,1.9885310858036156,17.0
Franklin,2.218988909351142,18.0
Franklin,2.703634219554975,0.0
Franklin,2.2594619191303176,2.0
Franklin,2.1620728697580662,24.0
Franklin,1.92237954600365,1.0
Franklin,2.2797954822022453,1.0
Franklin,2.138582249296474,7.0
Franklin,2.403870889904012,2.0
Franklin,2.5177091704220524,1.0
Franklin,2.5857318093356123,53.0
Franklin,3.2249021107830718,4.0
Franklin,2.31782358351281,1.0
Franklin,2.4456910752081895,1.0
Franklin,2.6944030415213205,13.0
Franklin,2.6969534296376367,5.0
Franklin,3.0838347818212273,1.0
Franklin,2.095507601862338,239.0
Franklin,3.2734623513090644,1.0
Franklin,2.1357875358404512,5.0
Franklin,2.242544687530723,12.0
Franklin,2.3774535104777392,11.0
Franklin,2.789187240046622,15.0
Franklin,2.111660680928045,1.0
Franklin,2.1042383426121463,0.0
Franklin,2.527722578896897,4.0
Franklin,2.1823362664909407,1.0
Franklin,2.2989126486427187,2.0
Franklin,2.5956761593523923,1.0
Franklin,2.5447205529586236,1.0
Franklin,2.271867865561433,0.0
Franklin,1.8903139569696343,0.0
Franklin,2.4019326801748555,388.0
Babet,2.220202471435493,49.0
Babet,2.0696976020556757,0.0
Babet,2.3278164369088756,54.0
Babet,2.281225664224875,47.0
Babet,1.7960727885121335,115.0
Babet,2.1647119096885463,72.0
Babet,1.9790094880611513,1.0
Babet,2.083639689366171,91.0
Babet,2.1930912325071428,275.0
Babet,2.3058526319186474,199.0
Babet,2.1116265820800835,188.0
Babet,1.8520391946669772,41.0
Babet,1.6569442622926576,5.0
Babet,2.1035869329091788,23.0
Babet,2.072600887738604,1.0
Babet,2.166832478573274,1.0
Babet,2.8056620737957068,31.0
Babet,2.0035012590448797,23.0
Babet,2.011774707103914,201.0
Babet,2.1496868056039165,3.0
Babet,2.587208582609496,2187.0
Babet,2.512251289575389,129.0
Babet,2.051056597535365,6.0
Babet,2.1603706799854017,18.0
Babet,2.317021050229691,91.0
Babet,2.7564737056375614,426.0
Babet,2.444354100467585,151.0
Babet,2.5061358143069037,4.0
Babet,2.3825522940833155,1.0
Babet,2.2429146961123356,1.0
Babet,2.4173150859478545,2.0
Babet,2.6498766937942637,2.0
Babet,2.097535372951921,1.0
Babet,2.428027643775262,1.0
Babet,2.273912337665434,12774.0
Babet,2.6934432667222237,13.0
Babet,2.656249302973439,3106.0
Babet,2.5238352257707715,10.0
Babet,2.6285699250134402,31.0
Babet,2.5367206240281464,1172.0
Babet,2.481117371413473,60.0
Babet,2.310475114215123,0.0
Babet,1.9339588803765344,7.0
Babet,2.2220859937764086,43.0
Babet,2.1741273672722925,230.0
Babet,2.398151524390533,224.0
Babet,2.1400124104370932,42.0
Babet,2.377785562082098,1528.0
Babet,2.1817413461476196,38.0
Babet,2.5592371595098506,1.0
Babet,2.718039931528382,20.0
Babet,2.6111831884951595,776.0
Babet,2.6783015172265094,18.0
Babet,2.2419452724628193,527.0
Babet,2.678177200892392,265.0
Babet,2.5162089858155676,1.0
Babet,2.0991605134789757,1288.0
Babet,2.580389474960955,812.0
Babet,2.043317151959259,2.0
Babet,1.92579070227585,0.0
Babet,2.122945664033177,26.0
Babet,1.7683461237944664,42.0
Babet,1.7924297206639928,1.0
Babet,1.9387968577223718,8.0
Babet,2.024710610539754,5.0
Babet,2.003085159554834,67.0
Babet,2.1484028386538254,45.0
Babet,2.452711063347381,73.0
Babet,2.1469360542335094,1.0
Babet,1.7664817458002204,115.0
Babet,2.2684003954771326,1.0
Babet,2.216321596445025,13.0
Babet,2.0445546474201293,58.0
Babet,2.109420680223814,8.0
Babet,2.274486683360654,1.0
Babet,2.2974630029457948,0.0
Babet,2.1393176822853808,428.0
Babet,2.153460811532983,1.0
Babet,2.4000792254883363,586.0
Babet,2.4000792254883363,721.0
Babet,2.158004502812453,1.0
Babet,2.593385774046028,22.0
Babet,2.241980686412589,534.0
Babet,2.2075526183672824,0.0
Babet,2.62470357811522,47.0
Babet,2.2907866952462963,0.0
Babet,2.1898689529560227,2.0
Babet,1.9602867849827865,10.0
Babet,1.7225863167162998,0.0
Babet,1.557349293230431,0.0
Babet,1.5425327368392951,0.0
Babet,2.121424684373839,1.0
Babet,1.975242218595027,37.0
Babet,2.076245768558296,2.0
Babet,2.124719198454481,70.0
Babet,2.088952667821762,65.0
Babet,2.1601142643921674,55.0
Babet,1.9428138410674505,0.0
Babet,1.8947429802142732,1.0
Babet,2.273474673866286,7.0
Babet,2.562561991587024,15.0
Babet,1.8938271020894881,6.0
Babet,2.875714016744091,129.0
Babet,2.425789683069778,19.0
Babet,2.514548210493163,128.0
Babet,2.227315674253465,3734.0
Babet,2.197585644192074,184.0
Babet,2.1595187048197,111.0
Babet,2.1088223596127222,357.0
Babet,2.163625289042332,43.0
Babet,2.184488684357271,2.0
Babet,2.1058280144380515,798.0
Babet,2.2286224714645724,29.0
Babet,1.9849326271751246,483.0
Babet,2.04539656926185,63.0
Babet,2.263909545126557,47.0
Babet,1.8712751444016353,2.0
Babet,2.0906731073142772,20.0
Babet,2.056549034735043,25.0
Babet,1.894218558872287,1.0
Babet,1.92646701578878,5.0
Babet,2.210132886441133,7.0
Babet,2.216327611046754,55.0
Babet,2.5599028513316404,1.0
Babet,2.63245096081518,4.0
Babet,2.280391246854863,1569.0
Babet,1.9976193684196513,936.0
Babet,2.649201102372563,1.0
Babet,2.842364736694438,8.0
Babet,2.580389474960955,136.0
Babet,2.440735383049724,2.0
Babet,2.1130534833864347,3.0
Babet,2.5351707451800523,2.0
Babet,2.7050458658155176,38.0
Babet,2.731410091296336,247.0
Babet,1.806380617671297,6.0
Babet,2.3050273385232916,146.0
Babet,2.5650753059919924,65.0
Babet,2.3960951586514025,73.0
Babet,2.031837760465971,2.0
Babet,2.1327658279433286,52.0
Babet,2.1662596822025066,296.0
Babet,2.32895971635539,0.0
Babet,2.0455231708963484,1140.0
Babet,2.546723742485994,22.0
Babet,1.9583455962875693,3.0
Babet,1.8377995632978328,1.0
Babet,1.6411813446273187,2.0
Babet,2.1548355490460906,9.0
Babet,3.0773816533313547,1.0
Babet,2.50051660964534,22.0
Babet,2.570074089444748,2.0
Babet,1.994779518734515,2.0
Babet,2.2729684976448143,1.0
Babet,3.0379264596835482,4.0
Babet,2.5674853994587306,1.0
Babet,2.0757223419026416,1.0
Babet,2.068972064907659,0.0
Babet,2.241980686412589,0.0
Babet,1.9425277572540918,9.0
Babet,1.9558500772164795,259.0
Babet,1.991311264565917,1.0
Babet,2.088175198648227,41.0
Babet,1.6402191563151365,39.0
Babet,1.9586515186964608,1362.0
Babet,2.0845204940002255,62.0
Babet,1.983261474606502,30.0
Babet,2.1094860395322113,25.0
Babet,1.7733908860900427,1.0
Babet,2.109481359104846,37.0
Babet,2.0045173441801474,1.0
Babet,1.8279786363330768,62.0
Babet,2.0835207599815395,35.0
Babet,2.7437895193532613,667.0
Babet,2.3659330616527674,1.0
Babet,2.7538368346853637,2.0
Babet,2.5396865772001216,24.0
Babet,1.9451630527145083,1.0
Babet,2.058821764299826,2.0
Babet,2.5147842930666098,152.0
Babet,2.0773472350919673,191.0
Babet,1.812870587180612,0.0
Babet,2.2595805169867536,1.0
Babet,2.3767801618860402,1.0
Babet,2.37257549617706,1.0
Babet,2.328109193323785,1.0
Babet,1.9736323425242197,41.0
Babet,2.05667021110334,1.0
Babet,2.2574332196461384,1.0
Babet,2.298088827758598,468.0
Babet,2.0019682883801075,39.0
Babet,2.2758019676924097,1.0
Babet,1.9251972868776215,1.0
Babet,2.0064850431059864,58.0
Babet,1.6836001688598887,0.0
Babet,1.5831443135529049,1.0
Babet,2.0309560652726364,1.0
Babet,1.8112686884217335,107.0
Babet,2.3071917997148983,1.0
Babet,1.7713993774609031,0.0
Babet,2.033325296163294,0.0
Babet,1.8498993016827705,63.0
Babet,2.1980473185224896,15.0
Babet,1.9259192371842562,1.0
Babet,1.995832168784846,1.0
Babet,2.2133099179988505,4.0
Babet,2.2133099179988505,5.0
Babet,2.1692728915333954,1.0
Babet,1.8817602049255262,2.0
Babet,1.9087837278202953,1.0
Babet,2.4042389996454507,1.0
Babet,1.6685205855530945,1.0
Babet,1.9862305886560192,27.0
Babet,2.1474952847639788,8.0
Babet,2.2781558868347904,1.0
Babet,2.0295081867303613,1.0
Babet,2.137071068362445,1.0
Babet,1.8464418399551001,1.0
Babet,2.417942698012512,65.0
Babet,2.2724937907487566,6.0
Babet,2.436117084675023,702.0
Babet,2.354107432093769,46.0
Babet,2.3432460927537955,82.0
Babet,2.1088385819477904,1465.0
Babet,2.132709699996396,6.0
Babet,2.073847661872562,1.0
Babet,1.9254022046268742,0.0
Babet,1.847618807929257,0.0
Babet,2.0183684352414355,80.0
Babet,2.5063453996280747,2.0
Babet,2.445396375621453,175.0
Babet,2.485064593587795,7.0
Babet,1.9815565585109665,92.0
Babet,2.5275454062975604,18.0
Babet,3.152705922116951,23.0
Babet,2.423031401986763,167.0
Babet,1.8030833084900406,0.0
Babet,2.0564762799198846,1.0
Babet,2.035540823247293,1.0
Babet,1.5902562810345784,2.0
Babet,2.4300646746984698,29.0
Babet,2.0970892209399996,2.0
Babet,2.2218301100230264,375.0
Babet,2.0851403672733317,285.0
Babet,2.333066580783138,1.0
Babet,2.736976184238737,507.0
Babet,1.8867412098431489,1.0
Babet,2.2669282336758205,1.0
Babet,2.2889428036815316,2.0
Babet,2.51599884744919,0.0
Babet,2.502004024192035,1.0
Babet,1.7676274292027472,735.0
Babet,2.109655602792031,16.0
Babet,2.4391923528350983,15.0
Babet,2.1174462377174854,1.0
Babet,2.1062279938974524,1.0
Babet,2.037278491289149,3.0
Babet,2.2861659734283117,0.0
Babet,2.533452924177136,1.0
Babet,1.9420780718123107,48.0
Babet,2.034531253381316,47.0
Babet,1.9100094811671413,3.0
Babet,1.9370345226400016,1.0
Babet,2.3386055923991425,121.0
Babet,1.9540674652793577,13.0
Babet,2.101776273159699,0.0
Babet,1.6391336087261017,0.0
Babet,2.223284716819154,50.0
Babet,2.1500593490138153,4.0
Babet,2.785712277201131,41.0
Babet,2.2284484207196895,1.0
Babet,1.9103365723692658,1.0
Babet,2.0477153403823096,11.0
Babet,2.5125150909538485,20.0
Babet,1.9986100519820396,0.0
Babet,1.893769816179078,237.0
Babet,1.6342792534570125,41.0
Babet,2.0447510358107692,1.0
Babet,1.9723150953583353,1.0
Babet,1.9821421079472497,1.0
Babet,1.6976473711083178,76.0
Babet,2.0314117325501146,0.0
Babet,1.7795117320684604,0.0
Babet,1.8477879774160355,0.0
Babet,2.5544504377602784,1.0
Babet,2.2635847827180116,4.0
Babet,2.376322954330183,3.0
Babet,1.7003494837935953,0.0
Babet,1.9684092525780084,61.0
Babet,1.889037398993655,2.0
Babet,2.333812662524301,17.0
Babet,2.2285076190552418,1.0
Babet,2.008207680242757,1.0
Babet,1.7508172045479853,2.0
Babet,2.046010411576198,3.0
Babet,1.7944511698990027,5.0
Babet,2.2143297309884242,4.0
Babet,2.346641371002037,1.0
Babet,1.9910400592720678,1.0
Babet,2.059732629033177,11.0
Babet,1.9748361912631556,1.0
Babet,1.9089683344881005,1.0
Babet,1.9046198356464676,1.0
Babet,1.9057390716530869,985.0
Babet,2.5435841106067776,238.0
Babet,2.346138715441006,35.0
Babet,2.4558219926650304,28.0
Babet,2.3749923807399402,1.0
Babet,2.383788007594513,2.0
Babet,2.2633085338504633,1.0
Babet,2.353398717923072,1.0
Babet,2.4711456614034137,8.0
Babet,1.9435558370030503,1.0
Babet,2.1647834454559365,1.0
Babet,2.7982911115005593,6.0
Babet,2.3931932483973135,3.0
Babet,2.239773970551138,87.0
Babet,2.399093053284354,1.0
Babet,2.728668337712477,1.0
Babet,2.301361264879034,316.0
Babet,2.3202098858135494,1.0
Babet,2.016922740443256,1.0
Babet,2.0939396761096556,2.0
Babet,2.334598546528945,1.0
Babet,2.333577959748588,1.0
Babet,2.3100773160948878,0.0
Babet,2.4305380167300843,2.0
Babet,2.233619460397908,1.0
Babet,2.2039986680403976,1.0
Babet,2.3117516811444685,1.0
Babet,1.8462478596814895,1.0
Babet,2.0109550251024078,1.0
Babet,2.151986307282603,1.0
Babet,2.3687656280503804,0.0
Babet,1.8618347295889939,19.0
Babet,1.8753919082249124,170.0
Babet,2.1247252752320493,0.0
Babet,2.184413403509567,1.0
Babet,2.1335885556751335,24.0
Babet,1.8659832392094633,47.0
Babet,2.1966089667151913,3.0
Babet,1.9308607357386767,25.0
Babet,2.129631989289023,3.0
Babet,2.2651654802294154,1.0
Babet,1.8791150222956345,0.0
Babet,1.7215729311127852,0.0
Babet,2.2684003954771326,1.0
Babet,2.2692286936423467,1.0
Babet,2.2179866166334983,12.0
Babet,2.0323712266465357,1.0
Babet,2.3561697531742167,7.0
Babet,2.3960951586514025,0.0
Babet,2.281758227671926,125.0
Babet,2.4555196873942027,97.0
Babet,2.1876962698676774,0.0
Babet,2.4037442241704237,1.0
Babet,2.580232228585669,140.0
Babet,2.384767362492509,119.0
Babet,2.4525667637424204,0.0
Babet,2.033789203973614,0.0
Babet,1.6385979140858447,61.0
Babet,2.0376068788861246,1.0
Babet,1.9586515186964608,0.0
Babet,1.9277129102847537,1.0
Babet,1.9756325564748078,1.0
Babet,2.428776222146063,1.0
Babet,2.178829829440437,2.0
Babet,2.063787525534914,33.0
Babet,1.8158543682449548,0.0
Babet,2.1621686675981677,1.0
Babet,2.4232694811989783,3.0
Babet,2.0149815345547437,1.0
Babet,2.2629498459807103,0.0
Babet,1.866402032974471,0.0
Babet,2.502096428639199,1.0
Babet,2.2157278088095866,1.0
Babet,2.222936506136101,1.0
Babet,2.4174994230319014,6.0
Babet,2.176809693362008,1.0
Babet,2.2328808644339193,78.0
Babet,2.4979116365574088,5.0
Babet,2.286469346827649,2.0
Babet,1.971219990129965,1.0
Babet,2.274212929352596,1.0
Babet,2.249302943945748,2.0
Babet,1.921789267175777,1.0
Babet,2.6885125152636586,2.0
Babet,2.5705136091085614,16.0
Babet,1.892552158737589,1.0
Babet,1.9559972716629799,6.0
Babet,2.061140546455379,0.0
Babet,1.954581829711046,1.0
Babet,2.057022373892256,0.0
Babet,2.11832973728761,1.0
Babet,2.243438106658622,1.0
Babet,1.9746393162038014,0.0
Babet,1.9859515306767068,0.0
Babet,1.977544893452183,20.0
Babet,2.405491683418072,1.0
Babet,2.206568053045774,19.0
Babet,2.1928337258418202,4.0
Babet,2.418707787962229,2.0
Babet,2.253748569525816,1.0
Babet,2.026412406577759,4.0
Babet,2.0560894195278743,1.0
Babet,2.1182149756781663,1.0
Babet,2.1027701669093584,7.0
Babet,2.079991900144399,0.0
Babet,1.66004098244699,0.0
Babet,2.2644503075474316,5.0
Babet,2.020402092185756,1.0
Babet,2.2270371350318383,1.0
Babet,2.2953136393509777,1.0
Babet,2.0752291858801692,1.0
Babet,1.9463921015113201,2.0
Babet,1.7457613960139622,5.0
Babet,2.037156619631766,1.0
Babet,2.3253133725869266,1.0
Babet,2.3013147247333654,2.0
Babet,2.3572171508892996,4.0
Babet,2.158220348776383,23.0
Babet,2.2577724640509245,1.0
Babet,2.719855328875203,0.0
Babet,2.142045302545125,1.0
Babet,2.2230162363149217,229.0
Babet,2.144931025794214,1.0
Babet,2.278686540732339,4.0
Babet,1.9861991938920027,1.0
Babet,2.003085159554834,1.0
Babet,1.9111988004267952,2.0
Babet,1.9675726103002067,5.0
Babet,2.1469729157303648,0.0
Babet,2.478464214017151,1.0
Babet,2.1673916204472032,1.0
Babet,2.1655978983380844,1.0
Babet,2.6428744785677583,3.0
Babet,2.4056384644920237,1.0
Babet,2.2054300612575957,1.0
Babet,1.8176730439447617,7.0
Babet,2.0765633834907478,37.0
Babet,2.3469957849226475,1.0
Babet,2.131798823136523,1.0
Babet,2.09079204854582,0.0
Babet,1.997453515438577,1.0
Babet,2.4062768991055616,6.0
Babet,2.064978744797839,1.0
Babet,2.4438690945023054,4.0
Babet,2.562426586307948,6.0
Babet,2.231733214220679,9.0
Babet,2.345594303940162,1.0
Babet,2.499874060381098,1.0
Babet,2.278977327709591,0.0
Babet,1.7932496860162013,27.0
Babet,2.448545583867402,1.0
Babet,2.626916354887792,13.0
Babet,2.467391981512251,6.0
Babet,2.2714123089574505,80.0
Babet,2.2609791061112086,28.0
Babet,1.911525964887298,1.0
Babet,1.9751207152614059,4.0
Babet,1.8092345620402914,1.0
Babet,2.169287245000107,49.0
Babet,2.4042529025666073,1.0
Babet,2.2396600091485923,22.0
Babet,2.2995607034905405,23.0
Babet,2.0912795546522314,9.0
Babet,1.93623883893307,1.0
Babet,2.0718747810007137,1.0
Babet,2.1655782092272546,1.0
Babet,2.6028592185386707,1.0
Babet,2.1838945217626566,0.0
Babet,2.3690321048629985,150.0
Babet,1.8287125072249728,93.0
Babet,2.0731067684010123,1.0
Babet,1.9129586077495468,24.0
Babet,2.1898689529560227,2.0
Babet,1.7240281855847952,1.0
Babet,1.9861991938920027,2.0
Babet,2.0261015295584466,0.0
Babet,1.7476588300384819,1.0
Babet,2.035540823247293,1.0
Babet,2.0932868726334806,7.0
Babet,2.5258310123912064,24.0
Babet,2.0215014256186397,1.0
Babet,2.558038655734317,7.0
Babet,1.9051306516931779,1.0
Babet,1.557349293230431,0.0
Babet,2.0675427403637325,137.0
Babet,2.1871896545184977,0.0
Babet,2.1547870085893686,1.0
Babet,2.1682347099430124,1.0
Babet,1.8437501232064664,23.0
Babet,2.3991653240482367,1.0
Babet,2.1664382186769235,1.0
Babet,2.128868187163867,177.0
Babet,2.542949478682426,3.0
Babet,1.870064576389376,1.0
Babet,1.836762848158982,2.0
Babet,1.8753573862195252,0.0
Babet,1.6335771020015435,1383.0
Babet,1.6182914095664758,0.0
Babet,1.8842533107584651,0.0
Babet,1.676121816502693,1.0
Babet,2.439518858223443,1.0
Babet,2.0347970366752617,22.0
Babet,2.104836582997279,1.0
Babet,2.331214908461851,1.0
Babet,2.271300604152555,1.0
Babet,2.244377226294525,1.0
Ciaran,2.577224833492874,0.0
Ciaran,2.1085781463751294,0.0
Ciaran,3.6891850805599904,601.0
Ciaran,2.2430410267174543,5.0
Ciaran,2.6196713304293437,46.0
Ciaran,2.700851364109765,10.0
Ciaran,2.0496826075582777,88.0
Ciaran,2.0114846347220383,13.0
Ciaran,2.0066359521475348,289.0
Ciaran,2.649733913187859,1146.0
Ciaran,2.1892995771267176,1.0
Ciaran,2.121648432674221,2387.0
Ciaran,2.113238276716377,1.0
Ciaran,2.0763184218253117,17.0
Ciaran,2.160674623571642,0.0
Ciaran,2.2492172265917763,6.0
Ciaran,2.3576873420374804,287.0
Ciaran,2.3793610457970766,1.0
Ciaran,2.4935193942523366,72.0
Ciaran,2.7033683560198156,11.0
Ciaran,2.4015853851437314,21.0
Ciaran,2.4922081570837396,104.0
Ciaran,2.168471672638798,6.0
Ciaran,2.3838091215120447,1.0
Ciaran,2.4461353395074097,19.0
Ciaran,2.473601355297591,2116.0
Ciaran,2.4732719575145525,58.0
Ciaran,2.333288040996819,160.0
Ciaran,2.6443586962398267,2.0
Ciaran,2.2806569348800725,191.0
Ciaran,2.2865016406268346,41.0
Ciaran,2.426661473925944,29.0
Ciaran,2.4711617922592435,25.0
Ciaran,2.70673021733199,36.0
Ciaran,2.481149258044665,0.0
Ciaran,1.876831181272884,0.0
Ciaran,2.3717806730188773,95.0
Ciaran,1.8405144763512205,118.0
Ciaran,2.286070119850413,66.0
Ciaran,1.7114383524408234,76.0
Ciaran,1.7780198469694035,8.0
Ciaran,1.8089491703037013,0.0
Ciaran,2.1730199544492783,916.0
Ciaran,3.785064238445875,387.0
Ciaran,4.628166782367774,38.0
Ciaran,3.0616218089470824,59.0
Ciaran,2.5714574608065064,410.0
Ciaran,4.267776236294352,441.0
Ciaran,3.3573887242055642,294.0
Ciaran,3.465498895271896,2.0
Ciaran,2.945786930791558,61.0
Ciaran,3.0725307698435516,1.0
Ciaran,2.6646737923388475,25.0
Ciaran,2.782076467292585,557.0
Ciaran,2.5348514697337388,346.0
Ciaran,2.3525171731092858,475.0
Ciaran,3.4738926030783945,899.0
Ciaran,1.9549875318643777,31.0
Ciaran,2.4067934185772417,0.0
Ciaran,2.582357040181117,24.0
Ciaran,2.3391643934950803,56.0
Ciaran,2.7645720570635604,33.0
Ciaran,2.332613103644884,5.0
Ciaran,2.8901564745419677,1.0
Ciaran,2.087128639508349,1.0
Ciaran,2.0468343971767404,1.0
Ciaran,2.2710707450156993,17.0
Ciaran,2.334960038276261,1.0
Ciaran,2.387752661525054,1.0
Ciaran,3.2261039334497443,398.0
Ciaran,3.3475861780144727,393.0
Ciaran,1.8149871167876777,0.0
Ciaran,2.6584170129767766,0.0
Ciaran,2.089498869163399,12.0
Ciaran,2.444395660768089,74.0
Ciaran,2.6533424638580434,1.0
Ciaran,3.3908412962008887,177.0
Ciaran,2.4780751728617636,2.0
Ciaran,4.4649511445495245,2640.0
Ciaran,3.2493474341396453,8.0
Ciaran,2.283438823427821,58.0
Ciaran,3.447914947618858,34.0
Ciaran,2.147047158155968,14.0
Ciaran,3.9715996465978765,15.0
Ciaran,3.0686941033438764,2.0
Ciaran,2.5858350108434722,1.0
Ciaran,2.614426435404359,16.0
Ciaran,2.5580727800358587,2.0
Ciaran,2.0785504597307005,1.0
Ciaran,2.6909961510798737,24.0
Ciaran,2.0490145211350295,150.0
Ciaran,2.5311538221770613,0.0
Ciaran,2.4704584129079854,0.0
Ciaran,2.218864200151942,0.0
Ciaran,2.008736369488761,1.0
Ciaran,2.01566021430755,156.0
Ciaran,2.3311066585718887,1.0
Ciaran,2.950580224344275,418.0
Ciaran,2.436188306693486,0.0
Ciaran,2.703836328631878,320.0
Ciaran,3.2034296794273613,721.0
Ciaran,2.9518800384506756,301.0
Ciaran,3.28790177103945,95.0
Ciaran,2.7708344270667706,760.0
Ciaran,1.9248144049218,21.0
Ciaran,2.228889203991302,1.0
Ciaran,2.0894999077004544,48.0
Ciaran,2.067850868771966,12.0
Ciaran,2.5677718971993313,1.0
Ciaran,2.178517595686619,117.0
Ciaran,2.051777942863832,20.0
Ciaran,2.2891847429342596,1.0
Ciaran,1.8198271187630999,4.0
Ciaran,3.0514049538143975,85.0
Ciaran,2.401175009714391,1.0
Ciaran,3.3118638696153972,1321.0
Ciaran,2.3555585698507455,1889.0
Ciaran,3.196531757901004,156.0
Ciaran,3.480821842587564,136.0
Ciaran,2.7205262721588204,127.0
Ciaran,2.4009339908791687,17.0
Ciaran,2.1028661487143396,7.0
Ciaran,2.3376389278744085,10.0
Ciaran,2.1057788174526566,1.0
Ciaran,2.2394009159945956,90.0
Ciaran,2.064061257809397,1.0
Ciaran,2.2046292443735562,208.0
Ciaran,2.1266493215375446,793.0
Ciaran,2.1465702830334266,27.0
Ciaran,2.665006158621882,492.0
Ciaran,2.121648432674221,2979.0
Ciaran,2.121648432674221,0.0
Ciaran,2.3013246054904313,11.0
Ciaran,2.1284722195577923,6.0
Ciaran,2.7743029350430435,71.0
Ciaran,2.3888590892647183,1.0
Ciaran,2.7743029350430435,0.0
Ciaran,2.691273187371732,376.0
Ciaran,2.631319402898185,101.0
Ciaran,1.8935214902379742,7.0
Ciaran,2.381818806987667,0.0
Ciaran,2.6906586783637714,1.0
Ciaran,2.5942645774756845,1.0
Ciaran,1.839130514647985,0.0
Ciaran,4.525784216883456,593.0
Ciaran,4.525784216883456,392.0
Ciaran,5.013916113212965,222.0
Ciaran,2.4970684839304664,1.0
Ciaran,3.53125677579164,32.0
Ciaran,2.8435791946943056,10.0
Ciaran,2.750349494514381,0.0
Ciaran,3.3817240745712276,224.0
Ciaran,1.8853722525393188,1.0
Ciaran,2.2975219765707626,1.0
Ciaran,2.1067601018092064,1.0
Ciaran,2.267358294442153,2.0
Ciaran,2.4999632443598374,1.0
Ciaran,2.310323344975542,1.0
Ciaran,2.160876406055509,34.0
Ciaran,2.205807947886219,3.0
Ciaran,2.0803009627697286,209.0
Ciaran,3.129705343145122,555.0
Ciaran,2.885457640491954,394.0
Ciaran,2.959363135421792,386.0
Ciaran,3.545852638377707,924.0
Ciaran,1.8187570570158482,51.0
Ciaran,2.047761842747005,5.0
Ciaran,2.3501653963132907,45.0
Ciaran,2.3333820742323037,18.0
Ciaran,2.390904355339729,76.0
Ciaran,1.8087413849115763,0.0
Ciaran,4.790976063746121,42.0
Ciaran,3.207068930763317,13.0
Ciaran,2.3736121320846317,0.0
Ciaran,1.9574108324318413,1.0
Ciaran,2.4075953964104584,97.0
Ciaran,2.0286217874024217,8.0
Ciaran,2.33839058405269,195.0
Ciaran,3.143454276748043,276.0
Ciaran,2.703692128468528,1391.0
Ciaran,3.132859000182749,1.0
Ciaran,2.0148516964570957,13.0
Ciaran,2.2014838571049076,1.0
Ciaran,2.5394831719180972,1.0
Ciaran,1.991064425371351,34.0
Ciaran,2.655548628937139,2.0
Ciaran,2.2133704146714672,97.0
Ciaran,2.6456312871647434,5.0
Ciaran,2.6302459009717034,394.0
Ciaran,2.320975263228952,1.0
Ciaran,2.223118100255798,1.0
Ciaran,2.319896483025485,1.0
Ciaran,2.4499389527739606,2.0
Ciaran,2.4959782792117338,0.0
Ciaran,2.4644768624234543,8.0
Ciaran,1.9447453080277615,1.0
Ciaran,2.2446373501514016,2.0
Ciaran,2.478873302023838,52.0
Ciaran,2.6668643082524146,707.0
Ciaran,2.413326038865028,160.0
Ciaran,2.7079946932176036,1.0
Ciaran,2.1468768881679425,1.0
Ciaran,2.3030636223537764,37.0
Ciaran,1.8819743862031995,0.0
Ciaran,1.787508866973874,1.0
Ciaran,1.810538498844887,1.0
Ciaran,2.025730701926049,28.0
Ciaran,1.7571867156533618,6.0
Ciaran,2.163164853141598,1.0
Ciaran,2.051346177821876,12.0
Ciaran,2.065226312042449,0.0
Ciaran,2.1408209100260174,2.0
Ciaran,3.357409067493773,641.0
Ciaran,4.067748544763748,765.0
Ciaran,2.1091823735614206,149.0
Ciaran,3.3784170000065146,149.0
Ciaran,3.130144779313149,731.0
Ciaran,2.920849150430672,197.0
Ciaran,3.317829704157771,74.0
Ciaran,3.1120868722626707,358.0
Ciaran,2.0559921828484806,22.0
Ciaran,2.4277692618525246,0.0
Ciaran,2.4635319307281724,0.0
Ciaran,2.1869300423249873,160.0
Ciaran,1.950991984511483,41.0
Ciaran,3.420475866048709,1974.0
Ciaran,1.7410119318531383,2.0
Ciaran,2.7306031849998584,6.0
Ciaran,2.418889836422555,1.0
Ciaran,2.1274528765042238,21.0
Ciaran,2.0759404731522646,1.0
Ciaran,2.247623112647066,0.0
Ciaran,2.0442408127275415,159.0
Ciaran,1.8899123829738993,20.0
Ciaran,2.473057763792732,0.0
Ciaran,2.4704584129079854,0.0
Ciaran,2.5728264105489416,0.0
Ciaran,2.148736416507111,0.0
Ciaran,2.9590810788784996,681.0
Ciaran,3.0115464962000815,2469.0
Ciaran,3.072859364063225,14.0
Ciaran,3.2710503675944076,59.0
Ciaran,2.1091435815526105,9.0
Ciaran,1.8000736595158249,4.0
Ciaran,1.9106464500098757,0.0
Ciaran,1.7978659294749009,0.0
Ciaran,2.6879255064367014,0.0
Ciaran,1.9884504937130714,0.0
Ciaran,2.4704584129079854,0.0
Ciaran,2.348720738217999,0.0
Ciaran,1.9873490918721577,2.0
Ciaran,3.2445494009838973,1.0
Ciaran,2.4196201311076484,471.0
Ciaran,4.671645352580923,2.0
Ciaran,3.844333887863784,138.0
Ciaran,3.447914947618858,0.0
Ciaran,4.284478931298069,52.0
Ciaran,3.127605786288783,956.0
Ciaran,3.0350295625518404,1.0
Ciaran,2.5271668193405903,1.0
Ciaran,1.9611923161278455,15.0
Ciaran,2.130558233958098,1.0
Ciaran,1.8758895610180162,0.0
Ciaran,3.3247416641870555,559.0
Ciaran,2.3118819048956176,737.0
Ciaran,2.3634089037742267,1.0
Ciaran,3.2623525891766354,58.0
Ciaran,3.629573993657293,209.0
Ciaran,2.6680462585640594,889.0
Ciaran,3.0719863751728944,3.0
Ciaran,2.712393692181445,1.0
Ciaran,1.9452041989490214,0.0
Ciaran,1.8394238325657093,0.0
Ciaran,2.027478834489203,2.0
Ciaran,2.480093567589722,95.0
Ciaran,2.836767148184915,1.0
Ciaran,2.7788188320489704,5.0
Ciaran,2.262136310493316,1.0
Ciaran,3.537621057578622,1.0
Ciaran,3.6079547624198507,279.0
Ciaran,3.447914947618858,1.0
Ciaran,3.90220161302191,257.0
Ciaran,2.7400811685368542,1.0
Ciaran,3.561610430471755,9.0
Ciaran,2.6187618549367704,948.0
Ciaran,2.9284946639543525,1.0
Ciaran,4.782690726196315,2.0
Ciaran,2.7135956568057757,565.0
Ciaran,2.5794564649848057,4.0
Ciaran,1.991619056399222,1.0
Ciaran,2.767410497723706,10.0
Ciaran,2.166090269065495,9.0
Ciaran,2.1200722563650656,4.0
Ciaran,2.3349832872795098,20.0
Ciaran,2.8617470395536,13.0
Ciaran,2.3864097410873586,21.0
Ciaran,2.2651727854891215,0.0
Ciaran,2.196484427139382,7.0
Ciaran,3.9478792609564084,10.0
Ciaran,2.7491108669561455,66.0
Ciaran,2.424806613843271,1.0
Ciaran,2.7359661477916837,1.0
Ciaran,3.368052042783257,595.0
Ciaran,3.251283396928231,821.0
Ciaran,4.355860704273801,10.0
Ciaran,3.0464363472052782,165.0
Ciaran,2.424980981035458,8.0
Ciaran,2.8083598013261852,146.0
Ciaran,2.0776623058623382,0.0
Ciaran,1.9541549326319607,2.0
Ciaran,2.1596124316893746,1.0
Ciaran,2.2488738661005545,0.0
Ciaran,1.9577251789183678,99.0
Ciaran,1.709374960802518,0.0
Ciaran,1.8212264313686037,1.0
Ciaran,2.038337975391582,52.0
Ciaran,1.7978659294749009,0.0
Ciaran,2.358826834588416,0.0
Ciaran,2.4113148800571995,0.0
Ciaran,2.0022580734008972,77.0
Ciaran,2.1763926271610656,26.0
Ciaran,2.5746589497579766,50.0
Ciaran,2.707036523086712,605.0
Ciaran,3.066801140081181,700.0
Ciaran,3.4522559959098786,701.0
Ciaran,2.4211237079061303,287.0
Ciaran,2.2009149006859205,35.0
Ciaran,3.0092567138411135,101.0
Ciaran,2.9872665186070426,2893.0
Ciaran,2.7637513910720135,1.0
Ciaran,2.036674412898034,7.0
Ciaran,2.017513728843503,1.0
Ciaran,2.0161690681050497,0.0
Ciaran,2.5185211406833097,3.0
Ciaran,2.603822247669146,420.0
Ciaran,1.8756945130379024,56.0
Ciaran,2.522275656466439,0.0
Ciaran,2.4618624469872485,0.0
Ciaran,2.2040083566591173,0.0
Ciaran,2.295652287446333,0.0
Ciaran,2.7238669198194434,0.0
Ciaran,3.8994567307817944,1.0
Ciaran,3.3061588883175705,1250.0
Ciaran,2.8159940194123756,1.0
Ciaran,2.6478880633605972,18.0
Ciaran,2.0132431334198597,3.0
Ciaran,3.4970196326611838,2.0
Ciaran,3.420475866048709,1.0
Ciaran,3.4040541437906824,2.0
Ciaran,2.442910919930098,36.0
Ciaran,2.456306972371828,1.0
Ciaran,2.8483706591107665,13.0
Ciaran,2.531640464208687,1.0
Ciaran,2.39835030864153,1.0
Ciaran,3.4738926030783945,2001.0
Ciaran,2.055181532013841,18.0
Ciaran,2.1079801524358084,2.0
Ciaran,2.077160800189087,1.0
Ciaran,2.123070410986122,0.0
Ciaran,2.9419305479777926,9.0
Ciaran,2.1340048872634387,2.0
Ciaran,3.3777684465897715,25.0
Ciaran,1.81007912555068,179.0
Ciaran,2.036546903644102,1.0
Ciaran,2.7483019719585915,36.0
Ciaran,2.5789326261509595,0.0
Ciaran,2.071898231359341,2.0
Ciaran,2.2444294135718756,19.0
Ciaran,2.212652413191223,0.0
Ciaran,1.9297600682678515,0.0
Ciaran,1.955072871177922,24.0
Ciaran,2.7226148930820155,1.0
Ciaran,2.5773966777951944,6.0
Ciaran,4.647607524363637,3.0
Ciaran,3.4677430249155607,100.0
Ciaran,2.6764300641816208,1.0
Ciaran,2.64743321123197,82.0
Ciaran,1.9389069222254889,0.0
Ciaran,3.4141568784277982,2.0
Ciaran,2.5266935355071864,7.0
Ciaran,2.630185316317913,10.0
Ciaran,2.9329555801241773,1.0
Ciaran,1.9865811871398609,43.0
Ciaran,2.4769440138896233,1.0
Ciaran,1.8026564839668229,1.0
Ciaran,2.1710964939601416,1.0
Ciaran,2.419919075962855,17.0
Ciaran,2.816174652417391,27.0
Ciaran,2.089368997432331,529.0
Ciaran,3.7864172833515677,90.0
Ciaran,2.49338193470821,1.0
Ciaran,2.9624898977164142,1.0
Ciaran,2.123070410986122,154.0
Ciaran,2.2517769251115056,2.0
Ciaran,1.727645705553559,1.0
Ciaran,2.0677511064334926,0.0
Ciaran,2.909344239625073,0.0
Ciaran,2.4229504461139975,0.0
Ciaran,2.603238054339564,0.0
Ciaran,2.467650913049181,4.0
Ciaran,2.1033697289257116,0.0
Ciaran,1.7785365678647427,0.0
Ciaran,1.8639798529401617,1.0
Ciaran,1.884459519225393,5.0
Ciaran,2.6183001873652327,6.0
Ciaran,1.9302315300536004,1.0
Ciaran,2.3518412807729865,85.0
Ciaran,2.3148071746491157,1.0
Ciaran,2.8968928017388573,1.0
Ciaran,2.2426435616520264,0.0
Ciaran,2.7869833838618203,0.0
Ciaran,2.6706153676633444,1.0
Ciaran,2.0131947403383488,2.0
Ciaran,2.8841991743103743,0.0
Ciaran,1.8425921248077226,19.0
Ciaran,5.013916113212965,214.0
Ciaran,5.013916113212965,24.0
Ciaran,2.6993915663644383,7.0
Ciaran,4.209339402371358,12.0
Ciaran,2.8937016730370604,1.0
Ciaran,2.4277692618525246,0.0
Ciaran,2.4277692618525246,0.0
Ciaran,2.773275440694152,14.0
Ciaran,2.6183272023499233,2.0
Ciaran,3.8857636457095492,410.0
Ciaran,2.820492607846283,57.0
Ciaran,2.2914684357668684,8.0
Ciaran,2.859387780632646,22.0
Ciaran,3.1635358690208117,8.0
Ciaran,2.04437381483945,7.0
Ciaran,2.5047223129814684,1.0
Ciaran,2.0473650521217888,235.0
Ciaran,2.5311538221770613,0.0
Ciaran,2.6258005738842423,0.0
Ciaran,2.2444636098448756,0.0
Ciaran,2.353060997114365,1.0
Ciaran,2.09432753016035,1.0
Ciaran,2.6302459009717034,1.0
Ciaran,2.800086260053633,276.0
Ciaran,2.5435640325980495,1.0
Ciaran,2.508073145125217,1.0
Ciaran,2.459404942272501,2.0
Ciaran,2.6668643082524146,150.0
Ciaran,2.8394780585958044,373.0
Ciaran,2.114499727640728,1.0
Ciaran,2.5708199698402385,0.0
Ciaran,2.13153843460264,0.0
Ciaran,2.42413781588637,1.0
Ciaran,1.8955087571818032,3.0
Ciaran,2.9545140548703794,57.0
Ciaran,2.046557720962774,0.0
Ciaran,1.8019960338631313,1.0
Ciaran,2.0188997686781494,1.0
Ciaran,2.2982024046443548,1.0
Ciaran,2.8668746219335204,1.0
Ciaran,2.2201919994348,1.0
Ciaran,2.236633270435517,5.0
Ciaran,2.160192163933856,1.0
Ciaran,2.50171996676262,1.0
Ciaran,2.70673021733199,0.0
Ciaran,3.5859916403410073,72.0
Ciaran,3.023678076045588,10.0
Ciaran,3.8082740917141775,4.0
Ciaran,2.6590928477692586,0.0
Ciaran,2.283438823427821,1.0
Ciaran,2.207331641593383,1.0
Ciaran,2.2891847429342596,0.0
Ciaran,2.040545924976264,15.0
Ciaran,2.1839803364473167,1.0
Ciaran,2.809486896023758,0.0
Ciaran,2.5311538221770613,0.0
Ciaran,3.0338311972470886,1.0
Ciaran,1.9380119041458503,1.0
Ciaran,1.8224203111451271,1.0
Ciaran,2.0065269103906296,1.0
Ciaran,2.1226291472713497,11.0
Ciaran,2.1105646622767766,3.0
Ciaran,2.644229655181332,1.0
Ciaran,2.7123103055528817,0.0
Ciaran,2.1539959686467087,1.0
Ciaran,2.085336707252161,1.0
Ciaran,2.1559733114762274,4.0
Ciaran,2.4796606101819973,434.0
Ciaran,2.483865093937644,1.0
Ciaran,2.5623063335290754,1.0
Ciaran,2.0213649157417883,1.0
Ciaran,2.108242398086586,0.0
Ciaran,2.3503994337817202,0.0
Ciaran,1.8896849049158784,2.0
Ciaran,2.2808671196479917,14.0
Ciaran,2.6787097976461496,0.0
Ciaran,2.375306083388237,0.0
Ciaran,2.4438073819908865,1.0
Ciaran,2.5635887989739556,2.0
Ciaran,3.6893161917926114,1.0
Ciaran,2.0066152561413215,6.0
Ciaran,2.245653232525462,2.0
Ciaran,2.188855172068114,1.0
Ciaran,2.1020437456484182,1.0
Ciaran,3.021980950589894,1749.0
Ciaran,2.4330803877680633,3.0
Ciaran,2.6671508109461093,2.0
Ciaran,2.377246314676106,1.0
Ciaran,2.3503994337817202,0.0
Ciaran,2.4979404675164965,0.0
Ciaran,1.9490107305662823,0.0
Ciaran,2.4765944757508453,0.0
Ciaran,2.5297721380964093,0.0
Ciaran,2.406786346121997,0.0
Ciaran,3.3750080971638226,6.0
Ciaran,3.018376972658554,1.0
Ciaran,2.210006148013394,1.0
Ciaran,2.245121835451573,16.0
Ciaran,2.8977919797187854,6.0
Ciaran,2.1762683082120864,1.0
Ciaran,2.4156344947285793,1.0
Ciaran,4.108438395703225,127.0
Ciaran,2.566396347440564,4.0
Ciaran,4.540967652699901,2.0
Ciaran,2.424980981035458,0.0
Ciaran,2.4824635915318902,4.0
Ciaran,2.8689206342113063,1.0
Ciaran,4.267205150749727,17.0
Ciaran,2.194169433579206,1.0
Ciaran,2.015386919571248,4.0
Ciaran,2.0757121128595593,1.0
Ciaran,2.476962078764949,1.0
Ciaran,2.2533162739060164,4.0
Ciaran,2.0959405365640067,1.0
Ciaran,2.5955134808332856,2.0
Ciaran,2.6190795093933046,8.0
Ciaran,3.299410915793629,306.0
Ciaran,2.0259565918242073,15.0
Ciaran,2.298488458762308,1.0
Ciaran,2.1062764502156894,1.0
Ciaran,3.130144779313149,16.0
Ciaran,2.6187618549367704,1.0
Ciaran,2.17780294330766,5.0
Ciaran,2.84780660351376,0.0
Ciaran,1.793631616336635,1.0
Ciaran,2.467650913049181,1.0
Ciaran,2.0978719596379403,0.0
Ciaran,1.8127888388923448,0.0
Ciaran,2.3591868845407467,0.0
Ciaran,1.910898520108964,0.0
Ciaran,1.7025097136250966,14.0
Ciaran,2.9100531267985033,4.0
Ciaran,2.5690883710087804,0.0
Ciaran,1.9724439938080598,1.0
Ciaran,1.9970831864554925,95.0
Ciaran,3.1626649796092736,1.0
Ciaran,3.3374617265287836,3.0
Ciaran,2.8470001599819152,1.0
Ciaran,2.492361694194375,4.0
Ciaran,1.9201078832294551,3.0
Ciaran,2.6590928477692586,1.0
Ciaran,2.8102135977592053,2.0
Ciaran,2.308005968799406,0.0
Ciaran,2.375306083388237,0.0
Ciaran,2.011661443723124,0.0
Ciaran,2.271205045221127,1.0
Ciaran,2.750349494514381,1.0
Ciaran,2.7637513910720135,5.0
Ciaran,2.3891213392398196,8.0
Ciaran,2.1155378613928817,2.0
Ciaran,1.8759562913395815,0.0
Ciaran,3.3784170000065146,0.0
Ciaran,1.8165799372530107,1.0
Ciaran,2.6456312871647434,0.0
Ciaran,2.1855673216769116,0.0
Ciaran,2.1989753662367875,22.0
Ciaran,2.4599574784558618,0.0
Ciaran,2.5845096655496924,0.0
Ciaran,2.345932845572935,0.0
Ciaran,2.945904784313793,2.0
Ciaran,3.6079547624198507,16.0
Henk,3.5179564150681735,1.0
Henk,3.2374422839084733,5.0
Henk,2.9615896804165014,2.0
Henk,2.4977941261281997,1.0
Henk,2.426549387616234,1546.0
Henk,3.943556789396439,1064.0
Henk,2.7889509216552684,261.0
Henk,3.0663625013238573,86.0
Henk,2.6019714429037117,300.0
Henk,3.339005773544758,627.0
Henk,3.8034958332066875,1284.0
Henk,2.471070296632228,47.0
Henk,2.519805442128014,837.0
Henk,3.635562892045371,415.0
Henk,2.6618594775728237,645.0
Henk,2.7683903350500225,2615.0
Henk,3.590902756281129,221.0
Henk,3.329671680404354,1576.0
Henk,3.982914862840646,153.0
Henk,2.5445209397055386,259.0
Henk,3.2284972644660805,376.0
Henk,2.8363698939265287,1.0
Henk,3.822722009553039,440.0
Henk,2.009246719336932,364.0
Henk,2.6311890671314737,609.0
Henk,3.943556789396439,26.0
Henk,2.4028286458658474,76.0
Henk,3.8799880371975553,8.0
Henk,2.1036484829461743,1.0
Henk,2.349732833629399,997.0
Henk,2.1821963566870384,1.0
Henk,2.275568231217379,37.0
Henk,1.6850279302243802,1.0
Henk,2.1444195470433325,31.0
Henk,1.8509147204557346,7.0
Henk,1.86211319200341,34.0
Henk,2.1169421025101443,393.0
Henk,1.9973352703258282,3.0
Henk,2.2494549492737406,1.0
Henk,3.705371917813112,1.0
Henk,2.7889509216552684,0.0
Henk,3.025425815883101,1.0
Henk,2.82281869093839,23.0
Henk,3.4799151412065603,1.0
Henk,2.4377992110095024,1.0
Henk,3.9445033553216935,1.0
Henk,3.4687849100497976,1206.0
Henk,2.009246719336932,0.0
Henk,2.0900202506378607,0.0
Henk,3.2656512430612663,41.0
Henk,3.518590838914515,9.0
Henk,2.4851494880422003,11.0
Henk,2.7129684452043197,1.0
Henk,2.2705512501235603,2.0
Henk,3.5951944366756114,41.0
Henk,3.7525406782522417,293.0
Henk,3.5119874195538845,719.0
Henk,2.3658654311307914,12.0
Henk,1.8188761173395593,76.0
Henk,2.4053782154954106,28.0
Henk,2.5451943979901586,631.0
Henk,3.1781398669875682,103.0
Henk,3.2654414564826633,505.0
Henk,3.785050895748159,87.0
Henk,3.6874803709536565,177.0
Henk,3.4868269627237405,29.0
Henk,3.8207448581552974,55.0
Henk,3.669872443892099,4.0
Henk,3.6146541596873,283.0
Henk,2.5445209397055386,35.0
Henk,4.292295075339164,290.0
Henk,4.292295075339164,625.0
Henk,3.249345932281766,245.0
Henk,2.459896842204345,1.0
Henk,3.680903204555404,415.0
Henk,2.2996710324158594,1.0
Henk,2.5799516449170796,586.0
Henk,2.1435247870682153,313.0
Henk,3.929774551562157,38.0
Henk,2.3439657671001517,26.0
Henk,2.1796788969854735,33.0
Henk,2.211940435855874,113.0
Henk,2.4474610777504213,2.0
Henk,2.3149597654797955,1.0
Henk,2.290211576258145,1.0
Henk,2.438449645770563,7.0
Henk,1.9652290881785845,29.0
Henk,1.8330806731452425,608.0
Henk,1.7092199085760347,1.0
Henk,1.9202316790453626,5.0
Henk,3.031648010010906,7.0
Henk,2.400132330415226,299.0
Henk,2.962856359395496,167.0
Henk,3.2965169919755164,731.0
Henk,3.3952646469478034,149.0
Henk,3.725610593593902,429.0
Henk,3.3312788346705533,274.0
Henk,2.3842713289015727,66.0
Henk,3.432263397703876,1550.0
Henk,2.1709551149955844,2.0
Henk,2.8342241400831973,3.0
Henk,2.180830910481803,10.0
Henk,2.710092342197304,126.0
Henk,3.1127397417665525,635.0
Henk,3.345078697943811,201.0
Henk,3.345078697943811,571.0
Henk,2.0832213759627365,3.0
Henk,3.0855074321288845,5.0
Henk,3.537924765267407,2.0
Henk,3.1204298892475424,630.0
Henk,2.014366444895604,4.0
Henk,3.306315219066003,81.0
Henk,2.3188506016054875,2.0
Henk,1.8925341206702777,18.0
Henk,2.0140956771144323,0.0
Henk,2.279876335454432,52.0
Henk,2.453914970727938,1.0
Henk,2.800609515756401,2.0
Henk,3.432356045816888,209.0
Henk,2.3663197789181556,98.0
Henk,2.7182076415709195,2.0
Henk,2.836139783266732,20.0
Henk,4.0145103298099585,1.0
Henk,2.448704805319881,9.0
Henk,1.953359527167645,58.0
Henk,3.3024287439783775,2.0
Henk,4.0021310049484535,977.0
Henk,1.821292421589933,12.0
Henk,3.496586538876981,18.0
Henk,3.488523742176451,173.0
Henk,3.3024287439783775,64.0
Henk,3.644758440977658,295.0
Henk,2.7484003286344443,324.0
Henk,2.623061531931053,1.0
Henk,2.4312657247934397,1.0
Henk,3.4213137277096184,663.0
Henk,2.623061531931053,1680.0
Henk,2.6198758030531284,1946.0
Henk,3.4069301449738116,197.0
Henk,2.3079575087782587,1.0
Henk,2.267488674106052,19.0
Henk,2.2064147292423675,40.0
Henk,2.3055864211189068,12.0
Henk,2.267032116607836,4.0
Henk,1.9088765778599497,2.0
Henk,2.002379925993956,8.0
Henk,2.54872411892281,20.0
Henk,2.448704805319881,7.0
Henk,2.4980246056505626,115.0
Henk,2.1796788969854735,11.0
Henk,2.0827660031361845,20.0
Henk,3.1646718373323055,283.0
Henk,3.269244688174469,1599.0
Henk,3.339005773544758,289.0
Henk,3.4480371100645066,1.0
Henk,3.2004677347171584,471.0
Henk,3.249345932281766,567.0
Henk,2.693305076127686,391.0
Henk,2.4175484284485553,4.0
Henk,2.010743787259238,17.0
Henk,2.2694097886549063,1.0
Henk,2.2884274924413774,1.0
Henk,2.2889938609410514,1.0
Henk,2.2213725917993856,1.0
Henk,2.144358556199461,2.0
Henk,2.2733927536558545,2.0
Henk,2.301123843598014,3.0
Henk,2.3098040538492226,0.0
Henk,1.8710000284206139,1.0
Henk,1.8330506826040711,96.0
Henk,2.2058349231683456,1.0
Henk,3.94611972815087,443.0
Henk,2.2374802144692216,1.0
Henk,2.7311848756842747,6.0
Henk,2.8786600449708986,9.0
Henk,3.7228356276830876,38.0
Henk,3.297735904585144,21.0
Henk,3.2353566719705453,51.0
Henk,3.2495116812617812,1.0
Henk,1.8584836332161199,0.0
Henk,2.011652080154894,14.0
Henk,1.8857869317589802,74.0
Henk,2.2302473248115104,1.0
Henk,3.6084288409422056,1.0
Henk,2.1136526447574124,8.0
Henk,3.385096982494459,44.0
Henk,2.396088662030551,7.0
Henk,2.377571076061506,38.0
Henk,2.606817619245691,16.0
Henk,2.45611889786579,27.0
Henk,2.0034609765499845,0.0
Henk,2.1598560337460224,11.0
Henk,3.53370613457996,7.0
Henk,2.3671116596796233,4.0
Henk,2.5478865161860966,3.0
Henk,1.9579560080002607,4.0
Henk,2.2547403098665084,1.0
Henk,3.2227947226899922,303.0
Henk,3.17509449070021,269.0
Henk,3.470020860987601,1228.0
Henk,2.116704207436708,11.0
Henk,2.2072789690062264,18.0
Henk,2.333403536682709,2.0
Henk,4.036851889358503,269.0
Henk,2.561771044270582,66.0
Henk,2.133867532216467,1.0
Henk,2.3659471914444596,19.0
Henk,2.1397704716198414,384.0
Henk,3.2807091598522327,271.0
Henk,1.9082184818375711,0.0
Henk,2.138074473029825,43.0
Henk,2.03007296908354,138.0
Henk,1.9644903151393323,49.0
Henk,2.662583991145157,1.0
Henk,2.469051684641317,21.0
Henk,3.4626807840964458,54.0
Henk,3.451659565986027,19.0
Henk,3.3952646469478034,777.0
Henk,2.480352027691339,8.0
Henk,3.432263397703876,41.0
Henk,3.432263397703876,221.0
Henk,3.432263397703876,0.0
Henk,3.040618917499849,143.0
Henk,3.5179564150681735,247.0
Henk,3.252971934219835,109.0
Henk,3.0364063573321296,128.0
Henk,3.079588264983908,370.0
Henk,3.0139079229618737,5.0
Henk,2.5689835439030873,116.0
Henk,2.101121356480519,2.0
Henk,2.714531203885881,0.0
Henk,2.4038296445563097,0.0
Henk,2.094502371230907,20.0
Henk,2.1623150720641138,0.0
Henk,1.820659992658249,1.0
Henk,3.3642148601395974,80.0
Henk,2.3735995470951523,6.0
Henk,3.9637280870143896,1.0
Henk,2.9356633078132064,42.0
Henk,2.779455716019642,66.0
Henk,2.3145158369021894,174.0
Henk,2.8822004437721294,11.0
Henk,2.9957150785633364,13.0
Henk,3.306315219066003,22.0
Henk,2.781861644599466,28.0
Henk,3.8470581748253854,3.0
Henk,2.4369306406869375,28.0
Henk,1.9233632605194773,11.0
Henk,2.2396343164470416,2.0
Henk,3.3831646513332463,1013.0
Henk,2.719530996825213,272.0
Henk,3.430423781714718,47.0
Henk,3.090708755952625,505.0
Henk,3.635562892045371,1598.0
Henk,2.2188940469294307,0.0
Henk,1.7863629190998638,62.0
Henk,2.0636257576991373,49.0
Henk,2.3011715316306853,0.0
Henk,2.092958307668221,1.0
Henk,2.238150728552284,4.0
Henk,3.451659565986027,1.0
Henk,2.7766553998424124,2166.0
Henk,2.1763171354435467,15.0
Henk,3.8054052559426834,9.0
Henk,3.3952646469478034,177.0
Henk,2.555512464177561,75.0
Henk,2.615201977948498,314.0
Henk,3.383688014047278,342.0
Henk,3.730284700712208,116.0
Henk,3.119523201443038,1.0
Henk,2.717857449305175,329.0
Henk,2.288049194297685,10.0
Henk,3.247827122992212,127.0
Henk,2.0836563234463865,9.0
Henk,2.7660073682489124,64.0
Henk,1.8984521489952222,13.0
Henk,1.9918734447240667,128.0
Henk,2.2397374546340245,1.0
Henk,3.8599360827533005,2.0
Henk,2.0217964596232814,42.0
Henk,2.174096810830798,21.0
Henk,3.5539046721053706,99.0
Henk,3.765038017078944,3.0
Henk,3.7514403912917533,15.0
Henk,2.3730273491800054,1.0
Henk,2.162198722098596,46.0
Henk,2.2161270771877843,25.0
Henk,3.2654414564826633,1.0
Henk,2.2853541910038473,13.0
Henk,2.1397704716198414,0.0
Henk,2.748400328634445,0.0
Henk,2.710092342197304,16.0
Henk,3.6394990508653264,299.0
Henk,2.043611903668528,0.0
Henk,3.7008556265946737,94.0
Henk,2.186671685950474,109.0
Henk,3.3996279405831484,125.0
Henk,2.175956564337553,1.0
Henk,3.4267549589118405,4.0
Henk,1.8276703219744035,0.0
Henk,2.8676553496221473,1.0
Henk,2.1767722547588457,1.0
Henk,2.1303075371968214,0.0
Henk,2.6841796700286578,11.0
Henk,2.359760485348412,35.0
Henk,1.9589690427220727,0.0
Henk,2.290205676127548,0.0
Henk,2.0034609765499845,0.0
Henk,3.360265449730142,8.0
Henk,2.043005376414899,1.0
Henk,3.614654159687302,1.0
Henk,2.0861458289732258,2.0
Henk,3.8475189934732494,1.0
Henk,3.470020860987601,0.0
Henk,2.5445209397055386,0.0
Henk,3.0869762703390142,2.0
Henk,2.6507462791440615,8.0
Henk,2.0566198553580874,0.0
Henk,2.022303088764427,1.0
Henk,2.1980360501806793,13.0
Henk,2.522745052204062,586.0
Henk,2.1178813354340624,85.0
Henk,3.7542802963258888,2.0
Henk,3.7239298788435917,115.0
Henk,2.735739778477146,39.0
Henk,4.078038227947216,306.0
Henk,3.5204030944964275,9.0
Henk,2.4990542316399176,3.0
Henk,2.4876128021250126,3.0
Henk,2.394041911632062,2.0
Henk,2.1872252214832564,3.0
Henk,2.3135926564629896,75.0
Henk,2.748241035195546,1.0
Henk,2.14541102268099,0.0
Henk,3.0367171017580095,41.0
Henk,2.7471767559505915,41.0
Henk,2.4205164356461926,310.0
Henk,2.2887299866511492,3.0
Henk,2.426549387616234,0.0
Henk,2.2126321768374106,1.0
Henk,2.006263169817659,1.0
Henk,2.676111364560004,1.0
Henk,1.970021380237624,0.0
Henk,2.3084487109427876,9.0
Henk,2.4828107942710895,5.0
Henk,2.3907573911791955,276.0
Henk,2.2197146933937444,1.0
Henk,3.432263397703876,0.0
Henk,3.1780142675509486,515.0
Henk,2.8822004437721294,731.0
Henk,2.161619137750067,128.0
Henk,2.4185317712738508,17.0
Henk,2.097815690177798,20.0
Henk,2.171751798148177,1.0
Henk,2.44569204355092,10.0
Henk,3.4082146448233575,237.0
Henk,3.5819942243822585,2.0
Henk,3.4047771410035588,22.0
Henk,3.8054052559426834,16.0
Henk,2.1789152289136595,162.0
Henk,2.4581611098740574,0.0
Henk,2.8656066628919663,12.0
Henk,3.024376798125231,137.0
Henk,2.7741746193022325,402.0
Henk,2.5659078677855582,0.0
Henk,3.470020860987601,376.0
Henk,3.7816038124655007,595.0
Henk,2.1949036160197504,29.0
Henk,2.301974967436447,14.0
Henk,2.4469741279734962,1.0
Henk,2.4325782164875585,1.0
Henk,3.28194360918461,12.0
Henk,3.341960946026274,1.0
Henk,2.1592247571497616,2.0
Henk,1.952354433112094,31.0
Henk,3.4893172495058615,638.0
Henk,2.957275786655869,65.0
Henk,3.3831081809133483,69.0
Henk,1.8054677078209822,6.0
Henk,1.9915451659598224,58.0
Henk,2.0366100183633717,0.0
Henk,2.224521210422898,34.0
Henk,1.8706479663343905,8.0
Henk,2.586896716920281,5.0
Henk,2.368245085291188,3.0
Henk,2.7018762800713834,56.0
Henk,3.614654159687302,19.0
Henk,2.993926450227495,17.0
Henk,2.36453744720474,1.0
Henk,2.909683025802111,331.0
Henk,2.5619781625000746,308.0
Henk,2.4047019471505364,101.0
Henk,3.0039751463465905,25.0
Henk,2.4977941261281997,143.0
Henk,2.3055864211189068,0.0
Henk,2.0993186182304653,643.0
Henk,1.9507284349924991,11.0
Henk,2.0936415567839064,1.0
Henk,2.003155078087306,0.0
Henk,3.499462388431786,27.0
Henk,2.15566358673635,0.0
Henk,2.875060824000805,2.0
Henk,4.036851889358503,1.0
Henk,2.586896716920281,3.0
Henk,2.2544747687982296,161.0
Henk,3.875398448122953,2.0
Henk,2.241153397024269,1.0
Henk,2.1598362914074674,2.0
Henk,2.1856400550577786,1.0
Henk,2.230039486985688,1.0
Henk,2.047966337316932,86.0
Henk,3.5179564150681735,217.0
Henk,2.0594783640734167,1.0
Henk,2.4413152357324837,11.0
Henk,1.8217678980773666,0.0
Henk,2.7018762800713834,9.0
Henk,3.02797507757675,1.0
Henk,2.108808353598614,337.0
Henk,2.161550522983332,32.0
Henk,3.1970690732453737,5.0
Henk,2.3726220508466507,1.0
Henk,2.06304728375953,1.0
Henk,2.7018762800713834,0.0
Henk,3.8034958332066875,0.0
Henk,2.3735995470951523,47.0
Henk,2.0780675512128948,1.0
Henk,2.2978011235687976,1.0
Henk,2.370356915494673,8.0
Henk,3.112457644049345,5.0
Henk,3.1649640423495677,1769.0
Henk,3.0919193938455294,42.0
Henk,3.432263397703876,0.0
Henk,2.261156927400866,40.0
Henk,2.714531203885881,382.0
Henk,2.9186605928584277,177.0
Henk,1.8605741824183226,47.0
Henk,2.3479776831297827,0.0
Henk,3.2929600046788012,10.0
Henk,2.134226619936295,1.0
Henk,2.18430785867439,8.0
Henk,3.252971934219835,325.0
Henk,3.2841660003899573,1.0
Henk,2.7233971448834495,1.0
Henk,1.9918734447240667,0.0
Henk,3.6972425106298545,668.0
Henk,2.4010563246510013,1.0
Henk,2.1985962951815865,28.0
Henk,2.2317206005751107,2.0
Henk,1.9463604012247662,1.0
Henk,1.9561327717478691,1.0
Henk,1.711786048395532,1.0
Henk,2.090523789438493,0.0
Henk,2.029822460944927,1.0
Henk,3.3542247530242157,66.0
Henk,2.0807596392257413,0.0
Henk,2.0235117114370107,69.0
Henk,2.319884346975397,2.0
Henk,3.7525406782522417,0.0
Henk,2.481223017782135,0.0
Henk,2.3060647790203426,1.0
Henk,2.0932704902857235,1.0
Henk,2.1913939826589965,0.0
Henk,1.971254335165522,202.0
Henk,2.4399688087588585,1.0
Henk,2.360719289931077,18.0
Henk,1.952354433112094,1.0
Henk,2.4414877496008414,241.0
Henk,2.280740120593477,2.0
Henk,2.236403395791199,3.0
Henk,3.6099853700283155,2.0
Henk,2.4371841102370366,21.0
Henk,2.909683025802111,180.0
Henk,2.0468202069507333,1.0
Henk,3.641343475865934,118.0
Henk,2.6964400031575932,118.0
Henk,2.868253930432319,1.0
Henk,2.7564699687253404,0.0
Henk,2.2688284193974138,0.0
Henk,1.9501821193865265,1.0
Henk,2.3709660056267117,1.0
Henk,1.9588327861866797,1.0
Henk,2.1892324395143636,1.0
Henk,1.9994880456519832,0.0
Henk,2.13852046755155,3.0
Henk,2.724504839972533,1.0
Henk,2.06304728375953,0.0
Henk,3.447407582554451,38.0
Henk,3.614654159687302,7.0
Henk,3.4069301449738116,0.0
Henk,2.914872740835698,1.0
Henk,1.8776032029769452,3.0
Henk,2.1180108235179618,47.0
Henk,3.695567103348193,1.0
Henk,2.827735476601248,32.0
