storm,eta_pred,observed,in_training_range
Arwen,1.3155579284346166,3.683333333333333,True
Arwen,1.5296116115465856,1.0,True
Arwen,1.872049356302242,7.983333333333333,True
Arwen,1.820349923078413,8.316666666666666,True
Arwen,1.9029998067388898,1.1,True
Arwen,1.2219688352359073,1.6166666666666667,True
Arwen,1.9781028933411113,8.583333333333334,True
Arwen,1.2859597319587637,1.0,True
Arwen,2.236769576086637,8.6,True
Arwen,2.22695247704086,7.6,True
Arwen,1.2233004246871377,2.333333333333333,True
Arwen,1.190087189058908,1.7666666666666666,True
Arwen,1.981505968699903,5.883333333333334,True
Arwen,1.9879195248399293,11.066666666666666,True
Arwen,1.7271613484402188,5.333333333333333,True
Arwen,2.4834680767288058,21.95,True
Arwen,2.1005643036133543,23.866666666666667,True
Arwen,1.9538084937798865,23.25,True
Arwen,2.1191972044529708,18.25,True
Arwen,1.762150331435014,4.883333333333334,True
Arwen,2.2173768373138025,17.083333333333332,True
Arwen,0.18822991169516334,0.9166666666666666,True
Arwen,1.3466487502132154,2.316666666666667,True
Arwen,1.4980347824580764,3.966666666666667,True
Arwen,2.3491961734577513,15.983333333333333,True
Arwen,1.6200907571806604,1.6166666666666667,True
Arwen,2.1127155714274677,9.383333333333333,True
Arwen,1.5533706966595318,0.1,True
Arwen,2.3742542012725516,7.05,True
Arwen,2.0437468623293102,7.383333333333334,True
Arwen,1.4718607265612385,8.766666666666667,True
Arwen,2.319283678256594,4.166666666666667,True
Arwen,2.159591209650751,1.5333333333333334,True
Arwen,1.9641328013320531,5.45,True
Arwen,1.2860749973319492,2.6666666666666665,True
Arwen,2.068914213764918,17.783333333333335,True
Arwen,1.9670065426314858,16.65,True
Arwen,1.416786427155542,8.6,True
Arwen,2.2012092603040654,14.716666666666669,True
Arwen,1.9164987075841702,34.78333333333333,True
Arwen,2.071318275934044,17.833333333333332,True
Arwen,2.0886716778461314,13.6,True
Arwen,1.4233613460809014,1.0,True
Arwen,1.9968024545070577,1.2833333333333334,True
Arwen,1.9865282810891023,5.266666666666667,True
Arwen,2.221077292219049,9.416666666666666,True
Arwen,1.7800398959615455,9.066666666666666,True
Arwen,2.1492557479625733,15.4,True
Arwen,1.862064816997081,14.783333333333331,True
Arwen,1.7040057426894197,10.166666666666666,True
Arwen,1.9719706850117074,5.866666666666666,True
Arwen,2.136200247596757,5.616666666666666,True
Arwen,1.4292808170540778,58.73333333333333,True
Arwen,2.1608566420912787,8.75,True
Arwen,1.8928059804911486,19.9,True
Arwen,1.4777973416397452,2.0,True
Arwen,1.9040840348542687,8.116666666666667,True
Arwen,2.297923339346648,2.1166666666666667,True
Arwen,1.9433510370737879,15.616666666666667,True
Arwen,0.6804482953783613,7.6,True
Arwen,1.7097284254026135,10.033333333333331,True
Arwen,1.8653505555402095,19.5,True
Arwen,1.6324068346198237,21.08333333333333,True
Arwen,1.6344396705874573,11.533333333333331,True
Arwen,1.4097510510972742,9.383333333333333,True
Arwen,2.122834262431478,6.933333333333334,True
Arwen,1.6193067498393257,4.283333333333333,True
Arwen,2.2064791000194837,3.1,True
Arwen,2.0640931636555564,1.45,True
Arwen,1.486216049567606,3.4833333333333334,True
Arwen,2.215296469856751,5.033333333333333,True
Arwen,0.12721861803660928,8.85,True
Arwen,1.9891554772163371,23.98333333333333,True
Arwen,1.9376926035938056,17.233333333333334,True
Arwen,0.28648747279487075,4.066666666666666,True
Arwen,2.2603355079715617,8.116666666666667,True
Arwen,1.659450247776275,16.65,True
Arwen,1.1999563450703168,29.85,True
Arwen,2.108443553134317,6.483333333333333,True
Arwen,2.1080278401947323,0.5166666666666667,True
Arwen,1.8984579726764368,28.3,True
Arwen,1.8482071669944762,67.31666666666666,True
Arwen,0.07152050792898179,1.95,True
Arwen,1.269507101287908,40.31666666666667,True
Arwen,1.6899199901071948,17.833333333333332,True
Arwen,1.8274380145469133,20.966666666666665,True
Arwen,2.0376282530551437,21.78333333333333,True
Arwen,1.9600976540343111,29.516666666666666,True
Arwen,1.5463459187012598,25.466666666666665,True
Arwen,1.4279822147057564,3.3666666666666667,True
Arwen,1.4311133767575468,4.833333333333333,True
Arwen,1.8798642113979511,16.766666666666666,True
Arwen,2.1614987597682176,16.166666666666668,True
Arwen,2.171272676876127,8.1,True
Arwen,2.217773884226569,14.316666666666666,True
Arwen,2.0656583318755652,4.916666666666667,True
Arwen,2.3837762361215997,6.833333333333333,True
Arwen,1.7935241909882473,1.8166666666666669,True
Arwen,1.0304131031203225,5.616666666666666,True
Arwen,2.148894936419097,6.15,True
Arwen,1.4555146973111008,1.4833333333333334,True
Arwen,2.169851690740435,1.5,True
Arwen,2.100633714912699,8.533333333333333,True
Arwen,1.1948839157113975,4.316666666666666,True
Arwen,1.5733606445222572,27.1,True
Arwen,2.315942211459178,7.416666666666667,True
Arwen,2.1782620011240237,7.25,True
Arwen,1.8005552185526275,10.483333333333333,True
Arwen,1.433559633402368,1.0,True
Arwen,2.059573756751641,3.7666666666666666,True
Arwen,1.95931837250286,3.333333333333333,True
Arwen,1.7277441824038928,7.233333333333333,True
Arwen,0.9994236513696031,2.8833333333333333,True
Arwen,1.4943494257646635,6.85,True
Arwen,2.0686854203627942,15.35,True
Arwen,2.04906219142276,17.1,True
Arwen,1.5455632338898135,5.4,True
Arwen,1.8944408444247205,4.783333333333333,True
Arwen,1.6751856311207942,1.7166666666666666,True
Arwen,1.9579440451117989,7.633333333333334,True
Arwen,1.825357276070877,21.316666666666663,True
Arwen,1.6235211285309876,4.4,True
Arwen,1.5054808127537254,27.916666666666668,True
Arwen,1.4413668122832393,1.75,True
Arwen,0.9584129117544444,1.0666666666666669,True
Arwen,1.588574169991307,1.0,True
Arwen,1.3741476521912726,1.0,True
Arwen,1.6313251542772849,25.016666666666666,True
Arwen,2.3385551788109913,4.733333333333333,True
Arwen,1.631140752764604,6.833333333333333,True
Arwen,1.7283576004419465,4.6,True
Arwen,2.506383593967111,24.883333333333333,True
Arwen,1.2210224869277446,2.9,True
Arwen,2.0486838197882404,5.416666666666667,True
Arwen,1.787426000279189,41.23333333333333,True
Arwen,1.8553029705549935,0.9166666666666666,True
Arwen,1.6579532137309372,14.166666666666666,True
Arwen,1.7799620343215088,2.7,True
Arwen,1.6523523976774122,2.4,True
Arwen,1.6804738977395253,11.083333333333334,True
Arwen,2.120205203373621,9.966666666666669,True
Arwen,2.238627182943444,20.15,True
Arwen,2.079452161549586,5.733333333333333,True
Arwen,0.9480934275545152,0.7,True
Arwen,1.1134813804084684,3.75,True
Arwen,1.0256439094123466,1.0,True
Arwen,2.1394208434704987,1.5833333333333333,True
Arwen,1.7082319106163413,20.633333333333333,True
Arwen,1.3926038088520043,1.0,True
Arwen,1.6044821274157017,2.75,True
Arwen,1.4773221777231405,7.133333333333334,True
Arwen,2.116121598383252,5.233333333333333,True
Arwen,2.2406753291316295,0.75,True
Arwen,2.0746758088106976,7.0,True
Arwen,2.187700806331507,9.966666666666669,True
Arwen,1.7701517672296796,21.883333333333333,True
Arwen,1.8407506211942828,6.016666666666667,True
Arwen,1.444225965547794,1.7333333333333334,True
Arwen,1.0974949226572575,5.783333333333333,True
Arwen,2.0330651200659116,11.716666666666669,True
Arwen,1.248345151256054,7.75,True
Arwen,2.3232006096936972,0.9333333333333332,True
Arwen,1.9823814070766959,1.9666666666666663,True
Arwen,2.467921056409871,6.016666666666667,True
Arwen,2.267390782456046,4.8,True
Arwen,1.7494515913987978,4.283333333333333,True
Arwen,1.9734932264778535,6.9,True
Arwen,1.5912303675743693,7.65,True
Arwen,1.5962441974664394,9.666666666666666,True
Arwen,1.992684234417622,2.533333333333333,True
Arwen,1.5952102421494492,19.0,True
Arwen,1.6606864395527847,14.133333333333333,True
Arwen,1.5362159202870302,3.15,True
Arwen,2.092445388852518,10.6,True
Arwen,1.7841172380220625,3.333333333333333,True
Arwen,2.2503213649129523,5.95,True
Arwen,1.8302726326808996,5.783333333333333,True
Arwen,2.1085744723772812,9.366666666666667,True
Arwen,2.074378464408573,2.316666666666667,True
Arwen,1.6867663051152506,5.8,True
Arwen,1.649127779166368,15.233333333333333,True
Arwen,1.4617721338718626,1.0,True
Arwen,1.1936406163353024,1.0,True
Arwen,2.24119273834336,8.633333333333333,True
Arwen,1.991084954660254,1.9166666666666667,True
Arwen,1.7900708926700293,4.233333333333333,True
Arwen,2.19535602981657,4.333333333333333,True
Arwen,1.7861010483755002,2.6,True
Arwen,1.8015149992997102,3.216666666666667,True
Arwen,1.906841902078842,10.883333333333333,True
Arwen,1.9715954779025304,0.75,True
Arwen,1.6133566335828287,5.683333333333334,True
Arwen,1.5558202214137398,3.1333333333333333,True
Arwen,1.6216686601035797,6.183333333333334,True
Arwen,1.9837831042053142,5.3,True
Arwen,1.8181155913929434,7.083333333333333,True
Arwen,1.7138118652256742,4.683333333333334,True
Arwen,1.8940252554484316,5.066666666666666,True
Arwen,1.4204011182332097,8.4,True
Arwen,1.461707434994675,5.25,True
Arwen,1.2942841628277344,1.0833333333333333,True
Arwen,1.9592380917084642,1.2166666666666666,True
Arwen,1.764822955524513,2.0166666666666666,True
Arwen,1.9836632752654249,8.366666666666667,True
Arwen,1.3761646508663683,1.0,True
Arwen,1.00227565404877,1.0,True
Arwen,1.879097330707777,13.8,True
Arwen,2.3015732986314705,1.2833333333333334,True
Arwen,1.7418486054202436,8.6,True
Arwen,1.8392801529432474,4.383333333333334,True
Arwen,2.454508298027669,3.6,True
Arwen,2.0004147270396686,3.5,True
Arwen,1.9796185550172225,19.53333333333333,True
Arwen,0.6244900666970787,0.7166666666666667,True
Arwen,1.5583422954079398,9.3,True
Arwen,1.428656276791523,6.783333333333333,True
Arwen,1.9355083100308872,7.666666666666667,True
Arwen,1.688043003731701,4.9,True
Arwen,1.0714485465862655,2.9166666666666665,True
Arwen,1.9177318644187473,3.1166666666666667,True
Arwen,1.803796660316401,7.833333333333333,True
Arwen,1.5953017355655394,8.866666666666667,True
Arwen,2.16059219236087,1.933333333333333,True
Arwen,1.5643021646284954,5.9,True
Arwen,1.7500764522511638,3.333333333333333,True
Arwen,1.4909358371144763,3.6666666666666665,True
Arwen,1.414714351289627,1.0,True
Arwen,1.4956950734361267,26.7,True
Arwen,1.4377471868883906,168.26666666666668,True
Arwen,1.6301353975847406,4.833333333333333,True
Arwen,1.4023381136860822,3.8,True
Arwen,1.6627068806561847,10.866666666666667,True
Arwen,1.655339762329944,8.1,True
Arwen,1.9721936127109736,1.4666666666666666,True
Arwen,1.7069184048714596,11.616666666666667,True
Arwen,1.9970536006438973,524.8166666666667,False
Arwen,2.332226100228853,4.9,True
Arwen,1.6574573662388465,9.083333333333334,True
Arwen,1.3727500368337267,3.15,True
Arwen,1.7464158425898264,8.75,True
Arwen,1.913277582323134,3.1666666666666665,True
Arwen,1.6603914166604972,6.433333333333334,True
Arwen,1.8293278584025594,5.766666666666667,True
Arwen,1.879425579610129,5.916666666666667,True
Arwen,1.7421572568256416,25.6,True
Arwen,2.0779021374092075,6.133333333333334,True
Arwen,1.7783740749219479,12.566666666666666,True
Arwen,1.6451018191254232,1.6166666666666667,True
Arwen,2.5304860479872757,3.1666666666666665,True
Arwen,2.1630534171847082,12.55,True
Arwen,1.9435390707512519,0.7166666666666667,True
Arwen,1.731579228445493,19.2,True
Arwen,1.4459387553109677,2.4833333333333334,True
Arwen,1.9695697858995092,5.316666666666666,True
Arwen,1.5482571834568295,1.3166666666666669,True
Arwen,1.5687463081620463,7.95,True
Arwen,1.5623577393388766,5.65,True
Arwen,2.4074183264487776,5.95,True
Arwen,1.9589201691170863,6.3,True
Arwen,1.5880282894891466,12.916666666666666,True
Arwen,1.3547053874057464,1.0,True
Arwen,2.1936163091703973,10.2,True
Arwen,2.135544788925368,2.6666666666666665,True
Arwen,1.8146549378760155,5.25,True
Arwen,1.7761253712874734,5.166666666666667,True
Arwen,1.4079446072860737,1.0,True
Arwen,1.342494409796734,1.0,True
Arwen,1.6971087408820813,3.633333333333333,True
Arwen,2.1769658611143656,3.85,True
Arwen,1.3621730728063248,0.5,True
Dudley,1.641652075873736,1.0,True
Dudley,2.4977420873371567,4.316666666666666,True
Dudley,2.546576464539557,18.216666666666665,True
Dudley,2.2450785079057134,3.083333333333333,True
Dudley,1.0296644590702424,1.3,True
Dudley,2.2694913753641086,3.3833333333333333,True
Dudley,1.9675494123662542,9.216666666666669,True
Dudley,3.1440266678898254,1.5833333333333333,True
Dudley,2.341054298857498,44.3,True
Dudley,2.646261930074953,8.05,True
Dudley,2.652606517339066,13.733333333333333,True
Dudley,2.590028127156693,15.966666666666669,True
Dudley,1.7301485746929057,1.2833333333333334,True
Dudley,2.6502630623987957,1.3666666666666667,True
Dudley,2.0991130230959625,13.916666666666666,True
Dudley,2.734252599977876,8.033333333333333,True
Dudley,2.1790989489911734,66.01666666666667,True
Dudley,1.9099458036941581,7.033333333333333,True
Dudley,1.2764657568392157,12.7,True
Dudley,2.093676722379627,26.65,True
Dudley,2.1175885414357403,7.566666666666666,True
Dudley,2.7730286746047086,3.033333333333333,True
Dudley,2.267908716662258,4.916666666666667,True
Dudley,2.2993038786648023,14.433333333333334,True
Dudley,2.6646628967518318,8.016666666666667,True
Dudley,2.6486591875377616,6.75,True
Dudley,2.0130119800815116,0.85,True
Dudley,2.09359381503753,3.0,True
Dudley,1.8932522903098128,1.8166666666666669,True
Dudley,1.7205606469023962,1.6166666666666667,True
Dudley,2.3579654535057935,12.133333333333333,True
Dudley,2.4827471473698766,5.3,True
Dudley,2.394256265032714,7.3,True
Dudley,2.2807379218402053,13.0,True
Dudley,2.4259541368850885,11.216666666666669,True
Dudley,2.4657963044727045,7.066666666666666,True
Dudley,1.8444943347291665,1.0,True
Dudley,2.5524674903518774,16.616666666666667,True
Dudley,2.188281858195719,13.333333333333334,True
Dudley,2.3239480694611765,18.23333333333333,True
Dudley,2.57639733806011,14.766666666666667,True
Dudley,2.4702373347853497,0.1333333333333333,True
Dudley,0.9762232197534091,8.45,True
Dudley,2.235942623453664,27.65,True
Dudley,1.246035284258183,7.116666666666666,True
Dudley,1.828818290303501,6.433333333333334,True
Dudley,2.2770799542496385,5.516666666666667,True
Dudley,2.8472792552468693,7.633333333333334,True
Dudley,3.007033625384257,2.3833333333333333,True
Dudley,0.5780975579734842,3.25,True
Dudley,2.767505683896743,2.033333333333333,True
Dudley,1.9423216073376792,6.25,True
Dudley,2.682948722912632,5.316666666666666,True
Dudley,2.5849644556301805,6.4,True
Dudley,1.354091744687599,4.35,True
Dudley,1.6287023271214591,11.433333333333334,True
Dudley,1.5806356165176318,11.166666666666666,True
Dudley,1.9522790033604294,6.066666666666666,True
Dudley,2.063176516628924,2.9833333333333334,True
Dudley,2.3436160339197296,0.45,True
Dudley,2.450059814495974,27.266666666666666,True
Dudley,2.5681832470587262,7.766666666666667,True
Dudley,2.0146213332153757,4.466666666666667,True
Dudley,2.5090898125691763,19.616666666666667,True
Dudley,2.5761539563265905,1.75,True
Dudley,2.5291149903249672,18.683333333333334,True
Dudley,2.4483909799570296,9.95,True
Dudley,2.653502742280244,0.9833333333333332,True
Dudley,2.074466403625424,0.5833333333333334,True
Dudley,1.788384672300891,6.633333333333334,True
Dudley,3.2605279433143317,21.28333333333333,True
Dudley,2.500805896837054,3.4,True
Dudley,2.4809385712280294,3.3666666666666667,True
Dudley,2.7281707660927883,8.616666666666667,True
Dudley,2.578763113638627,27.53333333333333,True
Dudley,2.161942293990163,0.7166666666666667,True
Dudley,1.4767497148952191,7.483333333333333,True
Dudley,1.9584099529877592,0.6666666666666666,True
Dudley,1.693913920928316,6.2,True
Dudley,2.2622712249764962,9.4,True
Dudley,1.1777769726876388,2.833333333333333,True
Dudley,2.1931993024302328,5.7,True
Dudley,2.019192533831831,7.5,True
Dudley,2.394073663839534,6.583333333333333,True
Dudley,1.3185096748601206,6.533333333333333,True
Dudley,1.9440822917908689,5.05,True
Dudley,1.942577723034758,4.916666666666667,True
Dudley,2.700226321067381,0.5333333333333333,True
Dudley,2.683623851353332,8.15,True
Dudley,2.2717492316490726,3.55,True
Dudley,1.8207975721398106,1.9833333333333327,True
Dudley,2.192613348967854,15.766666666666667,True
Dudley,2.2052468850088736,2.55,True
Dudley,1.7483219011955773,1.0,True
Dudley,2.2156659387736455,17.2,True
Dudley,2.8936363043733553,3.7666666666666666,True
Dudley,2.498352488933889,4.833333333333333,True
Dudley,2.4350948985770415,4.616666666666666,True
Dudley,2.3961231506603746,2.6166666666666667,True
Dudley,2.2212804480542103,8.483333333333333,True
Dudley,2.068394414812722,9.116666666666667,True
Dudley,2.7312984260038706,4.05,True
Dudley,2.0758376500147193,12.25,True
Dudley,2.2024126425090507,177.56666666666666,True
Dudley,2.169609008721627,2.4166666666666665,True
Dudley,2.975964182920775,3.95,True
Dudley,2.679707130372836,5.65,True
Dudley,0.7693454991263315,2.4833333333333334,True
Dudley,1.9723176942713951,1.0,True
Dudley,2.076156534587277,5.833333333333333,True
Dudley,2.311888219489054,26.666666666666668,True
Dudley,2.4587247568157347,10.333333333333334,True
Dudley,2.3666069848308005,5.8,True
Dudley,2.588060411203518,8.633333333333333,True
Dudley,2.3742381748906416,0.3333333333333333,True
Dudley,2.234288129781696,8.266666666666667,True
Dudley,2.582548601146235,23.683333333333334,True
Dudley,2.0372100957055945,222.3,False
Dudley,2.057561513898952,6.516666666666667,True
Dudley,2.3158711046040548,1.0166666666666666,True
Dudley,2.3121420520415987,10.2,True
Dudley,1.9456767091367067,497.25,False
Dudley,1.9726370195103524,3.933333333333333,True
Dudley,1.7989598992917653,1.6166666666666667,True
Dudley,2.3851949992721493,1.0333333333333334,True
Dudley,1.8693784050551836,3.983333333333333,True
Dudley,2.1622977579304843,26.6,True
Dudley,2.280584873380819,3.633333333333333,True
Dudley,2.049720207680959,6.15,True
Dudley,2.5845834222238095,14.483333333333333,True
Dudley,1.7524035038278425,0.0833333333333333,True
Dudley,2.274665419272623,24.45,True
Dudley,2.4856407027718084,9.783333333333331,True
Dudley,2.7815886331874657,0.8,True
Dudley,2.85570871562583,4.983333333333333,True
Dudley,1.3177603744675077,1.4,True
Dudley,1.7887506820038805,1.3666666666666667,True
Dudley,2.784852154939277,0.4166666666666667,True
Dudley,2.004072331813499,10.85,True
Dudley,2.5355226830371267,0.3666666666666666,True
Dudley,1.934806800689939,7.966666666666667,True
Dudley,2.783456915315067,8.016666666666667,True
Dudley,1.9834879713226166,22.916666666666668,True
Dudley,1.8533898782593303,1.0,True
Dudley,1.9719417948986453,12.833333333333334,True
Dudley,2.8017551860856056,7.133333333333334,True
Dudley,2.6772417864996187,5.033333333333333,True
Dudley,2.101937037441744,8.75,True
Dudley,2.281920693041776,1.9666666666666663,True
Dudley,2.400949680522964,8.966666666666667,True
Dudley,2.551215010619614,24.1,True
Dudley,1.7594862466924324,10.8,True
Dudley,2.0172123648936204,24.416666666666668,True
Dudley,1.5258835218990308,6.783333333333333,True
Dudley,2.4908717959172764,2.466666666666667,True
Dudley,2.071416043471381,4.35,True
Dudley,1.732346760877746,1.0,True
Dudley,2.7738386421476777,6.766666666666667,True
Dudley,2.144469447037332,8.516666666666667,True
Dudley,1.7130513156716243,1.0,True
Dudley,2.5951215907133243,1.15,True
Dudley,1.9288973617068594,7.416666666666667,True
Dudley,2.2927363625408272,11.933333333333334,True
Dudley,2.1929473969396027,9.616666666666667,True
Dudley,2.0687297665601427,3.983333333333333,True
Dudley,1.9722428484207215,19.8,True
Dudley,2.319096025710373,1.5833333333333333,True
Dudley,1.7829055582795632,1.0,True
Dudley,2.669782422367661,1.5333333333333334,True
Dudley,2.532355289164346,10.05,True
Dudley,2.2048322790301285,3.033333333333333,True
Dudley,2.078853738075745,4.65,True
Dudley,1.8774899315565035,1.0,True
Dudley,1.7230210731489815,1.4,True
Dudley,2.604551794264494,0.75,True
Dudley,2.0025472396479644,1.0,True
Dudley,1.9809950206679316,1.1166666666666667,True
Dudley,2.233293027031629,1.8,True
Dudley,2.6562204168936363,0.4333333333333333,True
Dudley,2.515026839174236,1.9,True
Dudley,2.2129932232426452,21.2,True
Dudley,2.7088051432650238,3.1,True
Dudley,2.6258364741664146,3.783333333333333,True
Dudley,2.0811691944189805,9.766666666666667,True
Dudley,2.225767490352627,25.28333333333333,True
Dudley,1.601739156403146,1.4166666666666667,True
Dudley,2.5674398963761402,1.4166666666666667,True
Dudley,2.487352358730442,9.733333333333333,True
Dudley,2.191864739041928,2.433333333333333,True
Dudley,2.314064586174856,0.7666666666666667,True
Dudley,1.7937896208001154,6.016666666666667,True
Dudley,2.0405566411328344,5.3,True
Dudley,2.2788031096768018,12.766666666666667,True
Dudley,1.7369810428548276,1.0,True
Dudley,1.7288350690358756,1.0,True
Dudley,2.03865814684287,23.433333333333334,True
Dudley,1.909477296075152,2.933333333333333,True
Dudley,2.39367333848111,4.816666666666666,True
Dudley,2.048718688511467,0.5333333333333333,True
Dudley,2.199190736658915,6.683333333333334,True
Dudley,2.547674830515241,0.9,True
Dudley,2.5718179888771355,24.666666666666668,True
Dudley,2.5087016233525703,0.9,True
Dudley,1.5547135738819753,0.9,True
Dudley,2.4555136296569717,5.1,True
Dudley,2.8995235987449797,2.5,True
Dudley,2.3400668603007255,10.783333333333331,True
Dudley,2.578381658940219,2.566666666666667,True
Dudley,2.2540997803330947,4.783333333333333,True
Dudley,2.401524875047501,4.716666666666667,True
Dudley,1.9227026934171614,4.966666666666667,True
Dudley,1.6528511664683052,1.0,True
Dudley,1.7089250391754967,1.0,True
Dudley,1.7306957066663047,1.0,True
Dudley,1.9297297188678313,0.1666666666666666,True
Dudley,1.9161712490645197,1.0,True
Dudley,2.672189071193329,6.65,True
Dudley,2.6264156708036466,1.1333333333333333,True
Dudley,2.5420227708753425,8.616666666666667,True
Dudley,2.064246570334847,4.316666666666666,True
Dudley,2.081952471629723,2.433333333333333,True
Dudley,2.2675743217073703,1.933333333333333,True
Dudley,1.9146972787081007,1111.5333333333333,False
Dudley,2.9161442206870265,3.866666666666666,True
Dudley,2.245815210466203,15.566666666666666,True
Dudley,2.151763305769288,3.0,True
Dudley,2.4358803874013994,2.45,True
Dudley,2.0658848137705763,16.716666666666665,True
Dudley,1.8901681748482775,4.666666666666667,True
Dudley,2.1354582927355006,10.9,True
Dudley,2.046511478843598,27.65,True
Dudley,2.566021028547067,5.533333333333333,True
Dudley,2.445116166625501,2.45,True
Dudley,1.6173424953792022,1.0,True
Dudley,1.824708311834111,3.933333333333333,True
Dudley,2.142360736826029,4.8,True
Dudley,1.8394392455716033,138.85,True
Dudley,2.0084385749666063,2.583333333333333,True
Dudley,1.8621656383659504,3.1666666666666665,True
Dudley,2.131300530349355,6.166666666666667,True
Dudley,1.8992936575388353,6.7,True
Dudley,2.0582286083524597,7.666666666666667,True
Dudley,2.534954781780906,18.466666666666665,True
Dudley,2.283132481244574,3.816666666666667,True
Dudley,2.47830860842307,4.066666666666666,True
Dudley,1.9538347265881135,5.9,True
Dudley,2.5364140054394255,13.333333333333334,True
Dudley,2.079332815480328,22.15,True
Dudley,2.512864431375424,18.55,True
Dudley,2.030227942074507,10.916666666666666,True
Dudley,2.0284140244217905,165.96666666666667,True
Dudley,2.2367442375630704,0.4333333333333333,True
Dudley,2.1831734738427118,14.316666666666666,True
Dudley,2.160416560903029,8.2,True
Dudley,2.011567762816289,2.583333333333333,True
Dudley,1.6635531564271748,1.0,True
Dudley,1.8682628714809926,3.0,True
Dudley,2.018277309542051,13.183333333333334,True
Dudley,2.0798011640027045,6.35,True
Dudley,2.0434832838039236,20.7,True
Dudley,1.9340527920512491,1.0,True
Dudley,2.450332461094408,2.7666666666666666,True
Dudley,2.6535314944298287,0.9333333333333332,True
Dudley,2.650125921244852,56.4,True
Dudley,2.0909827180213743,21.0,True
Dudley,2.4014463022335737,5.35,True
Dudley,2.0284140244217905,165.96666666666667,True
Dudley,2.7397994949401543,0.7333333333333333,True
Dudley,1.6254653536431574,7.083333333333333,True
Dudley,2.722038813305194,4.066666666666666,True
Dudley,2.738538878843956,8.383333333333333,True
Dudley,3.060052172161073,0.65,True
Dudley,1.4929080824929868,0.1333333333333333,True
Dudley,1.8685420948743372,1.7166666666666666,True
Dudley,2.357889875241189,7.6,True
Dudley,2.309920233452467,2.1166666666666667,True
Dudley,2.2334412007493674,3.1,True
Dudley,2.6921677586124493,2.8666666666666667,True
Dudley,1.5610864184013964,4.1,True
Dudley,2.114458316341697,6.25,True
Dudley,2.3653542382465966,23.766666666666666,True
Dudley,1.7594862466924324,10.8,True
Dudley,1.9062909564178392,3.6,True
Dudley,2.0881047228023824,18.683333333333334,True
Dudley,2.445985238230034,6.333333333333333,True
Dudley,2.7832412266918296,3.0166666666666666,True
Dudley,1.933700855423221,6.083333333333333,True
Dudley,2.2141075899334264,4.633333333333334,True
Dudley,1.4333247197517092,0.6166666666666667,True
Dudley,2.13316593872347,3.316666666666667,True
Dudley,2.013923961215446,2.95,True
Eunice,2.9727252108894926,28.966666666666665,True
Eunice,1.3585926541465252,5.233333333333333,True
Eunice,3.5364941151175606,128.71666666666667,True
Eunice,3.7978545699051827,129.68333333333334,True
Eunice,2.198566083089061,45.9,True
Eunice,1.0699039026613215,112.46666666666668,True
Eunice,2.633018908236919,34.38333333333333,True
Eunice,2.8241382144496874,143.35,True
Eunice,2.55448640089017,90.48333333333332,True
Eunice,2.0723358879986984,105.2,True
Eunice,1.641652075873736,1.0,True
Eunice,3.704886661831924,74.45,True
Eunice,1.063757861461765,31.633333333333333,True
Eunice,3.722170759198557,120.8,True
Eunice,3.41404103839097,49.91666666666666,True
Eunice,3.0197499614504015,0.1666666666666666,True
Eunice,2.8083447540385404,77.66666666666667,True
Eunice,1.5172594490786802,98.13333333333334,True
Eunice,2.941937943748648,123.58333333333331,True
Eunice,2.5198452703991543,104.18333333333334,True
Eunice,3.0997437250356517,2.05,True
Eunice,1.2362724825725782,79.38333333333334,True
Eunice,1.8750886325581588,119.3,True
Eunice,3.2007698866953103,25.73333333333333,True
Eunice,2.764915060251787,81.41666666666667,True
Eunice,3.000049019491529,79.26666666666667,True
Eunice,2.2005125934209944,129.05,True
Eunice,2.7962555706016192,65.08333333333333,True
Eunice,2.994486272842326,0.05,True
Eunice,0.716700047248674,143.25,True
Eunice,2.7642562712698107,53.516666666666666,True
Eunice,3.8749364688457177,97.76666666666668,True
Eunice,2.9405686814958596,4.6,True
Eunice,2.3391412571316184,5.866666666666666,True
Eunice,-0.23123921283850873,37.61666666666667,True
Eunice,2.5622370778588412,101.71666666666668,True
Eunice,3.71387747259536,121.8,True
Eunice,2.889807460328885,95.36666666666666,True
Eunice,1.8390878101439438,18.133333333333333,True
Eunice,1.832330446284187,78.96666666666667,True
Eunice,2.9771961477998685,145.98333333333332,True
Eunice,2.1487347440959925,53.333333333333336,True
Eunice,3.665136958079698,4.216666666666667,True
Eunice,3.5863463947189014,25.15,True
Eunice,1.7113645241484023,22.183333333333334,True
Eunice,3.677892691969094,2.25,True
Eunice,2.5222488071165574,26.33333333333333,True
Eunice,3.969465375403088,54.6,True
Eunice,2.8856819555205044,75.48333333333333,True
Eunice,2.548972230892415,24.0,True
Eunice,1.2426373687548957,126.71666666666668,True
Eunice,2.9983096670245177,29.416666666666668,True
Eunice,2.7773712950530483,16.716666666666665,True
Eunice,2.4309306598390417,63.31666666666667,True
Eunice,3.4331302031596524,10.7,True
Eunice,2.6128973611310538,138.28333333333333,True
Eunice,3.0966196941834707,96.7,True
Eunice,3.8986495663231606,122.85,True
Eunice,2.6268293420220172,110.08333333333331,True
Eunice,2.5082795167229905,10.216666666666669,True
Eunice,3.608852503382648,70.28333333333333,True
Eunice,2.313389000797326,135.86666666666667,True
Eunice,3.1103986543116924,123.16666666666669,True
Eunice,2.0302154741605833,137.55,True
Eunice,2.4542645234657274,33.78333333333333,True
Eunice,2.5240773441136835,87.4,True
Eunice,2.2741006923741933,223.6,False
Eunice,2.7594300303914374,129.45,True
Eunice,2.2301798462194915,89.5,True
Eunice,2.0216281834011114,72.48333333333333,True
Eunice,2.3312548971638414,124.0,True
Eunice,0.23794720978051648,43.88333333333333,True
Eunice,2.738519113998355,119.1,True
Eunice,2.900633522157546,46.9,True
Eunice,2.007144732487976,10.55,True
Eunice,1.9675494123662542,9.216666666666669,True
Eunice,2.341054298857498,44.3,True
Eunice,1.2541761694044424,35.233333333333334,True
Eunice,1.3852825439401106,3.033333333333333,True
Eunice,1.928109249145121,79.5,True
Eunice,0.6834699389605621,32.916666666666664,True
Eunice,1.9657067409014035,98.7,True
Eunice,1.9194991676157749,74.4,True
Eunice,1.506363243570386,75.26666666666667,True
Eunice,1.512192389131336,23.366666666666667,True
Eunice,2.2326799962165915,15.583333333333334,True
Eunice,1.2871332329180587,34.38333333333333,True
Eunice,1.0798570553663476,101.95,True
Eunice,2.2796028143170153,16.083333333333332,True
Eunice,3.932520718302755,2.6333333333333333,True
Eunice,2.791202320006973,102.36666666666666,True
Eunice,1.7776939644577565,36.46666666666667,True
Eunice,2.8620985443966473,93.28333333333332,True
Eunice,1.9072166551041705,70.66666666666667,True
Eunice,3.5511651880525243,29.383333333333333,True
Eunice,3.608708450934503,4.916666666666667,True
Eunice,2.472340287750153,159.23333333333332,True
Eunice,4.149449786820725,97.18333333333334,True
Eunice,2.6588106486129703,96.11666666666666,True
Eunice,2.1719848100056875,93.16666666666669,True
Eunice,3.731144580536093,125.16666666666669,True
Eunice,2.615058757906518,122.41666666666669,True
Eunice,2.713597296511874,106.91666666666669,True
Eunice,2.982993878446547,125.06666666666666,True
Eunice,2.0143522342913527,6.816666666666666,True
Eunice,2.1048936331607235,100.11666666666666,True
Eunice,1.9050822605743527,125.16666666666669,True
Eunice,2.373132247086794,41.61666666666667,True
Eunice,2.6176382014550748,116.18333333333334,True
Eunice,1.6070328894405355,0.1666666666666666,True
Eunice,2.762172498399415,78.85,True
Eunice,1.80972862761236,70.66666666666667,True
Eunice,1.7111825306680124,124.63333333333334,True
Eunice,3.383883217606542,408.1333333333333,False
Eunice,2.4367046345246792,7.25,True
Eunice,2.5854038911377866,95.36666666666666,True
Eunice,2.690216898461043,95.58333333333331,True
Eunice,2.334281569568093,58.7,True
Eunice,2.1675263939613076,14.666666666666666,True
Eunice,2.49194140142497,112.36666666666666,True
Eunice,1.647074028609687,0.05,True
Eunice,2.223844689279304,50.35,True
Eunice,2.035059062464542,116.3,True
Eunice,1.3814011957541519,43.083333333333336,True
Eunice,2.3816477363587647,27.016666666666666,True
Eunice,2.5296985719526175,121.91666666666669,True
Eunice,2.3950998376854944,137.23333333333332,True
Eunice,1.8780934034230954,119.41666666666669,True
Eunice,2.6969166451917586,146.28333333333333,True
Eunice,2.1073176440670784,99.73333333333332,True
Eunice,2.3007873543688997,122.63333333333334,True
Eunice,2.973621312629103,123.63333333333334,True
Eunice,0.6292550537551584,117.26666666666668,True
Eunice,2.679087289602517,160.25,True
Eunice,2.349037249867709,0.1666666666666666,True
Eunice,3.224119001890537,50.016666666666666,True
Eunice,1.4872339382503135,75.91666666666667,True
Eunice,2.833326326763491,2.9166666666666665,True
Eunice,2.567704868249735,3.3666666666666667,True
Eunice,3.358679928587983,49.7,True
Eunice,3.154412884256522,51.31666666666667,True
Eunice,3.318431709665212,78.13333333333334,True
Eunice,2.4646766978596237,19.383333333333333,True
Eunice,3.2810360486598302,102.21666666666668,True
Eunice,3.219346394628373,59.15,True
Eunice,2.6053352498516946,47.5,True
Eunice,2.318603792203186,21.7,True
Eunice,2.6033740080046868,5.016666666666667,True
Eunice,2.793063559710961,0.35,True
Eunice,3.067362649932943,3.083333333333333,True
Eunice,2.375600412473079,255.3,False
Eunice,1.7487348760720631,20.933333333333334,True
Eunice,2.115295709866277,48.28333333333333,True
Eunice,2.394672133260421,25.98333333333333,True
Eunice,2.703881777315038,72.8,True
Eunice,2.4918566445523163,6.983333333333333,True
Eunice,2.0892680786211604,24.15,True
Eunice,3.3035559223478566,66.1,True
Eunice,2.0251649001381287,1.2,True
Eunice,2.534749956146671,23.45,True
Eunice,2.2100865225511668,5.466666666666667,True
Eunice,1.4919513080859035,21.066666666666663,True
Eunice,2.2354662425494345,77.48333333333333,True
Eunice,1.650577821182577,9.1,True
Eunice,2.3939673109199116,100.36666666666666,True
Eunice,4.01396671705499,73.7,True
Eunice,1.9741551595783216,69.86666666666666,True
Eunice,1.6116143977937905,29.866666666666667,True
Eunice,0.874091202428992,41.98333333333333,True
Eunice,1.5492536739533629,28.15,True
Eunice,3.3237877472497384,42.93333333333333,True
Eunice,2.9747156562278447,73.41666666666667,True
Eunice,2.9838644814719895,49.46666666666667,True
Eunice,3.0966707971082177,96.63333333333334,True
Eunice,2.0540598386485924,93.45,True
Eunice,1.0491618904574136,64.73333333333333,True
Eunice,2.438606970720475,50.71666666666667,True
Eunice,2.992056920066536,125.75,True
Eunice,1.791037066981198,41.7,True
Eunice,1.2548534137509877,38.5,True
Eunice,2.382117681942711,13.533333333333331,True
Eunice,1.1245262224059407,9.85,True
Eunice,2.249306595189663,80.91666666666667,True
Eunice,2.4674559053472946,82.35,True
Eunice,1.7081877996115085,1.5666666666666669,True
Eunice,1.0909099144915573,3.25,True
Eunice,2.1465466157618707,4.4,True
Eunice,2.4223116140674987,9.3,True
Eunice,2.1564398178818043,5.783333333333333,True
Eunice,2.0130119800815116,0.85,True
Eunice,2.09359381503753,3.0,True
Eunice,2.395733560220213,74.33333333333333,True
Eunice,2.2131223721203885,1.1,True
Eunice,3.0538851194740544,6.55,True
Eunice,2.553449217297485,82.61666666666666,True
Eunice,0.8461471125179152,31.216666666666665,True
Eunice,2.258689358820206,8.516666666666667,True
Eunice,0.936168451385015,106.11666666666666,True
Eunice,2.1916612694225224,51.15,True
Eunice,2.508792596350482,74.75,True
Eunice,2.1444744278584813,102.13333333333334,True
Eunice,2.0009535140172456,82.2,True
Eunice,1.5241537918596253,53.833333333333336,True
Eunice,2.0464099030658227,4.466666666666667,True
Eunice,2.801547006834359,77.28333333333333,True
Eunice,1.1501410558689666,83.08333333333333,True
Eunice,3.3039978954320977,97.9,True
Eunice,2.099489152183761,101.45,True
Eunice,1.6409249656020861,99.51666666666668,True
Eunice,2.1170436702022104,81.15,True
Eunice,1.9339658334873833,85.15,True
Eunice,2.7747792818480796,6.4,True
Eunice,2.4579628063734766,101.96666666666668,True
Eunice,2.9050709538943376,0.75,True
Eunice,2.6476261051488295,102.25,True
Eunice,2.4737187258145146,80.96666666666667,True
Eunice,2.909449832409682,2.1333333333333333,True
Eunice,2.002966901566948,12.183333333333334,True
Eunice,2.721881740067346,74.93333333333334,True
Eunice,2.799815030197941,75.26666666666667,True
Eunice,2.863823447243704,107.26666666666668,True
Eunice,2.4880434281536163,3.9166666666666665,True
Eunice,2.4657963044727045,7.066666666666666,True
Eunice,3.540154282282001,5.933333333333334,True
Eunice,2.57639733806011,14.766666666666667,True
Eunice,2.4702373347853497,0.1333333333333333,True
Eunice,2.5565313745122062,8.033333333333333,True
Eunice,1.6737216217090356,1.0,True
Eunice,1.6287023271214591,11.433333333333334,True
Eunice,1.5806356165176318,11.166666666666666,True
Eunice,1.9522790033604294,6.066666666666666,True
Eunice,1.660097557917427,7.6,True
Eunice,2.063176516628924,2.9833333333333334,True
Eunice,2.3436160339197296,0.45,True
Eunice,2.450059814495974,27.266666666666666,True
Eunice,2.5681832470587262,7.766666666666667,True
Eunice,1.8692419706318335,6.3,True
Eunice,2.0146213332153757,4.466666666666667,True
Eunice,2.5090898125691763,19.616666666666667,True
Eunice,2.1199137361148193,2.6333333333333333,True
Eunice,2.00621681584886,4.25,True
Eunice,0.8729945812320468,30.5,True
Eunice,2.562812433525969,3.3666666666666667,True
Eunice,2.037181541345768,10.216666666666669,True
Eunice,2.1193050578477077,106.88333333333334,True
Eunice,1.521044465006104,3.066666666666667,True
Eunice,2.1154360282669864,46.2,True
Eunice,1.7403567720568076,8.45,True
Eunice,1.949102239744234,7.583333333333333,True
Eunice,1.5482163846013601,7.4,True
Eunice,1.8056416376557374,74.65,True
Eunice,3.947063258987126,1.3333333333333333,True
Eunice,2.4398436493287012,22.516666666666666,True
Eunice,2.0561725237009694,71.03333333333333,True
Eunice,2.4419563465298633,30.616666666666667,True
Eunice,1.9004863009040123,12.766666666666667,True
Eunice,2.7040889893437123,28.58333333333333,True
Eunice,1.7156199253618196,48.16666666666666,True
Eunice,1.2161712021911895,7.633333333333334,True
Eunice,2.7459914193777846,12.716666666666669,True
Eunice,2.907416881553841,102.01666666666668,True
Eunice,2.0250484172925107,13.133333333333333,True
Eunice,2.8479568567034907,3.316666666666667,True
Eunice,2.096730481896971,51.11666666666667,True
Eunice,2.0524892053534103,23.8,True
Eunice,3.3687884305662403,9.066666666666666,True
Eunice,0.9708554358063166,73.68333333333334,True
Eunice,1.595161816894868,27.466666666666665,True
Eunice,3.565536129214785,80.33333333333333,True
Eunice,2.9028191472007445,10.366666666666667,True
Eunice,2.69665197851821,34.18333333333333,True
Eunice,1.5657509558786906,30.23333333333333,True
Eunice,1.3455045641873917,58.85,True
Eunice,2.4462681205770123,75.41666666666667,True
Eunice,1.0789779208809225,27.433333333333334,True
Eunice,1.8087190836571978,102.51666666666668,True
Eunice,0.9525364867110604,35.18333333333333,True
Eunice,2.5957411722673904,50.35,True
Eunice,3.3639842276509344,6.2,True
Eunice,1.317805670319001,6.4,True
Eunice,1.3383698333961027,33.18333333333333,True
Eunice,2.297781466992303,9.566666666666666,True
Eunice,3.3495863376569406,24.3,True
Eunice,2.45551439302553,48.333333333333336,True
Eunice,2.4611971587189854,19.3,True
Eunice,3.2572826334909366,50.1,True
Eunice,3.377178932031557,32.15,True
Eunice,1.9853693707118105,0.95,True
Eunice,3.2372631224318162,57.11666666666667,True
Eunice,2.19608436282744,0.4,True
Eunice,1.6643505612611642,81.16666666666667,True
Eunice,3.0979477186236393,5.666666666666667,True
Eunice,3.387381306365437,98.76666666666668,True
Eunice,2.651968287025951,115.6,True
Eunice,2.6291586067008788,8.75,True
Eunice,1.8605329678422626,32.81666666666667,True
Eunice,2.8910456389447057,49.11666666666667,True
Eunice,3.8963579062491895,5.05,True
Eunice,1.9990968073344602,28.23333333333333,True
Eunice,3.292545270552853,31.25,True
Eunice,2.8583390611641017,69.86666666666666,True
Eunice,2.477274797638238,92.55,True
Eunice,3.105089448158481,29.6,True
Eunice,3.213508392008849,9.383333333333333,True
Eunice,3.596408079213617,58.45,True
Eunice,1.5441997829886798,61.0,True
Eunice,3.135419696086186,1.2666666666666666,True
Eunice,2.9769772276683844,0.5833333333333334,True
Eunice,3.0672627193561848,148.25,True
Eunice,2.3779083528145772,17.333333333333332,True
Eunice,2.4732234518900085,92.8,True
Eunice,2.948313642126631,118.38333333333334,True
Eunice,4.001068154166734,89.73333333333333,True
Eunice,2.4777384513298752,49.61666666666667,True
Eunice,3.2053743984893686,71.5,True
Eunice,2.793113601925816,28.133333333333333,True
Eunice,1.8228347392572446,25.03333333333333,True
Eunice,3.756712303211778,73.71666666666667,True
Eunice,1.9821942163732447,22.366666666666667,True
Eunice,3.015120345061954,80.38333333333334,True
Eunice,3.4825526450786413,15.466666666666669,True
Eunice,2.4431611672253286,22.566666666666663,True
Eunice,3.2663080386719487,52.41666666666666,True
Eunice,2.568264772266562,19.933333333333334,True
Eunice,2.8561640730562234,23.33333333333333,True
Eunice,2.6529409400094903,75.68333333333334,True
Eunice,3.4614448715243107,47.11666666666667,True
Eunice,2.5406868654084294,0.5833333333333334,True
Eunice,3.4937145952561446,98.6,True
Eunice,2.7966036884671457,65.1,True
Eunice,3.2109444230232156,23.1,True
Eunice,2.2752476845488907,9.883333333333333,True
Eunice,1.619994692637605,25.55,True
Eunice,2.8973150890588815,42.2,True
Eunice,3.2329230068394623,82.33333333333333,True
Eunice,3.1859676581662346,5.05,True
Eunice,3.50868060337079,45.016666666666666,True
Eunice,2.1649680024658133,27.75,True
Eunice,2.642766050275081,7.783333333333333,True
Eunice,2.3646396519883903,4.45,True
Eunice,3.320509519552807,4.216666666666667,True
Eunice,1.6681724939220433,117.35,True
Eunice,2.555944059741103,27.866666666666667,True
Eunice,2.220122867560519,26.05,True
Eunice,2.243877700294583,78.28333333333333,True
Eunice,2.6726682946058355,74.78333333333333,True
Eunice,2.563324266256507,45.3,True
Eunice,3.0734261915035157,48.06666666666667,True
Eunice,3.323426703010541,7.883333333333334,True
Eunice,0.2523192040881848,95.16666666666669,True
Eunice,1.4833967268791237,120.28333333333332,True
Eunice,2.3272986760665737,42.583333333333336,True
Eunice,2.6486237030421873,7.533333333333333,True
Eunice,2.1482670992491895,20.266666666666666,True
Eunice,2.732977722199032,6.333333333333333,True
Eunice,2.982701726279872,42.68333333333333,True
Eunice,2.6556238682546875,71.46666666666667,True
Eunice,2.606590650587902,29.6,True
Eunice,1.5515957224861445,6.816666666666666,True
Eunice,3.267809792430697,53.8,True
Eunice,2.4603794955350318,114.58333333333331,True
Eunice,3.474554921679555,26.916666666666668,True
Eunice,3.1240507483427695,67.4,True
Eunice,3.296044373208243,26.05,True
Eunice,2.541358300755075,41.266666666666666,True
Eunice,3.0958220756869603,49.583333333333336,True
Eunice,1.0637983085334912,72.66666666666667,True
Eunice,2.6885854869203554,0.1166666666666666,True
Eunice,2.187007599415191,43.31666666666667,True
Eunice,2.315393380109974,96.86666666666666,True
Eunice,1.748282216415727,23.966666666666665,True
Eunice,2.338283490462746,3.1166666666666667,True
Eunice,2.4611971587189854,65.13333333333334,True
Eunice,2.8960180933954134,116.88333333333334,True
Eunice,2.6309213095127215,0.9833333333333332,True
Eunice,1.8000399770233086,96.68333333333334,True
Eunice,2.4141269610242944,86.33333333333333,True
Eunice,3.165989816676108,24.216666666666665,True
Eunice,2.397658771792608,120.08333333333331,True
Eunice,2.82890322131367,17.466666666666665,True
Eunice,3.276708933387479,23.08333333333333,True
Eunice,2.1336076352238744,14.416666666666666,True
Eunice,3.323959892305708,49.21666666666667,True
Eunice,2.3973637061494557,46.25,True
Eunice,1.8134087852258218,123.7,True
Eunice,2.2855724852370227,1.5666666666666669,True
Eunice,2.5456394786744045,1.0333333333333334,True
Eunice,2.5120160936829903,76.43333333333334,True
Eunice,2.0206526996527763,61.73333333333333,True
Eunice,3.85524418132507,27.15,True
Eunice,2.240623874336567,96.65,True
Eunice,2.4218326995508024,75.63333333333334,True
Eunice,1.913924391137089,12.016666666666667,True
Eunice,1.8752398416509257,97.13333333333334,True
Eunice,1.798454364455362,3.2,True
Eunice,1.4854807452588061,1.0,True
Eunice,2.2988726859659696,17.383333333333333,True
Eunice,3.62182738023344,75.16666666666667,True
Eunice,2.5247569870801416,90.68333333333334,True
Eunice,1.5409542085224726,7.333333333333333,True
Eunice,1.8168784683997299,51.43333333333333,True
Eunice,2.4167192748771473,59.56666666666667,True
Eunice,2.535456132867721,45.23333333333333,True
Eunice,1.279936134271433,124.05,True
Eunice,0.6700156270275219,104.96666666666668,True
Eunice,2.5169051929586224,2.466666666666667,True
Eunice,2.1829659549811633,32.15,True
Eunice,3.4173538447168768,14.616666666666667,True
Eunice,2.206637203216236,13.35,True
Eunice,3.4651961850488764,97.63333333333334,True
Eunice,1.3102011119083274,132.46666666666667,True
Eunice,3.536088847739131,75.5,True
Eunice,2.0970276731714126,96.83333333333331,True
Eunice,3.2800789761364935,142.53333333333333,True
Eunice,3.5689223925987927,74.2,True
Eunice,3.847849989803367,75.66666666666667,True
Eunice,2.7244044308487614,52.68333333333333,True
Eunice,3.2358391452206208,0.0666666666666666,True
Eunice,2.6784024603445915,81.45,True
Eunice,4.011865843383786,54.41666666666666,True
Eunice,3.11924738438321,87.08333333333333,True
Eunice,4.031966228543715,125.45,True
Eunice,3.184143941332994,21.45,True
Eunice,3.651808352926634,222.81666666666663,False
Eunice,3.251067694670658,51.1,True
Eunice,3.9209430056108086,120.53333333333332,True
Eunice,4.172698316409868,77.43333333333334,True
Eunice,4.118839140765529,24.6,True
Eunice,2.3268374452417007,57.4,True
Eunice,3.3439720422976675,9.716666666666669,True
Eunice,2.604291034126399,92.0,True
Eunice,2.926755903443664,121.41666666666669,True
Eunice,4.0464654195623595,93.31666666666666,True
Eunice,2.5649301337917705,46.4,True
Eunice,3.1028371034541475,0.1,True
Eunice,3.7436192211159836,122.75,True
Eunice,2.7076930195494873,99.23333333333332,True
Eunice,1.843868810386784,126.41666666666669,True
Eunice,3.3498487235921393,99.63333333333334,True
Eunice,3.2176773261028133,147.85,True
Eunice,3.2143512979459437,4.35,True
Eunice,2.9602613016610966,96.8,True
Eunice,1.1405461035451723,0.6333333333333333,True
Eunice,2.218599062555485,76.28333333333333,True
Eunice,2.555637379312989,122.08333333333331,True
Eunice,2.0633564512561797,117.86666666666666,True
Eunice,3.0951321379501784,120.63333333333334,True
Eunice,1.31872571189308,0.0833333333333333,True
Eunice,1.7869924324428084,34.86666666666667,True
Eunice,2.383823057539464,99.4,True
Eunice,2.284236807161282,131.51666666666668,True
Eunice,3.4786294308083123,120.26666666666668,True
Eunice,2.347572789837099,118.0,True
Eunice,2.4403886951523766,53.61666666666667,True
Eunice,1.9421249713334385,111.35,True
Eunice,2.452118588725765,10.9,True
Eunice,1.8759077893074878,24.216666666666665,True
Eunice,2.1787621680780176,56.86666666666667,True
Eunice,1.068959928078741,0.2833333333333333,True
Eunice,1.8956462036490198,119.7,True
Eunice,1.942673956315011,95.96666666666668,True
Eunice,0.993938023840456,3.466666666666667,True
Eunice,0.7805698782895603,0.5666666666666667,True
Eunice,3.35693647155392,118.68333333333334,True
Eunice,2.6200202019023133,118.11666666666666,True
Eunice,2.7429689103542794,126.98333333333332,True
Eunice,2.7773916812242048,3.683333333333333,True
Eunice,2.084652308808035,0.1666666666666666,True
Eunice,2.983026734795759,1.3333333333333333,True
Eunice,2.417427824005382,7.516666666666667,True
Eunice,1.8983986460491915,0.1666666666666666,True
Eunice,1.7319495787998491,28.883333333333333,True
Eunice,2.131236435874852,55.71666666666667,True
Eunice,2.704891059909758,22.1,True
Eunice,2.503450374807841,102.3,True
Eunice,2.0808934095007805,125.51666666666668,True
Eunice,2.571165811735233,100.91666666666669,True
Eunice,1.5485106679085698,3.75,True
Eunice,2.9740755206495626,100.83333333333331,True
Eunice,1.6606323781318733,97.73333333333332,True
Eunice,2.8346291688770475,50.516666666666666,True
Eunice,2.528496515182702,61.13333333333333,True
Eunice,2.7721091145881527,102.5,True
Eunice,1.6393595043485079,103.1,True
Eunice,2.2108442826239636,9.95,True
Eunice,2.1369893558064943,5.5,True
Eunice,1.788384672300891,6.633333333333334,True
Eunice,2.500805896837054,3.4,True
Eunice,2.4809385712280294,3.3666666666666667,True
Eunice,2.974682200959108,9.183333333333334,True
Eunice,2.6070972819739993,11.633333333333333,True
Eunice,2.394073663839534,6.583333333333333,True
Eunice,2.5478643522384754,9.866666666666667,True
Eunice,3.987685011036904,8.75,True
Eunice,1.633786579006929,76.93333333333334,True
Eunice,2.763641771195396,34.25,True
Eunice,2.909011909409459,52.5,True
Eunice,3.6613623603271823,23.1,True
Eunice,1.4595150083548163,9.3,True
Eunice,2.534810514024195,143.38333333333333,True
Eunice,2.6538157377823777,7.066666666666666,True
Eunice,2.3830883326757353,3.933333333333333,True
Eunice,1.7654060860517626,85.43333333333334,True
Eunice,2.1645778065016286,98.0,True
Eunice,3.1852927859974614,47.06666666666667,True
Eunice,2.3740866253376804,17.4,True
Eunice,2.121923622836675,101.8,True
Eunice,2.858123132832502,41.61666666666667,True
Eunice,2.4110159519019136,11.233333333333333,True
Eunice,2.2944471690589734,59.7,True
Eunice,2.22196023544299,33.31666666666667,True
Eunice,2.4047141843747406,58.18333333333333,True
Eunice,2.087537939163535,49.81666666666667,True
Eunice,2.2224848099565673,12.216666666666669,True
Eunice,2.2876955715713643,3.783333333333333,True
Eunice,3.655654947719957,6.25,True
Eunice,2.5196840756905847,25.633333333333333,True
Eunice,1.8186353752054802,1.0,True
Eunice,2.3816178975104956,99.83333333333331,True
Eunice,0.5960511346607975,1.6,True
Eunice,3.3007600225827844,75.0,True
Eunice,2.208313816331348,0.5833333333333334,True
Eunice,2.7548902933632897,8.366666666666667,True
Eunice,1.4129005025055459,16.85,True
Eunice,1.3838861656704,19.23333333333333,True
Eunice,2.3883794874448756,8.766666666666667,True
Eunice,2.4186365159953747,49.55,True
Eunice,1.7642434650069443,24.0,True
Eunice,0.9591945181786119,20.98333333333333,True
Eunice,2.694575338285732,16.25,True
Eunice,2.467344987836349,80.65,True
Eunice,2.5666114377012255,71.66666666666667,True
Eunice,3.1584889442926274,76.43333333333334,True
Eunice,3.1649041757264835,145.05,True
Eunice,1.3185096748601206,6.533333333333333,True
Eunice,3.323959892305708,95.1,True
Eunice,2.593231124162979,19.78333333333333,True
Eunice,1.7157437883005284,1.0,True
Eunice,1.9767821336131457,6.416666666666667,True
Eunice,2.330008101633592,7.2,True
Eunice,2.192613348967854,15.766666666666667,True
Eunice,2.2052468850088736,2.55,True
Eunice,2.2005714467025945,2.85,True
Eunice,1.8678469706943426,33.65,True
Eunice,3.5302090783146958,44.66666666666666,True
Eunice,2.0807329144659783,7.95,True
Eunice,2.3619127266450675,0.0666666666666666,True
Eunice,2.3703221671194523,7.033333333333333,True
Eunice,2.377629082867528,33.25,True
Eunice,2.610017280651865,3.216666666666667,True
Eunice,1.2946996238566169,28.7,True
Eunice,2.309158030172032,21.166666666666668,True
Eunice,1.316120965417802,56.25,True
Eunice,3.1392172787681965,78.0,True
Eunice,2.2446859731453705,31.83333333333333,True
Eunice,3.8091747187671445,95.75,True
Eunice,2.2906233234551325,100.03333333333332,True
Eunice,3.9568435892653855,23.85,True
Eunice,4.194183467595464,53.61666666666667,True
Eunice,3.9869125686989517,6.666666666666667,True
Eunice,2.7785495141129073,5.233333333333333,True
Eunice,3.5671908981839535,3.283333333333333,True
Eunice,3.1604401136260805,7.433333333333334,True
Eunice,2.5546094216152504,27.15,True
Eunice,1.8799829311523435,38.66666666666666,True
Eunice,1.8051925571384475,21.216666666666665,True
Eunice,1.355482732916929,84.65,True
Eunice,3.107301664536584,24.48333333333333,True
Eunice,2.8916854797057256,47.36666666666667,True
Eunice,2.391816575183317,94.35,True
Eunice,2.223280169234331,76.16666666666667,True
Eunice,2.462061290570012,98.25,True
Eunice,3.666086960384576,73.75,True
Eunice,2.19250822255732,20.33333333333333,True
Eunice,3.284378044148786,76.86666666666666,True
Eunice,1.6112633844074031,24.183333333333334,True
Eunice,3.004482128726654,55.266666666666666,True
Eunice,3.499049604187215,104.3,True
Eunice,1.6853350966368636,4.383333333333334,True
Eunice,3.348855825713042,29.133333333333333,True
Eunice,2.692261920251154,43.41666666666666,True
Eunice,4.044521722966889,92.93333333333334,True
Eunice,3.661900850552991,25.85,True
Eunice,2.2430681324273944,236.66666666666663,False
Eunice,2.2337329307407243,0.95,True
Eunice,2.5560802500434154,19.4,True
Eunice,1.7538116110492286,18.9,True
Eunice,2.694027154982347,77.9,True
Eunice,2.175127712321632,3.65,True
Eunice,2.6384679241682694,69.63333333333334,True
Eunice,2.6287061731774393,23.33333333333333,True
Eunice,2.047670186286575,21.35,True
Eunice,3.005536893856124,526.1666666666666,False
Eunice,2.592735506935198,18.633333333333333,True
Eunice,2.598343037651357,27.166666666666668,True
Eunice,2.4977918244885036,93.31666666666666,True
Eunice,2.703386427746849,38.61666666666667,True
Eunice,2.180264785008789,63.31666666666667,True
Eunice,1.8433414303935167,54.41666666666666,True
Eunice,2.6223131200274947,141.21666666666667,True
Eunice,2.0070572715153507,67.31666666666666,True
Eunice,2.159594384191273,64.13333333333334,True
Eunice,2.0536711137740062,23.716666666666665,True
Eunice,2.754216184817846,16.733333333333334,True
Eunice,2.881047553459094,52.31666666666667,True
Eunice,2.7454940921102144,21.1,True
Eunice,2.2107304678237107,3.533333333333333,True
Eunice,2.418269223258099,96.16666666666669,True
Eunice,3.039454876982688,21.53333333333333,True
Eunice,2.5893141868914133,10.9,True
Eunice,2.6674787192244396,74.55,True
Eunice,3.295174109770522,30.133333333333333,True
Eunice,2.1223111123192564,121.88333333333334,True
Eunice,2.5822134195523767,42.833333333333336,True
Eunice,1.645759165019957,68.65,True
Eunice,2.1864003476605345,113.65,True
Eunice,2.4259428606817672,94.56666666666666,True
Eunice,1.0801321632579295,51.2,True
Eunice,0.9736417127644386,3.1333333333333333,True
Eunice,1.9215748688285441,73.68333333333334,True
Eunice,2.0767411244106575,22.816666666666663,True
Eunice,4.082690884704256,29.83333333333333,True
Eunice,1.7421026054014328,4.283333333333333,True
Eunice,2.3508922633623195,55.9,True
Eunice,2.0067681272091282,34.8,True
Eunice,2.172109358275488,68.31666666666666,True
Eunice,2.6191334667723702,4.433333333333334,True
Eunice,1.9269295324935964,75.85,True
Eunice,1.5464167569520615,149.31666666666666,True
Eunice,1.3400910980898024,24.7,True
Eunice,2.8700836711978073,70.45,True
Eunice,1.893171871235331,2.3666666666666667,True
Eunice,1.3151588444304096,0.55,True
Eunice,1.422709012853541,63.25,True
Eunice,2.6619655790440713,50.333333333333336,True
Eunice,2.0710653972304613,30.5,True
Eunice,2.185322167082568,84.08333333333333,True
Eunice,1.989473123144226,55.43333333333333,True
Eunice,3.0372906185521895,77.48333333333333,True
Eunice,2.298884923890908,6.466666666666667,True
Eunice,2.8435070909549807,104.75,True
Eunice,1.6255916949629754,25.4,True
Eunice,2.7733473130352513,54.65,True
Eunice,2.6172566871031555,31.183333333333334,True
Eunice,3.2297294398736858,121.1,True
Eunice,1.2773763026880658,31.566666666666663,True
Eunice,2.768248496103633,37.0,True
Eunice,2.4777446543967003,57.9,True
Eunice,2.6969147696555376,50.38333333333333,True
Eunice,2.498352488933889,4.833333333333333,True
Eunice,2.068394414812722,9.116666666666667,True
Eunice,2.7312984260038706,4.05,True
Eunice,2.0758376500147193,12.25,True
Eunice,2.2024126425090507,177.56666666666666,True
Eunice,2.169609008721627,2.4166666666666665,True
Eunice,2.811692416906237,77.61666666666666,True
Eunice,2.5692286795513026,1.0,True
Eunice,2.7659904805956574,92.7,True
Eunice,3.789762691308207,173.03333333333333,True
Eunice,3.0343242491262,120.58333333333331,True
Eunice,2.6540246378082277,148.28333333333333,True
Eunice,2.1242209672966017,25.166666666666668,True
Eunice,3.1971971576136724,46.98333333333333,True
Eunice,3.7563925536297478,27.2,True
Eunice,3.3578251134457116,51.083333333333336,True
Eunice,0.7693454991263315,2.4833333333333334,True
Eunice,2.2415648124617285,38.78333333333333,True
Eunice,1.7854200765862667,28.966666666666665,True
Eunice,2.585880661447895,24.73333333333333,True
Eunice,2.6575990808980245,95.06666666666666,True
Eunice,3.367568191972332,18.966666666666665,True
Eunice,2.8817396056006808,22.0,True
Eunice,2.250905866442296,67.25,True
Eunice,2.1352969767338785,1.7333333333333334,True
Eunice,2.272355786359971,30.65,True
Eunice,1.0735664702939398,12.016666666666667,True
Eunice,1.8197470551192214,0.55,True
Eunice,2.2128887302375437,22.03333333333333,True
Eunice,2.4587247568157347,10.333333333333334,True
Eunice,2.588060411203518,8.633333333333333,True
Eunice,3.597410139521956,94.75,True
Eunice,3.8228393229385973,120.98333333333332,True
Eunice,2.5549297615165187,135.55,True
Eunice,2.8094467103980567,50.55,True
Eunice,2.3321473333456644,22.166666666666668,True
Eunice,1.7832367892622278,72.18333333333334,True
Eunice,1.9977348384523672,26.0,True
Eunice,2.0599945387567327,28.75,True
Eunice,1.71714412034536,1.0,True
Eunice,2.3851949992721493,1.0333333333333334,True
Eunice,1.8693784050551836,3.983333333333333,True
Eunice,1.892501318249298,15.416666666666666,True
Eunice,2.813760509579077,20.8,True
Eunice,2.4565947304314326,78.71666666666667,True
Eunice,2.779401733583288,50.16666666666666,True
Eunice,2.6082011616655585,459.1666666666667,False
Eunice,2.3316607094953663,49.05,True
Eunice,2.3939428521451704,123.33333333333331,True
Eunice,2.5845834222238095,14.483333333333333,True
Eunice,1.7524035038278425,0.0833333333333333,True
Eunice,3.6870382681625715,11.65,True
Eunice,1.8158706391715953,117.0,True
Eunice,2.5355226830371267,0.3666666666666666,True
Eunice,1.934806800689939,7.966666666666667,True
Eunice,1.6017308720496481,0.5166666666666667,True
Eunice,1.6083590770003025,4.366666666666666,True
Eunice,2.659488087486612,3.316666666666667,True
Eunice,1.4427096738227834,7.416666666666667,True
Eunice,2.8750391675255123,0.0666666666666666,True
Eunice,2.060378816301283,102.95,True
Eunice,2.437969713873484,48.56666666666667,True
Eunice,3.3039096713848863,10.566666666666666,True
Eunice,2.4332550984443344,1.7166666666666666,True
Eunice,1.1488541765918718,58.083333333333336,True
Eunice,2.3033372657502986,53.41666666666666,True
Eunice,0.6493065775115381,0.5833333333333334,True
Eunice,2.8767899689980974,0.2166666666666666,True
Eunice,1.2138124493984288,9.666666666666666,True
Eunice,3.3541511499005408,3.65,True
Eunice,2.3004860152769884,5.6,True
Eunice,2.2867790330026643,55.75,True
Eunice,3.29854240401326,9.266666666666667,True
Eunice,2.630496881342427,20.683333333333334,True
Eunice,3.9088291492720617,29.066666666666663,True
Eunice,2.0622198175286686,4.566666666666666,True
Eunice,1.895081537442174,11.083333333333334,True
Eunice,2.671978964726928,118.83333333333331,True
Eunice,3.6297682189992853,119.1,True
Eunice,2.5440944466553677,25.216666666666665,True
Eunice,2.4530599995273232,7.0,True
Eunice,2.5871918630263555,284.93333333333334,False
Eunice,3.7658767658393884,25.33333333333333,True
Eunice,2.029835387340682,1.3333333333333333,True
Eunice,2.1208710330040694,22.383333333333333,True
Eunice,1.1267428124108483,27.55,True
Eunice,2.441127025673874,18.7,True
Eunice,2.3891449928202446,91.4,True
Eunice,2.4607730921941307,74.78333333333333,True
Eunice,2.4372834285279654,77.08333333333333,True
Eunice,3.304951805750958,6.316666666666666,True
Eunice,1.4874570607697841,28.4,True
Eunice,3.0244490547366976,95.96666666666668,True
Eunice,1.6880605841263419,27.25,True
Eunice,2.3692989836753755,72.26666666666667,True
Eunice,2.8516006123265463,10.15,True
Eunice,3.827777861222862,32.46666666666667,True
Eunice,2.4423648021412596,119.28333333333332,True
Eunice,3.2062739125301563,0.8333333333333334,True
Eunice,3.5082481606131526,45.9,True
Eunice,3.115206335808654,98.81666666666666,True
Eunice,3.1108967959251026,105.06666666666666,True
Eunice,2.086317408006172,1.0,True
Eunice,3.5340148031575396,51.15,True
Eunice,3.277240464581316,20.58333333333333,True
Eunice,3.5991966998226266,106.46666666666668,True
Eunice,4.167461885840662,104.2,True
Eunice,3.933418791682212,98.16666666666669,True
Eunice,3.750832243862677,7.4,True
Eunice,2.5583715194457164,74.05,True
Eunice,3.8132210936865314,174.28333333333333,True
Eunice,2.4751796556715076,113.43333333333334,True
Eunice,2.8241237631498155,22.816666666666663,True
Eunice,3.710022544976814,83.86666666666666,True
Eunice,2.7899376091020796,67.85,True
Eunice,2.98584413105671,75.63333333333334,True
Eunice,2.717628989471112,0.7166666666666667,True
Eunice,3.3874677318041604,48.56666666666667,True
Eunice,3.969473364519434,101.58333333333331,True
Eunice,2.2829196196080166,73.41666666666667,True
Eunice,2.8624177750745536,16.05,True
Eunice,3.7823348499017198,30.05,True
Eunice,2.7305151960478087,92.71666666666668,True
Eunice,3.3871663121477145,117.68333333333334,True
Eunice,2.590822828598155,27.416666666666668,True
Eunice,2.1927722030887553,93.5,True
Eunice,2.5397068755513255,119.33333333333331,True
Eunice,2.4062772689893217,100.38333333333334,True
Eunice,2.3910926819925598,56.9,True
Eunice,2.9033908838247746,167.46666666666667,True
Eunice,2.0211703998086663,127.03333333333332,True
Eunice,2.093557007761322,112.7,True
Eunice,1.5011409708609544,4.066666666666666,True
Eunice,2.625687886675013,134.03333333333333,True
Eunice,2.4142214445963543,107.63333333333334,True
Eunice,2.082184372168611,5.816666666666666,True
Eunice,1.961717880583646,121.7,True
Eunice,2.448966754472773,125.28333333333332,True
Eunice,1.0353024906675892,0.4166666666666667,True
Eunice,0.8745560309790694,74.46666666666667,True
Eunice,2.0222139793876277,130.1,True
Eunice,2.170391795197906,126.2,True
Eunice,1.842689029167545,22.166666666666668,True
Eunice,2.014994590150392,59.11666666666667,True
Eunice,1.8575383906849277,0.65,True
Eunice,2.473840125971968,101.45,True
Eunice,2.5553581875634896,65.75,True
Eunice,1.9653342006293169,0.5666666666666667,True
Eunice,2.2955075814428123,4.116666666666666,True
Eunice,1.7898229097253509,5.4,True
Eunice,1.9280775770706822,5.45,True
Eunice,3.749671724467286,29.6,True
Eunice,3.850698748231859,95.55,True
Eunice,1.9834879713226166,22.916666666666668,True
Eunice,2.172109358275488,67.26666666666667,True
Eunice,3.261563960845454,47.23333333333333,True
Eunice,2.2131979353828677,4.266666666666667,True
Eunice,3.0492029533213243,98.9,True
Eunice,1.5342048732469686,29.866666666666667,True
Eunice,2.5887197013058274,14.683333333333334,True
Eunice,2.057998765418335,19.933333333333334,True
Eunice,3.111966746313847,7.016666666666667,True
Eunice,3.2824228993675435,100.65,True
Eunice,3.397108558566124,30.03333333333333,True
Eunice,3.3928806125715014,173.38333333333333,True
Eunice,3.0039761823037407,94.66666666666669,True
Eunice,1.1582462006305885,77.36666666666666,True
Eunice,1.6004528485294698,5.683333333333334,True
Eunice,1.6192930933443608,49.45,True
Eunice,2.400949680522964,8.966666666666667,True
Eunice,2.551215010619614,24.1,True
Eunice,2.0172123648936204,24.416666666666668,True
Eunice,1.3487757694183415,26.116666666666667,True
Eunice,2.0480240357923414,24.366666666666667,True
Eunice,2.5060334755181723,81.83333333333333,True
Eunice,1.8716739733887484,1.2833333333333334,True
Eunice,2.1817466507514287,0.1166666666666666,True
Eunice,2.1241315255050903,1.7,True
Eunice,1.790101269825646,0.05,True
Eunice,0.7348224473441223,28.15,True
Eunice,3.731523131183224,30.116666666666667,True
Eunice,2.8779233168764784,78.48333333333333,True
Eunice,1.8774161587230236,34.63333333333333,True
Eunice,1.9215748688285441,8.65,True
Eunice,2.1412871432490563,49.21666666666667,True
Eunice,3.568571297791192,27.3,True
Eunice,3.8412464620902123,27.716666666666665,True
Eunice,3.363817873661148,0.1666666666666666,True
Eunice,1.7324134288423256,4.216666666666667,True
Eunice,3.3132989840543123,51.46666666666667,True
Eunice,2.556721358673929,100.03333333333332,True
Eunice,2.3603068595676953,28.98333333333333,True
Eunice,2.79293430213093,48.56666666666667,True
Eunice,2.5739096966625934,0.1333333333333333,True
Eunice,4.088485937789612,6.683333333333334,True
Eunice,2.657920128597732,90.7,True
Eunice,3.8660955448942724,3.3,True
Eunice,2.4664868116524916,102.08333333333331,True
Eunice,3.7118670758209205,23.566666666666663,True
Eunice,2.4032836608248305,33.06666666666667,True
Eunice,2.937876216601326,5.65,True
Eunice,2.8534307258774327,23.2,True
Eunice,3.365197525189119,91.98333333333332,True
Eunice,4.445107222745934,23.966666666666665,True
Eunice,3.9340004885917055,70.93333333333334,True
Eunice,3.375828521995507,95.73333333333332,True
Eunice,2.576897742760828,97.66666666666669,True
Eunice,2.141408711348572,48.083333333333336,True
Eunice,1.0613112552371997,2.1166666666666667,True
Eunice,2.785648918910415,156.3,True
Eunice,3.7636805397134316,146.5,True
Eunice,2.332666633713121,101.4,True
Eunice,2.197055104879973,67.08333333333333,True
Eunice,1.6681055375044527,119.41666666666669,True
Eunice,2.3408680448937003,119.51666666666668,True
Eunice,2.40254584098467,126.76666666666668,True
Eunice,3.8697888910961864,197.01666666666668,False
Eunice,1.7157437883005284,1.0,True
Eunice,2.2395422110130387,49.45,True
Eunice,3.5724534480275243,122.91666666666669,True
Eunice,3.880877860570093,76.8,True
Eunice,2.4733209303148462,3.033333333333333,True
Eunice,2.186443177645248,7.9,True
Eunice,2.4234966708220034,96.38333333333334,True
Eunice,2.416785273751436,4.466666666666667,True
Eunice,2.2367449677105986,95.41666666666669,True
Eunice,1.8789102924567274,25.95,True
Eunice,2.320294090012362,43.7,True
Eunice,2.5811716272143688,25.48333333333333,True
Eunice,2.399638295952838,21.416666666666668,True
Eunice,2.056423608649764,4.35,True
Eunice,2.7077902110147365,17.083333333333332,True
Eunice,2.1450702564094866,18.4,True
Eunice,3.5624608933459987,95.23333333333332,True
Eunice,2.54273586397885,4.533333333333333,True
Eunice,2.1037552990593094,624.05,False
Eunice,1.5258835218990308,6.783333333333333,True
Eunice,2.4908717959172764,2.466666666666667,True
Eunice,2.2328836900411178,4.583333333333333,True
Eunice,2.071416043471381,4.35,True
Eunice,2.2080950129981773,102.1,True
Eunice,2.811149873464369,2.9,True
Eunice,3.0744158439335694,51.516666666666666,True
Eunice,2.04021406289241,24.5,True
Eunice,2.537566302353977,45.516666666666666,True
Eunice,1.8677833284005094,29.3,True
Eunice,2.8552058768200324,93.35,True
Eunice,3.0079912794512036,91.88333333333334,True
Eunice,3.694879648301702,76.68333333333334,True
Eunice,3.4798138411362536,167.58333333333334,True
Eunice,2.8620744561065905,96.28333333333332,True
Eunice,2.3495638704100896,27.633333333333333,True
Eunice,2.7703584008833,17.4,True
Eunice,3.61070615037721,79.23333333333333,True
Eunice,2.504746788275321,77.21666666666667,True
Eunice,1.630359944679577,106.31666666666666,True
Eunice,2.931470340272009,5.933333333333334,True
Eunice,2.7827499264138402,100.1,True
Eunice,1.3997067677586321,4.6,True
Eunice,2.7370729627223085,19.6,True
Eunice,1.6715911039454363,65.05,True
Eunice,2.6673292274812246,47.61666666666667,True
Eunice,1.3291031877768724,17.183333333333334,True
Eunice,1.6428963299647443,3.3,True
Eunice,1.2517609060741162,0.6833333333333333,True
Eunice,1.590980457202727,21.933333333333334,True
Eunice,1.7237605939486478,0.1666666666666666,True
Eunice,3.579893253314782,146.08333333333334,True
Eunice,1.1116339084992448,46.73333333333333,True
Eunice,2.0118482840040244,1.1166666666666667,True
Eunice,2.144469447037332,8.516666666666667,True
Eunice,2.407535940983807,9.85,True
Eunice,2.525731701022983,2.783333333333333,True
Eunice,2.835333515546192,1.3333333333333333,True
Eunice,2.6577576572991743,27.58333333333333,True
Eunice,2.528230303673649,27.616666666666667,True
Eunice,2.1280396227525316,0.5333333333333333,True
Eunice,4.461037956633332,74.11666666666666,True
Eunice,2.0770063612810477,31.516666666666666,True
Eunice,1.9300580236145881,27.83333333333333,True
Eunice,2.71238829031345,7.833333333333333,True
Eunice,2.864128093109582,52.25,True
Eunice,2.835809444986946,90.35,True
Eunice,2.1630529877418465,77.2,True
Eunice,3.090409278551639,71.71666666666667,True
Eunice,3.200122708140145,100.6,True
Eunice,2.079761758243947,13.483333333333333,True
Eunice,1.7832367892622278,55.516666666666666,True
Eunice,2.150948764701109,7.316666666666666,True
Eunice,2.535456132867721,49.28333333333333,True
Eunice,2.441190574262923,49.45,True
Eunice,2.3284540985766835,20.8,True
Eunice,1.2945115007602166,5.266666666666667,True
Eunice,1.868090991423714,99.4,True
Eunice,2.283813266792851,3.05,True
Eunice,4.0503255559604545,30.133333333333333,True
Eunice,1.981437750755749,17.283333333333335,True
Eunice,2.632347014306111,2.85,True
Eunice,1.81981873989193,2.9833333333333334,True
Eunice,2.477950326375516,6.433333333333334,True
Eunice,3.0694350810473634,74.38333333333334,True
Eunice,2.715974445901846,119.6,True
Eunice,2.639733984515175,1.2166666666666666,True
Eunice,1.7267327839286841,1.0,True
Eunice,2.1926039911737205,5.7,True
Eunice,2.2982674418078797,25.666666666666668,True
Eunice,1.2942162137443962,37.43333333333333,True
Eunice,2.1926991108454477,87.15,True
Eunice,3.1882496306100703,17.6,True
Eunice,2.0869460950945684,65.45,True
Eunice,2.1820193896921967,0.9,True
Eunice,2.8251936864850316,1079.6833333333334,False
Eunice,3.6456094684227063,20.55,True
Eunice,3.693135644026078,98.58333333333331,True
Eunice,2.848502330362448,89.61666666666666,True
Eunice,2.074992604643903,0.1666666666666666,True
Eunice,2.631551998666001,46.266666666666666,True
Eunice,1.1655066201690139,20.8,True
Eunice,3.222228189952061,28.05,True
Eunice,2.2108124207195257,15.283333333333331,True
Eunice,1.956512479553013,0.1333333333333333,True
Eunice,2.3409783852233477,1.0833333333333333,True
Eunice,3.329801920455188,199.85,False
Eunice,2.8251936864850316,0.1666666666666666,True
Eunice,2.03063117049168,45.266666666666666,True
Eunice,1.966729789508778,23.883333333333333,True
Eunice,2.438424036579338,21.916666666666668,True
Eunice,0.4843619776764981,0.5,True
Eunice,1.9870387458460808,101.53333333333332,True
Eunice,2.5830306691928135,45.11666666666667,True
Eunice,2.4736236241503415,17.766666666666666,True
Eunice,2.222786975280605,17.716666666666665,True
Eunice,2.9412910405427946,74.35,True
Eunice,1.1925038221792623,3.3666666666666667,True
Eunice,2.835158562416541,30.9,True
Eunice,2.214997849273727,11.35,True
Eunice,2.5094202017281435,25.216666666666665,True
Eunice,2.8468954621417857,4.35,True
Eunice,1.8923243056087482,0.05,True
Eunice,2.2636746568780817,52.96666666666667,True
Eunice,3.6759851787808406,78.61666666666666,True
Eunice,3.799749984959472,78.75,True
Eunice,3.879805724775818,117.75,True
Eunice,3.841964226146372,20.883333333333333,True
Eunice,3.4184893738004742,6.283333333333333,True
Eunice,2.770444431388292,29.933333333333334,True
Eunice,3.4083620449363043,7.333333333333333,True
Eunice,2.917311813264927,26.166666666666668,True
Eunice,3.6967730048854315,68.93333333333334,True
Eunice,3.033221615868394,97.95,True
Eunice,3.262875923277434,2.2333333333333334,True
Eunice,3.1565420028287683,121.68333333333334,True
Eunice,2.612899615494935,86.03333333333333,True
Eunice,3.703614758908928,99.96666666666668,True
Eunice,2.8223079832932503,210.56666666666663,False
Eunice,2.9237709383682495,105.13333333333334,True
Eunice,3.609154658793151,22.683333333333334,True
Eunice,2.4984545479417286,88.1,True
Eunice,2.2516932883139305,89.0,True
Eunice,2.8258994636312265,21.133333333333333,True
Eunice,2.4025219610190507,26.016666666666666,True
Eunice,2.6416799583235338,55.516666666666666,True
Eunice,2.6836709748284253,67.75,True
Eunice,3.232675507086927,22.883333333333333,True
Eunice,4.00054752374666,100.48333333333332,True
Eunice,2.5126239161439834,47.03333333333333,True
Eunice,2.1125698922572975,93.08333333333331,True
Eunice,2.3546642827974402,313.68333333333334,False
Eunice,1.3454522003929636,15.6,True
Eunice,1.8464886207226179,14.383333333333333,True
Eunice,2.4725282013728833,35.18333333333333,True
Eunice,1.8908105347827486,2.716666666666667,True
Eunice,1.9006490200140795,0.1666666666666666,True
Eunice,2.5908265278627485,79.48333333333333,True
Eunice,2.66329415057073,125.9,True
Eunice,2.366593838595632,153.2,True
Eunice,2.7129669807358474,120.25,True
Eunice,3.6136577845703997,96.11666666666666,True
Eunice,2.081537219672525,19.416666666666668,True
Eunice,2.014947880902813,99.78333333333332,True
Eunice,2.733825715532244,84.21666666666667,True
Eunice,2.6340047965156184,141.1,True
Eunice,2.039626392823083,13.766666666666667,True
Eunice,2.31653829375717,123.33333333333331,True
Eunice,2.5406043847035673,124.45,True
Eunice,1.9646611688926663,73.66666666666667,True
Eunice,2.2120164866875367,9.5,True
Eunice,2.199855593688525,139.28333333333333,True
Eunice,2.0687297665601427,3.983333333333333,True
Eunice,3.3270332110513268,119.83333333333331,True
Eunice,2.501081728109013,95.71666666666668,True
Eunice,3.3913870689861803,72.35,True
Eunice,2.936484833284815,75.26666666666667,True
Eunice,1.5013692793245972,53.88333333333333,True
Eunice,3.3746230082835584,76.28333333333333,True
Eunice,2.432030175619658,79.78333333333333,True
Eunice,2.694504183136748,21.95,True
Eunice,2.172047576344392,1.0,True
Eunice,2.7248849944848224,99.9,True
Eunice,3.206601163956048,73.8,True
Eunice,2.751975231811761,24.75,True
Eunice,2.3907184655660143,47.86666666666667,True
Eunice,3.3519282353742867,69.31666666666666,True
Eunice,1.7793455467102746,119.3,True
Eunice,2.3651611060338236,2.1666666666666665,True
Eunice,3.5504653042881302,47.86666666666667,True
Eunice,2.669782422367661,1.5333333333333334,True
Eunice,3.485756695280117,121.81666666666666,True
Eunice,2.8324406812855103,69.85,True
Eunice,3.2546951154393082,57.28333333333333,True
Eunice,3.043817466830006,24.416666666666668,True
Eunice,2.467183984023303,4.833333333333333,True
Eunice,1.8677833284005094,29.3,True
Eunice,2.2048322790301285,3.033333333333333,True
Eunice,2.078853738075745,4.65,True
Eunice,1.7230210731489815,1.4,True
Eunice,2.604551794264494,0.75,True
Eunice,2.320200196910384,8.1,True
Eunice,2.8755141007617424,2.4,True
Eunice,2.0655057740632397,0.0666666666666666,True
Eunice,2.1342496281857364,6.45,True
Eunice,3.18917209891586,71.45,True
Eunice,2.3301111165763895,59.66666666666666,True
Eunice,2.628059529041937,0.1333333333333333,True
Eunice,3.3404824154811723,89.46666666666667,True
Eunice,3.0962027723257775,103.95,True
Eunice,2.1751796526926572,73.7,True
Eunice,2.658386572749625,48.16666666666666,True
Eunice,3.3369847616719555,7.75,True
Eunice,3.4484059711272135,73.88333333333334,True
Eunice,2.0738396320301082,76.08333333333333,True
Eunice,2.7879149911470065,14.9,True
Eunice,2.9635290330001953,51.3,True
Eunice,2.468703559599932,55.18333333333333,True
Eunice,2.795236118855113,67.66666666666667,True
Eunice,1.8204614639065932,1.0,True
Eunice,2.138953408749103,107.13333333333334,True
Eunice,2.0514423739877654,0.1666666666666666,True
Eunice,3.613680569148326,102.35,True
Eunice,3.55436116557774,164.2,True
Eunice,2.515026839174236,1.9,True
Eunice,2.473076846305274,2.3666666666666667,True
Eunice,2.785465709457926,1.4333333333333331,True
Eunice,3.6918467187829522,262.8833333333333,False
Eunice,4.189646256557628,0.2,True
Eunice,3.4798730792550456,46.46666666666667,True
Eunice,3.603785303543542,24.8,True
Eunice,3.4718032505926644,50.2,True
Eunice,2.482174216361576,17.316666666666666,True
Eunice,2.883820084353311,0.15,True
Eunice,2.175240302828343,2.7333333333333334,True
Eunice,2.7604825022377497,48.266666666666666,True
Eunice,2.3634660437957846,96.5,True
Eunice,2.12289888535183,52.15,True
Eunice,2.5991521508646547,23.7,True
Eunice,2.600386805744661,28.55,True
Eunice,2.9019623460526995,27.15,True
Eunice,2.614651381033062,0.4166666666666667,True
Eunice,2.7087849274216023,7.316666666666666,True
Eunice,3.5962819131719335,50.78333333333333,True
Eunice,2.2212566465573684,76.28333333333333,True
Eunice,2.901142362639249,40.25,True
Eunice,2.165931567101861,48.61666666666667,True
Eunice,2.767833398882119,111.23333333333332,True
Eunice,2.996602041450085,115.58333333333331,True
Eunice,2.299497656824071,28.78333333333333,True
Eunice,1.0275220710732746,29.016666666666666,True
Eunice,1.6896804288365492,10.35,True
Eunice,2.353170126575224,91.26666666666668,True
Eunice,2.230300566470959,94.46666666666668,True
Eunice,2.0335864082032247,98.18333333333334,True
Eunice,1.833660108229321,51.68333333333333,True
Eunice,1.7267327839286841,1.0,True
Eunice,1.601739156403146,1.4166666666666667,True
Eunice,2.487352358730442,9.733333333333333,True
Eunice,2.314064586174856,0.7666666666666667,True
Eunice,1.7937896208001154,6.016666666666667,True
Eunice,2.0405566411328344,5.3,True
Eunice,2.2788031096768018,12.766666666666667,True
Eunice,2.1217103687529173,0.5333333333333333,True
Eunice,1.7515792636850318,78.5,True
Eunice,2.6854628811921923,4.533333333333333,True
Eunice,3.065635424204956,34.733333333333334,True
Eunice,2.482266148489519,47.85,True
Eunice,2.4894094114011356,50.9,True
Eunice,3.3550382260701337,6.433333333333334,True
Eunice,2.8386787631029473,77.35,True
Eunice,3.982387838311013,101.85,True
Eunice,2.877066074808275,5.066666666666666,True
Eunice,3.220390965182393,24.266666666666666,True
Eunice,3.9682817794274676,22.766666666666666,True
Eunice,3.3105451871664,71.43333333333334,True
Eunice,2.8427637004622173,101.58333333333331,True
Eunice,4.246803779735172,21.183333333333334,True
Eunice,3.6309993377469914,50.71666666666667,True
Eunice,3.4302415194418523,75.93333333333334,True
Eunice,2.3150736362923543,1.2333333333333334,True
Eunice,1.7267327839286841,1.0,True
Eunice,1.7288350690358756,1.0,True
Eunice,2.03865814684287,23.433333333333334,True
Eunice,2.5087016233525703,0.9,True
Eunice,1.5547135738819753,0.9,True
Eunice,2.746201177320548,12.316666666666666,True
Eunice,2.4459817004123283,7.883333333333334,True
Eunice,2.0156167585974636,3.866666666666666,True
Eunice,3.336130233177793,5.933333333333334,True
Eunice,2.0568556382885106,4.283333333333333,True
Eunice,2.993518007843649,76.43333333333334,True
Eunice,2.938548476885346,8.4,True
Eunice,2.3271512230615845,13.133333333333333,True
Eunice,3.867296650416811,100.6,True
Eunice,3.281948466486105,101.21666666666668,True
Eunice,2.418112992537842,46.66666666666666,True
Eunice,3.2503484121874364,116.46666666666668,True
Eunice,3.036379993880232,119.73333333333332,True
Eunice,3.0380917161215146,102.23333333333332,True
Eunice,0.696213994636466,0.0833333333333333,True
Eunice,3.007520153342235,20.03333333333333,True
Eunice,2.7623017409864437,36.88333333333333,True
Eunice,1.8653839455250998,108.41666666666669,True
Eunice,1.858534409744203,56.05,True
Eunice,2.975046115752112,64.88333333333334,True
Eunice,2.550983717954696,99.7,True
Eunice,1.782452821511203,0.6333333333333333,True
Eunice,2.05508251437011,55.8,True
Eunice,2.158526770619199,0.65,True
Eunice,1.9745098223912871,33.25,True
Eunice,2.8434592288520415,1.7,True
Eunice,2.546914036974084,121.63333333333334,True
Eunice,2.25893140585261,112.65,True
Eunice,2.2439872469086226,138.55,True
Eunice,1.771070750218865,0.1666666666666666,True
Eunice,2.4555136296569717,5.1,True
Eunice,2.9776689879804983,5.05,True
Eunice,0.9009266831540825,2.6166666666666667,True
Eunice,2.6030741395359516,58.333333333333336,True
Eunice,2.191824803679788,163.85,True
Eunice,3.399259796120835,2.4,True
Eunice,3.4223964788817174,1.85,True
Eunice,3.5945215382599067,26.683333333333334,True
Eunice,4.227961026020247,25.133333333333333,True
Eunice,2.9061057018625114,9.616666666666667,True
Eunice,1.153323027717965,53.65,True
Eunice,2.5194324515546644,13.066666666666666,True
Eunice,2.3447425362402856,93.58333333333331,True
Eunice,3.3796634507715893,100.66666666666669,True
Eunice,4.578445110187545,119.78333333333332,True
Eunice,3.623292045898737,27.716666666666665,True
Eunice,1.3931334486581342,1.2666666666666666,True
Eunice,2.7633627932318707,22.266666666666666,True
Eunice,2.810140849931578,96.05,True
Eunice,2.5552399628441083,59.3,True
Eunice,2.655381409816142,21.4,True
Eunice,2.445588809364275,0.6166666666666667,True
Eunice,1.124480062122269,55.48333333333333,True
Eunice,2.876784806783727,120.45,True
Eunice,2.6625592949652144,95.31666666666666,True
Eunice,2.4954677453371015,5.416666666666667,True
Eunice,2.2496674681787745,122.38333333333334,True
Eunice,2.649010545911662,102.7,True
Eunice,2.2043118137388182,121.23333333333332,True
Eunice,2.3283133250962336,127.15,True
Eunice,1.945350099655849,33.233333333333334,True
Eunice,2.352568871498993,143.05,True
Eunice,2.542172906747601,88.3,True
Eunice,0.7110537346059718,0.55,True
Eunice,3.3504359494995737,116.41666666666669,True
Eunice,2.2204276137819106,116.46666666666668,True
Eunice,2.541033002580262,125.16666666666669,True
Eunice,3.579893253314782,148.43333333333334,True
Eunice,2.264077184934159,167.76666666666668,True
Eunice,2.497698556614352,122.3,True
Eunice,3.518238484039638,265.18333333333334,False
Eunice,1.9227026934171614,4.966666666666667,True
Eunice,2.6875743076012166,10.066666666666666,True
Eunice,1.9567047522084557,5.55,True
Eunice,2.3561841971812845,23.6,True
Eunice,3.0029190547406985,101.25,True
Eunice,2.9958339850071702,3.183333333333333,True
Eunice,3.2767394595640034,48.333333333333336,True
Eunice,1.6230783086556257,1.0,True
Eunice,3.723652913515252,8.183333333333334,True
Eunice,2.346404143776795,49.36666666666667,True
Eunice,2.734362559708338,1.7166666666666666,True
Eunice,2.4565947304314326,193.0,False
Eunice,2.738586355414156,8.566666666666666,True
Eunice,1.9134364199050455,23.8,True
Eunice,2.5204302866293884,4.916666666666667,True
Eunice,2.5484644457755765,8.5,True
Eunice,1.9870387458460808,75.48333333333333,True
Eunice,2.5482184344882315,27.15,True
Eunice,3.588150153442804,7.1,True
Eunice,2.714772990829033,0.2,True
Eunice,2.49259276287296,117.4,True
Eunice,1.5548897061189295,0.5833333333333334,True
Eunice,2.207772410550312,85.15,True
Eunice,2.3137788016344567,74.05,True
Eunice,2.4865588569040744,36.36666666666667,True
Eunice,2.7826862615321146,23.916666666666668,True
Eunice,2.2100991737474276,34.983333333333334,True
Eunice,1.9557494906494164,112.68333333333334,True
Eunice,2.4590832432136294,17.85,True
Eunice,3.186404305076144,30.45,True
Eunice,3.186404305076144,30.45,True
Eunice,1.6528511664683052,1.0,True
Eunice,2.6812660274487823,74.18333333333334,True
Eunice,1.7089250391754967,1.0,True
Eunice,2.618581729776736,526.1666666666666,False
Eunice,2.6918801258010414,70.4,True
Eunice,3.95838888251327,47.68333333333333,True
Eunice,2.9227563002952746,122.08333333333331,True
Eunice,3.620381130107164,49.21666666666667,True
Eunice,2.6678848866423297,141.73333333333332,True
Eunice,2.8678201487281667,219.35,False
Eunice,2.653334234289618,97.25,True
Eunice,1.9215748688285441,59.4,True
Eunice,2.4725282013728833,35.18333333333333,True
Eunice,2.3495638704100896,72.41666666666667,True
Eunice,2.537006526631026,52.15,True
Eunice,2.0958614323941673,123.05,True
Eunice,2.6010269511103785,93.75,True
Eunice,2.9166779719554694,125.0,True
Eunice,3.4677649533274173,118.76666666666668,True
Eunice,3.4386453311085385,29.3,True
Eunice,3.228803108048718,4.033333333333333,True
Eunice,2.5340514320856857,120.31666666666666,True
Eunice,2.6264156708036466,1.1333333333333333,True
Eunice,2.1344779047222935,14.766666666666667,True
Eunice,2.151763305769288,3.0,True
Eunice,1.70298857991412,1.0,True
Eunice,2.4522008620306894,123.01666666666668,True
Eunice,3.811901303495471,104.08333333333331,True
Eunice,2.500932733457805,97.61666666666666,True
Eunice,2.2067546021950495,27.133333333333333,True
Eunice,1.975533836795144,117.25,True
Eunice,3.3814001420454627,47.6,True
Eunice,1.7816891127934464,51.43333333333333,True
Eunice,3.0339016592751014,118.15,True
Eunice,3.6557408187253126,168.6,True
Eunice,2.460705914194905,117.13333333333334,True
Eunice,3.443837491066293,165.71666666666667,True
Eunice,2.422890746256975,0.1666666666666666,True
Eunice,1.9684279795418445,76.33333333333333,True
Eunice,2.6563988438775383,87.68333333333334,True
Eunice,2.663206157594006,97.95,True
Eunice,2.8405487098599944,1.3,True
Eunice,2.3511015848652796,49.266666666666666,True
Eunice,2.939489414896468,51.18333333333333,True
Eunice,1.8901681748482775,4.666666666666667,True
Eunice,2.566021028547067,5.533333333333333,True
Eunice,2.0270825295181467,49.96666666666667,True
Eunice,2.0968262981939563,24.65,True
Eunice,2.8761389658722014,5.466666666666667,True
Eunice,2.495923817631624,0.35,True
Eunice,1.782134518984315,0.6166666666666667,True
Eunice,3.325273463688709,20.366666666666667,True
Eunice,3.3105451871664,102.61666666666666,True
Eunice,2.016519572749204,97.38333333333334,True
Eunice,4.130019324198966,57.9,True
Eunice,2.667692510777262,113.4,True
Eunice,2.65277694275603,98.76666666666668,True
Eunice,2.2695842161366797,141.98333333333332,True
Eunice,3.4347780040215117,123.25,True
Eunice,2.8894525572708014,57.083333333333336,True
Eunice,2.173260240685852,108.56666666666666,True
Eunice,2.9573559221453793,81.56666666666666,True
Eunice,2.952176858394343,42.833333333333336,True
Eunice,2.5457298803745645,47.1,True
Eunice,1.9604254124353762,0.1666666666666666,True
Eunice,2.9271802060731598,10.216666666666669,True
Eunice,1.8659324408158795,126.98333333333332,True
Eunice,1.895081537442174,11.083333333333334,True
Eunice,2.0084385749666063,2.583333333333333,True
Eunice,2.6674787192244396,65.1,True
Eunice,2.871581903649707,577.3833333333333,False
Eunice,2.605052838945578,24.83333333333333,True
Eunice,2.4422847816533255,125.75,True
Eunice,2.7165544522147993,96.7,True
Eunice,1.7872643726883453,1.3,True
Eunice,1.8621656383659504,3.1666666666666665,True
Eunice,1.8680016339681738,1.0,True
Eunice,2.5079034049670046,27.65,True
Eunice,2.377629082867528,0.0666666666666666,True
Eunice,1.8000311977611172,3.3833333333333333,True
Eunice,1.168940563548127,29.3,True
Eunice,3.1259723085356175,56.333333333333336,True
Eunice,3.6297669072342615,24.83333333333333,True
Eunice,3.1926242331679426,73.23333333333333,True
Eunice,2.6859291088637804,117.86666666666666,True
Eunice,3.0374570347445786,0.3,True
Eunice,2.2983141002512317,3.05,True
Eunice,2.166071556349714,87.7,True
Eunice,3.0001023680989953,47.833333333333336,True
Eunice,2.737478483210983,92.58333333333331,True
Eunice,2.5767685082202227,92.1,True
Eunice,3.230029393196581,46.833333333333336,True
Eunice,2.620473312431772,46.36666666666667,True
Eunice,2.2711737507131975,17.316666666666666,True
Eunice,3.201214931630527,16.85,True
Eunice,2.4813304471093325,25.23333333333333,True
Eunice,3.172635214734026,17.95,True
Eunice,2.0981521384886443,110.46666666666668,True
Eunice,3.2236453214704404,45.583333333333336,True
Eunice,3.1837735762715162,25.466666666666665,True
Eunice,2.232614335389276,64.11666666666666,True
Eunice,2.0629172697505878,29.73333333333333,True
Eunice,1.9193098640249395,21.816666666666663,True
Eunice,2.4416566019390924,6.033333333333333,True
Eunice,1.1845761947781093,0.2,True
Eunice,2.7394691672831484,29.45,True
Eunice,2.0549353195320235,53.4,True
Eunice,2.701979005937816,27.15,True
Eunice,2.4591272123034327,20.266666666666666,True
Eunice,1.595072329758492,24.0,True
Eunice,2.1690691563418896,85.1,True
Eunice,2.870082042641011,124.05,True
Eunice,2.41012762217752,15.05,True
Eunice,2.183646873494753,23.75,True
Eunice,2.457832441081618,14.766666666666667,True
Eunice,2.550903317263434,5.933333333333334,True
Eunice,2.8306640306274504,25.0,True
Eunice,2.6085389343285184,102.6,True
Eunice,4.022191427041758,1.3666666666666667,True
Eunice,3.433904973536183,77.3,True
Eunice,3.036928856835387,7.733333333333333,True
Eunice,1.962427092474096,108.13333333333334,True
Eunice,2.5322524171422316,62.61666666666667,True
Eunice,2.8289347007873067,93.71666666666668,True
Eunice,2.6265418555912814,66.45,True
Eunice,2.6716580932412204,75.33333333333333,True
Eunice,3.3732191851371343,2.216666666666667,True
Eunice,3.4630855814754335,35.2,True
Eunice,3.6655877866158924,12.133333333333333,True
Eunice,2.332053551747544,91.18333333333334,True
Eunice,3.709679334668985,169.35,True
Eunice,3.7248266987644976,81.81666666666666,True
Eunice,2.196602372926138,82.48333333333333,True
Eunice,2.485108441065179,4.483333333333333,True
Eunice,3.1656900977998457,81.11666666666666,True
Eunice,1.9768631402117733,0.25,True
Eunice,2.7135540373996037,96.35,True
Eunice,2.7576023844248096,116.16666666666669,True
Eunice,2.3721384660815765,114.43333333333334,True
Eunice,2.209829758688183,102.03333333333332,True
Eunice,2.9065838889330005,15.533333333333331,True
Eunice,2.490197472010776,120.21666666666668,True
Eunice,1.7538602658416174,6.816666666666666,True
Eunice,1.9538347265881135,5.9,True
Eunice,2.079332815480328,22.15,True
Eunice,2.512864431375424,18.55,True
Eunice,1.8036452137146932,102.28333333333332,True
Eunice,2.625234912594515,6.933333333333334,True
Eunice,2.45494940383746,56.63333333333333,True
Eunice,2.8288114298198925,6.4,True
Eunice,3.5654581934831944,1.0833333333333333,True
Eunice,2.5940828295362732,79.03333333333333,True
Eunice,2.4591771313140995,1.1666666666666667,True
Eunice,2.5992470384694673,12.15,True
Eunice,2.8733398549063276,6.95,True
Eunice,0.9843415780997049,3.45,True
Eunice,3.2192678722690906,6.433333333333334,True
Eunice,2.112974477768318,114.96666666666668,True
Eunice,2.6063471534428317,126.98333333333332,True
Eunice,1.9332267648580392,62.41666666666666,True
Eunice,2.9672231097018806,32.083333333333336,True
Eunice,2.030227942074507,10.916666666666666,True
Eunice,1.878975515989443,292.51666666666665,False
Eunice,2.98603770680694,34.483333333333334,True
Eunice,3.0058759796682577,0.9333333333333332,True
Eunice,1.7214018001196298,0.5166666666666667,True
Eunice,3.4551123405489683,5.083333333333333,True
Eunice,4.146121130907204,6.683333333333334,True
Eunice,3.7774821393975953,49.7,True
Eunice,3.905701768056103,76.63333333333334,True
Eunice,2.859717419187106,3.816666666666667,True
Eunice,4.006061657611288,19.65,True
Eunice,3.7277673215120886,6.366666666666666,True
Eunice,2.096723447637383,3.45,True
Eunice,2.5340514320856857,44.5,True
Eunice,2.6258483644299555,26.9,True
Eunice,3.5445760120971395,4.15,True
Eunice,2.096794594355191,15.55,True
Eunice,2.5875912613626415,20.883333333333333,True
Eunice,3.197821089994425,22.516666666666666,True
Eunice,3.7462710651077127,67.23333333333333,True
Eunice,1.4663569731419634,33.233333333333334,True
Eunice,2.493232578318608,0.6166666666666667,True
Eunice,2.5792072721406845,22.616666666666667,True
Eunice,2.6835626299201776,117.98333333333332,True
Eunice,3.7327782579288185,143.13333333333333,True
Eunice,3.017103609501194,118.81666666666666,True
Eunice,2.469881115407143,141.05,True
Eunice,2.0199475321301423,0.1666666666666666,True
Eunice,3.919029036643623,169.48333333333332,True
Eunice,2.5345012967647187,136.91666666666666,True
Eunice,2.4317391675808597,1.3833333333333333,True
Eunice,1.9701344077585625,27.2,True
Eunice,2.2395003954971444,71.23333333333333,True
Eunice,2.6288642626937926,64.5,True
Eunice,2.3974428402975008,79.8,True
Eunice,2.5695001491670464,1.7833333333333334,True
Eunice,2.868043835695448,5.416666666666667,True
Eunice,3.657326867136574,23.23333333333333,True
Eunice,2.823240154098164,24.5,True
Eunice,3.5674383201128603,74.75,True
Eunice,4.219212478120775,117.01666666666668,True
Eunice,2.8185169513401584,50.18333333333333,True
Eunice,3.677892691969094,244.56666666666663,False
Eunice,2.8197286323528066,23.916666666666668,True
Eunice,2.8770871259298394,9.966666666666669,True
Eunice,3.4870179120908973,116.25,True
Eunice,3.4994361588444534,45.7,True
Eunice,2.218572314901115,78.58333333333333,True
Eunice,2.9648191960731745,3.0166666666666666,True
Eunice,2.4537390953379212,96.2,True
Eunice,3.7288873009443138,168.26666666666668,True
Eunice,2.729163571904926,122.01666666666668,True
Eunice,2.4372052619487192,108.2,True
Eunice,2.461493506277931,142.68333333333334,True
Eunice,2.288817909950922,136.53333333333333,True
Eunice,1.8417974770098595,123.61666666666666,True
Eunice,2.9757186415704413,28.98333333333333,True
Eunice,2.4982094063598246,8.433333333333334,True
Eunice,2.3990539315782895,104.05,True
Eunice,3.0550008822107713,117.51666666666668,True
Eunice,2.873259757941359,2.833333333333333,True
Eunice,2.444081629721554,5.716666666666667,True
Eunice,2.6993471831988076,79.86666666666666,True
Eunice,2.904284622190638,2.033333333333333,True
Eunice,2.011567762816289,2.583333333333333,True
Eunice,3.6104207656948706,48.766666666666666,True
Eunice,1.9397851871460368,27.73333333333333,True
Eunice,2.8180891100169183,0.7666666666666667,True
Eunice,2.446972529851362,12.433333333333334,True
Eunice,1.6903161072766413,1.0,True
Eunice,1.6635531564271748,1.0,True
Eunice,2.6674787192244396,53.43333333333333,True
Eunice,2.6674787192244396,75.68333333333334,True
Eunice,1.5232790443101691,24.866666666666667,True
Eunice,1.7832367892622278,72.18333333333334,True
Eunice,1.8682628714809926,3.0,True
Eunice,3.3816008368397017,0.5833333333333334,True
Eunice,3.137452087570116,29.516666666666666,True
Eunice,2.8627781897267144,93.2,True
Eunice,3.4589128871885495,125.46666666666668,True
Eunice,2.573202321706082,9.416666666666666,True
Eunice,3.2954244614329067,52.03333333333333,True
Eunice,3.5357088663077145,2.7666666666666666,True
Eunice,2.894231589106051,50.2,True
Eunice,2.5958285351581396,69.61666666666666,True
Eunice,2.2836229489052413,78.18333333333334,True
Eunice,2.184062042620231,91.73333333333332,True
Eunice,2.8973618218226727,73.03333333333333,True
Eunice,2.0723386090233262,70.15,True
Eunice,2.2687105226500766,117.35,True
Eunice,3.633551530506289,69.83333333333333,True
Eunice,2.7093949479545176,74.61666666666666,True
Eunice,1.8809948881161416,30.73333333333333,True
Eunice,2.5857856855238115,25.45,True
Eunice,2.005043320250842,2.8666666666666667,True
Eunice,2.149936374925842,9.333333333333334,True
Eunice,2.3158027321705466,7.816666666666666,True
Eunice,2.949016014752315,56.75,True
Eunice,2.6809430372717227,70.81666666666666,True
Eunice,2.2441502447550365,96.66666666666669,True
Eunice,2.3858885586661747,14.35,True
Eunice,2.4169460791675057,117.15,True
Eunice,2.3736484173519417,137.5,True
Eunice,2.416959882182981,0.6666666666666666,True
Eunice,1.7497614826603847,126.71666666666668,True
Eunice,2.360237711619476,527.5333333333333,False
Eunice,2.2185121745500953,99.76666666666668,True
Eunice,2.6674787192244396,65.1,True
Eunice,1.7779537724573446,125.25,True
Eunice,2.6248434332356987,27.9,True
Eunice,2.7649913809746693,103.41666666666669,True
Eunice,4.291439397399761,6.133333333333334,True
Eunice,3.350166638660449,48.11666666666667,True
Eunice,3.838821456180661,2.216666666666667,True
Eunice,3.2553705945824634,25.3,True
Eunice,3.2621310033800968,114.63333333333334,True
Eunice,3.0815470050465894,6.75,True
Eunice,3.703614758908928,148.3,True
Eunice,2.884176399172785,75.68333333333334,True
Eunice,3.7027770968834215,29.28333333333333,True
Eunice,3.286363564125143,100.15,True
Eunice,3.1981231745624448,27.516666666666666,True
Eunice,2.4866371390031374,101.35,True
Eunice,2.2953193740906728,161.83333333333334,True
Eunice,1.5213170525593351,0.6,True
Eunice,2.6602976458154575,92.43333333333334,True
Eunice,2.7010088820801026,116.18333333333334,True
Eunice,1.9433483206763136,3.75,True
Eunice,1.9242383422376161,6.35,True
Eunice,1.9025006358557686,116.38333333333334,True
Eunice,2.7281496161220296,127.16666666666669,True
Eunice,2.4245348126457027,23.33333333333333,True
Eunice,1.895081537442174,11.083333333333334,True
Eunice,0.8643220878013327,0.8,True
Eunice,3.6154956035930796,129.61666666666667,True
Eunice,1.9977171456047007,46.36666666666667,True
Eunice,1.6095086436691008,19.23333333333333,True
Eunice,1.8351666877171622,0.5333333333333333,True
Eunice,2.9076907780795267,72.91666666666667,True
Eunice,2.4170761502552303,13.3,True
Eunice,2.372311739916399,0.1666666666666666,True
Eunice,2.7045983775631033,96.25,True
Eunice,3.71387747259536,11.566666666666666,True
Eunice,3.1961765592177986,46.25,True
Eunice,3.8186944055226864,77.76666666666667,True
Eunice,3.6009521362087704,126.9,True
Eunice,4.287389769465857,3.7,True
Eunice,3.731144580536093,23.23333333333333,True
Eunice,2.9740848454287643,115.13333333333334,True
Eunice,1.8673254448677035,21.633333333333333,True
Eunice,3.7968434453154862,26.716666666666665,True
Eunice,1.87182117546223,126.86666666666666,True
Eunice,3.7420984009790463,150.68333333333334,True
Eunice,2.4590234406522633,69.13333333333334,True
Eunice,2.5593609304395555,93.91666666666669,True
Eunice,1.6254653536431574,7.083333333333333,True
Eunice,1.4929080824929868,0.1333333333333333,True
Eunice,1.8685420948743372,1.7166666666666666,True
Eunice,2.5201778845233744,71.96666666666667,True
Eunice,1.754321872668158,0.1666666666666666,True
Eunice,3.5560041226353043,101.5,True
Eunice,2.91746254553436,104.81666666666666,True
Eunice,2.498768511681805,25.55,True
Eunice,3.092763745568499,46.98333333333333,True
Eunice,2.056852511146193,91.68333333333334,True
Eunice,2.0225968564757126,9.433333333333334,True
Eunice,1.900411967030159,15.05,True
Eunice,2.3438340173615817,27.85,True
Eunice,3.186404305076144,30.45,True
Eunice,3.2519940772592304,123.78333333333332,True
Eunice,2.59134891726244,116.66666666666669,True
Eunice,3.429903755086403,52.95,True
Eunice,2.4321379166715005,0.0666666666666666,True
Eunice,2.56083121204135,68.05,True
Eunice,1.852698746526325,6.733333333333333,True
Eunice,3.0371199830072144,72.28333333333333,True
Eunice,1.7990076677133569,17.383333333333333,True
Eunice,1.8087381990920057,9.366666666666667,True
Eunice,2.6674787192244396,65.1,True
Eunice,1.998133843194456,4.2,True
Eunice,3.464060934736322,119.66666666666669,True
Eunice,2.7167629299287306,120.33333333333331,True
Eunice,3.3541300086106918,10.666666666666666,True
Eunice,3.266769569117815,5.583333333333333,True
Eunice,2.114458316341697,6.25,True
Eunice,2.3653542382465966,23.766666666666666,True
Eunice,1.9062909564178392,3.6,True
Eunice,2.0881047228023824,18.683333333333334,True
Eunice,2.445985238230034,6.333333333333333,True
Eunice,2.324826068784982,3.1333333333333333,True
Eunice,2.3247326579518655,24.95,True
Eunice,1.9833375511113789,0.1,True
Eunice,2.2684866362977543,152.25,True
Eunice,4.048950332623118,74.46666666666667,True
Eunice,3.5516783717750346,48.03333333333333,True
Eunice,2.641523297873483,56.21666666666667,True
Eunice,2.6293179244888942,5.25,True
Eunice,3.6209537796207325,50.16666666666666,True
Eunice,3.2824228993675435,72.16666666666667,True
Eunice,2.920288483159266,98.48333333333332,True
Eunice,2.911340631311043,90.1,True
Eunice,2.863492120418274,1.85,True
Eunice,2.7482800930813447,111.26666666666668,True
Eunice,2.829488331965103,100.01666666666668,True
Eunice,3.003256668727138,86.98333333333333,True
Eunice,2.34964955195593,15.966666666666669,True
Eunice,2.7649645580521525,65.5,True
Eunice,3.077746654433778,22.73333333333333,True
Eunice,2.999111592699723,16.633333333333333,True
Eunice,2.034771602489693,26.85,True
Eunice,2.5160637508963846,31.55,True
Eunice,2.0375331365095626,53.93333333333333,True
Eunice,2.1120282606803427,1.85,True
Eunice,2.501422120409656,17.966666666666665,True
Eunice,2.5837958378058796,91.78333333333332,True
Eunice,1.9215748688285441,82.13333333333334,True
Eunice,2.6084025869620646,139.45,True
Eunice,2.0756168950326805,0.1333333333333333,True
Eunice,3.087018027251496,5.016666666666667,True
Eunice,1.8873802411350546,58.083333333333336,True
Eunice,2.8925325284917243,99.8,True
Eunice,2.5290335076547508,1.1833333333333331,True
Eunice,2.6974206569794106,141.1,True
Eunice,2.6273832230236547,123.71666666666668,True
Eunice,2.3396264329706478,21.7,True
Eunice,1.7139775755422757,1.0,True
Eunice,1.933700855423221,6.083333333333333,True
Eunice,2.2141075899334264,4.633333333333334,True
Eunice,1.433324719751709,0.6166666666666667,True
Eunice,2.1331659387234705,3.316666666666667,True
Eunice,2.013923961215446,2.95,True
Eunice,1.3495946897026694,0.2166666666666666,True
Eunice,2.2692557615306113,0.6166666666666667,True
Eunice,2.7569494975809166,2.3666666666666667,True
Eunice,2.6679013408595185,0.1333333333333333,True
Eunice,3.706625469337236,0.5,True
Eunice,2.9908054717262136,50.9,True
Eunice,3.037219820696902,1.2333333333333334,True
Eunice,4.255233805007722,77.18333333333334,True
Eunice,2.8180149173304447,4.733333333333333,True
Eunice,2.6233262864223366,93.5,True
Eunice,2.9201642258406464,1.6833333333333331,True
Eunice,3.1855333668255006,47.71666666666667,True
Eunice,1.990801634264812,1.3833333333333333,True
Eunice,3.580016404904417,70.16666666666667,True
Franklin,2.3926682274050872,56.1,True
Franklin,1.5651664388306459,97.63333333333334,True
Franklin,2.577246798811849,52.516666666666666,True
Franklin,1.7485104932928814,27.4,True
Franklin,2.633018908236919,34.38333333333333,True
Franklin,2.535599936104828,28.266666666666666,True
Franklin,1.8704801359579022,1.0,True
Franklin,2.55448640089017,90.48333333333332,True
Franklin,2.0723358879986984,105.2,True
Franklin,1.7050744603988395,0.25,True
Franklin,2.4455085293830874,46.25,True
Franklin,1.8563712525169047,0.1666666666666666,True
Franklin,2.889807460328885,95.36666666666666,True
Franklin,2.548972230892415,24.0,True
Franklin,2.4747615088408517,22.7,True
Franklin,2.063299204569272,96.25,True
Franklin,2.4542645234657274,33.78333333333333,True
Franklin,2.6463948767881353,54.2,True
Franklin,2.5240773441136835,87.4,True
Franklin,2.7594300303914374,129.45,True
Franklin,2.6033468275055642,5.35,True
Franklin,2.3312548971638414,124.0,True
Franklin,2.738519113998355,119.1,True
Franklin,2.2796028143170153,16.083333333333332,True
Franklin,1.7776939644577565,36.46666666666667,True
Franklin,2.082788173804266,3.433333333333333,True
Franklin,2.6654596295398187,46.8,True
Franklin,2.472340287750153,159.23333333333332,True
Franklin,2.330222389633406,117.4,True
Franklin,2.551413433335632,78.23333333333333,True
Franklin,2.7883600501141217,32.083333333333336,True
Franklin,2.0143522342913527,6.816666666666666,True
Franklin,2.1048936331607235,100.11666666666666,True
Franklin,2.16077377680241,75.81666666666666,True
Franklin,2.7242389103294173,29.85,True
Franklin,2.3079205148119653,52.05,True
Franklin,2.4309806798603404,16.133333333333333,True
Franklin,2.3032202218271554,64.51666666666667,True
Franklin,1.9050822605743527,125.16666666666669,True
Franklin,2.373132247086794,41.61666666666667,True
Franklin,2.124263686768248,23.4,True
Franklin,1.4274023804261013,66.36666666666666,True
Franklin,2.6176382014550748,116.18333333333334,True
Franklin,2.48256856060951,65.21666666666667,True
Franklin,1.6070328894405355,0.1666666666666666,True
Franklin,0.4069684056525445,2.3833333333333333,True
Franklin,2.4367046345246792,7.25,True
Franklin,2.5854038911377866,95.36666666666666,True
Franklin,3.073985630590464,79.88333333333334,True
Franklin,2.690216898461043,95.58333333333331,True
Franklin,2.334281569568093,58.7,True
Franklin,2.1675263939613076,14.666666666666666,True
Franklin,2.49194140142497,112.36666666666666,True
Franklin,1.647074028609687,0.05,True
Franklin,2.223844689279304,50.35,True
Franklin,2.035059062464542,116.3,True
Franklin,2.533239914194756,122.53333333333332,True
Franklin,2.051159112219077,131.95,True
Franklin,1.3814011957541519,43.083333333333336,True
Franklin,2.3816477363587647,27.016666666666666,True
Franklin,2.1364487904760883,9.216666666666669,True
Franklin,2.0343285462770972,70.0,True
Franklin,2.3950998376854944,137.23333333333332,True
Franklin,2.600020284682683,96.65,True
Franklin,1.5378832209180333,4.033333333333333,True
Franklin,1.5698440294151073,30.316666666666663,True
Franklin,2.2683376815113374,130.01666666666668,True
Franklin,2.3867426480985245,2.2333333333333334,True
Franklin,2.6177952741815798,97.35,True
Franklin,2.5179895281159856,26.8,True
Franklin,2.1073176440670784,99.73333333333332,True
Franklin,3.0258910748041448,93.81666666666666,True
Franklin,2.179651432695283,92.0,True
Franklin,2.3006105829833756,73.33333333333333,True
Franklin,2.829935946710549,0.9166666666666666,True
Franklin,2.1441561094751402,18.03333333333333,True
Franklin,2.640058622094703,74.43333333333334,True
Franklin,-1.0216155051539115,11.016666666666667,True
Franklin,1.0934049210854007,0.0666666666666666,True
Franklin,2.93154640514906,66.96666666666667,True
Franklin,1.8199355082636826,3.0166666666666666,True
Franklin,2.675899428957161,80.86666666666666,True
Franklin,2.8622462554074244,93.11666666666666,True
Franklin,2.673845036326335,7.75,True
Franklin,2.5260578148112427,91.68333333333334,True
Franklin,1.8390870165012256,165.33333333333334,True
Franklin,-0.46165559189113753,0.8666666666666667,True
Franklin,2.542958096016812,25.45,True
Franklin,2.3253985071421033,94.25,True
Franklin,2.833095878000944,12.1,True
Franklin,1.9528877444790258,0.1666666666666666,True
Franklin,2.0101257850213567,91.53333333333332,True
Franklin,2.094386861144029,90.28333333333332,True
Franklin,2.5280353329822804,81.06666666666666,True
Franklin,2.1294721777437267,17.933333333333334,True
Franklin,2.198683341039176,56.56666666666667,True
Franklin,1.2422515284251887,7.333333333333333,True
Franklin,2.293365305580058,52.11666666666667,True
Franklin,2.277214110022655,28.933333333333334,True
Franklin,0.6599608393993965,53.21666666666667,True
Franklin,2.411301248745275,10.133333333333333,True
Franklin,1.255744392196121,21.266666666666666,True
Franklin,1.7027448206241125,92.66666666666669,True
Franklin,1.7151727011547375,56.88333333333333,True
Franklin,0.016683661247860526,14.6,True
Franklin,1.955125379830547,0.2166666666666666,True
Franklin,2.120356628823323,21.866666666666667,True
Franklin,1.5099381528512001,1.7666666666666666,True
Franklin,1.073312931219401,2.5,True
Franklin,2.208176756867374,0.5666666666666667,True
Franklin,2.2911495259507384,4.933333333333334,True
Franklin,2.5891684198206297,4.483333333333333,True
Franklin,2.100222931362145,0.0666666666666666,True
Franklin,2.2354662425494345,77.48333333333333,True
Franklin,1.650577821182577,9.1,True
Franklin,1.9741551595783216,69.86666666666666,True
Franklin,2.3043301122277016,1.7666666666666666,True
Franklin,1.0491618904574136,64.73333333333333,True
Franklin,1.791037066981198,41.7,True
Franklin,2.249306595189663,80.91666666666667,True
Franklin,2.4674559053472946,82.35,True
Franklin,2.3155394776124183,1.2333333333333334,True
Franklin,1.7081877996115085,1.5666666666666669,True
Franklin,1.0909099144915573,3.25,True
Franklin,2.1465466157618707,4.4,True
Franklin,2.4223116140674987,9.3,True
Franklin,2.9187843676226564,2.0,True
Franklin,2.5565313745122062,8.033333333333333,True
Franklin,1.6737216217090356,1.0,True
Franklin,2.3735809729192376,2.716666666666667,True
Franklin,2.6272352712172133,8.95,True
Franklin,2.8327558281680405,21.133333333333333,True
Franklin,2.4462681205770123,75.41666666666667,True
Franklin,2.266389610072141,42.61666666666667,True
Franklin,1.7537225608782496,11.616666666666667,True
Franklin,2.842824407648975,93.6,True
Franklin,1.9097599390772568,86.86666666666666,True
Franklin,2.1786369108508445,2.1666666666666665,True
Franklin,2.3372639537849067,52.23333333333333,True
Franklin,2.2987346515448013,1.9,True
Franklin,2.6552536628509533,0.7333333333333333,True
Franklin,2.1653054979453197,60.68333333333333,True
Franklin,2.338283490462746,3.1166666666666667,True
Franklin,1.8000399770233086,96.68333333333334,True
Franklin,2.4073073618800964,71.91666666666667,True
Franklin,2.1336076352238744,14.416666666666666,True
Franklin,1.8134087852258218,123.7,True
Franklin,2.5683152162704728,76.83333333333333,True
Franklin,2.2855724852370227,1.5666666666666669,True
Franklin,2.5456394786744045,1.0333333333333334,True
Franklin,2.0206526996527763,61.73333333333333,True
Franklin,2.240623874336567,96.65,True
Franklin,2.4218326995508024,75.63333333333334,True
Franklin,1.913924391137089,12.016666666666667,True
Franklin,1.8752398416509257,97.13333333333334,True
Franklin,1.798454364455362,3.2,True
Franklin,1.4854807452588061,1.0,True
Franklin,2.5536857571686853,53.4,True
Franklin,2.1071381562663625,42.23333333333333,True
Franklin,1.9309163700247602,71.15,True
Franklin,1.350454962082106,3.716666666666667,True
Franklin,2.5247569870801416,90.68333333333334,True
Franklin,1.5409542085224726,7.333333333333333,True
Franklin,2.3354446748400406,26.03333333333333,True
Franklin,2.4657061443948556,34.15,True
Franklin,2.386667416417412,24.266666666666666,True
Franklin,0.6954743896528575,36.55,True
Franklin,1.6098800657515866,21.166666666666668,True
Franklin,2.544430807086704,48.21666666666667,True
Franklin,2.7483517844461924,19.25,True
Franklin,1.9209599009126963,23.1,True
Franklin,1.9031508140900233,20.95,True
Franklin,2.6844533508453288,63.73333333333333,True
Franklin,2.7303982466534826,14.533333333333331,True
Franklin,2.0249150439502497,8.483333333333333,True
Franklin,1.8256612542759607,13.983333333333333,True
Franklin,2.360310312523079,4.766666666666667,True
Franklin,1.7508566395214582,13.583333333333334,True
Franklin,1.3607683223232065,2.533333333333333,True
Franklin,1.4234275887998187,35.833333333333336,True
Franklin,2.3461210418063163,29.15,True
Franklin,2.5635027102390358,13.666666666666666,True
Franklin,2.277816222642647,2.65,True
Franklin,2.093657632107029,15.366666666666667,True
Franklin,1.839797374134012,4.45,True
Franklin,2.594376315290274,0.8666666666666667,True
Franklin,1.6111088646336174,4.633333333333334,True
Franklin,2.353129266128463,11.433333333333334,True
Franklin,1.9057859014270482,17.766666666666666,True
Franklin,2.5853933254091346,66.03333333333333,True
Franklin,3.063937100468403,93.81666666666666,True
Franklin,2.7033947050263296,50.25,True
Franklin,1.1405461035451723,0.6333333333333333,True
Franklin,2.218599062555485,76.28333333333333,True
Franklin,2.555637379312989,122.08333333333331,True
Franklin,1.31872571189308,0.0833333333333333,True
Franklin,1.7869924324428084,34.86666666666667,True
Franklin,2.383823057539464,99.4,True
Franklin,2.284236807161282,131.51666666666668,True
Franklin,1.9421249713334385,111.35,True
Franklin,2.452118588725765,10.9,True
Franklin,2.736874682162963,103.68333333333334,True
Franklin,1.8759077893074878,24.216666666666665,True
Franklin,2.1787621680780176,56.86666666666667,True
Franklin,1.068959928078741,0.2833333333333333,True
Franklin,1.942673956315011,95.96666666666668,True
Franklin,0.993938023840456,3.466666666666667,True
Franklin,0.7805698782895603,0.5666666666666667,True
Franklin,2.7429689103542794,126.98333333333332,True
Franklin,2.4079402244352623,63.68333333333333,True
Franklin,2.7773916812242048,3.683333333333333,True
Franklin,2.6070972819739993,11.633333333333333,True
Franklin,2.502299241698451,62.98333333333333,True
Franklin,2.121923622836675,101.8,True
Franklin,2.4110159519019136,11.233333333333333,True
Franklin,2.2944471690589734,59.7,True
Franklin,2.22196023544299,33.31666666666667,True
Franklin,2.4047141843747406,58.18333333333333,True
Franklin,2.087537939163535,49.81666666666667,True
Franklin,2.2224848099565673,12.216666666666669,True
Franklin,2.2876955715713643,3.783333333333333,True
Franklin,2.5196840756905847,25.633333333333333,True
Franklin,1.8186353752054802,1.0,True
Franklin,2.3816178975104956,99.83333333333331,True
Franklin,0.5960511346607975,1.6,True
Franklin,2.208313816331348,0.5833333333333334,True
Franklin,2.7548902933632897,8.366666666666667,True
Franklin,1.4129005025055459,16.85,True
Franklin,1.3838861656704,19.23333333333333,True
Franklin,2.3883794874448756,8.766666666666667,True
Franklin,2.4186365159953747,49.55,True
Franklin,1.7642434650069443,24.0,True
Franklin,0.9591945181786119,20.98333333333333,True
Franklin,2.694575338285732,16.25,True
Franklin,2.3365629190011075,16.9,True
Franklin,1.19146738766361,2.6333333333333333,True
Franklin,1.2089560777761377,6.333333333333333,True
Franklin,2.32017031929728,78.15,True
Franklin,2.5746756667906134,74.86666666666666,True
Franklin,1.675875659947548,3.2333333333333334,True
Franklin,2.5428936569809206,6.0,True
Franklin,2.768168584637416,8.75,True
Franklin,1.946698348858668,72.91666666666667,True
Franklin,2.4860755306366675,22.666666666666668,True
Franklin,0.3994808138942972,47.81666666666667,True
Franklin,2.5685735508339156,24.05,True
Franklin,2.066349293439561,22.25,True
Franklin,2.24171438564055,17.333333333333332,True
Franklin,1.2821786225655405,20.05,True
Franklin,1.971220218767946,17.433333333333334,True
Franklin,1.5807443944382584,23.4,True
Franklin,0.9507523139436007,5.6,True
Franklin,2.2306871699121316,20.883333333333333,True
Franklin,2.8964499019941408,6.083333333333333,True
Franklin,2.050995152438412,21.85,True
Franklin,2.644924380514287,14.683333333333334,True
Franklin,1.000762949854646,13.366666666666667,True
Franklin,1.165894146747285,6.133333333333334,True
Franklin,2.3237957853235716,0.4333333333333333,True
Franklin,2.9304864910768784,54.516666666666666,True
Franklin,2.0042225951447836,9.05,True
Franklin,2.426762512576206,4.6,True
Franklin,2.678836057318702,4.666666666666667,True
Franklin,2.7860059898347767,0.9333333333333332,True
Franklin,1.7459835278628104,7.35,True
Franklin,2.0506737525504937,2.4166666666666665,True
Franklin,1.5693221974588702,31.55,True
Franklin,2.4564579485025657,32.3,True
Franklin,2.31335494844091,9.983333333333333,True
Franklin,0.8236343956562333,5.016666666666667,True
Franklin,2.0285332016092577,17.7,True
Franklin,2.363473739611765,20.0,True
Franklin,2.268547634630865,15.35,True
Franklin,1.7157437883005284,1.0,True
Franklin,1.9767821336131457,6.416666666666667,True
Franklin,2.330008101633592,7.2,True
Franklin,2.916419404088724,23.73333333333333,True
Franklin,2.106710067518627,44.15,True
Franklin,1.9550689966863912,7.216666666666667,True
Franklin,2.391816575183317,94.35,True
Franklin,2.223280169234331,76.16666666666667,True
Franklin,2.463864051488048,19.216666666666665,True
Franklin,2.378285569705905,6.666666666666667,True
Franklin,2.7097730522047927,18.05,True
Franklin,2.246072878775182,9.183333333333334,True
Franklin,2.180264785008789,63.31666666666667,True
Franklin,2.0070572715153507,67.31666666666666,True
Franklin,2.1933896632262844,78.26666666666667,True
Franklin,2.1223111123192564,121.88333333333334,True
Franklin,2.5822134195523767,42.833333333333336,True
Franklin,2.5772841964844155,40.96666666666667,True
Franklin,1.645759165019957,68.65,True
Franklin,2.54358232305365,100.33333333333331,True
Franklin,2.1864003476605345,113.65,True
Franklin,2.4259428606817672,94.56666666666666,True
Franklin,2.6765698212081297,103.63333333333334,True
Franklin,2.1079965318073195,0.5,True
Franklin,3.064900631814677,97.5,True
Franklin,2.0894316121562486,95.21666666666668,True
Franklin,1.9443483747510995,96.91666666666669,True
Franklin,1.1713326328819038,1.6333333333333333,True
Franklin,2.296728040617141,87.35,True
Franklin,2.357761789240433,91.08333333333331,True
Franklin,2.7652081936696784,57.13333333333333,True
Franklin,2.806451429720596,74.8,True
Franklin,2.3147892041730596,11.416666666666666,True
Franklin,2.6859746401988307,15.9,True
Franklin,2.311072054555429,0.8333333333333334,True
Franklin,2.2989866614563383,99.61666666666666,True
Franklin,2.4961595901898694,50.583333333333336,True
Franklin,3.436401361076105,53.35,True
Franklin,1.879689631590254,97.55,True
Franklin,2.1802241479735196,78.53333333333333,True
Franklin,2.139231534254792,0.6333333333333333,True
Franklin,1.3823189082349285,1.2166666666666666,True
Franklin,2.2034316516850705,8.9,True
Franklin,2.8293650741057994,80.06666666666666,True
Franklin,2.3985930794461257,74.03333333333333,True
Franklin,2.581898358690932,54.35,True
Franklin,2.1553517849340884,103.36666666666666,True
Franklin,2.5482610162642994,27.383333333333333,True
Franklin,2.8263789078550987,70.48333333333333,True
Franklin,1.921762127200693,64.46666666666667,True
Franklin,1.0801321632579295,51.2,True
Franklin,0.9736417127644386,3.1333333333333333,True
Franklin,2.0767411244106575,22.816666666666663,True
Franklin,1.7421026054014328,4.283333333333333,True
Franklin,2.3508922633623195,55.9,True
Franklin,2.0067681272091282,34.8,True
Franklin,2.5423350490055436,5.666666666666667,True
Franklin,2.172109358275488,68.31666666666666,True
Franklin,2.0240083845933823,27.216666666666665,True
Franklin,2.6014573438795763,21.966666666666665,True
Franklin,2.5524530830279004,1.75,True
Franklin,2.0865477068908747,0.95,True
Franklin,1.8192284825487375,3.1666666666666665,True
Franklin,2.0089845752125886,37.36666666666667,True
Franklin,1.9269295324935964,75.85,True
Franklin,2.207565831309258,2.216666666666667,True
Franklin,2.4356386342249277,27.7,True
Franklin,1.9810793838652756,26.366666666666667,True
Franklin,1.3687091135836396,27.03333333333333,True
Franklin,1.5464167569520615,149.31666666666666,True
Franklin,1.3400910980898024,24.7,True
Franklin,2.8700836711978073,70.45,True
Franklin,1.893171871235331,2.3666666666666667,True
Franklin,1.996378681383493,17.716666666666665,True
Franklin,2.0390961665080765,73.9,True
Franklin,1.9110674044961609,2.216666666666667,True
Franklin,2.1242209672966017,25.166666666666668,True
Franklin,1.7876245045701407,92.6,True
Franklin,1.587581435073352,1.5,True
Franklin,2.0330592549923128,11.666666666666666,True
Franklin,2.0249000747689587,96.55,True
Franklin,2.5072401050650277,57.8,True
Franklin,2.4973944327260047,30.766666666666666,True
Franklin,2.6575990808980245,95.06666666666666,True
Franklin,2.6249346541276566,6.85,True
Franklin,1.6641744483858114,1.0,True
Franklin,1.874190036348826,1.0,True
Franklin,2.3337921720314747,11.233333333333333,True
Franklin,2.250905866442296,67.25,True
Franklin,2.0854942583260665,15.95,True
Franklin,2.3464787585090354,24.416666666666668,True
Franklin,2.4683166888704626,50.6,True
Franklin,2.1617555257638443,24.416666666666668,True
Franklin,1.0735664702939398,12.016666666666667,True
Franklin,1.8197470551192214,0.55,True
Franklin,2.2128887302375437,22.03333333333333,True
Franklin,3.4266242240231093,0.6333333333333333,True
Franklin,2.2750343023939514,94.63333333333334,True
Franklin,2.9957932663445552,1.2666666666666666,True
Franklin,2.0599945387567327,28.75,True
Franklin,2.5675631261187117,5.066666666666666,True
Franklin,1.71714412034536,1.0,True
Franklin,2.480195898322287,8.35,True
Franklin,2.381783818498049,129.98333333333332,True
Franklin,1.5801443486740867,1.9666666666666663,True
Franklin,2.0806563050676066,3.333333333333333,True
Franklin,2.0089228295677506,103.81666666666666,True
Franklin,1.5736017091683174,1728.3,False
Franklin,2.325193895384643,2.0,True
Franklin,2.3939428521451704,123.33333333333331,True
Franklin,1.8158706391715953,117.0,True
Franklin,2.6851452942506486,32.266666666666666,True
Franklin,2.0622198175286686,4.566666666666666,True
Franklin,1.9627413601094894,22.83333333333333,True
Franklin,2.671978964726928,118.83333333333331,True
Franklin,2.5440944466553677,25.216666666666665,True
Franklin,2.4530599995273232,7.0,True
Franklin,2.79546891582059,104.53333333333332,True
Franklin,1.9409546124497457,12.0,True
Franklin,2.3269665964730057,61.31666666666667,True
Franklin,1.3278755426369357,50.45,True
Franklin,2.3722831456076325,1.0,True
Franklin,2.2410585935471157,75.31666666666666,True
Franklin,2.073214682088816,59.53333333333333,True
Franklin,2.0927708742591125,31.98333333333333,True
Franklin,2.4417633439141597,103.01666666666668,True
Franklin,2.432444080764207,111.86666666666666,True
Franklin,2.029835387340682,1.3333333333333333,True
Franklin,2.1208710330040694,22.383333333333333,True
Franklin,1.1267428124108483,27.55,True
Franklin,2.441127025673874,18.7,True
Franklin,2.3891449928202446,91.4,True
Franklin,2.377946554528906,27.33333333333333,True
Franklin,1.4323852009065698,3.933333333333333,True
Franklin,2.2973781911676827,7.616666666666666,True
Franklin,1.853915090492159,42.2,True
Franklin,2.2537274683547546,6.783333333333333,True
Franklin,1.265705399865311,33.016666666666666,True
Franklin,2.5583715194457164,74.05,True
Franklin,2.769867142184482,27.25,True
Franklin,2.7305151960478087,92.71666666666668,True
Franklin,2.4062772689893217,100.38333333333334,True
Franklin,2.3910926819925598,56.9,True
Franklin,2.665127667176449,124.0,True
Franklin,2.0211703998086663,127.03333333333332,True
Franklin,2.093557007761322,112.7,True
Franklin,1.5011409708609544,4.066666666666666,True
Franklin,2.625687886675013,134.03333333333333,True
Franklin,2.4142214445963543,107.63333333333334,True
Franklin,2.082184372168611,5.816666666666666,True
Franklin,1.961717880583646,121.7,True
Franklin,2.448966754472773,125.28333333333332,True
Franklin,1.0353024906675892,0.4166666666666667,True
Franklin,0.8745560309790694,74.46666666666667,True
Franklin,2.0222139793876277,130.1,True
Franklin,2.170391795197906,126.2,True
Franklin,1.842689029167545,22.166666666666668,True
Franklin,2.014994590150392,59.11666666666667,True
Franklin,1.8575383906849277,0.65,True
Franklin,2.473840125971968,101.45,True
Franklin,2.7497903040632914,76.88333333333334,True
Franklin,1.9653342006293169,0.5666666666666667,True
Franklin,2.2955075814428123,4.116666666666666,True
Franklin,1.7898229097253509,5.4,True
Franklin,1.9280775770706822,5.45,True
Franklin,2.489805042991058,26.98333333333333,True
Franklin,2.172109358275488,67.26666666666667,True
Franklin,2.2442252803007268,1.3333333333333333,True
Franklin,2.2131979353828677,4.266666666666667,True
Franklin,2.2002733693551155,17.233333333333334,True
Franklin,2.0629503675528427,21.73333333333333,True
Franklin,2.494028751250592,51.13333333333333,True
Franklin,1.330222382169261,3.4833333333333334,True
Franklin,2.204836540678536,6.6,True
Franklin,1.6004528485294698,5.683333333333334,True
Franklin,2.4707744234377476,95.48333333333332,True
Franklin,1.6192930933443608,49.45,True
Franklin,2.8145390804465946,1.0833333333333333,True
Franklin,2.2434740771012565,18.633333333333333,True
Franklin,2.71954534673026,13.766666666666667,True
Franklin,2.3517980650504966,194.53333333333333,False
Franklin,2.4079356587630887,165.33333333333334,True
Franklin,2.093622426258351,19.33333333333333,True
Franklin,2.290675229844803,5.983333333333333,True
Franklin,2.9701063504786362,39.53333333333333,True
Franklin,2.6968487675044917,5.75,True
Franklin,2.5595466455011255,10.55,True
Franklin,2.510649677818528,3.25,True
Franklin,1.5526221961920201,2.9166666666666665,True
Franklin,2.9353751983835816,5.266666666666667,True
Franklin,3.1247977129446225,7.866666666666666,True
Franklin,2.4484079473472735,70.6,True
Franklin,2.2861133926326875,24.166666666666668,True
Franklin,1.7877266007540051,98.63333333333334,True
Franklin,1.6356855976740652,1.0,True
Franklin,1.4507618375824587,0.7333333333333333,True
Franklin,2.576897742760828,97.66666666666669,True
Franklin,2.4576264959498215,102.18333333333334,True
Franklin,2.141408711348572,48.083333333333336,True
Franklin,1.0613112552371997,2.1166666666666667,True
Franklin,1.959531596769179,24.816666666666663,True
Franklin,2.6146042157413953,33.833333333333336,True
Franklin,2.744745300814175,188.85,True
Franklin,2.458848245411541,92.7,True
Franklin,2.1046988494315566,2.316666666666667,True
Franklin,1.323981756680111,72.21666666666667,True
Franklin,3.0854285975832325,91.9,True
Franklin,2.8931997957972295,89.1,True
Franklin,2.396840371995303,6.45,True
Franklin,2.2230810736497,3.1,True
Franklin,2.9552750779129413,64.9,True
Franklin,2.290002651105692,105.35,True
Franklin,1.8631902475195918,9.183333333333334,True
Franklin,1.829304864701481,72.33333333333333,True
Franklin,0.45676173850023033,0.05,True
Franklin,2.771754350464079,51.61666666666667,True
Franklin,2.339325712975746,26.3,True
Franklin,2.0188770452067493,55.48333333333333,True
Franklin,2.197055104879973,67.08333333333333,True
Franklin,2.19525523744603,58.35,True
Franklin,1.8458324526018157,68.55,True
Franklin,2.035900324792704,71.05,True
Franklin,2.0370775237234584,6.666666666666667,True
Franklin,2.3408680448937003,119.51666666666668,True
Franklin,2.40254584098467,126.76666666666668,True
Franklin,1.7157437883005284,1.0,True
Franklin,2.2395422110130387,49.45,True
Franklin,2.186443177645248,7.9,True
Franklin,2.4234966708220034,96.38333333333334,True
Franklin,2.416785273751436,4.466666666666667,True
Franklin,2.2367449677105986,95.41666666666669,True
Franklin,1.8789102924567274,25.95,True
Franklin,2.320294090012362,43.7,True
Franklin,2.5811716272143688,25.48333333333333,True
Franklin,2.399638295952838,21.416666666666668,True
Franklin,2.056423608649764,4.35,True
Franklin,2.7077902110147365,17.083333333333332,True
Franklin,2.1450702564094866,18.4,True
Franklin,2.0513328805979865,84.53333333333333,True
Franklin,1.4972546131279816,0.75,True
Franklin,2.70455040308141,6.45,True
Franklin,2.489604593540118,5.8,True
Franklin,2.707215013233251,9.466666666666669,True
Franklin,2.449657563575609,82.3,True
Franklin,2.1309438010912807,60.1,True
Franklin,1.7364081142993688,21.25,True
Franklin,1.7958134146476332,23.166666666666668,True
Franklin,1.398475272120923,1.3,True
Franklin,2.3472967042336506,41.3,True
Franklin,2.53347814982987,2.25,True
Franklin,2.497580776400446,7.0,True
Franklin,2.9605054470427574,78.53333333333333,True
Franklin,2.411994043499569,8.416666666666666,True
Franklin,2.3897087366046,10.85,True
Franklin,2.0856384829764942,8.033333333333333,True
Franklin,1.7971469519770278,32.333333333333336,True
Franklin,2.008944104386757,0.8,True
Franklin,2.4984880539525287,0.6166666666666667,True
Franklin,2.787224754681937,4.6,True
Franklin,2.04021406289241,24.5,True
Franklin,2.736131794875546,1.4166666666666667,True
Franklin,2.554110751524023,4.283333333333333,True
Franklin,2.390077098205666,6.433333333333334,True
Franklin,2.7660414914564817,82.06666666666666,True
Franklin,2.3495638704100896,27.633333333333333,True
Franklin,2.7703584008833,17.4,True
Franklin,2.0145779892808657,95.63333333333334,True
Franklin,2.1406943104386587,106.86666666666666,True
Franklin,2.5880074146543097,8.9,True
Franklin,2.1405873500392287,4.183333333333334,True
Franklin,1.6715911039454363,65.05,True
Franklin,2.5140885006037337,4.75,True
Franklin,1.6428963299647443,3.3,True
Franklin,1.2517609060741162,0.6833333333333333,True
Franklin,2.1613308914718443,18.48333333333333,True
Franklin,1.590980457202727,21.933333333333334,True
Franklin,2.4618173938869576,24.433333333333334,True
Franklin,1.7237605939486478,0.1666666666666666,True
Franklin,2.4269942626648007,93.96666666666668,True
Franklin,1.1116339084992448,46.73333333333333,True
Franklin,2.0118482840040244,1.1166666666666667,True
Franklin,2.412125924785803,71.95,True
Franklin,2.441190574262923,49.45,True
Franklin,2.3284540985766835,20.8,True
Franklin,1.2945115007602166,5.266666666666667,True
Franklin,1.868090991423714,99.4,True
Franklin,2.283813266792851,3.05,True
Franklin,1.981437750755749,17.283333333333335,True
Franklin,2.632347014306111,2.85,True
Franklin,1.81981873989193,2.9833333333333334,True
Franklin,2.477950326375516,6.433333333333334,True
Franklin,2.4761638854299868,53.96666666666667,True
Franklin,2.4773716847674083,60.4,True
Franklin,2.1166318137017135,28.15,True
Franklin,2.248286146092076,56.6,True
Franklin,1.90686586865306,4.583333333333333,True
Franklin,1.539284297690357,2.183333333333333,True
Franklin,2.411907264993497,21.916666666666668,True
Franklin,1.521798734886676,51.63333333333333,True
Franklin,2.59324805340717,14.966666666666669,True
Franklin,2.635092406097693,1.75,True
Franklin,2.42244717492208,1.4833333333333334,True
Franklin,2.4787164060043736,9.4,True
Franklin,2.1086302272582107,1.1,True
Franklin,2.014334500611956,5.25,True
Franklin,2.043500819875489,3.433333333333333,True
Franklin,1.7267327839286841,1.0,True
Franklin,2.1926039911737205,5.7,True
Franklin,1.2942162137443962,37.43333333333333,True
Franklin,2.4787507946335285,0.5833333333333334,True
Franklin,2.0869460950945684,65.45,True
Franklin,2.698008324795091,120.63333333333334,True
Franklin,2.377372223180676,69.7,True
Franklin,3.0931757950966663,0.1666666666666666,True
Franklin,2.7146481559857567,50.35,True
Franklin,0.41158416363252065,0.65,True
Franklin,2.4914068983703355,54.95,True
Franklin,1.6271168161768317,5.05,True
Franklin,2.578172945609287,19.3,True
Franklin,1.9645791757182607,87.61666666666666,True
Franklin,1.1655066201690139,20.8,True
Franklin,2.057523000924616,5.916666666666667,True
Franklin,2.2108124207195257,15.283333333333331,True
Franklin,2.0583524035806597,0.9,True
Franklin,1.9124265436795207,77.1,True
Franklin,2.03063117049168,45.266666666666666,True
Franklin,1.966729789508778,23.883333333333333,True
Franklin,2.438424036579338,21.916666666666668,True
Franklin,0.4843619776764981,0.5,True
Franklin,1.9870387458460808,101.53333333333332,True
Franklin,2.5830306691928135,45.11666666666667,True
Franklin,2.4736236241503415,17.766666666666666,True
Franklin,2.222786975280605,17.716666666666665,True
Franklin,1.5783928270231968,23.9,True
Franklin,2.402946532118125,73.41666666666667,True
Franklin,2.095821537741103,5.883333333333334,True
Franklin,2.163632366207614,24.35,True
Franklin,2.0756303441469712,75.15,True
Franklin,1.2366930408858319,0.25,True
Franklin,2.6338399118769376,12.0,True
Franklin,2.9327395562189897,19.53333333333333,True
Franklin,2.2816890757875448,20.683333333333334,True
Franklin,2.623401325138841,25.633333333333333,True
Franklin,2.7853053320065664,13.733333333333333,True
Franklin,2.2429260848213195,3.55,True
Franklin,2.5602949301501416,72.5,True
Franklin,2.427881480250117,54.56666666666667,True
Franklin,2.612899615494935,86.03333333333333,True
Franklin,2.615399783877072,82.71666666666667,True
Franklin,2.9237709383682495,105.13333333333334,True
Franklin,2.9237498111227644,45.0,True
Franklin,2.2516932883139305,89.0,True
Franklin,2.160401059409867,99.98333333333332,True
Franklin,1.8908105347827486,2.716666666666667,True
Franklin,2.5345691378801543,44.81666666666667,True
Franklin,2.893100273874044,54.516666666666666,True
Franklin,2.366593838595632,153.2,True
Franklin,2.081537219672525,19.416666666666668,True
Franklin,2.014947880902813,99.78333333333332,True
Franklin,2.551330328488439,98.15,True
Franklin,2.039626392823083,13.766666666666667,True
Franklin,2.66168661382739,95.8,True
Franklin,2.31653829375717,123.33333333333331,True
Franklin,2.5406043847035673,124.45,True
Franklin,1.9646611688926663,73.66666666666667,True
Franklin,2.2120164866875367,9.5,True
Franklin,2.728195457427272,35.11666666666667,True
Franklin,2.4809963319306445,30.03333333333333,True
Franklin,2.254342876973688,45.66666666666666,True
Franklin,1.5013692793245972,53.88333333333333,True
Franklin,2.432030175619658,79.78333333333333,True
Franklin,2.370044612732834,34.166666666666664,True
Franklin,2.9856395698769393,22.166666666666668,True
Franklin,1.9765030912935038,10.516666666666667,True
Franklin,2.467183984023303,4.833333333333333,True
Franklin,2.010614099652839,2.9166666666666665,True
Franklin,2.4987833680518103,45.65,True
Franklin,1.9844308064204472,8.783333333333333,True
Franklin,2.0738396320301082,76.08333333333333,True
Franklin,2.229146264876139,2.5,True
Franklin,1.779896206313308,0.9666666666666668,True
Franklin,1.8204614639065932,1.0,True
Franklin,2.138953408749103,107.13333333333334,True
Franklin,2.4481225659951833,84.91666666666667,True
Franklin,2.9453656587283423,25.816666666666663,True
Franklin,3.1545974391202787,117.11666666666666,True
Franklin,2.538804252275502,97.58333333333331,True
Franklin,2.3298222633807493,45.23333333333333,True
Franklin,2.1891364953911316,26.85,True
Franklin,2.5909034298134963,75.11666666666666,True
Franklin,2.1352236961204762,5.0,True
Franklin,2.634453205058556,1.0,True
Franklin,2.214816280739449,93.73333333333332,True
Franklin,2.5134159030010355,66.7,True
Franklin,2.5279863432800367,19.816666666666663,True
Franklin,1.6630218337872444,5.95,True
Franklin,2.0314986742978505,86.78333333333333,True
Franklin,3.0981312740530105,40.2,True
Franklin,2.149795177223077,72.03333333333333,True
Franklin,2.425830065663018,77.93333333333334,True
Franklin,1.764042079624477,77.03333333333333,True
Franklin,2.3161568938054864,24.0,True
Franklin,2.231983993100546,2.45,True
Franklin,1.9739921553178028,90.26666666666668,True
Franklin,2.494219887522767,3.9166666666666665,True
Franklin,2.600386805744661,28.55,True
Franklin,2.2212566465573684,76.28333333333333,True
Franklin,2.4448901430933487,78.43333333333334,True
Franklin,2.299497656824071,28.78333333333333,True
Franklin,1.0275220710732746,29.016666666666666,True
Franklin,1.6896804288365492,10.35,True
Franklin,2.353170126575224,91.26666666666668,True
Franklin,2.230300566470959,94.46666666666668,True
Franklin,2.0335864082032247,98.18333333333334,True
Franklin,2.3043578606522033,67.81666666666666,True
Franklin,1.833660108229321,51.68333333333333,True
Franklin,1.7267327839286841,1.0,True
Franklin,2.3535197168996262,6.533333333333333,True
Franklin,1.6312816148077862,1.0,True
Franklin,2.4880039501027165,4.05,True
Franklin,1.7036272436583106,185.96666666666667,True
Franklin,1.9704253520189174,4.65,True
Franklin,2.0543669726617857,8.9,True
Franklin,2.3959098718206673,18.85,True
Franklin,1.815950492227364,30.9,True
Franklin,2.6342328059540723,4.166666666666667,True
Franklin,2.2318539987100334,2.333333333333333,True
Franklin,3.05018104977471,56.35,True
Franklin,1.561204128468005,4.183333333333334,True
Franklin,1.9839314246785327,69.13333333333334,True
Franklin,2.356895271351985,0.7166666666666667,True
Franklin,2.8191279560555955,5.6,True
Franklin,2.198524972529237,0.55,True
Franklin,1.9135827278455546,0.55,True
Franklin,2.4105686489325953,28.53333333333333,True
Franklin,2.2186594502130363,1.7333333333333334,True
Franklin,1.8284244644040972,32.96666666666667,True
Franklin,2.0342280172686977,17.583333333333332,True
Franklin,1.5452677868323457,2.083333333333333,True
Franklin,2.25175127477349,242.16666666666663,False
Franklin,1.9946607455659089,12.8,True
Franklin,2.2217413418650813,22.2,True
Franklin,1.9468238863645986,3.6,True
Franklin,1.923653604541043,27.73333333333333,True
Franklin,1.9638305090886055,18.666666666666668,True
Franklin,1.7267327839286841,1.0,True
Franklin,2.430138877498412,12.616666666666667,True
Franklin,2.239826287829936,20.28333333333333,True
Franklin,1.822487459263648,1.5333333333333334,True
Franklin,2.531651662719126,55.5,True
Franklin,0.696213994636466,0.0833333333333333,True
Franklin,1.8653839455250998,108.41666666666669,True
Franklin,1.858534409744203,56.05,True
Franklin,2.550983717954696,99.7,True
Franklin,1.782452821511203,0.6333333333333333,True
Franklin,2.05508251437011,55.8,True
Franklin,2.158526770619199,0.65,True
Franklin,2.8434592288520415,1.7,True
Franklin,2.546914036974084,121.63333333333334,True
Franklin,2.25893140585261,112.65,True
Franklin,2.4557252015201896,1.8833333333333333,True
Franklin,2.5888410008565303,102.45,True
Franklin,-0.43162238738776376,0.2666666666666666,True
Franklin,2.2402288657470146,81.23333333333333,True
Franklin,2.957973912499212,93.55,True
Franklin,2.54317242438153,32.35,True
Franklin,2.553815508759377,93.25,True
Franklin,2.6714107990494083,2.783333333333333,True
Franklin,2.777422716648441,13.966666666666669,True
Franklin,1.9709919091587198,185.03333333333333,True
Franklin,2.856365071854291,90.08333333333331,True
Franklin,2.1598178723362262,92.66666666666669,True
Franklin,1.8439638006670063,69.93333333333334,True
Franklin,2.339626300197652,55.06666666666667,True
Franklin,2.0558608928887887,7.85,True
Franklin,1.9802530404574241,9.85,True
Franklin,1.9322421616810856,97.06666666666666,True
Franklin,2.427685638334415,1.3166666666666669,True
Franklin,2.4350100715330885,114.38333333333334,True
Franklin,1.9162381737917455,73.7,True
Franklin,2.0940111245699913,31.9,True
Franklin,1.771070750218865,0.1666666666666666,True
Franklin,2.664562866347793,2.1333333333333333,True
Franklin,2.3447425362402856,93.58333333333331,True
Franklin,2.2813034747149765,48.7,True
Franklin,2.5552399628441083,59.3,True
Franklin,2.655381409816142,21.4,True
Franklin,2.445588809364275,0.6166666666666667,True
Franklin,1.124480062122269,55.48333333333333,True
Franklin,2.4954677453371015,5.416666666666667,True
Franklin,2.2496674681787745,122.38333333333334,True
Franklin,2.649010545911662,102.7,True
Franklin,2.2043118137388182,121.23333333333332,True
Franklin,2.3283133250962336,127.15,True
Franklin,1.945350099655849,33.233333333333334,True
Franklin,2.3510194112449727,116.58333333333331,True
Franklin,2.352568871498993,143.05,True
Franklin,2.39027256859816,7.016666666666667,True
Franklin,2.542172906747601,88.3,True
Franklin,1.9155156324560714,49.48333333333333,True
Franklin,0.7110537346059718,0.55,True
Franklin,2.2204276137819106,116.46666666666668,True
Franklin,2.6956517429534483,73.33333333333333,True
Franklin,2.8812864585010938,113.15,True
Franklin,2.0434204075692173,93.36666666666666,True
Franklin,2.1754279541331876,83.06666666666666,True
Franklin,2.304200214920859,83.51666666666667,True
Franklin,2.4498633031873993,85.95,True
Franklin,2.3320889346095055,102.38333333333334,True
Franklin,3.2795659822464165,95.4,True
Franklin,2.2198699747636317,29.15,True
Franklin,2.6144153430679946,97.61666666666666,True
Franklin,2.7921230622599924,72.03333333333333,True
Franklin,2.1038774932135507,94.95,True
Franklin,2.5901050750492898,43.833333333333336,True
Franklin,1.8272156640508035,0.0666666666666666,True
Franklin,2.6161092332329865,27.633333333333333,True
Franklin,2.497698556614352,122.3,True
Franklin,1.9074983289435756,47.5,True
Franklin,2.347969594808071,15.983333333333333,True
Franklin,2.2520899800177903,67.5,True
Franklin,1.8553088278278522,67.53333333333333,True
Franklin,2.0170066501655803,10.5,True
Franklin,1.785519308449594,69.03333333333333,True
Franklin,2.634453205058556,249.5833333333333,False
Franklin,1.9340349556121745,1.0,True
Franklin,2.495980758257462,2.183333333333333,True
Franklin,1.6230783086556257,1.0,True
Franklin,1.9870387458460808,75.48333333333333,True
Franklin,2.652314992102576,6.533333333333333,True
Franklin,2.207772410550312,85.15,True
Franklin,3.381588735857368,1.05,True
Franklin,1.9557494906494164,112.68333333333334,True
Franklin,2.4590832432136294,17.85,True
Franklin,2.539698642677419,0.7666666666666667,True
Franklin,1.9369859115331949,51.86666666666667,True
Franklin,2.365068469143423,78.18333333333334,True
Franklin,2.8137877662223745,16.483333333333334,True
Franklin,2.515995979478954,76.33333333333333,True
Franklin,2.737881032088582,1.1833333333333331,True
Franklin,2.2821996891988867,55.15,True
Franklin,2.5783374081736152,53.78333333333333,True
Franklin,2.6918801258010414,70.4,True
Franklin,2.512646394104772,57.68333333333333,True
Franklin,2.004792913244168,81.21666666666667,True
Franklin,2.1068656279436135,73.36666666666666,True
Franklin,2.164181879171494,50.95,True
Franklin,2.345545956952489,94.31666666666666,True
Franklin,2.653334234289618,97.25,True
Franklin,1.9616441866094603,2.316666666666667,True
Franklin,2.3495638704100896,72.41666666666667,True
Franklin,2.587379185264167,75.0,True
Franklin,2.54736899873491,85.33333333333333,True
Franklin,2.7269399839042574,93.63333333333334,True
Franklin,2.4431485436830314,49.766666666666666,True
Franklin,2.293860491368863,5.983333333333333,True
Franklin,2.0470226774448195,50.21666666666667,True
Franklin,1.70298857991412,1.0,True
Franklin,2.4522008620306894,123.01666666666668,True
Franklin,2.194186140367496,34.35,True
Franklin,2.500932733457805,97.61666666666666,True
Franklin,2.2067546021950495,27.133333333333333,True
Franklin,1.975533836795144,117.25,True
Franklin,2.3023066836635513,4.483333333333333,True
Franklin,2.7134042840429893,4.4,True
Franklin,2.769933493934912,92.15,True
Franklin,2.7324230807716465,105.88333333333334,True
Franklin,2.5475190873724585,0.6833333333333333,True
Franklin,2.3549437757045593,62.65,True
Franklin,3.0339016592751014,118.15,True
Franklin,2.580879371160092,69.2,True
Franklin,2.355632080403908,101.05,True
Franklin,2.2435229506543934,4.516666666666667,True
Franklin,2.395938234142571,97.36666666666666,True
Franklin,2.21383909273228,79.16666666666667,True
Franklin,2.374324177888363,64.53333333333333,True
Franklin,2.3126234470681606,9.75,True
Franklin,2.1428934228448595,99.26666666666668,True
Franklin,1.7320143631501455,1.7,True
Franklin,1.8960516216869394,79.81666666666666,True
Franklin,2.079610298245977,58.38333333333333,True
Franklin,1.545944357492106,0.4666666666666667,True
Franklin,2.261081560084721,73.75,True
Franklin,2.5469739123275073,38.16666666666666,True
Franklin,1.9684279795418445,76.33333333333333,True
Franklin,2.8405487098599944,1.3,True
Franklin,2.3511015848652796,49.266666666666666,True
Franklin,3.1745942141407464,42.73333333333333,True
Franklin,2.0968262981939563,24.65,True
Franklin,2.158083589967328,70.86666666666666,True
Franklin,1.782134518984315,0.6166666666666667,True
Franklin,2.016519572749204,97.38333333333334,True
Franklin,2.8894525572708014,57.083333333333336,True
Franklin,2.290002651105692,106.81666666666666,True
Franklin,2.3241368408011263,27.78333333333333,True
Franklin,2.5457298803745645,47.1,True
Franklin,2.773914208602078,115.56666666666666,True
Franklin,1.8659324408158795,126.98333333333332,True
Franklin,2.6137359959187956,9.033333333333331,True
Franklin,2.319670599152378,87.95,True
Franklin,2.605052838945578,24.83333333333333,True
Franklin,2.737596300254586,68.08333333333333,True
Franklin,2.4422847816533255,125.75,True
Franklin,2.2707564952106587,10.55,True
Franklin,1.8619315770671825,50.73333333333333,True
Franklin,2.185139911535082,7.483333333333333,True
Franklin,2.5398493685970807,2.1166666666666667,True
Franklin,2.386908009436139,22.766666666666666,True
Franklin,2.1495817745741324,10.333333333333334,True
Franklin,2.4836758876802025,7.333333333333333,True
Franklin,2.6698819003753678,4.716666666666667,True
Franklin,2.7581698587806303,19.5,True
Franklin,1.9863020092247208,0.6,True
Franklin,2.0936416517040257,17.183333333333334,True
Franklin,2.292283191631653,23.7,True
Franklin,2.177816084310964,32.46666666666667,True
Franklin,2.4301289606700607,24.883333333333333,True
Franklin,2.4956579187578614,3.316666666666667,True
Franklin,1.6648910018481515,24.433333333333334,True
Franklin,1.8594299035657025,24.85,True
Franklin,2.3037366410563287,3.2666666666666666,True
Franklin,1.7552133534209104,14.766666666666667,True
Franklin,2.4917675686903498,0.2,True
Franklin,2.4276146106031677,89.08333333333333,True
Franklin,2.0981521384886443,110.46666666666668,True
Franklin,2.6803545476885815,52.56666666666667,True
Franklin,2.0629172697505878,29.73333333333333,True
Franklin,1.9193098640249395,21.816666666666663,True
Franklin,2.4416566019390924,6.033333333333333,True
Franklin,1.1845761947781093,0.2,True
Franklin,2.7394691672831484,29.45,True
Franklin,2.0549353195320235,53.4,True
Franklin,1.595072329758492,24.0,True
Franklin,2.41012762217752,15.05,True
Franklin,2.183646873494753,23.75,True
Franklin,2.457832441081618,14.766666666666667,True
Franklin,2.0604305740060873,12.216666666666669,True
Franklin,1.9605128434057255,0.5166666666666667,True
Franklin,2.47260781571644,0.6,True
Franklin,2.3100406429980183,1.7,True
Franklin,1.8581583836610498,0.1666666666666666,True
Franklin,2.4943292131707415,82.65,True
Franklin,2.5230892643162757,44.18333333333333,True
Franklin,1.962427092474096,108.13333333333334,True
Franklin,2.5322524171422316,62.61666666666667,True
Franklin,2.6265418555912814,66.45,True
Franklin,2.196602372926138,82.48333333333333,True
Franklin,2.6569650772178712,93.01666666666668,True
Franklin,2.7135540373996037,96.35,True
Franklin,2.209829758688183,102.03333333333332,True
Franklin,2.490197472010776,120.21666666666668,True
Franklin,1.7538602658416174,6.816666666666666,True
Franklin,2.112974477768318,114.96666666666668,True
Franklin,2.6063471534428317,126.98333333333332,True
Franklin,1.9332267648580392,62.41666666666666,True
Franklin,0.6040238620074476,1.9166666666666667,True
Franklin,2.152303476556258,2.0,True
Franklin,2.319122317107965,106.26666666666668,True
Franklin,1.8289629357940627,64.46666666666667,True
Franklin,2.421434076345295,15.416666666666666,True
Franklin,2.455826762375828,101.2,True
Franklin,2.9851074732856966,92.93333333333334,True
Franklin,2.50799042249864,0.7333333333333333,True
Franklin,2.0710660759280395,80.36666666666666,True
Franklin,2.169260167272445,0.1166666666666666,True
Franklin,2.0790753213265245,67.15,True
Franklin,1.9697592063089873,16.566666666666666,True
Franklin,1.962549491601518,0.5333333333333333,True
Franklin,1.4663569731419634,33.233333333333334,True
Franklin,1.8870449491998045,5.216666666666667,True
Franklin,1.9888323277716007,43.583333333333336,True
Franklin,2.5792072721406845,22.616666666666667,True
Franklin,2.6835626299201776,117.98333333333332,True
Franklin,2.2658770289212598,115.38333333333334,True
Franklin,3.017103609501194,118.81666666666666,True
Franklin,2.494456102275015,5.15,True
Franklin,2.4291237961727727,12.233333333333333,True
Franklin,1.9124265436795207,172.13333333333333,True
Franklin,3.3641017516412837,93.81666666666666,True
Franklin,2.4290948734833298,94.01666666666668,True
Franklin,2.488000900310692,68.85,True
Franklin,2.30654870153863,53.91666666666666,True
Franklin,1.9749684640878693,21.166666666666668,True
Franklin,3.146179181896361,67.8,True
Franklin,2.5345012967647187,136.91666666666666,True
Franklin,2.4317391675808597,1.3833333333333333,True
Franklin,1.9701344077585625,27.2,True
Franklin,2.2395003954971444,71.23333333333333,True
Franklin,2.6288642626937926,64.5,True
Franklin,2.622103813826475,10.083333333333334,True
Franklin,2.161569763675628,103.88333333333334,True
Franklin,1.9778768244369285,4.316666666666666,True
Franklin,2.036920161331934,21.7,True
Franklin,2.4022295677743255,8.15,True
Franklin,2.5568243251935803,1.05,True
Franklin,2.4091002170085782,55.35,True
Franklin,1.6117490291773982,8.033333333333333,True
Franklin,1.9827153988493604,9.183333333333334,True
Franklin,1.9702912283515306,0.4,True
Franklin,1.8048761101221313,8.5,True
Franklin,1.7347538445717865,49.5,True
Franklin,2.3974428402975008,79.8,True
Franklin,2.218572314901115,78.58333333333333,True
Franklin,2.4372052619487192,108.2,True
Franklin,1.8417974770098595,123.61666666666666,True
Franklin,2.120509689322124,595.2166666666667,False
Franklin,2.9757186415704413,28.98333333333333,True
Franklin,2.4982094063598246,8.433333333333334,True
Franklin,2.3990539315782895,104.05,True
Franklin,3.0550008822107713,117.51666666666668,True
Franklin,1.9397851871460368,27.73333333333333,True
Franklin,2.4447453466477675,1.6166666666666667,True
Franklin,2.779918843395138,22.4,True
Franklin,1.5232790443101691,24.866666666666667,True
Franklin,2.160215173087183,1.15,True
Franklin,2.573202321706082,9.416666666666666,True
Franklin,2.2836229489052413,78.18333333333334,True
Franklin,2.567612565535216,50.18333333333333,True
Franklin,1.8809948881161416,30.73333333333333,True
Franklin,2.005043320250842,2.8666666666666667,True
Franklin,2.5261351889656027,96.95,True
Franklin,2.149936374925842,9.333333333333334,True
Franklin,2.3158027321705466,7.816666666666666,True
Franklin,1.8705415513733576,76.58333333333333,True
Franklin,1.9896837122482436,110.86666666666666,True
Franklin,2.6809430372717227,70.81666666666666,True
Franklin,2.2441502447550365,96.66666666666669,True
Franklin,2.3858885586661747,14.35,True
Franklin,2.4169460791675057,117.15,True
Franklin,2.443963967372256,74.68333333333334,True
Franklin,1.8368494285310792,1.5333333333333334,True
Franklin,2.523845604059835,95.91666666666669,True
Franklin,2.248259677792458,5.916666666666667,True
Franklin,2.15486114475709,102.86666666666666,True
Franklin,1.4770305690163197,0.5166666666666667,True
Franklin,2.907601356007095,2.6,True
Franklin,3.0426472384651055,0.4333333333333333,True
Franklin,2.2179724648056163,93.23333333333332,True
Franklin,2.7131397303561444,101.93333333333334,True
Franklin,1.777902871649385,0.5,True
Franklin,3.157614956626615,3.9166666666666665,True
Franklin,2.3122606580989307,0.7,True
Franklin,2.8320625580298886,54.266666666666666,True
Franklin,1.8390209546170884,73.3,True
Franklin,2.362055083951921,70.98333333333333,True
Franklin,2.140002638034596,21.08333333333333,True
Franklin,2.0343571724070864,81.53333333333333,True
Franklin,2.2566791248989606,75.18333333333334,True
Franklin,2.3736484173519417,137.5,True
Franklin,2.416959882182981,0.6666666666666666,True
Franklin,1.649225933970618,1.0,True
Franklin,2.2384314812718937,9.733333333333333,True
Franklin,2.9533657753903313,46.25,True
Franklin,1.725721877184758,0.15,True
Franklin,2.879441640203633,26.75,True
Franklin,2.716042806944636,4.366666666666666,True
Franklin,2.061277940084093,0.1333333333333333,True
Franklin,1.7779537724573446,125.25,True
Franklin,2.6506992087573353,0.5333333333333333,True
Franklin,1.5213170525593351,0.6,True
Franklin,2.6602976458154575,92.43333333333334,True
Franklin,1.9433483206763136,3.75,True
Franklin,1.9242383422376161,6.35,True
Franklin,1.9025006358557686,116.38333333333334,True
Franklin,2.570182873389179,26.4,True
Franklin,0.8643220878013327,0.8,True
Franklin,2.5191627670741066,81.45,True
Franklin,3.105690692557165,96.95,True
Franklin,2.768156019143406,31.883333333333333,True
Franklin,2.1894965371330235,72.03333333333333,True
Franklin,2.614088385541881,0.2,True
Franklin,2.154044005629398,46.06666666666667,True
Franklin,2.286950151648212,48.7,True
Franklin,2.6523949692076996,76.83333333333333,True
Franklin,2.0925311899639785,75.86666666666666,True
Franklin,2.735849690612929,25.8,True
Franklin,1.6138114911236074,1.0,True
Franklin,2.8847439581224212,7.983333333333333,True
Franklin,1.834064092413245,63.46666666666667,True
Franklin,2.136550851907551,10.05,True
Franklin,2.1452713814529223,1.2333333333333334,True
Franklin,1.7492720026235509,13.15,True
Franklin,2.34419231645273,16.483333333333334,True
Franklin,1.6095086436691008,19.23333333333333,True
Franklin,2.4742107382949237,5.516666666666667,True
Franklin,2.2985450159343435,3.033333333333333,True
Franklin,1.8091186024738029,2.216666666666667,True
Franklin,1.9912800702396998,1.3,True
Franklin,2.5797342509524523,54.88333333333333,True
Franklin,2.604885441503858,31.0,True
Franklin,2.1124375233514914,358.53333333333336,False
Franklin,1.87182117546223,126.86666666666666,True
Franklin,2.4590234406522633,69.13333333333334,True
Franklin,2.5593609304395555,93.91666666666669,True
Franklin,2.4546125365186615,2.6,True
Franklin,2.498768511681805,25.55,True
Franklin,2.056852511146193,91.68333333333334,True
Franklin,2.0225968564757126,9.433333333333334,True
Franklin,2.3979160660869434,1.6833333333333331,True
Franklin,1.900411967030159,15.05,True
Franklin,2.530829536664854,4.683333333333334,True
Franklin,2.402801334938977,79.71666666666667,True
Franklin,2.3187020629691286,32.55,True
Franklin,2.774301414809761,29.28333333333333,True
Franklin,2.1336962158031514,43.0,True
Franklin,2.5561721025107076,11.916666666666666,True
Franklin,2.32733480210514,54.2,True
Franklin,2.6657335742712585,58.53333333333333,True
Franklin,2.2512182659849107,33.75,True
Franklin,2.0084622822072062,43.41666666666666,True
Franklin,2.5290083720946694,0.7333333333333333,True
Franklin,2.5140546805220008,47.66666666666666,True
Franklin,2.1669548671132968,1.5,True
Franklin,1.7848559257201042,21.866666666666667,True
Franklin,2.3438340173615817,27.85,True
Franklin,2.2183174889577164,8.35,True
Franklin,1.9659145824012703,291.18333333333334,False
Franklin,2.471833951907886,3.433333333333333,True
Franklin,2.5553121876756433,1.7666666666666666,True
Franklin,2.54510791782443,53.63333333333333,True
Franklin,3.266769569117815,5.583333333333333,True
Franklin,1.7667616053607753,66.98333333333333,True
Franklin,2.2652076701533654,75.71666666666667,True
Franklin,1.487585743009658,1.0,True
Franklin,2.8482360234807595,73.86666666666666,True
Franklin,2.082007553107863,0.25,True
Franklin,2.5414253426743794,0.7,True
Franklin,2.4223042563707455,2.083333333333333,True
Franklin,1.7061739243422587,0.6333333333333333,True
Franklin,2.034771602489693,26.85,True
Franklin,2.5160637508963846,31.55,True
Franklin,2.0375331365095626,53.93333333333333,True
Franklin,2.1120282606803427,1.85,True
Franklin,2.501422120409656,17.966666666666665,True
Franklin,2.2329463777935454,90.01666666666667,True
Franklin,2.0316229047471346,58.46666666666667,True
Franklin,2.530772882468811,2.2,True
Franklin,2.9354232681617165,1.0,True
Franklin,1.8368663106549363,33.93333333333333,True
Franklin,1.9668969481598813,88.86666666666666,True
Franklin,2.537596325022907,2.533333333333333,True
Franklin,2.415807177410843,2.3833333333333333,True
Franklin,2.3366109387158827,22.08333333333333,True
Franklin,2.0756168950326805,0.1333333333333333,True
Franklin,2.3842155575279533,0.0666666666666666,True
Franklin,2.5290335076547508,1.1833333333333331,True
Franklin,2.2734475829082474,8.45,True
Franklin,2.6273832230236547,123.71666666666668,True
Franklin,2.727340540735931,93.91666666666669,True
Franklin,1.8831273742091328,74.9,True
Franklin,1.5303234853867516,21.4,True
Franklin,2.3396264329706478,21.7,True
Franklin,2.0933986115068883,47.35,True
Franklin,2.3590019734084,11.033333333333331,True
Franklin,2.3971659349963637,2.683333333333333,True
Franklin,2.209163377836096,4.183333333333334,True
Franklin,1.9173303291575883,1.0,True
Franklin,1.7139775755422757,1.0,True
Franklin,1.9908016342648118,1.3833333333333333,True
Babet,1.826460391111977,5.3,True
Babet,1.1722344009377559,1.0,True
Babet,1.7805145899944603,36.2,True
Babet,1.7056171399975193,23.6,True
Babet,1.948969750647748,1.4833333333333334,True
Babet,1.699880106648762,16.366666666666667,True
Babet,1.619884095169716,7.216666666666667,True
Babet,1.6869241456128923,11.95,True
Babet,1.3854333622849793,0.6833333333333333,True
Babet,1.5711094207533332,5.15,True
Babet,1.2225628632510783,36.48333333333333,True
Babet,2.1025189754506233,11.6,True
Babet,1.749796674816067,18.8,True
Babet,1.787050929422186,8.816666666666666,True
Babet,1.4262626987235913,9.933333333333334,True
Babet,1.531668451225229,1.7666666666666666,True
Babet,2.0724708926897644,5.716666666666667,True
Babet,2.19676210896883,9.633333333333333,True
Babet,1.3539953880908187,5.916666666666667,True
Babet,1.8182965843496453,1.65,True
Babet,-0.19387544193874448,4.216666666666667,True
Babet,1.620499301428339,2.583333333333333,True
Babet,2.0249870131865757,28.0,True
Babet,1.8852989107644293,4.85,True
Babet,1.6346604846614199,0.5,True
Babet,1.4448521418184597,18.716666666666665,True
Babet,1.6832505892646146,1.7333333333333334,True
Babet,2.0789424555315024,4.416666666666667,True
Babet,1.719194221471207,8.533333333333333,True
Babet,1.4686878992229717,3.316666666666667,True
Babet,1.9244652715686648,29.83333333333333,True
Babet,1.8668856406426941,20.0,True
Babet,1.799197884749359,7.416666666666667,True
Babet,1.81329525681141,23.3,True
Babet,-1.540209917651148,3.4,True
Babet,2.130085662526384,9.016666666666667,True
Babet,0.19033259820036055,17.8,True
Babet,2.1991156412450072,10.5,True
Babet,2.3825784150262233,46.6,True
Babet,0.751619471540679,6.1,True
Babet,2.2958865092451934,18.866666666666667,True
Babet,0.9529541913533863,1.0,True
Babet,1.9712263863328232,2.4,True
Babet,1.8786821906400604,13.5,True
Babet,1.5302527970770423,7.05,True
Babet,1.3452158035890107,3.5166666666666666,True
Babet,2.132011809829145,8.383333333333333,True
Babet,0.13162462580193693,3.1,True
Babet,2.0546272903087175,28.916666666666668,True
Babet,1.5816648882334707,20.183333333333334,True
Babet,2.30952930343003,22.85,True
Babet,0.8834542618937995,5.316666666666666,True
Babet,2.3118797413453183,22.33333333333333,True
Babet,1.2710832603291031,1.4166666666666667,True
Babet,1.584326705619128,80.33333333333333,True
Babet,1.777540632368721,22.48333333333333,True
Babet,0.599132610484411,1.5,True
Babet,0.792830883484331,5.333333333333333,True
Babet,1.6537743443868986,4.0,True
Babet,1.1759850701164614,1.0,True
Babet,2.105218245953633,3.066666666666667,True
Babet,1.989492018001437,20.616666666666667,True
Babet,1.5689259604443047,10.116666666666667,True
Babet,1.9825455777285468,8.483333333333333,True
Babet,1.9159500939880825,5.466666666666667,True
Babet,2.0271756244241312,6.633333333333334,True
Babet,2.141908980169167,9.683333333333334,True
Babet,2.104383443788931,7.9,True
Babet,1.5342776267736227,16.216666666666665,True
Babet,1.8161335877141669,6.966666666666667,True
Babet,1.5019835943275752,5.55,True
Babet,2.178712994475035,11.316666666666666,True
Babet,1.8906374912081432,19.5,True
Babet,2.1612537155978857,7.283333333333333,True
Babet,1.4892275233693004,4.666666666666667,True
Babet,1.0609182197730687,1.0,True
Babet,0.905375497514725,8.483333333333333,True
Babet,1.182298655285884,7.5,True
Babet,0.7962515917017932,1.5333333333333334,True
Babet,0.6565708347043966,7.366666666666666,True
Babet,1.154891383924166,1.6666666666666667,True
Babet,2.153006304862042,8.633333333333333,True
Babet,0.8836794179014116,20.183333333333334,True
Babet,1.290024495333133,1.4833333333333334,True
Babet,2.4544226501294375,60.0,True
Babet,0.9170997411728341,2.6333333333333333,True
Babet,1.9168540945398618,8.483333333333333,True
Babet,2.0975378199118273,9.916666666666666,True
Babet,1.0610448527870564,1.0,True
Babet,1.026506509840238,1.0,True
Babet,1.061004424697058,67.8,True
Babet,1.5752680447441478,5.516666666666667,True
Babet,2.1844389436579275,7.933333333333334,True
Babet,1.8694759609041076,10.65,True
Babet,2.0096466926422463,5.333333333333333,True
Babet,2.077167246368435,9.966666666666669,True
Babet,2.173674041744547,62.73333333333333,True
Babet,1.075513065249095,1.0,True
Babet,1.6825704579635996,20.716666666666665,True
Babet,2.10151164866112,15.8,True
Babet,1.9564914250523042,4.016666666666667,True
Babet,1.8969779318711812,7.883333333333334,True
Babet,1.7417933459957144,6.983333333333333,True
Babet,1.9980130785736092,4.916666666666667,True
Babet,1.8290163578058978,35.65,True
Babet,-0.6271304927142092,1.7166666666666666,True
Babet,1.7428352248090953,10.483333333333333,True
Babet,1.848912199326331,10.383333333333333,True
Babet,1.2300926853041074,9.05,True
Babet,2.0318416929570877,6.15,True
Babet,1.6267566679812286,2.3,True
Babet,0.6647197981726369,3.35,True
Babet,2.093017250293645,11.216666666666669,True
Babet,0.983418689410132,5.966666666666667,True
Babet,1.9704649077925533,25.7,True
Babet,1.8028278628120415,3.816666666666667,True
Babet,1.7041929819967432,16.6,True
Babet,1.993348739243808,2.4833333333333334,True
Babet,2.1380981051704557,0.75,True
Babet,1.7563751069442959,11.85,True
Babet,1.7974102347064023,39.8,True
Babet,2.006386252313626,4.65,True
Babet,1.998280120627555,21.03333333333333,True
Babet,1.4797269131658752,1.5666666666666669,True
Babet,2.041689128743829,1.2166666666666666,True
Babet,0.08386031004958941,2.6666666666666665,True
Babet,0.6271501530237638,1.5833333333333333,True
Babet,1.9113249835243162,15.5,True
Babet,2.4242549427781444,24.133333333333333,True
Babet,1.763287019961054,16.033333333333335,True
Babet,1.957518331581618,8.0,True
Babet,1.951032910409761,43.65,True
Babet,1.7067249451683313,18.316666666666663,True
Babet,1.9269612058068495,4.0,True
Babet,1.6121152054633905,6.2,True
Babet,1.8394560736603554,0.3833333333333333,True
Babet,1.6308931041321173,2.95,True
Babet,2.3507186786382017,31.05,True
Babet,1.9888054490392042,12.083333333333334,True
Babet,1.6805202214581942,12.0,True
Babet,1.8641285066229734,6.316666666666666,True
Babet,1.2727037017706597,8.316666666666666,True
Babet,1.0357497866980658,0.3166666666666666,True
Babet,0.20190889617326938,4.0,True
Babet,1.8296237476317434,1.6666666666666667,True
Babet,1.9069172404442178,34.483333333333334,True
Babet,1.5329138457358091,9.033333333333331,True
Babet,1.5380790109230948,6.433333333333334,True
Babet,1.9372764812990952,2.6166666666666667,True
Babet,1.7358996666362327,3.85,True
Babet,2.08010411486129,10.183333333333334,True
Babet,1.9469303295981697,3.316666666666667,True
Babet,1.6841998197653167,24.5,True
Babet,1.60063999429239,6.483333333333333,True
Babet,2.0377192383267615,4.95,True
Babet,1.5493811529456996,5.533333333333333,True
Babet,1.4930111213823256,25.216666666666665,True
Babet,1.1980704442704968,6.45,True
Babet,1.0494181254620667,21.58333333333333,True
Babet,2.0005742759823395,2.6,True
Babet,1.4037540892048779,2.4166666666666665,True
Babet,1.632745794586738,4.916666666666667,True
Babet,1.997218578424345,7.766666666666667,True
Babet,1.8335781049745712,7.7,True
Babet,0.3659479061301507,2.2666666666666666,True
Babet,2.0172300328839947,11.95,True
Babet,2.2307361438443,9.266666666666667,True
Babet,2.2177492633274416,18.7,True
Babet,1.4621050656028771,6.9,True
Babet,1.8670966839119656,10.566666666666666,True
Babet,1.6626165816658842,2.4,True
Babet,1.8084295577205334,12.783333333333331,True
Babet,1.878255166922174,6.4,True
Babet,0.9612113559498101,0.7166666666666667,True
Babet,1.8050331224565919,18.4,True
Babet,2.0129175286706427,17.166666666666668,True
Babet,2.212578084602849,5.216666666666667,True
Babet,1.5225608359090637,19.95,True
Babet,1.7522022107060218,23.45,True
Babet,1.7525460500796017,10.35,True
Babet,1.3807651230392008,1.7666666666666666,True
Babet,1.0360595957958578,0.6166666666666667,True
Babet,1.671619619603348,8.6,True
Babet,1.6577315052355908,26.75,True
Babet,1.7248490708942135,9.166666666666666,True
Babet,1.6391892068161047,9.516666666666667,True
Babet,2.025741013115591,2.5166666666666666,True
Babet,1.4929280208274327,5.416666666666667,True
Babet,1.5309013537489822,3.3833333333333333,True
Babet,0.9094615896824997,5.916666666666667,True
Babet,2.1506328649202775,10.683333333333334,True
Babet,1.6295340134393195,6.65,True
Babet,1.651684554115965,11.066666666666666,True
Babet,2.0548470864826154,11.966666666666669,True
Babet,1.0624896778444266,1.0,True
Babet,1.3662732541805966,7.916666666666667,True
Babet,1.6147964069797052,6.4,True
Babet,1.8326105374695754,2.3833333333333333,True
Babet,1.6523187475385344,23.666666666666668,True
Babet,1.1112125634669998,146.9,True
Babet,1.074176337900695,1.0,True
Babet,1.8595268632316806,7.4,True
Babet,2.2285007845472027,13.316666666666666,True
Babet,1.511421044211772,5.416666666666667,True
Babet,1.7601932215945317,10.466666666666669,True
Babet,2.155469018142755,13.15,True
Babet,2.2016859779243108,7.5,True
Babet,1.7284755993862215,22.33333333333333,True
Babet,1.8410531051721322,27.7,True
Babet,1.6395757357762566,11.433333333333334,True
Babet,1.561072948785443,10.95,True
Babet,1.4211040420988343,4.833333333333333,True
Babet,2.0569256280497723,10.033333333333331,True
Babet,1.959853911956384,20.03333333333333,True
Babet,1.7591340321369406,6.45,True
Babet,1.2409346040792575,3.716666666666667,True
Babet,1.7064462288102664,24.716666666666665,True
Babet,1.5329715166710627,9.35,True
Babet,1.8413786089795652,2.3833333333333333,True
Babet,2.0375563257715505,2.566666666666667,True
Babet,0.8384756422463684,5.883333333333334,True
Babet,2.04030431492962,2.933333333333333,True
Babet,1.814405167805762,2.833333333333333,True
Babet,0.1449399282643369,0.5166666666666667,True
Babet,1.9114782210388634,1.2833333333333334,True
Babet,1.3532724035319492,17.883333333333333,True
Babet,1.1454428415763789,1.0,True
Babet,1.1472630433491147,1.0,True
Babet,1.9904608518190905,36.85,True
Babet,2.1074310548591666,12.033333333333331,True
Babet,1.5591146382905223,1.4666666666666666,True
Babet,1.9877707764060184,1.8333333333333333,True
Babet,1.68522245772488,2.1333333333333333,True
Babet,2.168308907661868,4.483333333333333,True
Babet,2.34711980830069,3.466666666666667,True
Babet,1.6039793407907827,10.216666666666669,True
Babet,1.0515930737685362,1.0,True
Babet,1.3328807867471126,4.75,True
Babet,1.467862149331403,7.666666666666667,True
Babet,1.6760003455429444,16.516666666666666,True
Babet,1.904578969042725,6.733333333333333,True
Babet,1.7745948425944211,20.33333333333333,True
Babet,0.9672520763783541,2.2333333333333334,True
Babet,1.0501812039873433,3.1333333333333333,True
Babet,1.3801879853169168,359.8333333333333,False
Babet,1.136705233650587,6.4,True
Babet,1.7316798896268168,22.3,True
Babet,1.6099336051393567,11.133333333333333,True
Babet,1.8716816026498664,3.5166666666666666,True
Babet,1.1119548296569075,77.11666666666666,True
Babet,1.6770921825377139,4.816666666666666,True
Babet,0.8143545911049146,1.933333333333333,True
Babet,2.1049964423655405,5.866666666666666,True
Babet,2.082007357088055,12.15,True
Babet,1.7396080495487887,11.483333333333333,True
Babet,1.6749065365653615,8.183333333333334,True
Babet,1.8003586257217745,1.0,True
Babet,1.1330540354367575,1.0,True
Babet,1.6397472331528768,14.433333333333334,True
Babet,1.9843857785933054,7.116666666666666,True
Babet,2.090256719762642,5.316666666666666,True
Babet,1.8245326414255616,3.4833333333333334,True
Babet,1.7021727698439326,12.916666666666666,True
Babet,1.549093870776888,18.366666666666667,True
Babet,1.945165814646761,2.583333333333333,True
Babet,1.075067053077699,1.0,True
Babet,1.1171782108500548,1.0,True
Babet,2.024244265440001,1.4333333333333331,True
Babet,1.5300617266928984,5.133333333333334,True
Babet,2.3659703485548986,18.45,True
Babet,1.3458314795351378,4.0,True
Babet,1.5347527847974862,11.816666666666666,True
Babet,1.8854395306461151,3.216666666666667,True
Babet,2.0485595532308705,4.166666666666667,True
Babet,1.2222253690782483,1.0,True
Babet,1.4127211257383478,6.366666666666666,True
Babet,1.9479216218765285,15.533333333333331,True
Babet,1.5242674338761022,34.833333333333336,True
Babet,1.6520436451714273,7.566666666666666,True
Babet,1.753718922962336,22.366666666666667,True
Babet,1.7483723360583405,6.933333333333334,True
Babet,1.0165047634475564,3.2666666666666666,True
Babet,1.147393630277746,1.0,True
Babet,1.205950240589535,1.0,True
Babet,1.4025325235402524,8.516666666666667,True
Babet,1.7804696181880504,4.616666666666666,True
Babet,1.8553305850417567,8.25,True
Babet,1.0865994597626165,1.0,True
Babet,2.0024213835262565,15.35,True
Babet,1.6252606031616932,20.316666666666663,True
Babet,1.839691865913848,0.6333333333333333,True
Babet,1.4245151653280788,2.4833333333333334,True
Babet,1.537743253921085,28.1,True
Babet,1.5869040312795442,5.8,True
Babet,1.6347738173072766,0.9,True
Babet,1.7657094382715555,6.45,True
Babet,1.9238290036128929,10.95,True
Babet,1.3587139469155742,2.533333333333333,True
Babet,1.1750364715668056,4.1,True
Babet,1.861404406786285,1.75,True
Babet,1.336552153513999,6.05,True
Babet,1.214845004617151,5.65,True
Babet,1.4416214407509118,17.5,True
Babet,0.49958077109200927,2.566666666666667,True
Babet,1.3788395271716363,6.9,True
Babet,1.8842614956538313,2.583333333333333,True
Babet,2.0843439679083455,12.433333333333334,True
Babet,1.4024397600013594,5.333333333333333,True
Babet,1.8543616041885038,6.283333333333333,True
Babet,1.4283755343358449,5.65,True
Babet,1.599167485503564,70.18333333333334,True
Babet,2.0409386665679303,6.416666666666667,True
Babet,1.5241655139314503,2.8,True
Babet,1.4948631542585065,8.45,True
Babet,2.12649100266024,8.95,True
Babet,2.0356065067314706,7.3,True
Babet,2.1062589775970837,10.983333333333333,True
Babet,1.2648230845543114,4.366666666666666,True
Babet,1.8223594304980661,16.0,True
Babet,1.3576462425308344,4.266666666666667,True
Babet,1.2936554783340974,2.5166666666666666,True
Babet,1.2131151760688952,6.85,True
Babet,1.277597018722635,1.95,True
Babet,1.3351128700759873,3.783333333333333,True
Babet,1.5052674516227023,7.8,True
Babet,1.3468261741376448,1.0,True
Babet,1.5207023580469559,2.683333333333333,True
Babet,1.7533070569886062,5.666666666666667,True
Babet,1.5959435599808818,5.283333333333333,True
Babet,1.4399860995628004,4.833333333333333,True
Babet,1.7242805694854817,10.783333333333331,True
Babet,1.7767976378474604,9.55,True
Babet,1.159396986962458,7.533333333333333,True
Babet,1.0156149423041736,3.75,True
Babet,1.9335319524711223,6.15,True
Babet,1.5048368149256268,4.2,True
Babet,1.2973533205624839,1.5,True
Babet,1.5381776521220059,21.883333333333333,True
Babet,1.9963702585849075,3.15,True
Babet,1.9711926876220245,21.816666666666663,True
Babet,1.750388040483584,54.63333333333333,True
Babet,1.9885731397884783,3.5,True
Babet,1.6645069483128316,1.75,True
Babet,1.359089345671729,6.6,True
Babet,1.0998430057006714,1.0,True
Babet,1.0624341623338216,1.0,True
Babet,1.5019835943275752,2.9833333333333334,True
Babet,1.6422719254654483,10.8,True
Babet,1.971292855823568,20.933333333333334,True
Babet,1.3647111406958463,25.5,True
Babet,1.948966062045716,12.983333333333333,True
Babet,1.2752564420523003,0.1666666666666666,True
Babet,1.4512335259791909,0.2333333333333333,True
Babet,1.5500710729623441,1.5333333333333334,True
Babet,1.036694784753093,1.8666666666666667,True
Babet,1.391539030418754,5.933333333333334,True
Babet,1.6344745651472712,10.633333333333333,True
Babet,1.686965105474458,3.1,True
Babet,0.9261247054921449,5.7,True
Babet,1.215595619570542,1.0,True
Babet,1.811168878111542,44.5,True
Babet,1.5171808376357516,16.333333333333332,True
Babet,1.2120280652466833,192.2,False
Babet,1.4829347737715195,25.383333333333333,True
Babet,1.3532770801446974,5.7,True
Babet,1.8152062380684182,5.466666666666667,True
Babet,1.6950891192967774,15.083333333333334,True
Babet,2.1292939655231264,19.9,True
Babet,1.1832695812519156,1890.4666666666667,False
Babet,1.711283862949402,21.5,True
Babet,1.6484664056969716,4.783333333333333,True
Babet,1.6250970302286518,9.833333333333334,True
Babet,0.8989739617197492,1.0,True
Babet,1.1403677193068842,1.0,True
Babet,1.436808036321008,2.2666666666666666,True
Babet,1.2025559182706065,4.933333333333334,True
Babet,1.2792866543621102,19.966666666666665,True
Babet,1.6997514602719346,2.283333333333333,True
Babet,1.386069729521576,3.566666666666667,True
Babet,1.9140379861643804,1.8333333333333333,True
Babet,1.773142852613981,3.1333333333333333,True
Babet,1.639885430605957,5.7,True
Babet,1.2105996232941139,8.15,True
Babet,1.6471093163225867,3.3666666666666667,True
Babet,1.9666646652475852,6.05,True
Babet,1.4907064007435844,48.833333333333336,True
Babet,1.9000679334228254,2.9166666666666665,True
Babet,2.1405483522527655,10.733333333333333,True
Babet,1.7324971391983595,0.55,True
Babet,2.006606263001076,7.35,True
Babet,1.1475940975690482,1.0,True
Babet,1.3387100538162438,10.816666666666666,True
Babet,0.8850334834019344,1.0,True
Babet,1.5446633871889928,11.666666666666666,True
Babet,1.377535021455734,5.883333333333334,True
Babet,0.9827928017842398,1.0,True
Babet,1.0620921271555677,1.0,True
Babet,1.8395676980571372,4.266666666666667,True
Babet,1.5678511149834424,10.966666666666669,True
Babet,2.1490839001829993,3.2333333333333334,True
Babet,1.9989375182426814,2.15,True
Babet,1.4508631967580812,10.366666666666667,True
Babet,1.6066292639479833,4.116666666666666,True
Babet,1.9932593188737484,0.6833333333333333,True
Babet,1.4832961291140667,9.133333333333333,True
Babet,1.4636419069237196,13.866666666666667,True
Babet,2.0423041425200257,1.3833333333333333,True
Babet,1.268925107413493,1.0,True
Babet,1.0994966624892397,10.916666666666666,True
Babet,2.0084523681321365,3.083333333333333,True
Babet,1.5760259307780595,10.333333333333334,True
Babet,1.6313238831801398,4.533333333333333,True
Babet,1.6776541949498238,1.85,True
Babet,1.607937943440374,5.966666666666667,True
Babet,1.5393347167373426,8.833333333333334,True
Babet,1.7753561026632785,7.05,True
Babet,1.2442622452306553,2.65,True
Babet,1.625763356823105,4.566666666666666,True
Babet,1.382701628319054,1.6833333333333331,True
Babet,2.0457006556747235,10.9,True
Babet,2.018349977055628,0.45,True
Babet,2.0770386760770045,4.833333333333333,True
Babet,1.55935164410994,15.083333333333334,True
Babet,1.4479498679576102,10.15,True
Babet,1.328473247426466,10.183333333333334,True
Babet,1.4951197695940603,4.25,True
Babet,2.074313325054214,9.283333333333331,True
Babet,1.7786868670311287,21.08333333333333,True
Babet,1.6510358848662436,15.216666666666669,True
Babet,1.6727809141740562,0.75,True
Babet,2.0548299654209585,0.9333333333333332,True
Babet,0.9522107880224402,56.06666666666667,True
Babet,1.5662529242132361,7.45,True
Babet,1.315508398273065,4.6,True
Babet,1.4994448876649251,4.416666666666667,True
Babet,1.7315584000049475,4.35,True
Babet,1.5605448290078185,2.066666666666667,True
Babet,1.8365988943594274,10.683333333333334,True
Babet,1.9574508787378142,5.983333333333333,True
Babet,2.1649153926487585,12.05,True
Babet,1.6774125734904208,9.283333333333331,True
Babet,1.5607915774881995,52.6,True
Babet,0.9012299651890543,1.0,True
Babet,1.4006471816548265,8.366666666666667,True
Babet,2.166732516436632,19.133333333333333,True
Babet,1.5416653378131842,13.816666666666666,True
Babet,1.6321006655314079,8.25,True
Babet,2.0215731439445674,1.0,True
Babet,2.2212712666328196,24.933333333333334,True
Babet,1.6106967892492259,7.566666666666666,True
Babet,1.3032254535698833,6.65,True
Babet,0.8428883866084456,1.0,True
Babet,1.983292004372768,0.1666666666666666,True
Babet,1.7393255420214295,5.05,True
Babet,2.378053114716531,22.8,True
Babet,2.121599795302717,3.883333333333333,True
Babet,1.9426989207970917,4.416666666666667,True
Babet,1.9069185416152465,23.633333333333333,True
Babet,1.639818024384195,9.95,True
Babet,1.8196801202154174,2.566666666666667,True
Babet,1.387199207754903,8.6,True
Babet,1.636025993303317,1.4666666666666666,True
Babet,1.3192814200442466,16.15,True
Babet,1.9772879092288536,2.7666666666666666,True
Babet,2.0847557483515176,3.466666666666667,True
Babet,1.8317680098648383,6.516666666666667,True
Babet,1.3943056656936723,4.083333333333333,True
Babet,1.5119058696160477,21.1,True
Babet,1.580364135120111,2.6666666666666665,True
Babet,1.6188123940197245,18.0,True
Babet,1.0414043499951853,3.033333333333333,True
Babet,1.7992031305178682,1.5333333333333334,True
Babet,1.8115074256128516,12.3,True
Babet,1.5894653297127932,71.73333333333333,True
Babet,2.179414376357355,2.1666666666666665,True
Babet,1.9168540945398618,6.983333333333333,True
Babet,1.5561998028592954,15.633333333333333,True
Babet,1.944860999218387,17.916666666666668,True
Babet,1.3184918289644907,1.0,True
Babet,1.525750050334648,5.35,True
Babet,1.467862149331403,28.366666666666667,True
Babet,1.9759727837586114,2.1166666666666667,True
Babet,2.3050046731495737,1.75,True
Babet,1.5515975822580375,5.483333333333333,True
Babet,2.0495616211558745,13.483333333333333,True
Babet,1.4868405127858564,5.883333333333334,True
Babet,1.026506509840238,1.0,True
Babet,1.781363129106135,1.5833333333333333,True
Babet,1.2047304572610655,1.0,True
Babet,1.3989687590721447,1.1666666666666667,True
Babet,1.5118124958282286,9.316666666666666,True
Babet,1.9508147582022128,0.9333333333333332,True
Babet,1.7728307591202994,31.4,True
Babet,1.5529484048838498,21.48333333333333,True
Babet,1.7601043576330384,3.783333333333333,True
Babet,1.8941577122703501,11.733333333333333,True
Babet,1.5735777526985681,9.716666666666669,True
Babet,1.6917808461931256,5.7,True
Babet,1.0993562087505153,14.183333333333334,True
Babet,0.22018855964119324,0.05,True
Babet,1.0812124631867905,1.0,True
Babet,0.9163605198872236,3.1166666666666667,True
Babet,1.4416524847502528,10.483333333333333,True
Babet,1.5723629003530797,6.6,True
Babet,2.0516693664071375,13.0,True
Babet,1.3704187746816543,11.416666666666666,True
Babet,1.3385209910138594,28.316666666666663,True
Babet,1.45549182765504,7.55,True
Babet,1.4282344435220646,5.216666666666667,True
Ciaran,1.1303094165831233,1.0,True
Ciaran,1.305638955732871,1.0,True
Ciaran,1.2264616828951957,6.766666666666667,True
Ciaran,1.9306626517517074,11.15,True
Ciaran,2.231137048954854,7.966666666666667,True
Ciaran,2.4691870562891425,42.016666666666666,True
Ciaran,1.8025389701951136,12.5,True
Ciaran,2.1332606437002704,15.5,True
Ciaran,1.4620946922869444,0.5333333333333333,True
Ciaran,0.3781741179612512,2.466666666666667,True
Ciaran,1.311011125092162,5.716666666666667,True
Ciaran,-0.25167023915931863,1.25,True
Ciaran,1.4759904669037274,6.416666666666667,True
Ciaran,1.9891319796269142,11.966666666666669,True
Ciaran,1.4015943886697533,33.35,True
Ciaran,2.0714167766573537,3.75,True
Ciaran,1.5342843449159285,4.3,True
Ciaran,1.7281090975151205,8.466666666666667,True
Ciaran,1.8544176406733304,5.933333333333334,True
Ciaran,2.252025942172029,14.3,True
Ciaran,2.3043859661995847,8.616666666666667,True
Ciaran,1.75321583995962,3.15,True
Ciaran,2.0953242428352534,11.916666666666666,True
Ciaran,1.3929275480196466,27.53333333333333,True
Ciaran,2.196949181879955,34.88333333333333,True
Ciaran,-0.0024383250690063266,0.8833333333333333,True
Ciaran,1.9735558293516757,9.316666666666666,True
Ciaran,1.7386869851023643,3.1666666666666665,True
Ciaran,1.6179055596570433,4.933333333333334,True
Ciaran,1.6158506960716061,2.25,True
Ciaran,2.2221933955373396,6.716666666666667,True
Ciaran,2.2369197203433457,9.216666666666669,True
Ciaran,2.21954676431674,4.333333333333333,True
Ciaran,2.0537520628383974,11.2,True
Ciaran,1.3207412405081709,1.0,True
Ciaran,1.1054890235947101,1.0,True
Ciaran,2.043081417621342,21.5,True
Ciaran,1.8712666091952503,14.366666666666667,True
Ciaran,2.104288937770156,7.133333333333334,True
Ciaran,1.7838046573108892,22.166666666666668,True
Ciaran,2.092430507644193,12.05,True
Ciaran,1.1440478750426568,0.1166666666666666,True
Ciaran,0.8515478813185198,9.333333333333334,True
Ciaran,1.9001575603032548,15.05,True
Ciaran,3.375824255900111,15.833333333333334,True
Ciaran,2.119685244144116,9.4,True
Ciaran,1.5699374949481213,2.55,True
Ciaran,2.170591335730899,10.633333333333333,True
Ciaran,2.0467686200867328,18.33333333333333,True
Ciaran,2.304302991557858,11.7,True
Ciaran,2.0272321997753755,5.466666666666667,True
Ciaran,1.8348700517740084,19.33333333333333,True
Ciaran,2.3465144492308023,22.383333333333333,True
Ciaran,1.1526701534042845,18.933333333333334,True
Ciaran,1.4956114611816669,4.1,True
Ciaran,1.4018020787705556,8.55,True
Ciaran,1.4584289353546132,0.85,True
Ciaran,2.14632466184725,2.4166666666666665,True
Ciaran,1.4325115475612857,3.333333333333333,True
Ciaran,2.319524116343481,21.53333333333333,True
Ciaran,2.2011837622162633,5.283333333333333,True
Ciaran,2.094095133771034,22.466666666666665,True
Ciaran,2.1905937865208376,15.5,True
Ciaran,1.6755361226878944,13.566666666666666,True
Ciaran,1.3569253761023794,2.6333333333333333,True
Ciaran,1.5138668385106597,12.133333333333333,True
Ciaran,1.7861823923081797,13.883333333333333,True
Ciaran,1.723923984307685,26.016666666666666,True
Ciaran,1.573950378219205,53.3,True
Ciaran,1.5732421527727591,14.35,True
Ciaran,1.5862466828155928,43.1,True
Ciaran,1.2097444171567286,1.0,True
Ciaran,1.258063801952676,1.0,True
Ciaran,2.2991251338268284,11.666666666666666,True
Ciaran,2.1643192014247075,5.9,True
Ciaran,1.8998616486451458,0.8,True
Ciaran,2.1167571510321737,17.983333333333334,True
Ciaran,1.8398965700140053,1.3333333333333333,True
Ciaran,0.8591969914412079,0.5666666666666667,True
Ciaran,2.4921460161132636,6.05,True
Ciaran,2.1180650005199846,14.566666666666666,True
Ciaran,2.699558477733429,5.416666666666667,True
Ciaran,2.0204349515304005,1.9166666666666667,True
Ciaran,2.9166403796626303,4.333333333333333,True
Ciaran,1.8625790639687092,7.55,True
Ciaran,1.8836492974950685,3.5,True
Ciaran,2.310593687742886,0.75,True
Ciaran,1.9141577875398799,3.183333333333333,True
Ciaran,1.5925208989641126,8.616666666666667,True
Ciaran,2.104224717412408,29.05,True
Ciaran,1.648976078716684,2.65,True
Ciaran,1.3177526592663076,1.0,True
Ciaran,1.2722527188946338,1.0,True
Ciaran,1.2689965395558114,1.0,True
Ciaran,1.5908491684091575,3.2666666666666666,True
Ciaran,1.6745286615821964,18.216666666666665,True
Ciaran,1.778256995125764,6.483333333333333,True
Ciaran,1.7507345021897536,17.866666666666667,True
Ciaran,1.3976132343193701,1.9166666666666667,True
Ciaran,1.6307654551652615,11.433333333333334,True
Ciaran,1.2545723593116687,8.8,True
Ciaran,1.5665181672709154,9.883333333333333,True
Ciaran,2.321958367285995,16.733333333333334,True
Ciaran,1.1207599483643729,12.8,True
Ciaran,2.0552887583393886,3.2666666666666666,True
Ciaran,1.3560738581300116,4.7,True
Ciaran,2.174198563103064,1.6666666666666667,True
Ciaran,1.8250379429155053,2.7333333333333334,True
Ciaran,1.5740969423448525,6.733333333333333,True
Ciaran,1.7701497751595316,2.4,True
Ciaran,2.2553108740130194,7.1,True
Ciaran,1.7120795896661354,0.5,True
Ciaran,1.797846502407112,7.116666666666666,True
Ciaran,2.009995724098327,19.666666666666668,True
Ciaran,1.6100745096317455,4.283333333333333,True
Ciaran,0.8158430665226195,0.65,True
Ciaran,0.1628621898133178,7.083333333333333,True
Ciaran,1.9250982760374773,2.1166666666666667,True
Ciaran,2.4148607301624283,10.9,True
Ciaran,1.9611747657658551,4.566666666666666,True
Ciaran,2.324200532646103,4.216666666666667,True
Ciaran,1.99692792708481,29.9,True
Ciaran,1.9513825327254448,3.216666666666667,True
Ciaran,1.4764653361740427,3.066666666666667,True
Ciaran,1.937911471622362,4.966666666666667,True
Ciaran,1.5192804681219794,4.866666666666666,True
Ciaran,1.3041129035501566,848.8,False
Ciaran,0.6700072785651761,6.916666666666667,True
Ciaran,1.8511405506101744,23.1,True
Ciaran,1.0453408071997254,17.133333333333333,True
Ciaran,-0.4617999744437318,0.1,True
Ciaran,1.0838593867681838,25.933333333333334,True
Ciaran,2.1699385200678094,20.716666666666665,True
Ciaran,2.1182889971684635,9.75,True
Ciaran,1.8679826265028028,8.6,True
Ciaran,1.691945973088915,4.583333333333333,True
Ciaran,1.1475931937143702,5.8,True
Ciaran,1.2062861616099265,4.066666666666666,True
Ciaran,1.7776364834651746,12.716666666666669,True
Ciaran,1.9491416887341304,17.883333333333333,True
Ciaran,1.4106189765779897,1.0,True
Ciaran,1.4927037228846551,5.783333333333333,True
Ciaran,1.7191664761010246,3.3666666666666667,True
Ciaran,1.123468939818109,1.0,True
Ciaran,2.2082997456662614,2.583333333333333,True
Ciaran,2.463103196567581,3.35,True
Ciaran,3.0164829847756693,3.1166666666666667,True
Ciaran,1.7613053233667528,13.0,True
Ciaran,2.6838863644276714,13.383333333333333,True
Ciaran,2.2269093587166457,4.583333333333333,True
Ciaran,1.356921031080727,1.0,True
Ciaran,2.123158615310566,6.283333333333333,True
Ciaran,1.6298185986023095,11.7,True
Ciaran,1.4452431061388948,54.66666666666666,True
Ciaran,1.7194915009064684,12.633333333333333,True
Ciaran,1.8490525025263258,18.45,True
Ciaran,1.680572285043117,23.05,True
Ciaran,1.8080301324320003,9.933333333333334,True
Ciaran,2.222761448568419,11.566666666666666,True
Ciaran,1.8200242672193978,11.833333333333334,True
Ciaran,1.412455454365988,1.3666666666666667,True
Ciaran,1.174000294090421,15.883333333333333,True
Ciaran,1.6290034963772733,21.433333333333334,True
Ciaran,1.5340421224982632,4.266666666666667,True
Ciaran,1.205217309619923,18.5,True
Ciaran,1.8510851807717248,11.95,True
Ciaran,2.1867891725770345,4.716666666666667,True
Ciaran,2.233846704067339,17.133333333333333,True
Ciaran,2.278671819863456,5.8,True
Ciaran,2.142873207724731,9.966666666666669,True
Ciaran,1.3565528493877512,1.0,True
Ciaran,3.0497477809862596,7.883333333333334,True
Ciaran,2.223283496324555,11.916666666666666,True
Ciaran,1.4122772497806209,1.0,True
Ciaran,1.5612306382472496,55.98333333333333,True
Ciaran,1.714058290959231,13.933333333333334,True
Ciaran,2.098224752340593,34.916666666666664,True
Ciaran,1.704275156557298,6.466666666666667,True
Ciaran,1.7704407888604636,1.95,True
Ciaran,0.720601085485135,5.3,True
Ciaran,1.8358157998401665,4.866666666666666,True
Ciaran,2.173225886784999,4.966666666666667,True
Ciaran,1.492589591751396,5.233333333333333,True
Ciaran,1.4473702577978462,4.55,True
Ciaran,2.1325025677212626,8.6,True
Ciaran,1.8909919348862223,11.95,True
Ciaran,2.2468712402042588,5.183333333333334,True
Ciaran,2.1263768414300444,2.95,True
Ciaran,1.1476813249351474,5.183333333333334,True
Ciaran,1.3604233130348915,145.73333333333332,True
Ciaran,1.7252929681401221,4.9,True
Ciaran,1.418443119565527,2.066666666666667,True
Ciaran,1.8673044784361164,4.216666666666667,True
Ciaran,1.091454461920481,0.2833333333333333,True
Ciaran,1.9335452897522247,2.55,True
Ciaran,1.50983297024778,4.766666666666667,True
Ciaran,2.0422730069855355,13.716666666666669,True
Ciaran,1.9838040515947049,0.6666666666666666,True
Ciaran,0.839393959264848,6.083333333333333,True
Ciaran,1.5131070693523256,4.216666666666667,True
Ciaran,1.42970100989675,3.3666666666666667,True
Ciaran,1.4854066989545622,8.616666666666667,True
Ciaran,2.224468744690466,95.91666666666669,True
Ciaran,1.2404661235997592,1.0,True
Ciaran,1.5994566567806274,114.46666666666668,True
Ciaran,1.6635249384018722,64.95,True
Ciaran,2.167257946070529,9.683333333333334,True
Ciaran,1.9008389996194088,2.9166666666666665,True
Ciaran,1.5974234485857182,4.85,True
Ciaran,2.0418948118186373,11.283333333333331,True
Ciaran,1.0909514684815633,1.4333333333333331,True
Ciaran,1.6320758090130425,16.05,True
Ciaran,1.138201263742016,12.633333333333333,True
Ciaran,1.771582360177571,9.15,True
Ciaran,1.7980907996156306,1.3666666666666667,True
Ciaran,2.350943162707648,9.5,True
Ciaran,1.002949272276416,5.283333333333333,True
Ciaran,1.9802058863379106,5.7,True
Ciaran,2.344925789212901,10.933333333333334,True
Ciaran,1.62977091178732,6.516666666666667,True
Ciaran,2.108871523595394,20.4,True
Ciaran,1.4318565108809171,1.0,True
Ciaran,1.1937697532004228,1.0,True
Ciaran,1.8471986198313746,12.05,True
Ciaran,2.081599574570265,2.8833333333333333,True
Ciaran,0.5690905995174111,3.4,True
Ciaran,1.658665561063699,13.166666666666666,True
Ciaran,1.9115815998103314,1.35,True
Ciaran,1.7933433994160788,16.05,True
Ciaran,2.2731193294083067,13.583333333333334,True
Ciaran,1.7003310714836601,17.4,True
Ciaran,1.486485940655564,1.0,True
Ciaran,1.8584946249443892,13.116666666666667,True
Ciaran,2.1215433156072208,30.5,True
Ciaran,1.0763548347008374,1.0,True
Ciaran,1.2722527188946338,1.0,True
Ciaran,1.3781495495697984,1.0,True
Ciaran,1.1102908034652568,1.0,True
Ciaran,1.2737193431438774,0.5,True
Ciaran,0.15435325573596725,10.133333333333333,True
Ciaran,2.4158329021366294,11.5,True
Ciaran,2.486155246557892,41.68333333333333,True
Ciaran,1.7593768556147602,2.933333333333333,True
Ciaran,1.8378200695082894,19.3,True
Ciaran,1.1869560049227437,1.0,True
Ciaran,1.1531443225217066,1.0,True
Ciaran,1.3429026868378895,1.0,True
Ciaran,1.2032267001509223,1.0,True
Ciaran,1.2722527188946338,1.0,True
Ciaran,1.3245484023281338,1.0,True
Ciaran,1.7160583811546646,7.816666666666666,True
Ciaran,1.7841354456601894,7.15,True
Ciaran,1.4089323706546242,8.383333333333333,True
Ciaran,2.669594387477817,29.883333333333333,True
Ciaran,2.595100668010845,6.666666666666667,True
Ciaran,1.8515477617361944,1.0,True
Ciaran,3.1141490291726996,7.15,True
Ciaran,0.8229160079913667,0.6,True
Ciaran,1.9461783600315508,10.516666666666667,True
Ciaran,1.650503305885428,6.116666666666666,True
Ciaran,2.1995667219239947,17.35,True
Ciaran,1.687644849338734,61.98333333333333,True
Ciaran,1.3089161569506242,1.0,True
Ciaran,1.3423899454719488,0.5166666666666667,True
Ciaran,0.8632594962138929,4.116666666666666,True
Ciaran,1.4445335352822088,5.833333333333333,True
Ciaran,2.5635658563528367,15.966666666666669,True
Ciaran,2.388135016258703,9.616666666666667,True
Ciaran,0.8402394184942088,0.65,True
Ciaran,2.2228895892191645,1.9666666666666663,True
Ciaran,1.7726233513799816,5.733333333333333,True
Ciaran,1.171334738914815,1.0,True
Ciaran,1.1408343339708227,1.0,True
Ciaran,1.5782383171479097,4.066666666666666,True
Ciaran,2.0555772046017533,7.983333333333333,True
Ciaran,1.5679804676234668,4.066666666666666,True
Ciaran,2.1888550215293887,9.3,True
Ciaran,1.7281295225096251,20.383333333333333,True
Ciaran,1.8921473755303546,28.3,True
Ciaran,1.7699522562920256,6.433333333333334,True
Ciaran,2.2095981157230224,10.816666666666666,True
Ciaran,2.002519013437853,4.95,True
Ciaran,1.6493602337409274,2.15,True
Ciaran,2.6583879859335,8.433333333333334,True
Ciaran,0.9678698733414013,1.4166666666666667,True
Ciaran,1.7235505275270977,14.383333333333333,True
Ciaran,2.724985801746949,1.8,True
Ciaran,1.1197949816410706,0.6666666666666666,True
Ciaran,2.0780860170787685,13.483333333333333,True
Ciaran,1.5285922334626505,13.05,True
Ciaran,2.414156003509145,23.83333333333333,True
Ciaran,1.9475319750007725,3.4166666666666665,True
Ciaran,1.8228343554505897,2.5166666666666666,True
Ciaran,2.2783420361962006,9.0,True
Ciaran,2.11835401441628,6.533333333333333,True
Ciaran,2.2187254528287705,131.06666666666666,True
Ciaran,1.4659975345583869,1.0,True
Ciaran,2.0429477238690876,7.6,True
Ciaran,2.646971258416633,8.766666666666667,True
Ciaran,2.214997036921762,1.2333333333333334,True
Ciaran,1.4159466909993845,2.85,True
Ciaran,1.6369146031214148,15.333333333333334,True
Ciaran,1.2651787699819226,5.633333333333334,True
Ciaran,0.954411505897925,2.45,True
Ciaran,3.1820101784746186,8.466666666666667,True
Ciaran,2.015295683243112,9.8,True
Ciaran,2.2838735226776175,11.166666666666666,True
Ciaran,2.2184000266751966,0.15,True
Ciaran,1.2192436727180025,1.0,True
Ciaran,1.6915998747224852,7.133333333333334,True
Ciaran,1.744317158423925,6.633333333333334,True
Ciaran,1.4652622477292276,1.0,True
Ciaran,1.8152815647183285,4.433333333333334,True
Ciaran,1.0725896262504149,0.3166666666666666,True
Ciaran,1.5065416437728436,17.55,True
Ciaran,2.3784473436537223,24.266666666666666,True
Ciaran,1.1531443225217066,1.0,True
Ciaran,1.4015799842751007,1.0,True
Ciaran,1.3077573998250556,1.0,True
Ciaran,1.79173078705145,13.2,True
Ciaran,1.7955185304201948,7.0,True
Ciaran,1.984030979938044,25.166666666666668,True
Ciaran,1.1203096543564495,14.566666666666666,True
Ciaran,1.445824639626237,12.95,True
Ciaran,1.142480725493346,28.45,True
Ciaran,1.6010388205725945,6.716666666666667,True
Ciaran,2.191543664153559,4.933333333333334,True
Ciaran,1.9576424980558909,8.866666666666667,True
Ciaran,-0.044758778167720566,1.75,True
Ciaran,1.9656588220966367,1.0,True
Ciaran,1.956048892954459,0.6666666666666666,True
Ciaran,1.5649353962091876,2.066666666666667,True
Ciaran,1.192540931425808,0.4833333333333333,True
Ciaran,2.049871263101354,3.35,True
Ciaran,1.4718525426314344,3.95,True
Ciaran,1.962594414333292,4.016666666666667,True
Ciaran,1.4077850234603562,1.0,True
Ciaran,1.326697607528159,1.0,True
Ciaran,1.3878466748854705,1.0,True
Ciaran,1.3038579002748325,1.0,True
Ciaran,1.469889682073551,1.0,True
Ciaran,2.4249490286706976,6.583333333333333,True
Ciaran,0.7759654416230191,0.5333333333333333,True
Ciaran,2.098580606388722,0.5166666666666667,True
Ciaran,2.3212907068937128,21.383333333333333,True
Ciaran,1.6364352311307653,22.466666666666665,True
Ciaran,2.4049757323019954,5.933333333333334,True
Ciaran,2.0900914428588093,27.23333333333333,True
Ciaran,2.020171210875601,4.166666666666667,True
Ciaran,2.2679612900568658,8.45,True
Ciaran,1.7490735303726141,6.533333333333333,True
Ciaran,2.234146210069622,19.85,True
Ciaran,1.8222599808616884,39.71666666666667,True
Ciaran,1.8787354424247373,17.433333333333334,True
Ciaran,0.8065315674706197,5.216666666666667,True
Ciaran,2.189707753307076,12.616666666666667,True
Ciaran,1.6352367375858194,2.333333333333333,True
Ciaran,1.5079187714991915,6.833333333333333,True
Ciaran,1.2249495027439485,0.1666666666666666,True
Ciaran,2.148636480707014,10.033333333333331,True
Ciaran,1.6464941917955906,6.733333333333333,True
Ciaran,2.6000972807682645,9.1,True
Ciaran,1.643809174231419,10.2,True
Ciaran,1.6064135437479583,74.91666666666667,True
Ciaran,2.356433769675395,2.4,True
Ciaran,1.3769893341183217,1.0,True
Ciaran,1.6350143783391762,2.333333333333333,True
Ciaran,1.890943225539888,2.2333333333333334,True
Ciaran,1.0020980020568602,0.75,True
Ciaran,1.1904646570804058,1.0,True
Ciaran,2.0747102150215744,1.8,True
Ciaran,1.8868959198522826,5.533333333333333,True
Ciaran,2.314038301716148,10.033333333333331,True
Ciaran,3.1591587863529385,34.43333333333333,True
Ciaran,2.239803407952937,3.066666666666667,True
Ciaran,1.7355939136003522,4.75,True
Ciaran,1.8811342576256604,12.583333333333334,True
Ciaran,1.1621057903680552,1.0,True
Ciaran,2.315095096897851,14.066666666666666,True
Ciaran,2.2399265235710892,7.766666666666667,True
Ciaran,2.069083662856493,0.6666666666666666,True
Ciaran,1.8226342771515756,11.366666666666667,True
Ciaran,2.0834259066571104,2.8,True
Ciaran,1.5580556479509682,10.933333333333334,True
Ciaran,1.5822046944437778,23.23333333333333,True
Ciaran,1.2552873325903402,9.083333333333334,True
Ciaran,2.0285364409448094,2.1,True
Ciaran,2.3420075520140893,1.1166666666666667,True
Ciaran,1.190570994392303,0.5666666666666667,True
Ciaran,2.7017814649483953,7.0,True
Ciaran,1.8601845001399624,6.55,True
Ciaran,1.7911350789519014,15.266666666666667,True
Ciaran,1.6988389565430446,9.75,True
Ciaran,1.5303466366449814,4.433333333333334,True
Ciaran,1.4969383443295345,22.65,True
Ciaran,1.3108611494060158,1.0,True
Ciaran,1.2373979439296143,1.0,True
Ciaran,1.43543265974511,1.0,True
Ciaran,1.4082375894945487,1.0,True
Ciaran,2.1503059031951146,7.75,True
Ciaran,1.4830862263813012,1.0,True
Ciaran,1.285967390568483,719.9666666666667,False
Ciaran,1.5505333105994228,27.15,True
Ciaran,1.88180354813764,8.783333333333333,True
Ciaran,1.9047098201869688,7.9,True
Ciaran,1.4265435481104398,1.1666666666666667,True
Ciaran,2.1158646849800364,7.133333333333334,True
Ciaran,1.68208886479574,7.216666666666667,True
Ciaran,1.5456464396046965,6.933333333333334,True
Ciaran,1.2926595728060175,331.31666666666666,False
Ciaran,1.2198410507936355,0.4333333333333333,True
Ciaran,1.3937274279063858,19.633333333333333,True
Ciaran,1.5293334897697708,1.25,True
Ciaran,1.3830425036792449,1.0,True
Ciaran,2.1087874680682033,3.65,True
Ciaran,3.0334013596903144,7.4,True
Ciaran,3.5724459554910855,4.566666666666666,True
Ciaran,2.2327825942208905,24.53333333333333,True
Ciaran,3.1208714650771734,5.216666666666667,True
Ciaran,1.7467839560485314,17.833333333333332,True
Ciaran,1.4318565108809171,1.0,True
Ciaran,1.4318565108809171,1.0,True
Ciaran,2.414448851563691,8.666666666666666,True
Ciaran,2.0455075254570403,0.6666666666666666,True
Ciaran,1.722550403897675,4.683333333333334,True
Ciaran,2.2320051792846107,9.116666666666667,True
Ciaran,1.89214673970187,4.483333333333333,True
Ciaran,2.0559951599408586,3.783333333333333,True
Ciaran,2.156948214380785,1.8833333333333333,True
Ciaran,2.049587251963294,12.783333333333331,True
Ciaran,1.6991992798172337,3.733333333333333,True
Ciaran,1.5058009508717225,0.9666666666666668,True
Ciaran,1.3177526592663076,1.0,True
Ciaran,1.3501208369989974,1.0,True
Ciaran,1.3430006463662225,1.0,True
Ciaran,1.4648918014645043,903.7666666666668,False
Ciaran,1.5082688598565615,3.45,True
Ciaran,1.487262246021616,5.316666666666666,True
Ciaran,1.3215304446171887,4.0,True
Ciaran,1.7251641360150878,17.066666666666666,True
Ciaran,1.7454417678009777,5.616666666666666,True
Ciaran,2.0731164098453414,21.9,True
Ciaran,1.6753103969846355,0.5333333333333333,True
Ciaran,1.229729570714922,1.4166666666666667,True
Ciaran,1.632934206051934,33.766666666666666,True
Ciaran,1.3482966623910302,1.0,True
Ciaran,0.9089751457413446,1.0,True
Ciaran,1.8566248147399882,14.716666666666669,True
Ciaran,1.7129168561919639,7.2,True
Ciaran,2.286276268713951,10.033333333333331,True
Ciaran,1.199437562308794,1.0,True
Ciaran,1.545551730183143,1.3333333333333333,True
Ciaran,1.6069975317666727,19.166666666666668,True
Ciaran,1.3294495780595066,2.783333333333333,True
Ciaran,1.5836145437786928,2.783333333333333,True
Ciaran,1.8381119100093992,2.25,True
Ciaran,2.1308753293341094,13.383333333333333,True
Ciaran,1.7284304252857259,62.28333333333333,True
Ciaran,1.6452430801899836,3.35,True
Ciaran,1.2119793757991524,24.53333333333333,True
Ciaran,2.2857679832602167,0.15,True
Ciaran,2.3101098971511833,5.3,True
Ciaran,2.468572181943992,7.85,True
Ciaran,1.6715235676261362,2.183333333333333,True
Ciaran,1.7103933776387954,8.933333333333334,True
Ciaran,1.7399176015317417,8.833333333333334,True
Ciaran,1.354029235679307,0.1666666666666666,True
Ciaran,2.099691901671103,7.2,True
Ciaran,1.5366868394433981,28.266666666666666,True
Ciaran,1.240536549945358,1.0,True
Ciaran,1.3177526592663076,1.0,True
Ciaran,1.6428813812456255,2.683333333333333,True
Ciaran,1.6401292137634138,9.583333333333334,True
Ciaran,1.5069533738311591,5.866666666666666,True
Ciaran,1.6001490500423203,29.916666666666668,True
Ciaran,1.9154057320519846,1.0333333333333334,True
Ciaran,1.7559098680202931,0.2,True
Ciaran,1.8602996201230673,4.4,True
Ciaran,1.383335689611272,5.383333333333334,True
Ciaran,1.564142333091645,5.65,True
Ciaran,1.4148845613688417,5.133333333333334,True
Ciaran,1.8151327907033297,4.9,True
Ciaran,1.2056152049301894,0.4333333333333333,True
Ciaran,1.4919328527302647,4.883333333333334,True
Ciaran,1.8911560191688224,4.233333333333333,True
Ciaran,1.61377069646152,13.066666666666666,True
Ciaran,1.1433204169682583,1.0,True
Ciaran,1.3682810965208214,1.0,True
Ciaran,1.8522611079574134,9.883333333333333,True
Ciaran,2.2313626289914485,4.55,True
Ciaran,1.3411375789751603,1.0,True
Ciaran,1.3716184485330414,1.0,True
Ciaran,1.8798496709316315,6.266666666666667,True
Ciaran,1.8364164733909307,10.366666666666667,True
Ciaran,1.9543310098200324,5.55,True
Ciaran,1.9805499009031526,4.666666666666667,True
Ciaran,1.6062579165290631,5.616666666666666,True
Ciaran,1.3485300007616832,56.016666666666666,True
Ciaran,1.7167082321911895,18.65,True
Ciaran,0.4200403416546916,15.866666666666667,True
Ciaran,1.9571852619584809,1.6333333333333333,True
Ciaran,2.0072326551305313,3.566666666666667,True
Ciaran,1.8856510305903524,7.883333333333334,True
Ciaran,1.3682810965208214,1.0,True
Ciaran,1.359980899509533,1.0,True
Ciaran,1.2511557013083212,1.0,True
Ciaran,1.1428442808931363,1.0,True
Ciaran,1.1151170826199854,1.0,True
Ciaran,1.3897977073350953,1.0,True
Ciaran,2.2642924260594266,14.083333333333334,True
Ciaran,2.0382864652242145,3.9166666666666665,True
Ciaran,1.4816760643157472,0.65,True
Ciaran,1.8803855238825469,4.783333333333333,True
Ciaran,1.9922800850582234,7.416666666666667,True
Ciaran,1.641899422629659,2.9,True
Ciaran,1.4499964335961504,6.183333333333334,True
Ciaran,2.7592342722226837,3.7666666666666666,True
Ciaran,1.9653876152663698,2.6,True
Ciaran,3.0073257395691684,10.033333333333331,True
Ciaran,1.4699159442237482,1.3166666666666669,True
Ciaran,2.135126219199405,4.516666666666667,True
Ciaran,1.8263997598966755,12.616666666666667,True
Ciaran,3.090761367304326,7.083333333333333,True
Ciaran,1.4877784345438243,5.133333333333334,True
Ciaran,1.7973712501220818,5.966666666666667,True
Ciaran,1.7760227660918124,12.283333333333331,True
Ciaran,1.6973039372938457,7.733333333333333,True
Ciaran,1.5473922034261995,11.233333333333333,True
Ciaran,1.3846874880672653,18.65,True
Ciaran,2.065596586019435,11.566666666666666,True
Ciaran,2.1869285978237274,1.9,True
Ciaran,1.6234604726257742,0.5333333333333333,True
Ciaran,2.121156297852499,5.6,True
Ciaran,1.5486128001541697,3.2333333333333334,True
Ciaran,1.5265272758767392,22.766666666666666,True
Ciaran,2.2523549908151788,10.933333333333334,True
Ciaran,1.888463285943515,18.016666666666666,True
Ciaran,1.9584874631350997,1.2166666666666666,True
Ciaran,1.3593993896115795,1.7,True
Ciaran,1.5404586010129386,14.016666666666667,True
Ciaran,1.8202459741669446,26.25,True
Ciaran,1.4290208753451654,16.733333333333334,True
Ciaran,1.2903194881815534,1.0,True
Ciaran,1.486671406594924,1.0,True
Ciaran,1.2006093628948136,1.0,True
Ciaran,1.95246674813784,11.0,True
Ciaran,2.031372213103566,37.95,True
Ciaran,1.277242995586685,73.33333333333333,True
Ciaran,1.5345301591259572,7.45,True
Ciaran,1.8841463733261536,1.933333333333333,True
Ciaran,1.643537159535201,7.1,True
Ciaran,2.010182469877505,5.316666666666666,True
Ciaran,1.763242416295318,10.116666666666667,True
Ciaran,1.870057534879169,2.15,True
Ciaran,1.9033363098675662,4.683333333333334,True
Ciaran,2.0295739216129642,2.8833333333333333,True
Ciaran,1.8117497742964672,18.55,True
Ciaran,1.3517169651135432,1.0,True
Ciaran,1.3716184485330414,1.0,True
Ciaran,1.284341752609229,1.0,True
Ciaran,1.6271938794236265,6.966666666666667,True
Ciaran,1.7149713850675552,5.15,True
Ciaran,2.3419357109063625,23.83333333333333,True
Ciaran,1.8729679120105718,0.4333333333333333,True
Ciaran,1.7500492441730358,4.516666666666667,True
Ciaran,1.1537343556292854,1.0,True
Ciaran,1.8641744440245283,0.1666666666666666,True
Ciaran,1.623020046024652,16.216666666666665,True
Ciaran,1.3920495986334902,1.0,True
Ciaran,1.1881351895221572,1.0,True
Ciaran,2.007071778716273,3.533333333333333,True
Ciaran,1.2990089365605104,1.0,True
Ciaran,1.382747646816129,1.0,True
Ciaran,1.4083213416714473,1.0,True
Ciaran,1.738603268912032,5.05,True
Ciaran,2.4387144241152727,0.6166666666666667,True
Henk,2.019318028789567,21.25,True
Henk,2.4703360008589805,16.2,True
Henk,2.1686774155566226,19.28333333333333,True
Henk,1.392547870109577,21.133333333333333,True
Henk,0.018202759936212537,12.05,True
Henk,1.18476528075759,6.9,True
Henk,1.4277085759242778,8.65,True
Henk,2.1511764911372695,18.0,True
Henk,1.5055558262747288,193.5833333333333,False
Henk,1.493764135378386,8.116666666666667,True
Henk,0.8236046364972068,11.266666666666667,True
Henk,1.9311488313271756,6.55,True
Henk,0.7598750316028443,7.433333333333334,True
Henk,1.5409997397318482,3.733333333333333,True
Henk,1.0759246827410929,4.633333333333334,True
Henk,0.02358205493853069,4.55,True
Henk,2.2567514730942833,8.75,True
Henk,0.6801706007333829,8.033333333333333,True
Henk,2.7386959684826677,16.933333333333334,True
Henk,1.3871487399306128,14.433333333333334,True
Henk,1.452600570355805,6.533333333333333,True
Henk,1.4806428075645586,24.866666666666667,True
Henk,1.69219985801864,7.95,True
Henk,1.1574949298182002,13.9,True
Henk,0.7903837471102569,13.883333333333333,True
Henk,2.704060736649427,18.916666666666668,True
Henk,1.7332163681091537,12.766666666666667,True
Henk,2.597794310741873,20.933333333333334,True
Henk,1.489046775425473,5.083333333333333,True
Henk,0.2940814276416176,6.633333333333334,True
Henk,1.375743859286097,4.316666666666666,True
Henk,1.7576177682786158,13.933333333333334,True
Henk,1.457936146067498,16.316666666666666,True
Henk,1.9369356054287639,21.866666666666667,True
Henk,1.8419046950262026,8.083333333333334,True
Henk,1.9017668109025705,8.733333333333333,True
Henk,1.2081655656293806,2.433333333333333,True
Henk,1.71856842572113,5.65,True
Henk,1.3941051875155897,3.1333333333333333,True
Henk,2.0097605785966715,19.28333333333333,True
Henk,1.1884368266240928,8.65,True
Henk,1.7448559301011752,32.11666666666667,True
Henk,2.2059713341877107,2.066666666666667,True
Henk,1.8060787584455948,29.716666666666665,True
Henk,1.811041691840159,3.966666666666667,True
Henk,2.1895973806712328,8.633333333333333,True
Henk,0.9533596762755606,14.733333333333333,True
Henk,1.0939989433225745,3.566666666666667,True
Henk,1.0050943394932526,1.0,True
Henk,2.541907319627604,5.083333333333333,True
Henk,2.4230402781941116,19.466666666666665,True
Henk,1.9269244684526348,0.6,True
Henk,1.6370388463992718,20.683333333333334,True
Henk,1.4403139159726124,3.5166666666666666,True
Henk,2.6286030229495685,21.266666666666666,True
Henk,1.80170508685069,11.083333333333334,True
Henk,1.2389921193745888,20.133333333333333,True
Henk,1.8810454842122148,0.2,True
Henk,1.864048878471838,26.7,True
Henk,1.9673628011602495,8.066666666666666,True
Henk,1.1532895789050441,0.8833333333333333,True
Henk,2.1630040847223007,0.7666666666666667,True
Henk,1.4471241962728516,4.8,True
Henk,2.6252343973055807,2.9833333333333334,True
Henk,2.429542628119219,50.333333333333336,True
Henk,2.379758551566612,137.88333333333333,True
Henk,2.5773633376295932,10.65,True
Henk,2.2790077000059035,6.533333333333333,True
Henk,1.8536896009158477,11.216666666666669,True
Henk,1.9889903129446054,235.78333333333333,False
Henk,2.287856410572933,23.7,True
Henk,1.8337856953569187,6.583333333333333,True
Henk,1.973308755872807,18.383333333333333,True
Henk,1.3298384978920736,11.683333333333334,True
Henk,1.6764679309157329,8.15,True
Henk,1.4463810397668226,2.15,True
Henk,0.784628220586764,0.7333333333333333,True
Henk,1.2697092077538088,0.0666666666666666,True
Henk,2.6173697136242713,7.516666666666667,True
Henk,2.050059325817475,19.516666666666666,True
Henk,1.9731883223861357,6.483333333333333,True
Henk,1.692048921380685,8.85,True
Henk,1.5039104737333613,27.48333333333333,True
Henk,1.3311685085563136,0.6666666666666666,True
Henk,1.247698724209866,2.083333333333333,True
Henk,1.7720809509252489,7.883333333333334,True
Henk,2.0602601763423434,2.8833333333333333,True
Henk,0.8055470780844488,2.2333333333333334,True
Henk,1.407375346997614,6.433333333333334,True
Henk,1.7734376049560188,24.666666666666668,True
Henk,2.355752299828075,19.28333333333333,True
Henk,1.3801400290165553,2.4833333333333334,True
Henk,1.689695935082412,6.883333333333334,True
Henk,1.142102019910115,7.633333333333334,True
Henk,2.09810437116737,12.25,True
Henk,1.7974567858494044,11.866666666666667,True
Henk,1.7603693401988456,4.216666666666667,True
Henk,1.8792779337599763,11.733333333333333,True
Henk,0.7164832520465606,13.5,True
Henk,1.665762999537113,14.433333333333334,True
Henk,2.116455563639722,16.566666666666666,True
Henk,2.1189005922222743,2.316666666666667,True
Henk,1.63532597673016,0.5333333333333333,True
Henk,1.2607599928046647,3.35,True
Henk,2.1542656295224636,0.9333333333333332,True
Henk,1.5833112963393103,16.533333333333335,True
Henk,1.6755211851686418,2.1666666666666665,True
Henk,2.195930598000383,7.05,True
Henk,2.522992671393746,26.366666666666667,True
Henk,1.4352334911139415,21.85,True
Henk,1.787776387354094,1.4666666666666666,True
Henk,2.2370797941991643,6.25,True
Henk,1.6366688837892656,1.7666666666666666,True
Henk,1.9669546728796552,11.383333333333333,True
Henk,1.0932444555024394,1.0,True
Henk,2.2028445716572276,11.566666666666666,True
Henk,1.7182248517153018,8.266666666666667,True
Henk,1.9667505405017838,24.433333333333334,True
Henk,1.834732664972733,2.533333333333333,True
Henk,1.5937034854505556,0.2666666666666666,True
Henk,1.8266988755257263,2.3,True
Henk,2.384063156971541,15.933333333333334,True
Henk,2.4696517164106995,20.883333333333333,True
Henk,1.8843668103831959,17.7,True
Henk,1.8898966095588892,31.28333333333333,True
Henk,1.9306558845566124,23.98333333333333,True
Henk,1.3567730084491456,6.633333333333334,True
Henk,2.0621798695382902,47.4,True
Henk,2.847760765931092,5.683333333333334,True
Henk,2.1157040792428012,0.5166666666666667,True
Henk,2.1510673346111715,3.6666666666666665,True
Henk,1.7287337102370417,6.466666666666667,True
Henk,1.3525843888384634,15.8,True
Henk,1.5794915021662852,0.0666666666666666,True
Henk,1.3404108495802596,8.233333333333333,True
Henk,1.18939445629548,0.5166666666666667,True
Henk,0.19948157801534258,5.883333333333334,True
Henk,0.20856359353633155,14.616666666666667,True
Henk,1.8336338553247737,18.016666666666666,True
Henk,1.2633613467281033,9.35,True
Henk,1.9886627596784467,16.566666666666666,True
Henk,1.835964645329334,6.05,True
Henk,1.8808994267247503,2.3666666666666667,True
Henk,1.5873391183377066,18.95,True
Henk,1.5934556178231056,23.58333333333333,True
Henk,1.915840055169492,12.8,True
Henk,1.8851798788501466,5.016666666666667,True
Henk,1.8490629244947236,17.2,True
Henk,1.5555944323418938,11.2,True
Henk,1.9732471565838676,16.7,True
Henk,1.993442689672295,8.4,True
Henk,1.5755480323793878,9.666666666666666,True
Henk,0.5931888875846248,18.916666666666668,True
Henk,1.9517471661069645,6.183333333333334,True
Henk,1.9017153284490436,24.683333333333334,True
Henk,1.5629310715343159,0.4833333333333333,True
Henk,1.498851809818494,2.1666666666666665,True
Henk,1.2185283647789504,5.883333333333334,True
Henk,1.7032899893932412,15.966666666666669,True
Henk,2.1669939252110906,12.583333333333334,True
Henk,1.53669642424586,6.45,True
Henk,1.4423345121086688,10.3,True
Henk,1.4265277107666632,1.9166666666666667,True
Henk,1.5262616508372953,20.9,True
Henk,1.676984438698244,14.766666666666667,True
Henk,1.541257215617235,12.3,True
Henk,1.580258254828532,2.033333333333333,True
Henk,1.179641854297943,1.0,True
Henk,1.5246402534679981,5.166666666666667,True
Henk,1.6693272089278777,6.25,True
Henk,1.2659876825692769,7.466666666666667,True
Henk,2.02294468887404,7.366666666666666,True
Henk,1.6084328876504632,23.4,True
Henk,2.132819084512296,3.45,True
Henk,2.371600485674281,5.683333333333334,True
Henk,2.66880859077025,7.916666666666667,True
Henk,2.6438297791525005,16.316666666666666,True
Henk,2.5661499718922154,24.08333333333333,True
Henk,2.2671751814996024,16.733333333333334,True
Henk,1.1233255067870813,0.25,True
Henk,2.0627505448099517,7.883333333333334,True
Henk,1.8920915646458305,14.533333333333331,True
Henk,1.4744711119626348,52.3,True
Henk,2.3732909390184793,20.8,True
Henk,1.87783395767314,2.433333333333333,True
Henk,2.6120738156307923,4.483333333333333,True
Henk,1.9331244906032612,11.666666666666666,True
Henk,2.1893753533987477,7.35,True
Henk,2.1783265987840768,6.0,True
Henk,1.8512567131825957,1.1833333333333331,True
Henk,1.220794795740683,1.0,True
Henk,1.8770435561569323,1.45,True
Henk,2.8190769041880652,7.25,True
Henk,1.7619465601376711,11.933333333333334,True
Henk,1.8081341456609283,20.65,True
Henk,1.9427411063056763,8.166666666666666,True
Henk,1.4114697861459364,26.75,True
Henk,1.8385460105377114,5.916666666666667,True
Henk,1.9398919318244399,23.95,True
Henk,0.7428462206968413,22.616666666666667,True
Henk,1.8761294395808725,7.0,True
Henk,1.9850445823727438,5.416666666666667,True
Henk,1.5408625465966876,13.816666666666666,True
Henk,2.0837042212125563,15.416666666666666,True
Henk,1.8467821233472075,91.86666666666666,True
Henk,1.4825481529790239,8.2,True
Henk,2.0667721678433875,10.1,True
Henk,1.208710671365809,1.6833333333333331,True
Henk,1.7876194612508451,5.966666666666667,True
Henk,1.0897843729424037,1.0,True
Henk,1.952010269974352,10.35,True
Henk,1.5715861420350175,10.333333333333334,True
Henk,1.9393012114349626,14.733333333333333,True
Henk,1.6605848276958655,12.15,True
Henk,1.9398626555289706,84.03333333333333,True
Henk,2.6293406914873936,8.283333333333333,True
Henk,2.619756477536519,18.5,True
Henk,1.1935738470448853,5.3,True
Henk,1.8518077345609953,0.4166666666666667,True
Henk,2.495224293837042,19.3,True
Henk,1.9890249015206145,2.95,True
Henk,1.6699251147504712,0.1666666666666666,True
Henk,2.1212255290024626,3.1666666666666665,True
Henk,1.927591842840232,1.1833333333333331,True
Henk,2.1003152686823103,25.883333333333333,True
Henk,1.972960046083312,3.8,True
Henk,1.6149511733919102,9.466666666666669,True
Henk,2.3070149548107026,3.95,True
Henk,1.8433432518253225,20.566666666666663,True
Henk,1.6513251600071075,8.166666666666666,True
Henk,1.2303812265344434,0.1666666666666666,True
Henk,1.2706085730579055,734.2,False
Henk,1.8927920101068498,7.65,True
Henk,1.0983526019311796,1.0,True
Henk,1.4576290097781157,17.783333333333335,True
Henk,2.0757056644932,5.883333333333334,True
Henk,1.7874843654894568,13.583333333333334,True
Henk,2.2429321467870773,11.983333333333333,True
Henk,2.3999487665214203,4.783333333333333,True
Henk,2.1587456430378507,4.75,True
Henk,1.7049918541373572,3.0,True
Henk,2.5377466997965836,24.433333333333334,True
Henk,2.384216264944793,7.0,True
Henk,2.426207579394614,141.31666666666666,True
Henk,2.003156346086824,7.35,True
Henk,2.467533295980454,21.133333333333333,True
Henk,2.0894022471275444,20.866666666666667,True
Henk,2.0417123924534164,2.1666666666666665,True
Henk,1.9053788343746179,2.65,True
Henk,0.7729702180289174,44.46666666666667,True
Henk,1.6473696953411088,5.016666666666667,True
Henk,2.448359859373211,2.933333333333333,True
Henk,1.0961874295629788,1.0333333333333334,True
Henk,0.5734769881199372,3.933333333333333,True
Henk,1.3165790464949432,0.1833333333333333,True
Henk,1.8013531631555615,6.416666666666667,True
Henk,1.949942189486989,8.6,True
Henk,1.1508628196384765,1.0,True
Henk,1.3287556623125238,21.433333333333334,True
Henk,1.4958909797672064,3.616666666666666,True
Henk,2.10041900686653,3.566666666666667,True
Henk,0.26337458101333355,3.0166666666666666,True
Henk,2.00781336180782,5.95,True
Henk,2.622203888944911,7.633333333333334,True
Henk,2.028580041835743,9.5,True
Henk,1.869433782203678,3.7666666666666666,True
Henk,1.3309562442369927,1.4833333333333334,True
Henk,1.8065967822843232,4.633333333333334,True
Henk,2.5120618663332785,7.216666666666667,True
Henk,1.9554483479169187,24.633333333333333,True
Henk,1.4433451056258602,0.7333333333333333,True
Henk,2.187161334999932,21.28333333333333,True
Henk,2.4264479955227976,4.6,True
Henk,1.9234045464979521,0.1666666666666666,True
Henk,2.3488503062189543,1.2166666666666666,True
Henk,1.9529058572251665,2.333333333333333,True
Henk,1.686727774731117,6.9,True
Henk,1.4884674352845384,15.666666666666666,True
Henk,2.4121310963287708,35.96666666666667,True
Henk,1.8900439591426321,24.366666666666667,True
Henk,2.000038085038708,2.583333333333333,True
Henk,2.4870745660822102,4.166666666666667,True
Henk,2.480829099789587,2.2666666666666666,True
Henk,2.7738278822411453,1.0666666666666669,True
Henk,1.4720629371863303,6.066666666666666,True
Henk,1.9392623851547734,7.533333333333333,True
Henk,2.0817438451425807,7.816666666666666,True
Henk,1.935734116523242,19.766666666666666,True
Henk,1.9991213448456142,11.483333333333333,True
Henk,1.1754911446065621,1.0,True
Henk,1.2251220295705634,15.8,True
Henk,1.9609194563232426,21.066666666666663,True
Henk,1.8002571135778382,54.583333333333336,True
Henk,1.0533942861657855,1.0,True
Henk,2.4282508066937494,8.716666666666667,True
Henk,1.7123386405000112,11.25,True
Henk,2.2775494333559987,8.45,True
Henk,1.327556066648879,5.566666666666666,True
Henk,2.5626570371420074,21.616666666666667,True
Henk,1.176686927216861,749.6833333333333,False
Henk,1.898627269395955,23.933333333333334,True
Henk,1.5809170553584713,5.033333333333333,True
Henk,1.0282881238076766,1.0,True
Henk,2.1829330521602928,1.1666666666666667,True
Henk,1.903407574879543,0.4833333333333333,True
Henk,1.0479222780907873,192.0833333333333,True
Henk,0.9923260169201059,1.0,True
Henk,1.220794795740683,1.0,True
Henk,2.4706957622545676,26.066666666666663,True
Henk,1.472288346698096,19.566666666666663,True
Henk,2.013249425472142,17.116666666666667,True
Henk,1.7042319893935276,19.166666666666668,True
Henk,2.376330187541589,6.933333333333334,True
Henk,1.5052783441832742,22.616666666666667,True
Henk,1.1440669571211084,23.116666666666667,True
Henk,1.9627430029645,27.316666666666663,True
Henk,1.9174905140687495,4.933333333333334,True
Henk,1.095488551194747,1.0,True
Henk,1.4657449953993462,9.916666666666666,True
Henk,1.7146143094769497,3.966666666666667,True
Henk,1.0913866923499846,9.983333333333333,True
Henk,1.8251439522761503,10.516666666666667,True
Henk,2.1718777090401806,25.566666666666663,True
Henk,2.323514599576617,0.8833333333333333,True
Henk,1.9370704784757466,7.166666666666667,True
Henk,2.0497920569665946,0.7833333333333333,True
Henk,2.2947883268083853,5.433333333333334,True
Henk,1.6139866437908472,5.9,True
Henk,1.5700284702958445,2.466666666666667,True
Henk,1.5462888135115778,2.583333333333333,True
Henk,1.8026958536987128,28.7,True
Henk,1.8391927053038237,6.416666666666667,True
Henk,1.5772449732118077,24.48333333333333,True
Henk,1.1988135939251034,2.566666666666667,True
Henk,1.971037894504193,4.85,True
Henk,2.116377437413096,1.45,True
Henk,1.1617697066271868,8.383333333333333,True
Henk,1.5829261751210677,7.7,True
Henk,0.9694672203866136,12.05,True
Henk,1.5891876581153739,6.55,True
Henk,1.445508255537587,3.8333333333333335,True
Henk,1.77855865723246,7.8,True
Henk,1.1665480053677324,95.41666666666669,True
Henk,2.0116021774704946,4.6,True
Henk,1.7841805922085945,1.6333333333333333,True
Henk,1.2111190523442337,1.4333333333333331,True
Henk,1.3666304727645586,51.81666666666667,True
Henk,1.6699251147504712,0.1666666666666666,True
Henk,1.4642926576908168,0.2666666666666666,True
Henk,1.3117741364434916,0.2833333333333333,True
Henk,1.7591772530428342,0.55,True
Henk,2.0728417885228136,18.4,True
Henk,1.9285089388088366,3.05,True
Henk,1.3748232164793455,2.8833333333333333,True
Henk,2.091547525940042,8.25,True
Henk,1.920734179992608,0.8666666666666667,True
Henk,2.3748460947339614,20.633333333333333,True
Henk,2.760952411716871,16.766666666666666,True
Henk,2.6673011779938176,18.966666666666665,True
Henk,1.4778750003815762,4.183333333333334,True
Henk,1.0402918926727904,9.233333333333333,True
Henk,2.3163719544248518,15.483333333333333,True
Henk,1.7115320834003909,4.283333333333333,True
Henk,1.4314627305379035,3.683333333333333,True
Henk,1.4154431216787915,21.216666666666665,True
Henk,1.5504813321879227,4.683333333333334,True
Henk,1.6730414265312883,2.6166666666666667,True
Henk,2.0180814691529596,0.2,True
Henk,2.0105064606819805,1.2,True
Henk,1.4049273671056064,3.6666666666666665,True
Henk,1.3975603165076096,9.35,True
Henk,2.511571724480946,4.75,True
Henk,2.116438281484701,3.1,True
Henk,1.572377088247698,2.5,True
Henk,1.9390736625601181,1.5333333333333334,True
Henk,1.4573152132711937,0.55,True
Henk,2.2074231782549454,6.8,True
Henk,2.456177520984811,6.85,True
Henk,1.859046834121319,1.0,True
Henk,1.9076138246948988,4.283333333333333,True
Henk,1.1495884404967904,11.216666666666669,True
Henk,2.116061893670522,7.933333333333334,True
Henk,1.8762736434630607,7.7,True
Henk,1.7715131630938161,1.1166666666666667,True
Henk,1.5382536862564107,12.066666666666666,True
Henk,2.2254568974823745,11.266666666666667,True
Henk,2.532586896142131,7.083333333333333,True
Henk,2.4614361352548397,2.7,True
Henk,1.3916683801129761,244.25,False
Henk,1.2938955746360512,0.1666666666666666,True
Henk,1.159662594110676,2.966666666666667,True
Henk,1.801115461431887,1.7333333333333334,True
Henk,2.12469565515165,3.7666666666666666,True
Henk,1.5370084847295316,1.933333333333333,True
Henk,1.0223430127107516,2.3666666666666667,True
Henk,0.8380984683067069,0.8666666666666667,True
Henk,2.021317590435001,9.733333333333333,True
Henk,1.4124316440551048,3.1,True
Henk,1.2031334936383578,1.0,True
Henk,2.6358583683626557,12.916666666666666,True
Henk,1.0136908667234217,1.0,True
Henk,1.6842829757477182,4.833333333333333,True
Henk,2.2175478147180985,6.65,True
Henk,1.6599420871243329,1.2666666666666666,True
Henk,1.5618436940993963,2.583333333333333,True
Henk,2.3944934815640027,14.9,True
Henk,1.6021808553725287,4.65,True
Henk,1.8313194653332017,14.916666666666666,True
Henk,1.5217640476495824,8.75,True
Henk,1.518519539780952,28.016666666666666,True
Henk,1.7935981643442316,0.2166666666666666,True
Henk,1.9888040306248465,0.6,True
Henk,1.5849424420895943,22.03333333333333,True
Henk,1.820833716684395,8.2,True
Henk,1.0914453844910665,263.6666666666667,False
Henk,2.282087935571031,5.266666666666667,True
Henk,1.585684877035096,27.466666666666665,True
Henk,1.146668102563349,0.3833333333333333,True
Henk,1.9036428513780381,27.95,True
Henk,2.0992692258131167,11.416666666666666,True
Henk,1.6407048500480046,3.883333333333333,True
Henk,1.4165976091184291,22.266666666666666,True
Henk,1.45266661116183,8.266666666666667,True
Henk,1.621797497259586,11.266666666666667,True
Henk,1.8236880222813732,2.566666666666667,True
Henk,1.5356766634939032,4.616666666666666,True
Henk,1.4879749988832216,7.8,True
Henk,2.0703869575202694,0.6833333333333333,True
Henk,2.3047622579383735,5.5,True
Henk,0.5617842753467527,0.1166666666666666,True
Henk,2.293485580450004,1.1,True
Henk,1.6699251147504712,0.1666666666666666,True
Henk,1.9439596238997068,4.6,True
Henk,1.2665810997658242,1.95,True
Henk,1.857506421960457,1.2166666666666666,True
Henk,1.882776250925817,0.7333333333333333,True
Henk,0.9286102145507443,1.0,True
Henk,2.678272963961735,1.75,True
Henk,1.4505340742542379,8.666666666666666,True
Henk,1.9328571073769372,3.2,True
Henk,1.6278588068948683,8.666666666666666,True
Henk,2.22386674855607,17.2,True
Henk,1.9473313940979546,2.216666666666667,True
Henk,1.1434086407595563,0.1666666666666666,True
Henk,1.5108751605326216,1.3666666666666667,True
Henk,1.6469859205158224,65.45,True
Henk,1.8741281450728369,0.65,True
Henk,1.5780395514170356,2.2333333333333334,True
Henk,1.4073927314857346,7.25,True
Henk,1.490122064476745,7.35,True
Henk,1.491214929109091,7.833333333333333,True
Henk,1.0313540213594405,1.0,True
Henk,1.6529584175731327,9.483333333333333,True
Henk,2.589427021279954,7.95,True
Henk,1.0086602662076813,0.1166666666666666,True
Henk,1.6745245329184792,4.283333333333333,True
Henk,1.3850583250790716,1.0333333333333334,True
Henk,1.621104857742903,7.5,True
Henk,0.978630797315894,25.0,True
Henk,1.338507651874554,9.616666666666667,True
Henk,1.4591362132315056,24.0,True
Henk,1.040654933620871,1.0,True
Henk,1.4000311021514036,16.866666666666667,True
Henk,1.433097485395874,9.916666666666666,True
Henk,1.988861959579783,15.883333333333333,True
Henk,1.4403176580786596,18.616666666666667,True
Henk,1.652351115433977,13.833333333333334,True
Henk,1.7689855371995067,11.616666666666667,True
Henk,1.7717280144165393,4.35,True
Henk,2.411079073123717,2.783333333333333,True
Henk,2.0742455696183826,2.3833333333333333,True
Henk,1.588130671666798,16.216666666666665,True
Henk,1.3561431297021198,22.766666666666666,True
Henk,2.5821098205045003,0.7833333333333333,True
Henk,2.045857688424683,0.5333333333333333,True
Henk,1.6465139189606386,6.383333333333334,True
Henk,1.325474304347549,11.683333333333334,True
Henk,1.0166652238218432,1.0,True
Henk,1.4649134079971866,2.3833333333333333,True
Henk,1.267905673560666,24.966666666666665,True
Henk,1.4238038760292502,15.15,True
Henk,1.5739367057869853,8.9,True
Henk,1.111338262095986,1.0,True
Henk,1.520218199369009,4.2,True
Henk,1.8476700412313545,8.75,True
Henk,1.0585472551316009,1.0,True
Henk,2.8278019154700393,5.866666666666666,True
Henk,2.4493165100060423,18.4,True
Henk,1.4625173210924218,18.016666666666666,True
Henk,1.6883953966132503,643.6333333333333,False
Henk,1.7009398018005075,2.1666666666666665,True
Henk,1.9594856788193857,3.066666666666667,True
Henk,2.3402473007466287,21.5,True
Henk,2.201845527103036,2.5166666666666666,True
