Incident Reference,fold,new_date_utc,LAD21CD,y,prediction_eta,training_mean_baseline,prediction_source,target_scale,run_id,purpose
FREP-12471-O,0,2023-01-19,E09000010,0.0,2.05056112713086,1.730123126926894,OOF_date_group_diagnostic,log_D,R03_smoke_v4,non_inferential_smoke
FREP-157466-Z,0,2021-12-19,E06000055,0.0,1.825810696509269,1.730123126926894,OOF_date_group_diagnostic,log_D,R03_smoke_v4,non_inferential_smoke
FREP-164894-Z,0,2021-05-09,E07000098,0.0,1.3971286966486203,1.730123126926894,OOF_date_group_diagnostic,log_D,R03_smoke_v4,non_inferential_smoke
FREP-19197-U,0,2021-10-22,E09000021,3.2535992609265865,2.2522207178993265,1.730123126926894,OOF_date_group_diagnostic,log_D,R03_smoke_v4,non_inferential_smoke
FREP-205270-J,0,2024-01-25,E09000005,0.0,1.7886842516418402,1.730123126926894,OOF_date_group_diagnostic,log_D,R03_smoke_v4,non_inferential_smoke
FREP-213716-J,0,2023-12-02,E09000026,0.0,2.097095396618003,1.730123126926894,OOF_date_group_diagnostic,log_D,R03_smoke_v4,non_inferential_smoke
FREP-226846-Z,0,2021-04-24,E07000011,0.0,1.0648868609731856,1.730123126926894,OOF_date_group_diagnostic,log_D,R03_smoke_v4,non_inferential_smoke
FREP-232427-Z,0,2021-04-22,E06000060,1.1989602625023918,1.7161535318560652,1.730123126926894,OOF_date_group_diagnostic,log_D,R03_smoke_v4,non_inferential_smoke
FREP-237941-Z,0,2021-06-02,E06000031,0.0,1.592093251865587,1.730123126926894,OOF_date_group_diagnostic,log_D,R03_smoke_v4,non_inferential_smoke
FREP-239992-Z,0,2021-06-01,E07000241,2.2353763433005955,1.9808352743271813,1.730123126926894,OOF_date_group_diagnostic,log_D,R03_smoke_v4,non_inferential_smoke
FREP-246493-Z,0,2021-07-02,E07000066,3.351072994479587,2.301921504500614,1.730123126926894,OOF_date_group_diagnostic,log_D,R03_smoke_v4,non_inferential_smoke
FREP-249562-G,0,2021-04-22,E07000227,2.403937587254333,1.5223875065451202,1.730123126926894,OOF_date_group_diagnostic,log_D,R03_smoke_v4,non_inferential_smoke
FREP-250419-G,0,2021-05-09,E07000110,1.9266787871274256,0.2744998900219908,1.730123126926894,OOF_date_group_diagnostic,log_D,R03_smoke_v4,non_inferential_smoke
FREP-250745-G,0,2021-05-15,E07000208,1.377926111449374,1.9739496670873677,1.730123126926894,OOF_date_group_diagnostic,log_D,R03_smoke_v4,non_inferential_smoke
FREP-253463-Z,0,2021-08-04,E07000102,2.5915163848462583,2.196652983084347,1.730123126926894,OOF_date_group_diagnostic,log_D,R03_smoke_v4,non_inferential_smoke
FREP-255133-Z,0,2021-08-12,E07000096,2.9652730660692823,2.024079101242509,1.730123126926894,OOF_date_group_diagnostic,log_D,R03_smoke_v4,non_inferential_smoke
FREP-255955-Z,0,2021-08-17,E07000070,1.9694406464655074,0.596923778437092,1.730123126926894,OOF_date_group_diagnostic,log_D,R03_smoke_v4,non_inferential_smoke
FREP-256351-G,0,2021-10-07,E07000217,3.1668805297498204,1.5141321333395936,1.730123126926894,OOF_date_group_diagnostic,log_D,R03_smoke_v4,non_inferential_smoke
FREP-257464-G,0,2021-11-15,E07000107,2.4709204078132605,1.8388993238515527,1.730123126926894,OOF_date_group_diagnostic,log_D,R03_smoke_v4,non_inferential_smoke
FREP-258670-Z,0,2021-09-02,E09000014,2.2755564206061263,2.4232697024325773,1.730123126926894,OOF_date_group_diagnostic,log_D,R03_smoke_v4,non_inferential_smoke
FREP-260356-G,0,2021-12-11,E07000223,1.9855886328734895,2.618756111707449,1.730123126926894,OOF_date_group_diagnostic,log_D,R03_smoke_v4,non_inferential_smoke
FREP-261320-G,0,2021-12-22,E09000027,-1.791759469228055,1.825249491042237,1.730123126926894,OOF_date_group_diagnostic,log_D,R03_smoke_v4,non_inferential_smoke
FREP-261723-Z,0,2021-09-23,E06000055,1.9647786333596962,2.2723789244020494,1.730123126926894,OOF_date_group_diagnostic,log_D,R03_smoke_v4,non_inferential_smoke
FREP-262060-J,0,2021-04-22,E09000004,1.466337068793427,1.9106481031440259,1.730123126926894,OOF_date_group_diagnostic,log_D,R03_smoke_v4,non_inferential_smoke
FREP-262732-G,0,2022-01-10,E07000212,1.4891517465595985,2.2228529254659084,1.730123126926894,OOF_date_group_diagnostic,log_D,R03_smoke_v4,non_inferential_smoke
FREP-263307-G,0,2022-01-15,E07000227,0.6241543090729939,2.072688035348623,1.730123126926894,OOF_date_group_diagnostic,log_D,R03_smoke_v4,non_inferential_smoke
FREP-266908-G,0,2022-02-18,E07000108,1.8794650496471605,1.8241596701147875,1.730123126926894,OOF_date_group_diagnostic,log_D,R03_smoke_v4,non_inferential_smoke
FREP-267413-J,0,2021-07-02,E09000002,2.3207523969494948,2.529192973308659,1.730123126926894,OOF_date_group_diagnostic,log_D,R03_smoke_v4,non_inferential_smoke
FREP-267894-J,0,2021-07-19,E09000025,0.9360933591703348,1.5634392710712885,1.730123126926894,OOF_date_group_diagnostic,log_D,R03_smoke_v4,non_inferential_smoke
FREP-268286-Z,0,2021-11-04,E07000203,2.1766438696361985,0.9139550656064327,1.730123126926894,OOF_date_group_diagnostic,log_D,R03_smoke_v4,non_inferential_smoke
FREP-270607-Z,0,2021-11-21,E09000003,1.1837700970084166,1.6292092787562114,1.730123126926894,OOF_date_group_diagnostic,log_D,R03_smoke_v4,non_inferential_smoke
FREP-274307-G,0,2022-03-26,E07000114,-1.1499055830556604,1.423541327414258,1.730123126926894,OOF_date_group_diagnostic,log_D,R03_smoke_v4,non_inferential_smoke
FREP-275680-Z,0,2021-12-20,E07000076,2.0815227078836607,1.5869893357818834,1.730123126926894,OOF_date_group_diagnostic,log_D,R03_smoke_v4,non_inferential_smoke
FREP-278126-Z,0,2022-01-08,E07000243,1.462483499477437,2.2110114207534224,1.730123126926894,OOF_date_group_diagnostic,log_D,R03_smoke_v4,non_inferential_smoke
FREP-278139-G,0,2022-05-08,E07000113,1.0930412436186543,1.2701710718649462,1.730123126926894,OOF_date_group_diagnostic,log_D,R03_smoke_v4,non_inferential_smoke
FREP-278309-Z,0,2022-01-10,E07000096,2.683302031413016,2.6453274020886717,1.730123126926894,OOF_date_group_diagnostic,log_D,R03_smoke_v4,non_inferential_smoke
FREP-278661-G,0,2022-05-12,E07000114,2.8641038310755547,1.8160934641829907,1.730123126926894,OOF_date_group_diagnostic,log_D,R03_smoke_v4,non_inferential_smoke
FREP-279167-G,0,2022-05-17,E07000063,0.8183103235139513,1.2521259959397724,1.730123126926894,OOF_date_group_diagnostic,log_D,R03_smoke_v4,non_inferential_smoke
FREP-281246-G,0,2022-06-08,E07000065,2.4807312783775197,1.5794378671560279,1.730123126926894,OOF_date_group_diagnostic,log_D,R03_smoke_v4,non_inferential_smoke
FREP-284283-G,0,2022-07-10,E07000217,0.6505875661411494,1.3403248342355931,1.730123126926894,OOF_date_group_diagnostic,log_D,R03_smoke_v4,non_inferential_smoke
FREP-285914-G,0,2022-07-23,E09000008,2.479335604738545,2.289390964354285,1.730123126926894,OOF_date_group_diagnostic,log_D,R03_smoke_v4,non_inferential_smoke
FREP-286152-Z,0,2022-02-18,E07000076,2.5468376075184906,0.6706209321220071,1.730123126926894,OOF_date_group_diagnostic,log_D,R03_smoke_v4,non_inferential_smoke
FREP-286182-Z,0,2022-02-18,E07000069,1.3694872428035094,1.9470370050291255,1.730123126926894,OOF_date_group_diagnostic,log_D,R03_smoke_v4,non_inferential_smoke
FREP-288567-J,0,2022-05-17,E09000019,2.1262456078776384,1.6043643241274976,1.730123126926894,OOF_date_group_diagnostic,log_D,R03_smoke_v4,non_inferential_smoke
FREP-290034-G,0,2022-09-04,E07000106,2.7397641765917378,0.9586567501801746,1.730123126926894,OOF_date_group_diagnostic,log_D,R03_smoke_v4,non_inferential_smoke
FREP-290384-J,0,2022-06-12,E09000026,2.7942278973432626,2.0959625384135827,1.730123126926894,OOF_date_group_diagnostic,log_D,R03_smoke_v4,non_inferential_smoke
FREP-292922-G,0,2022-10-05,E07000226,0.9619012431262074,1.4260995151001792,1.730123126926894,OOF_date_group_diagnostic,log_D,R03_smoke_v4,non_inferential_smoke
FREP-293100-G,0,2022-10-02,E07000211,2.524394421295119,1.6735414274194744,1.730123126926894,OOF_date_group_diagnostic,log_D,R03_smoke_v4,non_inferential_smoke
FREP-293374-J,0,2022-07-23,E09000013,2.4159137783010487,2.298294595045653,1.730123126926894,OOF_date_group_diagnostic,log_D,R03_smoke_v4,non_inferential_smoke
FREP-294417-J,0,2022-08-08,E09000012,2.0390534807745477,1.7969378299576029,1.730123126926894,OOF_date_group_diagnostic,log_D,R03_smoke_v4,non_inferential_smoke
FREP-295203-J,0,2022-08-19,E09000023,1.9459101490553132,1.7687860918453695,1.730123126926894,OOF_date_group_diagnostic,log_D,R03_smoke_v4,non_inferential_smoke
FREP-295351-G,0,2022-10-23,E07000112,1.8055527913603908,1.4543099127214412,1.730123126926894,OOF_date_group_diagnostic,log_D,R03_smoke_v4,non_inferential_smoke
FREP-295445-Z,0,2022-03-21,E07000145,2.3092296357127142,2.029216748506222,1.730123126926894,OOF_date_group_diagnostic,log_D,R03_smoke_v4,non_inferential_smoke
FREP-296060-Z,0,2022-03-24,E07000011,5.150880211607584,1.1857476366405708,1.730123126926894,OOF_date_group_diagnostic,log_D,R03_smoke_v4,non_inferential_smoke
FREP-296681-Z,0,2022-09-23,E07000241,0.0,1.858165081170513,1.730123126926894,OOF_date_group_diagnostic,log_D,R03_smoke_v4,non_inferential_smoke
FREP-297946-Z,0,2022-04-05,E07000146,1.5651376535375203,0.9856766586903616,1.730123126926894,OOF_date_group_diagnostic,log_D,R03_smoke_v4,non_inferential_smoke
FREP-298290-J,0,2022-09-30,E09000031,1.8191584434161694,2.2751978725492026,1.730123126926894,OOF_date_group_diagnostic,log_D,R03_smoke_v4,non_inferential_smoke
FREP-299114-Z,0,2022-04-10,E07000011,4.686903771014761,0.6256297270807822,1.730123126926894,OOF_date_group_diagnostic,log_D,R03_smoke_v4,non_inferential_smoke
FREP-300924-Z,0,2022-04-21,E07000071,2.7767467323884447,1.7813780418848388,1.730123126926894,OOF_date_group_diagnostic,log_D,R03_smoke_v4,non_inferential_smoke
FREP-300995-G,0,2022-12-08,E09000006,3.5322256440685598,2.60712814593381,1.730123126926894,OOF_date_group_diagnostic,log_D,R03_smoke_v4,non_inferential_smoke
FREP-304019-G,0,2022-12-30,E07000105,2.066862759472976,1.7608662808064863,1.730123126926894,OOF_date_group_diagnostic,log_D,R03_smoke_v4,non_inferential_smoke
FREP-304021-J,0,2022-12-06,E09000032,5.441695949393384,1.9692773662154255,1.730123126926894,OOF_date_group_diagnostic,log_D,R03_smoke_v4,non_inferential_smoke
FREP-307296-J,0,2023-01-10,E09000024,2.8410258837930096,1.958884645019439,1.730123126926894,OOF_date_group_diagnostic,log_D,R03_smoke_v4,non_inferential_smoke
FREP-308522-G,0,2023-02-01,E07000223,3.106080330722856,2.080073969922885,1.730123126926894,OOF_date_group_diagnostic,log_D,R03_smoke_v4,non_inferential_smoke
FREP-310213-Z,0,2022-06-16,E07000146,2.0815227078836607,0.37111935738534485,1.730123126926894,OOF_date_group_diagnostic,log_D,R03_smoke_v4,non_inferential_smoke
FREP-310456-J,0,2023-02-13,E09000022,4.078102256120678,1.3425052391976215,1.730123126926894,OOF_date_group_diagnostic,log_D,R03_smoke_v4,non_inferential_smoke
FREP-310464-J,0,2023-02-13,E09000021,3.505557396986398,1.6095240528472567,1.730123126926894,OOF_date_group_diagnostic,log_D,R03_smoke_v4,non_inferential_smoke
FREP-310567-Z,0,2022-06-18,E09000014,6.820234681452642,1.4502382842890305,1.730123126926894,OOF_date_group_diagnostic,log_D,R03_smoke_v4,non_inferential_smoke
FREP-313905-J,0,2023-03-28,E09000031,2.4709204078132605,1.6046470848411396,1.730123126926894,OOF_date_group_diagnostic,log_D,R03_smoke_v4,non_inferential_smoke
FREP-315316-G,0,2023-04-12,E06000043,-1.791759469228055,1.273777938191145,1.730123126926894,OOF_date_group_diagnostic,log_D,R03_smoke_v4,non_inferential_smoke
FREP-316510-G,0,2023-04-23,E07000062,2.6878474937846906,1.983756833739187,1.730123126926894,OOF_date_group_diagnostic,log_D,R03_smoke_v4,non_inferential_smoke
FREP-316958-Z,0,2022-07-20,E07000011,1.0589470322756782,2.3048081248365757,1.730123126926894,OOF_date_group_diagnostic,log_D,R03_smoke_v4,non_inferential_smoke
FREP-317598-J,0,2023-05-19,E09000019,2.359280436670591,2.13521855466959,1.730123126926894,OOF_date_group_diagnostic,log_D,R03_smoke_v4,non_inferential_smoke
FREP-318465-G,0,2023-05-14,E07000109,3.6185463992680287,1.7281145989516582,1.730123126926894,OOF_date_group_diagnostic,log_D,R03_smoke_v4,non_inferential_smoke
FREP-319160-G,0,2023-05-21,E07000226,-0.2657031657330056,1.9286730739394244,1.730123126926894,OOF_date_group_diagnostic,log_D,R03_smoke_v4,non_inferential_smoke
FREP-321000-J,0,2023-06-30,E09000031,0.0,1.4525575037616425,1.730123126926894,OOF_date_group_diagnostic,log_D,R03_smoke_v4,non_inferential_smoke
FREP-322397-J,0,2023-07-16,E09000019,0.30010459245033816,2.5639547028069796,1.730123126926894,OOF_date_group_diagnostic,log_D,R03_smoke_v4,non_inferential_smoke
FREP-322860-Z,0,2022-08-19,E07000098,3.380994674344636,2.072666676450413,1.730123126926894,OOF_date_group_diagnostic,log_D,R03_smoke_v4,non_inferential_smoke
FREP-324593-J,0,2023-08-14,E09000001,1.9459101490553132,2.228746133661897,1.730123126926894,OOF_date_group_diagnostic,log_D,R03_smoke_v4,non_inferential_smoke
FREP-326060-J,0,2023-09-04,E09000019,2.060513531794317,1.241206880505937,1.730123126926894,OOF_date_group_diagnostic,log_D,R03_smoke_v4,non_inferential_smoke
FREP-326538-J,0,2023-09-10,E09000031,1.7404661748405046,1.465378046083872,1.730123126926894,OOF_date_group_diagnostic,log_D,R03_smoke_v4,non_inferential_smoke
FREP-330546-G,0,2023-08-26,E07000226,1.3904523712685544,2.1138529034922007,1.730123126926894,OOF_date_group_diagnostic,log_D,R03_smoke_v4,non_inferential_smoke
FREP-331431-Z,0,2022-09-30,E07000098,3.2108436531709366,1.955156775684078,1.730123126926894,OOF_date_group_diagnostic,log_D,R03_smoke_v4,non_inferential_smoke
FREP-331730-G,0,2023-09-06,E07000105,2.8716796248840124,1.9377627079398532,1.730123126926894,OOF_date_group_diagnostic,log_D,R03_smoke_v4,non_inferential_smoke
FREP-335088-Z,0,2022-10-21,E07000203,0.03278982282299097,1.1738054127645678,1.730123126926894,OOF_date_group_diagnostic,log_D,R03_smoke_v4,non_inferential_smoke
FREP-336291-G,0,2023-10-16,E07000110,1.8692347813963457,1.6146737487375435,1.730123126926894,OOF_date_group_diagnostic,log_D,R03_smoke_v4,non_inferential_smoke
FREP-337997-Z,0,2022-11-02,E07000200,1.5151272329628591,1.345357966107981,1.730123126926894,OOF_date_group_diagnostic,log_D,R03_smoke_v4,non_inferential_smoke
FREP-340035-J,0,2024-02-17,E09000011,1.136764054632486,2.2420979529055787,1.730123126926894,OOF_date_group_diagnostic,log_D,R03_smoke_v4,non_inferential_smoke
FREP-340086-J,0,2024-02-18,E09000028,2.5257286443082556,1.7973981486085764,1.730123126926894,OOF_date_group_diagnostic,log_D,R03_smoke_v4,non_inferential_smoke
FREP-341221-Z,0,2022-11-18,E07000203,0.949080554697146,1.4513664837668743,1.730123126926894,OOF_date_group_diagnostic,log_D,R03_smoke_v4,non_inferential_smoke
FREP-341290-Z,0,2022-11-18,E07000071,0.0,1.5953049003801734,1.730123126926894,OOF_date_group_diagnostic,log_D,R03_smoke_v4,non_inferential_smoke
FREP-341537-Z,0,2022-11-18,E07000075,3.0963314721101067,1.6587097191392608,1.730123126926894,OOF_date_group_diagnostic,log_D,R03_smoke_v4,non_inferential_smoke
FREP-341688-G,0,2023-11-25,E07000065,2.720198335037858,1.2354205806526002,1.730123126926894,OOF_date_group_diagnostic,log_D,R03_smoke_v4,non_inferential_smoke
FREP-342168-G,0,2023-11-29,E07000114,3.636708581785027,1.6101969099857112,1.730123126926894,OOF_date_group_diagnostic,log_D,R03_smoke_v4,non_inferential_smoke
FREP-342222-G,0,2023-11-29,E07000210,0.7339691750802005,0.6823546959877147,1.730123126926894,OOF_date_group_diagnostic,log_D,R03_smoke_v4,non_inferential_smoke
FREP-349387-Z,0,2022-12-28,E06000033,2.3639937211226894,2.2981924101506364,1.730123126926894,OOF_date_group_diagnostic,log_D,R03_smoke_v4,non_inferential_smoke
FREP-352152-Z,0,2023-01-12,E07000067,2.4524408485384233,1.789744796681522,1.730123126926894,OOF_date_group_diagnostic,log_D,R03_smoke_v4,non_inferential_smoke
FREP-353751-G,0,2024-02-23,E07000228,2.641435452020226,2.7057780819080803,1.730123126926894,OOF_date_group_diagnostic,log_D,R03_smoke_v4,non_inferential_smoke
FREP-353899-G,0,2024-02-24,E07000215,2.7547217204113568,2.668865088524041,1.730123126926894,OOF_date_group_diagnostic,log_D,R03_smoke_v4,non_inferential_smoke
FREP-356240-Z,0,2023-01-31,E07000070,3.195265959229067,1.544718972781916,1.730123126926894,OOF_date_group_diagnostic,log_D,R03_smoke_v4,non_inferential_smoke
FREP-356477-Z,0,2023-02-01,E07000012,0.0,1.1692588397510428,1.730123126926894,OOF_date_group_diagnostic,log_D,R03_smoke_v4,non_inferential_smoke
FREP-356575-G,0,2024-03-16,E07000065,2.6695403463403347,1.4165937871428502,1.730123126926894,OOF_date_group_diagnostic,log_D,R03_smoke_v4,non_inferential_smoke
FREP-356634-G,0,2024-03-16,E07000064,3.0633909220278057,1.3573729287118905,1.730123126926894,OOF_date_group_diagnostic,log_D,R03_smoke_v4,non_inferential_smoke
FREP-361482-Z,0,2023-03-04,E06000055,-0.38077249551779285,0.14305234290374313,1.730123126926894,OOF_date_group_diagnostic,log_D,R03_smoke_v4,non_inferential_smoke
FREP-366352-Z,0,2023-03-29,E07000147,-0.2657031657330056,1.249671410041317,1.730123126926894,OOF_date_group_diagnostic,log_D,R03_smoke_v4,non_inferential_smoke
FREP-366388-Z,0,2023-03-29,E07000011,3.12968024606373,0.873675402598921,1.730123126926894,OOF_date_group_diagnostic,log_D,R03_smoke_v4,non_inferential_smoke
FREP-368454-Z,0,2023-04-12,E09000003,1.4469189829363254,1.806191140881921,1.730123126926894,OOF_date_group_diagnostic,log_D,R03_smoke_v4,non_inferential_smoke
FREP-368721-Z,0,2023-04-12,E07000143,2.6544149852695784,1.9512228553307536,1.730123126926894,OOF_date_group_diagnostic,log_D,R03_smoke_v4,non_inferential_smoke
FREP-372264-Z,0,2023-05-06,E07000012,1.2669476034873244,1.1895528840084062,1.730123126926894,OOF_date_group_diagnostic,log_D,R03_smoke_v4,non_inferential_smoke
FREP-376948-Z,0,2023-06-04,E09000015,2.8810693652338513,2.19374740320652,1.730123126926894,OOF_date_group_diagnostic,log_D,R03_smoke_v4,non_inferential_smoke
FREP-376983-Z,0,2023-06-04,E07000242,2.690112500415543,1.5712594672716655,1.730123126926894,OOF_date_group_diagnostic,log_D,R03_smoke_v4,non_inferential_smoke
FREP-377791-Z,0,2023-06-08,E09000003,3.188416617383492,1.775744907455596,1.730123126926894,OOF_date_group_diagnostic,log_D,R03_smoke_v4,non_inferential_smoke
FREP-3783-I,0,2021-09-02,E09000015,0.9162907318741551,2.1780579286765023,1.730123126926894,OOF_date_group_diagnostic,log_D,R03_smoke_v4,non_inferential_smoke
FREP-386313-Z,0,2023-07-20,E07000069,1.9763931657803893,2.11399350804003,1.730123126926894,OOF_date_group_diagnostic,log_D,R03_smoke_v4,non_inferential_smoke
FREP-386386-Z,0,2023-07-20,E09000010,2.8164062257398346,2.486088277654903,1.730123126926894,OOF_date_group_diagnostic,log_D,R03_smoke_v4,non_inferential_smoke
FREP-393036-Z,0,2023-08-22,E07000077,1.9506607518139112,0.6457314201054394,1.730123126926894,OOF_date_group_diagnostic,log_D,R03_smoke_v4,non_inferential_smoke
FREP-393400-Z,0,2023-08-23,E07000147,1.7945333961107803,1.5659497016038992,1.730123126926894,OOF_date_group_diagnostic,log_D,R03_smoke_v4,non_inferential_smoke
FREP-396816-Z,0,2023-09-15,E07000242,0.28768207245178085,1.8821712517781872,1.730123126926894,OOF_date_group_diagnostic,log_D,R03_smoke_v4,non_inferential_smoke
FREP-404478-Z,0,2023-10-25,E07000146,1.402823663071101,1.4658499101527085,1.730123126926894,OOF_date_group_diagnostic,log_D,R03_smoke_v4,non_inferential_smoke
FREP-411626-Z,0,2023-12-04,E09000014,3.42859635585027,2.3282908089931706,1.730123126926894,OOF_date_group_diagnostic,log_D,R03_smoke_v4,non_inferential_smoke
FREP-412382-Z,0,2023-12-07,E09000016,1.1989602625023918,2.2310609632264993,1.730123126926894,OOF_date_group_diagnostic,log_D,R03_smoke_v4,non_inferential_smoke
FREP-413237-Z,0,2023-12-11,E07000077,1.4350845252893227,2.271859846014561,1.730123126926894,OOF_date_group_diagnostic,log_D,R03_smoke_v4,non_inferential_smoke
FREP-418381-Z,0,2024-01-09,E06000055,1.410986973710262,2.3789691369566883,1.730123126926894,OOF_date_group_diagnostic,log_D,R03_smoke_v4,non_inferential_smoke
FREP-418978-Z,0,2024-01-12,E07000077,1.943526357700037,1.179064162767683,1.730123126926894,OOF_date_group_diagnostic,log_D,R03_smoke_v4,non_inferential_smoke
FREP-429303-Z,0,2024-03-04,E06000033,2.1498223384416355,1.2406804287918802,1.730123126926894,OOF_date_group_diagnostic,log_D,R03_smoke_v4,non_inferential_smoke
FREP-431111-Z,0,2024-03-16,E07000009,1.2762934659055623,1.0394462326392568,1.730123126926894,OOF_date_group_diagnostic,log_D,R03_smoke_v4,non_inferential_smoke
FREP-48280-C,0,2021-06-02,E09000003,2.330524461683287,1.4733014835131695,1.730123126926894,OOF_date_group_diagnostic,log_D,R03_smoke_v4,non_inferential_smoke
FREP-52668-C,0,2021-09-24,E09000003,-1.791759469228055,1.9011844133563385,1.730123126926894,OOF_date_group_diagnostic,log_D,R03_smoke_v4,non_inferential_smoke
FREP-55897-C,0,2021-11-04,E07000200,3.332799571186515,0.8796625572021743,1.730123126926894,OOF_date_group_diagnostic,log_D,R03_smoke_v4,non_inferential_smoke
FREP-58757-V,0,2021-05-09,E07000116,1.955388893009857,1.1989078623694904,1.730123126926894,OOF_date_group_diagnostic,log_D,R03_smoke_v4,non_inferential_smoke
FREP-62587-V,0,2021-06-27,E07000113,3.713165479994092,1.8524701374608825,1.730123126926894,OOF_date_group_diagnostic,log_D,R03_smoke_v4,non_inferential_smoke
FREP-62685-C,0,2022-04-07,E07000068,1.7635885922613586,2.4600480594551093,1.730123126926894,OOF_date_group_diagnostic,log_D,R03_smoke_v4,non_inferential_smoke
FREP-63029-V,0,2021-07-02,E09000008,2.1766438696361985,2.541098222249205,1.730123126926894,OOF_date_group_diagnostic,log_D,R03_smoke_v4,non_inferential_smoke
FREP-65702-C,0,2022-08-09,E09000003,0.0,1.4872881062650192,1.730123126926894,OOF_date_group_diagnostic,log_D,R03_smoke_v4,non_inferential_smoke
FREP-71674-V,0,2021-10-07,E06000035,2.2192034840549946,1.5338544565096677,1.730123126926894,OOF_date_group_diagnostic,log_D,R03_smoke_v4,non_inferential_smoke
FREP-72515-V,0,2022-03-24,E06000035,0.0,0.7487837589698199,1.730123126926894,OOF_date_group_diagnostic,log_D,R03_smoke_v4,non_inferential_smoke
FREP-73160-V,0,2021-10-22,E07000111,3.5751506887855933,1.5746081076931733,1.730123126926894,OOF_date_group_diagnostic,log_D,R03_smoke_v4,non_inferential_smoke
FREP-7604-O,0,2021-08-04,E07000071,0.8183103235139513,2.1698914674242973,1.730123126926894,OOF_date_group_diagnostic,log_D,R03_smoke_v4,non_inferential_smoke
FREP-76926-V,0,2022-02-18,E07000115,3.896232319521822,2.3309448747169967,1.730123126926894,OOF_date_group_diagnostic,log_D,R03_smoke_v4,non_inferential_smoke
FREP-77294-C,0,2023-07-16,E09000015,2.0562582062241788,2.5490319255851577,1.730123126926894,OOF_date_group_diagnostic,log_D,R03_smoke_v4,non_inferential_smoke
FREP-82020-C,0,2023-10-14,E06000060,1.5858280467949668,2.0164484891780967,1.730123126926894,OOF_date_group_diagnostic,log_D,R03_smoke_v4,non_inferential_smoke
FREP-82901-C,0,2023-10-24,E07000010,1.6454483499571335,1.5408255364166485,1.730123126926894,OOF_date_group_diagnostic,log_D,R03_smoke_v4,non_inferential_smoke
FREP-84638-C,0,2023-11-29,E09000003,0.0,1.319072281628432,1.730123126926894,OOF_date_group_diagnostic,log_D,R03_smoke_v4,non_inferential_smoke
FREP-87395-C,0,2024-01-06,E06000031,1.9045919997245824,2.2806338350849535,1.730123126926894,OOF_date_group_diagnostic,log_D,R03_smoke_v4,non_inferential_smoke
FREP-13390-O,1,2023-05-22,E07000098,0.0,1.0490472562601942,1.7990085844513328,OOF_date_group_diagnostic,log_D,R03_smoke_v4,non_inferential_smoke
FREP-16671-O,1,2024-03-08,E07000076,0.0,1.204977051769845,1.7990085844513328,OOF_date_group_diagnostic,log_D,R03_smoke_v4,non_inferential_smoke
FREP-221775-Z,1,2023-03-08,E07000147,1.2039728043259361,1.5199799191305126,1.7990085844513328,OOF_date_group_diagnostic,log_D,R03_smoke_v4,non_inferential_smoke
FREP-227420-G,1,2022-03-03,E07000208,0.0,1.4499877004699668,1.7990085844513328,OOF_date_group_diagnostic,log_D,R03_smoke_v4,non_inferential_smoke
FREP-229188-Z,1,2021-04-05,E07000069,0.8960880245566357,1.9522533351137463,1.7990085844513328,OOF_date_group_diagnostic,log_D,R03_smoke_v4,non_inferential_smoke
FREP-244103-Z,1,2021-06-21,E07000009,1.442989704796436,1.8120289427527823,1.7990085844513328,OOF_date_group_diagnostic,log_D,R03_smoke_v4,non_inferential_smoke
FREP-245417-Z,1,2021-06-28,E07000179,0.5596157879354227,1.8396470482331462,1.7990085844513328,OOF_date_group_diagnostic,log_D,R03_smoke_v4,non_inferential_smoke
FREP-248489-Z,1,2021-07-13,E07000071,3.865979066926739,1.9650852913192791,1.7990085844513328,OOF_date_group_diagnostic,log_D,R03_smoke_v4,non_inferential_smoke
FREP-251622-Z,1,2021-07-27,E07000203,1.0055218656020977,1.1909997674965032,1.7990085844513328,OOF_date_group_diagnostic,log_D,R03_smoke_v4,non_inferential_smoke
FREP-251729-G,1,2021-05-29,E07000108,3.0641694351072197,1.6432769292016909,1.7990085844513328,OOF_date_group_diagnostic,log_D,R03_smoke_v4,non_inferential_smoke
FREP-251733-G,1,2021-05-29,E07000111,2.8154087194227095,1.6925246422561648,1.7990085844513328,OOF_date_group_diagnostic,log_D,R03_smoke_v4,non_inferential_smoke
FREP-253133-G,1,2021-06-21,E09000021,-1.791759469228055,2.2003880977334616,1.7990085844513328,OOF_date_group_diagnostic,log_D,R03_smoke_v4,non_inferential_smoke
FREP-253328-G,1,2021-06-28,E07000207,0.3483066942682158,1.2930732024876488,1.7990085844513328,OOF_date_group_diagnostic,log_D,R03_smoke_v4,non_inferential_smoke
FREP-253896-G,1,2021-07-13,E09000021,2.187922184673906,2.2091833185577547,1.7990085844513328,OOF_date_group_diagnostic,log_D,R03_smoke_v4,non_inferential_smoke
FREP-255184-G,1,2021-08-23,E09000021,0.0,0.35984732926897856,1.7990085844513328,OOF_date_group_diagnostic,log_D,R03_smoke_v4,non_inferential_smoke
FREP-256923-Z,1,2021-08-23,E07000077,1.6454483499571335,1.582656910294065,1.7990085844513328,OOF_date_group_diagnostic,log_D,R03_smoke_v4,non_inferential_smoke
FREP-258469-Z,1,2021-09-01,E09000003,2.6366735382599824,1.4357568937105514,1.7990085844513328,OOF_date_group_diagnostic,log_D,R03_smoke_v4,non_inferential_smoke
FREP-258555-G,1,2021-11-26,E06000043,2.0476928433652555,1.035661825122992,1.7990085844513328,OOF_date_group_diagnostic,log_D,R03_smoke_v4,non_inferential_smoke
FREP-258615-G,1,2021-11-26,E09000021,2.445241393395569,1.677644045372507,1.7990085844513328,OOF_date_group_diagnostic,log_D,R03_smoke_v4,non_inferential_smoke
FREP-258657-Z,1,2021-09-01,E06000060,2.7767467323884447,1.7785753670169966,1.7990085844513328,OOF_date_group_diagnostic,log_D,R03_smoke_v4,non_inferential_smoke
FREP-259364-G,1,2021-12-02,E07000207,2.461012329588564,1.7313961857108173,1.7990085844513328,OOF_date_group_diagnostic,log_D,R03_smoke_v4,non_inferential_smoke
FREP-260544-Z,1,2021-09-15,E07000074,1.667706820558076,1.0509223613751972,1.7990085844513328,OOF_date_group_diagnostic,log_D,R03_smoke_v4,non_inferential_smoke
FREP-261164-G,1,2021-12-21,E07000113,3.1127742939856553,1.8268039418473911,1.7990085844513328,OOF_date_group_diagnostic,log_D,R03_smoke_v4,non_inferential_smoke
FREP-262421-Z,1,2021-09-29,E07000068,2.4595888418037104,2.2700220669613764,1.7990085844513328,OOF_date_group_diagnostic,log_D,R03_smoke_v4,non_inferential_smoke
FREP-263499-Z,1,2021-10-05,E07000144,1.6389967146756448,1.9184382680444823,1.7990085844513328,OOF_date_group_diagnostic,log_D,R03_smoke_v4,non_inferential_smoke
FREP-266354-Z,1,2021-10-23,E09000010,2.325650365925042,2.287461417220186,1.7990085844513328,OOF_date_group_diagnostic,log_D,R03_smoke_v4,non_inferential_smoke
FREP-269519-J,1,2021-07-28,E09000022,1.9339339580085977,2.3798549653288124,1.7990085844513328,OOF_date_group_diagnostic,log_D,R03_smoke_v4,non_inferential_smoke
FREP-270587-G,1,2022-02-24,E07000229,0.3483066942682158,2.0177627495328245,1.7990085844513328,OOF_date_group_diagnostic,log_D,R03_smoke_v4,non_inferential_smoke
FREP-271602-J,1,2021-08-24,E09000013,5.261221061906861,1.1971540046439075,1.7990085844513328,OOF_date_group_diagnostic,log_D,R03_smoke_v4,non_inferential_smoke
FREP-274264-J,1,2021-10-08,E09000019,-1.0498221244986778,2.0206782180602296,1.7990085844513328,OOF_date_group_diagnostic,log_D,R03_smoke_v4,non_inferential_smoke
FREP-275106-Z,1,2021-12-16,E09000003,0.676340062243564,1.375966027939612,1.7990085844513328,OOF_date_group_diagnostic,log_D,R03_smoke_v4,non_inferential_smoke
FREP-275886-G,1,2022-04-11,E07000113,0.08004270767353636,1.5337318185062976,1.7990085844513328,OOF_date_group_diagnostic,log_D,R03_smoke_v4,non_inferential_smoke
FREP-277514-Z,1,2022-01-05,E09000002,2.1262456078776384,2.6507202451642686,1.7990085844513328,OOF_date_group_diagnostic,log_D,R03_smoke_v4,non_inferential_smoke
FREP-277968-J,1,2021-11-18,E09000001,0.0,1.5728488795664486,1.7990085844513328,OOF_date_group_diagnostic,log_D,R03_smoke_v4,non_inferential_smoke
FREP-278532-Z,1,2022-01-11,E07000098,2.463853240590168,2.0675224747290066,1.7990085844513328,OOF_date_group_diagnostic,log_D,R03_smoke_v4,non_inferential_smoke
FREP-281034-G,1,2022-06-06,E07000211,2.9444389791664403,2.2800831853812378,1.7990085844513328,OOF_date_group_diagnostic,log_D,R03_smoke_v4,non_inferential_smoke
FREP-283236-J,1,2022-01-24,E09000022,2.2530446474339096,2.2253455058838547,1.7990085844513328,OOF_date_group_diagnostic,log_D,R03_smoke_v4,non_inferential_smoke
FREP-283247-Z,1,2022-02-06,E09000005,1.5077742586576002,2.5594733475208518,1.7990085844513328,OOF_date_group_diagnostic,log_D,R03_smoke_v4,non_inferential_smoke
FREP-286370-J,1,2022-03-19,E09000007,1.5114575040738967,1.167259467445877,1.7990085844513328,OOF_date_group_diagnostic,log_D,R03_smoke_v4,non_inferential_smoke
FREP-286918-J,1,2022-10-19,E09000024,0.0,1.8206896442696678,1.7990085844513328,OOF_date_group_diagnostic,log_D,R03_smoke_v4,non_inferential_smoke
FREP-287258-G,1,2022-08-07,E07000215,2.1953710086868963,2.140268343962225,1.7990085844513328,OOF_date_group_diagnostic,log_D,R03_smoke_v4,non_inferential_smoke
FREP-289950-G,1,2022-09-03,E07000063,1.6422277352570913,1.7762035495003268,1.7990085844513328,OOF_date_group_diagnostic,log_D,R03_smoke_v4,non_inferential_smoke
FREP-289956-J,1,2022-06-07,E09000011,1.466337068793427,2.1145394087592186,1.7990085844513328,OOF_date_group_diagnostic,log_D,R03_smoke_v4,non_inferential_smoke
FREP-290873-Z,1,2022-02-24,E07000203,1.1735135968412274,1.7317256247702986,1.7990085844513328,OOF_date_group_diagnostic,log_D,R03_smoke_v4,non_inferential_smoke
FREP-290975-Z,1,2022-02-24,E09000014,2.785011242238338,2.4852188568636144,1.7990085844513328,OOF_date_group_diagnostic,log_D,R03_smoke_v4,non_inferential_smoke
FREP-295236-Z,1,2022-03-19,E09000005,2.468099531471619,2.036071934160692,1.7990085844513328,OOF_date_group_diagnostic,log_D,R03_smoke_v4,non_inferential_smoke
FREP-295280-Z,1,2022-03-19,E09000015,-0.5679840376059393,1.8086744489882123,1.7990085844513328,OOF_date_group_diagnostic,log_D,R03_smoke_v4,non_inferential_smoke
FREP-296599-J,1,2022-09-07,E09000033,3.1986731175506815,1.690877596455052,1.7990085844513328,OOF_date_group_diagnostic,log_D,R03_smoke_v4,non_inferential_smoke
FREP-298916-Z,1,2022-04-08,E09000003,2.1061646118205894,1.8999235428476646,1.7990085844513328,OOF_date_group_diagnostic,log_D,R03_smoke_v4,non_inferential_smoke
FREP-300421-G,1,2022-12-03,E07000105,5.060588802482344,2.202664083991429,1.7990085844513328,OOF_date_group_diagnostic,log_D,R03_smoke_v4,non_inferential_smoke
FREP-301678-Z,1,2022-04-26,E07000143,2.3764549415605014,1.81085276014754,1.7990085844513328,OOF_date_group_diagnostic,log_D,R03_smoke_v4,non_inferential_smoke
FREP-301988-G,1,2022-12-15,E07000061,3.0803797476142756,2.9717101495386333,1.7990085844513328,OOF_date_group_diagnostic,log_D,R03_smoke_v4,non_inferential_smoke
FREP-302374-J,1,2022-11-17,E09000031,1.8536904269585455,1.5529872402095477,1.7990085844513328,OOF_date_group_diagnostic,log_D,R03_smoke_v4,non_inferential_smoke
FREP-303138-Z,1,2022-05-06,E07000099,2.1897895988487015,2.0101546541405444,1.7990085844513328,OOF_date_group_diagnostic,log_D,R03_smoke_v4,non_inferential_smoke
FREP-303177-Z,1,2022-05-06,E07000076,0.6241543090729939,1.3349789581558107,1.7990085844513328,OOF_date_group_diagnostic,log_D,R03_smoke_v4,non_inferential_smoke
FREP-304562-Z,1,2022-05-15,E06000060,2.03688192726104,1.704177359905288,1.7990085844513328,OOF_date_group_diagnostic,log_D,R03_smoke_v4,non_inferential_smoke
FREP-305483-Z,1,2022-05-19,E07000008,2.2389350659175897,1.7499220542200944,1.7990085844513328,OOF_date_group_diagnostic,log_D,R03_smoke_v4,non_inferential_smoke
FREP-305945-J,1,2022-12-23,E09000013,2.545531271604435,2.4158210718081294,1.7990085844513328,OOF_date_group_diagnostic,log_D,R03_smoke_v4,non_inferential_smoke
FREP-308191-Z,1,2022-06-10,E07000070,0.0,1.5953382344465916,1.7990085844513328,OOF_date_group_diagnostic,log_D,R03_smoke_v4,non_inferential_smoke
FREP-308681-J,1,2023-01-24,E09000013,2.686713063714079,1.7925825778998634,1.7990085844513328,OOF_date_group_diagnostic,log_D,R03_smoke_v4,non_inferential_smoke
FREP-309957-J,1,2023-02-07,E09000026,4.256794044864054,2.2441343169624917,1.7990085844513328,OOF_date_group_diagnostic,log_D,R03_smoke_v4,non_inferential_smoke
FREP-309977-G,1,2023-02-16,E07000208,3.0015486588754308,2.1645426346978023,1.7990085844513328,OOF_date_group_diagnostic,log_D,R03_smoke_v4,non_inferential_smoke
FREP-311896-Z,1,2022-06-24,E07000066,0.0,2.375972583461656,1.7990085844513328,OOF_date_group_diagnostic,log_D,R03_smoke_v4,non_inferential_smoke
FREP-312682-G,1,2023-03-14,E07000207,2.1766438696361985,1.916479167842501,1.7990085844513328,OOF_date_group_diagnostic,log_D,R03_smoke_v4,non_inferential_smoke
FREP-314682-G,1,2023-04-04,E07000223,1.8431916428603257,2.065430824931269,1.7990085844513328,OOF_date_group_diagnostic,log_D,R03_smoke_v4,non_inferential_smoke
FREP-316721-G,1,2023-04-25,E07000111,1.7107904066943878,2.0345696872273726,1.7990085844513328,OOF_date_group_diagnostic,log_D,R03_smoke_v4,non_inferential_smoke
FREP-316775-Z,1,2022-07-19,E06000056,1.9070703157390494,1.3149612127592993,1.7990085844513328,OOF_date_group_diagnostic,log_D,R03_smoke_v4,non_inferential_smoke
FREP-316852-Z,1,2022-07-19,E09000014,0.6330432564902398,1.0547844132494326,1.7990085844513328,OOF_date_group_diagnostic,log_D,R03_smoke_v4,non_inferential_smoke
FREP-318347-Z,1,2022-07-26,E07000143,1.2669476034873244,2.2838752829453437,1.7990085844513328,OOF_date_group_diagnostic,log_D,R03_smoke_v4,non_inferential_smoke
FREP-318682-Z,1,2022-07-28,E06000032,1.622683139184121,2.264194611021635,1.7990085844513328,OOF_date_group_diagnostic,log_D,R03_smoke_v4,non_inferential_smoke
FREP-320952-Z,1,2022-08-10,E07000074,1.8794650496471605,0.8048705352216645,1.7990085844513328,OOF_date_group_diagnostic,log_D,R03_smoke_v4,non_inferential_smoke
FREP-321809-G,1,2023-06-14,E07000113,3.8147776209893105,2.1282504358282552,1.7990085844513328,OOF_date_group_diagnostic,log_D,R03_smoke_v4,non_inferential_smoke
FREP-322164-G,1,2023-06-17,E07000065,1.9694406464655074,1.8425055540229591,1.7990085844513328,OOF_date_group_diagnostic,log_D,R03_smoke_v4,non_inferential_smoke
FREP-322357-Z,1,2022-08-17,E06000060,1.8794650496471605,1.6172167403316369,1.7990085844513328,OOF_date_group_diagnostic,log_D,R03_smoke_v4,non_inferential_smoke
FREP-325267-Z,1,2022-08-30,E07000143,2.0237526358192475,1.5010486388419406,1.7990085844513328,OOF_date_group_diagnostic,log_D,R03_smoke_v4,non_inferential_smoke
FREP-325748-Z,1,2022-09-02,E07000200,0.0,1.1110987723188854,1.7990085844513328,OOF_date_group_diagnostic,log_D,R03_smoke_v4,non_inferential_smoke
FREP-326069-Z,1,2022-09-03,E06000031,2.2582848340974655,2.1145578255774624,1.7990085844513328,OOF_date_group_diagnostic,log_D,R03_smoke_v4,non_inferential_smoke
FREP-329763-G,1,2023-08-20,E09000006,0.5108256237659907,1.5854722114368802,1.7990085844513328,OOF_date_group_diagnostic,log_D,R03_smoke_v4,non_inferential_smoke
FREP-329769-J,1,2023-10-27,E09000005,2.294216843323529,2.135124584990368,1.7990085844513328,OOF_date_group_diagnostic,log_D,R03_smoke_v4,non_inferential_smoke
FREP-333888-J,1,2023-12-14,E09000023,6.225613977598726,1.7950393221505019,1.7990085844513328,OOF_date_group_diagnostic,log_D,R03_smoke_v4,non_inferential_smoke
FREP-334301-Z,1,2022-10-19,E07000076,-0.38077249551779285,1.3603754532257768,1.7990085844513328,OOF_date_group_diagnostic,log_D,R03_smoke_v4,non_inferential_smoke
FREP-334401-J,1,2023-12-14,E09000012,2.0412203288596382,1.9748808214917624,1.7990085844513328,OOF_date_group_diagnostic,log_D,R03_smoke_v4,non_inferential_smoke
FREP-334680-Z,1,2022-10-19,E06000055,1.3306054552593019,2.4411556463156887,1.7990085844513328,OOF_date_group_diagnostic,log_D,R03_smoke_v4,non_inferential_smoke
FREP-334739-Z,1,2022-10-19,E07000067,1.9482882714602807,1.8179408274809217,1.7990085844513328,OOF_date_group_diagnostic,log_D,R03_smoke_v4,non_inferential_smoke
FREP-337731-J,1,2024-01-24,E09000005,4.276666119016055,1.700087147469367,1.7990085844513328,OOF_date_group_diagnostic,log_D,R03_smoke_v4,non_inferential_smoke
FREP-338651-Z,1,2022-11-05,E06000056,0.6678293725756554,0.8225868201145725,1.7990085844513328,OOF_date_group_diagnostic,log_D,R03_smoke_v4,non_inferential_smoke
FREP-338704-Z,1,2022-11-05,E07000076,0.8823891801984737,1.4516955320106382,1.7990085844513328,OOF_date_group_diagnostic,log_D,R03_smoke_v4,non_inferential_smoke
FREP-338972-G,1,2023-11-05,E07000227,0.0,0.8442619125462751,1.7990085844513328,OOF_date_group_diagnostic,log_D,R03_smoke_v4,non_inferential_smoke
FREP-339049-G,1,2023-11-05,E07000112,-1.0986122886681098,2.1907369637624936,1.7990085844513328,OOF_date_group_diagnostic,log_D,R03_smoke_v4,non_inferential_smoke
FREP-339052-G,1,2023-11-05,E06000035,3.0765439162904045,1.4706659384215357,1.7990085844513328,OOF_date_group_diagnostic,log_D,R03_smoke_v4,non_inferential_smoke
FREP-341043-G,1,2023-11-20,E07000227,0.19611487892629037,1.2375651935095986,1.7990085844513328,OOF_date_group_diagnostic,log_D,R03_smoke_v4,non_inferential_smoke
FREP-341864-J,1,2024-03-06,E09000033,0.8544153281560676,2.318741910463992,1.7990085844513328,OOF_date_group_diagnostic,log_D,R03_smoke_v4,non_inferential_smoke
FREP-341954-J,1,2024-03-08,E09000032,2.112231364502827,2.2846453213866145,1.7990085844513328,OOF_date_group_diagnostic,log_D,R03_smoke_v4,non_inferential_smoke
FREP-342862-Z,1,2022-11-25,E09000005,2.7332846722807513,1.9027545636972305,1.7990085844513328,OOF_date_group_diagnostic,log_D,R03_smoke_v4,non_inferential_smoke
FREP-346509-Z,1,2022-12-15,E07000076,2.502801139664551,2.5158787421898126,1.7990085844513328,OOF_date_group_diagnostic,log_D,R03_smoke_v4,non_inferential_smoke
FREP-347570-Z,1,2023-01-24,E07000076,-2.4849066497880004,1.9736289732572685,1.7990085844513328,OOF_date_group_diagnostic,log_D,R03_smoke_v4,non_inferential_smoke
FREP-351352-Z,1,2023-01-08,E07000010,1.589235205116581,1.6367222693927412,1.7990085844513328,OOF_date_group_diagnostic,log_D,R03_smoke_v4,non_inferential_smoke
FREP-351359-Z,1,2023-01-08,E07000008,2.169053700369523,1.9169740359122982,1.7990085844513328,OOF_date_group_diagnostic,log_D,R03_smoke_v4,non_inferential_smoke
FREP-353538-G,1,2024-02-25,E07000065,0.0,1.7136401509134516,1.7990085844513328,OOF_date_group_diagnostic,log_D,R03_smoke_v4,non_inferential_smoke
FREP-357139-Z,1,2023-02-05,E07000072,0.8109302162163288,2.095635041003802,1.7990085844513328,OOF_date_group_diagnostic,log_D,R03_smoke_v4,non_inferential_smoke
FREP-362261-Z,1,2023-03-08,E07000095,1.5720821258903315,1.4944308592919116,1.7990085844513328,OOF_date_group_diagnostic,log_D,R03_smoke_v4,non_inferential_smoke
FREP-367207-Z,1,2023-04-03,E07000200,3.0508515727750707,1.3607726969571714,1.7990085844513328,OOF_date_group_diagnostic,log_D,R03_smoke_v4,non_inferential_smoke
FREP-367427-Z,1,2023-04-04,E09000015,3.100092288878234,1.7241985045779433,1.7990085844513328,OOF_date_group_diagnostic,log_D,R03_smoke_v4,non_inferential_smoke
FREP-372341-Z,1,2023-05-07,E07000067,4.210892267270491,1.516423043974884,1.7990085844513328,OOF_date_group_diagnostic,log_D,R03_smoke_v4,non_inferential_smoke
FREP-373646-Z,1,2023-05-22,E09000014,0.0,1.21248731473345,1.7990085844513328,OOF_date_group_diagnostic,log_D,R03_smoke_v4,non_inferential_smoke
FREP-374789-Z,1,2023-05-22,E07000074,2.0710732920093196,1.2833797801897042,1.7990085844513328,OOF_date_group_diagnostic,log_D,R03_smoke_v4,non_inferential_smoke
FREP-377499-Z,1,2023-12-08,E09000003,0.0,1.4350011635747508,1.7990085844513328,OOF_date_group_diagnostic,log_D,R03_smoke_v4,non_inferential_smoke
FREP-379649-Z,1,2023-06-18,E07000200,0.4803664162812822,1.9027668453908237,1.7990085844513328,OOF_date_group_diagnostic,log_D,R03_smoke_v4,non_inferential_smoke
FREP-380437-Z,1,2023-06-21,E06000055,3.5155176386914535,2.1881887675195664,1.7990085844513328,OOF_date_group_diagnostic,log_D,R03_smoke_v4,non_inferential_smoke
FREP-385586-Z,1,2023-07-15,E07000144,2.2547944291576973,2.147649874266345,1.7990085844513328,OOF_date_group_diagnostic,log_D,R03_smoke_v4,non_inferential_smoke
FREP-385666-Z,1,2023-07-15,E07000149,2.921367858265129,1.7932277829399366,1.7990085844513328,OOF_date_group_diagnostic,log_D,R03_smoke_v4,non_inferential_smoke
FREP-385676-Z,1,2023-07-15,E07000147,1.6613976513648114,1.8616035678048408,1.7990085844513328,OOF_date_group_diagnostic,log_D,R03_smoke_v4,non_inferential_smoke
FREP-385870-Z,1,2023-08-10,E07000149,0.0,0.8057627006466659,1.7990085844513328,OOF_date_group_diagnostic,log_D,R03_smoke_v4,non_inferential_smoke
FREP-386750-Z,1,2023-08-09,E06000056,0.0,0.7166030563683818,1.7990085844513328,OOF_date_group_diagnostic,log_D,R03_smoke_v4,non_inferential_smoke
FREP-388833-Z,1,2023-07-25,E06000056,0.0,1.2205831817346062,1.7990085844513328,OOF_date_group_diagnostic,log_D,R03_smoke_v4,non_inferential_smoke
FREP-390800-Z,1,2023-08-09,E07000147,2.3092296357127142,1.2740881127104364,1.7990085844513328,OOF_date_group_diagnostic,log_D,R03_smoke_v4,non_inferential_smoke
FREP-397658-Z,1,2023-09-13,E07000179,2.33214389523559,1.1930858262824953,1.7990085844513328,OOF_date_group_diagnostic,log_D,R03_smoke_v4,non_inferential_smoke
FREP-397773-Z,1,2023-09-16,E09000003,0.0,0.8349902501686994,1.7990085844513328,OOF_date_group_diagnostic,log_D,R03_smoke_v4,non_inferential_smoke
FREP-403859-Z,1,2023-10-21,E07000071,1.4469189829363254,1.9001210266643236,1.7990085844513328,OOF_date_group_diagnostic,log_D,R03_smoke_v4,non_inferential_smoke
FREP-403915-Z,1,2023-10-21,E07000243,1.864080130807681,1.7195892313789558,1.7990085844513328,OOF_date_group_diagnostic,log_D,R03_smoke_v4,non_inferential_smoke
FREP-411149-Z,1,2023-12-01,E09000002,0.5690945318899664,2.0019630619698896,1.7990085844513328,OOF_date_group_diagnostic,log_D,R03_smoke_v4,non_inferential_smoke
FREP-421822-Z,1,2024-01-24,E07000067,1.9339339580085977,1.682407916760976,1.7990085844513328,OOF_date_group_diagnostic,log_D,R03_smoke_v4,non_inferential_smoke
FREP-431495-Z,1,2024-03-19,E07000071,1.4701758451005926,1.7267416583628905,1.7990085844513328,OOF_date_group_diagnostic,log_D,R03_smoke_v4,non_inferential_smoke
FREP-46345-C,1,2021-04-14,E06000031,2.749405386784124,2.1179759138093357,1.7990085844513328,OOF_date_group_diagnostic,log_D,R03_smoke_v4,non_inferential_smoke
FREP-54999-C,1,2021-10-21,E09000003,2.740840023925201,2.3067763702779343,1.7990085844513328,OOF_date_group_diagnostic,log_D,R03_smoke_v4,non_inferential_smoke
FREP-57127-C,1,2021-11-26,E06000060,0.4054651081081644,1.9209969929224497,1.7990085844513328,OOF_date_group_diagnostic,log_D,R03_smoke_v4,non_inferential_smoke
FREP-57398-V,1,2021-04-20,E09000006,5.278964638032222,1.7578994244469728,1.7990085844513328,OOF_date_group_diagnostic,log_D,R03_smoke_v4,non_inferential_smoke
FREP-58664-V,1,2021-05-08,E07000116,1.9740810260220096,1.8858892638337492,1.7990085844513328,OOF_date_group_diagnostic,log_D,R03_smoke_v4,non_inferential_smoke
FREP-58802-V,1,2021-05-10,E07000106,-0.1823215567939546,1.6312893915594397,1.7990085844513328,OOF_date_group_diagnostic,log_D,R03_smoke_v4,non_inferential_smoke
FREP-59862-C,1,2022-01-29,E07000147,0.5306282510621704,2.0126851402068477,1.7990085844513328,OOF_date_group_diagnostic,log_D,R03_smoke_v4,non_inferential_smoke
FREP-63299-C,1,2022-04-29,E07000011,-0.8362480242006186,1.852177562676703,1.7990085844513328,OOF_date_group_diagnostic,log_D,R03_smoke_v4,non_inferential_smoke
FREP-64917-N,1,2021-04-20,E09000030,0.0,1.150175769484142,1.7990085844513328,OOF_date_group_diagnostic,log_D,R03_smoke_v4,non_inferential_smoke
FREP-66010-C,1,2023-09-30,E07000072,0.0,1.056815361661554,1.7990085844513328,OOF_date_group_diagnostic,log_D,R03_smoke_v4,non_inferential_smoke
FREP-67893-V,1,2021-08-24,E07000112,2.0519846954467966,1.909838403191285,1.7990085844513328,OOF_date_group_diagnostic,log_D,R03_smoke_v4,non_inferential_smoke
FREP-70663-C,1,2023-02-03,E09000005,1.692552819144607,2.1130509547458187,1.7990085844513328,OOF_date_group_diagnostic,log_D,R03_smoke_v4,non_inferential_smoke
FREP-71983-C,1,2023-03-08,E06000060,1.8110172858324696,1.5455345840202837,1.7990085844513328,OOF_date_group_diagnostic,log_D,R03_smoke_v4,non_inferential_smoke
FREP-75767-V,1,2021-12-16,E07000112,-0.1823215567939546,2.3546702625530678,1.7990085844513328,OOF_date_group_diagnostic,log_D,R03_smoke_v4,non_inferential_smoke
FREP-78710-C,1,2023-09-01,E07000010,2.138103454328422,1.2157863474965276,1.7990085844513328,OOF_date_group_diagnostic,log_D,R03_smoke_v4,non_inferential_smoke
FREP-82606-C,1,2023-10-21,E07000066,1.9624394510065237,2.56404770128588,1.7990085844513328,OOF_date_group_diagnostic,log_D,R03_smoke_v4,non_inferential_smoke
FREP-8368-I,1,2024-02-04,E09000015,0.0,1.6200675421343342,1.7990085844513328,OOF_date_group_diagnostic,log_D,R03_smoke_v4,non_inferential_smoke
FREP-88173-C,1,2024-02-22,E07000070,0.0,1.7357962263936513,1.7990085844513328,OOF_date_group_diagnostic,log_D,R03_smoke_v4,non_inferential_smoke
FREP-88983-V,1,2024-01-24,E07000114,0.0,1.7517282680943917,1.7990085844513328,OOF_date_group_diagnostic,log_D,R03_smoke_v4,non_inferential_smoke
FREP-90585-C,1,2024-02-20,E06000060,3.8698111566188365,2.023652442036087,1.7990085844513328,OOF_date_group_diagnostic,log_D,R03_smoke_v4,non_inferential_smoke
FREP-9152-I,1,2024-01-08,E09000014,3.131136910560194,2.348047584141547,1.7990085844513328,OOF_date_group_diagnostic,log_D,R03_smoke_v4,non_inferential_smoke
FREP-15108-O,2,2023-11-02,E06000055,0.0,1.190295132389041,1.7687958948511835,OOF_date_group_diagnostic,log_D,R03_smoke_v4,non_inferential_smoke
FREP-15160-O,2,2023-09-07,E07000241,0.0,1.1601396543548623,1.7687958948511835,OOF_date_group_diagnostic,log_D,R03_smoke_v4,non_inferential_smoke
FREP-159912-J,2,2022-04-28,E07000072,0.0,1.2844199920366175,1.7687958948511835,OOF_date_group_diagnostic,log_D,R03_smoke_v4,non_inferential_smoke
FREP-228813-Z,2,2021-04-01,E07000099,2.9338568698359038,1.734650511543209,1.7687958948511835,OOF_date_group_diagnostic,log_D,R03_smoke_v4,non_inferential_smoke
FREP-233715-Z,2,2021-04-28,E09000010,0.8685000680378065,1.9239389416030912,1.7687958948511835,OOF_date_group_diagnostic,log_D,R03_smoke_v4,non_inferential_smoke
FREP-234038-Z,2,2021-04-30,E07000011,0.31237468504215243,-0.5063889440676523,1.7687958948511835,OOF_date_group_diagnostic,log_D,R03_smoke_v4,non_inferential_smoke
FREP-234116-Z,2,2021-04-30,E07000202,1.1420974006078486,1.6370326996240867,1.7687958948511835,OOF_date_group_diagnostic,log_D,R03_smoke_v4,non_inferential_smoke
FREP-238564-Z,2,2021-05-23,E09000003,2.8213788864092133,2.3230928397376918,1.7687958948511835,OOF_date_group_diagnostic,log_D,R03_smoke_v4,non_inferential_smoke
FREP-238589-Z,2,2021-05-23,E07000070,2.310883895808741,1.6898156963494868,1.7687958948511835,OOF_date_group_diagnostic,log_D,R03_smoke_v4,non_inferential_smoke
FREP-244334-Z,2,2021-06-22,E09000003,2.348195604246098,2.2025637518207763,1.7687958948511835,OOF_date_group_diagnostic,log_D,R03_smoke_v4,non_inferential_smoke
FREP-244955-Z,2,2021-06-24,E09000015,2.1400661634962708,2.3259549611075507,1.7687958948511835,OOF_date_group_diagnostic,log_D,R03_smoke_v4,non_inferential_smoke
FREP-250580-Z,2,2021-07-22,E07000010,2.915064370486536,1.4926649022385505,1.7687958948511835,OOF_date_group_diagnostic,log_D,R03_smoke_v4,non_inferential_smoke
FREP-250816-Z,2,2021-07-23,E07000066,1.7520942128356236,2.384981020527571,1.7687958948511835,OOF_date_group_diagnostic,log_D,R03_smoke_v4,non_inferential_smoke
FREP-251058-G,2,2021-05-21,E07000110,0.2751032902449208,2.128508286091752,1.7687958948511835,OOF_date_group_diagnostic,log_D,R03_smoke_v4,non_inferential_smoke
FREP-256626-G,2,2021-10-15,E07000209,1.0355541527009728,2.0157301700825383,1.7687958948511835,OOF_date_group_diagnostic,log_D,R03_smoke_v4,non_inferential_smoke
FREP-258735-G,2,2021-11-27,E07000210,1.5686159179138452,1.9474804198588367,1.7687958948511835,OOF_date_group_diagnostic,log_D,R03_smoke_v4,non_inferential_smoke
FREP-259546-G,2,2021-12-05,E07000064,4.295015257684252,1.6516899638889504,1.7687958948511835,OOF_date_group_diagnostic,log_D,R03_smoke_v4,non_inferential_smoke
FREP-260095-G,2,2021-12-09,E09000008,4.253245844807957,2.414080769308376,1.7687958948511835,OOF_date_group_diagnostic,log_D,R03_smoke_v4,non_inferential_smoke
FREP-260162-Z,2,2021-09-13,E07000011,1.575536360758419,1.5619920343116176,1.7687958948511835,OOF_date_group_diagnostic,log_D,R03_smoke_v4,non_inferential_smoke
FREP-260755-Z,2,2021-09-17,E07000012,3.2676659890376327,1.1130748050430899,1.7687958948511835,OOF_date_group_diagnostic,log_D,R03_smoke_v4,non_inferential_smoke
FREP-262013-J,2,2021-05-23,E09000011,0.0,1.3419324180730432,1.7687958948511835,OOF_date_group_diagnostic,log_D,R03_smoke_v4,non_inferential_smoke
FREP-265393-G,2,2022-02-04,E07000113,3.3099345558151674,2.094796337281268,1.7687958948511835,OOF_date_group_diagnostic,log_D,R03_smoke_v4,non_inferential_smoke
FREP-265726-J,2,2021-06-11,E09000028,3.8398106713142215,1.6779221448190422,1.7687958948511835,OOF_date_group_diagnostic,log_D,R03_smoke_v4,non_inferential_smoke
FREP-267584-Z,2,2021-10-31,E07000096,-0.2441969605120421,2.381294980777958,1.7687958948511835,OOF_date_group_diagnostic,log_D,R03_smoke_v4,non_inferential_smoke
FREP-267943-J,2,2021-07-11,E09000022,2.2300144001592104,1.6463250633117594,1.7687958948511835,OOF_date_group_diagnostic,log_D,R03_smoke_v4,non_inferential_smoke
FREP-270339-J,2,2021-08-08,E09000019,0.6061358035703155,2.0055454845024205,1.7687958948511835,OOF_date_group_diagnostic,log_D,R03_smoke_v4,non_inferential_smoke
FREP-270376-J,2,2021-08-08,E09000019,3.5170031551815204,2.080043340380219,1.7687958948511835,OOF_date_group_diagnostic,log_D,R03_smoke_v4,non_inferential_smoke
FREP-270402-J,2,2021-08-08,E09000024,2.178532444324067,2.298709083080488,1.7687958948511835,OOF_date_group_diagnostic,log_D,R03_smoke_v4,non_inferential_smoke
FREP-271719-Z,2,2021-11-27,E07000076,1.442989704796436,1.2013026856419975,1.7687958948511835,OOF_date_group_diagnostic,log_D,R03_smoke_v4,non_inferential_smoke
FREP-272077-G,2,2022-03-04,E07000224,1.33500106673234,0.5004718524680976,1.7687958948511835,OOF_date_group_diagnostic,log_D,R03_smoke_v4,non_inferential_smoke
FREP-272207-Z,2,2021-11-30,E07000146,1.536867219599265,1.5386044273183788,1.7687958948511835,OOF_date_group_diagnostic,log_D,R03_smoke_v4,non_inferential_smoke
FREP-273055-Z,2,2021-12-05,E07000144,1.6894806201076369,1.569909349789505,1.7687958948511835,OOF_date_group_diagnostic,log_D,R03_smoke_v4,non_inferential_smoke
FREP-273726-G,2,2022-03-20,E09000021,-0.1823215567939546,1.8457718859413215,1.7687958948511835,OOF_date_group_diagnostic,log_D,R03_smoke_v4,non_inferential_smoke
FREP-274967-Z,2,2021-12-15,E07000200,1.6956156086751528,-0.25357206644921737,1.7687958948511835,OOF_date_group_diagnostic,log_D,R03_smoke_v4,non_inferential_smoke
FREP-275978-G,2,2022-04-12,E07000109,4.541697763032518,1.740339690070908,1.7687958948511835,OOF_date_group_diagnostic,log_D,R03_smoke_v4,non_inferential_smoke
FREP-276135-J,2,2021-10-26,E09000024,1.749199854809259,2.6196363025991967,1.7687958948511835,OOF_date_group_diagnostic,log_D,R03_smoke_v4,non_inferential_smoke
FREP-277752-G,2,2022-05-03,E09000029,0.5784842722398056,1.2661711397699444,1.7687958948511835,OOF_date_group_diagnostic,log_D,R03_smoke_v4,non_inferential_smoke
FREP-279140-Z,2,2022-01-14,E07000076,0.7259370033829363,1.7106164972610278,1.7687958948511835,OOF_date_group_diagnostic,log_D,R03_smoke_v4,non_inferential_smoke
FREP-279988-G,2,2022-05-25,E07000217,2.1897895988487015,1.8839781859074538,1.7687958948511835,OOF_date_group_diagnostic,log_D,R03_smoke_v4,non_inferential_smoke
FREP-280104-G,2,2022-05-25,E07000207,-0.916290731874155,2.179248234619159,1.7687958948511835,OOF_date_group_diagnostic,log_D,R03_smoke_v4,non_inferential_smoke
FREP-280134-Z,2,2022-02-01,E09000003,0.0,1.3073198790482063,1.7687958948511835,OOF_date_group_diagnostic,log_D,R03_smoke_v4,non_inferential_smoke
FREP-281689-G,2,2022-06-14,E07000064,-0.5978370007556204,1.8019321502389911,1.7687958948511835,OOF_date_group_diagnostic,log_D,R03_smoke_v4,non_inferential_smoke
FREP-281924-Z,2,2022-01-30,E09000016,2.4876805766707255,2.1090463647599624,1.7687958948511835,OOF_date_group_diagnostic,log_D,R03_smoke_v4,non_inferential_smoke
FREP-282061-Z,2,2022-03-14,E06000034,1.2947271675944,1.2175754557883032,1.7687958948511835,OOF_date_group_diagnostic,log_D,R03_smoke_v4,non_inferential_smoke
FREP-282080-Z,2,2022-01-31,E07000143,1.1260112628562242,0.39139007823324645,1.7687958948511835,OOF_date_group_diagnostic,log_D,R03_smoke_v4,non_inferential_smoke
FREP-282900-Z,2,2022-02-04,E09000015,2.290849836775625,1.9708748670255063,1.7687958948511835,OOF_date_group_diagnostic,log_D,R03_smoke_v4,non_inferential_smoke
FREP-282965-Z,2,2022-02-04,E07000103,6.073274922305548,1.59099524338819,1.7687958948511835,OOF_date_group_diagnostic,log_D,R03_smoke_v4,non_inferential_smoke
FREP-285140-G,2,2022-07-18,E07000217,3.073464622094343,1.8905542394830284,1.7687958948511835,OOF_date_group_diagnostic,log_D,R03_smoke_v4,non_inferential_smoke
FREP-286090-G,2,2022-07-25,E07000114,3.2523106009544382,2.530275996987096,1.7687958948511835,OOF_date_group_diagnostic,log_D,R03_smoke_v4,non_inferential_smoke
FREP-286667-J,2,2022-04-12,E09000002,2.8631528086548506,1.8785304509749758,1.7687958948511835,OOF_date_group_diagnostic,log_D,R03_smoke_v4,non_inferential_smoke
FREP-290334-G,2,2022-09-06,E07000110,0.5784842722398056,-0.05146149153435209,1.7687958948511835,OOF_date_group_diagnostic,log_D,R03_smoke_v4,non_inferential_smoke
FREP-290551-J,2,2022-06-14,E09000007,-2.70805020110221,1.5415321877918307,1.7687958948511835,OOF_date_group_diagnostic,log_D,R03_smoke_v4,non_inferential_smoke
FREP-292257-J,2,2022-07-09,E09000031,1.6894806201076369,2.139886870545534,1.7687958948511835,OOF_date_group_diagnostic,log_D,R03_smoke_v4,non_inferential_smoke
FREP-294742-J,2,2022-08-14,E09000032,2.217390246930814,2.208851617114452,1.7687958948511835,OOF_date_group_diagnostic,log_D,R03_smoke_v4,non_inferential_smoke
FREP-295699-G,2,2022-10-26,E07000211,2.3009170358933484,1.851106694559872,1.7687958948511835,OOF_date_group_diagnostic,log_D,R03_smoke_v4,non_inferential_smoke
FREP-295770-G,2,2022-10-26,E07000106,2.834193255942565,1.7299971139445025,1.7687958948511835,OOF_date_group_diagnostic,log_D,R03_smoke_v4,non_inferential_smoke
FREP-297133-G,2,2023-03-13,E07000111,1.252762968495368,1.5556814854153826,1.7687958948511835,OOF_date_group_diagnostic,log_D,R03_smoke_v4,non_inferential_smoke
FREP-298294-G,2,2022-11-15,E07000112,2.280680257605996,2.1279279725893065,1.7687958948511835,OOF_date_group_diagnostic,log_D,R03_smoke_v4,non_inferential_smoke
FREP-299967-Z,2,2022-04-14,E09000002,2.4973291697865574,2.032267361299651,1.7687958948511835,OOF_date_group_diagnostic,log_D,R03_smoke_v4,non_inferential_smoke
FREP-301473-J,2,2022-11-07,E09000026,3.2859112262043593,2.086452471056168,1.7687958948511835,OOF_date_group_diagnostic,log_D,R03_smoke_v4,non_inferential_smoke
FREP-302184-G,2,2023-02-17,E06000035,0.0,1.2913477994978635,1.7687958948511835,OOF_date_group_diagnostic,log_D,R03_smoke_v4,non_inferential_smoke
FREP-302488-Z,2,2022-05-03,E09000014,3.4350618956149117,2.574876146293478,1.7687958948511835,OOF_date_group_diagnostic,log_D,R03_smoke_v4,non_inferential_smoke
FREP-304332-J,2,2022-12-10,E09000033,3.8180785592516044,1.876116094887292,1.7687958948511835,OOF_date_group_diagnostic,log_D,R03_smoke_v4,non_inferential_smoke
FREP-305625-J,2,2022-12-21,E09000023,3.648057459593681,1.8537809940725296,1.7687958948511835,OOF_date_group_diagnostic,log_D,R03_smoke_v4,non_inferential_smoke
FREP-305777-J,2,2022-12-22,E09000007,3.963982744358857,1.5100503126621532,1.7687958948511835,OOF_date_group_diagnostic,log_D,R03_smoke_v4,non_inferential_smoke
FREP-305832-J,2,2022-12-22,E09000030,-1.6094379124341003,1.3121623549396695,1.7687958948511835,OOF_date_group_diagnostic,log_D,R03_smoke_v4,non_inferential_smoke
FREP-307690-Z,2,2022-06-25,E09000015,0.0,1.620358439224526,1.7687958948511835,OOF_date_group_diagnostic,log_D,R03_smoke_v4,non_inferential_smoke
FREP-307856-J,2,2023-01-17,E09000031,1.62924053973028,2.3805901194518553,1.7687958948511835,OOF_date_group_diagnostic,log_D,R03_smoke_v4,non_inferential_smoke
FREP-312750-Z,2,2022-06-28,E06000060,3.8645819308280096,2.083212131142767,1.7687958948511835,OOF_date_group_diagnostic,log_D,R03_smoke_v4,non_inferential_smoke
FREP-314526-G,2,2023-04-02,E07000209,0.06453852113757116,2.29864210698084,1.7687958948511835,OOF_date_group_diagnostic,log_D,R03_smoke_v4,non_inferential_smoke
FREP-314982-G,2,2023-04-07,E09000027,0.0,1.1948542495376575,1.7687958948511835,OOF_date_group_diagnostic,log_D,R03_smoke_v4,non_inferential_smoke
FREP-315005-G,2,2023-04-07,E07000108,0.7884573603642703,2.3251522443945283,1.7687958948511835,OOF_date_group_diagnostic,log_D,R03_smoke_v4,non_inferential_smoke
FREP-315495-Z,2,2022-07-13,E06000060,1.9717635278816472,1.5393653945511816,1.7687958948511835,OOF_date_group_diagnostic,log_D,R03_smoke_v4,non_inferential_smoke
FREP-317050-J,2,2023-05-11,E09000022,0.5596157879354227,1.9768400123036023,1.7687958948511835,OOF_date_group_diagnostic,log_D,R03_smoke_v4,non_inferential_smoke
FREP-318275-J,2,2023-05-27,E09000026,2.075266170269355,1.7744379573789701,1.7687958948511835,OOF_date_group_diagnostic,log_D,R03_smoke_v4,non_inferential_smoke
FREP-319902-Z,2,2022-08-03,E07000096,-0.6603573577369544,1.7947074149927105,1.7687958948511835,OOF_date_group_diagnostic,log_D,R03_smoke_v4,non_inferential_smoke
FREP-320352-J,2,2023-06-22,E09000025,3.3381392456950185,1.655830571464001,1.7687958948511835,OOF_date_group_diagnostic,log_D,R03_smoke_v4,non_inferential_smoke
FREP-321776-J,2,2023-07-08,E09000033,0.31237468504215243,2.113861108164723,1.7687958948511835,OOF_date_group_diagnostic,log_D,R03_smoke_v4,non_inferential_smoke
FREP-322217-Z,2,2022-08-16,E07000146,1.6357552207514738,0.857765123134806,1.7687958948511835,OOF_date_group_diagnostic,log_D,R03_smoke_v4,non_inferential_smoke
FREP-322391-G,2,2023-06-19,E06000035,2.122261538862764,1.6466674495628442,1.7687958948511835,OOF_date_group_diagnostic,log_D,R03_smoke_v4,non_inferential_smoke
FREP-324045-Z,2,2022-08-24,E07000242,1.2479896897427103,1.6789652855262047,1.7687958948511835,OOF_date_group_diagnostic,log_D,R03_smoke_v4,non_inferential_smoke
FREP-324086-J,2,2023-08-07,E09000033,0.9295359586241757,2.176558092154162,1.7687958948511835,OOF_date_group_diagnostic,log_D,R03_smoke_v4,non_inferential_smoke
FREP-326504-J,2,2023-09-09,E09000025,1.7805861686299298,1.6166474101203163,1.7687958948511835,OOF_date_group_diagnostic,log_D,R03_smoke_v4,non_inferential_smoke
FREP-327026-G,2,2023-07-28,E07000105,2.408445483693523,2.162479584959346,1.7687958948511835,OOF_date_group_diagnostic,log_D,R03_smoke_v4,non_inferential_smoke
FREP-327160-Z,2,2022-09-08,E07000072,4.323249263971382,2.1832004513985535,1.7687958948511835,OOF_date_group_diagnostic,log_D,R03_smoke_v4,non_inferential_smoke
FREP-327749-Z,2,2022-09-11,E07000071,0.0,1.4538202207334359,1.7687958948511835,OOF_date_group_diagnostic,log_D,R03_smoke_v4,non_inferential_smoke
FREP-328162-G,2,2023-08-07,E07000116,1.2992829841302609,2.5507434122822477,1.7687958948511835,OOF_date_group_diagnostic,log_D,R03_smoke_v4,non_inferential_smoke
FREP-328267-G,2,2023-08-07,E07000116,1.104152469043725,1.5963945434833962,1.7687958948511835,OOF_date_group_diagnostic,log_D,R03_smoke_v4,non_inferential_smoke
FREP-328587-Z,2,2022-09-15,E09000014,2.278975227354912,1.9611379577650827,1.7687958948511835,OOF_date_group_diagnostic,log_D,R03_smoke_v4,non_inferential_smoke
FREP-331278-G,2,2023-09-02,E09000008,-0.456758402495715,1.4447909216293848,1.7687958948511835,OOF_date_group_diagnostic,log_D,R03_smoke_v4,non_inferential_smoke
FREP-336338-Z,2,2022-10-26,E06000034,2.629487878599108,2.4345586843731915,1.7687958948511835,OOF_date_group_diagnostic,log_D,R03_smoke_v4,non_inferential_smoke
FREP-337509-Z,2,2022-11-01,E09000016,1.5440101071116452,1.9995131763681684,1.7687958948511835,OOF_date_group_diagnostic,log_D,R03_smoke_v4,non_inferential_smoke
FREP-337543-J,2,2024-03-25,E09000021,0.0,1.2514670585200682,1.7687958948511835,OOF_date_group_diagnostic,log_D,R03_smoke_v4,non_inferential_smoke
FREP-338010-G,2,2023-10-28,E07000210,2.8631528086548506,1.86460245140089,1.7687958948511835,OOF_date_group_diagnostic,log_D,R03_smoke_v4,non_inferential_smoke
FREP-339238-Z,2,2022-11-08,E07000011,1.3437347467010947,1.3196545377785172,1.7687958948511835,OOF_date_group_diagnostic,log_D,R03_smoke_v4,non_inferential_smoke
FREP-339282-J,2,2024-02-09,E09000033,2.0519846954467966,2.0289800107868206,1.7687958948511835,OOF_date_group_diagnostic,log_D,R03_smoke_v4,non_inferential_smoke
FREP-339778-G,2,2023-11-10,E09000008,-1.791759469228055,1.2185812293930933,1.7687958948511835,OOF_date_group_diagnostic,log_D,R03_smoke_v4,non_inferential_smoke
FREP-341539-J,2,2024-03-03,E09000026,1.943526357700037,2.070021744101861,1.7687958948511835,OOF_date_group_diagnostic,log_D,R03_smoke_v4,non_inferential_smoke
FREP-346980-G,2,2024-01-07,E07000209,2.766319109226186,2.751014409564855,1.7687958948511835,OOF_date_group_diagnostic,log_D,R03_smoke_v4,non_inferential_smoke
FREP-348966-G,2,2024-01-21,E06000035,2.3608540011180215,1.8639927079171785,1.7687958948511835,OOF_date_group_diagnostic,log_D,R03_smoke_v4,non_inferential_smoke
FREP-353232-Z,2,2023-01-17,E07000146,0.7884573603642703,1.8895213905529795,1.7687958948511835,OOF_date_group_diagnostic,log_D,R03_smoke_v4,non_inferential_smoke
FREP-353362-Z,2,2023-01-17,E07000145,1.8484548129046001,2.2757578579537454,1.7687958948511835,OOF_date_group_diagnostic,log_D,R03_smoke_v4,non_inferential_smoke
FREP-353479-Z,2,2023-01-17,E07000066,2.774669888443606,2.896325674005037,1.7687958948511835,OOF_date_group_diagnostic,log_D,R03_smoke_v4,non_inferential_smoke
FREP-356208-Z,2,2023-02-14,E06000033,0.0,1.252630477486679,1.7687958948511835,OOF_date_group_diagnostic,log_D,R03_smoke_v4,non_inferential_smoke
FREP-356472-G,2,2024-03-15,E07000112,3.2188758248682006,1.7644546627392836,1.7687958948511835,OOF_date_group_diagnostic,log_D,R03_smoke_v4,non_inferential_smoke
FREP-356551-G,2,2024-03-15,E07000208,2.8622008809294686,1.7825736129812424,1.7687958948511835,OOF_date_group_diagnostic,log_D,R03_smoke_v4,non_inferential_smoke
FREP-357029-Z,2,2023-02-14,E09000014,0.0,1.567788247069855,1.7687958948511835,OOF_date_group_diagnostic,log_D,R03_smoke_v4,non_inferential_smoke
FREP-363383-Z,2,2023-03-13,E06000060,1.8562979903656263,1.7505482396420715,1.7687958948511835,OOF_date_group_diagnostic,log_D,R03_smoke_v4,non_inferential_smoke
FREP-373532-Z,2,2023-05-13,E09000003,3.807032791570515,1.905203836177018,1.7687958948511835,OOF_date_group_diagnostic,log_D,R03_smoke_v4,non_inferential_smoke
FREP-387579-Z,2,2023-07-26,E07000096,2.7245795030534206,2.3721069435780153,1.7687958948511835,OOF_date_group_diagnostic,log_D,R03_smoke_v4,non_inferential_smoke
FREP-387902-Z,2,2023-07-28,E09000003,2.7652703414321014,2.103501808367537,1.7687958948511835,OOF_date_group_diagnostic,log_D,R03_smoke_v4,non_inferential_smoke
FREP-394314-Z,2,2023-08-28,E06000060,-0.6603573577369544,2.1812840865426266,1.7687958948511835,OOF_date_group_diagnostic,log_D,R03_smoke_v4,non_inferential_smoke
FREP-400377-Z,2,2023-10-03,E07000241,5.772634595497505,1.6783101365638085,1.7687958948511835,OOF_date_group_diagnostic,log_D,R03_smoke_v4,non_inferential_smoke
FREP-404878-Z,2,2023-10-28,E06000060,-1.529395204760564,2.360080166537835,1.7687958948511835,OOF_date_group_diagnostic,log_D,R03_smoke_v4,non_inferential_smoke
FREP-404982-Z,2,2023-10-29,E06000034,3.742420221041966,2.3877468574379024,1.7687958948511835,OOF_date_group_diagnostic,log_D,R03_smoke_v4,non_inferential_smoke
FREP-407346-Z,2,2024-02-02,E07000066,0.0,1.8581320447145413,1.7687958948511835,OOF_date_group_diagnostic,log_D,R03_smoke_v4,non_inferential_smoke
FREP-414952-Z,2,2023-12-21,E07000242,1.3862943611198906,1.2002581387153688,1.7687958948511835,OOF_date_group_diagnostic,log_D,R03_smoke_v4,non_inferential_smoke
FREP-416325-Z,2,2023-12-31,E07000242,2.2335922215070942,1.7303750623413496,1.7687958948511835,OOF_date_group_diagnostic,log_D,R03_smoke_v4,non_inferential_smoke
FREP-420671-Z,2,2024-01-21,E07000203,1.7861884241785997,1.4912186371035798,1.7687958948511835,OOF_date_group_diagnostic,log_D,R03_smoke_v4,non_inferential_smoke
FREP-420754-Z,2,2024-01-21,E07000070,0.5690945318899664,1.7020106627108147,1.7687958948511835,OOF_date_group_diagnostic,log_D,R03_smoke_v4,non_inferential_smoke
FREP-42379-M,2,2022-03-29,E09000025,1.957744606702316,0.7005624141860638,1.7687958948511835,OOF_date_group_diagnostic,log_D,R03_smoke_v4,non_inferential_smoke
FREP-46168-M,2,2023-11-02,E09000032,2.775708849576025,1.5050210620733067,1.7687958948511835,OOF_date_group_diagnostic,log_D,R03_smoke_v4,non_inferential_smoke
FREP-46549-M,2,2023-12-24,E09000026,2.7589545309639774,2.313042509570745,1.7687958948511835,OOF_date_group_diagnostic,log_D,R03_smoke_v4,non_inferential_smoke
FREP-50508-C,2,2023-05-24,E06000056,0.9555114450274363,1.6815447306910078,1.7687958948511835,OOF_date_group_diagnostic,log_D,R03_smoke_v4,non_inferential_smoke
FREP-51730-C,2,2021-09-12,E07000010,0.9096017437233584,0.815105529572963,1.7687958948511835,OOF_date_group_diagnostic,log_D,R03_smoke_v4,non_inferential_smoke
FREP-52282-C,2,2021-09-17,E09000031,2.9712688013756168,1.316061602475071,1.7687958948511835,OOF_date_group_diagnostic,log_D,R03_smoke_v4,non_inferential_smoke
FREP-55241-C,2,2021-10-26,E09000003,3.405078728370128,1.819237309160801,1.7687958948511835,OOF_date_group_diagnostic,log_D,R03_smoke_v4,non_inferential_smoke
FREP-57380-C,2,2021-11-30,E07000242,1.2431935174792172,1.8929086438746725,1.7687958948511835,OOF_date_group_diagnostic,log_D,R03_smoke_v4,non_inferential_smoke
FREP-57604-C,2,2021-06-24,E07000096,1.80005827204275,2.2025416593091482,1.7687958948511835,OOF_date_group_diagnostic,log_D,R03_smoke_v4,non_inferential_smoke
FREP-59447-C,2,2022-01-14,E07000242,2.8134107167600364,2.0269227074796548,1.7687958948511835,OOF_date_group_diagnostic,log_D,R03_smoke_v4,non_inferential_smoke
FREP-65504-V,2,2021-07-29,E07000116,1.136764054632486,2.0154129907166505,1.7687958948511835,OOF_date_group_diagnostic,log_D,R03_smoke_v4,non_inferential_smoke
FREP-66429-V,2,2021-08-08,E07000110,2.2282206777051834,2.183894459088726,1.7687958948511835,OOF_date_group_diagnostic,log_D,R03_smoke_v4,non_inferential_smoke
FREP-71057-C,2,2023-02-15,E07000068,3.1112906141882632,1.9502517431479545,1.7687958948511835,OOF_date_group_diagnostic,log_D,R03_smoke_v4,non_inferential_smoke
FREP-71560-C,2,2023-03-01,E07000010,0.0,0.6114432124551201,1.7687958948511835,OOF_date_group_diagnostic,log_D,R03_smoke_v4,non_inferential_smoke
FREP-71760-C,2,2023-03-06,E09000014,2.614959778036198,1.879193074350657,1.7687958948511835,OOF_date_group_diagnostic,log_D,R03_smoke_v4,non_inferential_smoke
FREP-76085-C,2,2023-06-22,E07000075,1.9242486522741338,2.4893477300620503,1.7687958948511835,OOF_date_group_diagnostic,log_D,R03_smoke_v4,non_inferential_smoke
FREP-76207-C,2,2023-06-25,E06000031,3.0757749812275277,2.0810836350908275,1.7687958948511835,OOF_date_group_diagnostic,log_D,R03_smoke_v4,non_inferential_smoke
FREP-7849-I,2,2023-09-19,E07000068,0.550046336919272,1.7767360497300757,1.7687958948511835,OOF_date_group_diagnostic,log_D,R03_smoke_v4,non_inferential_smoke
FREP-81477-V,2,2022-10-01,E07000112,0.5108256237659907,1.9433862042607735,1.7687958948511835,OOF_date_group_diagnostic,log_D,R03_smoke_v4,non_inferential_smoke
FREP-83630-C,2,2023-11-02,E06000056,1.9070703157390494,1.1041974865187563,1.7687958948511835,OOF_date_group_diagnostic,log_D,R03_smoke_v4,non_inferential_smoke
FREP-85296-V,2,2023-04-26,E07000065,1.4853852637641216,1.5240679609079117,1.7687958948511835,OOF_date_group_diagnostic,log_D,R03_smoke_v4,non_inferential_smoke
FREP-88796-V,2,2023-12-31,E07000113,1.4508328822574619,1.5357962398431513,1.7687958948511835,OOF_date_group_diagnostic,log_D,R03_smoke_v4,non_inferential_smoke
FREP-89946-C,2,2024-02-10,E07000103,3.0696021221204464,2.3015572946679796,1.7687958948511835,OOF_date_group_diagnostic,log_D,R03_smoke_v4,non_inferential_smoke
FREP-90643-C,2,2024-02-21,E06000060,1.919370593820701,2.0471074102810802,1.7687958948511835,OOF_date_group_diagnostic,log_D,R03_smoke_v4,non_inferential_smoke
FREP-13157-W,3,2021-05-20,E07000065,2.4553061800117097,2.0116374822844953,1.7951407778653246,OOF_date_group_diagnostic,log_D,R03_smoke_v4,non_inferential_smoke
FREP-14132-W,3,2022-02-21,E07000211,1.2335316065674804,2.5224332923373196,1.7951407778653246,OOF_date_group_diagnostic,log_D,R03_smoke_v4,non_inferential_smoke
FREP-244414-Z,3,2021-06-20,E07000012,-0.958850346292951,2.2110409477417523,1.7951407778653246,OOF_date_group_diagnostic,log_D,R03_smoke_v4,non_inferential_smoke
FREP-246558-J,3,2021-05-17,E09000024,0.5596157879354227,2.4902934891370254,1.7951407778653246,OOF_date_group_diagnostic,log_D,R03_smoke_v4,non_inferential_smoke
FREP-249665-G,3,2021-04-26,E06000035,3.3416832541297476,1.9279428684054465,1.7951407778653246,OOF_date_group_diagnostic,log_D,R03_smoke_v4,non_inferential_smoke
FREP-249750-G,3,2021-04-16,E07000065,-1.791759469228055,1.4035370714310773,1.7951407778653246,OOF_date_group_diagnostic,log_D,R03_smoke_v4,non_inferential_smoke
FREP-251494-G,3,2021-05-26,E07000229,0.31237468504215243,0.8213738532350194,1.7951407778653246,OOF_date_group_diagnostic,log_D,R03_smoke_v4,non_inferential_smoke
FREP-253092-G,3,2021-06-20,E07000108,2.6258755929131943,2.4450008141465425,1.7951407778653246,OOF_date_group_diagnostic,log_D,R03_smoke_v4,non_inferential_smoke
FREP-254449-G,3,2021-07-26,E07000210,1.7889778262661782,2.132458766172474,1.7951407778653246,OOF_date_group_diagnostic,log_D,R03_smoke_v4,non_inferential_smoke
FREP-255439-Z,3,2021-08-14,E07000143,1.6094379124341003,1.6560242974026167,1.7951407778653246,OOF_date_group_diagnostic,log_D,R03_smoke_v4,non_inferential_smoke
FREP-256477-Z,3,2021-08-20,E07000012,0.6151856390902335,1.3714803559506357,1.7951407778653246,OOF_date_group_diagnostic,log_D,R03_smoke_v4,non_inferential_smoke
FREP-260348-Z,3,2021-09-14,E07000008,1.2286654169163074,2.0787963357624495,1.7951407778653246,OOF_date_group_diagnostic,log_D,R03_smoke_v4,non_inferential_smoke
FREP-260384-G,3,2021-12-12,E07000064,1.9969653198555974,1.8651090138295054,1.7951407778653246,OOF_date_group_diagnostic,log_D,R03_smoke_v4,non_inferential_smoke
FREP-260881-Z,3,2021-09-18,E07000075,0.6931471805599453,1.785669684188865,1.7951407778653246,OOF_date_group_diagnostic,log_D,R03_smoke_v4,non_inferential_smoke
FREP-260963-Z,3,2021-09-19,E07000074,2.489064659936664,1.741667060084321,1.7951407778653246,OOF_date_group_diagnostic,log_D,R03_smoke_v4,non_inferential_smoke
FREP-261775-G,3,2021-12-30,E09000029,2.8949907037524594,2.1278130244921094,1.7951407778653246,OOF_date_group_diagnostic,log_D,R03_smoke_v4,non_inferential_smoke
FREP-262134-J,3,2021-04-23,E09000031,2.211930724725915,1.5283924259963206,1.7951407778653246,OOF_date_group_diagnostic,log_D,R03_smoke_v4,non_inferential_smoke
FREP-262902-J,3,2021-05-26,E09000006,0.0,1.532869431185085,1.7951407778653246,OOF_date_group_diagnostic,log_D,R03_smoke_v4,non_inferential_smoke
FREP-263344-G,3,2022-01-16,E07000215,2.21375387928743,2.231063928648648,1.7951407778653246,OOF_date_group_diagnostic,log_D,R03_smoke_v4,non_inferential_smoke
FREP-265215-Z,3,2021-10-18,E07000242,1.2335316065674804,1.8114444941155363,1.7951407778653246,OOF_date_group_diagnostic,log_D,R03_smoke_v4,non_inferential_smoke
FREP-266428-J,3,2021-06-20,E09000033,0.03278982282299097,2.1139887681548073,1.7951407778653246,OOF_date_group_diagnostic,log_D,R03_smoke_v4,non_inferential_smoke
FREP-266429-J,3,2021-06-20,E09000024,2.10209956557242,2.824368710675874,1.7951407778653246,OOF_date_group_diagnostic,log_D,R03_smoke_v4,non_inferential_smoke
FREP-266860-Z,3,2021-10-27,E07000202,2.2738426241283918,1.836112665418403,1.7951407778653246,OOF_date_group_diagnostic,log_D,R03_smoke_v4,non_inferential_smoke
FREP-266940-Z,3,2021-10-27,E07000076,-0.8362480242006186,1.5616523910839208,1.7951407778653246,OOF_date_group_diagnostic,log_D,R03_smoke_v4,non_inferential_smoke
FREP-267751-J,3,2021-07-07,E09000023,1.4271163556401458,2.0515612542593287,1.7951407778653246,OOF_date_group_diagnostic,log_D,R03_smoke_v4,non_inferential_smoke
FREP-269237-J,3,2021-07-26,E09000025,5.387091078601464,1.7933950910167415,1.7951407778653246,OOF_date_group_diagnostic,log_D,R03_smoke_v4,non_inferential_smoke
FREP-269330-J,3,2021-07-26,E09000023,2.785011242238338,2.201444888050653,1.7951407778653246,OOF_date_group_diagnostic,log_D,R03_smoke_v4,non_inferential_smoke
FREP-269527-Z,3,2021-11-13,E06000055,2.4524408485384233,1.4700405719917014,1.7951407778653246,OOF_date_group_diagnostic,log_D,R03_smoke_v4,non_inferential_smoke
FREP-269979-J,3,2021-08-03,E09000011,2.9856819377004897,2.1151327026915343,1.7951407778653246,OOF_date_group_diagnostic,log_D,R03_smoke_v4,non_inferential_smoke
FREP-270175-J,3,2021-08-06,E09000022,4.847462556141062,1.3065429896507905,1.7951407778653246,OOF_date_group_diagnostic,log_D,R03_smoke_v4,non_inferential_smoke
FREP-271244-G,3,2022-02-26,E07000112,0.6330432564902398,2.5330839034196297,1.7951407778653246,OOF_date_group_diagnostic,log_D,R03_smoke_v4,non_inferential_smoke
FREP-271723-J,3,2023-04-21,E09000025,0.0,1.1448228598678976,1.7951407778653246,OOF_date_group_diagnostic,log_D,R03_smoke_v4,non_inferential_smoke
FREP-271945-Z,3,2021-11-29,E07000076,0.7654678421395714,1.4075580020173322,1.7951407778653246,OOF_date_group_diagnostic,log_D,R03_smoke_v4,non_inferential_smoke
FREP-271948-Z,3,2021-11-29,E06000033,1.5187835441659694,1.551419422951411,1.7951407778653246,OOF_date_group_diagnostic,log_D,R03_smoke_v4,non_inferential_smoke
FREP-273874-Z,3,2021-12-08,E07000202,0.45953232937844013,2.2545103887895284,1.7951407778653246,OOF_date_group_diagnostic,log_D,R03_smoke_v4,non_inferential_smoke
FREP-274205-Z,3,2021-12-10,E06000060,1.3128272092380182,1.4418911934763228,1.7951407778653246,OOF_date_group_diagnostic,log_D,R03_smoke_v4,non_inferential_smoke
FREP-275174-G,3,2022-04-04,E07000209,2.0390534807745477,2.012238687545336,1.7951407778653246,OOF_date_group_diagnostic,log_D,R03_smoke_v4,non_inferential_smoke
FREP-276387-G,3,2022-04-16,E09000027,0.42744401482693967,0.62701057630723,1.7951407778653246,OOF_date_group_diagnostic,log_D,R03_smoke_v4,non_inferential_smoke
FREP-276402-G,3,2022-04-16,E07000216,1.252762968495368,1.5173661465783221,1.7951407778653246,OOF_date_group_diagnostic,log_D,R03_smoke_v4,non_inferential_smoke
FREP-277228-Z,3,2022-01-03,E09000003,2.483516795498946,1.7737963744646281,1.7951407778653246,OOF_date_group_diagnostic,log_D,R03_smoke_v4,non_inferential_smoke
FREP-277951-G,3,2022-05-05,E07000110,2.918671227417529,1.6471183547242285,1.7951407778653246,OOF_date_group_diagnostic,log_D,R03_smoke_v4,non_inferential_smoke
FREP-278966-Z,3,2022-01-13,E07000103,2.302585092994046,2.0243567302804015,1.7951407778653246,OOF_date_group_diagnostic,log_D,R03_smoke_v4,non_inferential_smoke
FREP-279565-G,3,2022-05-21,E07000113,4.0389492990005325,2.049352980495191,1.7951407778653246,OOF_date_group_diagnostic,log_D,R03_smoke_v4,non_inferential_smoke
FREP-280568-G,3,2022-05-30,E09000008,2.856470206220483,1.7258629428460819,1.7951407778653246,OOF_date_group_diagnostic,log_D,R03_smoke_v4,non_inferential_smoke
FREP-280669-Z,3,2022-01-22,E07000240,2.6649107084415924,1.8850855941659095,1.7951407778653246,OOF_date_group_diagnostic,log_D,R03_smoke_v4,non_inferential_smoke
FREP-286573-G,3,2022-07-30,E07000111,2.1242555574696285,1.6322327190483104,1.7951407778653246,OOF_date_group_diagnostic,log_D,R03_smoke_v4,non_inferential_smoke
FREP-287140-Z,3,2022-03-09,E07000143,1.1837700970084166,1.4244415503040817,1.7951407778653246,OOF_date_group_diagnostic,log_D,R03_smoke_v4,non_inferential_smoke
FREP-287202-Z,3,2022-02-21,E06000056,0.7339691750802005,2.1365943346612153,1.7951407778653246,OOF_date_group_diagnostic,log_D,R03_smoke_v4,non_inferential_smoke
FREP-289681-G,3,2022-08-31,E07000106,3.022860940942244,1.7056134824753948,1.7951407778653246,OOF_date_group_diagnostic,log_D,R03_smoke_v4,non_inferential_smoke
FREP-291587-G,3,2022-09-17,E07000228,1.6582280766035324,2.313598103381938,1.7951407778653246,OOF_date_group_diagnostic,log_D,R03_smoke_v4,non_inferential_smoke
FREP-294602-Z,3,2022-03-16,E07000202,1.737537915061416,1.4644663032935172,1.7951407778653246,OOF_date_group_diagnostic,log_D,R03_smoke_v4,non_inferential_smoke
FREP-294762-Z,3,2022-03-16,E07000008,1.9694406464655074,1.7673404640611543,1.7951407778653246,OOF_date_group_diagnostic,log_D,R03_smoke_v4,non_inferential_smoke
FREP-295298-J,3,2022-08-21,E09000011,2.1498223384416355,1.664066536596124,1.7951407778653246,OOF_date_group_diagnostic,log_D,R03_smoke_v4,non_inferential_smoke
FREP-295420-J,3,2022-08-23,E09000001,3.380994674344636,2.193577058189353,1.7951407778653246,OOF_date_group_diagnostic,log_D,R03_smoke_v4,non_inferential_smoke
FREP-295458-J,3,2022-08-23,E09000004,1.536867219599265,2.061534125638321,1.7951407778653246,OOF_date_group_diagnostic,log_D,R03_smoke_v4,non_inferential_smoke
FREP-296101-J,3,2022-09-01,E09000026,2.338595530517079,2.1841032754301186,1.7951407778653246,OOF_date_group_diagnostic,log_D,R03_smoke_v4,non_inferential_smoke
FREP-297906-J,3,2022-09-25,E09000023,1.213923135179104,2.1276520406533375,1.7951407778653246,OOF_date_group_diagnostic,log_D,R03_smoke_v4,non_inferential_smoke
FREP-298473-Z,3,2022-04-06,E07000102,2.7047112998366956,2.1904752378982213,1.7951407778653246,OOF_date_group_diagnostic,log_D,R03_smoke_v4,non_inferential_smoke
FREP-299105-J,3,2022-10-27,E09000011,0.0,1.4793055768661012,1.7951407778653246,OOF_date_group_diagnostic,log_D,R03_smoke_v4,non_inferential_smoke
FREP-299352-G,3,2022-11-23,E07000224,2.54422322694442,1.894786243406796,1.7951407778653246,OOF_date_group_diagnostic,log_D,R03_smoke_v4,non_inferential_smoke
FREP-299368-J,3,2022-10-13,E09000023,1.168345626682785,2.2711135327883962,1.7951407778653246,OOF_date_group_diagnostic,log_D,R03_smoke_v4,non_inferential_smoke
FREP-301358-G,3,2022-12-11,E07000064,2.954910279033736,2.7440782954378973,1.7951407778653246,OOF_date_group_diagnostic,log_D,R03_smoke_v4,non_inferential_smoke
FREP-302756-J,3,2022-11-22,E07000072,2.0541237336955462,1.708937561371709,1.7951407778653246,OOF_date_group_diagnostic,log_D,R03_smoke_v4,non_inferential_smoke
FREP-304121-G,3,2022-12-31,E07000111,2.0519846954467966,2.1406679706752367,1.7951407778653246,OOF_date_group_diagnostic,log_D,R03_smoke_v4,non_inferential_smoke
FREP-304364-G,3,2023-01-01,E07000112,1.0704414117014134,1.9498284885289832,1.7951407778653246,OOF_date_group_diagnostic,log_D,R03_smoke_v4,non_inferential_smoke
FREP-304847-G,3,2023-01-05,E07000228,-1.791759469228055,1.2066284097080533,1.7951407778653246,OOF_date_group_diagnostic,log_D,R03_smoke_v4,non_inferential_smoke
FREP-305855-Z,3,2022-05-21,E07000149,0.9619012431262074,1.9280178498448668,1.7951407778653246,OOF_date_group_diagnostic,log_D,R03_smoke_v4,non_inferential_smoke
FREP-306241-G,3,2023-01-14,E07000064,2.2755564206061263,1.5998063067317587,1.7951407778653246,OOF_date_group_diagnostic,log_D,R03_smoke_v4,non_inferential_smoke
FREP-306499-J,3,2023-01-01,E09000007,2.341805806147327,2.1992779842611463,1.7951407778653246,OOF_date_group_diagnostic,log_D,R03_smoke_v4,non_inferential_smoke
FREP-309633-J,3,2023-08-01,E09000022,0.0,1.1241903176510768,1.7951407778653246,OOF_date_group_diagnostic,log_D,R03_smoke_v4,non_inferential_smoke
FREP-310138-Z,3,2022-06-30,E07000143,-1.791759469228055,1.714024176566047,1.7951407778653246,OOF_date_group_diagnostic,log_D,R03_smoke_v4,non_inferential_smoke
FREP-310972-G,3,2023-02-26,E09000008,1.2901505005669882,1.93391068168869,1.7951407778653246,OOF_date_group_diagnostic,log_D,R03_smoke_v4,non_inferential_smoke
FREP-310991-J,3,2023-02-20,E09000012,2.302585092994046,1.8657256432232625,1.7951407778653246,OOF_date_group_diagnostic,log_D,R03_smoke_v4,non_inferential_smoke
FREP-311761-Z,3,2022-06-23,E09000003,1.410986973710262,1.9209907600265375,1.7951407778653246,OOF_date_group_diagnostic,log_D,R03_smoke_v4,non_inferential_smoke
FREP-312936-Z,3,2022-06-30,E06000032,1.6454483499571335,2.1991746741903557,1.7951407778653246,OOF_date_group_diagnostic,log_D,R03_smoke_v4,non_inferential_smoke
FREP-312990-Z,3,2022-06-30,E06000060,3.2632116386882526,2.21132677604465,1.7951407778653246,OOF_date_group_diagnostic,log_D,R03_smoke_v4,non_inferential_smoke
FREP-315847-Z,3,2022-07-15,E07000241,2.159484249353372,2.5546484404687235,1.7951407778653246,OOF_date_group_diagnostic,log_D,R03_smoke_v4,non_inferential_smoke
FREP-315970-Z,3,2022-07-15,E07000241,0.22314355131420976,0.9028594664889065,1.7951407778653246,OOF_date_group_diagnostic,log_D,R03_smoke_v4,non_inferential_smoke
FREP-316430-J,3,2023-05-03,E09000024,0.016529301951210506,1.7260760752226638,1.7951407778653246,OOF_date_group_diagnostic,log_D,R03_smoke_v4,non_inferential_smoke
FREP-316465-G,3,2023-04-22,E07000116,2.772588722239781,2.1191644054016656,1.7951407778653246,OOF_date_group_diagnostic,log_D,R03_smoke_v4,non_inferential_smoke
FREP-316592-J,3,2023-05-05,E09000012,1.9070703157390494,1.4530964809623041,1.7951407778653246,OOF_date_group_diagnostic,log_D,R03_smoke_v4,non_inferential_smoke
FREP-318326-J,3,2023-05-29,E09000019,1.2716314527997508,1.5672934933736555,1.7951407778653246,OOF_date_group_diagnostic,log_D,R03_smoke_v4,non_inferential_smoke
FREP-318331-J,3,2023-06-09,E09000023,-0.5108256237659907,2.048288457277437,1.7951407778653246,OOF_date_group_diagnostic,log_D,R03_smoke_v4,non_inferential_smoke
FREP-318552-J,3,2023-06-01,E09000020,5.272743115428606,2.1229897300833036,1.7951407778653246,OOF_date_group_diagnostic,log_D,R03_smoke_v4,non_inferential_smoke
FREP-319174-J,3,2023-06-09,E09000033,1.3523928094442093,1.9180134975799854,1.7951407778653246,OOF_date_group_diagnostic,log_D,R03_smoke_v4,non_inferential_smoke
FREP-322892-J,3,2023-07-23,E09000012,2.7024791560527546,1.8277183504523222,1.7951407778653246,OOF_date_group_diagnostic,log_D,R03_smoke_v4,non_inferential_smoke
FREP-327336-G,3,2023-07-31,E07000063,2.2335922215070942,2.2332758629747875,1.7951407778653246,OOF_date_group_diagnostic,log_D,R03_smoke_v4,non_inferential_smoke
FREP-327400-J,3,2023-09-20,E09000023,1.4739999415389962,1.6807157802881334,1.7951407778653246,OOF_date_group_diagnostic,log_D,R03_smoke_v4,non_inferential_smoke
FREP-327418-J,3,2023-09-20,E09000030,2.4321502973486893,2.0149817309479996,1.7951407778653246,OOF_date_group_diagnostic,log_D,R03_smoke_v4,non_inferential_smoke
FREP-328065-J,3,2023-10-01,E09000001,2.0835995518284998,1.8861852477679617,1.7951407778653246,OOF_date_group_diagnostic,log_D,R03_smoke_v4,non_inferential_smoke
FREP-330597-Z,3,2022-09-26,E09000016,2.4581633248124892,2.5557856994279784,1.7951407778653246,OOF_date_group_diagnostic,log_D,R03_smoke_v4,non_inferential_smoke
FREP-333396-G,3,2023-09-22,E07000116,2.064750826269832,2.155457478770867,1.7951407778653246,OOF_date_group_diagnostic,log_D,R03_smoke_v4,non_inferential_smoke
FREP-339383-G,3,2023-11-08,E07000106,-1.791759469228055,1.1300516133523595,1.7951407778653246,OOF_date_group_diagnostic,log_D,R03_smoke_v4,non_inferential_smoke
FREP-340896-Z,3,2022-11-16,E07000145,-0.6603573577369544,1.7183731252409982,1.7951407778653246,OOF_date_group_diagnostic,log_D,R03_smoke_v4,non_inferential_smoke
FREP-341915-G,3,2023-11-27,E09000008,3.0895261528403517,1.6173562722501975,1.7951407778653246,OOF_date_group_diagnostic,log_D,R03_smoke_v4,non_inferential_smoke
FREP-342381-Z,3,2022-11-23,E07000098,3.008977500304012,1.4376587026772725,1.7951407778653246,OOF_date_group_diagnostic,log_D,R03_smoke_v4,non_inferential_smoke
FREP-344336-G,3,2023-12-15,E07000111,-1.791759469228055,1.597154729875015,1.7951407778653246,OOF_date_group_diagnostic,log_D,R03_smoke_v4,non_inferential_smoke
FREP-348918-Z,3,2022-12-25,E09000003,1.824549292051046,2.008229047984979,1.7951407778653246,OOF_date_group_diagnostic,log_D,R03_smoke_v4,non_inferential_smoke
FREP-349956-Z,3,2022-12-31,E07000076,1.8191584434161694,1.7397862602172758,1.7951407778653246,OOF_date_group_diagnostic,log_D,R03_smoke_v4,non_inferential_smoke
FREP-352054-G,3,2024-02-08,E07000063,2.613739521630969,2.5472604987209317,1.7951407778653246,OOF_date_group_diagnostic,log_D,R03_smoke_v4,non_inferential_smoke
FREP-353064-G,3,2024-02-16,E07000207,2.8949907037524594,2.1405808401302027,1.7951407778653246,OOF_date_group_diagnostic,log_D,R03_smoke_v4,non_inferential_smoke
FREP-354703-G,3,2024-02-29,E07000215,3.174575565971621,2.699911705484961,1.7951407778653246,OOF_date_group_diagnostic,log_D,R03_smoke_v4,non_inferential_smoke
FREP-355588-G,3,2024-03-07,E07000228,1.7972996496036704,1.3707309400403944,1.7951407778653246,OOF_date_group_diagnostic,log_D,R03_smoke_v4,non_inferential_smoke
FREP-357450-G,3,2024-03-24,E07000113,1.5040773967762742,1.3453876610569813,1.7951407778653246,OOF_date_group_diagnostic,log_D,R03_smoke_v4,non_inferential_smoke
FREP-358944-Z,3,2023-02-21,E06000031,0.0,1.5264722532109969,1.7951407778653246,OOF_date_group_diagnostic,log_D,R03_smoke_v4,non_inferential_smoke
FREP-362980-Z,3,2023-03-11,E07000143,2.446685436967803,1.2247482690997793,1.7951407778653246,OOF_date_group_diagnostic,log_D,R03_smoke_v4,non_inferential_smoke
FREP-365262-Z,3,2023-03-22,E07000203,0.16833531481921474,0.36269251302152505,1.7951407778653246,OOF_date_group_diagnostic,log_D,R03_smoke_v4,non_inferential_smoke
FREP-366469-Z,3,2023-03-30,E07000068,2.3826278006675823,1.4257852400278517,1.7951407778653246,OOF_date_group_diagnostic,log_D,R03_smoke_v4,non_inferential_smoke
FREP-366647-Z,3,2023-03-30,E06000060,2.8458779068975377,1.332264925676692,1.7951407778653246,OOF_date_group_diagnostic,log_D,R03_smoke_v4,non_inferential_smoke
FREP-370142-Z,3,2023-04-21,E07000146,1.3609765531356006,1.4641157875520239,1.7951407778653246,OOF_date_group_diagnostic,log_D,R03_smoke_v4,non_inferential_smoke
FREP-372928-Z,3,2023-05-10,E07000075,2.6968769005040847,1.9914738452314282,1.7951407778653246,OOF_date_group_diagnostic,log_D,R03_smoke_v4,non_inferential_smoke
FREP-377873-Z,3,2023-06-09,E07000143,1.6357552207514738,1.8379148288738176,1.7951407778653246,OOF_date_group_diagnostic,log_D,R03_smoke_v4,non_inferential_smoke
FREP-385208-Z,3,2023-07-13,E07000069,2.613739521630969,1.9551682963333104,1.7951407778653246,OOF_date_group_diagnostic,log_D,R03_smoke_v4,non_inferential_smoke
FREP-386713-Z,3,2023-07-23,E09000010,2.2704061946298104,2.3619155674255112,1.7951407778653246,OOF_date_group_diagnostic,log_D,R03_smoke_v4,non_inferential_smoke
FREP-389196-Z,3,2023-08-02,E07000240,3.2727324976589114,1.720887499887858,1.7951407778653246,OOF_date_group_diagnostic,log_D,R03_smoke_v4,non_inferential_smoke
FREP-401796-Z,3,2023-10-12,E07000143,0.676340062243564,1.3163206510340724,1.7951407778653246,OOF_date_group_diagnostic,log_D,R03_smoke_v4,non_inferential_smoke
FREP-402894-Z,3,2023-10-18,E07000144,-0.10536051565782628,2.0767497863488584,1.7951407778653246,OOF_date_group_diagnostic,log_D,R03_smoke_v4,non_inferential_smoke
FREP-405431-Z,3,2023-11-04,E06000055,0.0,1.3170211860186627,1.7951407778653246,OOF_date_group_diagnostic,log_D,R03_smoke_v4,non_inferential_smoke
FREP-411538-Z,3,2023-12-03,E06000060,1.824549292051046,0.8821821909350218,1.7951407778653246,OOF_date_group_diagnostic,log_D,R03_smoke_v4,non_inferential_smoke
FREP-412086-Z,3,2023-12-06,E06000055,1.2855527913183589,2.2215676410808562,1.7951407778653246,OOF_date_group_diagnostic,log_D,R03_smoke_v4,non_inferential_smoke
FREP-413446-Z,3,2023-12-13,E07000146,-0.33314444652853825,1.435951547067333,1.7951407778653246,OOF_date_group_diagnostic,log_D,R03_smoke_v4,non_inferential_smoke
FREP-420239-Z,3,2024-01-19,E07000200,2.598979106047848,2.7105802550401714,1.7951407778653246,OOF_date_group_diagnostic,log_D,R03_smoke_v4,non_inferential_smoke
FREP-420338-Z,3,2024-01-19,E06000060,3.2523106009544382,2.075474636814622,1.7951407778653246,OOF_date_group_diagnostic,log_D,R03_smoke_v4,non_inferential_smoke
FREP-420342-Z,3,2024-01-19,E07000066,1.8299112351924312,2.4468197592454435,1.7951407778653246,OOF_date_group_diagnostic,log_D,R03_smoke_v4,non_inferential_smoke
FREP-422867-Z,3,2024-01-29,E06000033,0.9682504708048661,1.7770977552018055,1.7951407778653246,OOF_date_group_diagnostic,log_D,R03_smoke_v4,non_inferential_smoke
FREP-42387-M,3,2022-03-30,E09000019,2.367123614131617,1.751863190897932,1.7951407778653246,OOF_date_group_diagnostic,log_D,R03_smoke_v4,non_inferential_smoke
FREP-426119-Z,3,2024-02-15,E07000066,-0.40546510810816444,2.7540721875594434,1.7951407778653246,OOF_date_group_diagnostic,log_D,R03_smoke_v4,non_inferential_smoke
FREP-427141-Z,3,2024-03-18,E07000072,0.0,1.0996495527763692,1.7951407778653246,OOF_date_group_diagnostic,log_D,R03_smoke_v4,non_inferential_smoke
FREP-42889-M,3,2023-02-21,E09000022,0.0,1.33617131077901,1.7951407778653246,OOF_date_group_diagnostic,log_D,R03_smoke_v4,non_inferential_smoke
FREP-431319-Z,3,2024-03-18,E07000066,2.508243329967236,2.139213601823506,1.7951407778653246,OOF_date_group_diagnostic,log_D,R03_smoke_v4,non_inferential_smoke
FREP-46423-C,3,2021-04-16,E09000003,1.5224265354444706,1.2968042557415431,1.7951407778653246,OOF_date_group_diagnostic,log_D,R03_smoke_v4,non_inferential_smoke
FREP-5076-I,3,2022-07-27,E06000060,1.4853852637641216,0.7949962589130637,1.7951407778653246,OOF_date_group_diagnostic,log_D,R03_smoke_v4,non_inferential_smoke
FREP-51318-C,3,2021-09-08,E07000241,2.4821250068261236,2.149615607588541,1.7951407778653246,OOF_date_group_diagnostic,log_D,R03_smoke_v4,non_inferential_smoke
FREP-53387-C,3,2021-10-01,E06000056,0.7498425242364906,1.923879015420475,1.7951407778653246,OOF_date_group_diagnostic,log_D,R03_smoke_v4,non_inferential_smoke
FREP-60451-C,3,2022-02-15,E09000010,2.388762789235098,2.51784832630096,1.7951407778653246,OOF_date_group_diagnostic,log_D,R03_smoke_v4,non_inferential_smoke
FREP-71393-N,3,2023-08-01,E09000022,0.0,1.1150923995480142,1.7951407778653246,OOF_date_group_diagnostic,log_D,R03_smoke_v4,non_inferential_smoke
FREP-71924-N,3,2023-08-01,E09000032,0.0,1.412071262329149,1.7951407778653246,OOF_date_group_diagnostic,log_D,R03_smoke_v4,non_inferential_smoke
FREP-72131-N,3,2022-10-06,E09000019,1.9832976811269336,2.0997372560720367,1.7951407778653246,OOF_date_group_diagnostic,log_D,R03_smoke_v4,non_inferential_smoke
FREP-74485-N,3,2023-10-15,E09000012,2.4553061800117097,1.8034216721800966,1.7951407778653246,OOF_date_group_diagnostic,log_D,R03_smoke_v4,non_inferential_smoke
FREP-74902-V,3,2021-11-09,E07000114,2.4292177439274116,1.4469849048091936,1.7951407778653246,OOF_date_group_diagnostic,log_D,R03_smoke_v4,non_inferential_smoke
FREP-79222-C,3,2023-09-18,E07000148,0.0,1.3185550448103622,1.7951407778653246,OOF_date_group_diagnostic,log_D,R03_smoke_v4,non_inferential_smoke
FREP-81586-V,3,2022-10-11,E07000210,3.4657359027997265,1.9065106136632308,1.7951407778653246,OOF_date_group_diagnostic,log_D,R03_smoke_v4,non_inferential_smoke
FREP-84938-V,3,2023-04-15,E07000215,3.2101713842380546,1.7068891304451888,1.7951407778653246,OOF_date_group_diagnostic,log_D,R03_smoke_v4,non_inferential_smoke
FREP-87895-V,3,2023-11-03,E07000105,1.540445040947149,1.958144503215457,1.7951407778653246,OOF_date_group_diagnostic,log_D,R03_smoke_v4,non_inferential_smoke
FREP-11745-O,4,2022-10-12,E07000066,0.0,1.5522535285294854,1.7170947119970061,OOF_date_group_diagnostic,log_D,R03_smoke_v4,non_inferential_smoke
FREP-13211-O,4,2023-05-04,E07000099,0.0,1.2305089156480902,1.7170947119970061,OOF_date_group_diagnostic,log_D,R03_smoke_v4,non_inferential_smoke
FREP-20904-U,4,2022-11-03,E06000035,2.1061646118205894,1.5718963604466114,1.7170947119970061,OOF_date_group_diagnostic,log_D,R03_smoke_v4,non_inferential_smoke
FREP-22456-U,4,2023-12-05,E07000208,3.3339886319687055,2.179484123829243,1.7170947119970061,OOF_date_group_diagnostic,log_D,R03_smoke_v4,non_inferential_smoke
FREP-230324-Z,4,2021-04-11,E07000148,2.4849066497880004,2.15821961380023,1.7170947119970061,OOF_date_group_diagnostic,log_D,R03_smoke_v4,non_inferential_smoke
FREP-230401-Z,4,2021-04-12,E07000096,0.19611487892629037,2.268569228269456,1.7170947119970061,OOF_date_group_diagnostic,log_D,R03_smoke_v4,non_inferential_smoke
FREP-231661-Z,4,2021-04-17,E07000072,2.8458779068975377,1.614604497310776,1.7170947119970061,OOF_date_group_diagnostic,log_D,R03_smoke_v4,non_inferential_smoke
FREP-235157-Z,4,2021-05-05,E09000015,1.6582280766035324,1.9935155918647458,1.7170947119970061,OOF_date_group_diagnostic,log_D,R03_smoke_v4,non_inferential_smoke
FREP-236688-Z,4,2021-05-14,E09000010,2.5751535276357784,2.317023854423161,1.7170947119970061,OOF_date_group_diagnostic,log_D,R03_smoke_v4,non_inferential_smoke
FREP-237009-Z,4,2021-05-16,E07000073,2.34660197841082,2.5332803060535394,1.7170947119970061,OOF_date_group_diagnostic,log_D,R03_smoke_v4,non_inferential_smoke
FREP-239862-J,4,2021-07-14,E09000007,0.0,1.7814362733229818,1.7170947119970061,OOF_date_group_diagnostic,log_D,R03_smoke_v4,non_inferential_smoke
FREP-241315-Z,4,2021-06-07,E06000056,0.9808292530117262,1.2829398601841033,1.7170947119970061,OOF_date_group_diagnostic,log_D,R03_smoke_v4,non_inferential_smoke
FREP-243485-J,4,2022-05-23,E09000028,0.0,1.3409281265684028,1.7170947119970061,OOF_date_group_diagnostic,log_D,R03_smoke_v4,non_inferential_smoke
FREP-244956-Z,4,2022-11-12,E07000095,0.0,1.1224136673312004,1.7170947119970061,OOF_date_group_diagnostic,log_D,R03_smoke_v4,non_inferential_smoke
FREP-247951-Z,4,2021-07-10,E07000203,2.834193255942565,2.1866338024044643,1.7170947119970061,OOF_date_group_diagnostic,log_D,R03_smoke_v4,non_inferential_smoke
FREP-248113-Z,4,2021-07-12,E07000011,1.929103030738932,2.029168767366554,1.7170947119970061,OOF_date_group_diagnostic,log_D,R03_smoke_v4,non_inferential_smoke
FREP-252712-Z,4,2021-08-01,E07000076,1.0531499145913523,1.428841746248515,1.7170947119970061,OOF_date_group_diagnostic,log_D,R03_smoke_v4,non_inferential_smoke
FREP-253830-Z,4,2021-08-11,E09000003,0.125163142954006,1.2714411879640397,1.7170947119970061,OOF_date_group_diagnostic,log_D,R03_smoke_v4,non_inferential_smoke
FREP-255327-Z,4,2021-08-13,E06000056,1.1474024528375417,1.4517805632511158,1.7170947119970061,OOF_date_group_diagnostic,log_D,R03_smoke_v4,non_inferential_smoke
FREP-258143-Z,4,2021-08-30,E07000240,2.744060638625243,1.9440834374504117,1.7170947119970061,OOF_date_group_diagnostic,log_D,R03_smoke_v4,non_inferential_smoke
FREP-258869-G,4,2021-11-28,E07000215,3.1724827852984903,2.253389692821221,1.7170947119970061,OOF_date_group_diagnostic,log_D,R03_smoke_v4,non_inferential_smoke
FREP-262002-Z,4,2021-09-27,E07000179,2.322387720290225,1.8352955030524767,1.7170947119970061,OOF_date_group_diagnostic,log_D,R03_smoke_v4,non_inferential_smoke
FREP-262015-Z,4,2021-09-27,E07000076,-1.0986122886681098,0.6428130069493456,1.7170947119970061,OOF_date_group_diagnostic,log_D,R03_smoke_v4,non_inferential_smoke
FREP-262621-G,4,2022-01-09,E07000212,3.6014134283326604,2.7034804766378495,1.7170947119970061,OOF_date_group_diagnostic,log_D,R03_smoke_v4,non_inferential_smoke
FREP-263717-J,4,2021-05-14,E09000012,2.402430427963762,1.6696010608385765,1.7170947119970061,OOF_date_group_diagnostic,log_D,R03_smoke_v4,non_inferential_smoke
FREP-264514-G,4,2022-01-26,E09000029,3.0688278286245416,2.351766680428466,1.7170947119970061,OOF_date_group_diagnostic,log_D,R03_smoke_v4,non_inferential_smoke
FREP-264550-Z,4,2021-10-12,E07000147,1.8299112351924312,1.2946859111046778,1.7170947119970061,OOF_date_group_diagnostic,log_D,R03_smoke_v4,non_inferential_smoke
FREP-264583-Z,4,2021-10-12,E06000033,3.054001181677967,1.32759008338079,1.7170947119970061,OOF_date_group_diagnostic,log_D,R03_smoke_v4,non_inferential_smoke
FREP-265347-J,4,2021-06-07,E09000019,1.462483499477437,1.7458937079217582,1.7170947119970061,OOF_date_group_diagnostic,log_D,R03_smoke_v4,non_inferential_smoke
FREP-268115-J,4,2021-07-12,E09000033,-0.03390155167568134,1.4717346229150459,1.7170947119970061,OOF_date_group_diagnostic,log_D,R03_smoke_v4,non_inferential_smoke
FREP-269982-G,4,2022-02-22,E09000029,4.401011934584962,1.7973732265515863,1.7170947119970061,OOF_date_group_diagnostic,log_D,R03_smoke_v4,non_inferential_smoke
FREP-271719-G,4,2022-03-02,E07000113,1.4271163556401458,1.6592510852292852,1.7170947119970061,OOF_date_group_diagnostic,log_D,R03_smoke_v4,non_inferential_smoke
FREP-271792-Z,4,2021-11-28,E07000143,2.8810693652338513,2.0114435122884164,1.7170947119970061,OOF_date_group_diagnostic,log_D,R03_smoke_v4,non_inferential_smoke
FREP-272692-J,4,2021-09-11,E09000033,2.028148247292285,1.857737414054335,1.7170947119970061,OOF_date_group_diagnostic,log_D,R03_smoke_v4,non_inferential_smoke
FREP-273209-J,4,2021-09-20,E09000022,1.9242486522741338,1.4541353278581366,1.7170947119970061,OOF_date_group_diagnostic,log_D,R03_smoke_v4,non_inferential_smoke
FREP-274885-G,4,2022-04-01,E07000106,2.686713063714079,2.47541163157451,1.7170947119970061,OOF_date_group_diagnostic,log_D,R03_smoke_v4,non_inferential_smoke
FREP-274941-G,4,2022-04-01,E07000112,2.147878703233064,2.7220271462859387,1.7170947119970061,OOF_date_group_diagnostic,log_D,R03_smoke_v4,non_inferential_smoke
FREP-275754-G,4,2022-04-09,E07000228,2.114245463874528,2.277875873498101,1.7170947119970061,OOF_date_group_diagnostic,log_D,R03_smoke_v4,non_inferential_smoke
FREP-276464-J,4,2021-10-29,E09000013,3.50955340629978,1.959317680860119,1.7170947119970061,OOF_date_group_diagnostic,log_D,R03_smoke_v4,non_inferential_smoke
FREP-276783-Z,4,2021-12-29,E07000071,1.8458266904983307,2.3156007125495623,1.7170947119970061,OOF_date_group_diagnostic,log_D,R03_smoke_v4,non_inferential_smoke
FREP-277083-J,4,2021-11-05,E09000028,2.03688192726104,1.6524680382438783,1.7170947119970061,OOF_date_group_diagnostic,log_D,R03_smoke_v4,non_inferential_smoke
FREP-277761-J,4,2021-11-14,E09000020,2.373354163882253,1.6199659085055158,1.7170947119970061,OOF_date_group_diagnostic,log_D,R03_smoke_v4,non_inferential_smoke
FREP-277781-G,4,2022-05-09,E07000228,0.6418538861723947,1.267499050249791,1.7170947119970061,OOF_date_group_diagnostic,log_D,R03_smoke_v4,non_inferential_smoke
FREP-278232-Z,4,2022-01-09,E07000242,2.0455399900041544,1.9761132696090693,1.7170947119970061,OOF_date_group_diagnostic,log_D,R03_smoke_v4,non_inferential_smoke
FREP-278247-Z,4,2022-01-09,E06000055,2.302585092994046,2.3338816695749918,1.7170947119970061,OOF_date_group_diagnostic,log_D,R03_smoke_v4,non_inferential_smoke
FREP-281286-J,4,2021-12-28,E09000025,2.204604684633842,1.957761183098495,1.7170947119970061,OOF_date_group_diagnostic,log_D,R03_smoke_v4,non_inferential_smoke
FREP-282321-G,4,2022-06-19,E07000105,0.7884573603642703,2.428556839623404,1.7170947119970061,OOF_date_group_diagnostic,log_D,R03_smoke_v4,non_inferential_smoke
FREP-282655-Z,4,2022-02-02,E07000102,1.9624394510065237,2.640521508048395,1.7170947119970061,OOF_date_group_diagnostic,log_D,R03_smoke_v4,non_inferential_smoke
FREP-284834-G,4,2022-07-16,E07000115,1.2669476034873244,2.2532087627826316,1.7170947119970061,OOF_date_group_diagnostic,log_D,R03_smoke_v4,non_inferential_smoke
FREP-284899-J,4,2022-02-14,E09000032,3.282163564104119,1.943167514917951,1.7170947119970061,OOF_date_group_diagnostic,log_D,R03_smoke_v4,non_inferential_smoke
FREP-289341-G,4,2022-08-27,E07000210,0.9682504708048661,1.1870207703877127,1.7170947119970061,OOF_date_group_diagnostic,log_D,R03_smoke_v4,non_inferential_smoke
FREP-290198-Z,4,2022-02-22,E07000145,2.8735646395797834,2.09120419804204,1.7170947119970061,OOF_date_group_diagnostic,log_D,R03_smoke_v4,non_inferential_smoke
FREP-291100-G,4,2022-09-12,E09000029,0.03278982282299097,1.7381436680820097,1.7170947119970061,OOF_date_group_diagnostic,log_D,R03_smoke_v4,non_inferential_smoke
FREP-291492-G,4,2022-09-16,E07000065,2.136136885356381,1.6592582388035626,1.7170947119970061,OOF_date_group_diagnostic,log_D,R03_smoke_v4,non_inferential_smoke
FREP-292120-J,4,2022-07-07,E09000031,2.3963789722804063,2.5563593607218933,1.7170947119970061,OOF_date_group_diagnostic,log_D,R03_smoke_v4,non_inferential_smoke
FREP-292189-G,4,2022-09-24,E07000106,3.952844999948401,1.8147148786848706,1.7170947119970061,OOF_date_group_diagnostic,log_D,R03_smoke_v4,non_inferential_smoke
FREP-292827-Z,4,2022-03-05,E07000076,1.6956156086751528,1.3289361764481835,1.7170947119970061,OOF_date_group_diagnostic,log_D,R03_smoke_v4,non_inferential_smoke
FREP-296729-G,4,2022-11-04,E07000114,0.0,1.3659385550393082,1.7170947119970061,OOF_date_group_diagnostic,log_D,R03_smoke_v4,non_inferential_smoke
FREP-302437-G,4,2022-12-18,E09000008,1.561647248597752,1.9357806800093909,1.7170947119970061,OOF_date_group_diagnostic,log_D,R03_smoke_v4,non_inferential_smoke
FREP-303816-Z,4,2022-05-10,E07000145,2.585254623622282,2.4651449921214104,1.7170947119970061,OOF_date_group_diagnostic,log_D,R03_smoke_v4,non_inferential_smoke
FREP-304494-J,4,2022-12-12,E09000025,1.3652409519220583,2.7729480387818817,1.7170947119970061,OOF_date_group_diagnostic,log_D,R03_smoke_v4,non_inferential_smoke
FREP-304572-J,4,2022-12-12,E09000007,0.9870598027623623,2.5526593371254407,1.7170947119970061,OOF_date_group_diagnostic,log_D,R03_smoke_v4,non_inferential_smoke
FREP-306841-G,4,2023-01-18,E06000035,2.0171227772805778,0.5991192240318601,1.7170947119970061,OOF_date_group_diagnostic,log_D,R03_smoke_v4,non_inferential_smoke
FREP-307750-J,4,2023-01-16,E09000012,2.498699971920336,1.7747720057865892,1.7170947119970061,OOF_date_group_diagnostic,log_D,R03_smoke_v4,non_inferential_smoke
FREP-309296-Z,4,2022-06-11,E07000149,2.4009209937149074,1.7465500206586495,1.7170947119970061,OOF_date_group_diagnostic,log_D,R03_smoke_v4,non_inferential_smoke
FREP-309514-J,4,2023-02-02,E09000026,2.3749057545736716,2.0242699072929144,1.7170947119970061,OOF_date_group_diagnostic,log_D,R03_smoke_v4,non_inferential_smoke
FREP-311422-Z,4,2022-06-22,E07000067,0.3483066942682158,1.0632759452708282,1.7170947119970061,OOF_date_group_diagnostic,log_D,R03_smoke_v4,non_inferential_smoke
FREP-312202-Z,4,2022-06-26,E06000031,2.7002420186543983,1.9372250470122638,1.7170947119970061,OOF_date_group_diagnostic,log_D,R03_smoke_v4,non_inferential_smoke
FREP-312825-G,4,2023-03-15,E07000114,2.1262456078776384,1.5122892751028443,1.7170947119970061,OOF_date_group_diagnostic,log_D,R03_smoke_v4,non_inferential_smoke
FREP-313544-G,4,2023-03-23,E07000215,1.2286654169163074,1.1909555037427686,1.7170947119970061,OOF_date_group_diagnostic,log_D,R03_smoke_v4,non_inferential_smoke
FREP-315171-G,4,2023-04-10,E07000116,2.9347430019275613,1.5878804231431047,1.7170947119970061,OOF_date_group_diagnostic,log_D,R03_smoke_v4,non_inferential_smoke
FREP-315988-Z,4,2022-07-16,E07000067,0.6678293725756554,1.61792920516298,1.7170947119970061,OOF_date_group_diagnostic,log_D,R03_smoke_v4,non_inferential_smoke
FREP-316032-Z,4,2022-07-16,E09000017,5.038790738845111,1.8738649949334252,1.7170947119970061,OOF_date_group_diagnostic,log_D,R03_smoke_v4,non_inferential_smoke
FREP-316113-G,4,2023-04-18,E09000008,-0.8362480242006186,1.5417606863722604,1.7170947119970061,OOF_date_group_diagnostic,log_D,R03_smoke_v4,non_inferential_smoke
FREP-317580-G,4,2023-05-04,E06000035,2.960968281117651,1.2660227306534508,1.7170947119970061,OOF_date_group_diagnostic,log_D,R03_smoke_v4,non_inferential_smoke
FREP-317850-G,4,2023-05-08,E07000061,2.820386330496462,1.0942649582985318,1.7170947119970061,OOF_date_group_diagnostic,log_D,R03_smoke_v4,non_inferential_smoke
FREP-320747-J,4,2023-06-27,E09000033,5.485142655188135,1.1400232563559958,1.7170947119970061,OOF_date_group_diagnostic,log_D,R03_smoke_v4,non_inferential_smoke
FREP-323071-G,4,2023-06-27,E07000114,1.0589470322756782,0.6111904070135266,1.7170947119970061,OOF_date_group_diagnostic,log_D,R03_smoke_v4,non_inferential_smoke
FREP-323419-J,4,2023-07-29,E09000023,3.5253796515605695,2.2301280998169655,1.7170947119970061,OOF_date_group_diagnostic,log_D,R03_smoke_v4,non_inferential_smoke
FREP-324846-Z,4,2022-08-27,E07000075,1.0355541527009728,1.9472474484760391,1.7170947119970061,OOF_date_group_diagnostic,log_D,R03_smoke_v4,non_inferential_smoke
FREP-324948-Z,4,2022-08-28,E06000033,2.4069451083182885,2.140837106322146,1.7170947119970061,OOF_date_group_diagnostic,log_D,R03_smoke_v4,non_inferential_smoke
FREP-325749-J,4,2023-08-30,E09000012,0.597003320007043,1.1847736498019263,1.7170947119970061,OOF_date_group_diagnostic,log_D,R03_smoke_v4,non_inferential_smoke
FREP-327547-J,4,2023-09-21,E09000021,2.217390246930814,1.612909386351593,1.7170947119970061,OOF_date_group_diagnostic,log_D,R03_smoke_v4,non_inferential_smoke
FREP-328762-Z,4,2022-09-16,E07000147,1.6613976513648114,1.8201557645093984,1.7170947119970061,OOF_date_group_diagnostic,log_D,R03_smoke_v4,non_inferential_smoke
FREP-329593-G,4,2023-08-18,E07000062,2.5230584157523768,1.5149488227676633,1.7170947119970061,OOF_date_group_diagnostic,log_D,R03_smoke_v4,non_inferential_smoke
FREP-330612-G,4,2023-08-27,E09000008,2.582738899025035,2.116897059728366,1.7170947119970061,OOF_date_group_diagnostic,log_D,R03_smoke_v4,non_inferential_smoke
FREP-331467-J,4,2023-11-15,E09000007,1.377926111449374,1.376978607587886,1.7170947119970061,OOF_date_group_diagnostic,log_D,R03_smoke_v4,non_inferential_smoke
FREP-331595-J,4,2023-11-15,E09000028,2.468099531471619,1.2731405806165157,1.7170947119970061,OOF_date_group_diagnostic,log_D,R03_smoke_v4,non_inferential_smoke
FREP-331920-Z,4,2022-10-03,E07000146,2.686713063714079,1.526580552462551,1.7170947119970061,OOF_date_group_diagnostic,log_D,R03_smoke_v4,non_inferential_smoke
FREP-333642-Z,4,2022-10-12,E06000032,2.4379897300002487,2.1174825015222183,1.7170947119970061,OOF_date_group_diagnostic,log_D,R03_smoke_v4,non_inferential_smoke
FREP-337137-G,4,2023-10-22,E06000035,2.8094026953624978,1.594534963219471,1.7170947119970061,OOF_date_group_diagnostic,log_D,R03_smoke_v4,non_inferential_smoke
FREP-337209-G,4,2023-10-22,E07000227,2.910537427490759,1.417644986437088,1.7170947119970061,OOF_date_group_diagnostic,log_D,R03_smoke_v4,non_inferential_smoke
FREP-338283-G,4,2023-10-30,E07000112,3.3256353614397343,2.2027398567530514,1.7170947119970061,OOF_date_group_diagnostic,log_D,R03_smoke_v4,non_inferential_smoke
FREP-338817-J,4,2024-02-05,E09000028,3.3214324131932926,1.7202876457760827,1.7170947119970061,OOF_date_group_diagnostic,log_D,R03_smoke_v4,non_inferential_smoke
FREP-339706-Z,4,2022-11-09,E07000146,0.3364722366212129,1.2337683184767136,1.7170947119970061,OOF_date_group_diagnostic,log_D,R03_smoke_v4,non_inferential_smoke
FREP-340765-G,4,2023-11-18,E07000063,2.2512917986064953,1.4860457708872539,1.7170947119970061,OOF_date_group_diagnostic,log_D,R03_smoke_v4,non_inferential_smoke
FREP-341551-G,4,2023-11-24,E07000210,2.1081909549658215,1.5013612450687512,1.7170947119970061,OOF_date_group_diagnostic,log_D,R03_smoke_v4,non_inferential_smoke
FREP-343639-G,4,2023-12-10,E07000211,3.0757749812275277,1.905934631686349,1.7170947119970061,OOF_date_group_diagnostic,log_D,R03_smoke_v4,non_inferential_smoke
FREP-351259-Z,4,2023-01-07,E09000003,4.038361927471164,1.5864190276641892,1.7170947119970061,OOF_date_group_diagnostic,log_D,R03_smoke_v4,non_inferential_smoke
FREP-352798-G,4,2024-02-14,E07000211,3.0023768162726596,1.8445795916043297,1.7170947119970061,OOF_date_group_diagnostic,log_D,R03_smoke_v4,non_inferential_smoke
FREP-352938-Z,4,2023-01-16,E07000076,1.919370593820701,1.3433900228982623,1.7170947119970061,OOF_date_group_diagnostic,log_D,R03_smoke_v4,non_inferential_smoke
FREP-356534-Z,4,2023-02-02,E07000146,0.6330432564902398,1.1867180645261968,1.7170947119970061,OOF_date_group_diagnostic,log_D,R03_smoke_v4,non_inferential_smoke
FREP-356535-Z,4,2023-02-02,E07000011,1.3173014896329391,1.4307447747051767,1.7170947119970061,OOF_date_group_diagnostic,log_D,R03_smoke_v4,non_inferential_smoke
FREP-357339-Z,4,2023-02-06,E07000099,2.112231364502827,2.1169691865261733,1.7170947119970061,OOF_date_group_diagnostic,log_D,R03_smoke_v4,non_inferential_smoke
FREP-363929-Z,4,2023-03-16,E07000145,0.8892620594862357,1.5456117357918169,1.7170947119970061,OOF_date_group_diagnostic,log_D,R03_smoke_v4,non_inferential_smoke
FREP-364061-Z,4,2023-03-16,E09000002,0.9994056385846617,1.9672081620966935,1.7170947119970061,OOF_date_group_diagnostic,log_D,R03_smoke_v4,non_inferential_smoke
FREP-369677-Z,4,2023-04-18,E07000066,3.1015926642534684,1.7598797004225966,1.7170947119970061,OOF_date_group_diagnostic,log_D,R03_smoke_v4,non_inferential_smoke
FREP-372470-Z,4,2023-05-09,E09000016,2.38723256705433,2.110483863623609,1.7170947119970061,OOF_date_group_diagnostic,log_D,R03_smoke_v4,non_inferential_smoke
FREP-374154-Z,4,2023-06-07,E07000072,0.0,1.1453520198346387,1.7170947119970061,OOF_date_group_diagnostic,log_D,R03_smoke_v4,non_inferential_smoke
FREP-376748-Z,4,2023-06-02,E06000055,4.965405451121581,1.6267092595364745,1.7170947119970061,OOF_date_group_diagnostic,log_D,R03_smoke_v4,non_inferential_smoke
FREP-383612-Z,4,2023-07-05,E07000066,2.2389350659175897,2.625390940154859,1.7170947119970061,OOF_date_group_diagnostic,log_D,R03_smoke_v4,non_inferential_smoke
FREP-385453-Z,4,2023-07-14,E07000149,-0.5679840376059393,2.0337288995205434,1.7170947119970061,OOF_date_group_diagnostic,log_D,R03_smoke_v4,non_inferential_smoke
FREP-386645-Z,4,2023-07-22,E07000012,1.4469189829363254,1.6720425538732275,1.7170947119970061,OOF_date_group_diagnostic,log_D,R03_smoke_v4,non_inferential_smoke
FREP-390916-Z,4,2023-08-21,E07000143,0.1823215567939546,0.983313811344028,1.7170947119970061,OOF_date_group_diagnostic,log_D,R03_smoke_v4,non_inferential_smoke
FREP-396993-Z,4,2023-09-11,E07000147,-0.3101549283038396,1.5110625834060496,1.7170947119970061,OOF_date_group_diagnostic,log_D,R03_smoke_v4,non_inferential_smoke
FREP-399870-Z,4,2023-09-29,E07000010,3.042933875038285,1.2000943184373112,1.7170947119970061,OOF_date_group_diagnostic,log_D,R03_smoke_v4,non_inferential_smoke
FREP-405304-Z,4,2023-10-31,E06000033,3.5529642701341375,1.7573908689678803,1.7170947119970061,OOF_date_group_diagnostic,log_D,R03_smoke_v4,non_inferential_smoke
FREP-412042-Z,4,2023-12-05,E06000033,2.0104486701928845,2.0938576809050407,1.7170947119970061,OOF_date_group_diagnostic,log_D,R03_smoke_v4,non_inferential_smoke
FREP-418685-Z,4,2024-01-11,E06000056,2.2442495159810822,1.6599448260723646,1.7170947119970061,OOF_date_group_diagnostic,log_D,R03_smoke_v4,non_inferential_smoke
FREP-421185-Z,4,2024-01-22,E07000203,0.7808527609790508,1.6919103745278925,1.7170947119970061,OOF_date_group_diagnostic,log_D,R03_smoke_v4,non_inferential_smoke
FREP-421292-Z,4,2024-01-22,E07000147,0.6931471805599453,1.5834472503696237,1.7170947119970061,OOF_date_group_diagnostic,log_D,R03_smoke_v4,non_inferential_smoke
FREP-424031-Z,4,2024-02-05,E07000073,2.766319109226186,2.3029571367568864,1.7170947119970061,OOF_date_group_diagnostic,log_D,R03_smoke_v4,non_inferential_smoke
FREP-42494-M,4,2022-04-09,E09000011,2.570064458128307,2.012934508971893,1.7170947119970061,OOF_date_group_diagnostic,log_D,R03_smoke_v4,non_inferential_smoke
FREP-425784-Z,4,2024-02-14,E07000066,2.7245795030534206,2.039644872239698,1.7170947119970061,OOF_date_group_diagnostic,log_D,R03_smoke_v4,non_inferential_smoke
FREP-430101-Z,4,2024-03-10,E07000076,1.2039728043259361,0.5944105481905049,1.7170947119970061,OOF_date_group_diagnostic,log_D,R03_smoke_v4,non_inferential_smoke
FREP-430280-Z,4,2024-03-11,E07000011,1.3945931639345857,1.6015240741157064,1.7170947119970061,OOF_date_group_diagnostic,log_D,R03_smoke_v4,non_inferential_smoke
FREP-430770-Z,4,2024-03-29,E07000070,0.0,1.1846375811098668,1.7170947119970061,OOF_date_group_diagnostic,log_D,R03_smoke_v4,non_inferential_smoke
FREP-432703-Z,4,2024-03-27,E06000060,1.698669046162043,2.273754937825398,1.7170947119970061,OOF_date_group_diagnostic,log_D,R03_smoke_v4,non_inferential_smoke
FREP-54157-C,4,2021-10-12,E07000099,2.6775909936175015,1.6650308321282306,1.7170947119970061,OOF_date_group_diagnostic,log_D,R03_smoke_v4,non_inferential_smoke
FREP-57239-V,4,2021-04-17,E07000216,-0.08701137698962981,1.2984643520700754,1.7170947119970061,OOF_date_group_diagnostic,log_D,R03_smoke_v4,non_inferential_smoke
FREP-57577-C,4,2021-12-07,E07000010,-0.1823215567939546,2.019642420022362,1.7170947119970061,OOF_date_group_diagnostic,log_D,R03_smoke_v4,non_inferential_smoke
FREP-58249-C,4,2021-12-14,E07000242,2.0104486701928845,1.883593120560511,1.7170947119970061,OOF_date_group_diagnostic,log_D,R03_smoke_v4,non_inferential_smoke
FREP-60479-V,4,2021-06-07,E07000061,3.963982744358857,1.9097740519164172,1.7170947119970061,OOF_date_group_diagnostic,log_D,R03_smoke_v4,non_inferential_smoke
FREP-62197-V,4,2021-06-23,E07000217,2.439444275711243,1.7016921704880899,1.7170947119970061,OOF_date_group_diagnostic,log_D,R03_smoke_v4,non_inferential_smoke
FREP-66850-C,4,2022-10-07,E07000148,1.8971199848858813,1.7724153477964708,1.7170947119970061,OOF_date_group_diagnostic,log_D,R03_smoke_v4,non_inferential_smoke
FREP-67978-C,4,2022-12-20,E06000033,0.0,1.6053091422133563,1.7170947119970061,OOF_date_group_diagnostic,log_D,R03_smoke_v4,non_inferential_smoke
FREP-69432-N,4,2022-03-07,E09000033,0.0,1.4739714846395384,1.7170947119970061,OOF_date_group_diagnostic,log_D,R03_smoke_v4,non_inferential_smoke
FREP-73381-N,4,2023-04-20,E09000007,2.8716796248840124,2.1241206551507057,1.7170947119970061,OOF_date_group_diagnostic,log_D,R03_smoke_v4,non_inferential_smoke
FREP-77626-V,4,2022-03-07,E07000109,1.3217558399823195,2.3237597066935165,1.7170947119970061,OOF_date_group_diagnostic,log_D,R03_smoke_v4,non_inferential_smoke
FREP-78758-V,4,2022-05-09,E09000021,1.9482882714602807,1.4418221854294553,1.7170947119970061,OOF_date_group_diagnostic,log_D,R03_smoke_v4,non_inferential_smoke
FREP-80121-C,4,2023-09-21,E07000012,3.176663976058891,1.2403977721512818,1.7170947119970061,OOF_date_group_diagnostic,log_D,R03_smoke_v4,non_inferential_smoke
FREP-80389-V,4,2022-08-01,E07000217,1.7316555451583497,2.1034438338223196,1.7170947119970061,OOF_date_group_diagnostic,log_D,R03_smoke_v4,non_inferential_smoke
FREP-8877-I,4,2023-12-12,E06000033,2.7694588292308535,2.1186822372306584,1.7170947119970061,OOF_date_group_diagnostic,log_D,R03_smoke_v4,non_inferential_smoke
FREP-90053-C,4,2024-01-22,E07000143,5.987372854204725,1.230430877790667,1.7170947119970061,OOF_date_group_diagnostic,log_D,R03_smoke_v4,non_inferential_smoke
