Incident Reference,cause_group_official,customers_v2_event_excl_reinterruptions,duration_A_customer_weighted_hours,duration_B_full_span_hours,lat,lon,incident_date_utc,temperature_0h,pressure_msl_0h,gust_0h,precipitation_24h_sum,weather_status_v3,LAD21CD,population,rural_urban_classification,deprivation_gap_pct,morans_i,income_deprivation_rate,cv_fold_v3,urban_binary,log_population,incident_year,incident_month,substation,LAD21NM
FREP-14123-W,weather_natural,18.0,22.47777777777777,28.966666666666665,51.1176023620788,-0.162700185396882,2022-02-19,7.550000190734863,1011.2000122070312,16.299999237060547,0.5,matched,E07000226,119959.0,Urban with City and Town,0.2629999999999999,0.28,0.11,1.0,1.0,11.694905296716163,2022,2,CRAWLEY TOWN 33/11KV,Crawley
FREP-14126-W,weather_natural,7.0,54.740476190476194,56.1,51.1511090372096,-0.504034443005657,2022-02-20,11.25,1007.2000122070312,17.399999618530273,4.699999809265137,matched,E07000216,130327.0,Largely Rural (rural including hub towns 50-79%) ,0.1689999999999999,0.03,0.054,2.0,0.0,11.777801955768314,2022,2,CRANLEIGH 33/11KV,Waverley
FREP-14172-W,weather_natural,419.0,6.684586720867209,97.63333333333334,51.0666275092411,0.322967186539106,2022-02-20,9.399999618530272,1010.2000122070312,14.800000190734863,4.5,matched,E07000065,163091.0,Mainly Rural (rural including hub towns >=80%) ,0.237,0.29,0.073,2.0,0.0,12.002063606215954,2022,2,WADHURST 33/6.6KV,Wealden
FREP-14204-W,technical_asset,3.0,52.51666666666667,52.516666666666666,51.1081876089666,1.04230379821497,2022-02-21,5.449999809265137,1002.5999755859376,18.89999961853028,3.300000190734864,matched,E07000112,110372.0,Urban with Significant Rural (rural including hub towns 26-49%),0.3339999999999999,0.43,0.145,3.0,1.0,11.611611757468927,2022,2,STANFORD 33/11KV,Folkestone and Hythe
FREP-14185-W,weather_natural,528.0,20.396748737373738,27.4,50.9836035710203,0.296735092609588,2022-02-20,10.300000190734863,1003.5,22.0,1.7000000476837158,matched,E07000065,163091.0,Mainly Rural (rural including hub towns >=80%) ,0.237,0.29,0.073,2.0,0.0,12.002063606215954,2022,2,BROAD OAK 33/11KV,Wealden
FREP-14200-W,weather_natural,33.0,34.38333333333333,34.38333333333333,50.9519783347092,-0.487030444826157,2022-02-19,6.800000190734863,1009.2999877929688,20.100000381469727,2.6999998092651367,matched,E07000227,148784.0,Largely Rural (rural including hub towns 50-79%) ,0.124,0.03,0.056,1.0,0.0,11.910250868717979,2022,2,PULBOROUGH 33/11KV,Horsham
FREP-14214-W,technical_asset,1.0,28.266666666666666,28.266666666666666,50.7983473761425,0.287142238121887,2022-02-21,8.199999809265137,1005.5999755859376,23.200000762939453,3.5999999046325684,matched,E07000061,102304.0,Urban with City and Town,0.283,0.29,0.141,3.0,1.0,11.535704051859568,2022,2,HAMPDEN PARK 33/11KV,Eastbourne
FREP-174641-J,technical_asset,0.0,,1.0,51.535218783752,-0.0682578840091404,2022-02-21,10.350000381469728,1010.5,19.100000381469727,2.900000095367432,matched,E09000012,261814.0,Urban with Major Conurbation,0.343,0.23,0.196,3.0,1.0,12.47538960696398,2022,2,WHISTON RD,Hackney
FREP-19669-U,weather_natural,10.0,90.48333333333332,90.48333333333332,51.2651428383632,0.487886812615242,2022-02-19,2.299999952316284,1013.2999877929688,11.199999809265137,2.5,matched,E07000110,180144.0,Urban with Significant Rural (rural including hub towns 26-49%),0.297,0.32,0.095,1.0,1.0,12.101511810042911,2022,2,BARMING 33/11KV,Maidstone
FREP-19717-U,weather_natural,483.0,0.25,0.25,51.3031628419803,0.335796293006111,2022-02-20,5.0,1001.7999877929688,16.899999618530273,3.0,matched,E07000115,133655.0,Urban with Significant Rural (rural including hub towns 26-49%),0.231,0.17,0.08,2.0,1.0,11.803017132015809,2022,2,WROTHAM HEATH 33/11KV,Tonbridge and Malling
FREP-19718-U,weather_natural,81.0,39.54444444444445,46.25,51.0470823089683,0.40528412380319,2022-02-20,5.150000095367432,1003.0999755859376,18.0,4.400000095367432,matched,E07000064,94323.0,Largely Rural (rural including hub towns 50-79%) ,0.35,0.37,0.113,2.0,0.0,11.45448034132121,2022,2,TICEHURST 33/11KV,Rother
FREP-19785-U,weather_natural,0.0,,0.1666666666666666,50.9867231707817,0.47252542377737,2022-02-20,10.649999618530272,1006.2999877929688,21.100000381469727,3.200000286102295,matched,E07000064,94323.0,Largely Rural (rural including hub towns 50-79%) ,0.35,0.37,0.113,2.0,0.0,11.45448034132121,2022,2,ROBERTSBRIDGE 33/11KV,Rother
FREP-267252-G,weather_natural,44.0,57.751893939393945,81.41666666666667,51.3412853502412,0.715243085981626,2022-02-21,6.449999809265137,1001.9000244140624,19.200000762939453,2.800000190734864,matched,E07000113,154508.0,Largely Rural (rural including hub towns 50-79%) ,0.407,0.43,0.149,3.0,0.0,11.948001153914678,2022,2,SITTINGBOURNE WEST 33/11KV,Swale
FREP-267488-G,weather_natural,13.0,56.02820512820513,95.36666666666666,50.927579327247,-0.390106657160305,2022-02-19,7.099999904632568,1008.0,23.299999237060547,4.800000190734863,matched,E07000227,148784.0,Largely Rural (rural including hub towns 50-79%) ,0.124,0.03,0.056,1.0,0.0,11.910250868717979,2022,2,ASHINGTON 33/11KV,Horsham
FREP-267394-G,weather_natural,2313.0,3.006009913258984,53.333333333333336,51.1354393754552,-0.169253596536083,2022-02-20,10.100000381469728,996.5999755859376,22.89999961853028,1.3000000715255735,matched,E07000226,119959.0,Urban with City and Town,0.2629999999999999,0.28,0.11,2.0,1.0,11.694905296716163,2022,2,CRAWLEY INDUSTRIAL EAST 33/11KV,Crawley
FREP-267522-G,weather_natural,23.0,24.0,24.0,51.1049953072768,-0.202111196018126,2022-02-19,3.3499999046325684,1013.7999877929688,10.5,1.3000000715255735,matched,E07000226,119959.0,Urban with City and Town,0.2629999999999999,0.28,0.11,1.0,1.0,11.694905296716163,2022,2,SOUTHGATE 33/11KV,Crawley
FREP-268015-G,weather_natural,10.0,22.7,22.7,50.9823414683587,0.0027766790657315,2022-02-22,6.650000095367432,1022.7000122070312,7.199999809265137,0.3000000119209289,matched,E07000063,100693.0,Urban with Significant Rural (rural including hub towns 26-49%),0.225,0.36,0.099,4.0,1.0,11.519831562884328,2022,2,NEWICK 33/11KV,Lewes
FREP-268067-G,weather_natural,1.0,96.25,96.25,50.8796073879873,0.241262929591364,2022-02-20,5.349999904632568,1003.5999755859376,16.700000762939453,4.699999809265137,matched,E07000065,163091.0,Mainly Rural (rural including hub towns >=80%) ,0.237,0.29,0.073,2.0,0.0,12.002063606215954,2022,2,HORSEBRIDGE 33/11KV,Wealden
FREP-268173-G,weather_natural,16.0,33.78333333333333,33.78333333333333,51.1300322898903,-0.0147947832634629,2022-02-19,7.050000190734863,1013.4000244140624,11.899999618530272,0.4000000059604645,matched,E07000228,155159.0,Urban with City and Town,0.155,0.02,0.053,1.0,1.0,11.952205676573094,2022,2,EAST GRINSTEAD 33/11KV,Mid Sussex
FREP-267923-G,weather_natural,4.0,14.425,54.2,51.1693386780882,0.613768125016,2022-02-20,10.899999618530272,1005.2999877929688,20.299999237060547,4.5,matched,E07000110,180144.0,Urban with Significant Rural (rural including hub towns 26-49%),0.297,0.32,0.095,2.0,1.0,12.101511810042911,2022,2,HEADCORN 33/6.6KV,Maidstone
FREP-267962-G,weather_natural,14.0,87.4,87.4,51.1135126645777,0.470287144925582,2022-02-19,8.149999618530273,1012.9000244140624,14.600000381469728,0.3000000119209289,matched,E07000116,116263.0,Urban with Significant Rural (rural including hub towns 26-49%),0.213,0.19,0.073,1.0,1.0,11.663610145154312,2022,2,GOUDHURST 33/11KV,Tunbridge Wells
FREP-267977-G,weather_natural,9.0,129.45,129.45,50.9490589725163,0.453212451572045,2022-02-19,6.900000095367432,1008.7000122070312,21.799999237060547,1.2999999523162842,matched,E07000064,94323.0,Largely Rural (rural including hub towns 50-79%) ,0.35,0.37,0.113,1.0,0.0,11.45448034132121,2022,2,MOUNTFIELD 33/11KV,Rother
FREP-268034-G,weather_natural,8.0,5.35,5.35,50.9700428194242,0.0948016972566031,2022-02-20,10.5,1008.4000244140624,19.799999237060547,4.300000190734863,matched,E07000065,163091.0,Mainly Rural (rural including hub towns >=80%) ,0.237,0.29,0.073,2.0,0.0,12.002063606215954,2022,2,UCKFIELD 33/11KV,Wealden
FREP-268345-G,weather_natural,4.0,124.0,124.0,51.3988356323046,0.303460419871465,2022-02-19,7.349999904632568,1011.7999877929688,12.100000381469728,0.0,matched,E07000107,119042.0,Urban with Major Conurbation,0.2809999999999999,0.34,0.095,1.0,1.0,11.687231651001051,2022,2,LONGFIELD 33/11KV,Dartford
FREP-268351-G,weather_natural,3817.0,8.990807367877432,43.88333333333333,51.1081876089666,1.04230379821497,2022-02-19,8.600000381469727,1006.5,23.799999237060547,3.300000190734864,matched,E07000112,110372.0,Urban with Significant Rural (rural including hub towns 26-49%),0.3339999999999999,0.43,0.145,1.0,1.0,11.611611757468927,2022,2,STANFORD 33/11KV,Folkestone and Hythe
FREP-268453-G,weather_natural,13.0,119.1,119.1,51.0664130545523,0.686629791075036,2022-02-19,7.449999809265137,1010.2999877929688,18.700000762939453,0.8999999761581421,matched,E07000105,135818.0,Urban with Significant Rural (rural including hub towns 26-49%),0.291,0.34,0.11,1.0,1.0,11.819071033187548,2022,2,TENTERDEN 33/6.6KV,Ashford
FREP-268545-G,weather_natural,198.0,11.6016835016835,46.9,51.1594569320356,-0.319453087918898,2022-02-19,6.050000190734863,1008.2999877929688,22.600000381469727,1.8000000715255735,matched,E07000210,87931.0,Urban with Significant Rural (rural including hub towns 26-49%),0.215,0.11,0.054,1.0,1.0,11.384307694991195,2022,2,CAPEL 33/11KV,Mole Valley
FREP-9528-O,technical_asset,122.0,5.284289617486339,16.083333333333332,51.5435107344375,0.66190200913381,2022-02-19,4.949999809265137,1011.7999877929688,10.199999809265137,6.599999904632568,matched,E06000033,180810.0,Urban with City and Town,0.4549999999999999,0.38,0.144,1.0,1.0,12.105202035145199,2022,2,LEIGH PRIMARY,Southend-on-Sea
FREP-9535-O,weather_natural,311.0,4.479367631296891,36.46666666666667,52.6546936827359,1.45102710043497,2022-02-19,5.199999809265137,1009.2000122070312,12.899999618530272,0.3000000119209289,matched,E07000144,133839.0,Urban with Significant Rural (rural including hub towns 26-49%),0.129,0.01,0.072,1.0,1.0,11.804392864024903,2022,2,HEMBLINGTON PRIMARY,Broadland
FREP-9458-O,weather_natural,1.0,3.433333333333333,3.433333333333333,51.7908143998246,1.14547156737431,2022-02-21,9.173999786376951,1010.9000244140624,18.299999237060547,2.8999998569488525,matched,E07000076,151530.0,Largely Rural (rural including hub towns 50-79%) ,0.5249999999999999,0.49,0.173,3.0,0.0,11.928538904130209,2022,2,OLD RD PRIMARY,Tendring
FREP-76794-V,weather_natural,98.0,42.31020408163266,46.8,51.3988356323046,0.303460419871465,2022-02-20,10.899999618530272,996.7000122070312,22.100000381469727,0.5,matched,E07000107,119042.0,Urban with Major Conurbation,0.2809999999999999,0.34,0.095,2.0,1.0,11.687231651001051,2022,2,LONGFIELD 33/11KV,Dartford
FREP-76746-V,weather_natural,1.0,117.4,117.4,51.2563268556425,1.02368290117269,2022-02-20,11.149999618530272,1001.9000244140624,21.600000381469727,1.100000023841858,matched,E07000106,158723.0,Urban with City and Town,0.248,0.17,0.1,2.0,1.0,11.974915823549752,2022,2,CHARTHAM 33/11KV,Canterbury
FREP-76941-V,weather_natural,6.0,76.33333333333333,78.23333333333333,50.9313871058919,0.245345444264426,2022-02-20,10.800000190734863,1008.5,19.700000762939453,4.600000381469727,matched,E07000065,163091.0,Mainly Rural (rural including hub towns >=80%) ,0.237,0.29,0.073,2.0,0.0,12.002063606215954,2022,2,HORAM 33/11KV,Wealden
FREP-76828-V,weather_natural,16.0,30.20833333333333,32.083333333333336,51.1774454877242,0.392619520989536,2022-02-20,11.199999809265137,1006.0,19.89999961853028,5.800000190734863,matched,E07000116,116263.0,Urban with Significant Rural (rural including hub towns 26-49%),0.213,0.19,0.073,2.0,1.0,11.663610145154312,2022,2,PADDOCK WOOD 33/11KV,Tunbridge Wells
FREP-77086-V,weather_natural,543.0,4.6464088397790055,6.816666666666666,51.2517811437849,1.21405703390067,2022-02-19,6.75,1006.2000122070312,23.299999237060547,3.700000047683716,matched,E07000108,117445.0,Urban with Significant Rural (rural including hub towns 26-49%),0.376,0.3,0.134,1.0,1.0,11.673725417873936,2022,2,WINGHAM 33/11KV,Dover
FREP-77089-V,weather_natural,251.0,7.795851216022889,100.11666666666666,51.1693386780882,0.613768125016,2022-02-19,8.25,1005.9000244140624,17.399999618530273,5.400000095367432,matched,E07000110,180144.0,Urban with Significant Rural (rural including hub towns 26-49%),0.297,0.32,0.095,1.0,1.0,12.101511810042911,2022,2,HEADCORN 33/6.6KV,Maidstone
FREP-77158-V,weather_natural,1.0,75.81666666666666,75.81666666666666,51.2089675123131,1.21920687998267,2022-02-21,8.899999618530273,1012.0999755859376,18.0,2.700000047683716,matched,E07000106,158723.0,Urban with City and Town,0.248,0.17,0.1,3.0,1.0,11.974915823549752,2022,2,LIGHTWEIGHT AGGREGATES,Canterbury
FREP-77258-V,technical_asset,12.0,6.322222222222223,29.85,51.1511090372096,-0.504034443005657,2022-02-22,11.899999618530272,1017.2999877929688,13.5,0.5,matched,E07000216,130327.0,Largely Rural (rural including hub towns 50-79%) ,0.1689999999999999,0.03,0.054,4.0,0.0,11.777801955768314,2022,2,CRANLEIGH 33/11KV,Waverley
FREP-77327-V,weather_natural,15.0,46.23111111111111,52.05,51.1511090372096,-0.504034443005657,2022-02-22,10.649999618530272,1016.5,14.300000190734863,0.2000000029802322,matched,E07000216,130327.0,Largely Rural (rural including hub towns 50-79%) ,0.1689999999999999,0.03,0.054,4.0,0.0,11.777801955768314,2022,2,CRANLEIGH 33/11KV,Waverley
FREP-77298-V,technical_asset,25.0,9.675252525252525,16.133333333333333,51.3540076168943,1.09524392810905,2022-02-22,13.23449993133545,1015.0999755859376,16.600000381469727,0.2000000029802322,matched,E07000106,158723.0,Urban with City and Town,0.248,0.17,0.1,4.0,1.0,11.974915823549752,2022,2,HERNE BAY 33/11KV,Canterbury
FREP-77314-V,weather_natural,22.0,64.51666666666667,64.51666666666667,50.8664387592286,0.141260104115769,2022-02-22,10.5,1020.0,8.899999618530273,0.3000000119209289,matched,E07000065,163091.0,Mainly Rural (rural including hub towns >=80%) ,0.237,0.29,0.073,4.0,0.0,12.002063606215954,2022,2,RIPE 33/11KV,Wealden
FREP-77067-V,weather_natural,348.0,7.864495028780743,125.16666666666669,50.8168801437218,0.245214725482652,2022-02-19,6.497000217437744,1013.0999755859376,20.200000762939453,0.0,matched,E07000065,163091.0,Mainly Rural (rural including hub towns >=80%) ,0.237,0.29,0.073,1.0,0.0,12.002063606215954,2022,2,POLEGATE TOWN 33/11KV,Wealden
FREP-77097-V,weather_natural,101.0,41.60907590759076,41.61666666666667,51.0918308945304,-0.0756676219650012,2022-02-19,8.399999618530273,1008.4000244140624,16.299999237060547,7.0,matched,E07000228,155159.0,Urban with City and Town,0.155,0.02,0.053,1.0,1.0,11.952205676573094,2022,2,WEST HOATHLY 33/11KV,Mid Sussex
FREP-77137-V,weather_natural,1.0,23.4,23.4,50.9612590228917,0.731287779713318,2022-02-20,10.75,1007.0999755859376,19.700000762939453,3.0,matched,E07000064,94323.0,Largely Rural (rural including hub towns 50-79%) ,0.35,0.37,0.113,2.0,0.0,11.45448034132121,2022,2,RYE 33/11KV,Rother
FREP-77162-V,weather_natural,750.0,2.6834888888888893,66.36666666666666,50.9519783347092,-0.487030444826157,2022-02-20,5.349999904632568,1004.4000244140624,16.600000381469727,2.700000286102295,matched,E07000227,148784.0,Largely Rural (rural including hub towns 50-79%) ,0.124,0.03,0.056,2.0,0.0,11.910250868717979,2022,2,PULBOROUGH 33/11KV,Horsham
FREP-77210-V,weather_natural,8.0,116.18333333333334,116.18333333333334,50.9326754669225,-0.173555041823775,2022-02-19,8.850000381469727,1007.5999755859376,17.5,7.799999713897705,matched,E07000228,155159.0,Urban with City and Town,0.155,0.02,0.053,1.0,1.0,11.952205676573094,2022,2,HURSTPIERPOINT 33/11KV,Mid Sussex
FREP-77285-V,weather_natural,15.0,65.21666666666667,65.21666666666667,51.1049953072768,-0.202111196018126,2022-02-21,5.900000095367432,1022.0999755859376,8.800000190734863,0.6000000238418579,matched,E07000226,119959.0,Urban with City and Town,0.2629999999999999,0.28,0.11,3.0,1.0,11.694905296716163,2022,2,SOUTHGATE 33/11KV,Crawley
FREP-77814-V,weather_natural,0.0,,0.1666666666666666,51.2089675123131,1.21920687998267,2022-02-19,6.150000095367432,1013.5,10.100000381469728,0.2000000029802322,matched,E07000106,158723.0,Urban with City and Town,0.248,0.17,0.1,1.0,1.0,11.974915823549752,2022,2,LIGHTWEIGHT AGGREGATES,Canterbury
FREP-78451-V,weather_natural,1831.0,1.3715911159657743,2.3833333333333333,50.9313871058919,0.245345444264426,2022-02-21,8.850000381469727,1016.7999877929688,12.800000190734863,2.0999999046325684,matched,E07000065,163091.0,Mainly Rural (rural including hub towns >=80%) ,0.237,0.29,0.073,3.0,0.0,12.002063606215954,2022,2,HORAM 33/11KV,Wealden
FREP-78432-V,weather_natural,782.0,60.439692982456144,124.63333333333334,51.1135126645777,0.470287144925582,2022-02-20,10.350000381469728,996.2000122070312,27.100000381469727,2.500000238418579,matched,E07000116,116263.0,Urban with Significant Rural (rural including hub towns 26-49%),0.213,0.19,0.073,2.0,1.0,11.663610145154312,2022,2,GOUDHURST 33/11KV,Tunbridge Wells
FREP-268574-G,weather_natural,107.0,5.934423676012461,7.25,51.2870280496174,0.186381498500364,2022-02-19,7.949999809265137,1005.7999877929688,19.799999237060547,5.199999809265137,matched,E07000111,121194.0,Largely Rural (rural including hub towns 50-79%) ,0.249,0.33,0.075,1.0,0.0,11.705147846441445,2022,2,NORTH SEVENOAKS 33/11KV,Sevenoaks
FREP-268711-G,technical_asset,7.0,95.36666666666666,95.36666666666666,50.8825583538958,0.0210708356247149,2022-02-19,8.050000190734863,1010.0999755859376,15.699999809265137,5.299999713897705,matched,E07000063,100693.0,Urban with Significant Rural (rural including hub towns 26-49%),0.225,0.36,0.099,1.0,1.0,11.519831562884328,2022,2,LEWES TOWN 33/11KV,Lewes
FREP-268778-G,weather_natural,6.0,79.53611111111111,79.88333333333334,51.0518096700857,0.507255686634157,2022-02-21,10.75,1008.5,21.5,3.0999999046325684,matched,E07000116,116263.0,Urban with Significant Rural (rural including hub towns 26-49%),0.213,0.19,0.073,3.0,1.0,11.663610145154312,2022,2,HAWKHURST 33/11KV,Tunbridge Wells
FREP-268744-G,weather_natural,245.0,24.55931972789116,95.58333333333331,51.1291430170208,1.31104348609471,2022-02-19,8.151000022888184,1009.2999877929688,19.299999237060547,2.799999952316284,matched,E07000108,117445.0,Urban with Significant Rural (rural including hub towns 26-49%),0.376,0.3,0.134,1.0,1.0,11.673725417873936,2022,2,DOVER 33/11KV,Dover
FREP-268772-G,weather_natural,99.0,46.98282828282829,58.7,51.2394868801445,0.707680376471689,2022-02-19,5.349999904632568,1012.2999877929688,9.399999618530272,5.400000095367432,matched,E07000110,180144.0,Urban with Significant Rural (rural including hub towns 26-49%),0.297,0.32,0.095,1.0,1.0,12.101511810042911,2022,2,HARRIETSHAM 33/11KV,Maidstone
FREP-268774-G,weather_natural,94.0,11.473049645390072,14.666666666666666,50.927579327247,-0.390106657160305,2022-02-19,6.050000190734863,1013.0,7.800000190734863,6.300000190734863,matched,E07000227,148784.0,Largely Rural (rural including hub towns 50-79%) ,0.124,0.03,0.056,1.0,0.0,11.910250868717979,2022,2,ASHINGTON 33/11KV,Horsham
FREP-268776-G,weather_natural,40.0,16.145833333333332,112.36666666666666,50.9326754669225,-0.173555041823775,2022-02-19,5.900000095367432,1013.0,8.5,7.799999713897705,matched,E07000228,155159.0,Urban with City and Town,0.155,0.02,0.053,1.0,1.0,11.952205676573094,2022,2,HURSTPIERPOINT 33/11KV,Mid Sussex
FREP-268833-G,weather_natural,403.0,0.05,0.05,51.1594569320356,-0.319453087918898,2022-02-19,5.599999904632568,1012.2999877929688,9.0,5.099999904632568,matched,E07000210,87931.0,Urban with Significant Rural (rural including hub towns 26-49%),0.215,0.11,0.054,1.0,1.0,11.384307694991195,2022,2,CAPEL 33/11KV,Mole Valley
FREP-268553-G,weather_natural,242.0,9.679752066115702,50.35,51.2928903833102,-0.333260058692519,2022-02-19,8.149999618530273,1005.5999755859376,20.700000762939453,3.6999998092651367,matched,E07000210,87931.0,Urban with Significant Rural (rural including hub towns 26-49%),0.215,0.11,0.054,1.0,1.0,11.384307694991195,2022,2,LEATHERHEAD TOWN 33/11KV,Mole Valley
FREP-268594-G,weather_natural,486.0,11.304663923182442,116.3,50.8796073879873,0.241262929591364,2022-02-19,8.399999618530273,1007.2000122070312,24.299999237060547,4.5,matched,E07000065,163091.0,Mainly Rural (rural including hub towns >=80%) ,0.237,0.29,0.073,1.0,0.0,12.002063606215954,2022,2,HORSEBRIDGE 33/11KV,Wealden
FREP-268612-G,weather_natural,4.0,106.12083333333334,122.53333333333332,50.8585502066372,0.24514120744472,2022-02-20,10.449999809265137,1004.0,21.100000381469727,1.8000000715255735,matched,E07000065,163091.0,Mainly Rural (rural including hub towns >=80%) ,0.237,0.29,0.073,2.0,0.0,12.002063606215954,2022,2,HAILSHAM 33/11KV,Wealden
FREP-268787-G,technical_asset,225.0,1.656074074074074,131.95,51.3601204734541,0.445798656677721,2022-02-20,9.25,1008.7999877929688,14.600000381469728,4.599999904632568,matched,E06000035,282750.0,Urban with City and Town,0.3849999999999999,0.39,0.134,2.0,1.0,12.552318393978366,2022,2,HALLING 33/11KV,Medway
FREP-268693-G,weather_natural,615.0,3.44273631840796,43.083333333333336,51.042850235191,0.105517043614052,2022-02-21,4.650000095367432,1004.4000244140624,17.600000381469727,3.700000286102295,matched,E07000065,163091.0,Mainly Rural (rural including hub towns >=80%) ,0.237,0.29,0.073,3.0,0.0,12.002063606215954,2022,2,D.W.S. 33/6.6KV,Wealden
FREP-268852-G,weather_natural,190.0,23.06052631578948,27.016666666666666,50.9313871058919,0.245345444264426,2022-02-19,6.75,1008.7000122070312,22.5,2.299999952316284,matched,E07000065,163091.0,Mainly Rural (rural including hub towns >=80%) ,0.237,0.29,0.073,1.0,0.0,12.002063606215954,2022,2,HORAM 33/11KV,Wealden
FREP-268810-G,technical_asset,1.0,9.216666666666669,9.216666666666669,51.1693386780882,0.613768125016,2022-02-20,9.399999618530272,1008.2999877929688,16.100000381469727,5.400000095367432,matched,E07000110,180144.0,Urban with Significant Rural (rural including hub towns 26-49%),0.297,0.32,0.095,2.0,1.0,12.101511810042911,2022,2,HEADCORN 33/6.6KV,Maidstone
FREP-268894-G,weather_natural,305.0,2.342131147540984,70.0,51.4000052080832,0.499542171550107,2022-02-20,11.350000381469728,1005.9000244140624,18.700000762939453,4.0,matched,E06000035,282750.0,Urban with City and Town,0.3849999999999999,0.39,0.134,2.0,1.0,12.552318393978366,2022,2,STROOD 132/11KV,Medway
FREP-269116-G,weather_natural,28.0,94.20357142857142,137.23333333333332,50.9867631245393,0.609152845255805,2022-02-19,8.649999618530273,1013.2000122070312,14.5,0.0,matched,E07000064,94323.0,Largely Rural (rural including hub towns 50-79%) ,0.35,0.37,0.113,1.0,0.0,11.45448034132121,2022,2,NORTHIAM 33/11KV,Rother
FREP-268931-G,weather_natural,16.0,95.24375,96.65,51.3031628419803,0.335796293006111,2022-02-20,11.0,1002.9000244140624,16.899999618530273,1.900000095367432,matched,E07000115,133655.0,Urban with Significant Rural (rural including hub towns 26-49%),0.231,0.17,0.08,2.0,1.0,11.803017132015809,2022,2,WROTHAM HEATH 33/11KV,Tonbridge and Malling
FREP-269014-G,weather_natural,726.0,0.5524334251606979,4.033333333333333,51.3540076168943,1.09524392810905,2022-02-20,11.434500694274902,1004.4000244140624,19.799999237060547,6.199999809265137,matched,E07000106,158723.0,Urban with City and Town,0.248,0.17,0.1,2.0,1.0,11.974915823549752,2022,2,HERNE BAY 33/11KV,Canterbury
FREP-268947-G,weather_natural,562.0,4.553282422293676,30.316666666666663,51.0666275092411,0.322967186539106,2022-02-20,8.199999809265137,998.4000244140624,25.100000381469727,2.900000095367432,matched,E07000065,163091.0,Mainly Rural (rural including hub towns >=80%) ,0.237,0.29,0.073,2.0,0.0,12.002063606215954,2022,2,WADHURST 33/6.6KV,Wealden
FREP-269040-G,technical_asset,1.0,130.01666666666668,130.01666666666668,51.1300322898903,-0.0147947832634629,2022-02-20,10.899999618530272,1004.2000122070312,20.89999961853028,2.299999713897705,matched,E07000228,155159.0,Urban with City and Town,0.155,0.02,0.053,2.0,1.0,11.952205676573094,2022,2,EAST GRINSTEAD 33/11KV,Mid Sussex
FREP-269018-G,weather_natural,152.0,2.2333333333333334,2.2333333333333334,51.3417317938227,0.753122613860262,2022-02-20,10.850000381469728,1004.7999877929688,21.5,3.900000095367432,matched,E07000113,154508.0,Largely Rural (rural including hub towns 50-79%) ,0.407,0.43,0.149,2.0,0.0,11.948001153914678,2022,2,SITTINGBOURNE TOWN 33/11KV,Swale
FREP-269167-G,weather_natural,1.0,26.8,26.8,51.2282942287575,1.34369028190535,2022-02-20,10.300000190734863,998.7000122070312,23.89999961853028,0.800000011920929,matched,E07000108,117445.0,Urban with Significant Rural (rural including hub towns 26-49%),0.376,0.3,0.134,2.0,1.0,11.673725417873936,2022,2,BETTESHANGER LOCAL 33/11KV,Dover
FREP-269028-G,weather_natural,87.0,40.31551724137931,146.28333333333333,51.095059176549,0.533218964088187,2022-02-22,5.75,1023.9000244140624,6.900000095367432,0.1000000014901161,matched,E07000116,116263.0,Urban with Significant Rural (rural including hub towns 26-49%),0.213,0.19,0.073,4.0,1.0,11.663610145154312,2022,2,CRANBROOK 33/11KV,Tunbridge Wells
FREP-269117-G,weather_natural,1.0,99.73333333333332,99.73333333333332,51.3178958672932,0.0324546277819278,2022-02-19,2.549999952316284,1013.2999877929688,10.899999618530272,0.8999999761581421,matched,E09000006,329930.0,Urban with Major Conurbation,0.291,0.5,0.091,1.0,1.0,12.706635789729656,2022,2,BIGGIN HILL 33/11KV,Bromley
FREP-269240-G,weather_natural,63.0,9.525661375661375,93.81666666666666,51.0978275575817,0.0359286158350521,2022-02-20,8.050000190734863,999.0,25.299999237060547,2.299999952316284,matched,E07000065,163091.0,Mainly Rural (rural including hub towns >=80%) ,0.237,0.29,0.073,2.0,0.0,12.002063606215954,2022,2,FOREST ROW 33/11KV,Wealden
FREP-269244-G,weather_natural,543.0,7.262891344383057,92.0,51.1300322898903,-0.0147947832634629,2022-02-20,10.350000381469728,997.0,26.5,2.0,matched,E07000228,155159.0,Urban with City and Town,0.155,0.02,0.053,2.0,1.0,11.952205676573094,2022,2,EAST GRINSTEAD 33/11KV,Mid Sussex
FREP-269467-G,weather_natural,12.0,73.33333333333333,73.33333333333333,50.9313871058919,0.245345444264426,2022-02-22,12.800000190734863,1016.2999877929688,12.899999618530272,0.3000000119209289,matched,E07000065,163091.0,Mainly Rural (rural including hub towns >=80%) ,0.237,0.29,0.073,4.0,0.0,12.002063606215954,2022,2,HORAM 33/11KV,Wealden
FREP-269274-G,technical_asset,31.0,0.9166666666666666,0.9166666666666666,51.2870280496174,0.186381498500364,2022-02-21,9.75,1008.7000122070312,22.39999961853028,4.0,matched,E07000111,121194.0,Largely Rural (rural including hub towns 50-79%) ,0.249,0.33,0.075,3.0,0.0,11.705147846441445,2022,2,NORTH SEVENOAKS 33/11KV,Sevenoaks
FREP-269298-G,weather_natural,1.0,18.03333333333333,18.03333333333333,50.9885312327246,0.127267371740544,2022-02-20,6.699999809265137,1001.2000122070312,19.0,3.799999952316284,matched,E07000065,163091.0,Mainly Rural (rural including hub towns >=80%) ,0.237,0.29,0.073,2.0,0.0,12.002063606215954,2022,2,BUXTED 33/11KV,Wealden
FREP-269412-G,weather_natural,23.0,45.7695652173913,74.43333333333334,51.0665196510291,0.18495133236248,2022-02-22,11.600000381469728,1015.4000244140624,17.0,0.1000000014901161,matched,E07000065,163091.0,Mainly Rural (rural including hub towns >=80%) ,0.237,0.29,0.073,4.0,0.0,12.002063606215954,2022,2,STEEL CROSS 33/6.6KV,Wealden
FREP-269545-G,weather_natural,895.0,2.6536499068901303,122.63333333333334,51.1392911456003,0.269643631032257,2022-02-21,10.399999618530272,1008.7999877929688,21.39999961853028,2.900000095367432,matched,E07000116,116263.0,Urban with Significant Rural (rural including hub towns 26-49%),0.213,0.19,0.073,3.0,1.0,11.663610145154312,2022,2,TUNBRIDGE WELLS TOWN 132/6.6kV,Tunbridge Wells
FREP-269293-G,weather_natural,9551.0,1.921903465605696,11.016666666666667,50.9700428194242,0.0948016972566031,2022-02-20,6.699999809265137,1001.2000122070312,19.0,3.799999952316284,matched,E07000065,163091.0,Mainly Rural (rural including hub towns >=80%) ,0.237,0.29,0.073,2.0,0.0,12.002063606215954,2022,2,UCKFIELD 33/11KV,Wealden
FREP-269462-G,weather_natural,921.0,0.0666666666666666,0.0666666666666666,50.9700428194242,0.0948016972566031,2022-02-21,7.599999904632568,1005.0999755859376,15.800000190734863,3.700000047683716,matched,E07000065,163091.0,Mainly Rural (rural including hub towns >=80%) ,0.237,0.29,0.073,3.0,0.0,12.002063606215954,2022,2,UCKFIELD 33/11KV,Wealden
FREP-269320-G,weather_natural,64.0,65.06041666666667,66.96666666666667,50.8664387592286,0.141260104115769,2022-02-20,10.300000190734863,997.2999877929688,25.299999237060547,3.8999996185302734,matched,E07000065,163091.0,Mainly Rural (rural including hub towns >=80%) ,0.237,0.29,0.073,2.0,0.0,12.002063606215954,2022,2,RIPE 33/11KV,Wealden
FREP-269328-G,technical_asset,411.0,2.959124087591241,3.0166666666666666,50.8396838818792,-0.283101798592647,2022-02-21,5.214499950408936,1006.5,17.5,3.400000095367432,matched,E07000223,64760.0,Urban with City and Town,0.217,0.17,0.108,3.0,1.0,11.078443407791571,2022,2,NORTH SHOREHAM 33/11 KV,Adur
FREP-269366-G,weather_natural,7.0,80.86666666666666,80.86666666666666,51.1448264315983,0.273589695249059,2022-02-21,4.150000095367432,1003.5999755859376,18.299999237060547,2.900000095367432,matched,E07000116,116263.0,Urban with Significant Rural (rural including hub towns 26-49%),0.213,0.19,0.073,3.0,1.0,11.663610145154312,2022,2,TUNBRIDGE WELLS GRID 132/11,Tunbridge Wells
FREP-269678-G,weather_natural,14.0,26.089285714285715,93.11666666666666,51.1081876089666,1.04230379821497,2022-02-21,9.75,1009.5999755859376,20.5,3.0999999046325684,matched,E07000112,110372.0,Urban with Significant Rural (rural including hub towns 26-49%),0.3339999999999999,0.43,0.145,3.0,1.0,11.611611757468927,2022,2,STANFORD 33/11KV,Folkestone and Hythe
FREP-269659-G,weather_natural,57.0,6.227777777777778,7.75,51.1814205692287,-0.160092441617516,2022-02-21,9.899999618530272,1012.5,19.89999961853028,2.400000095367432,matched,E07000211,153828.0,Urban with City and Town,0.217,0.22,0.067,3.0,1.0,11.943590374100134,2022,2,HORLEY 33/11KV,Reigate and Banstead
FREP-269825-G,weather_natural,1.0,165.33333333333334,165.33333333333334,50.9700428194242,0.0948016972566031,2022-02-21,8.050000190734863,1018.4000244140624,11.899999618530272,0.800000011920929,matched,E07000065,163091.0,Mainly Rural (rural including hub towns >=80%) ,0.237,0.29,0.073,3.0,0.0,12.002063606215954,2022,2,UCKFIELD 33/11KV,Wealden
FREP-269862-G,weather_natural,4416.0,0.2449125005802349,0.8666666666666667,50.9700428194242,0.0948016972566031,2022-02-21,5.699999809265137,1022.0,7.800000190734863,0.0,matched,E07000065,163091.0,Mainly Rural (rural including hub towns >=80%) ,0.237,0.29,0.073,3.0,0.0,12.002063606215954,2022,2,UCKFIELD 33/11KV,Wealden
FREP-269720-G,weather_natural,55.0,21.316666666666663,25.45,51.1794719381613,0.77849901750368,2022-02-21,8.949999809265137,1012.7000122070312,16.399999618530273,2.700000047683716,matched,E07000105,135818.0,Urban with Significant Rural (rural including hub towns 26-49%),0.291,0.34,0.11,3.0,1.0,11.819071033187548,2022,2,LITTLE CHART 33/6.6KV,Ashford
FREP-269751-G,weather_natural,29.0,27.95689655172414,94.25,50.9490589725163,0.453212451572045,2022-02-21,6.75,1021.0999755859376,9.699999809265137,0.1000000014901161,matched,E07000064,94323.0,Largely Rural (rural including hub towns 50-79%) ,0.35,0.37,0.113,3.0,0.0,11.45448034132121,2022,2,MOUNTFIELD 33/11KV,Rother
FREP-269632-G,weather_natural,5663.0,0.4436355555555556,117.26666666666668,50.8931649578315,-0.313200842296704,2022-02-21,11.0,1011.7999877929688,23.299999237060547,2.900000095367432,matched,E07000227,148784.0,Largely Rural (rural including hub towns 50-79%) ,0.124,0.03,0.056,3.0,0.0,11.910250868717979,2022,2,STEYNING 33/11KV,Horsham
FREP-269662-G,technical_asset,7.0,12.1,12.1,51.2057334310305,0.294154763484111,2022-02-21,10.199999809265137,1008.5999755859376,22.100000381469727,3.0999999046325684,matched,E07000115,133655.0,Urban with Significant Rural (rural including hub towns 26-49%),0.231,0.17,0.08,3.0,1.0,11.803017132015809,2022,2,TONBRIDGE EAST 33/6.6KV,Tonbridge and Malling
FREP-269681-G,weather_natural,0.0,,0.1666666666666666,51.2401912796508,-0.185570410597924,2022-02-21,9.699999809265137,1011.0,20.600000381469727,2.6000001430511475,matched,E07000211,153828.0,Urban with City and Town,0.217,0.22,0.067,3.0,1.0,11.943590374100134,2022,2,REIGATE 33/11KV,Reigate and Banstead
FREP-269686-G,weather_natural,0.0,,91.53333333333332,51.2519277517553,0.54987351370232,2022-02-21,9.350000381469728,1009.9000244140624,20.89999961853028,4.0,matched,E07000110,180144.0,Urban with Significant Rural (rural including hub towns 26-49%),0.297,0.32,0.095,3.0,1.0,12.101511810042911,2022,2,SHEPWAY 33/11KV,Maidstone
FREP-269769-G,weather_natural,1.0,90.28333333333332,90.28333333333332,51.095059176549,0.533218964088187,2022-02-21,9.449999809265137,1014.5999755859376,16.700000762939453,2.700000047683716,matched,E07000116,116263.0,Urban with Significant Rural (rural including hub towns 26-49%),0.213,0.19,0.073,3.0,1.0,11.663610145154312,2022,2,CRANBROOK 33/11KV,Tunbridge Wells
FREP-269884-G,weather_natural,7.0,52.06666666666666,81.06666666666666,51.1594569320356,-0.319453087918898,2022-02-20,9.550000190734863,1008.2999877929688,16.600000381469727,5.199999809265137,matched,E07000210,87931.0,Urban with Significant Rural (rural including hub towns 26-49%),0.215,0.11,0.054,2.0,1.0,11.384307694991195,2022,2,CAPEL 33/11KV,Mole Valley
FREP-269906-G,technical_asset,149.0,1.6930648769574943,17.933333333333334,51.4071556069463,-0.103006904141707,2022-02-22,4.800000190734863,1024.5,7.0,0.5,matched,E09000008,393547.0,Urban with Major Conurbation,0.4009999999999999,0.49,0.136,4.0,1.0,12.882955780621963,2022,2,BENSHAM GROVE 33/6.6KV,Croydon
FREP-269911-G,weather_natural,3.0,43.6,56.56666666666667,51.1774454877242,0.392619520989536,2022-02-22,9.0,1017.0999755859376,9.399999618530272,1.4000000953674316,matched,E07000116,116263.0,Urban with Significant Rural (rural including hub towns 26-49%),0.213,0.19,0.073,4.0,1.0,11.663610145154312,2022,2,PADDOCK WOOD 33/11KV,Tunbridge Wells
FREP-269980-G,weather_natural,674.0,0.8706560283687944,7.333333333333333,51.1774454877242,0.392619520989536,2022-02-22,11.100000381469728,1016.2999877929688,11.300000190734863,1.4000000953674316,matched,E07000116,116263.0,Urban with Significant Rural (rural including hub towns 26-49%),0.213,0.19,0.073,4.0,1.0,11.663610145154312,2022,2,PADDOCK WOOD 33/11KV,Tunbridge Wells
FREP-269926-G,technical_asset,9.0,51.67222222222222,52.11666666666667,51.2249983605574,0.111642618744927,2022-02-22,8.850000381469727,1017.0999755859376,9.5,0.800000011920929,matched,E07000111,121194.0,Largely Rural (rural including hub towns 50-79%) ,0.249,0.33,0.075,4.0,0.0,11.705147846441445,2022,2,FOUR ELMS 33/11KV,Sevenoaks
FREP-269964-G,weather_natural,110.0,12.746632124352333,28.933333333333334,51.3178958672932,0.0324546277819278,2022-02-22,10.350000381469728,1016.2999877929688,13.0,1.2999999523162842,matched,E09000006,329930.0,Urban with Major Conurbation,0.291,0.5,0.091,4.0,1.0,12.706635789729656,2022,2,BIGGIN HILL 33/11KV,Bromley
FREP-270071-G,weather_natural,1416.0,3.7380061205273054,53.21666666666667,50.9313871058919,0.245345444264426,2022-02-22,11.300000190734863,1016.0999755859376,15.699999809265137,0.3000000119209289,matched,E07000065,163091.0,Mainly Rural (rural including hub towns >=80%) ,0.237,0.29,0.073,4.0,0.0,12.002063606215954,2022,2,HORAM 33/11KV,Wealden
FREP-270153-G,technical_asset,10.0,2.1100000000000003,10.133333333333333,51.3396754394767,-0.50703539580967,2022-02-22,12.75,1016.0999755859376,14.600000381469728,0.2000000029802322,matched,E07000217,104432.0,Urban with Major Conurbation,0.22,0.11,0.067,4.0,1.0,11.556291420874999,2022,2,BYFLEET 132/11KV,Woking
FREP-269918-G,weather_natural,679.0,45.68804614629357,92.66666666666669,51.3660454355275,0.7537622694201,2022-02-20,10.649999618530272,994.7999877929688,23.600000381469727,1.0,matched,E07000113,154508.0,Largely Rural (rural including hub towns 50-79%) ,0.407,0.43,0.149,2.0,0.0,11.948001153914678,2022,2,GROVEHURST LOCAL,Swale
FREP-269967-G,weather_natural,282.0,1.9734265734265728,56.88333333333333,51.0002103715972,-0.104972784313039,2022-02-22,11.149999618530272,1017.4000244140624,11.699999809265137,0.0,matched,E07000228,155159.0,Urban with City and Town,0.155,0.02,0.053,4.0,1.0,11.952205676573094,2022,2,HAYWARDS HEATH 33/11KV,Mid Sussex
FREP-270009-G,weather_natural,3017.0,0.8198707325157442,14.6,51.2849764326037,1.08527611524698,2022-02-22,11.850000381469728,1015.5999755859376,13.300000190734863,0.5,matched,E07000106,158723.0,Urban with City and Town,0.248,0.17,0.1,4.0,1.0,11.974915823549752,2022,2,CANTERBURY TOWN 33/11KV,Canterbury
FREP-270270-G,weather_natural,1.0,0.2166666666666666,0.2166666666666666,51.2849764326037,1.08527611524698,2022-02-22,5.599999904632568,1023.9000244140624,7.0,0.3000000119209289,matched,E07000106,158723.0,Urban with City and Town,0.248,0.17,0.1,4.0,1.0,11.974915823549752,2022,2,CANTERBURY TOWN 33/11KV,Canterbury
FREP-270104-G,technical_asset,1.0,21.866666666666667,21.866666666666667,51.2726415464543,-0.402462533824124,2022-02-22,12.350000381469728,1015.5999755859376,18.5,0.7000000476837158,matched,E07000209,146232.0,Urban with City and Town,0.215,0.17,0.057,4.0,1.0,11.89294968059644,2022,2,EFFINGHAM 33/11KV,Guildford
FREP-270129-G,weather_natural,482.0,1.112171507607192,1.7666666666666666,50.8538211666084,-0.155780247437696,2022-02-22,12.449999809265137,1016.2999877929688,14.100000381469728,0.0,matched,E06000043,278000.0,Urban with City and Town,0.3819999999999999,0.33,0.123,4.0,1.0,12.535376392672774,2022,2,WITHDEAN 33/11KV,Brighton and Hove
FREP-270161-G,technical_asset,923.0,1.3097869266883353,2.5,50.8825583538958,0.0210708356247149,2022-02-22,13.0,1016.4000244140624,13.899999618530272,0.1000000014901161,matched,E07000063,100693.0,Urban with Significant Rural (rural including hub towns 26-49%),0.225,0.36,0.099,4.0,1.0,11.519831562884328,2022,2,LEWES TOWN 33/11KV,Lewes
FREP-270223-G,weather_natural,69.0,0.5666666666666667,0.5666666666666667,50.9885312327246,0.127267371740544,2022-02-21,5.699999809265137,1022.0,7.800000190734863,0.0,matched,E07000065,163091.0,Mainly Rural (rural including hub towns >=80%) ,0.237,0.29,0.073,3.0,0.0,12.002063606215954,2022,2,BUXTED 33/11KV,Wealden
FREP-270224-G,weather_natural,45.0,4.053333333333334,4.933333333333334,51.042850235191,0.105517043614052,2022-02-22,12.5,1016.2000122070312,14.399999618530272,0.1000000014901161,matched,E07000065,163091.0,Mainly Rural (rural including hub towns >=80%) ,0.237,0.29,0.073,4.0,0.0,12.002063606215954,2022,2,D.W.S. 33/6.6KV,Wealden
FREP-286787-Z,weather_natural,4.0,4.358333333333333,4.483333333333333,51.7591797837155,-0.743603919196674,2022-02-22,11.800000190734863,1013.5999755859376,19.700000762939453,0.8000000715255737,matched,E06000060,561180.0,Urban with Significant Rural (rural including hub towns 26-49%),0.1874999999999999,0.3,0.06325,4.0,1.0,13.237796988656651,2022,2,WENDOVER PRIMARY,Buckinghamshire
FREP-287086-Z,weather_natural,2.0,0.0666666666666666,0.0666666666666666,51.8146748246106,-0.026573159431733,2022-02-22,6.300000190734863,1021.5,6.699999809265137,0.3000000119209289,matched,E07000242,151828.0,Urban with Significant Rural (rural including hub towns 26-49%),0.1669999999999999,0.04,0.06,4.0,1.0,11.930503580162194,2022,2,WARE PRIMARY,East Hertfordshire
FREP-287138-Z,weather_natural,194.0,18.568831168831167,255.3,51.8720375539987,0.261103751488548,2022-02-19,4.25,1009.2999877929688,15.899999618530272,4.399999618530273,matched,E07000077,92650.0,Mainly Rural (rural including hub towns >=80%) ,0.113,0.06,0.054,1.0,0.0,11.436584231713505,2022,2,TAKELEY PRIMARY,Uttlesford
FREP-287174-Z,weather_natural,2.0,77.48333333333333,77.48333333333333,52.3142687145817,1.34785332282829,2022-02-19,6.449999809265137,1002.2000122070312,18.799999237060547,5.300000190734863,matched,E07000203,105725.0,Mainly Rural (rural including hub towns >=80%) ,0.244,0.01,0.071,1.0,0.0,11.56859666234069,2022,2,LAXFIELD PRIMARY,Mid Suffolk
FREP-287218-Z,weather_natural,386.0,5.271632124352332,9.1,52.7091005078878,0.777313163293541,2022-02-19,5.599999904632568,1000.7999877929688,14.0,6.199999809265137,matched,E07000143,143422.0,Mainly Rural (rural including hub towns >=80%) ,0.207,0.18,0.1,1.0,0.0,11.873546612395812,2022,2,KEMPSTONE PRIMARY,Breckland
FREP-287474-Z,weather_natural,1.0,69.86666666666666,69.86666666666666,52.2190386495945,1.18487320586978,2022-02-19,7.349999904632568,1003.0999755859376,16.799999237060547,5.900000095367432,matched,E07000203,105725.0,Mainly Rural (rural including hub towns >=80%) ,0.244,0.01,0.071,1.0,0.0,11.56859666234069,2022,2,DEBENHAM PRIMARY,Mid Suffolk
FREP-287366-Z,weather_natural,1000.0,9.279616666666668,29.866666666666667,51.6895100401282,0.869267089431415,2022-02-19,4.349999904632568,1012.2000122070312,10.699999809265137,0.3000000119209289,matched,E07000074,67624.0,Mainly Rural (rural including hub towns >=80%) ,0.185,0.05,0.086,1.0,0.0,11.121718228608763,2022,2,TILLINGHAM PRIMARY,Maldon
FREP-287731-Z,weather_natural,1.0,1.7666666666666666,1.7666666666666666,52.3726957140022,1.10555613465987,2022-02-21,8.5,998.0999755859376,21.89999961853028,9.199999809265137,matched,E07000149,144641.0,Mainly Rural (rural including hub towns >=80%) ,0.15,0.05,0.078,3.0,0.0,11.882010089318918,2022,2,DISS GRID,South Norfolk
FREP-287672-Z,weather_natural,934.0,8.35028551034975,64.73333333333333,52.3314198178231,1.00107662336146,2022-02-19,2.799999952316284,1008.4000244140624,16.0,2.6999998092651367,matched,E07000203,105725.0,Mainly Rural (rural including hub towns >=80%) ,0.244,0.01,0.071,1.0,0.0,11.56859666234069,2022,2,RICKINGHALL PRIMARY,Mid Suffolk
FREP-287696-Z,weather_natural,293.0,15.34613196814562,41.7,52.1097479270073,1.09671905265498,2022-02-19,3.700000047683716,1005.4000244140624,16.399999618530273,2.900000095367432,matched,E07000203,105725.0,Mainly Rural (rural including hub towns >=80%) ,0.244,0.01,0.071,1.0,0.0,11.56859666234069,2022,2,CLAYDON CEMENT PRIMARY,Mid Suffolk
FREP-287664-Z,weather_natural,871.0,16.63217934165721,38.5,52.5210806354643,1.21151309264698,2022-02-19,3.200000047683716,1006.4000244140624,16.299999237060547,3.299999952316284,matched,E07000149,144641.0,Mainly Rural (rural including hub towns >=80%) ,0.15,0.05,0.078,1.0,0.0,11.882010089318918,2022,2,HAPTON PRIMARY,South Norfolk
FREP-287745-Z,weather_natural,1025.0,0.6177492267428027,9.85,51.8007818628552,-0.0726492636108153,2022-02-19,2.5,1011.7999877929688,10.899999618530272,2.5999999046325684,matched,E07000242,151828.0,Urban with Significant Rural (rural including hub towns 26-49%),0.1669999999999999,0.04,0.06,1.0,1.0,11.930503580162194,2022,2,EAST HERTFORD PRIMARY,East Hertfordshire
FREP-288005-Z,weather_natural,46.0,48.573188405797104,80.91666666666667,52.3314198178231,1.00107662336146,2022-02-19,6.599999904632568,1010.2999877929688,12.5,0.5,matched,E07000203,105725.0,Mainly Rural (rural including hub towns >=80%) ,0.244,0.01,0.071,1.0,0.0,11.56859666234069,2022,2,RICKINGHALL PRIMARY,Mid Suffolk
FREP-287756-Z,weather_natural,26.0,82.19615384615385,82.35,51.9373446584528,1.02343554475614,2022-02-19,2.8499999046325684,1011.0,13.199999809265137,0.8000000715255737,matched,E07000076,151530.0,Largely Rural (rural including hub towns 50-79%) ,0.5249999999999999,0.49,0.173,1.0,0.0,11.928538904130209,2022,2,FOXASH PRIMARY,Tendring
FREP-287859-Z,weather_natural,3.0,1.2333333333333334,1.2333333333333334,52.1264114767571,-0.281052735846842,2022-02-21,9.800000190734863,1013.0,17.799999237060547,5.400000095367432,matched,E06000056,301829.0,Largely Rural (rural including hub towns 50-79%) ,0.248,0.23,0.077,3.0,0.0,12.617615910825437,2022,2,SANDY PRIMARY,Central Bedfordshire
FREP-287807-Z,technical_asset,322.0,1.3827639751552796,1.5666666666666669,52.4381350996624,-0.104318851814372,2022-02-19,2.5999999046325684,1010.0,9.899999618530272,1.900000095367432,matched,E07000011,184117.0,Mainly Rural (rural including hub towns >=80%) ,0.207,0.3,0.074,1.0,0.0,12.123326704076948,2022,2,BURY PRIMARY,Huntingdonshire
FREP-287848-Z,technical_asset,1116.0,1.299716248506571,3.25,51.6174886002318,-0.132557372277901,2022-02-19,4.349999904632568,1012.2000122070312,11.0,0.4000000059604645,matched,E09000010,326867.0,Urban with Major Conurbation,0.3209999999999999,0.66,0.171,1.0,1.0,12.697308639314446,2022,2,ARNOS GV,Enfield
FREP-287866-Z,technical_asset,2.0,4.4,4.4,51.6969245927576,0.255430767380644,2022-02-19,5.349999904632568,1011.7999877929688,11.300000190734863,0.5,matched,E07000072,134889.0,Urban with Significant Rural (rural including hub towns 26-49%),0.224,0.14,0.091,1.0,1.0,11.81220749698825,2022,2,ONGAR PRIMARY,Epping Forest
FREP-288032-Z,weather_natural,50.0,6.942666666666667,9.3,51.6711764097376,-0.381206747132048,2022-02-19,5.599999904632568,1008.2000122070312,11.600000381469728,0.5,matched,E07000103,103038.0,Urban with Major Conurbation,0.2189999999999999,0.14,0.092,1.0,1.0,11.542853131211917,2022,2,BUSHEY MILL GRID,Watford
FREP-267048-G,weather_natural,1373.0,6.4051297648012975,53.833333333333336,50.9326754669225,-0.173555041823775,2022-02-19,7.0,1012.2000122070312,12.899999618530272,7.799999713897705,matched,E07000228,155159.0,Urban with City and Town,0.155,0.02,0.053,1.0,1.0,11.952205676573094,2022,2,HURSTPIERPOINT 33/11KV,Mid Sussex
FREP-267064-G,weather_natural,2055.0,10.68697575189926,83.08333333333333,51.0918308945304,-0.0756676219650012,2022-02-19,7.550000190734863,1011.2000122070312,16.299999237060547,0.5,matched,E07000228,155159.0,Urban with City and Town,0.155,0.02,0.053,1.0,1.0,11.952205676573094,2022,2,WEST HOATHLY 33/11KV,Mid Sussex
FREP-267088-G,weather_natural,375.0,10.128662873399715,101.45,50.9836035710203,0.296735092609588,2022-02-19,8.050000190734863,1006.9000244140624,24.700000762939453,3.899999856948853,matched,E07000065,163091.0,Mainly Rural (rural including hub towns >=80%) ,0.237,0.29,0.073,1.0,0.0,12.002063606215954,2022,2,BROAD OAK 33/11KV,Wealden
FREP-267168-G,weather_natural,1427.0,8.591560121765601,81.15,51.1774454877242,0.392619520989536,2022-02-20,10.050000190734863,996.0,22.5,1.4000000953674316,matched,E07000116,116263.0,Urban with Significant Rural (rural including hub towns 26-49%),0.213,0.19,0.073,2.0,1.0,11.663610145154312,2022,2,PADDOCK WOOD 33/11KV,Tunbridge Wells
FREP-267152-G,weather_natural,1196.0,7.150444264943457,107.26666666666668,51.0729133018242,1.09287207346923,2022-02-19,8.010499954223633,1013.0999755859376,15.800000190734863,0.1000000014901161,matched,E07000112,110372.0,Urban with Significant Rural (rural including hub towns 26-49%),0.3339999999999999,0.43,0.145,1.0,1.0,11.611611757468927,2022,2,HYTHE MAIN 33/11KV,Folkestone and Hythe
FREP-285532-J,technical_asset,23.0,2.0,2.0,51.5687137747035,0.0842568054883287,2022-02-21,7.0,1000.5999755859376,20.39999961853028,3.8000001907348633,matched,E09000026,311629.0,Urban with Major Conurbation,0.2739999999999999,0.41,0.121,3.0,1.0,12.649568656684114,2022,2,LEY ST B,Redbridge
FREP-285368-J,technical_asset,20.0,2.744,8.033333333333333,51.581977946454,-0.0217178020047047,2022-02-19,6.449999809265137,1006.7000122070312,19.89999961853028,3.900000095367432,matched,E09000031,275847.0,Urban with Major Conurbation,0.3,0.18,0.152,1.0,1.0,12.527601643165637,2022,2,EXETER RD,Waltham Forest
FREP-285370-J,technical_asset,0.0,,1.0,51.522385880359,-0.079727620236909,2022-02-19,3.3499999046325684,1012.5999755859376,8.800000190734863,0.5,matched,E09000012,261814.0,Urban with Major Conurbation,0.343,0.23,0.196,1.0,1.0,12.47538960696398,2022,2,HEARN ST,Hackney
FREP-285440-J,technical_asset,3.0,2.077777777777778,2.716666666666667,51.5148662963338,-0.119577710966124,2022-02-20,6.650000095367432,1011.0,6.5,5.199999809265137,matched,E09000007,217352.0,Urban with Major Conurbation,0.283,0.35,0.141,2.0,1.0,12.289273438122935,2022,2,KINGSWAY 11KV,Camden
FREP-285528-J,technical_asset,11.0,3.246875,8.95,51.5206108538184,-0.0932942255792156,2022-02-21,7.550000190734863,1002.2999877929688,19.5,2.900000095367432,matched,E09000001,11615.0,Urban with Major Conurbation,0.204,-0.15,0.065,3.0,1.0,9.36005264520451,2022,2,BEECH ST B,City of London
FREP-285608-J,technical_asset,25.0,1.256,21.133333333333333,51.4375786403443,-0.157745633979461,2022-02-21,9.949999809265137,1012.4000244140624,20.100000381469727,2.3999998569488525,matched,E09000032,330447.0,Urban with Major Conurbation,0.266,0.35,0.107,3.0,1.0,12.70820156232811,2022,2,TRINITY CRESCENT,Wandsworth
FREP-286220-Z,weather_natural,3.0,64.70555555555556,80.33333333333333,51.5991240914575,0.164403426828368,2022-02-20,11.5,1005.0999755859376,18.200000762939453,4.800000190734863,matched,E09000016,264786.0,Urban with Major Conurbation,0.323,0.51,0.108,2.0,1.0,12.486677231556683,2022,2,CHASE CROSS PRIMARY,Havering
FREP-9422-O,weather_natural,6.0,75.41666666666667,75.41666666666667,51.8762753945112,0.771662296345226,2022-02-19,4.150000095367432,1011.5999755859376,10.5,0.2000000029802322,matched,E07000071,194475.0,Urban with Significant Rural (rural including hub towns 26-49%),0.287,0.34,0.099,1.0,1.0,12.178058899074975,2022,2,MARKS TEY PRIMARY,Colchester
FREP-286517-Z,weather_natural,5.0,32.943333333333335,118.38333333333334,52.0622863132542,1.18245663277473,2022-02-22,12.899999618530272,1012.0,14.699999809265137,0.1000000014901161,matched,E07000202,139331.0,Urban with City and Town,0.296,0.25,0.141,4.0,1.0,11.844607676287078,2022,2,ROUNDWOOD RD PRIMARY,Ipswich
FREP-286579-Z,weather_natural,89.0,24.26636546184739,73.71666666666667,51.8090255565549,0.641891288839091,2022-02-19,8.0,1003.4000244140624,15.800000190734863,3.1999998092651367,matched,E07000067,157656.0,Largely Rural (rural including hub towns 50-79%) ,0.195,0.15,0.092,1.0,0.0,11.96817072324042,2022,2,WITHAM PRIMARY,Braintree
FREP-286597-Z,weather_natural,31.0,12.712592592592593,80.38333333333334,52.7653164863162,0.428518467436399,2022-02-19,3.361000061035156,1002.2999877929688,14.300000190734863,3.299999952316284,matched,E07000146,155665.0,Largely Rural (rural including hub towns 50-79%) ,0.301,0.29,0.12,1.0,0.0,11.955461541287493,2022,2,GAYWOOD BRIDGE PRIMARY,King's Lynn and West Norfolk
FREP-286619-Z,technical_asset,161.0,3.3325075075075072,15.466666666666669,51.5871108159934,-0.218654249431747,2022-02-19,3.25,1010.5999755859376,15.399999618530272,2.900000095367432,matched,E09000003,390371.0,Urban with Major Conurbation,0.319,0.36,0.111,1.0,1.0,12.874852847975086,2022,2,BELLEVUE PRIMARY,Barnet
FREP-77381-V,weather_natural,4.0,42.61666666666667,42.61666666666667,51.1300322898903,-0.0147947832634629,2022-02-22,5.050000190734863,1024.300048828125,6.5,0.3000000119209289,matched,E07000228,155159.0,Urban with City and Town,0.155,0.02,0.053,4.0,1.0,11.952205676573094,2022,2,EAST GRINSTEAD 33/11KV,Mid Sussex
FREP-77090-V,weather_natural,684.0,0.9445065176908752,11.616666666666667,50.796680012173,-0.0093572209228221,2022-02-20,10.511000633239746,1009.2000122070312,23.0,6.0,matched,E07000063,100693.0,Urban with Significant Rural (rural including hub towns 26-49%),0.225,0.36,0.099,2.0,1.0,11.519831562884328,2022,2,PEACEHAVEN 33/11KV,Lewes
FREP-77157-V,weather_natural,5.0,82.03333333333333,93.6,51.2153025356018,0.0536072761663476,2022-02-20,7.949999809265137,998.0999755859376,24.200000762939453,2.299999952316284,matched,E07000111,121194.0,Largely Rural (rural including hub towns 50-79%) ,0.249,0.33,0.075,2.0,0.0,11.705147846441445,2022,2,EDENBRIDGE 33/11KV,Sevenoaks
FREP-77275-V,weather_natural,1.0,86.86666666666666,86.86666666666666,50.9326754669225,-0.173555041823775,2022-02-21,8.100000381469727,1018.9000244140624,11.699999809265137,0.5,matched,E07000228,155159.0,Urban with City and Town,0.155,0.02,0.053,3.0,1.0,11.952205676573094,2022,2,HURSTPIERPOINT 33/11KV,Mid Sussex
FREP-286821-Z,weather_natural,3.0,0.6833333333333332,2.1666666666666665,52.0372622741427,0.854190839174079,2022-02-21,7.599999904632568,1015.7000122070312,12.199999809265137,0.8999999761581421,matched,E07000200,94289.0,Mainly Rural (rural including hub towns >=80%) ,0.169,0.17,0.08,3.0,0.0,11.454119812824949,2022,2,GROTON PRIMARY,Babergh
FREP-286874-Z,weather_natural,55.0,41.239035087719294,82.33333333333333,51.9566959435958,1.06354704959752,2022-02-19,6.599999904632568,1011.0999755859376,12.199999809265137,0.3000000119209289,matched,E07000200,94289.0,Mainly Rural (rural including hub towns >=80%) ,0.169,0.17,0.08,1.0,0.0,11.454119812824949,2022,2,BRANTHAM PRIMARY,Babergh
FREP-78433-V,weather_natural,673.0,31.16931592039801,117.35,51.0470823089683,0.40528412380319,2022-02-20,4.300000190734863,1004.4000244140624,17.200000762939453,4.400000095367432,matched,E07000064,94323.0,Largely Rural (rural including hub towns 50-79%) ,0.35,0.37,0.113,2.0,0.0,11.45448034132121,2022,2,TICEHURST 33/11KV,Rother
FREP-286853-Z,weather_natural,217.0,20.74293125810636,45.3,52.6012987580131,1.02250058724456,2022-02-19,6.25,1009.5,12.699999809265137,1.600000023841858,matched,E07000143,143422.0,Mainly Rural (rural including hub towns >=80%) ,0.207,0.18,0.1,1.0,0.0,11.873546612395812,2022,2,HARDINGHAM PRIMARY,Breckland
FREP-287094-Z,weather_natural,3.0,17.5,52.23333333333333,52.0372622741427,0.854190839174079,2022-02-20,11.5,995.7999877929688,19.799999237060547,0.6000000238418579,matched,E07000200,94289.0,Mainly Rural (rural including hub towns >=80%) ,0.169,0.17,0.08,2.0,0.0,11.454119812824949,2022,2,GROTON PRIMARY,Babergh
FREP-286951-Z,weather_natural,666.0,3.9255283381364072,20.266666666666666,52.5419645382551,0.236685468028231,2022-02-19,3.900000095367432,1005.2000122070312,14.100000381469728,5.5,matched,E07000146,155665.0,Largely Rural (rural including hub towns 50-79%) ,0.301,0.29,0.12,1.0,0.0,11.955461541287493,2022,2,UPWELL LAKES END PRIMARY,King's Lynn and West Norfolk
FREP-286984-Z,weather_natural,10.0,48.59666666666667,71.46666666666667,51.745123835035,0.472294515971274,2022-02-19,6.25,1004.5,18.600000381469727,3.8000001907348633,matched,E07000070,183471.0,Urban with City and Town,0.2639999999999999,0.13,0.077,1.0,1.0,12.119811895840279,2022,2,CHELMSFORD NORTH GRID,Chelmsford
FREP-287168-Z,weather_natural,5.0,1.9,1.9,51.7290355318667,-0.343475893046262,2022-02-22,11.800000190734863,1015.2000122070312,13.399999618530272,0.2000000029802322,matched,E07000240,148698.0,Urban with City and Town,0.189,0.12,0.06,4.0,1.0,11.90967268245867,2022,2,PARK ST PRIMARY,St Albans
FREP-287263-Z,weather_natural,10.0,14.108333333333334,26.916666666666668,52.3142687145817,1.34785332282829,2022-02-19,4.949999809265137,1003.2999877929688,16.600000381469727,4.799999713897705,matched,E07000203,105725.0,Mainly Rural (rural including hub towns >=80%) ,0.244,0.01,0.071,1.0,0.0,11.56859666234069,2022,2,LAXFIELD PRIMARY,Mid Suffolk
FREP-287331-Z,weather_natural,34.0,0.7333333333333333,0.7333333333333333,51.7219807863055,-0.589783826433602,2022-02-20,11.149999618530272,1000.5999755859376,17.5,1.2999999523162842,matched,E06000060,561180.0,Urban with Significant Rural (rural including hub towns 26-49%),0.1874999999999999,0.3,0.06325,2.0,1.0,13.237796988656651,2022,2,LYE GREEN PRIMARY,Buckinghamshire
FREP-287228-Z,weather_natural,1.0,60.68333333333333,60.68333333333333,52.801821205504,1.26738878654342,2022-02-20,10.25,999.7999877929688,17.600000381469727,8.399999618530273,matched,E07000144,133839.0,Urban with Significant Rural (rural including hub towns 26-49%),0.129,0.01,0.072,2.0,1.0,11.804392864024903,2022,2,AYLSHAM PRIMARY,Broadland
FREP-287286-Z,weather_natural,2.0,3.1166666666666667,3.1166666666666667,51.545796154387,0.564586889590234,2022-02-19,8.199999809265137,1007.5,16.700000762939453,6.600000381469727,matched,E07000069,89779.0,Urban with City and Town,0.3389999999999999,0.33,0.107,1.0,1.0,11.405106373935732,2022,2,SOUTH BENFLEET PRIMARY,Castle Point
FREP-287422-Z,weather_natural,2.0,67.78333333333333,116.88333333333334,52.7730936315115,1.40111818653852,2022-02-22,7.099999904632568,1018.2999877929688,12.300000190734863,0.6000000238418579,matched,E07000147,103178.0,Mainly Rural (rural including hub towns >=80%) ,0.1979999999999999,0.03,0.106,4.0,0.0,11.544210931009303,2022,2,WORSTEAD PRIMARY,North Norfolk
FREP-287580-Z,weather_natural,1.0,96.68333333333334,96.68333333333334,52.2190386495945,1.18487320586978,2022-02-19,6.5,1010.7000122070312,12.600000381469728,0.4000000059604645,matched,E07000203,105725.0,Mainly Rural (rural including hub towns >=80%) ,0.244,0.01,0.071,1.0,0.0,11.56859666234069,2022,2,DEBENHAM PRIMARY,Mid Suffolk
FREP-287591-Z,weather_natural,116.0,16.371234567901237,24.216666666666665,52.3259701771123,0.341668094818228,2022-02-19,5.650000095367432,1008.2000122070312,12.800000190734863,0.7000000476837158,matched,E07000009,89348.0,Mainly Rural (rural including hub towns >=80%) ,0.135,-0.11,0.07,1.0,0.0,11.400294136453448,2022,2,SOHAM PRIMARY,East Cambridgeshire
FREP-287733-Z,weather_natural,61.0,48.27322404371585,71.91666666666667,51.998244271095,1.11744028111822,2022-02-20,11.899999618530272,997.9000244140624,18.600000381469727,1.100000023841858,matched,E07000200,94289.0,Mainly Rural (rural including hub towns >=80%) ,0.169,0.17,0.08,2.0,0.0,11.454119812824949,2022,2,TATTINGSTONE PRIMARY,Babergh
FREP-287597-Z,weather_natural,117.0,10.237037037037036,23.08333333333333,52.0329565020693,-0.32308243547096,2022-02-19,5.0,1005.0,16.899999618530273,3.5,matched,E06000056,301829.0,Largely Rural (rural including hub towns 50-79%) ,0.248,0.23,0.077,1.0,0.0,12.617615910825437,2022,2,SHEFFORD PRIMARY,Central Bedfordshire
FREP-287598-Z,weather_natural,1.0,14.416666666666666,14.416666666666666,52.0033645953028,-0.0260054064410747,2022-02-19,2.8499999046325684,1007.2000122070312,14.5,5.199999809265137,matched,E07000099,134255.0,Urban with Significant Rural (rural including hub towns 26-49%),0.211,0.18,0.079,1.0,1.0,11.80749625562543,2022,2,REED PRIMARY,North Hertfordshire
FREP-287604-Z,weather_natural,6.0,17.405555555555555,49.21666666666667,52.2421042620797,0.9118303740073,2022-02-20,11.399999618530272,996.7000122070312,18.89999961853028,1.100000023841858,matched,E07000203,105725.0,Mainly Rural (rural including hub towns >=80%) ,0.244,0.01,0.071,2.0,0.0,11.56859666234069,2022,2,ELMSWELL PRIMARY,Mid Suffolk
FREP-287931-Z,weather_natural,1.0,123.7,123.7,52.1711061546669,1.01718263923797,2022-02-19,5.400000095367432,1010.5,12.399999618530272,0.699999988079071,matched,E07000203,105725.0,Mainly Rural (rural including hub towns >=80%) ,0.244,0.01,0.071,1.0,0.0,11.56859666234069,2022,2,STOWMARKET GRID,Mid Suffolk
FREP-287773-Z,weather_natural,26.0,33.820512820512825,76.83333333333333,52.3726957140022,1.10555613465987,2022-02-22,9.350000381469728,1015.5999755859376,12.5,0.699999988079071,matched,E07000149,144641.0,Mainly Rural (rural including hub towns >=80%) ,0.15,0.05,0.078,4.0,0.0,11.882010089318918,2022,2,DISS GRID,South Norfolk
FREP-287836-Z,weather_natural,2.0,1.5666666666666669,1.5666666666666669,51.7174068189883,0.565818071020877,2022-02-19,5.599999904632568,1009.0999755859376,16.200000762939453,3.6999998092651367,matched,E07000070,183471.0,Urban with City and Town,0.2639999999999999,0.13,0.077,1.0,1.0,12.119811895840279,2022,2,DANBURY PRIMARY,Chelmsford
FREP-288048-Z,weather_natural,28.0,1.0333333333333334,1.0333333333333334,52.0033645953028,-0.0260054064410747,2022-02-19,4.650000095367432,1008.2999877929688,12.199999809265137,2.5999999046325684,matched,E07000099,134255.0,Urban with Significant Rural (rural including hub towns 26-49%),0.211,0.18,0.079,1.0,1.0,11.80749625562543,2022,2,REED PRIMARY,North Hertfordshire
FREP-287805-Z,weather_natural,1.0,61.73333333333333,61.73333333333333,51.5597680550678,0.601516130719491,2022-02-19,3.3499999046325684,1012.7000122070312,10.100000381469728,0.5,matched,E07000069,89779.0,Urban with City and Town,0.3389999999999999,0.33,0.107,1.0,1.0,11.405106373935732,2022,2,HADLEIGH PRI ESSEX,Castle Point
FREP-288029-Z,weather_natural,1.0,96.65,96.65,51.6969245927576,0.255430767380644,2022-02-19,6.0,1007.0999755859376,18.89999961853028,3.200000047683716,matched,E07000072,134889.0,Urban with Significant Rural (rural including hub towns 26-49%),0.224,0.14,0.091,1.0,1.0,11.81220749698825,2022,2,ONGAR PRIMARY,Epping Forest
FREP-287852-Z,weather_natural,4.0,59.41250000000001,75.63333333333334,51.7591797837155,-0.743603919196674,2022-02-19,3.75,1011.4000244140624,13.199999809265137,0.3000000119209289,matched,E06000060,561180.0,Urban with Significant Rural (rural including hub towns 26-49%),0.1874999999999999,0.3,0.06325,1.0,1.0,13.237796988656651,2022,2,WENDOVER PRIMARY,Buckinghamshire
FREP-287908-Z,weather_natural,188.0,1.903014184397163,12.016666666666667,51.7377816590922,-0.958086706680282,2022-02-19,4.800000190734863,1010.7000122070312,9.899999618530272,1.600000023841858,matched,E07000179,151886.0,Mainly Rural (rural including hub towns >=80%) ,0.128,0.18,0.054,1.0,0.0,11.930885518437709,2022,2,THAME PRIMARY,South Oxfordshire
FREP-287965-Z,weather_natural,1.0,97.13333333333334,97.13333333333334,52.6846328706583,0.945193420743859,2022-02-19,6.0,1009.2000122070312,12.600000381469728,0.800000011920929,matched,E07000143,143422.0,Mainly Rural (rural including hub towns >=80%) ,0.207,0.18,0.1,1.0,0.0,11.873546612395812,2022,2,EAST DEREHAM PRIMARY,Breckland
FREP-287998-Z,technical_asset,206.0,2.3724110032362464,3.2,52.4613078512641,0.30833290984839,2022-02-19,6.449999809265137,1009.2000122070312,12.5,2.0999999046325684,matched,E07000009,89348.0,Mainly Rural (rural including hub towns >=80%) ,0.135,-0.11,0.07,1.0,0.0,11.400294136453448,2022,2,LITTLEPORT PRIMARY,East Cambridgeshire
FREP-296456-Z,weather_natural,0.0,,1.0,52.5210806354643,1.21151309264698,2022-02-19,6.550000190734863,1010.0,12.800000190734863,0.9000000357627869,matched,E07000149,144641.0,Mainly Rural (rural including hub towns >=80%) ,0.15,0.05,0.078,1.0,0.0,11.882010089318918,2022,2,HAPTON PRIMARY,South Norfolk
FREP-269737-G,weather_natural,6.0,53.4,53.4,51.4000052080832,0.499542171550107,2022-02-21,9.449999809265137,1012.9000244140624,16.700000762939453,2.700000047683716,matched,E06000035,282750.0,Urban with City and Town,0.3849999999999999,0.39,0.134,3.0,1.0,12.552318393978366,2022,2,STROOD 132/11KV,Medway
FREP-269820-G,technical_asset,1.0,42.23333333333333,42.23333333333333,51.3830438940726,0.0743438120871243,2022-02-21,8.550000190734863,1015.9000244140624,14.300000190734863,2.700000047683716,matched,E09000006,329930.0,Urban with Major Conurbation,0.291,0.5,0.091,3.0,1.0,12.706635789729656,2022,2,PETTS WOOD 33/11KV,Bromley
FREP-270095-G,weather_natural,1.0,71.15,71.15,50.9326754669225,-0.173555041823775,2022-02-22,11.899999618530272,1016.0999755859376,14.699999809265137,0.0,matched,E07000228,155159.0,Urban with City and Town,0.155,0.02,0.053,4.0,1.0,11.952205676573094,2022,2,HURSTPIERPOINT 33/11KV,Mid Sussex
FREP-270263-G,weather_natural,515.0,0.3687378640776699,3.716666666666667,50.8433736919331,0.434125561399546,2022-02-22,7.25,1023.7999877929688,6.199999809265137,0.9000000357627869,matched,E07000064,94323.0,Largely Rural (rural including hub towns 50-79%) ,0.35,0.37,0.113,4.0,0.0,11.45448034132121,2022,2,LITTLE COMMON 33/11KV,Rother
FREP-292937-Z,weather_natural,3.0,57.57222222222222,90.68333333333334,51.6694310310784,0.394973454068306,2022-02-19,6.300000190734863,1004.4000244140624,19.299999237060547,5.800000190734863,matched,E07000068,77316.0,Urban with Significant Rural (rural including hub towns 26-49%),0.159,0.05,0.064,1.0,1.0,11.255656198926642,2022,2,INGATESTONE PRIMARY,Brentwood
FREP-293633-Z,weather_natural,449.0,6.688195991091314,7.333333333333333,51.857471175924,0.519827025455693,2022-02-19,7.599999904632568,1003.0,15.300000190734863,4.099999904632568,matched,E07000067,157656.0,Largely Rural (rural including hub towns 50-79%) ,0.195,0.15,0.092,1.0,0.0,11.96817072324042,2022,2,WEST BRAINTREE PRIMARY,Braintree
FREP-288536-Z,weather_natural,92.0,25.765942028985503,26.03333333333333,52.3726957140022,1.10555613465987,2022-02-20,11.800000190734863,1001.5,17.899999618530273,9.699999809265137,matched,E07000149,144641.0,Mainly Rural (rural including hub towns >=80%) ,0.15,0.05,0.078,2.0,0.0,11.882010089318918,2022,2,DISS GRID,South Norfolk
FREP-288604-Z,weather_natural,3.0,15.438888888888888,34.15,51.6718510984256,-0.592743855667607,2022-02-20,10.350000381469728,1003.9000244140624,17.299999237060547,5.0,matched,E06000060,561180.0,Urban with Significant Rural (rural including hub towns 26-49%),0.1874999999999999,0.3,0.06325,2.0,1.0,13.237796988656651,2022,2,AMERSHAM PRIMARY,Buckinghamshire
FREP-288670-Z,weather_natural,379.0,5.061477572559367,24.266666666666666,52.05576103445,1.13603519740954,2022-02-20,10.550000190734863,989.5,25.89999961853028,3.300000190734864,matched,E07000202,139331.0,Urban with City and Town,0.296,0.25,0.141,2.0,1.0,11.844607676287078,2022,2,IPSWICH GRID,Ipswich
FREP-288768-Z,weather_natural,1402.0,1.4121730860675226,36.55,51.9447725054248,0.63206680798635,2022-02-20,9.149999618530272,1006.2999877929688,15.0,3.900000095367432,matched,E07000067,157656.0,Largely Rural (rural including hub towns 50-79%) ,0.195,0.15,0.092,2.0,0.0,11.96817072324042,2022,2,HALSTEAD PRIMARY,Braintree
FREP-288903-Z,weather_natural,992.0,1.8229343120647468,21.166666666666668,52.1097479270073,1.09671905265498,2022-02-20,7.449999809265137,992.5999755859376,26.0,5.199999809265137,matched,E07000203,105725.0,Mainly Rural (rural including hub towns >=80%) ,0.244,0.01,0.071,2.0,0.0,11.56859666234069,2022,2,CLAYDON CEMENT PRIMARY,Mid Suffolk
FREP-288749-Z,technical_asset,20.0,48.21666666666667,48.21666666666667,51.724849731361,0.666506126793838,2022-02-20,11.649999618530272,997.2999877929688,19.700000762939453,0.5,matched,E07000074,67624.0,Mainly Rural (rural including hub towns >=80%) ,0.185,0.05,0.086,2.0,0.0,11.121718228608763,2022,2,MALDON WICK PRIMARY,Maldon
FREP-288761-Z,weather_natural,65.0,12.938584474885849,19.25,52.6607115379039,0.19024815471233,2022-02-20,11.350000381469728,988.5999755859376,23.5,3.5,matched,E07000146,155665.0,Largely Rural (rural including hub towns 50-79%) ,0.301,0.29,0.12,2.0,0.0,11.955461541287493,2022,2,WALSOKEN GRID,King's Lynn and West Norfolk
FREP-288767-Z,weather_natural,403.0,5.050537634408602,23.1,52.6668052159131,0.412564926230026,2022-02-20,11.25,988.7999877929688,22.200000762939453,3.5,matched,E07000146,155665.0,Largely Rural (rural including hub towns 50-79%) ,0.301,0.29,0.12,2.0,0.0,11.955461541287493,2022,2,WATLINGTON PRIMARY,King's Lynn and West Norfolk
FREP-288791-Z,weather_natural,0.0,,20.95,52.6012987580131,1.02250058724456,2022-02-20,11.050000190734863,989.7999877929688,21.700000762939453,6.90000057220459,matched,E07000143,143422.0,Mainly Rural (rural including hub towns >=80%) ,0.207,0.18,0.1,2.0,0.0,11.873546612395812,2022,2,HARDINGHAM PRIMARY,Breckland
FREP-288893-Z,weather_natural,1.0,63.73333333333333,63.73333333333333,51.5136599247456,0.446016706109825,2022-02-20,8.550000190734863,996.7000122070312,25.0,2.299999952316284,matched,E06000034,176778.0,Urban with Major Conurbation,0.3289999999999999,0.4,0.13,2.0,1.0,12.082649987053939,2022,2,RAINBOW LANE PRIMARY,Thurrock
FREP-288945-Z,technical_asset,9.0,4.212962962962963,14.533333333333331,52.3407372864036,-0.183060686204365,2022-02-20,5.349999904632568,996.7000122070312,20.0,7.100000381469727,matched,E07000011,184117.0,Mainly Rural (rural including hub towns >=80%) ,0.207,0.3,0.074,2.0,0.0,12.123326704076948,2022,2,HUNTINGDON GRID,Huntingdonshire
FREP-289212-Z,weather_natural,520.0,3.4612820512820512,8.483333333333333,52.5512106810433,0.56124150674349,2022-02-21,7.550000190734863,996.2999877929688,23.799999237060547,12.399999618530272,matched,E07000146,155665.0,Largely Rural (rural including hub towns 50-79%) ,0.301,0.29,0.12,3.0,0.0,11.955461541287493,2022,2,NORTHWOLD PRIMARY,King's Lynn and West Norfolk
FREP-289004-Z,weather_natural,375.0,10.271066666666666,13.983333333333333,52.3726957140022,1.10555613465987,2022-02-21,3.25,997.5999755859376,17.799999237060547,9.300000190734863,matched,E07000149,144641.0,Mainly Rural (rural including hub towns >=80%) ,0.15,0.05,0.078,3.0,0.0,11.882010089318918,2022,2,DISS GRID,South Norfolk
FREP-289077-Z,technical_asset,1.0,4.766666666666667,4.766666666666667,51.9134388637182,-0.207150204562261,2022-02-21,5.349999904632568,999.4000244140624,20.700000762939453,4.699999809265137,matched,E07000243,89639.0,Urban with City and Town,0.201,0.1,0.122,3.0,1.0,11.40354577211859,2022,2,NORTH STEVENAGE PRIMARY,Stevenage
FREP-289078-Z,weather_natural,515.0,1.7257281553398058,13.583333333333334,52.3393816340189,0.124567063805875,2022-02-21,6.25,996.2999877929688,21.799999237060547,7.0,matched,E07000009,89348.0,Mainly Rural (rural including hub towns >=80%) ,0.135,-0.11,0.07,3.0,0.0,11.400294136453448,2022,2,ALDRETH PRIMARY,East Cambridgeshire
FREP-289136-Z,weather_natural,895.0,1.355456238361266,2.533333333333333,52.4613078512641,0.30833290984839,2022-02-21,7.949999809265137,995.5999755859376,21.39999961853028,10.300000190734863,matched,E07000009,89348.0,Mainly Rural (rural including hub towns >=80%) ,0.135,-0.11,0.07,3.0,0.0,11.400294136453448,2022,2,LITTLEPORT PRIMARY,East Cambridgeshire
FREP-289161-Z,weather_natural,1060.0,1.1725197032916086,35.833333333333336,51.920484920332,-0.027607509225887,2022-02-21,6.699999809265137,999.2999877929688,22.200000762939453,4.399999618530273,matched,E07000242,151828.0,Urban with Significant Rural (rural including hub towns 26-49%),0.1669999999999999,0.04,0.06,3.0,1.0,11.930503580162194,2022,2,CHERRY GREEN PRIMARY,East Hertfordshire
FREP-289544-Z,weather_natural,1.0,29.15,29.15,51.7591797837155,-0.743603919196674,2022-02-21,8.800000190734863,1012.5999755859376,19.89999961853028,4.700000286102295,matched,E06000060,561180.0,Urban with Significant Rural (rural including hub towns 26-49%),0.1874999999999999,0.3,0.06325,3.0,1.0,13.237796988656651,2022,2,WENDOVER PRIMARY,Buckinghamshire
FREP-289532-Z,weather_natural,36.0,5.842129629629629,13.666666666666666,52.045364857977,0.741789737061406,2022-02-21,8.199999809265137,998.7999877929688,20.39999961853028,4.299999713897705,matched,E07000200,94289.0,Mainly Rural (rural including hub towns >=80%) ,0.169,0.17,0.08,3.0,0.0,11.454119812824949,2022,2,SUDBURY PRIMARY,Babergh
FREP-289642-Z,weather_natural,4.0,2.65,2.65,52.5569506703647,1.38647204026263,2022-02-21,9.100000381469728,1011.2999877929688,14.0,11.899999618530272,matched,E07000149,144641.0,Mainly Rural (rural including hub towns >=80%) ,0.15,0.05,0.078,3.0,0.0,11.882010089318918,2022,2,ALPINGTON PRIMARY,South Norfolk
FREP-289781-Z,weather_natural,83.0,3.7329317269076303,15.366666666666667,52.3214302439749,1.16053840685926,2022-02-22,6.599999904632568,1015.2000122070312,11.0,0.7000000476837158,matched,E07000203,105725.0,Mainly Rural (rural including hub towns >=80%) ,0.244,0.01,0.071,4.0,0.0,11.56859666234069,2022,2,EYE PRIMARY,Mid Suffolk
FREP-289840-Z,technical_asset,1.0,4.45,4.45,52.0854655224238,0.678834950674066,2022-02-22,9.699999809265137,1013.2000122070312,14.100000381469728,0.0,matched,E07000200,94289.0,Mainly Rural (rural including hub towns >=80%) ,0.169,0.17,0.08,4.0,0.0,11.454119812824949,2022,2,GLEMSFORD PRIMARY,Babergh
FREP-290023-Z,technical_asset,34.0,0.8666666666666667,0.8666666666666667,52.3348370403047,-0.0673623505827406,2022-02-22,12.75,1012.5999755859376,20.0,0.5,matched,E07000011,184117.0,Mainly Rural (rural including hub towns >=80%) ,0.207,0.3,0.074,4.0,0.0,12.123326704076948,2022,2,ST IVES PRIMARY,Huntingdonshire
FREP-290154-Z,weather_natural,346.0,0.9577071290944124,4.633333333333334,52.3348370403047,-0.0673623505827406,2022-02-22,9.699999809265137,1017.0999755859376,11.100000381469728,0.5,matched,E07000011,184117.0,Mainly Rural (rural including hub towns >=80%) ,0.207,0.3,0.074,4.0,0.0,12.123326704076948,2022,2,ST IVES PRIMARY,Huntingdonshire
FREP-290147-Z,technical_asset,6.0,5.211111111111111,11.433333333333334,51.6353299057825,-0.353741606306684,2022-02-22,10.949999809265137,1016.7999877929688,14.399999618530272,0.2000000029802322,matched,E07000098,108310.0,Urban with Major Conurbation,0.312,0.16,0.089,4.0,1.0,11.592752764829783,2022,2,MERRYHILL PRIMARY,Hertsmere
FREP-290170-Z,technical_asset,1.0,17.766666666666666,17.766666666666666,51.8477438633511,0.156507335423487,2022-02-22,9.800000190734863,1017.5999755859376,12.100000381469728,0.800000011920929,matched,E07000242,151828.0,Urban with Significant Rural (rural including hub towns 26-49%),0.1669999999999999,0.04,0.06,4.0,1.0,11.930503580162194,2022,2,THORLEY PRIMARY,East Hertfordshire
FREP-276245-G,weather_natural,2735.0,9.637139952558456,104.96666666666668,51.0518096700857,0.507255686634157,2022-02-21,8.100000381469727,1017.9000244140624,12.100000381469728,1.100000023841858,matched,E07000116,116263.0,Urban with Significant Rural (rural including hub towns 26-49%),0.213,0.19,0.073,3.0,1.0,11.663610145154312,2022,2,HAWKHURST 33/11KV,Tunbridge Wells
FREP-267206-G,weather_natural,1702.0,17.938301944572043,96.83333333333331,51.3178958672932,0.0324546277819278,2022-02-19,6.650000095367432,1012.0999755859376,12.800000190734863,0.5,matched,E09000006,329930.0,Urban with Major Conurbation,0.291,0.5,0.091,1.0,1.0,12.706635789729656,2022,2,BIGGIN HILL 33/11KV,Bromley
FREP-267373-G,weather_natural,169.0,12.922955010224948,87.08333333333333,50.9519783347092,-0.487030444826157,2022-02-19,3.700000047683716,1013.9000244140624,9.600000381469728,0.6000000238418579,matched,E07000227,148784.0,Largely Rural (rural including hub towns 50-79%) ,0.124,0.03,0.056,1.0,0.0,11.910250868717979,2022,2,PULBOROUGH 33/11KV,Horsham
FREP-267429-G,weather_natural,785.0,7.59854036341972,57.4,51.1081876089666,1.04230379821497,2022-02-19,4.0,1009.5999755859376,17.399999618530273,4.099999904632568,matched,E07000112,110372.0,Urban with Significant Rural (rural including hub towns 26-49%),0.3339999999999999,0.43,0.145,1.0,1.0,11.611611757468927,2022,2,STANFORD 33/11KV,Folkestone and Hythe
FREP-267623-G,weather_natural,1.0,30.025,66.03333333333333,51.1081876089666,1.04230379821497,2022-02-22,6.699999809265137,1023.0999755859376,7.800000190734863,0.1000000014901161,matched,E07000112,110372.0,Urban with Significant Rural (rural including hub towns 26-49%),0.3339999999999999,0.43,0.145,4.0,1.0,11.611611757468927,2022,2,STANFORD 33/11KV,Folkestone and Hythe
FREP-267798-G,weather_natural,2.0,72.15,93.81666666666666,51.1291430170208,1.31104348609471,2022-02-20,10.300999641418455,995.5999755859376,27.89999961853028,2.200000047683716,matched,E07000108,117445.0,Urban with Significant Rural (rural including hub towns 26-49%),0.376,0.3,0.134,2.0,1.0,11.673725417873936,2022,2,DOVER 33/11KV,Dover
FREP-267873-G,weather_natural,7.0,50.25,50.25,50.9326754669225,-0.173555041823775,2022-02-20,10.75,1006.7000122070312,20.39999961853028,5.09999942779541,matched,E07000228,155159.0,Urban with City and Town,0.155,0.02,0.053,2.0,1.0,11.952205676573094,2022,2,HURSTPIERPOINT 33/11KV,Mid Sussex
FREP-268187-G,weather_natural,1083.0,0.6333333333333333,0.6333333333333333,50.9823414683587,0.0027766790657315,2022-02-19,3.400000095367432,1010.7999877929688,13.899999618530272,6.5,matched,E07000063,100693.0,Urban with Significant Rural (rural including hub towns 26-49%),0.225,0.36,0.099,1.0,1.0,11.519831562884328,2022,2,NEWICK 33/11KV,Lewes
FREP-267961-G,weather_natural,3.0,74.96111111111111,76.28333333333333,51.1511090372096,-0.504034443005657,2022-02-19,8.600000381469727,1006.7000122070312,16.600000381469727,4.599999904632568,matched,E07000216,130327.0,Largely Rural (rural including hub towns 50-79%) ,0.1689999999999999,0.03,0.054,1.0,0.0,11.777801955768314,2022,2,CRANLEIGH 33/11KV,Waverley
FREP-267970-G,weather_natural,14.0,116.01190476190474,122.08333333333331,51.1049953072768,-0.202111196018126,2022-02-19,2.549999952316284,1013.7000122070312,10.399999618530272,1.6000001430511477,matched,E07000226,119959.0,Urban with City and Town,0.2629999999999999,0.28,0.11,1.0,1.0,11.694905296716163,2022,2,SOUTHGATE 33/11KV,Crawley
FREP-268184-G,weather_natural,717.0,0.0833333333333333,0.0833333333333333,51.2870280496174,0.186381498500364,2022-02-19,2.75,1011.5,15.100000381469728,5.400000095367432,matched,E07000111,121194.0,Largely Rural (rural including hub towns 50-79%) ,0.249,0.33,0.075,1.0,0.0,11.705147846441445,2022,2,NORTH SEVENOAKS 33/11KV,Sevenoaks
FREP-268181-G,weather_natural,315.0,18.57555555555556,34.86666666666667,51.2249983605574,0.111642618744927,2022-02-19,2.8499999046325684,1011.7000122070312,13.899999618530272,5.300000190734863,matched,E07000111,121194.0,Largely Rural (rural including hub towns 50-79%) ,0.249,0.33,0.075,1.0,0.0,11.705147846441445,2022,2,FOUR ELMS 33/11KV,Sevenoaks
FREP-267967-G,technical_asset,6.0,99.40000000000002,99.4,50.8168801437218,0.245214725482652,2022-02-19,6.497000217437744,1014.2000122070312,16.200000762939453,0.3000000119209289,matched,E07000065,163091.0,Mainly Rural (rural including hub towns >=80%) ,0.237,0.29,0.073,1.0,0.0,12.002063606215954,2022,2,POLEGATE TOWN 33/11KV,Wealden
FREP-268198-G,weather_natural,4.0,109.07916666666664,131.51666666666668,50.8168801437218,0.245214725482652,2022-02-20,9.797000885009766,1005.7999877929688,24.5,4.199999809265137,matched,E07000065,163091.0,Mainly Rural (rural including hub towns >=80%) ,0.237,0.29,0.073,2.0,0.0,12.002063606215954,2022,2,POLEGATE TOWN 33/11KV,Wealden
FREP-268026-G,weather_natural,307.0,18.83116178067318,111.35,51.2563268556425,1.02368290117269,2022-02-19,3.150000095367432,1011.5999755859376,15.699999809265137,3.900000095367432,matched,E07000106,158723.0,Urban with City and Town,0.248,0.17,0.1,1.0,1.0,11.974915823549752,2022,2,CHARTHAM 33/11KV,Canterbury
FREP-268122-G,technical_asset,48.0,7.465625,10.9,51.4070529386549,-0.373757052190142,2022-02-19,3.150000095367432,1012.7999877929688,10.600000381469728,1.3000000715255735,matched,E07000207,140434.0,Urban with Major Conurbation,0.211,0.16,0.057,1.0,1.0,11.852492906498744,2022,2,MOLESEY 33/11KV,Elmbridge
FREP-268226-G,weather_natural,29.0,103.68333333333334,103.68333333333334,51.4000052080832,0.499542171550107,2022-02-20,11.350000381469728,1005.9000244140624,18.700000762939453,4.0,matched,E06000035,282750.0,Urban with City and Town,0.3849999999999999,0.39,0.134,2.0,1.0,12.552318393978366,2022,2,STROOD 132/11KV,Medway
FREP-268544-G,weather_natural,244.0,23.78224043715847,24.216666666666665,50.9836035710203,0.296735092609588,2022-02-19,7.050000190734863,1012.4000244140624,16.0,0.3000000119209289,matched,E07000065,163091.0,Mainly Rural (rural including hub towns >=80%) ,0.237,0.29,0.073,1.0,0.0,12.002063606215954,2022,2,BROAD OAK 33/11KV,Wealden
FREP-268429-G,weather_natural,179.0,33.66856884057972,56.86666666666667,50.9326754669225,-0.173555041823775,2022-02-19,7.5,1011.9000244140624,18.100000381469727,0.1000000014901161,matched,E07000228,155159.0,Urban with City and Town,0.155,0.02,0.053,1.0,1.0,11.952205676573094,2022,2,HURSTPIERPOINT 33/11KV,Mid Sussex
FREP-268356-G,weather_natural,935.0,0.0835472370766488,0.2833333333333333,51.2849764326037,1.08527611524698,2022-02-19,8.050000190734863,1012.7000122070312,13.300000190734863,0.1000000014901161,matched,E07000106,158723.0,Urban with City and Town,0.248,0.17,0.1,1.0,1.0,11.974915823549752,2022,2,CANTERBURY TOWN 33/11KV,Canterbury
FREP-268424-G,weather_natural,213.0,10.73136612021858,95.96666666666668,51.0978275575817,0.0359286158350521,2022-02-20,10.350000381469728,1001.4000244140624,22.299999237060547,0.3000000119209289,matched,E07000065,163091.0,Mainly Rural (rural including hub towns >=80%) ,0.237,0.29,0.073,2.0,0.0,12.002063606215954,2022,2,FOREST ROW 33/11KV,Wealden
FREP-268425-G,weather_natural,1095.0,0.6903348554033486,3.466666666666667,51.390945857529,0.404735298673781,2022-02-19,7.349999904632568,1010.4000244140624,12.800000190734863,0.0,matched,E07000109,106997.0,Urban with Major Conurbation,0.291,0.37,0.122,1.0,1.0,11.580556075667811,2022,2,COBHAM 33/11KV,Gravesham
FREP-268433-G,weather_natural,1446.0,0.1014522821576763,0.5666666666666667,51.3486201840969,-0.488594053389472,2022-02-19,6.849999904632568,1009.4000244140624,14.5,0.4000000059604645,matched,E07000212,89113.0,Urban with Major Conurbation,0.161,0.18,0.066,1.0,1.0,11.39766050629526,2022,2,WEST WEYBRIDGE #OLD,Runnymede
FREP-268278-G,weather_natural,168.0,52.81855158730159,118.11666666666666,51.2089675123131,1.21920687998267,2022-02-19,6.150000095367432,1013.5,10.100000381469728,0.2000000029802322,matched,E07000106,158723.0,Urban with City and Town,0.248,0.17,0.1,1.0,1.0,11.974915823549752,2022,2,LIGHTWEIGHT AGGREGATES,Canterbury
FREP-268350-G,weather_natural,18.0,115.83333333333334,126.98333333333332,50.796507330358,0.0555572777397592,2022-02-19,8.75,1013.7999877929688,18.799999237060547,0.2000000029802322,matched,E07000063,100693.0,Urban with Significant Rural (rural including hub towns 26-49%),0.225,0.36,0.099,1.0,1.0,11.519831562884328,2022,2,NEWHAVEN TOWN 33/11KV,Lewes
FREP-268391-G,weather_natural,8.0,63.68333333333333,63.68333333333333,51.1291430170208,1.31104348609471,2022-02-21,7.000999927520752,1020.9000244140624,11.399999618530272,0.0,matched,E07000108,117445.0,Urban with Significant Rural (rural including hub towns 26-49%),0.376,0.3,0.134,3.0,1.0,11.673725417873936,2022,2,DOVER 33/11KV,Dover
FREP-268501-G,weather_natural,238.0,1.0403828197945846,3.683333333333333,50.796680012173,-0.0093572209228221,2022-02-19,6.960999965667725,1008.9000244140624,26.299999237060547,3.5999999046325684,matched,E07000063,100693.0,Urban with Significant Rural (rural including hub towns 26-49%),0.225,0.36,0.099,1.0,1.0,11.519831562884328,2022,2,PEACEHAVEN 33/11KV,Lewes
FREP-267161-G,weather_natural,737.0,5.9995790739627175,103.1,51.1794719381613,0.77849901750368,2022-02-19,2.700000047683716,1012.0999755859376,13.899999618530272,4.400000095367432,matched,E07000105,135818.0,Urban with Significant Rural (rural including hub towns 26-49%),0.291,0.34,0.11,1.0,1.0,11.819071033187548,2022,2,LITTLE CHART 33/6.6KV,Ashford
FREP-285365-J,technical_asset,21.0,7.188888888888889,11.633333333333333,51.525437930128,-0.174571249383959,2022-02-19,7.099999904632568,1011.2999877929688,10.5,0.3000000119209289,matched,E09000033,209333.0,Urban with Major Conurbation,0.391,0.48,0.135,1.0,1.0,12.25168156442427,2022,2,ABERDEEN PL A 11KV,Westminster
FREP-286032-Z,weather_natural,8.0,24.566666666666663,62.98333333333333,51.9622149375365,0.488388922212106,2022-02-20,9.850000381469728,1004.2999877929688,17.799999237060547,6.300000190734863,matched,E07000067,157656.0,Largely Rural (rural including hub towns 50-79%) ,0.195,0.15,0.092,2.0,0.0,11.96817072324042,2022,2,WETHERSFIELD PRIMARY,Braintree
FREP-287277-Z,weather_natural,2.0,75.8,98.0,52.2143741332448,0.865361205055409,2022-02-20,10.649999618530272,992.4000244140624,20.299999237060547,2.6000001430511475,matched,E07000203,105725.0,Mainly Rural (rural including hub towns >=80%) ,0.244,0.01,0.071,2.0,0.0,11.56859666234069,2022,2,DRINKSTONE PRIMARY,Mid Suffolk
FREP-287225-Z,technical_asset,9.0,17.316666666666666,47.06666666666667,51.561639806449,0.219873222177904,2022-02-19,8.449999809265137,1004.2999877929688,16.399999618530273,4.5,matched,E09000016,264786.0,Urban with Major Conurbation,0.323,0.51,0.108,1.0,1.0,12.486677231556683,2022,2,HORNCHURCH LOCAL PRIMARY,Havering
FREP-287703-Z,weather_natural,2.0,101.8,101.8,52.045183337677,0.960993782759361,2022-02-19,7.449999809265137,1002.5,14.5,5.899999618530273,matched,E07000200,94289.0,Mainly Rural (rural including hub towns >=80%) ,0.169,0.17,0.08,1.0,0.0,11.454119812824949,2022,2,HADLEIGH PRIMARY,Babergh
FREP-287651-Z,weather_natural,88.0,6.0435606060606055,11.233333333333333,51.6823488121623,-0.313761512631864,2022-02-19,2.799999952316284,1010.4000244140624,15.100000381469728,3.700000286102295,matched,E07000098,108310.0,Urban with Major Conurbation,0.312,0.16,0.089,1.0,1.0,11.592752764829783,2022,2,RADLETT PRIMARY,Hertsmere
FREP-287770-Z,weather_natural,53.0,3.920754716981132,59.7,52.2143741332448,0.865361205055409,2022-02-19,2.200000047683716,1010.2999877929688,12.5,2.300000190734864,matched,E07000203,105725.0,Mainly Rural (rural including hub towns >=80%) ,0.244,0.01,0.071,1.0,0.0,11.56859666234069,2022,2,DRINKSTONE PRIMARY,Mid Suffolk
FREP-288047-Z,weather_natural,5.0,7.130000000000001,33.31666666666667,52.0292161425497,0.261124260432069,2022-02-19,5.449999809265137,1008.7999877929688,12.100000381469728,0.8000000715255737,matched,E07000077,92650.0,Mainly Rural (rural including hub towns >=80%) ,0.113,0.06,0.054,1.0,0.0,11.436584231713505,2022,2,ACROWS PRIMARY,Uttlesford
FREP-287792-Z,technical_asset,5.0,58.18333333333332,58.18333333333333,52.6546936827359,1.45102710043497,2022-02-19,2.799999952316284,1009.0999755859376,13.100000381469728,1.3000000715255735,matched,E07000144,133839.0,Urban with Significant Rural (rural including hub towns 26-49%),0.129,0.01,0.072,1.0,1.0,11.804392864024903,2022,2,HEMBLINGTON PRIMARY,Broadland
FREP-287816-Z,weather_natural,1.0,49.81666666666667,49.81666666666667,51.5207224409198,0.204116187544777,2022-02-19,3.400000095367432,1012.7000122070312,10.199999809265137,0.4000000059604645,matched,E09000016,264786.0,Urban with Major Conurbation,0.323,0.51,0.108,1.0,1.0,12.486677231556683,2022,2,RAINHAM PRIMARY,Havering
FREP-287918-Z,technical_asset,59.0,6.480769230769231,12.216666666666669,52.1277833898086,-0.0842095369308766,2022-02-19,2.900000095367432,1010.5,10.300000190734863,7.0,matched,E07000012,165727.0,Largely Rural (rural including hub towns 50-79%) ,0.1559999999999999,0.02,0.056,1.0,0.0,12.01809713522202,2022,2,CROYDON PRIMARY,South Cambridgeshire
FREP-287946-Z,weather_natural,72.0,2.555555555555556,3.783333333333333,52.6012987580131,1.02250058724456,2022-02-19,5.150000095367432,1008.7000122070312,12.600000381469728,1.5,matched,E07000143,143422.0,Mainly Rural (rural including hub towns >=80%) ,0.207,0.18,0.1,1.0,0.0,11.873546612395812,2022,2,HARDINGHAM PRIMARY,Breckland
FREP-294736-Z,weather_natural,40.0,16.064583333333335,25.633333333333333,51.9622149375365,0.488388922212106,2022-02-19,4.050000190734863,1008.9000244140624,16.399999618530273,6.100000381469727,matched,E07000067,157656.0,Largely Rural (rural including hub towns 50-79%) ,0.195,0.15,0.092,1.0,0.0,11.96817072324042,2022,2,WETHERSFIELD PRIMARY,Braintree
FREP-288059-Z,technical_asset,0.0,,1.0,51.9447725054248,0.63206680798635,2022-02-19,5.949999809265137,1004.0999755859376,19.89999961853028,3.900000095367432,matched,E07000067,157656.0,Largely Rural (rural including hub towns 50-79%) ,0.195,0.15,0.092,1.0,0.0,11.96817072324042,2022,2,HALSTEAD PRIMARY,Braintree
FREP-288232-Z,weather_natural,4.0,87.75,99.83333333333331,51.9717296570863,1.25593572542948,2022-02-19,6.849999904632568,1003.4000244140624,17.399999618530273,5.099999904632568,matched,E07000200,94289.0,Mainly Rural (rural including hub towns >=80%) ,0.169,0.17,0.08,1.0,0.0,11.454119812824949,2022,2,SHOTLEY PRIMARY,Babergh
FREP-288067-Z,weather_natural,1714.0,0.1205135547919053,1.6,51.7545809083319,-0.33768772870901,2022-02-19,5.099999904632568,1008.0999755859376,11.100000381469728,0.8999999761581421,matched,E07000240,148698.0,Urban with City and Town,0.189,0.12,0.06,1.0,1.0,11.90967268245867,2022,2,ADELAIDE ST PRIMARY,St Albans
FREP-288139-Z,technical_asset,261.0,0.4599616858237548,0.5833333333333334,51.6544544127317,-0.199230880385685,2022-02-19,5.800000190734863,1005.2000122070312,19.0,4.799999713897705,matched,E09000003,390371.0,Urban with Major Conurbation,0.319,0.36,0.111,1.0,1.0,12.874852847975086,2022,2,TAPSTER ST PRIMARY,Barnet
FREP-288158-Z,technical_asset,11.0,8.366666666666667,8.366666666666667,52.1327888904601,-0.474020544694912,2022-02-19,6.199999809265137,1002.9000244140624,17.700000762939453,6.09999942779541,matched,E06000055,187624.0,Urban with Significant Rural (rural including hub towns 26-49%),0.3189999999999999,0.36,0.114,1.0,1.0,12.142195239141413,2022,2,PREBEND ST PRIMARY,Bedford
FREP-288361-Z,weather_natural,548.0,4.109124087591241,16.85,52.4401378458545,1.17358086562589,2022-02-19,2.0999999046325684,1010.2000122070312,8.899999618530273,8.5,matched,E07000149,144641.0,Mainly Rural (rural including hub towns >=80%) ,0.15,0.05,0.078,1.0,0.0,11.882010089318918,2022,2,TIVETSHALL PRIMARY,South Norfolk
FREP-288292-Z,weather_natural,627.0,1.56108202443281,19.23333333333333,52.4315131590174,0.994045869005141,2022-02-19,6.949999809265137,1002.7999877929688,15.0,9.0,matched,E07000143,143422.0,Mainly Rural (rural including hub towns >=80%) ,0.207,0.18,0.1,1.0,0.0,11.873546612395812,2022,2,KENNINGHALL PRIMARY,Breckland
FREP-288189-Z,technical_asset,2.0,8.766666666666667,8.766666666666667,51.621169161083,0.302207680841,2022-02-19,6.550000190734863,1004.7000122070312,18.600000381469727,6.0,matched,E07000068,77316.0,Urban with Significant Rural (rural including hub towns 26-49%),0.159,0.05,0.064,1.0,1.0,11.255656198926642,2022,2,HIGH ST PRIMARY,Brentwood
FREP-288238-Z,weather_natural,8.0,49.55,49.55,51.7998315339375,0.273921971573016,2022-02-19,7.900000095367432,1003.5999755859376,16.100000381469727,4.900000095367432,matched,E07000077,92650.0,Mainly Rural (rural including hub towns >=80%) ,0.113,0.06,0.054,1.0,0.0,11.436584231713505,2022,2,WHITE RODING PRIMARY,Uttlesford
FREP-288332-Z,weather_natural,316.0,12.55,24.0,52.9451163821106,0.759366969937937,2022-02-19,5.849999904632568,1000.5999755859376,14.0,5.099999904632568,matched,E07000146,155665.0,Largely Rural (rural including hub towns 50-79%) ,0.301,0.29,0.12,1.0,0.0,11.955461541287493,2022,2,BURNHAM THORPE PRIMARY,King's Lynn and West Norfolk
FREP-288251-Z,weather_natural,1323.0,0.7156688596491227,20.98333333333333,51.7056228650937,-0.706866842077868,2022-02-20,10.649999618530272,996.5,19.100000381469727,1.399999976158142,matched,E06000060,561180.0,Urban with Significant Rural (rural including hub towns 26-49%),0.1874999999999999,0.3,0.06325,2.0,1.0,13.237796988656651,2022,2,GT MISSENDEN PRIMARY,Buckinghamshire
FREP-288339-Z,technical_asset,31.0,3.091145833333333,16.25,51.5981687089704,-0.112615667177853,2022-02-19,4.050000190734863,1011.5999755859376,7.900000095367432,3.400000095367432,matched,E09000014,262078.0,Urban with Major Conurbation,0.411,0.65,0.17,1.0,1.0,12.476397448360093,2022,2,WATSONS RD PRIMARY,Haringey
FREP-288373-Z,weather_natural,7.0,13.861904761904762,16.9,51.9165044922591,-0.652661449686785,2022-02-20,11.25,1003.5999755859376,17.899999618530273,4.099999904632568,matched,E06000056,301829.0,Largely Rural (rural including hub towns 50-79%) ,0.248,0.23,0.077,2.0,0.0,12.617615910825437,2022,2,LEIGHTON BUZZARD PRIMARY,Central Bedfordshire
FREP-288496-Z,weather_natural,886.0,1.5904815650865312,2.6333333333333333,52.5758281720386,0.815522640736117,2022-02-20,10.25,1000.7999877929688,17.200000762939453,10.0,matched,E07000143,143422.0,Mainly Rural (rural including hub towns >=80%) ,0.207,0.18,0.1,2.0,0.0,11.873546612395812,2022,2,WATTON PRIMARY,Breckland
FREP-288553-Z,weather_natural,798.0,0.3414160401002506,6.333333333333333,52.0808181461322,-0.262227400688808,2022-02-20,12.550000190734863,1002.4000244140624,16.899999618530273,6.899999618530273,matched,E06000056,301829.0,Largely Rural (rural including hub towns 50-79%) ,0.248,0.23,0.077,2.0,0.0,12.617615910825437,2022,2,BIGGLESWADE PRIMARY,Central Bedfordshire
FREP-288568-Z,weather_natural,2.0,39.208333333333336,78.15,52.6221596923307,1.51437893517319,2022-02-20,12.850000381469728,999.9000244140624,18.100000381469727,8.100000381469727,matched,E07000144,133839.0,Urban with Significant Rural (rural including hub towns 26-49%),0.129,0.01,0.072,2.0,1.0,11.804392864024903,2022,2,BEIGHTON PRIMARY,Broadland
FREP-288713-Z,weather_natural,363.0,7.18148148148148,71.66666666666667,51.9622149375365,0.488388922212106,2022-02-20,11.25,997.7000122070312,18.100000381469727,0.6000000238418579,matched,E07000067,157656.0,Largely Rural (rural including hub towns 50-79%) ,0.195,0.15,0.092,2.0,0.0,11.96817072324042,2022,2,WETHERSFIELD PRIMARY,Braintree
FREP-288423-Z,weather_natural,399.0,2.926399331662489,3.2333333333333334,52.8298080663625,0.741212258954811,2022-02-20,8.649999618530273,1002.0999755859376,16.0,7.200000286102295,matched,E07000146,155665.0,Largely Rural (rural including hub towns 50-79%) ,0.301,0.29,0.12,2.0,0.0,11.955461541287493,2022,2,COXFORD PRIMARY,King's Lynn and West Norfolk
FREP-288437-Z,weather_natural,24.0,3.616666666666666,6.0,52.1136385948748,0.0302731405775739,2022-02-20,11.899999618530272,1001.7000122070312,20.100000381469727,5.5,matched,E07000012,165727.0,Largely Rural (rural including hub towns 50-79%) ,0.1559999999999999,0.02,0.056,2.0,0.0,12.01809713522202,2022,2,SHEPRETH PRIMARY,South Cambridgeshire
FREP-288446-Z,technical_asset,34.0,3.2010638297872336,8.75,51.8912786387698,-0.451987536868635,2022-02-20,11.550000190734863,1001.0999755859376,17.299999237060547,1.5000001192092896,matched,E06000032,227546.0,Urban with City and Town,0.379,0.41,0.155,2.0,1.0,12.33510769473612,2022,2,CHAUL END PRIMARY,Luton
FREP-288657-Z,weather_natural,1.0,72.91666666666667,72.91666666666667,51.8680750681031,0.370549140110797,2022-02-20,11.449999809265137,1000.0,17.600000381469727,1.3000000715255735,matched,E07000077,92650.0,Mainly Rural (rural including hub towns >=80%) ,0.113,0.06,0.054,2.0,0.0,11.436584231713505,2022,2,DUNMOW PRIMARY,Uttlesford
FREP-288641-Z,weather_natural,1.0,22.666666666666668,22.666666666666668,51.5597680550678,0.601516130719491,2022-02-20,12.0,1003.0,23.100000381469727,4.900000095367432,matched,E07000069,89779.0,Urban with City and Town,0.3389999999999999,0.33,0.107,2.0,1.0,11.405106373935732,2022,2,HADLEIGH PRI ESSEX,Castle Point
FREP-288696-Z,weather_natural,2210.0,2.1034389140271497,47.81666666666667,51.8824042477402,0.572372304518029,2022-02-20,11.5,998.0999755859376,18.89999961853028,0.3000000119209289,matched,E07000067,157656.0,Largely Rural (rural including hub towns 50-79%) ,0.195,0.15,0.092,2.0,0.0,11.96817072324042,2022,2,BRAINTREE DEPOT PRIMARY,Braintree
FREP-288716-Z,technical_asset,50.0,2.256140350877193,24.05,51.5916342512394,0.692293405037379,2022-02-20,12.149999618530272,999.5999755859376,18.39999961853028,0.7000000476837158,matched,E07000075,87272.0,Urban with City and Town,0.2639999999999999,0.25,0.073,2.0,1.0,11.376784957277593,2022,2,HAINAULT AV PRIMARY,Rochford
FREP-288763-Z,weather_natural,334.0,4.677495009980039,22.25,52.6281391631301,0.244329053492316,2022-02-20,11.25,989.0,22.799999237060547,3.300000190734864,matched,E07000146,155665.0,Largely Rural (rural including hub towns 50-79%) ,0.301,0.29,0.12,2.0,0.0,11.955461541287493,2022,2,OUTWELL MOORS PRIMARY,King's Lynn and West Norfolk
FREP-288810-Z,weather_natural,143.0,16.825641025641026,17.333333333333332,52.2143741332448,0.865361205055409,2022-02-20,10.550000190734863,989.9000244140624,20.5,3.5,matched,E07000203,105725.0,Mainly Rural (rural including hub towns >=80%) ,0.244,0.01,0.071,2.0,0.0,11.56859666234069,2022,2,DRINKSTONE PRIMARY,Mid Suffolk
FREP-288786-Z,weather_natural,1065.0,3.80830985915493,20.05,52.5758281720386,0.815522640736117,2022-02-20,10.949999809265137,989.5999755859376,22.299999237060547,5.800000190734863,matched,E07000143,143422.0,Mainly Rural (rural including hub towns >=80%) ,0.207,0.18,0.1,2.0,0.0,11.873546612395812,2022,2,WATTON PRIMARY,Breckland
FREP-288830-Z,weather_natural,273.0,1.218529130850048,17.433333333333334,52.2913555214597,0.173533476514472,2022-02-20,4.150000095367432,998.9000244140624,17.0,7.300000190734863,matched,E07000012,165727.0,Largely Rural (rural including hub towns 50-79%) ,0.1559999999999999,0.02,0.056,2.0,0.0,12.01809713522202,2022,2,LANDBEACH PRIMARY,South Cambridgeshire
FREP-288866-Z,weather_natural,1038.0,4.366666666666667,23.4,52.045183337677,0.960993782759361,2022-02-20,10.699999809265137,990.4000244140624,26.200000762939453,2.6000001430511475,matched,E07000200,94289.0,Mainly Rural (rural including hub towns >=80%) ,0.169,0.17,0.08,2.0,0.0,11.454119812824949,2022,2,HADLEIGH PRIMARY,Babergh
FREP-288782-Z,weather_natural,1571.0,0.434298748143433,5.6,52.7406474812884,0.408034645296999,2022-02-20,11.25,988.7999877929688,22.200000762939453,3.5,matched,E07000146,155665.0,Largely Rural (rural including hub towns 50-79%) ,0.301,0.29,0.12,2.0,0.0,11.955461541287493,2022,2,HARDWICK RD PRIMARY,King's Lynn and West Norfolk
FREP-288797-Z,weather_natural,217.0,10.619941520467837,20.883333333333333,52.6012987580131,1.02250058724456,2022-02-20,11.050000190734863,989.7999877929688,21.700000762939453,6.90000057220459,matched,E07000143,143422.0,Mainly Rural (rural including hub towns >=80%) ,0.207,0.18,0.1,2.0,0.0,11.873546612395812,2022,2,HARDINGHAM PRIMARY,Breckland
FREP-288890-Z,weather_natural,106.0,5.985220125786164,6.083333333333333,51.9190059908613,1.14452514264264,2022-02-20,8.0,993.5,26.100000381469727,3.0999999046325684,matched,E07000076,151530.0,Largely Rural (rural including hub towns 50-79%) ,0.5249999999999999,0.49,0.173,2.0,0.0,11.928538904130209,2022,2,WIX PRIMARY,Tendring
FREP-288906-Z,weather_natural,0.0,,21.85,51.7918902437531,-0.0870652171898162,2022-02-20,6.949999809265137,996.4000244140624,22.0,4.300000190734863,matched,E07000242,151828.0,Urban with Significant Rural (rural including hub towns 26-49%),0.1669999999999999,0.04,0.06,2.0,1.0,11.930503580162194,2022,2,WEST HERTFORD PRIMARY,East Hertfordshire
FREP-288951-Z,weather_natural,313.0,4.8394568690095845,14.683333333333334,51.7570446100868,-0.465289807529104,2022-02-20,7.199999809265137,995.2999877929688,26.299999237060547,4.600000381469727,matched,E07000096,156299.0,Urban with Significant Rural (rural including hub towns 26-49%),0.219,0.43,0.085,2.0,1.0,11.959526118436445,2022,2,ST PAULS PRIMARY,Dacorum
FREP-289069-Z,technical_asset,1609.0,0.8447793660658794,13.366666666666667,52.6846328706583,0.945193420743859,2022-02-21,5.900000095367432,992.7999877929688,21.299999237060547,11.499999046325684,matched,E07000143,143422.0,Mainly Rural (rural including hub towns >=80%) ,0.207,0.18,0.1,3.0,0.0,11.873546612395812,2022,2,EAST DEREHAM PRIMARY,Breckland
FREP-289047-Z,weather_natural,1161.0,1.3612583494936437,6.133333333333334,52.1277833898086,-0.0842095369308766,2022-02-21,9.75,1006.0999755859376,27.39999961853028,6.5,matched,E07000012,165727.0,Largely Rural (rural including hub towns 50-79%) ,0.1559999999999999,0.02,0.056,3.0,0.0,12.01809713522202,2022,2,CROYDON PRIMARY,South Cambridgeshire
FREP-289061-Z,weather_natural,8.0,0.4333333333333333,0.4333333333333333,52.0691457824227,0.605348194823265,2022-02-22,11.75,1013.7000122070312,15.699999809265137,0.3000000119209289,matched,E07000067,157656.0,Largely Rural (rural including hub towns 50-79%) ,0.195,0.15,0.092,4.0,0.0,11.96817072324042,2022,2,BELCHAMP GRID,Braintree
FREP-289088-Z,weather_natural,35.0,52.361428571428576,54.516666666666666,52.916168334031,1.3048608045795,2022-02-21,4.800000190734863,991.0,23.299999237060547,10.699999809265137,matched,E07000147,103178.0,Mainly Rural (rural including hub towns >=80%) ,0.1979999999999999,0.03,0.106,3.0,0.0,11.544210931009303,2022,2,CROMER PRIMARY,North Norfolk
FREP-289112-Z,weather_natural,617.0,0.986609873307121,9.05,52.6993533815159,1.08755590682345,2022-02-21,7.050000190734863,994.7999877929688,23.600000381469727,14.0,matched,E07000144,133839.0,Urban with Significant Rural (rural including hub towns 26-49%),0.129,0.01,0.072,3.0,1.0,11.804392864024903,2022,2,WESTON LONGVILLE PRIMARY,Broadland
FREP-289132-Z,weather_natural,127.0,3.4686868686868686,4.6,52.4613078512641,0.30833290984839,2022-02-21,7.949999809265137,995.5999755859376,21.39999961853028,10.300000190734863,matched,E07000009,89348.0,Mainly Rural (rural including hub towns >=80%) ,0.135,-0.11,0.07,3.0,0.0,11.400294136453448,2022,2,LITTLEPORT PRIMARY,East Cambridgeshire
FREP-289363-Z,weather_natural,282.0,0.9460972488803584,4.666666666666667,52.2013421618813,-0.0735841187723307,2022-02-21,9.800000190734863,1005.7999877929688,28.299999237060547,6.700000286102295,matched,E07000012,165727.0,Largely Rural (rural including hub towns 50-79%) ,0.1559999999999999,0.02,0.056,3.0,0.0,12.01809713522202,2022,2,BOURN PRIMARY,South Cambridgeshire
FREP-289368-Z,weather_natural,14.0,0.9333333333333332,0.9333333333333332,52.7877806593875,0.658563557984746,2022-02-21,10.699999809265137,1004.2999877929688,20.39999961853028,13.899999618530272,matched,E07000146,155665.0,Largely Rural (rural including hub towns 50-79%) ,0.301,0.29,0.12,3.0,0.0,11.955461541287493,2022,2,LT MASSINGHAM PRIMARY,King's Lynn and West Norfolk
FREP-289410-Z,weather_natural,521.0,1.0756238003838774,7.35,51.7290355318667,-0.343475893046262,2022-02-21,8.649999618530273,1009.0999755859376,19.600000381469727,4.099999904632568,matched,E07000240,148698.0,Urban with City and Town,0.189,0.12,0.06,3.0,1.0,11.90967268245867,2022,2,PARK ST PRIMARY,St Albans
FREP-289659-Z,weather_natural,1.0,2.4166666666666665,2.4166666666666665,52.1499445946593,-0.420771552305244,2022-02-22,10.649999618530272,1012.7999877929688,15.300000190734863,0.7000000476837158,matched,E06000055,187624.0,Urban with Significant Rural (rural including hub towns 26-49%),0.3189999999999999,0.36,0.114,4.0,1.0,12.142195239141413,2022,2,EDISON RD GRID,Bedford
FREP-289662-Z,weather_natural,0.0,,31.55,52.8300316889664,0.845897148493393,2022-02-21,9.850000381469728,1010.0,14.300000190734863,11.199999809265137,matched,E07000147,103178.0,Mainly Rural (rural including hub towns >=80%) ,0.1979999999999999,0.03,0.106,3.0,0.0,11.544210931009303,2022,2,FAKENHAM PRIMARY,North Norfolk
FREP-289710-Z,weather_natural,221.0,8.767716049382717,32.3,51.6895100401282,0.869267089431415,2022-02-22,7.949999809265137,1019.7000122070312,7.800000190734863,0.2000000029802322,matched,E07000074,67624.0,Mainly Rural (rural including hub towns >=80%) ,0.185,0.05,0.086,4.0,0.0,11.121718228608763,2022,2,TILLINGHAM PRIMARY,Maldon
FREP-289765-Z,technical_asset,79.0,3.134587813620072,9.983333333333333,51.7043064090065,0.115333755355965,2022-02-22,10.600000381469728,1014.7000122070312,13.899999618530272,1.7000000476837158,matched,E07000072,134889.0,Urban with Significant Rural (rural including hub towns 26-49%),0.224,0.14,0.091,4.0,1.0,11.81220749698825,2022,2,LINDSEY ST PRIMARY,Epping Forest
FREP-290156-Z,weather_natural,1007.0,1.3965243296921548,5.016666666666667,51.9622149375365,0.488388922212106,2022-02-22,9.899999618530272,1016.9000244140624,11.800000190734863,0.4000000059604645,matched,E07000067,157656.0,Largely Rural (rural including hub towns 50-79%) ,0.195,0.15,0.092,4.0,0.0,11.96817072324042,2022,2,WETHERSFIELD PRIMARY,Braintree
FREP-290198-Z,technical_asset,1.0,17.7,17.7,52.5742947660599,1.71501848400845,2022-02-22,8.0,1017.4000244140624,11.699999809265137,0.5,matched,E07000145,99798.0,Urban with Significant Rural (rural including hub towns 26-49%),0.43,0.58,0.184,4.0,1.0,11.51090342201859,2022,2,MAGDALEN WAY PRIMARY,Great Yarmouth
FREP-290208-Z,weather_natural,7.0,3.271428571428572,20.0,51.7159313868667,0.518478466646667,2022-02-22,6.150000095367432,1022.2999877929688,8.100000381469727,0.3000000119209289,matched,E07000070,183471.0,Urban with City and Town,0.2639999999999999,0.13,0.077,4.0,1.0,12.119811895840279,2022,2,CHELMSFORD EAST LOCAL,Chelmsford
FREP-290221-Z,technical_asset,3.0,15.35,15.35,52.1267409229522,-0.482627126732345,2022-02-22,4.699999809265137,1023.2999877929688,7.599999904632568,0.4000000059604645,matched,E06000055,187624.0,Urban with Significant Rural (rural including hub towns 26-49%),0.3189999999999999,0.36,0.114,4.0,1.0,12.142195239141413,2022,2,AUSTIN CANONS PRIMARY,Bedford
FREP-4531-I,weather_natural,34.0,2.2014705882352943,19.78333333333333,52.7091005078878,0.777313163293541,2022-02-19,6.349999904632568,1000.7000122070312,14.300000190734863,5.599999904632568,matched,E07000143,143422.0,Mainly Rural (rural including hub towns >=80%) ,0.207,0.18,0.1,1.0,0.0,11.873546612395812,2022,2,KEMPSTONE PRIMARY,Breckland
FREP-45555-N,technical_asset,0.0,,1.0,51.490067479721,-0.134945395376996,2022-02-19,3.3499999046325684,1012.5999755859376,8.800000190734863,0.5,matched,E09000033,209333.0,Urban with Major Conurbation,0.391,0.48,0.135,1.0,1.0,12.25168156442427,2022,2,MORETON ST 11KV,Westminster
FREP-285382-J,technical_asset,1.0,6.416666666666667,6.416666666666667,51.4673121942058,-0.0966399815166458,2022-02-19,7.300000190734863,1009.2999877929688,11.0,0.5,matched,E09000022,317657.0,Urban with Major Conurbation,0.286,0.14,0.153,1.0,1.0,12.668727463284863,2022,2,BENGEWORTH RD 11KV,Lambeth
FREP-285413-J,technical_asset,5.0,3.613333333333333,7.2,51.5163799124923,-0.0797928643756813,2022-02-19,4.0,1011.7999877929688,6.800000190734863,5.199999809265137,matched,E09000001,11615.0,Urban with Major Conurbation,0.204,-0.15,0.065,1.0,1.0,9.36005264520451,2022,2,DEVONSHIRE SQ,City of London
FREP-285536-J,technical_asset,15.0,2.391111111111111,23.73333333333333,51.5616115695199,0.0902081005716816,2022-02-21,7.900000095367432,1017.2999877929688,13.600000381469728,1.0,matched,E09000026,311629.0,Urban with Major Conurbation,0.2739999999999999,0.41,0.121,3.0,1.0,12.649568656684114,2022,2,CLARKS RD B,Redbridge
FREP-285641-J,technical_asset,1.0,44.15,44.15,51.3993838291348,-0.242431988934972,2022-02-21,8.800000190734863,1016.4000244140624,14.300000190734863,1.4000000953674316,matched,E09000024,215105.0,Urban with Major Conurbation,0.285,0.58,0.1,3.0,1.0,12.278881559987985,2022,2,BURLINGTON RD,Merton
FREP-285662-J,technical_asset,1.0,7.216666666666667,7.216666666666667,51.5618018795464,-0.0831316302904071,2022-02-22,8.350000381469727,1016.5999755859376,10.100000381469728,0.3000000119209289,matched,E09000012,261814.0,Urban with Major Conurbation,0.343,0.23,0.196,4.0,1.0,12.47538960696398,2022,2,EDWARDS LANE C,Hackney
FREP-286481-Z,weather_natural,414.0,5.370627450980392,100.03333333333332,52.3978836770285,0.255467859575925,2022-02-22,12.350000381469728,1011.2000122070312,15.100000381469728,0.0,matched,E07000009,89348.0,Mainly Rural (rural including hub towns >=80%) ,0.135,-0.11,0.07,4.0,0.0,11.400294136453448,2022,2,ELY PRIMARY,East Cambridgeshire
FREP-286520-Z,weather_natural,9.0,47.78888888888889,53.61666666666667,51.5656442751686,0.391332461295263,2022-02-20,10.899999618530272,995.4000244140624,21.39999961853028,1.2000001668930054,matched,E06000034,176778.0,Urban with Major Conurbation,0.3289999999999999,0.4,0.13,2.0,1.0,12.082649987053939,2022,2,LANGDON PRIMARY,Thurrock
FREP-286700-Z,weather_natural,1013.0,2.938680487002303,27.15,52.3954292155701,1.29224857401646,2022-02-19,2.799999952316284,1008.4000244140624,16.200000762939453,3.200000047683716,matched,E07000149,144641.0,Mainly Rural (rural including hub towns >=80%) ,0.15,0.05,0.078,1.0,0.0,11.882010089318918,2022,2,HARLESTON PRIMARY,South Norfolk
FREP-286813-Z,weather_natural,7.0,27.24285714285714,94.35,52.045183337677,0.960993782759361,2022-02-22,7.0,1020.2999877929688,8.899999618530273,0.800000011920929,matched,E07000200,94289.0,Mainly Rural (rural including hub towns >=80%) ,0.169,0.17,0.08,4.0,0.0,11.454119812824949,2022,2,HADLEIGH PRIMARY,Babergh
FREP-286906-Z,weather_natural,3.0,76.16666666666667,76.16666666666667,51.9622149375365,0.488388922212106,2022-02-19,3.049999952316284,1010.4000244140624,12.800000190734863,6.099999904632568,matched,E07000067,157656.0,Largely Rural (rural including hub towns 50-79%) ,0.195,0.15,0.092,1.0,0.0,11.96817072324042,2022,2,WETHERSFIELD PRIMARY,Braintree
FREP-286928-Z,weather_natural,768.0,12.914976689976692,98.25,51.9622149375365,0.488388922212106,2022-02-19,7.949999809265137,1002.7000122070312,16.299999237060547,6.099999904632568,matched,E07000067,157656.0,Largely Rural (rural including hub towns 50-79%) ,0.195,0.15,0.092,1.0,0.0,11.96817072324042,2022,2,WETHERSFIELD PRIMARY,Braintree
FREP-286766-Z,weather_natural,101.0,10.032178217821782,73.75,52.045364857977,0.741789737061406,2022-02-21,10.449999809265137,1005.7999877929688,23.5,4.300000190734863,matched,E07000200,94289.0,Mainly Rural (rural including hub towns >=80%) ,0.169,0.17,0.08,3.0,0.0,11.454119812824949,2022,2,SUDBURY PRIMARY,Babergh
FREP-286920-Z,weather_natural,5.0,16.15,19.216666666666665,51.7534500785572,-0.579184111871018,2022-02-22,7.5,1019.5999755859376,10.600000381469728,0.5,matched,E07000096,156299.0,Urban with Significant Rural (rural including hub towns 26-49%),0.219,0.43,0.085,4.0,1.0,11.959526118436445,2022,2,BERKHAMSTED PRIMARY,Dacorum
FREP-287153-Z,weather_natural,2.0,6.550000000000001,6.666666666666667,51.5757329037717,0.56263505423494,2022-02-20,12.050000190734863,1000.0,19.5,1.5000001192092896,matched,E07000069,89779.0,Urban with City and Town,0.3389999999999999,0.33,0.107,2.0,1.0,11.405106373935732,2022,2,THUNDERSLEY PRIMARY,Castle Point
FREP-287066-Z,weather_natural,34.0,18.05,18.05,51.9373446584528,1.02343554475614,2022-02-20,6.25,995.9000244140624,20.0,3.5999999046325684,matched,E07000076,151530.0,Largely Rural (rural including hub towns 50-79%) ,0.5249999999999999,0.49,0.173,2.0,0.0,11.928538904130209,2022,2,FOXASH PRIMARY,Tendring
FREP-287245-Z,weather_natural,6.0,2.8083333333333336,9.183333333333334,52.0372622741427,0.854190839174079,2022-02-22,12.350000381469728,1013.5999755859376,14.899999618530272,0.5,matched,E07000200,94289.0,Mainly Rural (rural including hub towns >=80%) ,0.169,0.17,0.08,4.0,0.0,11.454119812824949,2022,2,GROTON PRIMARY,Babergh
FREP-287418-Z,weather_natural,92.0,6.173731884057971,63.31666666666667,51.9373446584528,1.02343554475614,2022-02-19,6.449999809265137,1011.2000122070312,12.0,0.1000000014901161,matched,E07000076,151530.0,Largely Rural (rural including hub towns 50-79%) ,0.5249999999999999,0.49,0.173,1.0,0.0,11.928538904130209,2022,2,FOXASH PRIMARY,Tendring
FREP-287279-Z,weather_natural,1.0,67.31666666666666,67.31666666666666,51.9622149375365,0.488388922212106,2022-02-19,7.949999809265137,1002.7000122070312,16.299999237060547,6.099999904632568,matched,E07000067,157656.0,Largely Rural (rural including hub towns 50-79%) ,0.195,0.15,0.092,1.0,0.0,11.96817072324042,2022,2,WETHERSFIELD PRIMARY,Braintree
FREP-287688-Z,weather_natural,2.0,39.825,78.26666666666667,52.0372622741427,0.854190839174079,2022-02-20,11.75,999.7000122070312,18.700000762939453,2.1999998092651367,matched,E07000200,94289.0,Mainly Rural (rural including hub towns >=80%) ,0.169,0.17,0.08,2.0,0.0,11.454119812824949,2022,2,GROTON PRIMARY,Babergh
FREP-287715-Z,weather_natural,348.0,16.0477969348659,52.31666666666667,52.1311799252025,0.66639483384976,2022-02-19,2.8499999046325684,1011.0,13.0,1.3000000715255735,matched,E07000200,94289.0,Mainly Rural (rural including hub towns >=80%) ,0.169,0.17,0.08,1.0,0.0,11.454119812824949,2022,2,BOXTED PRIMARY,Babergh
FREP-268647-G,weather_natural,1.0,121.88333333333334,121.88333333333334,51.3031628419803,0.335796293006111,2022-02-19,8.149999618530273,1005.7999877929688,16.299999237060547,5.0,matched,E07000115,133655.0,Urban with Significant Rural (rural including hub towns 26-49%),0.231,0.17,0.08,1.0,1.0,11.803017132015809,2022,2,WROTHAM HEATH 33/11KV,Tonbridge and Malling
FREP-268718-G,technical_asset,6.0,42.833333333333336,42.833333333333336,51.2563268556425,1.02368290117269,2022-02-19,7.949999809265137,1007.7999877929688,17.700000762939453,3.8000001907348633,matched,E07000106,158723.0,Urban with City and Town,0.248,0.17,0.1,1.0,1.0,11.974915823549752,2022,2,CHARTHAM 33/11KV,Canterbury
FREP-268788-G,weather_natural,11.0,40.96666666666667,40.96666666666667,51.1756619558011,0.490534373189508,2022-02-20,9.899999618530272,1009.0999755859376,14.399999618530272,6.199999809265137,matched,E07000110,180144.0,Urban with Significant Rural (rural including hub towns 26-49%),0.297,0.32,0.095,2.0,1.0,12.101511810042911,2022,2,MARDEN 33/11KV,Maidstone
FREP-268707-G,weather_natural,616.0,7.737418831168831,68.65,51.0729133018242,1.09287207346923,2022-02-19,7.860499858856201,1008.0999755859376,18.5,3.400000095367432,matched,E07000112,110372.0,Urban with Significant Rural (rural including hub towns 26-49%),0.3339999999999999,0.43,0.145,1.0,1.0,11.611611757468927,2022,2,HYTHE MAIN 33/11KV,Folkestone and Hythe
FREP-268728-G,weather_natural,76.0,10.75438596491228,100.33333333333331,51.3540076168943,1.09524392810905,2022-02-20,11.334500312805176,1006.4000244140624,18.5,6.399999618530273,matched,E07000106,158723.0,Urban with City and Town,0.248,0.17,0.1,2.0,1.0,11.974915823549752,2022,2,HERNE BAY 33/11KV,Canterbury
FREP-268752-G,weather_natural,1.0,113.65,113.65,51.0356717575838,1.00408132053187,2022-02-19,8.350000381469727,1010.2000122070312,17.200000762939453,2.6999998092651367,matched,E07000112,110372.0,Urban with Significant Rural (rural including hub towns 26-49%),0.3339999999999999,0.43,0.145,1.0,1.0,11.611611757468927,2022,2,DYMCHURCH 33/11KV,Folkestone and Hythe
FREP-269108-G,weather_natural,24.0,94.48680555555556,94.56666666666666,50.9313871058919,0.245345444264426,2022-02-19,6.949999809265137,1012.0999755859376,12.300000190734863,4.5,matched,E07000065,163091.0,Mainly Rural (rural including hub towns >=80%) ,0.237,0.29,0.073,1.0,0.0,12.002063606215954,2022,2,HORAM 33/11KV,Wealden
FREP-268935-G,weather_natural,8.0,103.63333333333334,103.63333333333334,51.1756619558011,0.490534373189508,2022-02-20,11.5,1006.9000244140624,18.39999961853028,6.200000286102295,matched,E07000110,180144.0,Urban with Significant Rural (rural including hub towns 26-49%),0.297,0.32,0.095,2.0,1.0,12.101511810042911,2022,2,MARDEN 33/11KV,Maidstone
FREP-269077-G,weather_natural,1.0,0.5,0.5,51.0482500947197,0.168254198204291,2022-02-20,5.099999904632568,1003.2999877929688,17.899999618530273,3.799999952316284,matched,E07000065,163091.0,Mainly Rural (rural including hub towns >=80%) ,0.237,0.29,0.073,2.0,0.0,12.002063606215954,2022,2,CROWBOROUGH TOWN 33/6.6KV,Wealden
FREP-269247-G,weather_natural,11.0,97.5,97.5,51.2282942287575,1.34369028190535,2022-02-20,10.050000190734863,995.2000122070312,24.39999961853028,2.200000047683716,matched,E07000108,117445.0,Urban with Significant Rural (rural including hub towns 26-49%),0.376,0.3,0.134,2.0,1.0,11.673725417873936,2022,2,BETTESHANGER LOCAL 33/11KV,Dover
FREP-269336-G,weather_natural,3.0,95.21666666666664,95.21666666666668,50.9313871058919,0.245345444264426,2022-02-21,8.100000381469727,1018.5,10.5,0.800000011920929,matched,E07000065,163091.0,Mainly Rural (rural including hub towns >=80%) ,0.237,0.29,0.073,3.0,0.0,12.002063606215954,2022,2,HORAM 33/11KV,Wealden
FREP-269459-G,weather_natural,1.0,96.91666666666669,96.91666666666669,50.9313871058919,0.245345444264426,2022-02-21,7.75,1005.4000244140624,13.800000190734863,4.599999904632568,matched,E07000065,163091.0,Mainly Rural (rural including hub towns >=80%) ,0.237,0.29,0.073,3.0,0.0,12.002063606215954,2022,2,HORAM 33/11KV,Wealden
FREP-269300-G,weather_natural,1016.0,0.8574311023622047,1.6333333333333333,51.0482500947197,0.168254198204291,2022-02-20,6.699999809265137,1001.2000122070312,19.0,3.799999952316284,matched,E07000065,163091.0,Mainly Rural (rural including hub towns >=80%) ,0.237,0.29,0.073,2.0,0.0,12.002063606215954,2022,2,CROWBOROUGH TOWN 33/6.6KV,Wealden
FREP-269317-G,weather_natural,176.0,6.9906971947194725,91.08333333333331,50.9977527867418,0.958525900562704,2022-02-21,5.5,1004.5999755859376,17.5,3.5999999046325684,matched,E07000112,110372.0,Urban with Significant Rural (rural including hub towns 26-49%),0.3339999999999999,0.43,0.145,3.0,1.0,11.611611757468927,2022,2,ROMNEY WARREN 33/11KV,Folkestone and Hythe
FREP-269575-G,weather_natural,15.0,57.13333333333333,57.13333333333333,50.9867631245393,0.609152845255805,2022-02-21,11.100000381469728,1008.4000244140624,21.600000381469727,3.900000095367432,matched,E07000064,94323.0,Largely Rural (rural including hub towns 50-79%) ,0.35,0.37,0.113,3.0,0.0,11.45448034132121,2022,2,NORTHIAM 33/11KV,Rother
FREP-269493-G,weather_natural,23.0,74.8,74.8,50.9612590228917,0.731287779713318,2022-02-21,9.600000381469728,1004.7000122070312,21.89999961853028,4.100000381469727,matched,E07000064,94323.0,Largely Rural (rural including hub towns 50-79%) ,0.35,0.37,0.113,3.0,0.0,11.45448034132121,2022,2,RYE 33/11KV,Rother
FREP-269272-G,weather_natural,371.0,6.067295597484277,11.416666666666666,51.1176023620788,-0.162700185396882,2022-02-20,8.0,999.4000244140624,24.5,2.1000001430511475,matched,E07000226,119959.0,Urban with City and Town,0.2629999999999999,0.28,0.11,2.0,1.0,11.694905296716163,2022,2,CRAWLEY TOWN 33/11KV,Crawley
FREP-269304-G,weather_natural,41.0,15.9,15.9,51.372205223817,-0.467674894016223,2022-02-20,6.199999809265137,1000.5999755859376,18.299999237060547,2.900000095367432,matched,E07000212,89113.0,Urban with Major Conurbation,0.161,0.18,0.066,2.0,1.0,11.39766050629526,2022,2,WEYBRIDGE 33/11KV,Runnymede
FREP-269342-G,weather_natural,204.0,0.8333333333333334,0.8333333333333334,51.0866497080577,1.18487877277459,2022-02-21,3.884000301361084,1002.7000122070312,18.600000381469727,3.0999999046325684,matched,E07000112,110372.0,Urban with Significant Rural (rural including hub towns 26-49%),0.3339999999999999,0.43,0.145,3.0,1.0,11.611611757468927,2022,2,FOLKESTONE EAST 33/11KV,Folkestone and Hythe
FREP-269516-G,weather_natural,6.0,99.61666666666666,99.61666666666666,50.9490589725163,0.453212451572045,2022-02-21,8.800000190734863,1016.4000244140624,13.800000190734863,2.5999999046325684,matched,E07000064,94323.0,Largely Rural (rural including hub towns 50-79%) ,0.35,0.37,0.113,3.0,0.0,11.45448034132121,2022,2,MOUNTFIELD 33/11KV,Rother
FREP-269424-G,technical_asset,118.0,35.05153664302601,50.583333333333336,51.146313212672,0.847145562810736,2022-02-22,11.0,1016.7000122070312,10.699999809265137,0.2000000029802322,matched,E07000105,135818.0,Urban with Significant Rural (rural including hub towns 26-49%),0.291,0.34,0.11,4.0,1.0,11.819071033187548,2022,2,SINGLETON 33/6.6KV,Ashford
FREP-269565-G,weather_natural,18.0,34.367592592592594,53.35,50.8379588886728,-0.39243963618646,2022-02-22,13.014500617980955,1016.9000244140624,14.300000190734863,0.3000000119209289,matched,E07000229,112071.0,Urban with City and Town,0.23,0.22,0.101,4.0,1.0,11.62688787800082,2022,2,NORTH WORTHING 33/11KV,Worthing
FREP-269774-G,weather_natural,1.0,97.55,97.55,50.9612590228917,0.731287779713318,2022-02-21,8.850000381469727,1016.0,13.5,2.3999998569488525,matched,E07000064,94323.0,Largely Rural (rural including hub towns 50-79%) ,0.35,0.37,0.113,3.0,0.0,11.45448034132121,2022,2,RYE 33/11KV,Rother
FREP-269673-G,weather_natural,1.0,78.53333333333333,78.53333333333333,51.3031628419803,0.335796293006111,2022-02-21,8.949999809265137,1011.5999755859376,18.299999237060547,3.5,matched,E07000115,133655.0,Urban with Significant Rural (rural including hub towns 26-49%),0.231,0.17,0.08,3.0,1.0,11.803017132015809,2022,2,WROTHAM HEATH 33/11KV,Tonbridge and Malling
FREP-269870-G,weather_natural,129.0,0.6333333333333333,0.6333333333333333,51.2282942287575,1.34369028190535,2022-02-21,5.800000190734863,1021.0999755859376,8.600000381469727,0.0,matched,E07000108,117445.0,Urban with Significant Rural (rural including hub towns 26-49%),0.376,0.3,0.134,3.0,1.0,11.673725417873936,2022,2,BETTESHANGER LOCAL 33/11KV,Dover
FREP-269878-G,weather_natural,491.0,0.4144263408010862,1.2166666666666666,50.9700428194242,0.0948016972566031,2022-02-22,4.75,1022.4000244140624,6.699999809265137,0.0,matched,E07000065,163091.0,Mainly Rural (rural including hub towns >=80%) ,0.237,0.29,0.073,4.0,0.0,12.002063606215954,2022,2,UCKFIELD 33/11KV,Wealden
FREP-269708-G,weather_natural,1.0,8.9,8.9,51.0176463039151,0.727756668130625,2022-02-21,10.0,1013.2000122070312,18.200000762939453,3.700000047683716,matched,E07000105,135818.0,Urban with Significant Rural (rural including hub towns 26-49%),0.291,0.34,0.11,3.0,1.0,11.819071033187548,2022,2,WITTERSHAM 33/6.6KV,Ashford
FREP-269966-G,weather_natural,33.0,74.03333333333333,74.03333333333333,51.1594569320356,-0.319453087918898,2022-02-22,11.800000190734863,1017.0999755859376,13.5,0.4000000059604645,matched,E07000210,87931.0,Urban with Significant Rural (rural including hub towns 26-49%),0.215,0.11,0.054,4.0,1.0,11.384307694991195,2022,2,CAPEL 33/11KV,Mole Valley
FREP-270122-G,technical_asset,5.0,54.35,54.35,51.3178958672932,0.0324546277819278,2022-02-22,11.550000190734863,1015.5,18.200000762939453,0.6000000238418579,matched,E09000006,329930.0,Urban with Major Conurbation,0.291,0.5,0.091,4.0,1.0,12.706635789729656,2022,2,BIGGIN HILL 33/11KV,Bromley
FREP-270021-G,weather_natural,2.0,103.36666666666666,103.36666666666666,51.06019882791,0.811198677158435,2022-02-22,12.850000381469728,1015.5999755859376,14.699999809265137,0.1000000014901161,matched,E07000105,135818.0,Urban with Significant Rural (rural including hub towns 26-49%),0.291,0.34,0.11,4.0,1.0,11.819071033187548,2022,2,KENARDINGTON 33/6.6KV,Ashford
FREP-270262-G,weather_natural,20.0,27.383333333333333,27.383333333333333,51.2870280496174,0.186381498500364,2022-02-21,8.949999809265137,1014.7999877929688,17.299999237060547,3.700000047683716,matched,E07000111,121194.0,Largely Rural (rural including hub towns 50-79%) ,0.249,0.33,0.075,3.0,0.0,11.705147846441445,2022,2,NORTH SEVENOAKS 33/11KV,Sevenoaks
FREP-270234-G,technical_asset,36.0,19.81203703703704,70.48333333333333,51.0002103715972,-0.104972784313039,2022-02-21,10.75,1009.9000244140624,21.89999961853028,2.5,matched,E07000228,155159.0,Urban with City and Town,0.155,0.02,0.053,3.0,1.0,11.952205676573094,2022,2,HAYWARDS HEATH 33/11KV,Mid Sussex
FREP-270018-G,weather_natural,1.0,64.46666666666667,64.46666666666667,51.2928903833102,-0.333260058692519,2022-02-21,7.699999809265137,1018.5999755859376,12.0,0.4000000059604645,matched,E07000210,87931.0,Urban with Significant Rural (rural including hub towns 26-49%),0.215,0.11,0.054,3.0,1.0,11.384307694991195,2022,2,LEATHERHEAD TOWN 33/11KV,Mole Valley
FREP-272758-G,weather_natural,1032.0,2.0622254521963823,51.2,50.989661506499,-0.240669166666228,2022-02-19,8.800000190734863,1007.2999877929688,15.100000381469728,7.0,matched,E07000228,155159.0,Urban with City and Town,0.155,0.02,0.053,1.0,1.0,11.952205676573094,2022,2,COWFOLD 33/11KV,Mid Sussex
FREP-293653-Z,weather_natural,1084.0,0.6030750307503076,3.1333333333333333,52.5675657948615,1.10617928336132,2022-02-19,3.900000095367432,1004.2000122070312,15.899999618530272,4.100000381469727,matched,E07000149,144641.0,Mainly Rural (rural including hub towns >=80%) ,0.15,0.05,0.078,1.0,0.0,11.882010089318918,2022,2,WYMONDHAM PRIMARY,South Norfolk
FREP-288102-Z,weather_natural,225.0,6.534962962962964,22.816666666666663,51.8144025742154,0.910717023292054,2022-02-19,6.550000190734863,1008.0999755859376,15.600000381469728,1.7000000476837158,matched,E07000071,194475.0,Urban with Significant Rural (rural including hub towns 26-49%),0.287,0.34,0.099,1.0,1.0,12.178058899074975,2022,2,PELDON PRIMARY,Colchester
FREP-288248-Z,weather_natural,334.0,1.7814382896015548,4.283333333333333,52.6281391631301,0.244329053492316,2022-02-19,7.550000190734863,1001.4000244140624,15.199999809265137,5.0,matched,E07000146,155665.0,Largely Rural (rural including hub towns 50-79%) ,0.301,0.29,0.12,1.0,0.0,11.955461541287493,2022,2,OUTWELL MOORS PRIMARY,King's Lynn and West Norfolk
FREP-288110-Z,weather_natural,92.0,34.056084656084664,55.9,51.9533026313802,0.944234898235961,2022-02-19,6.050000190734863,1007.5999755859376,12.699999809265137,1.5,matched,E07000071,194475.0,Urban with Significant Rural (rural including hub towns 26-49%),0.287,0.34,0.099,1.0,1.0,12.178058899074975,2022,2,LANGHAM PRIMARY,Colchester
FREP-288224-Z,weather_natural,1.0,34.8,34.8,52.6221596923307,1.51437893517319,2022-02-19,3.900000095367432,1009.5,13.0,0.7000000476837158,matched,E07000144,133839.0,Urban with Significant Rural (rural including hub towns 26-49%),0.129,0.01,0.072,1.0,1.0,11.804392864024903,2022,2,BEIGHTON PRIMARY,Broadland
FREP-288213-Z,weather_natural,3.0,5.666666666666667,5.666666666666667,51.631567606277,0.404784258995191,2022-02-20,10.0,1006.0,17.700000762939453,6.399999618530273,matched,E07000066,188793.0,Urban with City and Town,0.3339999999999999,0.58,0.138,2.0,1.0,12.148406455735008,2022,2,GOOSEBERRY GRN PRIMARY,Basildon
FREP-288310-Z,weather_natural,1.0,68.31666666666666,68.31666666666666,51.545796154387,0.564586889590234,2022-02-19,8.199999809265137,1007.5,16.700000762939453,6.600000381469727,matched,E07000069,89779.0,Urban with City and Town,0.3389999999999999,0.33,0.107,1.0,1.0,11.405106373935732,2022,2,SOUTH BENFLEET PRIMARY,Castle Point
FREP-288549-Z,weather_natural,1.0,27.216666666666665,27.216666666666665,51.7998315339375,0.273921971573016,2022-02-20,10.800000190734863,1004.5,18.299999237060547,5.300000190734863,matched,E07000077,92650.0,Mainly Rural (rural including hub towns >=80%) ,0.113,0.06,0.054,2.0,0.0,11.436584231713505,2022,2,WHITE RODING PRIMARY,Uttlesford
FREP-288530-Z,technical_asset,69.0,1.7534120734908136,21.966666666666665,51.8331984751452,-0.818275557970287,2022-02-20,10.199999809265137,992.2999877929688,25.700000762939453,3.400000095367432,matched,E06000060,561180.0,Urban with Significant Rural (rural including hub towns 26-49%),0.1874999999999999,0.3,0.06325,2.0,1.0,13.237796988656651,2022,2,BUCKINGHAM RD PRIMARY,Buckinghamshire
FREP-289670-Z,weather_natural,17.0,1.75,1.75,52.6994403764847,0.578884055622165,2022-02-21,9.75,1010.4000244140624,16.100000381469727,10.30000114440918,matched,E07000146,155665.0,Largely Rural (rural including hub towns 50-79%) ,0.301,0.29,0.12,3.0,0.0,11.955461541287493,2022,2,NARBOROUGH PRIMARY,King's Lynn and West Norfolk
FREP-289445-Z,technical_asset,374.0,0.7775401069518716,0.95,51.9430173153703,-0.268096476797097,2022-02-21,9.0,1009.9000244140624,21.5,5.199999809265137,matched,E07000099,134255.0,Urban with Significant Rural (rural including hub towns 26-49%),0.211,0.18,0.079,3.0,1.0,11.80749625562543,2022,2,SOUTH HITCHIN PRIMARY,North Hertfordshire
FREP-289726-Z,weather_natural,1.0,3.1666666666666665,3.1666666666666665,51.9659573238327,0.360396846209066,2022-02-21,5.949999809265137,1019.2999877929688,12.5,0.699999988079071,matched,E07000077,92650.0,Mainly Rural (rural including hub towns >=80%) ,0.113,0.06,0.054,3.0,0.0,11.436584231713505,2022,2,THAXTED LOCAL,Uttlesford
FREP-289797-Z,technical_asset,1.0,37.36666666666667,37.36666666666667,51.8673770122326,-0.41004808933997,2022-02-22,9.100000381469728,1014.7000122070312,12.5,0.699999988079071,matched,E06000032,227546.0,Urban with City and Town,0.379,0.41,0.155,4.0,1.0,12.33510769473612,2022,2,CAPABILITY GREEN PRIMARY,Luton
FREP-289871-Z,weather_natural,1.0,75.85,75.85,52.2609258166513,1.025185085299,2022-02-19,6.949999809265137,1001.7000122070312,14.5,7.800000190734863,matched,E07000203,105725.0,Mainly Rural (rural including hub towns >=80%) ,0.244,0.01,0.071,1.0,0.0,11.56859666234069,2022,2,COTTON PRIMARY,Mid Suffolk
FREP-289907-Z,weather_natural,68.0,2.216666666666667,2.216666666666667,52.5512106810433,0.56124150674349,2022-02-22,8.050000190734863,1017.0999755859376,12.0,0.3000000119209289,matched,E07000146,155665.0,Largely Rural (rural including hub towns 50-79%) ,0.301,0.29,0.12,4.0,0.0,11.955461541287493,2022,2,NORTHWOLD PRIMARY,King's Lynn and West Norfolk
FREP-289971-Z,technical_asset,8.0,27.7,27.7,51.7453022828863,-0.0134025833930495,2022-02-22,11.399999618530272,1014.0,14.600000381469728,0.3000000119209289,matched,E07000095,98952.0,Urban with Major Conurbation,0.242,0.22,0.108,4.0,1.0,11.502390163054846,2022,2,BROXBOURNE PRIMARY,Broxbourne
FREP-290063-Z,weather_natural,1.0,26.366666666666667,26.366666666666667,52.6994403764847,0.578884055622165,2022-02-22,11.0,1012.0999755859376,17.600000381469727,0.5,matched,E07000146,155665.0,Largely Rural (rural including hub towns 50-79%) ,0.301,0.29,0.12,4.0,0.0,11.955461541287493,2022,2,NARBOROUGH PRIMARY,King's Lynn and West Norfolk
FREP-276241-G,weather_natural,1615.0,1.244984520123839,27.03333333333333,51.0518096700857,0.507255686634157,2022-02-20,8.5,998.2000122070312,25.799999237060547,3.0,matched,E07000116,116263.0,Urban with Significant Rural (rural including hub towns 26-49%),0.213,0.19,0.073,2.0,1.0,11.663610145154312,2022,2,HAWKHURST 33/11KV,Tunbridge Wells
FREP-268437-G,weather_natural,489.0,1.7150647580095433,149.31666666666666,51.3762841733607,-0.355952917198262,2022-02-19,7.199999809265137,1009.2000122070312,14.199999809265137,0.5,matched,E07000207,140434.0,Urban with Major Conurbation,0.211,0.16,0.057,1.0,1.0,11.852492906498744,2022,2,ESHER 33/11KV,Elmbridge
FREP-268485-G,weather_natural,1070.0,9.660967112597548,24.7,51.2552822215533,0.370660523179922,2022-02-19,6.449999809265137,1008.7999877929688,21.100000381469727,1.2999999523162842,matched,E07000115,133655.0,Urban with Significant Rural (rural including hub towns 26-49%),0.231,0.17,0.08,1.0,1.0,11.803017132015809,2022,2,MEREWORTH 33/11KV,Tonbridge and Malling
FREP-268529-G,weather_natural,19.0,48.713157894736845,70.45,51.2350505862432,-0.150161113209501,2022-02-22,10.550000190734863,1016.0,12.600000381469728,0.6000000238418579,matched,E07000215,89002.0,Urban with Significant Rural (rural including hub towns 26-49%),0.145,0.07,0.063,4.0,1.0,11.3964141203719,2022,2,NUTFIELD 33/11KV,Tandridge
FREP-268531-G,weather_natural,577.0,2.3607741190063547,2.3666666666666667,51.3660454355275,0.7537622694201,2022-02-19,7.25,1004.7999877929688,23.600000381469727,4.100000381469727,matched,E07000113,154508.0,Largely Rural (rural including hub towns 50-79%) ,0.407,0.43,0.149,1.0,0.0,11.948001153914678,2022,2,GROVEHURST LOCAL,Swale
FREP-9549-O,technical_asset,1.0,17.716666666666665,17.716666666666665,51.7449568993288,-0.312894402496118,2022-02-21,4.349999904632568,1021.2999877929688,5.699999809265137,0.5,matched,E07000240,148698.0,Urban with City and Town,0.189,0.12,0.06,3.0,1.0,11.90967268245867,2022,2,CELL BARNES PRIMARY,St Albans
FREP-76780-V,weather_natural,1.0,86.51666666666667,173.03333333333333,51.2282942287575,1.34369028190535,2022-02-22,11.350000381469728,1017.2000122070312,10.600000381469728,0.0,matched,E07000108,117445.0,Urban with Significant Rural (rural including hub towns 26-49%),0.376,0.3,0.134,4.0,1.0,11.673725417873936,2022,2,BETTESHANGER LOCAL 33/11KV,Dover
FREP-77319-V,technical_asset,2.0,73.9,73.9,51.0002103715972,-0.104972784313039,2022-02-22,11.149999618530272,1017.4000244140624,11.699999809265137,0.0,matched,E07000228,155159.0,Urban with City and Town,0.155,0.02,0.053,4.0,1.0,11.952205676573094,2022,2,HAYWARDS HEATH 33/11KV,Mid Sussex
FREP-77291-V,technical_asset,1.0,2.216666666666667,2.216666666666667,51.2137965127279,0.0087803429374094,2022-02-22,8.199999809265137,1017.9000244140624,9.5,1.0,matched,E07000215,89002.0,Urban with Significant Rural (rural including hub towns 26-49%),0.145,0.07,0.063,4.0,1.0,11.3964141203719,2022,2,CROWHURST 33/11KV,Tandridge
FREP-77061-V,weather_natural,3.0,22.05555555555556,25.166666666666668,51.0978275575817,0.0359286158350521,2022-02-19,7.050000190734863,1013.4000244140624,11.899999618530272,0.4000000059604645,matched,E07000065,163091.0,Mainly Rural (rural including hub towns >=80%) ,0.237,0.29,0.073,1.0,0.0,12.002063606215954,2022,2,FOREST ROW 33/11KV,Wealden
FREP-77164-V,weather_natural,505.0,3.805109034267912,92.6,51.1398734479947,0.270687221882431,2022-02-20,6.900000095367432,1000.5999755859376,19.600000381469727,2.900000095367432,matched,E07000116,116263.0,Urban with Significant Rural (rural including hub towns 26-49%),0.213,0.19,0.073,2.0,1.0,11.663610145154312,2022,2,TUNBRIDGE WELLS TOWN 11KV,Tunbridge Wells
FREP-14192-W,weather_natural,736.0,0.7237771739130435,1.5,51.3126157196458,0.911552531759317,2022-02-20,10.600000381469728,1000.2000122070312,22.799999237060547,0.6000000238418579,matched,E07000113,154508.0,Largely Rural (rural including hub towns 50-79%) ,0.407,0.43,0.149,2.0,0.0,11.948001153914678,2022,2,FAVERSHAM 33/11KV,Swale
FREP-14203-W,weather_natural,215.0,11.666666666666666,11.666666666666666,50.9867631245393,0.609152845255805,2022-02-21,4.699999809265137,1004.7999877929688,16.600000381469727,4.200000286102295,matched,E07000064,94323.0,Largely Rural (rural including hub towns 50-79%) ,0.35,0.37,0.113,3.0,0.0,11.45448034132121,2022,2,NORTHIAM 33/11KV,Rother
FREP-14235-W,technical_asset,1.0,96.55,96.55,50.8168801437218,0.245214725482652,2022-02-22,9.597000122070312,1017.7000122070312,18.100000381469727,0.800000011920929,matched,E07000065,163091.0,Mainly Rural (rural including hub towns >=80%) ,0.237,0.29,0.073,4.0,0.0,12.002063606215954,2022,2,POLEGATE TOWN 33/11KV,Wealden
FREP-60728-C,weather_natural,6.0,15.794444444444446,51.083333333333336,51.6093940021589,0.208322486451367,2022-02-20,10.550000190734863,1005.7000122070312,17.399999618530273,4.600000381469727,matched,E09000016,264786.0,Urban with Major Conurbation,0.323,0.51,0.108,2.0,1.0,12.486677231556683,2022,2,NOAK HILL PRIMARY,Havering
FREP-60705-C,weather_natural,8.0,57.8,57.8,52.2143741332448,0.865361205055409,2022-02-20,9.899999618530272,1003.0999755859376,19.100000381469727,6.000000476837158,matched,E07000203,105725.0,Mainly Rural (rural including hub towns >=80%) ,0.244,0.01,0.071,2.0,0.0,11.56859666234069,2022,2,DRINKSTONE PRIMARY,Mid Suffolk
FREP-60989-C,weather_natural,4.0,9.004166666666666,30.766666666666666,51.724849731361,0.666506126793838,2022-02-20,11.350000381469728,995.0999755859376,21.89999961853028,0.9000000357627869,matched,E07000074,67624.0,Mainly Rural (rural including hub towns >=80%) ,0.185,0.05,0.086,2.0,0.0,11.121718228608763,2022,2,MALDON WICK PRIMARY,Maldon
FREP-60854-C,weather_natural,6.0,16.038888888888888,95.06666666666666,51.5757329037717,0.56263505423494,2022-02-19,6.400000095367432,1008.5,18.89999961853028,1.899999976158142,matched,E07000069,89779.0,Urban with City and Town,0.3389999999999999,0.33,0.107,1.0,1.0,11.405106373935732,2022,2,THUNDERSLEY PRIMARY,Castle Point
FREP-60942-C,technical_asset,5.0,1.4433333333333334,6.85,51.6652426007955,-0.0958896411815701,2022-02-20,10.949999809265137,1005.0,16.600000381469727,5.299999713897705,matched,E09000010,326867.0,Urban with Major Conurbation,0.3209999999999999,0.66,0.171,2.0,1.0,12.697308639314446,2022,2,NORTH ENFIELD PRIMARY,Enfield
FREP-60971-C,weather_natural,0.0,,1.0,51.8824042477402,0.572372304518029,2022-02-20,11.5,998.0999755859376,18.89999961853028,0.3000000119209289,matched,E07000067,157656.0,Largely Rural (rural including hub towns 50-79%) ,0.195,0.15,0.092,2.0,0.0,11.96817072324042,2022,2,BRAINTREE DEPOT PRIMARY,Braintree
FREP-61043-C,technical_asset,0.0,,1.0,51.63312443289,-0.0729010312776826,2022-02-21,9.800000190734863,1013.5999755859376,16.600000381469727,3.299999952316284,matched,E09000010,326867.0,Urban with Major Conurbation,0.3209999999999999,0.66,0.171,3.0,1.0,12.697308639314446,2022,2,BURY ST PRIMARY,Enfield
FREP-61162-C,technical_asset,5.0,8.139999999999999,11.233333333333333,51.545796154387,0.564586889590234,2022-02-22,8.149999618530273,1017.0999755859376,10.300000190734863,1.100000023841858,matched,E07000069,89779.0,Urban with City and Town,0.3389999999999999,0.33,0.107,4.0,1.0,11.405106373935732,2022,2,SOUTH BENFLEET PRIMARY,Castle Point
FREP-60886-C,weather_natural,170.0,2.091111111111111,67.25,51.9533026313802,0.944234898235961,2022-02-19,7.800000190734863,1004.0999755859376,16.5,4.5,matched,E07000071,194475.0,Urban with Significant Rural (rural including hub towns 26-49%),0.287,0.34,0.099,1.0,1.0,12.178058899074975,2022,2,LANGHAM PRIMARY,Colchester
FREP-61157-C,technical_asset,1.0,15.95,15.95,51.5986179175394,-0.0760371122722799,2022-02-21,7.449999809265137,1019.2000122070312,13.0,0.3000000119209289,matched,E09000014,262078.0,Urban with Major Conurbation,0.411,0.65,0.17,3.0,1.0,12.476397448360093,2022,2,BRUCE GV PRIMARY,Haringey
FREP-61003-C,technical_asset,2.0,24.416666666666668,24.416666666666668,52.1223579610288,0.903108332836533,2022-02-20,10.550000190734863,990.4000244140624,21.100000381469727,2.700000047683716,matched,E07000200,94289.0,Mainly Rural (rural including hub towns >=80%) ,0.169,0.17,0.08,2.0,0.0,11.454119812824949,2022,2,HITCHAM PRIMARY,Babergh
FREP-61006-C,technical_asset,1.0,50.6,50.6,51.8912786387698,-0.451987536868635,2022-02-20,10.149999618530272,990.9000244140624,22.39999961853028,3.300000190734864,matched,E06000032,227546.0,Urban with City and Town,0.379,0.41,0.155,2.0,1.0,12.33510769473612,2022,2,CHAUL END PRIMARY,Luton
FREP-61698-C,technical_asset,981.0,11.990061162079511,12.016666666666667,51.9622149375365,0.488388922212106,2022-02-19,2.950000047683716,1008.2999877929688,15.899999618530272,3.700000286102295,matched,E07000067,157656.0,Largely Rural (rural including hub towns 50-79%) ,0.195,0.15,0.092,1.0,0.0,11.96817072324042,2022,2,WETHERSFIELD PRIMARY,Braintree
FREP-62034-C,technical_asset,316.0,0.2318565400843882,0.55,52.6846328706583,0.945193420743859,2022-02-19,3.400000095367432,1003.9000244140624,16.100000381469727,4.100000381469727,matched,E07000143,143422.0,Mainly Rural (rural including hub towns >=80%) ,0.207,0.18,0.1,1.0,0.0,11.873546612395812,2022,2,EAST DEREHAM PRIMARY,Breckland
FREP-62035-C,weather_natural,124.0,12.688844086021506,22.03333333333333,52.6846328706583,0.945193420743859,2022-02-19,6.050000190734863,1002.7000122070312,12.800000190734863,6.399999618530273,matched,E07000143,143422.0,Mainly Rural (rural including hub towns >=80%) ,0.207,0.18,0.1,1.0,0.0,11.873546612395812,2022,2,EAST DEREHAM PRIMARY,Breckland
FREP-275587-G,weather_natural,85.0,0.6333333333333333,0.6333333333333333,50.8433736919331,0.434125561399546,2022-02-20,10.850000381469728,997.7999877929688,30.799999237060547,2.900000095367432,matched,E07000064,94323.0,Largely Rural (rural including hub towns 50-79%) ,0.35,0.37,0.113,2.0,0.0,11.45448034132121,2022,2,LITTLE COMMON 33/11KV,Rother
FREP-76796-V,weather_natural,2.0,85.06666666666666,120.98333333333332,51.2517811437849,1.21405703390067,2022-02-21,9.949999809265137,1008.4000244140624,20.600000381469727,3.200000047683716,matched,E07000108,117445.0,Urban with Significant Rural (rural including hub towns 26-49%),0.376,0.3,0.134,3.0,1.0,11.673725417873936,2022,2,WINGHAM 33/11KV,Dover
FREP-268556-G,weather_natural,3.0,94.63333333333334,94.63333333333334,51.1511090372096,-0.504034443005657,2022-02-20,10.850000381469728,1001.5,19.200000762939453,0.6000000238418579,matched,E07000216,130327.0,Largely Rural (rural including hub towns 50-79%) ,0.1689999999999999,0.03,0.054,2.0,0.0,11.777801955768314,2022,2,CRANLEIGH 33/11KV,Waverley
FREP-273467-G,weather_natural,100.0,1.2666666666666666,1.2666666666666666,51.0356717575838,1.00408132053187,2022-02-21,10.449999809265137,1006.9000244140624,25.39999961853028,3.5,matched,E07000112,110372.0,Urban with Significant Rural (rural including hub towns 26-49%),0.3339999999999999,0.43,0.145,3.0,1.0,11.611611757468927,2022,2,DYMCHURCH 33/11KV,Folkestone and Hythe
FREP-296449-Z,weather_natural,113.0,6.397197640117994,28.75,52.3142687145817,1.34785332282829,2022-02-19,6.150000095367432,1008.4000244140624,13.5,1.0,matched,E07000203,105725.0,Mainly Rural (rural including hub towns >=80%) ,0.244,0.01,0.071,1.0,0.0,11.56859666234069,2022,2,LAXFIELD PRIMARY,Mid Suffolk
FREP-296573-Z,weather_natural,10.0,5.066666666666666,5.066666666666666,52.8298080663625,0.741212258954811,2022-02-20,9.449999809265137,1000.5,17.700000762939453,7.5,matched,E07000146,155665.0,Largely Rural (rural including hub towns 50-79%) ,0.301,0.29,0.12,2.0,0.0,11.955461541287493,2022,2,COXFORD PRIMARY,King's Lynn and West Norfolk
FREP-285083-Z,technical_asset,1.0,248.625,497.25,52.9451163821106,0.759366969937937,2022-02-21,6.75,992.2000122070312,25.0,10.100000381469728,matched,E07000146,155665.0,Largely Rural (rural including hub towns 50-79%) ,0.301,0.29,0.12,3.0,0.0,11.955461541287493,2022,2,BURNHAM THORPE PRIMARY,King's Lynn and West Norfolk
FREP-285371-J,technical_asset,0.0,,1.0,51.5076883210996,-0.0988197556324697,2022-02-19,3.3499999046325684,1012.5999755859376,8.800000190734863,0.5,matched,E09000028,309327.0,Urban with Major Conurbation,0.374,0.43,0.162,1.0,1.0,12.642154248752698,2022,2,BANKSIDE C 11KV,Southwark
FREP-285726-J,technical_asset,37.0,4.836394557823129,8.35,51.595374689883,0.024287205627975,2022-02-22,12.550000190734863,1014.9000244140624,13.5,0.1000000014901161,matched,E09000026,311629.0,Urban with Major Conurbation,0.2739999999999999,0.41,0.121,4.0,1.0,12.649568656684114,2022,2,GROVE LODGE,Redbridge
FREP-293144-Z,technical_asset,239.0,2.6006276150627614,129.98333333333332,52.7027804361989,1.63602502169372,2022-02-21,4.699999809265137,996.4000244140624,18.600000381469727,15.200000762939451,matched,E07000145,99798.0,Urban with Significant Rural (rural including hub towns 26-49%),0.43,0.58,0.184,3.0,1.0,11.51090342201859,2022,2,MARTHAM PRIMARY,Great Yarmouth
FREP-289959-Z,weather_natural,0.0,,1.9666666666666663,52.9157056541743,1.17687536388841,2022-02-22,11.25,1010.9000244140624,18.0,0.4000000059604645,matched,E07000147,103178.0,Mainly Rural (rural including hub towns >=80%) ,0.1979999999999999,0.03,0.106,4.0,0.0,11.544210931009303,2022,2,WEST BECKHAM PRIMARY,North Norfolk
FREP-289825-Z,technical_asset,3.0,3.333333333333333,3.333333333333333,52.5210806354643,1.21151309264698,2022-02-22,8.949999809265137,1012.2000122070312,13.100000381469728,0.8999999761581421,matched,E07000149,144641.0,Mainly Rural (rural including hub towns >=80%) ,0.15,0.05,0.078,4.0,0.0,11.882010089318918,2022,2,HAPTON PRIMARY,South Norfolk
FREP-289886-Z,weather_natural,1.0,103.81666666666666,103.81666666666666,51.4828533656379,0.414566324166197,2022-02-22,11.25,1015.2999877929688,13.5,1.600000023841858,matched,E06000034,176778.0,Urban with Major Conurbation,0.3289999999999999,0.4,0.13,4.0,1.0,12.082649987053939,2022,2,BATA PRIMARY,Thurrock
FREP-290045-Z,weather_natural,0.0,,1728.3,51.6694310310784,0.394973454068306,2022-02-22,11.399999618530272,1016.0,14.5,0.3000000119209289,matched,E07000068,77316.0,Urban with Significant Rural (rural including hub towns 26-49%),0.159,0.05,0.064,4.0,1.0,11.255656198926642,2022,2,INGATESTONE PRIMARY,Brentwood
FREP-290073-Z,weather_natural,61.0,1.865300546448088,2.0,52.7309379164171,0.217613367623211,2022-02-22,11.399999618530272,1012.5999755859376,16.600000381469727,0.1000000014901161,matched,E07000146,155665.0,Largely Rural (rural including hub towns 50-79%) ,0.301,0.29,0.12,4.0,0.0,11.955461541287493,2022,2,STICKFAST LN PRIMARY,King's Lynn and West Norfolk
FREP-285309-J,technical_asset,24.0,2.082638888888889,11.65,51.6271376055075,0.029948701308337,2022-02-19,3.700000047683716,1008.5,15.699999809265137,4.200000286102295,matched,E07000072,134889.0,Urban with Significant Rural (rural including hub towns 26-49%),0.224,0.14,0.091,1.0,1.0,11.81220749698825,2022,2,EPPING NEW RD,Epping Forest
FREP-285299-J,weather_natural,0.0,,117.0,51.507013437135,-0.0263932919817151,2022-02-19,8.949999809265137,1005.0,16.299999237060547,5.699999809265137,matched,E09000030,324881.0,Urban with Major Conurbation,0.293,0.28,0.192,1.0,1.0,12.691214240415034,2022,2,WESTFERRY CIRCUS,Tower Hamlets
FREP-286404-Z,weather_natural,8.0,29.164583333333333,32.266666666666666,51.6718510984256,-0.592743855667607,2022-02-20,10.800000190734863,1004.7999877929688,17.799999237060547,6.199999809265137,matched,E06000060,561180.0,Urban with Significant Rural (rural including hub towns 26-49%),0.1874999999999999,0.3,0.06325,2.0,1.0,13.237796988656651,2022,2,AMERSHAM PRIMARY,Buckinghamshire
FREP-287932-Z,technical_asset,1.0,4.566666666666666,4.566666666666666,51.8790843403445,-0.407397767829372,2022-02-19,4.949999809265137,1010.5999755859376,11.600000381469728,1.3000000715255735,matched,E06000032,227546.0,Urban with City and Town,0.379,0.41,0.155,1.0,1.0,12.33510769473612,2022,2,LUTON ST MARYS PRIMARY,Luton
FREP-297369-Z,weather_natural,0.0,,22.83333333333333,52.6846328706583,0.945193420743859,2022-02-20,10.850000381469728,989.2000122070312,22.700000762939453,5.899999618530273,matched,E07000143,143422.0,Mainly Rural (rural including hub towns >=80%) ,0.207,0.18,0.1,2.0,0.0,11.873546612395812,2022,2,EAST DEREHAM PRIMARY,Breckland
FREP-268634-G,weather_natural,5.0,11.363333333333332,25.216666666666665,51.2651428383632,0.487886812615242,2022-02-20,11.199999809265137,1005.7000122070312,20.700000762939453,4.400000095367432,matched,E07000110,180144.0,Urban with Significant Rural (rural including hub towns 26-49%),0.297,0.32,0.095,2.0,1.0,12.101511810042911,2022,2,BARMING 33/11KV,Maidstone
FREP-268789-G,technical_asset,12.0,7.0,7.0,50.9313871058919,0.245345444264426,2022-02-19,7.099999904632568,1012.5999755859376,15.800000190734863,0.2000000029802322,matched,E07000065,163091.0,Mainly Rural (rural including hub towns >=80%) ,0.237,0.29,0.073,1.0,0.0,12.002063606215954,2022,2,HORAM 33/11KV,Wealden
FREP-269017-G,weather_natural,10.0,104.53333333333332,104.53333333333332,51.1135126645777,0.470287144925582,2022-02-20,10.649999618530272,1006.7000122070312,20.600000381469727,4.899999618530273,matched,E07000116,116263.0,Urban with Significant Rural (rural including hub towns 26-49%),0.213,0.19,0.073,2.0,1.0,11.663610145154312,2022,2,GOUDHURST 33/11KV,Tunbridge Wells
FREP-268870-G,weather_natural,377.0,10.489655172413793,12.0,51.3750692922355,1.32404283214804,2022-02-20,10.751999855041504,1006.7999877929688,18.5,5.799999713897705,matched,E07000114,140699.0,Urban with City and Town,0.387,0.43,0.185,2.0,1.0,11.854378135756683,2022,2,WESTGATE 33/11KV,Thanet
FREP-269963-G,weather_natural,483.0,10.704934437543134,50.45,50.9867631245393,0.609152845255805,2022-02-22,10.899999618530272,1016.9000244140624,10.399999618530272,0.2000000029802322,matched,E07000064,94323.0,Largely Rural (rural including hub towns 50-79%) ,0.35,0.37,0.113,4.0,0.0,11.45448034132121,2022,2,NORTHIAM 33/11KV,Rother
FREP-270210-G,technical_asset,5.0,1.0,1.0,51.0176463039151,0.727756668130625,2022-02-22,5.349999904632568,1024.5999755859375,6.5,0.0,matched,E07000105,135818.0,Urban with Significant Rural (rural including hub towns 26-49%),0.291,0.34,0.11,4.0,1.0,11.819071033187548,2022,2,WITTERSHAM 33/6.6KV,Ashford
FREP-270033-G,weather_natural,63.0,7.105787037037037,75.31666666666666,51.0666275092411,0.322967186539106,2022-02-22,12.100000381469728,1016.2999877929688,14.699999809265137,0.1000000014901161,matched,E07000065,163091.0,Mainly Rural (rural including hub towns >=80%) ,0.237,0.29,0.073,4.0,0.0,12.002063606215954,2022,2,WADHURST 33/6.6KV,Wealden
FREP-270128-G,weather_natural,2.0,59.53333333333333,59.53333333333333,50.9326754669225,-0.173555041823775,2022-02-22,12.449999809265137,1016.2999877929688,14.100000381469728,0.0,matched,E07000228,155159.0,Urban with City and Town,0.155,0.02,0.053,4.0,1.0,11.952205676573094,2022,2,HURSTPIERPOINT 33/11KV,Mid Sussex
FREP-270264-G,technical_asset,3.0,31.98333333333333,31.98333333333333,51.0423833573077,0.192988401084064,2022-02-22,6.699999809265137,1022.5999755859376,7.599999904632568,0.1000000014901161,matched,E07000065,163091.0,Mainly Rural (rural including hub towns >=80%) ,0.237,0.29,0.073,4.0,0.0,12.002063606215954,2022,2,JARVIS BROOK 33/6.6KV,Wealden
FREP-270608-G,weather_natural,3.0,103.01666666666668,103.01666666666668,50.9612590228917,0.731287779713318,2022-02-21,10.100000381469728,1010.2999877929688,20.299999237060547,3.899999856948853,matched,E07000064,94323.0,Largely Rural (rural including hub towns 50-79%) ,0.35,0.37,0.113,3.0,0.0,11.45448034132121,2022,2,RYE 33/11KV,Rother
FREP-288097-Z,weather_natural,191.0,1.3333333333333333,1.3333333333333333,52.6994403764847,0.578884055622165,2022-02-19,4.349999904632568,1005.9000244140624,15.800000190734863,1.5,matched,E07000146,155665.0,Largely Rural (rural including hub towns 50-79%) ,0.301,0.29,0.12,1.0,0.0,11.955461541287493,2022,2,NARBOROUGH PRIMARY,King's Lynn and West Norfolk
FREP-288076-Z,weather_natural,147.0,5.145804988662131,22.383333333333333,51.6834517846981,0.0004237284673146,2022-02-19,6.349999904632568,1008.7999877929688,12.199999809265137,0.6000000238418579,matched,E07000072,134889.0,Urban with Significant Rural (rural including hub towns 26-49%),0.224,0.14,0.091,1.0,1.0,11.81220749698825,2022,2,WALTHAM ABBEY PRIMARY,Epping Forest
FREP-288120-Z,weather_natural,850.0,1.6027131782945738,27.55,52.6221596923307,1.51437893517319,2022-02-19,6.099999904632568,1007.5999755859376,12.0,0.3000000119209289,matched,E07000144,133839.0,Urban with Significant Rural (rural including hub towns 26-49%),0.129,0.01,0.072,1.0,1.0,11.804392864024903,2022,2,BEIGHTON PRIMARY,Broadland
FREP-288229-Z,weather_natural,23.0,15.504347826086954,18.7,52.0183588975495,0.251919192065705,2022-02-19,2.900000095367432,1010.5,12.5,5.5,matched,E07000077,92650.0,Mainly Rural (rural including hub towns >=80%) ,0.113,0.06,0.054,1.0,0.0,11.436584231713505,2022,2,SAFFRON WALDEN PRIMARY,Uttlesford
FREP-288246-Z,weather_natural,7.0,27.25714285714286,91.4,52.5640147325315,1.25498546739366,2022-02-19,6.650000095367432,1000.5999755859376,14.0,7.600000381469727,matched,E07000149,144641.0,Mainly Rural (rural including hub towns >=80%) ,0.15,0.05,0.078,1.0,0.0,11.882010089318918,2022,2,MULBARTON PRIMARY,South Norfolk
FREP-288450-Z,weather_natural,6.0,10.81111111111111,27.33333333333333,51.8720375539987,0.261103751488548,2022-02-20,11.199999809265137,998.0,18.0,1.2000000476837158,matched,E07000077,92650.0,Mainly Rural (rural including hub towns >=80%) ,0.113,0.06,0.054,2.0,0.0,11.436584231713505,2022,2,TAKELEY PRIMARY,Uttlesford
FREP-288823-Z,weather_natural,725.0,1.5729885057471262,3.933333333333333,51.8680750681031,0.370549140110797,2022-02-20,10.399999618530272,991.2999877929688,21.100000381469727,2.800000190734864,matched,E07000077,92650.0,Mainly Rural (rural including hub towns >=80%) ,0.113,0.06,0.054,2.0,0.0,11.436584231713505,2022,2,DUNMOW PRIMARY,Uttlesford
FREP-289591-Z,weather_natural,2.0,7.616666666666666,7.616666666666666,51.651027718283,0.594451054535383,2022-02-21,9.25,1011.9000244140624,17.700000762939453,3.1000001430511475,matched,E07000070,183471.0,Urban with City and Town,0.2639999999999999,0.13,0.077,3.0,1.0,12.119811895840279,2022,2,SOUTH WOODHAM PRIMARY,Chelmsford
FREP-289655-Z,weather_natural,1.0,42.2,42.2,52.1711061546669,1.01718263923797,2022-02-21,8.350000381469727,1012.2999877929688,13.899999618530272,5.599999904632568,matched,E07000203,105725.0,Mainly Rural (rural including hub towns >=80%) ,0.244,0.01,0.071,3.0,0.0,11.56859666234069,2022,2,STOWMARKET GRID,Mid Suffolk
FREP-289398-Z,technical_asset,1.0,6.783333333333333,6.783333333333333,51.676233700079,-0.425139474825921,2022-02-21,8.649999618530273,1009.0999755859376,19.600000381469727,4.099999904632568,matched,E07000103,103038.0,Urban with Major Conurbation,0.2189999999999999,0.14,0.092,3.0,1.0,11.542853131211917,2022,2,GROVE MILL PRIMARY,Watford
FREP-275578-G,weather_natural,807.0,3.188657171922685,33.016666666666666,50.9612590228917,0.731287779713318,2022-02-21,4.150000095367432,1004.9000244140624,16.700000762939453,4.099999904632568,matched,E07000064,94323.0,Largely Rural (rural including hub towns 50-79%) ,0.35,0.37,0.113,3.0,0.0,11.45448034132121,2022,2,RYE 33/11KV,Rother
FREP-267514-G,weather_natural,212.0,49.355945419103314,105.06666666666666,51.0187181200991,-0.341498805744159,2022-02-22,8.25,1021.7000122070312,7.5,0.1000000014901161,matched,E07000227,148784.0,Largely Rural (rural including hub towns 50-79%) ,0.124,0.03,0.056,4.0,0.0,11.910250868717979,2022,2,SOUTHWATER 33/11KV,Horsham
FREP-267501-G,weather_natural,24.0,27.938888888888886,74.05,51.2519277517553,0.54987351370232,2022-02-19,7.449999809265137,1011.4000244140624,14.199999809265137,0.3000000119209289,matched,E07000110,180144.0,Urban with Significant Rural (rural including hub towns 26-49%),0.297,0.32,0.095,1.0,1.0,12.101511810042911,2022,2,SHEPWAY 33/11KV,Maidstone
FREP-267619-G,weather_natural,14.0,27.25,27.25,50.9519783347092,-0.487030444826157,2022-02-21,11.050000190734863,1010.5999755859376,22.600000381469727,2.299999952316284,matched,E07000227,148784.0,Largely Rural (rural including hub towns 50-79%) ,0.124,0.03,0.056,3.0,0.0,11.910250868717979,2022,2,PULBOROUGH 33/11KV,Horsham
FREP-267824-G,weather_natural,7.0,11.48809523809524,16.05,51.3486201840969,-0.488594053389472,2022-02-19,6.449999809265137,1012.5,10.899999618530272,0.3000000119209289,matched,E07000212,89113.0,Urban with Major Conurbation,0.161,0.18,0.066,1.0,1.0,11.39766050629526,2022,2,WEST WEYBRIDGE #OLD,Runnymede
FREP-267897-G,weather_natural,3.0,92.71666666666664,92.71666666666668,51.0002103715972,-0.104972784313039,2022-02-19,7.75,1006.7999877929688,22.5,6.999999523162842,matched,E07000228,155159.0,Urban with City and Town,0.155,0.02,0.053,1.0,1.0,11.952205676573094,2022,2,HAYWARDS HEATH 33/11KV,Mid Sussex
FREP-268098-G,technical_asset,36.0,100.38333333333334,100.38333333333334,50.8664387592286,0.141260104115769,2022-02-19,2.5999999046325684,1014.2000122070312,9.399999618530272,2.900000095367432,matched,E07000065,163091.0,Mainly Rural (rural including hub towns >=80%) ,0.237,0.29,0.073,1.0,0.0,12.002063606215954,2022,2,RIPE 33/11KV,Wealden
FREP-268237-G,technical_asset,4.0,28.450000000000003,56.9,50.8249300033946,-0.14134268577123,2022-02-20,10.755499839782717,1004.2000122070312,24.39999961853028,0.7000000476837158,matched,E06000043,278000.0,Urban with City and Town,0.3819999999999999,0.33,0.123,2.0,1.0,12.535376392672774,2022,2,BRIGHTON TOWN 33/11KV,Brighton and Hove
FREP-267984-G,weather_natural,4.0,124.0,124.0,50.9313871058919,0.245345444264426,2022-02-20,10.050000190734863,1000.2000122070312,23.0,1.2999999523162842,matched,E07000065,163091.0,Mainly Rural (rural including hub towns >=80%) ,0.237,0.29,0.073,2.0,0.0,12.002063606215954,2022,2,HORAM 33/11KV,Wealden
FREP-268244-G,weather_natural,2.0,127.03333333333332,127.03333333333332,50.9313871058919,0.245345444264426,2022-02-19,6.150000095367432,1014.0,10.199999809265137,0.3000000119209289,matched,E07000065,163091.0,Mainly Rural (rural including hub towns >=80%) ,0.237,0.29,0.073,1.0,0.0,12.002063606215954,2022,2,HORAM 33/11KV,Wealden
FREP-267985-G,weather_natural,1.0,112.7,112.7,51.2154495773645,-0.567885507380055,2022-02-19,2.950000047683716,1011.7000122070312,13.800000190734863,4.5,matched,E07000209,146232.0,Urban with City and Town,0.215,0.17,0.057,1.0,1.0,11.89294968059644,2022,2,SHALFORD 33/11KV,Guildford
FREP-268086-G,weather_natural,577.0,1.593551587301587,4.066666666666666,51.0176463039151,0.727756668130625,2022-02-19,3.0999999046325684,1013.7999877929688,11.800000190734863,2.900000095367432,matched,E07000105,135818.0,Urban with Significant Rural (rural including hub towns 26-49%),0.291,0.34,0.11,1.0,1.0,11.819071033187548,2022,2,WITTERSHAM 33/6.6KV,Ashford
FREP-268102-G,weather_natural,15.0,120.65,134.03333333333333,51.3031628419803,0.335796293006111,2022-02-19,3.0999999046325684,1010.5,14.5,4.5,matched,E07000115,133655.0,Urban with Significant Rural (rural including hub towns 26-49%),0.231,0.17,0.08,1.0,1.0,11.803017132015809,2022,2,WROTHAM HEATH 33/11KV,Tonbridge and Malling
FREP-268110-G,technical_asset,5.0,107.63333333333335,107.63333333333334,51.3412853502412,0.715243085981626,2022-02-19,3.200000047683716,1010.2000122070312,15.199999809265137,3.900000095367432,matched,E07000113,154508.0,Largely Rural (rural including hub towns 50-79%) ,0.407,0.43,0.149,1.0,0.0,11.948001153914678,2022,2,SITTINGBOURNE WEST 33/11KV,Swale
FREP-268241-G,weather_natural,98.0,5.816666666666666,5.816666666666666,51.0187181200991,-0.341498805744159,2022-02-19,5.699999809265137,1013.7000122070312,10.399999618530272,0.2000000029802322,matched,E07000227,148784.0,Largely Rural (rural including hub towns 50-79%) ,0.124,0.03,0.056,1.0,0.0,11.910250868717979,2022,2,SOUTHWATER 33/11KV,Horsham
FREP-268395-G,weather_natural,1.0,121.7,121.7,50.9836035710203,0.296735092609588,2022-02-19,7.050000190734863,1012.4000244140624,16.0,0.3000000119209289,matched,E07000065,163091.0,Mainly Rural (rural including hub towns >=80%) ,0.237,0.29,0.073,1.0,0.0,12.002063606215954,2022,2,BROAD OAK 33/11KV,Wealden
FREP-268305-G,weather_natural,9.0,125.28333333333332,125.28333333333332,51.2517811437849,1.21405703390067,2022-02-19,6.199999809265137,1013.2999877929688,10.600000381469728,0.1000000014901161,matched,E07000108,117445.0,Urban with Significant Rural (rural including hub towns 26-49%),0.376,0.3,0.134,1.0,1.0,11.673725417873936,2022,2,WINGHAM 33/11KV,Dover
FREP-268397-G,weather_natural,1083.0,0.4166666666666667,0.4166666666666667,50.9823414683587,0.0027766790657315,2022-02-19,8.050000190734863,1012.9000244140624,14.300000190734863,0.8999999761581421,matched,E07000063,100693.0,Urban with Significant Rural (rural including hub towns 26-49%),0.225,0.36,0.099,1.0,1.0,11.519831562884328,2022,2,NEWICK 33/11KV,Lewes
FREP-268540-G,weather_natural,1448.0,5.0385655946911685,74.46666666666667,50.9823414683587,0.0027766790657315,2022-02-19,8.649999618530273,1007.2000122070312,16.799999237060547,4.099999904632568,matched,E07000063,100693.0,Urban with Significant Rural (rural including hub towns 26-49%),0.225,0.36,0.099,1.0,1.0,11.519831562884328,2022,2,NEWICK 33/11KV,Lewes
FREP-268376-G,weather_natural,1.0,130.1,130.1,51.2394868801445,0.707680376471689,2022-02-19,7.849999904632568,1012.5999755859376,13.699999809265137,0.1000000014901161,matched,E07000110,180144.0,Urban with Significant Rural (rural including hub towns 26-49%),0.297,0.32,0.095,1.0,1.0,12.101511810042911,2022,2,HARRIETSHAM 33/11KV,Maidstone
FREP-268380-G,weather_natural,2.0,125.94166666666666,126.2,51.1049953072768,-0.202111196018126,2022-02-19,7.699999809265137,1012.5999755859376,12.899999618530272,0.6000000238418579,matched,E07000226,119959.0,Urban with City and Town,0.2629999999999999,0.28,0.11,1.0,1.0,11.694905296716163,2022,2,SOUTHGATE 33/11KV,Crawley
FREP-268488-G,weather_natural,544.0,12.365778186274513,22.166666666666668,51.1774454877242,0.392619520989536,2022-02-19,6.449999809265137,1009.2000122070312,21.299999237060547,2.0,matched,E07000116,116263.0,Urban with Significant Rural (rural including hub towns 26-49%),0.213,0.19,0.073,1.0,1.0,11.663610145154312,2022,2,PADDOCK WOOD 33/11KV,Tunbridge Wells
FREP-268394-G,weather_natural,1.0,59.11666666666667,59.11666666666667,51.2563268556425,1.02368290117269,2022-02-19,7.849999904632568,1012.5,14.600000381469728,0.2000000029802322,matched,E07000106,158723.0,Urban with City and Town,0.248,0.17,0.1,1.0,1.0,11.974915823549752,2022,2,CHARTHAM 33/11KV,Canterbury
FREP-268417-G,weather_natural,283.0,0.65,0.65,51.0002103715972,-0.104972784313039,2022-02-19,7.599999904632568,1011.5,15.5,0.3000000119209289,matched,E07000228,155159.0,Urban with City and Town,0.155,0.02,0.053,1.0,1.0,11.952205676573094,2022,2,HAYWARDS HEATH 33/11KV,Mid Sussex
FREP-268423-G,weather_natural,49.0,17.614948453608246,101.45,51.2154495773645,-0.567885507380055,2022-02-19,6.650000095367432,1009.5,14.5,0.800000011920929,matched,E07000209,146232.0,Urban with City and Town,0.215,0.17,0.057,1.0,1.0,11.89294968059644,2022,2,SHALFORD 33/11KV,Guildford
FREP-268471-G,weather_natural,14.0,76.88333333333334,76.88333333333334,51.2909741732542,1.08738546663977,2022-02-20,11.25,1001.9000244140624,20.100000381469727,1.6000001430511477,matched,E07000106,158723.0,Urban with City and Town,0.248,0.17,0.1,2.0,1.0,11.974915823549752,2022,2,CANTERBURY LOCAL 33/11KV,Canterbury
FREP-268479-G,weather_natural,470.0,0.3373404255319149,0.5666666666666667,51.2870280496174,0.186381498500364,2022-02-19,6.150000095367432,1008.5,23.200000762939453,1.5,matched,E07000111,121194.0,Largely Rural (rural including hub towns 50-79%) ,0.249,0.33,0.075,1.0,0.0,11.705147846441445,2022,2,NORTH SEVENOAKS 33/11KV,Sevenoaks
FREP-268520-G,weather_natural,227.0,2.694713656387665,4.116666666666666,51.2870280496174,0.186381498500364,2022-02-19,6.150000095367432,1006.9000244140624,22.100000381469727,3.700000047683716,matched,E07000111,121194.0,Largely Rural (rural including hub towns 50-79%) ,0.249,0.33,0.075,1.0,0.0,11.705147846441445,2022,2,NORTH SEVENOAKS 33/11KV,Sevenoaks
FREP-268481-G,weather_natural,439.0,3.287465564738292,5.4,51.0629074689347,-0.321824140409602,2022-02-19,6.5,1009.2000122070312,21.0,1.900000095367432,matched,E07000227,148784.0,Largely Rural (rural including hub towns 50-79%) ,0.124,0.03,0.056,1.0,0.0,11.910250868717979,2022,2,HORSHAM GRID 132/11KV,Horsham
FREP-268506-G,weather_natural,513.0,5.263807667316439,5.45,51.360183061898,0.597427807179726,2022-02-19,7.096499919891357,1009.0,21.5,1.5,matched,E06000035,282750.0,Urban with City and Town,0.3849999999999999,0.39,0.134,1.0,1.0,12.552318393978366,2022,2,RAINHAM 33/11KV,Medway
FREP-60698-C,weather_natural,45.0,4.82037037037037,26.98333333333333,51.6956502858373,-0.909817098106212,2022-02-20,10.350000381469728,1003.7999877929688,17.600000381469727,5.5,matched,E07000179,151886.0,Mainly Rural (rural including hub towns >=80%) ,0.128,0.18,0.054,2.0,0.0,11.930885518437709,2022,2,CHINNOR PRIMARY,South Oxfordshire
FREP-60915-C,weather_natural,1.0,67.26666666666667,67.26666666666667,51.5236189267748,0.575637834045731,2022-02-19,8.199999809265137,1007.5,16.700000762939453,6.600000381469727,matched,E07000069,89779.0,Urban with City and Town,0.3389999999999999,0.33,0.107,1.0,1.0,11.405106373935732,2022,2,CANVEY PRIMARY,Castle Point
FREP-61054-C,technical_asset,1.0,1.3333333333333333,1.3333333333333333,51.6969245927576,0.255430767380644,2022-02-21,8.300000190734863,1001.0,19.299999237060547,3.899999856948853,matched,E07000072,134889.0,Urban with Significant Rural (rural including hub towns 26-49%),0.224,0.14,0.091,3.0,1.0,11.81220749698825,2022,2,ONGAR PRIMARY,Epping Forest
FREP-61011-C,weather_natural,178.0,2.478464419475656,4.266666666666667,51.6718510984256,-0.592743855667607,2022-02-19,4.800000190734863,1008.2000122070312,15.300000190734863,2.0,matched,E06000060,561180.0,Urban with Significant Rural (rural including hub towns 26-49%),0.1874999999999999,0.3,0.06325,1.0,1.0,13.237796988656651,2022,2,AMERSHAM PRIMARY,Buckinghamshire
FREP-60994-C,weather_natural,1.0,17.233333333333334,17.233333333333334,51.6834517846981,0.0004237284673146,2022-02-20,11.199999809265137,996.9000244140624,19.700000762939453,0.7000000476837158,matched,E07000072,134889.0,Urban with Significant Rural (rural including hub towns 26-49%),0.224,0.14,0.091,2.0,1.0,11.81220749698825,2022,2,WALTHAM ABBEY PRIMARY,Epping Forest
FREP-61024-C,weather_natural,391.0,2.4861040068201192,21.73333333333333,52.5348339638177,0.371981837575061,2022-02-20,7.75,991.2999877929688,22.39999961853028,10.199999809265137,matched,E07000146,155665.0,Largely Rural (rural including hub towns 50-79%) ,0.301,0.29,0.12,2.0,0.0,11.955461541287493,2022,2,SOUTHERY PRIMARY,King's Lynn and West Norfolk
FREP-4514-I,weather_natural,44.0,49.823484848484846,51.13333333333333,51.998244271095,1.11744028111822,2022-02-20,10.75,1003.7000122070312,17.899999618530273,6.000000476837158,matched,E07000200,94289.0,Mainly Rural (rural including hub towns >=80%) ,0.169,0.17,0.08,2.0,0.0,11.454119812824949,2022,2,TATTINGSTONE PRIMARY,Babergh
FREP-4519-I,weather_natural,6.0,8.519444444444446,30.03333333333333,51.998244271095,1.11744028111822,2022-02-19,7.599999904632568,1003.7000122070312,15.0,5.800000190734863,matched,E07000200,94289.0,Mainly Rural (rural including hub towns >=80%) ,0.169,0.17,0.08,1.0,0.0,11.454119812824949,2022,2,TATTINGSTONE PRIMARY,Babergh
FREP-4543-I,weather_natural,917.0,1.2375136314067612,3.4833333333333334,51.8680750681031,0.370549140110797,2022-02-21,6.75,998.5999755859376,21.200000762939453,4.300000190734863,matched,E07000077,92650.0,Mainly Rural (rural including hub towns >=80%) ,0.113,0.06,0.054,3.0,0.0,11.436584231713505,2022,2,DUNMOW PRIMARY,Uttlesford
FREP-14122-W,weather_natural,13.0,29.834126984126986,94.66666666666669,51.2336317295965,-0.338524808669296,2022-02-22,12.699999809265137,1015.7000122070312,13.300000190734863,0.3000000119209289,matched,E07000210,87931.0,Urban with Significant Rural (rural including hub towns 26-49%),0.215,0.11,0.054,4.0,1.0,11.384307694991195,2022,2,DORKING TOWN 33/11KV,Mole Valley
FREP-14178-W,weather_natural,209.0,4.2140350877192985,6.6,51.1756619558011,0.490534373189508,2022-02-20,10.850000381469728,1007.2000122070312,18.200000762939453,6.199999809265137,matched,E07000110,180144.0,Urban with Significant Rural (rural including hub towns 26-49%),0.297,0.32,0.095,2.0,1.0,12.101511810042911,2022,2,MARDEN 33/11KV,Maidstone
FREP-19690-U,weather_natural,457.0,3.0102479941648435,5.683333333333334,50.8538211666084,-0.155780247437696,2022-02-19,7.5,1011.9000244140624,18.100000381469727,0.1000000014901161,matched,E06000043,278000.0,Urban with City and Town,0.3819999999999999,0.33,0.123,1.0,1.0,12.535376392672774,2022,2,WITHDEAN 33/11KV,Brighton and Hove
FREP-270467-G,weather_natural,3.0,40.49444444444445,95.48333333333332,51.2089675123131,1.21920687998267,2022-02-20,10.5,1003.2999877929688,19.200000762939453,2.499999761581421,matched,E07000106,158723.0,Urban with City and Town,0.248,0.17,0.1,2.0,1.0,11.974915823549752,2022,2,LIGHTWEIGHT AGGREGATES,Canterbury
FREP-296461-Z,weather_natural,0.0,,49.45,52.8774564953229,1.04416309202426,2022-02-19,2.900000095367432,1003.5,15.600000381469728,3.3999998569488525,matched,E07000147,103178.0,Mainly Rural (rural including hub towns >=80%) ,0.1979999999999999,0.03,0.106,1.0,0.0,11.544210931009303,2022,2,STODY PRIMARY,North Norfolk
FREP-283602-Z,technical_asset,2.0,1.0,1.0833333333333333,51.5894462682209,-0.102034553788448,2022-02-21,9.949999809265137,1007.2999877929688,23.700000762939453,3.5,matched,E09000014,262078.0,Urban with Major Conurbation,0.411,0.65,0.17,3.0,1.0,12.476397448360093,2022,2,WEST GREEN PRIMARY,Haringey
FREP-285506-J,technical_asset,1.0,18.633333333333333,18.633333333333333,51.5488064069183,-0.185982309384059,2022-02-20,6.25,999.7000122070312,17.700000762939453,3.0,matched,E09000007,217352.0,Urban with Major Conurbation,0.283,0.35,0.141,2.0,1.0,12.289273438122935,2022,2,LITHOS RD A,Camden
FREP-285516-J,technical_asset,40.0,6.465174129353234,13.766666666666667,51.5616115695199,0.0902081005716816,2022-02-21,3.549999952316284,1002.7999877929688,16.399999618530273,3.900000095367432,matched,E09000026,311629.0,Urban with Major Conurbation,0.2739999999999999,0.41,0.121,3.0,1.0,12.649568656684114,2022,2,CLARKS RD B,Redbridge
FREP-285552-J,technical_asset,1.0,194.53333333333333,194.53333333333333,51.4865947925077,-0.194602700927025,2022-02-21,9.75,1004.2999877929688,19.600000381469727,2.700000047683716,matched,E09000020,146336.0,Urban with Major Conurbation,0.4009999999999999,0.7,0.117,3.0,1.0,11.893660626457782,2022,2,OLD BROMPTON RD B 11KV,Kensington and Chelsea
FREP-285722-J,technical_asset,6.0,5.541666666666667,165.33333333333334,51.5616115695199,0.0902081005716816,2022-02-22,12.449999809265137,1014.7999877929688,13.199999809265137,0.4000000059604645,matched,E09000026,311629.0,Urban with Major Conurbation,0.2739999999999999,0.41,0.121,4.0,1.0,12.649568656684114,2022,2,CLARKS RD B,Redbridge
FREP-285742-J,technical_asset,2.0,9.666666666666666,19.33333333333333,51.57029641952,-0.0238411878929548,2022-02-22,8.649999618530273,1019.4000244140624,9.600000381469728,0.1000000014901161,matched,E09000031,275847.0,Urban with Major Conurbation,0.3,0.18,0.152,4.0,1.0,12.527601643165637,2022,2,WATERLOO RD,Waltham Forest
FREP-286280-Z,weather_natural,95.0,5.9833333333333325,5.983333333333333,51.7998315339375,0.273921971573016,2022-02-20,9.649999618530272,1005.7000122070312,17.700000762939453,5.199999809265137,matched,E07000077,92650.0,Mainly Rural (rural including hub towns >=80%) ,0.113,0.06,0.054,2.0,0.0,11.436584231713505,2022,2,WHITE RODING PRIMARY,Uttlesford
FREP-286192-Z,weather_natural,1180.0,2.2305225988700568,34.63333333333333,52.0413941149378,-0.588910667443523,2022-02-19,8.649999618530273,1002.9000244140624,18.299999237060547,5.099999904632568,matched,E06000056,301829.0,Largely Rural (rural including hub towns 50-79%) ,0.248,0.23,0.077,1.0,0.0,12.617615910825437,2022,2,BROGBOROUGH PRIMARY,Central Bedfordshire
FREP-286603-Z,technical_asset,7.0,39.15714285714286,90.7,52.3142687145817,1.34785332282829,2022-02-22,13.5,1011.5,21.0,0.2000000029802322,matched,E07000203,105725.0,Mainly Rural (rural including hub towns >=80%) ,0.244,0.01,0.071,4.0,0.0,11.56859666234069,2022,2,LAXFIELD PRIMARY,Mid Suffolk
FREP-286743-Z,weather_natural,46.0,6.515579710144927,23.966666666666665,51.5757329037717,0.56263505423494,2022-02-19,7.300000190734863,1011.7000122070312,11.600000381469728,0.1000000014901161,matched,E07000069,89779.0,Urban with City and Town,0.3389999999999999,0.33,0.107,1.0,1.0,11.405106373935732,2022,2,THUNDERSLEY PRIMARY,Castle Point
FREP-288781-Z,weather_natural,11.0,27.25757575757576,70.93333333333334,51.8583361904226,0.0674091626160273,2022-02-21,8.149999618530273,1000.5999755859376,17.700000762939453,4.400000095367432,matched,E07000242,151828.0,Urban with Significant Rural (rural including hub towns 26-49%),0.1669999999999999,0.04,0.06,3.0,1.0,11.930503580162194,2022,2,MUCH HADHAM PRIMARY,East Hertfordshire
FREP-288920-Z,technical_asset,10.0,20.225,39.53333333333333,52.4401378458545,1.17358086562589,2022-02-22,11.949999809265137,1011.4000244140624,14.699999809265137,0.3000000119209289,matched,E07000149,144641.0,Mainly Rural (rural including hub towns >=80%) ,0.15,0.05,0.078,4.0,0.0,11.882010089318918,2022,2,TIVETSHALL PRIMARY,South Norfolk
FREP-288961-Z,technical_asset,67.0,2.419157088122605,5.75,52.0769542169972,1.12812127222429,2022-02-21,4.0,999.7000122070312,18.299999237060547,5.400000095367432,matched,E07000202,139331.0,Urban with City and Town,0.296,0.25,0.141,3.0,1.0,11.844607676287078,2022,2,HIGHFIELD PRIMARY,Ipswich
FREP-288983-Z,weather_natural,20.0,6.904166666666667,10.55,52.2438524986778,0.106523770553321,2022-02-21,8.949999809265137,1001.7999877929688,27.100000381469727,7.400000095367432,matched,E07000012,165727.0,Largely Rural (rural including hub towns 50-79%) ,0.1559999999999999,0.02,0.056,3.0,0.0,12.01809713522202,2022,2,HISTON PRIMARY,South Cambridgeshire
FREP-289023-Z,technical_asset,1.0,3.25,3.25,51.8331984751452,-0.818275557970287,2022-02-21,8.699999809265137,1005.4000244140624,22.39999961853028,4.400000095367432,matched,E06000060,561180.0,Urban with Significant Rural (rural including hub towns 26-49%),0.1874999999999999,0.3,0.06325,3.0,1.0,13.237796988656651,2022,2,BUCKINGHAM RD PRIMARY,Buckinghamshire
FREP-289147-Z,weather_natural,683.0,2.514421669106881,2.9166666666666665,52.4613078512641,0.30833290984839,2022-02-21,7.949999809265137,995.5999755859376,21.39999961853028,10.300000190734863,matched,E07000009,89348.0,Mainly Rural (rural including hub towns >=80%) ,0.135,-0.11,0.07,3.0,0.0,11.400294136453448,2022,2,LITTLEPORT PRIMARY,East Cambridgeshire
FREP-289176-Z,weather_natural,14.0,3.695238095238096,5.266666666666667,52.6299846751722,1.22732149561236,2022-02-21,10.949999809265137,1005.7999877929688,18.5,15.199999809265137,matched,E07000149,144641.0,Mainly Rural (rural including hub towns >=80%) ,0.15,0.05,0.078,3.0,0.0,11.882010089318918,2022,2,EARLHAM GRID LOCAL,South Norfolk
FREP-289371-Z,technical_asset,1.0,7.866666666666666,7.866666666666666,52.1507531673233,-0.476782839502988,2022-02-21,10.100000381469728,1006.2000122070312,29.0,6.799999713897705,matched,E06000055,187624.0,Urban with Significant Rural (rural including hub towns 26-49%),0.3189999999999999,0.36,0.114,3.0,1.0,12.142195239141413,2022,2,MANTON LN PRIMARY,Bedford
FREP-289462-Z,weather_natural,3.0,40.5,70.6,52.045183337677,0.960993782759361,2022-02-21,10.800000190734863,1007.0999755859376,21.0,3.5,matched,E07000200,94289.0,Mainly Rural (rural including hub towns >=80%) ,0.169,0.17,0.08,3.0,0.0,11.454119812824949,2022,2,HADLEIGH PRIMARY,Babergh
FREP-289484-Z,technical_asset,1.0,24.166666666666668,24.166666666666668,51.568147810529,-0.356183795220755,2022-02-21,9.5,1010.5999755859376,19.600000381469727,3.6999998092651367,matched,E09000015,261798.0,Urban with Major Conurbation,0.238,0.26,0.109,3.0,1.0,12.475328493009352,2022,2,SOUTH HARROW PRIMARY,Harrow
FREP-289625-Z,technical_asset,0.0,,98.63333333333334,51.5741550554878,-0.212883238659527,2022-02-21,9.800000190734863,1013.5999755859376,16.600000381469727,3.299999952316284,matched,E09000003,390371.0,Urban with Major Conurbation,0.319,0.36,0.111,3.0,1.0,12.874852847975086,2022,2,HENDON WAY PRIMARY,Barnet
FREP-247422-Z,technical_asset,0.0,,1.0,51.6408756403759,-0.476830919701273,2022-02-22,6.650000095367432,1018.4000244140624,9.199999809265137,0.1000000014901161,matched,E07000102,94231.0,Urban with Major Conurbation,0.252,0.42,0.071,4.0,1.0,11.453504493476022,2022,2,RICKMANSWORTH GRID,Three Rivers
FREP-268593-G,weather_natural,0.0,,0.7333333333333333,50.9867631245393,0.609152845255805,2022-02-22,9.050000190734863,1017.7999877929688,10.600000381469728,0.2000000029802322,matched,E07000064,94323.0,Largely Rural (rural including hub towns 50-79%) ,0.35,0.37,0.113,4.0,0.0,11.45448034132121,2022,2,NORTHIAM 33/11KV,Rother
FREP-268745-G,weather_natural,29.0,93.40172413793104,97.66666666666669,51.1300322898903,-0.0147947832634629,2022-02-19,7.199999809265137,1011.0999755859376,15.300000190734863,5.899999618530273,matched,E07000228,155159.0,Urban with City and Town,0.155,0.02,0.053,1.0,1.0,11.952205676573094,2022,2,EAST GRINSTEAD 33/11KV,Mid Sussex
FREP-268786-G,technical_asset,7.0,102.18333333333332,102.18333333333334,51.1300322898903,-0.0147947832634629,2022-02-20,9.649999618530272,1010.2999877929688,14.5,5.900000095367432,matched,E07000228,155159.0,Urban with City and Town,0.155,0.02,0.053,2.0,1.0,11.952205676573094,2022,2,EAST GRINSTEAD 33/11KV,Mid Sussex
FREP-268663-G,weather_natural,213.0,9.551408450704226,48.083333333333336,51.1049953072768,-0.202111196018126,2022-02-19,6.75,1012.0,12.600000381469728,7.0,matched,E07000226,119959.0,Urban with City and Town,0.2629999999999999,0.28,0.11,1.0,1.0,11.694905296716163,2022,2,SOUTHGATE 33/11KV,Crawley
FREP-268766-G,weather_natural,1026.0,0.4057342430149448,2.1166666666666667,51.1774454877242,0.392619520989536,2022-02-19,6.300000190734863,1011.5999755859376,12.100000381469728,5.800000190734863,matched,E07000116,116263.0,Urban with Significant Rural (rural including hub towns 26-49%),0.213,0.19,0.073,1.0,1.0,11.663610145154312,2022,2,PADDOCK WOOD 33/11KV,Tunbridge Wells
FREP-268859-G,technical_asset,2.0,14.308333333333334,24.816666666666663,50.927579327247,-0.390106657160305,2022-02-22,11.850000381469728,1017.0,14.5,0.0,matched,E07000227,148784.0,Largely Rural (rural including hub towns 50-79%) ,0.124,0.03,0.056,4.0,0.0,11.910250868717979,2022,2,ASHINGTON 33/11KV,Horsham
FREP-268922-G,weather_natural,28.0,23.526190476190475,33.833333333333336,50.9313871058919,0.245345444264426,2022-02-22,12.800000190734863,1016.2999877929688,12.899999618530272,0.3000000119209289,matched,E07000065,163091.0,Mainly Rural (rural including hub towns >=80%) ,0.237,0.29,0.073,4.0,0.0,12.002063606215954,2022,2,HORAM 33/11KV,Wealden
FREP-269153-G,weather_natural,2.0,92.7,92.7,51.0666275092411,0.322967186539106,2022-02-20,10.0,999.2999877929688,22.5,0.800000011920929,matched,E07000065,163091.0,Mainly Rural (rural including hub towns >=80%) ,0.237,0.29,0.073,2.0,0.0,12.002063606215954,2022,2,WADHURST 33/6.6KV,Wealden
FREP-269036-G,weather_natural,227.0,2.3166666666666664,2.316666666666667,51.1594569320356,-0.319453087918898,2022-02-20,10.949999809265137,1004.9000244140624,18.600000381469727,4.0,matched,E07000210,87931.0,Urban with Significant Rural (rural including hub towns 26-49%),0.215,0.11,0.054,2.0,1.0,11.384307694991195,2022,2,CAPEL 33/11KV,Mole Valley
FREP-269111-G,weather_natural,872.0,3.505428134556575,72.21666666666667,51.1528733469282,0.176344217376513,2022-02-20,10.199999809265137,1000.4000244140624,20.89999961853028,0.5,matched,E07000111,121194.0,Largely Rural (rural including hub towns 50-79%) ,0.249,0.33,0.075,2.0,0.0,11.705147846441445,2022,2,PENSHURST 33/11KV,Sevenoaks
FREP-269118-G,weather_natural,15.0,91.90000000000002,91.9,50.8825583538958,0.0210708356247149,2022-02-20,10.199999809265137,1000.0,24.100000381469727,0.800000011920929,matched,E07000063,100693.0,Urban with Significant Rural (rural including hub towns 26-49%),0.225,0.36,0.099,2.0,1.0,11.519831562884328,2022,2,LEWES TOWN 33/11KV,Lewes
FREP-269175-G,technical_asset,11.0,89.1,89.1,51.0918308945304,-0.0756676219650012,2022-02-20,10.550000190734863,998.7999877929688,23.0,0.7000000476837158,matched,E07000228,155159.0,Urban with City and Town,0.155,0.02,0.053,2.0,1.0,11.952205676573094,2022,2,WEST HOATHLY 33/11KV,Mid Sussex
FREP-268906-G,weather_natural,46.0,74.6768115942029,146.5,50.8842134480558,0.550041887461657,2022-02-21,10.25,1010.5,21.700000762939453,4.100000381469727,matched,E07000062,90734.0,Urban with City and Town,0.454,0.27,0.202,3.0,1.0,11.415687428042975,2022,2,BALDSLOW 33/11KV,Hastings
FREP-269172-G,weather_natural,100.0,6.45,6.45,51.1814205692287,-0.160092441617516,2022-02-20,10.850000381469728,1003.4000244140624,17.399999618530273,2.6999998092651367,matched,E07000211,153828.0,Urban with City and Town,0.217,0.22,0.067,2.0,1.0,11.943590374100134,2022,2,HORLEY 33/11KV,Reigate and Banstead
FREP-269189-G,weather_natural,1.0,3.1,3.1,51.4045566173903,0.158883981391679,2022-02-20,10.399999618530272,994.2000122070312,21.5,1.100000023841858,matched,E07000111,121194.0,Largely Rural (rural including hub towns 50-79%) ,0.249,0.33,0.075,2.0,0.0,11.705147846441445,2022,2,SWANLEY 33/11KV,Sevenoaks
FREP-269261-G,technical_asset,6.0,64.9,64.9,50.9313871058919,0.245345444264426,2022-02-20,10.300000190734863,997.2999877929688,25.299999237060547,3.8999996185302734,matched,E07000065,163091.0,Mainly Rural (rural including hub towns >=80%) ,0.237,0.29,0.073,2.0,0.0,12.002063606215954,2022,2,HORAM 33/11KV,Wealden
FREP-269556-G,weather_natural,406.0,3.3195402298850576,9.183333333333334,51.3031628419803,0.335796293006111,2022-02-21,9.199999809265137,1007.2999877929688,25.100000381469727,2.999999761581421,matched,E07000115,133655.0,Urban with Significant Rural (rural including hub towns 26-49%),0.231,0.17,0.08,3.0,1.0,11.803017132015809,2022,2,WROTHAM HEATH 33/11KV,Tonbridge and Malling
FREP-269217-G,weather_natural,972.0,3.290575396825397,72.33333333333333,51.1049953072768,-0.202111196018126,2022-02-20,10.350000381469728,997.4000244140624,26.5,1.900000095367432,matched,E07000226,119959.0,Urban with City and Town,0.2629999999999999,0.28,0.11,2.0,1.0,11.694905296716163,2022,2,SOUTHGATE 33/11KV,Crawley
FREP-269343-G,weather_natural,2159.0,0.05,0.05,50.9700428194242,0.0948016972566031,2022-02-20,4.25,1004.5999755859376,16.5,3.799999952316284,matched,E07000065,163091.0,Mainly Rural (rural including hub towns >=80%) ,0.237,0.29,0.073,2.0,0.0,12.002063606215954,2022,2,UCKFIELD 33/11KV,Wealden
FREP-269437-G,technical_asset,5.0,51.61666666666666,51.61666666666667,51.0664130545523,0.686629791075036,2022-02-21,6.650000095367432,1003.0,20.89999961853028,3.299999952316284,matched,E07000105,135818.0,Urban with Significant Rural (rural including hub towns 26-49%),0.291,0.34,0.11,3.0,1.0,11.819071033187548,2022,2,TENTERDEN 33/6.6KV,Ashford
FREP-269472-G,weather_natural,116.0,6.9,26.3,51.2394868801445,0.707680376471689,2022-02-21,7.449999809265137,1003.0999755859376,15.699999809265137,2.200000047683716,matched,E07000110,180144.0,Urban with Significant Rural (rural including hub towns 26-49%),0.297,0.32,0.095,3.0,1.0,12.101511810042911,2022,2,HARRIETSHAM 33/11KV,Maidstone
FREP-269592-G,weather_natural,325.0,16.523333333333333,55.48333333333333,50.9612590228917,0.731287779713318,2022-02-21,11.100000381469728,1008.4000244140624,21.600000381469727,3.900000095367432,matched,E07000064,94323.0,Largely Rural (rural including hub towns 50-79%) ,0.35,0.37,0.113,3.0,0.0,11.45448034132121,2022,2,RYE 33/11KV,Rother
FREP-269655-G,weather_natural,183.0,28.49836065573771,67.08333333333333,51.06019882791,0.811198677158435,2022-02-20,10.5,997.7000122070312,23.0,1.6000001430511477,matched,E07000105,135818.0,Urban with Significant Rural (rural including hub towns 26-49%),0.291,0.34,0.11,2.0,1.0,11.819071033187548,2022,2,KENARDINGTON 33/6.6KV,Ashford
FREP-269802-G,weather_natural,61.0,33.743442622950816,58.35,51.0470823089683,0.40528412380319,2022-02-22,9.949999809265137,1017.5,10.600000381469728,0.1000000014901161,matched,E07000064,94323.0,Largely Rural (rural including hub towns 50-79%) ,0.35,0.37,0.113,4.0,0.0,11.45448034132121,2022,2,TICEHURST 33/11KV,Rother
FREP-269793-G,weather_natural,295.0,15.613107344632768,68.55,51.0176463039151,0.727756668130625,2022-02-21,8.850000381469727,1016.0,13.5,2.3999998569488525,matched,E07000105,135818.0,Urban with Significant Rural (rural including hub towns 26-49%),0.291,0.34,0.11,3.0,1.0,11.819071033187548,2022,2,WITTERSHAM 33/6.6KV,Ashford
FREP-269766-G,weather_natural,189.0,1.207583774250441,71.05,50.9977527867418,0.958525900562704,2022-02-22,12.449999809265137,1016.4000244140624,14.300000190734863,0.6000000238418579,matched,E07000112,110372.0,Urban with Significant Rural (rural including hub towns 26-49%),0.3339999999999999,0.43,0.145,4.0,1.0,11.611611757468927,2022,2,ROMNEY WARREN 33/11KV,Folkestone and Hythe
FREP-270007-G,technical_asset,1.0,6.666666666666667,6.666666666666667,51.3433005208051,-0.0381873132015721,2022-02-22,10.449999809265137,1015.7000122070312,13.399999618530272,1.3000000715255735,matched,E09000008,393547.0,Urban with Major Conurbation,0.4009999999999999,0.49,0.136,4.0,1.0,12.882955780621963,2022,2,ADDINGTON 33/11KV,Croydon
FREP-270743-G,weather_natural,101.0,57.91666666666666,119.51666666666668,50.9823414683587,0.0027766790657315,2022-02-19,6.800000190734863,1012.0999755859376,13.0,4.099999904632568,matched,E07000063,100693.0,Urban with Significant Rural (rural including hub towns 26-49%),0.225,0.36,0.099,1.0,1.0,11.519831562884328,2022,2,NEWICK 33/11KV,Lewes
FREP-270759-G,technical_asset,6.0,126.76666666666668,126.76666666666668,51.2153025356018,0.0536072761663476,2022-02-19,2.650000095367432,1012.4000244140624,13.5,5.100000381469727,matched,E07000111,121194.0,Largely Rural (rural including hub towns 50-79%) ,0.249,0.33,0.075,1.0,0.0,11.705147846441445,2022,2,EDENBRIDGE 33/11KV,Sevenoaks
FREP-271446-J,technical_asset,0.0,,1.0,51.4905931459516,-0.148824656020859,2022-02-19,3.3499999046325684,1012.5999755859376,8.800000190734863,0.5,matched,E09000033,209333.0,Urban with Major Conurbation,0.391,0.48,0.135,1.0,1.0,12.25168156442427,2022,2,EBURY BRIDGE 11KV,Westminster
FREP-271681-G,weather_natural,115.0,30.96159420289856,49.45,50.989661506499,-0.240669166666228,2022-02-19,7.599999904632568,1011.5,15.5,0.3000000119209289,matched,E07000228,155159.0,Urban with City and Town,0.155,0.02,0.053,1.0,1.0,11.952205676573094,2022,2,COWFOLD 33/11KV,Mid Sussex
FREP-288078-Z,weather_natural,124.0,5.617876344086022,7.9,51.857471175924,0.519827025455693,2022-02-19,5.400000095367432,1006.9000244140624,16.100000381469727,2.6999998092651367,matched,E07000067,157656.0,Largely Rural (rural including hub towns 50-79%) ,0.195,0.15,0.092,1.0,0.0,11.96817072324042,2022,2,WEST BRAINTREE PRIMARY,Braintree
FREP-288187-Z,weather_natural,3.0,84.78333333333333,96.38333333333334,52.6546936827359,1.45102710043497,2022-02-20,6.099999904632568,991.7999877929688,21.700000762939453,15.999999046325684,matched,E07000144,133839.0,Urban with Significant Rural (rural including hub towns 26-49%),0.129,0.01,0.072,2.0,1.0,11.804392864024903,2022,2,HEMBLINGTON PRIMARY,Broadland
FREP-288220-Z,weather_natural,40.0,2.259583333333333,4.466666666666667,52.6281391631301,0.244329053492316,2022-02-19,6.300000190734863,1004.2000122070312,14.800000190734863,5.0,matched,E07000146,155665.0,Largely Rural (rural including hub towns 50-79%) ,0.301,0.29,0.12,1.0,0.0,11.955461541287493,2022,2,OUTWELL MOORS PRIMARY,King's Lynn and West Norfolk
FREP-288273-Z,weather_natural,3.0,95.41666666666669,95.41666666666669,52.2421042620797,0.9118303740073,2022-02-19,3.700000047683716,1008.0999755859376,15.800000190734863,5.699999809265137,matched,E07000203,105725.0,Mainly Rural (rural including hub towns >=80%) ,0.244,0.01,0.071,1.0,0.0,11.56859666234069,2022,2,ELMSWELL PRIMARY,Mid Suffolk
FREP-288066-Z,weather_natural,1.0,25.95,25.95,52.5675657948615,1.10617928336132,2022-02-19,5.199999809265137,1009.0,13.699999809265137,0.9000000357627869,matched,E07000149,144641.0,Mainly Rural (rural including hub towns >=80%) ,0.15,0.05,0.078,1.0,0.0,11.882010089318918,2022,2,WYMONDHAM PRIMARY,South Norfolk
FREP-288099-Z,weather_natural,1.0,43.7,43.7,51.5136599247456,0.446016706109825,2022-02-19,6.550000190734863,1006.2000122070312,19.100000381469727,4.599999904632568,matched,E06000034,176778.0,Urban with Major Conurbation,0.3289999999999999,0.4,0.13,1.0,1.0,12.082649987053939,2022,2,RAINBOW LANE PRIMARY,Thurrock
FREP-288231-Z,weather_natural,5.0,25.293333333333333,25.48333333333333,52.1192971820726,-0.453638240462025,2022-02-19,8.949999809265137,1002.2000122070312,16.899999618530273,6.899999618530273,matched,E06000055,187624.0,Urban with Significant Rural (rural including hub towns 26-49%),0.3189999999999999,0.36,0.114,1.0,1.0,12.142195239141413,2022,2,HARROWDEN PRIMARY,Bedford
FREP-288253-Z,technical_asset,2.0,21.416666666666668,21.416666666666668,51.5454401549296,0.201445320037852,2022-02-19,8.850000381469727,1004.7999877929688,17.0,5.199999809265137,matched,E09000016,264786.0,Urban with Major Conurbation,0.323,0.51,0.108,1.0,1.0,12.486677231556683,2022,2,ELM PARK PRIMARY,Havering
FREP-288287-Z,weather_natural,1.0,4.35,4.35,51.9165044922591,-0.652661449686785,2022-02-19,6.199999809265137,1007.2000122070312,17.299999237060547,3.5999999046325684,matched,E06000056,301829.0,Largely Rural (rural including hub towns 50-79%) ,0.248,0.23,0.077,1.0,0.0,12.617615910825437,2022,2,LEIGHTON BUZZARD PRIMARY,Central Bedfordshire
FREP-288362-Z,weather_natural,22.0,17.083333333333332,17.083333333333332,51.8522642963663,-0.939489172005016,2022-02-19,3.049999952316284,1011.0999755859376,5.0,4.699999809265137,matched,E06000060,561180.0,Urban with Significant Rural (rural including hub towns 26-49%),0.1874999999999999,0.3,0.06325,1.0,1.0,13.237796988656651,2022,2,WADDESDON PRIMARY,Buckinghamshire
FREP-288367-Z,technical_asset,1.0,18.4,18.4,51.906685286184,-0.424505990051355,2022-02-19,2.799999952316284,1010.9000244140624,6.300000190734863,3.6999998092651367,matched,E06000032,227546.0,Urban with City and Town,0.379,0.41,0.155,1.0,1.0,12.33510769473612,2022,2,LUTON NORTH GRID,Luton
FREP-288483-Z,weather_natural,1.0,84.53333333333333,84.53333333333333,52.2143741332448,0.865361205055409,2022-02-20,9.899999618530272,1003.0999755859376,19.100000381469727,6.000000476837158,matched,E07000203,105725.0,Mainly Rural (rural including hub towns >=80%) ,0.244,0.01,0.071,2.0,0.0,11.56859666234069,2022,2,DRINKSTONE PRIMARY,Mid Suffolk
FREP-288682-Z,weather_natural,497.0,0.75,0.75,52.2143741332448,0.865361205055409,2022-02-20,11.399999618530272,996.7000122070312,18.89999961853028,1.100000023841858,matched,E07000203,105725.0,Mainly Rural (rural including hub towns >=80%) ,0.244,0.01,0.071,2.0,0.0,11.56859666234069,2022,2,DRINKSTONE PRIMARY,Mid Suffolk
FREP-288525-Z,weather_natural,46.0,4.460869565217391,6.45,51.9533026313802,0.944234898235961,2022-02-20,11.300000190734863,1003.2000122070312,19.100000381469727,4.699999809265137,matched,E07000071,194475.0,Urban with Significant Rural (rural including hub towns 26-49%),0.287,0.34,0.099,2.0,1.0,12.178058899074975,2022,2,LANGHAM PRIMARY,Colchester
FREP-288649-Z,weather_natural,79.0,5.8,5.8,51.8144025742154,0.910717023292054,2022-02-20,11.850000381469728,1000.5999755859376,18.0,0.7000000476837158,matched,E07000071,194475.0,Urban with Significant Rural (rural including hub towns 26-49%),0.287,0.34,0.099,2.0,1.0,12.178058899074975,2022,2,PELDON PRIMARY,Colchester
FREP-288458-Z,technical_asset,6.0,9.466666666666669,9.466666666666669,51.63312443289,-0.0729010312776826,2022-02-20,9.800000190734863,1006.4000244140624,17.899999618530273,3.400000095367432,matched,E09000010,326867.0,Urban with Major Conurbation,0.3209999999999999,0.66,0.171,2.0,1.0,12.697308639314446,2022,2,BURY ST PRIMARY,Enfield
FREP-288560-Z,weather_natural,6.0,82.3,82.3,51.9659573238327,0.360396846209066,2022-02-20,11.149999618530272,1003.5,18.600000381469727,5.699999809265137,matched,E07000077,92650.0,Mainly Rural (rural including hub towns >=80%) ,0.113,0.06,0.054,2.0,0.0,11.436584231713505,2022,2,THAXTED LOCAL,Uttlesford
FREP-288468-Z,weather_natural,1.0,60.1,60.1,51.651027718283,0.594451054535383,2022-02-20,10.300000190734863,1005.5,17.700000762939453,3.799999952316284,matched,E07000070,183471.0,Urban with City and Town,0.2639999999999999,0.13,0.077,2.0,1.0,12.119811895840279,2022,2,SOUTH WOODHAM PRIMARY,Chelmsford
FREP-288686-Z,weather_natural,392.0,2.161816782140108,21.25,52.6846328706583,0.945193420743859,2022-02-20,10.899999618530272,994.0999755859376,18.89999961853028,3.899999856948853,matched,E07000143,143422.0,Mainly Rural (rural including hub towns >=80%) ,0.207,0.18,0.1,2.0,0.0,11.873546612395812,2022,2,EAST DEREHAM PRIMARY,Breckland
FREP-288793-Z,weather_natural,535.0,3.634953271028037,23.166666666666668,52.6846328706583,0.945193420743859,2022-02-20,10.850000381469728,989.2000122070312,22.700000762939453,5.899999618530273,matched,E07000143,143422.0,Mainly Rural (rural including hub towns >=80%) ,0.207,0.18,0.1,2.0,0.0,11.873546612395812,2022,2,EAST DEREHAM PRIMARY,Breckland
FREP-288817-Z,weather_natural,761.0,1.2773324572930354,1.3,51.8680750681031,0.370549140110797,2022-02-20,10.399999618530272,991.2999877929688,21.100000381469727,2.800000190734864,matched,E07000077,92650.0,Mainly Rural (rural including hub towns >=80%) ,0.113,0.06,0.054,2.0,0.0,11.436584231713505,2022,2,DUNMOW PRIMARY,Uttlesford
FREP-288827-Z,technical_asset,1.0,41.3,41.3,51.5529776139002,0.13618894680782,2022-02-20,10.449999809265137,992.9000244140624,20.89999961853028,2.0,matched,E09000002,220392.0,Urban with Major Conurbation,0.254,0.27,0.194,2.0,1.0,12.303163057961468,2022,2,CHERRY TREE PRIMARY,Barking and Dagenham
FREP-289196-Z,technical_asset,1.0,2.25,2.25,52.587102404767,-0.217291123167596,2022-02-21,8.5,998.5999755859376,22.299999237060547,9.5,matched,E06000031,218017.0,Urban with City and Town,0.3309999999999999,0.32,0.156,3.0,1.0,12.292328320382191,2022,2,PETERBOROUGH EAST GRID,Peterborough
FREP-289201-Z,weather_natural,2.0,7.0,7.0,51.7591797837155,-0.743603919196674,2022-02-21,7.75,1003.0999755859376,19.5,4.199999809265137,matched,E06000060,561180.0,Urban with Significant Rural (rural including hub towns 26-49%),0.1874999999999999,0.3,0.06325,3.0,1.0,13.237796988656651,2022,2,WENDOVER PRIMARY,Buckinghamshire
FREP-289261-Z,weather_natural,14.0,51.51190476190476,78.53333333333333,52.7639546306434,1.35128488915742,2022-02-21,7.550000190734863,997.0,23.600000381469727,11.600000381469728,matched,E07000147,103178.0,Mainly Rural (rural including hub towns >=80%) ,0.1979999999999999,0.03,0.106,3.0,0.0,11.544210931009303,2022,2,SCOTTOW PRIMARY,North Norfolk
FREP-289520-Z,weather_natural,2.0,8.416666666666666,8.416666666666666,51.7219807863055,-0.589783826433602,2022-02-21,9.0,1011.0999755859376,18.299999237060547,3.799999952316284,matched,E06000060,561180.0,Urban with Significant Rural (rural including hub towns 26-49%),0.1874999999999999,0.3,0.06325,3.0,1.0,13.237796988656651,2022,2,LYE GREEN PRIMARY,Buckinghamshire
FREP-289709-Z,weather_natural,27.0,10.85,10.85,52.6846328706583,0.945193420743859,2022-02-21,6.599999904632568,1018.5999755859376,5.5,1.7999999523162842,matched,E07000143,143422.0,Mainly Rural (rural including hub towns >=80%) ,0.207,0.18,0.1,3.0,0.0,11.873546612395812,2022,2,EAST DEREHAM PRIMARY,Breckland
FREP-289744-Z,weather_natural,154.0,5.666450216450217,8.033333333333333,51.857471175924,0.519827025455693,2022-02-21,8.649999618530273,1013.2000122070312,16.5,3.700000047683716,matched,E07000067,157656.0,Largely Rural (rural including hub towns 50-79%) ,0.195,0.15,0.092,3.0,0.0,11.96817072324042,2022,2,WEST BRAINTREE PRIMARY,Braintree
FREP-289930-Z,weather_natural,1.0,32.333333333333336,32.333333333333336,51.7998315339375,0.273921971573016,2022-02-22,11.350000381469728,1013.7000122070312,13.699999809265137,1.100000023841858,matched,E07000077,92650.0,Mainly Rural (rural including hub towns >=80%) ,0.113,0.06,0.054,4.0,0.0,11.436584231713505,2022,2,WHITE RODING PRIMARY,Uttlesford
FREP-289938-Z,weather_natural,97.0,0.156701030927835,0.8,52.3314198178231,1.00107662336146,2022-02-22,11.5,1011.7999877929688,12.199999809265137,0.3000000119209289,matched,E07000203,105725.0,Mainly Rural (rural including hub towns >=80%) ,0.244,0.01,0.071,4.0,0.0,11.56859666234069,2022,2,RICKINGHALL PRIMARY,Mid Suffolk
FREP-290203-Z,weather_natural,21.0,0.6166666666666667,0.6166666666666667,51.9533026313802,0.944234898235961,2022-02-22,6.849999904632568,1020.5,8.699999809265137,0.5,matched,E07000071,194475.0,Urban with Significant Rural (rural including hub towns 26-49%),0.287,0.34,0.099,4.0,1.0,12.178058899074975,2022,2,LANGHAM PRIMARY,Colchester
FREP-60735-C,technical_asset,3.0,37.855555555555554,51.516666666666666,51.5610055194117,0.685865984700676,2022-02-19,2.950000047683716,1012.5,10.0,0.6000000238418579,matched,E06000033,180810.0,Urban with City and Town,0.4549999999999999,0.38,0.144,1.0,1.0,12.105202035145199,2022,2,SOUTHEND WEST PRIMARY,Southend-on-Sea
FREP-60922-C,weather_natural,16.0,1.553125,4.6,51.8522642963663,-0.939489172005016,2022-02-20,11.699999809265137,1001.0,18.200000762939453,2.0999999046325684,matched,E06000060,561180.0,Urban with Significant Rural (rural including hub towns 26-49%),0.1874999999999999,0.3,0.06325,2.0,1.0,13.237796988656651,2022,2,WADDESDON PRIMARY,Buckinghamshire
FREP-60923-C,technical_asset,1.0,24.5,24.5,51.7545809083319,-0.33768772870901,2022-02-19,3.849999904632568,1010.9000244140624,11.300000190734863,4.700000286102295,matched,E07000240,148698.0,Urban with City and Town,0.189,0.12,0.06,1.0,1.0,11.90967268245867,2022,2,ADELAIDE ST PRIMARY,St Albans
FREP-60966-C,technical_asset,24.0,1.4166666666666667,1.4166666666666667,51.6969245927576,0.255430767380644,2022-02-20,11.100000381469728,997.0999755859376,20.0,1.0,matched,E07000072,134889.0,Urban with Significant Rural (rural including hub towns 26-49%),0.224,0.14,0.091,2.0,1.0,11.81220749698825,2022,2,ONGAR PRIMARY,Epping Forest
FREP-60983-C,weather_natural,33.0,4.283333333333333,4.283333333333333,52.3214302439749,1.16053840685926,2022-02-20,11.199999809265137,994.5,20.299999237060547,1.7999999523162842,matched,E07000203,105725.0,Mainly Rural (rural including hub towns >=80%) ,0.244,0.01,0.071,2.0,0.0,11.56859666234069,2022,2,EYE PRIMARY,Mid Suffolk
FREP-62158-C,weather_natural,342.0,0.8272417153996102,6.433333333333334,51.8629652183193,0.684052661863248,2022-02-21,9.25,1001.2000122070312,26.5,3.900000095367432,matched,E07000067,157656.0,Largely Rural (rural including hub towns 50-79%) ,0.195,0.15,0.092,3.0,0.0,11.96817072324042,2022,2,COGGESHALL PRIMARY,Braintree
FREP-76980-V,weather_natural,5.0,56.11666666666666,93.35,51.4000052080832,0.499542171550107,2022-02-22,12.649999618530272,1014.9000244140624,15.899999618530272,0.3000000119209289,matched,E06000035,282750.0,Urban with City and Town,0.3849999999999999,0.39,0.134,4.0,1.0,12.552318393978366,2022,2,STROOD 132/11KV,Medway
FREP-76958-V,weather_natural,24.0,47.50416666666666,82.06666666666666,50.9867631245393,0.609152845255805,2022-02-21,11.100000381469728,1008.4000244140624,21.600000381469727,3.900000095367432,matched,E07000064,94323.0,Largely Rural (rural including hub towns 50-79%) ,0.35,0.37,0.113,3.0,0.0,11.45448034132121,2022,2,NORTHIAM 33/11KV,Rother
FREP-77073-V,weather_natural,1.0,27.633333333333333,27.633333333333333,51.3523767869541,0.460409519445793,2022-02-19,6.449999809265137,1006.4000244140624,20.799999237060547,3.0,matched,E07000115,133655.0,Urban with Significant Rural (rural including hub towns 26-49%),0.231,0.17,0.08,1.0,1.0,11.803017132015809,2022,2,MEDWAY 33/11KV,Tonbridge and Malling
FREP-77088-V,weather_natural,40.0,17.4,17.4,51.2849764326037,1.08527611524698,2022-02-19,8.0,1005.2999877929688,19.89999961853028,5.0,matched,E07000106,158723.0,Urban with City and Town,0.248,0.17,0.1,1.0,1.0,11.974915823549752,2022,2,CANTERBURY TOWN 33/11KV,Canterbury
FREP-77183-V,weather_natural,1.0,95.63333333333334,95.63333333333334,51.0002103715972,-0.104972784313039,2022-02-21,8.050000190734863,1005.7999877929688,14.5,2.6000001430511475,matched,E07000228,155159.0,Urban with City and Town,0.155,0.02,0.053,3.0,1.0,11.952205676573094,2022,2,HAYWARDS HEATH 33/11KV,Mid Sussex
FREP-77118-V,weather_natural,1.0,106.86666666666666,106.86666666666666,50.9867231707817,0.47252542377737,2022-02-20,10.600000381469728,1008.2999877929688,19.89999961853028,3.300000190734864,matched,E07000064,94323.0,Largely Rural (rural including hub towns 50-79%) ,0.35,0.37,0.113,2.0,0.0,11.45448034132121,2022,2,ROBERTSBRIDGE 33/11KV,Rother
FREP-77170-V,technical_asset,4.0,8.9,8.9,51.3723412446064,-0.229761105034402,2022-02-21,5.099999904632568,1002.4000244140624,18.0,2.700000047683716,matched,E09000029,210369.0,Urban with Major Conurbation,0.289,0.36,0.095,3.0,1.0,12.256618410587281,2022,2,NORTH CHEAM 33/11KV,Sutton
FREP-77231-V,weather_natural,262.0,2.624809160305344,4.183333333333334,50.9490589725163,0.453212451572045,2022-02-21,10.149999618530272,1010.5999755859376,21.5,4.399999618530273,matched,E07000064,94323.0,Largely Rural (rural including hub towns 50-79%) ,0.35,0.37,0.113,3.0,0.0,11.45448034132121,2022,2,MOUNTFIELD 33/11KV,Rother
FREP-60899-C,weather_natural,0.0,,65.05,51.9659573238327,0.360396846209066,2022-02-19,5.650000095367432,1007.2999877929688,17.100000381469727,5.5,matched,E07000077,92650.0,Mainly Rural (rural including hub towns >=80%) ,0.113,0.06,0.054,1.0,0.0,11.436584231713505,2022,2,THAXTED LOCAL,Uttlesford
FREP-60960-C,weather_natural,13.0,4.75,4.75,51.8824042477402,0.572372304518029,2022-02-20,11.649999618530272,1000.0,18.600000381469727,0.6000000238418579,matched,E07000067,157656.0,Largely Rural (rural including hub towns 50-79%) ,0.195,0.15,0.092,2.0,0.0,11.96817072324042,2022,2,BRAINTREE DEPOT PRIMARY,Braintree
FREP-60961-C,weather_natural,491.0,0.8022403258655804,3.3,51.6969245927576,0.255430767380644,2022-02-19,7.949999809265137,1005.5999755859376,15.800000190734863,6.099999904632568,matched,E07000072,134889.0,Urban with Significant Rural (rural including hub towns 26-49%),0.224,0.14,0.091,1.0,1.0,11.81220749698825,2022,2,ONGAR PRIMARY,Epping Forest
FREP-60969-C,weather_natural,887.0,0.4563509958662157,0.6833333333333333,51.6969245927576,0.255430767380644,2022-02-19,7.949999809265137,1003.9000244140624,16.0,6.100000381469727,matched,E07000072,134889.0,Urban with Significant Rural (rural including hub towns 26-49%),0.224,0.14,0.091,1.0,1.0,11.81220749698825,2022,2,ONGAR PRIMARY,Epping Forest
FREP-60984-C,technical_asset,1.0,18.48333333333333,18.48333333333333,51.920484920332,-0.027607509225887,2022-02-20,11.050000190734863,995.5999755859376,19.299999237060547,0.699999988079071,matched,E07000242,151828.0,Urban with Significant Rural (rural including hub towns 26-49%),0.1669999999999999,0.04,0.06,2.0,1.0,11.930503580162194,2022,2,CHERRY GREEN PRIMARY,East Hertfordshire
FREP-62157-C,weather_natural,342.0,3.313304093567251,21.933333333333334,51.8629652183193,0.684052661863248,2022-02-19,6.199999809265137,1009.5999755859376,11.899999618530272,0.2000000029802322,matched,E07000067,157656.0,Largely Rural (rural including hub towns 50-79%) ,0.195,0.15,0.092,1.0,0.0,11.96817072324042,2022,2,COGGESHALL PRIMARY,Braintree
FREP-4536-I,weather_natural,50.0,24.433333333333334,24.433333333333334,52.0372622741427,0.854190839174079,2022-02-20,11.5,1001.2999877929688,18.39999961853028,3.299999952316284,matched,E07000200,94289.0,Mainly Rural (rural including hub towns >=80%) ,0.169,0.17,0.08,2.0,0.0,11.454119812824949,2022,2,GROTON PRIMARY,Babergh
FREP-275573-G,weather_natural,0.0,,0.1666666666666666,51.0664130545523,0.686629791075036,2022-02-19,2.799999952316284,1013.5999755859376,11.800000190734863,3.200000286102295,matched,E07000105,135818.0,Urban with Significant Rural (rural including hub towns 26-49%),0.291,0.34,0.11,1.0,1.0,11.819071033187548,2022,2,TENTERDEN 33/6.6KV,Ashford
FREP-268393-G,weather_natural,1.0,93.96666666666668,93.96666666666668,50.9977527867418,0.958525900562704,2022-02-20,10.850000381469728,1004.7000122070312,22.0,2.0,matched,E07000112,110372.0,Urban with Significant Rural (rural including hub towns 26-49%),0.3339999999999999,0.43,0.145,2.0,1.0,11.611611757468927,2022,2,ROMNEY WARREN 33/11KV,Folkestone and Hythe
FREP-268450-G,weather_natural,1572.0,2.476876590330789,46.73333333333333,51.1814205692287,-0.160092441617516,2022-02-19,6.0,1008.5,21.89999961853028,1.900000095367432,matched,E07000211,153828.0,Urban with City and Town,0.217,0.22,0.067,1.0,1.0,11.943590374100134,2022,2,HORLEY 33/11KV,Reigate and Banstead
FREP-268543-G,technical_asset,491.0,1.1166666666666667,1.1166666666666667,51.3401270967876,-0.112121674562762,2022-02-19,7.5,1005.5999755859376,21.600000381469727,4.099999904632568,matched,E09000008,393547.0,Urban with Major Conurbation,0.4009999999999999,0.49,0.136,1.0,1.0,12.882955780621963,2022,2,PURLEY LOCAL 33/11KV,Croydon
FREP-266914-G,weather_natural,1.0,71.95,71.95,51.2404722805015,-0.271876010708419,2022-02-20,10.350000381469728,997.7000122070312,23.0,1.399999976158142,matched,E07000210,87931.0,Urban with Significant Rural (rural including hub towns 26-49%),0.215,0.11,0.054,2.0,1.0,11.384307694991195,2022,2,BETCHWORTH 33/11KV,Mole Valley
FREP-266955-G,technical_asset,26.0,9.17948717948718,27.58333333333333,51.0187181200991,-0.341498805744159,2022-02-19,6.75,1009.5,20.100000381469727,1.899999976158142,matched,E07000227,148784.0,Largely Rural (rural including hub towns 50-79%) ,0.124,0.03,0.056,1.0,0.0,11.910250868717979,2022,2,SOUTHWATER 33/11KV,Horsham
FREP-288151-Z,weather_natural,42.0,3.3071428571428574,49.45,52.8774564953229,1.04416309202426,2022-02-21,10.25,1005.7000122070312,17.799999237060547,11.199999809265137,matched,E07000147,103178.0,Mainly Rural (rural including hub towns >=80%) ,0.1979999999999999,0.03,0.106,3.0,0.0,11.544210931009303,2022,2,STODY PRIMARY,North Norfolk
FREP-288175-Z,technical_asset,4.0,20.8,20.8,52.3954292155701,1.29224857401646,2022-02-19,4.550000190734863,1003.2000122070312,15.600000381469728,5.900000095367432,matched,E07000149,144641.0,Mainly Rural (rural including hub towns >=80%) ,0.15,0.05,0.078,1.0,0.0,11.882010089318918,2022,2,HARLESTON PRIMARY,South Norfolk
FREP-288236-Z,weather_natural,653.0,1.7742280701754387,5.266666666666667,52.6082992786594,0.36738414032717,2022-02-19,6.550000190734863,1003.7999877929688,14.100000381469728,6.400000095367432,matched,E07000146,155665.0,Largely Rural (rural including hub towns 50-79%) ,0.301,0.29,0.12,1.0,0.0,11.955461541287493,2022,2,DOWNHAM MARKET PRIMARY,King's Lynn and West Norfolk
FREP-288087-Z,weather_natural,1.0,99.4,99.4,52.1311799252025,0.66639483384976,2022-02-19,5.699999809265137,1009.0999755859376,12.699999809265137,0.2000000029802322,matched,E07000200,94289.0,Mainly Rural (rural including hub towns >=80%) ,0.169,0.17,0.08,1.0,0.0,11.454119812824949,2022,2,BOXTED PRIMARY,Babergh
FREP-288171-Z,weather_natural,85.0,3.05,3.05,52.5758281720386,0.815522640736117,2022-02-19,3.950000047683716,1001.9000244140624,11.600000381469728,6.900000095367432,matched,E07000143,143422.0,Mainly Rural (rural including hub towns >=80%) ,0.207,0.18,0.1,1.0,0.0,11.873546612395812,2022,2,WATTON PRIMARY,Breckland
FREP-288257-Z,weather_natural,1.0,17.283333333333335,17.283333333333335,52.9451163821106,0.759366969937937,2022-02-19,5.849999904632568,1000.5999755859376,14.0,5.099999904632568,matched,E07000146,155665.0,Largely Rural (rural including hub towns 50-79%) ,0.301,0.29,0.12,1.0,0.0,11.955461541287493,2022,2,BURNHAM THORPE PRIMARY,King's Lynn and West Norfolk
FREP-288347-Z,technical_asset,22.0,2.85,2.85,51.7056228650937,-0.706866842077868,2022-02-19,3.950000047683716,1011.0999755859376,10.800000190734863,5.599999904632568,matched,E06000060,561180.0,Urban with Significant Rural (rural including hub towns 26-49%),0.1874999999999999,0.3,0.06325,1.0,1.0,13.237796988656651,2022,2,GT MISSENDEN PRIMARY,Buckinghamshire
FREP-288327-Z,technical_asset,300.0,1.7872222222222225,2.9833333333333334,52.1228628290103,0.153988197899791,2022-02-19,5.349999904632568,1007.5,16.5,6.399999618530273,matched,E07000012,165727.0,Largely Rural (rural including hub towns 50-79%) ,0.1559999999999999,0.02,0.056,1.0,0.0,12.01809713522202,2022,2,SAWSTON PRIMARY,South Cambridgeshire
FREP-288374-Z,weather_natural,16.0,3.2833333333333337,6.433333333333334,52.5758281720386,0.815522640736117,2022-02-19,6.400000095367432,1002.7000122070312,12.699999809265137,8.100000381469727,matched,E07000143,143422.0,Mainly Rural (rural including hub towns >=80%) ,0.207,0.18,0.1,1.0,0.0,11.873546612395812,2022,2,WATTON PRIMARY,Breckland
FREP-288462-Z,weather_natural,52.0,53.96666666666667,53.96666666666667,52.3954292155701,1.29224857401646,2022-02-20,9.75,1002.2999877929688,18.0,7.400000095367432,matched,E07000149,144641.0,Mainly Rural (rural including hub towns >=80%) ,0.15,0.05,0.078,2.0,0.0,11.882010089318918,2022,2,HARLESTON PRIMARY,South Norfolk
FREP-288506-Z,weather_natural,9.0,39.06666666666667,60.4,51.7998315339375,0.273921971573016,2022-02-20,10.300000190734863,1004.9000244140624,17.799999237060547,5.300000190734863,matched,E07000077,92650.0,Mainly Rural (rural including hub towns >=80%) ,0.113,0.06,0.054,2.0,0.0,11.436584231713505,2022,2,WHITE RODING PRIMARY,Uttlesford
FREP-288689-Z,weather_natural,1.0,28.15,28.15,52.6082992786594,0.36738414032717,2022-02-20,12.050000190734863,994.0,19.700000762939453,3.8000001907348633,matched,E07000146,155665.0,Largely Rural (rural including hub towns 50-79%) ,0.301,0.29,0.12,2.0,0.0,11.955461541287493,2022,2,DOWNHAM MARKET PRIMARY,King's Lynn and West Norfolk
FREP-288527-Z,weather_natural,1.0,56.6,56.6,51.6154977471396,0.523386328428622,2022-02-20,11.0,1005.0999755859376,17.899999618530273,3.700000047683716,matched,E07000066,188793.0,Urban with City and Town,0.3339999999999999,0.58,0.138,2.0,1.0,12.148406455735008,2022,2,WICKFORD PRIMARY,Basildon
FREP-288605-Z,weather_natural,379.0,0.9938362260792168,4.583333333333333,52.05576103445,1.13603519740954,2022-02-20,11.5,1001.7000122070312,18.799999237060547,5.699999809265137,matched,E07000202,139331.0,Urban with City and Town,0.296,0.25,0.141,2.0,1.0,11.844607676287078,2022,2,IPSWICH GRID,Ipswich
FREP-288638-Z,weather_natural,553.0,0.6509945750452081,2.183333333333333,52.4154043568626,0.743753608578155,2022-02-20,11.949999809265137,999.2000122070312,18.700000762939453,7.5,matched,E07000143,143422.0,Mainly Rural (rural including hub towns >=80%) ,0.207,0.18,0.1,2.0,0.0,11.873546612395812,2022,2,WATER LN PRIMARY,Breckland
FREP-288717-Z,weather_natural,1.0,21.916666666666668,21.916666666666668,52.2065166590149,-0.268171894048518,2022-02-20,11.199999809265137,991.2000122070312,22.0,2.900000095367432,matched,E06000055,187624.0,Urban with Significant Rural (rural including hub towns 26-49%),0.3189999999999999,0.36,0.114,2.0,1.0,12.142195239141413,2022,2,LITTLE BARFORD,Bedford
FREP-288746-Z,weather_natural,557.0,2.188928785158588,51.63333333333333,52.0372622741427,0.854190839174079,2022-02-20,11.5,995.7999877929688,19.799999237060547,0.6000000238418579,matched,E07000200,94289.0,Mainly Rural (rural including hub towns >=80%) ,0.169,0.17,0.08,2.0,0.0,11.454119812824949,2022,2,GROTON PRIMARY,Babergh
FREP-288836-Z,technical_asset,1.0,14.966666666666669,14.966666666666669,52.6225373412088,1.32065922068105,2022-02-20,10.850000381469728,988.2000122070312,24.100000381469727,7.800000190734863,matched,E07000148,144956.0,Urban with City and Town,0.3289999999999999,0.26,0.163,2.0,1.0,11.884185527077106,2022,2,THORPE GRID,Norwich
FREP-289241-Z,weather_natural,171.0,1.75,1.75,52.6994403764847,0.578884055622165,2022-02-21,7.800000190734863,998.9000244140624,24.200000762939453,12.100000381469728,matched,E07000146,155665.0,Largely Rural (rural including hub towns 50-79%) ,0.301,0.29,0.12,3.0,0.0,11.955461541287493,2022,2,NARBOROUGH PRIMARY,King's Lynn and West Norfolk
FREP-289658-Z,weather_natural,11.0,1.4833333333333334,1.4833333333333334,51.8680750681031,0.370549140110797,2022-02-21,8.550000190734863,1013.5,16.100000381469727,3.6000001430511475,matched,E07000077,92650.0,Mainly Rural (rural including hub towns >=80%) ,0.113,0.06,0.054,3.0,0.0,11.436584231713505,2022,2,DUNMOW PRIMARY,Uttlesford
FREP-289773-Z,weather_natural,35.0,6.79047619047619,9.4,51.8912262371223,0.856813327531307,2022-02-22,10.649999618530272,1013.9000244140624,13.199999809265137,0.1000000014901161,matched,E07000071,194475.0,Urban with Significant Rural (rural including hub towns 26-49%),0.287,0.34,0.099,4.0,1.0,12.178058899074975,2022,2,LEXDEN PRIMARY,Colchester
FREP-290069-Z,weather_natural,96.0,1.1,1.1,51.9373446584528,1.02343554475614,2022-02-22,10.199999809265137,1016.7000122070312,10.800000190734863,1.2000000476837158,matched,E07000076,151530.0,Largely Rural (rural including hub towns 50-79%) ,0.5249999999999999,0.49,0.173,4.0,0.0,11.928538904130209,2022,2,FOXASH PRIMARY,Tendring
FREP-290103-Z,weather_natural,1.0,5.25,5.25,51.8779379244362,0.930107723117814,2022-02-22,12.5,1013.7000122070312,14.800000190734863,1.100000023841858,matched,E07000071,194475.0,Urban with Significant Rural (rural including hub towns 26-49%),0.287,0.34,0.099,4.0,1.0,12.178058899074975,2022,2,COLCHESTER GRID,Colchester
FREP-290197-Z,weather_natural,1.0,3.433333333333333,3.433333333333333,51.6219298311367,0.446851879140853,2022-02-22,7.300000190734863,1020.2999877929688,7.699999809265137,0.4000000059604645,matched,E07000066,188793.0,Urban with City and Town,0.3339999999999999,0.58,0.138,4.0,1.0,12.148406455735008,2022,2,BILLERICAY EAST PRIMARY,Basildon
FREP-282435-J,technical_asset,0.0,,1.0,51.490067479721,-0.134945395376996,2022-02-19,2.8499999046325684,1012.5,8.699999809265137,0.9000000357627869,matched,E09000033,209333.0,Urban with Major Conurbation,0.391,0.48,0.135,1.0,1.0,12.25168156442427,2022,2,MORETON ST 11KV,Westminster
FREP-295574-Z,weather_natural,127.0,4.859711286089239,5.7,52.6012987580131,1.02250058724456,2022-02-19,2.549999952316284,1007.9000244140624,15.199999809265137,3.400000095367432,matched,E07000143,143422.0,Mainly Rural (rural including hub towns >=80%) ,0.207,0.18,0.1,1.0,0.0,11.873546612395812,2022,2,HARDINGHAM PRIMARY,Breckland
FREP-275571-G,weather_natural,790.0,6.237805907172996,37.43333333333333,51.0664130545523,0.686629791075036,2022-02-19,2.799999952316284,1013.5999755859376,11.800000190734863,3.200000286102295,matched,E07000105,135818.0,Urban with Significant Rural (rural including hub towns 26-49%),0.291,0.34,0.11,1.0,1.0,11.819071033187548,2022,2,TENTERDEN 33/6.6KV,Ashford
FREP-9494-O,weather_natural,7.0,0.5833333333333334,0.5833333333333334,52.3726957140022,1.10555613465987,2022-02-20,11.800000190734863,1001.5,17.899999618530273,9.699999809265137,matched,E07000149,144641.0,Mainly Rural (rural including hub towns >=80%) ,0.15,0.05,0.078,2.0,0.0,11.882010089318918,2022,2,DISS GRID,South Norfolk
FREP-9469-O,weather_natural,1.0,65.45,65.45,51.651027718283,0.594451054535383,2022-02-19,8.199999809265137,1005.0,16.0,3.6999998092651367,matched,E07000070,183471.0,Urban with City and Town,0.2639999999999999,0.13,0.077,1.0,1.0,12.119811895840279,2022,2,SOUTH WOODHAM PRIMARY,Chelmsford
FREP-14188-W,weather_natural,177.0,11.736252354048965,69.7,51.0665196510291,0.18495133236248,2022-02-20,10.149999618530272,1001.4000244140624,22.89999961853028,0.4000000059604645,matched,E07000065,163091.0,Mainly Rural (rural including hub towns >=80%) ,0.237,0.29,0.073,2.0,0.0,12.002063606215954,2022,2,STEEL CROSS 33/6.6KV,Wealden
FREP-14196-W,weather_natural,0.0,,0.1666666666666666,50.7743872554242,0.101224173934288,2022-02-20,10.75,997.9000244140624,32.20000076293945,3.200000286102295,matched,E07000063,100693.0,Urban with Significant Rural (rural including hub towns 26-49%),0.225,0.36,0.099,2.0,1.0,11.519831562884328,2022,2,SEAFORD 33/11KV,Lewes
FREP-14225-W,technical_asset,1.0,50.35,50.35,51.4415090524139,0.383920024603466,2022-02-21,9.399999618530272,1007.0,25.299999237060547,3.1000001430511475,matched,E07000109,106997.0,Urban with Major Conurbation,0.291,0.37,0.122,3.0,1.0,11.580556075667811,2022,2,GRAVESEND TOWN 33/6.6KV,Gravesham
FREP-19760-U,weather_natural,2433.0,0.0858953281271407,0.65,50.9836035710203,0.296735092609588,2022-02-20,5.150000095367432,1003.0999755859376,18.0,4.400000095367432,matched,E07000065,163091.0,Mainly Rural (rural including hub towns >=80%) ,0.237,0.29,0.073,2.0,0.0,12.002063606215954,2022,2,BROAD OAK 33/11KV,Wealden
FREP-14133-W,weather_natural,4.0,54.95,54.95,51.160079243706,-0.161742526377284,2022-02-20,11.100000381469728,1007.2999877929688,17.299999237060547,6.899999618530273,matched,E07000211,153828.0,Urban with City and Town,0.217,0.22,0.067,2.0,1.0,11.943590374100134,2022,2,GATWICK AIRPORT (AF) 33/11KV,Reigate and Banstead
FREP-14346-W,weather_natural,762.0,1.039418439716312,5.05,51.1756619558011,0.490534373189508,2022-02-20,10.600000381469728,1000.5999755859376,22.0,0.5,matched,E07000110,180144.0,Urban with Significant Rural (rural including hub towns 26-49%),0.297,0.32,0.095,2.0,1.0,12.101511810042911,2022,2,MARDEN 33/11KV,Maidstone
FREP-10304-O,technical_asset,7.0,6.357142857142857,19.3,52.6281391631301,0.244329053492316,2022-02-21,10.25,1009.2000122070312,19.100000381469727,7.800000190734863,matched,E07000146,155665.0,Largely Rural (rural including hub towns 50-79%) ,0.301,0.29,0.12,3.0,0.0,11.955461541287493,2022,2,OUTWELL MOORS PRIMARY,King's Lynn and West Norfolk
FREP-19726-U,technical_asset,248.0,31.41827956989247,87.61666666666666,51.0482500947197,0.168254198204291,2022-02-20,4.25,1004.5999755859376,16.5,3.799999952316284,matched,E07000065,163091.0,Mainly Rural (rural including hub towns >=80%) ,0.237,0.29,0.073,2.0,0.0,12.002063606215954,2022,2,CROWBOROUGH TOWN 33/6.6KV,Wealden
FREP-295350-Z,weather_natural,810.0,3.136049382716049,20.8,52.3954292155701,1.29224857401646,2022-02-19,6.75,1002.2000122070312,15.399999618530272,6.199999809265137,matched,E07000149,144641.0,Mainly Rural (rural including hub towns >=80%) ,0.15,0.05,0.078,1.0,0.0,11.882010089318918,2022,2,HARLESTON PRIMARY,South Norfolk
FREP-297576-Z,weather_natural,0.0,,5.916666666666667,51.8583361904226,0.0674091626160273,2022-02-21,6.599999904632568,998.9000244140624,22.0,4.400000095367432,matched,E07000242,151828.0,Urban with Significant Rural (rural including hub towns 26-49%),0.1669999999999999,0.04,0.06,3.0,1.0,11.930503580162194,2022,2,MUCH HADHAM PRIMARY,East Hertfordshire
FREP-293658-Z,weather_natural,116.0,6.100862068965517,15.283333333333331,52.5758281720386,0.815522640736117,2022-02-19,2.650000095367432,1007.5,12.5,8.09999942779541,matched,E07000143,143422.0,Mainly Rural (rural including hub towns >=80%) ,0.207,0.18,0.1,1.0,0.0,11.873546612395812,2022,2,WATTON PRIMARY,Breckland
FREP-14186-W,weather_natural,295.0,0.9,0.9,51.3126157196458,0.911552531759317,2022-02-20,11.149999618530272,1001.9000244140624,21.600000381469727,1.100000023841858,matched,E07000113,154508.0,Largely Rural (rural including hub towns 50-79%) ,0.407,0.43,0.149,2.0,0.0,11.948001153914678,2022,2,FAVERSHAM 33/11KV,Swale
FREP-14233-W,weather_natural,1.0,77.1,77.1,51.0518096700857,0.507255686634157,2022-02-22,10.100000381469728,1017.2000122070312,9.800000190734863,0.6000000238418579,matched,E07000116,116263.0,Urban with Significant Rural (rural including hub towns 26-49%),0.213,0.19,0.073,4.0,1.0,11.663610145154312,2022,2,HAWKHURST 33/11KV,Tunbridge Wells
FREP-288218-Z,weather_natural,1.0,45.266666666666666,45.266666666666666,52.2143741332448,0.865361205055409,2022-02-19,7.0,1002.2999877929688,18.100000381469727,5.5,matched,E07000203,105725.0,Mainly Rural (rural including hub towns >=80%) ,0.244,0.01,0.071,1.0,0.0,11.56859666234069,2022,2,DRINKSTONE PRIMARY,Mid Suffolk
FREP-288280-Z,technical_asset,1.0,23.883333333333333,23.883333333333333,52.6012987580131,1.02250058724456,2022-02-19,6.449999809265137,1002.4000244140624,12.300000190734863,9.100000381469728,matched,E07000143,143422.0,Mainly Rural (rural including hub towns >=80%) ,0.207,0.18,0.1,1.0,0.0,11.873546612395812,2022,2,HARDINGHAM PRIMARY,Breckland
FREP-288077-Z,weather_natural,46.0,3.125,21.916666666666668,52.5127748708014,1.02374428979723,2022-02-19,5.150000095367432,1002.4000244140624,14.300000190734863,6.299999713897705,matched,E07000143,143422.0,Mainly Rural (rural including hub towns >=80%) ,0.207,0.18,0.1,1.0,0.0,11.873546612395812,2022,2,ATTLEBOROUGH PRIMARY,Breckland
FREP-288133-Z,technical_asset,2102.0,0.1173961306692039,0.5,52.801821205504,1.26738878654342,2022-02-19,3.5,1004.2000122070312,13.899999618530272,2.799999952316284,matched,E07000144,133839.0,Urban with Significant Rural (rural including hub towns 26-49%),0.129,0.01,0.072,1.0,1.0,11.804392864024903,2022,2,AYLSHAM PRIMARY,Broadland
FREP-288165-Z,weather_natural,1.0,101.53333333333332,101.53333333333332,52.4401378458545,1.17358086562589,2022-02-19,4.949999809265137,1002.9000244140624,14.800000190734863,7.499999523162842,matched,E07000149,144641.0,Mainly Rural (rural including hub towns >=80%) ,0.15,0.05,0.078,1.0,0.0,11.882010089318918,2022,2,TIVETSHALL PRIMARY,South Norfolk
FREP-288201-Z,weather_natural,15.0,37.58888888888889,45.11666666666667,51.8477438633511,0.156507335423487,2022-02-19,4.849999904632568,1009.7000122070312,14.699999809265137,4.0,matched,E07000242,151828.0,Urban with Significant Rural (rural including hub towns 26-49%),0.1669999999999999,0.04,0.06,1.0,1.0,11.930503580162194,2022,2,THORLEY PRIMARY,East Hertfordshire
FREP-288239-Z,technical_asset,10.0,8.666666666666668,17.766666666666666,52.9451163821106,0.759366969937937,2022-02-19,5.550000190734863,1000.2999877929688,14.600000381469728,4.199999809265137,matched,E07000146,155665.0,Largely Rural (rural including hub towns 50-79%) ,0.301,0.29,0.12,1.0,0.0,11.955461541287493,2022,2,BURNHAM THORPE PRIMARY,King's Lynn and West Norfolk
FREP-288357-Z,weather_natural,3.0,17.716666666666665,17.716666666666665,52.6427632788433,0.702295290945744,2022-02-19,2.0999999046325684,1010.0,9.5,6.5,matched,E07000143,143422.0,Mainly Rural (rural including hub towns >=80%) ,0.207,0.18,0.1,1.0,0.0,11.873546612395812,2022,2,SWAFFHAM GRID,Breckland
FREP-288712-Z,weather_natural,449.0,6.587750556792873,23.9,51.857471175924,0.519827025455693,2022-02-20,11.350000381469728,998.0,18.299999237060547,0.3000000119209289,matched,E07000067,157656.0,Largely Rural (rural including hub towns 50-79%) ,0.195,0.15,0.092,2.0,0.0,11.96817072324042,2022,2,WEST BRAINTREE PRIMARY,Braintree
FREP-288514-Z,weather_natural,3.0,73.41666666666667,73.41666666666667,52.5675657948615,1.10617928336132,2022-02-20,12.100000381469728,997.9000244140624,19.39999961853028,12.0,matched,E07000149,144641.0,Mainly Rural (rural including hub towns >=80%) ,0.15,0.05,0.078,2.0,0.0,11.882010089318918,2022,2,WYMONDHAM PRIMARY,South Norfolk
FREP-288646-Z,weather_natural,1.0,5.883333333333334,5.883333333333334,52.6281391631301,0.244329053492316,2022-02-20,12.550000190734863,997.7000122070312,19.299999237060547,4.5,matched,E07000146,155665.0,Largely Rural (rural including hub towns 50-79%) ,0.301,0.29,0.12,2.0,0.0,11.955461541287493,2022,2,OUTWELL MOORS PRIMARY,King's Lynn and West Norfolk
FREP-288769-Z,technical_asset,1.0,24.35,24.35,52.4315131590174,0.994045869005141,2022-02-20,10.949999809265137,991.2000122070312,20.5,4.400000095367432,matched,E07000143,143422.0,Mainly Rural (rural including hub towns >=80%) ,0.207,0.18,0.1,2.0,0.0,11.873546612395812,2022,2,KENNINGHALL PRIMARY,Breckland
FREP-288779-Z,weather_natural,1.0,75.15,75.15,52.2143741332448,0.865361205055409,2022-02-20,10.649999618530272,992.4000244140624,20.299999237060547,2.6000001430511475,matched,E07000203,105725.0,Mainly Rural (rural including hub towns >=80%) ,0.244,0.01,0.071,2.0,0.0,11.56859666234069,2022,2,DRINKSTONE PRIMARY,Mid Suffolk
FREP-288925-Z,weather_natural,1609.0,0.2472239486223326,0.25,51.9622149375365,0.488388922212106,2022-02-20,7.150000095367432,994.2999877929688,25.5,5.0,matched,E07000067,157656.0,Largely Rural (rural including hub towns 50-79%) ,0.195,0.15,0.092,2.0,0.0,11.96817072324042,2022,2,WETHERSFIELD PRIMARY,Braintree
FREP-288943-Z,weather_natural,7.0,12.0,12.0,51.8522642963663,-0.939489172005016,2022-02-21,2.700000047683716,1002.9000244140624,14.300000190734863,5.500000476837158,matched,E06000060,561180.0,Urban with Significant Rural (rural including hub towns 26-49%),0.1874999999999999,0.3,0.06325,3.0,1.0,13.237796988656651,2022,2,WADDESDON PRIMARY,Buckinghamshire
FREP-288834-Z,weather_natural,14.0,14.414285714285716,19.53333333333333,51.5882935227615,0.482897728873305,2022-02-21,9.949999809265137,1006.2999877929688,22.799999237060547,3.0,matched,E07000066,188793.0,Urban with City and Town,0.3339999999999999,0.58,0.138,3.0,1.0,12.148406455735008,2022,2,GARDINERS LN PRIMARY,Basildon
FREP-288835-Z,technical_asset,1.0,20.683333333333334,20.683333333333334,51.745123835035,0.472294515971274,2022-02-20,10.399999618530272,992.5999755859376,20.89999961853028,1.7000001668930054,matched,E07000070,183471.0,Urban with City and Town,0.2639999999999999,0.13,0.077,2.0,1.0,12.119811895840279,2022,2,CHELMSFORD NORTH GRID,Chelmsford
FREP-288882-Z,technical_asset,1.0,25.633333333333333,25.633333333333333,51.6544544127317,-0.199230880385685,2022-02-20,8.399999618530273,994.9000244140624,24.0,4.5,matched,E09000003,390371.0,Urban with Major Conurbation,0.319,0.36,0.111,2.0,1.0,12.874852847975086,2022,2,TAPSTER ST PRIMARY,Barnet
FREP-288891-Z,technical_asset,1.0,13.733333333333333,13.733333333333333,51.561639806449,0.219873222177904,2022-02-20,9.649999618530272,994.5,25.799999237060547,3.6000001430511475,matched,E09000016,264786.0,Urban with Major Conurbation,0.323,0.51,0.108,2.0,1.0,12.486677231556683,2022,2,HORNCHURCH LOCAL PRIMARY,Havering
FREP-289106-Z,technical_asset,1.0,3.55,3.55,51.9062918290811,-0.494748082475557,2022-02-21,5.349999904632568,1000.2000122070312,20.39999961853028,4.900000095367432,matched,E06000056,301829.0,Largely Rural (rural including hub towns 50-79%) ,0.248,0.23,0.077,3.0,0.0,12.617615910825437,2022,2,LEWSEY PRIMARY,Central Bedfordshire
FREP-267132-G,weather_natural,11.0,25.833333333333336,72.5,51.4045566173903,0.158883981391679,2022-02-22,11.699999809265137,1015.0,19.200000762939453,1.0,matched,E07000111,121194.0,Largely Rural (rural including hub towns 50-79%) ,0.249,0.33,0.075,4.0,0.0,11.705147846441445,2022,2,SWANLEY 33/11KV,Sevenoaks
FREP-267653-G,weather_natural,3.0,54.56666666666667,54.56666666666667,51.0729133018242,1.09287207346923,2022-02-21,9.060500144958496,1013.5,17.0,2.400000095367432,matched,E07000112,110372.0,Urban with Significant Rural (rural including hub towns 26-49%),0.3339999999999999,0.43,0.145,3.0,1.0,11.611611757468927,2022,2,HYTHE MAIN 33/11KV,Folkestone and Hythe
FREP-267808-G,weather_natural,15.0,42.96666666666666,86.03333333333333,51.0729133018242,1.09287207346923,2022-02-22,6.6605000495910645,1022.9000244140624,8.899999618530273,0.1000000014901161,matched,E07000112,110372.0,Urban with Significant Rural (rural including hub towns 26-49%),0.3339999999999999,0.43,0.145,4.0,1.0,11.611611757468927,2022,2,HYTHE MAIN 33/11KV,Folkestone and Hythe
FREP-267572-G,weather_natural,8.0,82.71666666666667,82.71666666666667,51.0666275092411,0.322967186539106,2022-02-20,10.649999618530272,1004.0999755859376,20.299999237060547,2.6999998092651367,matched,E07000065,163091.0,Mainly Rural (rural including hub towns >=80%) ,0.237,0.29,0.073,2.0,0.0,12.002063606215954,2022,2,WADHURST 33/6.6KV,Wealden
FREP-267861-G,weather_natural,7.0,100.15714285714286,105.13333333333334,50.9885312327246,0.127267371740544,2022-02-19,7.25,1006.9000244140624,24.100000381469727,3.6999998092651367,matched,E07000065,163091.0,Mainly Rural (rural including hub towns >=80%) ,0.237,0.29,0.073,1.0,0.0,12.002063606215954,2022,2,BUXTED 33/11KV,Wealden
FREP-267702-G,weather_natural,16.0,45.0,45.0,51.3679067362911,1.38968362381109,2022-02-20,5.952000141143799,1001.5,20.799999237060547,2.299999952316284,matched,E07000114,140699.0,Urban with City and Town,0.387,0.43,0.185,2.0,1.0,11.854378135756683,2022,2,THANET 33/11KV,Thanet
FREP-77105-V,weather_natural,75.0,89.0,89.0,51.0423833573077,0.192988401084064,2022-02-19,5.949999809265137,1012.5999755859376,10.699999809265137,4.199999809265137,matched,E07000065,163091.0,Mainly Rural (rural including hub towns >=80%) ,0.237,0.29,0.073,1.0,0.0,12.002063606215954,2022,2,JARVIS BROOK 33/6.6KV,Wealden
FREP-77193-V,weather_natural,1.0,99.98333333333332,99.98333333333332,50.9490589725163,0.453212451572045,2022-02-21,9.25,1005.2999877929688,19.700000762939453,4.799999713897705,matched,E07000064,94323.0,Largely Rural (rural including hub towns 50-79%) ,0.35,0.37,0.113,3.0,0.0,11.45448034132121,2022,2,MOUNTFIELD 33/11KV,Rother
FREP-287193-Z,weather_natural,30.0,13.363333333333332,100.48333333333332,52.2609258166513,1.025185085299,2022-02-22,12.75,1012.2000122070312,17.799999237060547,0.4000000059604645,matched,E07000203,105725.0,Mainly Rural (rural including hub towns >=80%) ,0.244,0.01,0.071,4.0,0.0,11.56859666234069,2022,2,COTTON PRIMARY,Mid Suffolk
FREP-287011-Z,weather_natural,7.0,22.52857142857143,47.03333333333333,51.6895100401282,0.869267089431415,2022-02-19,6.800000190734863,1011.5,11.699999809265137,0.2000000029802322,matched,E07000074,67624.0,Mainly Rural (rural including hub towns >=80%) ,0.185,0.05,0.086,1.0,0.0,11.121718228608763,2022,2,TILLINGHAM PRIMARY,Maldon
FREP-294643-Z,weather_natural,238.0,1.0346097738876732,2.716666666666667,52.0161458337469,-0.479027055786056,2022-02-19,3.0,1010.9000244140624,6.400000095367432,3.300000190734864,matched,E06000056,301829.0,Largely Rural (rural including hub towns 50-79%) ,0.248,0.23,0.077,1.0,0.0,12.617615910825437,2022,2,AMPTHILL PRIMARY,Central Bedfordshire
FREP-289102-Z,weather_natural,2.0,44.81666666666667,44.81666666666667,52.5551920087145,1.71151379971712,2022-02-21,10.449999809265137,1005.0999755859376,18.200000762939453,15.399999618530272,matched,E07000145,99798.0,Urban with Significant Rural (rural including hub towns 26-49%),0.43,0.58,0.184,3.0,1.0,11.51090342201859,2022,2,BRADWELL PRIMARY,Great Yarmouth
FREP-289218-Z,weather_natural,5.0,53.25,54.516666666666666,52.5675657948615,1.10617928336132,2022-02-21,7.349999904632568,995.0,23.799999237060547,15.200000762939451,matched,E07000149,144641.0,Mainly Rural (rural including hub towns >=80%) ,0.15,0.05,0.078,3.0,0.0,11.882010089318918,2022,2,WYMONDHAM PRIMARY,South Norfolk
FREP-267952-G,weather_natural,4.0,103.77916666666668,153.2,51.095059176549,0.533218964088187,2022-02-19,7.550000190734863,1012.2000122070312,15.100000381469728,0.3000000119209289,matched,E07000116,116263.0,Urban with Significant Rural (rural including hub towns 26-49%),0.213,0.19,0.073,1.0,1.0,11.663610145154312,2022,2,CRANBROOK 33/11KV,Tunbridge Wells
FREP-268099-G,weather_natural,1.0,19.416666666666668,19.416666666666668,51.2519277517553,0.54987351370232,2022-02-19,2.650000095367432,1013.0999755859376,12.199999809265137,2.799999952316284,matched,E07000110,180144.0,Urban with Significant Rural (rural including hub towns 26-49%),0.297,0.32,0.095,1.0,1.0,12.101511810042911,2022,2,SHEPWAY 33/11KV,Maidstone
FREP-268143-G,weather_natural,1.0,99.78333333333332,99.78333333333332,51.3486201840969,-0.488594053389472,2022-02-19,2.799999952316284,1013.0,10.600000381469728,0.699999988079071,matched,E07000212,89113.0,Urban with Major Conurbation,0.161,0.18,0.066,1.0,1.0,11.39766050629526,2022,2,WEST WEYBRIDGE #OLD,Runnymede
FREP-268170-G,weather_natural,20.0,98.15,98.15,50.9867631245393,0.609152845255805,2022-02-20,10.449999809265137,1008.7000122070312,17.899999618530273,3.000000238418579,matched,E07000064,94323.0,Largely Rural (rural including hub towns 50-79%) ,0.35,0.37,0.113,2.0,0.0,11.45448034132121,2022,2,NORTHIAM 33/11KV,Rother
FREP-268210-G,technical_asset,1.0,13.766666666666667,13.766666666666667,51.2849764326037,1.08527611524698,2022-02-19,1.899999976158142,1013.2999877929688,11.399999618530272,1.899999976158142,matched,E07000106,158723.0,Urban with City and Town,0.248,0.17,0.1,1.0,1.0,11.974915823549752,2022,2,CANTERBURY TOWN 33/11KV,Canterbury
FREP-268218-G,weather_natural,15.0,95.8,95.8,50.9836035710203,0.296735092609588,2022-02-20,10.399999618530272,1008.2999877929688,19.799999237060547,4.199999809265137,matched,E07000065,163091.0,Mainly Rural (rural including hub towns >=80%) ,0.237,0.29,0.073,2.0,0.0,12.002063606215954,2022,2,BROAD OAK 33/11KV,Wealden
FREP-268316-G,technical_asset,4.0,123.33333333333331,123.33333333333331,51.0176463039151,0.727756668130625,2022-02-19,7.949999809265137,1013.7000122070312,11.600000381469728,0.0,matched,E07000105,135818.0,Urban with Significant Rural (rural including hub towns 26-49%),0.291,0.34,0.11,1.0,1.0,11.819071033187548,2022,2,WITTERSHAM 33/6.6KV,Ashford
FREP-268341-G,weather_natural,10.0,124.3,124.45,50.9823414683587,0.0027766790657315,2022-02-19,8.050000190734863,1012.9000244140624,14.300000190734863,0.8999999761581421,matched,E07000063,100693.0,Urban with Significant Rural (rural including hub towns 26-49%),0.225,0.36,0.099,1.0,1.0,11.519831562884328,2022,2,NEWICK 33/11KV,Lewes
FREP-268401-G,technical_asset,1.0,73.66666666666667,73.66666666666667,51.0978275575817,0.0359286158350521,2022-02-19,7.449999809265137,1011.5,16.200000762939453,0.2000000029802322,matched,E07000065,163091.0,Mainly Rural (rural including hub towns >=80%) ,0.237,0.29,0.073,1.0,0.0,12.002063606215954,2022,2,FOREST ROW 33/11KV,Wealden
FREP-268430-G,weather_natural,157.0,6.159660297239915,9.5,51.1176023620788,-0.162700185396882,2022-02-19,7.550000190734863,1011.2000122070312,16.299999237060547,0.5,matched,E07000226,119959.0,Urban with City and Town,0.2629999999999999,0.28,0.11,1.0,1.0,11.694905296716163,2022,2,CRAWLEY TOWN 33/11KV,Crawley
FREP-268336-G,weather_natural,7.0,35.11666666666667,35.11666666666667,51.3562729226181,0.0834037905754123,2022-02-20,11.050000190734863,1006.0999755859376,18.700000762939453,5.5,matched,E09000006,329930.0,Urban with Major Conurbation,0.291,0.5,0.091,2.0,1.0,12.706635789729656,2022,2,SOUTH ORPINGTON 33/11KV,Bromley
FREP-9499-O,weather_natural,40.0,28.782083333333333,30.03333333333333,51.998244271095,1.11744028111822,2022-02-20,11.600000381469728,1002.2999877929688,17.5,6.0,matched,E07000200,94289.0,Mainly Rural (rural including hub towns >=80%) ,0.169,0.17,0.08,2.0,0.0,11.454119812824949,2022,2,TATTINGSTONE PRIMARY,Babergh
FREP-9472-O,weather_natural,2.0,45.66666666666666,45.66666666666666,51.6368427179474,0.349465307572008,2022-02-20,11.600000381469728,1001.2000122070312,17.700000762939453,2.6000001430511475,matched,E07000068,77316.0,Urban with Significant Rural (rural including hub towns 26-49%),0.159,0.05,0.064,2.0,1.0,11.255656198926642,2022,2,HUTTON PRIMARY,Brentwood
FREP-9473-O,weather_natural,0.0,,53.88333333333333,51.9447725054248,0.63206680798635,2022-02-19,4.199999809265137,1011.5999755859376,10.399999618530272,0.3000000119209289,matched,E07000067,157656.0,Largely Rural (rural including hub towns 50-79%) ,0.195,0.15,0.092,1.0,0.0,11.96817072324042,2022,2,HALSTEAD PRIMARY,Braintree
FREP-76857-V,weather_natural,5.0,79.78333333333333,79.78333333333333,51.360183061898,0.597427807179726,2022-02-19,7.796500205993652,1011.2000122070312,14.199999809265137,0.2000000029802322,matched,E06000035,282750.0,Urban with City and Town,0.3849999999999999,0.39,0.134,1.0,1.0,12.552318393978366,2022,2,RAINHAM 33/11KV,Medway
FREP-77294-V,technical_asset,7.0,34.166666666666664,34.166666666666664,51.1774454877242,0.392619520989536,2022-02-22,9.0,1017.0999755859376,9.399999618530272,1.4000000953674316,matched,E07000116,116263.0,Urban with Significant Rural (rural including hub towns 26-49%),0.213,0.19,0.073,4.0,1.0,11.663610145154312,2022,2,PADDOCK WOOD 33/11KV,Tunbridge Wells
FREP-61016-C,technical_asset,3.0,22.166666666666668,22.166666666666668,51.5923388863545,-0.255408189186246,2022-02-20,8.25,995.5,25.200000762939453,3.899999856948853,matched,E09000003,390371.0,Urban with Major Conurbation,0.319,0.36,0.111,2.0,1.0,12.874852847975086,2022,2,COLINDALE GRID,Barnet
FREP-61134-C,technical_asset,0.0,,10.516666666666667,51.8990704453302,0.938141702019187,2022-02-21,9.350000381469728,1009.5999755859376,20.299999237060547,3.5999999046325684,matched,E07000071,194475.0,Urban with Significant Rural (rural including hub towns 26-49%),0.287,0.34,0.099,3.0,1.0,12.178058899074975,2022,2,PARSONS HEATH PRIMARY,Colchester
FREP-60828-C,weather_natural,31.0,4.833333333333333,4.833333333333333,52.5758281720386,0.815522640736117,2022-02-19,3.950000047683716,1001.9000244140624,11.600000381469728,6.900000095367432,matched,E07000143,143422.0,Mainly Rural (rural including hub towns >=80%) ,0.207,0.18,0.1,1.0,0.0,11.873546612395812,2022,2,WATTON PRIMARY,Breckland
FREP-60948-C,weather_natural,274.0,2.9166666666666665,2.9166666666666665,51.7079575068702,-0.109337517316966,2022-02-20,10.949999809265137,1005.0,16.600000381469727,5.299999713897705,matched,E07000241,120308.0,Urban with City and Town,0.204,0.34,0.086,2.0,1.0,11.697810400167343,2022,2,CUFFLEY PRIMARY,Welwyn Hatfield
FREP-61001-C,weather_natural,131.0,0.3980916030534351,45.65,51.8022371489049,-0.195509301381413,2022-02-21,8.899999618530273,1008.5999755859376,21.0,4.300000190734863,matched,E07000241,120308.0,Urban with City and Town,0.204,0.34,0.086,3.0,1.0,11.697810400167343,2022,2,CENTRAL WELWYN PRIMARY,Welwyn Hatfield
FREP-61720-C,weather_natural,162.0,4.325154320987654,8.783333333333333,51.9447725054248,0.63206680798635,2022-02-20,5.699999809265137,1009.2999877929688,9.0,3.900000095367432,matched,E07000067,157656.0,Largely Rural (rural including hub towns 50-79%) ,0.195,0.15,0.092,2.0,0.0,11.96817072324042,2022,2,HALSTEAD PRIMARY,Braintree
FREP-287425-Z,weather_natural,1.0,76.08333333333333,76.08333333333333,52.2609258166513,1.025185085299,2022-02-19,5.300000190734863,1003.0,18.299999237060547,6.900000095367432,matched,E07000203,105725.0,Mainly Rural (rural including hub towns >=80%) ,0.244,0.01,0.071,1.0,0.0,11.56859666234069,2022,2,COTTON PRIMARY,Mid Suffolk
FREP-287317-Z,weather_natural,1.0,2.5,2.5,51.8762753945112,0.771662296345226,2022-02-21,3.450000047683716,1000.5,16.700000762939453,3.700000047683716,matched,E07000071,194475.0,Urban with Significant Rural (rural including hub towns 26-49%),0.287,0.34,0.099,3.0,1.0,12.178058899074975,2022,2,MARKS TEY PRIMARY,Colchester
FREP-287493-Z,weather_natural,0.0,,0.9666666666666668,52.3259701771123,0.341668094818228,2022-02-21,10.199999809265137,1008.0,20.700000762939453,7.100000381469727,matched,E07000009,89348.0,Mainly Rural (rural including hub towns >=80%) ,0.135,-0.11,0.07,3.0,0.0,11.400294136453448,2022,2,SOHAM PRIMARY,East Cambridgeshire
FREP-4534-I,weather_natural,0.0,,1.0,52.0323951714821,1.2031676568957,2022-02-19,5.349999904632568,1007.5,16.200000762939453,5.800000190734863,matched,E07000202,139331.0,Urban with City and Town,0.296,0.25,0.141,1.0,1.0,11.844607676287078,2022,2,NACTON PRIMARY,Ipswich
FREP-268323-G,weather_natural,4.0,107.13333333333334,107.13333333333334,50.927579327247,-0.390106657160305,2022-02-19,7.900000095367432,1013.7000122070312,12.899999618530272,0.1000000014901161,matched,E07000227,148784.0,Largely Rural (rural including hub towns 50-79%) ,0.124,0.03,0.056,1.0,0.0,11.910250868717979,2022,2,ASHINGTON 33/11KV,Horsham
FREP-268325-G,weather_natural,1.0,84.91666666666667,84.91666666666667,51.3178958672932,0.0324546277819278,2022-02-21,5.0,1003.0999755859376,20.600000381469727,3.200000047683716,matched,E09000006,329930.0,Urban with Major Conurbation,0.291,0.5,0.091,3.0,1.0,12.706635789729656,2022,2,BIGGIN HILL 33/11KV,Bromley
FREP-269250-G,weather_natural,112.0,25.55818452380953,25.816666666666663,51.1300322898903,-0.0147947832634629,2022-02-20,10.350000381469728,997.0,26.5,2.0,matched,E07000228,155159.0,Urban with City and Town,0.155,0.02,0.053,2.0,1.0,11.952205676573094,2022,2,EAST GRINSTEAD 33/11KV,Mid Sussex
FREP-269271-G,weather_natural,9.0,117.11666666666666,117.11666666666666,51.1081876089666,1.04230379821497,2022-02-20,10.350000381469728,996.2999877929688,25.200000762939453,2.400000095367432,matched,E07000112,110372.0,Urban with Significant Rural (rural including hub towns 26-49%),0.3339999999999999,0.43,0.145,2.0,1.0,11.611611757468927,2022,2,STANFORD 33/11KV,Folkestone and Hythe
FREP-269288-G,weather_natural,1.0,97.58333333333331,97.58333333333331,51.06019882791,0.811198677158435,2022-02-21,9.550000190734863,1004.0999755859376,23.39999961853028,3.0,matched,E07000105,135818.0,Urban with Significant Rural (rural including hub towns 26-49%),0.291,0.34,0.11,3.0,1.0,11.819071033187548,2022,2,KENARDINGTON 33/6.6KV,Ashford
FREP-269225-G,weather_natural,370.0,11.225270270270272,45.23333333333333,51.0470823089683,0.40528412380319,2022-02-20,10.149999618530272,996.7999877929688,26.299999237060547,3.5999999046325684,matched,E07000064,94323.0,Largely Rural (rural including hub towns 50-79%) ,0.35,0.37,0.113,2.0,0.0,11.45448034132121,2022,2,TICEHURST 33/11KV,Rother
FREP-269454-G,weather_natural,268.0,7.82587064676617,26.85,51.0002103715972,-0.104972784313039,2022-02-21,10.75,1009.9000244140624,21.89999961853028,2.5,matched,E07000228,155159.0,Urban with City and Town,0.155,0.02,0.053,3.0,1.0,11.952205676573094,2022,2,HAYWARDS HEATH 33/11KV,Mid Sussex
FREP-269394-G,weather_natural,375.0,3.002977777777778,5.0,50.796680012173,-0.0093572209228221,2022-02-21,5.761000156402588,1005.2999877929688,21.200000762939453,4.300000190734863,matched,E07000063,100693.0,Urban with Significant Rural (rural including hub towns 26-49%),0.225,0.36,0.099,3.0,1.0,11.519831562884328,2022,2,PEACEHAVEN 33/11KV,Lewes
FREP-269468-G,weather_natural,1.0,1.0,1.0,50.9867231707817,0.47252542377737,2022-02-21,9.949999809265137,1007.7000122070312,26.0,4.300000190734863,matched,E07000064,94323.0,Largely Rural (rural including hub towns 50-79%) ,0.35,0.37,0.113,3.0,0.0,11.45448034132121,2022,2,ROBERTSBRIDGE 33/11KV,Rother
FREP-269761-G,weather_natural,1.0,93.73333333333332,93.73333333333332,51.1081876089666,1.04230379821497,2022-02-21,9.449999809265137,1012.5999755859376,18.100000381469727,2.799999952316284,matched,E07000112,110372.0,Urban with Significant Rural (rural including hub towns 26-49%),0.3339999999999999,0.43,0.145,3.0,1.0,11.611611757468927,2022,2,STANFORD 33/11KV,Folkestone and Hythe
FREP-269815-G,weather_natural,7.0,66.7,66.7,51.1081876089666,1.04230379821497,2022-02-21,8.699999809265137,1015.2999877929688,14.800000190734863,1.8000000715255735,matched,E07000112,110372.0,Urban with Significant Rural (rural including hub towns 26-49%),0.3339999999999999,0.43,0.145,3.0,1.0,11.611611757468927,2022,2,STANFORD 33/11KV,Folkestone and Hythe
FREP-269658-G,weather_natural,51.0,19.816666666666663,19.816666666666663,50.9836035710203,0.296735092609588,2022-02-21,10.050000190734863,1012.0,18.89999961853028,3.8000001907348633,matched,E07000065,163091.0,Mainly Rural (rural including hub towns >=80%) ,0.237,0.29,0.073,3.0,0.0,12.002063606215954,2022,2,BROAD OAK 33/11KV,Wealden
FREP-269746-G,weather_natural,432.0,5.95,5.95,51.4181755803063,0.802248910695697,2022-02-21,9.350000381469728,1013.5999755859376,18.0,2.0,matched,E07000113,154508.0,Largely Rural (rural including hub towns 50-79%) ,0.407,0.43,0.149,3.0,0.0,11.948001153914678,2022,2,MINSTER 33/6.6KV,Swale
FREP-269603-G,weather_natural,1.0,86.78333333333333,86.78333333333333,51.3750692922355,1.32404283214804,2022-02-21,7.702000141143799,1019.5,13.600000381469728,0.0,matched,E07000114,140699.0,Urban with City and Town,0.387,0.43,0.185,3.0,1.0,11.854378135756683,2022,2,WESTGATE 33/11KV,Thanet
FREP-269824-G,weather_natural,6.0,40.2,40.2,51.3988356323046,0.303460419871465,2022-02-20,10.449999809265137,995.0999755859376,25.600000381469727,1.7999999523162842,matched,E07000107,119042.0,Urban with Major Conurbation,0.2809999999999999,0.34,0.095,2.0,1.0,11.687231651001051,2022,2,LONGFIELD 33/11KV,Dartford
FREP-269852-G,weather_natural,5.0,72.03333333333333,72.03333333333333,51.0629074689347,-0.321824140409602,2022-02-21,7.449999809265137,1020.2000122070312,11.0,0.3000000119209289,matched,E07000227,148784.0,Largely Rural (rural including hub towns 50-79%) ,0.124,0.03,0.056,3.0,0.0,11.910250868717979,2022,2,HORSHAM GRID 132/11KV,Horsham
FREP-270036-G,weather_natural,91.0,43.96794871794872,77.93333333333334,50.9977527867418,0.958525900562704,2022-02-22,11.949999809265137,1015.7999877929688,18.200000762939453,0.6000000238418579,matched,E07000112,110372.0,Urban with Significant Rural (rural including hub towns 26-49%),0.3339999999999999,0.43,0.145,4.0,1.0,11.611611757468927,2022,2,ROMNEY WARREN 33/11KV,Folkestone and Hythe
FREP-270055-G,weather_natural,1.0,77.03333333333333,77.03333333333333,51.0629074689347,-0.321824140409602,2022-02-22,12.300000190734863,1016.2999877929688,13.399999618530272,0.3000000119209289,matched,E07000227,148784.0,Largely Rural (rural including hub towns 50-79%) ,0.124,0.03,0.056,4.0,0.0,11.910250868717979,2022,2,HORSHAM GRID 132/11KV,Horsham
FREP-270169-G,weather_natural,7.0,23.957142857142856,24.0,51.2870280496174,0.186381498500364,2022-02-22,12.149999618530272,1015.5,15.399999618530272,0.3000000119209289,matched,E07000111,121194.0,Largely Rural (rural including hub towns 50-79%) ,0.249,0.33,0.075,4.0,0.0,11.705147846441445,2022,2,NORTH SEVENOAKS 33/11KV,Sevenoaks
FREP-270216-G,weather_natural,73.0,2.45,2.45,51.1300322898903,-0.0147947832634629,2022-02-22,9.550000190734863,1020.2000122070312,10.600000381469728,0.3000000119209289,matched,E07000228,155159.0,Urban with City and Town,0.155,0.02,0.053,4.0,1.0,11.952205676573094,2022,2,EAST GRINSTEAD 33/11KV,Mid Sussex
FREP-270868-G,weather_natural,1.0,90.26666666666668,90.26666666666668,50.927579327247,-0.390106657160305,2022-02-20,5.349999904632568,1004.5,16.200000762939453,3.0,matched,E07000227,148784.0,Largely Rural (rural including hub towns 50-79%) ,0.124,0.03,0.056,2.0,0.0,11.910250868717979,2022,2,ASHINGTON 33/11KV,Horsham
FREP-285476-J,technical_asset,126.0,3.503968253968254,3.9166666666666665,51.5584498697911,-0.0408010245815846,2022-02-20,6.050000190734863,998.9000244140624,19.299999237060547,3.9000003337860094,matched,E09000012,261814.0,Urban with Major Conurbation,0.343,0.23,0.196,2.0,1.0,12.47538960696398,2022,2,HACKNEY C 6.6KV,Hackney
FREP-287145-Z,weather_natural,17.0,9.691176470588236,28.55,51.5882935227615,0.482897728873305,2022-02-19,5.699999809265137,1012.0999755859376,10.699999809265137,0.6000000238418579,matched,E07000066,188793.0,Urban with City and Town,0.3339999999999999,0.58,0.138,1.0,1.0,12.148406455735008,2022,2,GARDINERS LN PRIMARY,Basildon
FREP-287653-Z,weather_natural,2.0,76.28333333333333,76.28333333333333,51.7056228650937,-0.706866842077868,2022-02-19,5.050000190734863,1010.2000122070312,10.699999809265137,0.8000000715255737,matched,E06000060,561180.0,Urban with Significant Rural (rural including hub towns 26-49%),0.1874999999999999,0.3,0.06325,1.0,1.0,13.237796988656651,2022,2,GT MISSENDEN PRIMARY,Buckinghamshire
FREP-287735-Z,weather_natural,6.0,18.933333333333334,78.43333333333334,52.045183337677,0.960993782759361,2022-02-20,11.649999618530272,1001.2999877929688,18.299999237060547,4.800000190734863,matched,E07000200,94289.0,Mainly Rural (rural including hub towns >=80%) ,0.169,0.17,0.08,2.0,0.0,11.454119812824949,2022,2,HADLEIGH PRIMARY,Babergh
FREP-287884-Z,weather_natural,3.0,28.78333333333333,28.78333333333333,52.2065166590149,-0.268171894048518,2022-02-19,5.400000095367432,1009.9000244140624,11.5,0.3000000119209289,matched,E06000055,187624.0,Urban with Significant Rural (rural including hub towns 26-49%),0.3189999999999999,0.36,0.114,1.0,1.0,12.142195239141413,2022,2,LITTLE BARFORD,Bedford
FREP-288000-Z,weather_natural,822.0,2.0145985401459856,29.016666666666666,52.5210806354643,1.21151309264698,2022-02-19,6.550000190734863,1010.0,12.800000190734863,0.9000000357627869,matched,E07000149,144641.0,Mainly Rural (rural including hub towns >=80%) ,0.15,0.05,0.078,1.0,0.0,11.882010089318918,2022,2,HAPTON PRIMARY,South Norfolk
FREP-287771-Z,technical_asset,0.0,,10.35,52.4381350996624,-0.104318851814372,2022-02-19,3.25,1008.2999877929688,15.899999618530272,3.200000286102295,matched,E07000011,184117.0,Mainly Rural (rural including hub towns >=80%) ,0.207,0.3,0.074,1.0,0.0,12.123326704076948,2022,2,BURY PRIMARY,Huntingdonshire
FREP-287962-Z,weather_natural,1.0,91.26666666666668,91.26666666666668,51.7591797837155,-0.743603919196674,2022-02-19,5.650000095367432,1004.5,19.39999961853028,4.5,matched,E06000060,561180.0,Urban with Significant Rural (rural including hub towns 26-49%),0.1874999999999999,0.3,0.06325,1.0,1.0,13.237796988656651,2022,2,WENDOVER PRIMARY,Buckinghamshire
FREP-287887-Z,weather_natural,5.0,94.46666666666668,94.46666666666668,51.857471175924,0.519827025455693,2022-02-19,5.5,1011.2000122070312,11.899999618530272,0.1000000014901161,matched,E07000067,157656.0,Largely Rural (rural including hub towns 50-79%) ,0.195,0.15,0.092,1.0,0.0,11.96817072324042,2022,2,WEST BRAINTREE PRIMARY,Braintree
FREP-287907-Z,weather_natural,1.0,98.18333333333334,98.18333333333334,51.8144025742154,0.910717023292054,2022-02-19,4.25,1012.0,10.5,0.2000000029802322,matched,E07000071,194475.0,Urban with Significant Rural (rural including hub towns 26-49%),0.287,0.34,0.099,1.0,1.0,12.178058899074975,2022,2,PELDON PRIMARY,Colchester
FREP-288002-Z,weather_natural,2.0,67.81666666666666,67.81666666666666,51.9622149375365,0.488388922212106,2022-02-20,10.850000381469728,1002.5,19.799999237060547,6.300000190734863,matched,E07000067,157656.0,Largely Rural (rural including hub towns 50-79%) ,0.195,0.15,0.092,2.0,0.0,11.96817072324042,2022,2,WETHERSFIELD PRIMARY,Braintree
FREP-288045-Z,weather_natural,1.0,51.68333333333333,51.68333333333333,52.0749472610913,-0.0039953941502323,2022-02-19,5.199999809265137,1008.0999755859376,11.800000190734863,0.3000000119209289,matched,E07000012,165727.0,Largely Rural (rural including hub towns 50-79%) ,0.1559999999999999,0.02,0.056,1.0,0.0,12.01809713522202,2022,2,MELBOURN PRIMARY,South Cambridgeshire
FREP-248729-J,technical_asset,0.0,,1.0,51.5159237960819,-0.167067826060955,2022-02-19,2.8499999046325684,1012.5,8.699999809265137,0.9000000357627869,matched,E09000033,209333.0,Urban with Major Conurbation,0.391,0.48,0.135,1.0,1.0,12.25168156442427,2022,2,HYDE PARK ESTATE B 11KV,Westminster
FREP-285100-Z,technical_asset,4.0,6.533333333333333,6.533333333333333,51.6158790310613,-0.181243677192809,2022-02-22,4.800000190734863,1023.2999877929688,6.699999809265137,0.1000000014901161,matched,E09000003,390371.0,Urban with Major Conurbation,0.319,0.36,0.111,4.0,1.0,12.874852847975086,2022,2,NORTH FINCHLEY PRIMARY,Barnet
FREP-285676-J,technical_asset,0.0,,1.0,51.525437930128,-0.174571249383959,2022-02-22,9.199999809265137,1016.0999755859376,9.699999809265137,0.4000000059604645,matched,E09000033,209333.0,Urban with Major Conurbation,0.391,0.48,0.135,4.0,1.0,12.25168156442427,2022,2,ABERDEEN PL A 11KV,Westminster
FREP-285643-J,technical_asset,50.0,2.1966666666666668,4.05,51.5463340961811,-0.256605931549261,2022-02-21,6.650000095367432,1020.7999877929688,8.0,0.3000000119209289,matched,E09000005,341505.0,Urban with Major Conurbation,0.3239999999999999,0.55,0.155,3.0,1.0,12.741117599174233,2022,2,GIBBONS RD,Brent
FREP-285709-J,technical_asset,0.0,,185.96666666666667,51.5126010241839,-0.190519433492792,2022-02-22,12.5,1015.0,15.699999809265137,0.5,matched,E09000033,209333.0,Urban with Major Conurbation,0.391,0.48,0.135,4.0,1.0,12.25168156442427,2022,2,MOSCOW RD 6.6KV,Westminster
FREP-285739-J,technical_asset,1.0,4.65,4.65,51.4273148665817,-0.0011453394599783,2022-02-22,8.899999618530273,1019.7999877929688,11.0,0.3000000119209289,matched,E09000023,299164.0,Urban with Major Conurbation,0.294,0.31,0.164,4.0,1.0,12.608747196987709,2022,2,WINLATON RD,Lewisham
FREP-286398-Z,weather_natural,1.0,8.9,8.9,52.0372622741427,0.854190839174079,2022-02-20,10.149999618530272,1004.0999755859376,18.39999961853028,4.699999809265137,matched,E07000200,94289.0,Mainly Rural (rural including hub towns >=80%) ,0.169,0.17,0.08,2.0,0.0,11.454119812824949,2022,2,GROTON PRIMARY,Babergh
FREP-289596-Z,technical_asset,3.0,18.85,18.85,51.651027718283,0.594451054535383,2022-02-21,9.25,1011.9000244140624,17.700000762939453,3.1000001430511475,matched,E07000070,183471.0,Urban with City and Town,0.2639999999999999,0.13,0.077,3.0,1.0,12.119811895840279,2022,2,SOUTH WOODHAM PRIMARY,Chelmsford
FREP-9555-O,technical_asset,1.0,30.9,30.9,52.5210806354643,1.21151309264698,2022-02-22,8.949999809265137,1012.2000122070312,13.100000381469728,0.8999999761581421,matched,E07000149,144641.0,Mainly Rural (rural including hub towns >=80%) ,0.15,0.05,0.078,4.0,0.0,11.882010089318918,2022,2,HAPTON PRIMARY,South Norfolk
FREP-9547-O,weather_natural,131.0,4.166666666666667,4.166666666666667,51.8680750681031,0.370549140110797,2022-02-21,9.899999618530272,1006.9000244140624,24.600000381469727,4.5,matched,E07000077,92650.0,Mainly Rural (rural including hub towns >=80%) ,0.113,0.06,0.054,3.0,0.0,11.436584231713505,2022,2,DUNMOW PRIMARY,Uttlesford
FREP-9420-O,weather_natural,5.0,21.556666666666665,101.58333333333331,51.9373446584528,1.02343554475614,2022-02-22,11.600000381469728,1015.0999755859376,12.600000381469728,1.2000000476837158,matched,E07000076,151530.0,Largely Rural (rural including hub towns 50-79%) ,0.5249999999999999,0.49,0.173,4.0,0.0,11.928538904130209,2022,2,FOXASH PRIMARY,Tendring
FREP-289131-Z,weather_natural,206.0,2.333333333333333,2.333333333333333,52.4613078512641,0.30833290984839,2022-02-21,7.949999809265137,995.5999755859376,21.39999961853028,10.300000190734863,matched,E07000009,89348.0,Mainly Rural (rural including hub towns >=80%) ,0.135,-0.11,0.07,3.0,0.0,11.400294136453448,2022,2,LITTLEPORT PRIMARY,East Cambridgeshire
FREP-289505-Z,weather_natural,302.0,0.3128587196467991,4.183333333333334,52.4613078512641,0.30833290984839,2022-02-22,8.25,1013.0,12.199999809265137,0.5,matched,E07000009,89348.0,Mainly Rural (rural including hub towns >=80%) ,0.135,-0.11,0.07,4.0,0.0,11.400294136453448,2022,2,LITTLEPORT PRIMARY,East Cambridgeshire
FREP-289542-Z,weather_natural,1.0,69.13333333333334,69.13333333333334,52.3954292155701,1.29224857401646,2022-02-21,10.600000381469728,1007.5999755859376,16.700000762939453,8.100000381469727,matched,E07000149,144641.0,Mainly Rural (rural including hub towns >=80%) ,0.15,0.05,0.078,3.0,0.0,11.882010089318918,2022,2,HARLESTON PRIMARY,South Norfolk
FREP-289687-Z,weather_natural,16.0,0.7166666666666667,0.7166666666666667,51.9447725054248,0.63206680798635,2022-02-21,7.5,1016.0999755859376,12.899999618530272,0.7000000476837158,matched,E07000067,157656.0,Largely Rural (rural including hub towns 50-79%) ,0.195,0.15,0.092,3.0,0.0,11.96817072324042,2022,2,HALSTEAD PRIMARY,Braintree
FREP-289385-Z,weather_natural,57.0,4.72017543859649,5.6,51.8522642963663,-0.939489172005016,2022-02-21,9.100000381469728,1009.5,20.89999961853028,4.900000095367432,matched,E06000060,561180.0,Urban with Significant Rural (rural including hub towns 26-49%),0.1874999999999999,0.3,0.06325,3.0,1.0,13.237796988656651,2022,2,WADDESDON PRIMARY,Buckinghamshire
FREP-289399-Z,weather_natural,475.0,0.55,0.55,51.8172098443126,0.745469825888134,2022-02-21,10.350000381469728,1006.5,24.700000762939453,3.299999952316284,matched,E07000071,194475.0,Urban with Significant Rural (rural including hub towns 26-49%),0.287,0.34,0.099,3.0,1.0,12.178058899074975,2022,2,TIPTREE PRIMARY,Colchester
FREP-289495-Z,technical_asset,389.0,0.5389888603256213,0.55,51.7056228650937,-0.706866842077868,2022-02-21,9.0,1011.0999755859376,18.299999237060547,3.799999952316284,matched,E06000060,561180.0,Urban with Significant Rural (rural including hub towns 26-49%),0.1874999999999999,0.3,0.06325,3.0,1.0,13.237796988656651,2022,2,GT MISSENDEN PRIMARY,Buckinghamshire
FREP-289504-Z,weather_natural,1.0,28.53333333333333,28.53333333333333,51.6154977471396,0.523386328428622,2022-02-21,9.899999618530272,1009.2000122070312,20.700000762939453,3.200000047683716,matched,E07000066,188793.0,Urban with City and Town,0.3339999999999999,0.58,0.138,3.0,1.0,12.148406455735008,2022,2,WICKFORD PRIMARY,Basildon
FREP-289683-Z,technical_asset,166.0,1.2634538152610442,1.7333333333333334,51.5674367093621,0.453044252537402,2022-02-21,8.199999809265137,1015.0,14.600000381469728,2.6000001430511475,matched,E07000066,188793.0,Urban with City and Town,0.3339999999999999,0.58,0.138,3.0,1.0,12.148406455735008,2022,2,KINGSWOOD PRIMARY,Basildon
FREP-289880-Z,weather_natural,1.0,32.96666666666667,32.96666666666667,52.5569506703647,1.38647204026263,2022-02-22,10.300000190734863,1011.5999755859376,14.399999618530272,0.6000000238418579,matched,E07000149,144641.0,Mainly Rural (rural including hub towns >=80%) ,0.15,0.05,0.078,4.0,0.0,11.882010089318918,2022,2,ALPINGTON PRIMARY,South Norfolk
FREP-289721-Z,technical_asset,1.0,17.583333333333332,17.583333333333332,51.7883851130489,-0.209343731481634,2022-02-21,7.099999904632568,1018.9000244140624,13.699999809265137,0.3000000119209289,matched,E07000241,120308.0,Urban with City and Town,0.204,0.34,0.086,3.0,1.0,11.697810400167343,2022,2,WELWYN PRIMARY,Welwyn Hatfield
FREP-289728-Z,weather_natural,0.0,,2.083333333333333,52.0808181461322,-0.262227400688808,2022-02-21,8.050000190734863,1015.7999877929688,14.0,3.0999999046325684,matched,E06000056,301829.0,Largely Rural (rural including hub towns 50-79%) ,0.248,0.23,0.077,3.0,0.0,12.617615910825437,2022,2,BIGGLESWADE PRIMARY,Central Bedfordshire
FREP-289740-Z,weather_natural,1.0,2.7,242.16666666666663,52.3393816340189,0.124567063805875,2022-02-21,6.25,996.2999877929688,21.799999237060547,7.0,matched,E07000009,89348.0,Mainly Rural (rural including hub towns >=80%) ,0.135,-0.11,0.07,3.0,0.0,11.400294136453448,2022,2,ALDRETH PRIMARY,East Cambridgeshire
FREP-289861-Z,technical_asset,1.0,5.008333333333334,12.8,51.9838340104584,-0.206437534687122,2022-02-22,10.399999618530272,1013.2999877929688,14.600000381469728,1.0,matched,E07000099,134255.0,Urban with Significant Rural (rural including hub towns 26-49%),0.211,0.18,0.079,4.0,1.0,11.80749625562543,2022,2,LETCHWORTH FACTORY,North Hertfordshire
FREP-290215-Z,weather_natural,7.0,22.2,22.2,52.3214302439749,1.16053840685926,2022-02-22,10.550000190734863,1014.7999877929688,14.399999618530272,0.6000000238418579,matched,E07000203,105725.0,Mainly Rural (rural including hub towns >=80%) ,0.244,0.01,0.071,4.0,0.0,11.56859666234069,2022,2,EYE PRIMARY,Mid Suffolk
FREP-290064-Z,weather_natural,1.0,3.6,3.6,52.4132206119155,-0.213460320126659,2022-02-22,12.100000381469728,1013.2999877929688,16.899999618530273,0.2000000029802322,matched,E07000011,184117.0,Mainly Rural (rural including hub towns >=80%) ,0.207,0.3,0.074,4.0,0.0,12.123326704076948,2022,2,WOODWALTON PRIMARY,Huntingdonshire
FREP-290172-Z,weather_natural,1.0,27.73333333333333,27.73333333333333,51.5869877546985,0.594770007929618,2022-02-22,11.050000190734863,1017.4000244140624,12.5,0.3000000119209289,matched,E07000075,87272.0,Urban with City and Town,0.2639999999999999,0.25,0.073,4.0,1.0,11.376784957277593,2022,2,RAYLEIGH LOCAL,Rochford
FREP-290223-Z,technical_asset,1.0,18.666666666666668,18.666666666666668,51.7545809083319,-0.33768772870901,2022-02-22,4.199999809265137,1024.0,6.699999809265137,0.2000000029802322,matched,E07000240,148698.0,Urban with City and Town,0.189,0.12,0.06,4.0,1.0,11.90967268245867,2022,2,ADELAIDE ST PRIMARY,St Albans
FREP-67677-N,technical_asset,0.0,,1.0,51.5159237960819,-0.167067826060955,2022-02-19,2.8499999046325684,1012.5,8.699999809265137,0.9000000357627869,matched,E09000033,209333.0,Urban with Major Conurbation,0.391,0.48,0.135,1.0,1.0,12.25168156442427,2022,2,HYDE PARK ESTATE B 11KV,Westminster
FREP-285670-J,technical_asset,8.0,2.816666666666667,12.616666666666667,51.4705616087648,-0.177194384934582,2022-02-22,10.449999809265137,1015.4000244140624,11.199999809265137,0.4000000059604645,matched,E09000032,330447.0,Urban with Major Conurbation,0.266,0.35,0.107,4.0,1.0,12.70820156232811,2022,2,LOMBARD RD B 11KV,Wandsworth
FREP-286728-Z,weather_natural,1.0,20.28333333333333,20.28333333333333,51.6093940021589,0.208322486451367,2022-02-21,9.399999618530272,1011.4000244140624,17.700000762939453,4.0,matched,E09000016,264786.0,Urban with Major Conurbation,0.323,0.51,0.108,3.0,1.0,12.486677231556683,2022,2,NOAK HILL PRIMARY,Havering
FREP-286938-Z,weather_natural,20.0,29.445833333333333,100.6,52.0854655224238,0.678834950674066,2022-02-19,7.099999904632568,1002.4000244140624,17.899999618530273,6.0,matched,E07000200,94289.0,Mainly Rural (rural including hub towns >=80%) ,0.169,0.17,0.08,1.0,0.0,11.454119812824949,2022,2,GLEMSFORD PRIMARY,Babergh
FREP-287208-Z,weather_natural,15.0,71.95666666666666,101.21666666666668,52.5551920087145,1.71151379971712,2022-02-19,5.5,1003.7000122070312,13.199999809265137,6.400000095367432,matched,E07000145,99798.0,Urban with Significant Rural (rural including hub towns 26-49%),0.43,0.58,0.184,1.0,1.0,11.51090342201859,2022,2,BRADWELL PRIMARY,Great Yarmouth
FREP-287565-Z,weather_natural,181.0,1.5333333333333334,1.5333333333333334,52.3214302439749,1.16053840685926,2022-02-21,6.699999809265137,1019.5,6.900000095367432,0.6000000238418579,matched,E07000203,105725.0,Mainly Rural (rural including hub towns >=80%) ,0.244,0.01,0.071,3.0,0.0,11.56859666234069,2022,2,EYE PRIMARY,Mid Suffolk
FREP-287567-Z,weather_natural,4.0,55.5,55.5,52.0323951714821,1.2031676568957,2022-02-20,10.149999618530272,1004.2999877929688,18.0,5.900000095367432,matched,E07000202,139331.0,Urban with City and Town,0.296,0.25,0.141,2.0,1.0,11.844607676287078,2022,2,NACTON PRIMARY,Ipswich
FREP-287577-Z,weather_natural,1576.0,0.0675655668358714,0.0833333333333333,51.8256446215687,1.17971600205067,2022-02-19,4.565000057220459,1009.9000244140624,15.0,4.600000381469727,matched,E07000076,151530.0,Largely Rural (rural including hub towns 50-79%) ,0.5249999999999999,0.49,0.173,1.0,0.0,11.928538904130209,2022,2,CLACTON GRID,Tendring
FREP-287769-Z,weather_natural,1.0,108.41666666666669,108.41666666666669,52.2190386495945,1.18487320586978,2022-02-19,2.299999952316284,1010.2999877929688,12.600000381469728,1.900000095367432,matched,E07000203,105725.0,Mainly Rural (rural including hub towns >=80%) ,0.244,0.01,0.071,1.0,0.0,11.56859666234069,2022,2,DEBENHAM PRIMARY,Mid Suffolk
FREP-287788-Z,weather_natural,1.0,56.05,56.05,52.1097479270073,1.09671905265498,2022-02-19,2.5,1010.5,12.399999618530272,1.7999999523162842,matched,E07000203,105725.0,Mainly Rural (rural including hub towns >=80%) ,0.244,0.01,0.071,1.0,0.0,11.56859666234069,2022,2,CLAYDON CEMENT PRIMARY,Mid Suffolk
FREP-287934-Z,weather_natural,7.0,99.7,99.7,52.2421042620797,0.9118303740073,2022-02-19,5.800000190734863,1003.0999755859376,19.5,5.399999618530273,matched,E07000203,105725.0,Mainly Rural (rural including hub towns >=80%) ,0.244,0.01,0.071,1.0,0.0,11.56859666234069,2022,2,ELMSWELL PRIMARY,Mid Suffolk
FREP-287941-Z,weather_natural,215.0,0.6333333333333333,0.6333333333333333,52.3214302439749,1.16053840685926,2022-02-19,6.599999904632568,1010.5,12.800000190734863,1.0,matched,E07000203,105725.0,Mainly Rural (rural including hub towns >=80%) ,0.244,0.01,0.071,1.0,0.0,11.56859666234069,2022,2,EYE PRIMARY,Mid Suffolk
FREP-287972-Z,weather_natural,1.0,55.8,55.8,51.6718510984256,-0.592743855667607,2022-02-19,5.050000190734863,1010.2000122070312,10.699999809265137,0.8000000715255737,matched,E06000060,561180.0,Urban with Significant Rural (rural including hub towns 26-49%),0.1874999999999999,0.3,0.06325,1.0,1.0,13.237796988656651,2022,2,AMERSHAM PRIMARY,Buckinghamshire
FREP-287999-Z,technical_asset,148.0,0.6334459459459459,0.65,51.7364087408022,-0.239553651947588,2022-02-19,5.900000095367432,1010.7000122070312,11.0,0.4000000059604645,matched,E07000241,120308.0,Urban with City and Town,0.204,0.34,0.086,1.0,1.0,11.697810400167343,2022,2,HATFIELD PRIMARY,Welwyn Hatfield
FREP-268554-G,weather_natural,88.0,0.1666666666666666,1.7,50.8931649578315,-0.313200842296704,2022-02-19,8.199999809265137,1007.0999755859376,25.100000381469727,6.200000286102295,matched,E07000227,148784.0,Largely Rural (rural including hub towns 50-79%) ,0.124,0.03,0.056,1.0,0.0,11.910250868717979,2022,2,STEYNING 33/11KV,Horsham
FREP-268560-G,weather_natural,1.0,121.63333333333334,121.63333333333334,51.360183061898,0.597427807179726,2022-02-19,7.196500301361084,1005.2000122070312,22.89999961853028,3.5999999046325684,matched,E06000035,282750.0,Urban with City and Town,0.3849999999999999,0.39,0.134,1.0,1.0,12.552318393978366,2022,2,RAINHAM 33/11KV,Medway
FREP-268649-G,technical_asset,1.0,112.65,112.65,51.0518096700857,0.507255686634157,2022-02-19,8.5,1006.5,19.299999237060547,4.800000190734863,matched,E07000116,116263.0,Urban with Significant Rural (rural including hub towns 26-49%),0.213,0.19,0.073,1.0,1.0,11.663610145154312,2022,2,HAWKHURST 33/11KV,Tunbridge Wells
FREP-269206-G,weather_natural,341.0,1.8833333333333333,1.8833333333333333,51.1300322898903,-0.0147947832634629,2022-02-20,10.350000381469728,997.0,26.5,2.0,matched,E07000228,155159.0,Urban with City and Town,0.155,0.02,0.053,2.0,1.0,11.952205676573094,2022,2,EAST GRINSTEAD 33/11KV,Mid Sussex
FREP-269100-G,weather_natural,5.0,102.45,102.45,51.3417317938227,0.753122613860262,2022-02-20,10.5,1000.2000122070312,21.200000762939453,0.4000000059604645,matched,E07000113,154508.0,Largely Rural (rural including hub towns 50-79%) ,0.407,0.43,0.149,2.0,0.0,11.948001153914678,2022,2,SITTINGBOURNE TOWN 33/11KV,Swale
FREP-269187-G,weather_natural,6303.0,0.2541593949970913,0.2666666666666666,51.0978275575817,0.0359286158350521,2022-02-20,6.5,1001.0999755859376,21.100000381469727,2.299999952316284,matched,E07000065,163091.0,Mainly Rural (rural including hub towns >=80%) ,0.237,0.29,0.073,2.0,0.0,12.002063606215954,2022,2,FOREST ROW 33/11KV,Wealden
FREP-269360-G,weather_natural,1.0,81.23333333333333,81.23333333333333,50.8825583538958,0.0210708356247149,2022-02-21,4.650000095367432,1005.0,17.200000762939453,4.099999904632568,matched,E07000063,100693.0,Urban with Significant Rural (rural including hub towns 26-49%),0.225,0.36,0.099,3.0,1.0,11.519831562884328,2022,2,LEWES TOWN 33/11KV,Lewes
FREP-269432-G,weather_natural,1.0,93.55,93.55,51.3178958672932,0.0324546277819278,2022-02-21,8.949999809265137,1007.7999877929688,27.200000762939453,3.400000095367432,matched,E09000006,329930.0,Urban with Major Conurbation,0.291,0.5,0.091,3.0,1.0,12.706635789729656,2022,2,BIGGIN HILL 33/11KV,Bromley
FREP-269470-G,technical_asset,7.0,21.06851851851852,32.35,51.1049953072768,-0.202111196018126,2022-02-22,9.550000190734863,1020.2999877929688,9.899999618530272,0.2000000029802322,matched,E07000226,119959.0,Urban with City and Town,0.2629999999999999,0.28,0.11,4.0,1.0,11.694905296716163,2022,2,SOUTHGATE 33/11KV,Crawley
FREP-269237-G,weather_natural,1.0,93.25,93.25,51.0002103715972,-0.104972784313039,2022-02-20,10.399999618530272,997.5999755859376,24.700000762939453,2.300000190734864,matched,E07000228,155159.0,Urban with City and Town,0.155,0.02,0.053,2.0,1.0,11.952205676573094,2022,2,HAYWARDS HEATH 33/11KV,Mid Sussex
FREP-269465-G,weather_natural,55.0,2.7606060606060603,2.783333333333333,51.2456005284074,-0.578884115575562,2022-02-21,7.800000190734863,1005.5,16.299999237060547,2.5,matched,E07000209,146232.0,Urban with City and Town,0.215,0.17,0.057,3.0,1.0,11.89294968059644,2022,2,GUILDFORD 'B' 33/11KV,Guildford
FREP-269582-G,weather_natural,43.0,13.966666666666669,13.966666666666669,51.3412853502412,0.715243085981626,2022-02-21,9.800000190734863,1008.0999755859376,22.100000381469727,3.400000095367432,matched,E07000113,154508.0,Largely Rural (rural including hub towns 50-79%) ,0.407,0.43,0.149,3.0,0.0,11.948001153914678,2022,2,SITTINGBOURNE WEST 33/11KV,Swale
FREP-269763-G,weather_natural,1.0,185.03333333333333,185.03333333333333,50.9612590228917,0.731287779713318,2022-02-21,9.600000381469728,1014.5,16.299999237060547,3.400000095367432,matched,E07000064,94323.0,Largely Rural (rural including hub towns 50-79%) ,0.35,0.37,0.113,3.0,0.0,11.45448034132121,2022,2,RYE 33/11KV,Rother
FREP-269614-G,weather_natural,28.0,90.08333333333331,90.08333333333331,50.9867631245393,0.609152845255805,2022-02-20,10.399999618530272,997.7000122070312,23.200000762939453,1.9999998807907104,matched,E07000064,94323.0,Largely Rural (rural including hub towns 50-79%) ,0.35,0.37,0.113,2.0,0.0,11.45448034132121,2022,2,NORTHIAM 33/11KV,Rother
FREP-269827-G,weather_natural,2.0,92.66666666666669,92.66666666666669,51.06019882791,0.811198677158435,2022-02-21,8.199999809265137,1017.4000244140624,12.300000190734863,1.0,matched,E07000105,135818.0,Urban with Significant Rural (rural including hub towns 26-49%),0.291,0.34,0.11,3.0,1.0,11.819071033187548,2022,2,KENARDINGTON 33/6.6KV,Ashford
FREP-269718-G,weather_natural,1.0,69.93333333333334,69.93333333333334,51.2870280496174,0.186381498500364,2022-02-22,11.699999809265137,1016.5,14.100000381469728,0.3000000119209289,matched,E07000111,121194.0,Largely Rural (rural including hub towns 50-79%) ,0.249,0.33,0.075,4.0,0.0,11.705147846441445,2022,2,NORTH SEVENOAKS 33/11KV,Sevenoaks
FREP-269901-G,technical_asset,19.0,55.06666666666666,55.06666666666667,50.8176047895557,0.340571306624065,2022-02-22,9.449999809265137,1018.9000244140624,12.100000381469728,0.4000000059604645,matched,E07000065,163091.0,Mainly Rural (rural including hub towns >=80%) ,0.237,0.29,0.073,4.0,0.0,12.002063606215954,2022,2,PEVENSEY BAY 33/11KV,Wealden
FREP-269893-G,technical_asset,2.0,7.85,7.85,50.989661506499,-0.240669166666228,2022-02-22,8.350000381469727,1018.7999877929688,9.0,0.0,matched,E07000228,155159.0,Urban with City and Town,0.155,0.02,0.053,4.0,1.0,11.952205676573094,2022,2,COWFOLD 33/11KV,Mid Sussex
FREP-269912-G,technical_asset,1.0,9.85,9.85,51.4000052080832,0.499542171550107,2022-02-22,9.149999618530272,1016.4000244140624,11.0,0.800000011920929,matched,E06000035,282750.0,Urban with City and Town,0.3849999999999999,0.39,0.134,4.0,1.0,12.552318393978366,2022,2,STROOD 132/11KV,Medway
FREP-269988-G,weather_natural,1.0,97.06666666666666,97.06666666666666,51.0664130545523,0.686629791075036,2022-02-22,11.149999618530272,1016.7000122070312,9.600000381469728,0.2000000029802322,matched,E07000105,135818.0,Urban with Significant Rural (rural including hub towns 26-49%),0.291,0.34,0.11,4.0,1.0,11.819071033187548,2022,2,TENTERDEN 33/6.6KV,Ashford
FREP-270149-G,weather_natural,102.0,1.3166666666666669,1.3166666666666669,50.9977527867418,0.958525900562704,2022-02-22,11.949999809265137,1015.7999877929688,18.200000762939453,0.6000000238418579,matched,E07000112,110372.0,Urban with Significant Rural (rural including hub towns 26-49%),0.3339999999999999,0.43,0.145,4.0,1.0,11.611611757468927,2022,2,ROMNEY WARREN 33/11KV,Folkestone and Hythe
FREP-270127-G,weather_natural,67.0,69.02064676616915,114.38333333333334,51.2563268556425,1.02368290117269,2022-02-22,12.399999618530272,1015.0,17.299999237060547,0.2000000029802322,matched,E07000106,158723.0,Urban with City and Town,0.248,0.17,0.1,4.0,1.0,11.974915823549752,2022,2,CHARTHAM 33/11KV,Canterbury
FREP-270209-G,weather_natural,1.0,73.7,73.7,51.2517811437849,1.21405703390067,2022-02-22,10.149999618530272,1019.0999755859376,10.600000381469728,0.3000000119209289,matched,E07000108,117445.0,Urban with Significant Rural (rural including hub towns 26-49%),0.376,0.3,0.134,4.0,1.0,11.673725417873936,2022,2,WINGHAM 33/11KV,Dover
FREP-270172-G,technical_asset,104.0,0.6038461538461538,31.9,51.3126157196458,0.911552531759317,2022-02-22,6.150000095367432,1023.4000244140624,8.399999618530273,0.2000000029802322,matched,E07000113,154508.0,Largely Rural (rural including hub towns 50-79%) ,0.407,0.43,0.149,4.0,0.0,11.948001153914678,2022,2,FAVERSHAM 33/11KV,Swale
FREP-272228-G,weather_natural,0.0,,0.1666666666666666,50.9823414683587,0.0027766790657315,2022-02-19,7.300000190734863,1011.9000244140624,16.200000762939453,0.8999999761581421,matched,E07000063,100693.0,Urban with Significant Rural (rural including hub towns 26-49%),0.225,0.36,0.099,1.0,1.0,11.519831562884328,2022,2,NEWICK 33/11KV,Lewes
FREP-273605-G,weather_natural,32.0,2.1333333333333333,2.1333333333333333,50.7743872554242,0.101224173934288,2022-02-22,10.649999618530272,1017.7000122070312,18.100000381469727,0.800000011920929,matched,E07000063,100693.0,Urban with Significant Rural (rural including hub towns 26-49%),0.225,0.36,0.099,4.0,1.0,11.519831562884328,2022,2,SEAFORD 33/11KV,Lewes
FREP-267766-G,weather_natural,6.0,93.58333333333331,93.58333333333331,50.989661506499,-0.240669166666228,2022-02-19,8.100000381469727,1012.7999877929688,12.5,0.3000000119209289,matched,E07000228,155159.0,Urban with City and Town,0.155,0.02,0.053,1.0,1.0,11.952205676573094,2022,2,COWFOLD 33/11KV,Mid Sussex
FREP-267790-G,weather_natural,1.0,48.7,48.7,51.2282942287575,1.34369028190535,2022-02-20,10.399999618530272,1006.2000122070312,20.100000381469727,3.5999999046325684,matched,E07000108,117445.0,Urban with Significant Rural (rural including hub towns 26-49%),0.376,0.3,0.134,2.0,1.0,11.673725417873936,2022,2,BETTESHANGER LOCAL 33/11KV,Dover
FREP-267899-G,weather_natural,10.0,26.33,96.05,51.360183061898,0.597427807179726,2022-02-22,11.246500015258787,1015.7000122070312,11.699999809265137,1.600000023841858,matched,E06000035,282750.0,Urban with City and Town,0.3849999999999999,0.39,0.134,4.0,1.0,12.552318393978366,2022,2,RAINHAM 33/11KV,Medway
FREP-268085-G,technical_asset,8.0,59.3,59.3,51.2282942287575,1.34369028190535,2022-02-19,3.0,1012.0999755859376,13.800000190734863,3.6999998092651367,matched,E07000108,117445.0,Urban with Significant Rural (rural including hub towns 26-49%),0.376,0.3,0.134,1.0,1.0,11.673725417873936,2022,2,BETTESHANGER LOCAL 33/11KV,Dover
FREP-267949-G,weather_natural,11.0,21.4,21.4,50.9823414683587,0.0027766790657315,2022-02-19,3.400000095367432,1010.7999877929688,13.899999618530272,6.5,matched,E07000063,100693.0,Urban with Significant Rural (rural including hub towns 26-49%),0.225,0.36,0.099,1.0,1.0,11.519831562884328,2022,2,NEWICK 33/11KV,Lewes
FREP-268189-G,weather_natural,95.0,0.6166666666666667,0.6166666666666667,50.9823414683587,0.0027766790657315,2022-02-19,3.400000095367432,1010.7999877929688,13.899999618530272,6.5,matched,E07000063,100693.0,Urban with Significant Rural (rural including hub towns 26-49%),0.225,0.36,0.099,1.0,1.0,11.519831562884328,2022,2,NEWICK 33/11KV,Lewes
FREP-268194-G,weather_natural,913.0,1.3168576388888888,55.48333333333333,50.9326754669225,-0.173555041823775,2022-02-19,2.8499999046325684,1014.2000122070312,11.699999809265137,3.799999952316284,matched,E07000228,155159.0,Urban with City and Town,0.155,0.02,0.053,1.0,1.0,11.952205676573094,2022,2,HURSTPIERPOINT 33/11KV,Mid Sussex
FREP-267998-G,weather_natural,215.0,23.55945736434108,95.31666666666666,51.0978275575817,0.0359286158350521,2022-02-22,12.550000190734863,1016.2000122070312,16.5,0.3000000119209289,matched,E07000065,163091.0,Mainly Rural (rural including hub towns >=80%) ,0.237,0.29,0.073,4.0,0.0,12.002063606215954,2022,2,FOREST ROW 33/11KV,Wealden
FREP-268174-G,weather_natural,25.0,5.416666666666668,5.416666666666667,51.06019882791,0.811198677158435,2022-02-19,7.599999904632568,1013.5999755859376,9.399999618530272,0.0,matched,E07000105,135818.0,Urban with Significant Rural (rural including hub towns 26-49%),0.291,0.34,0.11,1.0,1.0,11.819071033187548,2022,2,KENARDINGTON 33/6.6KV,Ashford
FREP-268284-G,technical_asset,6.0,122.38333333333334,122.38333333333334,50.9867631245393,0.609152845255805,2022-02-19,7.949999809265137,1013.7000122070312,11.600000381469728,0.0,matched,E07000064,94323.0,Largely Rural (rural including hub towns 50-79%) ,0.35,0.37,0.113,1.0,0.0,11.45448034132121,2022,2,NORTHIAM 33/11KV,Rother
FREP-268491-G,weather_natural,27.0,102.7,102.7,50.9519783347092,-0.487030444826157,2022-02-19,6.800000190734863,1009.2999877929688,20.100000381469727,2.6999998092651367,matched,E07000227,148784.0,Largely Rural (rural including hub towns 50-79%) ,0.124,0.03,0.056,1.0,0.0,11.910250868717979,2022,2,PULBOROUGH 33/11KV,Horsham
FREP-268265-G,weather_natural,175.0,21.02064393939394,121.23333333333332,51.0666275092411,0.322967186539106,2022-02-19,6.949999809265137,1010.0,19.600000381469727,0.699999988079071,matched,E07000065,163091.0,Mainly Rural (rural including hub towns >=80%) ,0.237,0.29,0.073,1.0,0.0,12.002063606215954,2022,2,WADHURST 33/6.6KV,Wealden
FREP-268322-G,weather_natural,8.0,127.15,127.15,50.9885312327246,0.127267371740544,2022-02-19,7.300000190734863,1013.5999755859376,13.0,0.3000000119209289,matched,E07000065,163091.0,Mainly Rural (rural including hub towns >=80%) ,0.237,0.29,0.073,1.0,0.0,12.002063606215954,2022,2,BUXTED 33/11KV,Wealden
FREP-268373-G,weather_natural,1.0,33.233333333333334,33.233333333333334,51.2404722805015,-0.271876010708419,2022-02-19,6.900000095367432,1012.0,11.699999809265137,0.5,matched,E07000210,87931.0,Urban with Significant Rural (rural including hub towns 26-49%),0.215,0.11,0.054,1.0,1.0,11.384307694991195,2022,2,BETCHWORTH 33/11KV,Mole Valley
FREP-268410-G,weather_natural,4.0,116.58333333333331,116.58333333333331,51.0518096700857,0.507255686634157,2022-02-20,6.449999809265137,1012.5,8.300000190734863,4.799999713897705,matched,E07000116,116263.0,Urban with Significant Rural (rural including hub towns 26-49%),0.213,0.19,0.073,2.0,1.0,11.663610145154312,2022,2,HAWKHURST 33/11KV,Tunbridge Wells
FREP-268474-G,weather_natural,1.0,143.05,143.05,51.2552822215533,0.370660523179922,2022-02-19,6.449999809265137,1008.7999877929688,21.100000381469727,1.2999999523162842,matched,E07000115,133655.0,Urban with Significant Rural (rural including hub towns 26-49%),0.231,0.17,0.08,1.0,1.0,11.803017132015809,2022,2,MEREWORTH 33/11KV,Tonbridge and Malling
FREP-268490-G,weather_natural,115.0,6.854782608695651,7.016666666666667,51.2552822215533,0.370660523179922,2022-02-20,11.050000190734863,1001.7000122070312,19.0,0.7000000476837158,matched,E07000115,133655.0,Urban with Significant Rural (rural including hub towns 26-49%),0.231,0.17,0.08,2.0,1.0,11.803017132015809,2022,2,MEREWORTH 33/11KV,Tonbridge and Malling
FREP-268732-G,technical_asset,6.0,88.3,88.3,51.2517811437849,1.21405703390067,2022-02-19,7.349999904632568,1009.2999877929688,16.0,5.0,matched,E07000108,117445.0,Urban with Significant Rural (rural including hub towns 26-49%),0.376,0.3,0.134,1.0,1.0,11.673725417873936,2022,2,WINGHAM 33/11KV,Dover
FREP-268816-G,weather_natural,1.0,49.48333333333333,49.48333333333333,51.2517811437849,1.21405703390067,2022-02-22,11.050000190734863,1017.2999877929688,11.199999809265137,0.3000000119209289,matched,E07000108,117445.0,Urban with Significant Rural (rural including hub towns 26-49%),0.376,0.3,0.134,4.0,1.0,11.673725417873936,2022,2,WINGHAM 33/11KV,Dover
FREP-268751-G,weather_natural,1399.0,0.5347510126280677,0.55,50.8796073879873,0.241262929591364,2022-02-19,7.5,1011.2000122070312,13.899999618530272,4.5,matched,E07000065,163091.0,Mainly Rural (rural including hub towns >=80%) ,0.237,0.29,0.073,1.0,0.0,12.002063606215954,2022,2,HORSEBRIDGE 33/11KV,Wealden
FREP-268771-G,weather_natural,167.0,9.409580838323354,116.46666666666668,50.9313871058919,0.245345444264426,2022-02-19,6.050000190734863,1012.7000122070312,9.699999809265137,4.5,matched,E07000065,163091.0,Mainly Rural (rural including hub towns >=80%) ,0.237,0.29,0.073,1.0,0.0,12.002063606215954,2022,2,HORAM 33/11KV,Wealden
FREP-269152-G,weather_natural,43.0,57.72015503875968,73.33333333333333,50.9977527867418,0.958525900562704,2022-02-20,10.75,1000.2000122070312,25.89999961853028,0.800000011920929,matched,E07000112,110372.0,Urban with Significant Rural (rural including hub towns 26-49%),0.3339999999999999,0.43,0.145,2.0,1.0,11.611611757468927,2022,2,ROMNEY WARREN 33/11KV,Folkestone and Hythe
FREP-269254-G,weather_natural,1.0,113.15,113.15,51.0857365852369,1.15055423037676,2022-02-20,9.434000015258787,995.7000122070312,27.200000762939453,2.400000095367432,matched,E07000112,110372.0,Urban with Significant Rural (rural including hub towns 26-49%),0.3339999999999999,0.43,0.145,2.0,1.0,11.611611757468927,2022,2,MOREHALL 132/11KV,Folkestone and Hythe
FREP-269289-G,weather_natural,1.0,93.36666666666666,93.36666666666666,50.927579327247,-0.390106657160305,2022-02-20,6.699999809265137,1002.2999877929688,18.200000762939453,3.0,matched,E07000227,148784.0,Largely Rural (rural including hub towns 50-79%) ,0.124,0.03,0.056,2.0,0.0,11.910250868717979,2022,2,ASHINGTON 33/11KV,Horsham
FREP-269354-G,weather_natural,1.0,83.06666666666666,83.06666666666666,51.1814205692287,-0.160092441617516,2022-02-21,3.849999904632568,1003.7000122070312,16.600000381469727,2.400000095367432,matched,E07000211,153828.0,Urban with City and Town,0.217,0.22,0.067,3.0,1.0,11.943590374100134,2022,2,HORLEY 33/11KV,Reigate and Banstead
FREP-269448-G,technical_asset,1.0,85.95,85.95,51.4420512131409,0.354433040667689,2022-02-21,7.25,1001.5,21.799999237060547,2.900000095367432,matched,E07000109,106997.0,Urban with Major Conurbation,0.291,0.37,0.122,3.0,1.0,11.580556075667811,2022,2,ROSHERVILLE 33/6.6KV,Gravesham
FREP-269233-G,weather_natural,1.0,102.38333333333334,102.38333333333334,51.3798542857,0.234101740109084,2022-02-21,8.100000381469727,1002.7000122070312,22.39999961853028,2.5999999046325684,matched,E07000111,121194.0,Largely Rural (rural including hub towns 50-79%) ,0.249,0.33,0.075,3.0,0.0,11.705147846441445,2022,2,FARNINGHAM 33/11KV,Sevenoaks
FREP-269581-G,weather_natural,11.0,95.4,95.4,51.3006804902293,0.467312962378983,2022-02-21,9.550000190734863,1007.0999755859376,26.5,3.5,matched,E07000115,133655.0,Urban with Significant Rural (rural including hub towns 26-49%),0.231,0.17,0.08,3.0,1.0,11.803017132015809,2022,2,AYLESFORD 33/6.6KV,Tonbridge and Malling
FREP-269347-G,technical_asset,2.0,29.15,29.15,50.9651272440846,-0.157215000364173,2022-02-20,9.199999809265137,1009.5,15.0,6.999999523162842,matched,E07000228,155159.0,Urban with City and Town,0.155,0.02,0.053,2.0,1.0,11.952205676573094,2022,2,GODDARDS GREEN 33/11KV,Mid Sussex
FREP-269376-G,technical_asset,6.0,97.61666666666666,97.61666666666666,51.2089675123131,1.21920687998267,2022-02-21,4.900000095367432,1001.7000122070312,17.700000762939453,3.0,matched,E07000106,158723.0,Urban with City and Town,0.248,0.17,0.1,3.0,1.0,11.974915823549752,2022,2,LIGHTWEIGHT AGGREGATES,Canterbury
FREP-269484-G,technical_asset,3.0,72.03333333333333,72.03333333333333,51.3562729226181,0.0834037905754123,2022-02-21,8.100000381469727,1002.7000122070312,22.39999961853028,2.5999999046325684,matched,E09000006,329930.0,Urban with Major Conurbation,0.291,0.5,0.091,3.0,1.0,12.706635789729656,2022,2,SOUTH ORPINGTON 33/11KV,Bromley
FREP-269771-G,weather_natural,1.0,94.95,94.95,51.2517811437849,1.21405703390067,2022-02-21,8.949999809265137,1013.4000244140624,16.5,2.700000047683716,matched,E07000108,117445.0,Urban with Significant Rural (rural including hub towns 26-49%),0.376,0.3,0.134,3.0,1.0,11.673725417873936,2022,2,WINGHAM 33/11KV,Dover
FREP-269721-G,technical_asset,7.0,43.833333333333336,43.833333333333336,51.2519277517553,0.54987351370232,2022-02-21,9.199999809265137,1013.0999755859376,17.0,3.900000095367432,matched,E07000110,180144.0,Urban with Significant Rural (rural including hub towns 26-49%),0.297,0.32,0.095,3.0,1.0,12.101511810042911,2022,2,SHEPWAY 33/11KV,Maidstone
FREP-269782-G,weather_natural,240.0,0.0666666666666666,0.0666666666666666,51.2249983605574,0.111642618744927,2022-02-21,8.449999809265137,1016.2000122070312,14.399999618530272,1.7000000476837158,matched,E07000111,121194.0,Largely Rural (rural including hub towns 50-79%) ,0.249,0.33,0.075,3.0,0.0,11.705147846441445,2022,2,FOUR ELMS 33/11KV,Sevenoaks
FREP-269795-G,technical_asset,5.0,27.633333333333333,27.633333333333333,51.1398734479947,0.270687221882431,2022-02-21,4.150000095367432,1003.5999755859376,18.299999237060547,2.900000095367432,matched,E07000116,116263.0,Urban with Significant Rural (rural including hub towns 26-49%),0.213,0.19,0.073,3.0,1.0,11.663610145154312,2022,2,TUNBRIDGE WELLS TOWN 11KV,Tunbridge Wells
FREP-269835-G,technical_asset,10.0,122.3,122.3,51.1774454877242,0.392619520989536,2022-02-19,7.650000095367432,1011.4000244140624,14.399999618530272,0.1000000014901161,matched,E07000116,116263.0,Urban with Significant Rural (rural including hub towns 26-49%),0.213,0.19,0.073,1.0,1.0,11.663610145154312,2022,2,PADDOCK WOOD 33/11KV,Tunbridge Wells
FREP-269847-G,weather_natural,1.0,47.5,47.5,51.3396754394767,-0.50703539580967,2022-02-21,7.150000095367432,1020.2000122070312,10.0,0.1000000014901161,matched,E07000217,104432.0,Urban with Major Conurbation,0.22,0.11,0.067,3.0,1.0,11.556291420874999,2022,2,BYFLEET 132/11KV,Woking
FREP-269857-G,technical_asset,5.0,4.228571428571429,15.983333333333333,51.1453323778251,0.868133674607256,2022-02-22,7.199999809265137,1019.0999755859376,7.699999809265137,0.1000000014901161,matched,E07000105,135818.0,Urban with Significant Rural (rural including hub towns 26-49%),0.291,0.34,0.11,4.0,1.0,11.819071033187548,2022,2,ASHFORD CENTRAL,Ashford
FREP-270102-G,weather_natural,1.0,67.5,67.5,50.989661506499,-0.240669166666228,2022-02-20,10.5,1001.7000122070312,20.89999961853028,0.3000000119209289,matched,E07000228,155159.0,Urban with City and Town,0.155,0.02,0.053,2.0,1.0,11.952205676573094,2022,2,COWFOLD 33/11KV,Mid Sussex
FREP-270274-G,weather_natural,1.0,67.53333333333333,67.53333333333333,50.9700428194242,0.0948016972566031,2022-02-22,4.75,1024.9000244140625,6.599999904632568,0.1000000014901161,matched,E07000065,163091.0,Mainly Rural (rural including hub towns >=80%) ,0.237,0.29,0.073,4.0,0.0,12.002063606215954,2022,2,UCKFIELD 33/11KV,Wealden
FREP-269932-G,technical_asset,1.0,10.5,10.5,51.3572982107756,-0.0325765679817731,2022-02-22,9.100000381469728,1016.2999877929688,11.300000190734863,1.2000000476837158,matched,E09000008,393547.0,Urban with Major Conurbation,0.4009999999999999,0.49,0.136,4.0,1.0,12.882955780621963,2022,2,ADDINGTON LOCAL 33/11KV,Croydon
FREP-270215-G,weather_natural,1.0,69.03333333333333,69.03333333333333,50.8664387592286,0.141260104115769,2022-02-22,10.5,1020.0,8.899999618530273,0.3000000119209289,matched,E07000065,163091.0,Mainly Rural (rural including hub towns >=80%) ,0.237,0.29,0.073,4.0,0.0,12.002063606215954,2022,2,RIPE 33/11KV,Wealden
FREP-271625-G,weather_natural,1.0,249.5833333333333,249.5833333333333,50.9867231707817,0.47252542377737,2022-02-21,9.949999809265137,1007.7000122070312,26.0,4.300000190734863,matched,E07000064,94323.0,Largely Rural (rural including hub towns 50-79%) ,0.35,0.37,0.113,3.0,0.0,11.45448034132121,2022,2,ROBERTSBRIDGE 33/11KV,Rother
FREP-284004-J,technical_asset,0.0,,1.0,51.6271376055075,0.029948701308337,2022-02-21,6.0,1000.9000244140624,19.700000762939453,3.8000001907348633,matched,E07000072,134889.0,Urban with Significant Rural (rural including hub towns 26-49%),0.224,0.14,0.091,3.0,1.0,11.81220749698825,2022,2,EPPING NEW RD,Epping Forest
FREP-286475-Z,weather_natural,5.0,2.183333333333333,2.183333333333333,51.6969245927576,0.255430767380644,2022-02-20,11.350000381469728,1000.9000244140624,17.799999237060547,2.400000095367432,matched,E07000072,134889.0,Urban with Significant Rural (rural including hub towns 26-49%),0.224,0.14,0.091,2.0,1.0,11.81220749698825,2022,2,ONGAR PRIMARY,Epping Forest
FREP-286403-Z,weather_natural,0.0,,1.0,52.3314198178231,1.00107662336146,2022-02-19,3.75,1007.7000122070312,15.399999618530272,7.899999618530273,matched,E07000203,105725.0,Mainly Rural (rural including hub towns >=80%) ,0.244,0.01,0.071,1.0,0.0,11.56859666234069,2022,2,RICKINGHALL PRIMARY,Mid Suffolk
FREP-286876-Z,weather_natural,1.0,75.48333333333333,75.48333333333333,52.3726957140022,1.10555613465987,2022-02-19,4.949999809265137,1002.9000244140624,14.800000190734863,7.499999523162842,matched,E07000149,144641.0,Mainly Rural (rural including hub towns >=80%) ,0.15,0.05,0.078,1.0,0.0,11.882010089318918,2022,2,DISS GRID,South Norfolk
FREP-287158-Z,weather_natural,10.0,6.533333333333333,6.533333333333333,52.7091005078878,0.777313163293541,2022-02-20,10.800000190734863,991.5999755859376,20.39999961853028,5.300000190734863,matched,E07000143,143422.0,Mainly Rural (rural including hub towns >=80%) ,0.207,0.18,0.1,2.0,0.0,11.873546612395812,2022,2,KEMPSTONE PRIMARY,Breckland
FREP-287213-Z,weather_natural,3.0,85.15,85.15,52.1311799252025,0.66639483384976,2022-02-19,2.299999952316284,1010.5,13.5,2.5,matched,E07000200,94289.0,Mainly Rural (rural including hub towns >=80%) ,0.169,0.17,0.08,1.0,0.0,11.454119812824949,2022,2,BOXTED PRIMARY,Babergh
FREP-287257-Z,weather_natural,45.0,1.05,1.05,51.9717296570863,1.25593572542948,2022-02-21,9.550000190734863,999.0999755859376,29.299999237060547,3.0,matched,E07000200,94289.0,Mainly Rural (rural including hub towns >=80%) ,0.169,0.17,0.08,3.0,0.0,11.454119812824949,2022,2,SHOTLEY PRIMARY,Babergh
FREP-287699-Z,technical_asset,1.0,11.833333333333334,34.983333333333334,52.5675315039219,-0.243921301101892,2022-02-20,9.550000190734863,1002.9000244140624,15.100000381469728,5.600000381469727,matched,E06000031,218017.0,Urban with City and Town,0.3309999999999999,0.32,0.156,2.0,1.0,12.292328320382191,2022,2,PETERBOROUGH CENTRAL,Peterborough
FREP-287802-Z,weather_natural,1.0,112.68333333333334,112.68333333333334,52.045183337677,0.960993782759361,2022-02-19,7.449999809265137,1002.5,14.5,5.899999618530273,matched,E07000200,94289.0,Mainly Rural (rural including hub towns >=80%) ,0.169,0.17,0.08,1.0,0.0,11.454119812824949,2022,2,HADLEIGH PRIMARY,Babergh
FREP-288371-Z,weather_natural,20.0,11.771666666666668,17.85,52.9157056541743,1.17687536388841,2022-02-20,11.949999809265137,997.7000122070312,23.100000381469727,8.399999618530273,matched,E07000147,103178.0,Mainly Rural (rural including hub towns >=80%) ,0.1979999999999999,0.03,0.106,2.0,0.0,11.544210931009303,2022,2,WEST BECKHAM PRIMARY,North Norfolk
FREP-288466-Z,weather_natural,14.0,0.7095238095238096,0.7666666666666667,51.9659573238327,0.360396846209066,2022-02-20,10.350000381469728,1003.7999877929688,18.200000762939453,5.699999809265137,matched,E07000077,92650.0,Mainly Rural (rural including hub towns >=80%) ,0.113,0.06,0.054,2.0,0.0,11.436584231713505,2022,2,THAXTED LOCAL,Uttlesford
FREP-288505-Z,weather_natural,365.0,4.611324200913241,51.86666666666667,51.8625457538821,0.902349751640942,2022-02-20,10.550000190734863,1004.0999755859376,18.5,4.800000190734863,matched,E07000071,194475.0,Urban with Significant Rural (rural including hub towns 26-49%),0.287,0.34,0.099,2.0,1.0,12.178058899074975,2022,2,BERECHURCH PRIMARY,Colchester
FREP-288804-Z,technical_asset,2.0,78.18333333333334,78.18333333333334,51.6895100401282,0.869267089431415,2022-02-20,11.449999809265137,995.2000122070312,22.299999237060547,1.4000000953674316,matched,E07000074,67624.0,Mainly Rural (rural including hub towns >=80%) ,0.185,0.05,0.086,2.0,0.0,11.121718228608763,2022,2,TILLINGHAM PRIMARY,Maldon
FREP-288899-Z,technical_asset,9.0,10.988888888888887,16.483333333333334,52.2129414001622,0.105353642405404,2022-02-20,5.599999904632568,996.4000244140624,22.100000381469727,7.299999713897705,matched,E07000008,147928.0,Urban with City and Town,0.2299999999999999,0.3,0.077,2.0,1.0,11.904480947886823,2022,2,STOREYS WAY PRIMARY,Cambridge
FREP-289613-Z,technical_asset,18.0,1.164814814814815,1.1833333333333331,51.5408946262329,-0.288423634196154,2022-02-21,10.350000381469728,1014.0999755859376,17.299999237060547,2.799999952316284,matched,E09000005,341505.0,Urban with Major Conurbation,0.3239999999999999,0.55,0.155,3.0,1.0,12.741117599174233,2022,2,BERESFORD AV PRIMARY,Brent
FREP-290269-Z,weather_natural,1.0,55.15,55.15,51.9659573238327,0.360396846209066,2022-02-21,5.5,997.9000244140624,21.799999237060547,4.5,matched,E07000077,92650.0,Mainly Rural (rural including hub towns >=80%) ,0.113,0.06,0.054,3.0,0.0,11.436584231713505,2022,2,THAXTED LOCAL,Uttlesford
FREP-76789-V,weather_natural,3.0,53.69444444444444,53.78333333333333,51.2517811437849,1.21405703390067,2022-02-21,9.949999809265137,1008.4000244140624,20.600000381469727,3.200000047683716,matched,E07000108,117445.0,Urban with Significant Rural (rural including hub towns 26-49%),0.376,0.3,0.134,3.0,1.0,11.673725417873936,2022,2,WINGHAM 33/11KV,Dover
FREP-76918-V,weather_natural,14.0,70.4,70.4,51.1756619558011,0.490534373189508,2022-02-19,8.449999809265137,1006.0,16.700000762939453,6.200000286102295,matched,E07000110,180144.0,Urban with Significant Rural (rural including hub towns 26-49%),0.297,0.32,0.095,1.0,1.0,12.101511810042911,2022,2,MARDEN 33/11KV,Maidstone
FREP-76932-V,technical_asset,5.0,57.68333333333332,57.68333333333333,50.9823414683587,0.0027766790657315,2022-02-20,9.100000381469728,1009.4000244140624,16.0,4.099999904632568,matched,E07000063,100693.0,Urban with Significant Rural (rural including hub towns 26-49%),0.225,0.36,0.099,2.0,1.0,11.519831562884328,2022,2,NEWICK 33/11KV,Lewes
FREP-77295-V,weather_natural,1.0,81.21666666666667,81.21666666666667,51.0866497080577,1.18487877277459,2022-02-22,8.434000015258789,1017.0,12.5,0.1000000014901161,matched,E07000112,110372.0,Urban with Significant Rural (rural including hub towns 26-49%),0.3339999999999999,0.43,0.145,4.0,1.0,11.611611757468927,2022,2,FOLKESTONE EAST 33/11KV,Folkestone and Hythe
FREP-77321-V,weather_natural,2.0,72.55833333333334,73.36666666666666,51.2404722805015,-0.271876010708419,2022-02-22,12.699999809265137,1015.7000122070312,13.300000190734863,0.3000000119209289,matched,E07000210,87931.0,Urban with Significant Rural (rural including hub towns 26-49%),0.215,0.11,0.054,4.0,1.0,11.384307694991195,2022,2,BETCHWORTH 33/11KV,Mole Valley
FREP-77335-V,weather_natural,3.0,50.95000000000001,50.95,50.9885312327246,0.127267371740544,2022-02-22,10.649999618530272,1016.9000244140624,15.699999809265137,0.0,matched,E07000065,163091.0,Mainly Rural (rural including hub towns >=80%) ,0.237,0.29,0.073,4.0,0.0,12.002063606215954,2022,2,BUXTED 33/11KV,Wealden
FREP-77155-V,weather_natural,1.0,94.31666666666666,94.31666666666666,50.9519783347092,-0.487030444826157,2022-02-20,10.25,998.5999755859376,23.700000762939453,2.5,matched,E07000227,148784.0,Largely Rural (rural including hub towns 50-79%) ,0.124,0.03,0.056,2.0,0.0,11.910250868717979,2022,2,PULBOROUGH 33/11KV,Horsham
FREP-14147-W,technical_asset,18.0,97.25,97.25,51.0002103715972,-0.104972784313039,2022-02-19,6.599999904632568,1009.7999877929688,17.700000762939453,1.8000000715255735,matched,E07000228,155159.0,Urban with City and Town,0.155,0.02,0.053,1.0,1.0,11.952205676573094,2022,2,HAYWARDS HEATH 33/11KV,Mid Sussex
FREP-294589-Z,weather_natural,381.0,1.010761154855643,2.316666666666667,51.857471175924,0.519827025455693,2022-02-20,5.849999904632568,996.7000122070312,21.5,4.5,matched,E07000067,157656.0,Largely Rural (rural including hub towns 50-79%) ,0.195,0.15,0.092,2.0,0.0,11.96817072324042,2022,2,WEST BRAINTREE PRIMARY,Braintree
FREP-14154-W,weather_natural,1.0,72.41666666666667,72.41666666666667,51.3523767869541,0.460409519445793,2022-02-19,6.449999809265137,1006.4000244140624,20.799999237060547,3.0,matched,E07000115,133655.0,Urban with Significant Rural (rural including hub towns 26-49%),0.231,0.17,0.08,1.0,1.0,11.803017132015809,2022,2,MEDWAY 33/11KV,Tonbridge and Malling
FREP-14231-W,weather_natural,10.0,75.0,75.0,51.2517811437849,1.21405703390067,2022-02-21,8.949999809265137,1013.4000244140624,16.5,2.700000047683716,matched,E07000108,117445.0,Urban with Significant Rural (rural including hub towns 26-49%),0.376,0.3,0.134,3.0,1.0,11.673725417873936,2022,2,WINGHAM 33/11KV,Dover
FREP-77113-V,weather_natural,9.0,85.33333333333333,85.33333333333333,50.9836035710203,0.296735092609588,2022-02-20,9.949999809265137,1008.7999877929688,18.39999961853028,4.200000286102295,matched,E07000065,163091.0,Mainly Rural (rural including hub towns >=80%) ,0.237,0.29,0.073,2.0,0.0,12.002063606215954,2022,2,BROAD OAK 33/11KV,Wealden
FREP-77153-V,weather_natural,4.0,76.97083333333333,93.63333333333334,51.0629074689347,-0.321824140409602,2022-02-21,9.75,1015.7999877929688,15.399999618530272,1.7000000476837158,matched,E07000227,148784.0,Largely Rural (rural including hub towns 50-79%) ,0.124,0.03,0.056,3.0,0.0,11.910250868717979,2022,2,HORSHAM GRID 132/11KV,Horsham
FREP-60932-C,weather_natural,14.0,32.725,49.766666666666666,52.5567250067616,-0.17267461745413,2022-02-20,12.699999809265137,997.4000244140624,16.700000762939453,3.0999999046325684,matched,E07000010,103019.0,Largely Rural (rural including hub towns 50-79%) ,0.24,0.14,0.14,2.0,0.0,11.542668716219426,2022,2,FUNTHAMS LN PRIMARY,Fenland
FREP-60949-C,weather_natural,120.0,3.622361111111111,5.983333333333333,52.6762296925641,0.143095856407904,2022-02-20,12.649999618530272,997.2999877929688,18.89999961853028,4.800000190734863,matched,E07000010,103019.0,Largely Rural (rural including hub towns 50-79%) ,0.24,0.14,0.14,2.0,0.0,11.542668716219426,2022,2,LEVERINGTON PRIMARY,Fenland
FREP-60945-C,weather_natural,1.0,50.21666666666667,50.21666666666667,52.1311799252025,0.66639483384976,2022-02-20,12.25,1002.4000244140624,18.39999961853028,6.300000190734863,matched,E07000200,94289.0,Mainly Rural (rural including hub towns >=80%) ,0.169,0.17,0.08,2.0,0.0,11.454119812824949,2022,2,BOXTED PRIMARY,Babergh
FREP-285372-J,technical_asset,0.0,,1.0,51.5252111093258,-0.141798828376192,2022-02-19,3.3499999046325684,1012.5999755859376,8.800000190734863,0.5,matched,E09000007,217352.0,Urban with Major Conurbation,0.283,0.35,0.141,1.0,1.0,12.289273438122935,2022,2,LONGFORD ST B 11KV,Camden
FREP-268681-G,weather_natural,7.0,116.24523809523808,123.01666666666668,51.0666275092411,0.322967186539106,2022-02-19,8.149999618530273,1007.7999877929688,16.5,4.5,matched,E07000065,163091.0,Mainly Rural (rural including hub towns >=80%) ,0.237,0.29,0.073,1.0,0.0,12.002063606215954,2022,2,WADHURST 33/6.6KV,Wealden
FREP-268834-G,weather_natural,222.0,2.9114864864864867,34.35,50.9977527867418,0.958525900562704,2022-02-20,10.050000190734863,1009.0999755859376,18.600000381469727,2.799999952316284,matched,E07000112,110372.0,Urban with Significant Rural (rural including hub towns 26-49%),0.3339999999999999,0.43,0.145,2.0,1.0,11.611611757468927,2022,2,ROMNEY WARREN 33/11KV,Folkestone and Hythe
FREP-268570-G,weather_natural,26.0,81.72371794871795,104.08333333333331,51.0857365852369,1.15055423037676,2022-02-19,6.884000301361084,1006.5999755859376,28.100000381469727,3.200000047683716,matched,E07000112,110372.0,Urban with Significant Rural (rural including hub towns 26-49%),0.3339999999999999,0.43,0.145,1.0,1.0,11.611611757468927,2022,2,MOREHALL 132/11KV,Folkestone and Hythe
FREP-268650-G,weather_natural,7.0,77.37380952380953,97.61666666666666,50.989661506499,-0.240669166666228,2022-02-20,10.5,999.2999877929688,22.600000381469727,0.6000000238418579,matched,E07000228,155159.0,Urban with City and Town,0.155,0.02,0.053,2.0,1.0,11.952205676573094,2022,2,COWFOLD 33/11KV,Mid Sussex
FREP-268657-G,weather_natural,1.0,27.133333333333333,27.133333333333333,51.3601204734541,0.445798656677721,2022-02-19,8.5,1005.0999755859376,17.299999237060547,4.599999904632568,matched,E06000035,282750.0,Urban with City and Town,0.3849999999999999,0.39,0.134,1.0,1.0,12.552318393978366,2022,2,HALLING 33/11KV,Medway
FREP-268695-G,weather_natural,1.0,117.25,117.25,50.9313871058919,0.245345444264426,2022-02-19,8.5,1008.4000244140624,15.5,4.5,matched,E07000065,163091.0,Mainly Rural (rural including hub towns >=80%) ,0.237,0.29,0.073,1.0,0.0,12.002063606215954,2022,2,HORAM 33/11KV,Wealden
FREP-268779-G,weather_natural,33.0,4.483333333333333,4.483333333333333,50.8862508326506,0.431426441087337,2022-02-22,8.550000190734863,1018.7000122070312,9.699999809265137,0.1000000014901161,matched,E07000065,163091.0,Mainly Rural (rural including hub towns >=80%) ,0.237,0.29,0.073,4.0,0.0,12.002063606215954,2022,2,NINFIELD LOCAL 33/11KV,Wealden
FREP-268945-G,weather_natural,23.0,4.4,4.4,51.3540076168943,1.09524392810905,2022-02-20,11.88450050354004,1006.2999877929688,18.600000381469727,6.400000095367432,matched,E07000106,158723.0,Urban with City and Town,0.248,0.17,0.1,2.0,1.0,11.974915823549752,2022,2,HERNE BAY 33/11KV,Canterbury
FREP-269145-G,weather_natural,38.0,57.28859649122807,92.15,51.0666275092411,0.322967186539106,2022-02-20,10.0,999.2999877929688,22.5,0.800000011920929,matched,E07000065,163091.0,Mainly Rural (rural including hub towns >=80%) ,0.237,0.29,0.073,2.0,0.0,12.002063606215954,2022,2,WADHURST 33/6.6KV,Wealden
FREP-269159-G,weather_natural,1.0,44.70833333333333,105.88333333333334,50.9977527867418,0.958525900562704,2022-02-20,10.75,1000.2000122070312,25.89999961853028,0.800000011920929,matched,E07000112,110372.0,Urban with Significant Rural (rural including hub towns 26-49%),0.3339999999999999,0.43,0.145,2.0,1.0,11.611611757468927,2022,2,ROMNEY WARREN 33/11KV,Folkestone and Hythe
FREP-269248-G,weather_natural,270.0,0.6805555555555556,0.6833333333333333,51.1081876089666,1.04230379821497,2022-02-20,10.350000381469728,996.2999877929688,25.200000762939453,2.400000095367432,matched,E07000112,110372.0,Urban with Significant Rural (rural including hub towns 26-49%),0.3339999999999999,0.43,0.145,2.0,1.0,11.611611757468927,2022,2,STANFORD 33/11KV,Folkestone and Hythe
FREP-269374-G,weather_natural,30.0,62.65,62.65,50.9885312327246,0.127267371740544,2022-02-21,5.0,1022.2000122070312,7.199999809265137,0.0,matched,E07000065,163091.0,Mainly Rural (rural including hub towns >=80%) ,0.237,0.29,0.073,3.0,0.0,12.002063606215954,2022,2,BUXTED 33/11KV,Wealden
FREP-269576-G,weather_natural,18.0,72.56481481481484,118.15,50.9885312327246,0.127267371740544,2022-02-21,9.949999809265137,1013.7999877929688,19.89999961853028,3.1000001430511475,matched,E07000065,163091.0,Mainly Rural (rural including hub towns >=80%) ,0.237,0.29,0.073,3.0,0.0,12.002063606215954,2022,2,BUXTED 33/11KV,Wealden
FREP-269313-G,technical_asset,13.0,69.2,69.2,51.0002103715972,-0.104972784313039,2022-02-20,4.449999809265137,1005.0,15.100000381469728,2.6000001430511475,matched,E07000228,155159.0,Urban with City and Town,0.155,0.02,0.053,2.0,1.0,11.952205676573094,2022,2,HAYWARDS HEATH 33/11KV,Mid Sussex
FREP-269422-G,weather_natural,1.0,101.05,101.05,50.9490589725163,0.453212451572045,2022-02-21,10.850000381469728,1008.7999877929688,22.89999961853028,4.400000095367432,matched,E07000064,94323.0,Largely Rural (rural including hub towns 50-79%) ,0.35,0.37,0.113,3.0,0.0,11.45448034132121,2022,2,MOUNTFIELD 33/11KV,Rother
FREP-269816-G,technical_asset,2.0,4.516666666666667,4.516666666666667,51.1081876089666,1.04230379821497,2022-02-21,8.699999809265137,1015.2999877929688,14.800000190734863,1.8000000715255735,matched,E07000112,110372.0,Urban with Significant Rural (rural including hub towns 26-49%),0.3339999999999999,0.43,0.145,3.0,1.0,11.611611757468927,2022,2,STANFORD 33/11KV,Folkestone and Hythe
FREP-269728-G,weather_natural,2.0,97.36666666666666,97.36666666666666,51.2517811437849,1.21405703390067,2022-02-21,9.149999618530272,1012.0,19.100000381469727,2.8999998569488525,matched,E07000108,117445.0,Urban with Significant Rural (rural including hub towns 26-49%),0.376,0.3,0.134,3.0,1.0,11.673725417873936,2022,2,WINGHAM 33/11KV,Dover
FREP-269840-G,weather_natural,3.0,77.86111111111111,79.16666666666667,51.0518096700857,0.507255686634157,2022-02-22,12.300000190734863,1015.7999877929688,14.300000190734863,0.1000000014901161,matched,E07000116,116263.0,Urban with Significant Rural (rural including hub towns 26-49%),0.213,0.19,0.073,4.0,1.0,11.663610145154312,2022,2,HAWKHURST 33/11KV,Tunbridge Wells
FREP-269755-G,technical_asset,20.0,64.44,64.53333333333333,50.8931649578315,-0.313200842296704,2022-02-21,10.0,1016.2000122070312,15.0,2.299999952316284,matched,E07000227,148784.0,Largely Rural (rural including hub towns 50-79%) ,0.124,0.03,0.056,3.0,0.0,11.910250868717979,2022,2,STEYNING 33/11KV,Horsham
FREP-269685-G,weather_natural,1.0,9.75,9.75,51.3628978600195,0.57835931794593,2022-02-21,9.896499633789062,1009.5,19.89999961853028,3.700000047683716,matched,E06000035,282750.0,Urban with City and Town,0.3849999999999999,0.39,0.134,3.0,1.0,12.552318393978366,2022,2,RAINHAM MARK 33/11KV,Medway
FREP-269741-G,technical_asset,1.0,99.26666666666668,99.26666666666668,51.4473417111624,0.31912761433966,2022-02-21,9.449999809265137,1013.2000122070312,16.899999618530273,3.400000095367432,matched,E07000107,119042.0,Urban with Major Conurbation,0.2809999999999999,0.34,0.095,3.0,1.0,11.687231651001051,2022,2,EBBSFLEET 33/11KV,Dartford
FREP-269805-G,technical_asset,300.0,1.412,1.7,51.3056366806059,-0.342396176970815,2022-02-21,7.699999809265137,1018.5999755859376,12.0,0.4000000059604645,matched,E07000210,87931.0,Urban with Significant Rural (rural including hub towns 26-49%),0.215,0.11,0.054,3.0,1.0,11.384307694991195,2022,2,C.E.R.L. 33/11KV,Mole Valley
FREP-269945-G,weather_natural,1.0,79.81666666666666,79.81666666666666,50.8168801437218,0.245214725482652,2022-02-22,9.047000885009766,1018.0999755859376,14.899999618530272,0.699999988079071,matched,E07000065,163091.0,Mainly Rural (rural including hub towns >=80%) ,0.237,0.29,0.073,4.0,0.0,12.002063606215954,2022,2,POLEGATE TOWN 33/11KV,Wealden
FREP-269959-G,weather_natural,107.0,34.703363914373085,58.38333333333333,51.3798542857,0.234101740109084,2022-02-22,10.199999809265137,1015.9000244140624,12.199999809265137,1.2999999523162842,matched,E07000111,121194.0,Largely Rural (rural including hub towns 50-79%) ,0.249,0.33,0.075,4.0,0.0,11.705147846441445,2022,2,FARNINGHAM 33/11KV,Sevenoaks
FREP-270225-G,weather_natural,363.0,0.4666666666666667,0.4666666666666667,50.9700428194242,0.0948016972566031,2022-02-21,5.699999809265137,1022.0,7.800000190734863,0.0,matched,E07000065,163091.0,Mainly Rural (rural including hub towns >=80%) ,0.237,0.29,0.073,3.0,0.0,12.002063606215954,2022,2,UCKFIELD 33/11KV,Wealden
FREP-270408-G,weather_natural,2.0,73.75,73.75,51.0664130545523,0.686629791075036,2022-02-21,9.600000381469728,1014.2999877929688,15.899999618530272,2.6000001430511475,matched,E07000105,135818.0,Urban with Significant Rural (rural including hub towns 26-49%),0.291,0.34,0.11,3.0,1.0,11.819071033187548,2022,2,TENTERDEN 33/6.6KV,Ashford
FREP-270465-G,weather_natural,27.0,38.16666666666666,38.16666666666666,51.3562729226181,0.0834037905754123,2022-02-22,6.150000095367432,1023.0999755859376,7.400000095367432,0.5,matched,E09000006,329930.0,Urban with Major Conurbation,0.291,0.5,0.091,4.0,1.0,12.706635789729656,2022,2,SOUTH ORPINGTON 33/11KV,Bromley
FREP-4447-I,weather_natural,1.0,76.33333333333333,76.33333333333333,52.5758281720386,0.815522640736117,2022-02-19,3.950000047683716,1001.9000244140624,11.600000381469728,6.900000095367432,matched,E07000143,143422.0,Mainly Rural (rural including hub towns >=80%) ,0.207,0.18,0.1,1.0,0.0,11.873546612395812,2022,2,WATTON PRIMARY,Breckland
FREP-14164-W,weather_natural,18.0,1.3,1.3,51.1756619558011,0.490534373189508,2022-02-19,6.800000190734863,1009.5,20.100000381469727,1.5,matched,E07000110,180144.0,Urban with Significant Rural (rural including hub towns 26-49%),0.297,0.32,0.095,1.0,1.0,12.101511810042911,2022,2,MARDEN 33/11KV,Maidstone
FREP-14230-W,weather_natural,90.0,25.683333333333334,49.266666666666666,51.3126157196458,0.911552531759317,2022-02-19,7.300000190734863,1009.5999755859376,16.899999618530273,3.799999952316284,matched,E07000113,154508.0,Largely Rural (rural including hub towns 50-79%) ,0.407,0.43,0.149,1.0,0.0,11.948001153914678,2022,2,FAVERSHAM 33/11KV,Swale
FREP-61017-C,weather_natural,2.0,42.73333333333333,42.73333333333333,51.8003824667437,-0.666349701660406,2022-02-20,7.0,995.4000244140624,27.799999237060547,4.599999904632568,matched,E07000096,156299.0,Urban with Significant Rural (rural including hub towns 26-49%),0.219,0.43,0.085,2.0,1.0,11.959526118436445,2022,2,TRING PRIMARY,Dacorum
FREP-60806-C,weather_natural,2.0,24.65,24.65,52.8300316889664,0.845897148493393,2022-02-19,4.5,1006.0,15.600000381469728,1.0,matched,E07000147,103178.0,Mainly Rural (rural including hub towns >=80%) ,0.1979999999999999,0.03,0.106,1.0,0.0,11.544210931009303,2022,2,FAKENHAM PRIMARY,North Norfolk
FREP-60866-C,weather_natural,1.0,70.86666666666666,70.86666666666666,51.7908143998246,1.14547156737431,2022-02-20,10.87399959564209,1004.0,19.700000762939453,4.600000381469727,matched,E07000076,151530.0,Largely Rural (rural including hub towns 50-79%) ,0.5249999999999999,0.49,0.173,2.0,0.0,11.928538904130209,2022,2,OLD RD PRIMARY,Tendring
FREP-268358-G,weather_natural,240.0,0.6166666666666667,0.6166666666666667,51.2249983605574,0.111642618744927,2022-02-19,6.150000095367432,1013.0999755859376,10.399999618530272,0.1000000014901161,matched,E07000111,121194.0,Largely Rural (rural including hub towns 50-79%) ,0.249,0.33,0.075,1.0,0.0,11.705147846441445,2022,2,FOUR ELMS 33/11KV,Sevenoaks
FREP-9466-O,weather_natural,1.0,97.38333333333334,97.38333333333334,51.8629652183193,0.684052661863248,2022-02-19,3.25,1008.4000244140624,16.299999237060547,2.300000190734864,matched,E07000067,157656.0,Largely Rural (rural including hub towns 50-79%) ,0.195,0.15,0.092,1.0,0.0,11.96817072324042,2022,2,COGGESHALL PRIMARY,Braintree
FREP-76739-V,weather_natural,17.0,57.083333333333336,57.083333333333336,51.1448264315983,0.273589695249059,2022-02-19,6.599999904632568,1008.0,21.200000762939453,2.1999998092651367,matched,E07000116,116263.0,Urban with Significant Rural (rural including hub towns 26-49%),0.213,0.19,0.073,1.0,1.0,11.663610145154312,2022,2,TUNBRIDGE WELLS GRID 132/11,Tunbridge Wells
FREP-77188-V,weather_natural,1.0,106.81666666666666,106.81666666666666,50.9867631245393,0.609152845255805,2022-02-21,9.600000381469728,1004.7000122070312,21.89999961853028,4.100000381469727,matched,E07000064,94323.0,Largely Rural (rural including hub towns 50-79%) ,0.35,0.37,0.113,3.0,0.0,11.45448034132121,2022,2,NORTHIAM 33/11KV,Rother
FREP-77325-V,technical_asset,5.0,27.78333333333334,27.78333333333333,51.2394868801445,0.707680376471689,2022-02-22,10.850000381469728,1016.2999877929688,10.300000190734863,1.600000023841858,matched,E07000110,180144.0,Urban with Significant Rural (rural including hub towns 26-49%),0.297,0.32,0.095,4.0,1.0,12.101511810042911,2022,2,HARRIETSHAM 33/11KV,Maidstone
FREP-77071-V,weather_natural,2.0,47.1,47.1,51.0625883740542,0.836250943006752,2022-02-19,7.199999809265137,1008.4000244140624,21.0,1.600000023841858,matched,E07000105,135818.0,Urban with Significant Rural (rural including hub towns 26-49%),0.291,0.34,0.11,1.0,1.0,11.819071033187548,2022,2,WAREHORNE 33/11KV,Ashford
FREP-270789-G,weather_natural,1.0,115.56666666666666,115.56666666666666,50.9977527867418,0.958525900562704,2022-02-20,10.75,998.2999877929688,26.299999237060547,1.5,matched,E07000112,110372.0,Urban with Significant Rural (rural including hub towns 26-49%),0.3339999999999999,0.43,0.145,2.0,1.0,11.611611757468927,2022,2,ROMNEY WARREN 33/11KV,Folkestone and Hythe
FREP-272764-G,weather_natural,0.0,,126.98333333333332,50.796507330358,0.0555572777397592,2022-02-19,8.75,1013.7999877929688,18.799999237060547,0.2000000029802322,matched,E07000063,100693.0,Urban with Significant Rural (rural including hub towns 26-49%),0.225,0.36,0.099,1.0,1.0,11.519831562884328,2022,2,NEWHAVEN TOWN 33/11KV,Lewes
FREP-285489-J,technical_asset,1.0,9.033333333333331,9.033333333333331,51.5488064069183,-0.185982309384059,2022-02-20,9.300000190734863,995.9000244140624,24.200000762939453,2.900000095367432,matched,E09000007,217352.0,Urban with Major Conurbation,0.283,0.35,0.141,2.0,1.0,12.289273438122935,2022,2,LITHOS RD A,Camden
FREP-288089-Z,weather_natural,1.0,87.95,87.95,52.4613078512641,0.30833290984839,2022-02-20,5.699999809265137,995.0,22.100000381469727,11.100000381469728,matched,E07000009,89348.0,Mainly Rural (rural including hub towns >=80%) ,0.135,-0.11,0.07,2.0,0.0,11.400294136453448,2022,2,LITTLEPORT PRIMARY,East Cambridgeshire
FREP-288112-Z,weather_natural,29.0,24.83333333333333,24.83333333333333,52.2641727902783,-0.117448540171514,2022-02-19,8.0,1002.9000244140624,17.899999618530273,5.399999618530273,matched,E07000011,184117.0,Mainly Rural (rural including hub towns >=80%) ,0.207,0.3,0.074,1.0,0.0,12.123326704076948,2022,2,HILTON PRIMARY,Huntingdonshire
FREP-288179-Z,weather_natural,8.0,60.08333333333333,68.08333333333333,51.745123835035,0.472294515971274,2022-02-20,10.399999618530272,992.5999755859376,20.89999961853028,1.7000001668930054,matched,E07000070,183471.0,Urban with City and Town,0.2639999999999999,0.13,0.077,2.0,1.0,12.119811895840279,2022,2,CHELMSFORD NORTH GRID,Chelmsford
FREP-288288-Z,weather_natural,3.0,125.75,125.75,51.8762753945112,0.771662296345226,2022-02-19,8.050000190734863,1004.2999877929688,16.600000381469727,4.699999809265137,matched,E07000071,194475.0,Urban with Significant Rural (rural including hub towns 26-49%),0.287,0.34,0.099,1.0,1.0,12.178058899074975,2022,2,MARKS TEY PRIMARY,Colchester
FREP-288541-Z,technical_asset,1.0,10.55,10.55,51.8522642963663,-0.939489172005016,2022-02-20,11.100000381469728,1004.2000122070312,18.89999961853028,5.299999713897705,matched,E06000060,561180.0,Urban with Significant Rural (rural including hub towns 26-49%),0.1874999999999999,0.3,0.06325,2.0,1.0,13.237796988656651,2022,2,WADDESDON PRIMARY,Buckinghamshire
FREP-288680-Z,technical_asset,1.0,50.73333333333333,50.73333333333333,52.2190386495945,1.18487320586978,2022-02-20,11.899999618530272,998.7000122070312,16.100000381469727,2.1000001430511475,matched,E07000203,105725.0,Mainly Rural (rural including hub towns >=80%) ,0.244,0.01,0.071,2.0,0.0,11.56859666234069,2022,2,DEBENHAM PRIMARY,Mid Suffolk
FREP-288558-Z,weather_natural,1.0,7.483333333333333,7.483333333333333,51.5925620352751,0.612674239747208,2022-02-20,11.449999809265137,1005.4000244140624,18.100000381469727,6.800000190734863,matched,E07000075,87272.0,Urban with City and Town,0.2639999999999999,0.25,0.073,2.0,1.0,11.376784957277593,2022,2,UPLANDS PK PRIMARY,Rochford
FREP-288473-Z,weather_natural,12.0,2.1166666666666667,2.1166666666666667,51.9659573238327,0.360396846209066,2022-02-20,11.149999618530272,1003.5,18.600000381469727,5.699999809265137,matched,E07000077,92650.0,Mainly Rural (rural including hub towns >=80%) ,0.113,0.06,0.054,2.0,0.0,11.436584231713505,2022,2,THAXTED LOCAL,Uttlesford
FREP-288724-Z,weather_natural,74.0,13.236261261261262,22.766666666666666,51.8680750681031,0.370549140110797,2022-02-21,9.5,1005.5999755859376,25.299999237060547,4.5,matched,E07000077,92650.0,Mainly Rural (rural including hub towns >=80%) ,0.113,0.06,0.054,3.0,0.0,11.436584231713505,2022,2,DUNMOW PRIMARY,Uttlesford
FREP-288652-Z,technical_asset,1.0,10.333333333333334,10.333333333333334,51.5559078026622,-0.392413815337398,2022-02-20,11.149999618530272,1002.5999755859376,16.299999237060547,1.399999976158142,matched,E09000017,312162.0,Urban with Major Conurbation,0.2669999999999999,0.48,0.114,2.0,1.0,12.651277562807199,2022,2,SOUTH RUISLIP PRIMARY,Hillingdon
FREP-288721-Z,weather_natural,111.0,1.218918918918919,7.333333333333333,51.7219807863055,-0.589783826433602,2022-02-20,10.649999618530272,996.5,19.100000381469727,1.399999976158142,matched,E06000060,561180.0,Urban with Significant Rural (rural including hub towns 26-49%),0.1874999999999999,0.3,0.06325,2.0,1.0,13.237796988656651,2022,2,LYE GREEN PRIMARY,Buckinghamshire
FREP-288754-Z,weather_natural,22.0,3.253030303030303,4.716666666666667,52.4154043568626,0.743753608578155,2022-02-20,7.099999904632568,992.2999877929688,20.799999237060547,10.09999942779541,matched,E07000143,143422.0,Mainly Rural (rural including hub towns >=80%) ,0.207,0.18,0.1,2.0,0.0,11.873546612395812,2022,2,WATER LN PRIMARY,Breckland
FREP-288861-Z,weather_natural,14.0,19.5,19.5,52.6281391631301,0.244329053492316,2022-02-20,7.550000190734863,990.9000244140624,20.100000381469727,9.300000190734863,matched,E07000146,155665.0,Largely Rural (rural including hub towns 50-79%) ,0.301,0.29,0.12,2.0,0.0,11.955461541287493,2022,2,OUTWELL MOORS PRIMARY,King's Lynn and West Norfolk
FREP-288831-Z,weather_natural,357.0,0.4252567693744164,0.6,51.7043064090065,0.115333755355965,2022-02-20,10.25,992.5,20.5,2.0,matched,E07000072,134889.0,Urban with Significant Rural (rural including hub towns 26-49%),0.224,0.14,0.091,2.0,1.0,11.81220749698825,2022,2,LINDSEY ST PRIMARY,Epping Forest
FREP-288970-Z,technical_asset,1.0,17.183333333333334,17.183333333333334,52.0329565020693,-0.32308243547096,2022-02-20,3.549999952316284,1000.7000122070312,16.799999237060547,5.600000381469727,matched,E06000056,301829.0,Largely Rural (rural including hub towns 50-79%) ,0.248,0.23,0.077,2.0,0.0,12.617615910825437,2022,2,SHEFFORD PRIMARY,Central Bedfordshire
FREP-289521-Z,technical_asset,1.0,23.7,23.7,51.6281018649629,-0.415291686879585,2022-02-21,9.600000381469728,1012.2000122070312,19.5,3.5,matched,E07000102,94231.0,Urban with Major Conurbation,0.252,0.42,0.071,3.0,1.0,11.453504493476022,2022,2,WESTBURY PRIMARY,Three Rivers
FREP-289611-Z,technical_asset,1.0,32.46666666666667,32.46666666666667,51.5682547752884,0.144163354730941,2022-02-21,9.600000381469728,1013.0999755859376,17.299999237060547,3.8000001907348633,matched,E09000002,220392.0,Urban with Major Conurbation,0.254,0.27,0.194,3.0,1.0,12.303163057961468,2022,2,SELINAS LN PRIMARY,Barking and Dagenham
FREP-289892-Z,weather_natural,9.0,24.883333333333333,24.883333333333333,51.9447725054248,0.63206680798635,2022-02-21,9.149999618530272,1011.5999755859376,16.399999618530273,3.400000095367432,matched,E07000067,157656.0,Largely Rural (rural including hub towns 50-79%) ,0.195,0.15,0.092,3.0,0.0,11.96817072324042,2022,2,HALSTEAD PRIMARY,Braintree
FREP-289794-Z,weather_natural,16.0,3.316666666666667,3.316666666666667,51.8762753945112,0.771662296345226,2022-02-22,7.849999904632568,1019.4000244140624,8.699999809265137,1.2000000476837158,matched,E07000071,194475.0,Urban with Significant Rural (rural including hub towns 26-49%),0.287,0.34,0.099,4.0,1.0,12.178058899074975,2022,2,MARKS TEY PRIMARY,Colchester
FREP-290030-Z,weather_natural,0.0,,24.433333333333334,52.0691457824227,0.605348194823265,2022-02-22,12.699999809265137,1012.2999877929688,19.299999237060547,0.1000000014901161,matched,E07000067,157656.0,Largely Rural (rural including hub towns 50-79%) ,0.195,0.15,0.092,4.0,0.0,11.96817072324042,2022,2,BELCHAMP GRID,Braintree
FREP-290194-Z,weather_natural,1.0,24.85,24.85,52.874640404516,0.528248630686506,2022-02-22,7.599999904632568,1018.0,13.100000381469728,0.5,matched,E07000146,155665.0,Largely Rural (rural including hub towns 50-79%) ,0.301,0.29,0.12,4.0,0.0,11.955461541287493,2022,2,SNETTISHAM PRIMARY,King's Lynn and West Norfolk
FREP-286245-Z,technical_asset,17.0,2.0745098039215684,3.2666666666666666,52.3214302439749,1.16053840685926,2022-02-22,10.550000190734863,1014.7999877929688,14.399999618530272,0.6000000238418579,matched,E07000203,105725.0,Mainly Rural (rural including hub towns >=80%) ,0.244,0.01,0.071,4.0,0.0,11.56859666234069,2022,2,EYE PRIMARY,Mid Suffolk
FREP-287495-Z,weather_natural,1.0,14.766666666666667,14.766666666666667,52.3142687145817,1.34785332282829,2022-02-22,7.650000095367432,1018.4000244140624,10.699999809265137,1.4000000953674316,matched,E07000203,105725.0,Mainly Rural (rural including hub towns >=80%) ,0.244,0.01,0.071,4.0,0.0,11.56859666234069,2022,2,LAXFIELD PRIMARY,Mid Suffolk
FREP-287489-Z,weather_natural,3.0,0.2,0.2,52.874640404516,0.528248630686506,2022-02-20,11.550000190734863,997.7000122070312,20.89999961853028,7.199999809265137,matched,E07000146,155665.0,Largely Rural (rural including hub towns 50-79%) ,0.301,0.29,0.12,2.0,0.0,11.955461541287493,2022,2,SNETTISHAM PRIMARY,King's Lynn and West Norfolk
FREP-287584-Z,weather_natural,17.0,89.08333333333333,89.08333333333333,52.0372622741427,0.854190839174079,2022-02-20,5.0,1009.2999877929688,8.199999809265137,4.5,matched,E07000200,94289.0,Mainly Rural (rural including hub towns >=80%) ,0.169,0.17,0.08,2.0,0.0,11.454119812824949,2022,2,GROTON PRIMARY,Babergh
FREP-287704-Z,weather_natural,2.0,110.46666666666668,110.46666666666668,51.998244271095,1.11744028111822,2022-02-19,2.950000047683716,1010.0999755859376,13.899999618530272,1.2000000476837158,matched,E07000200,94289.0,Mainly Rural (rural including hub towns >=80%) ,0.169,0.17,0.08,1.0,0.0,11.454119812824949,2022,2,TATTINGSTONE PRIMARY,Babergh
FREP-287793-Z,weather_natural,2.0,52.56666666666667,52.56666666666667,52.2190386495945,1.18487320586978,2022-02-20,10.449999809265137,989.2000122070312,26.0,4.300000190734863,matched,E07000203,105725.0,Mainly Rural (rural including hub towns >=80%) ,0.244,0.01,0.071,2.0,0.0,11.56859666234069,2022,2,DEBENHAM PRIMARY,Mid Suffolk
FREP-287824-Z,weather_natural,1.0,29.73333333333333,29.73333333333333,51.4828533656379,0.414566324166197,2022-02-19,3.299999952316284,1012.7000122070312,9.899999618530272,1.100000023841858,matched,E06000034,176778.0,Urban with Major Conurbation,0.3289999999999999,0.4,0.13,1.0,1.0,12.082649987053939,2022,2,BATA PRIMARY,Thurrock
FREP-287860-Z,weather_natural,271.0,1.2881918819188192,21.816666666666663,52.0161458337469,-0.479027055786056,2022-02-19,7.699999809265137,1003.0,17.700000762939453,3.299999952316284,matched,E06000056,301829.0,Largely Rural (rural including hub towns 50-79%) ,0.248,0.23,0.077,1.0,0.0,12.617615910825437,2022,2,AMPTHILL PRIMARY,Central Bedfordshire
FREP-287883-Z,weather_natural,8.0,6.033333333333333,6.033333333333333,51.7043064090065,0.115333755355965,2022-02-19,5.400000095367432,1011.7999877929688,11.0,1.2999999523162842,matched,E07000072,134889.0,Urban with Significant Rural (rural including hub towns 26-49%),0.224,0.14,0.091,1.0,1.0,11.81220749698825,2022,2,LINDSEY ST PRIMARY,Epping Forest
FREP-288039-Z,weather_natural,1048.0,0.1333174300254453,0.2,51.857471175924,0.519827025455693,2022-02-19,6.25,1003.9000244140624,20.0,4.099999904632568,matched,E07000067,157656.0,Largely Rural (rural including hub towns 50-79%) ,0.195,0.15,0.092,1.0,0.0,11.96817072324042,2022,2,WEST BRAINTREE PRIMARY,Braintree
FREP-287987-Z,weather_natural,26.0,13.888461538461538,29.45,51.5706677589423,0.733614357140047,2022-02-19,6.699999809265137,1004.7999877929688,18.299999237060547,4.600000381469727,matched,E07000075,87272.0,Urban with City and Town,0.2639999999999999,0.25,0.073,1.0,1.0,11.376784957277593,2022,2,FLEETHALL LOCAL PRIMARY,Rochford
FREP-288055-Z,weather_natural,2.0,53.4,53.4,51.9190059908613,1.14452514264264,2022-02-19,6.449999809265137,1010.5999755859376,11.800000190734863,0.3000000119209289,matched,E07000076,151530.0,Largely Rural (rural including hub towns 50-79%) ,0.5249999999999999,0.49,0.173,1.0,0.0,11.928538904130209,2022,2,WIX PRIMARY,Tendring
FREP-296570-Z,weather_natural,0.0,,24.0,52.8298080663625,0.741212258954811,2022-02-19,6.050000190734863,1000.7000122070312,12.600000381469728,4.899999618530273,matched,E07000146,155665.0,Largely Rural (rural including hub towns 50-79%) ,0.301,0.29,0.12,1.0,0.0,11.955461541287493,2022,2,COXFORD PRIMARY,King's Lynn and West Norfolk
FREP-288302-Z,technical_asset,10.0,15.05,15.05,51.724849731361,0.666506126793838,2022-02-19,8.199999809265137,1005.0,16.0,3.6999998092651367,matched,E07000074,67624.0,Mainly Rural (rural including hub towns >=80%) ,0.185,0.05,0.086,1.0,0.0,11.121718228608763,2022,2,MALDON WICK PRIMARY,Maldon
FREP-288188-Z,technical_asset,2.0,23.75,23.75,52.4315131590174,0.994045869005141,2022-02-19,5.349999904632568,1002.7000122070312,14.800000190734863,8.199999809265137,matched,E07000143,143422.0,Mainly Rural (rural including hub towns >=80%) ,0.207,0.18,0.1,1.0,0.0,11.873546612395812,2022,2,KENNINGHALL PRIMARY,Breckland
FREP-288227-Z,weather_natural,4.0,14.766666666666667,14.766666666666667,52.1192971820726,-0.453638240462025,2022-02-19,3.700000047683716,1010.0999755859376,12.100000381469728,6.899999618530273,matched,E06000055,187624.0,Urban with Significant Rural (rural including hub towns 26-49%),0.3189999999999999,0.36,0.114,1.0,1.0,12.142195239141413,2022,2,HARROWDEN PRIMARY,Bedford
FREP-288984-Z,technical_asset,1.0,12.216666666666669,12.216666666666669,51.9165044922591,-0.652661449686785,2022-02-21,2.900000095367432,1002.4000244140624,15.699999809265137,5.600000381469727,matched,E06000056,301829.0,Largely Rural (rural including hub towns 50-79%) ,0.248,0.23,0.077,3.0,0.0,12.617615910825437,2022,2,LEIGHTON BUZZARD PRIMARY,Central Bedfordshire
FREP-289050-Z,technical_asset,0.0,,0.5166666666666667,52.3348370403047,-0.0673623505827406,2022-02-21,5.199999809265137,997.2999877929688,21.0,6.900000095367432,matched,E07000011,184117.0,Mainly Rural (rural including hub towns >=80%) ,0.207,0.3,0.074,3.0,0.0,12.123326704076948,2022,2,ST IVES PRIMARY,Huntingdonshire
FREP-289381-Z,weather_natural,196.0,0.6,0.6,51.8680750681031,0.370549140110797,2022-02-21,9.899999618530272,1006.9000244140624,24.600000381469727,4.5,matched,E07000077,92650.0,Mainly Rural (rural including hub towns >=80%) ,0.113,0.06,0.054,3.0,0.0,11.436584231713505,2022,2,DUNMOW PRIMARY,Uttlesford
FREP-289688-Z,weather_natural,46.0,1.7,1.7,52.7653164863162,0.428518467436399,2022-02-21,8.56100082397461,1013.7999877929688,10.699999809265137,3.6999998092651367,matched,E07000146,155665.0,Largely Rural (rural including hub towns 50-79%) ,0.301,0.29,0.12,3.0,0.0,11.955461541287493,2022,2,GAYWOOD BRIDGE PRIMARY,King's Lynn and West Norfolk
FREP-275580-G,weather_natural,0.0,,0.1666666666666666,51.0625883740542,0.836250943006752,2022-02-21,4.199999809265137,1004.5,17.0,3.0,matched,E07000105,135818.0,Urban with Significant Rural (rural including hub towns 26-49%),0.291,0.34,0.11,3.0,1.0,11.819071033187548,2022,2,WAREHORNE 33/11KV,Ashford
FREP-267541-G,weather_natural,34.0,7.214705882352941,82.65,50.927579327247,-0.390106657160305,2022-02-20,10.5,1009.2000122070312,17.700000762939453,6.300000190734863,matched,E07000227,148784.0,Largely Rural (rural including hub towns 50-79%) ,0.124,0.03,0.056,2.0,0.0,11.910250868717979,2022,2,ASHINGTON 33/11KV,Horsham
FREP-267379-G,technical_asset,16.0,44.18333333333333,44.18333333333333,51.2553095557153,0.0039968438106412,2022-02-20,6.0,1011.9000244140624,9.0,5.700000286102295,matched,E07000215,89002.0,Urban with Significant Rural (rural including hub towns 26-49%),0.145,0.07,0.063,2.0,1.0,11.3964141203719,2022,2,OXTED 33/11KV,Tandridge
FREP-267435-G,weather_natural,1.0,108.13333333333334,108.13333333333334,51.1511090372096,-0.504034443005657,2022-02-19,8.050000190734863,1008.4000244140624,16.700000762939453,4.599999904632568,matched,E07000216,130327.0,Largely Rural (rural including hub towns 50-79%) ,0.1689999999999999,0.03,0.054,1.0,0.0,11.777801955768314,2022,2,CRANLEIGH 33/11KV,Waverley
FREP-267424-G,weather_natural,8.0,62.61666666666667,62.61666666666667,50.9823414683587,0.0027766790657315,2022-02-19,6.800000190734863,1012.0999755859376,13.0,4.099999904632568,matched,E07000063,100693.0,Urban with Significant Rural (rural including hub towns 26-49%),0.225,0.36,0.099,1.0,1.0,11.519831562884328,2022,2,NEWICK 33/11KV,Lewes
FREP-267487-G,weather_natural,12.0,66.45,66.45,51.1594569320356,-0.319453087918898,2022-02-19,7.949999809265137,1008.2000122070312,17.0,5.099999904632568,matched,E07000210,87931.0,Urban with Significant Rural (rural including hub towns 26-49%),0.215,0.11,0.054,1.0,1.0,11.384307694991195,2022,2,CAPEL 33/11KV,Mole Valley
FREP-267680-G,weather_natural,3.0,82.48333333333333,82.48333333333333,51.3126157196458,0.911552531759317,2022-02-19,2.5,1013.5999755859376,10.899999618530272,1.4000000953674316,matched,E07000113,154508.0,Largely Rural (rural including hub towns 50-79%) ,0.407,0.43,0.149,1.0,0.0,11.948001153914678,2022,2,FAVERSHAM 33/11KV,Swale
FREP-267670-G,weather_natural,1.0,20.05555555555556,93.01666666666668,51.3679067362911,1.38968362381109,2022-02-21,10.251999855041504,1007.9000244140624,24.700000762939453,2.200000047683716,matched,E07000114,140699.0,Urban with City and Town,0.387,0.43,0.185,3.0,1.0,11.854378135756683,2022,2,THANET 33/11KV,Thanet
FREP-267937-G,weather_natural,4.0,90.2,96.35,50.927579327247,-0.390106657160305,2022-02-19,7.099999904632568,1008.0,23.299999237060547,4.800000190734863,matched,E07000227,148784.0,Largely Rural (rural including hub towns 50-79%) ,0.124,0.03,0.056,1.0,0.0,11.910250868717979,2022,2,ASHINGTON 33/11KV,Horsham
FREP-268262-G,weather_natural,2.0,102.03333333333332,102.03333333333332,50.8931649578315,-0.313200842296704,2022-02-19,7.75,1011.5,19.100000381469727,0.1000000014901161,matched,E07000227,148784.0,Largely Rural (rural including hub towns 50-79%) ,0.124,0.03,0.056,1.0,0.0,11.910250868717979,2022,2,STEYNING 33/11KV,Horsham
FREP-268459-G,weather_natural,2.0,59.975,120.21666666666668,50.8825583538958,0.0210708356247149,2022-02-19,6.550000190734863,1010.5,19.799999237060547,1.8000000715255735,matched,E07000063,100693.0,Urban with Significant Rural (rural including hub towns 26-49%),0.225,0.36,0.099,1.0,1.0,11.519831562884328,2022,2,LEWES TOWN 33/11KV,Lewes
FREP-268354-G,weather_natural,301.0,6.816666666666666,6.816666666666666,51.1594569320356,-0.319453087918898,2022-02-19,6.900000095367432,1012.0,11.699999809265137,0.5,matched,E07000210,87931.0,Urban with Significant Rural (rural including hub towns 26-49%),0.215,0.11,0.054,1.0,1.0,11.384307694991195,2022,2,CAPEL 33/11KV,Mole Valley
FREP-268736-G,weather_natural,1.0,114.96666666666668,114.96666666666668,51.0176463039151,0.727756668130625,2022-02-19,7.849999904632568,1010.5,15.600000381469728,2.900000095367432,matched,E07000105,135818.0,Urban with Significant Rural (rural including hub towns 26-49%),0.291,0.34,0.11,1.0,1.0,11.819071033187548,2022,2,WITTERSHAM 33/6.6KV,Ashford
FREP-268690-G,weather_natural,15.0,126.98333333333332,126.98333333333332,51.3798542857,0.234101740109084,2022-02-19,8.449999809265137,1006.5999755859376,18.0,5.5,matched,E07000111,121194.0,Largely Rural (rural including hub towns 50-79%) ,0.249,0.33,0.075,1.0,0.0,11.705147846441445,2022,2,FARNINGHAM 33/11KV,Sevenoaks
FREP-269139-G,technical_asset,1.0,62.41666666666666,62.41666666666666,50.9313871058919,0.245345444264426,2022-02-19,5.699999809265137,1013.0,6.900000095367432,4.5,matched,E07000065,163091.0,Mainly Rural (rural including hub towns >=80%) ,0.237,0.29,0.073,1.0,0.0,12.002063606215954,2022,2,HORAM 33/11KV,Wealden
FREP-268964-G,weather_natural,1619.0,0.2364113650401482,1.9166666666666667,50.8796073879873,0.241262929591364,2022-02-20,10.649999618530272,1007.7000122070312,15.5,4.599999904632568,matched,E07000065,163091.0,Mainly Rural (rural including hub towns >=80%) ,0.237,0.29,0.073,2.0,0.0,12.002063606215954,2022,2,HORSEBRIDGE 33/11KV,Wealden
FREP-268974-G,weather_natural,297.0,2.0,2.0,51.2651428383632,0.487886812615242,2022-02-20,11.199999809265137,1005.7000122070312,20.700000762939453,4.400000095367432,matched,E07000110,180144.0,Urban with Significant Rural (rural including hub towns 26-49%),0.297,0.32,0.095,2.0,1.0,12.101511810042911,2022,2,BARMING 33/11KV,Maidstone
FREP-269033-G,weather_natural,1.0,106.26666666666668,106.26666666666668,51.2870280496174,0.186381498500364,2022-02-20,10.800000190734863,1004.5999755859376,22.39999961853028,4.300000190734863,matched,E07000111,121194.0,Largely Rural (rural including hub towns 50-79%) ,0.249,0.33,0.075,2.0,0.0,11.705147846441445,2022,2,NORTH SEVENOAKS 33/11KV,Sevenoaks
FREP-269041-G,weather_natural,1.0,64.46666666666667,64.46666666666667,51.2870280496174,0.186381498500364,2022-02-22,8.75,1019.7999877929688,12.100000381469728,0.3000000119209289,matched,E07000111,121194.0,Largely Rural (rural including hub towns 50-79%) ,0.249,0.33,0.075,4.0,0.0,11.705147846441445,2022,2,NORTH SEVENOAKS 33/11KV,Sevenoaks
FREP-268883-G,technical_asset,3.0,15.416666666666666,15.416666666666666,51.2770215741313,0.51908567940078,2022-02-20,10.25,1007.2999877929688,17.100000381469727,4.400000095367432,matched,E07000110,180144.0,Urban with Significant Rural (rural including hub towns 26-49%),0.297,0.32,0.095,2.0,1.0,12.101511810042911,2022,2,WATERSIDE 33/11KV,Maidstone
FREP-268895-G,weather_natural,5.0,101.2,101.2,50.9836035710203,0.296735092609588,2022-02-21,9.800000190734863,1013.5999755859376,18.600000381469727,3.5999999046325684,matched,E07000065,163091.0,Mainly Rural (rural including hub towns >=80%) ,0.237,0.29,0.073,3.0,0.0,12.002063606215954,2022,2,BROAD OAK 33/11KV,Wealden
FREP-269095-G,weather_natural,8.0,92.93333333333334,92.93333333333334,51.3178958672932,0.0324546277819278,2022-02-20,9.899999618530272,995.2000122070312,22.89999961853028,1.7999999523162842,matched,E09000006,329930.0,Urban with Major Conurbation,0.291,0.5,0.091,2.0,1.0,12.706635789729656,2022,2,BIGGIN HILL 33/11KV,Bromley
FREP-269194-G,weather_natural,144.0,0.7333333333333333,0.7333333333333333,51.3486201840969,-0.488594053389472,2022-02-20,10.449999809265137,995.0,21.89999961853028,1.900000095367432,matched,E07000212,89113.0,Urban with Major Conurbation,0.161,0.18,0.066,2.0,1.0,11.39766050629526,2022,2,WEST WEYBRIDGE #OLD,Runnymede
FREP-270045-G,weather_natural,112.0,0.1166666666666666,0.1166666666666666,51.1448264315983,0.273589695249059,2022-02-22,10.949999809265137,1016.7999877929688,13.199999809265137,0.3000000119209289,matched,E07000116,116263.0,Urban with Significant Rural (rural including hub towns 26-49%),0.213,0.19,0.073,4.0,1.0,11.663610145154312,2022,2,TUNBRIDGE WELLS GRID 132/11,Tunbridge Wells
FREP-270244-G,weather_natural,2.0,67.15,67.15,51.1135126645777,0.470287144925582,2022-02-22,8.5,1021.2000122070312,9.5,0.1000000014901161,matched,E07000116,116263.0,Urban with Significant Rural (rural including hub towns 26-49%),0.213,0.19,0.073,4.0,1.0,11.663610145154312,2022,2,GOUDHURST 33/11KV,Tunbridge Wells
FREP-270258-G,technical_asset,1.0,16.566666666666666,16.566666666666666,51.3094967110331,-0.614587492612515,2022-02-22,5.800000190734863,1022.5999755859376,5.199999809265137,0.2000000029802322,matched,E07000217,104432.0,Urban with Major Conurbation,0.22,0.11,0.067,4.0,1.0,11.556291420874999,2022,2,BROOKWOOD 33/11KV,Woking
FREP-270266-G,weather_natural,1.0,0.5333333333333333,0.5333333333333333,50.8169497480392,-0.104819559423779,2022-02-22,6.95550012588501,1024.0,7.599999904632568,0.3000000119209289,matched,E06000043,278000.0,Urban with City and Town,0.3819999999999999,0.33,0.123,4.0,1.0,12.535376392672774,2022,2,KEMP TOWN 33/11KV,Brighton and Hove
FREP-292805-Z,weather_natural,0.0,,33.233333333333334,52.1097479270073,1.09671905265498,2022-02-19,4.199999809265137,1010.9000244140624,12.100000381469728,0.8999999761581421,matched,E07000203,105725.0,Mainly Rural (rural including hub towns >=80%) ,0.244,0.01,0.071,1.0,0.0,11.56859666234069,2022,2,CLAYDON CEMENT PRIMARY,Mid Suffolk
FREP-288796-Z,weather_natural,427.0,5.216666666666667,5.216666666666667,52.6668052159131,0.412564926230026,2022-02-20,11.25,988.7999877929688,22.200000762939453,3.5,matched,E07000146,155665.0,Largely Rural (rural including hub towns 50-79%) ,0.301,0.29,0.12,2.0,0.0,11.955461541287493,2022,2,WATLINGTON PRIMARY,King's Lynn and West Norfolk
FREP-289644-Z,technical_asset,1.0,43.583333333333336,43.583333333333336,52.4132206119155,-0.213460320126659,2022-02-21,8.949999809265137,1013.5,15.300000190734863,6.699999809265137,matched,E07000011,184117.0,Mainly Rural (rural including hub towns >=80%) ,0.207,0.3,0.074,3.0,0.0,12.123326704076948,2022,2,WOODWALTON PRIMARY,Huntingdonshire
FREP-268584-G,weather_natural,12.0,22.616666666666664,22.616666666666667,51.06019882791,0.811198677158435,2022-02-19,7.050000190734863,1011.5999755859376,13.699999809265137,4.099999904632568,matched,E07000105,135818.0,Urban with Significant Rural (rural including hub towns 26-49%),0.291,0.34,0.11,1.0,1.0,11.819071033187548,2022,2,KENARDINGTON 33/6.6KV,Ashford
FREP-268653-G,weather_natural,3.0,117.98333333333332,117.98333333333332,51.06019882791,0.811198677158435,2022-02-19,8.850000381469727,1006.5,21.5,4.099999904632568,matched,E07000105,135818.0,Urban with Significant Rural (rural including hub towns 26-49%),0.291,0.34,0.11,1.0,1.0,11.819071033187548,2022,2,KENARDINGTON 33/6.6KV,Ashford
FREP-268615-G,weather_natural,1.0,115.38333333333334,115.38333333333334,51.3031628419803,0.335796293006111,2022-02-20,10.350000381469728,1000.0,20.600000381469727,0.6000000238418579,matched,E07000115,133655.0,Urban with Significant Rural (rural including hub towns 26-49%),0.231,0.17,0.08,2.0,1.0,11.803017132015809,2022,2,WROTHAM HEATH 33/11KV,Tonbridge and Malling
FREP-268628-G,weather_natural,6.0,118.81666666666666,118.81666666666666,51.1081876089666,1.04230379821497,2022-02-19,8.600000381469727,1006.5,23.799999237060547,3.300000190734864,matched,E07000112,110372.0,Urban with Significant Rural (rural including hub towns 26-49%),0.3339999999999999,0.43,0.145,1.0,1.0,11.611611757468927,2022,2,STANFORD 33/11KV,Folkestone and Hythe
FREP-268853-G,weather_natural,54.0,5.15,5.15,51.3021841078497,-0.546912291036931,2022-02-20,10.649999618530272,1007.4000244140624,16.399999618530273,4.800000190734863,matched,E07000217,104432.0,Urban with Major Conurbation,0.22,0.11,0.067,2.0,1.0,11.556291420874999,2022,2,OLD WOKING 33/11KV,Woking
FREP-269030-G,technical_asset,1.0,12.233333333333333,12.233333333333333,51.3628978600195,0.57835931794593,2022-02-20,11.696499824523926,1004.2999877929688,22.200000762939453,2.3999998569488525,matched,E06000035,282750.0,Urban with City and Town,0.3849999999999999,0.39,0.134,2.0,1.0,12.552318393978366,2022,2,RAINHAM MARK 33/11KV,Medway
FREP-269558-G,weather_natural,1.0,172.13333333333333,172.13333333333333,51.1135126645777,0.470287144925582,2022-02-22,10.100000381469728,1017.2000122070312,9.800000190734863,0.6000000238418579,matched,E07000116,116263.0,Urban with Significant Rural (rural including hub towns 26-49%),0.213,0.19,0.073,4.0,1.0,11.663610145154312,2022,2,GOUDHURST 33/11KV,Tunbridge Wells
FREP-269243-G,weather_natural,13.0,93.81666666666666,93.81666666666666,50.8538211666084,-0.155780247437696,2022-02-20,10.350000381469728,997.9000244140624,27.200000762939453,3.0,matched,E06000043,278000.0,Urban with City and Town,0.3819999999999999,0.33,0.123,2.0,1.0,12.535376392672774,2022,2,WITHDEAN 33/11KV,Brighton and Hove
FREP-269635-G,weather_natural,1.0,94.01666666666668,94.01666666666668,51.1300322898903,-0.0147947832634629,2022-02-21,10.350000381469728,1009.4000244140624,23.0,2.400000095367432,matched,E07000228,155159.0,Urban with City and Town,0.155,0.02,0.053,3.0,1.0,11.952205676573094,2022,2,EAST GRINSTEAD 33/11KV,Mid Sussex
FREP-270056-G,weather_natural,6.0,68.85,68.85,51.2282942287575,1.34369028190535,2022-02-22,12.050000190734863,1014.9000244140624,17.399999618530273,0.0,matched,E07000108,117445.0,Urban with Significant Rural (rural including hub towns 26-49%),0.376,0.3,0.134,4.0,1.0,11.673725417873936,2022,2,BETTESHANGER LOCAL 33/11KV,Dover
FREP-270074-G,weather_natural,9.0,53.91666666666666,53.91666666666666,50.8862508326506,0.431426441087337,2022-02-22,12.050000190734863,1017.0,14.100000381469728,0.3000000119209289,matched,E07000065,163091.0,Mainly Rural (rural including hub towns >=80%) ,0.237,0.29,0.073,4.0,0.0,12.002063606215954,2022,2,NINFIELD LOCAL 33/11KV,Wealden
FREP-270192-G,technical_asset,1.0,21.166666666666668,21.166666666666668,51.3775931642859,0.54051329034077,2022-02-22,12.149999618530272,1016.0,13.300000190734863,0.3000000119209289,matched,E06000035,282750.0,Urban with City and Town,0.3849999999999999,0.39,0.134,4.0,1.0,12.552318393978366,2022,2,CHATHAM HILL 33/11KV,Medway
FREP-270425-G,weather_natural,5.0,67.8,67.8,50.8176047895557,0.340571306624065,2022-02-20,10.899999618530272,1001.0999755859376,27.89999961853028,1.0,matched,E07000065,163091.0,Mainly Rural (rural including hub towns >=80%) ,0.237,0.29,0.073,2.0,0.0,12.002063606215954,2022,2,PEVENSEY BAY 33/11KV,Wealden
FREP-270888-G,weather_natural,4.0,136.91666666666666,136.91666666666666,51.2394868801445,0.707680376471689,2022-02-19,8.25,1005.9000244140624,17.399999618530273,5.400000095367432,matched,E07000110,180144.0,Urban with Significant Rural (rural including hub towns 26-49%),0.297,0.32,0.095,1.0,1.0,12.101511810042911,2022,2,HARRIETSHAM 33/11KV,Maidstone
FREP-288235-Z,weather_natural,72.0,1.3833333333333333,1.3833333333333333,51.9373446584528,1.02343554475614,2022-02-19,7.050000190734863,1003.2999877929688,16.899999618530273,5.099999904632568,matched,E07000076,151530.0,Largely Rural (rural including hub towns 50-79%) ,0.5249999999999999,0.49,0.173,1.0,0.0,11.928538904130209,2022,2,FOXASH PRIMARY,Tendring
FREP-288080-Z,weather_natural,1.0,27.2,27.2,52.7309379164171,0.217613367623211,2022-02-19,4.099999904632568,1004.5999755859376,14.399999618530272,1.8000000715255735,matched,E07000146,155665.0,Largely Rural (rural including hub towns 50-79%) ,0.301,0.29,0.12,1.0,0.0,11.955461541287493,2022,2,STICKFAST LN PRIMARY,King's Lynn and West Norfolk
FREP-288131-Z,weather_natural,3.0,71.23333333333333,71.23333333333333,52.5348339638177,0.371981837575061,2022-02-19,6.199999809265137,1002.0,13.5,6.09999942779541,matched,E07000146,155665.0,Largely Rural (rural including hub towns 50-79%) ,0.301,0.29,0.12,1.0,0.0,11.955461541287493,2022,2,SOUTHERY PRIMARY,King's Lynn and West Norfolk
FREP-288344-Z,weather_natural,28.0,64.5,64.5,51.8912262371223,0.856813327531307,2022-02-19,3.5999999046325684,1010.2000122070312,13.199999809265137,4.699999809265137,matched,E07000071,194475.0,Urban with Significant Rural (rural including hub towns 26-49%),0.287,0.34,0.099,1.0,1.0,12.178058899074975,2022,2,LEXDEN PRIMARY,Colchester
FREP-288448-Z,weather_natural,46.0,4.842753623188406,10.083333333333334,51.5925620352751,0.612674239747208,2022-02-20,11.350000381469728,996.0,23.0,0.3000000119209289,matched,E07000075,87272.0,Urban with City and Town,0.2639999999999999,0.25,0.073,2.0,1.0,11.376784957277593,2022,2,UPLANDS PK PRIMARY,Rochford
FREP-288465-Z,weather_natural,2.0,54.49166666666667,103.88333333333334,51.6895100401282,0.869267089431415,2022-02-20,10.399999618530272,1005.5,17.799999237060547,5.899999618530273,matched,E07000074,67624.0,Mainly Rural (rural including hub towns >=80%) ,0.185,0.05,0.086,2.0,0.0,11.121718228608763,2022,2,TILLINGHAM PRIMARY,Maldon
FREP-288642-Z,weather_natural,1.0,4.316666666666666,4.316666666666666,51.8618844568273,-0.461550538533201,2022-02-20,11.550000190734863,1001.0999755859376,17.299999237060547,1.5000001192092896,matched,E06000056,301829.0,Largely Rural (rural including hub towns 50-79%) ,0.248,0.23,0.077,2.0,0.0,12.617615910825437,2022,2,CADDINGTON PRIMARY,Central Bedfordshire
FREP-288757-Z,weather_natural,1.0,21.7,21.7,52.3314198178231,1.00107662336146,2022-02-20,11.100000381469728,994.2999877929688,19.700000762939453,2.5999999046325684,matched,E07000203,105725.0,Mainly Rural (rural including hub towns >=80%) ,0.244,0.01,0.071,2.0,0.0,11.56859666234069,2022,2,RICKINGHALL PRIMARY,Mid Suffolk
FREP-289013-Z,weather_natural,1.0,8.15,8.15,51.7570446100868,-0.465289807529104,2022-02-21,3.5,1001.4000244140624,19.600000381469727,4.600000381469727,matched,E07000096,156299.0,Urban with Significant Rural (rural including hub towns 26-49%),0.219,0.43,0.085,3.0,1.0,11.959526118436445,2022,2,ST PAULS PRIMARY,Dacorum
FREP-289266-Z,weather_natural,1.0,1.05,1.05,52.4154043568626,0.743753608578155,2022-02-21,8.050000190734863,997.2000122070312,24.600000381469727,10.5,matched,E07000143,143422.0,Mainly Rural (rural including hub towns >=80%) ,0.207,0.18,0.1,3.0,0.0,11.873546612395812,2022,2,WATER LN PRIMARY,Breckland
FREP-289079-Z,weather_natural,2.0,55.35,55.35,51.884978615034,-0.522166362692864,2022-02-21,5.349999904632568,1000.2000122070312,20.39999961853028,4.900000095367432,matched,E06000056,301829.0,Largely Rural (rural including hub towns 50-79%) ,0.248,0.23,0.077,3.0,0.0,12.617615910825437,2022,2,DUNSTABLE PRIMARY,Central Bedfordshire
FREP-289747-Z,weather_natural,0.0,,8.033333333333333,51.857471175924,0.519827025455693,2022-02-21,8.649999618530273,1013.2000122070312,16.5,3.700000047683716,matched,E07000067,157656.0,Largely Rural (rural including hub towns 50-79%) ,0.195,0.15,0.092,3.0,0.0,11.96817072324042,2022,2,WEST BRAINTREE PRIMARY,Braintree
FREP-289796-Z,technical_asset,2.0,9.183333333333334,9.183333333333334,51.9622149375365,0.488388922212106,2022-02-22,7.900000095367432,1014.7000122070312,11.300000190734863,0.699999988079071,matched,E07000067,157656.0,Largely Rural (rural including hub towns 50-79%) ,0.195,0.15,0.092,4.0,0.0,11.96817072324042,2022,2,WETHERSFIELD PRIMARY,Braintree
FREP-289777-Z,weather_natural,2.0,0.4,0.4,52.1277833898086,-0.0842095369308766,2022-02-22,12.0,1014.5999755859376,14.800000190734863,0.6000000238418579,matched,E07000012,165727.0,Largely Rural (rural including hub towns 50-79%) ,0.1559999999999999,0.02,0.056,4.0,0.0,12.01809713522202,2022,2,CROYDON PRIMARY,South Cambridgeshire
FREP-289793-Z,weather_natural,1.0,8.5,8.5,52.5210806354643,1.21151309264698,2022-02-22,7.400000095367432,1013.2000122070312,11.100000381469728,0.9000000357627869,matched,E07000149,144641.0,Mainly Rural (rural including hub towns >=80%) ,0.15,0.05,0.078,4.0,0.0,11.882010089318918,2022,2,HAPTON PRIMARY,South Norfolk
FREP-289950-Z,weather_natural,1.0,49.5,49.5,52.1097479270073,1.09671905265498,2022-02-22,11.050000190734863,1012.4000244140624,12.199999809265137,0.2000000029802322,matched,E07000203,105725.0,Mainly Rural (rural including hub towns >=80%) ,0.244,0.01,0.071,4.0,0.0,11.56859666234069,2022,2,CLAYDON CEMENT PRIMARY,Mid Suffolk
FREP-290143-Z,weather_natural,69.0,1.7642512077294683,79.8,51.8762753945112,0.771662296345226,2022-02-19,5.5,1011.2999877929688,11.699999809265137,0.1000000014901161,matched,E07000071,194475.0,Urban with Significant Rural (rural including hub towns 26-49%),0.287,0.34,0.099,1.0,1.0,12.178058899074975,2022,2,MARKS TEY PRIMARY,Colchester
FREP-267601-G,weather_natural,3.0,78.58333333333333,78.58333333333333,51.0918308945304,-0.0756676219650012,2022-02-19,5.150000095367432,1013.5999755859376,11.0,0.7000000476837158,matched,E07000228,155159.0,Urban with City and Town,0.155,0.02,0.053,1.0,1.0,11.952205676573094,2022,2,WEST HOATHLY 33/11KV,Mid Sussex
FREP-267969-G,weather_natural,7.0,108.2,108.2,51.2153025356018,0.0536072761663476,2022-02-19,3.049999952316284,1010.0,13.800000190734863,5.300000190734863,matched,E07000111,121194.0,Largely Rural (rural including hub towns 50-79%) ,0.249,0.33,0.075,1.0,0.0,11.705147846441445,2022,2,EDENBRIDGE 33/11KV,Sevenoaks
FREP-268212-G,weather_natural,1.0,123.61666666666666,123.61666666666666,51.0629074689347,-0.321824140409602,2022-02-19,3.450000047683716,1013.7999877929688,10.100000381469728,1.0,matched,E07000227,148784.0,Largely Rural (rural including hub towns 50-79%) ,0.124,0.03,0.056,1.0,0.0,11.910250868717979,2022,2,HORSHAM GRID 132/11KV,Horsham
FREP-267909-G,weather_natural,0.0,,595.2166666666667,51.2262318050508,1.38969856355954,2022-02-21,10.612000465393066,1005.0,23.100000381469727,2.8999998569488525,matched,E07000108,117445.0,Urban with Significant Rural (rural including hub towns 26-49%),0.376,0.3,0.134,3.0,1.0,11.673725417873936,2022,2,DEAL 33/11KV,Dover
FREP-267963-G,weather_natural,16.0,28.98333333333333,28.98333333333333,51.2394868801445,0.707680376471689,2022-02-19,6.900000095367432,1006.4000244140624,21.700000762939453,4.900000095367432,matched,E07000110,180144.0,Urban with Significant Rural (rural including hub towns 26-49%),0.297,0.32,0.095,1.0,1.0,12.101511810042911,2022,2,HARRIETSHAM 33/11KV,Maidstone
FREP-268219-G,weather_natural,11.0,8.433333333333334,8.433333333333334,51.3280396771413,-0.382452905969127,2022-02-19,2.950000047683716,1013.2000122070312,10.600000381469728,0.800000011920929,matched,E07000207,140434.0,Urban with Major Conurbation,0.211,0.16,0.057,1.0,1.0,11.852492906498744,2022,2,COBHAM (SURREY) 33/11KV,Elmbridge
FREP-268461-G,weather_natural,3.0,104.05,104.05,50.9528778948042,-0.14072798606656,2022-02-19,6.599999904632568,1009.7999877929688,17.700000762939453,1.8000000715255735,matched,E07000228,155159.0,Urban with City and Town,0.155,0.02,0.053,1.0,1.0,11.952205676573094,2022,2,BURGESS HILL 33/11KV,Mid Sussex
FREP-268527-G,weather_natural,7.0,117.51666666666668,117.51666666666668,50.7743872554242,0.101224173934288,2022-02-19,7.599999904632568,1011.2000122070312,24.200000762939453,0.3000000119209289,matched,E07000063,100693.0,Urban with Significant Rural (rural including hub towns 26-49%),0.225,0.36,0.099,1.0,1.0,11.519831562884328,2022,2,SEAFORD 33/11KV,Lewes
FREP-60892-C,weather_natural,1.0,27.73333333333333,27.73333333333333,51.6895100401282,0.869267089431415,2022-02-19,8.100000381469727,1003.5999755859376,16.0,4.699999809265137,matched,E07000074,67624.0,Mainly Rural (rural including hub towns >=80%) ,0.185,0.05,0.086,1.0,0.0,11.121718228608763,2022,2,TILLINGHAM PRIMARY,Maldon
FREP-60937-C,weather_natural,74.0,1.6166666666666667,1.6166666666666667,52.6762296925641,0.143095856407904,2022-02-20,12.100000381469728,1000.0999755859376,19.39999961853028,6.300000190734863,matched,E07000010,103019.0,Largely Rural (rural including hub towns 50-79%) ,0.24,0.14,0.14,2.0,0.0,11.542668716219426,2022,2,LEVERINGTON PRIMARY,Fenland
FREP-60997-C,weather_natural,13.0,22.4,22.4,52.6668052159131,0.412564926230026,2022-02-20,11.25,988.7999877929688,22.200000762939453,3.5,matched,E07000146,155665.0,Largely Rural (rural including hub towns 50-79%) ,0.301,0.29,0.12,2.0,0.0,11.955461541287493,2022,2,WATLINGTON PRIMARY,King's Lynn and West Norfolk
FREP-295571-Z,weather_natural,0.0,,24.866666666666667,52.6012987580131,1.02250058724456,2022-02-19,6.25,1009.5,12.699999809265137,1.600000023841858,matched,E07000143,143422.0,Mainly Rural (rural including hub towns >=80%) ,0.207,0.18,0.1,1.0,0.0,11.873546612395812,2022,2,HARDINGHAM PRIMARY,Breckland
FREP-297144-Z,weather_natural,80.0,1.15,1.15,52.916168334031,1.3048608045795,2022-02-22,8.199999809265137,1015.5999755859376,14.399999618530272,0.3000000119209289,matched,E07000147,103178.0,Mainly Rural (rural including hub towns >=80%) ,0.1979999999999999,0.03,0.106,4.0,0.0,11.544210931009303,2022,2,CROMER PRIMARY,North Norfolk
FREP-287081-Z,weather_natural,14.0,9.416666666666666,9.416666666666666,51.8252113234989,1.09282901387655,2022-02-19,3.674000024795532,1009.5999755859376,16.399999618530273,2.800000190734864,matched,E07000076,151530.0,Largely Rural (rural including hub towns 50-79%) ,0.5249999999999999,0.49,0.173,1.0,0.0,11.928538904130209,2022,2,CHISBON HEATH PRIMARY,Tendring
FREP-287478-Z,weather_natural,7.0,62.554761904761904,78.18333333333334,52.0372622741427,0.854190839174079,2022-02-20,11.5,995.7999877929688,19.799999237060547,0.6000000238418579,matched,E07000200,94289.0,Mainly Rural (rural including hub towns >=80%) ,0.169,0.17,0.08,2.0,0.0,11.454119812824949,2022,2,GROTON PRIMARY,Babergh
FREP-287390-Z,weather_natural,144.0,25.08888888888889,73.03333333333333,52.5675657948615,1.10617928336132,2022-02-21,9.149999618530272,1011.5,13.600000381469728,11.600000381469728,matched,E07000149,144641.0,Mainly Rural (rural including hub towns >=80%) ,0.15,0.05,0.078,3.0,0.0,11.882010089318918,2022,2,WYMONDHAM PRIMARY,South Norfolk
FREP-287254-Z,weather_natural,1.0,50.18333333333333,50.18333333333333,52.6546936827359,1.45102710043497,2022-02-21,6.050000190734863,991.7999877929688,22.799999237060547,13.700000762939451,matched,E07000144,133839.0,Urban with Significant Rural (rural including hub towns 26-49%),0.129,0.01,0.072,3.0,1.0,11.804392864024903,2022,2,HEMBLINGTON PRIMARY,Broadland
FREP-287738-Z,weather_natural,1.0,30.73333333333333,30.73333333333333,52.6281391631301,0.244329053492316,2022-02-19,5.400000095367432,1009.2000122070312,11.399999618530272,0.4000000059604645,matched,E07000146,155665.0,Largely Rural (rural including hub towns 50-79%) ,0.301,0.29,0.12,1.0,0.0,11.955461541287493,2022,2,OUTWELL MOORS PRIMARY,King's Lynn and West Norfolk
FREP-287927-Z,technical_asset,1.0,2.8666666666666667,2.8666666666666667,51.8688434166541,-0.176430860353141,2022-02-19,5.099999904632568,1010.7999877929688,11.199999809265137,1.4000000953674316,matched,E07000099,134255.0,Urban with Significant Rural (rural including hub towns 26-49%),0.211,0.18,0.079,1.0,1.0,11.80749625562543,2022,2,KNEBWORTH PRIMARY,North Hertfordshire
FREP-268555-G,weather_natural,51.0,96.95,96.95,50.9867631245393,0.609152845255805,2022-02-20,11.399999618530272,1008.0,19.299999237060547,3.0,matched,E07000064,94323.0,Largely Rural (rural including hub towns 50-79%) ,0.35,0.37,0.113,2.0,0.0,11.45448034132121,2022,2,NORTHIAM 33/11KV,Rother
FREP-268592-G,technical_asset,1.0,9.333333333333334,9.333333333333334,51.4070529386549,-0.373757052190142,2022-02-19,9.0,1005.2000122070312,17.5,4.099999904632568,matched,E07000207,140434.0,Urban with Major Conurbation,0.211,0.16,0.057,1.0,1.0,11.852492906498744,2022,2,MOLESEY 33/11KV,Elmbridge
FREP-268639-G,weather_natural,124.0,7.816666666666666,7.816666666666666,51.2849764326037,1.08527611524698,2022-02-19,8.050000190734863,1006.0999755859376,16.100000381469727,5.0,matched,E07000106,158723.0,Urban with City and Town,0.248,0.17,0.1,1.0,1.0,11.974915823549752,2022,2,CANTERBURY TOWN 33/11KV,Canterbury
FREP-268784-G,weather_natural,1.0,76.58333333333333,76.58333333333333,50.9519783347092,-0.487030444826157,2022-02-20,10.100000381469728,1010.5999755859376,13.800000190734863,6.199999809265137,matched,E07000227,148784.0,Largely Rural (rural including hub towns 50-79%) ,0.124,0.03,0.056,2.0,0.0,11.910250868717979,2022,2,PULBOROUGH 33/11KV,Horsham
FREP-268822-G,weather_natural,1.0,110.86666666666666,110.86666666666666,50.9612590228917,0.731287779713318,2022-02-20,9.899999618530272,1009.0,16.799999237060547,3.0,matched,E07000064,94323.0,Largely Rural (rural including hub towns 50-79%) ,0.35,0.37,0.113,2.0,0.0,11.45448034132121,2022,2,RYE 33/11KV,Rother
FREP-268614-G,weather_natural,9.0,70.81666666666666,70.81666666666666,51.1398734479947,0.270687221882431,2022-02-19,8.399999618530273,1006.7000122070312,18.39999961853028,4.5,matched,E07000116,116263.0,Urban with Significant Rural (rural including hub towns 26-49%),0.213,0.19,0.073,1.0,1.0,11.663610145154312,2022,2,TUNBRIDGE WELLS TOWN 11KV,Tunbridge Wells
FREP-268714-G,weather_natural,154.0,16.175757575757576,96.66666666666669,51.1135126645777,0.470287144925582,2022-02-19,8.350000381469727,1007.5999755859376,16.5,4.799999713897705,matched,E07000116,116263.0,Urban with Significant Rural (rural including hub towns 26-49%),0.213,0.19,0.073,1.0,1.0,11.663610145154312,2022,2,GOUDHURST 33/11KV,Tunbridge Wells
FREP-268742-G,weather_natural,82.0,14.35,14.35,51.0665196510291,0.18495133236248,2022-02-19,7.699999809265137,1009.5,17.200000762939453,5.699999809265137,matched,E07000065,163091.0,Mainly Rural (rural including hub towns >=80%) ,0.237,0.29,0.073,1.0,0.0,12.002063606215954,2022,2,STEEL CROSS 33/6.6KV,Wealden
FREP-268762-G,weather_natural,11.0,117.15,117.15,51.1528733469282,0.176344217376513,2022-02-19,6.050000190734863,1011.7000122070312,11.699999809265137,5.0,matched,E07000111,121194.0,Largely Rural (rural including hub towns 50-79%) ,0.249,0.33,0.075,1.0,0.0,11.705147846441445,2022,2,PENSHURST 33/11KV,Sevenoaks
FREP-268879-G,weather_natural,3.0,74.68333333333334,74.68333333333334,51.0176463039151,0.727756668130625,2022-02-20,10.449999809265137,1008.7000122070312,17.899999618530273,3.000000238418579,matched,E07000105,135818.0,Urban with Significant Rural (rural including hub towns 26-49%),0.291,0.34,0.11,2.0,1.0,11.819071033187548,2022,2,WITTERSHAM 33/6.6KV,Ashford
FREP-269008-G,weather_natural,319.0,1.5333333333333334,1.5333333333333334,51.2154495773645,-0.567885507380055,2022-02-20,11.100000381469728,1006.0999755859376,15.899999618530272,3.6000001430511475,matched,E07000209,146232.0,Urban with City and Town,0.215,0.17,0.057,2.0,1.0,11.89294968059644,2022,2,SHALFORD 33/11KV,Guildford
FREP-269557-G,weather_natural,1.0,95.91666666666669,95.91666666666669,51.1300322898903,-0.0147947832634629,2022-02-21,8.800000190734863,1005.7999877929688,24.0,2.299999952316284,matched,E07000228,155159.0,Urban with City and Town,0.155,0.02,0.053,3.0,1.0,11.952205676573094,2022,2,EAST GRINSTEAD 33/11KV,Mid Sussex
FREP-269330-G,weather_natural,182.0,5.916666666666668,5.916666666666667,51.1794719381613,0.77849901750368,2022-02-21,3.5999999046325684,1004.0,16.600000381469727,2.300000190734864,matched,E07000105,135818.0,Urban with Significant Rural (rural including hub towns 26-49%),0.291,0.34,0.11,3.0,1.0,11.819071033187548,2022,2,LITTLE CHART 33/6.6KV,Ashford
FREP-269349-G,technical_asset,1.0,102.86666666666666,102.86666666666666,51.4045566173903,0.158883981391679,2022-02-21,4.599999904632568,1001.7999877929688,18.89999961853028,2.5999999046325684,matched,E07000111,121194.0,Largely Rural (rural including hub towns 50-79%) ,0.249,0.33,0.075,3.0,0.0,11.705147846441445,2022,2,SWANLEY 33/11KV,Sevenoaks
FREP-269389-G,weather_natural,634.0,0.5166666666666667,0.5166666666666667,50.8825583538958,0.0210708356247149,2022-02-21,7.849999904632568,1005.7000122070312,14.600000381469728,4.099999904632568,matched,E07000063,100693.0,Urban with Significant Rural (rural including hub towns 26-49%),0.225,0.36,0.099,3.0,1.0,11.519831562884328,2022,2,LEWES TOWN 33/11KV,Lewes
FREP-269543-G,weather_natural,3.0,2.6,2.6,51.2154495773645,-0.567885507380055,2022-02-21,10.350000381469728,1009.0,25.200000762939453,2.200000047683716,matched,E07000209,146232.0,Urban with City and Town,0.215,0.17,0.057,3.0,1.0,11.89294968059644,2022,2,SHALFORD 33/11KV,Guildford
FREP-269357-G,weather_natural,27.0,0.4333333333333333,0.4333333333333333,51.372205223817,-0.467674894016223,2022-02-21,10.600000381469728,1008.5,23.89999961853028,2.500000238418579,matched,E07000212,89113.0,Urban with Major Conurbation,0.161,0.18,0.066,3.0,1.0,11.39766050629526,2022,2,WEYBRIDGE 33/11KV,Runnymede
FREP-269316-G,weather_natural,1.0,93.23333333333332,93.23333333333332,51.2517811437849,1.21405703390067,2022-02-20,5.099999904632568,1002.0999755859376,17.799999237060547,3.0,matched,E07000108,117445.0,Urban with Significant Rural (rural including hub towns 26-49%),0.376,0.3,0.134,2.0,1.0,11.673725417873936,2022,2,WINGHAM 33/11KV,Dover
FREP-269392-G,weather_natural,1.0,101.93333333333334,101.93333333333334,50.7743872554242,0.101224173934288,2022-02-21,6.5,1005.2999877929688,24.799999237060547,3.9000003337860094,matched,E07000063,100693.0,Urban with Significant Rural (rural including hub towns 26-49%),0.225,0.36,0.099,3.0,1.0,11.519831562884328,2022,2,SEAFORD 33/11KV,Lewes
FREP-269540-G,weather_natural,1.0,0.5,0.5,50.9519783347092,-0.487030444826157,2022-02-21,5.900000095367432,1022.4000244140624,8.399999618530273,0.0,matched,E07000227,148784.0,Largely Rural (rural including hub towns 50-79%) ,0.124,0.03,0.056,3.0,0.0,11.910250868717979,2022,2,PULBOROUGH 33/11KV,Horsham
FREP-269598-G,weather_natural,20.0,3.9166666666666665,3.9166666666666665,51.1081876089666,1.04230379821497,2022-02-21,10.25,1006.5999755859376,24.39999961853028,3.300000190734864,matched,E07000112,110372.0,Urban with Significant Rural (rural including hub towns 26-49%),0.3339999999999999,0.43,0.145,3.0,1.0,11.611611757468927,2022,2,STANFORD 33/11KV,Folkestone and Hythe
FREP-269875-G,weather_natural,110.0,0.7,0.7,51.3178958672932,0.0324546277819278,2022-02-22,4.449999809265137,1022.2000122070312,7.0,1.2999999523162842,matched,E09000006,329930.0,Urban with Major Conurbation,0.291,0.5,0.091,4.0,1.0,12.706635789729656,2022,2,BIGGIN HILL 33/11KV,Bromley
FREP-269644-G,weather_natural,29.0,54.266666666666666,54.266666666666666,51.0518096700857,0.507255686634157,2022-02-21,6.449999809265137,1003.2000122070312,20.39999961853028,2.900000095367432,matched,E07000116,116263.0,Urban with Significant Rural (rural including hub towns 26-49%),0.213,0.19,0.073,3.0,1.0,11.663610145154312,2022,2,HAWKHURST 33/11KV,Tunbridge Wells
FREP-269836-G,weather_natural,1.0,73.3,73.3,50.8862508326506,0.431426441087337,2022-02-22,11.850000381469728,1016.2000122070312,14.100000381469728,0.3000000119209289,matched,E07000065,163091.0,Mainly Rural (rural including hub towns >=80%) ,0.237,0.29,0.073,4.0,0.0,12.002063606215954,2022,2,NINFIELD LOCAL 33/11KV,Wealden
FREP-270203-G,weather_natural,6.0,70.98333333333333,70.98333333333333,51.1774454877242,0.392619520989536,2022-02-22,13.050000190734863,1015.7000122070312,14.300000190734863,1.2000000476837158,matched,E07000116,116263.0,Urban with Significant Rural (rural including hub towns 26-49%),0.213,0.19,0.073,4.0,1.0,11.663610145154312,2022,2,PADDOCK WOOD 33/11KV,Tunbridge Wells
FREP-270058-G,weather_natural,128.0,21.08333333333333,21.08333333333333,51.2249983605574,0.111642618744927,2022-02-22,12.25,1014.9000244140624,17.299999237060547,0.2000000029802322,matched,E07000111,121194.0,Largely Rural (rural including hub towns 50-79%) ,0.249,0.33,0.075,4.0,0.0,11.705147846441445,2022,2,FOUR ELMS 33/11KV,Sevenoaks
FREP-269982-G,weather_natural,1.0,81.53333333333333,81.53333333333333,51.3723412446064,-0.229761105034402,2022-02-22,11.0,1015.7000122070312,15.100000381469728,0.2000000029802322,matched,E09000029,210369.0,Urban with Major Conurbation,0.289,0.36,0.095,4.0,1.0,12.256618410587281,2022,2,NORTH CHEAM 33/11KV,Sutton
FREP-270143-G,weather_natural,2.0,75.18333333333334,75.18333333333334,51.1081876089666,1.04230379821497,2022-02-22,12.350000381469728,1015.5999755859376,16.799999237060547,0.1000000014901161,matched,E07000112,110372.0,Urban with Significant Rural (rural including hub towns 26-49%),0.3339999999999999,0.43,0.145,4.0,1.0,11.611611757468927,2022,2,STANFORD 33/11KV,Folkestone and Hythe
FREP-270592-G,technical_asset,4.0,137.5,137.5,51.0518096700857,0.507255686634157,2022-02-19,2.400000095367432,1013.7999877929688,11.100000381469728,3.1000001430511475,matched,E07000116,116263.0,Urban with Significant Rural (rural including hub towns 26-49%),0.213,0.19,0.073,1.0,1.0,11.663610145154312,2022,2,HAWKHURST 33/11KV,Tunbridge Wells
FREP-272759-G,weather_natural,74.0,0.6666666666666666,0.6666666666666666,50.989661506499,-0.240669166666228,2022-02-19,8.800000190734863,1007.2999877929688,15.100000381469728,7.0,matched,E07000228,155159.0,Urban with City and Town,0.155,0.02,0.053,1.0,1.0,11.952205676573094,2022,2,COWFOLD 33/11KV,Mid Sussex
FREP-230551-J,technical_asset,0.0,,1.0,51.5254217499263,-0.17468722303939,2022-02-22,11.100000381469728,1015.4000244140624,13.300000190734863,0.4000000059604645,matched,E09000033,209333.0,Urban with Major Conurbation,0.391,0.48,0.135,4.0,1.0,12.25168156442427,2022,2,ABERDEEN PL B 11KV,Westminster
FREP-288727-Z,weather_natural,1.0,9.733333333333333,9.733333333333333,51.8912262371223,0.856813327531307,2022-02-20,11.550000190734863,996.2000122070312,19.600000381469727,0.6000000238418579,matched,E07000071,194475.0,Urban with Significant Rural (rural including hub towns 26-49%),0.287,0.34,0.099,2.0,1.0,12.178058899074975,2022,2,LEXDEN PRIMARY,Colchester
FREP-288862-Z,weather_natural,28.0,46.25,46.25,52.6846328706583,0.945193420743859,2022-02-21,7.349999904632568,998.5999755859376,22.799999237060547,12.799999237060549,matched,E07000143,143422.0,Mainly Rural (rural including hub towns >=80%) ,0.207,0.18,0.1,3.0,0.0,11.873546612395812,2022,2,EAST DEREHAM PRIMARY,Breckland
FREP-288975-Z,weather_natural,413.0,0.15,0.15,52.7475733511991,0.430835734531723,2022-02-21,4.699999809265137,997.7000122070312,15.600000381469728,10.200000762939451,matched,E07000146,155665.0,Largely Rural (rural including hub towns 50-79%) ,0.301,0.29,0.12,3.0,0.0,11.955461541287493,2022,2,FAIRSTEAD PRIMARY,King's Lynn and West Norfolk
FREP-288875-Z,weather_natural,23.0,26.75,26.75,52.4381350996624,-0.104318851814372,2022-02-20,7.300000190734863,992.0999755859376,21.799999237060547,8.800000190734863,matched,E07000011,184117.0,Mainly Rural (rural including hub towns >=80%) ,0.207,0.3,0.074,2.0,0.0,12.123326704076948,2022,2,BURY PRIMARY,Huntingdonshire
FREP-288933-Z,weather_natural,2.0,4.366666666666666,4.366666666666666,51.9349541158091,1.27207008384537,2022-02-21,10.826000213623049,1004.2999877929688,25.200000762939453,3.0999999046325684,matched,E07000076,151530.0,Largely Rural (rural including hub towns 50-79%) ,0.5249999999999999,0.49,0.173,3.0,0.0,11.928538904130209,2022,2,DOVERCOURT PRIMARY,Tendring
FREP-288938-Z,technical_asset,350.0,0.1333333333333333,0.1333333333333333,51.7290355318667,-0.343475893046262,2022-02-20,5.150000095367432,999.2000122070312,20.200000762939453,4.400000095367432,matched,E07000240,148698.0,Urban with City and Town,0.189,0.12,0.06,2.0,1.0,11.90967268245867,2022,2,PARK ST PRIMARY,St Albans
FREP-290875-Z,technical_asset,0.0,,125.25,51.6174886002318,-0.132557372277901,2022-02-19,4.349999904632568,1012.2000122070312,11.0,0.4000000059604645,matched,E09000010,326867.0,Urban with Major Conurbation,0.3209999999999999,0.66,0.171,1.0,1.0,12.697308639314446,2022,2,ARNOS GV,Enfield
FREP-267791-G,weather_natural,1.0,0.5333333333333333,0.5333333333333333,50.8585502066372,0.24514120744472,2022-02-20,8.550000190734863,999.4000244140624,26.100000381469727,4.699999809265137,matched,E07000065,163091.0,Mainly Rural (rural including hub towns >=80%) ,0.237,0.29,0.073,2.0,0.0,12.002063606215954,2022,2,HAILSHAM 33/11KV,Wealden
FREP-268222-G,weather_natural,487.0,0.6,0.6,51.1774454877242,0.392619520989536,2022-02-19,4.5,1013.4000244140624,10.199999809265137,0.3000000119209289,matched,E07000116,116263.0,Urban with Significant Rural (rural including hub towns 26-49%),0.213,0.19,0.073,1.0,1.0,11.663610145154312,2022,2,PADDOCK WOOD 33/11KV,Tunbridge Wells
FREP-268080-G,weather_natural,50.0,45.07533333333334,92.43333333333334,50.8538211666084,-0.155780247437696,2022-02-21,10.449999809265137,1014.4000244140624,20.600000381469727,3.0,matched,E06000043,278000.0,Urban with City and Town,0.3819999999999999,0.33,0.123,3.0,1.0,12.535376392672774,2022,2,WITHDEAN 33/11KV,Brighton and Hove
FREP-268483-G,weather_natural,304.0,1.469298245614035,3.75,50.9519783347092,-0.487030444826157,2022-02-19,9.199999809265137,1007.0,18.700000762939453,6.200000286102295,matched,E07000227,148784.0,Largely Rural (rural including hub towns 50-79%) ,0.124,0.03,0.056,1.0,0.0,11.910250868717979,2022,2,PULBOROUGH 33/11KV,Horsham
FREP-268541-G,weather_natural,216.0,6.35,6.35,51.0666275092411,0.322967186539106,2022-02-19,7.25,1012.0,15.800000190734863,0.3000000119209289,matched,E07000065,163091.0,Mainly Rural (rural including hub towns >=80%) ,0.237,0.29,0.073,1.0,0.0,12.002063606215954,2022,2,WADHURST 33/6.6KV,Wealden
FREP-268503-G,weather_natural,1.0,116.38333333333334,116.38333333333334,51.0470823089683,0.40528412380319,2022-02-19,5.849999904632568,1012.5999755859376,11.0,4.0,matched,E07000064,94323.0,Largely Rural (rural including hub towns 50-79%) ,0.35,0.37,0.113,1.0,0.0,11.45448034132121,2022,2,TICEHURST 33/11KV,Rother
FREP-76856-V,weather_natural,9.0,26.4,26.4,51.2519277517553,0.54987351370232,2022-02-21,9.300000190734863,1014.4000244140624,15.699999809265137,3.8000001907348633,matched,E07000110,180144.0,Urban with Significant Rural (rural including hub towns 26-49%),0.297,0.32,0.095,3.0,1.0,12.101511810042911,2022,2,SHEPWAY 33/11KV,Maidstone
FREP-77093-V,weather_natural,1477.0,0.8,0.8,50.9823414683587,0.0027766790657315,2022-02-19,8.399999618530273,1008.4000244140624,15.699999809265137,4.099999904632568,matched,E07000063,100693.0,Urban with Significant Rural (rural including hub towns 26-49%),0.225,0.36,0.099,1.0,1.0,11.519831562884328,2022,2,NEWICK 33/11KV,Lewes
FREP-77165-V,weather_natural,2.0,81.45,81.45,51.3178958672932,0.0324546277819278,2022-02-21,8.850000381469727,1004.9000244140624,19.799999237060547,3.0,matched,E09000006,329930.0,Urban with Major Conurbation,0.291,0.5,0.091,3.0,1.0,12.706635789729656,2022,2,BIGGIN HILL 33/11KV,Bromley
FREP-77156-V,technical_asset,7.0,96.95,96.95,51.2394868801445,0.707680376471689,2022-02-20,8.75,997.4000244140624,25.100000381469727,2.200000047683716,matched,E07000110,180144.0,Urban with Significant Rural (rural including hub towns 26-49%),0.297,0.32,0.095,2.0,1.0,12.101511810042911,2022,2,HARRIETSHAM 33/11KV,Maidstone
FREP-78109-V,weather_natural,7.0,31.883333333333333,31.883333333333333,51.3798542857,0.234101740109084,2022-02-21,8.100000381469727,1002.7000122070312,22.39999961853028,2.5999999046325684,matched,E07000111,121194.0,Largely Rural (rural including hub towns 50-79%) ,0.249,0.33,0.075,3.0,0.0,11.705147846441445,2022,2,FARNINGHAM 33/11KV,Sevenoaks
FREP-19667-U,weather_natural,1.0,72.03333333333333,72.03333333333333,50.8664387592286,0.141260104115769,2022-02-20,10.550000190734863,1006.7999877929688,20.5,4.300000190734863,matched,E07000065,163091.0,Mainly Rural (rural including hub towns >=80%) ,0.237,0.29,0.073,2.0,0.0,12.002063606215954,2022,2,RIPE 33/11KV,Wealden
FREP-19716-U,weather_natural,98.0,0.2,0.2,51.0664130545523,0.686629791075036,2022-02-20,7.75,1000.0999755859376,20.200000762939453,3.3999998569488525,matched,E07000105,135818.0,Urban with Significant Rural (rural including hub towns 26-49%),0.291,0.34,0.11,2.0,1.0,11.819071033187548,2022,2,TENTERDEN 33/6.6KV,Ashford
FREP-288848-Z,weather_natural,1.0,46.06666666666667,46.06666666666667,52.6668052159131,0.412564926230026,2022-02-20,7.0,992.0,17.899999618530273,10.100000381469728,matched,E07000146,155665.0,Largely Rural (rural including hub towns 50-79%) ,0.301,0.29,0.12,2.0,0.0,11.955461541287493,2022,2,WATLINGTON PRIMARY,King's Lynn and West Norfolk
FREP-289207-Z,weather_natural,1.0,48.7,48.7,51.7219807863055,-0.589783826433602,2022-02-21,7.650000095367432,1003.2999877929688,18.700000762939453,3.900000095367432,matched,E06000060,561180.0,Urban with Significant Rural (rural including hub towns 26-49%),0.1874999999999999,0.3,0.06325,3.0,1.0,13.237796988656651,2022,2,LYE GREEN PRIMARY,Buckinghamshire
FREP-289120-Z,weather_natural,3.0,76.83333333333333,76.83333333333333,52.6012987580131,1.02250058724456,2022-02-21,5.949999809265137,992.9000244140624,21.5,14.600000381469728,matched,E07000143,143422.0,Mainly Rural (rural including hub towns >=80%) ,0.207,0.18,0.1,3.0,0.0,11.873546612395812,2022,2,HARDINGHAM PRIMARY,Breckland
FREP-289225-Z,weather_natural,1.0,75.86666666666666,75.86666666666666,52.3314198178231,1.00107662336146,2022-02-21,7.949999809265137,996.7999877929688,19.0,8.100000381469727,matched,E07000203,105725.0,Mainly Rural (rural including hub towns >=80%) ,0.244,0.01,0.071,3.0,0.0,11.56859666234069,2022,2,RICKINGHALL PRIMARY,Mid Suffolk
FREP-289275-Z,technical_asset,4.0,7.7625,25.8,51.5941882232731,-0.337601526464528,2022-02-21,9.399999618530272,1004.2999877929688,21.5,3.5999999046325684,matched,E09000015,261798.0,Urban with Major Conurbation,0.238,0.26,0.109,3.0,1.0,12.475328493009352,2022,2,WEALDSTONE PRIMARY,Harrow
FREP-288996-Z,technical_asset,0.0,,1.0,51.6553747991765,-0.16056520588718,2022-02-22,12.199999809265137,1015.0,12.800000190734863,0.3000000119209289,matched,E09000003,390371.0,Urban with Major Conurbation,0.319,0.36,0.111,4.0,1.0,12.874852847975086,2022,2,COCKFOSTERS PRIMARY,Barnet
FREP-289240-Z,weather_natural,21.0,7.983333333333333,7.983333333333333,52.6082992786594,0.36738414032717,2022-02-21,8.5,997.0999755859376,22.100000381469727,9.600000381469728,matched,E07000146,155665.0,Largely Rural (rural including hub towns 50-79%) ,0.301,0.29,0.12,3.0,0.0,11.955461541287493,2022,2,DOWNHAM MARKET PRIMARY,King's Lynn and West Norfolk
FREP-289708-Z,weather_natural,1.0,63.46666666666667,63.46666666666667,52.4315131590174,0.994045869005141,2022-02-21,7.599999904632568,1015.4000244140624,8.600000381469727,2.0,matched,E07000143,143422.0,Mainly Rural (rural including hub towns >=80%) ,0.207,0.18,0.1,3.0,0.0,11.873546612395812,2022,2,KENNINGHALL PRIMARY,Breckland
FREP-289582-Z,technical_asset,1.0,10.05,10.05,51.5371200975242,0.764354408394138,2022-02-21,9.512999534606934,1012.0,17.100000381469727,2.400000095367432,matched,E06000033,180810.0,Urban with City and Town,0.4549999999999999,0.38,0.144,3.0,1.0,12.105202035145199,2022,2,THORPE BAY PRIMARY,Southend-on-Sea
FREP-289592-Z,weather_natural,157.0,1.2333333333333334,1.2333333333333334,52.6281391631301,0.244329053492316,2022-02-21,10.100000381469728,1011.2000122070312,17.100000381469727,7.099999904632568,matched,E07000146,155665.0,Largely Rural (rural including hub towns 50-79%) ,0.301,0.29,0.12,3.0,0.0,11.955461541287493,2022,2,OUTWELL MOORS PRIMARY,King's Lynn and West Norfolk
FREP-289717-Z,weather_natural,1.0,13.15,13.15,52.3978836770285,0.255467859575925,2022-02-21,7.5,1017.2999877929688,11.899999618530272,0.6000000238418579,matched,E07000009,89348.0,Mainly Rural (rural including hub towns >=80%) ,0.135,-0.11,0.07,3.0,0.0,11.400294136453448,2022,2,ELY PRIMARY,East Cambridgeshire
FREP-289725-Z,technical_asset,4.0,9.158333333333331,16.483333333333334,52.0033645953028,-0.0260054064410747,2022-02-21,6.400000095367432,1018.5999755859376,14.0,0.9000000357627869,matched,E07000099,134255.0,Urban with Significant Rural (rural including hub towns 26-49%),0.211,0.18,0.079,3.0,1.0,11.80749625562543,2022,2,REED PRIMARY,North Hertfordshire
FREP-296565-Z,weather_natural,0.0,,19.23333333333333,52.3314198178231,1.00107662336146,2022-02-19,7.150000095367432,1003.0999755859376,16.0,7.899999618530273,matched,E07000203,105725.0,Mainly Rural (rural including hub towns >=80%) ,0.244,0.01,0.071,1.0,0.0,11.56859666234069,2022,2,RICKINGHALL PRIMARY,Mid Suffolk
FREP-290192-Z,technical_asset,30.0,5.516666666666667,5.516666666666667,51.5871108159934,-0.218654249431747,2022-02-22,8.350000381469727,1019.5,9.5,0.1000000014901161,matched,E09000003,390371.0,Urban with Major Conurbation,0.319,0.36,0.111,4.0,1.0,12.874852847975086,2022,2,BELLEVUE PRIMARY,Barnet
FREP-290048-Z,weather_natural,1.0,3.033333333333333,3.033333333333333,51.5998196971724,0.238066785985992,2022-02-22,12.5,1014.0999755859376,20.100000381469727,0.5,matched,E09000016,264786.0,Urban with Major Conurbation,0.323,0.51,0.108,4.0,1.0,12.486677231556683,2022,2,HAROLD WOOD PRIMARY,Havering
FREP-290162-Z,weather_natural,1.0,2.216666666666667,2.216666666666667,51.998244271095,1.11744028111822,2022-02-22,7.25,1020.2000122070312,8.899999618530273,1.5999999046325684,matched,E07000200,94289.0,Mainly Rural (rural including hub towns >=80%) ,0.169,0.17,0.08,4.0,0.0,11.454119812824949,2022,2,TATTINGSTONE PRIMARY,Babergh
FREP-290183-Z,weather_natural,1.0,1.3,1.3,51.8990704453302,0.938141702019187,2022-02-22,6.800000190734863,1020.5999755859376,8.100000381469727,1.2000000476837158,matched,E07000071,194475.0,Urban with Significant Rural (rural including hub towns 26-49%),0.287,0.34,0.099,4.0,1.0,12.178058899074975,2022,2,PARSONS HEATH PRIMARY,Colchester
FREP-267573-G,weather_natural,25.0,54.88333333333333,54.88333333333333,51.3798542857,0.234101740109084,2022-02-20,10.649999618530272,1006.5,18.0,5.5,matched,E07000111,121194.0,Largely Rural (rural including hub towns 50-79%) ,0.249,0.33,0.075,2.0,0.0,11.705147846441445,2022,2,FARNINGHAM 33/11KV,Sevenoaks
FREP-267805-G,weather_natural,11.0,31.0,31.0,51.3486201840969,-0.488594053389472,2022-02-20,11.0,1007.0999755859376,16.799999237060547,4.900000095367432,matched,E07000212,89113.0,Urban with Major Conurbation,0.161,0.18,0.066,2.0,1.0,11.39766050629526,2022,2,WEST WEYBRIDGE #OLD,Runnymede
FREP-267944-G,weather_natural,1.0,358.53333333333336,358.53333333333336,51.1081876089666,1.04230379821497,2022-02-21,9.449999809265137,1013.7999877929688,15.800000190734863,2.5999999046325684,matched,E07000112,110372.0,Urban with Significant Rural (rural including hub towns 26-49%),0.3339999999999999,0.43,0.145,3.0,1.0,11.611611757468927,2022,2,STANFORD 33/11KV,Folkestone and Hythe
FREP-268275-G,weather_natural,1.0,126.86666666666666,126.86666666666666,50.9836035710203,0.296735092609588,2022-02-19,7.349999904632568,1013.5999755859376,13.0,0.3000000119209289,matched,E07000065,163091.0,Mainly Rural (rural including hub towns >=80%) ,0.237,0.29,0.073,1.0,0.0,12.002063606215954,2022,2,BROAD OAK 33/11KV,Wealden
FREP-268476-G,weather_natural,1.0,69.13333333333334,69.13333333333334,51.3562729226181,0.0834037905754123,2022-02-19,6.75,1007.5999755859376,21.299999237060547,1.7000000476837158,matched,E09000006,329930.0,Urban with Major Conurbation,0.291,0.5,0.091,1.0,1.0,12.706635789729656,2022,2,SOUTH ORPINGTON 33/11KV,Bromley
FREP-268465-G,technical_asset,3.0,93.91666666666669,93.91666666666669,51.146313212672,0.847145562810736,2022-02-19,7.650000095367432,1010.5,19.89999961853028,0.6000000238418579,matched,E07000105,135818.0,Urban with Significant Rural (rural including hub towns 26-49%),0.291,0.34,0.11,1.0,1.0,11.819071033187548,2022,2,SINGLETON 33/6.6KV,Ashford
FREP-77276-V,weather_natural,9.0,2.6,2.6,50.8825583538958,0.0210708356247149,2022-02-21,8.149999618530273,1018.5999755859376,11.100000381469728,0.699999988079071,matched,E07000063,100693.0,Urban with Significant Rural (rural including hub towns 26-49%),0.225,0.36,0.099,3.0,1.0,11.519831562884328,2022,2,LEWES TOWN 33/11KV,Lewes
FREP-288072-Z,weather_natural,111.0,1.9878378378378376,25.55,51.7591797837155,-0.743603919196674,2022-02-19,5.0,1005.5,17.700000762939453,3.5,matched,E06000060,561180.0,Urban with Significant Rural (rural including hub towns 26-49%),0.1874999999999999,0.3,0.06325,1.0,1.0,13.237796988656651,2022,2,WENDOVER PRIMARY,Buckinghamshire
FREP-288291-Z,weather_natural,1.0,91.68333333333334,91.68333333333334,52.6546936827359,1.45102710043497,2022-02-19,5.449999809265137,1001.7000122070312,11.5,7.300000190734863,matched,E07000144,133839.0,Urban with Significant Rural (rural including hub towns 26-49%),0.129,0.01,0.072,1.0,1.0,11.804392864024903,2022,2,HEMBLINGTON PRIMARY,Broadland
FREP-288093-Z,technical_asset,204.0,9.277287581699346,9.433333333333334,51.8252113234989,1.09282901387655,2022-02-19,6.573999881744385,1008.7000122070312,16.700000762939453,1.2000000476837158,matched,E07000076,151530.0,Largely Rural (rural including hub towns 50-79%) ,0.5249999999999999,0.49,0.173,1.0,0.0,11.928538904130209,2022,2,CHISBON HEATH PRIMARY,Tendring
FREP-288293-Z,weather_natural,39.0,1.6833333333333336,1.6833333333333331,51.8583361904226,0.0674091626160273,2022-02-22,6.199999809265137,1021.0999755859376,7.699999809265137,0.4000000059604645,matched,E07000242,151828.0,Urban with Significant Rural (rural including hub towns 26-49%),0.1669999999999999,0.04,0.06,4.0,1.0,11.930503580162194,2022,2,MUCH HADHAM PRIMARY,East Hertfordshire
FREP-288351-Z,technical_asset,1.0,15.05,15.05,51.7998315339375,0.273921971573016,2022-02-19,4.0,1010.7999877929688,12.100000381469728,5.0,matched,E07000077,92650.0,Mainly Rural (rural including hub towns >=80%) ,0.113,0.06,0.054,1.0,0.0,11.436584231713505,2022,2,WHITE RODING PRIMARY,Uttlesford
FREP-288510-Z,technical_asset,5.0,4.683333333333334,4.683333333333334,51.6969245927576,0.255430767380644,2022-02-20,10.25,1005.2999877929688,17.5,6.200000286102295,matched,E07000072,134889.0,Urban with Significant Rural (rural including hub towns 26-49%),0.224,0.14,0.091,2.0,1.0,11.81220749698825,2022,2,ONGAR PRIMARY,Epping Forest
FREP-288627-Z,weather_natural,1.0,79.71666666666667,79.71666666666667,52.801821205504,1.26738878654342,2022-02-20,12.25,998.0,22.200000762939453,8.399999618530273,matched,E07000144,133839.0,Urban with Significant Rural (rural including hub towns 26-49%),0.129,0.01,0.072,2.0,1.0,11.804392864024903,2022,2,AYLSHAM PRIMARY,Broadland
FREP-288489-Z,weather_natural,2.0,32.55,32.55,51.8680750681031,0.370549140110797,2022-02-21,4.5,998.7000122070312,19.5,4.399999618530273,matched,E07000077,92650.0,Mainly Rural (rural including hub towns >=80%) ,0.113,0.06,0.054,3.0,0.0,11.436584231713505,2022,2,DUNMOW PRIMARY,Uttlesford
FREP-288915-Z,technical_asset,1.0,29.28333333333333,29.28333333333333,52.05576103445,1.13603519740954,2022-02-20,7.449999809265137,992.5999755859376,26.0,5.199999809265137,matched,E07000202,139331.0,Urban with City and Town,0.296,0.25,0.141,2.0,1.0,11.844607676287078,2022,2,IPSWICH GRID,Ipswich
FREP-288833-Z,weather_natural,0.0,,43.0,52.6546936827359,1.45102710043497,2022-02-20,10.949999809265137,987.9000244140624,23.39999961853028,7.900000095367432,matched,E07000144,133839.0,Urban with Significant Rural (rural including hub towns 26-49%),0.129,0.01,0.072,2.0,1.0,11.804392864024903,2022,2,HEMBLINGTON PRIMARY,Broadland
FREP-288958-Z,technical_asset,3.0,11.916666666666666,11.916666666666666,52.7309379164171,0.217613367623211,2022-02-20,5.25,994.4000244140624,20.39999961853028,9.300000190734863,matched,E07000146,155665.0,Largely Rural (rural including hub towns 50-79%) ,0.301,0.29,0.12,2.0,0.0,11.955461541287493,2022,2,STICKFAST LN PRIMARY,King's Lynn and West Norfolk
FREP-289119-Z,weather_natural,1.0,54.2,54.2,51.7219807863055,-0.589783826433602,2022-02-21,5.300000190734863,1001.7999877929688,18.89999961853028,4.099999904632568,matched,E06000060,561180.0,Urban with Significant Rural (rural including hub towns 26-49%),0.1874999999999999,0.3,0.06325,3.0,1.0,13.237796988656651,2022,2,LYE GREEN PRIMARY,Buckinghamshire
FREP-289057-Z,weather_natural,8.0,58.53333333333333,58.53333333333333,52.3954292155701,1.29224857401646,2022-02-21,4.449999809265137,994.9000244140624,19.700000762939453,8.600000381469727,matched,E07000149,144641.0,Mainly Rural (rural including hub towns >=80%) ,0.15,0.05,0.078,3.0,0.0,11.882010089318918,2022,2,HARLESTON PRIMARY,South Norfolk
FREP-289458-Z,weather_natural,1.0,33.75,33.75,51.9659573238327,0.360396846209066,2022-02-21,9.399999618530272,1008.7000122070312,21.89999961853028,4.699999809265137,matched,E07000077,92650.0,Mainly Rural (rural including hub towns >=80%) ,0.113,0.06,0.054,3.0,0.0,11.436584231713505,2022,2,THAXTED LOCAL,Uttlesford
FREP-289622-Z,weather_natural,1.0,43.41666666666666,43.41666666666666,52.5758281720386,0.815522640736117,2022-02-21,9.899999618530272,1010.2999877929688,15.100000381469728,12.899999618530272,matched,E07000143,143422.0,Mainly Rural (rural including hub towns >=80%) ,0.207,0.18,0.1,3.0,0.0,11.873546612395812,2022,2,WATTON PRIMARY,Breckland
FREP-289719-Z,technical_asset,28.0,0.7333333333333333,0.7333333333333333,51.6205380002686,-0.287740039304792,2022-02-21,7.300000190734863,1019.2999877929688,12.899999618530272,0.4000000059604645,matched,E09000003,390371.0,Urban with Major Conurbation,0.319,0.36,0.111,3.0,1.0,12.874852847975086,2022,2,STONEGROVE PRIMARY,Barnet
FREP-289895-Z,technical_asset,9.0,47.66666666666666,47.66666666666666,52.4401378458545,1.17358086562589,2022-02-20,11.800000190734863,1001.5,17.899999618530273,9.699999809265137,matched,E07000149,144641.0,Mainly Rural (rural including hub towns >=80%) ,0.15,0.05,0.078,2.0,0.0,11.882010089318918,2022,2,TIVETSHALL PRIMARY,South Norfolk
FREP-290161-Z,weather_natural,5.0,1.5,1.5,52.4401378458545,1.17358086562589,2022-02-22,9.350000381469728,1015.5999755859376,12.5,0.699999988079071,matched,E07000149,144641.0,Mainly Rural (rural including hub towns >=80%) ,0.15,0.05,0.078,4.0,0.0,11.882010089318918,2022,2,TIVETSHALL PRIMARY,South Norfolk
FREP-290195-Z,weather_natural,1.0,21.866666666666667,21.866666666666667,52.5210806354643,1.21151309264698,2022-02-22,7.5,1018.0999755859376,11.100000381469728,0.4000000059604645,matched,E07000149,144641.0,Mainly Rural (rural including hub towns >=80%) ,0.15,0.05,0.078,4.0,0.0,11.882010089318918,2022,2,HAPTON PRIMARY,South Norfolk
FREP-60738-C,weather_natural,5.0,27.85,27.85,51.5925620352751,0.612674239747208,2022-02-19,7.300000190734863,1011.7000122070312,11.600000381469728,0.1000000014901161,matched,E07000075,87272.0,Urban with City and Town,0.2639999999999999,0.25,0.073,1.0,1.0,11.376784957277593,2022,2,UPLANDS PK PRIMARY,Rochford
FREP-61035-C,weather_natural,1.0,8.35,8.35,51.6694310310784,0.394973454068306,2022-02-21,4.599999904632568,999.9000244140624,18.39999961853028,4.099999904632568,matched,E07000068,77316.0,Urban with Significant Rural (rural including hub towns 26-49%),0.159,0.05,0.064,3.0,1.0,11.255656198926642,2022,2,INGATESTONE PRIMARY,Brentwood
FREP-61247-C,technical_asset,0.0,,291.18333333333334,52.3259701771123,0.341668094818228,2022-02-21,8.550000190734863,998.7000122070312,23.100000381469727,7.399999618530273,matched,E07000009,89348.0,Mainly Rural (rural including hub towns >=80%) ,0.135,-0.11,0.07,3.0,0.0,11.400294136453448,2022,2,SOHAM PRIMARY,East Cambridgeshire
FREP-14132-W,weather_natural,20.0,3.4333333333333327,3.433333333333333,51.1814205692287,-0.160092441617516,2022-02-21,6.900000095367432,1019.9000244140624,10.100000381469728,0.6000000238418579,matched,E07000211,153828.0,Urban with City and Town,0.217,0.22,0.067,3.0,1.0,11.943590374100134,2022,2,HORLEY 33/11KV,Reigate and Banstead
FREP-9505-O,weather_natural,23.0,1.7666666666666666,1.7666666666666666,52.6546936827359,1.45102710043497,2022-02-21,7.949999809265137,1012.5999755859376,13.199999809265137,8.799999237060547,matched,E07000144,133839.0,Urban with Significant Rural (rural including hub towns 26-49%),0.129,0.01,0.072,3.0,1.0,11.804392864024903,2022,2,HEMBLINGTON PRIMARY,Broadland
FREP-76757-V,weather_natural,5.0,53.63333333333334,53.63333333333333,50.8664387592286,0.141260104115769,2022-02-21,10.300000190734863,1013.9000244140624,20.200000762939453,3.799999713897705,matched,E07000065,163091.0,Mainly Rural (rural including hub towns >=80%) ,0.237,0.29,0.073,3.0,0.0,12.002063606215954,2022,2,RIPE 33/11KV,Wealden
FREP-77084-V,weather_natural,63.0,5.583333333333333,5.583333333333333,51.0866497080577,1.18487877277459,2022-02-19,6.283999919891357,1007.0999755859376,26.600000381469727,1.899999976158142,matched,E07000112,110372.0,Urban with Significant Rural (rural including hub towns 26-49%),0.3339999999999999,0.43,0.145,1.0,1.0,11.611611757468927,2022,2,FOLKESTONE EAST 33/11KV,Folkestone and Hythe
FREP-77277-V,weather_natural,1.0,66.98333333333333,66.98333333333333,51.1511090372096,-0.504034443005657,2022-02-21,7.099999904632568,1020.2000122070312,11.100000381469728,0.2000000029802322,matched,E07000216,130327.0,Largely Rural (rural including hub towns 50-79%) ,0.1689999999999999,0.03,0.054,3.0,0.0,11.777801955768314,2022,2,CRANLEIGH 33/11KV,Waverley
FREP-77328-V,weather_natural,9.0,75.71666666666667,75.71666666666667,51.1511090372096,-0.504034443005657,2022-02-22,10.649999618530272,1016.5,14.300000190734863,0.2000000029802322,matched,E07000216,130327.0,Largely Rural (rural including hub towns 50-79%) ,0.1689999999999999,0.03,0.054,4.0,0.0,11.777801955768314,2022,2,CRANLEIGH 33/11KV,Waverley
FREP-293613-Z,weather_natural,0.0,,1.0,52.6281391631301,0.244329053492316,2022-02-22,9.899999618530272,1011.5,13.199999809265137,0.2000000029802322,matched,E07000146,155665.0,Largely Rural (rural including hub towns 50-79%) ,0.301,0.29,0.12,4.0,0.0,11.955461541287493,2022,2,OUTWELL MOORS PRIMARY,King's Lynn and West Norfolk
FREP-14189-W,weather_natural,8.0,73.86666666666666,73.86666666666666,51.3750692922355,1.32404283214804,2022-02-20,11.152000427246094,999.9000244140624,21.799999237060547,0.4000000059604645,matched,E07000114,140699.0,Urban with City and Town,0.387,0.43,0.185,2.0,1.0,11.854378135756683,2022,2,WESTGATE 33/11KV,Thanet
FREP-286869-Z,weather_natural,0.0,,0.25,51.6154977471396,0.523386328428622,2022-02-20,11.100000381469728,995.4000244140624,21.799999237060547,0.800000011920929,matched,E07000066,188793.0,Urban with City and Town,0.3339999999999999,0.58,0.138,2.0,1.0,12.148406455735008,2022,2,WICKFORD PRIMARY,Basildon
FREP-287004-Z,technical_asset,17.0,0.7,0.7,51.7591797837155,-0.743603919196674,2022-02-22,8.899999618530273,1018.2000122070312,13.399999618530272,0.5,matched,E06000060,561180.0,Urban with Significant Rural (rural including hub towns 26-49%),0.1874999999999999,0.3,0.06325,4.0,1.0,13.237796988656651,2022,2,WENDOVER PRIMARY,Buckinghamshire
FREP-287202-Z,weather_natural,18.0,2.083333333333333,2.083333333333333,52.0808181461322,-0.262227400688808,2022-02-21,8.050000190734863,1015.7999877929688,14.0,3.0999999046325684,matched,E06000056,301829.0,Largely Rural (rural including hub towns 50-79%) ,0.248,0.23,0.077,3.0,0.0,12.617615910825437,2022,2,BIGGLESWADE PRIMARY,Central Bedfordshire
FREP-287462-Z,weather_natural,0.0,,0.6333333333333333,52.3214302439749,1.16053840685926,2022-02-21,11.0,1006.2999877929688,19.200000762939453,8.100000381469727,matched,E07000203,105725.0,Mainly Rural (rural including hub towns >=80%) ,0.244,0.01,0.071,3.0,0.0,11.56859666234069,2022,2,EYE PRIMARY,Mid Suffolk
FREP-287894-Z,weather_natural,2.0,26.85,26.85,52.8774564953229,1.04416309202426,2022-02-19,4.699999809265137,1008.0,13.899999618530272,0.1000000014901161,matched,E07000147,103178.0,Mainly Rural (rural including hub towns >=80%) ,0.1979999999999999,0.03,0.106,1.0,0.0,11.544210931009303,2022,2,STODY PRIMARY,North Norfolk
FREP-287785-Z,weather_natural,24.0,31.55,31.55,51.7918902437531,-0.0870652171898162,2022-02-19,2.75,1011.5999755859376,10.399999618530272,1.900000095367432,matched,E07000242,151828.0,Urban with Significant Rural (rural including hub towns 26-49%),0.1669999999999999,0.04,0.06,1.0,1.0,11.930503580162194,2022,2,WEST HERTFORD PRIMARY,East Hertfordshire
FREP-287794-Z,technical_asset,1.0,53.93333333333333,53.93333333333333,52.0372213814933,1.1280427759983,2022-02-19,3.25,1011.2999877929688,11.600000381469728,0.800000011920929,matched,E07000202,139331.0,Urban with City and Town,0.296,0.25,0.141,1.0,1.0,11.844607676287078,2022,2,GUSFORD HALL PRIMARY,Ipswich
FREP-287850-Z,weather_natural,1.0,1.85,1.85,51.6969245927576,0.255430767380644,2022-02-19,7.849999904632568,1004.0,15.699999809265137,5.899999618530273,matched,E07000072,134889.0,Urban with Significant Rural (rural including hub towns 26-49%),0.224,0.14,0.091,1.0,1.0,11.81220749698825,2022,2,ONGAR PRIMARY,Epping Forest
FREP-288364-Z,technical_asset,7.0,17.966666666666665,17.966666666666665,51.6969245927576,0.255430767380644,2022-02-19,3.299999952316284,1011.5,8.300000190734863,6.099999904632568,matched,E07000072,134889.0,Urban with Significant Rural (rural including hub towns 26-49%),0.224,0.14,0.091,1.0,1.0,11.81220749698825,2022,2,ONGAR PRIMARY,Epping Forest
FREP-288276-Z,weather_natural,2.0,90.01666666666667,90.01666666666667,51.9190059908613,1.14452514264264,2022-02-20,11.75,998.2999877929688,18.799999237060547,1.2000000476837158,matched,E07000076,151530.0,Largely Rural (rural including hub towns 50-79%) ,0.5249999999999999,0.49,0.173,2.0,0.0,11.928538904130209,2022,2,WIX PRIMARY,Tendring
FREP-288500-Z,weather_natural,1.0,58.46666666666667,58.46666666666667,51.857471175924,0.519827025455693,2022-02-20,10.399999618530272,1004.0999755859376,18.100000381469727,4.099999904632568,matched,E07000067,157656.0,Largely Rural (rural including hub towns 50-79%) ,0.195,0.15,0.092,2.0,0.0,11.96817072324042,2022,2,WEST BRAINTREE PRIMARY,Braintree
FREP-288478-Z,weather_natural,53.0,2.2,2.2,52.0808181461322,-0.262227400688808,2022-02-20,10.300000190734863,1003.5,18.600000381469727,6.900000095367432,matched,E06000056,301829.0,Largely Rural (rural including hub towns 50-79%) ,0.248,0.23,0.077,2.0,0.0,12.617615910825437,2022,2,BIGGLESWADE PRIMARY,Central Bedfordshire
FREP-288603-Z,weather_natural,4.0,1.0,1.0,51.9447725054248,0.63206680798635,2022-02-21,9.5,1004.7000122070312,26.0,3.900000095367432,matched,E07000067,157656.0,Largely Rural (rural including hub towns 50-79%) ,0.195,0.15,0.092,3.0,0.0,11.96817072324042,2022,2,HALSTEAD PRIMARY,Braintree
FREP-288688-Z,weather_natural,1.0,33.93333333333333,33.93333333333333,52.0319521969933,0.759281920993747,2022-02-22,12.850000381469728,1012.5999755859376,15.199999809265137,0.1000000014901161,matched,E07000200,94289.0,Mainly Rural (rural including hub towns >=80%) ,0.169,0.17,0.08,4.0,0.0,11.454119812824949,2022,2,CORNARD PRIMARY,Babergh
FREP-288422-Z,weather_natural,1.0,88.86666666666666,88.86666666666666,52.773527721877,1.51144404414923,2022-02-20,8.649999618530273,1002.2000122070312,15.600000381469728,8.799999237060547,matched,E07000147,103178.0,Mainly Rural (rural including hub towns >=80%) ,0.1979999999999999,0.03,0.106,2.0,0.0,11.544210931009303,2022,2,STALHAM PRIMARY,North Norfolk
FREP-288476-Z,technical_asset,13.0,2.533333333333333,2.533333333333333,52.1097479270073,1.09671905265498,2022-02-20,10.0,1003.5,18.799999237060547,5.699999809265137,matched,E07000203,105725.0,Mainly Rural (rural including hub towns >=80%) ,0.244,0.01,0.071,2.0,0.0,11.56859666234069,2022,2,CLAYDON CEMENT PRIMARY,Mid Suffolk
FREP-288498-Z,technical_asset,5.0,2.3833333333333333,2.3833333333333333,52.2913555214597,0.173533476514472,2022-02-20,11.100000381469728,1002.2000122070312,18.5,6.900000095367432,matched,E07000012,165727.0,Largely Rural (rural including hub towns 50-79%) ,0.1559999999999999,0.02,0.056,2.0,0.0,12.01809713522202,2022,2,LANDBEACH PRIMARY,South Cambridgeshire
FREP-288918-Z,technical_asset,1.0,22.08333333333333,22.08333333333333,52.6056121345765,1.24344681403197,2022-02-20,6.949999809265137,990.7000122070312,21.100000381469727,16.0,matched,E07000149,144641.0,Mainly Rural (rural including hub towns >=80%) ,0.15,0.05,0.078,2.0,0.0,11.882010089318918,2022,2,CRINGLEFORD PRIMARY,South Norfolk
FREP-268355-G,weather_natural,239.0,0.1333333333333333,0.1333333333333333,51.3178958672932,0.0324546277819278,2022-02-19,7.050000190734863,1010.2999877929688,15.600000381469728,0.5,matched,E09000006,329930.0,Urban with Major Conurbation,0.291,0.5,0.091,1.0,1.0,12.706635789729656,2022,2,BIGGIN HILL 33/11KV,Bromley
FREP-9534-O,weather_natural,1.0,0.0666666666666666,0.0666666666666666,52.5210806354643,1.21151309264698,2022-02-20,10.300000190734863,988.7999877929688,23.200000762939453,10.699999809265137,matched,E07000149,144641.0,Mainly Rural (rural including hub towns >=80%) ,0.15,0.05,0.078,2.0,0.0,11.882010089318918,2022,2,HAPTON PRIMARY,South Norfolk
FREP-9416-O,weather_natural,5.0,1.1833333333333331,1.1833333333333331,51.8762753945112,0.771662296345226,2022-02-19,1.7000000476837158,1011.0999755859376,6.300000190734863,4.700000286102295,matched,E07000071,194475.0,Urban with Significant Rural (rural including hub towns 26-49%),0.287,0.34,0.099,1.0,1.0,12.178058899074975,2022,2,MARKS TEY PRIMARY,Colchester
FREP-76845-V,weather_natural,12.0,8.45,8.45,50.927579327247,-0.390106657160305,2022-02-21,8.199999809265137,1019.0999755859376,11.5,0.3000000119209289,matched,E07000227,148784.0,Largely Rural (rural including hub towns 50-79%) ,0.124,0.03,0.056,3.0,0.0,11.910250868717979,2022,2,ASHINGTON 33/11KV,Horsham
FREP-77120-V,weather_natural,11.0,123.71666666666668,123.71666666666668,50.989661506499,-0.240669166666228,2022-02-19,6.599999904632568,1009.7999877929688,17.700000762939453,1.8000000715255735,matched,E07000228,155159.0,Urban with City and Town,0.155,0.02,0.053,1.0,1.0,11.952205676573094,2022,2,COWFOLD 33/11KV,Mid Sussex
FREP-77147-V,weather_natural,15.0,93.91666666666669,93.91666666666669,50.8862508326506,0.431426441087337,2022-02-20,10.5,1004.0,21.200000762939453,2.200000047683716,matched,E07000065,163091.0,Mainly Rural (rural including hub towns >=80%) ,0.237,0.29,0.073,2.0,0.0,12.002063606215954,2022,2,NINFIELD LOCAL 33/11KV,Wealden
FREP-77289-V,weather_natural,1.0,74.9,74.9,50.9326754669225,-0.173555041823775,2022-02-22,8.899999618530273,1018.5,9.600000381469728,0.0,matched,E07000228,155159.0,Urban with City and Town,0.155,0.02,0.053,4.0,1.0,11.952205676573094,2022,2,HURSTPIERPOINT 33/11KV,Mid Sussex
FREP-78815-V,technical_asset,0.0,,21.4,51.1300322898903,-0.0147947832634629,2022-02-22,10.899999618530272,1018.4000244140624,12.5,0.3000000119209289,matched,E07000228,155159.0,Urban with City and Town,0.155,0.02,0.053,4.0,1.0,11.952205676573094,2022,2,EAST GRINSTEAD 33/11KV,Mid Sussex
FREP-60914-C,weather_natural,4.0,21.7,21.7,52.1228628290103,0.153988197899791,2022-02-19,5.349999904632568,1007.5,16.5,6.399999618530273,matched,E07000012,165727.0,Largely Rural (rural including hub towns 50-79%) ,0.1559999999999999,0.02,0.056,1.0,0.0,12.01809713522202,2022,2,SAWSTON PRIMARY,South Cambridgeshire
FREP-61121-C,weather_natural,1.0,47.35,47.35,51.6969245927576,0.255430767380644,2022-02-21,8.800000190734863,1013.7999877929688,16.5,3.5,matched,E07000072,134889.0,Urban with Significant Rural (rural including hub towns 26-49%),0.224,0.14,0.091,3.0,1.0,11.81220749698825,2022,2,ONGAR PRIMARY,Epping Forest
FREP-60963-C,technical_asset,2.0,11.033333333333331,11.033333333333331,51.6343592799421,-0.177253179967351,2022-02-20,11.449999809265137,999.0999755859376,18.39999961853028,0.800000011920929,matched,E09000003,390371.0,Urban with Major Conurbation,0.319,0.36,0.111,2.0,1.0,12.874852847975086,2022,2,WHETSTONE PRIMARY,Barnet
FREP-61019-C,weather_natural,1.0,2.683333333333333,2.683333333333333,51.6718510984256,-0.592743855667607,2022-02-20,5.75,997.5999755859376,20.200000762939453,4.400000095367432,matched,E06000060,561180.0,Urban with Significant Rural (rural including hub towns 26-49%),0.1874999999999999,0.3,0.06325,2.0,1.0,13.237796988656651,2022,2,AMERSHAM PRIMARY,Buckinghamshire
FREP-61069-C,weather_natural,1.0,4.183333333333334,4.183333333333334,51.9373446584528,1.02343554475614,2022-02-21,8.550000190734863,998.2000122070312,20.299999237060547,3.5,matched,E07000076,151530.0,Largely Rural (rural including hub towns 50-79%) ,0.5249999999999999,0.49,0.173,3.0,0.0,11.928538904130209,2022,2,FOXASH PRIMARY,Tendring
FREP-282515-J,technical_asset,0.0,,1.0,51.5687137747035,0.0842568054883287,2022-02-21,8.449999809265137,1001.7999877929688,18.39999961853028,3.700000047683716,matched,E09000026,311629.0,Urban with Major Conurbation,0.2739999999999999,0.41,0.121,3.0,1.0,12.649568656684114,2022,2,LEY ST B,Redbridge
FREP-282897-J,technical_asset,0.0,,1.0,51.5395988313836,-0.137247243041404,2022-02-19,2.8499999046325684,1012.5,8.699999809265137,0.9000000357627869,matched,E09000007,217352.0,Urban with Major Conurbation,0.283,0.35,0.141,1.0,1.0,12.289273438122935,2022,2,GEORGIANA ST 11KV,Camden
FREP-14166-W,weather_natural,388.0,1.3833333333333333,1.3833333333333333,51.1756619558011,0.490534373189508,2022-02-19,6.800000190734863,1009.5,20.100000381469727,1.5,matched,E07000110,180144.0,Urban with Significant Rural (rural including hub towns 26-49%),0.297,0.32,0.095,1.0,1.0,12.101511810042911,2022,2,MARDEN 33/11KV,Maidstone
